seed,boxes,resources,demands,capacities,reachable,exhaustive_result,flow_result,exhaustive_subset,exhaustive_ms,flow_ms,mismatch
500000,1,1,[1],[1],[[0]],FEASIBLE,FEASIBLE,null,0.012844000,0.024082000,False
500001,5,2,"[1,1,1,1,1]","[1,2]","[[0,1],[1],[1],[1],[1]]",UNSAT,UNSAT,"[1,2,3]",0.059426000,0.056047000,False
500002,6,4,"[1,1,3,1,1,1]","[2,2,3,3]","[[0,1,3],[0,2,3],[0,2,3],[0,1,2],[2,3],[2,3]]",FEASIBLE,FEASIBLE,null,0.258738000,0.069736000,False
500003,6,4,"[1,1,1,1,3,1]","[2,1,1,2]","[[0,2,3],[2],[3],[2,3],[0,1,2,3],[2,3]]",UNSAT,UNSAT,"[1,2,3,4]",0.205953000,0.067367000,False
500004,1,4,[1],"[3,3,2,2]","[[0,1]]",FEASIBLE,FEASIBLE,null,0.005721000,0.016625000,False
500005,5,4,"[3,1,1,1,1]","[1,1,2,2]","[[0,2,3],[0,1,2,3],[2],[0,1,2,3],[0,1,2,3]]",UNSAT,UNSAT,"[0,1,2,3,4]",0.128229000,0.071718000,False
500006,3,3,"[2,2,1]","[1,3,2]","[[0,1,2],[0,1],[0,1,2]]",FEASIBLE,FEASIBLE,null,0.023882000,0.046471000,False
500007,4,1,"[1,1,1,1]",[2],"[[0],[0],[0],[0]]",UNSAT,UNSAT,"[0,1,2]",0.018967000,0.036413000,False
500008,1,3,[1],"[2,3,2]",[[1]],FEASIBLE,FEASIBLE,null,0.005590000,0.014950000,False
500009,1,1,[1],[1],[[0]],FEASIBLE,FEASIBLE,null,0.003480000,0.011937000,False
500010,3,6,"[1,1,1]","[2,2,3,3,1,2]","[[0,1,4,5],[1,3],[1,5]]",FEASIBLE,FEASIBLE,null,0.038906000,0.030261000,False
500011,3,6,"[3,2,1]","[1,1,2,1,2,2]","[[0,2,3,5],[2,3],[0,1,2,3,4,5]]",FEASIBLE,FEASIBLE,null,0.038740000,0.058434000,False
500012,2,4,"[1,1]","[3,2,1,2]","[[1],[0,1,2,3]]",FEASIBLE,FEASIBLE,null,0.013373000,0.022764000,False
500013,5,2,"[1,1,1,2,2]","[1,1]","[[0,1],[0],[0,1],[0,1],[0,1]]",UNSAT,UNSAT,"[0,3]",0.019067000,0.049651000,False
500014,6,1,"[1,1,1,1,1,1]",[3],"[[0],[0],[0],[0],[0],[0]]",UNSAT,UNSAT,"[0,1,2,3]",0.064870000,0.048196000,False
500015,1,4,[1],"[2,1,3,3]","[[0,1,2,3]]",FEASIBLE,FEASIBLE,null,0.005691000,0.135875000,False
500016,4,6,"[2,3,3,2]","[1,1,2,2,2,3]","[[0,1,2,3,4],[0,2,3,4],[0,1,3,4,5],[0,2,4,5]]",FEASIBLE,FEASIBLE,null,0.083787000,0.059617000,False
500017,5,4,"[2,1,1,3,2]","[2,2,2,3]","[[1,2],[0,1,3],[0,1,2],[0,1,2,3],[2,3]]",FEASIBLE,FEASIBLE,null,0.123741000,0.067729000,False
500018,7,4,"[2,1,1,2,2,1,1]","[2,1,3,2]","[[1,2],[2],[0,2],[1,2,3],[0,1,2,3],[0,1,2,3],[1]]",UNSAT,UNSAT,"[0,6]",0.047583000,0.082177000,False
500019,5,5,"[1,1,1,3,1]","[2,1,3,1,2]","[[0,1],[0,2,3,4],[0],[1,2,3,4],[0,1,2,3,4]]",FEASIBLE,FEASIBLE,null,0.148502000,0.067230000,False
500020,7,2,"[1,1,1,2,1,1,1]","[2,1]","[[1],[1],[1],[0,1],[0,1],[1],[0,1]]",UNSAT,UNSAT,"[0,1]",0.033538000,0.059027000,False
500021,6,5,"[2,1,1,3,1,2]","[3,3,3,2,1]","[[0,1,4],[1],[0,2,3,4],[0,1,2],[0,1,2,4],[0,1,3]]",FEASIBLE,FEASIBLE,null,0.311108000,0.071731000,False
500022,6,1,"[1,1,1,1,1,1]",[1],"[[0],[0],[0],[0],[0],[0]]",UNSAT,UNSAT,"[0,1]",0.012138000,0.042912000,False
500023,1,2,[1],"[3,2]",[[0]],FEASIBLE,FEASIBLE,null,0.004252000,0.013275000,False
500024,7,3,"[2,3,2,2,1,1,1]","[1,2,2]","[[1,2],[0,1,2],[1,2],[0,1],[0],[2],[0]]",UNSAT,UNSAT,"[1,3]",0.044557000,0.065100000,False
500025,4,3,"[1,2,1,1]","[3,3,2]","[[0,2],[1,2],[1],[2]]",FEASIBLE,FEASIBLE,null,0.047966000,0.031670000,False
500026,1,2,[1],"[2,1]",[[1]],FEASIBLE,FEASIBLE,null,0.004165000,0.013011000,False
500027,1,1,[1],[1],[[0]],FEASIBLE,FEASIBLE,null,0.003164000,0.011890000,False
500028,1,6,[1],"[1,3,2,1,2,2]",[[3]],FEASIBLE,FEASIBLE,null,0.006621000,0.015466000,False
500029,5,4,"[1,1,1,2,3]","[2,2,2,3]","[[1,2],[0,1,2,3],[1],[0,1,2,3],[0,1,2,3]]",FEASIBLE,FEASIBLE,null,0.124153000,0.169263000,False
500030,4,3,"[2,1,1,1]","[1,2,1]","[[0,1,2],[0],[2],[0]]",UNSAT,UNSAT,"[1,3]",0.030088000,0.044230000,False
500031,1,5,[1],"[3,3,1,3,3]",[[2]],FEASIBLE,FEASIBLE,null,0.006196000,0.015008000,False
500032,7,2,"[1,1,1,2,1,1,1]","[1,1]","[[1],[1],[0],[0,1],[0,1],[1],[0,1]]",UNSAT,UNSAT,"[0,1]",0.019237000,0.055721000,False
500033,5,6,"[1,1,2,1,1]","[2,2,3,3,2,2]","[[5],[0,1,2,3,4,5],[0,1,2],[0,1,2,3,4,5],[0,2,3,4]]",FEASIBLE,FEASIBLE,null,0.199698000,0.052515000,False
500034,6,1,"[1,1,1,1,1,1]",[1],"[[0],[0],[0],[0],[0],[0]]",UNSAT,UNSAT,"[0,1]",0.015108000,0.044787000,False
500035,3,5,"[1,2,2]","[2,3,1,3,3]","[[0,1,2,3,4],[1,2,4],[0,2]]",FEASIBLE,FEASIBLE,null,0.033662000,0.045971000,False
500036,6,2,"[1,2,1,1,2,1]","[1,1]","[[1],[0,1],[0,1],[0,1],[0,1],[0]]",UNSAT,UNSAT,"[0,1]",0.017187000,0.054618000,False
500037,2,6,"[1,1]","[2,3,1,3,3,3]","[[1,2,4],[4]]",FEASIBLE,FEASIBLE,null,0.017588000,0.021746000,False
500038,1,6,[3],"[1,3,1,3,1,1]","[[0,1,2,3,5]]",FEASIBLE,FEASIBLE,null,0.006725000,0.023657000,False
500039,5,5,"[2,1,2,2,1]","[2,1,3,1,1]","[[0,2,4],[0,1,2,3],[2,3,4],[0,1,4],[4]]",FEASIBLE,FEASIBLE,null,0.146387000,0.066420000,False
500040,6,2,"[2,1,1,1,1,1]","[3,1]","[[0,1],[0,1],[0],[0],[0,1],[0]]",UNSAT,UNSAT,"[0,1,2,3]",0.092970000,0.052484000,False
500041,3,1,"[1,1,1]",[2],"[[0],[0],[0]]",UNSAT,UNSAT,"[0,1,2]",0.012698000,0.030652000,False
500042,4,5,"[3,1,2,1]","[1,3,2,2,2]","[[0,1,3,4],[3,4],[0,2],[0]]",UNSAT,UNSAT,"[2,3]",0.043672000,0.061542000,False
500043,3,7,"[2,1,1]","[3,2,1,2,1,2,2]","[[0,1,3,4,5],[1],[0,1,5]]",FEASIBLE,FEASIBLE,null,0.042237000,0.180423000,False
500044,1,2,[1],"[1,3]",[[1]],FEASIBLE,FEASIBLE,null,0.004474000,0.012892000,False
500045,6,1,"[1,1,1,1,1,1]",[2],"[[0],[0],[0],[0],[0],[0]]",UNSAT,UNSAT,"[0,1,2]",0.033119000,0.043646000,False
500046,3,3,"[1,2,1]","[3,3,2]","[[0],[0,1],[0,1,2]]",FEASIBLE,FEASIBLE,null,0.036742000,0.028041000,False
500047,6,2,"[1,1,2,2,2,1]","[2,2]","[[1],[1],[0,1],[0,1],[0,1],[1]]",UNSAT,UNSAT,"[0,1,2]",0.048338000,0.052949000,False
500048,3,1,"[1,1,1]",[3],"[[0],[0],[0]]",FEASIBLE,FEASIBLE,null,0.012695000,0.020784000,False
500049,5,5,"[1,2,3,1,1]","[1,3,1,3,2]","[[0,1,4],[1,2,3,4],[0,1,2,3],[3],[0,1,2,4]]",FEASIBLE,FEASIBLE,null,0.144395000,0.065400000,False
500050,7,1,"[1,1,1,1,1,1,1]",[1],"[[0],[0],[0],[0],[0],[0],[0]]",UNSAT,UNSAT,"[0,1]",0.013119000,0.046201000,False
500051,6,3,"[1,2,2,2,1,1]","[3,2,1]","[[1],[0,1,2],[0,1,2],[0,1,2],[1],[0,2]]",UNSAT,UNSAT,"[0,1,2,3]",0.124674000,0.066546000,False
500052,1,1,[1],[3],[[0]],FEASIBLE,FEASIBLE,null,0.003356000,0.012305000,False
500053,6,7,"[2,1,2,1,3,1]","[2,1,1,2,1,2,1]","[[0,6],[0,1,2,3,4,5,6],[3,4],[3,4],[0,2,3,5,6],[3,4,5]]",FEASIBLE,FEASIBLE,null,0.406905000,0.076368000,False
500054,1,2,[1],"[3,1]","[[0,1]]",FEASIBLE,FEASIBLE,null,0.004016000,0.014016000,False
500055,2,4,"[1,1]","[2,3,3,2]","[[2],[1,2,3]]",FEASIBLE,FEASIBLE,null,0.016724000,0.025024000,False
500056,6,6,"[1,2,1,2,1,1]","[3,1,2,3,1,3]","[[0,2,3],[0,1,2,5],[5],[0,1,5],[1],[0,1,2,3,4,5]]",FEASIBLE,FEASIBLE,null,0.511896000,0.112323000,False
500057,3,3,"[2,1,1]","[3,1,1]","[[1,2],[0,1],[2]]",UNSAT,UNSAT,"[0,2]",0.023322000,0.276075000,False
500058,5,1,"[1,1,1,1,1]",[3],"[[0],[0],[0],[0],[0]]",UNSAT,UNSAT,"[0,1,2,3]",0.053378000,0.051027000,False
500059,3,2,"[1,1,1]","[2,3]","[[1],[1],[0]]",FEASIBLE,FEASIBLE,null,0.024252000,0.026797000,False
500060,6,1,"[1,1,1,1,1,1]",[3],"[[0],[0],[0],[0],[0],[0]]",UNSAT,UNSAT,"[0,1,2,3]",0.082725000,0.054761000,False
500061,1,7,[3],"[2,2,3,1,3,2,3]","[[2,4,6]]",FEASIBLE,FEASIBLE,null,0.010009000,0.028377000,False
500062,6,4,"[3,2,1,3,2,1]","[1,2,3,1]","[[0,1,2,3],[0,1,2,3],[1,3],[0,1,2],[1,2,3],[2,3]]",UNSAT,UNSAT,"[0,1,3]",0.111591000,0.111695000,False
500063,4,1,"[1,1,1,1]",[3],"[[0],[0],[0],[0]]",UNSAT,UNSAT,"[0,1,2,3]",0.033606000,0.045585000,False
500064,2,1,"[1,1]",[3],"[[0],[0]]",FEASIBLE,FEASIBLE,null,0.009433000,0.021799000,False
500065,4,5,"[1,3,1,1]","[3,1,2,2,2]","[[4],[1,3,4],[0,1,2,3,4],[2]]",FEASIBLE,FEASIBLE,null,0.096116000,0.049263000,False
500066,1,1,[1],[3],[[0]],FEASIBLE,FEASIBLE,null,0.004736000,0.015150000,False
500067,7,1,"[1,1,1,1,1,1,1]",[2],"[[0],[0],[0],[0],[0],[0],[0]]",UNSAT,UNSAT,"[0,1,2]",0.061108000,0.059044000,False
500068,6,4,"[3,1,1,2,3,1]","[1,3,3,2]","[[0,1,3],[0,1,2,3],[2],[0,1,2,3],[0,1,2,3],[0,1]]",UNSAT,UNSAT,"[0,3,4,5]",0.200849000,0.084182000,False
500069,6,6,"[2,1,3,2,3,1]","[1,2,3,3,2,3]","[[2,3,4,5],[0,1,4,5],[0,1,2,4,5],[0,1,2,3,4,5],[0,1,2,4],[1,2,3,5]]",FEASIBLE,FEASIBLE,null,0.368512000,0.097005000,False
500070,7,5,"[3,1,1,1,2,1,2]","[1,1,3,1,1]","[[0,1,2,3,4],[0,1,2,3,4],[1,2,3,4],[0,2,4],[0,1,2,3,4],[3],[1,2,3,4]]",UNSAT,UNSAT,"[0,1,4,6]",0.363626000,0.099421000,False
500071,7,1,"[1,1,1,1,1,1,1]",[1],"[[0],[0],[0],[0],[0],[0],[0]]",UNSAT,UNSAT,"[0,1]",0.143114000,0.047778000,False
500072,1,2,[1],"[1,1]",[[1]],FEASIBLE,FEASIBLE,null,0.004125000,0.013318000,False
500073,3,3,"[1,2,1]","[3,3,1]","[[0,1],[0,1,2],[2]]",FEASIBLE,FEASIBLE,null,0.023449000,0.027869000,False
500074,1,7,[3],"[1,2,2,1,2,2,2]","[[0,1,2,3,4]]",FEASIBLE,FEASIBLE,null,0.007676000,0.024592000,False
500075,4,4,"[1,1,3,1]","[3,1,2,1]","[[1,2],[3],[0,1,2,3],[2]]",UNSAT,UNSAT,"[0,1,2,3]",0.059971000,0.050927000,False
500076,1,2,[2],"[3,3]","[[0,1]]",FEASIBLE,FEASIBLE,null,0.004097000,0.016886000,False
500077,6,7,"[1,2,1,3,1,1]","[1,3,1,1,3,2,1]","[[2,3,4],[0,1,2,4,5],[6],[0,1,3,4,5],[6],[0,1,4,5,6]]",UNSAT,UNSAT,"[2,4]",0.099755000,0.068343000,False
500078,6,2,"[2,1,2,1,1,2]","[1,1]","[[0,1],[0],[0,1],[1],[1],[0,1]]",UNSAT,UNSAT,"[0,1]",0.016602000,0.051774000,False
500079,7,2,"[2,1,2,1,1,1,1]","[1,2]","[[0,1],[1],[0,1],[0],[1],[0,1],[0]]",UNSAT,UNSAT,"[0,2]",0.021006000,0.056346000,False
500080,7,7,"[2,3,3,1,3,3,3]","[2,2,2,1,3,3,2]","[[0,1,2,3,4,5,6],[0,1,2,3,4,5,6],[0,1,3,6],[0,1,2,3,5,6],[0,1,4,5],[0,1,2,3,5,6],[0,1,2,3,4,5]]",UNSAT,UNSAT,"[0,1,2,4,5,6]",0.852928000,0.179564000,False
500081,6,6,"[2,1,2,1,2,3]","[2,3,2,1,2,3]","[[1,3,4,5],[0,1,5],[1,2,4],[3],[0,1,2,3,5],[1,2,5]]",FEASIBLE,FEASIBLE,null,0.369602000,0.098845000,False
500082,6,1,"[1,1,1,1,1,1]",[3],"[[0],[0],[0],[0],[0],[0]]",UNSAT,UNSAT,"[0,1,2,3]",0.065304000,0.045704000,False
500083,6,4,"[1,1,1,2,1,2]","[2,2,2,3]","[[0,1,2],[0,1,2,3],[2],[0,2,3],[0],[1,2,3]]",FEASIBLE,FEASIBLE,null,0.257488000,0.170255000,False
500084,2,1,"[1,1]",[1],"[[0],[0]]",UNSAT,UNSAT,"[0,1]",0.007041000,0.025336000,False
500085,5,4,"[1,3,3,3,1]","[1,1,3,1]","[[2],[0,1,2,3],[0,1,2],[0,1,2,3],[0,3]]",UNSAT,UNSAT,"[1,2]",0.037730000,0.067333000,False
500086,1,4,[1],"[3,2,3,3]",[[3]],FEASIBLE,FEASIBLE,null,0.005518000,0.014309000,False
500087,1,4,[1],"[3,3,2,2]","[[1,2]]",FEASIBLE,FEASIBLE,null,0.005531000,0.014892000,False
500088,2,5,"[1,2]","[3,3,2,1,2]","[[0,1,2,3,4],[2,3]]",FEASIBLE,FEASIBLE,null,0.015457000,0.026310000,False
500089,3,6,"[1,1,1]","[1,1,2,1,1,2]","[[5],[0,1],[0,1,2,3,4]]",FEASIBLE,FEASIBLE,null,0.039951000,0.031722000,False
500090,2,7,"[1,1]","[1,2,1,2,3,2,2]","[[1,2,3,4,5,6],[4,5,6]]",FEASIBLE,FEASIBLE,null,0.019835000,0.026758000,False
500091,5,5,"[1,2,2,2,3]","[1,2,1,3,3]","[[4],[0,2,3],[0,2,3,4],[0,4],[0,1,2,3,4]]",UNSAT,UNSAT,"[0,1,2,3,4]",0.148334000,0.093275000,False
500092,3,3,"[2,2,2]","[2,2,2]","[[0,1,2],[0,2],[0,2]]",UNSAT,UNSAT,"[0,1,2]",0.024152000,0.044665000,False
500093,6,6,"[1,1,3,3,1,3]","[2,2,1,1,3,2]","[[1,5],[0,1,2,3,4,5],[0,1,2,3,4,5],[0,1,3,4,5],[4,5],[2,4,5]]",UNSAT,UNSAT,"[0,1,2,3,4,5]",0.363524000,0.091508000,False
500094,5,4,"[1,1,3,3,1]","[3,2,1,2]","[[2],[3],[0,1,2],[1,2,3],[3]]",UNSAT,UNSAT,"[0,2]",0.026643000,0.056842000,False
500095,5,7,"[2,1,1,2,2]","[3,1,2,3,2,2,2]","[[0,1,4,5,6],[2],[0,2,4,6],[0,1,2,3,4,5,6],[0,2]]",FEASIBLE,FEASIBLE,null,0.200984000,0.071395000,False
500096,1,2,[1],"[1,2]","[[0,1]]",FEASIBLE,FEASIBLE,null,0.004217000,0.117718000,False
500097,7,5,"[1,2,2,1,2,2,3]","[2,2,1,1,2]","[[1,2,3,4],[2,4],[1,2,3,4],[1,2,3],[0,1],[0,1,2,3,4],[0,1,2]]",UNSAT,UNSAT,"[1,6]",0.078976000,0.102391000,False
500098,5,7,"[2,3,2,3,1]","[3,1,2,3,3,2,3]","[[0,1,2,3,4,5,6],[0,1,2,3,4,6],[0,2,3],[0,1,2,3,4,5],[0,2,3,5,6]]",FEASIBLE,FEASIBLE,null,0.200241000,0.071155000,False
500099,7,1,"[1,1,1,1,1,1,1]",[3],"[[0],[0],[0],[0],[0],[0],[0]]",UNSAT,UNSAT,"[0,1,2,3]",0.097021000,0.049056000,False
500100,1,4,[1],"[2,1,3,3]","[[0,3]]",FEASIBLE,FEASIBLE,null,0.011577000,0.026757000,False
500101,4,1,"[1,1,1,1]",[2],"[[0],[0],[0],[0]]",UNSAT,UNSAT,"[0,1,2]",0.019659000,0.042632000,False
500102,7,4,"[1,1,2,3,2,1,1]","[3,2,1,3]","[[1],[1,3],[0,3],[0,1,2,3],[1,2],[0],[2]]",UNSAT,UNSAT,"[4,6]",0.099044000,0.093029000,False
500103,6,5,"[2,1,1,1,1,3]","[1,3,2,3,3]","[[0,1,3,4],[0,1,2,4],[0,1,2,4],[0,2,3,4],[0,2],[0,2,3,4]]",FEASIBLE,FEASIBLE,null,0.328409000,0.081347000,False
500104,3,4,"[1,1,1]","[3,2,1,1]","[[0,2],[2],[1]]",FEASIBLE,FEASIBLE,null,0.028814000,0.026521000,False
500105,6,2,"[1,1,1,1,1,2]","[1,1]","[[1],[0],[0,1],[0,1],[0,1],[0,1]]",UNSAT,UNSAT,"[0,5]",0.025629000,0.056187000,False
500106,3,5,"[1,1,1]","[2,1,2,3,1]","[[1,2,4],[1],[0,1,3,4]]",FEASIBLE,FEASIBLE,null,0.034777000,0.039087000,False
500107,5,2,"[1,1,1,1,1]","[2,1]","[[0,1],[0],[1],[0,1],[0]]",UNSAT,UNSAT,"[0,1,2,3]",0.062677000,0.059281000,False
500108,5,3,"[1,1,2,1,1]","[2,2,2]","[[0,1],[0],[0,1,2],[0,2],[0,1,2]]",FEASIBLE,FEASIBLE,null,0.118331000,0.173876000,False
500109,2,5,"[2,3]","[2,3,1,1,3]","[[1,2],[0,1,2,3,4]]",FEASIBLE,FEASIBLE,null,0.015404000,0.031327000,False
500110,1,5,[2],"[3,2,2,3,1]","[[2,3,4]]",FEASIBLE,FEASIBLE,null,0.006048000,0.018311000,False
500111,5,1,"[1,1,1,1,1]",[1],"[[0],[0],[0],[0],[0]]",UNSAT,UNSAT,"[0,1]",0.010544000,0.037604000,False
500112,3,4,"[1,1,1]","[2,3,2,3]","[[1,2,3],[2],[0]]",FEASIBLE,FEASIBLE,null,0.027977000,0.024424000,False
500113,4,1,"[1,1,1,1]",[3],"[[0],[0],[0],[0]]",UNSAT,UNSAT,"[0,1,2,3]",0.024556000,0.035217000,False
500114,5,5,"[3,1,1,1,2]","[3,3,1,1,1]","[[0,2,4],[2],[2],[1,2,4],[1,3,4]]",UNSAT,UNSAT,"[0,1]",0.026283000,0.054143000,False
500115,5,1,"[1,1,1,1,1]",[1],"[[0],[0],[0],[0],[0]]",UNSAT,UNSAT,"[0,1]",0.010468000,0.037551000,False
500116,2,2,"[1,1]","[1,1]","[[1],[1]]",UNSAT,UNSAT,"[0,1]",0.008864000,0.024949000,False
500117,2,5,"[1,1]","[3,2,1,3,2]","[[4],[1,2,3]]",FEASIBLE,FEASIBLE,null,0.014934000,0.020993000,False
500118,1,7,[2],"[3,3,2,3,2,1,1]","[[1,2,6]]",FEASIBLE,FEASIBLE,null,0.007093000,0.019723000,False
500119,1,2,[1],"[1,2]",[[0]],FEASIBLE,FEASIBLE,null,0.004099000,0.012260000,False
500120,6,4,"[2,2,1,1,1,3]","[1,1,2,3]","[[0,3],[0,1,3],[0,1,2,3],[0,2],[1],[0,1,2,3]]",UNSAT,UNSAT,"[0,1,4]",0.087609000,0.071643000,False
500121,6,7,"[2,1,3,2,1,1]","[3,2,1,3,2,1,1]","[[0,1,2,3,5,6],[4],[0,2,3,4,5,6],[2,4,5,6],[4],[0,1,3,4,5]]",FEASIBLE,FEASIBLE,null,0.411088000,0.089313000,False
500122,5,4,"[1,2,2,2,3]","[3,2,3,1]","[[0,2,3],[0,3],[0,2,3],[0,1,3],[0,1,2,3]]",UNSAT,UNSAT,"[1,2,3,4]",0.116383000,0.224853000,False
500123,6,3,"[2,1,1,1,2,1]","[1,3,3]","[[0,2],[0,1],[0,1,2],[2],[0,2],[0,2]]",UNSAT,UNSAT,"[0,4]",0.029816000,0.173452000,False
500124,6,6,"[1,2,3,2,1,3]","[3,1,2,2,1,1]","[[3],[0,1,2,3,4,5],[0,1,3,5],[0,1,2,3,5],[5],[2,3,5]]",UNSAT,UNSAT,"[4,5]",0.105586000,0.102022000,False
500125,2,4,"[2,2]","[2,1,3,3]","[[0,1],[0,3]]",FEASIBLE,FEASIBLE,null,0.013098000,0.028934000,False
500126,1,3,[1],"[3,3,2]","[[0,1,2]]",FEASIBLE,FEASIBLE,null,0.004696000,0.014565000,False
500127,2,7,"[2,2]","[3,2,1,1,2,3,2]","[[0,1,2,3,4,5,6],[1,4]]",FEASIBLE,FEASIBLE,null,0.018990000,0.031209000,False
500128,1,6,[3],"[2,3,3,1,3,3]","[[0,1,2,3,4,5]]",FEASIBLE,FEASIBLE,null,0.006423000,0.023616000,False
500129,1,4,[1],"[1,2,3,3]",[[3]],FEASIBLE,FEASIBLE,null,0.005248000,0.013218000,False
500130,2,7,"[2,3]","[1,1,2,3,3,1,1]","[[0,1,2,3,5],[0,1,2,3,4,6]]",FEASIBLE,FEASIBLE,null,0.019038000,0.037391000,False
500131,1,3,[2],"[2,2,2]","[[1,2]]",FEASIBLE,FEASIBLE,null,0.004542000,0.016116000,False
500132,1,7,[2],"[1,1,2,3,1,1,1]","[[0,1,2,4,5,6]]",FEASIBLE,FEASIBLE,null,0.007046000,0.021497000,False
500133,4,2,"[1,1,1,1]","[2,3]","[[1],[1],[0],[1]]",FEASIBLE,FEASIBLE,null,0.035737000,0.025602000,False
500134,5,7,"[1,2,3,1,2]","[3,3,1,2,2,1,1]","[[1],[4,6],[2,4,5],[0,2,5],[0,1,2,3,4,5,6]]",FEASIBLE,FEASIBLE,null,0.192837000,0.073447000,False
500135,2,1,"[1,1]",[2],"[[0],[0]]",FEASIBLE,FEASIBLE,null,0.007379000,0.016511000,False
500136,2,5,"[1,1]","[2,3,3,3,1]","[[1,4],[0,1,2,3]]",FEASIBLE,FEASIBLE,null,0.014599000,0.021874000,False
500137,3,5,"[1,1,1]","[1,3,2,3,1]","[[1,2,3,4],[1],[2]]",FEASIBLE,FEASIBLE,null,0.031672000,0.025401000,False
500138,2,3,"[1,2]","[3,3,2]","[[2],[1,2]]",FEASIBLE,FEASIBLE,null,0.010664000,0.020091000,False
500139,1,2,[1],"[1,2]","[[0,1]]",FEASIBLE,FEASIBLE,null,0.003658000,0.112714000,False
500140,2,4,"[2,1]","[1,1,2,2]","[[1,2],[0,2]]",FEASIBLE,FEASIBLE,null,0.012375000,0.021338000,False
500141,4,4,"[2,1,3,1]","[3,1,1,3]","[[0,2,3],[1,2,3],[0,2,3],[2]]",UNSAT,UNSAT,"[2,3]",0.036166000,0.059742000,False
500142,2,1,"[1,1]",[3],"[[0],[0]]",FEASIBLE,FEASIBLE,null,0.006699000,0.015991000,False
500143,4,3,"[2,1,1,2]","[2,1,3]","[[0,1],[1],[0,1,2],[0,2]]",UNSAT,UNSAT,"[0,1]",0.015353000,0.055623000,False
500144,1,2,[1],"[1,2]",[[1]],FEASIBLE,FEASIBLE,null,0.004539000,0.016252000,False
500145,3,6,"[1,1,1]","[2,3,3,1,1,3]","[[0,2,3,4],[1,2,4,5],[1,2]]",FEASIBLE,FEASIBLE,null,0.037597000,0.029262000,False
500146,4,5,"[1,2,2,1]","[1,1,3,3,1]","[[1],[0,2],[0,1,2,3,4],[0,1,2,3,4]]",FEASIBLE,FEASIBLE,null,0.068311000,0.041658000,False
500147,7,1,"[1,1,1,1,1,1,1]",[2],"[[0],[0],[0],[0],[0],[0],[0]]",UNSAT,UNSAT,"[0,1,2]",0.041750000,0.047588000,False
500148,2,7,"[3,2]","[3,2,1,1,1,2,2]","[[3,4,5],[3,5]]",UNSAT,UNSAT,"[0,1]",0.018559000,0.038456000,False
500149,1,5,[1],"[2,2,1,1,1]","[[2,3,4]]",FEASIBLE,FEASIBLE,null,0.005826000,0.015813000,False
500150,2,3,"[1,1]","[2,2,1]","[[1],[2]]",FEASIBLE,FEASIBLE,null,0.010805000,0.017635000,False
500151,5,5,"[1,3,2,1,3]","[3,3,3,1,2]","[[4],[0,1,2,3],[0,1,2,3,4],[0,3],[0,1,2,3,4]]",FEASIBLE,FEASIBLE,null,0.141137000,0.051833000,False
500152,6,1,"[1,1,1,1,1,1]",[3],"[[0],[0],[0],[0],[0],[0]]",UNSAT,UNSAT,"[0,1,2,3]",0.060880000,0.045857000,False
500153,2,4,"[1,1]","[3,1,1,3]","[[0,1,2,3],[0,2]]",FEASIBLE,FEASIBLE,null,0.012936000,0.021586000,False
500154,4,5,"[3,1,3,1]","[1,3,2,2,3]","[[0,1,2,3,4],[0],[0,1,3,4],[0,1,2,3]]",FEASIBLE,FEASIBLE,null,0.067588000,0.081733000,False
500155,2,4,"[3,3]","[2,3,3,3]","[[0,2,3],[0,1,2,3]]",FEASIBLE,FEASIBLE,null,0.012865000,0.031331000,False
500156,1,2,[1],"[2,2]","[[0,1]]",FEASIBLE,FEASIBLE,null,0.004022000,0.012856000,False
500157,4,5,"[3,2,1,1]","[3,3,3,1,2]","[[0,3,4],[1,4],[0,2,3],[0,1,2,3,4]]",FEASIBLE,FEASIBLE,null,0.067113000,0.039518000,False
500158,5,7,"[1,2,2,1,1]","[1,2,2,1,3,2,3]","[[0,2],[0,2,3,4,5,6],[1,2,4],[1],[1,2,3,4,5,6]]",FEASIBLE,FEASIBLE,null,0.189004000,0.050106000,False
500159,4,2,"[1,1,1,1]","[2,1]","[[0,1],[0],[1],[1]]",UNSAT,UNSAT,"[2,3]",0.022604000,0.035200000,False
500160,4,6,"[2,1,1,3]","[3,3,2,1,1,2]","[[0,1],[0,1,2,3,4,5],[4,5],[0,1,2,3,4,5]]",FEASIBLE,FEASIBLE,null,0.080361000,0.042166000,False
500161,6,3,"[1,1,1,3,1,2]","[1,3,1]","[[2],[0,2],[0],[0,1,2],[2],[0,1]]",UNSAT,UNSAT,"[0,3]",0.025664000,0.052467000,False
500162,3,1,"[1,1,1]",[1],"[[0],[0],[0]]",UNSAT,UNSAT,"[0,1]",0.007550000,0.027570000,False
500163,6,2,"[1,2,1,1,1,1]","[1,3]","[[1],[0,1],[0,1],[1],[0,1],[0,1]]",UNSAT,UNSAT,"[0,1,2,3]",0.090039000,0.051219000,False
500164,4,5,"[1,3,1,2]","[1,2,1,1,2]","[[2],[1,2,3,4],[0,1,2,3,4],[1,2,4]]",FEASIBLE,FEASIBLE,null,0.066263000,0.041844000,False
500165,1,3,[2],"[1,3,2]","[[0,2]]",FEASIBLE,FEASIBLE,null,0.004474000,0.015681000,False
500166,5,3,"[2,1,1,1,2]","[2,2,2]","[[0,1,2],[0,1],[0,1,2],[0],[1,2]]",UNSAT,UNSAT,"[0,1,2,3,4]",0.092448000,0.068170000,False
500167,6,6,"[3,2,3,2,2,3]","[3,3,2,3,1,2]","[[0,4,5],[3,5],[1,2,3,4],[0,1,2,3,4,5],[2,3,4,5],[0,1,2,3,4,5]]",UNSAT,UNSAT,"[0,1,2,4,5]",0.312678000,0.178763000,False
500168,3,5,"[1,2,2]","[3,2,1,1,2]","[[0,1,3,4],[2,3],[0,1,2]]",FEASIBLE,FEASIBLE,null,0.031468000,0.031362000,False
500169,2,7,"[3,1]","[2,1,2,3,3,1,2]","[[0,1,2,3,4,5],[2]]",FEASIBLE,FEASIBLE,null,0.017887000,0.027750000,False
500170,5,7,"[2,3,2,1,3]","[3,1,1,1,3,1,1]","[[0,2,3,4,5],[0,1,4,6],[1,2,3,5],[0,1],[0,1,2,3,4,6]]",FEASIBLE,FEASIBLE,null,0.184669000,0.074678000,False
500171,7,5,"[1,2,2,2,3,1,1]","[1,3,1,2,3]","[[4],[0,1,2,3,4],[0,1,2,3,4],[0,1,2,3,4],[1,2,4],[0,1,2,3,4],[1,3]]",UNSAT,UNSAT,"[0,1,2,3,4,5]",0.559722000,0.139478000,False
500172,7,6,"[2,1,1,2,2,3,3]","[2,1,2,1,1,2]","[[1,2,4],[1,4,5],[0,1,2,3,4,5],[0,1,2,4],[0,1,2,3,4,5],[1,3,4,5],[0,1,2,3,4,5]]",UNSAT,UNSAT,"[0,1,5,6]",0.376297000,0.109038000,False
500173,6,7,"[1,3,3,2,1,3]","[1,1,1,1,3,3,1]","[[1,4],[0,1,2,6],[0,1,2,4,6],[0,2,3,5,6],[3],[0,1,3,4,5,6]]",UNSAT,UNSAT,"[1,2]",0.065226000,0.116369000,False
500174,1,2,[1],"[3,3]",[[0]],FEASIBLE,FEASIBLE,null,0.004030000,0.012330000,False
500175,3,3,"[1,1,3]","[1,1,1]","[[1],[2],[0,1,2]]",UNSAT,UNSAT,"[0,2]",0.015573000,0.035595000,False
500176,5,7,"[2,3,1,2,2]","[3,1,3,1,3,1,3]","[[0,1,2,4,5],[0,1,3],[0,2,4,6],[0,1,3,5],[0,1,4,5]]",FEASIBLE,FEASIBLE,null,0.182078000,0.075501000,False
500177,7,6,"[2,1,1,1,1,1,1]","[2,1,3,2,2,3]","[[3,4],[1,2,3],[0,1,2,3,4,5],[3,4],[2,4],[1],[1]]",UNSAT,UNSAT,"[5,6]",0.131770000,0.173032000,False
500178,2,3,"[2,1]","[2,2,1]","[[0,1,2],[0,2]]",FEASIBLE,FEASIBLE,null,0.014927000,0.035509000,False
500179,1,4,[2],"[3,2,3,3]","[[0,1,3]]",FEASIBLE,FEASIBLE,null,0.005541000,0.018261000,False
500180,6,7,"[1,1,1,2,2,2]","[3,3,2,1,2,1,2]","[[5],[5],[1,2,4,5,6],[0,3,5,6],[0,1,2,3,4,5],[1,2,3]]",UNSAT,UNSAT,"[0,1]",0.037491000,0.086389000,False
500181,7,5,"[3,1,1,1,1,1,3]","[1,2,2,1,3]","[[0,1,2,3,4],[0,2,3,4],[0],[0],[0,1],[0,2,3,4],[0,2,3,4]]",UNSAT,UNSAT,"[2,3]",0.073245000,0.103977000,False
500182,7,6,"[1,1,1,2,1,3,2]","[3,2,2,3,3,3]","[[2],[0,1,2,3,4,5],[0,3],[0,1,2,4,5],[1,2,4],[0,1,2,4,5],[0,4]]",FEASIBLE,FEASIBLE,null,0.765597000,0.100815000,False
500183,6,3,"[1,2,2,2,1,1]","[2,2,1]","[[1,2],[0,1,2],[0,1,2],[0,2],[0],[2]]",UNSAT,UNSAT,"[3,5]",0.057414000,0.057298000,False
500184,1,5,[2],"[2,2,3,3,2]","[[0,4]]",FEASIBLE,FEASIBLE,null,0.005626000,0.023433000,False
500185,4,3,"[1,3,1,1]","[3,2,1]","[[2],[0,1,2],[1],[2]]",UNSAT,UNSAT,"[0,1]",0.024033000,0.040987000,False
500186,7,3,"[1,1,2,1,1,2,1]","[1,1,2]","[[0,1],[0,1],[0,1,2],[1],[0,1],[0,2],[2]]",UNSAT,UNSAT,"[0,1,2]",0.077489000,0.064843000,False
500187,2,3,"[1,1]","[3,2,3]","[[1],[0,1]]",FEASIBLE,FEASIBLE,null,0.010556000,0.018165000,False
500188,2,1,"[1,1]",[3],"[[0],[0]]",FEASIBLE,FEASIBLE,null,0.006326000,0.014889000,False
500189,5,5,"[2,2,3,1,3]","[2,1,3,2,3]","[[0,1,2,4],[0,1,2,3,4],[0,1,2,3],[0,1,3,4],[0,1,2,3,4]]",FEASIBLE,FEASIBLE,null,0.134132000,0.076800000,False
500190,7,7,"[1,3,1,3,3,1,2]","[3,2,2,1,3,2,3]","[[1],[0,1,2,5,6],[4],[1,3,6],[1,2,4,5],[4,6],[0,1,2,3,5,6]]",FEASIBLE,FEASIBLE,null,0.767128000,0.188082000,False
500191,4,5,"[3,2,2,1]","[2,2,3,2,3]","[[0,1,2,3,4],[1,2,3],[0,1],[0,1,2,3,4]]",FEASIBLE,FEASIBLE,null,0.062472000,0.066384000,False
500192,3,1,"[1,1,1]",[3],"[[0],[0],[0]]",FEASIBLE,FEASIBLE,null,0.011756000,0.019098000,False
500193,4,6,"[3,1,3,2]","[3,2,3,2,2,3]","[[0,1,2,3,4,5],[0,1,2,3,4,5],[0,3,4],[0,1,2,3,4,5]]",FEASIBLE,FEASIBLE,null,0.071602000,0.048241000,False
500194,7,4,"[1,1,2,1,1,3,1]","[2,1,1,3]","[[0,1],[1],[0,1,3],[0,2,3],[1],[0,1,2,3],[1]]",UNSAT,UNSAT,"[1,4]",0.051519000,0.097013000,False
500195,3,7,"[1,2,1]","[1,1,3,2,1,2,3]","[[5],[0,1,2,3,4,5,6],[1,2,3,4]]",FEASIBLE,FEASIBLE,null,0.038882000,0.032220000,False
500196,1,7,[3],"[2,1,2,1,3,1,2]","[[0,1,2,3,4,5,6]]",FEASIBLE,FEASIBLE,null,0.006648000,0.022980000,False
500197,3,7,"[2,3,1]","[2,2,3,1,3,3,3]","[[0,1],[0,2,3,4,5],[6]]",FEASIBLE,FEASIBLE,null,0.037923000,0.031677000,False
500198,7,3,"[2,2,1,1,1,3,2]","[2,1,1]","[[0,1,2],[0,1],[0,1],[1],[2],[0,1,2],[0,1]]",UNSAT,UNSAT,"[0,5]",0.031151000,0.058360000,False
500199,6,1,"[1,1,1,1,1,1]",[3],"[[0],[0],[0],[0],[0],[0]]",UNSAT,UNSAT,"[0,1,2,3]",0.056187000,0.039139000,False
500200,3,1,"[1,1,1]",[2],"[[0],[0],[0]]",UNSAT,UNSAT,"[0,1,2]",0.016453000,0.041692000,False
500201,1,4,[1],"[2,2,2,1]",[[3]],FEASIBLE,FEASIBLE,null,0.005013000,0.013505000,False
500202,5,3,"[1,2,2,1,1]","[1,1,1]","[[2],[0,1,2],[0,1,2],[1,2],[2]]",UNSAT,UNSAT,"[0,4]",0.022909000,0.162767000,False
500203,6,3,"[2,1,1,2,3,2]","[2,2,2]","[[1,2],[0,2],[1],[1,2],[0,1,2],[0,1]]",UNSAT,UNSAT,"[0,2,3]",0.065574000,0.053201000,False
500204,1,7,[1],"[2,3,2,3,3,1,3]",[[4]],FEASIBLE,FEASIBLE,null,0.006172000,0.013899000,False
500205,7,3,"[3,1,1,2,1,1,2]","[3,1,2]","[[0,1,2],[0],[2],[0,1],[0,1],[0,2],[0,1,2]]",UNSAT,UNSAT,"[0,3]",0.024725000,0.058078000,False
500206,5,1,"[1,1,1,1,1]",[2],"[[0],[0],[0],[0],[0]]",UNSAT,UNSAT,"[0,1,2]",0.021152000,0.033010000,False
500207,5,1,"[1,1,1,1,1]",[3],"[[0],[0],[0],[0],[0]]",UNSAT,UNSAT,"[0,1,2,3]",0.033757000,0.033087000,False
500208,5,2,"[1,1,1,1,2]","[3,3]","[[0],[0,1],[0],[0,1],[0,1]]",FEASIBLE,FEASIBLE,null,0.061602000,0.040953000,False
500209,2,5,"[2,1]","[1,1,1,3,2]","[[0,2,3,4],[0,1,3]]",FEASIBLE,FEASIBLE,null,0.013157000,0.022840000,False
500210,2,4,"[1,2]","[1,1,3,2]","[[0],[1,2,3]]",FEASIBLE,FEASIBLE,null,0.011068000,0.027703000,False
500211,1,2,[1],"[2,3]","[[0,1]]",FEASIBLE,FEASIBLE,null,0.003799000,0.011946000,False
500212,6,7,"[1,2,1,3,1,2]","[2,1,3,1,2,2,2]","[[2],[1,2,3,5,6],[3],[0,1,2,4,5,6],[0,1,2,3,4,5,6],[3,4,6]]",FEASIBLE,FEASIBLE,null,0.360452000,0.054587000,False
500213,5,4,"[1,1,2,1,1]","[3,3,2,3]","[[1,3],[2],[0,1,2,3],[0],[0,1,2,3]]",FEASIBLE,FEASIBLE,null,0.103043000,0.032570000,False
500214,7,4,"[1,3,1,3,1,2,3]","[3,2,3,1]","[[0,1],[0,1,2,3],[0,1,2,3],[0,1,3],[0,1,2,3],[1,2],[1,2,3]]",UNSAT,UNSAT,"[3,6]",0.075833000,0.073661000,False
500215,7,2,"[1,1,2,1,2,1,1]","[2,3]","[[0,1],[0],[0,1],[1],[0,1],[0,1],[0]]",UNSAT,UNSAT,"[1,2,4]",0.084329000,0.138222000,False
500216,6,1,"[1,1,1,1,1,1]",[3],"[[0],[0],[0],[0],[0],[0]]",UNSAT,UNSAT,"[0,1,2,3]",0.054519000,0.037792000,False
500217,4,2,"[1,1,1,1]","[2,1]","[[0,1],[1],[0],[1]]",UNSAT,UNSAT,"[1,3]",0.017793000,0.029646000,False
500218,7,7,"[2,1,3,2,1,1,2]","[1,3,1,1,3,1,3]","[[0,1,2,4,5],[1,4],[1,2,3,4,5,6],[0,1,2,3,4,5,6],[1,3,5],[0],[0,2,3]]",FEASIBLE,FEASIBLE,null,0.720090000,0.110695000,False
500219,4,1,"[1,1,1,1]",[3],"[[0],[0],[0],[0]]",UNSAT,UNSAT,"[0,1,2,3]",0.036081000,0.032657000,False
500220,5,5,"[2,1,3,2,2]","[1,1,3,2,1]","[[0,1,2,4],[0,1,2,3,4],[0,1,2,3,4],[0,2,3],[0,2,4]]",UNSAT,UNSAT,"[0,2,3,4]",0.110650000,0.065205000,False
500221,4,7,"[1,2,1,1]","[3,2,3,2,2,3,2]","[[0],[0,1,2,3,4,5,6],[0,1,3,4,5,6],[3]]",FEASIBLE,FEASIBLE,null,0.076766000,0.033708000,False
500222,5,7,"[2,1,1,1,2]","[2,3,3,3,3,3,2]","[[0,2,6],[1,2],[0,3,4,5],[3,4],[0,1,2,3,5]]",FEASIBLE,FEASIBLE,null,0.160513000,0.040451000,False
500223,2,6,"[2,3]","[3,1,1,2,1,2]","[[0,1,2,3,4],[3,4,5]]",FEASIBLE,FEASIBLE,null,0.014371000,0.026780000,False
500224,3,2,"[1,2,1]","[2,2]","[[0],[0,1],[0]]",UNSAT,UNSAT,"[0,1,2]",0.014605000,0.028797000,False
500225,1,3,[1],"[1,2,1]","[[0,1,2]]",FEASIBLE,FEASIBLE,null,0.003865000,0.012370000,False
500226,5,6,"[1,1,2,2,1]","[1,1,2,2,1,1]","[[0],[1,5],[2,3,4],[0,3,5],[0,1,2,3,4,5]]",FEASIBLE,FEASIBLE,null,0.140994000,0.039398000,False
500227,1,7,[2],"[3,2,3,1,2,1,3]","[[3,4]]",FEASIBLE,FEASIBLE,null,0.006061000,0.016055000,False
500228,5,6,"[3,3,2,2,1]","[3,1,2,1,1,1]","[[0,1,3,4,5],[0,1,2,3,4,5],[0,2,5],[0,2,3,4],[2,3]]",UNSAT,UNSAT,"[0,1,2,3]",0.130388000,0.187731000,False
500229,6,1,"[1,1,1,1,1,1]",[1],"[[0],[0],[0],[0],[0],[0]]",UNSAT,UNSAT,"[0,1]",0.009957000,0.035132000,False
500230,5,3,"[1,2,2,1,1]","[3,3,2]","[[0,1,2],[0,1,2],[0,1,2],[0],[2]]",FEASIBLE,FEASIBLE,null,0.079070000,0.042701000,False
500231,4,5,"[1,1,1,2]","[2,3,2,3,2]","[[1],[2,3,4],[0,1,3],[2,4]]",FEASIBLE,FEASIBLE,null,0.058835000,0.028512000,False
500232,2,5,"[2,2]","[1,1,2,1,2]","[[0,1,2,3,4],[0,3]]",FEASIBLE,FEASIBLE,null,0.012850000,0.031877000,False
500233,3,2,"[1,2,1]","[1,3]","[[0],[0,1],[0,1]]",UNSAT,UNSAT,"[0,1]",0.009068000,0.029107000,False
500234,2,7,"[1,1]","[2,2,1,2,3,1,2]","[[0,2,3,4,6],[2,3,5,6]]",FEASIBLE,FEASIBLE,null,0.015991000,0.021794000,False
500235,6,2,"[1,1,1,1,1,2]","[1,2]","[[0],[1],[1],[0],[0],[0,1]]",UNSAT,UNSAT,"[0,3]",0.017213000,0.039517000,False
500236,2,2,"[2,2]","[3,2]","[[0,1],[0,1]]",FEASIBLE,FEASIBLE,null,0.007308000,0.019551000,False
500237,7,4,"[1,3,1,1,2,2,1]","[3,3,1,1]","[[2],[0,1,2,3],[0,1,2,3],[2,3],[0,1,2,3],[0,1],[1]]",UNSAT,UNSAT,"[0,1,3]",0.090490000,0.065114000,False
500238,4,4,"[1,3,1,1]","[3,1,1,1]","[[0,1,2,3],[0,1,3],[3],[0]]",UNSAT,UNSAT,"[1,2]",0.024783000,0.038010000,False
500239,1,1,[1],[2],[[0]],FEASIBLE,FEASIBLE,null,0.002687000,0.009884000,False
500240,4,4,"[2,1,2,1]","[2,3,3,2]","[[0,2,3],[0,3],[1,2,3],[3]]",FEASIBLE,FEASIBLE,null,0.048482000,0.030115000,False
500241,5,4,"[2,1,1,1,1]","[3,3,1,3]","[[0,1,2,3],[1],[0,1,2,3],[3],[3]]",FEASIBLE,FEASIBLE,null,0.100095000,0.032561000,False
500242,4,6,"[1,1,2,1]","[1,3,2,1,2,2]","[[0,1,2,3,4,5],[2,5],[1,2,3,4,5],[2]]",FEASIBLE,FEASIBLE,null,0.068351000,0.124139000,False
500243,6,2,"[2,1,2,2,1,1]","[2,1]","[[0,1],[1],[0,1],[0,1],[0,1],[1]]",UNSAT,UNSAT,"[0,1]",0.013882000,0.044821000,False
500244,7,5,"[1,1,1,1,3,2,1]","[3,3,2,1,2]","[[0],[0,1,3,4],[0,1,2,3,4],[1,3,4],[0,1,2,3,4],[0,1,2,3,4],[4]]",FEASIBLE,FEASIBLE,null,0.523632000,0.065858000,False
500245,2,4,"[1,1]","[2,1,3,3]","[[0,1,2,3],[1,2,3]]",FEASIBLE,FEASIBLE,null,0.011243000,0.018498000,False
500246,4,4,"[1,2,1,3]","[1,2,3,3]","[[0],[1,2],[3],[0,1,2,3]]",FEASIBLE,FEASIBLE,null,0.048584000,0.031463000,False
500247,5,2,"[1,1,1,1,1]","[1,1]","[[1],[0],[0,1],[0,1],[0,1]]",UNSAT,UNSAT,"[0,1,2]",0.029913000,0.037941000,False
500248,2,3,"[1,2]","[2,1,3]","[[1,2],[1,2]]",FEASIBLE,FEASIBLE,null,0.009079000,0.024767000,False
500249,7,7,"[1,3,3,3,1,3,2]","[2,3,1,2,1,2,3]","[[1,6],[0,1,2,3,4,5,6],[0,1,2,3,4,5,6],[0,1,2,3,4,5,6],[0,1,2,3,4,5,6],[1,2,5,6],[0,1,3,5,6]]",UNSAT,UNSAT,"[0,1,2,3,5,6]",0.692390000,0.146384000,False
500250,6,4,"[3,2,2,1,1,1]","[1,2,1,3]","[[0,1,2,3],[0,1,3],[0,2,3],[0,3],[1],[1]]",UNSAT,UNSAT,"[0,1,2,3]",0.133483000,0.060070000,False
500251,5,5,"[1,2,1,3,2]","[2,3,1,3,2]","[[0,1,2,3,4],[0,2,3,4],[0,1,2,3],[0,2,3,4],[0,4]]",FEASIBLE,FEASIBLE,null,0.135975000,0.061923000,False
500252,3,2,"[1,1,1]","[3,3]","[[1],[0],[0,1]]",FEASIBLE,FEASIBLE,null,0.015295000,0.019992000,False
500253,3,4,"[1,3,1]","[3,2,3,1]","[[1],[0,1,3],[0]]",FEASIBLE,FEASIBLE,null,0.023285000,0.024360000,False
500254,3,2,"[1,1,1]","[2,2]","[[0],[1],[1]]",FEASIBLE,FEASIBLE,null,0.015662000,0.018302000,False
500255,3,4,"[1,1,2]","[2,2,3,3]","[[2],[2,3],[0,1,2,3]]",FEASIBLE,FEASIBLE,null,0.023434000,0.023769000,False
500256,6,6,"[2,1,3,3,2,2]","[3,1,3,3,2,2]","[[0,1,5],[1,2,3,5],[0,2,3,5],[1,4,5],[1,2],[0,1,2,3,4,5]]",UNSAT,UNSAT,"[3,4]",0.082063000,0.083068000,False
500257,4,6,"[3,2,3,2]","[3,1,1,1,2,3]","[[0,1,2,3,4,5],[0,1,2,3],[1,2,4,5],[0,1]]",FEASIBLE,FEASIBLE,null,0.069191000,0.075721000,False
500258,3,5,"[3,3,1]","[3,1,2,2,2]","[[0,1,2,3],[0,1,2,3,4],[4]]",FEASIBLE,FEASIBLE,null,0.027777000,0.033722000,False
500259,2,4,"[2,2]","[3,2,3,2]","[[2,3],[0,1,3]]",FEASIBLE,FEASIBLE,null,0.011088000,0.022138000,False
500260,7,4,"[1,2,1,1,2,3,2]","[1,3,1,3]","[[3],[0,3],[0,1,2,3],[3],[0,1,3],[0,1,2,3],[1,2]]",UNSAT,UNSAT,"[1,5,6]",0.169201000,0.066378000,False
500261,6,6,"[1,1,3,1,2,1]","[3,1,3,1,2,1]","[[3],[0,1,2],[0,2,3,4,5],[3],[2,3],[1,2,3,4,5]]",UNSAT,UNSAT,"[0,3]",0.038389000,0.056043000,False
500262,6,6,"[1,2,2,1,1,2]","[2,2,3,1,2,1]","[[2,3,4,5],[0,1,2,3,4,5],[0,1,2,4],[0,1,2],[0,1,2,3,4,5],[0,3,4]]",FEASIBLE,FEASIBLE,null,0.306195000,0.054830000,False
500263,3,5,"[3,2,3]","[2,2,2,2,3]","[[0,2,4],[2,4],[1,3,4]]",FEASIBLE,FEASIBLE,null,0.028708000,0.034125000,False
500264,3,2,"[1,1,1]","[1,2]","[[1],[0],[1]]",FEASIBLE,FEASIBLE,null,0.015441000,0.018499000,False
500265,5,2,"[1,2,1,1,2]","[1,3]","[[0,1],[0,1],[1],[0,1],[0,1]]",UNSAT,UNSAT,"[1,4]",0.023546000,0.137887000,False
500266,7,7,"[3,1,3,1,1,1,1]","[2,1,3,1,2,1,3]","[[1,2,3,4,6],[0,1,4,5],[0,1,3,4,5,6],[1],[2],[3,4],[6]]",FEASIBLE,FEASIBLE,null,0.734630000,0.075510000,False
500267,5,1,"[1,1,1,1,1]",[1],"[[0],[0],[0],[0],[0]]",UNSAT,UNSAT,"[0,1]",0.009145000,0.032810000,False
500268,7,4,"[3,1,2,1,1,1,2]","[3,3,1,1]","[[0,1,2,3],[2],[0,1,2],[0,1,2],[0,1,2,3],[0],[0,2]]",UNSAT,UNSAT,"[1,6]",0.056410000,0.087890000,False
500269,5,5,"[3,1,1,3,2]","[1,1,3,3,2]","[[1,2,3,4],[0,2],[0,1,3,4],[0,1,2,3,4],[0,1,2,3,4]]",FEASIBLE,FEASIBLE,null,0.125529000,0.053048000,False
500270,6,2,"[1,1,1,2,1,1]","[1,1]","[[1],[0,1],[0,1],[0,1],[0,1],[1]]",UNSAT,UNSAT,"[0,3]",0.018477000,0.044222000,False
500271,7,1,"[1,1,1,1,1,1,1]",[1],"[[0],[0],[0],[0],[0],[0],[0]]",UNSAT,UNSAT,"[0,1]",0.011121000,0.050644000,False
500272,5,2,"[1,1,1,2,2]","[2,1]","[[0,1],[0,1],[0,1],[0,1],[0,1]]",UNSAT,UNSAT,"[3,4]",0.028614000,0.042810000,False
500273,1,4,[3],"[1,3,1,2]","[[0,1,2,3]]",FEASIBLE,FEASIBLE,null,0.004826000,0.018814000,False
500274,5,4,"[3,1,1,1,2]","[2,3,3,1]","[[0,1,2,3],[0,1,2,3],[0,1,3],[2],[0,1,2,3]]",FEASIBLE,FEASIBLE,null,0.104388000,0.041267000,False
500275,4,2,"[1,1,1,1]","[2,3]","[[1],[0],[0],[0]]",UNSAT,UNSAT,"[1,2,3]",0.028054000,0.031010000,False
500276,7,1,"[1,1,1,1,1,1,1]",[3],"[[0],[0],[0],[0],[0],[0],[0]]",UNSAT,UNSAT,"[0,1,2,3]",0.081261000,0.041346000,False
500277,3,1,"[1,1,1]",[1],"[[0],[0],[0]]",UNSAT,UNSAT,"[0,1]",0.006872000,0.026289000,False
500278,1,2,[1],"[3,3]",[[1]],FEASIBLE,FEASIBLE,null,0.003654000,0.011291000,False
500279,3,1,"[1,1,1]",[1],"[[0],[0],[0]]",UNSAT,UNSAT,"[0,1]",0.007044000,0.118279000,False
500280,4,1,"[1,1,1,1]",[2],"[[0],[0],[0],[0]]",UNSAT,UNSAT,"[0,1,2]",0.015800000,0.030791000,False
500281,2,2,"[2,2]","[1,3]","[[0,1],[0,1]]",UNSAT,UNSAT,"[0,1]",0.007892000,0.028762000,False
500282,2,7,"[1,3]","[1,2,1,2,3,3,3]","[[0,1,2,4],[0,1,2,3,4,5,6]]",FEASIBLE,FEASIBLE,null,0.017072000,0.030311000,False
500283,1,5,[1],"[2,3,1,2,3]",[[4]],FEASIBLE,FEASIBLE,null,0.005335000,0.013048000,False
500284,7,2,"[1,1,1,1,2,1,1]","[3,3]","[[1],[1],[1],[1],[0,1],[0],[0]]",UNSAT,UNSAT,"[0,1,2,3]",0.125969000,0.047632000,False
500285,7,3,"[1,1,2,1,1,1,2]","[1,3,1]","[[1,2],[1],[0,2],[1,2],[1],[0],[0,1,2]]",UNSAT,UNSAT,"[2,5]",0.053659000,0.055100000,False
500286,3,2,"[2,2,1]","[3,1]","[[0,1],[0,1],[0]]",UNSAT,UNSAT,"[0,1]",0.009424000,0.032936000,False
500287,5,3,"[1,2,1,2,2]","[2,1,2]","[[0],[0,1,2],[1],[0,1],[0,2]]",UNSAT,UNSAT,"[2,3]",0.033366000,0.061849000,False
500288,5,4,"[1,1,2,2,2]","[2,1,2,1]","[[0],[0,2,3],[0,1,2,3],[1,2],[1,2]]",UNSAT,UNSAT,"[3,4]",0.048298000,0.084527000,False
500289,2,4,"[2,1]","[3,3,1,3]","[[0,1],[0,3]]",FEASIBLE,FEASIBLE,null,0.011708000,0.020156000,False
500290,3,1,"[1,1,1]",[3],"[[0],[0],[0]]",FEASIBLE,FEASIBLE,null,0.011574000,0.018233000,False
500291,4,3,"[3,1,1,2]","[3,1,3]","[[0,1,2],[0,1,2],[2],[0,2]]",FEASIBLE,FEASIBLE,null,0.042316000,0.033352000,False
500292,2,6,"[3,3]","[2,3,3,3,3,1]","[[0,3,4,5],[0,1,2,4,5]]",FEASIBLE,FEASIBLE,null,0.015366000,0.030979000,False
500293,4,6,"[2,1,3,1]","[1,2,2,3,3,3]","[[0,1,2,5],[3],[0,1,4],[1]]",FEASIBLE,FEASIBLE,null,0.074976000,0.050952000,False
500294,5,5,"[1,1,3,1,3]","[1,2,1,1,3]","[[2,3],[0,1,2,3,4],[0,1,2,3],[0,2,3,4],[1,2,3,4]]",UNSAT,UNSAT,"[0,2,4]",0.082379000,0.177781000,False
500295,5,6,"[2,1,2,2,2]","[3,2,3,2,3,1]","[[1,4],[0,1,3,4,5],[1,2,3,4,5],[4,5],[0,2,3,5]]",FEASIBLE,FEASIBLE,null,0.169523000,0.049265000,False
500296,3,3,"[2,1,3]","[1,1,2]","[[0,1,2],[0,1],[0,1,2]]",UNSAT,UNSAT,"[0,2]",0.015034000,0.053414000,False
500297,6,1,"[1,1,1,1,1,1]",[1],"[[0],[0],[0],[0],[0],[0]]",UNSAT,UNSAT,"[0,1]",0.010707000,0.038601000,False
500298,2,1,"[1,1]",[3],"[[0],[0]]",FEASIBLE,FEASIBLE,null,0.006478000,0.015168000,False
500299,5,4,"[1,1,1,1,2]","[2,2,2,2]","[[3],[2,3],[0,1],[1],[0,2,3]]",FEASIBLE,FEASIBLE,null,0.110586000,0.033969000,False
500300,1,1,[1],[2],[[0]],FEASIBLE,FEASIBLE,null,0.008195000,0.020295000,False
500301,6,3,"[1,2,2,1,3,1]","[3,3,1]","[[1],[0,1,2],[0,1,2],[2],[0,1,2],[1]]",UNSAT,UNSAT,"[3,4]",0.051004000,0.211835000,False
500302,1,6,[1],"[1,2,2,3,3,1]",[[4]],FEASIBLE,FEASIBLE,null,0.006502000,0.016910000,False
500303,2,5,"[3,1]","[1,2,3,1,2]","[[0,2,3],[2,3,4]]",FEASIBLE,FEASIBLE,null,0.014298000,0.026971000,False
500304,4,6,"[1,2,2,1]","[1,2,1,2,3,1]","[[1,2,3],[0,1,2,3,4],[0,3,4],[0,1,2,3,4]]",FEASIBLE,FEASIBLE,null,0.076484000,0.045341000,False
500305,7,7,"[1,3,2,2,1,3,1]","[3,1,3,1,3,1,3]","[[6],[0,4,6],[4,6],[0,1,3,4,6],[0,2,3,6],[0,2,3,4],[1,2]]",FEASIBLE,FEASIBLE,null,0.833388000,0.089146000,False
500306,6,6,"[3,3,2,1,1,3]","[3,2,2,3,3,3]","[[0,2,3],[1,3,5],[0,2,4,5],[0,1,2,4,5],[0,2,5],[0,1,2,4,5]]",FEASIBLE,FEASIBLE,null,0.313094000,0.065064000,False
500307,1,3,[1],"[3,2,1]","[[0,1,2]]",FEASIBLE,FEASIBLE,null,0.004401000,0.135245000,False
500308,3,2,"[2,1,1]","[1,2]","[[0,1],[1],[1]]",UNSAT,UNSAT,"[0,1,2]",0.015623000,0.049721000,False
500309,6,1,"[1,1,1,1,1,1]",[1],"[[0],[0],[0],[0],[0],[0]]",UNSAT,UNSAT,"[0,1]",0.010396000,0.052786000,False
500310,1,5,[2],"[1,1,2,2,3]","[[0,3]]",FEASIBLE,FEASIBLE,null,0.005620000,0.015975000,False
500311,5,4,"[1,1,1,2,1]","[3,1,2,2]","[[0,2,3],[0],[2,3],[1,2,3],[2]]",FEASIBLE,FEASIBLE,null,0.106524000,0.042891000,False
500312,5,6,"[1,1,1,1,2]","[3,2,3,3,1,1]","[[0],[0,3],[0,2],[0,1,2,3,4],[0,2,3,4,5]]",FEASIBLE,FEASIBLE,null,0.145953000,0.039643000,False
500313,7,4,"[2,1,1,3,1,1,1]","[3,1,1,2]","[[0,1],[3],[1],[0,2,3],[0],[2],[1]]",UNSAT,UNSAT,"[0,2]",0.028110000,0.053506000,False
500314,6,3,"[1,3,1,1,2,1]","[3,2,1]","[[2],[0,1,2],[0,1,2],[0,1,2],[0,1,2],[1]]",UNSAT,UNSAT,"[0,1]",0.017866000,0.070503000,False
500315,4,7,"[2,3,3,1]","[2,1,3,3,1,3,1]","[[0,1,2,3,4,5,6],[0,2,6],[0,1,3,4,5,6],[2,6]]",FEASIBLE,FEASIBLE,null,0.080815000,0.048525000,False
500316,4,4,"[1,3,2,3]","[1,2,3,3]","[[0,1,3],[0,1,3],[1,2],[0,1,2,3]]",UNSAT,UNSAT,"[1,2,3]",0.045990000,0.080322000,False
500317,1,5,[3],"[1,3,1,1,1]","[[0,1,2,3,4]]",FEASIBLE,FEASIBLE,null,0.005447000,0.020381000,False
500318,4,7,"[1,1,3,1]","[2,2,2,2,2,3,2]","[[1],[6],[0,2,3,5,6],[2,5]]",FEASIBLE,FEASIBLE,null,0.078588000,0.033394000,False
500319,7,1,"[1,1,1,1,1,1,1]",[2],"[[0],[0],[0],[0],[0],[0],[0]]",UNSAT,UNSAT,"[0,1,2]",0.037219000,0.041632000,False
500320,3,2,"[2,1,2]","[1,2]","[[0,1],[0,1],[0,1]]",UNSAT,UNSAT,"[0,2]",0.011520000,0.133035000,False
500321,6,1,"[1,1,1,1,1,1]",[3],"[[0],[0],[0],[0],[0],[0]]",UNSAT,UNSAT,"[0,1,2,3]",0.055751000,0.039263000,False
500322,7,3,"[1,1,1,1,1,2,2]","[2,1,2]","[[1,2],[1],[2],[0,2],[1,2],[0,1],[0,1,2]]",UNSAT,UNSAT,"[1,5]",0.043008000,0.056824000,False
500323,6,6,"[1,3,3,1,3,1]","[3,3,3,3,1,3]","[[3],[0,1,2,4,5],[1,2,4,5],[0],[0,1,2,3,4,5],[0,1,2,3,4,5]]",FEASIBLE,FEASIBLE,null,0.307695000,0.059756000,False
500324,1,6,[2],"[3,3,2,2,3,3]","[[0,1,2,3,4,5]]",FEASIBLE,FEASIBLE,null,0.005679000,0.019584000,False
500325,6,6,"[1,1,2,2,3,3]","[2,1,2,2,1,2]","[[0,1,2,4,5],[1,2,3,4,5],[0,2,4,5],[0,1,2,3,4],[0,1,2,4],[0,1,2,3]]",UNSAT,UNSAT,"[2,3,4,5]",0.351392000,0.116421000,False
500326,1,7,[1],"[1,2,1,3,2,2,1]","[[0,2,3,4,5,6]]",FEASIBLE,FEASIBLE,null,0.006818000,0.018529000,False
500327,2,4,"[2,2]","[3,2,2,2]","[[0,1,2,3],[0,3]]",FEASIBLE,FEASIBLE,null,0.011151000,0.023674000,False
500328,5,4,"[3,1,2,3,3]","[2,2,1,3]","[[0,1,2,3],[0,1,2,3],[1,2,3],[0,1,2,3],[1,2,3]]",UNSAT,UNSAT,"[0,2,4]",0.064680000,0.064840000,False
500329,4,2,"[1,1,1,1]","[3,2]","[[1],[0],[1],[0]]",FEASIBLE,FEASIBLE,null,0.031482000,0.023453000,False
500330,5,5,"[1,1,2,1,1]","[2,1,2,2,3]","[[0,1,2,3,4],[1,2,3,4],[0,2,3],[1,2,3],[0,3,4]]",FEASIBLE,FEASIBLE,null,0.126462000,0.040495000,False
500331,1,3,[2],"[2,1,2]","[[0,2]]",FEASIBLE,FEASIBLE,null,0.004131000,0.014918000,False
500332,2,2,"[1,1]","[2,2]","[[0,1],[0,1]]",FEASIBLE,FEASIBLE,null,0.007812000,0.015958000,False
500333,7,7,"[3,2,3,1,1,1,2]","[1,1,3,3,3,2,1]","[[0,1,2,3,4,5],[0,1,2,4,5,6],[0,1,2,3,5],[0,1,2],[1,2,5,6],[0,1],[1,3]]",FEASIBLE,FEASIBLE,null,1.152618000,0.252938000,False
500334,1,7,[3],"[3,3,1,3,1,2,3]","[[0,1,3,4,5,6]]",FEASIBLE,FEASIBLE,null,0.007046000,0.022679000,False
500335,3,1,"[1,1,1]",[2],"[[0],[0],[0]]",UNSAT,UNSAT,"[0,1,2]",0.011199000,0.028891000,False
500336,6,2,"[1,1,1,1,1,1]","[3,2]","[[1],[0,1],[0,1],[0],[0],[0,1]]",UNSAT,UNSAT,"[0,1,2,3,4,5]",0.128010000,0.046032000,False
500337,7,4,"[1,1,2,2,1,1,1]","[3,1,2,2]","[[1,2,3],[1,2],[0,2],[0,3],[0,2],[0,1,3],[3]]",UNSAT,UNSAT,"[0,1,2,3,4,5,6]",0.454477000,0.062311000,False
500338,7,6,"[1,1,2,1,1,3,1]","[1,3,1,2,1,3]","[[4],[0,2,3,4],[1,2,3,5],[1,2,3,4,5],[5],[0,1,2,4,5],[5]]",FEASIBLE,FEASIBLE,null,0.624458000,0.064167000,False
500339,4,6,"[1,2,2,2]","[3,3,1,2,1,2]","[[1,2,4,5],[1,3,5],[1,3,4],[0,1,2,3,4,5]]",FEASIBLE,FEASIBLE,null,0.068764000,0.039628000,False
500340,1,6,[3],"[3,2,1,1,2,2]","[[0,2,3,5]]",FEASIBLE,FEASIBLE,null,0.005814000,0.019782000,False
500341,4,6,"[1,2,2,2]","[2,1,1,1,1,2]","[[0,1],[0,1,2,3,4,5],[0,1,2,3,4],[0,1,2]]",FEASIBLE,FEASIBLE,null,0.067945000,0.054575000,False
500342,7,3,"[1,3,2,2,1,1,1]","[2,2,3]","[[2],[0,1,2],[0,1,2],[1,2],[0,1,2],[2],[1,2]]",UNSAT,UNSAT,"[0,1,2,3]",0.162284000,0.061510000,False
500343,6,6,"[1,1,1,3,2,2]","[3,1,3,1,3,3]","[[0],[2,3,5],[1],[0,2,5],[0,1,2,3,4,5],[3,4]]",FEASIBLE,FEASIBLE,null,0.298694000,0.072887000,False
500344,1,4,[1],"[2,2,3,3]",[[0]],FEASIBLE,FEASIBLE,null,0.004807000,0.107425000,False
500345,6,2,"[2,1,2,1,1,1]","[3,1]","[[0,1],[1],[0,1],[0,1],[0,1],[0,1]]",UNSAT,UNSAT,"[0,1]",0.014081000,0.047986000,False
500346,2,3,"[1,2]","[3,3,1]","[[0,1],[0,2]]",FEASIBLE,FEASIBLE,null,0.009267000,0.018654000,False
500347,7,7,"[3,1,1,2,3,2,3]","[3,2,3,2,1,2,3]","[[1,2,4,5,6],[4],[3],[1,2,5],[0,1,3,4,5,6],[0,1,2,3,4,5,6],[0,2,3,4,5,6]]",FEASIBLE,FEASIBLE,null,1.027214000,0.146172000,False
500348,7,6,"[1,2,1,2,2,1,1]","[3,3,3,3,2,3]","[[0],[0,1,2,3,4,5],[0,1,2,3,4],[0,1,2,4,5],[0,2,3,4],[0,1,5],[3]]",FEASIBLE,FEASIBLE,null,0.896219000,0.077419000,False
500349,3,2,"[1,2,1]","[3,1]","[[1],[0,1],[0]]",UNSAT,UNSAT,"[0,1]",0.010015000,0.034512000,False
500350,3,2,"[1,1,1]","[1,3]","[[0,1],[0,1],[0]]",FEASIBLE,FEASIBLE,null,0.015861000,0.034856000,False
500351,4,3,"[2,2,1,1]","[2,1,2]","[[0,1],[0,1],[1],[0,2]]",UNSAT,UNSAT,"[0,1]",0.014209000,0.040283000,False
500352,7,5,"[3,1,2,1,1,1,2]","[2,2,1,3,1]","[[0,2,4],[1],[0,2,3,4],[4],[0,1,2,3,4],[3],[1,2,3,4]]",UNSAT,UNSAT,"[0,3]",0.036967000,0.072496000,False
500353,2,7,"[3,1]","[1,1,1,1,1,1,1]","[[0,1,2,3,4,5,6],[1,3,5]]",FEASIBLE,FEASIBLE,null,0.016900000,0.029657000,False
500354,4,5,"[1,1,2,3]","[3,1,3,2,1]","[[3],[0,1,2,3,4],[2,3,4],[0,1,2,3,4]]",FEASIBLE,FEASIBLE,null,0.062594000,0.041181000,False
500355,3,1,"[1,1,1]",[1],"[[0],[0],[0]]",UNSAT,UNSAT,"[0,1]",0.007368000,0.026274000,False
500356,5,4,"[3,1,2,3,3]","[3,3,1,2]","[[0,1,2,3],[0],[0,1,2,3],[0,1,3],[1,2,3]]",UNSAT,UNSAT,"[0,3,4]",0.075015000,0.175249000,False
500357,5,2,"[1,1,2,1,1]","[2,3]","[[0,1],[1],[0,1],[0,1],[0]]",UNSAT,UNSAT,"[0,1,2,3,4]",0.063805000,0.042138000,False
500358,6,1,"[1,1,1,1,1,1]",[1],"[[0],[0],[0],[0],[0],[0]]",UNSAT,UNSAT,"[0,1]",0.010466000,0.035523000,False
500359,1,6,[1],"[1,2,1,1,3,3]",[[2]],FEASIBLE,FEASIBLE,null,0.006056000,0.013380000,False
500360,1,5,[1],"[2,3,1,1,2]",[[0]],FEASIBLE,FEASIBLE,null,0.005011000,0.011904000,False
500361,7,1,"[1,1,1,1,1,1,1]",[3],"[[0],[0],[0],[0],[0],[0],[0]]",UNSAT,UNSAT,"[0,1,2,3]",0.080428000,0.040518000,False
500362,7,5,"[2,1,3,3,1,1,2]","[1,1,1,2,2]","[[1,2],[0,1,3],[1,2,3,4],[0,1,2,3,4],[0,4],[3],[0,4]]",UNSAT,UNSAT,"[0,2]",0.032687000,0.069934000,False
500363,1,3,[1],"[2,2,2]","[[0,2]]",FEASIBLE,FEASIBLE,null,0.004093000,0.012569000,False
500364,1,1,[1],[1],[[0]],FEASIBLE,FEASIBLE,null,0.003031000,0.010836000,False
500365,5,6,"[1,1,1,2,2]","[3,3,1,1,3,3]","[[0,2,4],[1],[0,2,3,4,5],[0,2,3,4,5],[0,1]]",FEASIBLE,FEASIBLE,null,0.146552000,0.050868000,False
500366,2,7,"[1,1]","[2,2,3,2,3,2,2]","[[3,4],[0,2,3,4]]",FEASIBLE,FEASIBLE,null,0.017600000,0.021049000,False
500367,3,6,"[2,1,3]","[2,1,2,3,1,2]","[[0,2,5],[0,1,2,3,4,5],[0,1,2,3,4,5]]",FEASIBLE,FEASIBLE,null,0.032422000,0.034664000,False
500368,5,1,"[1,1,1,1,1]",[3],"[[0],[0],[0],[0],[0]]",UNSAT,UNSAT,"[0,1,2,3]",0.035923000,0.033951000,False
500369,1,5,[3],"[2,1,3,2,2]","[[0,1,2,3]]",FEASIBLE,FEASIBLE,null,0.005564000,0.018777000,False
500370,1,7,[1],"[3,1,2,3,1,3,1]","[[1,2,3,4]]",FEASIBLE,FEASIBLE,null,0.006593000,0.016232000,False
500371,6,3,"[2,1,3,1,1,1]","[3,3,2]","[[0,1,2],[0],[0,1,2],[0],[0,2],[1,2]]",UNSAT,UNSAT,"[0,1,2,3,4]",0.151381000,0.158081000,False
500372,3,3,"[1,1,2]","[1,3,3]","[[1],[2],[0,2]]",FEASIBLE,FEASIBLE,null,0.020360000,0.022320000,False
500373,3,5,"[2,1,3]","[1,2,3,2,2]","[[0,2,3,4],[1,3],[1,3,4]]",FEASIBLE,FEASIBLE,null,0.028201000,0.029938000,False
500374,4,4,"[2,1,3,1]","[2,3,1,3]","[[0,1,2,3],[0,1,2,3],[0,1,2,3],[0,3]]",FEASIBLE,FEASIBLE,null,0.048708000,0.037748000,False
500375,1,1,[1],[1],[[0]],FEASIBLE,FEASIBLE,null,0.002805000,0.009992000,False
500376,4,5,"[1,1,2,2]","[3,3,2,3,1]","[[0,1,2,3],[0,2],[0,1,3,4],[3,4]]",FEASIBLE,FEASIBLE,null,0.058995000,0.033670000,False
500377,7,2,"[1,1,1,2,1,2,2]","[1,1]","[[0],[0,1],[1],[0,1],[0,1],[0,1],[0,1]]",UNSAT,UNSAT,"[0,3]",0.019381000,0.049178000,False
500378,7,3,"[1,2,3,1,1,2,1]","[3,3,2]","[[0],[1,2],[0,1,2],[0],[0],[1,2],[0,1,2]]",UNSAT,UNSAT,"[1,2,5]",0.114522000,0.059128000,False
500379,4,6,"[1,1,3,1]","[1,2,1,3,1,3]","[[3,4,5],[1,2],[1,3,5],[0,1,2,4,5]]",FEASIBLE,FEASIBLE,null,0.069718000,0.034347000,False
500380,7,4,"[2,2,1,3,1,1,1]","[2,3,1,3]","[[0,1],[0,2],[2],[0,1,2,3],[2,3],[0,1,2,3],[0,1,2]]",UNSAT,UNSAT,"[1,2]",0.042586000,0.085474000,False
500381,3,3,"[1,2,2]","[2,3,3]","[[0,1,2],[0,1,2],[0,2]]",FEASIBLE,FEASIBLE,null,0.019470000,0.033779000,False
500382,3,4,"[2,1,1]","[2,3,1,3]","[[0,1,3],[3],[2]]",FEASIBLE,FEASIBLE,null,0.034785000,0.023940000,False
500383,4,6,"[2,2,3,2]","[1,3,2,3,3,1]","[[0,1,2,3,5],[0,1,2,3,4],[0,2,3],[0,2,3,4,5]]",FEASIBLE,FEASIBLE,null,0.068064000,0.061834000,False
500384,6,6,"[2,2,2,1,3,1]","[1,3,3,1,2,2]","[[1,2,4,5],[1,3,4],[0,1,2,5],[1],[0,1,2,3,4,5],[0,1,2,3,4,5]]",FEASIBLE,FEASIBLE,null,0.317396000,0.168611000,False
500385,6,6,"[1,1,2,1,1,1]","[3,2,2,1,1,3]","[[0,1,2,3,4,5],[1,2],[0,4],[0,1,2,3,4],[5],[0,1,2,3,4]]",FEASIBLE,FEASIBLE,null,0.314003000,0.044885000,False
500386,2,1,"[1,1]",[3],"[[0],[0]]",FEASIBLE,FEASIBLE,null,0.006150000,0.014395000,False
500387,7,2,"[1,1,1,1,1,1,1]","[2,3]","[[0],[0,1],[0,1],[0],[0],[1],[0]]",UNSAT,UNSAT,"[0,3,4]",0.072214000,0.060460000,False
500388,3,2,"[1,2,1]","[1,3]","[[0,1],[0,1],[0]]",UNSAT,UNSAT,"[1,2]",0.012816000,0.039470000,False
500389,3,4,"[2,3,1]","[3,2,1,2]","[[0,3],[0,1,2,3],[1,2,3]]",FEASIBLE,FEASIBLE,null,0.024393000,0.030443000,False
500390,7,5,"[1,2,1,1,3,3,2]","[3,2,2,3,2]","[[0,1,2,4],[0,2,3,4],[0,1,3,4],[0,1,2,3],[0,1,2,3,4],[0,1,2,3,4],[0,1,2]]",UNSAT,UNSAT,"[0,1,2,3,4,5,6]",0.557444000,0.129381000,False
500391,6,4,"[1,3,1,3,3,1]","[2,1,2,2]","[[0,1,2,3],[0,1,2],[0,1,2,3],[0,1,2,3],[0,1,3],[3]]",UNSAT,UNSAT,"[1,4]",0.050505000,0.068315000,False
500392,4,7,"[2,1,1,2]","[2,2,2,2,2,2,3]","[[0,1,2,3,5,6],[0,1,3,6],[1,2],[1,6]]",FEASIBLE,FEASIBLE,null,0.080795000,0.047665000,False
500393,3,1,"[1,1,1]",[1],"[[0],[0],[0]]",UNSAT,UNSAT,"[0,1]",0.007323000,0.026399000,False
500394,4,1,"[1,1,1,1]",[1],"[[0],[0],[0],[0]]",UNSAT,UNSAT,"[0,1]",0.008752000,0.029869000,False
500395,3,5,"[2,3,2]","[2,2,3,1,2]","[[0,1,4],[0,1,2,3,4],[0,1,2,3,4]]",FEASIBLE,FEASIBLE,null,0.029958000,0.037476000,False
500396,3,2,"[1,2,1]","[3,1]","[[0],[0,1],[1]]",UNSAT,UNSAT,"[1,2]",0.013967000,0.123804000,False
500397,6,1,"[1,1,1,1,1,1]",[2],"[[0],[0],[0],[0],[0],[0]]",UNSAT,UNSAT,"[0,1,2]",0.029607000,0.038578000,False
500398,7,7,"[1,2,1,2,3,2,1]","[1,1,1,1,1,1,3]","[[1,2],[0,1,3,5],[0,3,4,5,6],[0,1,2,3,4,5,6],[1,2,5,6],[1,3,5,6],[3,4,5]]",UNSAT,UNSAT,"[0,1,4,5]",0.433089000,0.135748000,False
500399,2,3,"[2,1]","[3,1,3]","[[0,1,2],[0,2]]",FEASIBLE,FEASIBLE,null,0.010573000,0.020216000,False
500400,3,1,"[1,1,1]",[2],"[[0],[0],[0]]",UNSAT,UNSAT,"[0,1,2]",0.018985000,0.047458000,False
500401,2,3,"[1,2]","[3,2,2]","[[2],[0,2]]",FEASIBLE,FEASIBLE,null,0.010428000,0.020241000,False
500402,4,3,"[1,1,1,1]","[2,1,3]","[[2],[1],[0,1,2],[1,2]]",FEASIBLE,FEASIBLE,null,0.043055000,0.030629000,False
500403,7,5,"[2,2,2,3,2,2,2]","[2,3,2,2,3]","[[0,2],[0,1,2,3,4],[0,2,3,4],[1,2,4],[0,2,3,4],[2,3,4],[0,1]]",UNSAT,UNSAT,"[0,2,3,4,5]",0.487682000,0.091379000,False
500404,1,3,[2],"[2,1,1]","[[1,2]]",FEASIBLE,FEASIBLE,null,0.004508000,0.015555000,False
500405,2,3,"[1,1]","[1,3,1]","[[0,1,2],[1]]",FEASIBLE,FEASIBLE,null,0.009703000,0.019911000,False
500406,2,6,"[1,1]","[3,3,2,1,3,2]","[[0,4],[0,2,3,4,5]]",FEASIBLE,FEASIBLE,null,0.015300000,0.021727000,False
500407,1,4,[1],"[1,1,1,2]",[[0]],FEASIBLE,FEASIBLE,null,0.004958000,0.012356000,False
500408,6,4,"[1,1,2,1,3,1]","[2,3,2,3]","[[1],[0,2,3],[0,1],[0],[0,1,2,3],[0,1,2]]",FEASIBLE,FEASIBLE,null,0.242236000,0.082882000,False
500409,2,5,"[2,3]","[3,1,3,3,1]","[[0,2,3,4],[0,3,4]]",FEASIBLE,FEASIBLE,null,0.013943000,0.028693000,False
500410,7,4,"[3,1,2,1,1,2,3]","[1,1,2,1]","[[0,2,3],[0],[0,1,2,3],[1],[1,3],[0,1,2,3],[0,1,2]]",UNSAT,UNSAT,"[0,1]",0.025725000,0.176560000,False
500411,4,3,"[2,1,2,1]","[1,3,2]","[[0,1,2],[0,1,2],[0,1,2],[0,1,2]]",FEASIBLE,FEASIBLE,null,0.041615000,0.036775000,False
500412,2,3,"[2,3]","[2,3,1]","[[0,1,2],[0,1,2]]",FEASIBLE,FEASIBLE,null,0.009688000,0.024596000,False
500413,3,4,"[1,2,1]","[2,3,1,1]","[[0,1],[0,1,2,3],[0,2,3]]",FEASIBLE,FEASIBLE,null,0.024654000,0.028076000,False
500414,3,6,"[2,1,2]","[2,1,1,1,2,1]","[[0,1],[1],[0,1,2,3]]",UNSAT,UNSAT,"[0,1]",0.018734000,0.038110000,False
500415,3,1,"[1,1,1]",[3],"[[0],[0],[0]]",FEASIBLE,FEASIBLE,null,0.012007000,0.032877000,False
500416,1,6,[1],"[1,2,3,3,2,2]","[[0,1,2,3,4]]",FEASIBLE,FEASIBLE,null,0.006739000,0.017573000,False
500417,4,1,"[1,1,1,1]",[3],"[[0],[0],[0],[0]]",UNSAT,UNSAT,"[0,1,2,3]",0.023718000,0.033928000,False
500418,1,1,[1],[1],[[0]],FEASIBLE,FEASIBLE,null,0.003289000,0.011280000,False
500419,4,3,"[2,1,1,1]","[2,1,2]","[[0,2],[1],[0,1,2],[0,1]]",FEASIBLE,FEASIBLE,null,0.044127000,0.040633000,False
500420,5,4,"[1,1,1,2,3]","[3,2,2,1]","[[3],[1],[1,3],[1,2],[0,1,2,3]]",UNSAT,UNSAT,"[0,1,2,3]",0.090905000,0.051719000,False
500421,4,6,"[2,3,3,2]","[1,1,2,3,2,2]","[[0,1,2,3,4,5],[0,1,2,4,5],[2,3,4],[0,1,2,3,4,5]]",FEASIBLE,FEASIBLE,null,0.076168000,0.055209000,False
500422,4,4,"[3,1,3,1]","[3,1,1,2]","[[0,1,2],[2],[0,1,2,3],[1]]",UNSAT,UNSAT,"[0,1]",0.017988000,0.048636000,False
500423,1,3,[2],"[3,1,3]","[[1,2]]",FEASIBLE,FEASIBLE,null,0.004579000,0.016063000,False
500424,6,2,"[1,1,1,2,1,1]","[1,1]","[[0,1],[1],[0,1],[0,1],[0],[0]]",UNSAT,UNSAT,"[0,3]",0.019406000,0.046520000,False
500425,4,3,"[1,3,1,1]","[2,2,1]","[[2],[0,1,2],[0],[0]]",UNSAT,UNSAT,"[0,1]",0.015064000,0.041687000,False
500426,1,7,[1],"[3,3,1,3,2,3,2]","[[1,4]]",FEASIBLE,FEASIBLE,null,0.006770000,0.131357000,False
500427,5,5,"[3,3,1,3,3]","[1,2,3,1,1]","[[0,2,4],[0,1,2,3,4],[2],[0,1,2,3,4],[2,3,4]]",UNSAT,UNSAT,"[0,4]",0.036951000,0.075141000,False
500428,3,7,"[2,3,2]","[1,1,1,3,2,2,3]","[[0,1,2,6],[0,3,5,6],[5,6]]",FEASIBLE,FEASIBLE,null,0.039269000,0.038728000,False
500429,7,5,"[2,2,1,3,1,1,3]","[3,1,3,3,3]","[[0,1,3,4],[0,1,2,3,4],[0,1,3,4],[0,1,2,3],[0,2,4],[0,2,4],[0,1,2,3,4]]",FEASIBLE,FEASIBLE,null,0.599448000,0.099355000,False
500430,1,4,[1],"[3,2,2,2]","[[0,2,3]]",FEASIBLE,FEASIBLE,null,0.005489000,0.015363000,False
500431,1,4,[2],"[3,3,1,3]","[[0,1,2,3]]",FEASIBLE,FEASIBLE,null,0.004836000,0.017296000,False
500432,4,4,"[2,1,2,3]","[3,2,2,2]","[[0,3],[1,2],[0,1,3],[1,2,3]]",FEASIBLE,FEASIBLE,null,0.053511000,0.047857000,False
500433,6,5,"[1,3,1,1,3,2]","[2,3,3,3,2]","[[4],[0,1,2,3,4],[1],[1,2,3,4],[0,1,2,3,4],[1,2]]",FEASIBLE,FEASIBLE,null,0.418115000,0.071207000,False
500434,2,5,"[2,3]","[3,1,1,2,1]","[[0,2,3,4],[0,2,3,4]]",FEASIBLE,FEASIBLE,null,0.014030000,0.031645000,False
500435,7,7,"[2,2,2,1,3,3,1]","[3,1,3,2,1,3,3]","[[0,1,3,4,5,6],[0,5],[0,1,2,4,5,6],[0,1,3,5],[0,1,2,3,4,5,6],[0,1,2,3,4,5],[3]]",FEASIBLE,FEASIBLE,null,0.807422000,0.103608000,False
500436,7,6,"[3,1,1,1,1,3,2]","[3,3,3,2,1,1]","[[1,2,3,4,5],[4,5],[2,3,4,5],[0,1,3,5],[1],[0,1,2,3],[0,4,5]]",FEASIBLE,FEASIBLE,null,0.798988000,0.065993000,False
500437,7,5,"[3,3,1,1,2,1,3]","[1,1,2,3,3]","[[0,1,2,3,4],[1,2,3,4],[3],[0],[0,2,3],[1,2,3,4],[1,2,3,4]]",UNSAT,UNSAT,"[0,1,4,6]",0.310298000,0.090603000,False
500438,6,1,"[1,1,1,1,1,1]",[2],"[[0],[0],[0],[0],[0],[0]]",UNSAT,UNSAT,"[0,1,2]",0.032001000,0.042079000,False
500439,1,1,[1],[1],[[0]],FEASIBLE,FEASIBLE,null,0.003205000,0.011647000,False
500440,1,5,[1],"[2,1,2,2,3]",[[1]],FEASIBLE,FEASIBLE,null,0.005669000,0.013432000,False
500441,7,4,"[2,2,2,1,1,3,2]","[3,1,3,3]","[[0,2],[0,1,2,3],[0,1,2],[2],[3],[0,1,2,3],[2,3]]",UNSAT,UNSAT,"[0,1,2,3,5]",0.422636000,0.077333000,False
500442,2,4,"[1,3]","[1,2,3,3]","[[2],[1,2,3]]",FEASIBLE,FEASIBLE,null,0.012513000,0.023471000,False
500443,1,3,[2],"[1,3,3]","[[0,2]]",FEASIBLE,FEASIBLE,null,0.004295000,0.015415000,False
500444,4,6,"[1,2,3,1]","[3,3,1,2,2,1]","[[0,1,2,3,4,5],[0,1,2,3,4,5],[0,1,2,3,4,5],[0,1,3,4]]",FEASIBLE,FEASIBLE,null,0.074560000,0.068263000,False
500445,1,4,[3],"[3,3,2,1]","[[0,1,2]]",FEASIBLE,FEASIBLE,null,0.005392000,0.019606000,False
500446,7,2,"[1,1,2,1,1,1,2]","[1,2]","[[1],[0,1],[0,1],[1],[1],[0,1],[0,1]]",UNSAT,UNSAT,"[2,6]",0.044456000,0.053640000,False
500447,3,1,"[1,1,1]",[1],"[[0],[0],[0]]",UNSAT,UNSAT,"[0,1]",0.007882000,0.027357000,False
500448,1,7,[2],"[3,3,2,1,3,3,3]","[[1,4,5,6]]",FEASIBLE,FEASIBLE,null,0.007206000,0.019965000,False
500449,1,6,[1],"[1,2,3,1,3,3]","[[0,2,3,4]]",FEASIBLE,FEASIBLE,null,0.006520000,0.018513000,False
500450,7,5,"[3,2,1,1,3,1,1]","[3,3,2,3,1]","[[0,1,2,3],[0,1,2,3],[0,1,2,3,4],[0,1,4],[0,1,3],[0,1,2,4],[0,2,3,4]]",FEASIBLE,FEASIBLE,null,0.659689000,0.186033000,False
500451,7,4,"[1,3,2,2,2,1,2]","[2,2,1,1]","[[0,1,3],[0,1,2,3],[1,2,3],[0,1,2],[0,1,2,3],[0],[0,1,3]]",UNSAT,UNSAT,"[1,2,3]",0.190375000,0.077596000,False
500452,3,4,"[1,1,1]","[2,1,1,2]","[[1,2,3],[0,1,2,3],[1,2]]",FEASIBLE,FEASIBLE,null,0.026531000,0.027456000,False
500453,4,5,"[1,2,2,2]","[1,3,3,1,3]","[[3],[1,3,4],[0,1,2,3,4],[1,2,4]]",FEASIBLE,FEASIBLE,null,0.065400000,0.040770000,False
500454,7,3,"[1,1,1,1,1,2,1]","[2,2,2]","[[2],[1],[0],[0,1,2],[0,1,2],[1,2],[0,2]]",UNSAT,UNSAT,"[0,1,2,3,4,5]",0.406660000,0.061908000,False
500455,3,6,"[3,2,2]","[2,3,2,2,1,3]","[[0,1,2,3,4,5],[0,1,2,3,4,5],[0,1,2,3,5]]",FEASIBLE,FEASIBLE,null,0.035649000,0.073595000,False
500456,2,2,"[1,1]","[2,1]","[[1],[0]]",FEASIBLE,FEASIBLE,null,0.008985000,0.016698000,False
500457,7,1,"[1,1,1,1,1,1,1]",[2],"[[0],[0],[0],[0],[0],[0],[0]]",UNSAT,UNSAT,"[0,1,2]",0.040190000,0.044080000,False
500458,4,3,"[3,1,1,2]","[3,2,2]","[[0,1,2],[1,2],[1],[0,1,2]]",UNSAT,UNSAT,"[0,1,2,3]",0.046015000,0.047993000,False
500459,1,3,[1],"[3,3,1]","[[0,1,2]]",FEASIBLE,FEASIBLE,null,0.004563000,0.014332000,False
500460,1,6,[1],"[3,2,1,2,3,3]",[[3]],FEASIBLE,FEASIBLE,null,0.006358000,0.013974000,False
500461,7,2,"[2,1,2,1,1,1,2]","[2,2]","[[0,1],[0,1],[0,1],[0,1],[0,1],[0],[0,1]]",UNSAT,UNSAT,"[0,1,2]",0.059851000,0.060283000,False
500462,5,5,"[3,3,3,1,1]","[3,2,2,3,3]","[[0,1,2,4],[1,2,3],[0,1,4],[1],[0]]",UNSAT,UNSAT,"[1,2,3]",0.094650000,0.079629000,False
500463,2,2,"[1,1]","[3,2]","[[0],[1]]",FEASIBLE,FEASIBLE,null,0.008657000,0.016823000,False
500464,3,3,"[2,2,1]","[3,1,1]","[[0,1,2],[0,2],[1]]",UNSAT,UNSAT,"[0,1,2]",0.025142000,0.173935000,False
500465,2,2,"[1,2]","[1,1]","[[1],[0,1]]",UNSAT,UNSAT,"[0,1]",0.012306000,0.034038000,False
500466,1,3,[1],"[1,3,1]",[[1]],FEASIBLE,FEASIBLE,null,0.004582000,0.012579000,False
500467,7,2,"[2,1,2,1,1,1,1]","[2,2]","[[0,1],[0],[0,1],[1],[0],[1],[0]]",UNSAT,UNSAT,"[0,1,2]",0.075382000,0.054160000,False
500468,5,7,"[3,1,3,1,3]","[2,3,1,3,2,1,1]","[[0,1,3,6],[1,2,3,4,5,6],[0,2,5,6],[3],[1,2,5]]",UNSAT,UNSAT,"[2,4]",0.076504000,0.080599000,False
500469,4,6,"[1,2,2,3]","[2,2,2,3,2,2]","[[0,1,2,3,4,5],[0,2,3,4],[1,2,3,4],[0,3,4,5]]",FEASIBLE,FEASIBLE,null,0.076004000,0.047143000,False
500470,3,7,"[2,3,1]","[1,2,2,3,1,1,1]","[[1,3,5,6],[0,3,6],[0,2,3,4]]",FEASIBLE,FEASIBLE,null,0.046324000,0.042058000,False
500471,4,5,"[2,3,1,1]","[1,2,2,2,2]","[[0,2,3,4],[0,1,2,3,4],[1,2,3,4],[0]]",FEASIBLE,FEASIBLE,null,0.065821000,0.054059000,False
500472,6,7,"[1,1,1,2,3,2]","[3,1,3,1,2,2,3]","[[0,1,3,6],[2,6],[4],[0,1,2,5,6],[2,4,6],[3,4]]",UNSAT,UNSAT,"[2,4,5]",0.228590000,0.072550000,False
500473,5,7,"[1,2,3,1,3]","[3,3,2,1,3,1,2]","[[0,2,4],[0,1,2,3,4,5,6],[0,3,4],[4,6],[0,1,2,3,4,5,6]]",FEASIBLE,FEASIBLE,null,0.231719000,0.058169000,False
500474,6,3,"[2,2,1,2,1,1]","[2,2,2]","[[0,1],[1,2],[0],[0,2],[0],[0,1,2]]",UNSAT,UNSAT,"[0,2,3]",0.078130000,0.066139000,False
500475,2,2,"[1,1]","[1,1]","[[0,1],[0]]",FEASIBLE,FEASIBLE,null,0.008314000,0.023031000,False
500476,3,6,"[1,2,2]","[1,1,2,3,2,3]","[[0,1,2,3,4],[0,1,2,3,4,5],[0,2,4]]",FEASIBLE,FEASIBLE,null,0.034468000,0.132509000,False
500477,6,3,"[1,1,2,1,1,1]","[1,3,1]","[[2],[1],[1,2],[0],[0,1,2],[2]]",UNSAT,UNSAT,"[0,2]",0.022631000,0.048047000,False
500478,5,2,"[1,2,1,1,1]","[3,3]","[[0],[0,1],[1],[0],[0,1]]",FEASIBLE,FEASIBLE,null,0.066754000,0.032209000,False
500479,1,1,[1],[3],[[0]],FEASIBLE,FEASIBLE,null,0.003301000,0.010923000,False
500480,5,3,"[1,1,1,2,1]","[2,3,1]","[[0,1],[0,2],[0],[1,2],[0,2]]",UNSAT,UNSAT,"[1,2,3,4]",0.086068000,0.059722000,False
500481,3,1,"[1,1,1]",[1],"[[0],[0],[0]]",UNSAT,UNSAT,"[0,1]",0.007673000,0.026478000,False
500482,4,3,"[1,1,1,2]","[3,1,1]","[[0,1,2],[2],[0,1],[0,2]]",UNSAT,UNSAT,"[1,3]",0.031402000,0.040057000,False
500483,3,5,"[1,1,1]","[1,1,3,2,2]","[[1],[4],[4]]",FEASIBLE,FEASIBLE,null,0.029500000,0.021652000,False
500484,2,4,"[1,1]","[1,3,2,1]","[[0],[0,1,2,3]]",FEASIBLE,FEASIBLE,null,0.012112000,0.019863000,False
500485,5,1,"[1,1,1,1,1]",[3],"[[0],[0],[0],[0],[0]]",UNSAT,UNSAT,"[0,1,2,3]",0.037664000,0.036292000,False
500486,4,1,"[1,1,1,1]",[3],"[[0],[0],[0],[0]]",UNSAT,UNSAT,"[0,1,2,3]",0.022597000,0.032219000,False
500487,4,2,"[1,1,1,2]","[1,3]","[[0],[1],[0,1],[0,1]]",UNSAT,UNSAT,"[0,3]",0.035559000,0.041989000,False
500488,3,7,"[3,3,2]","[3,3,3,3,1,1,1]","[[1,2,3,4,6],[1,2,3,4,5],[1,2]]",FEASIBLE,FEASIBLE,null,0.039459000,0.039164000,False
500489,2,3,"[2,1]","[2,2,1]","[[0,1],[0,1,2]]",FEASIBLE,FEASIBLE,null,0.010030000,0.020559000,False
500490,4,2,"[2,2,1,1]","[1,1]","[[0,1],[0,1],[0,1],[0]]",UNSAT,UNSAT,"[0,1]",0.011479000,0.038313000,False
500491,5,5,"[3,3,1,1,2]","[2,1,3,1,3]","[[0,2,3,4],[0,1,2,3,4],[4],[4],[0,1,2,3,4]]",FEASIBLE,FEASIBLE,null,0.133133000,0.055059000,False
500492,4,1,"[1,1,1,1]",[2],"[[0],[0],[0],[0]]",UNSAT,UNSAT,"[0,1,2]",0.016846000,0.126061000,False
500493,3,4,"[1,1,3]","[3,3,1,3]","[[1,2],[3],[0,1,2,3]]",FEASIBLE,FEASIBLE,null,0.026295000,0.028398000,False
500494,3,1,"[1,1,1]",[3],"[[0],[0],[0]]",FEASIBLE,FEASIBLE,null,0.012201000,0.018527000,False
500495,7,2,"[1,1,2,1,1,1,1]","[1,3]","[[0,1],[0],[0,1],[0,1],[0,1],[1],[0,1]]",UNSAT,UNSAT,"[1,2]",0.028465000,0.054061000,False
500496,4,6,"[1,2,1,1]","[2,1,1,2,1,1]","[[1],[0,2,3,5],[4],[2,3,4,5]]",FEASIBLE,FEASIBLE,null,0.076460000,0.034106000,False
500497,1,4,[1],"[3,2,2,2]",[[2]],FEASIBLE,FEASIBLE,null,0.005070000,0.012591000,False
500498,7,5,"[1,3,1,1,1,2,1]","[3,1,1,3,3]","[[2],[0,1,2,4],[2],[0,1,2,3,4],[1,2,4],[1,3],[0,1,2,3,4]]",UNSAT,UNSAT,"[0,2]",0.036108000,0.068162000,False
500499,6,1,"[1,1,1,1,1,1]",[1],"[[0],[0],[0],[0],[0],[0]]",UNSAT,UNSAT,"[0,1]",0.010888000,0.039251000,False
500500,1,4,[2],"[2,1,3,3]","[[0,1,2,3]]",FEASIBLE,FEASIBLE,null,0.010721000,0.027020000,False
500501,4,2,"[2,1,1,1]","[1,3]","[[0,1],[0,1],[0],[0,1]]",UNSAT,UNSAT,"[0,2]",0.014153000,0.042811000,False
500502,4,4,"[2,1,2,3]","[3,1,3,1]","[[0,1,2,3],[1,3],[0,2],[0,1,2]]",FEASIBLE,FEASIBLE,null,0.051890000,0.049473000,False
500503,5,6,"[2,1,1,1,1]","[2,1,2,2,2,3]","[[0,1,2,3,4,5],[2],[5],[1,2,5],[1,3]]",FEASIBLE,FEASIBLE,null,0.147657000,0.043024000,False
500504,6,5,"[2,1,1,1,3,1]","[3,2,1,2,3]","[[2,3],[1,2,4],[1],[0],[1,2,3,4],[0]]",FEASIBLE,FEASIBLE,null,0.265224000,0.056030000,False
500505,7,2,"[2,1,1,1,1,2,1]","[2,2]","[[0,1],[0,1],[0,1],[1],[1],[0,1],[0]]",UNSAT,UNSAT,"[0,1,5]",0.061000000,0.052496000,False
500506,2,4,"[1,1]","[2,3,3,1]","[[0,2],[1,2]]",FEASIBLE,FEASIBLE,null,0.011533000,0.143160000,False
500507,7,4,"[1,2,3,3,3,3,2]","[3,1,1,2]","[[3],[2,3],[0,1,2,3],[0,1,2],[0,1,2,3],[0,1,2,3],[0,3]]",UNSAT,UNSAT,"[1,3]",0.049844000,0.090568000,False
500508,7,4,"[1,1,1,2,3,2,1]","[3,1,3,2]","[[0,1,2,3],[1],[1],[0,1,2,3],[0,1,2,3],[0,1,2,3],[0,2,3]]",UNSAT,UNSAT,"[1,2]",0.068268000,0.081052000,False
500509,7,2,"[2,2,2,2,1,1,1]","[3,1]","[[0,1],[0,1],[0,1],[0,1],[1],[0],[1]]",UNSAT,UNSAT,"[0,1]",0.018286000,0.054103000,False
500510,3,4,"[1,1,2]","[1,1,3,2]","[[1],[2,3],[0,3]]",FEASIBLE,FEASIBLE,null,0.024629000,0.025421000,False
500511,3,6,"[1,3,1]","[1,1,3,3,3,2]","[[2,4],[0,1,2,3,4,5],[2,3,4,5]]",FEASIBLE,FEASIBLE,null,0.033480000,0.031678000,False
500512,4,2,"[1,1,2,1]","[1,3]","[[0,1],[0],[0,1],[0,1]]",UNSAT,UNSAT,"[1,2]",0.016888000,0.046314000,False
500513,7,2,"[1,2,1,1,1,1,1]","[3,1]","[[1],[0,1],[0],[0,1],[1],[1],[0]]",UNSAT,UNSAT,"[0,1]",0.016025000,0.055797000,False
500514,1,7,[3],"[3,3,2,1,3,3,3]","[[0,1,2,3,4,5,6]]",FEASIBLE,FEASIBLE,null,0.006642000,0.023816000,False
500515,4,2,"[1,1,2,1]","[1,2]","[[0],[0],[0,1],[1]]",UNSAT,UNSAT,"[0,1]",0.011185000,0.034009000,False
500516,6,2,"[1,1,1,1,1,1]","[1,1]","[[0,1],[0],[1],[0],[1],[1]]",UNSAT,UNSAT,"[1,3]",0.025512000,0.040294000,False
500517,3,3,"[1,2,1]","[1,2,2]","[[0,1,2],[0,1,2],[1]]",FEASIBLE,FEASIBLE,null,0.020649000,0.028290000,False
500518,2,4,"[3,2]","[1,1,3,2]","[[0,2,3],[1,3]]",FEASIBLE,FEASIBLE,null,0.011548000,0.024114000,False
500519,7,2,"[1,1,1,2,1,1,1]","[1,2]","[[0],[0],[1],[0,1],[0],[1],[1]]",UNSAT,UNSAT,"[0,1]",0.015997000,0.143468000,False
500520,6,1,"[1,1,1,1,1,1]",[1],"[[0],[0],[0],[0],[0],[0]]",UNSAT,UNSAT,"[0,1]",0.010597000,0.037443000,False
500521,5,7,"[1,2,2,2,1]","[2,2,2,1,3,1,1]","[[0,1,2,3],[1,2,5,6],[0,1,2,3,4],[0,1],[1,2,5,6]]",FEASIBLE,FEASIBLE,null,0.173557000,0.065887000,False
500522,6,1,"[1,1,1,1,1,1]",[1],"[[0],[0],[0],[0],[0],[0]]",UNSAT,UNSAT,"[0,1]",0.013442000,0.046337000,False
500523,2,1,"[1,1]",[3],"[[0],[0]]",FEASIBLE,FEASIBLE,null,0.008491000,0.019222000,False
500524,7,7,"[1,3,2,3,2,2,3]","[2,3,3,3,2,1,2]","[[4],[0,4,5],[0,1,3,4,5,6],[0,1,2,4,6],[3,4,5,6],[3,4],[1,2,5]]",UNSAT,UNSAT,"[1,6]",0.089568000,0.089018000,False
500525,1,2,[1],"[3,1]",[[1]],FEASIBLE,FEASIBLE,null,0.003936000,0.011569000,False
500526,7,2,"[1,2,2,1,1,2,2]","[1,2]","[[0],[0,1],[0,1],[0,1],[1],[0,1],[0,1]]",UNSAT,UNSAT,"[0,1]",0.016286000,0.052548000,False
500527,3,2,"[1,1,1]","[3,2]","[[0],[0],[0,1]]",FEASIBLE,FEASIBLE,null,0.015669000,0.019991000,False
500528,2,2,"[2,2]","[3,1]","[[0,1],[0,1]]",UNSAT,UNSAT,"[0,1]",0.007755000,0.027748000,False
500529,2,7,"[2,1]","[2,3,1,3,3,1,3]","[[3,5],[0,1,3,4,6]]",FEASIBLE,FEASIBLE,null,0.016670000,0.024524000,False
500530,5,6,"[2,2,2,3,1]","[2,2,2,3,1,2]","[[4,5],[2,3,4],[1,3],[1,2,3,4,5],[2]]",FEASIBLE,FEASIBLE,null,0.157296000,0.058671000,False
500531,4,5,"[3,2,1,2]","[2,1,3,2,1]","[[0,1,3,4],[1,2,3],[0,1,2,3,4],[1,2,3,4]]",FEASIBLE,FEASIBLE,null,0.061529000,0.044107000,False
500532,5,1,"[1,1,1,1,1]",[1],"[[0],[0],[0],[0],[0]]",UNSAT,UNSAT,"[0,1]",0.009268000,0.037873000,False
500533,6,6,"[2,2,2,3,2,2]","[1,3,1,3,2,1]","[[1,2],[1,2,4,5],[2,5],[0,2,3,4,5],[0,1,3,5],[2,5]]",UNSAT,UNSAT,"[0,2]",0.035220000,0.179014000,False
500534,4,5,"[1,2,2,3]","[2,2,3,3,3]","[[1,2,3],[0,1,3,4],[2,4],[0,3,4]]",FEASIBLE,FEASIBLE,null,0.061706000,0.042097000,False
500535,4,1,"[1,1,1,1]",[2],"[[0],[0],[0],[0]]",UNSAT,UNSAT,"[0,1,2]",0.016103000,0.031383000,False
500536,7,2,"[1,1,2,1,1,1,1]","[3,1]","[[1],[1],[0,1],[0],[0],[0],[0,1]]",UNSAT,UNSAT,"[0,1]",0.016258000,0.049309000,False
500537,7,1,"[1,1,1,1,1,1,1]",[2],"[[0],[0],[0],[0],[0],[0],[0]]",UNSAT,UNSAT,"[0,1,2]",0.039781000,0.041809000,False
500538,1,7,[1],"[2,2,1,2,3,1,3]","[[1,6]]",FEASIBLE,FEASIBLE,null,0.006501000,0.031538000,False
500539,3,1,"[1,1,1]",[3],"[[0],[0],[0]]",FEASIBLE,FEASIBLE,null,0.011458000,0.018355000,False
500540,2,1,"[1,1]",[3],"[[0],[0]]",FEASIBLE,FEASIBLE,null,0.006010000,0.017980000,False
500541,4,1,"[1,1,1,1]",[2],"[[0],[0],[0],[0]]",UNSAT,UNSAT,"[0,1,2]",0.015370000,0.030169000,False
500542,4,1,"[1,1,1,1]",[2],"[[0],[0],[0],[0]]",UNSAT,UNSAT,"[0,1,2]",0.015676000,0.029342000,False
500543,7,5,"[2,1,2,3,2,2,1]","[3,1,2,3,3]","[[0,1,3,4],[0,2,3,4],[1,2,3],[0,1,2,3,4],[0,1],[2,4],[3]]",UNSAT,UNSAT,"[0,1,2,3,4,5,6]",0.580332000,0.103396000,False
500544,4,1,"[1,1,1,1]",[3],"[[0],[0],[0],[0]]",UNSAT,UNSAT,"[0,1,2,3]",0.021418000,0.031060000,False
500545,4,5,"[1,1,2,3]","[2,2,2,3,3]","[[4],[0,2],[0,2,4],[0,1,2,3,4]]",FEASIBLE,FEASIBLE,null,0.082357000,0.050416000,False
500546,5,7,"[3,1,2,1,3]","[2,3,3,2,3,3,1]","[[0,1,2,4,6],[0,3,6],[0,2,3,4,5,6],[1,2,3,5,6],[0,3,6]]",FEASIBLE,FEASIBLE,null,0.239936000,0.088813000,False
500547,1,7,[3],"[3,3,1,3,2,2,3]","[[0,1,2,3,4,5,6]]",FEASIBLE,FEASIBLE,null,0.009092000,0.174490000,False
500548,3,7,"[3,3,1]","[2,3,2,2,3,2,1]","[[0,1,2,3,4,5,6],[1,2,3,4,5,6],[0,1,2,4,5]]",FEASIBLE,FEASIBLE,null,0.052725000,0.054102000,False
500549,1,6,[1],"[2,3,3,1,1,2]",[[4]],FEASIBLE,FEASIBLE,null,0.010046000,0.020679000,False
500550,3,2,"[2,1,1]","[3,3]","[[0,1],[0,1],[0]]",FEASIBLE,FEASIBLE,null,0.021412000,0.030854000,False
500551,6,6,"[2,1,2,2,2,2]","[1,3,1,2,3,1]","[[0,1,2,3,4,5],[0,1,2,3,4,5],[0,2,4],[1,2],[0,2,4,5],[1,4]]",FEASIBLE,FEASIBLE,null,0.342652000,0.091259000,False
500552,5,5,"[2,2,1,1,1]","[2,2,3,2,1]","[[0,1,3,4],[0,3],[0,1,2,3,4],[2,3,4],[1]]",FEASIBLE,FEASIBLE,null,0.128035000,0.052122000,False
500553,6,5,"[1,3,2,1,2,2]","[3,1,1,2,1]","[[0,1,2,3,4],[0,1,2,3,4],[0,1,4],[1,3,4],[1,4],[0,2,3,4]]",UNSAT,UNSAT,"[2,4]",0.064159000,0.073320000,False
500554,5,1,"[1,1,1,1,1]",[3],"[[0],[0],[0],[0],[0]]",UNSAT,UNSAT,"[0,1,2,3]",0.035181000,0.035254000,False
500555,7,7,"[2,2,2,3,1,1,2]","[2,1,1,2,1,3,2]","[[0,1,2,3,4,6],[1,2,5,6],[0,1,2,4,5],[0,2,3,4,5,6],[0,1,2,3,6],[3,4],[1,3,6]]",UNSAT,UNSAT,"[0,1,2,3,4,5,6]",0.834023000,0.130752000,False
500556,1,2,[1],"[1,3]","[[0,1]]",FEASIBLE,FEASIBLE,null,0.003872000,0.012760000,False
500557,5,4,"[1,2,1,1,2]","[3,3,3,1]","[[2,3],[1,2,3],[0,1,2,3],[2],[0,1,2]]",FEASIBLE,FEASIBLE,null,0.119416000,0.041855000,False
500558,6,3,"[3,1,1,2,1,1]","[2,2,3]","[[0,1,2],[1],[0,1,2],[0,1,2],[0,1,2],[1]]",UNSAT,UNSAT,"[0,1,5]",0.072477000,0.170936000,False
500559,6,1,"[1,1,1,1,1,1]",[1],"[[0],[0],[0],[0],[0],[0]]",UNSAT,UNSAT,"[0,1]",0.011951000,0.040564000,False
500560,5,7,"[3,1,1,2,1]","[2,2,2,2,2,2,2]","[[0,1,2,3,4,5],[0,5],[0,1,2,3,5,6],[2,5,6],[0,5]]",FEASIBLE,FEASIBLE,null,0.174718000,0.047474000,False
500561,7,5,"[1,2,1,1,1,3,1]","[1,2,2,2,3]","[[0,1,2,3,4],[1,2,3],[0],[0,1,2,3,4],[2,3,4],[0,1,3],[0,2,3,4]]",UNSAT,UNSAT,"[2,5]",0.082368000,0.095511000,False
500562,1,3,[2],"[1,3,3]","[[0,1,2]]",FEASIBLE,FEASIBLE,null,0.004220000,0.015831000,False
500563,6,2,"[1,1,1,1,1,2]","[1,2]","[[1],[0,1],[0,1],[0],[0,1],[0,1]]",UNSAT,UNSAT,"[3,5]",0.038347000,0.051464000,False
500564,2,7,"[2,1]","[2,1,1,1,2,1,1]","[[0,1,4,5,6],[0,1,2,3,4,5,6]]",FEASIBLE,FEASIBLE,null,0.017159000,0.043832000,False
500565,3,3,"[1,1,1]","[3,2,1]","[[0,1],[0,2],[1]]",FEASIBLE,FEASIBLE,null,0.023617000,0.022006000,False
500566,6,1,"[1,1,1,1,1,1]",[3],"[[0],[0],[0],[0],[0],[0]]",UNSAT,UNSAT,"[0,1,2,3]",0.055775000,0.039813000,False
500567,2,6,"[1,2]","[1,1,1,3,1,3]","[[0,1,3,5],[0,1,2,3,4,5]]",FEASIBLE,FEASIBLE,null,0.018026000,0.029954000,False
500568,1,6,[1],"[1,3,1,3,2,3]",[[0]],FEASIBLE,FEASIBLE,null,0.006347000,0.016368000,False
500569,7,6,"[1,1,3,3,1,1,2]","[1,2,3,3,1,2]","[[0],[1,4,5],[0,1,3,4,5],[0,1,2,3,4,5],[0],[0,4],[0,3,5]]",UNSAT,UNSAT,"[0,4]",0.058119000,0.102699000,False
500570,3,5,"[2,3,3]","[3,3,3,2,3]","[[0,1,2],[0,1,3],[0,1,2,3]]",FEASIBLE,FEASIBLE,null,0.037656000,0.043133000,False
500571,6,3,"[3,2,2,2,1,2]","[2,3,3]","[[0,1,2],[1,2],[0,1],[0,1,2],[0,1,2],[0,2]]",UNSAT,UNSAT,"[0,2,5]",0.072981000,0.187431000,False
500572,4,2,"[1,1,2,1]","[2,1]","[[0],[1],[0,1],[0]]",UNSAT,UNSAT,"[1,2]",0.017377000,0.035718000,False
500573,3,5,"[1,3,3]","[2,2,3,3,2]","[[2],[2,3,4],[0,3,4]]",FEASIBLE,FEASIBLE,null,0.031767000,0.032587000,False
500574,5,3,"[2,2,3,1,2]","[2,2,2]","[[0,1,2],[0,2],[0,1,2],[0,2],[0,1,2]]",UNSAT,UNSAT,"[0,1,2]",0.041561000,0.054626000,False
500575,4,5,"[2,3,1,2]","[2,2,1,2,3]","[[1,2,3,4],[0,1,2,3],[3,4],[0,1,2,4]]",FEASIBLE,FEASIBLE,null,0.061915000,0.042645000,False
500576,2,1,"[1,1]",[3],"[[0],[0]]",FEASIBLE,FEASIBLE,null,0.006066000,0.014916000,False
500577,7,5,"[2,1,1,2,2,1,2]","[1,2,2,2,1]","[[2,4],[0,1,2,4],[0],[3,4],[1,2],[4],[0,1,2,3]]",UNSAT,UNSAT,"[0,3]",0.037663000,0.067132000,False
500578,6,7,"[1,3,1,1,1,2]","[1,3,3,2,2,3,3]","[[4],[0,1,2,3,4,5,6],[1,2,3,4,5],[0],[1,3],[0,1,2,3,5,6]]",FEASIBLE,FEASIBLE,null,0.496355000,0.095939000,False
500579,4,1,"[1,1,1,1]",[2],"[[0],[0],[0],[0]]",UNSAT,UNSAT,"[0,1,2]",0.021517000,0.041297000,False
500580,3,3,"[1,1,1]","[3,3,2]","[[2],[1],[0,2]]",FEASIBLE,FEASIBLE,null,0.026180000,0.027170000,False
500581,2,1,"[1,1]",[3],"[[0],[0]]",FEASIBLE,FEASIBLE,null,0.007777000,0.019037000,False
500582,7,5,"[3,3,2,3,3,2,1]","[1,1,2,2,1]","[[0,1,2,3,4],[1,3,4],[2,4],[0,1,2,4],[0,1,3,4],[1,2,4],[4]]",UNSAT,UNSAT,"[1,2]",0.070383000,0.103600000,False
500583,2,7,"[2,1]","[1,2,1,2,2,1,1]","[[0,1,2,3,4,5,6],[0,1,2,3,4,5,6]]",FEASIBLE,FEASIBLE,null,0.022266000,0.038065000,False
500584,6,7,"[2,1,1,3,3,1]","[2,2,2,3,2,2,2]","[[1,2,3,4,5,6],[0,1,2,3,5,6],[1,2,3,5,6],[0,5,6],[1,2,4,6],[4]]",FEASIBLE,FEASIBLE,null,0.410284000,0.173241000,False
500585,2,5,"[1,2]","[1,2,3,3,2]","[[2],[0,1,2,4]]",FEASIBLE,FEASIBLE,null,0.013456000,0.022017000,False
500586,2,4,"[1,1]","[2,2,3,2]","[[0,1,2,3],[2]]",FEASIBLE,FEASIBLE,null,0.011918000,0.019454000,False
500587,3,1,"[1,1,1]",[1],"[[0],[0],[0]]",UNSAT,UNSAT,"[0,1]",0.007031000,0.026567000,False
500588,3,4,"[2,2,1]","[1,2,2,3]","[[0,1,2,3],[0,3],[1,3]]",FEASIBLE,FEASIBLE,null,0.024712000,0.036794000,False
500589,2,3,"[1,2]","[2,2,3]","[[0],[1,2]]",FEASIBLE,FEASIBLE,null,0.009767000,0.018385000,False
500590,7,3,"[1,1,2,1,1,1,1]","[2,1,2]","[[0],[2],[0,1],[1,2],[0,2],[0,2],[1,2]]",UNSAT,UNSAT,"[1,2,3,6]",0.249222000,0.056761000,False
500591,5,2,"[2,1,2,1,1]","[1,3]","[[0,1],[0],[0,1],[1],[0]]",UNSAT,UNSAT,"[0,1]",0.013258000,0.040565000,False
500592,1,2,[2],"[1,2]","[[0,1]]",FEASIBLE,FEASIBLE,null,0.003656000,0.014662000,False
500593,5,6,"[1,2,3,1,3]","[3,3,3,1,1,1]","[[0,1,3,4,5],[0,1,5],[0,2,3,4,5],[4,5],[2,3,4,5]]",UNSAT,UNSAT,"[2,3,4]",0.117896000,0.063111000,False
500594,1,5,[1],"[1,2,1,3,2]",[[3]],FEASIBLE,FEASIBLE,null,0.005591000,0.012928000,False
500595,7,6,"[2,3,1,1,3,2,1]","[3,1,3,1,2,1]","[[0,2,3,4,5],[0,1,2,3,4],[0,5],[0,1,2,3,4,5],[0,1,2,3,4,5],[1,3,4,5],[3]]",UNSAT,UNSAT,"[0,1,2,3,4,5]",0.610821000,0.099641000,False
500596,2,3,"[1,1]","[1,2,1]","[[0],[0,1,2]]",FEASIBLE,FEASIBLE,null,0.009892000,0.018375000,False
500597,5,3,"[2,1,2,1,1]","[1,1,3]","[[0,1,2],[0,1,2],[0,1],[1,2],[0,1,2]]",UNSAT,UNSAT,"[0,2]",0.019348000,0.171311000,False
500598,2,3,"[1,1]","[3,1,1]","[[1],[1]]",UNSAT,UNSAT,"[0,1]",0.010249000,0.025321000,False
500599,6,2,"[1,1,2,1,1,1]","[2,3]","[[1],[1],[0,1],[0],[0],[0]]",UNSAT,UNSAT,"[2,3,4]",0.080456000,0.052097000,False
500600,7,3,"[1,2,2,1,1,2,1]","[1,1,2]","[[0,1],[0,1],[1,2],[1],[0,1,2],[0,1,2],[0,1,2]]",UNSAT,UNSAT,"[0,1]",0.028414000,0.087195000,False
500601,5,1,"[1,1,1,1,1]",[3],"[[0],[0],[0],[0],[0]]",UNSAT,UNSAT,"[0,1,2,3]",0.037922000,0.039859000,False
500602,2,2,"[2,1]","[2,2]","[[0,1],[0]]",FEASIBLE,FEASIBLE,null,0.009211000,0.019908000,False
500603,5,6,"[2,1,3,2,1]","[1,2,1,2,3,2]","[[0,2,3,4],[0,1,2,3,4,5],[0,1,4,5],[0,1,2,3,4,5],[0,1,2,3,4,5]]",FEASIBLE,FEASIBLE,null,0.189887000,0.090648000,False
500604,3,3,"[3,2,2]","[3,2,1]","[[0,1,2],[0,2],[0,2]]",UNSAT,UNSAT,"[0,1]",0.013644000,0.053951000,False
500605,2,4,"[2,1]","[2,3,1,3]","[[0,2],[0,1,2,3]]",FEASIBLE,FEASIBLE,null,0.015568000,0.030429000,False
500606,3,6,"[1,1,2]","[3,1,1,3,2,3]","[[0,1,2],[0,1,2,3,4,5],[0,5]]",FEASIBLE,FEASIBLE,null,0.039786000,0.035102000,False
500607,6,2,"[1,1,1,1,2,1]","[1,1]","[[0],[0],[0,1],[1],[0,1],[1]]",UNSAT,UNSAT,"[0,1]",0.017242000,0.058019000,False
500608,6,6,"[2,2,2,1,2,1]","[1,3,3,2,2,3]","[[0,4],[0,1,2,3,4,5],[0,1,2,3,4,5],[3,5],[0,1,2,4],[2]]",FEASIBLE,FEASIBLE,null,0.363586000,0.083859000,False
500609,4,2,"[2,1,2,2]","[2,2]","[[0,1],[1],[0,1],[0,1]]",UNSAT,UNSAT,"[0,1,2]",0.024421000,0.044350000,False
500610,5,3,"[1,1,1,1,1]","[1,2,1]","[[1,2],[1],[1,2],[2],[0]]",UNSAT,UNSAT,"[0,1,2,3]",0.076634000,0.053530000,False
500611,7,6,"[1,1,1,2,3,2,1]","[3,1,2,1,2,3]","[[4],[1,4],[0,1,2,4],[1,3,5],[2,3,4,5],[0,1,2,4],[0]]",FEASIBLE,FEASIBLE,null,0.745270000,0.067454000,False
500612,6,2,"[1,1,2,1,1,1]","[3,3]","[[0],[1],[0,1],[0,1],[1],[0]]",UNSAT,UNSAT,"[0,1,2,3,4,5]",0.142415000,0.051433000,False
500613,4,4,"[1,3,1,2]","[3,3,1,3]","[[0,2,3],[0,1,2],[1],[0,1]]",FEASIBLE,FEASIBLE,null,0.055361000,0.047080000,False
500614,4,5,"[1,1,2,3]","[2,1,2,2,3]","[[0,1,2,3],[0],[2,4],[0,1,2,3,4]]",FEASIBLE,FEASIBLE,null,0.072598000,0.049180000,False
500615,7,2,"[2,2,1,1,1,1,2]","[3,2]","[[0,1],[0,1],[0],[1],[0],[1],[0,1]]",UNSAT,UNSAT,"[0,1,3]",0.066065000,0.059564000,False
500616,2,3,"[2,2]","[3,2,3]","[[0,2],[0,1,2]]",FEASIBLE,FEASIBLE,null,0.013771000,0.030784000,False
500617,2,1,"[1,1]",[3],"[[0],[0]]",FEASIBLE,FEASIBLE,null,0.007433000,0.016972000,False
500618,1,2,[1],"[2,1]",[[1]],FEASIBLE,FEASIBLE,null,0.005752000,0.016049000,False
500619,6,2,"[1,1,1,1,1,1]","[3,1]","[[0,1],[0],[0],[0,1],[0,1],[0]]",UNSAT,UNSAT,"[0,1,2,3,4]",0.129517000,0.057082000,False
500620,6,3,"[3,1,3,1,1,1]","[2,1,3]","[[0,1,2],[0,1,2],[0,1,2],[1],[0],[1]]",UNSAT,UNSAT,"[0,2]",0.023653000,0.080296000,False
500621,1,3,[1],"[3,3,3]",[[0]],FEASIBLE,FEASIBLE,null,0.004860000,0.013596000,False
500622,6,4,"[2,1,2,2,1,2]","[2,1,1,1]","[[0,1,2],[0,3],[0,2],[0,1,2],[0],[0,1,2,3]]",UNSAT,UNSAT,"[0,2,3]",0.100290000,0.074750000,False
500623,7,2,"[1,1,1,2,1,1,1]","[1,2]","[[0],[0,1],[0,1],[0,1],[0],[0],[1]]",UNSAT,UNSAT,"[0,3]",0.023211000,0.057330000,False
500624,7,6,"[2,1,2,2,2,1,1]","[3,2,1,3,1,1]","[[0,1,3,5],[2,4,5],[3,4,5],[0,1,5],[0,3,4],[0],[1,2,3,4,5]]",FEASIBLE,FEASIBLE,null,0.832480000,0.234260000,False
500625,1,5,[2],"[3,2,3,2,1]","[[1,3]]",FEASIBLE,FEASIBLE,null,0.007011000,0.018771000,False
500626,1,6,[1],"[1,1,3,1,2,2]","[[2,5]]",FEASIBLE,FEASIBLE,null,0.012979000,0.019629000,False
500627,1,5,[1],"[3,2,3,2,3]",[[0]],FEASIBLE,FEASIBLE,null,0.006013000,0.016201000,False
500628,6,2,"[1,1,1,1,1,1]","[2,1]","[[1],[0],[1],[0],[0],[1]]",UNSAT,UNSAT,"[0,2]",0.024019000,0.057647000,False
500629,1,7,[2],"[3,2,3,2,2,3,2]","[[0,4,5]]",FEASIBLE,FEASIBLE,null,0.009125000,0.024914000,False
500630,3,7,"[1,2,3]","[3,2,3,2,3,2,2]","[[0,3,5],[0,1,3,4,5],[0,1,2,3,4,5,6]]",FEASIBLE,FEASIBLE,null,0.052575000,0.043134000,False
500631,7,5,"[1,1,2,3,2,3,1]","[3,1,3,2,3]","[[0,1,2,3,4],[3],[0,1,2,3,4],[0,1,2,3,4],[0,1,2,3,4],[0,1,3,4],[2]]",UNSAT,UNSAT,"[0,1,2,3,4,5,6]",0.702937000,0.167334000,False
500632,6,7,"[2,2,2,1,1,3]","[2,1,1,3,1,3,1]","[[0,1,4,5],[0,3,5],[3,5],[5],[0,2,3,4,5,6],[0,1,3,4,6]]",FEASIBLE,FEASIBLE,null,0.419765000,0.080562000,False
500633,6,5,"[1,1,1,3,1,1]","[1,1,2,1,3]","[[0,1,3,4],[0],[2,3],[0,2,3,4],[1],[1,2,3]]",UNSAT,UNSAT,"[1,2,3,4,5]",0.344909000,0.109055000,False
500634,6,2,"[1,2,1,2,1,2]","[3,1]","[[1],[0,1],[1],[0,1],[1],[0,1]]",UNSAT,UNSAT,"[0,1]",0.017007000,0.066380000,False
500635,5,7,"[1,2,1,3,2]","[2,3,1,3,2,3,3]","[[3,4],[1,2,3,4,6],[4],[0,1,3,5],[0,2,3,4]]",FEASIBLE,FEASIBLE,null,0.202394000,0.061680000,False
500636,5,7,"[1,1,2,3,1]","[3,2,1,1,2,2,1]","[[6],[3],[0,1,2,3,4,5,6],[0,1,2,3,4,5,6],[0,2,3,4,5,6]]",FEASIBLE,FEASIBLE,null,0.217226000,0.195217000,False
500637,4,6,"[1,2,1,2]","[3,3,3,3,2,3]","[[1],[1,2],[3,4,5],[0,1,2,3,4,5]]",FEASIBLE,FEASIBLE,null,0.089777000,0.042104000,False
500638,3,7,"[2,2,2]","[1,3,1,1,1,1,2]","[[0,3,4,5],[1,2,3,4,5,6],[0,1,2,4,5,6]]",FEASIBLE,FEASIBLE,null,0.045088000,0.045289000,False
500639,3,1,"[1,1,1]",[3],"[[0],[0],[0]]",FEASIBLE,FEASIBLE,null,0.013213000,0.021192000,False
500640,4,6,"[2,2,1,2]","[3,2,3,2,1,2]","[[0,3,5],[0,3,4,5],[0],[2,5]]",FEASIBLE,FEASIBLE,null,0.082723000,0.041484000,False
500641,6,6,"[3,1,2,1,2,3]","[3,1,1,1,3,1]","[[0,1,5],[1],[4,5],[0],[0,2,5],[0,2,3,4,5]]",UNSAT,UNSAT,"[0,1]",0.035366000,0.079699000,False
500642,1,5,[2],"[1,3,1,2,1]","[[0,1,2,4]]",FEASIBLE,FEASIBLE,null,0.006282000,0.020560000,False
500643,7,4,"[1,1,2,3,1,2,2]","[2,3,1,1]","[[2,3],[1,2,3],[0,2],[0,2,3],[0,3],[1,2],[0,1]]",UNSAT,UNSAT,"[0,3]",0.040645000,0.075317000,False
500644,1,6,[2],"[1,1,1,3,2,1]","[[0,1,2,3,4]]",FEASIBLE,FEASIBLE,null,0.006802000,0.021973000,False
500645,4,2,"[2,1,2,1]","[3,3]","[[0,1],[0],[0,1],[0]]",UNSAT,UNSAT,"[0,1,2,3]",0.036339000,0.044112000,False
500646,5,4,"[1,1,1,1,1]","[2,1,1,2]","[[0,1,2,3],[1,2,3],[0,2,3],[2],[0,1,2,3]]",FEASIBLE,FEASIBLE,null,0.124331000,0.045708000,False
500647,2,4,"[2,1]","[1,3,2,2]","[[0,1,3],[1,2]]",FEASIBLE,FEASIBLE,null,0.013423000,0.023708000,False
500648,6,6,"[3,2,2,1,2,3]","[3,3,3,1,2,3]","[[0,1,2,3,4],[1,3],[0,1,2,3,4,5],[0,1],[1,2,3],[0,1,2,4,5]]",FEASIBLE,FEASIBLE,null,0.370513000,0.226944000,False
500649,5,3,"[3,1,1,2,1]","[2,3,1]","[[0,1,2],[0,1,2],[0],[1,2],[1]]",UNSAT,UNSAT,"[0,3]",0.025132000,0.056649000,False
500650,5,1,"[1,1,1,1,1]",[1],"[[0],[0],[0],[0],[0]]",UNSAT,UNSAT,"[0,1]",0.010931000,0.038591000,False
500651,1,6,[1],"[1,1,3,3,2,3]","[[0,5]]",FEASIBLE,FEASIBLE,null,0.006899000,0.016657000,False
500652,4,1,"[1,1,1,1]",[2],"[[0],[0],[0],[0]]",UNSAT,UNSAT,"[0,1,2]",0.018376000,0.035172000,False
500653,1,5,[3],"[2,3,3,2,3]","[[0,3,4]]",FEASIBLE,FEASIBLE,null,0.006367000,0.021734000,False
500654,3,4,"[1,3,1]","[3,3,1,3]","[[1,3],[0,1,2,3],[0,1,3]]",FEASIBLE,FEASIBLE,null,0.028366000,0.033075000,False
500655,5,6,"[1,3,3,3,1]","[2,1,2,2,3,3]","[[0,5],[0,1,5],[0,1,4,5],[0,1,2,4,5],[4]]",UNSAT,UNSAT,"[0,1,2,3]",0.142510000,0.074301000,False
500656,5,6,"[1,1,1,2,1]","[2,2,1,2,2,1]","[[1,2,3],[0,1,2,3,4,5],[0,1,2,3,4,5],[0,2,3,4],[0,1,2,3,4,5]]",FEASIBLE,FEASIBLE,null,0.174720000,0.053884000,False
500657,1,1,[1],[3],[[0]],FEASIBLE,FEASIBLE,null,0.003421000,0.012273000,False
500658,3,7,"[1,1,3]","[2,2,2,2,3,2,1]","[[1],[1,2,3,4,5,6],[3,5,6]]",FEASIBLE,FEASIBLE,null,0.043982000,0.036076000,False
500659,2,5,"[3,2]","[3,3,2,1,2]","[[0,1,2,3,4],[0,1,3,4]]",FEASIBLE,FEASIBLE,null,0.015272000,0.031151000,False
500660,7,6,"[2,3,2,3,1,3,1]","[3,1,3,3,2,3]","[[0,1,2,3,4,5],[0,1,2,4,5],[2,3],[0,2,3,4],[1,2],[1,2,3,4,5],[0,2,3,4,5]]",FEASIBLE,FEASIBLE,null,0.778208000,0.112413000,False
500661,6,5,"[2,1,2,3,1,2]","[2,3,3,2,3]","[[0,1,4],[1],[1,2],[0,2,3,4],[0,1,2,3,4],[0,1]]",FEASIBLE,FEASIBLE,null,0.325324000,0.203464000,False
500662,5,7,"[2,2,3,3,2]","[3,1,2,2,2,3,2]","[[0,5],[0,1,2,4,5,6],[0,1,2,3,4,5],[0,2,3,6],[0,1,2,3,4,5,6]]",FEASIBLE,FEASIBLE,null,0.233933000,0.083228000,False
500663,6,6,"[2,3,3,1,1,1]","[3,3,2,2,3,1]","[[0,2,4,5],[2,3,5],[0,1,2,3,4,5],[0,1,3,5],[0,2,3,5],[0,1,2,3,4,5]]",FEASIBLE,FEASIBLE,null,0.438764000,0.102352000,False
500664,6,2,"[2,1,1,1,1,1]","[2,3]","[[0,1],[1],[1],[0],[1],[1]]",UNSAT,UNSAT,"[0,1,2,4]",0.123989000,0.074983000,False
500665,5,2,"[1,1,1,2,1]","[2,3]","[[1],[0,1],[0],[0,1],[0]]",UNSAT,UNSAT,"[2,3,4]",0.063589000,0.073308000,False
500666,2,5,"[2,1]","[1,2,2,1,3]","[[0,1,2,3],[0,1,4]]",FEASIBLE,FEASIBLE,null,0.016216000,0.028656000,False
500667,3,6,"[1,2,3]","[3,2,2,2,2,1]","[[0,1,2,3,4,5],[0,1,2,3,4,5],[1,2,4]]",FEASIBLE,FEASIBLE,null,0.039421000,0.046486000,False
500668,5,4,"[1,1,2,1,1]","[1,3,1,2]","[[1],[0,1,2,3],[0,1,2,3],[2],[0,1]]",FEASIBLE,FEASIBLE,null,0.125348000,0.062583000,False
500669,1,5,[1],"[3,3,2,3,2]",[[2]],FEASIBLE,FEASIBLE,null,0.006154000,0.016072000,False
500670,4,5,"[1,2,1,3]","[1,1,3,2,2]","[[2,4],[0,1],[0,4],[1,3,4]]",UNSAT,UNSAT,"[1,3]",0.040879000,0.052938000,False
500671,4,3,"[1,1,1,1]","[1,2,3]","[[0],[0,1,2],[1,2],[1]]",FEASIBLE,FEASIBLE,null,0.047761000,0.042645000,False
500672,5,6,"[1,3,2,1,1]","[1,1,3,3,3,3]","[[1],[0,2,4,5],[0,2,3,4,5],[2],[0]]",FEASIBLE,FEASIBLE,null,0.178131000,0.076422000,False
500673,1,4,[2],"[2,3,3,1]","[[2,3]]",FEASIBLE,FEASIBLE,null,0.006147000,0.141507000,False
500674,5,3,"[1,1,1,3,1]","[2,1,2]","[[0],[0,1,2],[2],[0,1,2],[0,1]]",UNSAT,UNSAT,"[0,3,4]",0.064879000,0.061634000,False
500675,7,6,"[1,1,3,3,3,2,1]","[1,3,1,1,2,1]","[[0,1,5],[0,5],[0,1,2,4,5],[0,1,2,3,5],[0,1,2,3,4,5],[0,3,4],[0,1,2,3,4,5]]",UNSAT,UNSAT,"[0,2,3,4]",0.430724000,0.116478000,False
500676,1,3,[1],"[1,1,1]",[[0]],FEASIBLE,FEASIBLE,null,0.005111000,0.015342000,False
500677,7,1,"[1,1,1,1,1,1,1]",[1],"[[0],[0],[0],[0],[0],[0],[0]]",UNSAT,UNSAT,"[0,1]",0.013414000,0.047680000,False
500678,7,7,"[1,1,3,2,1,2,1]","[1,1,1,2,2,2,3]","[[0,1,3,4],[0,1,2,3,4,6],[2,4,5],[0,1,2,3,4,5,6],[0,1,4,5],[0,1,2,3,4,5,6],[0,1,4,5]]",FEASIBLE,FEASIBLE,null,0.904791000,0.118035000,False
500679,1,4,[1],"[3,1,2,1]",[[3]],FEASIBLE,FEASIBLE,null,0.005725000,0.014820000,False
500680,4,4,"[1,2,1,2]","[3,2,1,2]","[[0,1,3],[0,1],[1,2],[2,3]]",FEASIBLE,FEASIBLE,null,0.079910000,0.039006000,False
500681,1,3,[1],"[3,1,2]",[[1]],FEASIBLE,FEASIBLE,null,0.005042000,0.014084000,False
500682,6,6,"[1,1,2,2,2,2]","[1,3,3,2,2,3]","[[0,1,2,3,4,5],[0,4,5],[1,3],[3,5],[3,4],[0,1,3,4,5]]",UNSAT,UNSAT,"[2,3,4]",0.212508000,0.079133000,False
500683,7,4,"[1,3,1,2,1,2,1]","[1,3,1,1]","[[0,1,2],[0,1,2],[3],[1,2,3],[0,1,2,3],[1,2],[3]]",UNSAT,UNSAT,"[1,5]",0.064188000,0.078212000,False
500684,4,4,"[1,1,3,3]","[3,3,1,3]","[[2],[1,2],[1,2,3],[0,1,2,3]]",UNSAT,UNSAT,"[0,2]",0.023975000,0.061633000,False
500685,5,1,"[1,1,1,1,1]",[1],"[[0],[0],[0],[0],[0]]",UNSAT,UNSAT,"[0,1]",0.136053000,0.040653000,False
500686,6,1,"[1,1,1,1,1,1]",[1],"[[0],[0],[0],[0],[0],[0]]",UNSAT,UNSAT,"[0,1]",0.012312000,0.043725000,False
500687,3,4,"[2,2,2]","[2,1,3,3]","[[0,1,2],[2,3],[0,1,3]]",FEASIBLE,FEASIBLE,null,0.029475000,0.036939000,False
500688,6,4,"[2,3,1,3,1,2]","[1,3,2,1]","[[0,1,2,3],[0,1,3],[0,2],[0,1,3],[0,1,2,3],[1,2]]",UNSAT,UNSAT,"[1,3]",0.065409000,0.081441000,False
500689,3,2,"[1,2,1]","[1,1]","[[0],[0,1],[1]]",UNSAT,UNSAT,"[0,1]",0.011639000,0.036948000,False
500690,1,3,[1],"[3,1,3]","[[0,1,2]]",FEASIBLE,FEASIBLE,null,0.004987000,0.016385000,False
500691,5,6,"[1,1,1,2,2]","[3,3,1,3,1,3]","[[4,5],[1,2,3],[1],[0,1],[0,1]]",FEASIBLE,FEASIBLE,null,0.177692000,0.055825000,False
500692,1,3,[1],"[1,2,1]",[[1]],FEASIBLE,FEASIBLE,null,0.004969000,0.014392000,False
500693,3,5,"[2,3,1]","[3,3,2,2,2]","[[1,2,3,4],[0,2,3,4],[0,1,2,3,4]]",FEASIBLE,FEASIBLE,null,0.035411000,0.044869000,False
500694,7,1,"[1,1,1,1,1,1,1]",[2],"[[0],[0],[0],[0],[0],[0],[0]]",UNSAT,UNSAT,"[0,1,2]",0.044509000,0.049748000,False
500695,2,6,"[1,1]","[3,1,3,1,2,3]","[[4],[0,1,2,3,4]]",FEASIBLE,FEASIBLE,null,0.017996000,0.025217000,False
500696,2,1,"[1,1]",[2],"[[0],[0]]",FEASIBLE,FEASIBLE,null,0.007170000,0.017582000,False
500697,6,6,"[1,1,2,3,2,2]","[1,2,2,3,1,3]","[[0,1,2,4,5],[1,3,4],[0,1,2,3,4,5],[1,2,3],[0,3,4],[0,1,2,3,4,5]]",FEASIBLE,FEASIBLE,null,0.393558000,0.109564000,False
500698,2,1,"[1,1]",[2],"[[0],[0]]",FEASIBLE,FEASIBLE,null,0.007263000,0.023388000,False
500699,7,1,"[1,1,1,1,1,1,1]",[2],"[[0],[0],[0],[0],[0],[0],[0]]",UNSAT,UNSAT,"[0,1,2]",0.044659000,0.203118000,False
500700,6,5,"[1,1,2,1,1,2]","[1,1,3,2,3]","[[2],[0,1,2,3,4],[0,1,3],[0,1,4],[0,1,2,4],[1,2,4]]",FEASIBLE,FEASIBLE,null,0.318219000,0.075482000,False
500701,1,3,[1],"[2,1,2]",[[2]],FEASIBLE,FEASIBLE,null,0.005304000,0.014508000,False
500702,5,1,"[1,1,1,1,1]",[1],"[[0],[0],[0],[0],[0]]",UNSAT,UNSAT,"[0,1]",0.010774000,0.044149000,False
500703,6,4,"[1,3,1,1,1,1]","[1,1,1,1]","[[3],[0,1,2,3],[0,2,3],[0,2],[0,1],[3]]",UNSAT,UNSAT,"[0,5]",0.041118000,0.068597000,False
500704,2,2,"[1,2]","[1,3]","[[0,1],[0,1]]",FEASIBLE,FEASIBLE,null,0.009296000,0.030695000,False
500705,5,1,"[1,1,1,1,1]",[2],"[[0],[0],[0],[0],[0]]",UNSAT,UNSAT,"[0,1,2]",0.066258000,0.044405000,False
500706,4,5,"[1,2,1,1]","[2,1,1,2,2]","[[4],[0,3,4],[2,3,4],[2]]",FEASIBLE,FEASIBLE,null,0.072316000,0.048625000,False
500707,2,6,"[1,2]","[1,2,3,2,2,3]","[[1,3],[4,5]]",FEASIBLE,FEASIBLE,null,0.017438000,0.025862000,False
500708,4,5,"[2,2,3,1]","[2,1,3,3,3]","[[1,2,4],[2,4],[0,1,2,3,4],[0,2,4]]",FEASIBLE,FEASIBLE,null,0.073087000,0.051168000,False
500709,7,2,"[1,1,1,2,2,1,1]","[3,3]","[[1],[0],[0,1],[0,1],[0,1],[1],[0,1]]",UNSAT,UNSAT,"[0,3,4,5]",0.203261000,0.066137000,False
500710,2,4,"[2,2]","[1,1,2,2]","[[0,1,2,3],[1,2,3]]",FEASIBLE,FEASIBLE,null,0.013807000,0.031255000,False
500711,3,3,"[2,1,1]","[3,2,1]","[[1,2],[1],[0]]",FEASIBLE,FEASIBLE,null,0.023474000,0.026787000,False
500712,7,3,"[1,1,3,3,1,3,1]","[3,2,3]","[[0,2],[0,1],[0,1,2],[0,1,2],[2],[0,1,2],[2]]",UNSAT,UNSAT,"[2,3,5]",0.178929000,0.075995000,False
500713,7,1,"[1,1,1,1,1,1,1]",[3],"[[0],[0],[0],[0],[0],[0],[0]]",UNSAT,UNSAT,"[0,1,2,3]",0.096678000,0.165296000,False
500714,4,2,"[1,1,1,1]","[3,1]","[[1],[0,1],[1],[0]]",UNSAT,UNSAT,"[0,2]",0.015386000,0.036886000,False
500715,4,3,"[1,3,1,2]","[2,1,2]","[[0],[0,1,2],[0,2],[1,2]]",UNSAT,UNSAT,"[1,3]",0.028191000,0.050504000,False
500716,2,7,"[2,1]","[2,3,2,1,1,3,3]","[[2,3],[1,2,3,4]]",FEASIBLE,FEASIBLE,null,0.020173000,0.027880000,False
500717,3,6,"[3,2,1]","[1,1,3,3,1,1]","[[0,1,5],[0,1,2,3,4,5],[2,3]]",FEASIBLE,FEASIBLE,null,0.039791000,0.041610000,False
500718,5,4,"[1,3,1,1,1]","[2,1,1,3]","[[1],[0,1,2,3],[1,2,3],[3],[1,2]]",UNSAT,UNSAT,"[0,1,4]",0.068451000,0.057868000,False
500719,2,1,"[1,1]",[2],"[[0],[0]]",FEASIBLE,FEASIBLE,null,0.007012000,0.017151000,False
500720,6,6,"[1,1,1,1,2,3]","[3,1,2,1,2,2]","[[0,1,2,3,4,5],[1,5],[3],[0,1,5],[0,1,2],[0,1,2,4]]",FEASIBLE,FEASIBLE,null,0.386786000,0.077285000,False
500721,3,3,"[1,1,2]","[1,2,3]","[[0,1,2],[2],[0,1]]",FEASIBLE,FEASIBLE,null,0.024118000,0.036894000,False
500722,5,2,"[1,2,1,2,2]","[3,3]","[[0,1],[0,1],[1],[0,1],[0,1]]",UNSAT,UNSAT,"[0,1,3,4]",0.066439000,0.058942000,False
500723,7,7,"[1,3,1,1,2,3,2]","[3,1,2,3,1,3,2]","[[0,1,2,3,4],[0,1,2,3,4,5,6],[0,5],[0],[0,1,2,3,4,5,6],[0,1,2,3,4,5,6],[0,4]]",FEASIBLE,FEASIBLE,null,0.873573000,0.117360000,False
500724,1,1,[1],[3],[[0]],FEASIBLE,FEASIBLE,null,0.003591000,0.012841000,False
500725,4,2,"[1,1,2,1]","[3,2]","[[1],[0],[0,1],[1]]",UNSAT,UNSAT,"[0,2,3]",0.031579000,0.040003000,False
500726,3,4,"[1,1,3]","[1,3,3,3]","[[1],[0],[0,1,3]]",UNSAT,UNSAT,"[1,2]",0.036288000,0.042503000,False
500727,1,3,[1],"[2,1,3]","[[0,2]]",FEASIBLE,FEASIBLE,null,0.005208000,0.018442000,False
500728,6,7,"[3,2,2,3,1,2]","[2,2,2,2,3,3,2]","[[2,4,6],[2,3,5],[0,1,3,6],[0,2,3],[0,3,4],[3,5,6]]",FEASIBLE,FEASIBLE,null,0.419269000,0.195797000,False
500729,5,5,"[3,1,2,2,1]","[1,2,3,3,3]","[[0,1,2,3],[1,2,4],[1,4],[2,4],[2,3]]",FEASIBLE,FEASIBLE,null,0.148480000,0.061352000,False
500730,6,1,"[1,1,1,1,1,1]",[2],"[[0],[0],[0],[0],[0],[0]]",UNSAT,UNSAT,"[0,1,2]",0.032473000,0.043223000,False
500731,2,7,"[1,2]","[2,3,1,2,3,1,3]","[[0,2,3,4,5,6],[0,1,2,5]]",FEASIBLE,FEASIBLE,null,0.019487000,0.029054000,False
500732,3,4,"[1,1,2]","[2,3,2,2]","[[2],[1,3],[0,1,2,3]]",FEASIBLE,FEASIBLE,null,0.027609000,0.027937000,False
500733,2,7,"[1,2]","[2,1,2,3,1,1,1]","[[0,1,3,6],[1,4,5,6]]",FEASIBLE,FEASIBLE,null,0.019277000,0.027669000,False
500734,3,5,"[3,1,1]","[2,3,2,2,1]","[[0,1,2],[1],[1]]",FEASIBLE,FEASIBLE,null,0.032383000,0.030542000,False
500735,3,4,"[1,2,2]","[1,1,1,1]","[[2],[0,1,2,3],[0,2,3]]",UNSAT,UNSAT,"[0,1,2]",0.029149000,0.045873000,False
500736,6,7,"[3,2,1,1,3,2]","[3,3,1,2,1,2,3]","[[1,2,3,4,5,6],[0,1,3,4,5,6],[2],[0,1,2,3,4,5,6],[1,2,3,4,5],[1,5]]",FEASIBLE,FEASIBLE,null,0.429059000,0.090350000,False
500737,1,3,[3],"[1,3,2]","[[0,1,2]]",FEASIBLE,FEASIBLE,null,0.004964000,0.020281000,False
500738,3,5,"[3,2,3]","[3,2,1,2,3]","[[0,1,3,4],[0,1,2,3,4],[0,1,2,3,4]]",FEASIBLE,FEASIBLE,null,0.034212000,0.045572000,False
500739,3,3,"[2,2,1]","[1,1,3]","[[0,1,2],[0,1,2],[0]]",UNSAT,UNSAT,"[0,1,2]",0.022818000,0.053189000,False
500740,4,3,"[3,1,3,1]","[2,3,3]","[[0,1,2],[1],[0,1,2],[2]]",FEASIBLE,FEASIBLE,null,0.047230000,0.155402000,False
500741,4,4,"[1,1,3,2]","[3,3,1,1]","[[1,3],[0],[0,2,3],[0,2]]",UNSAT,UNSAT,"[2,3]",0.037244000,0.047030000,False
500742,2,5,"[3,1]","[2,3,3,1,3]","[[0,1,2,3,4],[0,3,4]]",FEASIBLE,FEASIBLE,null,0.015233000,0.028132000,False
500743,5,2,"[1,2,1,2,1]","[1,1]","[[0],[0,1],[1],[0,1],[0]]",UNSAT,UNSAT,"[0,1]",0.014623000,0.045065000,False
500744,6,4,"[1,1,2,1,1,1]","[2,3,1,2]","[[0],[0,1,2],[0,3],[0,1],[3],[0,1,2,3]]",FEASIBLE,FEASIBLE,null,0.249930000,0.062669000,False
500745,5,6,"[1,1,1,2,1]","[3,3,1,1,1,3]","[[3,4,5],[2,3],[0,2,5],[1,5],[3]]",FEASIBLE,FEASIBLE,null,0.169518000,0.051084000,False
500746,4,4,"[3,1,2,1]","[2,3,2,1]","[[0,1,2,3],[0,1,2,3],[1,2,3],[1,3]]",FEASIBLE,FEASIBLE,null,0.073421000,0.041282000,False
500747,5,4,"[2,1,1,2,2]","[2,2,3,2]","[[0,1,2],[0,1,2],[1,3],[0,2],[0,1,2,3]]",FEASIBLE,FEASIBLE,null,0.119546000,0.060493000,False
500748,5,6,"[2,1,1,1,2]","[2,1,1,1,2,2]","[[0,2,4],[0,1,3,4,5],[1,2],[2],[0,2,3,4,5]]",FEASIBLE,FEASIBLE,null,0.169907000,0.065368000,False
500749,5,7,"[2,3,1,1,1]","[3,3,1,3,3,1,1]","[[0,4],[0,2,4,5,6],[4,6],[2,3],[0,2,3]]",FEASIBLE,FEASIBLE,null,0.192923000,0.101937000,False
500750,6,6,"[3,3,2,1,1,3]","[2,3,3,3,2,1]","[[0,1,2,4],[0,1,2,3,4,5],[0,1,2,4],[0,1,2,3,4,5],[2],[0,1,2,3,4,5]]",FEASIBLE,FEASIBLE,null,0.392073000,0.098521000,False
500751,6,6,"[1,2,1,3,2,1]","[2,3,2,2,2,3]","[[1,2,5],[2,4],[1,2,3,4,5],[1,3,4,5],[0,1,2,3,4,5],[1,2,3,4,5]]",FEASIBLE,FEASIBLE,null,0.357206000,0.178381000,False
500752,5,4,"[1,1,3,1,1]","[1,3,1,3]","[[0,1,3],[0,1,2,3],[0,1,3],[0,1,3],[0,1,2,3]]",FEASIBLE,FEASIBLE,null,0.119658000,0.067474000,False
500753,6,5,"[1,2,1,3,1,3]","[2,3,1,1,2]","[[0,4],[0,4],[3],[0,1,3],[0,1,3],[0,1,2,3,4]]",UNSAT,UNSAT,"[2,3]",0.067856000,0.100788000,False
500754,1,6,[1],"[2,3,3,1,3,3]",[[5]],FEASIBLE,FEASIBLE,null,0.006757000,0.015576000,False
500755,1,6,[1],"[1,2,3,1,3,3]","[[2,4]]",FEASIBLE,FEASIBLE,null,0.006401000,0.015279000,False
500756,1,6,[3],"[1,1,2,1,1,1]","[[0,1,2,3,4,5]]",FEASIBLE,FEASIBLE,null,0.006318000,0.023443000,False
500757,1,6,[3],"[1,2,3,1,3,3]","[[0,1,2,3,4,5]]",FEASIBLE,FEASIBLE,null,0.006270000,0.023555000,False
500758,7,6,"[2,1,3,2,1,2,1]","[1,2,2,2,1,3]","[[0,1,2,3],[1,3,4],[1,4,5],[2,5],[4],[0,2,5],[0,1,2,3,4,5]]",UNSAT,UNSAT,"[2,4]",0.096769000,0.100518000,False
500759,1,3,[2],"[3,1,2]","[[0,1,2]]",FEASIBLE,FEASIBLE,null,0.004587000,0.017154000,False
500760,7,2,"[1,1,1,2,1,1,1]","[2,1]","[[0],[0],[0,1],[0,1],[1],[1],[1]]",UNSAT,UNSAT,"[3,4]",0.048107000,0.051628000,False
500761,3,3,"[1,1,2]","[3,2,3]","[[0,1,2],[2],[1,2]]",FEASIBLE,FEASIBLE,null,0.022238000,0.026253000,False
500762,5,2,"[1,1,1,1,2]","[3,2]","[[0],[1],[0],[0],[0,1]]",UNSAT,UNSAT,"[0,2,3,4]",0.065023000,0.042679000,False
500763,1,7,[3],"[2,1,3,3,1,1,2]","[[3,4,6]]",FEASIBLE,FEASIBLE,null,0.007249000,0.021613000,False
500764,6,6,"[3,1,1,1,3,1]","[2,3,2,1,3,2]","[[0,1,2,3,4,5],[1,3,5],[1,4,5],[1,3,4,5],[0,1,3,5],[1,2,4,5]]",FEASIBLE,FEASIBLE,null,0.363232000,0.173885000,False
500765,4,5,"[2,1,1,3]","[3,2,1,2,3]","[[0,2,3,4],[1],[0,1,2,3,4],[2,3,4]]",FEASIBLE,FEASIBLE,null,0.068697000,0.052966000,False
500766,7,6,"[1,1,1,2,1,1,3]","[1,2,1,2,2,3]","[[0],[1,2,3],[0,2,5],[0,1,2,3,5],[0,1],[0,2],[0,1,4]]",UNSAT,UNSAT,"[0,6]",0.075927000,0.098125000,False
500767,5,1,"[1,1,1,1,1]",[2],"[[0],[0],[0],[0],[0]]",UNSAT,UNSAT,"[0,1,2]",0.024145000,0.038048000,False
500768,6,5,"[2,2,1,1,1,2]","[1,3,1,1,2]","[[0,4],[0,2,4],[1,2],[4],[1],[2,3]]",UNSAT,UNSAT,"[0,1,3]",0.097754000,0.058826000,False
500769,4,5,"[1,2,2,2]","[1,3,1,2,1]","[[0],[0,2,3,4],[0,1,2,3],[0,1,4]]",FEASIBLE,FEASIBLE,null,0.067205000,0.043349000,False
500770,4,6,"[1,2,1,1]","[3,2,3,3,3,2]","[[0,1,2,3,4,5],[0,2],[0,2,3,4],[2,3]]",FEASIBLE,FEASIBLE,null,0.076922000,0.036865000,False
500771,5,4,"[1,2,1,2,2]","[3,2,3,2]","[[1],[0,1],[0,1,2,3],[0,1,2],[0,1,3]]",FEASIBLE,FEASIBLE,null,0.115916000,0.056987000,False
500772,1,6,[1],"[3,1,2,2,3,2]","[[0,1,2,3,4,5]]",FEASIBLE,FEASIBLE,null,0.006301000,0.021338000,False
500773,2,2,"[2,1]","[1,3]","[[0,1],[0,1]]",FEASIBLE,FEASIBLE,null,0.008463000,0.021227000,False
500774,5,5,"[1,3,1,1,1]","[3,3,3,1,3]","[[0,3],[0,1,2,3],[0,3],[3,4],[0,1,3,4]]",FEASIBLE,FEASIBLE,null,0.139811000,0.042887000,False
500775,6,5,"[1,1,1,1,3,3]","[2,2,1,2,2]","[[1,2,3,4],[1],[1,3,4],[3],[0,1,2,3,4],[0,1,2,3,4]]",UNSAT,UNSAT,"[0,1,2,3,4,5]",0.291951000,0.075932000,False
500776,1,3,[2],"[1,3,1]","[[0,1,2]]",FEASIBLE,FEASIBLE,null,0.004787000,0.017330000,False
500777,5,4,"[2,2,1,1,2]","[3,2,1,3]","[[0,2],[0,2],[0,1,2,3],[0],[0,3]]",UNSAT,UNSAT,"[0,1]",0.022092000,0.070819000,False
500778,6,1,"[1,1,1,1,1,1]",[2],"[[0],[0],[0],[0],[0],[0]]",UNSAT,UNSAT,"[0,1,2]",0.031569000,0.041589000,False
500779,4,5,"[1,2,1,2]","[1,2,3,3,3]","[[1,2],[0,1,4],[0,2,4],[0,2,4]]",FEASIBLE,FEASIBLE,null,0.067304000,0.038533000,False
500780,5,3,"[2,1,2,2,3]","[1,3,3]","[[0,2],[0,1],[0,1],[0,2],[0,1,2]]",UNSAT,UNSAT,"[0,2]",0.020818000,0.055602000,False
500781,7,3,"[3,1,1,1,1,1,1]","[1,3,2]","[[0,1,2],[1,2],[0,1,2],[1],[0,1],[2],[1]]",UNSAT,UNSAT,"[0,3,4,6]",0.241324000,0.062646000,False
500782,5,6,"[2,1,1,3,2]","[1,3,1,2,2,1]","[[2,3,5],[0,1,2,3,4,5],[3,5],[3,4,5],[1,2,3]]",UNSAT,UNSAT,"[0,2,3]",0.096602000,0.065302000,False
500783,5,1,"[1,1,1,1,1]",[2],"[[0],[0],[0],[0],[0]]",UNSAT,UNSAT,"[0,1,2]",0.023772000,0.037709000,False
500784,1,3,[2],"[2,1,2]","[[0,1,2]]",FEASIBLE,FEASIBLE,null,0.004745000,0.016936000,False
500785,7,7,"[3,2,1,2,1,1,2]","[2,2,1,2,3,2,3]","[[2,3,4,5,6],[0,1,2,3,4,5,6],[2,5],[0,1,2,5],[3],[0,1,2,3,4,5,6],[0,1,2,3,4,5,6]]",FEASIBLE,FEASIBLE,null,0.888034000,0.079561000,False
500786,6,4,"[1,2,3,3,1,2]","[3,2,3,2]","[[0],[0,1,2,3],[0,1,2,3],[0,1,2,3],[0,1,2,3],[0,1,3]]",UNSAT,UNSAT,"[0,1,2,3,5]",0.217780000,0.083063000,False
500787,3,6,"[2,2,3]","[3,3,1,2,2,1]","[[1,3],[0,1,2,3,4,5],[0,1,2,3,4,5]]",FEASIBLE,FEASIBLE,null,0.036775000,0.041467000,False
500788,1,6,[1],"[1,1,1,1,3,3]","[[0,1,2,3,4,5]]",FEASIBLE,FEASIBLE,null,0.006527000,0.122357000,False
500789,3,1,"[1,1,1]",[1],"[[0],[0],[0]]",UNSAT,UNSAT,"[0,1]",0.007844000,0.027932000,False
500790,2,1,"[1,1]",[1],"[[0],[0]]",UNSAT,UNSAT,"[0,1]",0.006503000,0.023263000,False
500791,6,4,"[1,3,2,2,2,2]","[3,2,3,1]","[[0,1,3],[0,2,3],[0,1,2],[0,1,2,3],[2,3],[0,3]]",UNSAT,UNSAT,"[1,4]",0.048863000,0.072303000,False
500792,2,3,"[3,1]","[1,3,3]","[[0,1,2],[1]]",FEASIBLE,FEASIBLE,null,0.010801000,0.023746000,False
500793,7,5,"[1,1,3,1,2,3,1]","[3,3,3,3,3]","[[3],[0,1,2,3,4],[0,1,2,3],[1,2,3],[0,3],[0,1,2],[4]]",FEASIBLE,FEASIBLE,null,0.628210000,0.078261000,False
500794,5,4,"[3,1,1,3,2]","[3,3,1,1]","[[0,2,3],[0,1,3],[1,3],[0,1,2,3],[2,3]]",UNSAT,UNSAT,"[0,3]",0.028682000,0.058918000,False
500795,3,1,"[1,1,1]",[3],"[[0],[0],[0]]",FEASIBLE,FEASIBLE,null,0.012430000,0.019901000,False
500796,1,4,[2],"[2,1,2,1]","[[0,1,2,3]]",FEASIBLE,FEASIBLE,null,0.005052000,0.018014000,False
500797,6,7,"[1,3,2,3,2,3]","[2,1,1,1,2,2,3]","[[6],[1,2,3,4,5,6],[0,1,2,3,4,5,6],[0,1,2,3,4,5],[0,1,3,4,5,6],[0,1,2,4,6]]",UNSAT,UNSAT,"[1,2,3,4,5]",0.431127000,0.107374000,False
500798,5,1,"[1,1,1,1,1]",[1],"[[0],[0],[0],[0],[0]]",UNSAT,UNSAT,"[0,1]",0.010415000,0.036645000,False
500799,1,7,[3],"[3,3,1,3,1,1,2]","[[0,1,2,3,4,5,6]]",FEASIBLE,FEASIBLE,null,0.007272000,0.025590000,False
500800,7,7,"[3,1,3,1,3,1,3]","[1,1,2,2,2,1,2]","[[1,3,5,6],[0],[1,3,4],[0],[0,1,2,3,4,5,6],[0,1,2,3,4,6],[1,3,6]]",UNSAT,UNSAT,"[1,3]",0.081940000,0.238720000,False
500801,3,3,"[1,1,3]","[1,3,1]","[[1,2],[2],[0,1,2]]",UNSAT,UNSAT,"[1,2]",0.018335000,0.037166000,False
500802,1,6,[3],"[2,2,1,2,2,2]","[[0,1,2,3,4,5]]",FEASIBLE,FEASIBLE,null,0.006336000,0.022481000,False
500803,1,6,[2],"[3,2,2,1,1,3]","[[3,4,5]]",FEASIBLE,FEASIBLE,null,0.006189000,0.017734000,False
500804,7,5,"[1,2,1,3,3,3,3]","[2,2,2,2,1]","[[0,1,2,3,4],[0,1,2,3,4],[2,4],[0,1,4],[0,1,2,3,4],[0,1,2,3,4],[0,2,4]]",UNSAT,UNSAT,"[3,6]",0.096255000,0.141723000,False
500805,1,2,[1],"[1,1]","[[0,1]]",FEASIBLE,FEASIBLE,null,0.003950000,0.012946000,False
500806,7,7,"[3,2,2,1,1,1,2]","[1,1,1,1,1,2,1]","[[4,5,6],[2,4],[1,2,5],[0,1,2,4],[0,1,2,3,4,5,6],[3,4,6],[0,1,2,3,4,5]]",UNSAT,UNSAT,"[0,1]",0.041497000,0.099706000,False
500807,7,7,"[2,2,2,2,1,2,2]","[3,1,3,1,3,2,1]","[[0,2,3,6],[0,2,3,4],[2,4],[2,3,5],[3],[0,1,2,3,4,5,6],[0,5,6]]",FEASIBLE,FEASIBLE,null,0.797312000,0.090729000,False
500808,2,7,"[1,1]","[3,2,1,1,1,3,1]","[[2,4,5,6],[2,4,5,6]]",FEASIBLE,FEASIBLE,null,0.018066000,0.024676000,False
500809,2,6,"[1,1]","[2,3,2,1,2,2]","[[3,4,5],[5]]",FEASIBLE,FEASIBLE,null,0.015444000,0.019841000,False
500810,7,3,"[1,2,3,1,1,1,1]","[2,1,3]","[[0,1],[0,2],[0,1,2],[0,1],[0],[1],[0]]",UNSAT,UNSAT,"[2,5]",0.054594000,0.058649000,False
500811,7,1,"[1,1,1,1,1,1,1]",[3],"[[0],[0],[0],[0],[0],[0],[0]]",UNSAT,UNSAT,"[0,1,2,3]",0.086702000,0.044441000,False
500812,2,6,"[1,2]","[1,2,3,3,2,1]","[[1,2],[0,1,2,5]]",FEASIBLE,FEASIBLE,null,0.016064000,0.024227000,False
500813,5,3,"[1,1,2,1,1]","[3,3,2]","[[0,1,2],[1],[0,1,2],[2],[0]]",FEASIBLE,FEASIBLE,null,0.088185000,0.033016000,False
500814,6,5,"[1,1,3,1,1,1]","[3,2,3,3,1]","[[2],[0,3,4],[0,1,3,4],[2,3],[3],[0,1,2,3,4]]",FEASIBLE,FEASIBLE,null,0.276414000,0.049299000,False
500815,4,7,"[2,1,1,3]","[3,3,2,2,3,1,2]","[[4,5],[1,2,3,4,5],[4],[1,2,3,4,5,6]]",FEASIBLE,FEASIBLE,null,0.083871000,0.041568000,False
500816,2,2,"[1,1]","[1,2]","[[0],[0]]",UNSAT,UNSAT,"[0,1]",0.027124000,0.025633000,False
500817,7,5,"[1,3,3,1,1,1,1]","[3,1,1,3,3]","[[4],[0,1,2,3,4],[0,1,2,4],[2],[0,1,2,3,4],[0,1,2,3,4],[2,4]]",UNSAT,UNSAT,"[0,1,2,3,6]",0.446073000,0.105836000,False
500818,1,6,[1],"[3,1,1,2,2,3]","[[1,2]]",FEASIBLE,FEASIBLE,null,0.006294000,0.018462000,False
500819,7,2,"[1,1,1,2,1,1,2]","[2,1]","[[0],[0,1],[1],[0,1],[0,1],[1],[0,1]]",UNSAT,UNSAT,"[2,3]",0.038021000,0.051720000,False
500820,2,6,"[1,3]","[3,1,1,3,3,1]","[[4],[0,2,4,5]]",FEASIBLE,FEASIBLE,null,0.015646000,0.025340000,False
500821,4,7,"[2,2,3,1]","[3,3,1,2,2,1,2]","[[0,2,5,6],[0,1,5,6],[0,1,3,4,5],[0]]",FEASIBLE,FEASIBLE,null,0.083747000,0.054373000,False
500822,1,1,[1],[3],[[0]],FEASIBLE,FEASIBLE,null,0.002975000,0.011104000,False
500823,5,5,"[2,2,1,1,1]","[2,3,1,1,1]","[[1,2,3,4],[0,1],[1],[2],[3,4]]",FEASIBLE,FEASIBLE,null,0.134602000,0.049568000,False
500824,6,1,"[1,1,1,1,1,1]",[3],"[[0],[0],[0],[0],[0],[0]]",UNSAT,UNSAT,"[0,1,2,3]",0.057597000,0.040242000,False
500825,7,6,"[1,1,1,2,2,1,1]","[3,2,1,3,1,3]","[[2],[1,2,3],[2,4],[0,1,3],[0,2],[0,5],[0,1,2,3,5]]",UNSAT,UNSAT,"[0,4]",0.050047000,0.155397000,False
500826,2,6,"[1,2]","[1,3,1,2,3,3]","[[0,1,2,3],[0,1,2,3,4,5]]",FEASIBLE,FEASIBLE,null,0.015763000,0.026906000,False
500827,7,6,"[1,1,3,1,1,1,1]","[1,2,2,1,3,3]","[[1,2,3,4,5],[0,1,2,3,4,5],[1,4,5],[0,2,3,4],[5],[4],[1,2]]",FEASIBLE,FEASIBLE,null,0.698273000,0.056478000,False
500828,1,7,[1],"[1,1,1,3,2,1,2]","[[0,2,3,5]]",FEASIBLE,FEASIBLE,null,0.006979000,0.016956000,False
500829,5,6,"[1,1,1,1,1]","[1,1,3,1,3,3]","[[0,5],[3],[1,3,5],[0,2,3,4,5],[2]]",FEASIBLE,FEASIBLE,null,0.171734000,0.036993000,False
500830,4,4,"[2,1,3,1]","[2,3,2,3]","[[0,1,3],[1,2,3],[0,1,2,3],[0,1,2,3]]",FEASIBLE,FEASIBLE,null,0.053933000,0.039997000,False
500831,1,1,[1],[2],[[0]],FEASIBLE,FEASIBLE,null,0.003084000,0.011132000,False
500832,1,5,[2],"[1,1,3,3,3]","[[0,1,2,3,4]]",FEASIBLE,FEASIBLE,null,0.005428000,0.018440000,False
500833,7,6,"[2,2,2,2,2,1,2]","[2,1,2,1,1,2]","[[1,4],[4,5],[0,4,5],[0,2,4,5],[0,1,2],[1],[3,5]]",UNSAT,UNSAT,"[0,1]",0.035951000,0.074259000,False
500834,3,5,"[2,1,2]","[1,2,2,3,3]","[[0,1,2,3,4],[0,1,2,3,4],[0,3,4]]",FEASIBLE,FEASIBLE,null,0.030257000,0.035130000,False
500835,4,4,"[1,2,1,2]","[2,1,3,3]","[[0],[2,3],[0,1,2],[0,1]]",FEASIBLE,FEASIBLE,null,0.054382000,0.045139000,False
500836,5,6,"[2,1,1,1,2]","[3,3,2,3,2,1]","[[0,2,3,4,5],[0,1,2,3,4,5],[4],[0,4],[0,1]]",FEASIBLE,FEASIBLE,null,0.153816000,0.068016000,False
500837,4,4,"[1,1,1,2]","[2,1,2,3]","[[0],[0,2,3],[0,1,3],[0,1,2]]",FEASIBLE,FEASIBLE,null,0.052997000,0.138684000,False
500838,2,4,"[2,1]","[2,2,3,1]","[[0,1],[2]]",FEASIBLE,FEASIBLE,null,0.012131000,0.020331000,False
500839,5,5,"[3,2,2,1,2]","[2,3,1,1,1]","[[0,1,2,3,4],[0,1,2,3,4],[1,2,4],[2,4],[0,1,2,3]]",UNSAT,UNSAT,"[0,1,2,4]",0.114141000,0.069787000,False
500840,7,3,"[1,1,1,2,1,1,2]","[1,2,2]","[[0],[0,1],[2],[0,2],[1,2],[1,2],[0,2]]",UNSAT,UNSAT,"[0,3]",0.026784000,0.154214000,False
500841,5,6,"[1,2,1,1,1]","[2,2,3,1,2,3]","[[0],[1,2],[1,2,3,4,5],[1,3,4],[1,5]]",FEASIBLE,FEASIBLE,null,0.156953000,0.040762000,False
500842,1,7,[2],"[3,2,2,1,2,1,3]","[[0,2,3,4]]",FEASIBLE,FEASIBLE,null,0.006972000,0.019399000,False
500843,5,6,"[3,2,1,1,1]","[1,2,2,1,2,2]","[[0,1,2,4,5],[4,5],[0,1,3,4,5],[0,2,3,4],[4]]",FEASIBLE,FEASIBLE,null,0.156073000,0.046577000,False
500844,5,6,"[2,2,1,1,1]","[2,3,3,2,3,3]","[[0,3,4],[0,1,2,3,4,5],[1,3,4,5],[0,1,2,4,5],[1,2,3,4,5]]",FEASIBLE,FEASIBLE,null,0.156267000,0.053932000,False
500845,6,5,"[2,2,1,1,3,3]","[2,2,2,1,2]","[[0,1,2,3,4],[0,2],[0],[0,1,2,3,4],[0,1,2,3,4],[0,1,4]]",UNSAT,UNSAT,"[1,2,5]",0.143345000,0.097546000,False
500846,1,3,[2],"[1,2,3]","[[0,2]]",FEASIBLE,FEASIBLE,null,0.004443000,0.016318000,False
500847,1,6,[1],"[3,1,3,1,3,1]","[[0,1,2,4,5]]",FEASIBLE,FEASIBLE,null,0.006212000,0.017257000,False
500848,6,2,"[1,1,1,1,1,1]","[1,3]","[[0],[0,1],[0],[0,1],[0,1],[0]]",UNSAT,UNSAT,"[0,2]",0.016815000,0.060082000,False
500849,6,5,"[1,1,2,1,2,3]","[1,3,1,2,3]","[[0],[1,4],[1,3],[2],[0,1],[0,1,2,3,4]]",UNSAT,UNSAT,"[0,4]",0.039361000,0.178624000,False
500850,4,1,"[1,1,1,1]",[3],"[[0],[0],[0],[0]]",UNSAT,UNSAT,"[0,1,2,3]",0.023250000,0.032435000,False
500851,2,3,"[2,2]","[3,2,3]","[[0,1,2],[0,1]]",FEASIBLE,FEASIBLE,null,0.010156000,0.022475000,False
500852,2,2,"[2,2]","[2,2]","[[0,1],[0,1]]",FEASIBLE,FEASIBLE,null,0.007857000,0.021146000,False
500853,4,6,"[2,1,3,1]","[2,3,1,1,3,1]","[[2,4],[0,1,2,3,5],[0,2,3,4],[3]]",UNSAT,UNSAT,"[0,2,3]",0.062900000,0.050055000,False
500854,4,2,"[1,1,1,2]","[1,1]","[[0],[0],[0,1],[0,1]]",UNSAT,UNSAT,"[0,1]",0.011315000,0.036302000,False
500855,4,4,"[1,2,1,2]","[1,1,1,3]","[[1],[0,1,2],[3],[0,1,2,3]]",UNSAT,UNSAT,"[0,1,3]",0.041115000,0.046308000,False
500856,2,5,"[3,1]","[2,3,1,1,2]","[[0,1,2,3,4],[0,1,2,3]]",FEASIBLE,FEASIBLE,null,0.013827000,0.026992000,False
500857,3,6,"[1,1,1]","[3,2,1,1,2,3]","[[0,4,5],[0],[0,3]]",FEASIBLE,FEASIBLE,null,0.033484000,0.024273000,False
500858,5,3,"[1,1,3,2,1]","[1,1,1]","[[0,1,2],[0,1,2],[0,1,2],[1,2],[0,1]]",UNSAT,UNSAT,"[0,2]",0.019485000,0.051187000,False
500859,2,3,"[1,1]","[3,3,2]","[[0,2],[0,1]]",FEASIBLE,FEASIBLE,null,0.009800000,0.017965000,False
500860,1,7,[1],"[2,3,1,3,3,3,1]",[[1]],FEASIBLE,FEASIBLE,null,0.006444000,0.014270000,False
500861,3,5,"[2,1,3]","[3,3,1,2,1]","[[0,1,3],[2],[0,1,2,3,4]]",FEASIBLE,FEASIBLE,null,0.029679000,0.048852000,False
500862,7,6,"[1,2,1,2,2,1,2]","[3,2,3,2,2,3]","[[2],[0,1,2,3,5],[0,1,4,5],[0,1,2,3,4,5],[0,1,2,3,4,5],[2,3,4,5],[0,3,4,5]]",FEASIBLE,FEASIBLE,null,0.694321000,0.065901000,False
500863,5,3,"[3,1,3,1,1]","[2,2,2]","[[0,1,2],[0],[0,1,2],[0,1,2],[0]]",UNSAT,UNSAT,"[0,1,2]",0.043514000,0.147098000,False
500864,3,3,"[2,1,2]","[3,1,1]","[[0,1],[0],[1,2]]",UNSAT,UNSAT,"[0,2]",0.015022000,0.034702000,False
500865,4,4,"[1,1,1,1]","[1,1,1,2]","[[3],[0,1,2,3],[1,2],[0,1,2,3]]",FEASIBLE,FEASIBLE,null,0.053478000,0.032081000,False
500866,6,7,"[2,3,1,1,3,1]","[1,3,1,2,2,3,1]","[[1,3,4],[0,3,6],[2],[0,2,3,4,6],[1,2,3,4,5,6],[0,1,2,4,5,6]]",FEASIBLE,FEASIBLE,null,0.375827000,0.061685000,False
500867,6,1,"[1,1,1,1,1,1]",[3],"[[0],[0],[0],[0],[0],[0]]",UNSAT,UNSAT,"[0,1,2,3]",0.057735000,0.051983000,False
500868,6,7,"[1,2,1,2,2,3]","[1,2,2,3,3,3,1]","[[0,4],[1,4],[0,1,2,5],[1,5],[0,1,2,3,4],[0,1,2,3,5,6]]",FEASIBLE,FEASIBLE,null,0.374862000,0.085239000,False
500869,7,2,"[2,2,1,2,2,1,2]","[3,3]","[[0,1],[0,1],[0],[0,1],[0,1],[0],[0,1]]",UNSAT,UNSAT,"[0,1,2,3]",0.129207000,0.058224000,False
500870,2,1,"[1,1]",[1],"[[0],[0]]",UNSAT,UNSAT,"[0,1]",0.006197000,0.023108000,False
500871,5,5,"[2,2,3,2,1]","[2,1,1,1,3]","[[0,3],[0,1,2,3],[0,1,2,3,4],[2,4],[2,3]]",UNSAT,UNSAT,"[0,1,2]",0.063503000,0.062609000,False
500872,1,3,[1],"[3,3,2]","[[0,1,2]]",FEASIBLE,FEASIBLE,null,0.004322000,0.013925000,False
500873,2,1,"[1,1]",[3],"[[0],[0]]",FEASIBLE,FEASIBLE,null,0.006044000,0.014785000,False
500874,7,7,"[3,1,3,3,1,3,2]","[1,2,1,3,1,1,3]","[[0,1,2,3,4,5],[0,3,5],[1,4,6],[0,1,2,4,5],[0,1,2,3,4,5,6],[1,2,3,4,5],[4,6]]",UNSAT,UNSAT,"[2,6]",0.115414000,0.128600000,False
500875,2,7,"[1,1]","[1,2,3,1,2,3,1]","[[4],[0,1,2,3,5,6]]",FEASIBLE,FEASIBLE,null,0.017679000,0.116228000,False
500876,3,3,"[3,1,1]","[3,2,2]","[[0,1,2],[0,1,2],[0,1,2]]",FEASIBLE,FEASIBLE,null,0.020717000,0.028208000,False
500877,3,3,"[2,1,1]","[1,1,3]","[[0,2],[0,2],[0,1]]",FEASIBLE,FEASIBLE,null,0.021137000,0.026521000,False
500878,2,2,"[1,1]","[2,3]","[[0,1],[0]]",FEASIBLE,FEASIBLE,null,0.008607000,0.017525000,False
500879,3,2,"[1,1,1]","[2,2]","[[1],[0],[0,1]]",FEASIBLE,FEASIBLE,null,0.016242000,0.020939000,False
500880,3,6,"[2,1,1]","[2,3,1,1,2,3]","[[0,2,5],[2,3,4,5],[5]]",FEASIBLE,FEASIBLE,null,0.034344000,0.029596000,False
500881,5,5,"[1,3,3,1,1]","[3,1,1,1,3]","[[0,1,2,3,4],[1,2,3,4],[0,1,4],[2],[4]]",UNSAT,UNSAT,"[1,2,3]",0.090076000,0.071045000,False
500882,1,1,[1],[1],[[0]],FEASIBLE,FEASIBLE,null,0.003032000,0.011355000,False
500883,5,6,"[3,2,2,2,2]","[3,1,3,1,2,2]","[[0,1,3,4,5],[3,4],[0,1,2,3,4,5],[0,1,2,3,4,5],[1,4,5]]",FEASIBLE,FEASIBLE,null,0.156967000,0.075729000,False
500884,1,3,[1],"[3,1,2]","[[0,1,2]]",FEASIBLE,FEASIBLE,null,0.004469000,0.014010000,False
500885,7,6,"[3,1,3,1,1,1,2]","[2,3,1,3,2,3]","[[0,1,2,4,5],[3],[0,1,2,3,4,5],[2,4,5],[0,1,2,3,4,5],[4],[1,2]]",FEASIBLE,FEASIBLE,null,0.675424000,0.103411000,False
500886,4,1,"[1,1,1,1]",[1],"[[0],[0],[0],[0]]",UNSAT,UNSAT,"[0,1]",0.008933000,0.031680000,False
500887,5,3,"[2,1,2,1,3]","[3,3,2]","[[0,1],[1,2],[0,1],[0],[0,1,2]]",UNSAT,UNSAT,"[0,2,3,4]",0.098077000,0.078351000,False
500888,4,5,"[2,1,1,1]","[1,2,3,3,3]","[[1,3,4],[3],[1],[0,1,2,3]]",FEASIBLE,FEASIBLE,null,0.065657000,0.032916000,False
500889,2,5,"[1,2]","[2,1,3,3,2]","[[1],[1,3]]",UNSAT,UNSAT,"[0,1]",0.014153000,0.029134000,False
500890,2,7,"[1,3]","[2,1,2,1,3,2,3]","[[2],[0,4,5,6]]",FEASIBLE,FEASIBLE,null,0.017840000,0.128884000,False
500891,5,5,"[2,1,3,1,1]","[3,2,3,2,1]","[[0,1,2,3],[0,1,2,3],[0,2,3,4],[4],[1,3]]",FEASIBLE,FEASIBLE,null,0.137077000,0.044876000,False
500892,3,2,"[2,1,2]","[1,1]","[[0,1],[0,1],[0,1]]",UNSAT,UNSAT,"[0,1]",0.010038000,0.035951000,False
500893,2,6,"[2,2]","[2,1,1,2,2,3]","[[0,3],[1,2,3,4,5]]",FEASIBLE,FEASIBLE,null,0.016266000,0.027913000,False
500894,3,2,"[1,2,1]","[3,2]","[[0,1],[0,1],[0]]",FEASIBLE,FEASIBLE,null,0.016563000,0.023950000,False
500895,4,1,"[1,1,1,1]",[2],"[[0],[0],[0],[0]]",UNSAT,UNSAT,"[0,1,2]",0.017114000,0.031771000,False
500896,1,6,[2],"[1,1,3,2,1,3]","[[0,1,2,3,4,5]]",FEASIBLE,FEASIBLE,null,0.028408000,0.032834000,False
500897,1,2,[2],"[2,1]","[[0,1]]",FEASIBLE,FEASIBLE,null,0.004134000,0.015607000,False
500898,2,3,"[1,1]","[2,1,2]","[[2],[0,1,2]]",FEASIBLE,FEASIBLE,null,0.010567000,0.019106000,False
500899,6,5,"[1,1,2,1,1,2]","[2,3,3,2,3]","[[1],[0,1,3,4],[0,2],[3],[0,1,2,3,4],[0,2,3,4]]",FEASIBLE,FEASIBLE,null,0.286333000,0.052321000,False
500900,5,1,"[1,1,1,1,1]",[1],"[[0],[0],[0],[0],[0]]",UNSAT,UNSAT,"[0,1]",0.012543000,0.053581000,False
500901,4,2,"[1,1,1,1]","[2,1]","[[0,1],[0],[0],[0,1]]",UNSAT,UNSAT,"[0,1,2,3]",0.032049000,0.036546000,False
500902,2,7,"[1,2]","[2,2,1,2,3,2,1]","[[1],[0,1,2,3,5]]",FEASIBLE,FEASIBLE,null,0.016884000,0.023900000,False
500903,7,2,"[1,1,1,1,2,2,1]","[2,2]","[[1],[1],[0],[1],[0,1],[0,1],[0]]",UNSAT,UNSAT,"[0,1,3]",0.057200000,0.051139000,False
500904,1,3,[2],"[1,1,3]","[[0,1]]",FEASIBLE,FEASIBLE,null,0.004265000,0.015688000,False
500905,5,2,"[1,2,1,1,1]","[2,1]","[[0],[0,1],[1],[1],[0,1]]",UNSAT,UNSAT,"[1,2]",0.019872000,0.041216000,False
500906,5,2,"[1,1,1,1,1]","[2,2]","[[0,1],[0,1],[0],[1],[0]]",UNSAT,UNSAT,"[0,1,2,3,4]",0.066150000,2.596717000,False
500907,4,6,"[2,1,1,3]","[1,1,1,3,2,2]","[[0,1,3,4],[5],[2,4,5],[0,1,2,3,4,5]]",FEASIBLE,FEASIBLE,null,0.074523000,0.042439000,False
500908,2,3,"[1,1]","[3,3,3]","[[0,1,2],[1,2]]",FEASIBLE,FEASIBLE,null,0.009939000,0.018448000,False
500909,3,4,"[1,1,2]","[1,3,3,3]","[[0,1,2],[0,3],[0,3]]",FEASIBLE,FEASIBLE,null,0.042660000,0.034876000,False
500910,3,6,"[2,1,1]","[1,3,3,2,3,3]","[[0,1,3,5],[1],[1,3]]",FEASIBLE,FEASIBLE,null,0.033454000,0.026102000,False
500911,3,4,"[1,1,1]","[1,3,2,1]","[[3],[3],[0]]",UNSAT,UNSAT,"[0,1]",0.013791000,0.029710000,False
500912,5,7,"[2,1,3,2,2]","[2,3,1,3,1,3,3]","[[0,1,2,3,4,5,6],[0,1,2,3,4,5,6],[0,1,2,4,5,6],[0,1,3,4],[1,6]]",FEASIBLE,FEASIBLE,null,0.164586000,0.068006000,False
500913,1,4,[2],"[2,2,1,2]","[[2,3]]",FEASIBLE,FEASIBLE,null,0.004806000,0.015358000,False
500914,4,1,"[1,1,1,1]",[1],"[[0],[0],[0],[0]]",UNSAT,UNSAT,"[0,1]",0.008050000,0.029207000,False
500915,6,4,"[3,1,3,2,2,2]","[2,2,2,3]","[[0,1,2,3],[0,3],[0,1,2,3],[1,2,3],[0,1,2,3],[0,1,2]]",UNSAT,UNSAT,"[0,2,3,4]",0.156644000,0.120322000,False
500916,7,2,"[2,1,1,1,1,1,1]","[1,2]","[[0,1],[1],[0,1],[0,1],[1],[1],[0]]",UNSAT,UNSAT,"[0,6]",0.024531000,0.047629000,False
500917,4,4,"[1,2,2,3]","[2,3,1,3]","[[0,1,2],[1,2,3],[0,2],[0,1,2,3]]",FEASIBLE,FEASIBLE,null,0.051414000,0.050852000,False
500918,7,6,"[1,1,1,2,1,2,3]","[1,3,3,1,3,3]","[[0,1,2,3,5],[0],[0,1,2,3,5],[3,5],[3],[1,5],[0,1,2,3,4]]",UNSAT,UNSAT,"[3,4]",0.099247000,0.083964000,False
500919,3,5,"[1,1,2]","[3,2,3,3,2]","[[4],[1,3],[0,1,2,3]]",FEASIBLE,FEASIBLE,null,0.028494000,0.024809000,False
500920,7,6,"[1,2,1,1,3,1,2]","[1,2,3,3,2,1]","[[0,1,2,3,4,5],[0,2,3,4,5],[2],[0,1,2,3,4,5],[0,1,2,3,4,5],[1,5],[0,1,2,3,4,5]]",FEASIBLE,FEASIBLE,null,0.641815000,0.065626000,False
500921,5,4,"[1,1,2,3,3]","[3,3,1,3]","[[0,1],[0,2],[0,2],[0,1,2,3],[1,2,3]]",UNSAT,UNSAT,"[2,4]",0.043288000,0.064279000,False
500922,4,2,"[2,1,2,2]","[1,3]","[[0,1],[0,1],[0,1],[0,1]]",UNSAT,UNSAT,"[0,2]",0.012706000,0.040533000,False
500923,4,4,"[3,1,1,2]","[3,2,1,2]","[[0,2,3],[0,2],[3],[0,2]]",UNSAT,UNSAT,"[0,3]",0.022038000,0.039057000,False
500924,5,1,"[1,1,1,1,1]",[2],"[[0],[0],[0],[0],[0]]",UNSAT,UNSAT,"[0,1,2]",0.021086000,0.033643000,False
500925,3,3,"[3,2,1]","[1,2,1]","[[0,1,2],[0,2],[1]]",UNSAT,UNSAT,"[0,1]",0.011249000,0.109988000,False
500926,7,7,"[2,2,1,1,2,2,2]","[1,3,1,1,3,3,1]","[[0,2],[1,2],[0,1,2,3,4,5,6],[0,1,2,3,4,5,6],[0,1,2,4,5,6],[0,2,3,4,6],[1,2,3,4]]",UNSAT,UNSAT,"[0,1]",0.038562000,0.100885000,False
500927,4,5,"[1,1,1,2]","[1,3,1,1,3]","[[0,3,4],[2],[1,3,4],[0,2,4]]",FEASIBLE,FEASIBLE,null,0.060705000,0.039674000,False
500928,3,3,"[2,2,2]","[3,2,3]","[[0,2],[0,2],[0,1]]",FEASIBLE,FEASIBLE,null,0.019459000,0.027155000,False
500929,3,4,"[1,2,2]","[2,2,3,1]","[[2],[0,1,2,3],[2,3]]",FEASIBLE,FEASIBLE,null,0.024109000,0.025951000,False
500930,4,2,"[1,1,1,1]","[1,2]","[[0,1],[0,1],[1],[0,1]]",UNSAT,UNSAT,"[0,1,2,3]",0.030285000,0.035077000,False
500931,4,7,"[2,3,2,3]","[1,2,2,1,3,2,3]","[[1,3],[1,2,5,6],[0,1,2,4,5],[0,1,2,3,4,5]]",FEASIBLE,FEASIBLE,null,0.078218000,0.058453000,False
500932,6,2,"[1,1,2,1,1,2]","[3,3]","[[1],[0],[0,1],[1],[0,1],[0,1]]",UNSAT,UNSAT,"[0,2,3,5]",0.095237000,0.059914000,False
500933,1,7,[1],"[1,3,1,2,2,3,3]","[[0,1,2,5]]",FEASIBLE,FEASIBLE,null,0.006500000,0.015903000,False
500934,4,7,"[1,1,3,1]","[2,3,3,3,1,1,2]","[[6],[1],[0,2,4,5,6],[2,6]]",FEASIBLE,FEASIBLE,null,0.077873000,0.032319000,False
500935,6,1,"[1,1,1,1,1,1]",[3],"[[0],[0],[0],[0],[0],[0]]",UNSAT,UNSAT,"[0,1,2,3]",0.053233000,0.036999000,False
500936,3,4,"[1,1,1]","[3,2,1,1]","[[0,1,2,3],[0,1],[3]]",FEASIBLE,FEASIBLE,null,0.023530000,0.021833000,False
500937,6,4,"[3,2,1,2,2,1]","[1,2,3,3]","[[1,2,3],[0,1],[0],[1,3],[1,2,3],[0]]",UNSAT,UNSAT,"[1,2]",0.037403000,0.137062000,False
500938,5,5,"[2,1,1,1,3]","[3,2,1,3,3]","[[0,1,2,3,4],[0,1,2,3,4],[2],[3],[0,1,2,4]]",FEASIBLE,FEASIBLE,null,0.124080000,0.042153000,False
500939,5,7,"[3,1,1,1,1]","[2,2,1,1,1,3,1]","[[0,1,2,4,5],[0,1,2,3,4],[3,4,6],[0,1,2,3,4,5,6],[0,1,2,3,4,6]]",FEASIBLE,FEASIBLE,null,0.165820000,0.051454000,False
500940,5,5,"[1,1,3,3,2]","[3,3,2,1,3]","[[4],[0,3],[0,2,4],[0,1,2,3,4],[2,4]]",FEASIBLE,FEASIBLE,null,0.126501000,0.053228000,False
500941,2,2,"[1,1]","[3,1]","[[0],[0,1]]",FEASIBLE,FEASIBLE,null,0.008030000,0.015264000,False
500942,6,6,"[1,1,2,3,3,2]","[2,1,2,1,3,3]","[[1,2,4,5],[0,2,3,5],[0,1],[0,1,2,4],[0,2,3,5],[1,2,4]]",UNSAT,UNSAT,"[2,3,4,5]",0.278524000,0.101959000,False
500943,5,5,"[3,1,1,2,1]","[1,3,1,3,2]","[[0,1,2,3,4],[0,1,2,4],[3],[0,1,2,3,4],[0,4]]",FEASIBLE,FEASIBLE,null,0.123212000,0.044453000,False
500944,7,6,"[3,3,2,2,1,1,3]","[1,1,3,1,3,3]","[[0,1,2,3,4,5],[1,2,3,4,5],[0,1,2,3,4,5],[0,1,2,3,4,5],[0,1,3],[4],[0,1,3]]",UNSAT,UNSAT,"[4,6]",0.115047000,0.113108000,False
500945,4,2,"[1,1,2,1]","[1,1]","[[0,1],[0,1],[0,1],[0]]",UNSAT,UNSAT,"[0,2]",0.012472000,0.034366000,False
500946,4,2,"[2,1,1,1]","[2,2]","[[0,1],[0],[0],[0,1]]",UNSAT,UNSAT,"[0,1,2]",0.021702000,0.034431000,False
500947,2,4,"[1,1]","[3,1,3,3]","[[0,1,2,3],[0]]",FEASIBLE,FEASIBLE,null,0.013191000,0.029950000,False
500948,4,1,"[1,1,1,1]",[3],"[[0],[0],[0],[0]]",UNSAT,UNSAT,"[0,1,2,3]",0.026155000,0.047590000,False
500949,6,6,"[1,2,2,1,1,1]","[2,3,2,3,3,3]","[[2,3],[0,1,2,3,4,5],[0,1,2,3,4,5],[0,1,3,4],[4],[0]]",FEASIBLE,FEASIBLE,null,0.306093000,0.157181000,False
500950,2,4,"[2,2]","[2,2,1,3]","[[1,2],[0,1,2,3]]",FEASIBLE,FEASIBLE,null,0.011465000,0.022433000,False
500951,1,6,[2],"[3,3,2,2,3,2]","[[1,5]]",FEASIBLE,FEASIBLE,null,0.005884000,0.015697000,False
500952,5,7,"[1,3,3,1,2]","[1,2,2,2,1,2,3]","[[0,1,3,5],[1,2,4,5,6],[0,1,4,6],[2,3,6],[5,6]]",FEASIBLE,FEASIBLE,null,0.187153000,0.061670000,False
500953,7,1,"[1,1,1,1,1,1,1]",[1],"[[0],[0],[0],[0],[0],[0],[0]]",UNSAT,UNSAT,"[0,1]",0.011213000,0.039252000,False
500954,3,4,"[1,2,1]","[2,3,1,1]","[[0,1,2,3],[2,3],[3]]",UNSAT,UNSAT,"[1,2]",0.019640000,0.031978000,False
500955,2,3,"[2,1]","[1,3,3]","[[0,1,2],[0,2]]",FEASIBLE,FEASIBLE,null,0.009216000,0.020258000,False
500956,7,1,"[1,1,1,1,1,1,1]",[1],"[[0],[0],[0],[0],[0],[0],[0]]",UNSAT,UNSAT,"[0,1]",0.010647000,0.037108000,False
500957,5,5,"[1,1,1,2,1]","[1,2,1,1,1]","[[1,4],[0],[0,2,3,4],[0,1,4],[0,1,3]]",FEASIBLE,FEASIBLE,null,0.119103000,0.036282000,False
500958,7,6,"[1,1,1,1,2,1,1]","[3,2,2,1,2,2]","[[2,4,5],[3],[3],[0,1,2,3,4,5],[1,2,5],[1,5],[3]]",UNSAT,UNSAT,"[1,2]",0.057552000,0.050123000,False
500959,6,7,"[3,1,2,1,3,3]","[2,3,1,1,3,3,2]","[[0,2,3,5,6],[0],[0,4],[0,2,3,4,5,6],[0,2,6],[1,2,3,4,6]]",UNSAT,UNSAT,"[1,2,4]",0.163224000,0.091300000,False
500960,5,2,"[2,1,2,1,1]","[2,2]","[[0,1],[1],[0,1],[0],[1]]",UNSAT,UNSAT,"[0,1,2]",0.029583000,0.039464000,False
500961,4,1,"[1,1,1,1]",[1],"[[0],[0],[0],[0]]",UNSAT,UNSAT,"[0,1]",0.007589000,0.108831000,False
500962,3,6,"[2,2,1]","[1,2,1,3,2,1]","[[0,1,2,3,4,5],[0,1,2,3,4,5],[3]]",FEASIBLE,FEASIBLE,null,0.032027000,0.031217000,False
500963,7,7,"[1,1,1,2,3,1,3]","[2,2,3,1,2,1,1]","[[0],[3],[3,5],[1,5,6],[0,1,5],[5],[0,1,3,6]]",UNSAT,UNSAT,"[4,5]",0.122708000,0.061773000,False
500964,2,4,"[1,2]","[1,2,2,1]","[[0],[0,1,2,3]]",FEASIBLE,FEASIBLE,null,0.010718000,0.019980000,False
500965,6,5,"[1,1,1,1,1,2]","[3,1,1,2,2]","[[0,1,3,4],[0,1,2,3,4],[4],[0,1,2,3,4],[3],[0,1,2,3,4]]",FEASIBLE,FEASIBLE,null,0.262032000,0.042793000,False
500966,7,3,"[1,1,1,1,3,1,1]","[2,2,1]","[[0,2],[0,2],[0,2],[0],[0,1,2],[1,2],[0,1,2]]",UNSAT,UNSAT,"[0,1,4]",0.073093000,0.053814000,False
500967,5,6,"[3,1,3,2,1]","[2,3,3,2,3,3]","[[0,1,3],[1,2],[0,1,2,3,4],[0,1,2,3,4,5],[3,4]]",FEASIBLE,FEASIBLE,null,0.138053000,0.045628000,False
500968,2,2,"[1,1]","[2,2]","[[1],[0]]",FEASIBLE,FEASIBLE,null,0.007130000,0.013617000,False
500969,5,2,"[1,1,1,1,1]","[3,1]","[[0,1],[0],[0],[0,1],[0]]",UNSAT,UNSAT,"[0,1,2,3,4]",0.058928000,0.036271000,False
500970,2,4,"[3,1]","[2,1,2,1]","[[0,1,2,3],[2]]",FEASIBLE,FEASIBLE,null,0.010430000,0.020889000,False
500971,4,7,"[1,2,1,1]","[1,3,1,3,3,1,3]","[[4],[0,2,3,4,6],[0],[0]]",UNSAT,UNSAT,"[2,3]",0.046556000,0.045876000,False
500972,5,2,"[1,1,1,1,1]","[3,1]","[[1],[1],[1],[1],[0]]",UNSAT,UNSAT,"[0,1]",0.014735000,0.031405000,False
500973,5,5,"[3,3,3,1,2]","[3,1,3,2,1]","[[2,3,4],[0,1,2,3,4],[0,1,2,3],[3],[0,1,3,4]]",UNSAT,UNSAT,"[0,1,2,3]",0.097380000,0.141025000,False
500974,4,2,"[1,1,1,1]","[2,3]","[[0],[0],[1],[0,1]]",FEASIBLE,FEASIBLE,null,0.029310000,0.022398000,False
500975,3,2,"[1,1,1]","[2,1]","[[1],[1],[0,1]]",UNSAT,UNSAT,"[0,1]",0.008939000,0.025039000,False
500976,3,2,"[1,1,1]","[3,2]","[[0],[0],[0]]",FEASIBLE,FEASIBLE,null,0.014664000,0.017037000,False
500977,6,2,"[1,1,1,1,1,1]","[3,1]","[[1],[0,1],[1],[0,1],[0,1],[0]]",UNSAT,UNSAT,"[0,2]",0.015032000,0.040561000,False
500978,7,7,"[3,2,1,2,2,1,1]","[1,3,2,2,3,2,2]","[[0,1,2,4,5,6],[1,2,3,5,6],[4,5],[0,1,2,3,4,5,6],[1,3,4],[2,3],[0,1,3,4,5,6]]",FEASIBLE,FEASIBLE,null,0.694801000,0.084906000,False
500979,6,6,"[1,1,2,1,1,1]","[1,3,1,1,3,2]","[[5],[5],[1,4],[0,1,2,3,4,5],[1],[1]]",FEASIBLE,FEASIBLE,null,0.307892000,0.035867000,False
500980,2,5,"[2,2]","[2,3,1,1,3]","[[1,2,4],[1,2]]",FEASIBLE,FEASIBLE,null,0.012182000,0.027432000,False
500981,4,2,"[1,2,1,2]","[1,1]","[[0,1],[0,1],[0,1],[0,1]]",UNSAT,UNSAT,"[0,1]",0.009935000,0.034344000,False
500982,1,3,[1],"[2,3,1]",[[0]],FEASIBLE,FEASIBLE,null,0.003867000,0.010614000,False
500983,7,3,"[1,1,1,3,2,1,2]","[1,2,1]","[[1],[0,1,2],[0],[0,1,2],[0,1],[2],[1,2]]",UNSAT,UNSAT,"[2,3]",0.043651000,0.050181000,False
500984,6,4,"[3,1,1,1,3,3]","[1,1,3,1]","[[0,1,2],[1,2],[3],[2],[0,1,2,3],[1,2,3]]",UNSAT,UNSAT,"[0,4]",0.028430000,0.052903000,False
500985,3,6,"[3,1,3]","[2,2,1,1,2,3]","[[1,3,5],[3],[0,2,3,4]]",UNSAT,UNSAT,"[0,1]",0.016593000,0.038710000,False
500986,4,4,"[2,2,1,1]","[3,2,1,2]","[[2,3],[0,1,2,3],[2,3],[3]]",UNSAT,UNSAT,"[0,2,3]",0.039145000,0.119948000,False
500987,1,4,[2],"[3,3,1,2]","[[0,1,2,3]]",FEASIBLE,FEASIBLE,null,0.004395000,0.015187000,False
500988,1,7,[1],"[1,3,2,3,3,2,2]","[[0,1,6]]",FEASIBLE,FEASIBLE,null,0.005847000,0.013616000,False
500989,4,3,"[1,1,3,1]","[2,1,3]","[[2],[0,2],[0,1,2],[1]]",UNSAT,UNSAT,"[2,3]",0.024822000,0.034831000,False
500990,7,5,"[1,1,2,2,3,2,1]","[3,3,3,3,3]","[[3],[0,1,2,3,4],[0,1,2],[0,1,3,4],[1,2,3],[0,1,3,4],[0,1,2,3,4]]",FEASIBLE,FEASIBLE,null,0.497390000,0.054717000,False
500991,6,3,"[3,1,2,1,1,1]","[1,1,3]","[[0,1,2],[1,2],[0,1,2],[1,2],[1,2],[0]]",UNSAT,UNSAT,"[0,2]",0.019438000,0.049739000,False
500992,5,2,"[1,1,1,1,1]","[2,3]","[[0],[0,1],[0,1],[0,1],[0]]",FEASIBLE,FEASIBLE,null,0.057240000,0.037153000,False
500993,1,6,[2],"[3,1,3,1,3,2]","[[0,1,2,3,4,5]]",FEASIBLE,FEASIBLE,null,0.005301000,0.017216000,False
500994,5,3,"[1,2,1,1,1]","[1,1,3]","[[0,1,2],[0,1,2],[1],[0,1],[0,1,2]]",UNSAT,UNSAT,"[1,2,3]",0.051768000,0.054248000,False
500995,2,4,"[1,3]","[2,1,3,2]","[[0,1],[0,1,2]]",FEASIBLE,FEASIBLE,null,0.010310000,0.070354000,False
500996,5,2,"[1,1,1,1,1]","[1,3]","[[0,1],[0,1],[1],[1],[1]]",UNSAT,UNSAT,"[0,1,2,3,4]",0.055956000,0.035131000,False
500997,1,3,[2],"[3,1,1]","[[1,2]]",FEASIBLE,FEASIBLE,null,0.003683000,0.013023000,False
500998,1,2,[1],"[1,2]",[[0]],FEASIBLE,FEASIBLE,null,0.003543000,0.009634000,False
500999,5,5,"[2,3,1,1,2]","[3,1,1,2,2]","[[0,1,2,3,4],[0,1,2,3,4],[1],[1,3,4],[1,2]]",UNSAT,UNSAT,"[2,4]",0.046972000,0.063543000,False
