instance,source,set,domain,cnf_sha256,solver,status,untimed_wall_ms,timing_valid,pool_workers
bmc-galileo-8.cnf,SATLIB,bmc-ibm,eda_formal_verification,d4067ccc2797e13412aa3bc5b23d48a976962b558017a277950d4ca2bdad61dc,kissat,SATISFIABLE,623.086909,False,8
bmc-galileo-9.cnf,SATLIB,bmc-ibm,eda_formal_verification,3ab82be4e836102a752bb22c419877895fb2f159ab1a3e862c116c9f9a4e8628,kissat,SATISFIABLE,1320.110914,False,8
bmc-ibm-10.cnf,SATLIB,bmc-ibm,eda_formal_verification,d7f897c54f775edcef0ea51e97034a778e4ff03b570ae87305ed50616b049a51,kissat,SATISFIABLE,670.760025,False,8
bmc-ibm-11.cnf,SATLIB,bmc-ibm,eda_formal_verification,26b95b63aac1a133a263771fa6591bc0861de8335931fe55a4e2c00800b81bd0,kissat,SATISFIABLE,920.92382,False,8
bmc-ibm-12.cnf,SATLIB,bmc-ibm,eda_formal_verification,883e1d3cf1fd2623f44bf8895e2a2f1284ff5358d6469bd10b04ab1b642dc93e,kissat,SATISFIABLE,1672.954881,False,8
bmc-ibm-13.cnf,SATLIB,bmc-ibm,eda_formal_verification,0dafcf6bcd20e453eb01cbef4c811b93d65a53d28f5087d26d79cbbe1f646919,kissat,SATISFIABLE,318.490368,False,8
bmc-ibm-1.cnf,SATLIB,bmc-ibm,eda_formal_verification,ccfe052c64a36c820faa7f373962f9f425df540620da63ab8ba2e3047a32a959,kissat,SATISFIABLE,319.548943,False,8
bmc-ibm-2.cnf,SATLIB,bmc-ibm,eda_formal_verification,f82d90198c950d16ca910d42fd28f3b049334785b275cd02ae6ac1c33cb597ba,kissat,SATISFIABLE,117.90452,False,8
bmc-ibm-3.cnf,SATLIB,bmc-ibm,eda_formal_verification,400f1435b207e925c20ed27a4b2ff96ae5ef916b2f439c69fd77bd1c56ee99a3,kissat,SATISFIABLE,267.388798,False,8
bmc-ibm-4.cnf,SATLIB,bmc-ibm,eda_formal_verification,8a3faefe7bee94fc9d7c06809f9e69feee9d9647ced0cf24f0750bb4af395699,kissat,SATISFIABLE,367.520898,False,8
bmc-ibm-5.cnf,SATLIB,bmc-ibm,eda_formal_verification,786a7c07afa6da37fa1baa2b50cb732731d82b404fb9e1d9e45de73588124f77,kissat,SATISFIABLE,167.327114,False,8
bmc-ibm-6.cnf,SATLIB,bmc-ibm,eda_formal_verification,63ef2fd92a3992ddcca27e2f2d83527ab63b7df826578d29f2b882c4e8cea47d,kissat,SATISFIABLE,618.459119,False,8
bmc-ibm-7.cnf,SATLIB,bmc-ibm,eda_formal_verification,2e4305a91ee012754d437d7121fcd701abb19e80119dce4ab5bb1800fed64734,kissat,SATISFIABLE,68.011,False,8
ssa0432-003.cnf,SATLIB,ssa,eda_circuit_fault,6b16c38f0c39341203a641aa016b4153a9da65a28d9078d25b9d508772b7375a,kissat,UNSATISFIABLE,69.01117,False,8
ssa2670-130.cnf,SATLIB,ssa,eda_circuit_fault,c4a3c04cec16f2b3eeaf541b9d8ca0b5aa95ab89734f8b5230eff9c19c4092eb,kissat,UNSATISFIABLE,67.453554,False,8
ssa2670-141.cnf,SATLIB,ssa,eda_circuit_fault,627518da0e2b1559a2904af801c341df66cd2a211c04f6ebded62e407ab3e545,kissat,UNSATISFIABLE,68.133222,False,8
ssa6288-047.cnf,SATLIB,ssa,eda_circuit_fault,07c8a88b790c161f34ddae1ca013fb8e58854f1cf985a45c7bbfd9b3d32515b6,kissat,UNSATISFIABLE,69.153201,False,8
ssa7552-038.cnf,SATLIB,ssa,eda_circuit_fault,e852563f9f5e615bf4a713c3aa8f7ba23a00c48b091255689156e572a06dbf23,kissat,SATISFIABLE,35.494965,False,8
ssa7552-158.cnf,SATLIB,ssa,eda_circuit_fault,490948912a139d74e0487ea9f47e52c3ac4e70927e3f3b8577f542fca36107a6,kissat,SATISFIABLE,34.512798,False,8
ssa7552-159.cnf,SATLIB,ssa,eda_circuit_fault,1e405d326f0f4eab4f2667dfdc7d513f07e8842ad9b40fb27e9f83a679f86ee7,kissat,SATISFIABLE,35.391881,False,8
ssa7552-160.cnf,SATLIB,ssa,eda_circuit_fault,3f5042acadf40e83d8288b09783eb5688a340abaeb788a4ba71ac4919e0a4098,kissat,SATISFIABLE,34.838062,False,8
bf0432-007.cnf,SATLIB,bf,eda_circuit_fault,ff22b8c5c381229a7ec7ff2f8d93afc7219a73034c4180b056b8a5594af1a75a,kissat,UNSATISFIABLE,66.792202,False,8
bf1355-075.cnf,SATLIB,bf,eda_circuit_fault,84cbdea25943d63b9ca46f3fc86c4f5397b70e987855dcb0b7b6908915bb9325,kissat,UNSATISFIABLE,34.450558,False,8
bf1355-638.cnf,SATLIB,bf,eda_circuit_fault,bd8dfc4ce8796d35addb3764eed045ab36f938dff144e08dc8e901a09def9adb,kissat,UNSATISFIABLE,66.975259,False,8
bf2670-001.cnf,SATLIB,bf,eda_circuit_fault,f68ef1571e8d8aea62ad6b3d369d915f2c1cec6e7e4d140157b05e543ff9ffe0,kissat,UNSATISFIABLE,66.54993,False,8
2bitadd_10.cnf,SATLIB,beijing,planning_scheduling,90143db97d9e1c1cf550cd3a5ab2376c3829b4da8f77ea9ca9c02cb7282e6e0b,kissat,UNSATISFIABLE,5836.842419,False,8
2bitadd_11.cnf,SATLIB,beijing,planning_scheduling,e44f1e76529a113f562c600adae4e70822067adf4bda65f0bf447457e5b7398a,kissat,SATISFIABLE,116.715233,False,8
2bitadd_12.cnf,SATLIB,beijing,planning_scheduling,56e5ed82333d00505354ccc989712b531995c890191c9fe9dd0de9bb522393a1,kissat,SATISFIABLE,116.457366,False,8
2bitcomp_5.cnf,SATLIB,beijing,planning_scheduling,de54f317604f0d8417340897488986a4d55b26ceb54c46bc2af127f3f0cc0a77,kissat,SATISFIABLE,35.29103,False,8
2bitmax_6.cnf,SATLIB,beijing,planning_scheduling,434fff529d848b08664ac7c24397b4609914151c929553fc18893448bb86be2a,kissat,SATISFIABLE,35.24854,False,8
3bitadd_31.cnf,SATLIB,beijing,planning_scheduling,f8efb5753b0dd6d012a8142cf2a42f19026336aedebc8fd2c852d66f2eae5a2c,kissat,SATISFIABLE,217.265346,False,8
3bitadd_32.cnf,SATLIB,beijing,planning_scheduling,acd010ed164afe399b735c872936e1e9a565d269a3ee0c934fce7d7b43a74320,kissat,SATISFIABLE,618.579379,False,8
3blocks.cnf,SATLIB,beijing,planning_scheduling,4cb9f6ec0c3b1854d58f321369a107d0e1cfdd17f9381829fbc30cefd6660c54,kissat,SATISFIABLE,116.917216,False,8
4blocks.cnf,SATLIB,beijing,planning_scheduling,2716032823c7d324ea311a2916bf79ac4da7771ea5d56b910cd6063e542a286c,kissat,SATISFIABLE,367.557279,False,8
4blocksb.cnf,SATLIB,beijing,planning_scheduling,a892f3d5f36bc21cf5398c062721561c4bc553527c3ed8e4fb9283c0aa04a629,kissat,SATISFIABLE,217.081389,False,8
e0ddr2-10-by-5-1.cnf,SATLIB,beijing,planning_scheduling,25a49f01764090ece23d8b7994e023f6ea7e52d5fc25fa067b96b8be0eb681e5,kissat,SATISFIABLE,267.267909,False,8
e0ddr2-10-by-5-4.cnf,SATLIB,beijing,planning_scheduling,060a44c813935b5289a36217b0648ed2dae60b6cf0820fb985cab761a3f96d25,kissat,SATISFIABLE,117.34026,False,8
enddr2-10-by-5-1.cnf,SATLIB,beijing,planning_scheduling,1197125be54524d0f6b3dc6b9fd88f7b0f313fd8509c3bc7537e7730cfa80076,kissat,SATISFIABLE,118.507915,False,8
enddr2-10-by-5-8.cnf,SATLIB,beijing,planning_scheduling,3e188edbc7a068703a90a865a3a7d7f2954a423d74c149b61b0719a6145d7a63,kissat,SATISFIABLE,66.584776,False,8
ewddr2-10-by-5-1.cnf,SATLIB,beijing,planning_scheduling,eaa482265d5188b10c8c9a45f561c26fe06b6c18d585394ccde550816b8b97c4,kissat,SATISFIABLE,116.644459,False,8
ewddr2-10-by-5-8.cnf,SATLIB,beijing,planning_scheduling,47f29473e786732f1466f08203d49da0a99de74fa138506f6a074632b0272d7d,kissat,SATISFIABLE,267.651165,False,8
logistics.a.cnf,SATLIB,planning-logistics,planning_scheduling,58143abb64d57e922442a58e775a1c67f9b62435a99a200fb153237d2bf0adf4,kissat,SATISFIABLE,117.091559,False,8
logistics.b.cnf,SATLIB,planning-logistics,planning_scheduling,68103b82ea3b996eac2ec43210aa9b55bd2900311f11fe1ed33077cc3107198e,kissat,SATISFIABLE,118.05268,False,8
logistics.c.cnf,SATLIB,planning-logistics,planning_scheduling,28b9d59a6b980762de3b6ef359b192732505d10bad2805bcca76fb56331f098f,kissat,SATISFIABLE,117.9316,False,8
logistics.d.cnf,SATLIB,planning-logistics,planning_scheduling,29ef906fbc201db077488cc4f053d57218a033dba37fe112405ec20036cbea3c,kissat,SATISFIABLE,116.482203,False,8
bw_large.a.cnf,SATLIB,planning-blocksworld,planning_scheduling,4818c621266c68ef3f6f37ca27652d703b6530ddbc6dcac7b42d5cc65be3b0f7,kissat,SATISFIABLE,118.239492,False,8
bw_large.b.cnf,SATLIB,planning-blocksworld,planning_scheduling,5afee43155740578959da99bd35cda95ce8b931879f87588e7aa4c7cb8f775bd,kissat,SATISFIABLE,118.179208,False,8
bw_large.c.cnf,SATLIB,planning-blocksworld,planning_scheduling,a854ebc3c5486831d968c0ea66cd8840c9fbfeb1e1e792de5e2d4ff8547b5373,kissat,SATISFIABLE,268.520464,False,8
bw_large.d.cnf,SATLIB,planning-blocksworld,planning_scheduling,04ef41298c5ee41297669ca193516af91a2d009e3ed4b64d068ab1540d3ff1ba,kissat,SATISFIABLE,467.635126,False,8
anomaly.cnf,SATLIB,planning-blocksworld,planning_scheduling,a0406b6cb576486cdc724288498086fc5d1a58ebe96d92b41d78a8d8b7d59864,kissat,SATISFIABLE,34.157547,False,8
medium.cnf,SATLIB,planning-blocksworld,planning_scheduling,52b247973bbe7be38c4b0a890576b13489ffe0d114500f08df396b4cd6bf16c4,kissat,SATISFIABLE,34.987402,False,8
huge.cnf,SATLIB,planning-blocksworld,planning_scheduling,305757cd5b23959a714c37efcdb2596bde921323bbf74ee5a7ba878aff838dba,kissat,SATISFIABLE,116.637791,False,8
hanoi4.cnf,SATLIB,hanoi,planning_scheduling,ab38df56b8ecdbe955a22df3b1b1afbd3c3f98f6c6ee33e391b3bd67db903f4d,kissat,SATISFIABLE,218.0398,False,8
hanoi5.cnf,SATLIB,hanoi,planning_scheduling,4205042bcd7d63a57d26ba0a3e05e0c775181262838ef8286337bb1676730413,kissat,SATISFIABLE,1421.299884,False,8
ais10.cnf,SATLIB,ais,matching_capacity,ad741512139517014389bab114087f35fb8ffc205dd4e243b2bcab28c77413fa,kissat,SATISFIABLE,35.051151,False,8
ais12.cnf,SATLIB,ais,matching_capacity,11bf168f81fd3302eb1367d35b9cacc3459f585e080dae87aba14e69df3f727b,kissat,SATISFIABLE,34.761996,False,8
ais6.cnf,SATLIB,ais,matching_capacity,931c7623e7b3174ff91541d30ca83a19c96036d4f99bbe65441facc3103da95e,kissat,SATISFIABLE,35.525794,False,8
ais8.cnf,SATLIB,ais,matching_capacity,7288722a730cd949069ac0877dcfdb9fab518185f217e8d63f1c1c29035a6ddb,kissat,SATISFIABLE,67.103116,False,8
hole10.cnf,SATLIB,pigeon-hole,matching_capacity,a8c786ce602fd368158c216bdf58882a3aa1b9cd844f78eb24487fc12711c56f,kissat,UNSATISFIABLE,3777.955122,False,8
hole6.cnf,SATLIB,pigeon-hole,matching_capacity,1c2da59d23617fa81637a8a56c359002eaaa807a27d70fb684645f84e2361fd7,kissat,UNSATISFIABLE,66.926112,False,8
hole7.cnf,SATLIB,pigeon-hole,matching_capacity,225791cbb02429d71bae87f331460d456ee11fecc384a6af049813f42e6319ab,kissat,UNSATISFIABLE,117.186593,False,8
hole8.cnf,SATLIB,pigeon-hole,matching_capacity,e63ad9adca73c42dab2f89a3cec77dbf7800d595f72ce740b32004431e1bfd84,kissat,UNSATISFIABLE,217.006253,False,8
hole9.cnf,SATLIB,pigeon-hole,matching_capacity,e5821911954338bdf496866bdbdf2bab123cbc09dd8e6d19a38277f393bc30c6,kissat,UNSATISFIABLE,568.032801,False,8
flat200-1.cnf,SATLIB,flat200,matching_capacity,f8516312492ea618618ffb65b0052dbfc8c3563c4ee5c341d24bf5b84e30f39f,kissat,SATISFIABLE,75.767997,False,8
flat200-10.cnf,SATLIB,flat200,matching_capacity,211ba100787590ee5694c428c6ec00a5eb41039a1fca2c97dd241b845fff8ad4,kissat,SATISFIABLE,116.764856,False,8
flat200-100.cnf,SATLIB,flat200,matching_capacity,a36dbcbb9fbc4fa7a38b006d92a90d9bb13a24ae9793bdb652df652da698d9fb,kissat,SATISFIABLE,66.526705,False,8
flat200-11.cnf,SATLIB,flat200,matching_capacity,aff4783537aac1926a05f4d66129aa30e6e6ea254c1eb43f1aea2e38edbe2b52,kissat,SATISFIABLE,67.188071,False,8
flat200-12.cnf,SATLIB,flat200,matching_capacity,41c1b36d5f27356313a5a5600c2b04667211b7bd2021a91afd8f48f3b2b54f4b,kissat,SATISFIABLE,167.206086,False,8
flat200-13.cnf,SATLIB,flat200,matching_capacity,9ee29df4d3137a495d9ec8a4db174cecd72382a0307316db72774c2450c6370b,kissat,SATISFIABLE,67.578517,False,8
flat200-14.cnf,SATLIB,flat200,matching_capacity,e106756e606efe8519cd347abb01284676f661bfebd15b899ae80c9ed42e6d8e,kissat,SATISFIABLE,116.829396,False,8
flat200-15.cnf,SATLIB,flat200,matching_capacity,51008ad96f2e723e606fec4aa5a98a4558fa3820d952e6d8275a468bd2b0779a,kissat,SATISFIABLE,117.193936,False,8
flat200-16.cnf,SATLIB,flat200,matching_capacity,2d9d77f4cfbc8272e78cd13bc7e5b352ee10f678c58caed3aad9d8ebd4fccc21,kissat,SATISFIABLE,167.728724,False,8
flat200-17.cnf,SATLIB,flat200,matching_capacity,c421fcf1c405b4fc2e92f31a1aa1c9fb729f7877062330a7649d03216c55393e,kissat,SATISFIABLE,67.065355,False,8
flat200-18.cnf,SATLIB,flat200,matching_capacity,8c92511ae9bce3143d4d4ecd1382a86847928ce1eaed6524a7eb6137c829bca5,kissat,SATISFIABLE,66.140874,False,8
flat200-19.cnf,SATLIB,flat200,matching_capacity,79419fc1899c90cf1de1435d9449f18d4637e3202790c80df2bad2be23bbf609,kissat,SATISFIABLE,66.16382,False,8
flat200-2.cnf,SATLIB,flat200,matching_capacity,b48527a20b6324333fd9681e0468dc03930da4466653b2ff8782c897b2369ea7,kissat,SATISFIABLE,166.817648,False,8
flat200-20.cnf,SATLIB,flat200,matching_capacity,2b8512b2c60defceb25c1aab77c7a3fded0909de3c7df373f5bbeeca1d37a0ac,kissat,SATISFIABLE,117.158438,False,8
flat200-21.cnf,SATLIB,flat200,matching_capacity,768057fc768e6fe5a1a60838a9d0b6dd0070db93b30bc2ed0dfa1cc0898d319a,kissat,SATISFIABLE,66.569257,False,8
flat200-22.cnf,SATLIB,flat200,matching_capacity,42c7ad26c98e8b148bdb6a1310426120c369ea68e1133f166af3a800855a3275,kissat,SATISFIABLE,116.836513,False,8
flat200-23.cnf,SATLIB,flat200,matching_capacity,eedc8dc1b8455cfdccc5fc295d941b3b93636aaba941ace93c115be333259f12,kissat,SATISFIABLE,66.930095,False,8
flat200-24.cnf,SATLIB,flat200,matching_capacity,4a5d42bf6b0e9a3d535f3bbae344c50145b3dd5f8e82922cdeccf549fe799c38,kissat,SATISFIABLE,66.919824,False,8
flat200-25.cnf,SATLIB,flat200,matching_capacity,a9e24361d10980023fd15b9b39a04d770c33a6bdb963802acac733683870ef9a,kissat,SATISFIABLE,117.032911,False,8
flat200-26.cnf,SATLIB,flat200,matching_capacity,64bebc2c1c14f9d18f32bfdf29d09f70e7665931fdf3892fb0a50a06351113ef,kissat,SATISFIABLE,167.763599,False,8
flat200-27.cnf,SATLIB,flat200,matching_capacity,0c17fe858fe4a1a470706631dfcd5e56994dc46ec615c5212fc5c6ff376a1ef4,kissat,SATISFIABLE,117.328543,False,8
flat200-28.cnf,SATLIB,flat200,matching_capacity,0fcee5d2af4c99d1b5c1135ce00f9c24057198a80ab17f97e0d5463d6825352b,kissat,SATISFIABLE,117.077644,False,8
flat200-29.cnf,SATLIB,flat200,matching_capacity,81dcb56e0c003a41d95217c15b0e226764b0110c54fe5cbd0f122eaa9abfa4ec,kissat,SATISFIABLE,117.043952,False,8
flat200-3.cnf,SATLIB,flat200,matching_capacity,647b7edb568f358ae65fe4323f496638f636fb90902dcde900793b2fe4067aff,kissat,SATISFIABLE,117.080415,False,8
flat200-30.cnf,SATLIB,flat200,matching_capacity,f86fdf3c40ec8cba1930b2e911274a4234e7c71b4fa0f7abdee0279710019f0a,kissat,SATISFIABLE,116.775689,False,8
flat200-31.cnf,SATLIB,flat200,matching_capacity,c4648f9163b028bf1c8fb428532a4016480b6af5ddb93ceefeca8c6507ca9e43,kissat,SATISFIABLE,116.854446,False,8
flat200-32.cnf,SATLIB,flat200,matching_capacity,bbe44c3e9e5df91b42e85abc4432d39341da89e124a47ba2a748cd03ab3c470d,kissat,SATISFIABLE,66.903699,False,8
flat200-33.cnf,SATLIB,flat200,matching_capacity,be8f06e82426f4ab411049a2d10e0ad9b21cf173f2e79afb790acfa7ac70c4a5,kissat,SATISFIABLE,68.522348,False,8
flat200-34.cnf,SATLIB,flat200,matching_capacity,23d5c9de7f9e0692d4ecf0580cb40cad339b8b44e4c0a71f7d02df8a382f920e,kissat,SATISFIABLE,116.800222,False,8
flat200-35.cnf,SATLIB,flat200,matching_capacity,c711d16050357b65233b0e32388390fd4378c8f846bc84503e37aa8790ef35a4,kissat,SATISFIABLE,66.499791,False,8
flat200-36.cnf,SATLIB,flat200,matching_capacity,3efa91c974eb2497c62d742e3d1a01b3c062d4fb01ae1869ff6056c168f7f20b,kissat,SATISFIABLE,67.726014,False,8
flat200-37.cnf,SATLIB,flat200,matching_capacity,c93f4d53252467ebf789108ca1296e27aeae791f82be7f61ae5fddeeb8eb4b6e,kissat,SATISFIABLE,66.63156,False,8
flat200-38.cnf,SATLIB,flat200,matching_capacity,2f64b3872472cf8e07d9ccfa8c3f5a7a5a32a5e86a0a1936afc02ed6cc7486be,kissat,SATISFIABLE,117.626803,False,8
flat200-39.cnf,SATLIB,flat200,matching_capacity,e3d07612e4b276825b1ac524f3b927f7a635e4772fae7498559e97680b278898,kissat,SATISFIABLE,167.921637,False,8
flat200-4.cnf,SATLIB,flat200,matching_capacity,6e04705af7542e0607e746ec651c07f6785612e4a3101d850854ad7eb660cd7f,kissat,SATISFIABLE,67.274208,False,8
flat200-40.cnf,SATLIB,flat200,matching_capacity,5920670698ce539ccb1dc427670fb04a3961a6643ae1d97cf6082ffadf7a73f1,kissat,SATISFIABLE,67.628395,False,8
flat200-41.cnf,SATLIB,flat200,matching_capacity,12a706703831a05829978b3183a57b706a2e4b281a34b036aa1962435a02a548,kissat,SATISFIABLE,68.363628,False,8
flat200-42.cnf,SATLIB,flat200,matching_capacity,35ccebb0182284a7c75783f67d864187a4b2762110920e8fca887cd1ab3478fb,kissat,SATISFIABLE,66.283506,False,8
flat200-43.cnf,SATLIB,flat200,matching_capacity,28f1a9771ccfa5e8ee99cc3ba3be619752adc694d21f6d5ce05d591f89e36696,kissat,SATISFIABLE,68.033786,False,8
flat200-44.cnf,SATLIB,flat200,matching_capacity,8ed5fc0a28bae0309548bb50eb44cbf16643966fe368cc89a342066b495b0540,kissat,SATISFIABLE,67.80301,False,8
flat200-45.cnf,SATLIB,flat200,matching_capacity,17e9903a95a5c965022e6722a8864e5bac420c1e3d73ebbbfabdf9f1e4376849,kissat,SATISFIABLE,67.649682,False,8
flat200-46.cnf,SATLIB,flat200,matching_capacity,beb4ed1279cb03b50cf080e2a6fc11d8a5d8be89289ef918f23a529784c4dbf0,kissat,SATISFIABLE,118.146497,False,8
flat200-47.cnf,SATLIB,flat200,matching_capacity,abd0e5161a6976391c27ce66bfc66973b9c3dafb443b813d6b4f48ce71dfee48,kissat,SATISFIABLE,117.410634,False,8
flat200-48.cnf,SATLIB,flat200,matching_capacity,48b561ade122c54d9b90aa3c0fc06cf02b0436e2a18574a65154f4874bc5a709,kissat,SATISFIABLE,68.736133,False,8
flat200-49.cnf,SATLIB,flat200,matching_capacity,3128a2910fbfc1cedd76854d5783b76a59dc1c83ae169edaecd34f5951ae7752,kissat,SATISFIABLE,70.122948,False,8
flat200-5.cnf,SATLIB,flat200,matching_capacity,2d3084e564c9de3568933a2984ff48bf033238bc1ebf8195a1b6f999ecc95306,kissat,SATISFIABLE,120.031597,False,8
flat200-50.cnf,SATLIB,flat200,matching_capacity,a14709485d9ce4b076d842174f249f56a879f6dcf6ed88f6b1a5b97784091a3b,kissat,SATISFIABLE,116.627446,False,8
flat200-51.cnf,SATLIB,flat200,matching_capacity,5c3d52cbb793483fb1abfe54d723dde5d70a1d5f85fcba217c4e3859dd000de1,kissat,SATISFIABLE,117.307409,False,8
flat200-52.cnf,SATLIB,flat200,matching_capacity,099540385508ba08f0394186ae853179c8a8ed1e66b5e85350fb69bd81a28601,kissat,SATISFIABLE,66.953726,False,8
flat200-53.cnf,SATLIB,flat200,matching_capacity,b450a31ed57f8cd825d067def20efcc6bd2914ea87e362ea0949bb013a3c7528,kissat,SATISFIABLE,66.567855,False,8
flat200-54.cnf,SATLIB,flat200,matching_capacity,5eacd3d92e3d23e85b3c8e5aada03b1843e33089044cd0194d98175d34b45d03,kissat,SATISFIABLE,167.96108,False,8
flat200-55.cnf,SATLIB,flat200,matching_capacity,aabc016af6b751a93d777f1398cf10958759c280ac1946fc04f40e1676665076,kissat,SATISFIABLE,67.030281,False,8
flat200-56.cnf,SATLIB,flat200,matching_capacity,0beb8510bf58f42d2e266bb2317d18115379ffe9bab6f3de6b3c87c44d6edb45,kissat,SATISFIABLE,118.674652,False,8
flat200-57.cnf,SATLIB,flat200,matching_capacity,78e355466d574eb1529547edb2f22ebf7359248d762a1745a386ab16d9f99824,kissat,SATISFIABLE,117.210981,False,8
flat200-58.cnf,SATLIB,flat200,matching_capacity,765863c57d45cb41ac7b16c4a2ba3d1d44e21ec2c07733ba1dbb14398964daf7,kissat,SATISFIABLE,117.021555,False,8
flat200-59.cnf,SATLIB,flat200,matching_capacity,727122595b1fe33c753f7213fc06c60ab5d1d1f3a7512841b09c65e8d4f62098,kissat,SATISFIABLE,120.837838,False,8
flat200-6.cnf,SATLIB,flat200,matching_capacity,5994035a9d55e44c194d8bce0c4f83a17cb63a24d1109a1b48cbbac86d22cdd1,kissat,SATISFIABLE,118.083606,False,8
flat200-60.cnf,SATLIB,flat200,matching_capacity,15c85f1933ee17f3556f6a9bd9576162d2eea6709a6cd0c62bb9416e32ba4fe0,kissat,SATISFIABLE,67.410127,False,8
flat200-61.cnf,SATLIB,flat200,matching_capacity,872d5f8ab4a8a4d2723a5cd645b814000a51a3a2acb944fb5497be26591cad10,kissat,SATISFIABLE,67.47881,False,8
flat200-62.cnf,SATLIB,flat200,matching_capacity,f09ac4b7e7ba877877390e67c0b5e038d5e80222e4d3ae321ff4617201c88dad,kissat,SATISFIABLE,118.075003,False,8
flat200-63.cnf,SATLIB,flat200,matching_capacity,6b96952969395627f2eb8359caf244fc937863d74a32898aacacee03999b2709,kissat,SATISFIABLE,118.328941,False,8
flat200-64.cnf,SATLIB,flat200,matching_capacity,35b81504c10dbde4b913818881fe84ff51bb55dca452fb4346db14e9351d0505,kissat,SATISFIABLE,117.960413,False,8
flat200-65.cnf,SATLIB,flat200,matching_capacity,e88a9cc8be790cf8e038643237cec91eaf548a59c21ef316693e99c46b8b5dbc,kissat,SATISFIABLE,169.148197,False,8
flat200-66.cnf,SATLIB,flat200,matching_capacity,74b0ccaf8cfaf6f76d887d1bfdfa7739488d8018ba9f8516b83e5278c663faca,kissat,SATISFIABLE,218.502926,False,8
flat200-67.cnf,SATLIB,flat200,matching_capacity,c82881c44c6b0dfe4a30236725e4bb7255b5b828d3e518902f5d6e404a6bece4,kissat,SATISFIABLE,117.205662,False,8
flat200-68.cnf,SATLIB,flat200,matching_capacity,8385c705a2bc3281c6f252eea2398e6aec71d1e717d765319a0303a447a8775a,kissat,SATISFIABLE,117.320905,False,8
flat200-69.cnf,SATLIB,flat200,matching_capacity,a5b9e6c57d1d24f36a62bd3c813abaceb7c124616b130e0160ae9d63cfd02596,kissat,SATISFIABLE,67.582609,False,8
flat200-7.cnf,SATLIB,flat200,matching_capacity,c40913c31ea3992c5853e97e185d0fab92119e3a1b89642e1d73fda74950eded,kissat,SATISFIABLE,117.281474,False,8
flat200-70.cnf,SATLIB,flat200,matching_capacity,30e38d0219320eca8afa72d4cfdcffe78821e12370252e66a8a2ad4a6d149bdb,kissat,SATISFIABLE,67.114326,False,8
flat200-71.cnf,SATLIB,flat200,matching_capacity,d877292fef5b181106d7e342268af0c93c5ca4ae7f0df10dadb335ca7c7dfcee,kissat,SATISFIABLE,66.497012,False,8
flat200-72.cnf,SATLIB,flat200,matching_capacity,ca7f210e1eafa2c8a3db0638a6d7df81ee002c1a214c137dba4047986723b189,kissat,SATISFIABLE,66.451179,False,8
flat200-73.cnf,SATLIB,flat200,matching_capacity,085508c142791efb023f4f67d3f41bd832f554477365d7d12b4753f0793868f1,kissat,SATISFIABLE,117.107747,False,8
flat200-74.cnf,SATLIB,flat200,matching_capacity,23ff80118c9f6a1e37914c455b91cfe887135b8a35fc565f726f478023a386d0,kissat,SATISFIABLE,167.559195,False,8
flat200-75.cnf,SATLIB,flat200,matching_capacity,fecf6f10809016d6db6ddbe693f1d0db6cf7f2e47cfdf6f9463770977a9c5bc8,kissat,SATISFIABLE,116.99994,False,8
flat200-76.cnf,SATLIB,flat200,matching_capacity,2d30820cbf9bb61848477bea09aec93303b59713b5cfffe7d04894a431b3fc30,kissat,SATISFIABLE,117.238309,False,8
flat200-77.cnf,SATLIB,flat200,matching_capacity,0c65c506d970994cce4f84c41602cce9494090a8f66b83aa7e59205d3663959f,kissat,SATISFIABLE,116.828506,False,8
flat200-78.cnf,SATLIB,flat200,matching_capacity,064cda2f870edd09c0be97b7e89cd12c0bb6cfd50f840b9a7edb263450da62b6,kissat,SATISFIABLE,117.625155,False,8
flat200-79.cnf,SATLIB,flat200,matching_capacity,0777f0b8cd82605d4501bc339b4af3c647877a7953987209d670958ac094540e,kissat,SATISFIABLE,66.83936,False,8
flat200-8.cnf,SATLIB,flat200,matching_capacity,ad98e4a216afa4dea80baca382080d90bffd98353686f81c10410ce4ebe9404f,kissat,SATISFIABLE,66.697595,False,8
flat200-80.cnf,SATLIB,flat200,matching_capacity,e8da5bd94805bd9ecb6333eddef02a379947025f88c4bfa8c7df73aa3d096dd7,kissat,SATISFIABLE,167.120826,False,8
flat200-81.cnf,SATLIB,flat200,matching_capacity,6e64d35f8677aed3107349f2d2ad0035790add265acc07152d64017b3eca54c0,kissat,SATISFIABLE,118.028611,False,8
flat200-82.cnf,SATLIB,flat200,matching_capacity,4a41b7407d3a701cd175bbb81581e75c5056c3304aea6b602e559948b353c434,kissat,SATISFIABLE,118.595199,False,8
flat200-83.cnf,SATLIB,flat200,matching_capacity,3c66b717116452a2ba6a98d0ed3c17f5aa5e2ee979f29f526c88f88ddae3f0f8,kissat,SATISFIABLE,117.942787,False,8
flat200-84.cnf,SATLIB,flat200,matching_capacity,0531e4a3ae0eabf6db5c4d52655cbd4171420eb188ac9c0a32c07e5e85a0266c,kissat,SATISFIABLE,67.868462,False,8
flat200-85.cnf,SATLIB,flat200,matching_capacity,85e173c64653334f373d500e90ddaaeb046ad99d429c8493e88d7ca5650b1e27,kissat,SATISFIABLE,117.254,False,8
flat200-86.cnf,SATLIB,flat200,matching_capacity,3561132323d57e7e62a95429685bd04abfb76a3b77bb47fa640321dc696deba0,kissat,SATISFIABLE,66.556894,False,8
flat200-87.cnf,SATLIB,flat200,matching_capacity,3632eb948adf8c9b11db94a125cc49b8316e636104649e55d0b80b8174ef2d98,kissat,SATISFIABLE,168.039768,False,8
flat200-88.cnf,SATLIB,flat200,matching_capacity,ecb8fd6a6784f001dcd86c19d6264137f95e6cfc2b1513630f7a9813e6106f5c,kissat,SATISFIABLE,68.093437,False,8
flat200-89.cnf,SATLIB,flat200,matching_capacity,7eafdf8a26204430cc478305cfd3b31d3447b1604dc806874ce40f353e21c81e,kissat,SATISFIABLE,117.044371,False,8
flat200-9.cnf,SATLIB,flat200,matching_capacity,c630bdfd19aa055ddb79aabeadb8e485b80272613e27d4eb962d6fdcbe1910a9,kissat,SATISFIABLE,67.62498,False,8
flat200-90.cnf,SATLIB,flat200,matching_capacity,a26ce4e84ee5eaa89eb2dedb2ed03e6978a6f2502d8db5eaf1037454770ad259,kissat,SATISFIABLE,117.584143,False,8
flat200-91.cnf,SATLIB,flat200,matching_capacity,6d7160590639fc8429a3d9d4406f154b94c9c0070a0baf29137d5c9864d217fc,kissat,SATISFIABLE,66.549864,False,8
flat200-92.cnf,SATLIB,flat200,matching_capacity,a60fcf1e7bdedf4f00a51603beb61535dfc161e2758d7a8857576d7d81ce2e44,kissat,SATISFIABLE,67.102916,False,8
flat200-93.cnf,SATLIB,flat200,matching_capacity,7a3ea17e5c3ac831a1b746ea21a0073f4e399cba6c51b3763fe38ffb255cb429,kissat,SATISFIABLE,66.47925,False,8
flat200-94.cnf,SATLIB,flat200,matching_capacity,8fcae475619ec0ba3bccf20abaf8ccdc63f1389f3e2c0a4b2b25b008065020ab,kissat,SATISFIABLE,67.882901,False,8
flat200-95.cnf,SATLIB,flat200,matching_capacity,5afa735289702a7bee236cfb0eaf0327beded2a11ce8f9a0a33e1d74c2677e3a,kissat,SATISFIABLE,116.424848,False,8
flat200-96.cnf,SATLIB,flat200,matching_capacity,0ccdac7a665d8bd322b516c5458d3ce1a9a05e63fadf8dd582b0f55d49d70b37,kissat,SATISFIABLE,117.766762,False,8
flat200-97.cnf,SATLIB,flat200,matching_capacity,c79ac4d3a8a4120f02242466e9da62fe99e4ae176abf8035ca6639017b03bc79,kissat,SATISFIABLE,66.829714,False,8
flat200-98.cnf,SATLIB,flat200,matching_capacity,9f54fa0985423cbc4f3b2b4eaa539b8bcf385f4e69438ea87d4a67b9c775c560,kissat,SATISFIABLE,116.807294,False,8
flat200-99.cnf,SATLIB,flat200,matching_capacity,7a4ae4e81c5bf4c6b3e8dcc5af753288fd5b27e004e72d28713da7878c9af0bf,kissat,SATISFIABLE,117.075203,False,8
flat100-1.cnf,SATLIB,flat100,matching_capacity,d67e170ea088e1d825f99f324a26663ec49711c71925d366b5550f6f7f4d0b5f,kissat,SATISFIABLE,35.190368,False,8
flat100-10.cnf,SATLIB,flat100,matching_capacity,55cc040aa425ac4b61427acf522c26c2e20f41e9ed82b51cf1c36995e2ae93e4,kissat,SATISFIABLE,34.057939,False,8
flat100-100.cnf,SATLIB,flat100,matching_capacity,e02e920bc457dbcb1ff18b48dbd7fd3dffccb79b716906c9bddf43c6d0d2d67f,kissat,SATISFIABLE,35.238985,False,8
flat100-11.cnf,SATLIB,flat100,matching_capacity,12fe3948f7bad9f25ef67023d0817d85ea88dd8440f320deaeace21a690bc3f1,kissat,SATISFIABLE,34.121997,False,8
flat100-12.cnf,SATLIB,flat100,matching_capacity,9d47b69577da15cfa8e0921a9a8302d172c9dc9c32228232579bb5960fdca4f1,kissat,SATISFIABLE,34.664272,False,8
flat100-13.cnf,SATLIB,flat100,matching_capacity,5f7b5d146d57b8202538b0d6c68297c26f6984219eecaa24a6b5d629a483d953,kissat,SATISFIABLE,34.290442,False,8
flat100-14.cnf,SATLIB,flat100,matching_capacity,7b69968a4bd5953490426582c49c27e7bf50bad68d20a43c1f646ca9571d7e45,kissat,SATISFIABLE,34.144655,False,8
flat100-15.cnf,SATLIB,flat100,matching_capacity,aedde1ec30dd747e22250efff67d1fc6f5cff3fdbae8b83071045343bf0afd00,kissat,SATISFIABLE,35.41265,False,8
flat100-16.cnf,SATLIB,flat100,matching_capacity,374088a0684ae98e9d76c3c298f3e359ebdd8de1ca296753308ad20429a59f02,kissat,SATISFIABLE,35.082307,False,8
flat100-17.cnf,SATLIB,flat100,matching_capacity,ee25a8a55cdabc8720be4d3a050963b2452e7d5ebb18988368f0429f1ed384a6,kissat,SATISFIABLE,34.777183,False,8
flat100-18.cnf,SATLIB,flat100,matching_capacity,6a05c149d9d765bc65bff7aec6b7ddae28377566da3944235417668c95b6ec22,kissat,SATISFIABLE,34.372112,False,8
flat100-19.cnf,SATLIB,flat100,matching_capacity,2812efc0e3c3a2d2a4db9628f57151bd0a7e03ae3389d22e214e6b02414d4f55,kissat,SATISFIABLE,34.643583,False,8
flat100-2.cnf,SATLIB,flat100,matching_capacity,4db1e3d8c71014453eaddf3d9cdbf03bdf39205a77d85f7deeaee3cab29da798,kissat,SATISFIABLE,34.630042,False,8
flat100-20.cnf,SATLIB,flat100,matching_capacity,0f49aff4cff5cec229dbbaeaa7859113baa81b2e99b7cd17c024c10c30a23b3d,kissat,SATISFIABLE,35.53055,False,8
flat100-21.cnf,SATLIB,flat100,matching_capacity,a53316c4209e2085e58decd0a9d8a5220a60c5bb5f3342ca248a0205d5e1202b,kissat,SATISFIABLE,34.427555,False,8
flat100-22.cnf,SATLIB,flat100,matching_capacity,9ceb2efd2e5e41303b2180642decb0c0d70b8768d87a5019d543d9a54fb86b03,kissat,SATISFIABLE,34.192969,False,8
flat100-23.cnf,SATLIB,flat100,matching_capacity,68ddc95a207dd10021279bf0a348b303895234e391799133a5158fd751b597ad,kissat,SATISFIABLE,35.071918,False,8
flat100-24.cnf,SATLIB,flat100,matching_capacity,9c01480fa79696c8e18374c1f97edb86f5616cec5e7a069961837ce4c6832663,kissat,SATISFIABLE,34.715601,False,8
flat100-25.cnf,SATLIB,flat100,matching_capacity,03874b3b6e44524bef2c5f840f96c5a3837a6f43b458755aec743f97e153e293,kissat,SATISFIABLE,35.274458,False,8
flat100-26.cnf,SATLIB,flat100,matching_capacity,071bca9da2c5046ae0cea6202a36af326ef2ff99d88bf86afc5036f44cf830c0,kissat,SATISFIABLE,35.510028,False,8
flat100-27.cnf,SATLIB,flat100,matching_capacity,849c10cdb1a17b1d3f8ae626d4db2cae0e30804586cc8dee130c1abcafbd5bea,kissat,SATISFIABLE,35.128037,False,8
flat100-28.cnf,SATLIB,flat100,matching_capacity,66302ac8b1e860fd2721fb96fe16915409a3d78ce6e0cf9068d07c45729195f6,kissat,SATISFIABLE,35.040955,False,8
flat100-29.cnf,SATLIB,flat100,matching_capacity,58c73ea4e5d7794c4f25360d5f3a403ecf2a4d6a7ab54ce1e1cb283149e80bce,kissat,SATISFIABLE,35.251287,False,8
flat100-3.cnf,SATLIB,flat100,matching_capacity,3fff7ee21e8cf1a68323b720c05e94d7875c73b1da1aa9583c3e4822897ea208,kissat,SATISFIABLE,34.534429,False,8
flat100-30.cnf,SATLIB,flat100,matching_capacity,d3bc2ceae013452ce244fce581e0006b56b59b736c6b6974a61823b0fb08a9d9,kissat,SATISFIABLE,34.860769,False,8
flat100-31.cnf,SATLIB,flat100,matching_capacity,1a5270c56f222ebcf69158568102f359cfbc6e04ccdfa849f5a476948d1bd5c1,kissat,SATISFIABLE,67.63005,False,8
flat100-32.cnf,SATLIB,flat100,matching_capacity,96c065124dbe67597525f80f90bbb883bc9aa530ad2e21f3a3a768fa42d36a3a,kissat,SATISFIABLE,36.75609,False,8
flat100-33.cnf,SATLIB,flat100,matching_capacity,554838505328b267bb0429a86831d2ccc5c196af24c3439ce3ac09a2cce5c214,kissat,SATISFIABLE,37.728312,False,8
flat100-34.cnf,SATLIB,flat100,matching_capacity,74799ff6069534ec675f893790a953f6bb26cc7b99dc804f4644d66484cb3214,kissat,SATISFIABLE,67.860997,False,8
flat100-35.cnf,SATLIB,flat100,matching_capacity,0433a04795a48473c618de9b3b26aa294786f2020d68f94314d7f3f17a78bc4c,kissat,SATISFIABLE,67.429367,False,8
flat100-36.cnf,SATLIB,flat100,matching_capacity,6aebe11106e4f1a4175d5582ab37b194ed8e8575be19bd740786ac3f8b21af4f,kissat,SATISFIABLE,68.348456,False,8
flat100-37.cnf,SATLIB,flat100,matching_capacity,985c755cb83e755a7f897204e996eda1b76c0e503a0ad7b7f00cd9e2b9d5b9ce,kissat,SATISFIABLE,35.397643,False,8
flat100-38.cnf,SATLIB,flat100,matching_capacity,3a5c21b8884dd9281fdbaf7ccf326cb3a05302762795232290fb3289f3c60a16,kissat,SATISFIABLE,35.622866,False,8
flat100-39.cnf,SATLIB,flat100,matching_capacity,4f6155b779193e94ed31d468cacba833b70df52bf37b80e7ed520298afe212ae,kissat,SATISFIABLE,35.239354,False,8
flat100-4.cnf,SATLIB,flat100,matching_capacity,bcca19e641fd5cae197003af2d80411714350b7dc9547cf3c59071b3f8b44923,kissat,SATISFIABLE,34.388353,False,8
flat100-40.cnf,SATLIB,flat100,matching_capacity,75ed5c541fdaf816317755b0006cc43aec7ed25f9048347903e3f0409542737e,kissat,SATISFIABLE,34.638737,False,8
flat100-41.cnf,SATLIB,flat100,matching_capacity,d8ad20445f747cbdadc4974dc736adaf32403208438750a6670c339d588c237a,kissat,SATISFIABLE,67.459428,False,8
flat100-42.cnf,SATLIB,flat100,matching_capacity,14df3963cbd1b9130ee808f55eef5ab9ca14801c283eaddc8a34d4ddabc57b34,kissat,SATISFIABLE,36.264806,False,8
flat100-43.cnf,SATLIB,flat100,matching_capacity,8f9748ab91ee4d47731f3abf7fe5f2587566caf2e2b0f6c9858567acd0bf50f2,kissat,SATISFIABLE,69.232513,False,8
flat100-44.cnf,SATLIB,flat100,matching_capacity,aa1a9d80b5a478da9c2bc10be73570fda0e36f8ea5f12b7c163665817f2290fc,kissat,SATISFIABLE,35.171234,False,8
flat100-45.cnf,SATLIB,flat100,matching_capacity,aadb873f6210fb18d5701160591cb124b6278cf8ea4445a13c82292622dc6cb9,kissat,SATISFIABLE,34.854451,False,8
flat100-46.cnf,SATLIB,flat100,matching_capacity,7871fd6614fc6c521df6e5def12556e124e34f030acfc90995513e441b2b486a,kissat,SATISFIABLE,39.926009,False,8
flat100-47.cnf,SATLIB,flat100,matching_capacity,55703824b63a9c2386f59aa20f659fceaa77fcc312168a4f76a3f7e52e635864,kissat,SATISFIABLE,67.443302,False,8
flat100-48.cnf,SATLIB,flat100,matching_capacity,0415d5a809de123f825afa67abe734b0a8a8393206ccf30323633acaab485cd0,kissat,SATISFIABLE,67.811763,False,8
flat100-49.cnf,SATLIB,flat100,matching_capacity,fb2f01259510762eb2492286cb965a0a787d967baf9174faf79c7ff89ab69ce5,kissat,SATISFIABLE,67.754746,False,8
flat100-5.cnf,SATLIB,flat100,matching_capacity,4f154e611550b9d4db740872b94561a907a80462df4197e42e6ea09c770fc71f,kissat,SATISFIABLE,37.233411,False,8
flat100-50.cnf,SATLIB,flat100,matching_capacity,40067c79aa08e4f38336b2cc87e27cc92c2d54a0ab905f349fee2fa3ca95a6ef,kissat,SATISFIABLE,67.321795,False,8
flat100-51.cnf,SATLIB,flat100,matching_capacity,75c2e5f3d6fd5277e9bfce8ad51b12862ffd6bdfaf3d7838dd8ba2bac6cd41ac,kissat,SATISFIABLE,68.884075,False,8
flat100-52.cnf,SATLIB,flat100,matching_capacity,7042afb3661edab3db5c0af0719bad11486833de44d1db5a9904e4dc05707c2e,kissat,SATISFIABLE,34.811052,False,8
flat100-53.cnf,SATLIB,flat100,matching_capacity,e1a9655251e7ac50ed3200ec1fc8889f1916a749142f3e1ee951049314c27dd6,kissat,SATISFIABLE,34.803892,False,8
flat100-54.cnf,SATLIB,flat100,matching_capacity,9f55f256d7bbdafb19bd06455583064910f4f203c5c266254b5fa459aa52308e,kissat,SATISFIABLE,34.38936,False,8
flat100-55.cnf,SATLIB,flat100,matching_capacity,8c0bbc8a977398367e77921873003422ca196c7c25150b6aaf0bc99118bac577,kissat,SATISFIABLE,66.992772,False,8
flat100-56.cnf,SATLIB,flat100,matching_capacity,88bb3c6f6407b3e6e34d80c57ce0c9802f8d35fd68a42de8ab6e254a2451302d,kissat,SATISFIABLE,35.095774,False,8
flat100-57.cnf,SATLIB,flat100,matching_capacity,d800e7302f882fefcb641cd7c618f2130fe79ce05a764d9317bab9f49e676e7e,kissat,SATISFIABLE,35.56435,False,8
flat100-58.cnf,SATLIB,flat100,matching_capacity,749b0dfa37a09b109719733d16fd1a94b011f21eaa20ac6bd8b8057523be8800,kissat,SATISFIABLE,34.838769,False,8
flat100-59.cnf,SATLIB,flat100,matching_capacity,e4d97a4575998dae54314ad4f661594716df3e28120677af3978296df4a78cd8,kissat,SATISFIABLE,35.736481,False,8
flat100-6.cnf,SATLIB,flat100,matching_capacity,3436ad1187f0fdd49d0cb67b6c07363d2402277cd246fb178a937bb5a84cf7b0,kissat,SATISFIABLE,34.482921,False,8
flat100-60.cnf,SATLIB,flat100,matching_capacity,f0b883eb84cff3a5cbabc934410ee69f458dc22d64e89f41b8706f5f0b8a78c3,kissat,SATISFIABLE,34.558777,False,8
flat100-61.cnf,SATLIB,flat100,matching_capacity,3637c88e422edb9126abfac0ad2316f8dc4c9aa8178f5c8eaf55a27f35a2771a,kissat,SATISFIABLE,34.698491,False,8
flat100-62.cnf,SATLIB,flat100,matching_capacity,f6eddbe00dab7c56b3b1480a1ff0eb5377258e7242ad0c253855e19d5a3ef6b0,kissat,SATISFIABLE,34.767786,False,8
flat100-63.cnf,SATLIB,flat100,matching_capacity,f016ad2da84fbeb6152aac498935298f7185cad729bf78f15d6f8b90ca4141d4,kissat,SATISFIABLE,36.317296,False,8
flat100-64.cnf,SATLIB,flat100,matching_capacity,e1f94ed76f0baff174297c773ed956a1f13bc75ccaa5d8281c596691a7cc2a40,kissat,SATISFIABLE,35.003652,False,8
flat100-65.cnf,SATLIB,flat100,matching_capacity,d3e2faacea19aa5fb2b81fb7ed683a36f4d9aafa2fedcac5fcc691f4eec1b803,kissat,SATISFIABLE,35.419126,False,8
flat100-66.cnf,SATLIB,flat100,matching_capacity,01a7305a7986b8619e14803831cc9db735a9a69b4b7806311f96f0ca2c1139e0,kissat,SATISFIABLE,34.408625,False,8
flat100-67.cnf,SATLIB,flat100,matching_capacity,f4c412a859976df6ea1c2b595b6acc74cacd4d50aca9a5f9255b0a5a27051e44,kissat,SATISFIABLE,34.712112,False,8
flat100-68.cnf,SATLIB,flat100,matching_capacity,96392a3a6cb2c7d3305e0b4c441840de9a872b12badaac5d916769492faf9795,kissat,SATISFIABLE,67.252278,False,8
flat100-69.cnf,SATLIB,flat100,matching_capacity,567f4e424b1ea28c4fd3e3d11d12dbc6e694d0d4fee65a349c5a046bf921e483,kissat,SATISFIABLE,36.106725,False,8
flat100-7.cnf,SATLIB,flat100,matching_capacity,f0efaae8056f75e46d02fb0e03f5bd53ebd2c984b98075b88eb7da7a0b7cae39,kissat,SATISFIABLE,36.25777,False,8
flat100-70.cnf,SATLIB,flat100,matching_capacity,0052896383472bbd00ba8318927e709d807cbf006d1d3a4e4faf9fb333b82b26,kissat,SATISFIABLE,34.751522,False,8
flat100-71.cnf,SATLIB,flat100,matching_capacity,348f2bf052a12e3e725767f944cb6daf3248241d67c03bcf565fe5ba2d65a79a,kissat,SATISFIABLE,34.97736,False,8
flat100-72.cnf,SATLIB,flat100,matching_capacity,d87d5d8f0438b70e66ef8b0228d92a2e4b8bd5ff627d3e32bac4c3bc574c3d7f,kissat,SATISFIABLE,34.425719,False,8
flat100-73.cnf,SATLIB,flat100,matching_capacity,b4e83ee104160e6a7e5d60c3e563c77dcef79cdd6cb648ad605c3e29d5121841,kissat,SATISFIABLE,35.413061,False,8
flat100-74.cnf,SATLIB,flat100,matching_capacity,c5988aec77683618be98b7dde6b0cf31ea05bfc9497d4505e60fce50d0dc7439,kissat,SATISFIABLE,34.825451,False,8
flat100-75.cnf,SATLIB,flat100,matching_capacity,3653ddb9576e0965a2e27c17565988b2e2fab9c1083524ee555ed5831d4149d8,kissat,SATISFIABLE,66.498894,False,8
flat100-76.cnf,SATLIB,flat100,matching_capacity,8a6570349fe94400e77430737257aced4f0d83358383e2f8b12e19def091d616,kissat,SATISFIABLE,35.46267,False,8
flat100-77.cnf,SATLIB,flat100,matching_capacity,001da849d962fe615e9131d5118e398ba0d8e5403a07f97a8ec47cfb09fba407,kissat,SATISFIABLE,35.822244,False,8
flat100-78.cnf,SATLIB,flat100,matching_capacity,951d6730a9f10ac5d5cba7e0f5f955d70bd6a73f709bc0c0ed4e0a4a167d2d19,kissat,SATISFIABLE,34.615152,False,8
flat100-79.cnf,SATLIB,flat100,matching_capacity,cccf7b2db8b19f4cf106fbde256d0c592401269d6e419326291fc287d6b8c9fa,kissat,SATISFIABLE,34.95357,False,8
flat100-8.cnf,SATLIB,flat100,matching_capacity,e742b72cbd89a202eada5612cc5517d99c2bc757de664d1c62b52f5390659faf,kissat,SATISFIABLE,34.638924,False,8
flat100-80.cnf,SATLIB,flat100,matching_capacity,c333743d3a733f46ff64831f59d0dafb60e75b900a7f8ba64243865226f8dc91,kissat,SATISFIABLE,34.754536,False,8
flat100-81.cnf,SATLIB,flat100,matching_capacity,aa653651661ea06470a95ed08c1d576816149f561d64cbce3ecfdbdd44641b26,kissat,SATISFIABLE,34.216353,False,8
flat100-82.cnf,SATLIB,flat100,matching_capacity,c18539f2de104728637766ebfef5c7c1b531a46cdb19bfa007d7bc5406344840,kissat,SATISFIABLE,34.923692,False,8
flat100-83.cnf,SATLIB,flat100,matching_capacity,f15abe5ec5e57e671d39684392f71f4aebe3940f2bdf432861aea76bb395e594,kissat,SATISFIABLE,34.876618,False,8
flat100-84.cnf,SATLIB,flat100,matching_capacity,432cadd636b56463dbd60d2f2ffef85433c1038101687f0aa69ba14ddfb3711c,kissat,SATISFIABLE,34.611867,False,8
flat100-85.cnf,SATLIB,flat100,matching_capacity,7a809dad8098b465633ff28c7742d03a4589cd094c1476b2180cbaf3639886ca,kissat,SATISFIABLE,35.760845,False,8
flat100-86.cnf,SATLIB,flat100,matching_capacity,32ca7221b0e9a02098f5b255174b8ee3dd6463ee25ee13f22ace686342452b67,kissat,SATISFIABLE,35.043913,False,8
flat100-87.cnf,SATLIB,flat100,matching_capacity,088519a1d9385d1ae4084db91017851751dd387d849d9ce1e23740bd595e31b4,kissat,SATISFIABLE,34.717637,False,8
flat100-88.cnf,SATLIB,flat100,matching_capacity,9de3939b0d32ddfadac3b56e902f6208b2d2f9355a131dea0d98817a4f0a6534,kissat,SATISFIABLE,34.309259,False,8
flat100-89.cnf,SATLIB,flat100,matching_capacity,05d3503583a9174290d440f2026b48265776cfbe655028ccab6ade2a4db050d1,kissat,SATISFIABLE,36.016508,False,8
flat100-9.cnf,SATLIB,flat100,matching_capacity,eb9cb6d79042a058dbf0a870b75fbe3d0fd0df87110eb925db85dabeb3cf5608,kissat,SATISFIABLE,35.062107,False,8
flat100-90.cnf,SATLIB,flat100,matching_capacity,b7314938df4dbdc3f540c8d9c362ca1e6afba8ffae7b61f854f54f259b39391a,kissat,SATISFIABLE,35.40554,False,8
flat100-91.cnf,SATLIB,flat100,matching_capacity,3cc399e5f6c3a00878ffe0a9371687913d445b91e599c4d221e455a9d90291fa,kissat,SATISFIABLE,34.99596,False,8
flat100-92.cnf,SATLIB,flat100,matching_capacity,48e213e251c830e907748d79e49d39b5fa17eedae73cedadaef28698df3ebdac,kissat,SATISFIABLE,34.271645,False,8
flat100-93.cnf,SATLIB,flat100,matching_capacity,7d2ef638a2df42ee41fbc81d0b320735baec518787320b74ebd3704f02cb785f,kissat,SATISFIABLE,34.61701,False,8
flat100-94.cnf,SATLIB,flat100,matching_capacity,4d668eb871c2a2351d8fb5f04aa3239a4a89d64f07a9eea6e154db4954992c2b,kissat,SATISFIABLE,35.509256,False,8
flat100-95.cnf,SATLIB,flat100,matching_capacity,7efff1c0eb9b93e392d0614924b25e04518b52f888f3696533fc5a835317af78,kissat,SATISFIABLE,35.188105,False,8
flat100-96.cnf,SATLIB,flat100,matching_capacity,e8241b883605c104f7f15bc5c38b1ca23bb4450e77f39b6d599abbd582b1d793,kissat,SATISFIABLE,35.59644,False,8
flat100-97.cnf,SATLIB,flat100,matching_capacity,52c3cefd4fc861199469603c9161b5d7440502edcbb68f020f1fae608357205b,kissat,SATISFIABLE,67.028105,False,8
flat100-98.cnf,SATLIB,flat100,matching_capacity,fe75a823952d5bcfb9ddb95b4239cb955b5f62958923b05283ed64cd8f19d868,kissat,SATISFIABLE,35.834839,False,8
flat100-99.cnf,SATLIB,flat100,matching_capacity,8934de433d97313accb2327f34e9b177527f469791284d10923b95bee7d4b120,kissat,SATISFIABLE,34.827896,False,8
flat75-1.cnf,SATLIB,flat75,matching_capacity,39dcabaa371dd3bfebe952132cf5aaa0c93e761b1ef1fc1205be2397f244eadd,kissat,SATISFIABLE,67.528966,False,8
flat75-10.cnf,SATLIB,flat75,matching_capacity,969dab3495acfa7b2dcd8af9c9204f772a9310f5c8b1ee59ef1e43f1c01389b2,kissat,SATISFIABLE,66.820092,False,8
flat75-100.cnf,SATLIB,flat75,matching_capacity,5813b624406a4e9fc3230d02db07c62276300e7bab65416f5993126d2ea7c171,kissat,SATISFIABLE,66.808871,False,8
flat75-11.cnf,SATLIB,flat75,matching_capacity,532e04420f5c12995d6cd5d9f855badc82614ff8a33a01dc12407246bd2489a8,kissat,SATISFIABLE,67.136618,False,8
flat75-12.cnf,SATLIB,flat75,matching_capacity,25c364709409ab770770ed804a062893cd1425ff3097f44edc9d176c4e3d33a4,kissat,SATISFIABLE,66.702342,False,8
flat75-13.cnf,SATLIB,flat75,matching_capacity,500b73907adddd6986434b96dfb1c1d5a45337d061846955b75b19bb070865b0,kissat,SATISFIABLE,33.755734,False,8
flat75-14.cnf,SATLIB,flat75,matching_capacity,da5d2b79c908ee63507fa45326a8abab75f9688ec9786b0ddca892849bc0ade5,kissat,SATISFIABLE,66.281505,False,8
flat75-15.cnf,SATLIB,flat75,matching_capacity,75014f7176650f009606ff795950b6a7ab768c931cc181a9045e2a570d1ed3fb,kissat,SATISFIABLE,67.164148,False,8
flat75-16.cnf,SATLIB,flat75,matching_capacity,bb8f77fbb6f850edce2901b3b468cccfccd94d9da462034e77de2f7b3e2b5a92,kissat,SATISFIABLE,67.313476,False,8
flat75-17.cnf,SATLIB,flat75,matching_capacity,1229de1ef149337e8f2fd828caefc1c32b2f05b193e14731a45a2b65ad42cbe0,kissat,SATISFIABLE,66.882357,False,8
flat75-18.cnf,SATLIB,flat75,matching_capacity,1d26723267b153273a67a671a6abaea858a7b242093a679cf394a19c7becd56c,kissat,SATISFIABLE,66.792204,False,8
flat75-19.cnf,SATLIB,flat75,matching_capacity,4a8880fec15401a80e8a73b4a7612aa3b0bb95ebe1c2d6c7816b85bbc166757f,kissat,SATISFIABLE,66.715202,False,8
flat75-2.cnf,SATLIB,flat75,matching_capacity,dc8e95204a753ca011658fc39b00f04f857c2242a4b879937817bf2bf41626c4,kissat,SATISFIABLE,66.343349,False,8
flat75-20.cnf,SATLIB,flat75,matching_capacity,396d9c2591825efafa813450297ad33eb44c8739a06b8b73aaa271b2e5fb0df4,kissat,SATISFIABLE,66.612623,False,8
flat75-21.cnf,SATLIB,flat75,matching_capacity,1a778e696ee6a331ae901de9117e7d7f41c4aba64d958af2be27eafaa04abb7c,kissat,SATISFIABLE,67.092185,False,8
flat75-22.cnf,SATLIB,flat75,matching_capacity,762459b7670f9e487b39fdf94a1dfc863ee6893055777f5e3ff1c7683f373d70,kissat,SATISFIABLE,66.485663,False,8
flat75-23.cnf,SATLIB,flat75,matching_capacity,df6ad522f82e74b3230957db989afb54324671f461aed7afd57738378564330a,kissat,SATISFIABLE,34.510135,False,8
flat75-24.cnf,SATLIB,flat75,matching_capacity,6eb94638edc39cbc2a7c2f3f2f734a43aba8bd76107d3b1fb6abb136a4c642be,kissat,SATISFIABLE,34.059332,False,8
flat75-25.cnf,SATLIB,flat75,matching_capacity,016086acd71f07458e33c8aa912c13d41dd1015e671e67a11eddf2702b8424c1,kissat,SATISFIABLE,67.105959,False,8
flat75-26.cnf,SATLIB,flat75,matching_capacity,6829604dfe01dcbb25a876114bcc5b16f4bef46a3611517f7a78cc7ebde43963,kissat,SATISFIABLE,67.354708,False,8
flat75-27.cnf,SATLIB,flat75,matching_capacity,02d2f1e3e9c081911ce759b737e618d965cc204d9340b69337ab48edc6351658,kissat,SATISFIABLE,66.564244,False,8
flat75-28.cnf,SATLIB,flat75,matching_capacity,d5a7ae35d7e66225ff5755d4717f6c11f20dea6cdb476fed9ca30af5fe9a0383,kissat,SATISFIABLE,68.019871,False,8
flat75-29.cnf,SATLIB,flat75,matching_capacity,1e1d7b0e8b3dba339786eda1d53e451fd2a1aeb33a9b9436b88b60ce19e15f5f,kissat,SATISFIABLE,66.957589,False,8
flat75-3.cnf,SATLIB,flat75,matching_capacity,1f262b447972157f9aadb8d6087b412af900232f2896dbc553ad3fd5af6929d9,kissat,SATISFIABLE,67.649183,False,8
flat75-30.cnf,SATLIB,flat75,matching_capacity,b27448a34af79dab174f1e1570fc291b2c231b3de046e0f1d55f8bb50dce9790,kissat,SATISFIABLE,34.270366,False,8
flat75-31.cnf,SATLIB,flat75,matching_capacity,5ef7e258c49a2894e2bc1397d9a965b8d2d936feb22bdf129b9cc38784c436d1,kissat,SATISFIABLE,34.172693,False,8
flat75-32.cnf,SATLIB,flat75,matching_capacity,37dd9c923dcf305a4fbdb89229f2da06ffb1202fb2c2d0c8eace7a3e8b6a05a0,kissat,SATISFIABLE,35.076353,False,8
flat75-33.cnf,SATLIB,flat75,matching_capacity,98037c3010194530de06ea6b4b363d954d65c8fac3d2869d18266f0c097e7246,kissat,SATISFIABLE,67.042007,False,8
flat75-34.cnf,SATLIB,flat75,matching_capacity,960b803aca12e89e0fdcf5879855185ba14c093dde3eeb9bc98d86df8dfa7159,kissat,SATISFIABLE,35.721082,False,8
flat75-35.cnf,SATLIB,flat75,matching_capacity,47a7b92a5ffc6f423df48323e3b795682cbd99b92c29b1e40ec54d039e8dc86e,kissat,SATISFIABLE,68.572049,False,8
flat75-36.cnf,SATLIB,flat75,matching_capacity,bae2e332983199834925b4e405aca5dc0728c283c06ae9c4df05ed292cc9b9c4,kissat,SATISFIABLE,67.102597,False,8
flat75-37.cnf,SATLIB,flat75,matching_capacity,6bcfeb2acc11c3ad8fd5e0dd81b843db5e417f2ef64f348b7abb28d18da94783,kissat,SATISFIABLE,67.00408,False,8
flat75-38.cnf,SATLIB,flat75,matching_capacity,7f44e07740037fe2bab86251f3f72f9731ec1f5cdcb4e551251f498b4c77a3db,kissat,SATISFIABLE,33.793759,False,8
flat75-39.cnf,SATLIB,flat75,matching_capacity,a7959a29f9fe7540f6ad848fab5710eb0d278bb661eebe1566f8166823862f82,kissat,SATISFIABLE,34.802689,False,8
flat75-4.cnf,SATLIB,flat75,matching_capacity,46d7a18cf5f7763279d4f8cbfc41180e9d98524bbf9f2a6cf3266817fdf09267,kissat,SATISFIABLE,35.92897,False,8
flat75-40.cnf,SATLIB,flat75,matching_capacity,d8916ad6606dac2c971884e23e8822f5823d91f4f081f710541c378dd3bf89dd,kissat,SATISFIABLE,67.44084,False,8
flat75-41.cnf,SATLIB,flat75,matching_capacity,5a74d9c8387a504e82d1d4a73ef829a3f87d9c7adf792fafca44448bb3209615,kissat,SATISFIABLE,67.478259,False,8
flat75-42.cnf,SATLIB,flat75,matching_capacity,00ca6bdf9644b37c9f5dc8316d9cd6dd451c40840bfdfb3401d6d4f6395a43ae,kissat,SATISFIABLE,68.415201,False,8
flat75-43.cnf,SATLIB,flat75,matching_capacity,ed88835beb9b6f301111fb8fa083c09e020d7e1a8c77e0890299b08580669727,kissat,SATISFIABLE,66.342805,False,8
flat75-44.cnf,SATLIB,flat75,matching_capacity,c113f13774ef64803f9f0e3162a32760af0fb1205c1efff98fb73062a5aec217,kissat,SATISFIABLE,67.868705,False,8
flat75-45.cnf,SATLIB,flat75,matching_capacity,fac40fe0f4098b08cac9f795100c6eb9aa00df3efcf1f69126636c8317ae9209,kissat,SATISFIABLE,67.286117,False,8
flat75-46.cnf,SATLIB,flat75,matching_capacity,51818f4f4aedce2fa229e0bbb8dc00681b43974c8b866107de368c79f9735bbc,kissat,SATISFIABLE,68.358987,False,8
flat75-47.cnf,SATLIB,flat75,matching_capacity,4abdd5bd67415734b80f999195498f7ef2c5d4d61959eb04a992cfa61617c1a9,kissat,SATISFIABLE,68.104143,False,8
flat75-48.cnf,SATLIB,flat75,matching_capacity,e3ea96494bd31c955863ed0091386c47ba6159e3cdc83b2980173f8a15beb81b,kissat,SATISFIABLE,70.176063,False,8
flat75-49.cnf,SATLIB,flat75,matching_capacity,3e815e35664ba0445386cdfec9a0fb0c0b5cd3ce81547a2812cc3c6ffaa50819,kissat,SATISFIABLE,67.52628,False,8
flat75-5.cnf,SATLIB,flat75,matching_capacity,9a814b1e8aba6875fd4f043fe553fc5602d6d4ff864cde9758838a0e7a1284f1,kissat,SATISFIABLE,69.685574,False,8
flat75-50.cnf,SATLIB,flat75,matching_capacity,492d40045a763f487de06e6a9d60bf9686eecde7c891a23e87acf99a9a6b8f75,kissat,SATISFIABLE,69.025311,False,8
flat75-51.cnf,SATLIB,flat75,matching_capacity,8692c626977a6c6370017d3b2cb43ba07534971b74d41dbb1995ab2a2688618d,kissat,SATISFIABLE,68.621338,False,8
flat75-52.cnf,SATLIB,flat75,matching_capacity,35e6f6bfa7602faf44d3d035f554d776ba1daa5599e2ff9d054005b697f9f309,kissat,SATISFIABLE,68.445801,False,8
flat75-53.cnf,SATLIB,flat75,matching_capacity,d1a64ab9fd6776e2b7b0418a01122250be9bf9fbc4d10d14f1579598f066270b,kissat,SATISFIABLE,66.707224,False,8
flat75-54.cnf,SATLIB,flat75,matching_capacity,dffa6eb529961dcb8e9243a8ae399e279dcc61bb7c74089a6c973218a95430d7,kissat,SATISFIABLE,66.657626,False,8
flat75-55.cnf,SATLIB,flat75,matching_capacity,b7bc604edaeec0a7086d838032e79341ebabb12e26501b0888c7bd39d0408294,kissat,SATISFIABLE,67.327255,False,8
flat75-56.cnf,SATLIB,flat75,matching_capacity,fc3ea8d1f41318de80c250ee15456b0eda1bf2d95522241856f816faeaf70f6f,kissat,SATISFIABLE,66.273723,False,8
flat75-57.cnf,SATLIB,flat75,matching_capacity,16937f96eaf803ae31df7ed255a5a90136e70281ca9e9bdc234792ec43ce850a,kissat,SATISFIABLE,66.846264,False,8
flat75-58.cnf,SATLIB,flat75,matching_capacity,3c0976c3d00a47e6d5407aab8f394548dae75079e455f6212b1dcb31e340b90a,kissat,SATISFIABLE,35.501958,False,8
flat75-59.cnf,SATLIB,flat75,matching_capacity,a8d5671b35c12654615152039832dc7ceebcd47bd52d0b055478bfe63854655e,kissat,SATISFIABLE,35.196103,False,8
flat75-6.cnf,SATLIB,flat75,matching_capacity,0d4923a0584be170e20aa0c7818bdfc1a6c3fce713ee4c1fec3a2b917a0d8adc,kissat,SATISFIABLE,66.867317,False,8
flat75-60.cnf,SATLIB,flat75,matching_capacity,8be6d6e9850e06bf6e190532dd66ee1b6a04502187bdc47439273d5f458f674c,kissat,SATISFIABLE,66.994696,False,8
flat75-61.cnf,SATLIB,flat75,matching_capacity,69e6361a346d2d672349f452240e8869ce1a5cde8e929739c2c8c4e815908647,kissat,SATISFIABLE,66.491782,False,8
flat75-62.cnf,SATLIB,flat75,matching_capacity,27906a88e0590111e2bcdb4fbd219e2d170987c0bd7a857e9bd8e3ad8117a37a,kissat,SATISFIABLE,67.862204,False,8
flat75-63.cnf,SATLIB,flat75,matching_capacity,460b3cba1273166f12018f683c9da5db5e17c447cf3c1520e4f4412d19af7c4f,kissat,SATISFIABLE,34.230718,False,8
flat75-64.cnf,SATLIB,flat75,matching_capacity,310b54310c345df193abcc18124b64e6b4ccbf4e02a37696fcdc39822392cb75,kissat,SATISFIABLE,34.118781,False,8
flat75-65.cnf,SATLIB,flat75,matching_capacity,daafa8ebbaf399ba8c0ea2d0a042f9c4e522cec4eaebeca56d0b3ba457214806,kissat,SATISFIABLE,66.80338,False,8
flat75-66.cnf,SATLIB,flat75,matching_capacity,4d0a97640335804cd1925ff7a99d2bead130ca984837425b15c76939c9c599df,kissat,SATISFIABLE,66.822545,False,8
flat75-67.cnf,SATLIB,flat75,matching_capacity,9b5fb77e2617043177821d13b5f30a1b43fac9bfad2942085199ab234b9f62a6,kissat,SATISFIABLE,67.241912,False,8
flat75-68.cnf,SATLIB,flat75,matching_capacity,cc8e44ea84b78db1d14ad9dba28e9daa84ce5ef6a43c64c97f6f12d403352fe3,kissat,SATISFIABLE,67.852983,False,8
flat75-69.cnf,SATLIB,flat75,matching_capacity,1248711f722ed488115310712bc350403be29ae92f1c866b033511b5e9258790,kissat,SATISFIABLE,67.410725,False,8
flat75-7.cnf,SATLIB,flat75,matching_capacity,ca268548bbd2acf0593add77e776f0333c2edbbe461467c7edd8ba5dec1334d5,kissat,SATISFIABLE,67.366974,False,8
flat75-70.cnf,SATLIB,flat75,matching_capacity,e94f38155dc6fdacb2f60da62d71ad14430d6a1d6e1e4d0c212e1ad1fa87c110,kissat,SATISFIABLE,67.933251,False,8
flat75-71.cnf,SATLIB,flat75,matching_capacity,5de8a0c4b39505454ddd2a79c8f5aaa9175b046f452f28192b01948bb479e405,kissat,SATISFIABLE,67.068117,False,8
flat75-72.cnf,SATLIB,flat75,matching_capacity,a5990ed1156cf5d4729a0f5a9abcc0ea41914b4c654293148cbb7b7b429d2fe1,kissat,SATISFIABLE,34.29416,False,8
flat75-73.cnf,SATLIB,flat75,matching_capacity,440088a4e83bb369d954b3307c08d0cf9f36cbd9f37b1e6f94edd5e6f3c3b14a,kissat,SATISFIABLE,66.223286,False,8
flat75-74.cnf,SATLIB,flat75,matching_capacity,c5caf43904184546fde3fc168288ad5e38e27fe9721c5fef438d7cf45eebb4fc,kissat,SATISFIABLE,67.591324,False,8
flat75-75.cnf,SATLIB,flat75,matching_capacity,d4f6650195fc5e1c522993f126cdcd8e6aac08107a7fc285dff89b3fe61fda13,kissat,SATISFIABLE,35.421979,False,8
flat75-76.cnf,SATLIB,flat75,matching_capacity,2a599e1b0a9564bb8c668c6f18c242cebd8f931f045261141c9fd2d05ab55d4e,kissat,SATISFIABLE,67.997019,False,8
flat75-77.cnf,SATLIB,flat75,matching_capacity,deb67b7b7e942d6711ec4acd38600a14e2bf4d5945522836df3dfc72c6836cf6,kissat,SATISFIABLE,35.650053,False,8
flat75-78.cnf,SATLIB,flat75,matching_capacity,93cf31cea97fedbaa3ef375a07edd10fa84154bf948d6f9b284d7597c7f9737e,kissat,SATISFIABLE,67.408257,False,8
flat75-79.cnf,SATLIB,flat75,matching_capacity,3a1ef7a740fe011069b182f3945649059de4d7777130ad102fbc2ae22b5fb339,kissat,SATISFIABLE,68.457151,False,8
flat75-8.cnf,SATLIB,flat75,matching_capacity,963ee0a8a6506311b53132d5464fbe3198d5373b06373d46e4c913232951e8c7,kissat,SATISFIABLE,66.547082,False,8
flat75-80.cnf,SATLIB,flat75,matching_capacity,55f050078757a86eab955b39f1d0c8af91f786c037267b4988b1865b9f1183ee,kissat,SATISFIABLE,67.57865,False,8
flat75-81.cnf,SATLIB,flat75,matching_capacity,93f4960ea5bd5fd4a8ee4476b2a228bb01b06a8b1f01489b5298f3ea1dd5a259,kissat,SATISFIABLE,67.767471,False,8
flat75-82.cnf,SATLIB,flat75,matching_capacity,da542d4015a77ae4c239d9ffee4420c56b11d97946fcccd36bf1d0fad3e916bb,kissat,SATISFIABLE,66.545776,False,8
flat75-83.cnf,SATLIB,flat75,matching_capacity,01477cb7acd34383e11e11beb8ae8afa82e5c4f9c91b060dfa90bed1fc80da6c,kissat,SATISFIABLE,66.403998,False,8
flat75-84.cnf,SATLIB,flat75,matching_capacity,4b86230a216c82556f29737718edbf5b2c93dac06c72251c7bb954092566baed,kissat,SATISFIABLE,34.011382,False,8
flat75-85.cnf,SATLIB,flat75,matching_capacity,adea3ccff964c49ea83958959efa604acdda4ec2ace0a537f4ba5104eaae46a8,kissat,SATISFIABLE,67.355467,False,8
flat75-86.cnf,SATLIB,flat75,matching_capacity,e8e6a86138bb793a11f1989357f1f2bb90b9097b577be0c531620d5549fb6c4d,kissat,SATISFIABLE,34.320084,False,8
flat75-87.cnf,SATLIB,flat75,matching_capacity,4d2b24657e6f165fa64135c864968f187772ca0da26aa5d275b774808d06ea8c,kissat,SATISFIABLE,34.092497,False,8
flat75-88.cnf,SATLIB,flat75,matching_capacity,e0ace3dbbd8f9d578f3180f4ceeb3d1862aac9c7fd31b27db7deb1642fb68121,kissat,SATISFIABLE,66.791669,False,8
flat75-89.cnf,SATLIB,flat75,matching_capacity,9cee50ab32c46507c4dd6b91574b5915ad1779b17ce47e904c37a83b721587a6,kissat,SATISFIABLE,34.077673,False,8
flat75-9.cnf,SATLIB,flat75,matching_capacity,d5c936bd0a5f368e6b71c8f52e3234d06930250fd7d9b2c01eb9710297a9bfb2,kissat,SATISFIABLE,36.500279,False,8
flat75-90.cnf,SATLIB,flat75,matching_capacity,3912c5b34efc76b8176314a22591bbb07a3ed5d39fdfbde1624cb195f8478bfd,kissat,SATISFIABLE,66.820348,False,8
flat75-91.cnf,SATLIB,flat75,matching_capacity,dc4f674c60b1b59550c4dc6ee12e139d08d0109f5e722eeecb9340dd5eb24703,kissat,SATISFIABLE,66.52129,False,8
flat75-92.cnf,SATLIB,flat75,matching_capacity,99df0794a2dcc96fbe30d4e3d85069f585806eda9439cfaf49b583684887d077,kissat,SATISFIABLE,66.484317,False,8
flat75-93.cnf,SATLIB,flat75,matching_capacity,1a07da9d8e44c0a6215d7c7a4e75e502bbe29ed56ad162d95e5cfdf0d2c38448,kissat,SATISFIABLE,68.013988,False,8
flat75-94.cnf,SATLIB,flat75,matching_capacity,560eabeb2739b9b9e1728a701ba3aff403963868f7790b44c6ca8cbd84226c48,kissat,SATISFIABLE,67.74638,False,8
flat75-95.cnf,SATLIB,flat75,matching_capacity,f0600cb9c9c2ce1266d58a280341f6d04a401888efc31c253d90777ed909a8ca,kissat,SATISFIABLE,34.206293,False,8
flat75-96.cnf,SATLIB,flat75,matching_capacity,608e047f67190af7845c5d75e719f70c3ed0196e43dbe1dc2acb4768ebd3b2c3,kissat,SATISFIABLE,66.802726,False,8
flat75-97.cnf,SATLIB,flat75,matching_capacity,41e8fed77f11b4d28a951848982f0f11530e4d108c7d628ad8dc5700feb34b76,kissat,SATISFIABLE,67.605224,False,8
flat75-98.cnf,SATLIB,flat75,matching_capacity,16f81045756bf8fe693f57c24fe5f62ba51ef18efd37d8cfdf4e35482aeef339,kissat,SATISFIABLE,66.970167,False,8
flat75-99.cnf,SATLIB,flat75,matching_capacity,8cbfe6ee9f5b7caff8341558db0cfbd98ec3e2262153f0800148f57ddf2520bd,kissat,SATISFIABLE,69.263167,False,8
g125.17.cnf,SATLIB,gcp-large,matching_capacity,369534077b929ef56081b5efdf62231939c81401138e87b36532ddfcdfb880a7,kissat,TIMEOUT,60036.365039,False,8
g125.18.cnf,SATLIB,gcp-large,matching_capacity,2f8144fac3c3770fce6f07377a011ef9d50ecdef5ff59c1c5653700ed2c9737e,kissat,TIMEOUT,60029.713266,False,8
g250.15.cnf,SATLIB,gcp-large,matching_capacity,c1371cdc112dbc0fe4a5915a6caf805815f9e56e5b7e10ce7a27314220482f92,kissat,TIMEOUT,60065.199747,False,8
g250.29.cnf,SATLIB,gcp-large,matching_capacity,9f793e477680f1c76e569462f19de7f1e40c6614ba2058206cd7a61538f7b0e2,kissat,TIMEOUT,60032.585916,False,8
par16-1-c.cnf,SATLIB,parity,crafted_parity,33691e8d6a59db323b77240ae6319353f3adc0738c36e7a3e1e9f3efaa182d8a,kissat,SATISFIABLE,117.420701,False,8
par16-1.cnf,SATLIB,parity,crafted_parity,21e9cfbf8803679170ce49ccd099eb0d1df86ef27559b2c058507bd56922a3f9,kissat,SATISFIABLE,167.945355,False,8
par16-2-c.cnf,SATLIB,parity,crafted_parity,d85df8f9275977bbeb1e50fb2a3b8bce59fb6e0158dbde0b0ec33fb8faa30560,kissat,SATISFIABLE,268.614533,False,8
par16-2.cnf,SATLIB,parity,crafted_parity,814bd8b56da173082122b08a01eca678a0cbdafd380563968d37ad17073e2202,kissat,SATISFIABLE,267.471306,False,8
par16-3-c.cnf,SATLIB,parity,crafted_parity,aa0cdb92b18e3097f60ae2b8bc32d40afefcce703a8d7ffc4383c5c98c8926c3,kissat,SATISFIABLE,66.416687,False,8
par16-3.cnf,SATLIB,parity,crafted_parity,bfcd69db765ab3b828d22edee3d2f84bbb54bdee1baef8aa80c8fa6a6321972f,kissat,SATISFIABLE,267.473596,False,8
par16-4-c.cnf,SATLIB,parity,crafted_parity,e9caba5b46351faec8919b234aa974f22a97a93f1ce8aaa83f17530fa401436f,kissat,SATISFIABLE,67.459869,False,8
par16-4.cnf,SATLIB,parity,crafted_parity,147cb73fd47b76c91881ffcec76fdd7080a99dc5fb3cec0f4237ebbe7160bb25,kissat,SATISFIABLE,167.706608,False,8
par16-5-c.cnf,SATLIB,parity,crafted_parity,99a4e16a6214e5cc971b00ce2fbb51feee47519c0f4398c3c8c772f24ddc3daf,kissat,SATISFIABLE,268.363205,False,8
par16-5.cnf,SATLIB,parity,crafted_parity,58e5e3a6e4c4b4c96a89089b6fe7c51ac1d366413a13b75ff50c33a728f4e1c6,kissat,SATISFIABLE,117.235922,False,8
par32-1-c.cnf,SATLIB,parity,crafted_parity,5e3253738e729c3fda8cde22e67b6d8bae0df6d53e9afabb6bd74d5ceb700312,kissat,TIMEOUT,60035.238824,False,8
par32-1.cnf,SATLIB,parity,crafted_parity,9e57d4a71c76c189fceedfd61f8786fbb6e30818b1ee61bcaa12199513bfc293,kissat,TIMEOUT,60019.960041,False,8
par32-2-c.cnf,SATLIB,parity,crafted_parity,bc94a298db22f71a8b03d9804267e4361c78b028073b6c60e3625d4d25cf17ef,kissat,TIMEOUT,60031.58254,False,8
par32-2.cnf,SATLIB,parity,crafted_parity,c073497abbc8b481e111192111b42cf76f94b6141582cb7372283da5542b2c9e,kissat,TIMEOUT,60024.294584,False,8
par32-3-c.cnf,SATLIB,parity,crafted_parity,fe096410a048413b6279239143bab90bb5fb54037f7ac38d431cf81e892c12b6,kissat,TIMEOUT,60014.472442,False,8
par32-3.cnf,SATLIB,parity,crafted_parity,44b9dabdbdd579d12e7cfa91b367fb2f2fb50dd7a7a3fef385c035327d4dcc68,kissat,TIMEOUT,60013.362545,False,8
par32-4-c.cnf,SATLIB,parity,crafted_parity,fc94a60586d86c705914d16c8a6d8e77375bc61d0b5724386701bf2e8da36b2b,kissat,TIMEOUT,60013.487689,False,8
par32-4.cnf,SATLIB,parity,crafted_parity,c8b751575eaeaa3c19827116b171a2e8d693ef12a232aeb560b75f73200b2970,kissat,TIMEOUT,60013.777416,False,8
par32-5-c.cnf,SATLIB,parity,crafted_parity,e38d5ae7a2ed8a9f45620e5c256f98ecb6649d3fc3fc82f6597255f09d3c3d17,kissat,TIMEOUT,60013.164767,False,8
par32-5.cnf,SATLIB,parity,crafted_parity,9fc09da69b6694bcad4dbc5efd6a4fad9dbddeda2239d1b8255bbfd4d3454b54,kissat,SATISFIABLE,51073.755782,False,8
par8-1-c.cnf,SATLIB,parity,crafted_parity,6aefe62063ac9db5c0646e36c673fcb14bfcc10aa80fa2a63dccf57517c0fe69,kissat,SATISFIABLE,34.454954,False,8
par8-1.cnf,SATLIB,parity,crafted_parity,a7eccfea7ce54392fdb4511abcec42350a0a6a2baa866bb773eed5d6d7c829bf,kissat,SATISFIABLE,34.575824,False,8
par8-2-c.cnf,SATLIB,parity,crafted_parity,ef25a881e989edccc18980b42e4a3d21bd52f7bed8f2239cc2c53df6c964091f,kissat,SATISFIABLE,34.645376,False,8
par8-2.cnf,SATLIB,parity,crafted_parity,27ce92885c98ea70114dd72e191fe56021433c25fe200903b1a5848dece42092,kissat,SATISFIABLE,66.802074,False,8
par8-3-c.cnf,SATLIB,parity,crafted_parity,50748f338e39ad96d9e64fd22b76df59d9b402bbbbb7fe0cd7533d038b079a02,kissat,SATISFIABLE,66.795621,False,8
par8-3.cnf,SATLIB,parity,crafted_parity,a12e607de7884ae690e9470262a91d8a959a91e76a9616e4bc9a98f9b7e7065d,kissat,SATISFIABLE,66.441981,False,8
par8-4-c.cnf,SATLIB,parity,crafted_parity,514d999116b35abb2df659bafaf6b5ca7205ea0855ae4ae99646e56da298dba2,kissat,SATISFIABLE,67.343881,False,8
par8-4.cnf,SATLIB,parity,crafted_parity,610c938acfc3d3aceba2698ff9deedbdfbac121e9d3debf20681fafbb5194d32,kissat,SATISFIABLE,67.292844,False,8
par8-5-c.cnf,SATLIB,parity,crafted_parity,43decab5a22998cd7b8ed76525a1c53c073ade11723cb68329bc01a863bff938,kissat,SATISFIABLE,67.240013,False,8
par8-5.cnf,SATLIB,parity,crafted_parity,a284a1a704a87a2a7689332620105d9a8674c97fa4247aa869a70e304e51e34f,kissat,SATISFIABLE,67.263897,False,8
pret150_25.cnf,SATLIB,pret,crafted_parity,b52d0f8985d25a26728b03f2d1390677ffceb2b7241ae6d5170011734a4f017b,kissat,UNKNOWN,34.821216,False,8
pret150_40.cnf,SATLIB,pret,crafted_parity,523f438264e67340c212f8e6250d32bdf17494ecf54890fa01e73c62ea00888f,kissat,UNKNOWN,35.682395,False,8
pret150_60.cnf,SATLIB,pret,crafted_parity,6945ddc43ad28f90d4dbc1ded6ca838a2a88dae79c271cbf0eb5801877320fca,kissat,UNKNOWN,18.207472,False,8
pret150_75.cnf,SATLIB,pret,crafted_parity,c947b58d6dcac13305e8572764a592b721c7203452db153a8d42ed1e263059f2,kissat,UNKNOWN,34.291429,False,8
pret60_25.cnf,SATLIB,pret,crafted_parity,a62c960d89de0bbf1e6e3f894d1ab2a7acf0b60d1765413facff639899fb2770,kissat,UNKNOWN,18.284475,False,8
pret60_40.cnf,SATLIB,pret,crafted_parity,9ed34260070aa4145fc86cac7af1e250c586806aea98ebd94aec1edde0b0123d,kissat,UNKNOWN,34.387954,False,8
pret60_60.cnf,SATLIB,pret,crafted_parity,4369e739d0e28b48047a121bd745e1a97cc89ba714fe008118b257871ae7e129,kissat,UNKNOWN,17.914106,False,8
pret60_75.cnf,SATLIB,pret,crafted_parity,767efdcbd7af12062f6d59546cfca3ec9590259eadf3b9ac3b42cc3d77b5b131,kissat,UNKNOWN,34.953157,False,8
dubois100.cnf,SATLIB,dubois,crafted_parity,c3c45967ab3a1ee3cc8cd09454bcbc95e33539ad6af29f3c08c4fcefd13d0964,kissat,UNKNOWN,18.345197,False,8
dubois20.cnf,SATLIB,dubois,crafted_parity,82059aba0e5773644b386eb6bcbe53680655390cb041873a3cb3e93f7bd896a7,kissat,UNSATISFIABLE,34.639182,False,8
dubois21.cnf,SATLIB,dubois,crafted_parity,6989eedd78392551b0a2b4fe97de968bdb190c3806b32cbc9171f0747eb0f3d3,kissat,UNSATISFIABLE,34.984811,False,8
dubois22.cnf,SATLIB,dubois,crafted_parity,ced29f39ae3ceb0d56bbe5d6f68a1d0b58560a171677234bd5f9a04a2444aee9,kissat,UNSATISFIABLE,34.900206,False,8
dubois23.cnf,SATLIB,dubois,crafted_parity,8e40b75d1c8e4ec86aa6538d871cbfe6435c6b50f8128f9e7cb9b727a2b905cb,kissat,UNSATISFIABLE,34.529408,False,8
dubois24.cnf,SATLIB,dubois,crafted_parity,b85663a68ec76c176d1f8678cb8406216c5e539a976e741012b5adc7ad70aaca,kissat,UNSATISFIABLE,34.059202,False,8
dubois25.cnf,SATLIB,dubois,crafted_parity,82ded7ea789cb2aca4110512730ad9eb1e0261f91cc6caf02d227d3b2f812e0c,kissat,UNSATISFIABLE,35.201085,False,8
dubois26.cnf,SATLIB,dubois,crafted_parity,c00826a01ddc332f7886017e2e2af31114c92ae97cd8e420cbe3fe543e4ed60c,kissat,UNSATISFIABLE,35.745461,False,8
dubois27.cnf,SATLIB,dubois,crafted_parity,4fbcf8ecca5cc8bf5822599c86c63227b08460e35a876bb0230c2439cbc81a80,kissat,UNSATISFIABLE,67.347733,False,8
dubois28.cnf,SATLIB,dubois,crafted_parity,f2da676017587d0d900a504b465da30624867ae7e879f93fedf329af50cf9a71,kissat,UNSATISFIABLE,35.985835,False,8
dubois29.cnf,SATLIB,dubois,crafted_parity,e84e30ebcb47fca67551bab6e26f5f4e4e5a04bb1924008b24081ea441d24883,kissat,UNSATISFIABLE,71.963202,False,8
dubois30.cnf,SATLIB,dubois,crafted_parity,5ab95e48051afa9d7410d52fb07ead3e8a4ec97243d9f9c3f36aa0ebe78d4059,kissat,UNSATISFIABLE,35.63591,False,8
dubois50.cnf,SATLIB,dubois,crafted_parity,417ea88d5df96c7e6da2250cbe6da7effd012d7de0b0e037ee086254e4e2fc59,kissat,UNSATISFIABLE,68.625649,False,8
aim-100-1_6-no-1.cnf,SATLIB,aim,crafted_structured,42058adae7534bb0613399393b369724c172055a0056a433ddc82cd6512545e2,kissat,UNSATISFIABLE,68.366061,False,8
aim-100-1_6-no-2.cnf,SATLIB,aim,crafted_structured,c7a787035bfb27d7b15dbb05ad2fbd558fb1fb58a6106980c16719c3d925dac9,kissat,UNSATISFIABLE,67.494757,False,8
aim-100-1_6-no-3.cnf,SATLIB,aim,crafted_structured,6b68655073b4516a75f8ac0158955bc5e83d177f67707b9186eb677b16145c83,kissat,UNSATISFIABLE,67.10459,False,8
aim-100-1_6-no-4.cnf,SATLIB,aim,crafted_structured,3d4f79f02573f3122d3114d2a2d0a557667e01c0942eb2e8103790c1a0790079,kissat,UNSATISFIABLE,67.131804,False,8
aim-100-1_6-yes1-1.cnf,SATLIB,aim,crafted_structured,74560a84735393495e1665fb2999f6b7948fb7f12b11c23e530aedccbf8cbbec,kissat,SATISFIABLE,34.706016,False,8
aim-100-1_6-yes1-2.cnf,SATLIB,aim,crafted_structured,36724f19cc67f2ed90154dc6f863eddae69f3c9b7c19677fa367f55359e9c859,kissat,SATISFIABLE,68.058671,False,8
aim-100-1_6-yes1-3.cnf,SATLIB,aim,crafted_structured,de0aff20107169ba4d169c7eec5d592eeabd4b0121f69472595f4fc87176b52c,kissat,SATISFIABLE,67.774836,False,8
aim-100-1_6-yes1-4.cnf,SATLIB,aim,crafted_structured,9769c011731f00bd7b8e9fc30e84b6434a863653889531cbf97ccc1af6fa7a7b,kissat,SATISFIABLE,67.806133,False,8
aim-100-2_0-no-1.cnf,SATLIB,aim,crafted_structured,b603147fd98006d1cadc57821296bb760744fec03a1b7ddc88bd4a2b4333fb36,kissat,UNSATISFIABLE,68.213946,False,8
aim-100-2_0-no-2.cnf,SATLIB,aim,crafted_structured,6abe060edf22b2639c408ad891266cf7c33135d796105b1c31e8023638ee6cd4,kissat,UNSATISFIABLE,66.787242,False,8
aim-100-2_0-no-3.cnf,SATLIB,aim,crafted_structured,b1e0c7b2e42f7c04cda89803ebfa492c6e2572faf0814bc042ffb4ae489a9c60,kissat,UNSATISFIABLE,34.899681,False,8
aim-100-2_0-no-4.cnf,SATLIB,aim,crafted_structured,a2882a6249cede130072501fae59c0e74a975401a44d07a1f225de1daa8d127e,kissat,UNSATISFIABLE,35.377155,False,8
aim-100-2_0-yes1-1.cnf,SATLIB,aim,crafted_structured,c2d8d8d1a0723ed0502b185b757a068b4df088e059bd51e39a0837579fe15114,kissat,SATISFIABLE,34.737753,False,8
aim-100-2_0-yes1-2.cnf,SATLIB,aim,crafted_structured,b9009d68e6cb4ce01bd92de354c7cd28176f9adc464a75b8b69b3e563ca86c1c,kissat,SATISFIABLE,35.087229,False,8
aim-100-2_0-yes1-3.cnf,SATLIB,aim,crafted_structured,282e53bfa4375709700f3cc12be8c63ccf0a88cc53cacdb614690c5a937927f6,kissat,SATISFIABLE,34.76816,False,8
aim-100-2_0-yes1-4.cnf,SATLIB,aim,crafted_structured,0fae4e8ba360cc4508546b7230fdec14f859eb7de47b6a84ce82fea90f0b1b81,kissat,SATISFIABLE,34.531597,False,8
aim-100-3_4-yes1-1.cnf,SATLIB,aim,crafted_structured,28bed18fc63fc15ddd8d7d6de295d5dd50933346e901594d8fc0429bf50a0b9c,kissat,SATISFIABLE,66.90493,False,8
aim-100-3_4-yes1-2.cnf,SATLIB,aim,crafted_structured,0709c8a6a342e86c07f73b650bc504a93571a0641598a49c8392e9692419d314,kissat,SATISFIABLE,34.823696,False,8
aim-100-3_4-yes1-3.cnf,SATLIB,aim,crafted_structured,3d630d367acf82e488b54bd0c880553c2284e8cc836164675a8a7efc77dcad64,kissat,SATISFIABLE,66.988829,False,8
aim-100-3_4-yes1-4.cnf,SATLIB,aim,crafted_structured,81b521bad4394bbac016f323d5ea18e2795d370f335f3f9000661e15d9f61ffd,kissat,SATISFIABLE,34.452153,False,8
aim-100-6_0-yes1-1.cnf,SATLIB,aim,crafted_structured,6b38243f35dc58c6b93e29d0fc9279378eb9dc3c6a6f3d79b231806847e14c1b,kissat,SATISFIABLE,66.856518,False,8
aim-100-6_0-yes1-2.cnf,SATLIB,aim,crafted_structured,d7c724e0d895fc9b638d23feb0e46314a362efb544f2cf67e4e38ff72c2bb178,kissat,SATISFIABLE,67.202881,False,8
aim-100-6_0-yes1-3.cnf,SATLIB,aim,crafted_structured,cfff265b00bbdf36f1b21f5abe2b5651a608123a4f60d771cb358f612dec912d,kissat,SATISFIABLE,35.081825,False,8
aim-100-6_0-yes1-4.cnf,SATLIB,aim,crafted_structured,e44655bdab896c1410f569a594fcf8e33e08587cffa66b91a98215e60064a056,kissat,SATISFIABLE,34.499374,False,8
aim-200-1_6-no-1.cnf,SATLIB,aim,crafted_structured,8dd8d8f1311dbb924feec992351d46a26eb55b61f2f167023e425c8a6d4fe992,kissat,UNSATISFIABLE,66.652291,False,8
aim-200-1_6-no-2.cnf,SATLIB,aim,crafted_structured,94a57fc9d0d0eb1bf99f734ce144f5aceeaec933a39b28af808029437c130150,kissat,UNSATISFIABLE,66.64884,False,8
aim-200-1_6-no-3.cnf,SATLIB,aim,crafted_structured,df960ed505574b0c30a32ee2f40169d1ca1b3b6e2e864bc50fafc16bbe4b590a,kissat,UNSATISFIABLE,66.680499,False,8
aim-200-1_6-no-4.cnf,SATLIB,aim,crafted_structured,0af71bc6e8893dc6514fb8848139ea27b94a3d8ae8334f5e23b94abfbda6ecd1,kissat,UNSATISFIABLE,66.457205,False,8
aim-200-1_6-yes1-1.cnf,SATLIB,aim,crafted_structured,8b8cace803201c59258bc3066e13deeeacb87f612651fede8baf96a4effe93d7,kissat,SATISFIABLE,66.625251,False,8
aim-200-1_6-yes1-2.cnf,SATLIB,aim,crafted_structured,eaffd737fc26f475ea376d0e3189e07a1581f7ca66f07b06c6dfb84f9a6beb3d,kissat,SATISFIABLE,35.062192,False,8
aim-200-1_6-yes1-3.cnf,SATLIB,aim,crafted_structured,845cb97fcfb081d38ffb96ac97f0ab69203521ffd59052b9355f61f52010efca,kissat,SATISFIABLE,66.990671,False,8
aim-200-1_6-yes1-4.cnf,SATLIB,aim,crafted_structured,2eb91adea9d2022773193772d6ee4c0e294f871781a7579c4be1f1c5c4f0d0d2,kissat,SATISFIABLE,66.957314,False,8
aim-200-2_0-no-1.cnf,SATLIB,aim,crafted_structured,4bf68984da5f2954f795b0326d5aca22969595ddd14d4b6b588b3828d48634cf,kissat,UNSATISFIABLE,67.419592,False,8
aim-200-2_0-no-2.cnf,SATLIB,aim,crafted_structured,3c9d24b4ae71e91a6207e1efc8d14516aecd62d2a3807d730eff139d3d539174,kissat,UNSATISFIABLE,66.561152,False,8
aim-200-2_0-no-3.cnf,SATLIB,aim,crafted_structured,99ec5da685fb5cc9c9b172badeb3e5829b8b3fc366156529ef1e6850ac700c1b,kissat,UNSATISFIABLE,67.242226,False,8
aim-200-2_0-no-4.cnf,SATLIB,aim,crafted_structured,b6dd7acba5b142ebc60dafdfb9115085d88d02d8f6af0f175e84efd3e72b5430,kissat,UNSATISFIABLE,67.329951,False,8
aim-200-2_0-yes1-1.cnf,SATLIB,aim,crafted_structured,1e933c104a814ddcb7eb8bc49f3d96b018d6e82fec4c7c9acad2951c96a64255,kissat,SATISFIABLE,35.056712,False,8
aim-200-2_0-yes1-2.cnf,SATLIB,aim,crafted_structured,ce13c0d07ed62bb16bf57c317c02a410c805ab639024043d9a7f95ad5aa056ac,kissat,SATISFIABLE,35.245624,False,8
aim-200-2_0-yes1-3.cnf,SATLIB,aim,crafted_structured,c8efe63e4409000dee460e7afd14fcd3a5f8ffb909dc1a3cb5fddb2e377c8935,kissat,SATISFIABLE,35.687157,False,8
aim-200-2_0-yes1-4.cnf,SATLIB,aim,crafted_structured,1e4fc24ee154bc252d47eb139e5ec715e9590821a2aa5db7195726947cd2ca7c,kissat,SATISFIABLE,67.78402,False,8
aim-200-3_4-yes1-1.cnf,SATLIB,aim,crafted_structured,1be1422d3c96d3c648f37842c9bf1d77e7d04422f88b2bb123376302621d55c5,kissat,SATISFIABLE,67.028163,False,8
aim-200-3_4-yes1-2.cnf,SATLIB,aim,crafted_structured,ba29d92681833ac0de43fb19e7fd4b525fd1c32c5b6029b9e04e7881560eeb22,kissat,SATISFIABLE,117.555535,False,8
aim-200-3_4-yes1-3.cnf,SATLIB,aim,crafted_structured,ad7eb1cd08d3d0e044cfe0ff5c6c16e9b965f8286580ec1087b9ba6492958e9d,kissat,SATISFIABLE,118.351585,False,8
aim-200-3_4-yes1-4.cnf,SATLIB,aim,crafted_structured,69fa85ba631884f7a07f9370604dd78b38499c5969bed2c776de2fdbaf124dc6,kissat,SATISFIABLE,118.1069,False,8
aim-200-6_0-yes1-1.cnf,SATLIB,aim,crafted_structured,9d6e633a05f2e00fe86963c5343d68d9c0172d40ebbc0fa6c97f8053d86dba4e,kissat,SATISFIABLE,67.700706,False,8
aim-200-6_0-yes1-2.cnf,SATLIB,aim,crafted_structured,2c1cee4d8f2b500c0a4dfaf54b34157ae7958139074b3323ef4feefcc98ae95e,kissat,SATISFIABLE,68.264826,False,8
aim-200-6_0-yes1-3.cnf,SATLIB,aim,crafted_structured,e55d0ccb9da3f988f487a14a07a49a8f7295d31af1c2bc113c650a6f8b44dfa7,kissat,SATISFIABLE,67.443807,False,8
aim-200-6_0-yes1-4.cnf,SATLIB,aim,crafted_structured,a45e471f297365c8d79636daa0a766c78b0cf2e4602ff92e49f55ee5c3bd0d20,kissat,SATISFIABLE,69.707419,False,8
aim-50-1_6-no-1.cnf,SATLIB,aim,crafted_structured,17d42ca0ef48f3a0523a4a9f0a9f683da9acdc9a61f175dc9e143398e6532a86,kissat,UNSATISFIABLE,68.617477,False,8
aim-50-1_6-no-2.cnf,SATLIB,aim,crafted_structured,643cb64c8ca29a2d675c55e92a5c5e21b8e28942b6ff2a59546741da9bcef738,kissat,UNSATISFIABLE,34.784359,False,8
aim-50-1_6-no-3.cnf,SATLIB,aim,crafted_structured,333822ad95baf32762a3aca8dca83c6075af460ab6a7a8502c2526553b862fcf,kissat,UNSATISFIABLE,34.700138,False,8
aim-50-1_6-no-4.cnf,SATLIB,aim,crafted_structured,f91126309de99027091fec88ec253725c5cd6fbc0f4fe9299263c91356123df0,kissat,UNSATISFIABLE,34.403575,False,8
aim-50-1_6-yes1-1.cnf,SATLIB,aim,crafted_structured,d96f1edb1db3d0e55a3ff0f7707517e41a79374acbb857df051e5441ab27657d,kissat,SATISFIABLE,34.674147,False,8
aim-50-1_6-yes1-2.cnf,SATLIB,aim,crafted_structured,17859c4aacfb1e1bbb263c355c5566ac08414b24e28bb740059517d942148396,kissat,SATISFIABLE,34.062069,False,8
aim-50-1_6-yes1-3.cnf,SATLIB,aim,crafted_structured,395f665ead93b51107fb12041b4cc868a193af0c9f914f8b2e50c4b134758ff1,kissat,SATISFIABLE,34.484591,False,8
aim-50-1_6-yes1-4.cnf,SATLIB,aim,crafted_structured,2896e9abbbb3c0531ef72dde496e857812956d89768b42bf00f18ec4e9456941,kissat,SATISFIABLE,34.941281,False,8
aim-50-2_0-no-1.cnf,SATLIB,aim,crafted_structured,44f315ec066bda038eefdce2fa25267cd9fe188b2afa99570accf60dde57900a,kissat,UNSATISFIABLE,67.180487,False,8
aim-50-2_0-no-2.cnf,SATLIB,aim,crafted_structured,3a9810e07f4df2e3d458d6c89bf4f4c289f9c868cade44dc09444f2d0a77fedc,kissat,UNSATISFIABLE,67.385665,False,8
aim-50-2_0-no-3.cnf,SATLIB,aim,crafted_structured,d2af23c0482ae82f33cff2e8d68d0c1709c1ba4864b02368197a6bf6dc60a2e5,kissat,UNSATISFIABLE,67.078376,False,8
aim-50-2_0-no-4.cnf,SATLIB,aim,crafted_structured,8a3a923e43963e5a81ab3a2440e4a6650d15b213adb09d2d1d77d67367f8b07e,kissat,UNSATISFIABLE,35.418009,False,8
aim-50-2_0-yes1-1.cnf,SATLIB,aim,crafted_structured,8be83f79b0f6ab10366d2f64d60c7a619654d108155091fe97167b931ba44784,kissat,SATISFIABLE,67.373509,False,8
aim-50-2_0-yes1-2.cnf,SATLIB,aim,crafted_structured,9c0e996a4c8c3a71fa34ed4451e358c87c8777d45675ad50c71e9a7d5a59661e,kissat,SATISFIABLE,35.228144,False,8
aim-50-2_0-yes1-3.cnf,SATLIB,aim,crafted_structured,5e9723b6ebe23d1a435555ba7d7785bb64d1fd5d67f5618a148eedac2f51cbd8,kissat,SATISFIABLE,35.161269,False,8
aim-50-2_0-yes1-4.cnf,SATLIB,aim,crafted_structured,748fe1ea9bcf40656bc6c0c31cc5e25f010393af839e249753a4ccc574d44f80,kissat,SATISFIABLE,35.14402,False,8
aim-50-3_4-yes1-1.cnf,SATLIB,aim,crafted_structured,34a3aa8968f9f75f98cf140c6d498eeba411fcf0309b019b73d5d0c1e347cb8e,kissat,SATISFIABLE,68.021208,False,8
aim-50-3_4-yes1-2.cnf,SATLIB,aim,crafted_structured,7f7db5a89f45981633ca62ccc690470fb7553e57f6ef996cb3a78cc15235fb5d,kissat,SATISFIABLE,68.838639,False,8
aim-50-3_4-yes1-3.cnf,SATLIB,aim,crafted_structured,6b17b7be91e557fbd577c7eda1d3da2e7e4615acb1d14eba7c0f91f199c937dd,kissat,SATISFIABLE,36.148228,False,8
aim-50-3_4-yes1-4.cnf,SATLIB,aim,crafted_structured,baa823e93d9247d67046995a9d36e5521848f0305864bc6d551bd4218bf7e065,kissat,SATISFIABLE,68.406591,False,8
aim-50-6_0-yes1-1.cnf,SATLIB,aim,crafted_structured,f914ea474f3dbd26023e4bc7ac6fc91355a6f4f2dc1b300b801971e6894acfb6,kissat,SATISFIABLE,35.47701,False,8
aim-50-6_0-yes1-2.cnf,SATLIB,aim,crafted_structured,a3c4735b2552e88578d132666ef3e16b336d6a66d9b99e39794c883e50f357de,kissat,SATISFIABLE,35.625783,False,8
aim-50-6_0-yes1-3.cnf,SATLIB,aim,crafted_structured,666bf8876c55be2a0523d9021a54140ab3c00dab3a936dc105f92e11ba33501c,kissat,SATISFIABLE,35.684351,False,8
aim-50-6_0-yes1-4.cnf,SATLIB,aim,crafted_structured,9afea2388b715d82eaf567c76418a44c9d65ff1648d27266db100272098ef328,kissat,SATISFIABLE,35.200972,False,8
jnh1.cnf,SATLIB,jnh,crafted_structured,59bb51f11ea36e0262ada113fb4120c11786e14b8d03979970efc580a80fd16e,kissat,SATISFIABLE,122.207894,False,8
jnh10.cnf,SATLIB,jnh,crafted_structured,08f38ec474ac112c2be38b8102a5945e84de8533029be6ef04bf76229ec5b08a,kissat,UNSATISFIABLE,68.248394,False,8
jnh11.cnf,SATLIB,jnh,crafted_structured,c92180afef4528e9f23fdab789624b46ee7668ae2247fddb79e8951b4733a79e,kissat,UNSATISFIABLE,69.540239,False,8
jnh12.cnf,SATLIB,jnh,crafted_structured,d0c8a5a63a480735ccb4b5c36c9b4048186594077a2384a16ac7d8a19e48ca62,kissat,SATISFIABLE,67.437499,False,8
jnh13.cnf,SATLIB,jnh,crafted_structured,203e5c70323c5ff6a22bcaea74205b40d8eb4a63f8740997d26091ce9ab7a351,kissat,UNSATISFIABLE,67.429321,False,8
jnh14.cnf,SATLIB,jnh,crafted_structured,a21d439d9e859c2cd15ed3672620a70bf9e63cbc873fe08060b8dbfd2bb21eb8,kissat,UNSATISFIABLE,35.077678,False,8
jnh15.cnf,SATLIB,jnh,crafted_structured,76138c7e2cdc4612582b4b45acffe852937a2846e77e090b678cfdc2d092dbad,kissat,UNSATISFIABLE,35.813211,False,8
jnh16.cnf,SATLIB,jnh,crafted_structured,60217887b85fc64a1821de535cb5ddeeef6a04ffd13232e81a52d3537cb089c9,kissat,UNSATISFIABLE,68.229304,False,8
jnh17.cnf,SATLIB,jnh,crafted_structured,a8198abcbfa914305a81b3d8d38479723074a1ac94a461800e88fd9385c0e223,kissat,SATISFIABLE,66.980177,False,8
jnh18.cnf,SATLIB,jnh,crafted_structured,75bc17e725c18d3ffccfb89b07b7b0c30e6c10c11d0f2f928f5661f8b1af0a9d,kissat,UNSATISFIABLE,66.551138,False,8
jnh19.cnf,SATLIB,jnh,crafted_structured,e38e1dee051b928dee79857a934502e7cef732820cf817f1b7aca8610fa7c238,kissat,UNSATISFIABLE,35.237733,False,8
jnh2.cnf,SATLIB,jnh,crafted_structured,153bbf42c89758c8bc4bc9a9b99bfa63bda76a8a76ea7b1d3a846904e26c1738,kissat,UNSATISFIABLE,35.682003,False,8
jnh20.cnf,SATLIB,jnh,crafted_structured,a9181730b8692e56e6e823a2376fe3246f9d3bb62bd0a5c3435492b3eb66124b,kissat,UNSATISFIABLE,34.702465,False,8
jnh201.cnf,SATLIB,jnh,crafted_structured,16758d80c349872a6ea45a663899d331c6677bda80b2bc65ec28f7b886a712cf,kissat,SATISFIABLE,117.77964,False,8
jnh202.cnf,SATLIB,jnh,crafted_structured,e43c52ec70ab115afc0d55b7559ee7641625fcab025fab70e9cad03510eba489,kissat,UNSATISFIABLE,35.529535,False,8
jnh203.cnf,SATLIB,jnh,crafted_structured,0f8ca301d8677cf415d500ac23e9281e18ce5a1c38036ba7d309c514c627e69a,kissat,UNSATISFIABLE,67.922521,False,8
jnh204.cnf,SATLIB,jnh,crafted_structured,a1b72d5a54d358f238bd4b648d3ee1dea750a7b4118e577fdb983466f71fb3bd,kissat,SATISFIABLE,117.346309,False,8
jnh205.cnf,SATLIB,jnh,crafted_structured,431d5009f524496106347c56373aa4f423ece65e17031cc765dd074f5bdb2b6b,kissat,SATISFIABLE,69.949061,False,8
jnh206.cnf,SATLIB,jnh,crafted_structured,d9475e7aa49e15b128caaeb45c97343b8f198d68fd49b848f9980c389100da64,kissat,UNSATISFIABLE,66.963898,False,8
jnh207.cnf,SATLIB,jnh,crafted_structured,9f0c4a07b5f9306156e44fbe664c45c46a34bb4d703e899eb8d559604777fa89,kissat,SATISFIABLE,35.160917,False,8
jnh208.cnf,SATLIB,jnh,crafted_structured,c9da7b3822dd9f961c8d8503d8cea415ae5167721ed4560efc219a1bf676f55e,kissat,UNSATISFIABLE,67.560595,False,8
jnh209.cnf,SATLIB,jnh,crafted_structured,0a100441796fac58d89f787e0b07232f77559be2f0554b37b85092e7aa080f2d,kissat,SATISFIABLE,35.301681,False,8
jnh210.cnf,SATLIB,jnh,crafted_structured,23b29c59ace9fdb63763e7e59f7d0fef5d7ed216fee15e56bf4b382744230348,kissat,SATISFIABLE,66.538786,False,8
jnh211.cnf,SATLIB,jnh,crafted_structured,77a90952737709dd56d6a21d62605cf916958ccb07135887b13884316a734ea9,kissat,UNSATISFIABLE,35.001649,False,8
jnh212.cnf,SATLIB,jnh,crafted_structured,c3a3b53990fe6a9ceddd45f54f2b0eb9e79455359aaa947fe6d34627dea6d92f,kissat,SATISFIABLE,117.025146,False,8
jnh213.cnf,SATLIB,jnh,crafted_structured,ee2ed1fef6143d9ad27af18460f43f9c9c373e3f6e99d5812c09d92833493ad6,kissat,SATISFIABLE,34.462302,False,8
jnh214.cnf,SATLIB,jnh,crafted_structured,6ccecc97eb99c4cfbdf615202c229115e2b0689022d135306c7355cef75227b4,kissat,UNSATISFIABLE,66.832247,False,8
jnh215.cnf,SATLIB,jnh,crafted_structured,804d8e72312ba1d8de2d397b30f53cfae8db9ad897b430bd1c6b3819e2b472e7,kissat,UNSATISFIABLE,34.367182,False,8
jnh216.cnf,SATLIB,jnh,crafted_structured,be10f43879405d56a9d7675b8e60677ac0f3157824975743f9814e2449d4765d,kissat,UNSATISFIABLE,34.337463,False,8
jnh217.cnf,SATLIB,jnh,crafted_structured,9b1d21fdbe1d7b441b2e9c4105e64501b441e3e5b87425488631d8dee38a374c,kissat,SATISFIABLE,167.18737,False,8
jnh218.cnf,SATLIB,jnh,crafted_structured,e830c89b8e4431a49065b65d99f3ade6ea8d9c4c69b2f756709d7d79b2c41f00,kissat,SATISFIABLE,71.137617,False,8
jnh219.cnf,SATLIB,jnh,crafted_structured,5075be1b2153a0614a4640c3e25e5389f2256e2b98dd4a40a6cc86651eedbf4a,kissat,UNSATISFIABLE,34.523666,False,8
jnh220.cnf,SATLIB,jnh,crafted_structured,2695124d24dad1e87f6bbf22bd6fbb8280c78f64536090abfc41acbb1c3fb466,kissat,SATISFIABLE,116.943748,False,8
jnh3.cnf,SATLIB,jnh,crafted_structured,81b2f1e0d92b0df45bb0aa1c9af136dd635dd94286d1a4109e303092f7297833,kissat,UNSATISFIABLE,67.056066,False,8
jnh301.cnf,SATLIB,jnh,crafted_structured,3fb160c2089e929056f9212838076565d1557deedcc7e767aa6b5b923e4e3ba8,kissat,SATISFIABLE,34.671207,False,8
jnh302.cnf,SATLIB,jnh,crafted_structured,8a80746dc2c6e2c5ddf20a810135aed3ca1180cd998c6e16ef560e6d782bed6c,kissat,UNSATISFIABLE,34.90796,False,8
jnh303.cnf,SATLIB,jnh,crafted_structured,4c6ca522a8ba072545bec483384ffd4f43fcd1a1dc0a784c001d3886b923bab5,kissat,UNSATISFIABLE,34.294361,False,8
jnh304.cnf,SATLIB,jnh,crafted_structured,5ad8ecd185009fd2c880be555a66714d0b6ffcc93c188dee5f44f2ec56d7b40e,kissat,UNSATISFIABLE,34.229341,False,8
jnh305.cnf,SATLIB,jnh,crafted_structured,588bda970c88fcf67365886cf965aa6360c013395342e60b72c8dba24093649b,kissat,UNSATISFIABLE,34.822616,False,8
jnh306.cnf,SATLIB,jnh,crafted_structured,293e73279e53bc33c47776545408680981baec68ce2c889e80157abd52101c06,kissat,UNSATISFIABLE,66.884643,False,8
jnh307.cnf,SATLIB,jnh,crafted_structured,778ace0e4674969df5acaa6a52cb4787893464721feb49909e1aa8f7e271a823,kissat,UNSATISFIABLE,34.128394,False,8
jnh308.cnf,SATLIB,jnh,crafted_structured,e77376ba5558adf899bd2a2af6e348b8498af6ac55efb299753edba9bf935b7e,kissat,UNSATISFIABLE,34.421103,False,8
jnh309.cnf,SATLIB,jnh,crafted_structured,ba66a076501847c05fc5b75cd13dece0f88a6cf98cd34a88dc4b1d3d0d45ef1b,kissat,UNSATISFIABLE,33.979509,False,8
jnh310.cnf,SATLIB,jnh,crafted_structured,1a60e7a01c35222e2679abc6f4dcdffc9c6d4034ac0438a16947e8e0320aa0df,kissat,UNSATISFIABLE,34.67385,False,8
jnh4.cnf,SATLIB,jnh,crafted_structured,2f6e36e4b0f872f0407e57d9dd2836d59d0f8265c65b626b9ab66883db8c0fac,kissat,UNSATISFIABLE,35.026981,False,8
jnh5.cnf,SATLIB,jnh,crafted_structured,ba70f21b5cfd40dab1d6acf8676c78cffdc1b50375758f0b8ba903a2402d22c5,kissat,UNSATISFIABLE,67.101578,False,8
jnh6.cnf,SATLIB,jnh,crafted_structured,5c00974bd5cca8d4eceafe68f16afd91005d7c520980e7e1c43d34b19c0c7c95,kissat,UNSATISFIABLE,34.080254,False,8
jnh7.cnf,SATLIB,jnh,crafted_structured,a7a3cf1925ae30c34ad1d5195b8082ef30bb1ab5d93d46e33617392caad2693f,kissat,SATISFIABLE,66.540337,False,8
jnh8.cnf,SATLIB,jnh,crafted_structured,dc8512d3de7f23768c58095f0863defe5bd5987127a207e92172430bfe5cd7be,kissat,UNSATISFIABLE,34.552138,False,8
jnh9.cnf,SATLIB,jnh,crafted_structured,eb21e1c2a4c88f4d80351f36c9beb2fa6ece3fe5c8fe8bbaeeb8c160fef78365,kissat,UNSATISFIABLE,67.713314,False,8
f1000.cnf,SATLIB,lran,random_control,c722620eb5d54842006ffaf6133a00bb6fd83c98fc4b355c41a5cdce6c00e93f,kissat,TIMEOUT,60058.488945,False,8
f2000.cnf,SATLIB,lran,random_control,b19c2c248e122c70e158fc951974912b4f9059f34c03435c9a538192053c2f7a,kissat,TIMEOUT,60047.216644,False,8
f600.cnf,SATLIB,lran,random_control,4a56a74dc94a050b0c89de6219946ce43ad3c69f2f70132e9a2079ef19008e65,kissat,TIMEOUT,60015.290089,False,8
uf250-01.cnf,SATLIB,uf250,random_control,3594d8a83c34352dc6aa0993d150ed9b7bbea7ec7ac53e3780215c148725cce2,kissat,UNKNOWN,18.252013,False,8
uf250-010.cnf,SATLIB,uf250,random_control,735aae87ee4bda4dbeab996472ed1af95b3694ccba87b72990b48fb7b9e091c9,kissat,UNKNOWN,17.98733,False,8
uf250-0100.cnf,SATLIB,uf250,random_control,d518bb7da769344c922fcf6d98cdb3c95f90e407a7fca37b4ca8514346e03ff9,kissat,UNKNOWN,34.316187,False,8
uf250-011.cnf,SATLIB,uf250,random_control,af56962376ca568b2b882e5a785b3a1cbd36cf21216d4c940a16d0a30c90ae2c,kissat,UNKNOWN,18.851978,False,8
uf250-012.cnf,SATLIB,uf250,random_control,fcc9bbe20270b01e49f7e0ccadbd6622192df61ed4bcd184500d89e028de91de,kissat,UNKNOWN,34.457757,False,8
uf250-013.cnf,SATLIB,uf250,random_control,6b41e928f7472c3a3c473f8032d0848f1e19a4fda0ce95c6c891baeacfe757ce,kissat,UNKNOWN,35.392864,False,8
uf250-014.cnf,SATLIB,uf250,random_control,6633f05c6424b1aea758ac2d063d3a200b9e86c2ea1d48b43d3d0b6a27d0165c,kissat,UNKNOWN,34.611864,False,8
uf250-015.cnf,SATLIB,uf250,random_control,6aa63112814a1adb52a3031f8f511129a3d33cb61debe5454815534ea605ccb4,kissat,UNKNOWN,19.226231,False,8
uf250-016.cnf,SATLIB,uf250,random_control,1c410b18e91510e2352d3c6189c450615bfc104424263f7cedbdd4d473201810,kissat,UNKNOWN,35.006761,False,8
uf250-017.cnf,SATLIB,uf250,random_control,05e799ed39c540c92e8d8ed07a8e29c23e30be6bc32ac0f0b8231f4a05bf7395,kissat,UNKNOWN,19.551479,False,8
uf250-018.cnf,SATLIB,uf250,random_control,9ffc39788fcbbebeca3ad5785788ea7ec3e3597c6b5f29e4c2e582d56477f082,kissat,UNKNOWN,35.412979,False,8
uf250-019.cnf,SATLIB,uf250,random_control,2c9b2977edad4ad0e534565d5a4cb1ff6008db731a336888040bdcc2cdd14a21,kissat,UNKNOWN,19.6597,False,8
uf250-02.cnf,SATLIB,uf250,random_control,a3fe49cad4dae624669c9579b7ab7493ee6da68b443086aef26de903eec309f9,kissat,UNKNOWN,34.293409,False,8
uf250-020.cnf,SATLIB,uf250,random_control,8a5a04d1b4f99b3c22cd3141f307aa8e02f49dc0d88d3639ce099113e8073253,kissat,UNKNOWN,17.858859,False,8
uf250-021.cnf,SATLIB,uf250,random_control,35d5f8bf2c498ab8832fda7b558f6062044dd75af50202719c21ef9131822439,kissat,UNKNOWN,34.175799,False,8
uf250-022.cnf,SATLIB,uf250,random_control,b93ffe2a24c919ff6eddafa80ed639361beb0ce835079436bb7d350a0d1d32fa,kissat,UNKNOWN,17.907403,False,8
uf250-023.cnf,SATLIB,uf250,random_control,51ddc2a8c64c2a3d8bf6f8e202ec0ac055c528ca71673b2eea9c09aac91c2540,kissat,UNKNOWN,33.691261,False,8
uf250-024.cnf,SATLIB,uf250,random_control,0f9d1b299214ad5d1cc3d85ca9fb7461254560ae3a32b8c33dabf92f9d43ebca,kissat,UNKNOWN,34.241828,False,8
uf250-025.cnf,SATLIB,uf250,random_control,52a635bc4f6de79f5d4aa293d9a97641fa9b4dcc98c3159cdcbb47a6d8b4a0ce,kissat,UNKNOWN,18.954015,False,8
uf250-026.cnf,SATLIB,uf250,random_control,b1e2527e90dfcf18b752199cd41c5d6862b785938eb62aa0cee916bd6325cbd0,kissat,UNKNOWN,18.246145,False,8
uf250-027.cnf,SATLIB,uf250,random_control,c27bcf1d5bedb9ba5d66095dc122a74da690efcc3f2e67530400fbf510607da8,kissat,UNKNOWN,34.63754,False,8
uf250-028.cnf,SATLIB,uf250,random_control,644d95ef3e2cbbfe06b36260e91ca9ec30be91e0a9f7a425932f68c1a0f9716b,kissat,UNKNOWN,18.790224,False,8
uf250-029.cnf,SATLIB,uf250,random_control,00dfc294b36cd4f33209ddc00783129ead68578fbf4936304bae40001ef1f051,kissat,UNKNOWN,18.632188,False,8
uf250-03.cnf,SATLIB,uf250,random_control,0022237576c67588663920d463870e7b96fefe4c65055fd18538b7f311303817,kissat,UNKNOWN,20.376141,False,8
uf250-030.cnf,SATLIB,uf250,random_control,92e9aa74d0fa1e3d2a6f68a7d5de17c3c8dac232faa914a3cc7002bc7245b9fe,kissat,UNKNOWN,34.964526,False,8
uf250-031.cnf,SATLIB,uf250,random_control,e0e23d9e9642afedcecefbe5f9a8d2627b4a4c38b9f757494308157f978235a6,kissat,UNKNOWN,36.967352,False,8
uf250-032.cnf,SATLIB,uf250,random_control,3979be25f6537ae99fa31d199faf1f2e9a678bf8d1d6e9bf6c338080d0b0623a,kissat,UNKNOWN,35.729399,False,8
uf250-033.cnf,SATLIB,uf250,random_control,4452bb3d74712b557f34abb7e46b018a2736369f7e78fc6caa3b68ea37ec571d,kissat,UNKNOWN,35.46046,False,8
uf250-034.cnf,SATLIB,uf250,random_control,a7be31ab97b8d5ea7c0180a912592dbbf8dc729632b7b91af19aabab2461a922,kissat,UNKNOWN,36.056162,False,8
uf250-035.cnf,SATLIB,uf250,random_control,433015450296f7b62b863c809eec6a882c17e34a3df96cb9c164668d09370a0e,kissat,UNKNOWN,37.091196,False,8
uf250-036.cnf,SATLIB,uf250,random_control,b638ede6b4d41c222bcedb053c31af4f3f92dd38c712c6e95193ca13b712ca8a,kissat,UNKNOWN,36.264445,False,8
uf250-037.cnf,SATLIB,uf250,random_control,efe6a12fbf70d24c1104648cf7a4674dc634c622a7781f1e275f9137e55bbb32,kissat,UNKNOWN,36.636998,False,8
uf250-038.cnf,SATLIB,uf250,random_control,7bb2d51b42574047df1e517d444291dbefe43304a565ed4bfea12c3ca2bf4304,kissat,UNKNOWN,36.214512,False,8
uf250-039.cnf,SATLIB,uf250,random_control,16404460a8974c06ab9862971a9710580255b3a95d93a6d6233fe3a22a0d1d79,kissat,UNKNOWN,35.923464,False,8
uf250-04.cnf,SATLIB,uf250,random_control,3b3ad65d2f108bd14139364fef4ce7acc6003940243a73901aeb66e1c12971b0,kissat,UNKNOWN,18.919139,False,8
uf250-040.cnf,SATLIB,uf250,random_control,3cb3748469d788cd04dd847d5f1ff21a4bc06fd1b830ea4d92e0ea7db35cf7cb,kissat,UNKNOWN,35.794724,False,8
uf250-041.cnf,SATLIB,uf250,random_control,b4220200aa5fc1070bc37cbdf5b3038f5a626d52fdb0270d5db5ffd71ee484df,kissat,UNKNOWN,36.012115,False,8
uf250-042.cnf,SATLIB,uf250,random_control,d881f80a7a1eaaf5bb5da68ac337cd806d04b90b64011db698acddf2a1e2c80f,kissat,UNKNOWN,34.923564,False,8
uf250-043.cnf,SATLIB,uf250,random_control,514294406937d44bec0c763260d81d564e7b11cb63adab279154c14773621512,kissat,UNKNOWN,34.724524,False,8
uf250-044.cnf,SATLIB,uf250,random_control,6deedc39175853227f7e4bc7fe939bfc0229561ba7c2d29fbb2c0047b19b88d8,kissat,UNKNOWN,35.254839,False,8
uf250-045.cnf,SATLIB,uf250,random_control,b9e6eb680b8b63867cd6ae5e486f278da2666114d1d5406c7f4f2976c1c0887a,kissat,UNKNOWN,37.644908,False,8
uf250-046.cnf,SATLIB,uf250,random_control,9e690f52f4f860f6644c85d17b551c1b3ebff54c047e1d6f68f5ff89ce02b8c1,kissat,UNKNOWN,36.917439,False,8
uf250-047.cnf,SATLIB,uf250,random_control,93522eea085fc05a6592a65d355356eb25f8125de8ff5f972e24b81dfcab3cdf,kissat,UNKNOWN,18.722152,False,8
uf250-048.cnf,SATLIB,uf250,random_control,8e428e23f8e1de245d12ce672ab0b8f5d939dc7e84207a0cc4d3126a4da2d608,kissat,UNKNOWN,34.656942,False,8
uf250-049.cnf,SATLIB,uf250,random_control,8fbbb4ce1d18f75a961aa8db9d32cffde2636d90cdcc52f9e155015cd748e199,kissat,UNKNOWN,35.208461,False,8
uf250-05.cnf,SATLIB,uf250,random_control,63d5c4c44ab91af5da04a88c3d20d91aa3e5e5aff51d8fb89238b6bc97196d43,kissat,UNKNOWN,34.367729,False,8
uf250-050.cnf,SATLIB,uf250,random_control,ca8f2cc6196b9baa34f1bf5a2a4bb2d343686fe50153c6cf3c07bf687c6a7fca,kissat,UNKNOWN,18.578953,False,8
uf250-051.cnf,SATLIB,uf250,random_control,62b3d30f379af42dc1122ed0e3fb71659178b80bb09b98be3f3903c74c9ed339,kissat,UNKNOWN,18.907591,False,8
uf250-052.cnf,SATLIB,uf250,random_control,4be74fe4c6835f07b52a58769bcfe52ac1a1648dd49126781ed51eb04ec38ea1,kissat,UNKNOWN,34.46458,False,8
uf250-053.cnf,SATLIB,uf250,random_control,88f243116e770963bc1ea7de64e6b52dbd36b979a65509a46fc27d00771a235a,kissat,UNKNOWN,37.143775,False,8
uf250-054.cnf,SATLIB,uf250,random_control,064780f6a457684d959647d426779bc226838ef1cf4cec509da6a9d1876e04db,kissat,UNKNOWN,20.838084,False,8
uf250-055.cnf,SATLIB,uf250,random_control,a44dccc3bd15a9207c6cd9c06816140a32f50d0885816cad76b7f1f19453e72c,kissat,UNKNOWN,37.638145,False,8
uf250-056.cnf,SATLIB,uf250,random_control,b421c2db6f7fa0ecdec2666ad60c09f7e934ef3bc5fd6062dec3c8f97e7e4015,kissat,UNKNOWN,19.927161,False,8
uf250-057.cnf,SATLIB,uf250,random_control,10bdae5f67aa4f2c6fdb1f68ee8032f1e292d42d3f832f3c8db98044be9e4b00,kissat,UNKNOWN,34.210257,False,8
uf250-058.cnf,SATLIB,uf250,random_control,24fb7aebd41b2ebe911a9011de1e7639185253aee47bcf3a7f47245f693c211d,kissat,UNKNOWN,18.345229,False,8
uf250-059.cnf,SATLIB,uf250,random_control,096a94560c9edfab2becccb7ea84de4e1a74d423fcf1e304ce338ca88173cc2c,kissat,UNKNOWN,35.885886,False,8
uf250-06.cnf,SATLIB,uf250,random_control,158cc0eb6fc1fd63e4d9b075496f0446101093508bb9eb27e36903d065789a77,kissat,UNKNOWN,19.386084,False,8
uf250-060.cnf,SATLIB,uf250,random_control,a422a369cc1de067b6bd8996e56cf9d21a4d725a958b435456ecba87fea0a1b9,kissat,UNKNOWN,18.21345,False,8
uf250-061.cnf,SATLIB,uf250,random_control,69700a3e86c65cb74b964a4e2046a95d527a21b13500de8ca16bd81fde9f8c1a,kissat,UNKNOWN,34.442149,False,8
uf250-062.cnf,SATLIB,uf250,random_control,8294b5c44776a62c04496804b2edb8cd90e0527386c9ff7e79e9f56f0d49d116,kissat,UNKNOWN,18.144728,False,8
uf250-063.cnf,SATLIB,uf250,random_control,7db761ac923f8891eaa5afbbab4ecf4d31429a20cbc863cdb63785dd3032f23f,kissat,UNKNOWN,34.223261,False,8
uf250-064.cnf,SATLIB,uf250,random_control,ba609656a19baa7238b95a9bc76ac0847ddb6fcd0503309fbb3d8b1912c4ac92,kissat,UNKNOWN,35.534034,False,8
uf250-065.cnf,SATLIB,uf250,random_control,2457766381a6fbde688d9f592d8b0cfe7754449737e703a9a6deabb5fa2090f2,kissat,UNKNOWN,19.057862,False,8
uf250-066.cnf,SATLIB,uf250,random_control,c44c5f13c4a8a0e9a70c6d6710bb3ff1f7299c9347e0cebf1a1b1f8b6e58a806,kissat,UNKNOWN,34.81564,False,8
uf250-067.cnf,SATLIB,uf250,random_control,2056700691aec6d6b72129454e3cc32af84800a16792419ce53036b59e5dcf49,kissat,UNKNOWN,35.641858,False,8
uf250-068.cnf,SATLIB,uf250,random_control,84c8de390451c4a9009560f409415d188ffc77c6a1f4ed8a0e05c95cfd5932d2,kissat,UNKNOWN,35.324475,False,8
uf250-069.cnf,SATLIB,uf250,random_control,fcedcf3cab6ec86d58feac0b501564304d2c47090e59d353c45b34d10228daf9,kissat,UNKNOWN,34.956065,False,8
uf250-07.cnf,SATLIB,uf250,random_control,7d3ae29364c3206fefa133e93fe0eeaf4a89ca32fa79f82f90a0125dfcb07cc6,kissat,UNKNOWN,35.218503,False,8
uf250-070.cnf,SATLIB,uf250,random_control,b35ee3f8bab7c20acdbcd7d1b78664232d423a1bdcbe106aad4c589f3fc262fe,kissat,UNKNOWN,35.358966,False,8
uf250-071.cnf,SATLIB,uf250,random_control,ab11d31f67dcb67042de3299d39a7ce41026af68d1f1348d4965252ea4a34e5e,kissat,UNKNOWN,35.910968,False,8
uf250-072.cnf,SATLIB,uf250,random_control,6eaf1667a5f4553ecf63f0b4f202b85858e98bdd70bad40e49580f7bf33e2dce,kissat,UNKNOWN,37.927611,False,8
uf250-073.cnf,SATLIB,uf250,random_control,70c6bf493b6cfe12d1517840abd74947535507de5cb915d8953462494ff994c0,kissat,UNKNOWN,35.878389,False,8
uf250-074.cnf,SATLIB,uf250,random_control,6526a8f5498c0582a1df6181a33ac9a3966820fb43625d248869af29b4201efe,kissat,UNKNOWN,36.07704,False,8
uf250-075.cnf,SATLIB,uf250,random_control,38327cbaa2fbfb60dd15495cc3ee9fd32c0589d2b73ed6d099af289bded2850f,kissat,UNKNOWN,35.257645,False,8
uf250-076.cnf,SATLIB,uf250,random_control,156618274524861da7e8c78dab20a2191e1d00bf2fb38c36f0823080c01b6c7f,kissat,UNKNOWN,35.254956,False,8
uf250-077.cnf,SATLIB,uf250,random_control,4db1cb1c555e10e4f23a40834fda315c8367528eabcedaa98e138a1d967579f3,kissat,UNKNOWN,35.087734,False,8
uf250-078.cnf,SATLIB,uf250,random_control,3cea2e3af7bb6e5136f4542471a0725bdca2a5635ca1accd2bce0b28309a1183,kissat,UNKNOWN,19.968057,False,8
uf250-079.cnf,SATLIB,uf250,random_control,e49ad4d07271d18eb109eae5e515501ff3c91d117779093ad9585edffa2667cb,kissat,UNKNOWN,34.623918,False,8
uf250-08.cnf,SATLIB,uf250,random_control,7534c83caa856e3faa5af1122b0429e728ece19fb4e5e57aadd8e9fe0aec7251,kissat,UNKNOWN,34.911217,False,8
uf250-080.cnf,SATLIB,uf250,random_control,3e8d89ab97219bd1893d56e17687876d47b905b768df74d209d494b50ceddc86,kissat,UNKNOWN,18.867111,False,8
uf250-081.cnf,SATLIB,uf250,random_control,040eecf60505f51bc30b515260ced0be6b99cfc7ea659d1d393c5313fdb16c09,kissat,UNKNOWN,18.357111,False,8
uf250-082.cnf,SATLIB,uf250,random_control,95ebb85d9fda9dec9600274e7aad18b9d72851c068e2a849f161d65fa43bfc75,kissat,UNKNOWN,34.873577,False,8
uf250-083.cnf,SATLIB,uf250,random_control,f41b54ed8aaa9d4fbf67d149a8484a61db42dea487e63224fe289552bbe254c7,kissat,UNKNOWN,19.077539,False,8
uf250-084.cnf,SATLIB,uf250,random_control,64d83fa5bb4e992111abb30ccafdabfb1146813d7b76d6d1f54b641b15d07e90,kissat,UNKNOWN,35.623636,False,8
uf250-085.cnf,SATLIB,uf250,random_control,4bbf6503ccc9c4024e8a7171a9cade8ad929e619c7b5e90fefd47778b6205d1d,kissat,UNKNOWN,37.011415,False,8
uf250-086.cnf,SATLIB,uf250,random_control,0efeacb4649f9573a6df4a7db7436bd13d20538ea1f15b35831cec459c028358,kissat,UNKNOWN,34.231557,False,8
uf250-087.cnf,SATLIB,uf250,random_control,8b62e1edd1c32cce569850e7d625d1a675b0e3e41e269354c07826e8ec204612,kissat,UNKNOWN,34.92918,False,8
uf250-088.cnf,SATLIB,uf250,random_control,d7ce1b784dd7c4b1674630500b9e32eace50f269fa9a2dcc0ea920b3664bc091,kissat,UNKNOWN,35.044489,False,8
uf250-089.cnf,SATLIB,uf250,random_control,2e5866802e102c9d8cfc187267df90343bc269b6e5e9f79c8031f993d355cde6,kissat,UNKNOWN,35.377066,False,8
uf250-09.cnf,SATLIB,uf250,random_control,39a356cbfb76a8fdbd6918cc91ae62ef6c6846aa6b5bfa3401cf81a05bc8e609,kissat,UNKNOWN,37.268008,False,8
uf250-090.cnf,SATLIB,uf250,random_control,21161012cc89b0b6f580de47cf1f413c01a176a5516b5b4776d1cd2a37c5fe17,kissat,UNKNOWN,69.605857,False,8
uf250-091.cnf,SATLIB,uf250,random_control,a9200d6e376cb76e24e3e774c31052d56b245a9d81a5192685e69ce3e31c161e,kissat,UNKNOWN,68.570072,False,8
uf250-092.cnf,SATLIB,uf250,random_control,b53c6f06df89c03f81b6f145ae3bc4f9639b7dafacd0295ee8683844778f437f,kissat,UNKNOWN,68.338188,False,8
uf250-093.cnf,SATLIB,uf250,random_control,d920cf8457b8d92b22e106fc344acac9436803cd229e61ff327d008325e69693,kissat,UNKNOWN,38.894187,False,8
uf250-094.cnf,SATLIB,uf250,random_control,6b15495516833984ddf70f403f43267163b1721d783871fcf2bf7e8ef9478983,kissat,UNKNOWN,37.867856,False,8
uf250-095.cnf,SATLIB,uf250,random_control,d1dc92a4318fb41d240bd12f87ac22ba4b5abb89a8126e3cfbfc0a7c28861671,kissat,UNKNOWN,35.73239,False,8
uf250-096.cnf,SATLIB,uf250,random_control,9a25ec74cdf49267f3724063bc3a0399bf41e048788f1a3a0d145220be918e26,kissat,UNKNOWN,18.383074,False,8
uf250-097.cnf,SATLIB,uf250,random_control,fff67514b8614edf01cd7edc9769f71f2a944c9f8bf1dbb60d284e5c4e525c20,kissat,UNKNOWN,35.353641,False,8
uf250-098.cnf,SATLIB,uf250,random_control,f57d54f5ea6b989f3e50a90be35fb8f95e2cdbd9f0e7a73dd040bb412f7ba254,kissat,UNKNOWN,34.32175,False,8
uf250-099.cnf,SATLIB,uf250,random_control,41291bf176a9ef1905ed4ae285682aebb3316e356574abe8c52f00ad36a3773a,kissat,UNKNOWN,36.228495,False,8
uuf250-01.cnf,SATLIB,uuf250,random_control,5eca65eed2f222ad79fe3f2ef81fbc4f4d4cf387afacef7e23217798dbd172d9,kissat,UNKNOWN,34.40083,False,8
uuf250-010.cnf,SATLIB,uuf250,random_control,bafe88eee815aefb231056e12a3b993cca3518317672a94d5ce410077f2b12c6,kissat,UNKNOWN,17.933993,False,8
uuf250-0100.cnf,SATLIB,uuf250,random_control,0f6566373a5082450068344bb837003fb19b88c0e13c5eed04745b0cc365ef00,kissat,UNKNOWN,34.452247,False,8
uuf250-011.cnf,SATLIB,uuf250,random_control,c9de0c97c667ef35e2e8b80e8f4d982374c5ac89319c5d7d7d23a357377998a2,kissat,UNKNOWN,34.718918,False,8
uuf250-012.cnf,SATLIB,uuf250,random_control,e94e6272437a368a19d0f2ee331857de00332bdd0f5ede1b35a501765f0d51ca,kissat,UNKNOWN,35.703551,False,8
uuf250-013.cnf,SATLIB,uuf250,random_control,6e792bc59d613895b96f5e660cfbca2187f24db30eff76901cc44496c1e72037,kissat,UNKNOWN,34.519455,False,8
uuf250-014.cnf,SATLIB,uuf250,random_control,0e5e1c40126059b660b04175c9d63aa89f188f69ff083b3c718f4c5efbfa6deb,kissat,UNKNOWN,17.902737,False,8
uuf250-015.cnf,SATLIB,uuf250,random_control,b6f571b6ef004b86374a30a46c41fa6c2029bad1e2859bbc8747a045ec80cf3c,kissat,UNKNOWN,33.965715,False,8
uuf250-016.cnf,SATLIB,uuf250,random_control,7778597c58a11d5dd00d0bf5a3a3833dc05176806d5bb63de202752515ea4d41,kissat,UNKNOWN,17.813792,False,8
uuf250-017.cnf,SATLIB,uuf250,random_control,c34a52e86857cddff1b2ee431343df1cb9a43e5ac8f6661be591a38c505b4742,kissat,UNKNOWN,19.989152,False,8
uuf250-018.cnf,SATLIB,uuf250,random_control,b75226be58154b726974277be31d5e045fad4cb07dcc021f9489932acd328080,kissat,UNKNOWN,19.558496,False,8
uuf250-019.cnf,SATLIB,uuf250,random_control,b597759f7d6612278a4fd9d1aad6f7099ae34ccaa10b2788992651b060a486af,kissat,UNKNOWN,35.295004,False,8
uuf250-02.cnf,SATLIB,uuf250,random_control,0463949c6f1146a62a0023b1c4b9611103cb676c01387053a5b7900386009cb0,kissat,UNKNOWN,34.800379,False,8
uuf250-020.cnf,SATLIB,uuf250,random_control,e3960747ce4f64de0866847387ec042a74df5774a52a46788ef432514af147f5,kissat,UNKNOWN,36.695646,False,8
uuf250-021.cnf,SATLIB,uuf250,random_control,c60ffcd79986c8563de97221cc96f2c8e8a7acc39b2f5b9aed8a42f0e69d2659,kissat,UNKNOWN,37.675129,False,8
uuf250-022.cnf,SATLIB,uuf250,random_control,8af9cfbbe5c115ab98c2c78a18efafd5ae4a6c5974455c32ff775f06cf32dfec,kissat,UNKNOWN,35.363248,False,8
uuf250-023.cnf,SATLIB,uuf250,random_control,d1ef09095f9be773d21675d18595b6fcba5d8b13e58dd9a7386f3af61bface17,kissat,UNKNOWN,34.884854,False,8
uuf250-024.cnf,SATLIB,uuf250,random_control,39d3642ec6d632459f7ad0123bef8817a301e6f4a2976509c486c9b78086d44e,kissat,UNKNOWN,35.976693,False,8
uuf250-025.cnf,SATLIB,uuf250,random_control,3fdd8461f0276cacda33bd2ed6adcf5601559cb808183475ad1093e74e6f6438,kissat,UNKNOWN,36.518575,False,8
uuf250-026.cnf,SATLIB,uuf250,random_control,0fbb57da53d3148e503f3226547eaed62bf45f140a141470145ae0b3af261598,kissat,UNKNOWN,35.421253,False,8
uuf250-027.cnf,SATLIB,uuf250,random_control,2d0491f7c8d05452dc12dfa04ef9eabcf0eb524c1a0887274d1271306d59e3db,kissat,UNKNOWN,18.786513,False,8
uuf250-028.cnf,SATLIB,uuf250,random_control,4b19d17502ba04c011489813e2fb1a4e0be49717a43cf7df993c21af1da455ec,kissat,UNKNOWN,34.445184,False,8
uuf250-029.cnf,SATLIB,uuf250,random_control,730962ffe3d4befbd0fa1fbb9d78963177b0edd8b965d8916d4e00f5098afb0a,kissat,UNKNOWN,34.991936,False,8
uuf250-03.cnf,SATLIB,uuf250,random_control,71406693b300a9ba30cddfb5eb2977dfd80e5edc77b075002d4e6cccdce2c70c,kissat,UNKNOWN,34.654436,False,8
uuf250-030.cnf,SATLIB,uuf250,random_control,65b0ed455020340f236b6caf1519a6ac2c2cc43756273794e5f0d6af5cd8203c,kissat,UNKNOWN,19.058217,False,8
uuf250-031.cnf,SATLIB,uuf250,random_control,0925c2d943b8013442a5b3b6883bb5b53f6a0d1fd98ca591727991ebd30feea2,kissat,UNKNOWN,34.819909,False,8
uuf250-032.cnf,SATLIB,uuf250,random_control,8beeabf3fc0e04dd19bf10907dc571cbdfe658046cc3ef3d2e3d7bdf2f88a0a1,kissat,UNKNOWN,34.430244,False,8
uuf250-033.cnf,SATLIB,uuf250,random_control,181a723daccd9c77299ff1e50e25f3c91801d4bb71a96e57f8f15beec766493a,kissat,UNKNOWN,17.81434,False,8
uuf250-034.cnf,SATLIB,uuf250,random_control,a15f4a3d09a7d6c8f5d7bd7e8475d8f63a64b5083c91a30d96dd569da7c5aad9,kissat,UNKNOWN,34.471121,False,8
uuf250-035.cnf,SATLIB,uuf250,random_control,2b3fe9603427aa513703fd65175afb9925d3ab6dbc38b5c42553107fc43248fc,kissat,UNKNOWN,18.813176,False,8
uuf250-036.cnf,SATLIB,uuf250,random_control,5d5685260b1bf25f3e4918605fd08db49dc9701b15d8a4ab7b5aa44897868a85,kissat,UNKNOWN,35.387885,False,8
uuf250-037.cnf,SATLIB,uuf250,random_control,d464e27ffa2da072a830041ee2f04907788b866fc524349479fa37c3321167a9,kissat,UNKNOWN,35.833148,False,8
uuf250-038.cnf,SATLIB,uuf250,random_control,a8d4992f558030d91f4ce0bbb2e6ac047239db87d38b5019854f6d15f27d7b06,kissat,UNKNOWN,34.613931,False,8
uuf250-039.cnf,SATLIB,uuf250,random_control,52ac20d8ba5f8bf225da56d1434af2b84df6962ae6fa2fd37d7335bf9ffd14cd,kissat,UNKNOWN,34.755513,False,8
uuf250-04.cnf,SATLIB,uuf250,random_control,0518647868a1fef8faeb403492779d668dd1b85695ffe96903970811384ed45e,kissat,UNKNOWN,34.218784,False,8
uuf250-040.cnf,SATLIB,uuf250,random_control,16e40634ea6f7053de447f15ee6096e40afe810555a7d5418934342fb4f6ffc1,kissat,UNKNOWN,34.877588,False,8
uuf250-041.cnf,SATLIB,uuf250,random_control,3ee14163c6fc384497facd604f7aaef590cfa0f73094aa442e46f6ae31a31e2a,kissat,UNKNOWN,35.792222,False,8
uuf250-042.cnf,SATLIB,uuf250,random_control,432d91aa8b5039767c28a4fa4966ba3328143b7b0c6518228a76ad9c53266ce9,kissat,UNKNOWN,35.124725,False,8
uuf250-043.cnf,SATLIB,uuf250,random_control,fe3697e0c3e87d9801449c413d45ef7521aebd1be6babe17e0778d8a78a44df5,kissat,UNKNOWN,18.874114,False,8
uuf250-044.cnf,SATLIB,uuf250,random_control,dc39bab904e2b0b34bcdf8b9b91f1b3cc4ab20c1f535790ab899d19ea27aae91,kissat,UNKNOWN,34.561553,False,8
uuf250-045.cnf,SATLIB,uuf250,random_control,90e1722e167f9422bfa4827ad32b0eae1682ff31ba956b64c3caae6e2847a801,kissat,UNKNOWN,34.617125,False,8
uuf250-046.cnf,SATLIB,uuf250,random_control,90b17e95b43f57391a17ca2c7b3b235240f56852e81a8492b59e97da9f6fa7b0,kissat,UNKNOWN,34.73066,False,8
uuf250-047.cnf,SATLIB,uuf250,random_control,fdced3de83b28d273ca5d8f093f2249234b3a414427d63d8e80ff3691f603690,kissat,UNKNOWN,18.471682,False,8
uuf250-048.cnf,SATLIB,uuf250,random_control,beee0f13a08e502e6ea20501a4428604af1a4412811d20ae25cd6b0f251b3c5b,kissat,UNKNOWN,34.575989,False,8
uuf250-049.cnf,SATLIB,uuf250,random_control,d3a5ed0332facaa291f0dda89f045838c3e62c702c0a5e7e8333a93de2e3a6f5,kissat,UNKNOWN,34.228639,False,8
uuf250-05.cnf,SATLIB,uuf250,random_control,39ac1a24d09477873946094b81ede09a4f6f4a5b70abeac8c05537df43ca09a4,kissat,UNKNOWN,34.593624,False,8
uuf250-050.cnf,SATLIB,uuf250,random_control,d73dd5875898b88d5c7940e387441a38dee3ea9744c81c3986bf001bd456bc60,kissat,UNKNOWN,18.094046,False,8
uuf250-051.cnf,SATLIB,uuf250,random_control,dbfd1755883e7a7ac50d98351908b8b6bee493c5180d92944630c4335a2cebd9,kissat,UNKNOWN,19.30306,False,8
uuf250-052.cnf,SATLIB,uuf250,random_control,c0333989d57eea6ba43aa37d97c48e0f34eed92f2b4e73ffc44ead4f651d7aaf,kissat,UNKNOWN,34.721325,False,8
uuf250-053.cnf,SATLIB,uuf250,random_control,ba344226775c4913a308bb6a542a31d2cc8326b2d1212ab344db2d7827e11259,kissat,UNKNOWN,34.177788,False,8
uuf250-054.cnf,SATLIB,uuf250,random_control,e31c49078efe230ddc084673bb8c8cb810b572c92ae167f67b2e1ce60fc6d080,kissat,UNKNOWN,34.6818,False,8
uuf250-055.cnf,SATLIB,uuf250,random_control,e0763fefc03a842c5b1bbed490056d9cace5f02e138cff74a270c59c665bbcf7,kissat,UNKNOWN,34.544207,False,8
uuf250-056.cnf,SATLIB,uuf250,random_control,ff613ea82e6f09b7fc75ce2811b559d468b4a674d4c609dda73698a85ad47b29,kissat,UNKNOWN,35.608623,False,8
uuf250-057.cnf,SATLIB,uuf250,random_control,43a2edb75ac19d783d46be597437fd3741981649eea2d59dae1e3423a8d48724,kissat,UNKNOWN,35.703438,False,8
uuf250-058.cnf,SATLIB,uuf250,random_control,c259c25cf4837c927f50db165b669a9219c115631bafae03bdc01aa3e60b924d,kissat,UNKNOWN,34.904298,False,8
uuf250-059.cnf,SATLIB,uuf250,random_control,652d94c6b2be14c7c6e562e831781f19d75326de507b626688d254813387db2a,kissat,UNKNOWN,18.796457,False,8
uuf250-06.cnf,SATLIB,uuf250,random_control,819eb734d0d2c871d323fcc8fd8b62d670469eefa501865b3a1ab7b3bab8c7a7,kissat,UNKNOWN,20.103482,False,8
uuf250-060.cnf,SATLIB,uuf250,random_control,b27fa10111eeedd38794dad2ca991fd27cf3de2ad7ccad1ae7ea509a8d473f15,kissat,UNKNOWN,34.606677,False,8
uuf250-061.cnf,SATLIB,uuf250,random_control,7a1d1b1f84d51c49da9cb31e1469e9db1897abb1a36ccd02b35645828bbf71b4,kissat,UNKNOWN,35.235952,False,8
uuf250-062.cnf,SATLIB,uuf250,random_control,68efafe5e05f79513adb6b58bce9da9b5e53f67089466eed6838ed5ae84cb34f,kissat,UNKNOWN,18.775582,False,8
uuf250-063.cnf,SATLIB,uuf250,random_control,521e42f54e181f6b9f5b0517243e35680a99db1c3fe3fc62a0c8adf5b69e8325,kissat,UNKNOWN,18.451834,False,8
uuf250-064.cnf,SATLIB,uuf250,random_control,80518422c1cc1e71f38461f5cd44b89eb35f69f61565ed759853bf122942b2ac,kissat,UNKNOWN,34.321253,False,8
uuf250-065.cnf,SATLIB,uuf250,random_control,108b58d7a2c3496eb3a9ff8299fbaf6cfe8e8393d03cc3d749b82834ad3f61ee,kissat,UNKNOWN,35.6951,False,8
uuf250-066.cnf,SATLIB,uuf250,random_control,c4dc5677e4804ffdcc281818a7a19fcd86f8706a5951cc56539cceab9b9a6895,kissat,UNKNOWN,35.425166,False,8
uuf250-067.cnf,SATLIB,uuf250,random_control,530595cf57535156cd82ca19a2a5b6eaf663b86a920f5df4ea98a5b4e9ad9f57,kissat,UNKNOWN,35.130857,False,8
uuf250-068.cnf,SATLIB,uuf250,random_control,51ad65dead06b750214105dc70ded252d7732a27428aae4c33abb8057056f14e,kissat,UNKNOWN,18.743119,False,8
uuf250-069.cnf,SATLIB,uuf250,random_control,999402713378295e83090af7447257b6fe7f5bb1b937a89287540d9675e3e0be,kissat,UNKNOWN,34.723054,False,8
uuf250-07.cnf,SATLIB,uuf250,random_control,ec7f2b3208a05887aad2446430701e44c6dbf0afaaae3ab897471bdbaed81703,kissat,UNKNOWN,34.606069,False,8
uuf250-070.cnf,SATLIB,uuf250,random_control,04eb1fb038c4cb692d7ce6085e98f92e813d185e147c062fc82e442794b3e4ba,kissat,UNKNOWN,34.702082,False,8
uuf250-071.cnf,SATLIB,uuf250,random_control,3b90124ff21d4b431d2c8985a8c96a7fc4de70be8d3de37d0430ac450d792b13,kissat,UNKNOWN,34.372604,False,8
uuf250-072.cnf,SATLIB,uuf250,random_control,6c4414f99e27e46f8866e48118644802865eb692768af93189d41b5798074cb3,kissat,UNKNOWN,35.437031,False,8
uuf250-073.cnf,SATLIB,uuf250,random_control,41b4955cb43c8bf2e44129a2cccc600cb4a554431fa41ae47341cf7c08b4ef2a,kissat,UNKNOWN,18.131607,False,8
uuf250-074.cnf,SATLIB,uuf250,random_control,ad2965f0ff42cd2c790ef27112b844143306f7e3a1b31a50f4befe296c16a173,kissat,UNKNOWN,35.995924,False,8
uuf250-075.cnf,SATLIB,uuf250,random_control,c2d774fe624572c394a8b35caa26e0a874aea541c9f1b93b371faca3a8d4db96,kissat,UNKNOWN,36.787059,False,8
uuf250-076.cnf,SATLIB,uuf250,random_control,dda24536062e840329df672d0ea0501c8b1bd9d7e776a2c04c20283897021f90,kissat,UNKNOWN,35.207111,False,8
uuf250-077.cnf,SATLIB,uuf250,random_control,b86b552ad41422fcf5d84080ba5b56a3b9e64862699ddf78d39656bb553b0c13,kissat,UNKNOWN,35.814254,False,8
uuf250-078.cnf,SATLIB,uuf250,random_control,e93de7e035f88cca9e16e6ff907d6827fd0a49940e0db5f46e04aa07725e7df9,kissat,UNKNOWN,35.909325,False,8
uuf250-079.cnf,SATLIB,uuf250,random_control,7be06b1bfecb6c628027b562b20f1e291ceb86c27e61b524a0516c5594d40679,kissat,UNKNOWN,35.935008,False,8
uuf250-08.cnf,SATLIB,uuf250,random_control,c8cb9aedb824d94b6b57f51d70b888927e97dab9df94311f53e5ec98a7477da2,kissat,UNKNOWN,35.782676,False,8
uuf250-080.cnf,SATLIB,uuf250,random_control,ed6c9b8073fbb7b3607ccd611713d38f7b514c8c693c2bef48fbb94485bdf478,kissat,UNKNOWN,35.675364,False,8
uuf250-081.cnf,SATLIB,uuf250,random_control,ca9cfa464c9c519463ce67dfb80a0f73a2ed1feb3c163e5fd7d9c7bd14725aa7,kissat,UNKNOWN,35.865456,False,8
uuf250-082.cnf,SATLIB,uuf250,random_control,7dbc28640b5849335c8e4c6a73d0267c8f2ad7915e262d6d183cd21da2cb9263,kissat,UNKNOWN,35.156469,False,8
uuf250-083.cnf,SATLIB,uuf250,random_control,d205aacdce7ca7d35db38514d3d0105f8a92fb089342359021fd715b829f9634,kissat,UNKNOWN,34.771798,False,8
uuf250-084.cnf,SATLIB,uuf250,random_control,e1e02a4ae246083777a3b3abdc143dab0a0fc8405bd3acea21fccf3adcaf89df,kissat,UNKNOWN,35.121119,False,8
uuf250-085.cnf,SATLIB,uuf250,random_control,1026e03b998cdfee07a99b700a589fe1e162a43e60a561a2a0cb5be5e29fe40c,kissat,UNKNOWN,20.137693,False,8
uuf250-086.cnf,SATLIB,uuf250,random_control,03c2634da8bb59a76838683aeb76247d692a622ca721b04e87997b7a92d38ae8,kissat,UNKNOWN,35.38422,False,8
uuf250-087.cnf,SATLIB,uuf250,random_control,9cd29b14557317cee107b60c5127f0296f188391f7ca85ad53ea5b949b6af00f,kissat,UNKNOWN,18.639648,False,8
uuf250-088.cnf,SATLIB,uuf250,random_control,318be84a9495fc6564c39617c386eefbc16e9060d6db5ff1f2e6758c4120c121,kissat,UNKNOWN,34.628919,False,8
uuf250-089.cnf,SATLIB,uuf250,random_control,36a083d00f60ab7d2e045ef001ed0357818b239a27af225a7b3b39b47c65102e,kissat,UNKNOWN,19.145889,False,8
uuf250-09.cnf,SATLIB,uuf250,random_control,65da3eb68e31cf3395cf8cfe52398a90dbb1dc1565e43480b343d606f6b8ce80,kissat,UNKNOWN,35.400207,False,8
uuf250-090.cnf,SATLIB,uuf250,random_control,2bcb9c4a8c0db5aff3e7b77f9d6d756165f98e003b43690eb1be7c72f947dbed,kissat,UNKNOWN,34.981312,False,8
uuf250-091.cnf,SATLIB,uuf250,random_control,bc3506e0a39cd4983cb48cf3326af60674427ca2be6f0cb6e15d3faad4718c5b,kissat,UNKNOWN,18.115543,False,8
uuf250-092.cnf,SATLIB,uuf250,random_control,eaa1e518aafd9fe457a6e3764fca08caf27144db37ca84871164f8c44e8b3523,kissat,UNKNOWN,34.758926,False,8
uuf250-093.cnf,SATLIB,uuf250,random_control,98b542c0c53bc3fc2fe22ea81234bd500923a80ea63f26e408a33c3d64be95a1,kissat,UNKNOWN,19.366274,False,8
uuf250-094.cnf,SATLIB,uuf250,random_control,b9e4e8e077695b55e38cb7ea75a9c409f1e1e09b10bd35f3f06959ebf13914ef,kissat,UNKNOWN,34.902305,False,8
uuf250-095.cnf,SATLIB,uuf250,random_control,3c986fc7010084bf94efb8ff3e2c610366f7e570d86fd58f3ce18c8bcc879d99,kissat,UNKNOWN,18.617564,False,8
uuf250-096.cnf,SATLIB,uuf250,random_control,8c65c2253e51b3e7a2bf6d7fc208b60283e2b64e8d3e43fd992c8a0e87e8c932,kissat,UNKNOWN,18.839736,False,8
uuf250-097.cnf,SATLIB,uuf250,random_control,be8002911de805a2496652997fffdba6717efcd38f2bd8d5359650314f731ded,kissat,UNKNOWN,34.87362,False,8
uuf250-098.cnf,SATLIB,uuf250,random_control,4fa4629f1354c2a2ea0992c18a41eefa92f22ffc3147a2d21d9f522df5f02ff7,kissat,UNKNOWN,35.124322,False,8
uuf250-099.cnf,SATLIB,uuf250,random_control,b1c6936f3d18de547d3a385f3004f3ad3eb5d4640ba75468a1b485d80c6b3f2d,kissat,UNKNOWN,35.531655,False,8
uf200-01.cnf,SATLIB,uf200,random_control,8f5b229572f5b99ae9a317f3c147fb2c3430685b861d91ee77d0acc5e1381c5d,kissat,UNKNOWN,35.407388,False,8
uf200-010.cnf,SATLIB,uf200,random_control,1ce97de27a50e3de01cdee2a2f4fe747a6b3c675cd2676b27beca17d8861ef64,kissat,UNKNOWN,18.373845,False,8
uf200-0100.cnf,SATLIB,uf200,random_control,e6628041124718954745ad024a86edbcfc07926676acf335d3d7f9a9b7262c75,kissat,UNKNOWN,34.737118,False,8
uf200-011.cnf,SATLIB,uf200,random_control,bcb10897b0c80dd30e15deeb2393405442f19e3b2948fd9d5037dce797580702,kissat,UNKNOWN,19.676818,False,8
uf200-012.cnf,SATLIB,uf200,random_control,660d9cdf8241b30db1ebede3604d724069ff2369c1a2aeb7cdcad9990195e92f,kissat,UNKNOWN,34.654709,False,8
uf200-013.cnf,SATLIB,uf200,random_control,e122c88795edbef805aafbf499215858a989fd93714ed3ce162f64aa1f5be216,kissat,UNKNOWN,34.463036,False,8
uf200-014.cnf,SATLIB,uf200,random_control,e37169b4c96a4bc4ffd5159d319b412c56b6cbb381fd28da27374af48e9aa02b,kissat,UNKNOWN,35.41762,False,8
uf200-015.cnf,SATLIB,uf200,random_control,f6be32408ba7dd648abbaf55e9043ece4d1502a42ba85555455e3901b309d2db,kissat,UNKNOWN,35.471692,False,8
uf200-016.cnf,SATLIB,uf200,random_control,5967d2f7b396288f5759173c7d748c66d391edbafc7d2276c16b12a287fb19f0,kissat,UNKNOWN,18.204104,False,8
uf200-017.cnf,SATLIB,uf200,random_control,f767fb8a0fe9a0f80fe9d2b3dda7f33ebe1c0f5565c89ad4ea481f42d0422a2a,kissat,UNKNOWN,35.387449,False,8
uf200-018.cnf,SATLIB,uf200,random_control,f98a669dca0801426bec819631dda651b2e880e82b7d2d3e23474c412129e55d,kissat,UNKNOWN,36.344967,False,8
uf200-019.cnf,SATLIB,uf200,random_control,493e834a73bd37209b63eb7fa2cbb6e6c831927ae3854fd531bfd82821891731,kissat,UNKNOWN,36.177101,False,8
uf200-02.cnf,SATLIB,uf200,random_control,64c5462278b331edac601fe27a36e24cb6ee0b06f11093f33d28a6d607809a98,kissat,UNKNOWN,34.991747,False,8
uf200-020.cnf,SATLIB,uf200,random_control,49fb1f74429cb15a11d6a6fddde5c8b2d99defb5269ff83fd3af03325adf9295,kissat,UNKNOWN,19.048049,False,8
uf200-021.cnf,SATLIB,uf200,random_control,9a23ebb9821b53c8e58aff2750b47058496cd1b3588cd20559bcc9bd88b5a993,kissat,UNKNOWN,35.172518,False,8
uf200-022.cnf,SATLIB,uf200,random_control,8c89b10735dd2d6ae0e007394e385024564642ee84ff84664da45a311be6ca42,kissat,UNKNOWN,36.405898,False,8
uf200-023.cnf,SATLIB,uf200,random_control,c4307f2eab07073165998926a403604c54fa73cc6b290ec8beb75d1f6a64b666,kissat,UNKNOWN,37.030346,False,8
uf200-024.cnf,SATLIB,uf200,random_control,c5bb76df8120e5302e83af8b527a8d3ede2da5318f813aeb95dbd2d5dfb8ded9,kissat,UNKNOWN,38.446611,False,8
uf200-025.cnf,SATLIB,uf200,random_control,2a632da9b00dca95f1ede0f106e27bbd05ee1c10f0e1c5375ab1c67e66c61865,kissat,UNKNOWN,35.816767,False,8
uf200-026.cnf,SATLIB,uf200,random_control,5e0336144cff047256b38bb80d1575f52cfe4263ec209694ffb606b9239dd385,kissat,UNKNOWN,36.332961,False,8
uf200-027.cnf,SATLIB,uf200,random_control,60917f8093f97713446d2039010882a8fedad673561809c0eb04bb82412439a1,kissat,UNKNOWN,34.980079,False,8
uf200-028.cnf,SATLIB,uf200,random_control,cf04c3ef6a63d3df36ede9980f9b611486156986f80789853b70e7784fea67fb,kissat,UNKNOWN,37.203326,False,8
uf200-029.cnf,SATLIB,uf200,random_control,5ffbc7d9c5b76061365ef01fe2c6671d40f4485eec52d9d2743d777180f867dc,kissat,UNKNOWN,38.443715,False,8
uf200-03.cnf,SATLIB,uf200,random_control,9ac541b05e1984675d80ed1498470a6222c8ce9b8c193bf877a1e528a54967a8,kissat,UNKNOWN,35.487976,False,8
uf200-030.cnf,SATLIB,uf200,random_control,cb9c0c7214a21c969deb2656de783770ffe16f5fbdc453000dbbf8cd970f0b80,kissat,UNKNOWN,35.632091,False,8
uf200-031.cnf,SATLIB,uf200,random_control,a542ea9207023b8ec76bd1394884a6b782a5bcecc4a9ff0b897e606b335c1307,kissat,UNKNOWN,34.687311,False,8
uf200-032.cnf,SATLIB,uf200,random_control,370c6e744d63c4ee58417f472052cbc063d70b5ce6d9d05b131903ebe527a0a6,kissat,UNKNOWN,35.759418,False,8
uf200-033.cnf,SATLIB,uf200,random_control,b452f942a24675cd84a07b9cdca0d924902f3f817d63f81642638b584bf7e86a,kissat,UNKNOWN,37.442637,False,8
uf200-034.cnf,SATLIB,uf200,random_control,ce7280194f031a2cd18b3cb54362d6ecfb7590853765aa14cd4cfac047bdb6bb,kissat,UNKNOWN,35.648449,False,8
uf200-035.cnf,SATLIB,uf200,random_control,21e31f90fcbd8113972f7d29426c632b9619d327757ca737b660604ee4208a6f,kissat,UNKNOWN,34.699402,False,8
uf200-036.cnf,SATLIB,uf200,random_control,75fc61dfef9defbd7703ac67817be8ede6a860f3ec79d96af04e2874c4040e3b,kissat,UNKNOWN,34.943694,False,8
uf200-037.cnf,SATLIB,uf200,random_control,18a57fff9c121f3bbb7b75c0520fca37e598e2b527819769f1e0d93e0bd17d91,kissat,UNKNOWN,34.932449,False,8
uf200-038.cnf,SATLIB,uf200,random_control,89998b7a5006fcd2253bc6d4cc1ae18b3149f93f003140c6e27b231823381936,kissat,UNKNOWN,36.431372,False,8
uf200-039.cnf,SATLIB,uf200,random_control,7ed259487fadb1aa6317a9e016fad69128e9d45418e6a525cd7648c947cc99d4,kissat,UNKNOWN,35.038344,False,8
uf200-04.cnf,SATLIB,uf200,random_control,6f6ad046df30422731eeb16aa69c9f056d21bb87749d033a4084ce965aced747,kissat,UNKNOWN,34.486872,False,8
uf200-040.cnf,SATLIB,uf200,random_control,0aa72653c0203750ab5b6149a36185700716a79bc2df888ff3015274fc61c9e7,kissat,UNKNOWN,17.942993,False,8
uf200-041.cnf,SATLIB,uf200,random_control,bc55da22a74e4ac41176b7bca8a8c420196acccb5d8fecd3ff4738c824dc0d1f,kissat,UNKNOWN,34.976453,False,8
uf200-042.cnf,SATLIB,uf200,random_control,7b4530eaf75f339216704823d15f92ed9e9419f43c54e3266bb48e3503d05a4a,kissat,UNKNOWN,18.98694,False,8
uf200-043.cnf,SATLIB,uf200,random_control,79453abac59d199c69cc6a65312de91896bebe587ef59515023f0114f21a1bb2,kissat,UNKNOWN,34.814392,False,8
uf200-044.cnf,SATLIB,uf200,random_control,83c348d01d52a879b31c69ec3789415cc60667876e2b6fb6445472911923adc9,kissat,UNKNOWN,18.090824,False,8
uf200-045.cnf,SATLIB,uf200,random_control,875d0d1cb2bdfd645a158876ec826b65f2239fedefd242266bf42493372df9d4,kissat,UNKNOWN,34.609262,False,8
uf200-046.cnf,SATLIB,uf200,random_control,4c8de4ca3641c44d6aa7adcd5f8cb74a3b25c5bdce66ba88b81dcc09b452338d,kissat,UNKNOWN,34.588733,False,8
uf200-047.cnf,SATLIB,uf200,random_control,cd1c5726d404ef3579b526c67497e76c3ebb7d1693b4af60e301d7e35e06e7e3,kissat,UNKNOWN,35.548586,False,8
uf200-048.cnf,SATLIB,uf200,random_control,fee3a8d9a9015ceb04ad7ff596dc0b708f8cdc80f8416d8291ebe0f9aae464bc,kissat,UNKNOWN,18.493569,False,8
uf200-049.cnf,SATLIB,uf200,random_control,90281819cba523397a70bba77bc2bc42e24c732e5a54a0bede3f0183496840be,kissat,UNKNOWN,34.890302,False,8
uf200-05.cnf,SATLIB,uf200,random_control,180b926d062abf529e4670470a87ac68305f363e3b10e12c0d6bb144cb2c9240,kissat,UNKNOWN,35.134002,False,8
uf200-050.cnf,SATLIB,uf200,random_control,1cf5d95af0d9bc3e79dcfac89eca6c156ed3329511a391e216b5571e8b2bdf6f,kissat,UNKNOWN,35.068649,False,8
uf200-051.cnf,SATLIB,uf200,random_control,5715c99304a55357d05e1399ddb5b07ab1fa50422de77599e92d0c8b29480fa0,kissat,UNKNOWN,34.572871,False,8
uf200-052.cnf,SATLIB,uf200,random_control,42280614473ac510d208bfaaffa37440e5b9e4f650ab35ab7c444c940e5836f0,kissat,UNKNOWN,18.064824,False,8
uf200-053.cnf,SATLIB,uf200,random_control,c2b0dd1fc2cadce3145ab361e78a6170a0f7c3353800994c41271a454fab12b1,kissat,UNKNOWN,34.090362,False,8
uf200-054.cnf,SATLIB,uf200,random_control,421464f1dcffe08461c8d24190968795ee18a94d5ea01660074cae03c7ae2f70,kissat,UNKNOWN,34.476914,False,8
uf200-055.cnf,SATLIB,uf200,random_control,d875673002982336d93e79e85c1c04d1b0302da7143192b41be67c753d490c09,kissat,UNKNOWN,37.512691,False,8
uf200-056.cnf,SATLIB,uf200,random_control,9acaa8488dbafc7942a9e7ab566acfe719e8e61751ef4ad0a5570d00a7aee562,kissat,UNKNOWN,20.19507,False,8
uf200-057.cnf,SATLIB,uf200,random_control,70f7d21ca0b3203d214a5ccb41f9a7793ff5be2fd9cb556990464bf484dd34a7,kissat,UNKNOWN,34.718819,False,8
uf200-058.cnf,SATLIB,uf200,random_control,a09735ddd5499172d97f8180c284cbbf5a74b277f79c5077bc8db5ae194e1eb2,kissat,UNKNOWN,35.225054,False,8
uf200-059.cnf,SATLIB,uf200,random_control,61e54eca5637eb5048004dba3a2324adf9f386ed7bc0ea6788131a503269f352,kissat,UNKNOWN,34.702583,False,8
uf200-06.cnf,SATLIB,uf200,random_control,7bf03d878acce98100b6eeb0d31918de72710c984111bd67cc75c24ad93a3ca3,kissat,UNKNOWN,34.743006,False,8
uf200-060.cnf,SATLIB,uf200,random_control,d0853f93c009354c5537d274ec189d7950469a4d303edf45bd84538ab9bbf9b1,kissat,UNKNOWN,36.961077,False,8
uf200-061.cnf,SATLIB,uf200,random_control,c9c1da59903a9a3254af4c64fe66d92a449e78127236b0de64dceb80d908954c,kissat,UNKNOWN,34.917935,False,8
uf200-062.cnf,SATLIB,uf200,random_control,00977c4fb171d4533c0db1f320261584d3d25f43d04fc161f76ccdb8ec2b85c2,kissat,UNKNOWN,34.683728,False,8
uf200-063.cnf,SATLIB,uf200,random_control,91f21fdadb7a929e88fa813855bbb588b9c1cdfc7a055f96c40c456c2ee8e022,kissat,UNKNOWN,18.498869,False,8
uf200-064.cnf,SATLIB,uf200,random_control,1d5d8f27fee9940c5aae27daf692d7fa3259d3748a9a56e08d4597602dc745f4,kissat,UNKNOWN,34.487927,False,8
uf200-065.cnf,SATLIB,uf200,random_control,156478c2ac02d3b245b72501ee4faab79b0078321d2537066e6a1848ff2031cc,kissat,UNKNOWN,34.612667,False,8
uf200-066.cnf,SATLIB,uf200,random_control,fbd8003f4eb88c99ac77a2458fd6f435cc5766d9bc69acd6d997fce5de36b297,kissat,UNKNOWN,35.022504,False,8
uf200-067.cnf,SATLIB,uf200,random_control,7d2849e0d7de344ea8f8dd4b6425f66095f420faea3d71fd3ec2edb810833465,kissat,UNKNOWN,35.572672,False,8
uf200-068.cnf,SATLIB,uf200,random_control,6d3494505873a4feabd9519073b18d44641c5222633f0430537e2e2f9bafb888,kissat,UNKNOWN,18.750687,False,8
uf200-069.cnf,SATLIB,uf200,random_control,0ab38df19982d103d7e9c3a5ed5bf1723278b4b5694abef6239d9a115741978f,kissat,UNKNOWN,36.205209,False,8
uf200-07.cnf,SATLIB,uf200,random_control,16a58504b7b44975dfed1f1c7307143a8c2b58c65abc4eaac7fb453a88d69760,kissat,UNKNOWN,34.430448,False,8
uf200-070.cnf,SATLIB,uf200,random_control,a00b1b5d289bbd92381f28a6f531509d2a1afb3b1045842e4ea074390816df4d,kissat,UNKNOWN,34.630033,False,8
uf200-071.cnf,SATLIB,uf200,random_control,3165db94bd8b58fbf1b2d38b6cb36916fe62c0f5418feb4a644f46eee97f6f5e,kissat,UNKNOWN,35.486429,False,8
uf200-072.cnf,SATLIB,uf200,random_control,c47c11d3dbcc6f439995df2216e843f7bee8311debcc7c448687407ab4e82c79,kissat,UNKNOWN,18.357437,False,8
uf200-073.cnf,SATLIB,uf200,random_control,2ce98bbc03eecf8a7e9721bea2da6d89c9d2d50db234fe0cd8b241377598816c,kissat,UNKNOWN,35.247579,False,8
uf200-074.cnf,SATLIB,uf200,random_control,dc2f2cbe2d7587b70449f1fddb55dda8a3ce1323d012ec9a7f7a04587daae407,kissat,UNKNOWN,34.901714,False,8
uf200-075.cnf,SATLIB,uf200,random_control,a2725e83b8024983563de9a939ccd8687c05162ebf3da4554669b5f8cfaa77c2,kissat,UNKNOWN,19.030887,False,8
uf200-076.cnf,SATLIB,uf200,random_control,8e9682170a9838b5c8d5ee36b9e5f7b5b61fda01216076a9f3ecc02f3a699d34,kissat,UNKNOWN,36.043282,False,8
uf200-077.cnf,SATLIB,uf200,random_control,21034cb3f7041296c17c446d0e692e97dbbd10b760ef2b87fe3fc9fbb9306e18,kissat,UNKNOWN,18.678884,False,8
uf200-078.cnf,SATLIB,uf200,random_control,d5a8187208117acdebd0aaae234c95dadf1c7961a22a4496dd5ed3092a553931,kissat,UNKNOWN,35.444467,False,8
uf200-079.cnf,SATLIB,uf200,random_control,ab3719377c73402f6d94d5574abcbcf228dbeba7df9250b04ad9fe08d7225223,kissat,UNKNOWN,45.115941,False,8
uf200-08.cnf,SATLIB,uf200,random_control,6b264de53e61ad8e3f23df5f9d93c5247de08208cb40abc83b91aa57b229dc91,kissat,UNKNOWN,36.078929,False,8
uf200-080.cnf,SATLIB,uf200,random_control,9e2fedc1caf3137087d29495c91d4b604a5ffe64c47ad1c8c2ff7949182401cc,kissat,UNKNOWN,37.186566,False,8
uf200-081.cnf,SATLIB,uf200,random_control,2dbfb7e7143d428182b7fb6797af41a8b6dd87b063f315c59604ad8620b1d6b8,kissat,UNKNOWN,68.039711,False,8
uf200-082.cnf,SATLIB,uf200,random_control,050c53924c787350d1f8f23549ed39ec9a76c3d4775205c236d80057dd270d6e,kissat,UNKNOWN,36.923817,False,8
uf200-083.cnf,SATLIB,uf200,random_control,6862b8ea731b16a7ba7f96128c50dff50944e66f0c2cc246fa063315da77d8eb,kissat,UNKNOWN,38.847159,False,8
uf200-084.cnf,SATLIB,uf200,random_control,fb075d0b99906b02fd52baa1c2fd6b9a6d9406743b43f776868babf347d2d3e0,kissat,UNKNOWN,39.077331,False,8
uf200-085.cnf,SATLIB,uf200,random_control,ae056a036fb944c77de0049dd7e241cb341a9af2cf1d072e053e8166b06b83fc,kissat,UNKNOWN,39.836773,False,8
uf200-086.cnf,SATLIB,uf200,random_control,5b6273ab1beb807e904a39d6267e7a102b8559f63b3fd88b16dfe6a2ee7eb4da,kissat,UNKNOWN,34.665032,False,8
uf200-087.cnf,SATLIB,uf200,random_control,7139e24aadbbc96e64ceddb2096b071b541adced839b423f767c4020e11d43c3,kissat,UNKNOWN,19.532022,False,8
uf200-088.cnf,SATLIB,uf200,random_control,49a71c43116bfe48b95e5afa4988b28d065f89517efbfd5982b3d15aa95cf36a,kissat,UNKNOWN,36.488842,False,8
uf200-089.cnf,SATLIB,uf200,random_control,e3ecff43e9769e248cbffde5b57368e96b2c31eec5d515509ed1d9c5d8616ffa,kissat,UNKNOWN,35.824822,False,8
uf200-09.cnf,SATLIB,uf200,random_control,41108e5396c38ebd2b019d8c32523791e3cf6a5e59b2a2dbc1e6629e4068e54e,kissat,UNKNOWN,37.155208,False,8
uf200-090.cnf,SATLIB,uf200,random_control,67ffe2ecd4123ee1b183581e7af682b961f3dcf0ea9fd665a1ef923ed5e659f9,kissat,UNKNOWN,34.768475,False,8
uf200-091.cnf,SATLIB,uf200,random_control,3852c0581d1ab380ff31588ad08969dea8d247d8e43b21757a65275459b724f6,kissat,UNKNOWN,18.273742,False,8
uf200-092.cnf,SATLIB,uf200,random_control,8ec9e14b8489d884c5e961411b190ff47b13a10f72ce0fdf54d45d4dc66e7f63,kissat,UNKNOWN,34.8191,False,8
uf200-093.cnf,SATLIB,uf200,random_control,70e9ae3d7906910ae9fd43fbfc94ce699c45f103bf454a4ddc8cbc5ebe6449b4,kissat,UNKNOWN,19.906692,False,8
uf200-094.cnf,SATLIB,uf200,random_control,291f8b3cb2d58c58984eaa89b9b82e9c501f90551358292a5962316063b7e2bb,kissat,UNKNOWN,35.544196,False,8
uf200-095.cnf,SATLIB,uf200,random_control,f028a26d71b4f6b8ec5ab88c042790cbdeedab5f7bf7d1560bcc8cf33df565cd,kissat,UNKNOWN,34.905254,False,8
uf200-096.cnf,SATLIB,uf200,random_control,ab4a574659c8a8eb121477c73172faf49eea5bb465dfa806cf5d4f323a984141,kissat,UNKNOWN,34.792317,False,8
uf200-097.cnf,SATLIB,uf200,random_control,9f869f20e9d9c8c330c1da978063b688f68a3b1723d479a8c1dd717b33472874,kissat,UNKNOWN,34.730977,False,8
uf200-098.cnf,SATLIB,uf200,random_control,87ce00c4f3f11584d8117ce63fc3baeb7f94c391932c09f20ff7b305495a36c4,kissat,UNKNOWN,35.638689,False,8
uf200-099.cnf,SATLIB,uf200,random_control,dce26ddc18aaed7bf4366ba90a3d8680c58d6a241dd38c801b20948c9a067b72,kissat,UNKNOWN,18.961938,False,8
uuf200-01.cnf,SATLIB,uuf200,random_control,371122644c8627b9bb8b651a4879493ae0afe05d8555071415e5cea34ff221b1,kissat,UNKNOWN,34.335586,False,8
uuf200-02.cnf,SATLIB,uuf200,random_control,2b67cf7662c78de8fe5d595322539230817006e5de9bd762667388434610ae91,kissat,UNKNOWN,34.951972,False,8
uuf200-03.cnf,SATLIB,uuf200,random_control,69267bce54ca019003be192b7f3d904dbf0e1c8e4ae4ce1c56ba576365e2cd21,kissat,UNKNOWN,34.204943,False,8
uuf200-04.cnf,SATLIB,uuf200,random_control,269848b0c0ba549dbfe3e59499e226dec89c42e62bc0135a54f32c768be79880,kissat,UNKNOWN,36.243276,False,8
uuf200-05.cnf,SATLIB,uuf200,random_control,7a2c9ba3c523517799104056e436516ee616e219f118198fa16c352f77cd0cfb,kissat,UNKNOWN,34.593193,False,8
uuf200-06.cnf,SATLIB,uuf200,random_control,039b32ed6a364146b71d057924cdd6a6d963bb908961c3eaa2652fd5eb951b2a,kissat,UNKNOWN,35.21194,False,8
uuf200-07.cnf,SATLIB,uuf200,random_control,0a1c4567e471777c9a5834e1066d1c386bd0a270be537f2ad93c3cc5beb5a3a5,kissat,UNKNOWN,35.871891,False,8
uuf200-08.cnf,SATLIB,uuf200,random_control,36b5073ff1ffee0e7a0e213be4c93fca8dac729e22d55b921792e21e45f9c2ee,kissat,UNKNOWN,36.270792,False,8
uuf200-09.cnf,SATLIB,uuf200,random_control,a03feee5c9869a67d3db871e72c60c8170be1afcd7eec7a6a8092a8809884192,kissat,UNKNOWN,20.969804,False,8
uuf200-010.cnf,SATLIB,uuf200,random_control,4784c304467918126a9ac0c7f1cea9eff9eb9c7f6977594bf3e3c7c2bed51998,kissat,UNKNOWN,35.377773,False,8
uuf200-011.cnf,SATLIB,uuf200,random_control,8a8d76e3668838622ba4e243d4454c9a5fc755482db96c6a362494b8e9cedf74,kissat,UNKNOWN,34.90754,False,8
uuf200-012.cnf,SATLIB,uuf200,random_control,95b8e1f92f3329212af0323eeb5fdfaee4fb7aa6ba29aeb291197ea314558529,kissat,UNKNOWN,35.348356,False,8
uuf200-013.cnf,SATLIB,uuf200,random_control,91435f7a500fe345298d47824091b424abf7b57cbd4d5ad9c408175be5f64318,kissat,UNKNOWN,34.838791,False,8
uuf200-014.cnf,SATLIB,uuf200,random_control,fd4bc4345768f1943556ef23a52eab13cec9e6dec1df2cfebe374ce25f0a8deb,kissat,UNKNOWN,18.455811,False,8
uuf200-015.cnf,SATLIB,uuf200,random_control,edca63cd5e6c5e69dc04575f80be3700e5991ed65f235cd19749201598eb94ca,kissat,UNKNOWN,35.11834,False,8
uuf200-016.cnf,SATLIB,uuf200,random_control,dacd62c9d57ecaf5044cb2cdbf7f8eb9245a0e894a2803a57a72713388f0cf10,kissat,UNKNOWN,35.114017,False,8
uuf200-017.cnf,SATLIB,uuf200,random_control,62de8c6d11e57b2b00b6ed2123d41c16b9ecc2f9dc3cf73a31d23c8c9e9756fc,kissat,UNKNOWN,36.128891,False,8
uuf200-018.cnf,SATLIB,uuf200,random_control,d8388b3aeb5fbd0dcc2cbbfd36b8a447c8804cf921bca2d9a4f0d215811418ef,kissat,UNKNOWN,34.414363,False,8
uuf200-019.cnf,SATLIB,uuf200,random_control,9d5bcc05d74a78c05b714725b739567f73eb5036db7c5a3ef5a3e299a12389a9,kissat,UNKNOWN,35.153655,False,8
uuf200-020.cnf,SATLIB,uuf200,random_control,027d1df0fa026ac839b87a1cb7201016425f3e81bfd65ad67dcf7cefc4a3b72c,kissat,UNKNOWN,18.583152,False,8
uuf200-021.cnf,SATLIB,uuf200,random_control,a4f0be34abfcefe1f36762a1922af1d84952a6986928f157224bf1efff5705db,kissat,UNKNOWN,35.218068,False,8
uuf200-022.cnf,SATLIB,uuf200,random_control,372cb737832452f33b466b12b6c07d25936bcb3c18e0a27c4bc501fcd11e19c3,kissat,UNKNOWN,34.795844,False,8
uuf200-023.cnf,SATLIB,uuf200,random_control,c5a1eecbe9b7d531b1518d9f920bb65aa3e69d56d4dfebe41bec21d46b2ddd95,kissat,UNKNOWN,18.820216,False,8
uuf200-024.cnf,SATLIB,uuf200,random_control,32439b2adbc8cee72a4eafd9524485e974493c144d1e17e86994cf5c5c80102e,kissat,UNKNOWN,18.591089,False,8
uuf200-025.cnf,SATLIB,uuf200,random_control,7404b7bbdb960f05dae642dcedb3d81c8d78e036d99231d925c9b803026f0796,kissat,UNKNOWN,34.586829,False,8
uuf200-026.cnf,SATLIB,uuf200,random_control,c75b881f0974ff19c8f50860262d68d5ad8c7ddf7794a9e1bfddb6f4cc9fc65d,kissat,UNKNOWN,34.874494,False,8
uuf200-027.cnf,SATLIB,uuf200,random_control,824d98f7abdddd7f2581040c6f5597a096ac222e242ca5ba15c0334b8733ed4f,kissat,UNKNOWN,35.32005,False,8
uuf200-028.cnf,SATLIB,uuf200,random_control,f4833f0a06f7672d7d0aab3711f5918c62186b354d0da4ec95b7cfd5b16d5738,kissat,UNKNOWN,35.856607,False,8
uuf200-029.cnf,SATLIB,uuf200,random_control,6c70896c9831445e1a9804559f87a441d5ad09174fdc311325879b90ec5969f7,kissat,UNKNOWN,35.752777,False,8
uuf200-030.cnf,SATLIB,uuf200,random_control,b00237f162b5a2caf909e955a13f8f1f14e240c65f36852b55dfef93bd8ba06b,kissat,UNKNOWN,34.653847,False,8
uuf200-031.cnf,SATLIB,uuf200,random_control,2364f4b71e7dcc2dad0ac0cd0173ceb8b088461b3644e50b822422c8de6179e5,kissat,UNKNOWN,35.336508,False,8
uuf200-032.cnf,SATLIB,uuf200,random_control,4e9588f10fa83444d89e8254cdc1fcc06b1d955f77ab6828a25029b9c07c4a81,kissat,UNKNOWN,36.186231,False,8
uuf200-033.cnf,SATLIB,uuf200,random_control,46e1d49152d1849b14b4b4172f0d6202a024989138cc15f83559b1857db305f9,kissat,UNKNOWN,37.048051,False,8
uuf200-034.cnf,SATLIB,uuf200,random_control,4573aec149d4d7079c175d170ddbe25b914bc03c7939452810ebb5e7824bb0e8,kissat,UNKNOWN,35.138283,False,8
uuf200-035.cnf,SATLIB,uuf200,random_control,31180c5edaf8e5beeb3fd367777d6bc1661c73d18805e646cd119074456a7503,kissat,UNKNOWN,35.347385,False,8
uuf200-036.cnf,SATLIB,uuf200,random_control,83a65483cd1052298ec47248e6411df192e91878946d958595a986b1de787161,kissat,UNKNOWN,35.949483,False,8
uuf200-037.cnf,SATLIB,uuf200,random_control,4c268c4ba30da614504486eb99d7425dbe64aefb744b065eaf8ccfe846ec452b,kissat,UNKNOWN,35.472014,False,8
uuf200-038.cnf,SATLIB,uuf200,random_control,9636f5cb3c58f58a86e9088efc6baeb6e37e204539d5e7d4b8f15b7ee3605c76,kissat,UNKNOWN,36.274851,False,8
uuf200-039.cnf,SATLIB,uuf200,random_control,05855b0c4dbee05dbd9d549ca9510d87d7eae64d6556f1739c5f1c2907c6a6c9,kissat,UNKNOWN,36.987547,False,8
uuf200-040.cnf,SATLIB,uuf200,random_control,7e7ef777b866aa69044ebfb62cfc02131b16383facbf4c49a617bdcc8661799a,kissat,UNKNOWN,34.578408,False,8
uuf200-041.cnf,SATLIB,uuf200,random_control,90489a9169425284d845b3ff2af9ce693591a2773fd6d78e79dc09ba9aaae482,kissat,UNKNOWN,36.003376,False,8
uuf200-042.cnf,SATLIB,uuf200,random_control,9a8bcb0ffb2ea421291b9ed2fe90ad2e370fe3264dc3a579798dac5e8097b9c4,kissat,UNKNOWN,35.310617,False,8
uuf200-043.cnf,SATLIB,uuf200,random_control,f37694bb6d9af9d3f73936af5d4451b2c1a4a05f6adfe38501bf40b34a948a92,kissat,UNKNOWN,34.849519,False,8
uuf200-044.cnf,SATLIB,uuf200,random_control,f04f294e105a9b4f3f61e747d232e0137f7faab5513d39c28d3164e79702efc0,kissat,UNKNOWN,35.173496,False,8
uuf200-045.cnf,SATLIB,uuf200,random_control,be2d6ca23cd51e109218923aa136ac01b929499bf104401e522339f238166dc8,kissat,UNKNOWN,34.522917,False,8
uuf200-046.cnf,SATLIB,uuf200,random_control,0b2e7ee4da2244ec222979d2031f71aaef84736b2f9ac8ab09542168c28c4bfa,kissat,UNKNOWN,35.193941,False,8
uuf200-047.cnf,SATLIB,uuf200,random_control,7ba87fcaa1bec643435f5115a88f66e3191753639ebd4705117b9b88c037278e,kissat,UNKNOWN,35.577368,False,8
uuf200-048.cnf,SATLIB,uuf200,random_control,14d732e8b40238af1ed2fb193066bf7dc9453c75be950745d52ddec23d3ba8fd,kissat,UNKNOWN,35.771992,False,8
uuf200-049.cnf,SATLIB,uuf200,random_control,d8f55067ebde6af1484d6a362345addd8b22dc102a95e94d5801500a75758a33,kissat,UNKNOWN,34.95525,False,8
uuf200-050.cnf,SATLIB,uuf200,random_control,08e33dbac56f5db7edb3f8b51b262d9a0cbce4668c78d27e8b5f56dd6437ed81,kissat,UNKNOWN,18.605563,False,8
uuf200-051.cnf,SATLIB,uuf200,random_control,0738b4c3f72e9235083c47ad97ae3fce1f2d9ac16474042feb27f59e8836fd14,kissat,UNKNOWN,35.147859,False,8
uuf200-052.cnf,SATLIB,uuf200,random_control,3d48e0e67028867e0eebe1220dba8e0385902a712dde13bcc6e862ea996fbfdc,kissat,UNKNOWN,36.440893,False,8
uuf200-053.cnf,SATLIB,uuf200,random_control,c27430d191e1b93aa3f6a93301f73be6581135a3756aeabcf4804968b70d0274,kissat,UNKNOWN,35.811366,False,8
uuf200-054.cnf,SATLIB,uuf200,random_control,2c5f289eef0334034748c6e889b03ba20f3a3d6c78bba9d7597623bb931928f4,kissat,UNKNOWN,35.709236,False,8
uuf200-055.cnf,SATLIB,uuf200,random_control,ef7608aed4c15134c9a066f8f021590c27586e671bda4f41c0eb35e4cb83cd32,kissat,UNKNOWN,20.287516,False,8
uuf200-056.cnf,SATLIB,uuf200,random_control,0e040136bc0487c869b92dd07ea0d63f5b98a5caa62fab964959305631b75a6e,kissat,UNKNOWN,34.60979,False,8
uuf200-057.cnf,SATLIB,uuf200,random_control,15abf9ed7159fb086ba05edba7b8ae716df6553851c1201d677a10251f6f2b7c,kissat,UNKNOWN,35.254773,False,8
uuf200-058.cnf,SATLIB,uuf200,random_control,8e1c408031e545337b638c22f50a8ba52c0b0fd793fd68c51ace43c7bfb13c46,kissat,UNKNOWN,35.449029,False,8
uuf200-059.cnf,SATLIB,uuf200,random_control,ad146ac0a41309166db31efd6312b9ece78187e01484bae621f1e7d6d270abac,kissat,UNKNOWN,18.813441,False,8
uuf200-060.cnf,SATLIB,uuf200,random_control,866be5c2e04463e3c4b13371b85fc9901e7ba2733f5640f234b088df9836ac56,kissat,UNKNOWN,34.652715,False,8
uuf200-061.cnf,SATLIB,uuf200,random_control,f80111fcf1404229a932fe53eed7307b7eb9e6411a6a2745dcd8e7358cffc780,kissat,UNKNOWN,35.291172,False,8
uuf200-062.cnf,SATLIB,uuf200,random_control,f75ec3fe6c3cb513d172082eeb5f85b5d90296ab643ea260408c710571c15a6f,kissat,UNKNOWN,35.594402,False,8
uuf200-063.cnf,SATLIB,uuf200,random_control,c264e7518f71381d94095bbbdd42c77baea51d2e0d19981c63160c581fb211d2,kissat,UNKNOWN,37.33633,False,8
uuf200-064.cnf,SATLIB,uuf200,random_control,4ffa20885701f773340402c5a6c3b1341aa6734e98d9eaa98341b7b96cf2c493,kissat,UNKNOWN,35.631128,False,8
uuf200-065.cnf,SATLIB,uuf200,random_control,71701b3802e4bdca8f20b01800fdf75464394de2a991624078b6699f84979f42,kissat,UNKNOWN,34.913517,False,8
uuf200-066.cnf,SATLIB,uuf200,random_control,ddb1114ff5c2f5341e4197e46f73d20152515743df4f6391cc7ed0384b9be8b6,kissat,UNKNOWN,34.839511,False,8
uuf200-067.cnf,SATLIB,uuf200,random_control,69ed53a5c6248aa57d5092961104496b719e47d51c6ef2d30f60408cf49762b7,kissat,UNKNOWN,19.437615,False,8
uuf200-068.cnf,SATLIB,uuf200,random_control,b05ae3008471d0ddce9e80a61cf6e50a327a8293533be2f740f6cbcb0728218d,kissat,UNKNOWN,18.481061,False,8
uuf200-069.cnf,SATLIB,uuf200,random_control,e14ed11ed03153678929dc8338037d52e1c322b9559311676cf0ca20f76fe0d0,kissat,UNKNOWN,36.134078,False,8
uuf200-070.cnf,SATLIB,uuf200,random_control,455412867eecb72ca254cfb3385a5ac8ae5a9c57ea50f0f6398f2b812cd144f6,kissat,UNKNOWN,34.97608,False,8
uuf200-071.cnf,SATLIB,uuf200,random_control,2532bbe611020cd33b56c1c93ef198d390fade5633418be2e4fe11b57b332f9a,kissat,UNKNOWN,35.969656,False,8
uuf200-072.cnf,SATLIB,uuf200,random_control,1502926cce863197669ce96b322a2f52eca8ab2d366e143a1d0a9514d1bf0793,kissat,UNKNOWN,35.8234,False,8
uuf200-073.cnf,SATLIB,uuf200,random_control,89a624cdd4e35e0ba101171bfefbfcaddd4fa86ab2b30ff9ad448d8447697101,kissat,UNKNOWN,35.039923,False,8
uuf200-074.cnf,SATLIB,uuf200,random_control,e617f9f7f82f3230199db5fbce97598137509bfcaff935b760f7795beb21e56a,kissat,UNKNOWN,35.20061,False,8
uuf200-075.cnf,SATLIB,uuf200,random_control,7d6b2683c1368c42cacc2957901f05ccdab8c82efb3231abc23a4b66e25d7fc2,kissat,UNKNOWN,34.780048,False,8
uuf200-076.cnf,SATLIB,uuf200,random_control,4f9e7dfc8721587bae7cd3560c081fcd2ba1a80f89f6c4bff13dd05fbe67e64b,kissat,UNKNOWN,35.342177,False,8
uuf200-077.cnf,SATLIB,uuf200,random_control,092d429e4959b887b2cc99692b33ce9c72d336c84000d6f721fcdf6b515344d7,kissat,UNKNOWN,34.460843,False,8
uuf200-078.cnf,SATLIB,uuf200,random_control,b8ad7e240793372d77b29089795369277daf3fdc06b38b33c08518556d30c8ba,kissat,UNKNOWN,18.666471,False,8
uuf200-079.cnf,SATLIB,uuf200,random_control,fd4624b6a96e51b5263f59587da52dbc2b0adecf38d7981f2ee6562e1ba3b3c4,kissat,UNKNOWN,34.856774,False,8
uuf200-080.cnf,SATLIB,uuf200,random_control,78c518d612ccf2d5c4da95615ea2ac42915f7428cace2ac2b5dc6b2bcb259656,kissat,UNKNOWN,35.208566,False,8
uuf200-081.cnf,SATLIB,uuf200,random_control,4bab991cf9e7f943f867071f733f0294eaf8985b7f551e850aedc75fdb709ca9,kissat,UNKNOWN,34.331044,False,8
uuf200-082.cnf,SATLIB,uuf200,random_control,bdce5c166d4f88d357c7e713b536ced61a7aa145f94ecd27f72a499f62819641,kissat,UNKNOWN,18.285512,False,8
uuf200-083.cnf,SATLIB,uuf200,random_control,e3349287c2e8c1d11e9a7334449168d886a2f11bf518e877eff344ecdd18333a,kissat,UNKNOWN,18.35957,False,8
uuf200-084.cnf,SATLIB,uuf200,random_control,81a923d77267269ee27ad89b1718aabf7235b5cdb55a03648572117c8fa64c95,kissat,UNKNOWN,34.596123,False,8
uuf200-085.cnf,SATLIB,uuf200,random_control,fd430cb064f53c29eff57008ea7927c37d267080a486b984280c8e206c1366af,kissat,UNKNOWN,18.533882,False,8
uuf200-086.cnf,SATLIB,uuf200,random_control,6c51809d6c11df2ec5c2d8010aaece4a9e69f374634f14582aac582872116646,kissat,UNKNOWN,34.459968,False,8
uuf200-087.cnf,SATLIB,uuf200,random_control,f620309e2e5729f0cf0a4ef4e1687bbe1e6137f90040accf02466fc9cc92ab6f,kissat,UNKNOWN,19.75355,False,8
uuf200-088.cnf,SATLIB,uuf200,random_control,32d88d451dc21d5629800d8e570baa5850be04988946f817143a7423dd16f8e2,kissat,UNKNOWN,34.535519,False,8
uuf200-089.cnf,SATLIB,uuf200,random_control,47c45802c03d3496f83a70861d730825d326fa31d89bc6a16416af0bcf1eb554,kissat,UNKNOWN,34.253381,False,8
uuf200-090.cnf,SATLIB,uuf200,random_control,981f59f084d5778c140c05e877e20fbcd3b13a494a0bb98393cd1296d23994fe,kissat,UNKNOWN,17.927847,False,8
uuf200-091.cnf,SATLIB,uuf200,random_control,5504aaa56caffa2ac91adaf15de9e32cb82e37cd198316c6041c92282207ea5b,kissat,UNKNOWN,18.279639,False,8
uuf200-092.cnf,SATLIB,uuf200,random_control,0e3db0aa4c34a177a8094223722543ff37d50747f34b36c47a6200427955630a,kissat,UNKNOWN,34.087033,False,8
uuf200-093.cnf,SATLIB,uuf200,random_control,91b6a2052f3b0bcf01f7f427cab3574259557abd2c239ec912be339b49f9db82,kissat,UNKNOWN,33.926413,False,8
uuf200-094.cnf,SATLIB,uuf200,random_control,c0b6fa7c26b79e604419a23e51b536325101d51b2ab7f6a3b8650ba1cd445374,kissat,UNKNOWN,18.353411,False,8
uuf200-095.cnf,SATLIB,uuf200,random_control,9712beb318e7ffa7d3e81b67537a6d3047006bacdc75fce115d7c491a9249912,kissat,UNKNOWN,18.98421,False,8
uuf200-096.cnf,SATLIB,uuf200,random_control,a25f902c8b3c9cd6b87485c651ef0364d43fc9803e0817778790b9d7cbee6ef9,kissat,UNKNOWN,19.416444,False,8
uuf200-097.cnf,SATLIB,uuf200,random_control,4e1106242ea92965f77bbc2b718467c63f9f2b4d327fdab9f28a80024ddb8f31,kissat,UNKNOWN,34.725078,False,8
uuf200-098.cnf,SATLIB,uuf200,random_control,3c6a9993290d977f11b7128c057da2ff6d4eabacee16dbd2ba7d4ec80e7c01ff,kissat,UNKNOWN,34.501569,False,8
uuf200-099.cnf,SATLIB,uuf200,random_control,9cc7797e3d19d9ffa4e682e8dfc454987f4800a19fb7b8ab9fb0ea8752ead7c6,kissat,UNKNOWN,18.704886,False,8
002.cnf,SATComp2024,main2024,competition_main,d349391f5804d8ef1db50e3c11841619a430b1767456b25a234890169178703a,kissat,TIMEOUT,60040.078751,False,8
004.cnf,SATComp2024,main2024,competition_main,065ffd0cbdebb593293c8c1dd1a9d311067c65daa20d092711514d2128468b37,kissat,TIMEOUT,60039.231406,False,8
1-ET-256-K-55.sanitized.cnf,SATComp2024,main2024,competition_main,d16de17aa95a6b48cf1bd4e4ebd7ad8094dd6ed296330a61d9799fa388916375,kissat,TIMEOUT,60059.202838,False,8
1-ET-256-K-70.sanitized.cnf,SATComp2024,main2024,competition_main,433205713840cf659c1540da8a59e72ef5c0c0c184adb84998e7336871ba1848,kissat,TIMEOUT,60033.214063,False,8
1-ET-512-K-110.sanitized.cnf,SATComp2024,main2024,competition_main,78af56da663e6102837ab9cb383871f063eae5367f1ab73083f3ed24748d3362,kissat,TIMEOUT,60040.787821,False,8
1-ET-512-K-96.sanitized.cnf,SATComp2024,main2024,competition_main,7fc79978bee7343d4a998e6e3d21a216185d28eaacb3b6e0f386d2b487455f93,kissat,TIMEOUT,60035.610776,False,8
1-TC-256-K-64.sanitized.cnf,SATComp2024,main2024,competition_main,15ee7f15c261239784b41c2476da690c6350913719b78e8c4d8d0045f3c56913,kissat,TIMEOUT,60032.495517,False,8
1-TC-256-K-68.sanitized.cnf,SATComp2024,main2024,competition_main,2f8e1f598b570f86b84994e6a9d9df66d0452708cf0fef069dd477ef7d6a767e,kissat,TIMEOUT,60055.443375,False,8
1-TC-256-K-71.sanitized.cnf,SATComp2024,main2024,competition_main,859e23561b64651ef155c73f116a89802dc9a8ce1e28783d257b3c3d60904bb9,kissat,TIMEOUT,60058.100903,False,8
1-ZC-512-K-60.sanitized.cnf,SATComp2024,main2024,competition_main,40556bcafab63ef64f401e454cfa7ab02e4a7a4be3ea7ca59960b11e5768949c,kissat,TIMEOUT,60056.498249,False,8
1-ZC-512-K-61.sanitized.cnf,SATComp2024,main2024,competition_main,286cf4f2a2514d8425bfcdd1f3f9e16e091c83a05f3aaf8b7438c160c2d73193,kissat,TIMEOUT,60020.771176,False,8
1-ZC-512-K-63.sanitized.cnf,SATComp2024,main2024,competition_main,faefca60e7514b0eb52403aa41cbfb1f35b6aa383004b2dcc2d1138737342335,kissat,TIMEOUT,60008.394982,False,8
1-ZC-512-K-64.sanitized.cnf,SATComp2024,main2024,competition_main,1cc75582eac0952a43da60738bc3d85cc25255bceaa7db2737e762afcc58ac2b,kissat,TIMEOUT,60048.973209,False,8
1-ZC-512-K-65.sanitized.cnf,SATComp2024,main2024,competition_main,b633e9bd19bdf9634382a31ba44ed9ea27fcb58730635fcb2939e1bde7086e62,kissat,TIMEOUT,60015.365631,False,8
1-ZC-512-K-67.sanitized.cnf,SATComp2024,main2024,competition_main,ce95cc615b14895f3785b1b097ed938bfa800b0fed93610d7ba5b22f4d4df83f,kissat,TIMEOUT,60007.179171,False,8
170058440.cnf,SATComp2024,main2024,competition_main,3bb04cc0e949fef4d2de76228b4980fb2f91da14cf819ce394c94e1fc1e87dc0,kissat,TIMEOUT,60057.847896,False,8
2dlx_ca_bp_f_liveness.cnf,SATComp2024,main2024,competition_main,2bd42992b9096bb83b0051559968f8c7b4a1eeb33e6b0fb62637c0e9653a58c4,kissat,TIMEOUT,60012.094162,False,8
6s130-opt.cnf,SATComp2024,main2024,competition_main,23b57bb29aadbd48157686c7ddc0f5f2172a0fe1e9b42a82fc5b6fb010ffd422,kissat,TIMEOUT,60061.816214,False,8
6s167-opt.cnf,SATComp2024,main2024,competition_main,aa4e60999169807861cc464d809d6f9aab6547d8096c56cfb18f90ea7869bf3b,kissat,UNSATISFIABLE,1725.320156,False,8
Break_08_24.xml.cnf,SATComp2024,main2024,competition_main,07bd5783f72508875b81075784d0e7e8b21ac5b375c7883ae4c9805f2458ff5a,kissat,SATISFIABLE,873.94422,False,8
Break_18_32.xml.cnf,SATComp2024,main2024,competition_main,73c7ea409341ef013874307f6456114e7063b5e2ee8d9ac57ef59b8ca44827df,kissat,TIMEOUT,60014.074535,False,8
Break_20_72.xml.cnf,SATComp2024,main2024,competition_main,7d33557db97e477229eaee5f188305550e5eb4f071a430964df191921abd1488,kissat,TIMEOUT,60010.47695,False,8
Break_triple_20_36.xml.cnf,SATComp2024,main2024,competition_main,8a7c11bb85cfcf01fd8e45be24d3244087b9437334ca6bca3222ec46a0b44564,kissat,TIMEOUT,60055.267037,False,8
Break_unsat_04_03.xml.cnf,SATComp2024,main2024,competition_main,aed7edcd62b4d925b1f84c3cbe025a079ff7713eea1cc8c4fdce78ed519cd3f1,kissat,UNSATISFIABLE,117.764283,False,8
Break_unsat_06_07.xml.cnf,SATComp2024,main2024,competition_main,8c94b7be135467462330cd4819c1d2acdbabd2c7f9290a6c53409186021a4bbf,kissat,UNSATISFIABLE,2329.412757,False,8
Break_unsat_14_23.xml.cnf,SATComp2024,main2024,competition_main,16bb46179f714b6174a1c6c3144adce31cec2719a17693a1748318c91a58945a,kissat,TIMEOUT,60017.714233,False,8
Break_unsat_16_27.xml.cnf,SATComp2024,main2024,competition_main,04ff7b5d94be1ccbff07e4108287b439ec0f2976b9a8e9ad7a653665207988b8,kissat,TIMEOUT,60011.91805,False,8
Break_unsat_18_31.xml.cnf,SATComp2024,main2024,competition_main,29c539f0d8e4d5b38405c8ef52319cea2d195c89375fd78d7240908e774cd274,kissat,TIMEOUT,60089.599317,False,8
Circuit_multiplier22.cnf,SATComp2024,main2024,competition_main,6daa489c3fff5f3319822b8195dc6e1c4e1ed20246c8190b969f322df84f4ee7,kissat,TIMEOUT,60037.611059,False,8
DLTM_twitter774_83_17.cnf,SATComp2024,main2024,competition_main,d9a175de15fb7e0315c7e6115b2430166b3e376c3db9b61356550f3f27f51929,kissat,TIMEOUT,60010.258162,False,8
Dodecahedron-k7.cnf,SATComp2024,main2024,competition_main,38eb4adc813cf17df040afa06a582ad0924c00e162b50873a43bf17fd0cd7e44,kissat,TIMEOUT,60059.514011,False,8
EDP3-11000.cnf,SATComp2024,main2024,competition_main,b34a5eb5648c869292f956733bd3fe26550456e7ead96da55d00bc188c69c557,kissat,TIMEOUT,60059.912102,False,8
ER_400_20_4.apx_1_DC-AD.cnf,SATComp2024,main2024,competition_main,f0c541a1fa7ff82765218c09c825eb1df6c050b1ddafa637ce80218767e2aef1,kissat,TIMEOUT,60055.492762,False,8
ER_400_20_4.apx_2_DC-AD.cnf,SATComp2024,main2024,competition_main,aa81edfd81cbca8cbab9c9e090333b95a823836cd0c2e3455cf04a1d5df965d6,kissat,TIMEOUT,60058.345591,False,8
ER_400_20_4.apx_2_DC-ST.cnf,SATComp2024,main2024,competition_main,be688a85d2971733acd1d3cfa3dec587070d57b2a3f7180e6367142680596396,kissat,TIMEOUT,60016.008147,False,8
ER_400_20_7.apx_1_DC-AD.cnf,SATComp2024,main2024,competition_main,9f0d08c9b77c9e63ec1ddc6f1bf49eb29fa0d0e5e185d00b8c5cf231a4cec842,kissat,TIMEOUT,60046.555443,False,8
ER_400_20_7.apx_2_DC-AD.cnf,SATComp2024,main2024,competition_main,b62464f3875846657c697c82cfdd1acc4c8561e2a6a370e52bd1252ea5ca1d8e,kissat,TIMEOUT,60012.921627,False,8
ER_400_20_7.apx_2_DC-ST.cnf,SATComp2024,main2024,competition_main,93043cc152e65a20284b7141f9276d59632bfdc1047de15c3b01e1724ccff35d,kissat,TIMEOUT,60011.42449,False,8
ER_500_30_3.apx_1_DC-ST.cnf,SATComp2024,main2024,competition_main,f12afa8f3d3d3f91d526b4563608061c1f1531cc02b61844597d2d379a4f7f9c,kissat,TIMEOUT,60015.2388,False,8
ER_500_30_3.apx_2_DC-AD.cnf,SATComp2024,main2024,competition_main,dc85602884b659d5c9278b63b3f724ccfba8a63d2e26f8d0209885c7ebdbac31,kissat,TIMEOUT,60029.057494,False,8
FmlaEquivChain_4_6_6.sanitized.cnf,SATComp2024,main2024,competition_main,476dff1a32c119467e51d108cb733cb93a57fb9716b6ae0b7d50697bcb3a6004,kissat,UNSATISFIABLE,44842.519975,False,8
FmlaEquivChain_4_8_8.sanitized.cnf,SATComp2024,main2024,competition_main,7a8630a6d7cfb83916914e84fa2eeabf799aac981518b7e6aa4844e44ee34ffb,kissat,TIMEOUT,60010.300945,False,8
FmlaImplyChain_3_7_7.sanitized.cnf,SATComp2024,main2024,competition_main,17ce2b8ff886510c7b4f8fdbdb2c385eb0de539d5aae15a35d0212b1bf45b6db,kissat,TIMEOUT,60016.812905,False,8
FmlaImplyChain_3_7_8.sanitized.cnf,SATComp2024,main2024,competition_main,89d2c28ed9ea8f162692c1a008fffca4bdd88580716d9419bcbdcfb30aedfe4c,kissat,TIMEOUT,60022.101367,False,8
Folkman-175-1251868.sanitized.cnf,SATComp2024,main2024,competition_main,ae0b99d37d69510dfae2a276d128c1cbd3fff53306a4f3fae73237e163d5877a,kissat,TIMEOUT,60029.205982,False,8
Folkman-175-7416734.sanitized.cnf,SATComp2024,main2024,competition_main,68e88852758ffa36e39b09d7bef0451b12250990e6323e058bbf915972ecf2ee,kissat,TIMEOUT,60057.914563,False,8
Folkman-175-9054056.sanitized.cnf,SATComp2024,main2024,competition_main,937788dfec7b2b6cbc54841c5f301252b91864553e75b51818dc13611098069d,kissat,TIMEOUT,60053.003523,False,8
Folkman-180-11710376.sanitized.cnf,SATComp2024,main2024,competition_main,27640eed957a02fbe063d61094ace9678701c70dcd29a8b09a4fc466d64ff80f,kissat,TIMEOUT,60056.388127,False,8
Folkman-180-5383714.sanitized.cnf,SATComp2024,main2024,competition_main,c2787ba7ae21a9717a9c6d6602feae27472e41c2025446186b679e198e91f938,kissat,TIMEOUT,60042.474008,False,8
Folkman-185-152478531.sanitized.cnf,SATComp2024,main2024,competition_main,eea7d82da5659537462c92383138afa160334e263fb43779a00b4bfa8dddf0e5,kissat,TIMEOUT,60044.738416,False,8
Folkman-185-19924337.sanitized.cnf,SATComp2024,main2024,competition_main,2fc3bb6463e7325185d54b800a8f9784037bcf91a3eb69f7eda06bd0d775147f,kissat,TIMEOUT,60051.563689,False,8
Folkman-185-75415683.sanitized.cnf,SATComp2024,main2024,competition_main,0a2380005ce7cf0b725c9bc87b84e10538338c47b747b95044bba7d713fa5a3b,kissat,TIMEOUT,60013.024798,False,8
Folkman-190-104806020.sanitized.cnf,SATComp2024,main2024,competition_main,27c52fc07668baeef97ebd8ef614a5d5b572376343dd01be35822954d6e6283b,kissat,TIMEOUT,60054.856234,False,8
Folkman-190-358004741.sanitized.cnf,SATComp2024,main2024,competition_main,43fa8c69e9ab6b9459b1c212cf3dc3c6b5f1e1e904f8741f874a7025c39fd968,kissat,TIMEOUT,60024.97083,False,8
Folkman-190-66337703.sanitized.cnf,SATComp2024,main2024,competition_main,4d38277f91da60468dd900a99e613f37d2c38ce37757b695d3dd3a66d46c51eb,kissat,TIMEOUT,60030.513016,False,8
GracefulGraph-K05-P02_c18.cnf,SATComp2024,main2024,competition_main,1e6205a3adda8af2c0277c374d63c8b0ee1c39b64858a35a6fdc8c09e77a20fe,kissat,SATISFIABLE,22422.694618,False,8
HCP-446-105.cnf,SATComp2024,main2024,competition_main,bea38a58bbae66f071a82e4140a23df3bc37b41904085e66e5fd53f78aaa2892,kissat,TIMEOUT,60025.39899,False,8
IBM_FV_2004_rule_batch_1_31_1_SAT_dat.k40.debugged.cnf,SATComp2024,main2024,competition_main,89c7d5cda7fff12db8817325c987cc15c7494b7ae0fd78a81232fff98e17d2ca,kissat,TIMEOUT,60023.54814,False,8
ITC2021_Early_10.xml.cnf,SATComp2024,main2024,competition_main,17621bb8949c2d82c06a84f47d2563af16544f2eac922fb8e373a8bfa4f811a2,kissat,TIMEOUT,60023.061686,False,8
ITC2021_Early_3.xml.cnf,SATComp2024,main2024,competition_main,15872c7e09964533ca139d769b14563c8a8d2d863fc9995b829ff89bd44742cb,kissat,SATISFIABLE,519.581836,False,8
ITC2021_Middle_1.xml.cnf,SATComp2024,main2024,competition_main,33ce271d07d2cd2e04525b587cda9dbb0eb3c3a3ae14914832e45e0ba1c39653,kissat,TIMEOUT,60012.044694,False,8
MASG0_72_keystream76_0.cnf,SATComp2024,main2024,competition_main,0a116e4c85a9238896008c20896336bacdc495cc5fa2a5202056b7a864543fbc,kissat,TIMEOUT,60023.076052,False,8
Ptn-7824-b18.cnf,SATComp2024,main2024,competition_main,6190906c7a9bb95a2940804a10040b6e9685ddf8cb53be44fd4a3c79263c16ac,kissat,TIMEOUT,60060.644247,False,8
REGRandom-K3-L3-Seed25.sanitized.cnf,SATComp2024,main2024,competition_main,870f1087b3ff65a82d5afad8f376f7d8583a82fa8013c9dfd16eeee967c0c20c,kissat,UNSATISFIABLE,3690.379619,False,8
REGRandom-K4-L1-Seed30.sanitized.cnf,SATComp2024,main2024,competition_main,8ffc5f78cd44773ad16b5b5ea7a7835e4a56bdbab68e98cb551e98ea40e7a188,kissat,UNSATISFIABLE,11467.297479,False,8
REGRandom-K4-L2-Seed35.sanitized.cnf,SATComp2024,main2024,competition_main,68e652b2af5a58e56cc27a421d2e6d08a265fbbf8f42e5ef229abdb96a79d17c,kissat,TIMEOUT,60018.66246,False,8
SGI_30_60_19_60_6-dir.shuffled-as.sat03-112.cnf,SATComp2024,main2024,competition_main,ebbd85727f9641ea6bcff24d45f97665ade37222065a4c2785940ceb738d5092,kissat,TIMEOUT,60016.053687,False,8
SGI_30_80_26_70_4-log.shuffled-as.sat03-208.cnf,SATComp2024,main2024,competition_main,7ccd40d91fd22d01ba4e90ad4a529d5f6a84a06fa47103fd2c3d027bc038a502,kissat,TIMEOUT,60014.924187,False,8
Schur_161_5_d38.cnf,SATComp2024,main2024,competition_main,9230b684884e94853964144d0a9dbc18d8d85b1c16769ec38e85f8fbaa4be1fa,kissat,TIMEOUT,60057.27695,False,8
StConn_7_128.sanitized.cnf,SATComp2024,main2024,competition_main,00e59e5b2577dc6d5479843ab15133135afccff24a93014a201a69dea7374b59,kissat,TIMEOUT,60056.343715,False,8
StConn_8_32.sanitized.cnf,SATComp2024,main2024,competition_main,662388659da4d5d1c587a78550030eef0d6d645715958073dbe39cb19a7e7c1c,kissat,TIMEOUT,60052.378089,False,8
Timetable_C_392_E_62_Cl_26_S_28.cnf,SATComp2024,main2024,competition_main,857fceefffc52321a4de8c00008fad515d63e9399587f2edaccb95f77a299556,kissat,SATISFIABLE,47292.131887,False,8
VanDerWaerden_2-3-14_186.cnf,SATComp2024,main2024,competition_main,bb3dbc7f24b165bd27de88dd773f78f9b03a8ac0c7251468d52c1f7bed3ecd61,kissat,TIMEOUT,60031.551827,False,8
WS_500_16_70_10.apx_1_DC-ST.cnf,SATComp2024,main2024,competition_main,ae21487262c41b976e9ba12f6c5461788cfcdc88bb4b63cada822a96f4b0810b,kissat,TIMEOUT,60051.687276,False,8
WS_500_16_70_10.apx_2_DC-AD.cnf,SATComp2024,main2024,competition_main,bb2df6a172eaab865e2c5534603f9a3e65d650cddaafc1f8b804e82d5bb2e9c2,kissat,TIMEOUT,60018.262611,False,8
WS_500_16_90_70.apx_2_DC-AD.cnf,SATComp2024,main2024,competition_main,e4f0635d2319293a9510d44a37c3fa49a9c99689edfe5de3a944ffeb069bfcc1,kissat,TIMEOUT,60014.845465,False,8
af-synthesis_stb_50_100_4_sat.cnf,SATComp2024,main2024,competition_main,dc62e4f9e31cc94f7d7e1df65b74fdff36086418488e2f98a225a9c10bda871f,kissat,TIMEOUT,60013.67656,False,8
af-synthesis_stb_50_100_9_sat.cnf,SATComp2024,main2024,competition_main,24e42e11ad95d3e31c55932d6bbfeb8ec6846a6ff2193dcff23dae6bdc7a6bd1,kissat,TIMEOUT,60055.79637,False,8
af-synthesis_stb_50_100_9_unsat.cnf,SATComp2024,main2024,competition_main,8840c67dfce1b8ac566b8085ba799e54fcb535ab572585aaa05ac72239c395e0,kissat,TIMEOUT,60020.71514,False,8
af-synthesis_stb_50_120_4_sat.cnf,SATComp2024,main2024,competition_main,b5e89af2b87bc5943cf2337a095d5feb26b6376720214e4d4bcaeac8e8bab8c2,kissat,TIMEOUT,60034.585544,False,8
af-synthesis_stb_50_140_0_unsat.cnf,SATComp2024,main2024,competition_main,b77ab86f3afdc33372eb56bca21fa4b64f11494e21a6b6a68bcee196d84d30e1,kissat,TIMEOUT,60024.774783,False,8
af-synthesis_stb_50_140_1_unsat.cnf,SATComp2024,main2024,competition_main,b508f9a2746884853f1804aa4feebd021590f51ab735168fe0c7026f563ae296,kissat,TIMEOUT,60056.571009,False,8
af-synthesis_stb_50_140_3_unsat.cnf,SATComp2024,main2024,competition_main,5df7c68cd8d8a7a25b4d7a3be73d926424c62c4ec9d5b97174ef420382d391af,kissat,TIMEOUT,60032.687393,False,8
af-synthesis_stb_50_200_0_sat.cnf,SATComp2024,main2024,competition_main,f670fefbefc578853341d43db65c44fc367f8e4da5770de010052ba3c130e45e,kissat,TIMEOUT,60039.738645,False,8
af-synthesis_stb_50_200_0_unsat.cnf,SATComp2024,main2024,competition_main,a7cede2ef15633bab18002598023302a20bf4553a07bf3aef7a2d9abe8dfce49,kissat,TIMEOUT,60049.021543,False,8
af-synthesis_stb_50_200_4_unsat.cnf,SATComp2024,main2024,competition_main,9981cb92007cab72b065b3e5511b3abfcfc98d34c1a3859593a5e9cb6b39b78c,kissat,TIMEOUT,60033.796635,False,8
af-synthesis_stb_50_40_2_unsat.cnf,SATComp2024,main2024,competition_main,2cf5df7fbe06bdc9396352ac1f097ae47c958fdd90fe4a40802cfc7c97e1e104,kissat,TIMEOUT,60016.76475,False,8
af-synthesis_stb_50_40_9_sat.cnf,SATComp2024,main2024,competition_main,a7a601e461998e38b0e9ae7f5e115106129b28079b8ed52fe8cff46b7e8b713d,kissat,TIMEOUT,60036.548481,False,8
af-synthesis_stb_50_40_9_unsat.cnf,SATComp2024,main2024,competition_main,34978ec2c8478aa1e2c1e95b1ad65d6e33f7f7429e4e4a6babc390829647d2bc,kissat,TIMEOUT,60032.572839,False,8
apn-sbox5-cut3-symmbreak.cnf,SATComp2024,main2024,competition_main,bbbd2888e978dd292e2622964ea9e6ba6900672a366d7dc517a6373132454ac3,kissat,TIMEOUT,60052.736241,False,8
asconhashv12_opt64_H11_M2-MxJOnbQIXNd_m5_6.c.cnf,SATComp2024,main2024,competition_main,fe6d420f8cae4327b3661f1175c1ec04a177a65c33f87150ca4991e4b5546025,kissat,TIMEOUT,60058.866793,False,8
asconhashv12_opt64_H11_M2-fCHjS2L0du5_m2_4.c.cnf,SATComp2024,main2024,competition_main,c97722441c8eb6b101bf4d13607ab9f1978c7836f9b69bcc97e2b61c38fabc8c,kissat,TIMEOUT,60009.685567,False,8
asconhashv12_opt64_H11_M2-tBi5i1RIgRz_m0_1_U23.c.cnf,SATComp2024,main2024,competition_main,72efa56c80174513cffdd0e0ece5b839e6282d451c26a60d566f7659250baecd,kissat,TIMEOUT,60049.004381,False,8
asconhashv12_opt64_H5_M2-xEJ8F_m0_3_U5.c.cnf,SATComp2024,main2024,competition_main,e789f2a90e857bd26bbc9db1dea6d7e509e1391de3f7335e959f93c4fa57b9fc,kissat,TIMEOUT,60059.864155,False,8
asconhashv12_opt64_H6_M2-PgbpwX_m0_4_U1.c.cnf,SATComp2024,main2024,competition_main,95ad2982de832de5b47f0c6dbe6be62bca36e809b2fa1d6b977770e123e4f455,kissat,TIMEOUT,60060.364719,False,8
asconhashv12_opt64_H9_M2-MIC4kfhiA_m0_6_U2.c.cnf,SATComp2024,main2024,competition_main,ad25842e7b9cdf767fb0f132d5b020d220c6b7f3a10ed84ecec1e26692019e8f,kissat,TIMEOUT,60054.105617,False,8
atco_enc1_opt1_10_15.cnf,SATComp2024,main2024,competition_main,af8212710377018a97896baa1c7c729435e7a4eab8f7b131279a49d992c7fe99,kissat,TIMEOUT,60060.068324,False,8
barman-pfile06-022.sas.ex.7.cnf,SATComp2024,main2024,competition_main,9af88721ac53ed21dd207abaa6146a664eb36f6571595e8d0c6b13524edb910e,kissat,UNSATISFIABLE,2832.847419,False,8
battleship-14-26-sat.cnf,SATComp2024,main2024,competition_main,78a7c3f9948b8ede6dff67049cc44c162686cc45aebd0c07e7d3ca4343ba9a38,kissat,SATISFIABLE,2429.706763,False,8
bphp_p23_h22.sanitized.cnf,SATComp2024,main2024,competition_main,035dfcd140d0abcdbcc82a44672cd0aa7c1eba25749d79808941d20aab4d49b4,kissat,TIMEOUT,60042.342379,False,8
bvsub_19952.smt2.cnf,SATComp2024,main2024,competition_main,0316a6a8134c8623443dc50d62a465f16894c6dc7d0c6cd073c75f7a75041bf8,kissat,TIMEOUT,60044.683643,False,8
circuit_32in32out_with_350gates_6in6out_dist64_seed1.sanitized.cnf,SATComp2024,main2024,competition_main,ea4874292c9856b0d750fd887511be90215a6adb3302feb511593a34c95092a7,kissat,TIMEOUT,60046.789925,False,8
circuit_32in32out_with_64gates_8in6out_dist128_seed2.sanitized.cnf,SATComp2024,main2024,competition_main,11a0f7270ddedf250ca488d8d294b1030b751b634aa5da6f0699ead0473e06cb,kissat,TIMEOUT,60050.472269,False,8
circuit_32in32out_with_70gates_7in7out_dist128_seed1.sanitized.cnf,SATComp2024,main2024,competition_main,dc019de8189e7f6eaf17a2b645a779fd93ba46a7d21b2b3b01ee1dfd9d1f50d6,kissat,TIMEOUT,60047.666005,False,8
circuit_32in32out_with_80gates_7in7out_dist128_seed1.sanitized.cnf,SATComp2024,main2024,competition_main,2abe94942fb233c55f358687c1bb88363678e59164b01bf9762c53b7df172f5c,kissat,TIMEOUT,60032.375932,False,8
circuit_32in32out_with_96gates_7in7out_dist128_seed1.sanitized.cnf,SATComp2024,main2024,competition_main,df49b48dddc01709f7636a755de4d2d643619834e978eafe7c04ba4a3d15e30d,kissat,TIMEOUT,60023.835566,False,8
circuit_32in64out_with_150gates_6in6out_dist256_seed1.sanitized.cnf,SATComp2024,main2024,competition_main,6c4aacc4a2db4926060d539c04549e5912f79abdf807bc4850cc21ee268f0cd8,kissat,TIMEOUT,60027.187019,False,8
circuit_48in64out_with_1000gates_4in4out_dist128_seed4.sanitized.cnf,SATComp2024,main2024,competition_main,9ed5f26df4ea919eb8f44cd5efd29b2614efb62afaff55334c6c897957620231,kissat,TIMEOUT,60042.518559,False,8
circuit_48in64out_with_700gates_4in4out_dist128_seed1.sanitized.cnf,SATComp2024,main2024,competition_main,d3338c04e29f5c8b7e75686fa30fd9927babb7b34b9f7c87785397662f59d8e2,kissat,SATISFIABLE,18129.892984,False,8
circuit_48in64out_with_800gates_4in4out_dist128_seed1.sanitized.cnf,SATComp2024,main2024,competition_main,dafa6355d341920dc19a83208c1c94b08f3eaf49f51b0c7f590e124184cded64,kissat,SATISFIABLE,55713.241265,False,8
circuit_48in64out_with_800gates_4in4out_dist128_seed4.sanitized.cnf,SATComp2024,main2024,competition_main,23811780dda3fcac09d6860938c2bcc3ed6d2679f2519d1ef6b99b9ec771873f,kissat,SATISFIABLE,14804.087848,False,8
circuit_64in64out_with_64gates_8in5out_dist256_seed1.sanitized.cnf,SATComp2024,main2024,competition_main,120a3c545b58ea245e3503a2e565a74053ba36582f44c07d311c5b235696ac80,kissat,TIMEOUT,60055.823378,False,8
clique_n2_k10.sanitized.cnf,SATComp2024,main2024,competition_main,6cb31572fb53de68cf16049961c43364a5c4bb789cfd4a876a94320996f3edc1,kissat,UNSATISFIABLE,24995.554708,False,8
cliquecolouring_n13_k8_c7.sanitized.cnf,SATComp2024,main2024,competition_main,e0d659649b599dec34dd890661f027c72f77bfa0f65d2d5f3a9a4f2e98eb8b09,kissat,TIMEOUT,60032.757727,False,8
cliquecolouring_n13_k9_c8.sanitized.cnf,SATComp2024,main2024,competition_main,0e2a24465d1f39d7f9a92f46128b0bf6827359bc8523123c47c703f5e303f7c6,kissat,TIMEOUT,60027.981115,False,8
cliquecolouring_n15_k9_c8.sanitized.cnf,SATComp2024,main2024,competition_main,d1b17ebf2d1fd2db3bca63d63e65b6a1364a57251e58803b60704b588d35e019,kissat,TIMEOUT,60015.386396,False,8
cliquecolouring_n21_k6_c5.sanitized.cnf,SATComp2024,main2024,competition_main,6601be30be454a0154b9aac13585eebe7040a8ab97d581ce7696511ef771206a,kissat,TIMEOUT,60035.021858,False,8
cliquecolouring_n31_k5_c4.sanitized.cnf,SATComp2024,main2024,competition_main,892587fe1d925452b27606c695632fa161e702f7e45dda9e7a69bdc982ac6434,kissat,TIMEOUT,60048.080511,False,8
cliquecolouring_n41_k5_c4.sanitized.cnf,SATComp2024,main2024,competition_main,d1754f478f03cdd37aef85d403658c49c13f57aa54cd3398281ee2a44b9e700d,kissat,TIMEOUT,60030.13563,False,8
combined-crypto1-wff-seed-1-wffvars-450-cryptocplx-40-overlap-2.cnf,SATComp2024,main2024,competition_main,0934cc6e41aed3f23a1fbf0c4cc80036bef4a5c0dc5158c0baf9b0821efc945e,kissat,TIMEOUT,60045.053404,False,8
combined-crypto1-wff-seed-102-wffvars-500-cryptocplx-31-overlap-2.cnf,SATComp2024,main2024,competition_main,089bd7ffee6b8a052a97f27d3588ec1434ae122d99ae7a4c092f61c95e79f769,kissat,TIMEOUT,60045.893716,False,8
constraints_16_0.3_1.sanitized.cnf,SATComp2024,main2024,competition_main,405b50caa71da5bb5c967593e8f147f3938517709c39ae2c08ea56824322c662,kissat,TIMEOUT,60054.419006,False,8
constraints_16_0.4_1.sanitized.cnf,SATComp2024,main2024,competition_main,c78b3778c602f7e8fd0d76a6feb3c4dea5a0f321a5db874930dd811396b3b297,kissat,TIMEOUT,60061.157691,False,8
constraints_16_0.5_1.sanitized.cnf,SATComp2024,main2024,competition_main,793460247ba1b94e07daa63730b5e8ea4437674bc10b97c70fbff142a9144a73,kissat,TIMEOUT,60017.369427,False,8
constraints_17_0.3_2.sanitized.cnf,SATComp2024,main2024,competition_main,4eb005738e94284da3eda63b61ca6c780ecbf1c2f6b737dc0ae69cb63b4dcbab,kissat,TIMEOUT,60025.907972,False,8
constraints_17_0.4_1.sanitized.cnf,SATComp2024,main2024,competition_main,c6cf6b1b83ab83cf92e35590b12c9739fa1d606acc8fa4d0bad6ee01703d1892,kissat,TIMEOUT,60023.224408,False,8
constraints_17_0.4_2.sanitized.cnf,SATComp2024,main2024,competition_main,5c4d6b11ddf7bfc784db9350dde9e24b548a5f330ac48cfd48c09a5a8759cff5,kissat,TIMEOUT,60037.406698,False,8
constraints_17_0.5_2.sanitized.cnf,SATComp2024,main2024,competition_main,7f6511446111c07b14a6a8f68d591e94c806e15cfac33fb3dc4aa284937ce684,kissat,TIMEOUT,60040.860514,False,8
constraints_18_0.3_2.sanitized.cnf,SATComp2024,main2024,competition_main,276f69acee28cdbe46c8533e3afaf958ef55306acf9944f86ed31dcbf864d3fb,kissat,TIMEOUT,60049.366804,False,8
constraints_18_0.4_2.sanitized.cnf,SATComp2024,main2024,competition_main,d8b0b509f653cdfa9aa3eb493723ec1f93d8ea984e0f3df01f84e1b0076f821d,kissat,TIMEOUT,60040.876973,False,8
constraints_25_4_5_12_12_0_0_0.sanitized.cnf,SATComp2024,main2024,competition_main,32262664ee4cb3cc963eb19b5ad56cd91ef1de819c402b103250d84b30e73b02,kissat,TIMEOUT,60040.24135,False,8
crn_11_99_u.cnf,SATComp2024,main2024,competition_main,301a5351b7cec4bbc27bf066df769db2870c1e3f3948d6c2ff0b7a9f6bab52eb,kissat,UNSATISFIABLE,3440.257255,False,8
ctl_4201_555_unsat_pre.cnf,SATComp2024,main2024,competition_main,49ae4fd19662b634ac62138fc974db55c8606c8571bf23783a19f6bbe0c5f290,kissat,TIMEOUT,60047.111496,False,8
ctl_4291_567_2_unsat-sc2013.cnf,SATComp2024,main2024,competition_main,2d64d2d305a90302a52c1a0b616202c44c848581262f8f6005933fee2053d18f,kissat,TIMEOUT,60056.353669,False,8
ctl_4291_567_9_unsat.cnf,SATComp2024,main2024,competition_main,3b585614b18743c6a3f9aef289a8172a48feb82d6ffb70c5cacbeca86808783c,kissat,TIMEOUT,60055.293407,False,8
ecarev-110-4099-22-30-7.cnf,SATComp2024,main2024,competition_main,977679611cf708e2fb5ca0cbcfcae34c06219dea35ebede971e16d7d60348ba6,kissat,TIMEOUT,60045.81609,False,8
ex065_25.cnf,SATComp2024,main2024,competition_main,7b14ad5e6cfa866c6e85211964a75ca611f0ceda45c9290b29b38323be38cd8d,kissat,TIMEOUT,60043.643793,False,8
exam_flat_0.04_2018_3.cnf,SATComp2024,main2024,competition_main,3cce4fbc435ad6ab604f53abdcd58a303f3d812f65d086374174957396d6abd1,kissat,TIMEOUT,60029.819932,False,8
f9idw.cnf,SATComp2024,main2024,competition_main,29a1ff60c401474886e6f689befebd03f00b817b9a33b692910b77b7efb54c91,kissat,TIMEOUT,60043.466675,False,8
fermat-931960058139995587.cnf,SATComp2024,main2024,competition_main,cb7eb3ed79bb2ca42c0993d83f2d3e7fad60d852e09c0ad23cd057e98e28c5d1,kissat,TIMEOUT,60018.557376,False,8
fixedbandwidth-eq-31_shuffled.cnf,SATComp2024,main2024,competition_main,4c397e90b59fac8f85093724abb90e3894531426b495c47a569dab80fddc4122,kissat,TIMEOUT,60039.499761,False,8
frb45-21-2.used-as.sat04-884.cnf,SATComp2024,main2024,competition_main,035bf8198383efda95da0c76eac41369b9360357da6a00f224b9afd7594a533d,kissat,TIMEOUT,60028.468837,False,8
frb65-12-2.used-as.sat04-874.cnf,SATComp2024,main2024,competition_main,0eeeaf2be26de553c8597d518ee8addca2856f9bbb8078c36342cca971213fac,kissat,TIMEOUT,60040.763153,False,8
g2-ak128boothbg2msaig.cnf,SATComp2024,main2024,competition_main,aef63f58074fcf8cfefd4762419c4926594fd450fa93a20fce2776bcb0196153,kissat,SATISFIABLE,1879.823458,False,8
g2-ak128boothbg2msisc.cnf,SATComp2024,main2024,competition_main,a07ee77a42d3895ae634989bdb1d3440485104397f8f6308e3c7442d7ded4978,kissat,SATISFIABLE,1225.704812,False,8
g2-hwmcc15deep-6s161-k17.cnf,SATComp2024,main2024,competition_main,0cf55d3192967179a75977ed50d5ea707051fc8c87dd07ddd2892fa0a06abab0,kissat,TIMEOUT,60039.208262,False,8
g2-hwmcc15deep-bob12s02-k16.cnf,SATComp2024,main2024,competition_main,0ed7f040a62c77be66d903ac49f6e437b8182180ace352e3d343b6db372ef4e3,kissat,TIMEOUT,60028.80944,False,8
g2-slp-synthesis-aes-top30.cnf,SATComp2024,main2024,competition_main,67ee094770a2c735c05a0cadf79e7127c4294a9deeab72a6101b3e9e48a0ac0d,kissat,TIMEOUT,60038.723858,False,8
g2-test_v5_r10_vr10_c1_s21502.smt2-cvc4.cnf,SATComp2024,main2024,competition_main,e9080cb0778e14817f51c5a0e09899b21ce4fdff43f954a7db0271312e517c67,kissat,TIMEOUT,60020.08002,False,8
goldcrest-and-9.cnf,SATComp2024,main2024,competition_main,7fa243a5f707443743ea9f8ae5c436a09bdc354ceac99cf57e8f9e880b8254c1,kissat,TIMEOUT,60039.789567,False,8
grs-64-128.cnf,SATComp2024,main2024,competition_main,26068a551866a1b722e24f8d3d09ee3120fcdc2de7894aee0794b687a4f434a4,kissat,TIMEOUT,60034.663864,False,8
grs-64-64.cnf,SATComp2024,main2024,competition_main,01d44aa0adabb95c40cf04676b96ed86e7aeaab910b3288b70fe621ed863e26a,kissat,TIMEOUT,60038.999616,False,8
hcp_CP18_18.cnf,SATComp2024,main2024,competition_main,b2c187f8e740554d6efb22ad8b6a575425dfc555525b945a12acd5e0328c5dac,kissat,TIMEOUT,60044.763215,False,8
hwb-n24-02-S786928571.shuffled-as.sat03-1618.cnf,SATComp2024,main2024,competition_main,c8683e770d270661e08219fd2b791a6fabb6d4cce2c9d0ace1638b99f3192937,kissat,TIMEOUT,60050.29218,False,8
hwmcc12miters-xits-iso-6s111.sanitized.cnf,SATComp2024,main2024,competition_main,39cff79631098f9d2396ca190ce81bfcb56e080bc1d121aae57e04e89c0fd1f6,kissat,UNSATISFIABLE,5903.316692,False,8
hwmcc17miters-xits-iso-bobsmfpu.sanitized.cnf,SATComp2024,main2024,competition_main,3406f2546021e23fec5838524107e45fd5df0de84ec27dde866b7874f8308703,kissat,UNSATISFIABLE,418.741903,False,8
hwmcc17miters-xits-iso-oski15a08b00s.sanitized.cnf,SATComp2024,main2024,competition_main,09a00f733caf42827b00f7cba4e607eaaeb943ce7be98141fa47a1fba66bc44a,kissat,UNSATISFIABLE,13884.671209,False,8
hwmcc17miters-xits-iso-oski15a08b08s.sanitized.cnf,SATComp2024,main2024,competition_main,7e9194d155393d5b0ed126c0081a58c28d196c438fe2d7144c948cb74ba10cb9,kissat,UNSATISFIABLE,13742.272176,False,8
hwmcc20miters-iso-mul2.sanitized.cnf,SATComp2024,main2024,competition_main,9131d5025160978bdd555c8af4cf75a23a5f7c75ef9eac1fdb78d7cb0a1a61c3,kissat,UNSATISFIABLE,619.989417,False,8
hwmcc20miters-iso-mul3.sanitized.cnf,SATComp2024,main2024,competition_main,596605d27fc01b7d168cb539d7dc0df279f801c5479b7463e4fefdc95434aea5,kissat,UNSATISFIABLE,3333.96443,False,8
hwmcc20miters-iso-mul7.sanitized.cnf,SATComp2024,main2024,competition_main,01606e995acfc61256bb4595b692e0e7dc4a02674fb539c32c7bfb0de3066fde,kissat,UNSATISFIABLE,3784.866238,False,8
hwmcc20miters-iso-rast-p06.sanitized.cnf,SATComp2024,main2024,competition_main,fd6e0be18272ea5b045e4925c5760542869d38ee75bf9cf473e0e919d377e734,kissat,UNSATISFIABLE,618.905751,False,8
hwmcc20miters-iso-rast-p11.sanitized.cnf,SATComp2024,main2024,competition_main,54f333093bc86d2c4600866b657b79d7bc2ff92a1904f4722f16174a8fc992cf,kissat,UNSATISFIABLE,568.728454,False,8
j3037_10_mdd_b.cnf,SATComp2024,main2024,competition_main,2e82871ace95843096b0fa83361e47d7d5e8b78e2582170fe4c9d89f032913fe,kissat,TIMEOUT,60035.258876,False,8
j3037_10_mdd_bm1.cnf,SATComp2024,main2024,competition_main,7672cb34e4b32cf83292630f1155b7e564bdcf4b2eedd60f7f25cf59b4b5bcc7,kissat,TIMEOUT,60042.340251,False,8
j3037_10_rggt_b.cnf,SATComp2024,main2024,competition_main,c85a8a9821086fe45843de52a0fc8c014c924e0c272901e26dabb6cb3b6b5b9b,kissat,TIMEOUT,60027.744621,False,8
j3037_1_gmto_b.cnf,SATComp2024,main2024,competition_main,b4448cba9856411f364caa1769c8b0b96a11962eef288aa8c0570923a81fb304,kissat,TIMEOUT,60019.671848,False,8
j3037_1_mdd_b.cnf,SATComp2024,main2024,competition_main,aea2267d98d035453d8d3b5261fbb83bc43dae00ab4bea0e6f549149d274168b,kissat,TIMEOUT,60034.14767,False,8
j3037_9_mdd_bm1.cnf,SATComp2024,main2024,competition_main,221947a8403609a73ce7a1aee0620bfa3322064839e77134984b1cd7dd559f37,kissat,TIMEOUT,60029.805943,False,8
j3037_9_rggt_b.cnf,SATComp2024,main2024,competition_main,c2dc3947b36d6c3432064af6ada7423167cfbd24b825609069cad7e55bf43ced,kissat,TIMEOUT,60093.136911,False,8
j3045_10_gmto_b.cnf,SATComp2024,main2024,competition_main,f555ce9b743f7041f3ce96737e93c09c6b4dd75871bc78e4e5eabb76c70f3193,kissat,TIMEOUT,60047.173001,False,8
j3045_10_rggt_b.cnf,SATComp2024,main2024,competition_main,f8c521dfdafecc0f6a66f06cbaf67f2aa2e64790039041a9b964ebcd0985a81e,kissat,TIMEOUT,60058.702912,False,8
j3045_4_gmto_b.cnf,SATComp2024,main2024,competition_main,b741767b6df658b169ac66f24b6003a525d03ec482941f10c1f933fa79ac210c,kissat,TIMEOUT,60024.209176,False,8
j3045_4_mdd_bm1.cnf,SATComp2024,main2024,competition_main,e88e5517cecfd110226b162ca4f29c13b4a63d652ea7df8cc005df41a92b6ff7,kissat,TIMEOUT,60058.64918,False,8
jgiraldezlevy.2200.9086.08.40.41.cnf,SATComp2024,main2024,competition_main,3fa5951daf74b8f29774f2606ea2f536d8d9dcae5844a3d1d8faa025d24b5b23,kissat,TIMEOUT,60030.926148,False,8
lec_mult_CvD_11x11.sanitized.cnf,SATComp2024,main2024,competition_main,671f9481a333857b0c9f644694c7223479a4f1d94d26e08b476512bd0c189710,kissat,TIMEOUT,60066.828348,False,8
lec_mult_CvK_11x10.sanitized.cnf,SATComp2024,main2024,competition_main,cc569348008a12cd050ed6810f14113bd13fc4f265698001a012091a1722a979,kissat,TIMEOUT,60038.052409,False,8
lec_mult_CvK_11x11.sanitized.cnf,SATComp2024,main2024,competition_main,41727ece882ca2da0f3b45ec257f65e159611cd24fd0b297c9ec04595c20aac1,kissat,TIMEOUT,60064.179975,False,8
lec_mult_CvK_12x11.sanitized.cnf,SATComp2024,main2024,competition_main,e60c188faa1ce01c14f9c3b0824c26aef72dae6f3b10eba3a0584c1f99e11405,kissat,TIMEOUT,60078.009413,False,8
lec_mult_CvK_12x12.sanitized.cnf,SATComp2024,main2024,competition_main,121ce8a9d5fb09c2f0890f8200e50a8415d525a3709579735d26ae1c3f0dfc53,kissat,TIMEOUT,60050.596753,False,8
lec_mult_CvW_12x11.sanitized.cnf,SATComp2024,main2024,competition_main,c14cd48c2b99572775444de77ad7f5c420f7d2748c6797af5934b598d8236b67,kissat,TIMEOUT,60055.088701,False,8
lec_mult_CvW_12x12.sanitized.cnf,SATComp2024,main2024,competition_main,06d08c3b44a98a2eea13d37b2bb5fe60913fc1d38989997595ddedbcb10b1d9b,kissat,TIMEOUT,60036.070226,False,8
lec_mult_DvK_11x10.sanitized.cnf,SATComp2024,main2024,competition_main,28782f1e904753db5b60c5faaa9796e7f45c524968f4fd4e8399f293373a3635,kissat,TIMEOUT,60071.6089,False,8
lec_mult_DvK_12x12.sanitized.cnf,SATComp2024,main2024,competition_main,4dfb0df5b9d12eac1dfad5f674f4bb97cc8790ca4f24582ce0a572c1813c84e0,kissat,TIMEOUT,60056.007157,False,8
lec_mult_DvW_11x10.sanitized.cnf,SATComp2024,main2024,competition_main,a7434ba2191d98ce8e90d028db8063142cfdbd44a66e1adca0fc4eeac83f0188,kissat,TIMEOUT,60056.277065,False,8
lec_mult_DvW_12x11.sanitized.cnf,SATComp2024,main2024,competition_main,8566e068b331406d5b3d3c1409babffaf21a1c33f66fd708a34bdfbb292df1d2,kissat,TIMEOUT,60039.018881,False,8
lec_mult_DvW_12x12.sanitized.cnf,SATComp2024,main2024,competition_main,a0e041da2c4fb22d1da2549ca71192f18f6b4eb3220664089b8147defc28d6c9,kissat,TIMEOUT,60048.109556,False,8
lec_mult_KvW_10x10.sanitized.cnf,SATComp2024,main2024,competition_main,ead2a1c2fb44d173d3a24bab1212f07adf571f4fc7563392d434e0f58386939b,kissat,TIMEOUT,60027.115636,False,8
lec_mult_KvW_11x10.sanitized.cnf,SATComp2024,main2024,competition_main,32e97e28a698c7de79b2343e6f4fe6cecba97832564391a714377959a45d41ed,kissat,TIMEOUT,60063.77511,False,8
lec_mult_KvW_12x11.sanitized.cnf,SATComp2024,main2024,competition_main,d5b1b36f3b8222714ac8e8e0997d56c35335a9dc7b8966f762cd98283fabd707,kissat,TIMEOUT,60021.819834,False,8
manol-pipe-g10bid_i.cnf,SATComp2024,main2024,competition_main,bdc665211deac07cda04407a73128d5829bbab8448cb39f609ca1bcf45ef4123,kissat,TIMEOUT,60046.119366,False,8
marg5x5.shuffled-as.sat03-1455.cnf,SATComp2024,main2024,competition_main,c6e93b07d65c7e344164cee4b55785f415e904aff804d62aec359495145fa41c,kissat,TIMEOUT,60025.166212,False,8
mchess_15.cnf,SATComp2024,main2024,competition_main,ad363515b966933631b60a87dc93ec0a926f645ef7a8c00dca188f70bcf17d8f,kissat,TIMEOUT,60019.461592,False,8
mchess_16.cnf,SATComp2024,main2024,competition_main,3c82a9302fec0366a10231fc82a920d24c995654696798a7fbc303c3551e226b,kissat,TIMEOUT,60049.920857,False,8
mchess_17.cnf,SATComp2024,main2024,competition_main,e685f84ec835685a26fef1f97dc728f1b5d4d0e99a9f54cedebc15eec8732158,kissat,TIMEOUT,60028.163299,False,8
md5_48_1.cnf,SATComp2024,main2024,competition_main,c3e2ac82ab613b6c6d5d605820046f600d4c8cc35b123e1885e37c2a2f89b0a7,kissat,SATISFIABLE,44407.914264,False,8
mdp-28-10-unsat.cnf,SATComp2024,main2024,competition_main,732145a705686c5e303fd54b8fbd4370c5f7abc083e2c4320ac375ef4c7d1b0f,kissat,TIMEOUT,60031.279464,False,8
mdp-28-11-sat.cnf,SATComp2024,main2024,competition_main,b508cb1101569392349305dcc8c8bb82d3503e552c367f3a3d41ae6165959186,kissat,TIMEOUT,60019.113755,False,8
mdp-28-14-sat.cnf,SATComp2024,main2024,competition_main,36033ba18998469176f2e656c2cb595d9dba4ad9affd81acec7416625c8948dd,kissat,TIMEOUT,60009.633682,False,8
mdp-28-14-unsat.cnf,SATComp2024,main2024,competition_main,59b6bbcec2d0513be1534788a2f8bbf5b9281b8efb80eb2377b55363d0d8aaad,kissat,TIMEOUT,60028.709525,False,8
mdp-28-16-unsat.cnf,SATComp2024,main2024,competition_main,59fc581976c699598b4db63ee68bce49e614ba4869ffc52b0e944c1e735d7daa,kissat,TIMEOUT,60021.191637,False,8
mdp-32-10-sat.cnf,SATComp2024,main2024,competition_main,8b4ae75c6ce6122a700c656b23e06f514a493ae086a96d0a7d379b17c5f7440a,kissat,TIMEOUT,60027.476444,False,8
mdp-32-10-unsat.cnf,SATComp2024,main2024,competition_main,f6c41ce960d27309de64dc235fa8afee7a4bf308227d25312206fa7f9aa48ce1,kissat,TIMEOUT,60028.550239,False,8
mdp-32-11-sat.cnf,SATComp2024,main2024,competition_main,e20d242c194f2e62a0a0028ddfaaaed2cb1aaf0fa90932efcf80282c8b386079,kissat,TIMEOUT,60021.429233,False,8
mdp-32-11-unsat.cnf,SATComp2024,main2024,competition_main,3f68f9cda67965eda897b956cddeb783db12f2599c9c8530bd23136f13a5e06c,kissat,TIMEOUT,60012.840643,False,8
mdp-32-12-unsat.cnf,SATComp2024,main2024,competition_main,dcd25a9b86c28bbc788f2f2aff7393cd4f0c91b7104dfeb30ce604bef9c3d906,kissat,TIMEOUT,60020.522191,False,8
mdp-32-14-sat.cnf,SATComp2024,main2024,competition_main,c4dc940a8ed4fed8d536c8d35fffca0a76eaf4cd8a478d08763d6d3107cf4bf2,kissat,TIMEOUT,60014.517504,False,8
mdp-32-14-unsat.cnf,SATComp2024,main2024,competition_main,3ae9d1ca45c27984493a530f594a29ba39c21edca28bf05b9a3851ac7b732c92,kissat,TIMEOUT,60025.264522,False,8
mdp-32-16-sat.cnf,SATComp2024,main2024,competition_main,29d80bd287dfedfe5aef72da28feb59b4a722002125be3e7453515a849339a2f,kissat,TIMEOUT,60025.145873,False,8
mdp-36-10-sat.cnf,SATComp2024,main2024,competition_main,a87470928ba35bddb08d833c5802f6576568795c119ae5aa058aa6e1d0383e22,kissat,TIMEOUT,60018.792894,False,8
mdp-36-10-unsat.cnf,SATComp2024,main2024,competition_main,6e054967f4c71d900b2bba2508fea2054ac13de78fa0b0b6a94753f66e9e95fc,kissat,TIMEOUT,60023.54538,False,8
mdp-36-12-unsat.cnf,SATComp2024,main2024,competition_main,adcaaafceb3900ec170b58774f50a9101a76942b9fdc29db7168b75a0cc47f93,kissat,TIMEOUT,60027.70201,False,8
mdp-36-14-sat.cnf,SATComp2024,main2024,competition_main,bea05a068fac0c80b91bb09152f6dcdc3f750d359e76e7058ef54a6622e98542,kissat,TIMEOUT,60040.730022,False,8
mp1-Nb5T15.cnf,SATComp2024,main2024,competition_main,9bf4304bcaba2f720f46c1b27354ef77053e5d140422dd248bad9b1be34b6f8b,kissat,TIMEOUT,60051.948848,False,8
mp1-Nb7T42.cnf,SATComp2024,main2024,competition_main,7097725c5326fbddc5be940fa322338d6bd14e30a382f53842f39c58a9664326,kissat,TIMEOUT,60051.330058,False,8
mp1-blockpuzzle_5x10_s7_free4.cnf,SATComp2024,main2024,competition_main,3b2b3c429773ce2cb2bcb415d87efc150fef6a37b6044dad9beb4e07756b8334,kissat,UNSATISFIABLE,27197.489628,False,8
mp1-klieber2017s-0500-023-t12.cnf,SATComp2024,main2024,competition_main,9393c755ea428b704e28893fb6431573fbb0097e4a3473cd3383b746038b3efe,kissat,TIMEOUT,60046.843156,False,8
mp1-ps_5000_21250_3_0_0.8_0_1.50_6.cnf,SATComp2024,main2024,competition_main,663541ef98464f9cc9a65e86a012c7246870682523b2c3bfca31ac9cf57c1c41,kissat,TIMEOUT,60043.103341,False,8
mrpp_4x4#12_12.cnf,SATComp2024,main2024,competition_main,506d2496b260896d510a9fbbb4cd2f332478a49cd7efb9548db6b7830b10c2f8,kissat,UNSATISFIABLE,14827.029165,False,8
mulhs016-sc2009.cnf,SATComp2024,main2024,competition_main,af4e4f2be769547122db7ccff4c15cc33a09093f4f8f34d57fd6a4a1d476f2f1,kissat,TIMEOUT,60051.549402,False,8
noL-11-0.sanitized.cnf,SATComp2024,main2024,competition_main,899bc10a4a763ab6f521eed9210802924c93d56ac5df59efff6350c5fb61459a,kissat,TIMEOUT,60010.253704,False,8
noL-11-10.sanitized.cnf,SATComp2024,main2024,competition_main,61fc24ce538074e3e1d3a02f8e5286708b0e769d43e866b5d7f0eff7b2787665,kissat,TIMEOUT,60013.463835,False,8
noL-11-12.sanitized.cnf,SATComp2024,main2024,competition_main,8c8e0e8aec6cf1d53dc2ba87d8a05c739a84bc545b90fdece4e16f89636c280b,kissat,TIMEOUT,60015.976439,False,8
noL-11-14.sanitized.cnf,SATComp2024,main2024,competition_main,04fa242c31eb4b487c776adb647f03cc2486afbc7a4bbdc902b227ba96dc8b68,kissat,TIMEOUT,60014.765963,False,8
noL-11-16.sanitized.cnf,SATComp2024,main2024,competition_main,ac6db654d4234532285b256732cbe65c140714b23c4827b7c62daf0cd39119d9,kissat,TIMEOUT,60056.013676,False,8
noL-11-18.sanitized.cnf,SATComp2024,main2024,competition_main,1e7f4596ef879cbb66419a0fd3e944477bef34048427b2f7d421f1d6d3a1f917,kissat,TIMEOUT,60017.624482,False,8
noL-11-2.sanitized.cnf,SATComp2024,main2024,competition_main,be5b6d7ad2bfbeded78b464550d21062d8636c82a1de03859f308d46ad846fe6,kissat,TIMEOUT,60048.73911,False,8
noL-11-20.sanitized.cnf,SATComp2024,main2024,competition_main,6582502357d5960da9e8059fc1211e82d821944cae07d22ebef91509af7909ba,kissat,TIMEOUT,60022.600565,False,8
noL-11-4.sanitized.cnf,SATComp2024,main2024,competition_main,53b9c9f887bb63d46dab89c0a6740844bb70fc5ab5c0cd013f46062f75871ee7,kissat,TIMEOUT,60019.267623,False,8
noL-11-6.sanitized.cnf,SATComp2024,main2024,competition_main,0562157958c4f5d5d3bd6199d0d613cfa1c7059f697f05ab424a192cb1169cbd,kissat,TIMEOUT,60024.894177,False,8
noL-11-8.sanitized.cnf,SATComp2024,main2024,competition_main,e356fe4a897c859a3f2e40acefcdfa568d914b5a6fe6ff2d9968dcef8318a4c1,kissat,TIMEOUT,60021.103047,False,8
openstacks-sequencedstrips-nonadl-nonnegated-os-sequencedstrips-p30_3.025-NOTKNOWN.cnf,SATComp2024,main2024,competition_main,533763170fc9f774c971f3bb45e3995c85f1a72d40c3ad439b3cc19cc087fc6e,kissat,TIMEOUT,60016.976622,False,8
or_randxor_k3_n510_m510.sanitized.cnf,SATComp2024,main2024,competition_main,33873d4df74c058381c9518cb79ce39279b2156d99be781f4de6e750ab813531,kissat,UNSATISFIABLE,8450.605155,False,8
pb_300_05_lb_17.cnf,SATComp2024,main2024,competition_main,f4821201992abd99cc16429a61826af62525b98bbd559238e47218f2f3160f2f,kissat,TIMEOUT,60021.556286,False,8
pb_300_09_lb_07.cnf,SATComp2024,main2024,competition_main,59da09d4996e551f5cce9498de15d5817d997f39ae866d965fa1fea3d252c9ad,kissat,SATISFIABLE,5799.759867,False,8
pcmax-scheduling-m11-1517-6802-UNSAT.sanitized.cnf,SATComp2024,main2024,competition_main,c55ab8fe2c9e10f0579f806802bc32d04913f12cd6ce28e6662b8d59d114c174,kissat,UNSATISFIABLE,55244.724953,False,8
pcmax-scheduling-m12-8049-55035-SAT.sanitized.cnf,SATComp2024,main2024,competition_main,7e8d285df68bba81a439cf2ddc9670e1cde3254c0f1a13b7ef90f2dc535ecfca,kissat,TIMEOUT,60053.54359,False,8
pcmax-scheduling-m13-1655-9604-UNSAT.sanitized.cnf,SATComp2024,main2024,competition_main,a13f835135bbc3b9f719b513abab7c313e61a72df30049373725193232ebbbfd,kissat,TIMEOUT,60031.260322,False,8
pcmax-scheduling-m13-2011-12813-UNSAT.sanitized.cnf,SATComp2024,main2024,competition_main,1270004fd247f55c6dc67c9f8d6ecf2628ea7144ed71d3ac1c581c59161d8d55,kissat,TIMEOUT,60023.918607,False,8
pcmax-scheduling-m15-2352-13561-SAT.sanitized.cnf,SATComp2024,main2024,competition_main,588b7cd3d99a54cabded1abd7657d212bb9fe248307a38fb34717e602001e143,kissat,TIMEOUT,60023.247468,False,8
pcmax-scheduling-m19-10199-62102-UNSAT.sanitized.cnf,SATComp2024,main2024,competition_main,a96a2b429de5a560f42e114e990da71caeb8191f056a47f419a4bbd93d83bbad,kissat,TIMEOUT,60022.255735,False,8
pcmax-scheduling-m19-2974-16501-UNSAT.sanitized.cnf,SATComp2024,main2024,competition_main,0ffb4d4caba517f75bf54fd62154e5931c16747fca234fc77c776488e7e6314f,kissat,TIMEOUT,60028.001262,False,8
pcmax-scheduling-m24-17855-226744-SAT.sanitized.cnf,SATComp2024,main2024,competition_main,c6e9cfaeed4a0718e93aa2284f6760a71e6d8ae499043ebeefc5cd7e129ba801,kissat,TIMEOUT,60037.003149,False,8
pcmax-scheduling-m24-24102-255206-SAT.sanitized.cnf,SATComp2024,main2024,competition_main,a8db593056c6fe4445d6f81b232bc781c1917cd624fefff5b33bd818cd44a123,kissat,TIMEOUT,60036.043968,False,8
pcmax-scheduling-m26-6398-62377-UNSAT.sanitized.cnf,SATComp2024,main2024,competition_main,86550b7f3a692f7c6f671a7a4a12bb4e745cdc87038c4d1c75eed2d51f2db150,kissat,TIMEOUT,60025.381616,False,8
pcmax-scheduling-m30-14113-167638-UNSAT.sanitized.cnf,SATComp2024,main2024,competition_main,7cc73d81dbac7c8680cb7c5f6805e6e4d6aa101e5466771d5ce7aacee78d6472,kissat,TIMEOUT,60045.842107,False,8
pcmax-scheduling-m35-32274-371389-SAT.sanitized.cnf,SATComp2024,main2024,competition_main,4b85d00c5cf13164eb20dde3de3271a60ee7bb9d221c896f29863acce6fdbecf,kissat,TIMEOUT,60044.235467,False,8
pcmax-scheduling-m37-28831-324346-SAT.sanitized.cnf,SATComp2024,main2024,competition_main,45c3d81cfe2b42ee5d8a45fec5c18173e5977779e700b35adf2d70223cf8c678,kissat,TIMEOUT,60048.465619,False,8
pcmax-scheduling-m40-26287-324155-SAT.sanitized.cnf,SATComp2024,main2024,competition_main,1db0610cbe403fba88e53e0af5384c7be62d69e643ef68830554b1af987fe780,kissat,TIMEOUT,60049.479322,False,8
pcmax-scheduling-m43-38782-385402-SAT.sanitized.cnf,SATComp2024,main2024,competition_main,fed5c56d366a71833c3b94c8a85698843db542763c91cf3c5d2424476535f4d9,kissat,TIMEOUT,60049.927163,False,8
