set,instance,family,scale,variant,seed,solver,runtime_ms,status,timed_out,par2_ms,structural_result,fallback_used,fallback_engine,fallback_ms,fallback_serialize_ms,fallback_solver_self_ms,fallback_overhead_ms,parse_ms,gate_ms,recovery_ms,registry_ms,flow_ms,witness_ms,conflicts,decisions,propagations,peak_rss_kb,raw_log
accepted14,001_pigeonhole_exact1_boundary_low_scale8_noise0.cnf,pigeonhole_exact1,8,boundary_low,1,kissat,35.154302,UNSATISFIABLE,False,35.154302,,,kissat,,,,,,,,,,,1951,2616,46203,1652,/work/results/phase4b/20260816Tphase4bfallbacklemma01Z/logs/part_a/accepted14_001__001_pigeonhole_exact1_boundary_low_scale8_noise0__kissat__seed1.log
accepted14,001_pigeonhole_exact1_boundary_low_scale8_noise0.cnf,pigeonhole_exact1,8,boundary_low,1,lkk_cadical,35.272377,UNSATISFIABLE,False,35.272377,UNSAT,False,cadical,0,0,0,0,2.21792,0.06038,0.119874,11.2331,0.018374,3.71886,-1,-1,-1,4160,results/phase4b/20260816Tphase4bfallbacklemma01Z/logs/part_a/accepted14_001__001_pigeonhole_exact1_boundary_low_scale8_noise0__lkk_cadical__seed1.log
accepted14,001_pigeonhole_exact1_boundary_low_scale8_noise0.cnf,pigeonhole_exact1,8,boundary_low,1,lkk_kissat,35.444232,UNSATISFIABLE,False,35.444232,UNSAT,False,kissat,0,0,0,0,2.48864,0.069125,0.127391,10.1418,0.013573,2.97886,-1,-1,-1,4176,results/phase4b/20260816Tphase4bfallbacklemma01Z/logs/part_a/accepted14_001__001_pigeonhole_exact1_boundary_low_scale8_noise0__lkk_kissat__seed1.log
accepted14,001_pigeonhole_exact1_boundary_low_scale8_noise0.cnf,pigeonhole_exact1,8,boundary_low,1,lkk_none,36.002382,UNSATISFIABLE,False,36.002382,UNSAT,False,none,0,0,0,0,2.26966,0.062428,0.123621,10.0531,0.017412,2.63655,-1,-1,-1,4076,results/phase4b/20260816Tphase4bfallbacklemma01Z/logs/part_a/accepted14_001__001_pigeonhole_exact1_boundary_low_scale8_noise0__lkk_none__seed1.log
accepted14,001_pigeonhole_exact1_boundary_low_scale8_noise0.cnf,pigeonhole_exact1,8,boundary_low,1,cadical,118.048745,UNSATISFIABLE,False,118.048745,,,cadical,,,,,,,,,,,0,6781,78128,2552,/work/results/phase4b/20260816Tphase4bfallbacklemma01Z/logs/part_a/accepted14_001__001_pigeonhole_exact1_boundary_low_scale8_noise0__cadical__seed1.log
accepted14,001_pigeonhole_exact1_boundary_low_scale8_noise0.cnf,pigeonhole_exact1,8,boundary_low,2,lkk_cadical,34.992437,UNSATISFIABLE,False,34.992437,UNSAT,False,cadical,0,0,0,0,2.22698,0.060302,0.129893,9.87345,0.012669,2.49273,-1,-1,-1,4116,results/phase4b/20260816Tphase4bfallbacklemma01Z/logs/part_a/accepted14_001__001_pigeonhole_exact1_boundary_low_scale8_noise0__lkk_cadical__seed2.log
accepted14,001_pigeonhole_exact1_boundary_low_scale8_noise0.cnf,pigeonhole_exact1,8,boundary_low,2,lkk_kissat,35.101438,UNSATISFIABLE,False,35.101438,UNSAT,False,kissat,0,0,0,0,2.01755,0.058189,0.127184,9.14908,0.014112,3.00125,-1,-1,-1,4168,results/phase4b/20260816Tphase4bfallbacklemma01Z/logs/part_a/accepted14_001__001_pigeonhole_exact1_boundary_low_scale8_noise0__lkk_kissat__seed2.log
accepted14,001_pigeonhole_exact1_boundary_low_scale8_noise0.cnf,pigeonhole_exact1,8,boundary_low,2,lkk_none,35.359728,UNSATISFIABLE,False,35.359728,UNSAT,False,none,0,0,0,0,2.51483,0.086373,0.134313,10.1455,0.012736,2.74911,-1,-1,-1,4212,results/phase4b/20260816Tphase4bfallbacklemma01Z/logs/part_a/accepted14_001__001_pigeonhole_exact1_boundary_low_scale8_noise0__lkk_none__seed2.log
accepted14,001_pigeonhole_exact1_boundary_low_scale8_noise0.cnf,pigeonhole_exact1,8,boundary_low,2,cadical,119.208842,UNSATISFIABLE,False,119.208842,,,cadical,,,,,,,,,,,0,6781,78128,2552,/work/results/phase4b/20260816Tphase4bfallbacklemma01Z/logs/part_a/accepted14_001__001_pigeonhole_exact1_boundary_low_scale8_noise0__cadical__seed2.log
accepted14,001_pigeonhole_exact1_boundary_low_scale8_noise0.cnf,pigeonhole_exact1,8,boundary_low,2,kissat,69.110787,UNSATISFIABLE,False,69.110787,,,kissat,,,,,,,,,,,1941,2707,46345,1652,/work/results/phase4b/20260816Tphase4bfallbacklemma01Z/logs/part_a/accepted14_001__001_pigeonhole_exact1_boundary_low_scale8_noise0__kissat__seed2.log
accepted14,001_pigeonhole_exact1_boundary_low_scale8_noise0.cnf,pigeonhole_exact1,8,boundary_low,3,lkk_kissat,36.135602,UNSATISFIABLE,False,36.135602,UNSAT,False,kissat,0,0,0,0,2.77866,0.08459,0.156267,12.1,0.016327,3.67295,-1,-1,-1,4160,results/phase4b/20260816Tphase4bfallbacklemma01Z/logs/part_a/accepted14_001__001_pigeonhole_exact1_boundary_low_scale8_noise0__lkk_kissat__seed3.log
accepted14,001_pigeonhole_exact1_boundary_low_scale8_noise0.cnf,pigeonhole_exact1,8,boundary_low,3,lkk_none,35.548499,UNSATISFIABLE,False,35.548499,UNSAT,False,none,0,0,0,0,2.53114,0.082899,0.141415,11.3853,0.015755,3.38582,-1,-1,-1,4268,results/phase4b/20260816Tphase4bfallbacklemma01Z/logs/part_a/accepted14_001__001_pigeonhole_exact1_boundary_low_scale8_noise0__lkk_none__seed3.log
accepted14,001_pigeonhole_exact1_boundary_low_scale8_noise0.cnf,pigeonhole_exact1,8,boundary_low,3,cadical,117.382402,UNSATISFIABLE,False,117.382402,,,cadical,,,,,,,,,,,0,6781,78128,2552,/work/results/phase4b/20260816Tphase4bfallbacklemma01Z/logs/part_a/accepted14_001__001_pigeonhole_exact1_boundary_low_scale8_noise0__cadical__seed3.log
accepted14,001_pigeonhole_exact1_boundary_low_scale8_noise0.cnf,pigeonhole_exact1,8,boundary_low,3,kissat,68.491855,UNSATISFIABLE,False,68.491855,,,kissat,,,,,,,,,,,1666,2222,39783,1724,/work/results/phase4b/20260816Tphase4bfallbacklemma01Z/logs/part_a/accepted14_001__001_pigeonhole_exact1_boundary_low_scale8_noise0__kissat__seed3.log
accepted14,001_pigeonhole_exact1_boundary_low_scale8_noise0.cnf,pigeonhole_exact1,8,boundary_low,3,lkk_cadical,35.445987,UNSATISFIABLE,False,35.445987,UNSAT,False,cadical,0,0,0,0,2.51696,0.097256,0.144399,10.4971,0.014195,3.06437,-1,-1,-1,4072,results/phase4b/20260816Tphase4bfallbacklemma01Z/logs/part_a/accepted14_001__001_pigeonhole_exact1_boundary_low_scale8_noise0__lkk_cadical__seed3.log
accepted14,002_pigeonhole_exact1_boundary_high_scale10_noise0.cnf,pigeonhole_exact1,10,boundary_high,1,lkk_cadical,66.807389,UNSATISFIABLE,False,66.807389,UNSAT,False,cadical,0,0,0,0,2.52186,0.111191,0.238712,46.0574,0.023235,5.01929,-1,-1,-1,4300,results/phase4b/20260816Tphase4bfallbacklemma01Z/logs/part_a/accepted14_002__002_pigeonhole_exact1_boundary_high_scale10_noise0__lkk_cadical__seed1.log
accepted14,002_pigeonhole_exact1_boundary_high_scale10_noise0.cnf,pigeonhole_exact1,10,boundary_high,1,lkk_kissat,67.403054,UNSATISFIABLE,False,67.403054,UNSAT,False,kissat,0,0,0,0,2.52645,0.136247,0.288559,47.9523,0.022646,3.76982,-1,-1,-1,4188,results/phase4b/20260816Tphase4bfallbacklemma01Z/logs/part_a/accepted14_002__002_pigeonhole_exact1_boundary_high_scale10_noise0__lkk_kissat__seed1.log
accepted14,002_pigeonhole_exact1_boundary_high_scale10_noise0.cnf,pigeonhole_exact1,10,boundary_high,1,lkk_none,67.385281,UNSATISFIABLE,False,67.385281,UNSAT,False,none,0,0,0,0,2.6765,0.123918,0.242865,48.1041,0.022128,4.6723,-1,-1,-1,4400,results/phase4b/20260816Tphase4bfallbacklemma01Z/logs/part_a/accepted14_002__002_pigeonhole_exact1_boundary_high_scale10_noise0__lkk_none__seed1.log
accepted14,002_pigeonhole_exact1_boundary_high_scale10_noise0.cnf,pigeonhole_exact1,10,boundary_high,1,cadical,4433.454269,UNSATISFIABLE,False,4433.454269,,,cadical,,,,,,,,,,,20,377336,3541195,7748,/work/results/phase4b/20260816Tphase4bfallbacklemma01Z/logs/part_a/accepted14_002__002_pigeonhole_exact1_boundary_high_scale10_noise0__cadical__seed1.log
accepted14,002_pigeonhole_exact1_boundary_high_scale10_noise0.cnf,pigeonhole_exact1,10,boundary_high,1,kissat,469.457936,UNSATISFIABLE,False,469.457936,,,kissat,,,,,,,,,,,30284,45848,895524,3120,/work/results/phase4b/20260816Tphase4bfallbacklemma01Z/logs/part_a/accepted14_002__002_pigeonhole_exact1_boundary_high_scale10_noise0__kissat__seed1.log
accepted14,002_pigeonhole_exact1_boundary_high_scale10_noise0.cnf,pigeonhole_exact1,10,boundary_high,2,lkk_kissat,117.968125,UNSATISFIABLE,False,117.968125,UNSAT,False,kissat,0,0,0,0,2.44992,0.11346,0.26104,59.8314,0.025218,6.54061,-1,-1,-1,4264,results/phase4b/20260816Tphase4bfallbacklemma01Z/logs/part_a/accepted14_002__002_pigeonhole_exact1_boundary_high_scale10_noise0__lkk_kissat__seed2.log
accepted14,002_pigeonhole_exact1_boundary_high_scale10_noise0.cnf,pigeonhole_exact1,10,boundary_high,2,lkk_none,66.642744,UNSATISFIABLE,False,66.642744,UNSAT,False,none,0,0,0,0,1.85413,0.131057,0.209202,47.0425,0.022533,5.51167,-1,-1,-1,4252,results/phase4b/20260816Tphase4bfallbacklemma01Z/logs/part_a/accepted14_002__002_pigeonhole_exact1_boundary_high_scale10_noise0__lkk_none__seed2.log
accepted14,002_pigeonhole_exact1_boundary_high_scale10_noise0.cnf,pigeonhole_exact1,10,boundary_high,2,cadical,4131.080223,UNSATISFIABLE,False,4131.080223,,,cadical,,,,,,,,,,,24,399324,3686368,7540,/work/results/phase4b/20260816Tphase4bfallbacklemma01Z/logs/part_a/accepted14_002__002_pigeonhole_exact1_boundary_high_scale10_noise0__cadical__seed2.log
accepted14,002_pigeonhole_exact1_boundary_high_scale10_noise0.cnf,pigeonhole_exact1,10,boundary_high,2,kissat,467.593479,UNSATISFIABLE,False,467.593479,,,kissat,,,,,,,,,,,33371,49462,974886,3124,/work/results/phase4b/20260816Tphase4bfallbacklemma01Z/logs/part_a/accepted14_002__002_pigeonhole_exact1_boundary_high_scale10_noise0__kissat__seed2.log
accepted14,002_pigeonhole_exact1_boundary_high_scale10_noise0.cnf,pigeonhole_exact1,10,boundary_high,2,lkk_cadical,66.564549,UNSATISFIABLE,False,66.564549,UNSAT,False,cadical,0,0,0,0,1.98582,0.099967,0.199421,43.2661,0.021443,4.46781,-1,-1,-1,4452,results/phase4b/20260816Tphase4bfallbacklemma01Z/logs/part_a/accepted14_002__002_pigeonhole_exact1_boundary_high_scale10_noise0__lkk_cadical__seed2.log
accepted14,002_pigeonhole_exact1_boundary_high_scale10_noise0.cnf,pigeonhole_exact1,10,boundary_high,3,lkk_none,66.442158,UNSATISFIABLE,False,66.442158,UNSAT,False,none,0,0,0,0,2.0792,0.113934,0.204618,49.4127,0.020213,4.29754,-1,-1,-1,4196,results/phase4b/20260816Tphase4bfallbacklemma01Z/logs/part_a/accepted14_002__002_pigeonhole_exact1_boundary_high_scale10_noise0__lkk_none__seed3.log
accepted14,002_pigeonhole_exact1_boundary_high_scale10_noise0.cnf,pigeonhole_exact1,10,boundary_high,3,cadical,4787.258276,UNSATISFIABLE,False,4787.258276,,,cadical,,,,,,,,,,,46,370665,3439588,8028,/work/results/phase4b/20260816Tphase4bfallbacklemma01Z/logs/part_a/accepted14_002__002_pigeonhole_exact1_boundary_high_scale10_noise0__cadical__seed3.log
accepted14,002_pigeonhole_exact1_boundary_high_scale10_noise0.cnf,pigeonhole_exact1,10,boundary_high,3,kissat,468.36167,UNSATISFIABLE,False,468.36167,,,kissat,,,,,,,,,,,29487,45208,826551,3008,/work/results/phase4b/20260816Tphase4bfallbacklemma01Z/logs/part_a/accepted14_002__002_pigeonhole_exact1_boundary_high_scale10_noise0__kissat__seed3.log
accepted14,002_pigeonhole_exact1_boundary_high_scale10_noise0.cnf,pigeonhole_exact1,10,boundary_high,3,lkk_cadical,66.537399,UNSATISFIABLE,False,66.537399,UNSAT,False,cadical,0,0,0,0,2.26003,0.129974,0.199691,39.3086,0.017914,3.78208,-1,-1,-1,4260,results/phase4b/20260816Tphase4bfallbacklemma01Z/logs/part_a/accepted14_002__002_pigeonhole_exact1_boundary_high_scale10_noise0__lkk_cadical__seed3.log
accepted14,002_pigeonhole_exact1_boundary_high_scale10_noise0.cnf,pigeonhole_exact1,10,boundary_high,3,lkk_kissat,67.222807,UNSATISFIABLE,False,67.222807,UNSAT,False,kissat,0,0,0,0,2.14,0.105432,0.23224,45.0214,0.02013,6.40865,-1,-1,-1,4344,results/phase4b/20260816Tphase4bfallbacklemma01Z/logs/part_a/accepted14_002__002_pigeonhole_exact1_boundary_high_scale10_noise0__lkk_kissat__seed3.log
accepted14,003_exact_r_allocation_boundary_low_scale9_noise0.cnf,exact_r_allocation,9,boundary_low,1,lkk_kissat,34.264727,UNSATISFIABLE,False,34.264727,UNSAT,False,kissat,0,0,0,0,1.86089,0.106768,0.159472,19.2391,0.01955,3.97627,-1,-1,-1,4152,results/phase4b/20260816Tphase4bfallbacklemma01Z/logs/part_a/accepted14_003__003_exact_r_allocation_boundary_low_scale9_noise0__lkk_kissat__seed1.log
accepted14,003_exact_r_allocation_boundary_low_scale9_noise0.cnf,exact_r_allocation,9,boundary_low,1,lkk_none,34.436742,UNSATISFIABLE,False,34.436742,UNSAT,False,none,0,0,0,0,1.89339,0.108829,0.164566,16.9154,0.010843,2.95724,-1,-1,-1,4256,results/phase4b/20260816Tphase4bfallbacklemma01Z/logs/part_a/accepted14_003__003_exact_r_allocation_boundary_low_scale9_noise0__lkk_none__seed1.log
accepted14,003_exact_r_allocation_boundary_low_scale9_noise0.cnf,exact_r_allocation,9,boundary_low,1,cadical,166.913577,UNSATISFIABLE,False,166.913577,,,cadical,,,,,,,,,,,0,17793,181743,2884,/work/results/phase4b/20260816Tphase4bfallbacklemma01Z/logs/part_a/accepted14_003__003_exact_r_allocation_boundary_low_scale9_noise0__cadical__seed1.log
accepted14,003_exact_r_allocation_boundary_low_scale9_noise0.cnf,exact_r_allocation,9,boundary_low,1,kissat,166.783119,UNSATISFIABLE,False,166.783119,,,kissat,,,,,,,,,,,8181,10125,233008,2260,/work/results/phase4b/20260816Tphase4bfallbacklemma01Z/logs/part_a/accepted14_003__003_exact_r_allocation_boundary_low_scale9_noise0__kissat__seed1.log
accepted14,003_exact_r_allocation_boundary_low_scale9_noise0.cnf,exact_r_allocation,9,boundary_low,1,lkk_cadical,34.332644,UNSATISFIABLE,False,34.332644,UNSAT,False,cadical,0,0,0,0,2.14399,0.107001,0.159151,18.841,0.012977,3.55609,-1,-1,-1,4148,results/phase4b/20260816Tphase4bfallbacklemma01Z/logs/part_a/accepted14_003__003_exact_r_allocation_boundary_low_scale9_noise0__lkk_cadical__seed1.log
accepted14,003_exact_r_allocation_boundary_low_scale9_noise0.cnf,exact_r_allocation,9,boundary_low,2,lkk_none,67.022408,UNSATISFIABLE,False,67.022408,UNSAT,False,none,0,0,0,0,1.92157,0.097063,0.178328,21.8019,0.016438,5.27447,-1,-1,-1,4304,results/phase4b/20260816Tphase4bfallbacklemma01Z/logs/part_a/accepted14_003__003_exact_r_allocation_boundary_low_scale9_noise0__lkk_none__seed2.log
accepted14,003_exact_r_allocation_boundary_low_scale9_noise0.cnf,exact_r_allocation,9,boundary_low,2,cadical,217.49227,UNSATISFIABLE,False,217.49227,,,cadical,,,,,,,,,,,0,17819,183093,2852,/work/results/phase4b/20260816Tphase4bfallbacklemma01Z/logs/part_a/accepted14_003__003_exact_r_allocation_boundary_low_scale9_noise0__cadical__seed2.log
accepted14,003_exact_r_allocation_boundary_low_scale9_noise0.cnf,exact_r_allocation,9,boundary_low,2,kissat,167.044634,UNSATISFIABLE,False,167.044634,,,kissat,,,,,,,,,,,10118,14252,278052,2520,/work/results/phase4b/20260816Tphase4bfallbacklemma01Z/logs/part_a/accepted14_003__003_exact_r_allocation_boundary_low_scale9_noise0__kissat__seed2.log
accepted14,003_exact_r_allocation_boundary_low_scale9_noise0.cnf,exact_r_allocation,9,boundary_low,2,lkk_cadical,67.621811,UNSATISFIABLE,False,67.621811,UNSAT,False,cadical,0,0,0,0,2.48575,0.117113,0.186359,23.9008,0.021368,4.2393,-1,-1,-1,4196,results/phase4b/20260816Tphase4bfallbacklemma01Z/logs/part_a/accepted14_003__003_exact_r_allocation_boundary_low_scale9_noise0__lkk_cadical__seed2.log
accepted14,003_exact_r_allocation_boundary_low_scale9_noise0.cnf,exact_r_allocation,9,boundary_low,2,lkk_kissat,68.812514,UNSATISFIABLE,False,68.812514,UNSAT,False,kissat,0,0,0,0,3.56799,0.180416,0.231483,23.6617,0.015256,4.20816,-1,-1,-1,4280,results/phase4b/20260816Tphase4bfallbacklemma01Z/logs/part_a/accepted14_003__003_exact_r_allocation_boundary_low_scale9_noise0__lkk_kissat__seed2.log
accepted14,003_exact_r_allocation_boundary_low_scale9_noise0.cnf,exact_r_allocation,9,boundary_low,3,cadical,166.848249,UNSATISFIABLE,False,166.848249,,,cadical,,,,,,,,,,,0,17158,177501,2804,/work/results/phase4b/20260816Tphase4bfallbacklemma01Z/logs/part_a/accepted14_003__003_exact_r_allocation_boundary_low_scale9_noise0__cadical__seed3.log
accepted14,003_exact_r_allocation_boundary_low_scale9_noise0.cnf,exact_r_allocation,9,boundary_low,3,kissat,168.040757,UNSATISFIABLE,False,168.040757,,,kissat,,,,,,,,,,,10694,14407,253882,2028,/work/results/phase4b/20260816Tphase4bfallbacklemma01Z/logs/part_a/accepted14_003__003_exact_r_allocation_boundary_low_scale9_noise0__kissat__seed3.log
accepted14,003_exact_r_allocation_boundary_low_scale9_noise0.cnf,exact_r_allocation,9,boundary_low,3,lkk_cadical,34.443966,UNSATISFIABLE,False,34.443966,UNSAT,False,cadical,0,0,0,0,1.88846,0.09401,0.156727,17.9408,0.012464,3.27645,-1,-1,-1,4048,results/phase4b/20260816Tphase4bfallbacklemma01Z/logs/part_a/accepted14_003__003_exact_r_allocation_boundary_low_scale9_noise0__lkk_cadical__seed3.log
accepted14,003_exact_r_allocation_boundary_low_scale9_noise0.cnf,exact_r_allocation,9,boundary_low,3,lkk_kissat,33.994997,UNSATISFIABLE,False,33.994997,UNSAT,False,kissat,0,0,0,0,1.87326,0.104411,0.162662,18.552,0.013267,4.43597,-1,-1,-1,4216,results/phase4b/20260816Tphase4bfallbacklemma01Z/logs/part_a/accepted14_003__003_exact_r_allocation_boundary_low_scale9_noise0__lkk_kissat__seed3.log
accepted14,003_exact_r_allocation_boundary_low_scale9_noise0.cnf,exact_r_allocation,9,boundary_low,3,lkk_none,34.305836,UNSATISFIABLE,False,34.305836,UNSAT,False,none,0,0,0,0,1.81652,0.097866,0.163241,18.325,0.011259,2.83083,-1,-1,-1,4252,results/phase4b/20260816Tphase4bfallbacklemma01Z/logs/part_a/accepted14_003__003_exact_r_allocation_boundary_low_scale9_noise0__lkk_none__seed3.log
accepted14,004_exact_r_allocation_boundary_high_scale11_noise0.cnf,exact_r_allocation,11,boundary_high,1,lkk_none,66.752258,UNKNOWN,False,10000.0,UNKNOWN,True,none,0,0,0,0,2.48404,0.229445,0.348834,27.0783,0,0,-1,-1,-1,4428,results/phase4b/20260816Tphase4bfallbacklemma01Z/logs/part_a/accepted14_004__004_exact_r_allocation_boundary_high_scale11_noise0__lkk_none__seed1.log
accepted14,004_exact_r_allocation_boundary_high_scale11_noise0.cnf,exact_r_allocation,11,boundary_high,1,cadical,5035.670981,TIMEOUT,True,10000.0,,,cadical,,,,,,,,,,,,,,1688,/work/results/phase4b/20260816Tphase4bfallbacklemma01Z/logs/part_a/accepted14_004__004_exact_r_allocation_boundary_high_scale11_noise0__cadical__seed1.log
accepted14,004_exact_r_allocation_boundary_high_scale11_noise0.cnf,exact_r_allocation,11,boundary_high,1,kissat,5036.797535,TIMEOUT,True,10000.0,,,kissat,,,,,,,,,,,,,,1660,/work/results/phase4b/20260816Tphase4bfallbacklemma01Z/logs/part_a/accepted14_004__004_exact_r_allocation_boundary_high_scale11_noise0__kissat__seed1.log
accepted14,004_exact_r_allocation_boundary_high_scale11_noise0.cnf,exact_r_allocation,11,boundary_high,1,lkk_cadical,5038.040132,TIMEOUT,True,10000.0,,,lkk_cadical,,,,,,,,,,,,,,1728,results/phase4b/20260816Tphase4bfallbacklemma01Z/logs/part_a/accepted14_004__004_exact_r_allocation_boundary_high_scale11_noise0__lkk_cadical__seed1.log
accepted14,004_exact_r_allocation_boundary_high_scale11_noise0.cnf,exact_r_allocation,11,boundary_high,1,lkk_kissat,5036.377105,TIMEOUT,True,10000.0,,,lkk_kissat,,,,,,,,,,,,,,1652,results/phase4b/20260816Tphase4bfallbacklemma01Z/logs/part_a/accepted14_004__004_exact_r_allocation_boundary_high_scale11_noise0__lkk_kissat__seed1.log
accepted14,004_exact_r_allocation_boundary_high_scale11_noise0.cnf,exact_r_allocation,11,boundary_high,2,cadical,5036.965149,TIMEOUT,True,10000.0,,,cadical,,,,,,,,,,,,,,1756,/work/results/phase4b/20260816Tphase4bfallbacklemma01Z/logs/part_a/accepted14_004__004_exact_r_allocation_boundary_high_scale11_noise0__cadical__seed2.log
accepted14,004_exact_r_allocation_boundary_high_scale11_noise0.cnf,exact_r_allocation,11,boundary_high,2,kissat,5037.195114,TIMEOUT,True,10000.0,,,kissat,,,,,,,,,,,,,,1664,/work/results/phase4b/20260816Tphase4bfallbacklemma01Z/logs/part_a/accepted14_004__004_exact_r_allocation_boundary_high_scale11_noise0__kissat__seed2.log
accepted14,004_exact_r_allocation_boundary_high_scale11_noise0.cnf,exact_r_allocation,11,boundary_high,2,lkk_cadical,5036.265025,TIMEOUT,True,10000.0,,,lkk_cadical,,,,,,,,,,,,,,1760,results/phase4b/20260816Tphase4bfallbacklemma01Z/logs/part_a/accepted14_004__004_exact_r_allocation_boundary_high_scale11_noise0__lkk_cadical__seed2.log
accepted14,004_exact_r_allocation_boundary_high_scale11_noise0.cnf,exact_r_allocation,11,boundary_high,2,lkk_kissat,5036.585575,TIMEOUT,True,10000.0,,,lkk_kissat,,,,,,,,,,,,,,1660,results/phase4b/20260816Tphase4bfallbacklemma01Z/logs/part_a/accepted14_004__004_exact_r_allocation_boundary_high_scale11_noise0__lkk_kissat__seed2.log
accepted14,004_exact_r_allocation_boundary_high_scale11_noise0.cnf,exact_r_allocation,11,boundary_high,2,lkk_none,67.975323,UNKNOWN,False,10000.0,UNKNOWN,True,none,0,0,0,0,3.19875,0.245255,0.475056,33.2189,0,0,-1,-1,-1,4416,results/phase4b/20260816Tphase4bfallbacklemma01Z/logs/part_a/accepted14_004__004_exact_r_allocation_boundary_high_scale11_noise0__lkk_none__seed2.log
accepted14,004_exact_r_allocation_boundary_high_scale11_noise0.cnf,exact_r_allocation,11,boundary_high,3,kissat,5036.02855,TIMEOUT,True,10000.0,,,kissat,,,,,,,,,,,,,,1744,/work/results/phase4b/20260816Tphase4bfallbacklemma01Z/logs/part_a/accepted14_004__004_exact_r_allocation_boundary_high_scale11_noise0__kissat__seed3.log
accepted14,004_exact_r_allocation_boundary_high_scale11_noise0.cnf,exact_r_allocation,11,boundary_high,3,lkk_cadical,5037.74524,TIMEOUT,True,10000.0,,,lkk_cadical,,,,,,,,,,,,,,1668,results/phase4b/20260816Tphase4bfallbacklemma01Z/logs/part_a/accepted14_004__004_exact_r_allocation_boundary_high_scale11_noise0__lkk_cadical__seed3.log
accepted14,004_exact_r_allocation_boundary_high_scale11_noise0.cnf,exact_r_allocation,11,boundary_high,3,lkk_kissat,5037.323318,TIMEOUT,True,10000.0,,,lkk_kissat,,,,,,,,,,,,,,1756,results/phase4b/20260816Tphase4bfallbacklemma01Z/logs/part_a/accepted14_004__004_exact_r_allocation_boundary_high_scale11_noise0__lkk_kissat__seed3.log
accepted14,004_exact_r_allocation_boundary_high_scale11_noise0.cnf,exact_r_allocation,11,boundary_high,3,lkk_none,67.001529,UNKNOWN,False,10000.0,UNKNOWN,True,none,0,0,0,0,2.44389,0.200268,0.352409,29.189,0,0,-1,-1,-1,4556,results/phase4b/20260816Tphase4bfallbacklemma01Z/logs/part_a/accepted14_004__004_exact_r_allocation_boundary_high_scale11_noise0__lkk_none__seed3.log
accepted14,004_exact_r_allocation_boundary_high_scale11_noise0.cnf,exact_r_allocation,11,boundary_high,3,cadical,5035.722344,TIMEOUT,True,10000.0,,,cadical,,,,,,,,,,,,,,1736,/work/results/phase4b/20260816Tphase4bfallbacklemma01Z/logs/part_a/accepted14_004__004_exact_r_allocation_boundary_high_scale11_noise0__cadical__seed3.log
accepted14,005_overlapping_hall_violation_boundary_low_scale8_noise0.cnf,overlapping_hall_violation,8,boundary_low,1,cadical,468.563813,UNSATISFIABLE,False,468.563813,,,cadical,,,,,,,,,,,10,49432,475080,3480,/work/results/phase4b/20260816Tphase4bfallbacklemma01Z/logs/part_a/accepted14_005__005_overlapping_hall_violation_boundary_low_scale8_noise0__cadical__seed1.log
accepted14,005_overlapping_hall_violation_boundary_low_scale8_noise0.cnf,overlapping_hall_violation,8,boundary_low,1,kissat,167.198571,UNSATISFIABLE,False,167.198571,,,kissat,,,,,,,,,,,8422,12151,245912,2452,/work/results/phase4b/20260816Tphase4bfallbacklemma01Z/logs/part_a/accepted14_005__005_overlapping_hall_violation_boundary_low_scale8_noise0__kissat__seed1.log
accepted14,005_overlapping_hall_violation_boundary_low_scale8_noise0.cnf,overlapping_hall_violation,8,boundary_low,1,lkk_cadical,769.754118,UNSATISFIABLE,False,769.754118,UNKNOWN,True,cadical,423.116,0,423.116,0,2.15022,0.120184,0.289539,325.402,0,0,45027,49432,431302,6864,results/phase4b/20260816Tphase4bfallbacklemma01Z/logs/part_a/accepted14_005__005_overlapping_hall_violation_boundary_low_scale8_noise0__lkk_cadical__seed1.log
accepted14,005_overlapping_hall_violation_boundary_low_scale8_noise0.cnf,overlapping_hall_violation,8,boundary_low,1,lkk_kissat,519.373185,UNSATISFIABLE,False,519.373185,UNKNOWN,True,kissat,108.029,2.29694,90,20.326,2.50632,0.177887,0.35223,342.64,0,0,8422,12151,245912,4236,results/phase4b/20260816Tphase4bfallbacklemma01Z/logs/part_a/accepted14_005__005_overlapping_hall_violation_boundary_low_scale8_noise0__lkk_kissat__seed1.log
accepted14,005_overlapping_hall_violation_boundary_low_scale8_noise0.cnf,overlapping_hall_violation,8,boundary_low,1,lkk_none,469.67389,UNKNOWN,False,10000.0,UNKNOWN,True,none,0,0,0,0,3.228,0.175348,0.358058,454.069,0,0,-1,-1,-1,4504,results/phase4b/20260816Tphase4bfallbacklemma01Z/logs/part_a/accepted14_005__005_overlapping_hall_violation_boundary_low_scale8_noise0__lkk_none__seed1.log
accepted14,005_overlapping_hall_violation_boundary_low_scale8_noise0.cnf,overlapping_hall_violation,8,boundary_low,2,kissat,168.202185,UNSATISFIABLE,False,168.202185,,,kissat,,,,,,,,,,,7581,10588,297832,1924,/work/results/phase4b/20260816Tphase4bfallbacklemma01Z/logs/part_a/accepted14_005__005_overlapping_hall_violation_boundary_low_scale8_noise0__kissat__seed2.log
accepted14,005_overlapping_hall_violation_boundary_low_scale8_noise0.cnf,overlapping_hall_violation,8,boundary_low,2,lkk_cadical,771.509203,UNSATISFIABLE,False,771.509203,UNKNOWN,True,cadical,346.947,0,346.947,0,3.06844,0.186885,0.411958,403.215,0,0,37615,41438,356107,6192,results/phase4b/20260816Tphase4bfallbacklemma01Z/logs/part_a/accepted14_005__005_overlapping_hall_violation_boundary_low_scale8_noise0__lkk_cadical__seed2.log
accepted14,005_overlapping_hall_violation_boundary_low_scale8_noise0.cnf,overlapping_hall_violation,8,boundary_low,2,lkk_kissat,468.409142,UNSATISFIABLE,False,468.409142,UNKNOWN,True,kissat,129.012,3.06274,110,22.0749,2.2809,0.137224,0.322255,295.89,0,0,7581,10588,297832,4512,results/phase4b/20260816Tphase4bfallbacklemma01Z/logs/part_a/accepted14_005__005_overlapping_hall_violation_boundary_low_scale8_noise0__lkk_kissat__seed2.log
accepted14,005_overlapping_hall_violation_boundary_low_scale8_noise0.cnf,overlapping_hall_violation,8,boundary_low,2,lkk_none,369.441238,UNKNOWN,False,10000.0,UNKNOWN,True,none,0,0,0,0,4.04664,0.176006,0.44153,345.686,0,0,-1,-1,-1,4492,results/phase4b/20260816Tphase4bfallbacklemma01Z/logs/part_a/accepted14_005__005_overlapping_hall_violation_boundary_low_scale8_noise0__lkk_none__seed2.log
accepted14,005_overlapping_hall_violation_boundary_low_scale8_noise0.cnf,overlapping_hall_violation,8,boundary_low,2,cadical,369.292663,UNSATISFIABLE,False,369.292663,,,cadical,,,,,,,,,,,6,41438,398267,3272,/work/results/phase4b/20260816Tphase4bfallbacklemma01Z/logs/part_a/accepted14_005__005_overlapping_hall_violation_boundary_low_scale8_noise0__cadical__seed2.log
accepted14,005_overlapping_hall_violation_boundary_low_scale8_noise0.cnf,overlapping_hall_violation,8,boundary_low,3,lkk_cadical,720.285842,UNSATISFIABLE,False,720.285842,UNKNOWN,True,cadical,336.714,0,336.714,0,3.67297,0.169322,0.395471,351.037,0,0,39885,43991,385594,6680,results/phase4b/20260816Tphase4bfallbacklemma01Z/logs/part_a/accepted14_005__005_overlapping_hall_violation_boundary_low_scale8_noise0__lkk_cadical__seed3.log
accepted14,005_overlapping_hall_violation_boundary_low_scale8_noise0.cnf,overlapping_hall_violation,8,boundary_low,3,lkk_kissat,468.976227,UNSATISFIABLE,False,468.976227,UNKNOWN,True,kissat,99.5502,3.03484,80,22.5851,3.00507,0.171402,0.415668,315.177,0,0,7747,10700,231604,4512,results/phase4b/20260816Tphase4bfallbacklemma01Z/logs/part_a/accepted14_005__005_overlapping_hall_violation_boundary_low_scale8_noise0__lkk_kissat__seed3.log
accepted14,005_overlapping_hall_violation_boundary_low_scale8_noise0.cnf,overlapping_hall_violation,8,boundary_low,3,lkk_none,419.231592,UNKNOWN,False,10000.0,UNKNOWN,True,none,0,0,0,0,3.15453,0.174996,0.368406,357.92,0,0,-1,-1,-1,4304,results/phase4b/20260816Tphase4bfallbacklemma01Z/logs/part_a/accepted14_005__005_overlapping_hall_violation_boundary_low_scale8_noise0__lkk_none__seed3.log
accepted14,005_overlapping_hall_violation_boundary_low_scale8_noise0.cnf,overlapping_hall_violation,8,boundary_low,3,cadical,418.354626,UNSATISFIABLE,False,418.354626,,,cadical,,,,,,,,,,,4,43991,427994,3564,/work/results/phase4b/20260816Tphase4bfallbacklemma01Z/logs/part_a/accepted14_005__005_overlapping_hall_violation_boundary_low_scale8_noise0__cadical__seed3.log
accepted14,005_overlapping_hall_violation_boundary_low_scale8_noise0.cnf,overlapping_hall_violation,8,boundary_low,3,kissat,116.78268,UNSATISFIABLE,False,116.78268,,,kissat,,,,,,,,,,,7747,10700,231604,1976,/work/results/phase4b/20260816Tphase4bfallbacklemma01Z/logs/part_a/accepted14_005__005_overlapping_hall_violation_boundary_low_scale8_noise0__kissat__seed3.log
accepted14,006_overlapping_hall_violation_boundary_high_scale9_noise0.cnf,overlapping_hall_violation,9,boundary_high,1,kissat,469.424247,UNSATISFIABLE,False,469.424247,,,kissat,,,,,,,,,,,20328,29315,600597,3268,/work/results/phase4b/20260816Tphase4bfallbacklemma01Z/logs/part_a/accepted14_006__006_overlapping_hall_violation_boundary_high_scale9_noise0__kissat__seed1.log
accepted14,006_overlapping_hall_violation_boundary_high_scale9_noise0.cnf,overlapping_hall_violation,9,boundary_high,1,lkk_cadical,4636.693835,UNSATISFIABLE,False,4636.693835,UNKNOWN,True,cadical,4160.9,0,4160.9,0,3.50603,0.246587,0.524678,425.661,0,0,341858,368940,3210303,10052,results/phase4b/20260816Tphase4bfallbacklemma01Z/logs/part_a/accepted14_006__006_overlapping_hall_violation_boundary_high_scale9_noise0__lkk_cadical__seed1.log
accepted14,006_overlapping_hall_violation_boundary_high_scale9_noise0.cnf,overlapping_hall_violation,9,boundary_high,1,lkk_kissat,972.426006,UNSATISFIABLE,False,972.426006,UNKNOWN,True,kissat,378.154,3.11214,340,41.266,4.27967,0.311606,0.616686,515.528,0,0,20328,29315,600597,4620,results/phase4b/20260816Tphase4bfallbacklemma01Z/logs/part_a/accepted14_006__006_overlapping_hall_violation_boundary_high_scale9_noise0__lkk_kissat__seed1.log
accepted14,006_overlapping_hall_violation_boundary_high_scale9_noise0.cnf,overlapping_hall_violation,9,boundary_high,1,lkk_none,469.482898,UNKNOWN,False,10000.0,UNKNOWN,True,none,0,0,0,0,2.77488,0.23853,0.518933,425.657,0,0,-1,-1,-1,4560,results/phase4b/20260816Tphase4bfallbacklemma01Z/logs/part_a/accepted14_006__006_overlapping_hall_violation_boundary_high_scale9_noise0__lkk_none__seed1.log
accepted14,006_overlapping_hall_violation_boundary_high_scale9_noise0.cnf,overlapping_hall_violation,9,boundary_high,1,cadical,4533.415067,UNSATISFIABLE,False,4533.415067,,,cadical,,,,,,,,,,,102,368940,3518818,6992,/work/results/phase4b/20260816Tphase4bfallbacklemma01Z/logs/part_a/accepted14_006__006_overlapping_hall_violation_boundary_high_scale9_noise0__cadical__seed1.log
accepted14,006_overlapping_hall_violation_boundary_high_scale9_noise0.cnf,overlapping_hall_violation,9,boundary_high,2,lkk_cadical,4635.471021,UNSATISFIABLE,False,4635.471021,UNKNOWN,True,cadical,4122.74,0,4122.74,0,2.86333,0.256207,0.465539,483.014,0,0,369257,394508,3410704,10616,results/phase4b/20260816Tphase4bfallbacklemma01Z/logs/part_a/accepted14_006__006_overlapping_hall_violation_boundary_high_scale9_noise0__lkk_cadical__seed2.log
accepted14,006_overlapping_hall_violation_boundary_high_scale9_noise0.cnf,overlapping_hall_violation,9,boundary_high,2,lkk_kissat,718.909219,UNSATISFIABLE,False,718.909219,UNKNOWN,True,kissat,312.823,3.6197,290,26.4425,2.40174,0.188354,0.414172,354.795,0,0,17904,27377,546537,4712,results/phase4b/20260816Tphase4bfallbacklemma01Z/logs/part_a/accepted14_006__006_overlapping_hall_violation_boundary_high_scale9_noise0__lkk_kissat__seed2.log
accepted14,006_overlapping_hall_violation_boundary_high_scale9_noise0.cnf,overlapping_hall_violation,9,boundary_high,2,lkk_none,418.304917,UNKNOWN,False,10000.0,UNKNOWN,True,none,0,0,0,0,2.52482,0.215609,0.396035,394.683,0,0,-1,-1,-1,4572,results/phase4b/20260816Tphase4bfallbacklemma01Z/logs/part_a/accepted14_006__006_overlapping_hall_violation_boundary_high_scale9_noise0__lkk_none__seed2.log
accepted14,006_overlapping_hall_violation_boundary_high_scale9_noise0.cnf,overlapping_hall_violation,9,boundary_high,2,cadical,4133.531957,UNSATISFIABLE,False,4133.531957,,,cadical,,,,,,,,,,,22,394508,3674003,7212,/work/results/phase4b/20260816Tphase4bfallbacklemma01Z/logs/part_a/accepted14_006__006_overlapping_hall_violation_boundary_high_scale9_noise0__cadical__seed2.log
accepted14,006_overlapping_hall_violation_boundary_high_scale9_noise0.cnf,overlapping_hall_violation,9,boundary_high,2,kissat,368.245425,UNSATISFIABLE,False,368.245425,,,kissat,,,,,,,,,,,17904,27377,546537,3012,/work/results/phase4b/20260816Tphase4bfallbacklemma01Z/logs/part_a/accepted14_006__006_overlapping_hall_violation_boundary_high_scale9_noise0__kissat__seed2.log
accepted14,006_overlapping_hall_violation_boundary_high_scale9_noise0.cnf,overlapping_hall_violation,9,boundary_high,3,lkk_kissat,770.597134,UNSATISFIABLE,False,770.597134,UNKNOWN,True,kissat,342.946,8.00353,320,30.9496,3.17141,0.265852,0.527218,376.694,0,0,20905,29125,613282,4544,results/phase4b/20260816Tphase4bfallbacklemma01Z/logs/part_a/accepted14_006__006_overlapping_hall_violation_boundary_high_scale9_noise0__lkk_kissat__seed3.log
accepted14,006_overlapping_hall_violation_boundary_high_scale9_noise0.cnf,overlapping_hall_violation,9,boundary_high,3,lkk_none,470.118163,UNKNOWN,False,10000.0,UNKNOWN,True,none,0,0,0,0,4.10557,0.295877,0.551973,430.303,0,0,-1,-1,-1,4536,results/phase4b/20260816Tphase4bfallbacklemma01Z/logs/part_a/accepted14_006__006_overlapping_hall_violation_boundary_high_scale9_noise0__lkk_none__seed3.log
accepted14,006_overlapping_hall_violation_boundary_high_scale9_noise0.cnf,overlapping_hall_violation,9,boundary_high,3,cadical,3429.840717,UNSATISFIABLE,False,3429.840717,,,cadical,,,,,,,,,,,22,337237,3239857,5912,/work/results/phase4b/20260816Tphase4bfallbacklemma01Z/logs/part_a/accepted14_006__006_overlapping_hall_violation_boundary_high_scale9_noise0__cadical__seed3.log
accepted14,006_overlapping_hall_violation_boundary_high_scale9_noise0.cnf,overlapping_hall_violation,9,boundary_high,3,kissat,367.557092,UNSATISFIABLE,False,367.557092,,,kissat,,,,,,,,,,,20905,29125,613282,2740,/work/results/phase4b/20260816Tphase4bfallbacklemma01Z/logs/part_a/accepted14_006__006_overlapping_hall_violation_boundary_high_scale9_noise0__kissat__seed3.log
accepted14,006_overlapping_hall_violation_boundary_high_scale9_noise0.cnf,overlapping_hall_violation,9,boundary_high,3,lkk_cadical,3831.706941,UNSATISFIABLE,False,3831.706941,UNKNOWN,True,cadical,3411.47,0,3411.47,0,2.58285,0.24159,0.459403,375.157,0,0,313426,337237,2960222,8980,results/phase4b/20260816Tphase4bfallbacklemma01Z/logs/part_a/accepted14_006__006_overlapping_hall_violation_boundary_high_scale9_noise0__lkk_cadical__seed3.log
accepted14,007_capacity2_violation_boundary_low_scale5_noise0.cnf,capacity2_violation,5,boundary_low,1,lkk_cadical,268.249753,UNSATISFIABLE,False,268.249753,UNSAT,False,cadical,0,0,0,0,2.60417,0.138194,0.327182,218.079,0.013913,5.55797,-1,-1,-1,4368,results/phase4b/20260816Tphase4bfallbacklemma01Z/logs/part_a/accepted14_007__007_capacity2_violation_boundary_low_scale5_noise0__lkk_cadical__seed1.log
accepted14,007_capacity2_violation_boundary_low_scale5_noise0.cnf,capacity2_violation,5,boundary_low,1,lkk_kissat,267.74463,UNSATISFIABLE,False,267.74463,UNSAT,False,kissat,0,0,0,0,2.03838,0.121167,0.309555,206.409,0.013596,4.67325,-1,-1,-1,4316,results/phase4b/20260816Tphase4bfallbacklemma01Z/logs/part_a/accepted14_007__007_capacity2_violation_boundary_low_scale5_noise0__lkk_kissat__seed1.log
accepted14,007_capacity2_violation_boundary_low_scale5_noise0.cnf,capacity2_violation,5,boundary_low,1,lkk_none,268.111102,UNSATISFIABLE,False,268.111102,UNSAT,False,none,0,0,0,0,2.22238,0.143085,0.280733,230.642,0.015037,4.2215,-1,-1,-1,4328,results/phase4b/20260816Tphase4bfallbacklemma01Z/logs/part_a/accepted14_007__007_capacity2_violation_boundary_low_scale5_noise0__lkk_none__seed1.log
accepted14,007_capacity2_violation_boundary_low_scale5_noise0.cnf,capacity2_violation,5,boundary_low,1,cadical,669.144708,UNSATISFIABLE,False,669.144708,,,cadical,,,,,,,,,,,68,55232,446092,4784,/work/results/phase4b/20260816Tphase4bfallbacklemma01Z/logs/part_a/accepted14_007__007_capacity2_violation_boundary_low_scale5_noise0__cadical__seed1.log
accepted14,007_capacity2_violation_boundary_low_scale5_noise0.cnf,capacity2_violation,5,boundary_low,1,kissat,268.393256,UNSATISFIABLE,False,268.393256,,,kissat,,,,,,,,,,,13246,20778,374255,2816,/work/results/phase4b/20260816Tphase4bfallbacklemma01Z/logs/part_a/accepted14_007__007_capacity2_violation_boundary_low_scale5_noise0__kissat__seed1.log
accepted14,007_capacity2_violation_boundary_low_scale5_noise0.cnf,capacity2_violation,5,boundary_low,2,lkk_kissat,268.319258,UNSATISFIABLE,False,268.319258,UNSAT,False,kissat,0,0,0,0,2.63945,0.131261,0.288246,250.317,0.016716,5.3765,-1,-1,-1,4524,results/phase4b/20260816Tphase4bfallbacklemma01Z/logs/part_a/accepted14_007__007_capacity2_violation_boundary_low_scale5_noise0__lkk_kissat__seed2.log
accepted14,007_capacity2_violation_boundary_low_scale5_noise0.cnf,capacity2_violation,5,boundary_low,2,lkk_none,268.069199,UNSATISFIABLE,False,268.069199,UNSAT,False,none,0,0,0,0,2.82319,0.141091,0.30027,228.366,0.014373,5.98982,-1,-1,-1,4480,results/phase4b/20260816Tphase4bfallbacklemma01Z/logs/part_a/accepted14_007__007_capacity2_violation_boundary_low_scale5_noise0__lkk_none__seed2.log
accepted14,007_capacity2_violation_boundary_low_scale5_noise0.cnf,capacity2_violation,5,boundary_low,2,cadical,920.408294,UNSATISFIABLE,False,920.408294,,,cadical,,,,,,,,,,,12,73860,591599,4740,/work/results/phase4b/20260816Tphase4bfallbacklemma01Z/logs/part_a/accepted14_007__007_capacity2_violation_boundary_low_scale5_noise0__cadical__seed2.log
accepted14,007_capacity2_violation_boundary_low_scale5_noise0.cnf,capacity2_violation,5,boundary_low,2,kissat,268.033866,UNSATISFIABLE,False,268.033866,,,kissat,,,,,,,,,,,14849,25186,427930,2824,/work/results/phase4b/20260816Tphase4bfallbacklemma01Z/logs/part_a/accepted14_007__007_capacity2_violation_boundary_low_scale5_noise0__kissat__seed2.log
accepted14,007_capacity2_violation_boundary_low_scale5_noise0.cnf,capacity2_violation,5,boundary_low,2,lkk_cadical,269.06937,UNSATISFIABLE,False,269.06937,UNSAT,False,cadical,0,0,0,0,2.4625,0.13434,0.316156,233.424,0.016766,14.1152,-1,-1,-1,4364,results/phase4b/20260816Tphase4bfallbacklemma01Z/logs/part_a/accepted14_007__007_capacity2_violation_boundary_low_scale5_noise0__lkk_cadical__seed2.log
accepted14,007_capacity2_violation_boundary_low_scale5_noise0.cnf,capacity2_violation,5,boundary_low,3,lkk_none,321.284155,UNSATISFIABLE,False,321.284155,UNSAT,False,none,0,0,0,0,4.37001,0.235168,0.502368,260.055,0.018397,6.27137,-1,-1,-1,4460,results/phase4b/20260816Tphase4bfallbacklemma01Z/logs/part_a/accepted14_007__007_capacity2_violation_boundary_low_scale5_noise0__lkk_none__seed3.log
accepted14,007_capacity2_violation_boundary_low_scale5_noise0.cnf,capacity2_violation,5,boundary_low,3,cadical,1974.896139,UNSATISFIABLE,False,1974.896139,,,cadical,,,,,,,,,,,16,98674,766698,7948,/work/results/phase4b/20260816Tphase4bfallbacklemma01Z/logs/part_a/accepted14_007__007_capacity2_violation_boundary_low_scale5_noise0__cadical__seed3.log
accepted14,007_capacity2_violation_boundary_low_scale5_noise0.cnf,capacity2_violation,5,boundary_low,3,kissat,267.753077,UNSATISFIABLE,False,267.753077,,,kissat,,,,,,,,,,,14074,21500,405586,2824,/work/results/phase4b/20260816Tphase4bfallbacklemma01Z/logs/part_a/accepted14_007__007_capacity2_violation_boundary_low_scale5_noise0__kissat__seed3.log
accepted14,007_capacity2_violation_boundary_low_scale5_noise0.cnf,capacity2_violation,5,boundary_low,3,lkk_cadical,267.939151,UNSATISFIABLE,False,267.939151,UNSAT,False,cadical,0,0,0,0,2.59552,0.142333,0.312465,217.448,0.012963,5.04926,-1,-1,-1,4384,results/phase4b/20260816Tphase4bfallbacklemma01Z/logs/part_a/accepted14_007__007_capacity2_violation_boundary_low_scale5_noise0__lkk_cadical__seed3.log
accepted14,007_capacity2_violation_boundary_low_scale5_noise0.cnf,capacity2_violation,5,boundary_low,3,lkk_kissat,267.711316,UNSATISFIABLE,False,267.711316,UNSAT,False,kissat,0,0,0,0,2.14356,0.120699,0.267246,221.072,0.014485,4.77577,-1,-1,-1,4528,results/phase4b/20260816Tphase4bfallbacklemma01Z/logs/part_a/accepted14_007__007_capacity2_violation_boundary_low_scale5_noise0__lkk_kissat__seed3.log
accepted14,008_capacity2_violation_noise100_scale5_noise100.cnf,capacity2_violation,5,noise100,1,lkk_kissat,419.822867,UNSATISFIABLE,False,419.822867,UNSAT,False,kissat,0,0,0,0,3.02125,0.355675,0.719554,349.255,0.014345,7.66201,-1,-1,-1,4576,results/phase4b/20260816Tphase4bfallbacklemma01Z/logs/part_a/accepted14_008__008_capacity2_violation_noise100_scale5_noise100__lkk_kissat__seed1.log
accepted14,008_capacity2_violation_noise100_scale5_noise100.cnf,capacity2_violation,5,noise100,1,lkk_none,369.650255,UNSATISFIABLE,False,369.650255,UNSAT,False,none,0,0,0,0,4.36127,0.462274,0.886159,342.454,0.026214,7.58064,-1,-1,-1,4612,results/phase4b/20260816Tphase4bfallbacklemma01Z/logs/part_a/accepted14_008__008_capacity2_violation_noise100_scale5_noise100__lkk_none__seed1.log
accepted14,008_capacity2_violation_noise100_scale5_noise100.cnf,capacity2_violation,5,noise100,1,cadical,2025.42279,UNSATISFIABLE,False,2025.42279,,,cadical,,,,,,,,,,,22,96830,740622,8560,/work/results/phase4b/20260816Tphase4bfallbacklemma01Z/logs/part_a/accepted14_008__008_capacity2_violation_noise100_scale5_noise100__cadical__seed1.log
accepted14,008_capacity2_violation_noise100_scale5_noise100.cnf,capacity2_violation,5,noise100,1,kissat,218.235718,UNSATISFIABLE,False,218.235718,,,kissat,,,,,,,,,,,9859,19705,297201,2756,/work/results/phase4b/20260816Tphase4bfallbacklemma01Z/logs/part_a/accepted14_008__008_capacity2_violation_noise100_scale5_noise100__kissat__seed1.log
accepted14,008_capacity2_violation_noise100_scale5_noise100.cnf,capacity2_violation,5,noise100,1,lkk_cadical,368.890734,UNSATISFIABLE,False,368.890734,UNSAT,False,cadical,0,0,0,0,3.46386,0.410111,0.82398,303.631,0.016143,6.84645,-1,-1,-1,4444,results/phase4b/20260816Tphase4bfallbacklemma01Z/logs/part_a/accepted14_008__008_capacity2_violation_noise100_scale5_noise100__lkk_cadical__seed1.log
accepted14,008_capacity2_violation_noise100_scale5_noise100.cnf,capacity2_violation,5,noise100,2,lkk_none,368.33164,UNSATISFIABLE,False,368.33164,UNSAT,False,none,0,0,0,0,3.12505,0.388794,0.683111,313.565,0.014426,7.31707,-1,-1,-1,4720,results/phase4b/20260816Tphase4bfallbacklemma01Z/logs/part_a/accepted14_008__008_capacity2_violation_noise100_scale5_noise100__lkk_none__seed2.log
accepted14,008_capacity2_violation_noise100_scale5_noise100.cnf,capacity2_violation,5,noise100,2,cadical,1421.240863,UNSATISFIABLE,False,1421.240863,,,cadical,,,,,,,,,,,6,85887,675400,6748,/work/results/phase4b/20260816Tphase4bfallbacklemma01Z/logs/part_a/accepted14_008__008_capacity2_violation_noise100_scale5_noise100__cadical__seed2.log
accepted14,008_capacity2_violation_noise100_scale5_noise100.cnf,capacity2_violation,5,noise100,2,kissat,217.406139,UNSATISFIABLE,False,217.406139,,,kissat,,,,,,,,,,,10701,20617,318583,2924,/work/results/phase4b/20260816Tphase4bfallbacklemma01Z/logs/part_a/accepted14_008__008_capacity2_violation_noise100_scale5_noise100__kissat__seed2.log
accepted14,008_capacity2_violation_noise100_scale5_noise100.cnf,capacity2_violation,5,noise100,2,lkk_cadical,318.82678,UNSATISFIABLE,False,318.82678,UNSAT,False,cadical,0,0,0,0,3.7226,0.444293,0.82893,291.796,0.013478,6.95867,-1,-1,-1,4784,results/phase4b/20260816Tphase4bfallbacklemma01Z/logs/part_a/accepted14_008__008_capacity2_violation_noise100_scale5_noise100__lkk_cadical__seed2.log
accepted14,008_capacity2_violation_noise100_scale5_noise100.cnf,capacity2_violation,5,noise100,2,lkk_kissat,368.123176,UNSATISFIABLE,False,368.123176,UNSAT,False,kissat,0,0,0,0,2.71302,0.309995,0.629997,303.324,0.013304,6.42944,-1,-1,-1,4684,results/phase4b/20260816Tphase4bfallbacklemma01Z/logs/part_a/accepted14_008__008_capacity2_violation_noise100_scale5_noise100__lkk_kissat__seed2.log
accepted14,008_capacity2_violation_noise100_scale5_noise100.cnf,capacity2_violation,5,noise100,3,cadical,1070.666178,UNSATISFIABLE,False,1070.666178,,,cadical,,,,,,,,,,,4,60555,468108,6812,/work/results/phase4b/20260816Tphase4bfallbacklemma01Z/logs/part_a/accepted14_008__008_capacity2_violation_noise100_scale5_noise100__cadical__seed3.log
accepted14,008_capacity2_violation_noise100_scale5_noise100.cnf,capacity2_violation,5,noise100,3,kissat,267.545875,UNSATISFIABLE,False,267.545875,,,kissat,,,,,,,,,,,12790,23122,451637,2912,/work/results/phase4b/20260816Tphase4bfallbacklemma01Z/logs/part_a/accepted14_008__008_capacity2_violation_noise100_scale5_noise100__kissat__seed3.log
accepted14,008_capacity2_violation_noise100_scale5_noise100.cnf,capacity2_violation,5,noise100,3,lkk_cadical,317.557573,UNSATISFIABLE,False,317.557573,UNSAT,False,cadical,0,0,0,0,2.35929,0.315249,0.623335,291.139,0.018822,6.99589,-1,-1,-1,4712,results/phase4b/20260816Tphase4bfallbacklemma01Z/logs/part_a/accepted14_008__008_capacity2_violation_noise100_scale5_noise100__lkk_cadical__seed3.log
accepted14,008_capacity2_violation_noise100_scale5_noise100.cnf,capacity2_violation,5,noise100,3,lkk_kissat,367.773425,UNSATISFIABLE,False,367.773425,UNSAT,False,kissat,0,0,0,0,2.5399,0.35407,0.634482,305.398,0.020102,6.6232,-1,-1,-1,4496,results/phase4b/20260816Tphase4bfallbacklemma01Z/logs/part_a/accepted14_008__008_capacity2_violation_noise100_scale5_noise100__lkk_kissat__seed3.log
accepted14,008_capacity2_violation_noise100_scale5_noise100.cnf,capacity2_violation,5,noise100,3,lkk_none,368.882647,UNSATISFIABLE,False,368.882647,UNSAT,False,none,0,0,0,0,3.69454,0.386455,0.74542,319.856,0.014397,6.82689,-1,-1,-1,4596,results/phase4b/20260816Tphase4bfallbacklemma01Z/logs/part_a/accepted14_008__008_capacity2_violation_noise100_scale5_noise100__lkk_none__seed3.log
accepted14,009_hidden_pigeonhole_visible_noise0_scale9_noise0.cnf,hidden_pigeonhole,9,visible_noise0,1,lkk_none,66.651049,UNSATISFIABLE,False,66.651049,UNSAT,False,none,0,0,0,0,2.299,0.171799,0.939781,36.3712,0.01919,6.0558,-1,-1,-1,4608,results/phase4b/20260816Tphase4bfallbacklemma01Z/logs/part_a/accepted14_009__009_hidden_pigeonhole_visible_noise0_scale9_noise0__lkk_none__seed1.log
accepted14,009_hidden_pigeonhole_visible_noise0_scale9_noise0.cnf,hidden_pigeonhole,9,visible_noise0,1,cadical,468.475466,UNSATISFIABLE,False,468.475466,,,cadical,,,,,,,,,,,2,45648,401805,3508,/work/results/phase4b/20260816Tphase4bfallbacklemma01Z/logs/part_a/accepted14_009__009_hidden_pigeonhole_visible_noise0_scale9_noise0__cadical__seed1.log
accepted14,009_hidden_pigeonhole_visible_noise0_scale9_noise0.cnf,hidden_pigeonhole,9,visible_noise0,1,kissat,117.179363,UNSATISFIABLE,False,117.179363,,,kissat,,,,,,,,,,,7539,21634,265025,2468,/work/results/phase4b/20260816Tphase4bfallbacklemma01Z/logs/part_a/accepted14_009__009_hidden_pigeonhole_visible_noise0_scale9_noise0__kissat__seed1.log
accepted14,009_hidden_pigeonhole_visible_noise0_scale9_noise0.cnf,hidden_pigeonhole,9,visible_noise0,1,lkk_cadical,67.935739,UNSATISFIABLE,False,67.935739,UNSAT,False,cadical,0,0,0,0,3.00064,0.192201,1.05439,34.5413,0.020321,7.07386,-1,-1,-1,4436,results/phase4b/20260816Tphase4bfallbacklemma01Z/logs/part_a/accepted14_009__009_hidden_pigeonhole_visible_noise0_scale9_noise0__lkk_cadical__seed1.log
accepted14,009_hidden_pigeonhole_visible_noise0_scale9_noise0.cnf,hidden_pigeonhole,9,visible_noise0,1,lkk_kissat,119.06197,UNSATISFIABLE,False,119.06197,UNSAT,False,kissat,0,0,0,0,3.81306,0.292856,1.36849,44.5129,0.021543,7.68475,-1,-1,-1,4652,results/phase4b/20260816Tphase4bfallbacklemma01Z/logs/part_a/accepted14_009__009_hidden_pigeonhole_visible_noise0_scale9_noise0__lkk_kissat__seed1.log
accepted14,009_hidden_pigeonhole_visible_noise0_scale9_noise0.cnf,hidden_pigeonhole,9,visible_noise0,2,cadical,569.74397,UNSATISFIABLE,False,569.74397,,,cadical,,,,,,,,,,,4,57384,506031,3380,/work/results/phase4b/20260816Tphase4bfallbacklemma01Z/logs/part_a/accepted14_009__009_hidden_pigeonhole_visible_noise0_scale9_noise0__cadical__seed2.log
accepted14,009_hidden_pigeonhole_visible_noise0_scale9_noise0.cnf,hidden_pigeonhole,9,visible_noise0,2,kissat,117.154429,UNSATISFIABLE,False,117.154429,,,kissat,,,,,,,,,,,7851,23190,271081,2468,/work/results/phase4b/20260816Tphase4bfallbacklemma01Z/logs/part_a/accepted14_009__009_hidden_pigeonhole_visible_noise0_scale9_noise0__kissat__seed2.log
accepted14,009_hidden_pigeonhole_visible_noise0_scale9_noise0.cnf,hidden_pigeonhole,9,visible_noise0,2,lkk_cadical,68.801746,UNSATISFIABLE,False,68.801746,UNSAT,False,cadical,0,0,0,0,2.50517,0.199171,1.11955,38.7237,0.02371,8.09272,-1,-1,-1,4544,results/phase4b/20260816Tphase4bfallbacklemma01Z/logs/part_a/accepted14_009__009_hidden_pigeonhole_visible_noise0_scale9_noise0__lkk_cadical__seed2.log
accepted14,009_hidden_pigeonhole_visible_noise0_scale9_noise0.cnf,hidden_pigeonhole,9,visible_noise0,2,lkk_kissat,68.49248,UNSATISFIABLE,False,68.49248,UNSAT,False,kissat,0,0,0,0,2.57016,0.204094,1.12194,40.5626,0.028719,9.83835,-1,-1,-1,4648,results/phase4b/20260816Tphase4bfallbacklemma01Z/logs/part_a/accepted14_009__009_hidden_pigeonhole_visible_noise0_scale9_noise0__lkk_kissat__seed2.log
accepted14,009_hidden_pigeonhole_visible_noise0_scale9_noise0.cnf,hidden_pigeonhole,9,visible_noise0,2,lkk_none,67.455362,UNSATISFIABLE,False,67.455362,UNSAT,False,none,0,0,0,0,5.46802,0.221352,1.24286,34.3103,0.019458,6.66739,-1,-1,-1,4644,results/phase4b/20260816Tphase4bfallbacklemma01Z/logs/part_a/accepted14_009__009_hidden_pigeonhole_visible_noise0_scale9_noise0__lkk_none__seed2.log
accepted14,009_hidden_pigeonhole_visible_noise0_scale9_noise0.cnf,hidden_pigeonhole,9,visible_noise0,3,kissat,168.870047,UNSATISFIABLE,False,168.870047,,,kissat,,,,,,,,,,,7316,21836,252249,2464,/work/results/phase4b/20260816Tphase4bfallbacklemma01Z/logs/part_a/accepted14_009__009_hidden_pigeonhole_visible_noise0_scale9_noise0__kissat__seed3.log
accepted14,009_hidden_pigeonhole_visible_noise0_scale9_noise0.cnf,hidden_pigeonhole,9,visible_noise0,3,lkk_cadical,68.031265,UNSATISFIABLE,False,68.031265,UNSAT,False,cadical,0,0,0,0,3.21334,0.225928,1.14136,33.6006,0.016275,5.90795,-1,-1,-1,4680,results/phase4b/20260816Tphase4bfallbacklemma01Z/logs/part_a/accepted14_009__009_hidden_pigeonhole_visible_noise0_scale9_noise0__lkk_cadical__seed3.log
accepted14,009_hidden_pigeonhole_visible_noise0_scale9_noise0.cnf,hidden_pigeonhole,9,visible_noise0,3,lkk_kissat,66.755112,UNSATISFIABLE,False,66.755112,UNSAT,False,kissat,0,0,0,0,2.18089,0.170925,0.952183,36.9211,0.022096,7.58804,-1,-1,-1,4696,results/phase4b/20260816Tphase4bfallbacklemma01Z/logs/part_a/accepted14_009__009_hidden_pigeonhole_visible_noise0_scale9_noise0__lkk_kissat__seed3.log
accepted14,009_hidden_pigeonhole_visible_noise0_scale9_noise0.cnf,hidden_pigeonhole,9,visible_noise0,3,lkk_none,66.986608,UNSATISFIABLE,False,66.986608,UNSAT,False,none,0,0,0,0,2.39942,0.179646,1.08822,34.6362,0.018765,7.48756,-1,-1,-1,4532,results/phase4b/20260816Tphase4bfallbacklemma01Z/logs/part_a/accepted14_009__009_hidden_pigeonhole_visible_noise0_scale9_noise0__lkk_none__seed3.log
accepted14,009_hidden_pigeonhole_visible_noise0_scale9_noise0.cnf,hidden_pigeonhole,9,visible_noise0,3,cadical,418.363963,UNSATISFIABLE,False,418.363963,,,cadical,,,,,,,,,,,6,47366,420005,3508,/work/results/phase4b/20260816Tphase4bfallbacklemma01Z/logs/part_a/accepted14_009__009_hidden_pigeonhole_visible_noise0_scale9_noise0__cadical__seed3.log
accepted14,010_hidden_pigeonhole_hidden_noise100_scale9_noise100.cnf,hidden_pigeonhole,9,hidden_noise100,1,cadical,518.67365,UNSATISFIABLE,False,518.67365,,,cadical,,,,,,,,,,,2,56902,499087,3896,/work/results/phase4b/20260816Tphase4bfallbacklemma01Z/logs/part_a/accepted14_010__010_hidden_pigeonhole_hidden_noise100_scale9_noise100__cadical__seed1.log
accepted14,010_hidden_pigeonhole_hidden_noise100_scale9_noise100.cnf,hidden_pigeonhole,9,hidden_noise100,1,kissat,116.91926,UNSATISFIABLE,False,116.91926,,,kissat,,,,,,,,,,,7468,23855,299006,2540,/work/results/phase4b/20260816Tphase4bfallbacklemma01Z/logs/part_a/accepted14_010__010_hidden_pigeonhole_hidden_noise100_scale9_noise100__kissat__seed1.log
accepted14,010_hidden_pigeonhole_hidden_noise100_scale9_noise100.cnf,hidden_pigeonhole,9,hidden_noise100,1,lkk_cadical,469.774102,UNSATISFIABLE,False,469.774102,UNKNOWN,True,cadical,408.468,0,408.468,0,3.71739,0.458786,1.63478,12.1932,0,0,47566,56902,465498,7356,results/phase4b/20260816Tphase4bfallbacklemma01Z/logs/part_a/accepted14_010__010_hidden_pigeonhole_hidden_noise100_scale9_noise100__lkk_cadical__seed1.log
accepted14,010_hidden_pigeonhole_hidden_noise100_scale9_noise100.cnf,hidden_pigeonhole,9,hidden_noise100,1,lkk_kissat,167.770952,UNSATISFIABLE,False,167.770952,UNKNOWN,True,kissat,114.517,3.28786,90,27.8052,3.53816,0.390659,1.47933,14.3285,0,0,7468,23855,299006,4920,results/phase4b/20260816Tphase4bfallbacklemma01Z/logs/part_a/accepted14_010__010_hidden_pigeonhole_hidden_noise100_scale9_noise100__lkk_kissat__seed1.log
accepted14,010_hidden_pigeonhole_hidden_noise100_scale9_noise100.cnf,hidden_pigeonhole,9,hidden_noise100,1,lkk_none,35.672336,UNKNOWN,False,10000.0,UNKNOWN,True,none,0,0,0,0,3.1513,0.391417,1.45507,14.4496,0,0,-1,-1,-1,4776,results/phase4b/20260816Tphase4bfallbacklemma01Z/logs/part_a/accepted14_010__010_hidden_pigeonhole_hidden_noise100_scale9_noise100__lkk_none__seed1.log
accepted14,010_hidden_pigeonhole_hidden_noise100_scale9_noise100.cnf,hidden_pigeonhole,9,hidden_noise100,2,kissat,169.361336,UNSATISFIABLE,False,169.361336,,,kissat,,,,,,,,,,,7412,25998,287243,2540,/work/results/phase4b/20260816Tphase4bfallbacklemma01Z/logs/part_a/accepted14_010__010_hidden_pigeonhole_hidden_noise100_scale9_noise100__kissat__seed2.log
accepted14,010_hidden_pigeonhole_hidden_noise100_scale9_noise100.cnf,hidden_pigeonhole,9,hidden_noise100,2,lkk_cadical,519.918157,UNSATISFIABLE,False,519.918157,UNKNOWN,True,cadical,443.337,0,443.337,0,4.55784,0.547029,2.14493,17.5849,0,0,45293,54779,441137,7192,results/phase4b/20260816Tphase4bfallbacklemma01Z/logs/part_a/accepted14_010__010_hidden_pigeonhole_hidden_noise100_scale9_noise100__lkk_cadical__seed2.log
accepted14,010_hidden_pigeonhole_hidden_noise100_scale9_noise100.cnf,hidden_pigeonhole,9,hidden_noise100,2,lkk_kissat,167.129028,UNSATISFIABLE,False,167.129028,UNKNOWN,True,kissat,103.822,2.4354,80,26.2569,3.50598,0.415367,1.58838,11.689,0,0,7412,25998,287243,4740,results/phase4b/20260816Tphase4bfallbacklemma01Z/logs/part_a/accepted14_010__010_hidden_pigeonhole_hidden_noise100_scale9_noise100__lkk_kissat__seed2.log
accepted14,010_hidden_pigeonhole_hidden_noise100_scale9_noise100.cnf,hidden_pigeonhole,9,hidden_noise100,2,lkk_none,34.464432,UNKNOWN,False,10000.0,UNKNOWN,True,none,0,0,0,0,3.01833,0.394866,1.49653,11.605,0,0,-1,-1,-1,4736,results/phase4b/20260816Tphase4bfallbacklemma01Z/logs/part_a/accepted14_010__010_hidden_pigeonhole_hidden_noise100_scale9_noise100__lkk_none__seed2.log
accepted14,010_hidden_pigeonhole_hidden_noise100_scale9_noise100.cnf,hidden_pigeonhole,9,hidden_noise100,2,cadical,468.119914,UNSATISFIABLE,False,468.119914,,,cadical,,,,,,,,,,,2,54779,469247,3944,/work/results/phase4b/20260816Tphase4bfallbacklemma01Z/logs/part_a/accepted14_010__010_hidden_pigeonhole_hidden_noise100_scale9_noise100__cadical__seed2.log
accepted14,010_hidden_pigeonhole_hidden_noise100_scale9_noise100.cnf,hidden_pigeonhole,9,hidden_noise100,3,lkk_cadical,468.792387,UNSATISFIABLE,False,468.792387,UNKNOWN,True,cadical,434.838,0,434.838,0,3.84616,0.471562,1.84252,12.3974,0,0,50252,60759,505148,7284,results/phase4b/20260816Tphase4bfallbacklemma01Z/logs/part_a/accepted14_010__010_hidden_pigeonhole_hidden_noise100_scale9_noise100__lkk_cadical__seed3.log
accepted14,010_hidden_pigeonhole_hidden_noise100_scale9_noise100.cnf,hidden_pigeonhole,9,hidden_noise100,3,lkk_kissat,166.797907,UNSATISFIABLE,False,166.797907,UNKNOWN,True,kissat,108.303,2.18108,90,20.4845,2.92591,0.391633,1.46989,11.5846,0,0,7555,26596,293134,4936,results/phase4b/20260816Tphase4bfallbacklemma01Z/logs/part_a/accepted14_010__010_hidden_pigeonhole_hidden_noise100_scale9_noise100__lkk_kissat__seed3.log
accepted14,010_hidden_pigeonhole_hidden_noise100_scale9_noise100.cnf,hidden_pigeonhole,9,hidden_noise100,3,lkk_none,34.117046,UNKNOWN,False,10000.0,UNKNOWN,True,none,0,0,0,0,2.73525,0.382346,1.43586,12.0899,0,0,-1,-1,-1,4936,results/phase4b/20260816Tphase4bfallbacklemma01Z/logs/part_a/accepted14_010__010_hidden_pigeonhole_hidden_noise100_scale9_noise100__lkk_none__seed3.log
accepted14,010_hidden_pigeonhole_hidden_noise100_scale9_noise100.cnf,hidden_pigeonhole,9,hidden_noise100,3,cadical,467.704959,UNSATISFIABLE,False,467.704959,,,cadical,,,,,,,,,,,2,60759,542880,3700,/work/results/phase4b/20260816Tphase4bfallbacklemma01Z/logs/part_a/accepted14_010__010_hidden_pigeonhole_hidden_noise100_scale9_noise100__cadical__seed3.log
accepted14,010_hidden_pigeonhole_hidden_noise100_scale9_noise100.cnf,hidden_pigeonhole,9,hidden_noise100,3,kissat,117.033521,UNSATISFIABLE,False,117.033521,,,kissat,,,,,,,,,,,7555,26596,293134,2540,/work/results/phase4b/20260816Tphase4bfallbacklemma01Z/logs/part_a/accepted14_010__010_hidden_pigeonhole_hidden_noise100_scale9_noise100__kissat__seed3.log
accepted14,011_satisfiable_capacity_control_sat_fallback_scale24_noise0.cnf,satisfiable_capacity_control,24,sat_fallback,1,kissat,18.110421,SATISFIABLE,False,18.110421,,,kissat,,,,,,,,,,,0,0,576,1648,/work/results/phase4b/20260816Tphase4bfallbacklemma01Z/logs/part_a/accepted14_011__011_satisfiable_capacity_control_sat_fallback_scale24_noise0__kissat__seed1.log
accepted14,011_satisfiable_capacity_control_sat_fallback_scale24_noise0.cnf,satisfiable_capacity_control,24,sat_fallback,1,lkk_cadical,66.707993,SATISFIABLE,False,66.707993,UNKNOWN,True,cadical,2.44603,0,2.44603,0,8.01613,1.58529,2.98206,19.4558,0,0,0,0,0,8592,results/phase4b/20260816Tphase4bfallbacklemma01Z/logs/part_a/accepted14_011__011_satisfiable_capacity_control_sat_fallback_scale24_noise0__lkk_cadical__seed1.log
accepted14,011_satisfiable_capacity_control_sat_fallback_scale24_noise0.cnf,satisfiable_capacity_control,24,sat_fallback,1,lkk_kissat,117.422145,SATISFIABLE,False,117.422145,UNKNOWN,True,kissat,30.0519,7.40375,0,7.40375,7.63153,1.60405,3.30469,22.9448,0,0,0,0,576,7252,results/phase4b/20260816Tphase4bfallbacklemma01Z/logs/part_a/accepted14_011__011_satisfiable_capacity_control_sat_fallback_scale24_noise0__lkk_kissat__seed1.log
accepted14,011_satisfiable_capacity_control_sat_fallback_scale24_noise0.cnf,satisfiable_capacity_control,24,sat_fallback,1,lkk_none,67.637632,UNKNOWN,False,10000.0,UNKNOWN,True,none,0,0,0,0,10.4466,2.1653,3.83221,22.1036,0,0,-1,-1,-1,6920,results/phase4b/20260816Tphase4bfallbacklemma01Z/logs/part_a/accepted14_011__011_satisfiable_capacity_control_sat_fallback_scale24_noise0__lkk_none__seed1.log
accepted14,011_satisfiable_capacity_control_sat_fallback_scale24_noise0.cnf,satisfiable_capacity_control,24,sat_fallback,1,cadical,66.739032,SATISFIABLE,False,66.739032,,,cadical,,,,,,,,,,,0,0,0,3112,/work/results/phase4b/20260816Tphase4bfallbacklemma01Z/logs/part_a/accepted14_011__011_satisfiable_capacity_control_sat_fallback_scale24_noise0__cadical__seed1.log
accepted14,011_satisfiable_capacity_control_sat_fallback_scale24_noise0.cnf,satisfiable_capacity_control,24,sat_fallback,2,lkk_cadical,67.037035,SATISFIABLE,False,67.037035,UNKNOWN,True,cadical,1.99855,0,1.99855,0,8.36872,1.61667,3.28345,18.4008,0,0,0,0,0,8532,results/phase4b/20260816Tphase4bfallbacklemma01Z/logs/part_a/accepted14_011__011_satisfiable_capacity_control_sat_fallback_scale24_noise0__lkk_cadical__seed2.log
accepted14,011_satisfiable_capacity_control_sat_fallback_scale24_noise0.cnf,satisfiable_capacity_control,24,sat_fallback,2,lkk_kissat,117.784598,SATISFIABLE,False,117.784598,UNKNOWN,True,kissat,35.3358,8.46617,0,8.46617,12.3819,2.20568,4.12636,25.4386,0,0,0,0,576,7332,results/phase4b/20260816Tphase4bfallbacklemma01Z/logs/part_a/accepted14_011__011_satisfiable_capacity_control_sat_fallback_scale24_noise0__lkk_kissat__seed2.log
accepted14,011_satisfiable_capacity_control_sat_fallback_scale24_noise0.cnf,satisfiable_capacity_control,24,sat_fallback,2,lkk_none,67.417448,UNKNOWN,False,10000.0,UNKNOWN,True,none,0,0,0,0,9.29501,1.76817,3.07934,16.1301,0,0,-1,-1,-1,7024,results/phase4b/20260816Tphase4bfallbacklemma01Z/logs/part_a/accepted14_011__011_satisfiable_capacity_control_sat_fallback_scale24_noise0__lkk_none__seed2.log
accepted14,011_satisfiable_capacity_control_sat_fallback_scale24_noise0.cnf,satisfiable_capacity_control,24,sat_fallback,2,cadical,117.506785,SATISFIABLE,False,117.506785,,,cadical,,,,,,,,,,,0,0,0,3108,/work/results/phase4b/20260816Tphase4bfallbacklemma01Z/logs/part_a/accepted14_011__011_satisfiable_capacity_control_sat_fallback_scale24_noise0__cadical__seed2.log
accepted14,011_satisfiable_capacity_control_sat_fallback_scale24_noise0.cnf,satisfiable_capacity_control,24,sat_fallback,2,kissat,35.106726,SATISFIABLE,False,35.106726,,,kissat,,,,,,,,,,,0,0,576,1648,/work/results/phase4b/20260816Tphase4bfallbacklemma01Z/logs/part_a/accepted14_011__011_satisfiable_capacity_control_sat_fallback_scale24_noise0__kissat__seed2.log
accepted14,011_satisfiable_capacity_control_sat_fallback_scale24_noise0.cnf,satisfiable_capacity_control,24,sat_fallback,3,lkk_kissat,116.933983,SATISFIABLE,False,116.933983,UNKNOWN,True,kissat,30.5218,6.42507,0,6.42507,7.96361,1.63581,3.7108,23.0343,0,0,0,0,576,7320,results/phase4b/20260816Tphase4bfallbacklemma01Z/logs/part_a/accepted14_011__011_satisfiable_capacity_control_sat_fallback_scale24_noise0__lkk_kissat__seed3.log
accepted14,011_satisfiable_capacity_control_sat_fallback_scale24_noise0.cnf,satisfiable_capacity_control,24,sat_fallback,3,lkk_none,68.855883,UNKNOWN,False,10000.0,UNKNOWN,True,none,0,0,0,0,11.5536,2.09348,3.83891,25.1557,0,0,-1,-1,-1,6976,results/phase4b/20260816Tphase4bfallbacklemma01Z/logs/part_a/accepted14_011__011_satisfiable_capacity_control_sat_fallback_scale24_noise0__lkk_none__seed3.log
accepted14,011_satisfiable_capacity_control_sat_fallback_scale24_noise0.cnf,satisfiable_capacity_control,24,sat_fallback,3,cadical,66.521543,SATISFIABLE,False,66.521543,,,cadical,,,,,,,,,,,0,0,0,3112,/work/results/phase4b/20260816Tphase4bfallbacklemma01Z/logs/part_a/accepted14_011__011_satisfiable_capacity_control_sat_fallback_scale24_noise0__cadical__seed3.log
accepted14,011_satisfiable_capacity_control_sat_fallback_scale24_noise0.cnf,satisfiable_capacity_control,24,sat_fallback,3,kissat,18.791693,SATISFIABLE,False,18.791693,,,kissat,,,,,,,,,,,0,0,576,1700,/work/results/phase4b/20260816Tphase4bfallbacklemma01Z/logs/part_a/accepted14_011__011_satisfiable_capacity_control_sat_fallback_scale24_noise0__kissat__seed3.log
accepted14,011_satisfiable_capacity_control_sat_fallback_scale24_noise0.cnf,satisfiable_capacity_control,24,sat_fallback,3,lkk_cadical,66.523325,SATISFIABLE,False,66.523325,UNKNOWN,True,cadical,1.99005,0,1.99005,0,7.52046,1.69763,3.00318,16.5426,0,0,0,0,0,8652,results/phase4b/20260816Tphase4bfallbacklemma01Z/logs/part_a/accepted14_011__011_satisfiable_capacity_control_sat_fallback_scale24_noise0__lkk_cadical__seed3.log
accepted14,012_random_3sat_uniform_scale150_noise0.cnf,random_3sat,150,uniform,1,lkk_cadical,66.596397,SATISFIABLE,False,66.596397,UNKNOWN,True,cadical,26.902,0,26.902,0,2.28637,0.141491,0.259364,0.581183,0,0,3062,3446,86300,5968,results/phase4b/20260816Tphase4bfallbacklemma01Z/logs/part_a/accepted14_012__012_random_3sat_uniform_scale150_noise0__lkk_cadical__seed1.log
accepted14,012_random_3sat_uniform_scale150_noise0.cnf,random_3sat,150,uniform,1,lkk_kissat,118.042469,SATISFIABLE,False,118.042469,UNKNOWN,True,kissat,84.7113,2.18888,60,26.9002,2.75215,0.169964,0.292021,0.666718,0,0,3497,4354,99071,4272,results/phase4b/20260816Tphase4bfallbacklemma01Z/logs/part_a/accepted14_012__012_random_3sat_uniform_scale150_noise0__lkk_kissat__seed1.log
accepted14,012_random_3sat_uniform_scale150_noise0.cnf,random_3sat,150,uniform,1,lkk_none,19.241652,UNKNOWN,False,10000.0,UNKNOWN,True,none,0,0,0,0,2.81319,0.19235,0.287938,0.663784,0,0,-1,-1,-1,4320,results/phase4b/20260816Tphase4bfallbacklemma01Z/logs/part_a/accepted14_012__012_random_3sat_uniform_scale150_noise0__lkk_none__seed1.log
accepted14,012_random_3sat_uniform_scale150_noise0.cnf,random_3sat,150,uniform,1,cadical,117.579081,SATISFIABLE,False,117.579081,,,cadical,,,,,,,,,,,0,3446,86300,2644,/work/results/phase4b/20260816Tphase4bfallbacklemma01Z/logs/part_a/accepted14_012__012_random_3sat_uniform_scale150_noise0__cadical__seed1.log
accepted14,012_random_3sat_uniform_scale150_noise0.cnf,random_3sat,150,uniform,1,kissat,118.258955,SATISFIABLE,False,118.258955,,,kissat,,,,,,,,,,,3497,4354,99071,1900,/work/results/phase4b/20260816Tphase4bfallbacklemma01Z/logs/part_a/accepted14_012__012_random_3sat_uniform_scale150_noise0__kissat__seed1.log
accepted14,012_random_3sat_uniform_scale150_noise0.cnf,random_3sat,150,uniform,2,lkk_kissat,118.299489,SATISFIABLE,False,118.299489,UNKNOWN,True,kissat,64.485,1.66128,50,16.1463,2.40245,0.14088,0.253699,0.666679,0,0,2325,2846,67028,4324,results/phase4b/20260816Tphase4bfallbacklemma01Z/logs/part_a/accepted14_012__012_random_3sat_uniform_scale150_noise0__lkk_kissat__seed2.log
accepted14,012_random_3sat_uniform_scale150_noise0.cnf,random_3sat,150,uniform,2,lkk_none,18.62741,UNKNOWN,False,10000.0,UNKNOWN,True,none,0,0,0,0,2.09243,0.149799,0.242757,0.603044,0,0,-1,-1,-1,4176,results/phase4b/20260816Tphase4bfallbacklemma01Z/logs/part_a/accepted14_012__012_random_3sat_uniform_scale150_noise0__lkk_none__seed2.log
accepted14,012_random_3sat_uniform_scale150_noise0.cnf,random_3sat,150,uniform,2,cadical,117.273223,SATISFIABLE,False,117.273223,,,cadical,,,,,,,,,,,0,3446,86300,2640,/work/results/phase4b/20260816Tphase4bfallbacklemma01Z/logs/part_a/accepted14_012__012_random_3sat_uniform_scale150_noise0__cadical__seed2.log
accepted14,012_random_3sat_uniform_scale150_noise0.cnf,random_3sat,150,uniform,2,kissat,66.998606,SATISFIABLE,False,66.998606,,,kissat,,,,,,,,,,,2325,2846,67028,1880,/work/results/phase4b/20260816Tphase4bfallbacklemma01Z/logs/part_a/accepted14_012__012_random_3sat_uniform_scale150_noise0__kissat__seed2.log
accepted14,012_random_3sat_uniform_scale150_noise0.cnf,random_3sat,150,uniform,2,lkk_cadical,67.150771,SATISFIABLE,False,67.150771,UNKNOWN,True,cadical,31.6617,0,31.6617,0,1.93325,0.142809,0.252651,0.597173,0,0,3062,3446,86300,5872,results/phase4b/20260816Tphase4bfallbacklemma01Z/logs/part_a/accepted14_012__012_random_3sat_uniform_scale150_noise0__lkk_cadical__seed2.log
accepted14,012_random_3sat_uniform_scale150_noise0.cnf,random_3sat,150,uniform,3,lkk_none,19.540788,UNKNOWN,False,10000.0,UNKNOWN,True,none,0,0,0,0,2.84898,0.162114,0.252974,0.646528,0,0,-1,-1,-1,4188,results/phase4b/20260816Tphase4bfallbacklemma01Z/logs/part_a/accepted14_012__012_random_3sat_uniform_scale150_noise0__lkk_none__seed3.log
accepted14,012_random_3sat_uniform_scale150_noise0.cnf,random_3sat,150,uniform,3,cadical,119.04795,SATISFIABLE,False,119.04795,,,cadical,,,,,,,,,,,0,3446,86300,2640,/work/results/phase4b/20260816Tphase4bfallbacklemma01Z/logs/part_a/accepted14_012__012_random_3sat_uniform_scale150_noise0__cadical__seed3.log
accepted14,012_random_3sat_uniform_scale150_noise0.cnf,random_3sat,150,uniform,3,kissat,66.551338,SATISFIABLE,False,66.551338,,,kissat,,,,,,,,,,,2832,3726,82563,1884,/work/results/phase4b/20260816Tphase4bfallbacklemma01Z/logs/part_a/accepted14_012__012_random_3sat_uniform_scale150_noise0__kissat__seed3.log
accepted14,012_random_3sat_uniform_scale150_noise0.cnf,random_3sat,150,uniform,3,lkk_cadical,67.765774,SATISFIABLE,False,67.765774,UNKNOWN,True,cadical,31.6865,0,31.6865,0,2.34189,0.143185,0.244521,0.59776,0,0,3062,3446,86300,5984,results/phase4b/20260816Tphase4bfallbacklemma01Z/logs/part_a/accepted14_012__012_random_3sat_uniform_scale150_noise0__lkk_cadical__seed3.log
accepted14,012_random_3sat_uniform_scale150_noise0.cnf,random_3sat,150,uniform,3,lkk_kissat,117.898543,SATISFIABLE,False,117.898543,UNKNOWN,True,kissat,82.8762,1.81958,60,24.6958,2.95771,0.154613,0.30222,0.667951,0,0,2832,3726,82563,4168,results/phase4b/20260816Tphase4bfallbacklemma01Z/logs/part_a/accepted14_012__012_random_3sat_uniform_scale150_noise0__lkk_kissat__seed3.log
accepted14,013_random_3sat_planted_sat_scale400_noise0.cnf,random_3sat,400,planted_sat,1,lkk_kissat,166.990027,SATISFIABLE,False,166.990027,UNKNOWN,True,kissat,106.253,1.84705,90,18.1005,2.7955,0.354548,0.558107,3.50108,0,0,2875,4088,172691,4520,results/phase4b/20260816Tphase4bfallbacklemma01Z/logs/part_a/accepted14_013__013_random_3sat_planted_sat_scale400_noise0__lkk_kissat__seed1.log
accepted14,013_random_3sat_planted_sat_scale400_noise0.cnf,random_3sat,400,planted_sat,1,lkk_none,18.268534,UNKNOWN,False,10000.0,UNKNOWN,True,none,0,0,0,0,2.83653,0.366121,0.56905,3.66458,0,0,-1,-1,-1,4464,results/phase4b/20260816Tphase4bfallbacklemma01Z/logs/part_a/accepted14_013__013_random_3sat_planted_sat_scale400_noise0__lkk_none__seed1.log
accepted14,013_random_3sat_planted_sat_scale400_noise0.cnf,random_3sat,400,planted_sat,1,cadical,769.470376,SATISFIABLE,False,769.470376,,,cadical,,,,,,,,,,,52,46191,1701573,5656,/work/results/phase4b/20260816Tphase4bfallbacklemma01Z/logs/part_a/accepted14_013__013_random_3sat_planted_sat_scale400_noise0__cadical__seed1.log
accepted14,013_random_3sat_planted_sat_scale400_noise0.cnf,random_3sat,400,planted_sat,1,kissat,117.403086,SATISFIABLE,False,117.403086,,,kissat,,,,,,,,,,,2875,4088,172691,2156,/work/results/phase4b/20260816Tphase4bfallbacklemma01Z/logs/part_a/accepted14_013__013_random_3sat_planted_sat_scale400_noise0__kissat__seed1.log
accepted14,013_random_3sat_planted_sat_scale400_noise0.cnf,random_3sat,400,planted_sat,1,lkk_cadical,769.343038,SATISFIABLE,False,769.343038,UNKNOWN,True,cadical,748.72,0,748.72,0,2.68614,0.349277,0.559727,3.50721,0,0,28017,46191,1680952,8932,results/phase4b/20260816Tphase4bfallbacklemma01Z/logs/part_a/accepted14_013__013_random_3sat_planted_sat_scale400_noise0__lkk_cadical__seed1.log
accepted14,013_random_3sat_planted_sat_scale400_noise0.cnf,random_3sat,400,planted_sat,2,lkk_none,18.087409,UNKNOWN,False,10000.0,UNKNOWN,True,none,0,0,0,0,3.03126,0.350792,0.596868,3.52826,0,0,-1,-1,-1,4608,results/phase4b/20260816Tphase4bfallbacklemma01Z/logs/part_a/accepted14_013__013_random_3sat_planted_sat_scale400_noise0__lkk_none__seed2.log
accepted14,013_random_3sat_planted_sat_scale400_noise0.cnf,random_3sat,400,planted_sat,2,cadical,819.438254,SATISFIABLE,False,819.438254,,,cadical,,,,,,,,,,,22,45612,1687887,5316,/work/results/phase4b/20260816Tphase4bfallbacklemma01Z/logs/part_a/accepted14_013__013_random_3sat_planted_sat_scale400_noise0__cadical__seed2.log
accepted14,013_random_3sat_planted_sat_scale400_noise0.cnf,random_3sat,400,planted_sat,2,kissat,1923.409467,SATISFIABLE,False,1923.409467,,,kissat,,,,,,,,,,,72282,118280,4597206,5592,/work/results/phase4b/20260816Tphase4bfallbacklemma01Z/logs/part_a/accepted14_013__013_random_3sat_planted_sat_scale400_noise0__kissat__seed2.log
accepted14,013_random_3sat_planted_sat_scale400_noise0.cnf,random_3sat,400,planted_sat,2,lkk_cadical,820.1186,SATISFIABLE,False,820.1186,UNKNOWN,True,cadical,774.316,0,774.316,0,2.71213,0.385157,0.596267,3.7477,0,0,28013,45612,1666834,8572,results/phase4b/20260816Tphase4bfallbacklemma01Z/logs/part_a/accepted14_013__013_random_3sat_planted_sat_scale400_noise0__lkk_cadical__seed2.log
accepted14,013_random_3sat_planted_sat_scale400_noise0.cnf,random_3sat,400,planted_sat,2,lkk_kissat,2477.400987,SATISFIABLE,False,2477.400987,UNKNOWN,True,kissat,2431.72,2.16239,2000,433.878,2.63058,0.349495,0.576858,3.58382,0,0,72282,118280,4597206,5592,results/phase4b/20260816Tphase4bfallbacklemma01Z/logs/part_a/accepted14_013__013_random_3sat_planted_sat_scale400_noise0__lkk_kissat__seed2.log
accepted14,013_random_3sat_planted_sat_scale400_noise0.cnf,random_3sat,400,planted_sat,3,cadical,1073.534459,SATISFIABLE,False,1073.534459,,,cadical,,,,,,,,,,,74,45531,1694186,5384,/work/results/phase4b/20260816Tphase4bfallbacklemma01Z/logs/part_a/accepted14_013__013_random_3sat_planted_sat_scale400_noise0__cadical__seed3.log
accepted14,013_random_3sat_planted_sat_scale400_noise0.cnf,random_3sat,400,planted_sat,3,kissat,872.889065,SATISFIABLE,False,872.889065,,,kissat,,,,,,,,,,,24105,41783,1560450,4704,/work/results/phase4b/20260816Tphase4bfallbacklemma01Z/logs/part_a/accepted14_013__013_random_3sat_planted_sat_scale400_noise0__kissat__seed3.log
accepted14,013_random_3sat_planted_sat_scale400_noise0.cnf,random_3sat,400,planted_sat,3,lkk_cadical,972.003958,SATISFIABLE,False,972.003958,UNKNOWN,True,cadical,906.105,0,906.105,0,4.2238,0.467087,0.621842,3.90533,0,0,28010,45531,1673385,8628,results/phase4b/20260816Tphase4bfallbacklemma01Z/logs/part_a/accepted14_013__013_random_3sat_planted_sat_scale400_noise0__lkk_cadical__seed3.log
accepted14,013_random_3sat_planted_sat_scale400_noise0.cnf,random_3sat,400,planted_sat,3,lkk_kissat,820.947186,SATISFIABLE,False,820.947186,UNKNOWN,True,kissat,760.556,2.68964,1000,-236.755,3.52428,0.490515,0.747577,4.59156,0,0,24105,41783,1560450,4704,results/phase4b/20260816Tphase4bfallbacklemma01Z/logs/part_a/accepted14_013__013_random_3sat_planted_sat_scale400_noise0__lkk_kissat__seed3.log
accepted14,013_random_3sat_planted_sat_scale400_noise0.cnf,random_3sat,400,planted_sat,3,lkk_none,19.252489,UNKNOWN,False,10000.0,UNKNOWN,True,none,0,0,0,0,3.56448,0.490726,0.719722,4.55616,0,0,-1,-1,-1,4476,results/phase4b/20260816Tphase4bfallbacklemma01Z/logs/part_a/accepted14_013__013_random_3sat_planted_sat_scale400_noise0__lkk_none__seed3.log
accepted14,014_random_3sat_planted_sat_scale800_noise0.cnf,random_3sat,800,planted_sat,1,lkk_none,68.08834,UNKNOWN,False,10000.0,UNKNOWN,True,none,0,0,0,0,5.47692,1.02691,1.64867,23.1014,0,0,-1,-1,-1,4908,results/phase4b/20260816Tphase4bfallbacklemma01Z/logs/part_a/accepted14_014__014_random_3sat_planted_sat_scale800_noise0__lkk_none__seed1.log
accepted14,014_random_3sat_planted_sat_scale800_noise0.cnf,random_3sat,800,planted_sat,1,cadical,971.733792,SATISFIABLE,False,971.733792,,,cadical,,,,,,,,,,,114,40743,1968105,6352,/work/results/phase4b/20260816Tphase4bfallbacklemma01Z/logs/part_a/accepted14_014__014_random_3sat_planted_sat_scale800_noise0__cadical__seed1.log
accepted14,014_random_3sat_planted_sat_scale800_noise0.cnf,random_3sat,800,planted_sat,1,kissat,167.857923,SATISFIABLE,False,167.857923,,,kissat,,,,,,,,,,,3004,7206,292207,2520,/work/results/phase4b/20260816Tphase4bfallbacklemma01Z/logs/part_a/accepted14_014__014_random_3sat_planted_sat_scale800_noise0__kissat__seed1.log
accepted14,014_random_3sat_planted_sat_scale800_noise0.cnf,random_3sat,800,planted_sat,1,lkk_cadical,872.658939,SATISFIABLE,False,872.658939,UNKNOWN,True,cadical,791.4,0,791.4,0,6.58714,1.14274,1.84868,28.8628,0,0,21015,40743,1939421,10020,results/phase4b/20260816Tphase4bfallbacklemma01Z/logs/part_a/accepted14_014__014_random_3sat_planted_sat_scale800_noise0__lkk_cadical__seed1.log
accepted14,014_random_3sat_planted_sat_scale800_noise0.cnf,random_3sat,800,planted_sat,1,lkk_kissat,217.706002,SATISFIABLE,False,217.706002,UNKNOWN,True,kissat,130.464,3.39616,100,33.8599,4.46072,0.818198,1.32205,19.1993,0,0,3004,7206,292207,4768,results/phase4b/20260816Tphase4bfallbacklemma01Z/logs/part_a/accepted14_014__014_random_3sat_planted_sat_scale800_noise0__lkk_kissat__seed1.log
accepted14,014_random_3sat_planted_sat_scale800_noise0.cnf,random_3sat,800,planted_sat,2,cadical,820.828551,SATISFIABLE,False,820.828551,,,cadical,,,,,,,,,,,160,37827,1968357,6276,/work/results/phase4b/20260816Tphase4bfallbacklemma01Z/logs/part_a/accepted14_014__014_random_3sat_planted_sat_scale800_noise0__cadical__seed2.log
accepted14,014_random_3sat_planted_sat_scale800_noise0.cnf,random_3sat,800,planted_sat,2,kissat,220.066921,SATISFIABLE,False,220.066921,,,kissat,,,,,,,,,,,3971,8875,465200,2696,/work/results/phase4b/20260816Tphase4bfallbacklemma01Z/logs/part_a/accepted14_014__014_random_3sat_planted_sat_scale800_noise0__kissat__seed2.log
accepted14,014_random_3sat_planted_sat_scale800_noise0.cnf,random_3sat,800,planted_sat,2,lkk_cadical,821.183199,SATISFIABLE,False,821.183199,UNKNOWN,True,cadical,763.394,0,763.394,0,5.20397,0.984127,1.64772,20.5689,0,0,21013,37827,1939850,9972,results/phase4b/20260816Tphase4bfallbacklemma01Z/logs/part_a/accepted14_014__014_random_3sat_planted_sat_scale800_noise0__lkk_cadical__seed2.log
accepted14,014_random_3sat_planted_sat_scale800_noise0.cnf,random_3sat,800,planted_sat,2,lkk_kissat,268.945094,SATISFIABLE,False,268.945094,UNKNOWN,True,kissat,179.278,4.71473,150,33.9929,4.5032,1.00878,1.70114,19.8457,0,0,3971,8875,465200,4816,results/phase4b/20260816Tphase4bfallbacklemma01Z/logs/part_a/accepted14_014__014_random_3sat_planted_sat_scale800_noise0__lkk_kissat__seed2.log
accepted14,014_random_3sat_planted_sat_scale800_noise0.cnf,random_3sat,800,planted_sat,2,lkk_none,68.532074,UNKNOWN,False,10000.0,UNKNOWN,True,none,0,0,0,0,5.1613,1.05109,1.45087,18.0592,0,0,-1,-1,-1,4844,results/phase4b/20260816Tphase4bfallbacklemma01Z/logs/part_a/accepted14_014__014_random_3sat_planted_sat_scale800_noise0__lkk_none__seed2.log
accepted14,014_random_3sat_planted_sat_scale800_noise0.cnf,random_3sat,800,planted_sat,3,kissat,168.680461,SATISFIABLE,False,168.680461,,,kissat,,,,,,,,,,,2999,6606,295133,2520,/work/results/phase4b/20260816Tphase4bfallbacklemma01Z/logs/part_a/accepted14_014__014_random_3sat_planted_sat_scale800_noise0__kissat__seed3.log
accepted14,014_random_3sat_planted_sat_scale800_noise0.cnf,random_3sat,800,planted_sat,3,lkk_cadical,1222.509988,SATISFIABLE,False,1222.509988,UNKNOWN,True,cadical,1143.96,0,1143.96,0,4.73637,0.974984,1.59194,20.2251,0,0,28014,57973,2627543,10604,results/phase4b/20260816Tphase4bfallbacklemma01Z/logs/part_a/accepted14_014__014_random_3sat_planted_sat_scale800_noise0__lkk_cadical__seed3.log
accepted14,014_random_3sat_planted_sat_scale800_noise0.cnf,random_3sat,800,planted_sat,3,lkk_kissat,218.228698,SATISFIABLE,False,218.228698,UNKNOWN,True,kissat,121.123,3.56943,100,24.6919,4.63186,0.936832,1.47657,18.2653,0,0,2999,6606,295133,4932,results/phase4b/20260816Tphase4bfallbacklemma01Z/logs/part_a/accepted14_014__014_random_3sat_planted_sat_scale800_noise0__lkk_kissat__seed3.log
accepted14,014_random_3sat_planted_sat_scale800_noise0.cnf,random_3sat,800,planted_sat,3,lkk_none,34.605379,UNKNOWN,False,10000.0,UNKNOWN,True,none,0,0,0,0,3.4543,0.694055,1.2181,15.979,0,0,-1,-1,-1,4724,results/phase4b/20260816Tphase4bfallbacklemma01Z/logs/part_a/accepted14_014__014_random_3sat_planted_sat_scale800_noise0__lkk_none__seed3.log
accepted14,014_random_3sat_planted_sat_scale800_noise0.cnf,random_3sat,800,planted_sat,3,cadical,1120.786799,SATISFIABLE,False,1120.786799,,,cadical,,,,,,,,,,,90,57973,2665115,6876,/work/results/phase4b/20260816Tphase4bfallbacklemma01Z/logs/part_a/accepted14_014__014_random_3sat_planted_sat_scale800_noise0__cadical__seed3.log
expanded,001_exact_r_allocation_scale7_phase4b.cnf,exact_r_allocation,7,phase4b,1,kissat,34.767666,UNSATISFIABLE,False,34.767666,,,kissat,,,,,,,,,,,491,574,7232,1736,/work/results/phase4b/20260816Tphase4bfallbacklemma01Z/logs/part_a/expanded_001__001_exact_r_allocation_scale7_phase4b__kissat__seed1.log
expanded,001_exact_r_allocation_scale7_phase4b.cnf,exact_r_allocation,7,phase4b,1,lkk_cadical,18.746722,UNSATISFIABLE,False,18.746722,UNSAT,False,cadical,0,0,0,0,1.3556,0.04959,0.132416,3.7212,0.008883,1.87557,-1,-1,-1,4148,results/phase4b/20260816Tphase4bfallbacklemma01Z/logs/part_a/expanded_001__001_exact_r_allocation_scale7_phase4b__lkk_cadical__seed1.log
expanded,001_exact_r_allocation_scale7_phase4b.cnf,exact_r_allocation,7,phase4b,1,lkk_kissat,18.348213,UNSATISFIABLE,False,18.348213,UNSAT,False,kissat,0,0,0,0,1.22174,0.044067,0.077784,2.97917,0.008214,1.7823,-1,-1,-1,4212,results/phase4b/20260816Tphase4bfallbacklemma01Z/logs/part_a/expanded_001__001_exact_r_allocation_scale7_phase4b__lkk_kissat__seed1.log
expanded,001_exact_r_allocation_scale7_phase4b.cnf,exact_r_allocation,7,phase4b,1,lkk_none,18.308023,UNSATISFIABLE,False,18.308023,UNSAT,False,none,0,0,0,0,1.54112,0.051639,0.07536,2.98689,0.008112,1.93862,-1,-1,-1,4056,results/phase4b/20260816Tphase4bfallbacklemma01Z/logs/part_a/expanded_001__001_exact_r_allocation_scale7_phase4b__lkk_none__seed1.log
expanded,001_exact_r_allocation_scale7_phase4b.cnf,exact_r_allocation,7,phase4b,1,cadical,66.957918,UNSATISFIABLE,False,66.957918,,,cadical,,,,,,,,,,,0,507,4914,2024,/work/results/phase4b/20260816Tphase4bfallbacklemma01Z/logs/part_a/expanded_001__001_exact_r_allocation_scale7_phase4b__cadical__seed1.log
expanded,002_exact_r_allocation_scale9_phase4b.cnf,exact_r_allocation,9,phase4b,1,lkk_cadical,66.912799,UNSATISFIABLE,False,66.912799,UNSAT,False,cadical,0,0,0,0,1.48271,0.116232,0.16093,22.6427,0.013432,3.27572,-1,-1,-1,4300,results/phase4b/20260816Tphase4bfallbacklemma01Z/logs/part_a/expanded_002__002_exact_r_allocation_scale9_phase4b__lkk_cadical__seed1.log
expanded,002_exact_r_allocation_scale9_phase4b.cnf,exact_r_allocation,9,phase4b,1,lkk_kissat,34.53065,UNSATISFIABLE,False,34.53065,UNSAT,False,kissat,0,0,0,0,1.44856,0.095092,0.156591,20.2318,0.015242,4.66347,-1,-1,-1,4304,results/phase4b/20260816Tphase4bfallbacklemma01Z/logs/part_a/expanded_002__002_exact_r_allocation_scale9_phase4b__lkk_kissat__seed1.log
expanded,002_exact_r_allocation_scale9_phase4b.cnf,exact_r_allocation,9,phase4b,1,lkk_none,34.457203,UNSATISFIABLE,False,34.457203,UNSAT,False,none,0,0,0,0,1.50129,0.102718,0.17872,19.5142,0.013532,3.81875,-1,-1,-1,4280,results/phase4b/20260816Tphase4bfallbacklemma01Z/logs/part_a/expanded_002__002_exact_r_allocation_scale9_phase4b__lkk_none__seed1.log
expanded,002_exact_r_allocation_scale9_phase4b.cnf,exact_r_allocation,9,phase4b,1,cadical,166.719445,UNSATISFIABLE,False,166.719445,,,cadical,,,,,,,,,,,0,17793,181743,2884,/work/results/phase4b/20260816Tphase4bfallbacklemma01Z/logs/part_a/expanded_002__002_exact_r_allocation_scale9_phase4b__cadical__seed1.log
expanded,002_exact_r_allocation_scale9_phase4b.cnf,exact_r_allocation,9,phase4b,1,kissat,167.574737,UNSATISFIABLE,False,167.574737,,,kissat,,,,,,,,,,,8181,10125,233008,2256,/work/results/phase4b/20260816Tphase4bfallbacklemma01Z/logs/part_a/expanded_002__002_exact_r_allocation_scale9_phase4b__kissat__seed1.log
expanded,003_exact_r_allocation_scale11_phase4b.cnf,exact_r_allocation,11,phase4b,1,lkk_kissat,5037.481627,TIMEOUT,True,10000.0,,,lkk_kissat,,,,,,,,,,,,,,1744,results/phase4b/20260816Tphase4bfallbacklemma01Z/logs/part_a/expanded_003__003_exact_r_allocation_scale11_phase4b__lkk_kissat__seed1.log
expanded,003_exact_r_allocation_scale11_phase4b.cnf,exact_r_allocation,11,phase4b,1,lkk_none,67.758948,UNKNOWN,False,10000.0,UNKNOWN,True,none,0,0,0,0,2.38707,0.286291,0.454625,32.2852,0,0,-1,-1,-1,4452,results/phase4b/20260816Tphase4bfallbacklemma01Z/logs/part_a/expanded_003__003_exact_r_allocation_scale11_phase4b__lkk_none__seed1.log
expanded,003_exact_r_allocation_scale11_phase4b.cnf,exact_r_allocation,11,phase4b,1,cadical,5035.904891,TIMEOUT,True,10000.0,,,cadical,,,,,,,,,,,,,,1752,/work/results/phase4b/20260816Tphase4bfallbacklemma01Z/logs/part_a/expanded_003__003_exact_r_allocation_scale11_phase4b__cadical__seed1.log
expanded,003_exact_r_allocation_scale11_phase4b.cnf,exact_r_allocation,11,phase4b,1,kissat,5038.584378,TIMEOUT,True,10000.0,,,kissat,,,,,,,,,,,,,,1588,/work/results/phase4b/20260816Tphase4bfallbacklemma01Z/logs/part_a/expanded_003__003_exact_r_allocation_scale11_phase4b__kissat__seed1.log
expanded,003_exact_r_allocation_scale11_phase4b.cnf,exact_r_allocation,11,phase4b,1,lkk_cadical,5036.392283,TIMEOUT,True,10000.0,,,lkk_cadical,,,,,,,,,,,,,,1756,results/phase4b/20260816Tphase4bfallbacklemma01Z/logs/part_a/expanded_003__003_exact_r_allocation_scale11_phase4b__lkk_cadical__seed1.log
expanded,004_exact_r_allocation_scale13_phase4b.cnf,exact_r_allocation,13,phase4b,1,lkk_none,67.562376,UNKNOWN,False,10000.0,UNKNOWN,True,none,0,0,0,0,3.10036,0.469553,0.741386,31.3406,0,0,-1,-1,-1,4508,results/phase4b/20260816Tphase4bfallbacklemma01Z/logs/part_a/expanded_004__004_exact_r_allocation_scale13_phase4b__lkk_none__seed1.log
expanded,004_exact_r_allocation_scale13_phase4b.cnf,exact_r_allocation,13,phase4b,1,cadical,5037.416684,TIMEOUT,True,10000.0,,,cadical,,,,,,,,,,,,,,1652,/work/results/phase4b/20260816Tphase4bfallbacklemma01Z/logs/part_a/expanded_004__004_exact_r_allocation_scale13_phase4b__cadical__seed1.log
expanded,004_exact_r_allocation_scale13_phase4b.cnf,exact_r_allocation,13,phase4b,1,kissat,5036.674501,TIMEOUT,True,10000.0,,,kissat,,,,,,,,,,,,,,1596,/work/results/phase4b/20260816Tphase4bfallbacklemma01Z/logs/part_a/expanded_004__004_exact_r_allocation_scale13_phase4b__kissat__seed1.log
expanded,004_exact_r_allocation_scale13_phase4b.cnf,exact_r_allocation,13,phase4b,1,lkk_cadical,5039.422148,TIMEOUT,True,10000.0,,,lkk_cadical,,,,,,,,,,,,,,1700,results/phase4b/20260816Tphase4bfallbacklemma01Z/logs/part_a/expanded_004__004_exact_r_allocation_scale13_phase4b__lkk_cadical__seed1.log
expanded,004_exact_r_allocation_scale13_phase4b.cnf,exact_r_allocation,13,phase4b,1,lkk_kissat,5037.44016,TIMEOUT,True,10000.0,,,lkk_kissat,,,,,,,,,,,,,,1652,results/phase4b/20260816Tphase4bfallbacklemma01Z/logs/part_a/expanded_004__004_exact_r_allocation_scale13_phase4b__lkk_kissat__seed1.log
expanded,005_overlapping_hall_violation_scale6_phase4b.cnf,overlapping_hall_violation,6,phase4b,1,cadical,66.783596,UNSATISFIABLE,False,66.783596,,,cadical,,,,,,,,,,,0,960,11261,2360,/work/results/phase4b/20260816Tphase4bfallbacklemma01Z/logs/part_a/expanded_005__005_overlapping_hall_violation_scale6_phase4b__cadical__seed1.log
expanded,005_overlapping_hall_violation_scale6_phase4b.cnf,overlapping_hall_violation,6,phase4b,1,kissat,34.941388,UNSATISFIABLE,False,34.941388,,,kissat,,,,,,,,,,,565,769,12320,1800,/work/results/phase4b/20260816Tphase4bfallbacklemma01Z/logs/part_a/expanded_005__005_overlapping_hall_violation_scale6_phase4b__kissat__seed1.log
expanded,005_overlapping_hall_violation_scale6_phase4b.cnf,overlapping_hall_violation,6,phase4b,1,lkk_cadical,66.660947,UNSATISFIABLE,False,66.660947,UNSAT,False,cadical,0,0,0,0,1.93901,0.079964,0.155379,46.5627,0.018313,3.42566,-1,-1,-1,4164,results/phase4b/20260816Tphase4bfallbacklemma01Z/logs/part_a/expanded_005__005_overlapping_hall_violation_scale6_phase4b__lkk_cadical__seed1.log
expanded,005_overlapping_hall_violation_scale6_phase4b.cnf,overlapping_hall_violation,6,phase4b,1,lkk_kissat,66.682347,UNSATISFIABLE,False,66.682347,UNSAT,False,kissat,0,0,0,0,1.37568,0.069839,0.13335,37.7326,0.019228,4.10223,-1,-1,-1,4092,results/phase4b/20260816Tphase4bfallbacklemma01Z/logs/part_a/expanded_005__005_overlapping_hall_violation_scale6_phase4b__lkk_kissat__seed1.log
expanded,005_overlapping_hall_violation_scale6_phase4b.cnf,overlapping_hall_violation,6,phase4b,1,lkk_none,66.981163,UNSATISFIABLE,False,66.981163,UNSAT,False,none,0,0,0,0,1.32317,0.064711,0.136116,44.3703,0.021301,4.53391,-1,-1,-1,4140,results/phase4b/20260816Tphase4bfallbacklemma01Z/logs/part_a/expanded_005__005_overlapping_hall_violation_scale6_phase4b__lkk_none__seed1.log
expanded,006_overlapping_hall_violation_scale8_phase4b.cnf,overlapping_hall_violation,8,phase4b,1,kissat,116.952987,UNSATISFIABLE,False,116.952987,,,kissat,,,,,,,,,,,8422,12151,245912,2456,/work/results/phase4b/20260816Tphase4bfallbacklemma01Z/logs/part_a/expanded_006__006_overlapping_hall_violation_scale8_phase4b__kissat__seed1.log
expanded,006_overlapping_hall_violation_scale8_phase4b.cnf,overlapping_hall_violation,8,phase4b,1,lkk_cadical,820.459082,UNSATISFIABLE,False,820.459082,UNKNOWN,True,cadical,434.418,0,434.418,0,1.67311,0.124005,0.290743,331.136,0,0,45027,49432,431302,7012,results/phase4b/20260816Tphase4bfallbacklemma01Z/logs/part_a/expanded_006__006_overlapping_hall_violation_scale8_phase4b__lkk_cadical__seed1.log
expanded,006_overlapping_hall_violation_scale8_phase4b.cnf,overlapping_hall_violation,8,phase4b,1,lkk_kissat,468.857215,UNSATISFIABLE,False,468.857215,UNKNOWN,True,kissat,117.672,2.25228,100,19.9241,1.66081,0.127597,0.304893,302.084,0,0,8422,12151,245912,4352,results/phase4b/20260816Tphase4bfallbacklemma01Z/logs/part_a/expanded_006__006_overlapping_hall_violation_scale8_phase4b__lkk_kissat__seed1.log
expanded,006_overlapping_hall_violation_scale8_phase4b.cnf,overlapping_hall_violation,8,phase4b,1,lkk_none,368.789215,UNKNOWN,False,10000.0,UNKNOWN,True,none,0,0,0,0,1.96266,0.137717,0.325612,319.066,0,0,-1,-1,-1,4236,results/phase4b/20260816Tphase4bfallbacklemma01Z/logs/part_a/expanded_006__006_overlapping_hall_violation_scale8_phase4b__lkk_none__seed1.log
expanded,006_overlapping_hall_violation_scale8_phase4b.cnf,overlapping_hall_violation,8,phase4b,1,cadical,518.235796,UNSATISFIABLE,False,518.235796,,,cadical,,,,,,,,,,,10,49432,475080,3476,/work/results/phase4b/20260816Tphase4bfallbacklemma01Z/logs/part_a/expanded_006__006_overlapping_hall_violation_scale8_phase4b__cadical__seed1.log
expanded,007_overlapping_hall_violation_scale9_phase4b.cnf,overlapping_hall_violation,9,phase4b,1,lkk_cadical,4083.00171,UNSATISFIABLE,False,4083.00171,UNKNOWN,True,cadical,3670.84,0,3670.84,0,2.1096,0.182146,0.40176,366.507,0,0,341858,368940,3210303,10252,results/phase4b/20260816Tphase4bfallbacklemma01Z/logs/part_a/expanded_007__007_overlapping_hall_violation_scale9_phase4b__lkk_cadical__seed1.log
expanded,007_overlapping_hall_violation_scale9_phase4b.cnf,overlapping_hall_violation,9,phase4b,1,lkk_kissat,820.064764,UNSATISFIABLE,False,820.064764,UNKNOWN,True,kissat,362.361,3.41146,330,35.7729,1.97346,0.195651,0.404692,381.569,0,0,20328,29315,600597,4712,results/phase4b/20260816Tphase4bfallbacklemma01Z/logs/part_a/expanded_007__007_overlapping_hall_violation_scale9_phase4b__lkk_kissat__seed1.log
expanded,007_overlapping_hall_violation_scale9_phase4b.cnf,overlapping_hall_violation,9,phase4b,1,lkk_none,418.769676,UNKNOWN,False,10000.0,UNKNOWN,True,none,0,0,0,0,2.04615,0.187657,0.402585,391.012,0,0,-1,-1,-1,4428,results/phase4b/20260816Tphase4bfallbacklemma01Z/logs/part_a/expanded_007__007_overlapping_hall_violation_scale9_phase4b__lkk_none__seed1.log
expanded,007_overlapping_hall_violation_scale9_phase4b.cnf,overlapping_hall_violation,9,phase4b,1,cadical,4635.355386,UNSATISFIABLE,False,4635.355386,,,cadical,,,,,,,,,,,102,368940,3518818,6992,/work/results/phase4b/20260816Tphase4bfallbacklemma01Z/logs/part_a/expanded_007__007_overlapping_hall_violation_scale9_phase4b__cadical__seed1.log
expanded,007_overlapping_hall_violation_scale9_phase4b.cnf,overlapping_hall_violation,9,phase4b,1,kissat,418.403311,UNSATISFIABLE,False,418.403311,,,kissat,,,,,,,,,,,20328,29315,600597,3268,/work/results/phase4b/20260816Tphase4bfallbacklemma01Z/logs/part_a/expanded_007__007_overlapping_hall_violation_scale9_phase4b__kissat__seed1.log
expanded,008_overlapping_hall_violation_scale10_phase4b.cnf,overlapping_hall_violation,10,phase4b,1,lkk_kissat,2577.264128,UNSATISFIABLE,False,2577.264128,UNKNOWN,True,kissat,1981.91,2.94132,2000,-15.1464,2.97592,0.287526,0.841447,557.032,0,0,125042,168844,3347000,5844,results/phase4b/20260816Tphase4bfallbacklemma01Z/logs/part_a/expanded_008__008_overlapping_hall_violation_scale10_phase4b__lkk_kissat__seed1.log
expanded,008_overlapping_hall_violation_scale10_phase4b.cnf,overlapping_hall_violation,10,phase4b,1,lkk_none,569.855834,UNKNOWN,False,10000.0,UNKNOWN,True,none,0,0,0,0,2.70711,0.328318,0.687214,528.489,0,0,-1,-1,-1,4556,results/phase4b/20260816Tphase4bfallbacklemma01Z/logs/part_a/expanded_008__008_overlapping_hall_violation_scale10_phase4b__lkk_none__seed1.log
expanded,008_overlapping_hall_violation_scale10_phase4b.cnf,overlapping_hall_violation,10,phase4b,1,cadical,5038.227563,TIMEOUT,True,10000.0,,,cadical,,,,,,,,,,,,,,1656,/work/results/phase4b/20260816Tphase4bfallbacklemma01Z/logs/part_a/expanded_008__008_overlapping_hall_violation_scale10_phase4b__cadical__seed1.log
expanded,008_overlapping_hall_violation_scale10_phase4b.cnf,overlapping_hall_violation,10,phase4b,1,kissat,1873.966886,UNSATISFIABLE,False,1873.966886,,,kissat,,,,,,,,,,,125042,168844,3347000,5836,/work/results/phase4b/20260816Tphase4bfallbacklemma01Z/logs/part_a/expanded_008__008_overlapping_hall_violation_scale10_phase4b__kissat__seed1.log
expanded,008_overlapping_hall_violation_scale10_phase4b.cnf,overlapping_hall_violation,10,phase4b,1,lkk_cadical,5035.508673,TIMEOUT,True,10000.0,,,lkk_cadical,,,,,,,,,,,,,,1744,results/phase4b/20260816Tphase4bfallbacklemma01Z/logs/part_a/expanded_008__008_overlapping_hall_violation_scale10_phase4b__lkk_cadical__seed1.log
expanded,009_overlapping_hall_violation_scale11_phase4b.cnf,overlapping_hall_violation,11,phase4b,1,lkk_none,367.655783,UNKNOWN,False,10000.0,UNKNOWN,True,none,0,0,0,0,2.73696,0.334593,0.700044,329.166,0,0,-1,-1,-1,4884,results/phase4b/20260816Tphase4bfallbacklemma01Z/logs/part_a/expanded_009__009_overlapping_hall_violation_scale11_phase4b__lkk_none__seed1.log
expanded,009_overlapping_hall_violation_scale11_phase4b.cnf,overlapping_hall_violation,11,phase4b,1,cadical,5036.069442,TIMEOUT,True,10000.0,,,cadical,,,,,,,,,,,,,,1708,/work/results/phase4b/20260816Tphase4bfallbacklemma01Z/logs/part_a/expanded_009__009_overlapping_hall_violation_scale11_phase4b__cadical__seed1.log
expanded,009_overlapping_hall_violation_scale11_phase4b.cnf,overlapping_hall_violation,11,phase4b,1,kissat,5037.266419,TIMEOUT,True,10000.0,,,kissat,,,,,,,,,,,,,,1660,/work/results/phase4b/20260816Tphase4bfallbacklemma01Z/logs/part_a/expanded_009__009_overlapping_hall_violation_scale11_phase4b__kissat__seed1.log
expanded,009_overlapping_hall_violation_scale11_phase4b.cnf,overlapping_hall_violation,11,phase4b,1,lkk_cadical,5038.218041,TIMEOUT,True,10000.0,,,lkk_cadical,,,,,,,,,,,,,,1684,results/phase4b/20260816Tphase4bfallbacklemma01Z/logs/part_a/expanded_009__009_overlapping_hall_violation_scale11_phase4b__lkk_cadical__seed1.log
expanded,009_overlapping_hall_violation_scale11_phase4b.cnf,overlapping_hall_violation,11,phase4b,1,lkk_kissat,5037.820109,TIMEOUT,True,10000.0,,,lkk_kissat,,,,,,,,,,,,,,1596,results/phase4b/20260816Tphase4bfallbacklemma01Z/logs/part_a/expanded_009__009_overlapping_hall_violation_scale11_phase4b__lkk_kissat__seed1.log
expanded,010_capacity2_violation_scale3_phase4b.cnf,capacity2_violation,3,phase4b,1,cadical,66.928357,UNSATISFIABLE,False,66.928357,,,cadical,,,,,,,,,,,0,104,967,1928,/work/results/phase4b/20260816Tphase4bfallbacklemma01Z/logs/part_a/expanded_010__010_capacity2_violation_scale3_phase4b__cadical__seed1.log
expanded,010_capacity2_violation_scale3_phase4b.cnf,capacity2_violation,3,phase4b,1,kissat,18.673021,UNSATISFIABLE,False,18.673021,,,kissat,,,,,,,,,,,75,79,1567,1592,/work/results/phase4b/20260816Tphase4bfallbacklemma01Z/logs/part_a/expanded_010__010_capacity2_violation_scale3_phase4b__kissat__seed1.log
expanded,010_capacity2_violation_scale3_phase4b.cnf,capacity2_violation,3,phase4b,1,lkk_cadical,18.315191,UNSATISFIABLE,False,18.315191,UNSAT,False,cadical,0,0,0,0,1.75403,0.027918,0.06868,3.88466,0.009202,2.13381,-1,-1,-1,4032,results/phase4b/20260816Tphase4bfallbacklemma01Z/logs/part_a/expanded_010__010_capacity2_violation_scale3_phase4b__lkk_cadical__seed1.log
expanded,010_capacity2_violation_scale3_phase4b.cnf,capacity2_violation,3,phase4b,1,lkk_kissat,18.784088,UNSATISFIABLE,False,18.784088,UNSAT,False,kissat,0,0,0,0,1.39928,0.033142,0.061266,3.44648,0.011938,1.94601,-1,-1,-1,4212,results/phase4b/20260816Tphase4bfallbacklemma01Z/logs/part_a/expanded_010__010_capacity2_violation_scale3_phase4b__lkk_kissat__seed1.log
expanded,010_capacity2_violation_scale3_phase4b.cnf,capacity2_violation,3,phase4b,1,lkk_none,19.469682,UNSATISFIABLE,False,19.469682,UNSAT,False,none,0,0,0,0,1.78636,0.029279,0.064944,3.99237,0.008604,2.41609,-1,-1,-1,4000,results/phase4b/20260816Tphase4bfallbacklemma01Z/logs/part_a/expanded_010__010_capacity2_violation_scale3_phase4b__lkk_none__seed1.log
expanded,011_capacity2_violation_scale4_phase4b.cnf,capacity2_violation,4,phase4b,1,kissat,34.965043,UNSATISFIABLE,False,34.965043,,,kissat,,,,,,,,,,,1021,1779,22896,1672,/work/results/phase4b/20260816Tphase4bfallbacklemma01Z/logs/part_a/expanded_011__011_capacity2_violation_scale4_phase4b__kissat__seed1.log
expanded,011_capacity2_violation_scale4_phase4b.cnf,capacity2_violation,4,phase4b,1,lkk_cadical,67.006791,UNSATISFIABLE,False,67.006791,UNSAT,False,cadical,0,0,0,0,1.35556,0.058441,0.124737,41.6743,0.0142,3.6337,-1,-1,-1,4264,results/phase4b/20260816Tphase4bfallbacklemma01Z/logs/part_a/expanded_011__011_capacity2_violation_scale4_phase4b__lkk_cadical__seed1.log
expanded,011_capacity2_violation_scale4_phase4b.cnf,capacity2_violation,4,phase4b,1,lkk_kissat,68.162003,UNSATISFIABLE,False,68.162003,UNSAT,False,kissat,0,0,0,0,2.15685,0.076152,0.166107,40.1981,0.016898,3.97267,-1,-1,-1,4268,results/phase4b/20260816Tphase4bfallbacklemma01Z/logs/part_a/expanded_011__011_capacity2_violation_scale4_phase4b__lkk_kissat__seed1.log
expanded,011_capacity2_violation_scale4_phase4b.cnf,capacity2_violation,4,phase4b,1,lkk_none,67.524904,UNSATISFIABLE,False,67.524904,UNSAT,False,none,0,0,0,0,1.7063,0.077988,0.138762,34.4189,0.029813,3.96726,-1,-1,-1,4276,results/phase4b/20260816Tphase4bfallbacklemma01Z/logs/part_a/expanded_011__011_capacity2_violation_scale4_phase4b__lkk_none__seed1.log
expanded,011_capacity2_violation_scale4_phase4b.cnf,capacity2_violation,4,phase4b,1,cadical,118.025127,UNSATISFIABLE,False,118.025127,,,cadical,,,,,,,,,,,0,3662,36707,2536,/work/results/phase4b/20260816Tphase4bfallbacklemma01Z/logs/part_a/expanded_011__011_capacity2_violation_scale4_phase4b__cadical__seed1.log
expanded,012_capacity2_violation_scale5_phase4b.cnf,capacity2_violation,5,phase4b,1,lkk_cadical,318.691261,UNSATISFIABLE,False,318.691261,UNSAT,False,cadical,0,0,0,0,2.5023,0.177315,0.36994,251.256,0.016518,5.32188,-1,-1,-1,4472,results/phase4b/20260816Tphase4bfallbacklemma01Z/logs/part_a/expanded_012__012_capacity2_violation_scale5_phase4b__lkk_cadical__seed1.log
expanded,012_capacity2_violation_scale5_phase4b.cnf,capacity2_violation,5,phase4b,1,lkk_kissat,319.602974,UNSATISFIABLE,False,319.602974,UNSAT,False,kissat,0,0,0,0,2.32456,0.176988,0.351994,257.263,0.014257,4.78407,-1,-1,-1,4464,results/phase4b/20260816Tphase4bfallbacklemma01Z/logs/part_a/expanded_012__012_capacity2_violation_scale5_phase4b__lkk_kissat__seed1.log
expanded,012_capacity2_violation_scale5_phase4b.cnf,capacity2_violation,5,phase4b,1,lkk_none,267.086446,UNSATISFIABLE,False,267.086446,UNSAT,False,none,0,0,0,0,1.7144,0.127272,0.28511,238.154,0.014193,5.33032,-1,-1,-1,4376,results/phase4b/20260816Tphase4bfallbacklemma01Z/logs/part_a/expanded_012__012_capacity2_violation_scale5_phase4b__lkk_none__seed1.log
expanded,012_capacity2_violation_scale5_phase4b.cnf,capacity2_violation,5,phase4b,1,cadical,668.928984,UNSATISFIABLE,False,668.928984,,,cadical,,,,,,,,,,,68,55232,446092,4784,/work/results/phase4b/20260816Tphase4bfallbacklemma01Z/logs/part_a/expanded_012__012_capacity2_violation_scale5_phase4b__cadical__seed1.log
expanded,012_capacity2_violation_scale5_phase4b.cnf,capacity2_violation,5,phase4b,1,kissat,268.338354,UNSATISFIABLE,False,268.338354,,,kissat,,,,,,,,,,,13246,20778,374255,2816,/work/results/phase4b/20260816Tphase4bfallbacklemma01Z/logs/part_a/expanded_012__012_capacity2_violation_scale5_phase4b__kissat__seed1.log
expanded,013_capacity2_violation_scale6_phase4b.cnf,capacity2_violation,6,phase4b,1,lkk_kissat,1172.304456,UNSATISFIABLE,False,1172.304456,UNSAT,False,kissat,0,0,0,0,2.66429,0.252826,0.559037,1141.94,0.025175,8.61298,-1,-1,-1,4676,results/phase4b/20260816Tphase4bfallbacklemma01Z/logs/part_a/expanded_013__013_capacity2_violation_scale6_phase4b__lkk_kissat__seed1.log
expanded,013_capacity2_violation_scale6_phase4b.cnf,capacity2_violation,6,phase4b,1,lkk_none,1222.981307,UNSATISFIABLE,False,1222.981307,UNSAT,False,none,0,0,0,0,3.45295,0.287936,0.70251,1197.17,0.024194,8.099,-1,-1,-1,4864,results/phase4b/20260816Tphase4bfallbacklemma01Z/logs/part_a/expanded_013__013_capacity2_violation_scale6_phase4b__lkk_none__seed1.log
expanded,013_capacity2_violation_scale6_phase4b.cnf,capacity2_violation,6,phase4b,1,cadical,5035.578745,TIMEOUT,True,10000.0,,,cadical,,,,,,,,,,,,,,1744,/work/results/phase4b/20260816Tphase4bfallbacklemma01Z/logs/part_a/expanded_013__013_capacity2_violation_scale6_phase4b__cadical__seed1.log
expanded,013_capacity2_violation_scale6_phase4b.cnf,capacity2_violation,6,phase4b,1,kissat,2124.561056,UNSATISFIABLE,False,2124.561056,,,kissat,,,,,,,,,,,100528,154666,2402220,6664,/work/results/phase4b/20260816Tphase4bfallbacklemma01Z/logs/part_a/expanded_013__013_capacity2_violation_scale6_phase4b__kissat__seed1.log
expanded,013_capacity2_violation_scale6_phase4b.cnf,capacity2_violation,6,phase4b,1,lkk_cadical,970.038797,UNSATISFIABLE,False,970.038797,UNSAT,False,cadical,0,0,0,0,2.35001,0.365509,0.599829,952.487,0.01825,6.42362,-1,-1,-1,4796,results/phase4b/20260816Tphase4bfallbacklemma01Z/logs/part_a/expanded_013__013_capacity2_violation_scale6_phase4b__lkk_cadical__seed1.log
expanded,014_capacity2_violation_scale7_phase4b.cnf,capacity2_violation,7,phase4b,1,lkk_none,3429.138194,UNKNOWN,False,10000.0,UNKNOWN,True,none,0,0,0,0,2.98078,0.426346,0.905176,3413.6,0,0,-1,-1,-1,5100,results/phase4b/20260816Tphase4bfallbacklemma01Z/logs/part_a/expanded_014__014_capacity2_violation_scale7_phase4b__lkk_none__seed1.log
expanded,014_capacity2_violation_scale7_phase4b.cnf,capacity2_violation,7,phase4b,1,cadical,5035.395635,TIMEOUT,True,10000.0,,,cadical,,,,,,,,,,,,,,1732,/work/results/phase4b/20260816Tphase4bfallbacklemma01Z/logs/part_a/expanded_014__014_capacity2_violation_scale7_phase4b__cadical__seed1.log
expanded,014_capacity2_violation_scale7_phase4b.cnf,capacity2_violation,7,phase4b,1,kissat,5034.94717,TIMEOUT,True,10000.0,,,kissat,,,,,,,,,,,,,,1684,/work/results/phase4b/20260816Tphase4bfallbacklemma01Z/logs/part_a/expanded_014__014_capacity2_violation_scale7_phase4b__kissat__seed1.log
expanded,014_capacity2_violation_scale7_phase4b.cnf,capacity2_violation,7,phase4b,1,lkk_cadical,5036.950732,TIMEOUT,True,10000.0,,,lkk_cadical,,,,,,,,,,,,,,1700,results/phase4b/20260816Tphase4bfallbacklemma01Z/logs/part_a/expanded_014__014_capacity2_violation_scale7_phase4b__lkk_cadical__seed1.log
expanded,014_capacity2_violation_scale7_phase4b.cnf,capacity2_violation,7,phase4b,1,lkk_kissat,5037.407413,TIMEOUT,True,10000.0,,,lkk_kissat,,,,,,,,,,,,,,1736,results/phase4b/20260816Tphase4bfallbacklemma01Z/logs/part_a/expanded_014__014_capacity2_violation_scale7_phase4b__lkk_kissat__seed1.log
expanded,015_capacity2_violation_scale8_phase4b.cnf,capacity2_violation,8,phase4b,1,cadical,5036.571924,TIMEOUT,True,10000.0,,,cadical,,,,,,,,,,,,,,1632,/work/results/phase4b/20260816Tphase4bfallbacklemma01Z/logs/part_a/expanded_015__015_capacity2_violation_scale8_phase4b__cadical__seed1.log
expanded,015_capacity2_violation_scale8_phase4b.cnf,capacity2_violation,8,phase4b,1,kissat,5035.020889,TIMEOUT,True,10000.0,,,kissat,,,,,,,,,,,,,,1660,/work/results/phase4b/20260816Tphase4bfallbacklemma01Z/logs/part_a/expanded_015__015_capacity2_violation_scale8_phase4b__kissat__seed1.log
expanded,015_capacity2_violation_scale8_phase4b.cnf,capacity2_violation,8,phase4b,1,lkk_cadical,5035.794477,TIMEOUT,True,10000.0,,,lkk_cadical,,,,,,,,,,,,,,1728,results/phase4b/20260816Tphase4bfallbacklemma01Z/logs/part_a/expanded_015__015_capacity2_violation_scale8_phase4b__lkk_cadical__seed1.log
expanded,015_capacity2_violation_scale8_phase4b.cnf,capacity2_violation,8,phase4b,1,lkk_kissat,5036.605264,TIMEOUT,True,10000.0,,,lkk_kissat,,,,,,,,,,,,,,1728,results/phase4b/20260816Tphase4bfallbacklemma01Z/logs/part_a/expanded_015__015_capacity2_violation_scale8_phase4b__lkk_kissat__seed1.log
expanded,015_capacity2_violation_scale8_phase4b.cnf,capacity2_violation,8,phase4b,1,lkk_none,3077.722635,UNKNOWN,False,10000.0,UNKNOWN,True,none,0,0,0,0,4.20912,0.739394,1.42493,3035.83,0,0,-1,-1,-1,5804,results/phase4b/20260816Tphase4bfallbacklemma01Z/logs/part_a/expanded_015__015_capacity2_violation_scale8_phase4b__lkk_none__seed1.log
expanded,016_satisfiable_capacity_control_scale8_phase4b.cnf,satisfiable_capacity_control,8,phase4b,1,kissat,18.509256,SATISFIABLE,False,18.509256,,,kissat,,,,,,,,,,,0,0,64,1752,/work/results/phase4b/20260816Tphase4bfallbacklemma01Z/logs/part_a/expanded_016__016_satisfiable_capacity_control_scale8_phase4b__kissat__seed1.log
expanded,016_satisfiable_capacity_control_scale8_phase4b.cnf,satisfiable_capacity_control,8,phase4b,1,lkk_cadical,36.399441,SATISFIABLE,False,36.399441,FEASIBLE,True,cadical,0.278041,0,0.278041,0,2.4057,0.075064,0.146521,13.5299,0.019909,0,0,0,0,4964,results/phase4b/20260816Tphase4bfallbacklemma01Z/logs/part_a/expanded_016__016_satisfiable_capacity_control_scale8_phase4b__lkk_cadical__seed1.log
expanded,016_satisfiable_capacity_control_scale8_phase4b.cnf,satisfiable_capacity_control,8,phase4b,1,lkk_kissat,67.997741,SATISFIABLE,False,67.997741,FEASIBLE,True,kissat,14.4207,2.49168,0,2.49168,2.16332,0.110525,0.187141,16.1023,0.018742,0,0,0,64,4280,results/phase4b/20260816Tphase4bfallbacklemma01Z/logs/part_a/expanded_016__016_satisfiable_capacity_control_scale8_phase4b__lkk_kissat__seed1.log
expanded,016_satisfiable_capacity_control_scale8_phase4b.cnf,satisfiable_capacity_control,8,phase4b,1,lkk_none,35.050309,UNKNOWN,False,10000.0,FEASIBLE,True,none,0,0,0,0,2.00859,0.072822,0.187669,12.1844,0.020707,0,-1,-1,-1,4228,results/phase4b/20260816Tphase4bfallbacklemma01Z/logs/part_a/expanded_016__016_satisfiable_capacity_control_scale8_phase4b__lkk_none__seed1.log
expanded,016_satisfiable_capacity_control_scale8_phase4b.cnf,satisfiable_capacity_control,8,phase4b,1,cadical,67.653258,SATISFIABLE,False,67.653258,,,cadical,,,,,,,,,,,0,0,0,1828,/work/results/phase4b/20260816Tphase4bfallbacklemma01Z/logs/part_a/expanded_016__016_satisfiable_capacity_control_scale8_phase4b__cadical__seed1.log
expanded,017_satisfiable_capacity_control_scale16_phase4b.cnf,satisfiable_capacity_control,16,phase4b,1,lkk_cadical,68.017586,SATISFIABLE,False,68.017586,UNKNOWN,True,cadical,1.03562,0,1.03562,0,4.38858,0.426238,0.956878,21.6657,0,0,0,0,0,6000,results/phase4b/20260816Tphase4bfallbacklemma01Z/logs/part_a/expanded_017__017_satisfiable_capacity_control_scale16_phase4b__lkk_cadical__seed1.log
expanded,017_satisfiable_capacity_control_scale16_phase4b.cnf,satisfiable_capacity_control,16,phase4b,1,lkk_kissat,118.141234,SATISFIABLE,False,118.141234,UNKNOWN,True,kissat,19.3188,3.41869,0,3.41869,4.09949,0.493122,1.08391,19.0201,0,0,0,0,256,4896,results/phase4b/20260816Tphase4bfallbacklemma01Z/logs/part_a/expanded_017__017_satisfiable_capacity_control_scale16_phase4b__lkk_kissat__seed1.log
expanded,017_satisfiable_capacity_control_scale16_phase4b.cnf,satisfiable_capacity_control,16,phase4b,1,lkk_none,68.121747,UNKNOWN,False,10000.0,UNKNOWN,True,none,0,0,0,0,4.08047,0.574483,1.12523,21.7192,0,0,-1,-1,-1,4860,results/phase4b/20260816Tphase4bfallbacklemma01Z/logs/part_a/expanded_017__017_satisfiable_capacity_control_scale16_phase4b__lkk_none__seed1.log
expanded,017_satisfiable_capacity_control_scale16_phase4b.cnf,satisfiable_capacity_control,16,phase4b,1,cadical,67.595471,SATISFIABLE,False,67.595471,,,cadical,,,,,,,,,,,0,0,0,2168,/work/results/phase4b/20260816Tphase4bfallbacklemma01Z/logs/part_a/expanded_017__017_satisfiable_capacity_control_scale16_phase4b__cadical__seed1.log
expanded,017_satisfiable_capacity_control_scale16_phase4b.cnf,satisfiable_capacity_control,16,phase4b,1,kissat,19.846839,SATISFIABLE,False,19.846839,,,kissat,,,,,,,,,,,0,0,256,1756,/work/results/phase4b/20260816Tphase4bfallbacklemma01Z/logs/part_a/expanded_017__017_satisfiable_capacity_control_scale16_phase4b__kissat__seed1.log
expanded,018_satisfiable_capacity_control_scale24_phase4b.cnf,satisfiable_capacity_control,24,phase4b,1,lkk_kissat,168.083995,SATISFIABLE,False,168.083995,UNKNOWN,True,kissat,32.1891,8.09468,0,8.09468,9.61366,2.38146,3.88974,37.9449,0,0,0,0,576,7460,results/phase4b/20260816Tphase4bfallbacklemma01Z/logs/part_a/expanded_018__018_satisfiable_capacity_control_scale24_phase4b__lkk_kissat__seed1.log
expanded,018_satisfiable_capacity_control_scale24_phase4b.cnf,satisfiable_capacity_control,24,phase4b,1,lkk_none,67.747024,UNKNOWN,False,10000.0,UNKNOWN,True,none,0,0,0,0,10.7026,2.22254,4.43204,20.928,0,0,-1,-1,-1,6988,results/phase4b/20260816Tphase4bfallbacklemma01Z/logs/part_a/expanded_018__018_satisfiable_capacity_control_scale24_phase4b__lkk_none__seed1.log
expanded,018_satisfiable_capacity_control_scale24_phase4b.cnf,satisfiable_capacity_control,24,phase4b,1,cadical,118.223639,SATISFIABLE,False,118.223639,,,cadical,,,,,,,,,,,0,0,0,3108,/work/results/phase4b/20260816Tphase4bfallbacklemma01Z/logs/part_a/expanded_018__018_satisfiable_capacity_control_scale24_phase4b__cadical__seed1.log
expanded,018_satisfiable_capacity_control_scale24_phase4b.cnf,satisfiable_capacity_control,24,phase4b,1,kissat,37.521694,SATISFIABLE,False,37.521694,,,kissat,,,,,,,,,,,0,0,576,1796,/work/results/phase4b/20260816Tphase4bfallbacklemma01Z/logs/part_a/expanded_018__018_satisfiable_capacity_control_scale24_phase4b__kissat__seed1.log
expanded,018_satisfiable_capacity_control_scale24_phase4b.cnf,satisfiable_capacity_control,24,phase4b,1,lkk_cadical,68.346023,SATISFIABLE,False,68.346023,UNKNOWN,True,cadical,2.67043,0,2.67043,0,11.0424,2.30839,6.64617,28.2986,0,0,0,0,0,8456,results/phase4b/20260816Tphase4bfallbacklemma01Z/logs/part_a/expanded_018__018_satisfiable_capacity_control_scale24_phase4b__lkk_cadical__seed1.log
expanded,019_satisfiable_capacity_control_scale32_phase4b.cnf,satisfiable_capacity_control,32,phase4b,1,lkk_none,117.212445,UNKNOWN,False,10000.0,UNKNOWN,True,none,0,0,0,0,20.8544,4.65992,8.12498,21.8974,0,0,-1,-1,-1,11480,results/phase4b/20260816Tphase4bfallbacklemma01Z/logs/part_a/expanded_019__019_satisfiable_capacity_control_scale32_phase4b__lkk_none__seed1.log
expanded,019_satisfiable_capacity_control_scale32_phase4b.cnf,satisfiable_capacity_control,32,phase4b,1,cadical,116.978151,SATISFIABLE,False,116.978151,,,cadical,,,,,,,,,,,0,0,0,4620,/work/results/phase4b/20260816Tphase4bfallbacklemma01Z/logs/part_a/expanded_019__019_satisfiable_capacity_control_scale32_phase4b__cadical__seed1.log
expanded,019_satisfiable_capacity_control_scale32_phase4b.cnf,satisfiable_capacity_control,32,phase4b,1,kissat,18.138334,SATISFIABLE,False,18.138334,,,kissat,,,,,,,,,,,0,0,1024,2040,/work/results/phase4b/20260816Tphase4bfallbacklemma01Z/logs/part_a/expanded_019__019_satisfiable_capacity_control_scale32_phase4b__kissat__seed1.log
expanded,019_satisfiable_capacity_control_scale32_phase4b.cnf,satisfiable_capacity_control,32,phase4b,1,lkk_cadical,117.816675,SATISFIABLE,False,117.816675,UNKNOWN,True,cadical,4.74747,0,4.74747,0,21.2814,5.4166,8.9074,19.9789,0,0,0,0,0,14296,results/phase4b/20260816Tphase4bfallbacklemma01Z/logs/part_a/expanded_019__019_satisfiable_capacity_control_scale32_phase4b__lkk_cadical__seed1.log
expanded,019_satisfiable_capacity_control_scale32_phase4b.cnf,satisfiable_capacity_control,32,phase4b,1,lkk_kissat,116.902286,SATISFIABLE,False,116.902286,UNKNOWN,True,kissat,15.9104,9.11786,0,9.11786,17.0311,4.78751,9.22294,19.3091,0,0,0,0,1024,11732,results/phase4b/20260816Tphase4bfallbacklemma01Z/logs/part_a/expanded_019__019_satisfiable_capacity_control_scale32_phase4b__lkk_kissat__seed1.log
expanded,020_hidden_pigeonhole_scale7_phase4b_noise0.cnf,hidden_pigeonhole,7,phase4b_noise0,1,cadical,66.820495,UNSATISFIABLE,False,66.820495,,,cadical,,,,,,,,,,,0,2245,15718,2400,/work/results/phase4b/20260816Tphase4bfallbacklemma01Z/logs/part_a/expanded_020__020_hidden_pigeonhole_scale7_phase4b_noise0__cadical__seed1.log
expanded,020_hidden_pigeonhole_scale7_phase4b_noise0.cnf,hidden_pigeonhole,7,phase4b_noise0,1,kissat,35.381202,UNSATISFIABLE,False,35.381202,,,kissat,,,,,,,,,,,1154,3878,25626,1684,/work/results/phase4b/20260816Tphase4bfallbacklemma01Z/logs/part_a/expanded_020__020_hidden_pigeonhole_scale7_phase4b_noise0__kissat__seed1.log
expanded,020_hidden_pigeonhole_scale7_phase4b_noise0.cnf,hidden_pigeonhole,7,phase4b_noise0,1,lkk_cadical,35.63591,UNSATISFIABLE,False,35.63591,UNSAT,False,cadical,0,0,0,0,2.04767,0.108231,0.560061,6.21333,0.011772,3.41973,-1,-1,-1,4388,results/phase4b/20260816Tphase4bfallbacklemma01Z/logs/part_a/expanded_020__020_hidden_pigeonhole_scale7_phase4b_noise0__lkk_cadical__seed1.log
expanded,020_hidden_pigeonhole_scale7_phase4b_noise0.cnf,hidden_pigeonhole,7,phase4b_noise0,1,lkk_kissat,35.532167,UNSATISFIABLE,False,35.532167,UNSAT,False,kissat,0,0,0,0,2.11637,0.10102,0.539145,6.54036,0.012844,4.22387,-1,-1,-1,4112,results/phase4b/20260816Tphase4bfallbacklemma01Z/logs/part_a/expanded_020__020_hidden_pigeonhole_scale7_phase4b_noise0__lkk_kissat__seed1.log
expanded,020_hidden_pigeonhole_scale7_phase4b_noise0.cnf,hidden_pigeonhole,7,phase4b_noise0,1,lkk_none,35.32712,UNSATISFIABLE,False,35.32712,UNSAT,False,none,0,0,0,0,2.27886,0.106705,0.516643,6.75382,0.013012,4.13885,-1,-1,-1,4232,results/phase4b/20260816Tphase4bfallbacklemma01Z/logs/part_a/expanded_020__020_hidden_pigeonhole_scale7_phase4b_noise0__lkk_none__seed1.log
expanded,021_hidden_pigeonhole_scale7_phase4b_noise100.cnf,hidden_pigeonhole,7,phase4b_noise100,1,kissat,67.232829,UNSATISFIABLE,False,67.232829,,,kissat,,,,,,,,,,,1201,4218,27979,1756,/work/results/phase4b/20260816Tphase4bfallbacklemma01Z/logs/part_a/expanded_021__021_hidden_pigeonhole_scale7_phase4b_noise100__kissat__seed1.log
expanded,021_hidden_pigeonhole_scale7_phase4b_noise100.cnf,hidden_pigeonhole,7,phase4b_noise100,1,lkk_cadical,35.973494,UNSATISFIABLE,False,35.973494,UNSAT,False,cadical,0,0,0,0,2.44615,0.247754,0.772248,8.16047,0.01264,4.94563,-1,-1,-1,4384,results/phase4b/20260816Tphase4bfallbacklemma01Z/logs/part_a/expanded_021__021_hidden_pigeonhole_scale7_phase4b_noise100__lkk_cadical__seed1.log
expanded,021_hidden_pigeonhole_scale7_phase4b_noise100.cnf,hidden_pigeonhole,7,phase4b_noise100,1,lkk_kissat,35.398271,UNSATISFIABLE,False,35.398271,UNSAT,False,kissat,0,0,0,0,1.60876,0.24679,0.735974,7.06552,0.010372,3.77131,-1,-1,-1,4548,results/phase4b/20260816Tphase4bfallbacklemma01Z/logs/part_a/expanded_021__021_hidden_pigeonhole_scale7_phase4b_noise100__lkk_kissat__seed1.log
expanded,021_hidden_pigeonhole_scale7_phase4b_noise100.cnf,hidden_pigeonhole,7,phase4b_noise100,1,lkk_none,35.022086,UNSATISFIABLE,False,35.022086,UNSAT,False,none,0,0,0,0,1.91934,0.197348,0.602658,6.65133,0.010707,5.25919,-1,-1,-1,4340,results/phase4b/20260816Tphase4bfallbacklemma01Z/logs/part_a/expanded_021__021_hidden_pigeonhole_scale7_phase4b_noise100__lkk_none__seed1.log
expanded,021_hidden_pigeonhole_scale7_phase4b_noise100.cnf,hidden_pigeonhole,7,phase4b_noise100,1,cadical,67.568998,UNSATISFIABLE,False,67.568998,,,cadical,,,,,,,,,,,0,2390,14476,2216,/work/results/phase4b/20260816Tphase4bfallbacklemma01Z/logs/part_a/expanded_021__021_hidden_pigeonhole_scale7_phase4b_noise100__cadical__seed1.log
expanded,022_hidden_pigeonhole_scale8_phase4b_noise0.cnf,hidden_pigeonhole,8,phase4b_noise0,1,lkk_cadical,35.765682,UNSATISFIABLE,False,35.765682,UNSAT,False,cadical,0,0,0,0,2.1695,0.180713,0.837551,15.1843,0.016038,5.25594,-1,-1,-1,4524,results/phase4b/20260816Tphase4bfallbacklemma01Z/logs/part_a/expanded_022__022_hidden_pigeonhole_scale8_phase4b_noise0__lkk_cadical__seed1.log
expanded,022_hidden_pigeonhole_scale8_phase4b_noise0.cnf,hidden_pigeonhole,8,phase4b_noise0,1,lkk_kissat,35.390074,UNSATISFIABLE,False,35.390074,UNSAT,False,kissat,0,0,0,0,1.95659,0.145753,0.859387,16.0026,0.014178,4.29464,-1,-1,-1,4476,results/phase4b/20260816Tphase4bfallbacklemma01Z/logs/part_a/expanded_022__022_hidden_pigeonhole_scale8_phase4b_noise0__lkk_kissat__seed1.log
expanded,022_hidden_pigeonhole_scale8_phase4b_noise0.cnf,hidden_pigeonhole,8,phase4b_noise0,1,lkk_none,35.216486,UNSATISFIABLE,False,35.216486,UNSAT,False,none,0,0,0,0,1.88108,0.117704,0.677279,14.3885,0.015077,4.85751,-1,-1,-1,4520,results/phase4b/20260816Tphase4bfallbacklemma01Z/logs/part_a/expanded_022__022_hidden_pigeonhole_scale8_phase4b_noise0__lkk_none__seed1.log
expanded,022_hidden_pigeonhole_scale8_phase4b_noise0.cnf,hidden_pigeonhole,8,phase4b_noise0,1,cadical,117.291265,UNSATISFIABLE,False,117.291265,,,cadical,,,,,,,,,,,0,9105,83448,2636,/work/results/phase4b/20260816Tphase4bfallbacklemma01Z/logs/part_a/expanded_022__022_hidden_pigeonhole_scale8_phase4b_noise0__cadical__seed1.log
expanded,022_hidden_pigeonhole_scale8_phase4b_noise0.cnf,hidden_pigeonhole,8,phase4b_noise0,1,kissat,67.055163,UNSATISFIABLE,False,67.055163,,,kissat,,,,,,,,,,,3164,7920,66322,1780,/work/results/phase4b/20260816Tphase4bfallbacklemma01Z/logs/part_a/expanded_022__022_hidden_pigeonhole_scale8_phase4b_noise0__kissat__seed1.log
expanded,023_hidden_pigeonhole_scale8_phase4b_noise100.cnf,hidden_pigeonhole,8,phase4b_noise100,1,lkk_kissat,67.076255,UNSATISFIABLE,False,67.076255,UNSAT,False,kissat,0,0,0,0,2.43898,0.342662,1.12005,20.3755,0.015332,6.45269,-1,-1,-1,4612,results/phase4b/20260816Tphase4bfallbacklemma01Z/logs/part_a/expanded_023__023_hidden_pigeonhole_scale8_phase4b_noise100__lkk_kissat__seed1.log
expanded,023_hidden_pigeonhole_scale8_phase4b_noise100.cnf,hidden_pigeonhole,8,phase4b_noise100,1,lkk_none,69.482286,UNSATISFIABLE,False,69.482286,UNSAT,False,none,0,0,0,0,3.95732,0.57589,1.92486,24.5937,0.017184,8.55823,-1,-1,-1,4736,results/phase4b/20260816Tphase4bfallbacklemma01Z/logs/part_a/expanded_023__023_hidden_pigeonhole_scale8_phase4b_noise100__lkk_none__seed1.log
expanded,023_hidden_pigeonhole_scale8_phase4b_noise100.cnf,hidden_pigeonhole,8,phase4b_noise100,1,cadical,118.977638,UNSATISFIABLE,False,118.977638,,,cadical,,,,,,,,,,,0,8984,76052,2876,/work/results/phase4b/20260816Tphase4bfallbacklemma01Z/logs/part_a/expanded_023__023_hidden_pigeonhole_scale8_phase4b_noise100__cadical__seed1.log
expanded,023_hidden_pigeonhole_scale8_phase4b_noise100.cnf,hidden_pigeonhole,8,phase4b_noise100,1,kissat,117.697576,UNSATISFIABLE,False,117.697576,,,kissat,,,,,,,,,,,2921,8622,68303,1852,/work/results/phase4b/20260816Tphase4bfallbacklemma01Z/logs/part_a/expanded_023__023_hidden_pigeonhole_scale8_phase4b_noise100__kissat__seed1.log
expanded,023_hidden_pigeonhole_scale8_phase4b_noise100.cnf,hidden_pigeonhole,8,phase4b_noise100,1,lkk_cadical,67.970299,UNSATISFIABLE,False,67.970299,UNSAT,False,cadical,0,0,0,0,2.98141,0.374897,1.27452,22.9383,0.016259,7.05891,-1,-1,-1,4660,results/phase4b/20260816Tphase4bfallbacklemma01Z/logs/part_a/expanded_023__023_hidden_pigeonhole_scale8_phase4b_noise100__lkk_cadical__seed1.log
expanded,024_hidden_pigeonhole_scale9_phase4b_noise0.cnf,hidden_pigeonhole,9,phase4b_noise0,1,lkk_none,67.601393,UNSATISFIABLE,False,67.601393,UNSAT,False,none,0,0,0,0,2.91498,0.259415,1.29953,38.5208,0.019472,7.47822,-1,-1,-1,4544,results/phase4b/20260816Tphase4bfallbacklemma01Z/logs/part_a/expanded_024__024_hidden_pigeonhole_scale9_phase4b_noise0__lkk_none__seed1.log
expanded,024_hidden_pigeonhole_scale9_phase4b_noise0.cnf,hidden_pigeonhole,9,phase4b_noise0,1,cadical,418.16675,UNSATISFIABLE,False,418.16675,,,cadical,,,,,,,,,,,2,45648,401805,3508,/work/results/phase4b/20260816Tphase4bfallbacklemma01Z/logs/part_a/expanded_024__024_hidden_pigeonhole_scale9_phase4b_noise0__cadical__seed1.log
expanded,024_hidden_pigeonhole_scale9_phase4b_noise0.cnf,hidden_pigeonhole,9,phase4b_noise0,1,kissat,167.688366,UNSATISFIABLE,False,167.688366,,,kissat,,,,,,,,,,,7539,21634,265025,2464,/work/results/phase4b/20260816Tphase4bfallbacklemma01Z/logs/part_a/expanded_024__024_hidden_pigeonhole_scale9_phase4b_noise0__kissat__seed1.log
expanded,024_hidden_pigeonhole_scale9_phase4b_noise0.cnf,hidden_pigeonhole,9,phase4b_noise0,1,lkk_cadical,67.139306,UNSATISFIABLE,False,67.139306,UNSAT,False,cadical,0,0,0,0,2.2233,0.21157,1.20365,34.7358,0.017369,5.78036,-1,-1,-1,4648,results/phase4b/20260816Tphase4bfallbacklemma01Z/logs/part_a/expanded_024__024_hidden_pigeonhole_scale9_phase4b_noise0__lkk_cadical__seed1.log
expanded,024_hidden_pigeonhole_scale9_phase4b_noise0.cnf,hidden_pigeonhole,9,phase4b_noise0,1,lkk_kissat,66.525226,UNSATISFIABLE,False,66.525226,UNSAT,False,kissat,0,0,0,0,1.83166,0.169326,0.938761,27.6617,0.014587,5.24606,-1,-1,-1,4608,results/phase4b/20260816Tphase4bfallbacklemma01Z/logs/part_a/expanded_024__024_hidden_pigeonhole_scale9_phase4b_noise0__lkk_kissat__seed1.log
expanded,025_hidden_pigeonhole_scale9_phase4b_noise100.cnf,hidden_pigeonhole,9,phase4b_noise100,1,cadical,568.427443,UNSATISFIABLE,False,568.427443,,,cadical,,,,,,,,,,,4,56623,485374,4016,/work/results/phase4b/20260816Tphase4bfallbacklemma01Z/logs/part_a/expanded_025__025_hidden_pigeonhole_scale9_phase4b_noise100__cadical__seed1.log
expanded,025_hidden_pigeonhole_scale9_phase4b_noise100.cnf,hidden_pigeonhole,9,phase4b_noise100,1,kissat,117.167283,UNSATISFIABLE,False,117.167283,,,kissat,,,,,,,,,,,6838,22749,252286,2536,/work/results/phase4b/20260816Tphase4bfallbacklemma01Z/logs/part_a/expanded_025__025_hidden_pigeonhole_scale9_phase4b_noise100__kissat__seed1.log
expanded,025_hidden_pigeonhole_scale9_phase4b_noise100.cnf,hidden_pigeonhole,9,phase4b_noise100,1,lkk_cadical,519.661194,UNSATISFIABLE,False,519.661194,UNKNOWN,True,cadical,477.124,0,477.124,0,3.30972,0.536321,1.80073,13.9457,0,0,45815,56623,452600,7512,results/phase4b/20260816Tphase4bfallbacklemma01Z/logs/part_a/expanded_025__025_hidden_pigeonhole_scale9_phase4b_noise100__lkk_cadical__seed1.log
expanded,025_hidden_pigeonhole_scale9_phase4b_noise100.cnf,hidden_pigeonhole,9,phase4b_noise100,1,lkk_kissat,218.521977,UNSATISFIABLE,False,218.521977,UNKNOWN,True,kissat,126.01,2.97068,100,28.9803,3.21338,0.523667,1.9137,13.9284,0,0,6838,22749,252286,4800,results/phase4b/20260816Tphase4bfallbacklemma01Z/logs/part_a/expanded_025__025_hidden_pigeonhole_scale9_phase4b_noise100__lkk_kissat__seed1.log
expanded,025_hidden_pigeonhole_scale9_phase4b_noise100.cnf,hidden_pigeonhole,9,phase4b_noise100,1,lkk_none,34.867121,UNKNOWN,False,10000.0,UNKNOWN,True,none,0,0,0,0,3.07002,0.466199,1.80748,13.6889,0,0,-1,-1,-1,4672,results/phase4b/20260816Tphase4bfallbacklemma01Z/logs/part_a/expanded_025__025_hidden_pigeonhole_scale9_phase4b_noise100__lkk_none__seed1.log
expanded,026_hidden_pigeonhole_scale10_phase4b_noise0.cnf,hidden_pigeonhole,10,phase4b_noise0,1,kissat,268.190879,UNSATISFIABLE,False,268.190879,,,kissat,,,,,,,,,,,15127,36073,569350,2892,/work/results/phase4b/20260816Tphase4bfallbacklemma01Z/logs/part_a/expanded_026__026_hidden_pigeonhole_scale10_phase4b_noise0__kissat__seed1.log
expanded,026_hidden_pigeonhole_scale10_phase4b_noise0.cnf,hidden_pigeonhole,10,phase4b_noise0,1,lkk_cadical,4332.896027,UNSATISFIABLE,False,4332.896027,UNKNOWN,True,cadical,4259.29,0,4259.29,0,2.38846,0.293878,1.79985,18.5699,0,0,385967,421680,3542071,9932,results/phase4b/20260816Tphase4bfallbacklemma01Z/logs/part_a/expanded_026__026_hidden_pigeonhole_scale10_phase4b_noise0__lkk_cadical__seed1.log
expanded,026_hidden_pigeonhole_scale10_phase4b_noise0.cnf,hidden_pigeonhole,10,phase4b_noise0,1,lkk_kissat,318.919763,UNSATISFIABLE,False,318.919763,UNKNOWN,True,kissat,229.886,2.88215,200,32.7686,2.68616,0.269679,1.82562,19.2749,0,0,15127,36073,569350,4736,results/phase4b/20260816Tphase4bfallbacklemma01Z/logs/part_a/expanded_026__026_hidden_pigeonhole_scale10_phase4b_noise0__lkk_kissat__seed1.log
expanded,026_hidden_pigeonhole_scale10_phase4b_noise0.cnf,hidden_pigeonhole,10,phase4b_noise0,1,lkk_none,34.350193,UNKNOWN,False,10000.0,UNKNOWN,True,none,0,0,0,0,2.102,0.232541,1.52263,16.4699,0,0,-1,-1,-1,4736,results/phase4b/20260816Tphase4bfallbacklemma01Z/logs/part_a/expanded_026__026_hidden_pigeonhole_scale10_phase4b_noise0__lkk_none__seed1.log
expanded,026_hidden_pigeonhole_scale10_phase4b_noise0.cnf,hidden_pigeonhole,10,phase4b_noise0,1,cadical,3729.034842,UNSATISFIABLE,False,3729.034842,,,cadical,,,,,,,,,,,20,421680,3778827,6420,/work/results/phase4b/20260816Tphase4bfallbacklemma01Z/logs/part_a/expanded_026__026_hidden_pigeonhole_scale10_phase4b_noise0__cadical__seed1.log
expanded,027_hidden_pigeonhole_scale10_phase4b_noise100.cnf,hidden_pigeonhole,10,phase4b_noise100,1,lkk_cadical,4584.028155,UNSATISFIABLE,False,4584.028155,UNKNOWN,True,cadical,4522.37,0,4522.37,0,3.32956,0.590156,2.14032,13.4582,0,0,374274,416614,3637572,12112,results/phase4b/20260816Tphase4bfallbacklemma01Z/logs/part_a/expanded_027__027_hidden_pigeonhole_scale10_phase4b_noise100__lkk_cadical__seed1.log
expanded,027_hidden_pigeonhole_scale10_phase4b_noise100.cnf,hidden_pigeonhole,10,phase4b_noise100,1,lkk_kissat,317.35896,UNSATISFIABLE,False,317.35896,UNKNOWN,True,kissat,237.902,3.07136,210,30.9738,2.87701,0.549334,2.14611,11.165,0,0,17193,56371,635461,5088,results/phase4b/20260816Tphase4bfallbacklemma01Z/logs/part_a/expanded_027__027_hidden_pigeonhole_scale10_phase4b_noise100__lkk_kissat__seed1.log
expanded,027_hidden_pigeonhole_scale10_phase4b_noise100.cnf,hidden_pigeonhole,10,phase4b_noise100,1,lkk_none,34.300346,UNKNOWN,False,10000.0,UNKNOWN,True,none,0,0,0,0,2.69428,0.560721,2.20303,11.9229,0,0,-1,-1,-1,5080,results/phase4b/20260816Tphase4bfallbacklemma01Z/logs/part_a/expanded_027__027_hidden_pigeonhole_scale10_phase4b_noise100__lkk_none__seed1.log
expanded,027_hidden_pigeonhole_scale10_phase4b_noise100.cnf,hidden_pigeonhole,10,phase4b_noise100,1,cadical,4533.250671,UNSATISFIABLE,False,4533.250671,,,cadical,,,,,,,,,,,32,416614,3908294,8484,/work/results/phase4b/20260816Tphase4bfallbacklemma01Z/logs/part_a/expanded_027__027_hidden_pigeonhole_scale10_phase4b_noise100__cadical__seed1.log
expanded,027_hidden_pigeonhole_scale10_phase4b_noise100.cnf,hidden_pigeonhole,10,phase4b_noise100,1,kissat,268.422574,UNSATISFIABLE,False,268.422574,,,kissat,,,,,,,,,,,17193,56371,635461,2980,/work/results/phase4b/20260816Tphase4bfallbacklemma01Z/logs/part_a/expanded_027__027_hidden_pigeonhole_scale10_phase4b_noise100__kissat__seed1.log
expanded,028_random_3sat_scale150_uniform.cnf,random_3sat,150,uniform,1,lkk_kissat,116.906394,UNSATISFIABLE,False,116.906394,UNKNOWN,True,kissat,68.706,1.54117,50,20.2472,1.47976,0.129466,0.21886,0.508941,0,0,3807,5279,114523,4340,results/phase4b/20260816Tphase4bfallbacklemma01Z/logs/part_a/expanded_028__028_random_3sat_scale150_uniform__lkk_kissat__seed1.log
expanded,028_random_3sat_scale150_uniform.cnf,random_3sat,150,uniform,1,lkk_none,9.872272,UNKNOWN,False,10000.0,UNKNOWN,True,none,0,0,0,0,1.48466,0.139512,0.229187,0.54918,0,0,-1,-1,-1,4192,results/phase4b/20260816Tphase4bfallbacklemma01Z/logs/part_a/expanded_028__028_random_3sat_scale150_uniform__lkk_none__seed1.log
expanded,028_random_3sat_scale150_uniform.cnf,random_3sat,150,uniform,1,cadical,117.307963,UNSATISFIABLE,False,117.307963,,,cadical,,,,,,,,,,,0,5576,143802,2832,/work/results/phase4b/20260816Tphase4bfallbacklemma01Z/logs/part_a/expanded_028__028_random_3sat_scale150_uniform__cadical__seed1.log
expanded,028_random_3sat_scale150_uniform.cnf,random_3sat,150,uniform,1,kissat,119.83185,UNSATISFIABLE,False,119.83185,,,kissat,,,,,,,,,,,3807,5279,114523,1876,/work/results/phase4b/20260816Tphase4bfallbacklemma01Z/logs/part_a/expanded_028__028_random_3sat_scale150_uniform__kissat__seed1.log
expanded,028_random_3sat_scale150_uniform.cnf,random_3sat,150,uniform,1,lkk_cadical,119.473771,UNSATISFIABLE,False,119.473771,UNKNOWN,True,cadical,66.2958,0,66.2958,0,2.56556,0.193856,0.33587,0.709805,0,0,4874,5576,142022,6116,results/phase4b/20260816Tphase4bfallbacklemma01Z/logs/part_a/expanded_028__028_random_3sat_scale150_uniform__lkk_cadical__seed1.log
expanded,029_random_3sat_scale400_uniform.cnf,random_3sat,400,uniform,1,lkk_none,35.91775,UNKNOWN,False,10000.0,UNKNOWN,True,none,0,0,0,0,2.92464,0.476085,0.756495,5.44812,0,0,-1,-1,-1,4600,results/phase4b/20260816Tphase4bfallbacklemma01Z/logs/part_a/expanded_029__029_random_3sat_scale400_uniform__lkk_none__seed1.log
expanded,029_random_3sat_scale400_uniform.cnf,random_3sat,400,uniform,1,cadical,770.44702,SATISFIABLE,False,770.44702,,,cadical,,,,,,,,,,,38,38568,1652666,5420,/work/results/phase4b/20260816Tphase4bfallbacklemma01Z/logs/part_a/expanded_029__029_random_3sat_scale400_uniform__cadical__seed1.log
expanded,029_random_3sat_scale400_uniform.cnf,random_3sat,400,uniform,1,kissat,117.217224,SATISFIABLE,False,117.217224,,,kissat,,,,,,,,,,,2894,5763,176860,2168,/work/results/phase4b/20260816Tphase4bfallbacklemma01Z/logs/part_a/expanded_029__029_random_3sat_scale400_uniform__kissat__seed1.log
expanded,029_random_3sat_scale400_uniform.cnf,random_3sat,400,uniform,1,lkk_cadical,669.781754,SATISFIABLE,False,669.781754,UNKNOWN,True,cadical,639.394,0,639.394,0,2.22925,0.347432,0.575793,4.09424,0,0,28016,38568,1633967,8668,results/phase4b/20260816Tphase4bfallbacklemma01Z/logs/part_a/expanded_029__029_random_3sat_scale400_uniform__lkk_cadical__seed1.log
expanded,029_random_3sat_scale400_uniform.cnf,random_3sat,400,uniform,1,lkk_kissat,116.868523,SATISFIABLE,False,116.868523,UNKNOWN,True,kissat,83.3079,2.19842,70,15.5063,2.48919,0.359277,0.563941,4.05939,0,0,2894,5763,176860,4608,results/phase4b/20260816Tphase4bfallbacklemma01Z/logs/part_a/expanded_029__029_random_3sat_scale400_uniform__lkk_kissat__seed1.log
expanded,030_random_3sat_scale800_uniform.cnf,random_3sat,800,uniform,1,cadical,5035.777083,TIMEOUT,True,10000.0,,,cadical,,,,,,,,,,,,,,1616,/work/results/phase4b/20260816Tphase4bfallbacklemma01Z/logs/part_a/expanded_030__030_random_3sat_scale800_uniform__cadical__seed1.log
expanded,030_random_3sat_scale800_uniform.cnf,random_3sat,800,uniform,1,kissat,5039.721342,TIMEOUT,True,10000.0,,,kissat,,,,,,,,,,,,,,1760,/work/results/phase4b/20260816Tphase4bfallbacklemma01Z/logs/part_a/expanded_030__030_random_3sat_scale800_uniform__kissat__seed1.log
expanded,030_random_3sat_scale800_uniform.cnf,random_3sat,800,uniform,1,lkk_cadical,5036.940481,TIMEOUT,True,10000.0,,,lkk_cadical,,,,,,,,,,,,,,1708,results/phase4b/20260816Tphase4bfallbacklemma01Z/logs/part_a/expanded_030__030_random_3sat_scale800_uniform__lkk_cadical__seed1.log
expanded,030_random_3sat_scale800_uniform.cnf,random_3sat,800,uniform,1,lkk_kissat,5035.98871,TIMEOUT,True,10000.0,,,lkk_kissat,,,,,,,,,,,,,,1736,results/phase4b/20260816Tphase4bfallbacklemma01Z/logs/part_a/expanded_030__030_random_3sat_scale800_uniform__lkk_kissat__seed1.log
expanded,030_random_3sat_scale800_uniform.cnf,random_3sat,800,uniform,1,lkk_none,34.805503,UNKNOWN,False,10000.0,UNKNOWN,True,none,0,0,0,0,3.48317,0.721812,1.23188,17.2067,0,0,-1,-1,-1,4828,results/phase4b/20260816Tphase4bfallbacklemma01Z/logs/part_a/expanded_030__030_random_3sat_scale800_uniform__lkk_none__seed1.log
expanded,031_random_3sat_scale150_planted_sat.cnf,random_3sat,150,planted_sat,1,kissat,67.54618,SATISFIABLE,False,67.54618,,,kissat,,,,,,,,,,,295,387,10407,1700,/work/results/phase4b/20260816Tphase4bfallbacklemma01Z/logs/part_a/expanded_031__031_random_3sat_scale150_planted_sat__kissat__seed1.log
expanded,031_random_3sat_scale150_planted_sat.cnf,random_3sat,150,planted_sat,1,lkk_cadical,18.307402,SATISFIABLE,False,18.307402,UNKNOWN,True,cadical,1.24118,0,1.24118,0,1.88176,0.162592,0.290469,0.867238,0,0,114,176,3944,5176,results/phase4b/20260816Tphase4bfallbacklemma01Z/logs/part_a/expanded_031__031_random_3sat_scale150_planted_sat__lkk_cadical__seed1.log
expanded,031_random_3sat_scale150_planted_sat.cnf,random_3sat,150,planted_sat,1,lkk_kissat,117.564976,SATISFIABLE,False,117.564976,UNKNOWN,True,kissat,52.3429,1.97664,30,24.3196,2.18128,0.159924,0.270315,0.61534,0,0,295,387,10407,4392,results/phase4b/20260816Tphase4bfallbacklemma01Z/logs/part_a/expanded_031__031_random_3sat_scale150_planted_sat__lkk_kissat__seed1.log
expanded,031_random_3sat_scale150_planted_sat.cnf,random_3sat,150,planted_sat,1,lkk_none,19.358327,UNKNOWN,False,10000.0,UNKNOWN,True,none,0,0,0,0,1.88998,0.156156,0.24585,0.628421,0,0,-1,-1,-1,4180,results/phase4b/20260816Tphase4bfallbacklemma01Z/logs/part_a/expanded_031__031_random_3sat_scale150_planted_sat__lkk_none__seed1.log
expanded,031_random_3sat_scale150_planted_sat.cnf,random_3sat,150,planted_sat,1,cadical,68.05741,SATISFIABLE,False,68.05741,,,cadical,,,,,,,,,,,0,176,3944,2020,/work/results/phase4b/20260816Tphase4bfallbacklemma01Z/logs/part_a/expanded_031__031_random_3sat_scale150_planted_sat__cadical__seed1.log
expanded,032_random_3sat_scale400_planted_sat.cnf,random_3sat,400,planted_sat,1,lkk_cadical,820.682268,SATISFIABLE,False,820.682268,UNKNOWN,True,cadical,758.037,0,758.037,0,2.87621,0.425651,0.635079,3.4163,0,0,28014,44697,1621262,8616,results/phase4b/20260816Tphase4bfallbacklemma01Z/logs/part_a/expanded_032__032_random_3sat_scale400_planted_sat__lkk_cadical__seed1.log
expanded,032_random_3sat_scale400_planted_sat.cnf,random_3sat,400,planted_sat,1,lkk_kissat,1171.788127,SATISFIABLE,False,1171.788127,UNKNOWN,True,kissat,1126.95,2.65763,1000,129.606,3.08508,0.524191,0.78948,4.64072,0,0,42495,91241,2759545,5004,results/phase4b/20260816Tphase4bfallbacklemma01Z/logs/part_a/expanded_032__032_random_3sat_scale400_planted_sat__lkk_kissat__seed1.log
expanded,032_random_3sat_scale400_planted_sat.cnf,random_3sat,400,planted_sat,1,lkk_none,17.921894,UNKNOWN,False,10000.0,UNKNOWN,True,none,0,0,0,0,2.02915,0.340045,0.558021,2.99832,0,0,-1,-1,-1,4404,results/phase4b/20260816Tphase4bfallbacklemma01Z/logs/part_a/expanded_032__032_random_3sat_scale400_planted_sat__lkk_none__seed1.log
expanded,032_random_3sat_scale400_planted_sat.cnf,random_3sat,400,planted_sat,1,cadical,819.080289,SATISFIABLE,False,819.080289,,,cadical,,,,,,,,,,,76,44697,1641857,5552,/work/results/phase4b/20260816Tphase4bfallbacklemma01Z/logs/part_a/expanded_032__032_random_3sat_scale400_planted_sat__cadical__seed1.log
expanded,032_random_3sat_scale400_planted_sat.cnf,random_3sat,400,planted_sat,1,kissat,1120.913187,SATISFIABLE,False,1120.913187,,,kissat,,,,,,,,,,,42495,91241,2759545,5004,/work/results/phase4b/20260816Tphase4bfallbacklemma01Z/logs/part_a/expanded_032__032_random_3sat_scale400_planted_sat__kissat__seed1.log
expanded,033_random_3sat_scale800_planted_sat.cnf,random_3sat,800,planted_sat,1,lkk_kissat,182.664177,SATISFIABLE,False,182.664177,UNKNOWN,True,kissat,107.684,3.14957,80,30.8337,2.88729,0.698913,1.20732,12.9027,0,0,3025,6922,292725,4980,results/phase4b/20260816Tphase4bfallbacklemma01Z/logs/part_a/expanded_033__033_random_3sat_scale800_planted_sat__lkk_kissat__seed1.log
expanded,033_random_3sat_scale800_planted_sat.cnf,random_3sat,800,planted_sat,1,lkk_none,68.640536,UNKNOWN,False,10000.0,UNKNOWN,True,none,0,0,0,0,3.50579,0.713833,1.22185,17.2849,0,0,-1,-1,-1,4880,results/phase4b/20260816Tphase4bfallbacklemma01Z/logs/part_a/expanded_033__033_random_3sat_scale800_planted_sat__lkk_none__seed1.log
expanded,033_random_3sat_scale800_planted_sat.cnf,random_3sat,800,planted_sat,1,cadical,1070.671365,SATISFIABLE,False,1070.671365,,,cadical,,,,,,,,,,,120,48108,2617213,7032,/work/results/phase4b/20260816Tphase4bfallbacklemma01Z/logs/part_a/expanded_033__033_random_3sat_scale800_planted_sat__cadical__seed1.log
expanded,033_random_3sat_scale800_planted_sat.cnf,random_3sat,800,planted_sat,1,kissat,117.757545,SATISFIABLE,False,117.757545,,,kissat,,,,,,,,,,,3025,6922,292725,2512,/work/results/phase4b/20260816Tphase4bfallbacklemma01Z/logs/part_a/expanded_033__033_random_3sat_scale800_planted_sat__kissat__seed1.log
expanded,033_random_3sat_scale800_planted_sat.cnf,random_3sat,800,planted_sat,1,lkk_cadical,970.399278,SATISFIABLE,False,970.399278,UNKNOWN,True,cadical,925.412,0,925.412,0,2.9367,0.713944,1.21154,15.0895,0,0,28017,48108,2580051,10784,results/phase4b/20260816Tphase4bfallbacklemma01Z/logs/part_a/expanded_033__033_random_3sat_scale800_planted_sat__lkk_cadical__seed1.log
