instance,source,domain,stratum,declared_result,distinct_definite_answers,modes_solved,modes_run,answer_A_cadical,answer_B_kissat,answer_C_lkk_cadical,answer_D_lkk_kissat,answer_E_lkk_selector,conflicting_answers,disagrees_with_declared,passed
002.cnf,SATComp2024,competition_main,no_useful_detected_structure,,none,0,5,TIMEOUT,TIMEOUT,TIMEOUT,TIMEOUT,TIMEOUT,False,False,True
004.cnf,SATComp2024,competition_main,no_useful_detected_structure,,none,0,5,TIMEOUT,TIMEOUT,TIMEOUT,TIMEOUT,TIMEOUT,False,False,True
1-ET-256-K-55.sanitized.cnf,SATComp2024,competition_main,no_useful_detected_structure,,none,0,5,TIMEOUT,TIMEOUT,TIMEOUT,TIMEOUT,TIMEOUT,False,False,True
1-ET-256-K-70.sanitized.cnf,SATComp2024,competition_main,no_useful_detected_structure,,UNSATISFIABLE,2,5,UNSATISFIABLE,TIMEOUT,UNSATISFIABLE,TIMEOUT,TIMEOUT,False,False,True
1-ET-512-K-110.sanitized.cnf,SATComp2024,competition_main,no_useful_detected_structure,,none,0,5,TIMEOUT,TIMEOUT,TIMEOUT,TIMEOUT,TIMEOUT,False,False,True
1-ET-512-K-96.sanitized.cnf,SATComp2024,competition_main,no_useful_detected_structure,,none,0,5,TIMEOUT,TIMEOUT,TIMEOUT,TIMEOUT,TIMEOUT,False,False,True
1-TC-256-K-64.sanitized.cnf,SATComp2024,competition_main,no_useful_detected_structure,,none,0,5,TIMEOUT,TIMEOUT,TIMEOUT,TIMEOUT,TIMEOUT,False,False,True
1-TC-256-K-68.sanitized.cnf,SATComp2024,competition_main,no_useful_detected_structure,,none,0,5,TIMEOUT,TIMEOUT,TIMEOUT,TIMEOUT,TIMEOUT,False,False,True
1-ZC-512-K-60.sanitized.cnf,SATComp2024,competition_main,no_useful_detected_structure,,none,0,5,TIMEOUT,TIMEOUT,TIMEOUT,TIMEOUT,TIMEOUT,False,False,True
1-ZC-512-K-61.sanitized.cnf,SATComp2024,competition_main,no_useful_detected_structure,,none,0,5,TIMEOUT,TIMEOUT,TIMEOUT,TIMEOUT,TIMEOUT,False,False,True
1-ZC-512-K-63.sanitized.cnf,SATComp2024,competition_main,no_useful_detected_structure,,none,0,5,TIMEOUT,TIMEOUT,TIMEOUT,TIMEOUT,TIMEOUT,False,False,True
1-ZC-512-K-64.sanitized.cnf,SATComp2024,competition_main,no_useful_detected_structure,,none,0,5,TIMEOUT,TIMEOUT,TIMEOUT,TIMEOUT,TIMEOUT,False,False,True
1-ZC-512-K-65.sanitized.cnf,SATComp2024,competition_main,no_useful_detected_structure,,none,0,5,TIMEOUT,TIMEOUT,TIMEOUT,TIMEOUT,TIMEOUT,False,False,True
1-ZC-512-K-67.sanitized.cnf,SATComp2024,competition_main,no_useful_detected_structure,,none,0,5,TIMEOUT,TIMEOUT,TIMEOUT,TIMEOUT,TIMEOUT,False,False,True
170058440.cnf,SATComp2024,competition_main,resource_allocation_like,,none,0,5,TIMEOUT,TIMEOUT,TIMEOUT,TIMEOUT,TIMEOUT,False,False,True
2bitadd_11.cnf,SATLIB,planning_scheduling,cardinality_exact_r_heavy,,SATISFIABLE,5,5,SATISFIABLE,SATISFIABLE,SATISFIABLE,SATISFIABLE,SATISFIABLE,False,False,True
2bitcomp_5.cnf,SATLIB,planning_scheduling,cardinality_exact_r_heavy,,SATISFIABLE,5,5,SATISFIABLE,SATISFIABLE,SATISFIABLE,SATISFIABLE,SATISFIABLE,False,False,True
2bitmax_6.cnf,SATLIB,planning_scheduling,cardinality_exact_r_heavy,,SATISFIABLE,5,5,SATISFIABLE,SATISFIABLE,SATISFIABLE,SATISFIABLE,SATISFIABLE,False,False,True
2dlx_ca_bp_f_liveness.cnf,SATComp2024,competition_main,no_useful_detected_structure,,none,0,5,TIMEOUT,TIMEOUT,TIMEOUT,TIMEOUT,TIMEOUT,False,False,True
3bitadd_31.cnf,SATLIB,planning_scheduling,cardinality_exact_r_heavy,,SATISFIABLE,5,5,SATISFIABLE,SATISFIABLE,SATISFIABLE,SATISFIABLE,SATISFIABLE,False,False,True
3bitadd_32.cnf,SATLIB,planning_scheduling,cardinality_exact_r_heavy,,SATISFIABLE,5,5,SATISFIABLE,SATISFIABLE,SATISFIABLE,SATISFIABLE,SATISFIABLE,False,False,True
3blocks.cnf,SATLIB,planning_scheduling,cardinality_exact_r_heavy,,SATISFIABLE,5,5,SATISFIABLE,SATISFIABLE,SATISFIABLE,SATISFIABLE,SATISFIABLE,False,False,True
4blocks.cnf,SATLIB,planning_scheduling,no_useful_detected_structure,,SATISFIABLE,5,5,SATISFIABLE,SATISFIABLE,SATISFIABLE,SATISFIABLE,SATISFIABLE,False,False,True
6s130-opt.cnf,SATComp2024,competition_main,no_useful_detected_structure,,UNSATISFIABLE,3,5,TIMEOUT,UNSATISFIABLE,TIMEOUT,UNSATISFIABLE,UNSATISFIABLE,False,False,True
Break_18_32.xml.cnf,SATComp2024,competition_main,no_useful_detected_structure,,none,0,5,TIMEOUT,TIMEOUT,TIMEOUT,TIMEOUT,TIMEOUT,False,False,True
Break_20_72.xml.cnf,SATComp2024,competition_main,no_useful_detected_structure,,none,0,5,TIMEOUT,TIMEOUT,TIMEOUT,TIMEOUT,TIMEOUT,False,False,True
Break_unsat_04_03.xml.cnf,SATComp2024,competition_main,resource_allocation_like,,UNSATISFIABLE,5,5,UNSATISFIABLE,UNSATISFIABLE,UNSATISFIABLE,UNSATISFIABLE,UNSATISFIABLE,False,False,True
Break_unsat_14_23.xml.cnf,SATComp2024,competition_main,no_useful_detected_structure,,none,0,5,TIMEOUT,TIMEOUT,TIMEOUT,TIMEOUT,TIMEOUT,False,False,True
Break_unsat_16_27.xml.cnf,SATComp2024,competition_main,no_useful_detected_structure,,none,0,5,TIMEOUT,TIMEOUT,TIMEOUT,TIMEOUT,TIMEOUT,False,False,True
Break_unsat_18_31.xml.cnf,SATComp2024,competition_main,no_useful_detected_structure,,none,0,5,TIMEOUT,TIMEOUT,TIMEOUT,TIMEOUT,TIMEOUT,False,False,True
Circuit_multiplier22.cnf,SATComp2024,competition_main,no_useful_detected_structure,,SATISFIABLE,2,5,TIMEOUT,TIMEOUT,SATISFIABLE,TIMEOUT,SATISFIABLE,False,False,True
DLTM_twitter774_83_17.cnf,SATComp2024,competition_main,no_useful_detected_structure,,none,0,5,TIMEOUT,TIMEOUT,TIMEOUT,TIMEOUT,TIMEOUT,False,False,True
ER_400_20_4.apx_2_DC-AD.cnf,SATComp2024,competition_main,no_useful_detected_structure,,none,0,5,TIMEOUT,TIMEOUT,TIMEOUT,TIMEOUT,TIMEOUT,False,False,True
ER_400_20_4.apx_2_DC-ST.cnf,SATComp2024,competition_main,no_useful_detected_structure,,none,0,5,TIMEOUT,TIMEOUT,TIMEOUT,TIMEOUT,TIMEOUT,False,False,True
ER_400_20_7.apx_1_DC-AD.cnf,SATComp2024,competition_main,no_useful_detected_structure,,none,0,5,TIMEOUT,TIMEOUT,TIMEOUT,TIMEOUT,TIMEOUT,False,False,True
ER_400_20_7.apx_2_DC-AD.cnf,SATComp2024,competition_main,no_useful_detected_structure,,none,0,5,TIMEOUT,TIMEOUT,TIMEOUT,TIMEOUT,TIMEOUT,False,False,True
ER_400_20_7.apx_2_DC-ST.cnf,SATComp2024,competition_main,no_useful_detected_structure,,none,0,5,TIMEOUT,TIMEOUT,TIMEOUT,TIMEOUT,TIMEOUT,False,False,True
ER_500_30_3.apx_1_DC-ST.cnf,SATComp2024,competition_main,no_useful_detected_structure,,none,0,5,TIMEOUT,TIMEOUT,TIMEOUT,TIMEOUT,TIMEOUT,False,False,True
FmlaEquivChain_4_6_6.sanitized.cnf,SATComp2024,competition_main,no_useful_detected_structure,,UNSATISFIABLE,5,5,UNSATISFIABLE,UNSATISFIABLE,UNSATISFIABLE,UNSATISFIABLE,UNSATISFIABLE,False,False,True
FmlaImplyChain_3_7_7.sanitized.cnf,SATComp2024,competition_main,no_useful_detected_structure,,none,0,5,TIMEOUT,TIMEOUT,TIMEOUT,TIMEOUT,TIMEOUT,False,False,True
FmlaImplyChain_3_7_8.sanitized.cnf,SATComp2024,competition_main,no_useful_detected_structure,,none,0,5,TIMEOUT,TIMEOUT,TIMEOUT,TIMEOUT,TIMEOUT,False,False,True
Folkman-175-1251868.sanitized.cnf,SATComp2024,competition_main,matching_hall_like,,none,0,5,TIMEOUT,TIMEOUT,TIMEOUT,TIMEOUT,TIMEOUT,False,False,True
Folkman-175-7416734.sanitized.cnf,SATComp2024,competition_main,matching_hall_like,,none,0,5,TIMEOUT,TIMEOUT,TIMEOUT,TIMEOUT,TIMEOUT,False,False,True
Folkman-180-11710376.sanitized.cnf,SATComp2024,competition_main,matching_hall_like,,none,0,5,TIMEOUT,TIMEOUT,TIMEOUT,TIMEOUT,TIMEOUT,False,False,True
Folkman-185-152478531.sanitized.cnf,SATComp2024,competition_main,matching_hall_like,,none,0,5,TIMEOUT,TIMEOUT,TIMEOUT,TIMEOUT,TIMEOUT,False,False,True
Folkman-185-19924337.sanitized.cnf,SATComp2024,competition_main,matching_hall_like,,none,0,5,TIMEOUT,TIMEOUT,TIMEOUT,TIMEOUT,TIMEOUT,False,False,True
Folkman-185-75415683.sanitized.cnf,SATComp2024,competition_main,matching_hall_like,,none,0,5,TIMEOUT,TIMEOUT,TIMEOUT,TIMEOUT,TIMEOUT,False,False,True
Folkman-190-104806020.sanitized.cnf,SATComp2024,competition_main,matching_hall_like,,none,0,5,TIMEOUT,TIMEOUT,TIMEOUT,TIMEOUT,TIMEOUT,False,False,True
Folkman-190-358004741.sanitized.cnf,SATComp2024,competition_main,matching_hall_like,,none,0,5,TIMEOUT,TIMEOUT,TIMEOUT,TIMEOUT,TIMEOUT,False,False,True
Folkman-190-66337703.sanitized.cnf,SATComp2024,competition_main,matching_hall_like,,none,0,5,TIMEOUT,TIMEOUT,TIMEOUT,TIMEOUT,TIMEOUT,False,False,True
GracefulGraph-K05-P02_c18.cnf,SATComp2024,competition_main,matching_hall_like,,SATISFIABLE,5,5,SATISFIABLE,SATISFIABLE,SATISFIABLE,SATISFIABLE,SATISFIABLE,False,False,True
HCP-446-105.cnf,SATComp2024,competition_main,no_useful_detected_structure,,none,0,5,TIMEOUT,TIMEOUT,TIMEOUT,TIMEOUT,TIMEOUT,False,False,True
IBM_FV_2004_rule_batch_1_31_1_SAT_dat.k40.debugged.cnf,SATComp2024,competition_main,no_useful_detected_structure,,none,0,5,TIMEOUT,TIMEOUT,TIMEOUT,TIMEOUT,TIMEOUT,False,False,True
ITC2021_Early_10.xml.cnf,SATComp2024,competition_main,no_useful_detected_structure,,none,0,5,TIMEOUT,TIMEOUT,TIMEOUT,TIMEOUT,TIMEOUT,False,False,True
ITC2021_Early_3.xml.cnf,SATComp2024,competition_main,no_useful_detected_structure,,SATISFIABLE,5,5,SATISFIABLE,SATISFIABLE,SATISFIABLE,SATISFIABLE,SATISFIABLE,False,False,True
ITC2021_Middle_1.xml.cnf,SATComp2024,competition_main,no_useful_detected_structure,,none,0,5,TIMEOUT,TIMEOUT,TIMEOUT,TIMEOUT,TIMEOUT,False,False,True
MASG0_72_keystream76_0.cnf,SATComp2024,competition_main,no_useful_detected_structure,,none,0,5,TIMEOUT,TIMEOUT,TIMEOUT,TIMEOUT,TIMEOUT,False,False,True
Ptn-7824-b18.cnf,SATComp2024,competition_main,matching_hall_like,,none,0,5,TIMEOUT,TIMEOUT,TIMEOUT,TIMEOUT,TIMEOUT,False,False,True
REGRandom-K4-L1-Seed30.sanitized.cnf,SATComp2024,competition_main,no_useful_detected_structure,,UNSATISFIABLE,3,5,TIMEOUT,UNSATISFIABLE,TIMEOUT,UNSATISFIABLE,UNSATISFIABLE,False,False,True
REGRandom-K4-L2-Seed35.sanitized.cnf,SATComp2024,competition_main,no_useful_detected_structure,,none,0,5,TIMEOUT,TIMEOUT,TIMEOUT,TIMEOUT,TIMEOUT,False,False,True
SGI_30_60_19_60_6-dir.shuffled-as.sat03-112.cnf,SATComp2024,competition_main,cardinality_exact_r_heavy,,none,0,5,TIMEOUT,TIMEOUT,TIMEOUT,TIMEOUT,TIMEOUT,False,False,True
StConn_7_128.sanitized.cnf,SATComp2024,competition_main,cardinality_exact_r_heavy,,none,0,5,TIMEOUT,TIMEOUT,TIMEOUT,TIMEOUT,TIMEOUT,False,False,True
StConn_8_32.sanitized.cnf,SATComp2024,competition_main,cardinality_exact_r_heavy,,none,0,5,TIMEOUT,TIMEOUT,TIMEOUT,TIMEOUT,TIMEOUT,False,False,True
VanDerWaerden_2-3-14_186.cnf,SATComp2024,competition_main,no_useful_detected_structure,,none,0,5,TIMEOUT,TIMEOUT,TIMEOUT,TIMEOUT,TIMEOUT,False,False,True
WS_500_16_70_10.apx_1_DC-ST.cnf,SATComp2024,competition_main,resource_allocation_like,,none,0,5,TIMEOUT,TIMEOUT,TIMEOUT,TIMEOUT,TIMEOUT,False,False,True
WS_500_16_70_10.apx_2_DC-AD.cnf,SATComp2024,competition_main,no_useful_detected_structure,,none,0,5,TIMEOUT,TIMEOUT,TIMEOUT,TIMEOUT,TIMEOUT,False,False,True
WS_500_16_90_70.apx_2_DC-AD.cnf,SATComp2024,competition_main,no_useful_detected_structure,,none,0,5,TIMEOUT,TIMEOUT,TIMEOUT,TIMEOUT,TIMEOUT,False,False,True
af-synthesis_stb_50_100_4_sat.cnf,SATComp2024,competition_main,no_useful_detected_structure,,SATISFIABLE,1,5,SATISFIABLE,TIMEOUT,TIMEOUT,TIMEOUT,TIMEOUT,False,False,True
af-synthesis_stb_50_100_9_sat.cnf,SATComp2024,competition_main,no_useful_detected_structure,,SATISFIABLE,3,5,TIMEOUT,SATISFIABLE,TIMEOUT,SATISFIABLE,SATISFIABLE,False,False,True
af-synthesis_stb_50_100_9_unsat.cnf,SATComp2024,competition_main,no_useful_detected_structure,,none,0,5,TIMEOUT,TIMEOUT,TIMEOUT,TIMEOUT,TIMEOUT,False,False,True
af-synthesis_stb_50_120_4_sat.cnf,SATComp2024,competition_main,no_useful_detected_structure,,SATISFIABLE,2,5,SATISFIABLE,SATISFIABLE,TIMEOUT,TIMEOUT,TIMEOUT,False,False,True
af-synthesis_stb_50_140_1_unsat.cnf,SATComp2024,competition_main,no_useful_detected_structure,,none,0,5,TIMEOUT,TIMEOUT,TIMEOUT,TIMEOUT,TIMEOUT,False,False,True
af-synthesis_stb_50_140_3_unsat.cnf,SATComp2024,competition_main,no_useful_detected_structure,,none,0,5,TIMEOUT,TIMEOUT,TIMEOUT,TIMEOUT,TIMEOUT,False,False,True
af-synthesis_stb_50_200_0_unsat.cnf,SATComp2024,competition_main,no_useful_detected_structure,,none,0,5,TIMEOUT,TIMEOUT,TIMEOUT,TIMEOUT,TIMEOUT,False,False,True
af-synthesis_stb_50_200_4_unsat.cnf,SATComp2024,competition_main,no_useful_detected_structure,,none,0,5,TIMEOUT,TIMEOUT,TIMEOUT,TIMEOUT,TIMEOUT,False,False,True
af-synthesis_stb_50_40_2_unsat.cnf,SATComp2024,competition_main,no_useful_detected_structure,,none,0,5,TIMEOUT,TIMEOUT,TIMEOUT,TIMEOUT,TIMEOUT,False,False,True
af-synthesis_stb_50_40_9_unsat.cnf,SATComp2024,competition_main,no_useful_detected_structure,,none,0,5,TIMEOUT,TIMEOUT,TIMEOUT,TIMEOUT,TIMEOUT,False,False,True
aim-100-1_6-no-1.cnf,SATLIB,crafted_structured,cardinality_exact_r_heavy,,UNSATISFIABLE,5,5,UNSATISFIABLE,UNSATISFIABLE,UNSATISFIABLE,UNSATISFIABLE,UNSATISFIABLE,False,False,True
aim-100-1_6-no-2.cnf,SATLIB,crafted_structured,resource_allocation_like,,UNSATISFIABLE,5,5,UNSATISFIABLE,UNSATISFIABLE,UNSATISFIABLE,UNSATISFIABLE,UNSATISFIABLE,False,False,True
aim-100-1_6-no-3.cnf,SATLIB,crafted_structured,resource_allocation_like,,UNSATISFIABLE,5,5,UNSATISFIABLE,UNSATISFIABLE,UNSATISFIABLE,UNSATISFIABLE,UNSATISFIABLE,False,False,True
aim-100-1_6-yes1-1.cnf,SATLIB,crafted_structured,cardinality_exact_r_heavy,,SATISFIABLE,5,5,SATISFIABLE,SATISFIABLE,SATISFIABLE,SATISFIABLE,SATISFIABLE,False,False,True
aim-100-1_6-yes1-2.cnf,SATLIB,crafted_structured,resource_allocation_like,,SATISFIABLE,5,5,SATISFIABLE,SATISFIABLE,SATISFIABLE,SATISFIABLE,SATISFIABLE,False,False,True
aim-100-1_6-yes1-3.cnf,SATLIB,crafted_structured,cardinality_exact_r_heavy,,SATISFIABLE,5,5,SATISFIABLE,SATISFIABLE,SATISFIABLE,SATISFIABLE,SATISFIABLE,False,False,True
aim-100-1_6-yes1-4.cnf,SATLIB,crafted_structured,resource_allocation_like,,SATISFIABLE,5,5,SATISFIABLE,SATISFIABLE,SATISFIABLE,SATISFIABLE,SATISFIABLE,False,False,True
aim-100-2_0-no-1.cnf,SATLIB,crafted_structured,resource_allocation_like,,UNSATISFIABLE,5,5,UNSATISFIABLE,UNSATISFIABLE,UNSATISFIABLE,UNSATISFIABLE,UNSATISFIABLE,False,False,True
aim-100-2_0-no-2.cnf,SATLIB,crafted_structured,resource_allocation_like,,UNSATISFIABLE,5,5,UNSATISFIABLE,UNSATISFIABLE,UNSATISFIABLE,UNSATISFIABLE,UNSATISFIABLE,False,False,True
aim-100-2_0-no-3.cnf,SATLIB,crafted_structured,resource_allocation_like,,UNSATISFIABLE,5,5,UNSATISFIABLE,UNSATISFIABLE,UNSATISFIABLE,UNSATISFIABLE,UNSATISFIABLE,False,False,True
aim-100-2_0-no-4.cnf,SATLIB,crafted_structured,resource_allocation_like,,UNSATISFIABLE,5,5,UNSATISFIABLE,UNSATISFIABLE,UNSATISFIABLE,UNSATISFIABLE,UNSATISFIABLE,False,False,True
aim-100-2_0-yes1-1.cnf,SATLIB,crafted_structured,resource_allocation_like,,SATISFIABLE,5,5,SATISFIABLE,SATISFIABLE,SATISFIABLE,SATISFIABLE,SATISFIABLE,False,False,True
aim-100-2_0-yes1-2.cnf,SATLIB,crafted_structured,resource_allocation_like,,SATISFIABLE,5,5,SATISFIABLE,SATISFIABLE,SATISFIABLE,SATISFIABLE,SATISFIABLE,False,False,True
aim-100-2_0-yes1-3.cnf,SATLIB,crafted_structured,resource_allocation_like,,SATISFIABLE,5,5,SATISFIABLE,SATISFIABLE,SATISFIABLE,SATISFIABLE,SATISFIABLE,False,False,True
aim-100-2_0-yes1-4.cnf,SATLIB,crafted_structured,resource_allocation_like,,SATISFIABLE,5,5,SATISFIABLE,SATISFIABLE,SATISFIABLE,SATISFIABLE,SATISFIABLE,False,False,True
aim-100-3_4-yes1-1.cnf,SATLIB,crafted_structured,resource_allocation_like,,SATISFIABLE,5,5,SATISFIABLE,SATISFIABLE,SATISFIABLE,SATISFIABLE,SATISFIABLE,False,False,True
aim-100-3_4-yes1-2.cnf,SATLIB,crafted_structured,resource_allocation_like,,SATISFIABLE,5,5,SATISFIABLE,SATISFIABLE,SATISFIABLE,SATISFIABLE,SATISFIABLE,False,False,True
aim-100-3_4-yes1-3.cnf,SATLIB,crafted_structured,resource_allocation_like,,SATISFIABLE,5,5,SATISFIABLE,SATISFIABLE,SATISFIABLE,SATISFIABLE,SATISFIABLE,False,False,True
aim-100-3_4-yes1-4.cnf,SATLIB,crafted_structured,resource_allocation_like,,SATISFIABLE,5,5,SATISFIABLE,SATISFIABLE,SATISFIABLE,SATISFIABLE,SATISFIABLE,False,False,True
aim-100-6_0-yes1-1.cnf,SATLIB,crafted_structured,resource_allocation_like,,SATISFIABLE,5,5,SATISFIABLE,SATISFIABLE,SATISFIABLE,SATISFIABLE,SATISFIABLE,False,False,True
aim-100-6_0-yes1-3.cnf,SATLIB,crafted_structured,resource_allocation_like,,SATISFIABLE,5,5,SATISFIABLE,SATISFIABLE,SATISFIABLE,SATISFIABLE,SATISFIABLE,False,False,True
aim-100-6_0-yes1-4.cnf,SATLIB,crafted_structured,resource_allocation_like,,SATISFIABLE,5,5,SATISFIABLE,SATISFIABLE,SATISFIABLE,SATISFIABLE,SATISFIABLE,False,False,True
aim-200-1_6-no-1.cnf,SATLIB,crafted_structured,resource_allocation_like,,UNSATISFIABLE,5,5,UNSATISFIABLE,UNSATISFIABLE,UNSATISFIABLE,UNSATISFIABLE,UNSATISFIABLE,False,False,True
aim-200-1_6-no-3.cnf,SATLIB,crafted_structured,resource_allocation_like,,UNSATISFIABLE,5,5,UNSATISFIABLE,UNSATISFIABLE,UNSATISFIABLE,UNSATISFIABLE,UNSATISFIABLE,False,False,True
aim-200-1_6-no-4.cnf,SATLIB,crafted_structured,resource_allocation_like,,UNSATISFIABLE,5,5,UNSATISFIABLE,UNSATISFIABLE,UNSATISFIABLE,UNSATISFIABLE,UNSATISFIABLE,False,False,True
aim-200-1_6-yes1-1.cnf,SATLIB,crafted_structured,resource_allocation_like,,SATISFIABLE,5,5,SATISFIABLE,SATISFIABLE,SATISFIABLE,SATISFIABLE,SATISFIABLE,False,False,True
aim-200-1_6-yes1-3.cnf,SATLIB,crafted_structured,resource_allocation_like,,SATISFIABLE,5,5,SATISFIABLE,SATISFIABLE,SATISFIABLE,SATISFIABLE,SATISFIABLE,False,False,True
aim-200-1_6-yes1-4.cnf,SATLIB,crafted_structured,resource_allocation_like,,SATISFIABLE,5,5,SATISFIABLE,SATISFIABLE,SATISFIABLE,SATISFIABLE,SATISFIABLE,False,False,True
aim-200-2_0-no-1.cnf,SATLIB,crafted_structured,resource_allocation_like,,UNSATISFIABLE,5,5,UNSATISFIABLE,UNSATISFIABLE,UNSATISFIABLE,UNSATISFIABLE,UNSATISFIABLE,False,False,True
aim-200-2_0-no-2.cnf,SATLIB,crafted_structured,cardinality_exact_r_heavy,,UNSATISFIABLE,5,5,UNSATISFIABLE,UNSATISFIABLE,UNSATISFIABLE,UNSATISFIABLE,UNSATISFIABLE,False,False,True
aim-200-2_0-no-3.cnf,SATLIB,crafted_structured,resource_allocation_like,,UNSATISFIABLE,5,5,UNSATISFIABLE,UNSATISFIABLE,UNSATISFIABLE,UNSATISFIABLE,UNSATISFIABLE,False,False,True
aim-200-2_0-no-4.cnf,SATLIB,crafted_structured,resource_allocation_like,,UNSATISFIABLE,5,5,UNSATISFIABLE,UNSATISFIABLE,UNSATISFIABLE,UNSATISFIABLE,UNSATISFIABLE,False,False,True
aim-200-2_0-yes1-1.cnf,SATLIB,crafted_structured,resource_allocation_like,,SATISFIABLE,5,5,SATISFIABLE,SATISFIABLE,SATISFIABLE,SATISFIABLE,SATISFIABLE,False,False,True
aim-200-2_0-yes1-2.cnf,SATLIB,crafted_structured,resource_allocation_like,,SATISFIABLE,5,5,SATISFIABLE,SATISFIABLE,SATISFIABLE,SATISFIABLE,SATISFIABLE,False,False,True
aim-200-2_0-yes1-4.cnf,SATLIB,crafted_structured,resource_allocation_like,,SATISFIABLE,5,5,SATISFIABLE,SATISFIABLE,SATISFIABLE,SATISFIABLE,SATISFIABLE,False,False,True
aim-200-3_4-yes1-2.cnf,SATLIB,crafted_structured,resource_allocation_like,,SATISFIABLE,5,5,SATISFIABLE,SATISFIABLE,SATISFIABLE,SATISFIABLE,SATISFIABLE,False,False,True
aim-200-3_4-yes1-3.cnf,SATLIB,crafted_structured,resource_allocation_like,,SATISFIABLE,5,5,SATISFIABLE,SATISFIABLE,SATISFIABLE,SATISFIABLE,SATISFIABLE,False,False,True
aim-200-3_4-yes1-4.cnf,SATLIB,crafted_structured,resource_allocation_like,,SATISFIABLE,5,5,SATISFIABLE,SATISFIABLE,SATISFIABLE,SATISFIABLE,SATISFIABLE,False,False,True
aim-200-6_0-yes1-1.cnf,SATLIB,crafted_structured,resource_allocation_like,,SATISFIABLE,5,5,SATISFIABLE,SATISFIABLE,SATISFIABLE,SATISFIABLE,SATISFIABLE,False,False,True
aim-200-6_0-yes1-2.cnf,SATLIB,crafted_structured,resource_allocation_like,,SATISFIABLE,5,5,SATISFIABLE,SATISFIABLE,SATISFIABLE,SATISFIABLE,SATISFIABLE,False,False,True
aim-200-6_0-yes1-3.cnf,SATLIB,crafted_structured,resource_allocation_like,,SATISFIABLE,5,5,SATISFIABLE,SATISFIABLE,SATISFIABLE,SATISFIABLE,SATISFIABLE,False,False,True
aim-200-6_0-yes1-4.cnf,SATLIB,crafted_structured,resource_allocation_like,,SATISFIABLE,5,5,SATISFIABLE,SATISFIABLE,SATISFIABLE,SATISFIABLE,SATISFIABLE,False,False,True
aim-50-1_6-no-2.cnf,SATLIB,crafted_structured,cardinality_exact_r_heavy,,UNSATISFIABLE,5,5,UNSATISFIABLE,UNSATISFIABLE,UNSATISFIABLE,UNSATISFIABLE,UNSATISFIABLE,False,False,True
aim-50-1_6-no-4.cnf,SATLIB,crafted_structured,resource_allocation_like,,UNSATISFIABLE,5,5,UNSATISFIABLE,UNSATISFIABLE,UNSATISFIABLE,UNSATISFIABLE,UNSATISFIABLE,False,False,True
aim-50-1_6-yes1-1.cnf,SATLIB,crafted_structured,cardinality_exact_r_heavy,,SATISFIABLE,5,5,SATISFIABLE,SATISFIABLE,SATISFIABLE,SATISFIABLE,SATISFIABLE,False,False,True
aim-50-1_6-yes1-2.cnf,SATLIB,crafted_structured,cardinality_exact_r_heavy,,SATISFIABLE,5,5,SATISFIABLE,SATISFIABLE,SATISFIABLE,SATISFIABLE,SATISFIABLE,False,False,True
aim-50-1_6-yes1-3.cnf,SATLIB,crafted_structured,cardinality_exact_r_heavy,,SATISFIABLE,5,5,SATISFIABLE,SATISFIABLE,SATISFIABLE,SATISFIABLE,SATISFIABLE,False,False,True
aim-50-1_6-yes1-4.cnf,SATLIB,crafted_structured,resource_allocation_like,,SATISFIABLE,5,5,SATISFIABLE,SATISFIABLE,SATISFIABLE,SATISFIABLE,SATISFIABLE,False,False,True
aim-50-2_0-no-1.cnf,SATLIB,crafted_structured,resource_allocation_like,,UNSATISFIABLE,5,5,UNSATISFIABLE,UNSATISFIABLE,UNSATISFIABLE,UNSATISFIABLE,UNSATISFIABLE,False,False,True
aim-50-2_0-no-2.cnf,SATLIB,crafted_structured,cardinality_exact_r_heavy,,UNSATISFIABLE,5,5,UNSATISFIABLE,UNSATISFIABLE,UNSATISFIABLE,UNSATISFIABLE,UNSATISFIABLE,False,False,True
aim-50-2_0-no-3.cnf,SATLIB,crafted_structured,cardinality_exact_r_heavy,,UNSATISFIABLE,5,5,UNSATISFIABLE,UNSATISFIABLE,UNSATISFIABLE,UNSATISFIABLE,UNSATISFIABLE,False,False,True
aim-50-2_0-no-4.cnf,SATLIB,crafted_structured,resource_allocation_like,,UNSATISFIABLE,5,5,UNSATISFIABLE,UNSATISFIABLE,UNSATISFIABLE,UNSATISFIABLE,UNSATISFIABLE,False,False,True
aim-50-2_0-yes1-1.cnf,SATLIB,crafted_structured,resource_allocation_like,,SATISFIABLE,5,5,SATISFIABLE,SATISFIABLE,SATISFIABLE,SATISFIABLE,SATISFIABLE,False,False,True
aim-50-2_0-yes1-2.cnf,SATLIB,crafted_structured,resource_allocation_like,,SATISFIABLE,5,5,SATISFIABLE,SATISFIABLE,SATISFIABLE,SATISFIABLE,SATISFIABLE,False,False,True
aim-50-2_0-yes1-3.cnf,SATLIB,crafted_structured,resource_allocation_like,,SATISFIABLE,5,5,SATISFIABLE,SATISFIABLE,SATISFIABLE,SATISFIABLE,SATISFIABLE,False,False,True
aim-50-3_4-yes1-1.cnf,SATLIB,crafted_structured,resource_allocation_like,,SATISFIABLE,5,5,SATISFIABLE,SATISFIABLE,SATISFIABLE,SATISFIABLE,SATISFIABLE,False,False,True
aim-50-3_4-yes1-3.cnf,SATLIB,crafted_structured,resource_allocation_like,,SATISFIABLE,5,5,SATISFIABLE,SATISFIABLE,SATISFIABLE,SATISFIABLE,SATISFIABLE,False,False,True
aim-50-6_0-yes1-1.cnf,SATLIB,crafted_structured,resource_allocation_like,,SATISFIABLE,5,5,SATISFIABLE,SATISFIABLE,SATISFIABLE,SATISFIABLE,SATISFIABLE,False,False,True
aim-50-6_0-yes1-2.cnf,SATLIB,crafted_structured,resource_allocation_like,,SATISFIABLE,5,5,SATISFIABLE,SATISFIABLE,SATISFIABLE,SATISFIABLE,SATISFIABLE,False,False,True
aim-50-6_0-yes1-3.cnf,SATLIB,crafted_structured,resource_allocation_like,,SATISFIABLE,5,5,SATISFIABLE,SATISFIABLE,SATISFIABLE,SATISFIABLE,SATISFIABLE,False,False,True
aim-50-6_0-yes1-4.cnf,SATLIB,crafted_structured,resource_allocation_like,,SATISFIABLE,5,5,SATISFIABLE,SATISFIABLE,SATISFIABLE,SATISFIABLE,SATISFIABLE,False,False,True
ais10.cnf,SATLIB,matching_capacity,structural_not_closed_by_flow,,SATISFIABLE,5,5,SATISFIABLE,SATISFIABLE,SATISFIABLE,SATISFIABLE,SATISFIABLE,False,False,True
ais12.cnf,SATLIB,matching_capacity,structural_not_closed_by_flow,,SATISFIABLE,5,5,SATISFIABLE,SATISFIABLE,SATISFIABLE,SATISFIABLE,SATISFIABLE,False,False,True
ais8.cnf,SATLIB,matching_capacity,structural_not_closed_by_flow,,SATISFIABLE,5,5,SATISFIABLE,SATISFIABLE,SATISFIABLE,SATISFIABLE,SATISFIABLE,False,False,True
anomaly.cnf,SATLIB,planning_scheduling,resource_allocation_like,,SATISFIABLE,5,5,SATISFIABLE,SATISFIABLE,SATISFIABLE,SATISFIABLE,SATISFIABLE,False,False,True
apn-sbox5-cut3-symmbreak.cnf,SATComp2024,competition_main,no_useful_detected_structure,,none,0,5,TIMEOUT,TIMEOUT,TIMEOUT,TIMEOUT,TIMEOUT,False,False,True
asconhashv12_opt64_H11_M2-MxJOnbQIXNd_m5_6.c.cnf,SATComp2024,competition_main,no_useful_detected_structure,,none,0,5,TIMEOUT,TIMEOUT,TIMEOUT,TIMEOUT,TIMEOUT,False,False,True
asconhashv12_opt64_H11_M2-tBi5i1RIgRz_m0_1_U23.c.cnf,SATComp2024,competition_main,no_useful_detected_structure,,none,0,5,TIMEOUT,TIMEOUT,TIMEOUT,TIMEOUT,TIMEOUT,False,False,True
asconhashv12_opt64_H5_M2-xEJ8F_m0_3_U5.c.cnf,SATComp2024,competition_main,no_useful_detected_structure,,none,0,5,TIMEOUT,TIMEOUT,TIMEOUT,TIMEOUT,TIMEOUT,False,False,True
asconhashv12_opt64_H6_M2-PgbpwX_m0_4_U1.c.cnf,SATComp2024,competition_main,no_useful_detected_structure,,none,0,5,TIMEOUT,TIMEOUT,TIMEOUT,TIMEOUT,TIMEOUT,False,False,True
barman-pfile06-022.sas.ex.7.cnf,SATComp2024,competition_main,no_useful_detected_structure,,UNSATISFIABLE,2,5,UNSATISFIABLE,UNSATISFIABLE,TIMEOUT,TIMEOUT,TIMEOUT,False,False,True
battleship-14-26-sat.cnf,SATComp2024,competition_main,matching_hall_like,,SATISFIABLE,5,5,SATISFIABLE,SATISFIABLE,SATISFIABLE,SATISFIABLE,SATISFIABLE,False,False,True
bf1355-075.cnf,SATLIB,eda_circuit_fault,resource_allocation_like,,UNSATISFIABLE,5,5,UNSATISFIABLE,UNSATISFIABLE,UNSATISFIABLE,UNSATISFIABLE,UNSATISFIABLE,False,False,True
bf1355-638.cnf,SATLIB,eda_circuit_fault,resource_allocation_like,,UNSATISFIABLE,5,5,UNSATISFIABLE,UNSATISFIABLE,UNSATISFIABLE,UNSATISFIABLE,UNSATISFIABLE,False,False,True
bf2670-001.cnf,SATLIB,eda_circuit_fault,resource_allocation_like,,UNSATISFIABLE,5,5,UNSATISFIABLE,UNSATISFIABLE,UNSATISFIABLE,UNSATISFIABLE,UNSATISFIABLE,False,False,True
bmc-galileo-8.cnf,SATLIB,eda_formal_verification,no_useful_detected_structure,,SATISFIABLE,5,5,SATISFIABLE,SATISFIABLE,SATISFIABLE,SATISFIABLE,SATISFIABLE,False,False,True
bmc-ibm-1.cnf,SATLIB,eda_formal_verification,no_useful_detected_structure,,SATISFIABLE,5,5,SATISFIABLE,SATISFIABLE,SATISFIABLE,SATISFIABLE,SATISFIABLE,False,False,True
bmc-ibm-10.cnf,SATLIB,eda_formal_verification,no_useful_detected_structure,,SATISFIABLE,5,5,SATISFIABLE,SATISFIABLE,SATISFIABLE,SATISFIABLE,SATISFIABLE,False,False,True
bmc-ibm-11.cnf,SATLIB,eda_formal_verification,no_useful_detected_structure,,SATISFIABLE,5,5,SATISFIABLE,SATISFIABLE,SATISFIABLE,SATISFIABLE,SATISFIABLE,False,False,True
bmc-ibm-12.cnf,SATLIB,eda_formal_verification,no_useful_detected_structure,,SATISFIABLE,5,5,SATISFIABLE,SATISFIABLE,SATISFIABLE,SATISFIABLE,SATISFIABLE,False,False,True
bmc-ibm-13.cnf,SATLIB,eda_formal_verification,no_useful_detected_structure,,SATISFIABLE,5,5,SATISFIABLE,SATISFIABLE,SATISFIABLE,SATISFIABLE,SATISFIABLE,False,False,True
bmc-ibm-2.cnf,SATLIB,eda_formal_verification,resource_allocation_like,,SATISFIABLE,5,5,SATISFIABLE,SATISFIABLE,SATISFIABLE,SATISFIABLE,SATISFIABLE,False,False,True
bmc-ibm-3.cnf,SATLIB,eda_formal_verification,no_useful_detected_structure,,SATISFIABLE,5,5,SATISFIABLE,SATISFIABLE,SATISFIABLE,SATISFIABLE,SATISFIABLE,False,False,True
bmc-ibm-4.cnf,SATLIB,eda_formal_verification,no_useful_detected_structure,,SATISFIABLE,5,5,SATISFIABLE,SATISFIABLE,SATISFIABLE,SATISFIABLE,SATISFIABLE,False,False,True
bmc-ibm-5.cnf,SATLIB,eda_formal_verification,no_useful_detected_structure,,SATISFIABLE,5,5,SATISFIABLE,SATISFIABLE,SATISFIABLE,SATISFIABLE,SATISFIABLE,False,False,True
bmc-ibm-6.cnf,SATLIB,eda_formal_verification,no_useful_detected_structure,,SATISFIABLE,5,5,SATISFIABLE,SATISFIABLE,SATISFIABLE,SATISFIABLE,SATISFIABLE,False,False,True
bmc-ibm-7.cnf,SATLIB,eda_formal_verification,resource_allocation_like,,SATISFIABLE,5,5,SATISFIABLE,SATISFIABLE,SATISFIABLE,SATISFIABLE,SATISFIABLE,False,False,True
bphp_p23_h22.sanitized.cnf,SATComp2024,competition_main,no_useful_detected_structure,,none,0,5,TIMEOUT,TIMEOUT,TIMEOUT,TIMEOUT,TIMEOUT,False,False,True
bvsub_19952.smt2.cnf,SATComp2024,competition_main,no_useful_detected_structure,,none,0,5,TIMEOUT,TIMEOUT,TIMEOUT,TIMEOUT,TIMEOUT,False,False,True
bw_large.a.cnf,SATLIB,planning_scheduling,resource_allocation_like,,SATISFIABLE,5,5,SATISFIABLE,SATISFIABLE,SATISFIABLE,SATISFIABLE,SATISFIABLE,False,False,True
bw_large.c.cnf,SATLIB,planning_scheduling,no_useful_detected_structure,,SATISFIABLE,5,5,SATISFIABLE,SATISFIABLE,SATISFIABLE,SATISFIABLE,SATISFIABLE,False,False,True
bw_large.d.cnf,SATLIB,planning_scheduling,no_useful_detected_structure,,SATISFIABLE,5,5,SATISFIABLE,SATISFIABLE,SATISFIABLE,SATISFIABLE,SATISFIABLE,False,False,True
circuit_32in32out_with_350gates_6in6out_dist64_seed1.sanitized.cnf,SATComp2024,competition_main,no_useful_detected_structure,,none,0,5,TIMEOUT,TIMEOUT,TIMEOUT,TIMEOUT,TIMEOUT,False,False,True
circuit_32in32out_with_64gates_8in6out_dist128_seed2.sanitized.cnf,SATComp2024,competition_main,no_useful_detected_structure,,none,0,5,TIMEOUT,TIMEOUT,TIMEOUT,TIMEOUT,TIMEOUT,False,False,True
circuit_32in32out_with_70gates_7in7out_dist128_seed1.sanitized.cnf,SATComp2024,competition_main,no_useful_detected_structure,,none,0,5,TIMEOUT,TIMEOUT,TIMEOUT,TIMEOUT,TIMEOUT,False,False,True
circuit_32in32out_with_80gates_7in7out_dist128_seed1.sanitized.cnf,SATComp2024,competition_main,no_useful_detected_structure,,none,0,5,TIMEOUT,TIMEOUT,TIMEOUT,TIMEOUT,TIMEOUT,False,False,True
circuit_32in64out_with_150gates_6in6out_dist256_seed1.sanitized.cnf,SATComp2024,competition_main,no_useful_detected_structure,,none,0,5,TIMEOUT,TIMEOUT,TIMEOUT,TIMEOUT,TIMEOUT,False,False,True
circuit_48in64out_with_1000gates_4in4out_dist128_seed4.sanitized.cnf,SATComp2024,competition_main,no_useful_detected_structure,,SATISFIABLE,5,5,SATISFIABLE,SATISFIABLE,SATISFIABLE,SATISFIABLE,SATISFIABLE,False,False,True
circuit_48in64out_with_700gates_4in4out_dist128_seed1.sanitized.cnf,SATComp2024,competition_main,no_useful_detected_structure,,SATISFIABLE,5,5,SATISFIABLE,SATISFIABLE,SATISFIABLE,SATISFIABLE,SATISFIABLE,False,False,True
circuit_48in64out_with_800gates_4in4out_dist128_seed4.sanitized.cnf,SATComp2024,competition_main,no_useful_detected_structure,,SATISFIABLE,5,5,SATISFIABLE,SATISFIABLE,SATISFIABLE,SATISFIABLE,SATISFIABLE,False,False,True
circuit_64in64out_with_64gates_8in5out_dist256_seed1.sanitized.cnf,SATComp2024,competition_main,no_useful_detected_structure,,SATISFIABLE,5,5,SATISFIABLE,SATISFIABLE,SATISFIABLE,SATISFIABLE,SATISFIABLE,False,False,True
clique_n2_k10.sanitized.cnf,SATComp2024,competition_main,resource_allocation_like,,UNSATISFIABLE,2,5,TIMEOUT,UNSATISFIABLE,TIMEOUT,UNSATISFIABLE,TIMEOUT,False,False,True
cliquecolouring_n13_k9_c8.sanitized.cnf,SATComp2024,competition_main,resource_allocation_like,,none,0,5,TIMEOUT,TIMEOUT,TIMEOUT,TIMEOUT,TIMEOUT,False,False,True
cliquecolouring_n15_k9_c8.sanitized.cnf,SATComp2024,competition_main,resource_allocation_like,,none,0,5,TIMEOUT,TIMEOUT,TIMEOUT,TIMEOUT,TIMEOUT,False,False,True
cliquecolouring_n21_k6_c5.sanitized.cnf,SATComp2024,competition_main,resource_allocation_like,,none,0,5,TIMEOUT,TIMEOUT,TIMEOUT,TIMEOUT,TIMEOUT,False,False,True
cliquecolouring_n31_k5_c4.sanitized.cnf,SATComp2024,competition_main,resource_allocation_like,,none,0,5,TIMEOUT,TIMEOUT,TIMEOUT,TIMEOUT,TIMEOUT,False,False,True
combined-crypto1-wff-seed-102-wffvars-500-cryptocplx-31-overlap-2.cnf,SATComp2024,competition_main,no_useful_detected_structure,,SATISFIABLE,1,5,SATISFIABLE,TIMEOUT,TIMEOUT,TIMEOUT,TIMEOUT,False,False,True
constraints_16_0.3_1.sanitized.cnf,SATComp2024,competition_main,no_useful_detected_structure,,none,0,5,TIMEOUT,TIMEOUT,TIMEOUT,TIMEOUT,TIMEOUT,False,False,True
constraints_16_0.4_1.sanitized.cnf,SATComp2024,competition_main,no_useful_detected_structure,,none,0,5,TIMEOUT,TIMEOUT,TIMEOUT,TIMEOUT,TIMEOUT,False,False,True
constraints_16_0.5_1.sanitized.cnf,SATComp2024,competition_main,no_useful_detected_structure,,none,0,5,TIMEOUT,TIMEOUT,TIMEOUT,TIMEOUT,TIMEOUT,False,False,True
constraints_17_0.3_2.sanitized.cnf,SATComp2024,competition_main,no_useful_detected_structure,,UNSATISFIABLE,2,5,UNSATISFIABLE,UNSATISFIABLE,TIMEOUT,TIMEOUT,TIMEOUT,False,False,True
constraints_17_0.4_1.sanitized.cnf,SATComp2024,competition_main,no_useful_detected_structure,,SATISFIABLE,5,5,SATISFIABLE,SATISFIABLE,SATISFIABLE,SATISFIABLE,SATISFIABLE,False,False,True
constraints_17_0.4_2.sanitized.cnf,SATComp2024,competition_main,no_useful_detected_structure,,UNSATISFIABLE,2,5,UNSATISFIABLE,UNSATISFIABLE,TIMEOUT,TIMEOUT,TIMEOUT,False,False,True
constraints_17_0.5_2.sanitized.cnf,SATComp2024,competition_main,no_useful_detected_structure,,none,0,5,TIMEOUT,TIMEOUT,TIMEOUT,TIMEOUT,TIMEOUT,False,False,True
constraints_18_0.3_2.sanitized.cnf,SATComp2024,competition_main,no_useful_detected_structure,,none,0,5,TIMEOUT,TIMEOUT,TIMEOUT,TIMEOUT,TIMEOUT,False,False,True
constraints_18_0.4_2.sanitized.cnf,SATComp2024,competition_main,no_useful_detected_structure,,none,0,5,TIMEOUT,TIMEOUT,TIMEOUT,TIMEOUT,TIMEOUT,False,False,True
constraints_25_4_5_12_12_0_0_0.sanitized.cnf,SATComp2024,competition_main,no_useful_detected_structure,,none,0,5,TIMEOUT,TIMEOUT,TIMEOUT,TIMEOUT,TIMEOUT,False,False,True
crn_11_99_u.cnf,SATComp2024,competition_main,cardinality_exact_r_heavy,,UNSATISFIABLE,5,5,UNSATISFIABLE,UNSATISFIABLE,UNSATISFIABLE,UNSATISFIABLE,UNSATISFIABLE,False,False,True
ctl_4201_555_unsat_pre.cnf,SATComp2024,competition_main,no_useful_detected_structure,,none,0,5,TIMEOUT,TIMEOUT,TIMEOUT,TIMEOUT,TIMEOUT,False,False,True
ctl_4291_567_2_unsat-sc2013.cnf,SATComp2024,competition_main,no_useful_detected_structure,,none,0,5,TIMEOUT,TIMEOUT,TIMEOUT,TIMEOUT,TIMEOUT,False,False,True
ctl_4291_567_9_unsat.cnf,SATComp2024,competition_main,no_useful_detected_structure,,none,0,5,TIMEOUT,TIMEOUT,TIMEOUT,TIMEOUT,TIMEOUT,False,False,True
dubois20.cnf,SATLIB,crafted_parity,cardinality_exact_r_heavy,UNSATISFIABLE,UNSATISFIABLE,5,5,UNSATISFIABLE,UNSATISFIABLE,UNSATISFIABLE,UNSATISFIABLE,UNSATISFIABLE,False,False,True
dubois21.cnf,SATLIB,crafted_parity,cardinality_exact_r_heavy,UNSATISFIABLE,UNSATISFIABLE,5,5,UNSATISFIABLE,UNSATISFIABLE,UNSATISFIABLE,UNSATISFIABLE,UNSATISFIABLE,False,False,True
dubois22.cnf,SATLIB,crafted_parity,cardinality_exact_r_heavy,UNSATISFIABLE,UNSATISFIABLE,5,5,UNSATISFIABLE,UNSATISFIABLE,UNSATISFIABLE,UNSATISFIABLE,UNSATISFIABLE,False,False,True
dubois23.cnf,SATLIB,crafted_parity,cardinality_exact_r_heavy,UNSATISFIABLE,UNSATISFIABLE,5,5,UNSATISFIABLE,UNSATISFIABLE,UNSATISFIABLE,UNSATISFIABLE,UNSATISFIABLE,False,False,True
dubois24.cnf,SATLIB,crafted_parity,cardinality_exact_r_heavy,UNSATISFIABLE,UNSATISFIABLE,5,5,UNSATISFIABLE,UNSATISFIABLE,UNSATISFIABLE,UNSATISFIABLE,UNSATISFIABLE,False,False,True
dubois26.cnf,SATLIB,crafted_parity,cardinality_exact_r_heavy,UNSATISFIABLE,UNSATISFIABLE,5,5,UNSATISFIABLE,UNSATISFIABLE,UNSATISFIABLE,UNSATISFIABLE,UNSATISFIABLE,False,False,True
dubois27.cnf,SATLIB,crafted_parity,cardinality_exact_r_heavy,UNSATISFIABLE,UNSATISFIABLE,5,5,UNSATISFIABLE,UNSATISFIABLE,UNSATISFIABLE,UNSATISFIABLE,UNSATISFIABLE,False,False,True
dubois28.cnf,SATLIB,crafted_parity,cardinality_exact_r_heavy,UNSATISFIABLE,UNSATISFIABLE,5,5,UNSATISFIABLE,UNSATISFIABLE,UNSATISFIABLE,UNSATISFIABLE,UNSATISFIABLE,False,False,True
dubois29.cnf,SATLIB,crafted_parity,cardinality_exact_r_heavy,UNSATISFIABLE,UNSATISFIABLE,5,5,UNSATISFIABLE,UNSATISFIABLE,UNSATISFIABLE,UNSATISFIABLE,UNSATISFIABLE,False,False,True
dubois30.cnf,SATLIB,crafted_parity,cardinality_exact_r_heavy,UNSATISFIABLE,UNSATISFIABLE,5,5,UNSATISFIABLE,UNSATISFIABLE,UNSATISFIABLE,UNSATISFIABLE,UNSATISFIABLE,False,False,True
dubois50.cnf,SATLIB,crafted_parity,cardinality_exact_r_heavy,UNSATISFIABLE,UNSATISFIABLE,5,5,UNSATISFIABLE,UNSATISFIABLE,UNSATISFIABLE,UNSATISFIABLE,UNSATISFIABLE,False,False,True
e0ddr2-10-by-5-1.cnf,SATLIB,planning_scheduling,no_useful_detected_structure,,SATISFIABLE,5,5,SATISFIABLE,SATISFIABLE,SATISFIABLE,SATISFIABLE,SATISFIABLE,False,False,True
ecarev-110-4099-22-30-7.cnf,SATComp2024,competition_main,no_useful_detected_structure,,none,0,5,TIMEOUT,TIMEOUT,TIMEOUT,TIMEOUT,TIMEOUT,False,False,True
enddr2-10-by-5-1.cnf,SATLIB,planning_scheduling,no_useful_detected_structure,,SATISFIABLE,5,5,SATISFIABLE,SATISFIABLE,SATISFIABLE,SATISFIABLE,SATISFIABLE,False,False,True
enddr2-10-by-5-8.cnf,SATLIB,planning_scheduling,no_useful_detected_structure,,SATISFIABLE,5,5,SATISFIABLE,SATISFIABLE,SATISFIABLE,SATISFIABLE,SATISFIABLE,False,False,True
ewddr2-10-by-5-1.cnf,SATLIB,planning_scheduling,no_useful_detected_structure,,SATISFIABLE,5,5,SATISFIABLE,SATISFIABLE,SATISFIABLE,SATISFIABLE,SATISFIABLE,False,False,True
ewddr2-10-by-5-8.cnf,SATLIB,planning_scheduling,no_useful_detected_structure,,SATISFIABLE,5,5,SATISFIABLE,SATISFIABLE,SATISFIABLE,SATISFIABLE,SATISFIABLE,False,False,True
ex065_25.cnf,SATComp2024,competition_main,no_useful_detected_structure,,none,0,5,TIMEOUT,TIMEOUT,TIMEOUT,TIMEOUT,TIMEOUT,False,False,True
exam_flat_0.04_2018_3.cnf,SATComp2024,competition_main,no_useful_detected_structure,,none,0,5,TIMEOUT,TIMEOUT,TIMEOUT,TIMEOUT,TIMEOUT,False,False,True
f1000.cnf,SATLIB,random_control,resource_allocation_like,,SATISFIABLE,5,5,SATISFIABLE,SATISFIABLE,SATISFIABLE,SATISFIABLE,SATISFIABLE,False,False,True
f2000.cnf,SATLIB,random_control,resource_allocation_like,,SATISFIABLE,1,5,SATISFIABLE,TIMEOUT,TIMEOUT,TIMEOUT,TIMEOUT,False,False,True
f600.cnf,SATLIB,random_control,resource_allocation_like,,SATISFIABLE,5,5,SATISFIABLE,SATISFIABLE,SATISFIABLE,SATISFIABLE,SATISFIABLE,False,False,True
f9idw.cnf,SATComp2024,competition_main,no_useful_detected_structure,,none,0,5,TIMEOUT,TIMEOUT,TIMEOUT,TIMEOUT,TIMEOUT,False,False,True
fermat-931960058139995587.cnf,SATComp2024,competition_main,no_useful_detected_structure,,none,0,5,TIMEOUT,TIMEOUT,TIMEOUT,TIMEOUT,TIMEOUT,False,False,True
fixedbandwidth-eq-31_shuffled.cnf,SATComp2024,competition_main,resource_allocation_like,,none,0,5,TIMEOUT,TIMEOUT,TIMEOUT,TIMEOUT,TIMEOUT,False,False,True
flat100-1.cnf,SATLIB,matching_capacity,resource_allocation_like,,SATISFIABLE,5,5,SATISFIABLE,SATISFIABLE,SATISFIABLE,SATISFIABLE,SATISFIABLE,False,False,True
flat100-10.cnf,SATLIB,matching_capacity,resource_allocation_like,,SATISFIABLE,5,5,SATISFIABLE,SATISFIABLE,SATISFIABLE,SATISFIABLE,SATISFIABLE,False,False,True
flat100-100.cnf,SATLIB,matching_capacity,resource_allocation_like,,SATISFIABLE,5,5,SATISFIABLE,SATISFIABLE,SATISFIABLE,SATISFIABLE,SATISFIABLE,False,False,True
flat100-11.cnf,SATLIB,matching_capacity,resource_allocation_like,,SATISFIABLE,5,5,SATISFIABLE,SATISFIABLE,SATISFIABLE,SATISFIABLE,SATISFIABLE,False,False,True
flat100-12.cnf,SATLIB,matching_capacity,resource_allocation_like,,SATISFIABLE,5,5,SATISFIABLE,SATISFIABLE,SATISFIABLE,SATISFIABLE,SATISFIABLE,False,False,True
flat100-14.cnf,SATLIB,matching_capacity,resource_allocation_like,,SATISFIABLE,5,5,SATISFIABLE,SATISFIABLE,SATISFIABLE,SATISFIABLE,SATISFIABLE,False,False,True
flat100-15.cnf,SATLIB,matching_capacity,resource_allocation_like,,SATISFIABLE,5,5,SATISFIABLE,SATISFIABLE,SATISFIABLE,SATISFIABLE,SATISFIABLE,False,False,True
flat100-16.cnf,SATLIB,matching_capacity,resource_allocation_like,,SATISFIABLE,5,5,SATISFIABLE,SATISFIABLE,SATISFIABLE,SATISFIABLE,SATISFIABLE,False,False,True
flat100-17.cnf,SATLIB,matching_capacity,resource_allocation_like,,SATISFIABLE,5,5,SATISFIABLE,SATISFIABLE,SATISFIABLE,SATISFIABLE,SATISFIABLE,False,False,True
flat100-19.cnf,SATLIB,matching_capacity,resource_allocation_like,,SATISFIABLE,5,5,SATISFIABLE,SATISFIABLE,SATISFIABLE,SATISFIABLE,SATISFIABLE,False,False,True
flat100-2.cnf,SATLIB,matching_capacity,resource_allocation_like,,SATISFIABLE,5,5,SATISFIABLE,SATISFIABLE,SATISFIABLE,SATISFIABLE,SATISFIABLE,False,False,True
flat100-20.cnf,SATLIB,matching_capacity,resource_allocation_like,,SATISFIABLE,5,5,SATISFIABLE,SATISFIABLE,SATISFIABLE,SATISFIABLE,SATISFIABLE,False,False,True
flat100-21.cnf,SATLIB,matching_capacity,resource_allocation_like,,SATISFIABLE,5,5,SATISFIABLE,SATISFIABLE,SATISFIABLE,SATISFIABLE,SATISFIABLE,False,False,True
flat100-22.cnf,SATLIB,matching_capacity,resource_allocation_like,,SATISFIABLE,5,5,SATISFIABLE,SATISFIABLE,SATISFIABLE,SATISFIABLE,SATISFIABLE,False,False,True
flat100-23.cnf,SATLIB,matching_capacity,resource_allocation_like,,SATISFIABLE,5,5,SATISFIABLE,SATISFIABLE,SATISFIABLE,SATISFIABLE,SATISFIABLE,False,False,True
flat100-24.cnf,SATLIB,matching_capacity,resource_allocation_like,,SATISFIABLE,5,5,SATISFIABLE,SATISFIABLE,SATISFIABLE,SATISFIABLE,SATISFIABLE,False,False,True
flat100-25.cnf,SATLIB,matching_capacity,resource_allocation_like,,SATISFIABLE,5,5,SATISFIABLE,SATISFIABLE,SATISFIABLE,SATISFIABLE,SATISFIABLE,False,False,True
flat100-26.cnf,SATLIB,matching_capacity,resource_allocation_like,,SATISFIABLE,5,5,SATISFIABLE,SATISFIABLE,SATISFIABLE,SATISFIABLE,SATISFIABLE,False,False,True
flat100-28.cnf,SATLIB,matching_capacity,resource_allocation_like,,SATISFIABLE,5,5,SATISFIABLE,SATISFIABLE,SATISFIABLE,SATISFIABLE,SATISFIABLE,False,False,True
flat100-29.cnf,SATLIB,matching_capacity,resource_allocation_like,,SATISFIABLE,5,5,SATISFIABLE,SATISFIABLE,SATISFIABLE,SATISFIABLE,SATISFIABLE,False,False,True
flat100-3.cnf,SATLIB,matching_capacity,resource_allocation_like,,SATISFIABLE,5,5,SATISFIABLE,SATISFIABLE,SATISFIABLE,SATISFIABLE,SATISFIABLE,False,False,True
flat100-30.cnf,SATLIB,matching_capacity,resource_allocation_like,,SATISFIABLE,5,5,SATISFIABLE,SATISFIABLE,SATISFIABLE,SATISFIABLE,SATISFIABLE,False,False,True
flat100-31.cnf,SATLIB,matching_capacity,resource_allocation_like,,SATISFIABLE,5,5,SATISFIABLE,SATISFIABLE,SATISFIABLE,SATISFIABLE,SATISFIABLE,False,False,True
flat100-32.cnf,SATLIB,matching_capacity,resource_allocation_like,,SATISFIABLE,5,5,SATISFIABLE,SATISFIABLE,SATISFIABLE,SATISFIABLE,SATISFIABLE,False,False,True
flat100-33.cnf,SATLIB,matching_capacity,resource_allocation_like,,SATISFIABLE,5,5,SATISFIABLE,SATISFIABLE,SATISFIABLE,SATISFIABLE,SATISFIABLE,False,False,True
flat100-35.cnf,SATLIB,matching_capacity,resource_allocation_like,,SATISFIABLE,5,5,SATISFIABLE,SATISFIABLE,SATISFIABLE,SATISFIABLE,SATISFIABLE,False,False,True
flat100-37.cnf,SATLIB,matching_capacity,resource_allocation_like,,SATISFIABLE,5,5,SATISFIABLE,SATISFIABLE,SATISFIABLE,SATISFIABLE,SATISFIABLE,False,False,True
flat100-38.cnf,SATLIB,matching_capacity,resource_allocation_like,,SATISFIABLE,5,5,SATISFIABLE,SATISFIABLE,SATISFIABLE,SATISFIABLE,SATISFIABLE,False,False,True
flat100-39.cnf,SATLIB,matching_capacity,resource_allocation_like,,SATISFIABLE,5,5,SATISFIABLE,SATISFIABLE,SATISFIABLE,SATISFIABLE,SATISFIABLE,False,False,True
flat100-4.cnf,SATLIB,matching_capacity,resource_allocation_like,,SATISFIABLE,5,5,SATISFIABLE,SATISFIABLE,SATISFIABLE,SATISFIABLE,SATISFIABLE,False,False,True
flat100-41.cnf,SATLIB,matching_capacity,resource_allocation_like,,SATISFIABLE,5,5,SATISFIABLE,SATISFIABLE,SATISFIABLE,SATISFIABLE,SATISFIABLE,False,False,True
flat100-42.cnf,SATLIB,matching_capacity,resource_allocation_like,,SATISFIABLE,5,5,SATISFIABLE,SATISFIABLE,SATISFIABLE,SATISFIABLE,SATISFIABLE,False,False,True
flat100-43.cnf,SATLIB,matching_capacity,resource_allocation_like,,SATISFIABLE,5,5,SATISFIABLE,SATISFIABLE,SATISFIABLE,SATISFIABLE,SATISFIABLE,False,False,True
flat100-44.cnf,SATLIB,matching_capacity,resource_allocation_like,,SATISFIABLE,5,5,SATISFIABLE,SATISFIABLE,SATISFIABLE,SATISFIABLE,SATISFIABLE,False,False,True
flat100-46.cnf,SATLIB,matching_capacity,resource_allocation_like,,SATISFIABLE,5,5,SATISFIABLE,SATISFIABLE,SATISFIABLE,SATISFIABLE,SATISFIABLE,False,False,True
flat100-47.cnf,SATLIB,matching_capacity,resource_allocation_like,,SATISFIABLE,5,5,SATISFIABLE,SATISFIABLE,SATISFIABLE,SATISFIABLE,SATISFIABLE,False,False,True
flat100-48.cnf,SATLIB,matching_capacity,resource_allocation_like,,SATISFIABLE,5,5,SATISFIABLE,SATISFIABLE,SATISFIABLE,SATISFIABLE,SATISFIABLE,False,False,True
flat100-49.cnf,SATLIB,matching_capacity,resource_allocation_like,,SATISFIABLE,5,5,SATISFIABLE,SATISFIABLE,SATISFIABLE,SATISFIABLE,SATISFIABLE,False,False,True
flat100-5.cnf,SATLIB,matching_capacity,resource_allocation_like,,SATISFIABLE,5,5,SATISFIABLE,SATISFIABLE,SATISFIABLE,SATISFIABLE,SATISFIABLE,False,False,True
flat100-50.cnf,SATLIB,matching_capacity,resource_allocation_like,,SATISFIABLE,5,5,SATISFIABLE,SATISFIABLE,SATISFIABLE,SATISFIABLE,SATISFIABLE,False,False,True
flat100-51.cnf,SATLIB,matching_capacity,resource_allocation_like,,SATISFIABLE,5,5,SATISFIABLE,SATISFIABLE,SATISFIABLE,SATISFIABLE,SATISFIABLE,False,False,True
flat100-52.cnf,SATLIB,matching_capacity,resource_allocation_like,,SATISFIABLE,5,5,SATISFIABLE,SATISFIABLE,SATISFIABLE,SATISFIABLE,SATISFIABLE,False,False,True
flat100-54.cnf,SATLIB,matching_capacity,resource_allocation_like,,SATISFIABLE,5,5,SATISFIABLE,SATISFIABLE,SATISFIABLE,SATISFIABLE,SATISFIABLE,False,False,True
flat100-55.cnf,SATLIB,matching_capacity,resource_allocation_like,,SATISFIABLE,5,5,SATISFIABLE,SATISFIABLE,SATISFIABLE,SATISFIABLE,SATISFIABLE,False,False,True
flat100-56.cnf,SATLIB,matching_capacity,resource_allocation_like,,SATISFIABLE,5,5,SATISFIABLE,SATISFIABLE,SATISFIABLE,SATISFIABLE,SATISFIABLE,False,False,True
flat100-57.cnf,SATLIB,matching_capacity,resource_allocation_like,,SATISFIABLE,5,5,SATISFIABLE,SATISFIABLE,SATISFIABLE,SATISFIABLE,SATISFIABLE,False,False,True
flat100-58.cnf,SATLIB,matching_capacity,resource_allocation_like,,SATISFIABLE,5,5,SATISFIABLE,SATISFIABLE,SATISFIABLE,SATISFIABLE,SATISFIABLE,False,False,True
flat100-59.cnf,SATLIB,matching_capacity,resource_allocation_like,,SATISFIABLE,5,5,SATISFIABLE,SATISFIABLE,SATISFIABLE,SATISFIABLE,SATISFIABLE,False,False,True
flat100-60.cnf,SATLIB,matching_capacity,resource_allocation_like,,SATISFIABLE,5,5,SATISFIABLE,SATISFIABLE,SATISFIABLE,SATISFIABLE,SATISFIABLE,False,False,True
flat100-61.cnf,SATLIB,matching_capacity,resource_allocation_like,,SATISFIABLE,5,5,SATISFIABLE,SATISFIABLE,SATISFIABLE,SATISFIABLE,SATISFIABLE,False,False,True
flat100-62.cnf,SATLIB,matching_capacity,resource_allocation_like,,SATISFIABLE,5,5,SATISFIABLE,SATISFIABLE,SATISFIABLE,SATISFIABLE,SATISFIABLE,False,False,True
flat100-63.cnf,SATLIB,matching_capacity,resource_allocation_like,,SATISFIABLE,5,5,SATISFIABLE,SATISFIABLE,SATISFIABLE,SATISFIABLE,SATISFIABLE,False,False,True
flat100-64.cnf,SATLIB,matching_capacity,resource_allocation_like,,SATISFIABLE,5,5,SATISFIABLE,SATISFIABLE,SATISFIABLE,SATISFIABLE,SATISFIABLE,False,False,True
flat100-65.cnf,SATLIB,matching_capacity,resource_allocation_like,,SATISFIABLE,5,5,SATISFIABLE,SATISFIABLE,SATISFIABLE,SATISFIABLE,SATISFIABLE,False,False,True
flat100-66.cnf,SATLIB,matching_capacity,resource_allocation_like,,SATISFIABLE,5,5,SATISFIABLE,SATISFIABLE,SATISFIABLE,SATISFIABLE,SATISFIABLE,False,False,True
flat100-68.cnf,SATLIB,matching_capacity,resource_allocation_like,,SATISFIABLE,5,5,SATISFIABLE,SATISFIABLE,SATISFIABLE,SATISFIABLE,SATISFIABLE,False,False,True
flat100-69.cnf,SATLIB,matching_capacity,resource_allocation_like,,SATISFIABLE,5,5,SATISFIABLE,SATISFIABLE,SATISFIABLE,SATISFIABLE,SATISFIABLE,False,False,True
flat100-7.cnf,SATLIB,matching_capacity,resource_allocation_like,,SATISFIABLE,5,5,SATISFIABLE,SATISFIABLE,SATISFIABLE,SATISFIABLE,SATISFIABLE,False,False,True
flat100-70.cnf,SATLIB,matching_capacity,resource_allocation_like,,SATISFIABLE,5,5,SATISFIABLE,SATISFIABLE,SATISFIABLE,SATISFIABLE,SATISFIABLE,False,False,True
flat100-72.cnf,SATLIB,matching_capacity,resource_allocation_like,,SATISFIABLE,5,5,SATISFIABLE,SATISFIABLE,SATISFIABLE,SATISFIABLE,SATISFIABLE,False,False,True
flat100-74.cnf,SATLIB,matching_capacity,resource_allocation_like,,SATISFIABLE,5,5,SATISFIABLE,SATISFIABLE,SATISFIABLE,SATISFIABLE,SATISFIABLE,False,False,True
flat100-75.cnf,SATLIB,matching_capacity,resource_allocation_like,,SATISFIABLE,5,5,SATISFIABLE,SATISFIABLE,SATISFIABLE,SATISFIABLE,SATISFIABLE,False,False,True
flat100-76.cnf,SATLIB,matching_capacity,resource_allocation_like,,SATISFIABLE,5,5,SATISFIABLE,SATISFIABLE,SATISFIABLE,SATISFIABLE,SATISFIABLE,False,False,True
flat100-77.cnf,SATLIB,matching_capacity,resource_allocation_like,,SATISFIABLE,5,5,SATISFIABLE,SATISFIABLE,SATISFIABLE,SATISFIABLE,SATISFIABLE,False,False,True
flat100-78.cnf,SATLIB,matching_capacity,resource_allocation_like,,SATISFIABLE,5,5,SATISFIABLE,SATISFIABLE,SATISFIABLE,SATISFIABLE,SATISFIABLE,False,False,True
flat100-79.cnf,SATLIB,matching_capacity,resource_allocation_like,,SATISFIABLE,5,5,SATISFIABLE,SATISFIABLE,SATISFIABLE,SATISFIABLE,SATISFIABLE,False,False,True
flat100-8.cnf,SATLIB,matching_capacity,resource_allocation_like,,SATISFIABLE,5,5,SATISFIABLE,SATISFIABLE,SATISFIABLE,SATISFIABLE,SATISFIABLE,False,False,True
flat100-80.cnf,SATLIB,matching_capacity,resource_allocation_like,,SATISFIABLE,5,5,SATISFIABLE,SATISFIABLE,SATISFIABLE,SATISFIABLE,SATISFIABLE,False,False,True
flat100-81.cnf,SATLIB,matching_capacity,resource_allocation_like,,SATISFIABLE,5,5,SATISFIABLE,SATISFIABLE,SATISFIABLE,SATISFIABLE,SATISFIABLE,False,False,True
flat100-82.cnf,SATLIB,matching_capacity,resource_allocation_like,,SATISFIABLE,5,5,SATISFIABLE,SATISFIABLE,SATISFIABLE,SATISFIABLE,SATISFIABLE,False,False,True
flat100-83.cnf,SATLIB,matching_capacity,resource_allocation_like,,SATISFIABLE,5,5,SATISFIABLE,SATISFIABLE,SATISFIABLE,SATISFIABLE,SATISFIABLE,False,False,True
flat100-84.cnf,SATLIB,matching_capacity,resource_allocation_like,,SATISFIABLE,5,5,SATISFIABLE,SATISFIABLE,SATISFIABLE,SATISFIABLE,SATISFIABLE,False,False,True
flat100-85.cnf,SATLIB,matching_capacity,resource_allocation_like,,SATISFIABLE,5,5,SATISFIABLE,SATISFIABLE,SATISFIABLE,SATISFIABLE,SATISFIABLE,False,False,True
flat100-86.cnf,SATLIB,matching_capacity,resource_allocation_like,,SATISFIABLE,5,5,SATISFIABLE,SATISFIABLE,SATISFIABLE,SATISFIABLE,SATISFIABLE,False,False,True
flat100-87.cnf,SATLIB,matching_capacity,resource_allocation_like,,SATISFIABLE,5,5,SATISFIABLE,SATISFIABLE,SATISFIABLE,SATISFIABLE,SATISFIABLE,False,False,True
flat100-88.cnf,SATLIB,matching_capacity,resource_allocation_like,,SATISFIABLE,5,5,SATISFIABLE,SATISFIABLE,SATISFIABLE,SATISFIABLE,SATISFIABLE,False,False,True
flat100-89.cnf,SATLIB,matching_capacity,resource_allocation_like,,SATISFIABLE,5,5,SATISFIABLE,SATISFIABLE,SATISFIABLE,SATISFIABLE,SATISFIABLE,False,False,True
flat100-9.cnf,SATLIB,matching_capacity,resource_allocation_like,,SATISFIABLE,5,5,SATISFIABLE,SATISFIABLE,SATISFIABLE,SATISFIABLE,SATISFIABLE,False,False,True
flat100-91.cnf,SATLIB,matching_capacity,resource_allocation_like,,SATISFIABLE,5,5,SATISFIABLE,SATISFIABLE,SATISFIABLE,SATISFIABLE,SATISFIABLE,False,False,True
flat100-92.cnf,SATLIB,matching_capacity,resource_allocation_like,,SATISFIABLE,5,5,SATISFIABLE,SATISFIABLE,SATISFIABLE,SATISFIABLE,SATISFIABLE,False,False,True
flat100-93.cnf,SATLIB,matching_capacity,resource_allocation_like,,SATISFIABLE,5,5,SATISFIABLE,SATISFIABLE,SATISFIABLE,SATISFIABLE,SATISFIABLE,False,False,True
flat100-94.cnf,SATLIB,matching_capacity,resource_allocation_like,,SATISFIABLE,5,5,SATISFIABLE,SATISFIABLE,SATISFIABLE,SATISFIABLE,SATISFIABLE,False,False,True
flat100-95.cnf,SATLIB,matching_capacity,resource_allocation_like,,SATISFIABLE,5,5,SATISFIABLE,SATISFIABLE,SATISFIABLE,SATISFIABLE,SATISFIABLE,False,False,True
flat100-96.cnf,SATLIB,matching_capacity,resource_allocation_like,,SATISFIABLE,5,5,SATISFIABLE,SATISFIABLE,SATISFIABLE,SATISFIABLE,SATISFIABLE,False,False,True
flat100-97.cnf,SATLIB,matching_capacity,resource_allocation_like,,SATISFIABLE,5,5,SATISFIABLE,SATISFIABLE,SATISFIABLE,SATISFIABLE,SATISFIABLE,False,False,True
flat100-98.cnf,SATLIB,matching_capacity,resource_allocation_like,,SATISFIABLE,5,5,SATISFIABLE,SATISFIABLE,SATISFIABLE,SATISFIABLE,SATISFIABLE,False,False,True
flat200-10.cnf,SATLIB,matching_capacity,resource_allocation_like,,SATISFIABLE,5,5,SATISFIABLE,SATISFIABLE,SATISFIABLE,SATISFIABLE,SATISFIABLE,False,False,True
flat200-100.cnf,SATLIB,matching_capacity,resource_allocation_like,,SATISFIABLE,5,5,SATISFIABLE,SATISFIABLE,SATISFIABLE,SATISFIABLE,SATISFIABLE,False,False,True
flat200-11.cnf,SATLIB,matching_capacity,resource_allocation_like,,SATISFIABLE,5,5,SATISFIABLE,SATISFIABLE,SATISFIABLE,SATISFIABLE,SATISFIABLE,False,False,True
flat200-12.cnf,SATLIB,matching_capacity,resource_allocation_like,,SATISFIABLE,5,5,SATISFIABLE,SATISFIABLE,SATISFIABLE,SATISFIABLE,SATISFIABLE,False,False,True
flat200-13.cnf,SATLIB,matching_capacity,resource_allocation_like,,SATISFIABLE,5,5,SATISFIABLE,SATISFIABLE,SATISFIABLE,SATISFIABLE,SATISFIABLE,False,False,True
flat200-15.cnf,SATLIB,matching_capacity,resource_allocation_like,,SATISFIABLE,5,5,SATISFIABLE,SATISFIABLE,SATISFIABLE,SATISFIABLE,SATISFIABLE,False,False,True
flat200-16.cnf,SATLIB,matching_capacity,resource_allocation_like,,SATISFIABLE,5,5,SATISFIABLE,SATISFIABLE,SATISFIABLE,SATISFIABLE,SATISFIABLE,False,False,True
flat200-17.cnf,SATLIB,matching_capacity,resource_allocation_like,,SATISFIABLE,5,5,SATISFIABLE,SATISFIABLE,SATISFIABLE,SATISFIABLE,SATISFIABLE,False,False,True
flat200-18.cnf,SATLIB,matching_capacity,resource_allocation_like,,SATISFIABLE,5,5,SATISFIABLE,SATISFIABLE,SATISFIABLE,SATISFIABLE,SATISFIABLE,False,False,True
flat200-2.cnf,SATLIB,matching_capacity,resource_allocation_like,,SATISFIABLE,5,5,SATISFIABLE,SATISFIABLE,SATISFIABLE,SATISFIABLE,SATISFIABLE,False,False,True
flat200-20.cnf,SATLIB,matching_capacity,resource_allocation_like,,SATISFIABLE,5,5,SATISFIABLE,SATISFIABLE,SATISFIABLE,SATISFIABLE,SATISFIABLE,False,False,True
flat200-21.cnf,SATLIB,matching_capacity,resource_allocation_like,,SATISFIABLE,5,5,SATISFIABLE,SATISFIABLE,SATISFIABLE,SATISFIABLE,SATISFIABLE,False,False,True
flat200-22.cnf,SATLIB,matching_capacity,resource_allocation_like,,SATISFIABLE,5,5,SATISFIABLE,SATISFIABLE,SATISFIABLE,SATISFIABLE,SATISFIABLE,False,False,True
flat200-25.cnf,SATLIB,matching_capacity,resource_allocation_like,,SATISFIABLE,5,5,SATISFIABLE,SATISFIABLE,SATISFIABLE,SATISFIABLE,SATISFIABLE,False,False,True
flat200-26.cnf,SATLIB,matching_capacity,resource_allocation_like,,SATISFIABLE,5,5,SATISFIABLE,SATISFIABLE,SATISFIABLE,SATISFIABLE,SATISFIABLE,False,False,True
flat200-27.cnf,SATLIB,matching_capacity,resource_allocation_like,,SATISFIABLE,5,5,SATISFIABLE,SATISFIABLE,SATISFIABLE,SATISFIABLE,SATISFIABLE,False,False,True
flat200-28.cnf,SATLIB,matching_capacity,resource_allocation_like,,SATISFIABLE,5,5,SATISFIABLE,SATISFIABLE,SATISFIABLE,SATISFIABLE,SATISFIABLE,False,False,True
flat200-29.cnf,SATLIB,matching_capacity,resource_allocation_like,,SATISFIABLE,5,5,SATISFIABLE,SATISFIABLE,SATISFIABLE,SATISFIABLE,SATISFIABLE,False,False,True
flat200-3.cnf,SATLIB,matching_capacity,resource_allocation_like,,SATISFIABLE,5,5,SATISFIABLE,SATISFIABLE,SATISFIABLE,SATISFIABLE,SATISFIABLE,False,False,True
flat200-30.cnf,SATLIB,matching_capacity,resource_allocation_like,,SATISFIABLE,5,5,SATISFIABLE,SATISFIABLE,SATISFIABLE,SATISFIABLE,SATISFIABLE,False,False,True
flat200-32.cnf,SATLIB,matching_capacity,resource_allocation_like,,SATISFIABLE,5,5,SATISFIABLE,SATISFIABLE,SATISFIABLE,SATISFIABLE,SATISFIABLE,False,False,True
flat200-33.cnf,SATLIB,matching_capacity,resource_allocation_like,,SATISFIABLE,5,5,SATISFIABLE,SATISFIABLE,SATISFIABLE,SATISFIABLE,SATISFIABLE,False,False,True
flat200-34.cnf,SATLIB,matching_capacity,resource_allocation_like,,SATISFIABLE,5,5,SATISFIABLE,SATISFIABLE,SATISFIABLE,SATISFIABLE,SATISFIABLE,False,False,True
flat200-35.cnf,SATLIB,matching_capacity,resource_allocation_like,,SATISFIABLE,5,5,SATISFIABLE,SATISFIABLE,SATISFIABLE,SATISFIABLE,SATISFIABLE,False,False,True
flat200-37.cnf,SATLIB,matching_capacity,resource_allocation_like,,SATISFIABLE,5,5,SATISFIABLE,SATISFIABLE,SATISFIABLE,SATISFIABLE,SATISFIABLE,False,False,True
flat200-38.cnf,SATLIB,matching_capacity,resource_allocation_like,,SATISFIABLE,5,5,SATISFIABLE,SATISFIABLE,SATISFIABLE,SATISFIABLE,SATISFIABLE,False,False,True
flat200-39.cnf,SATLIB,matching_capacity,resource_allocation_like,,SATISFIABLE,5,5,SATISFIABLE,SATISFIABLE,SATISFIABLE,SATISFIABLE,SATISFIABLE,False,False,True
flat200-4.cnf,SATLIB,matching_capacity,resource_allocation_like,,SATISFIABLE,5,5,SATISFIABLE,SATISFIABLE,SATISFIABLE,SATISFIABLE,SATISFIABLE,False,False,True
flat200-43.cnf,SATLIB,matching_capacity,resource_allocation_like,,SATISFIABLE,5,5,SATISFIABLE,SATISFIABLE,SATISFIABLE,SATISFIABLE,SATISFIABLE,False,False,True
flat200-44.cnf,SATLIB,matching_capacity,resource_allocation_like,,SATISFIABLE,5,5,SATISFIABLE,SATISFIABLE,SATISFIABLE,SATISFIABLE,SATISFIABLE,False,False,True
flat200-45.cnf,SATLIB,matching_capacity,resource_allocation_like,,SATISFIABLE,5,5,SATISFIABLE,SATISFIABLE,SATISFIABLE,SATISFIABLE,SATISFIABLE,False,False,True
flat200-46.cnf,SATLIB,matching_capacity,resource_allocation_like,,SATISFIABLE,5,5,SATISFIABLE,SATISFIABLE,SATISFIABLE,SATISFIABLE,SATISFIABLE,False,False,True
flat200-47.cnf,SATLIB,matching_capacity,resource_allocation_like,,SATISFIABLE,5,5,SATISFIABLE,SATISFIABLE,SATISFIABLE,SATISFIABLE,SATISFIABLE,False,False,True
flat200-48.cnf,SATLIB,matching_capacity,resource_allocation_like,,SATISFIABLE,5,5,SATISFIABLE,SATISFIABLE,SATISFIABLE,SATISFIABLE,SATISFIABLE,False,False,True
flat200-49.cnf,SATLIB,matching_capacity,resource_allocation_like,,SATISFIABLE,5,5,SATISFIABLE,SATISFIABLE,SATISFIABLE,SATISFIABLE,SATISFIABLE,False,False,True
flat200-5.cnf,SATLIB,matching_capacity,resource_allocation_like,,SATISFIABLE,5,5,SATISFIABLE,SATISFIABLE,SATISFIABLE,SATISFIABLE,SATISFIABLE,False,False,True
flat200-51.cnf,SATLIB,matching_capacity,resource_allocation_like,,SATISFIABLE,5,5,SATISFIABLE,SATISFIABLE,SATISFIABLE,SATISFIABLE,SATISFIABLE,False,False,True
flat200-52.cnf,SATLIB,matching_capacity,resource_allocation_like,,SATISFIABLE,5,5,SATISFIABLE,SATISFIABLE,SATISFIABLE,SATISFIABLE,SATISFIABLE,False,False,True
flat200-53.cnf,SATLIB,matching_capacity,resource_allocation_like,,SATISFIABLE,5,5,SATISFIABLE,SATISFIABLE,SATISFIABLE,SATISFIABLE,SATISFIABLE,False,False,True
flat200-54.cnf,SATLIB,matching_capacity,resource_allocation_like,,SATISFIABLE,5,5,SATISFIABLE,SATISFIABLE,SATISFIABLE,SATISFIABLE,SATISFIABLE,False,False,True
flat200-55.cnf,SATLIB,matching_capacity,resource_allocation_like,,SATISFIABLE,5,5,SATISFIABLE,SATISFIABLE,SATISFIABLE,SATISFIABLE,SATISFIABLE,False,False,True
flat200-56.cnf,SATLIB,matching_capacity,resource_allocation_like,,SATISFIABLE,5,5,SATISFIABLE,SATISFIABLE,SATISFIABLE,SATISFIABLE,SATISFIABLE,False,False,True
flat200-57.cnf,SATLIB,matching_capacity,resource_allocation_like,,SATISFIABLE,5,5,SATISFIABLE,SATISFIABLE,SATISFIABLE,SATISFIABLE,SATISFIABLE,False,False,True
flat200-58.cnf,SATLIB,matching_capacity,resource_allocation_like,,SATISFIABLE,5,5,SATISFIABLE,SATISFIABLE,SATISFIABLE,SATISFIABLE,SATISFIABLE,False,False,True
flat200-59.cnf,SATLIB,matching_capacity,resource_allocation_like,,SATISFIABLE,5,5,SATISFIABLE,SATISFIABLE,SATISFIABLE,SATISFIABLE,SATISFIABLE,False,False,True
flat200-62.cnf,SATLIB,matching_capacity,resource_allocation_like,,SATISFIABLE,5,5,SATISFIABLE,SATISFIABLE,SATISFIABLE,SATISFIABLE,SATISFIABLE,False,False,True
flat200-63.cnf,SATLIB,matching_capacity,resource_allocation_like,,SATISFIABLE,5,5,SATISFIABLE,SATISFIABLE,SATISFIABLE,SATISFIABLE,SATISFIABLE,False,False,True
flat200-64.cnf,SATLIB,matching_capacity,resource_allocation_like,,SATISFIABLE,5,5,SATISFIABLE,SATISFIABLE,SATISFIABLE,SATISFIABLE,SATISFIABLE,False,False,True
flat200-65.cnf,SATLIB,matching_capacity,resource_allocation_like,,SATISFIABLE,5,5,SATISFIABLE,SATISFIABLE,SATISFIABLE,SATISFIABLE,SATISFIABLE,False,False,True
flat200-66.cnf,SATLIB,matching_capacity,resource_allocation_like,,SATISFIABLE,5,5,SATISFIABLE,SATISFIABLE,SATISFIABLE,SATISFIABLE,SATISFIABLE,False,False,True
flat200-67.cnf,SATLIB,matching_capacity,resource_allocation_like,,SATISFIABLE,5,5,SATISFIABLE,SATISFIABLE,SATISFIABLE,SATISFIABLE,SATISFIABLE,False,False,True
flat200-69.cnf,SATLIB,matching_capacity,resource_allocation_like,,SATISFIABLE,5,5,SATISFIABLE,SATISFIABLE,SATISFIABLE,SATISFIABLE,SATISFIABLE,False,False,True
flat200-7.cnf,SATLIB,matching_capacity,resource_allocation_like,,SATISFIABLE,5,5,SATISFIABLE,SATISFIABLE,SATISFIABLE,SATISFIABLE,SATISFIABLE,False,False,True
flat200-71.cnf,SATLIB,matching_capacity,resource_allocation_like,,SATISFIABLE,5,5,SATISFIABLE,SATISFIABLE,SATISFIABLE,SATISFIABLE,SATISFIABLE,False,False,True
flat200-72.cnf,SATLIB,matching_capacity,resource_allocation_like,,SATISFIABLE,5,5,SATISFIABLE,SATISFIABLE,SATISFIABLE,SATISFIABLE,SATISFIABLE,False,False,True
flat200-73.cnf,SATLIB,matching_capacity,resource_allocation_like,,SATISFIABLE,5,5,SATISFIABLE,SATISFIABLE,SATISFIABLE,SATISFIABLE,SATISFIABLE,False,False,True
flat200-75.cnf,SATLIB,matching_capacity,resource_allocation_like,,SATISFIABLE,5,5,SATISFIABLE,SATISFIABLE,SATISFIABLE,SATISFIABLE,SATISFIABLE,False,False,True
flat200-76.cnf,SATLIB,matching_capacity,resource_allocation_like,,SATISFIABLE,5,5,SATISFIABLE,SATISFIABLE,SATISFIABLE,SATISFIABLE,SATISFIABLE,False,False,True
flat200-79.cnf,SATLIB,matching_capacity,resource_allocation_like,,SATISFIABLE,5,5,SATISFIABLE,SATISFIABLE,SATISFIABLE,SATISFIABLE,SATISFIABLE,False,False,True
flat200-8.cnf,SATLIB,matching_capacity,resource_allocation_like,,SATISFIABLE,5,5,SATISFIABLE,SATISFIABLE,SATISFIABLE,SATISFIABLE,SATISFIABLE,False,False,True
flat200-80.cnf,SATLIB,matching_capacity,resource_allocation_like,,SATISFIABLE,5,5,SATISFIABLE,SATISFIABLE,SATISFIABLE,SATISFIABLE,SATISFIABLE,False,False,True
flat200-82.cnf,SATLIB,matching_capacity,resource_allocation_like,,SATISFIABLE,5,5,SATISFIABLE,SATISFIABLE,SATISFIABLE,SATISFIABLE,SATISFIABLE,False,False,True
flat200-83.cnf,SATLIB,matching_capacity,resource_allocation_like,,SATISFIABLE,5,5,SATISFIABLE,SATISFIABLE,SATISFIABLE,SATISFIABLE,SATISFIABLE,False,False,True
flat200-84.cnf,SATLIB,matching_capacity,resource_allocation_like,,SATISFIABLE,5,5,SATISFIABLE,SATISFIABLE,SATISFIABLE,SATISFIABLE,SATISFIABLE,False,False,True
flat200-86.cnf,SATLIB,matching_capacity,resource_allocation_like,,SATISFIABLE,5,5,SATISFIABLE,SATISFIABLE,SATISFIABLE,SATISFIABLE,SATISFIABLE,False,False,True
flat200-87.cnf,SATLIB,matching_capacity,resource_allocation_like,,SATISFIABLE,5,5,SATISFIABLE,SATISFIABLE,SATISFIABLE,SATISFIABLE,SATISFIABLE,False,False,True
flat200-88.cnf,SATLIB,matching_capacity,resource_allocation_like,,SATISFIABLE,5,5,SATISFIABLE,SATISFIABLE,SATISFIABLE,SATISFIABLE,SATISFIABLE,False,False,True
flat200-89.cnf,SATLIB,matching_capacity,resource_allocation_like,,SATISFIABLE,5,5,SATISFIABLE,SATISFIABLE,SATISFIABLE,SATISFIABLE,SATISFIABLE,False,False,True
flat200-9.cnf,SATLIB,matching_capacity,resource_allocation_like,,SATISFIABLE,5,5,SATISFIABLE,SATISFIABLE,SATISFIABLE,SATISFIABLE,SATISFIABLE,False,False,True
flat200-90.cnf,SATLIB,matching_capacity,resource_allocation_like,,SATISFIABLE,5,5,SATISFIABLE,SATISFIABLE,SATISFIABLE,SATISFIABLE,SATISFIABLE,False,False,True
flat200-91.cnf,SATLIB,matching_capacity,resource_allocation_like,,SATISFIABLE,5,5,SATISFIABLE,SATISFIABLE,SATISFIABLE,SATISFIABLE,SATISFIABLE,False,False,True
flat200-92.cnf,SATLIB,matching_capacity,resource_allocation_like,,SATISFIABLE,5,5,SATISFIABLE,SATISFIABLE,SATISFIABLE,SATISFIABLE,SATISFIABLE,False,False,True
flat200-93.cnf,SATLIB,matching_capacity,resource_allocation_like,,SATISFIABLE,5,5,SATISFIABLE,SATISFIABLE,SATISFIABLE,SATISFIABLE,SATISFIABLE,False,False,True
flat200-97.cnf,SATLIB,matching_capacity,resource_allocation_like,,SATISFIABLE,5,5,SATISFIABLE,SATISFIABLE,SATISFIABLE,SATISFIABLE,SATISFIABLE,False,False,True
flat200-98.cnf,SATLIB,matching_capacity,resource_allocation_like,,SATISFIABLE,5,5,SATISFIABLE,SATISFIABLE,SATISFIABLE,SATISFIABLE,SATISFIABLE,False,False,True
flat200-99.cnf,SATLIB,matching_capacity,resource_allocation_like,,SATISFIABLE,5,5,SATISFIABLE,SATISFIABLE,SATISFIABLE,SATISFIABLE,SATISFIABLE,False,False,True
flat75-1.cnf,SATLIB,matching_capacity,resource_allocation_like,,SATISFIABLE,5,5,SATISFIABLE,SATISFIABLE,SATISFIABLE,SATISFIABLE,SATISFIABLE,False,False,True
flat75-10.cnf,SATLIB,matching_capacity,resource_allocation_like,,SATISFIABLE,5,5,SATISFIABLE,SATISFIABLE,SATISFIABLE,SATISFIABLE,SATISFIABLE,False,False,True
flat75-100.cnf,SATLIB,matching_capacity,resource_allocation_like,,SATISFIABLE,5,5,SATISFIABLE,SATISFIABLE,SATISFIABLE,SATISFIABLE,SATISFIABLE,False,False,True
flat75-11.cnf,SATLIB,matching_capacity,resource_allocation_like,,SATISFIABLE,5,5,SATISFIABLE,SATISFIABLE,SATISFIABLE,SATISFIABLE,SATISFIABLE,False,False,True
flat75-13.cnf,SATLIB,matching_capacity,resource_allocation_like,,SATISFIABLE,5,5,SATISFIABLE,SATISFIABLE,SATISFIABLE,SATISFIABLE,SATISFIABLE,False,False,True
flat75-15.cnf,SATLIB,matching_capacity,resource_allocation_like,,SATISFIABLE,5,5,SATISFIABLE,SATISFIABLE,SATISFIABLE,SATISFIABLE,SATISFIABLE,False,False,True
flat75-16.cnf,SATLIB,matching_capacity,resource_allocation_like,,SATISFIABLE,5,5,SATISFIABLE,SATISFIABLE,SATISFIABLE,SATISFIABLE,SATISFIABLE,False,False,True
flat75-17.cnf,SATLIB,matching_capacity,resource_allocation_like,,SATISFIABLE,5,5,SATISFIABLE,SATISFIABLE,SATISFIABLE,SATISFIABLE,SATISFIABLE,False,False,True
flat75-18.cnf,SATLIB,matching_capacity,resource_allocation_like,,SATISFIABLE,5,5,SATISFIABLE,SATISFIABLE,SATISFIABLE,SATISFIABLE,SATISFIABLE,False,False,True
flat75-19.cnf,SATLIB,matching_capacity,resource_allocation_like,,SATISFIABLE,5,5,SATISFIABLE,SATISFIABLE,SATISFIABLE,SATISFIABLE,SATISFIABLE,False,False,True
flat75-2.cnf,SATLIB,matching_capacity,resource_allocation_like,,SATISFIABLE,5,5,SATISFIABLE,SATISFIABLE,SATISFIABLE,SATISFIABLE,SATISFIABLE,False,False,True
flat75-20.cnf,SATLIB,matching_capacity,resource_allocation_like,,SATISFIABLE,5,5,SATISFIABLE,SATISFIABLE,SATISFIABLE,SATISFIABLE,SATISFIABLE,False,False,True
flat75-21.cnf,SATLIB,matching_capacity,resource_allocation_like,,SATISFIABLE,5,5,SATISFIABLE,SATISFIABLE,SATISFIABLE,SATISFIABLE,SATISFIABLE,False,False,True
flat75-22.cnf,SATLIB,matching_capacity,resource_allocation_like,,SATISFIABLE,5,5,SATISFIABLE,SATISFIABLE,SATISFIABLE,SATISFIABLE,SATISFIABLE,False,False,True
flat75-24.cnf,SATLIB,matching_capacity,resource_allocation_like,,SATISFIABLE,5,5,SATISFIABLE,SATISFIABLE,SATISFIABLE,SATISFIABLE,SATISFIABLE,False,False,True
flat75-25.cnf,SATLIB,matching_capacity,resource_allocation_like,,SATISFIABLE,5,5,SATISFIABLE,SATISFIABLE,SATISFIABLE,SATISFIABLE,SATISFIABLE,False,False,True
flat75-26.cnf,SATLIB,matching_capacity,resource_allocation_like,,SATISFIABLE,5,5,SATISFIABLE,SATISFIABLE,SATISFIABLE,SATISFIABLE,SATISFIABLE,False,False,True
flat75-27.cnf,SATLIB,matching_capacity,resource_allocation_like,,SATISFIABLE,5,5,SATISFIABLE,SATISFIABLE,SATISFIABLE,SATISFIABLE,SATISFIABLE,False,False,True
flat75-29.cnf,SATLIB,matching_capacity,resource_allocation_like,,SATISFIABLE,5,5,SATISFIABLE,SATISFIABLE,SATISFIABLE,SATISFIABLE,SATISFIABLE,False,False,True
flat75-3.cnf,SATLIB,matching_capacity,resource_allocation_like,,SATISFIABLE,5,5,SATISFIABLE,SATISFIABLE,SATISFIABLE,SATISFIABLE,SATISFIABLE,False,False,True
flat75-31.cnf,SATLIB,matching_capacity,resource_allocation_like,,SATISFIABLE,5,5,SATISFIABLE,SATISFIABLE,SATISFIABLE,SATISFIABLE,SATISFIABLE,False,False,True
flat75-32.cnf,SATLIB,matching_capacity,resource_allocation_like,,SATISFIABLE,5,5,SATISFIABLE,SATISFIABLE,SATISFIABLE,SATISFIABLE,SATISFIABLE,False,False,True
flat75-33.cnf,SATLIB,matching_capacity,resource_allocation_like,,SATISFIABLE,5,5,SATISFIABLE,SATISFIABLE,SATISFIABLE,SATISFIABLE,SATISFIABLE,False,False,True
flat75-34.cnf,SATLIB,matching_capacity,resource_allocation_like,,SATISFIABLE,5,5,SATISFIABLE,SATISFIABLE,SATISFIABLE,SATISFIABLE,SATISFIABLE,False,False,True
flat75-35.cnf,SATLIB,matching_capacity,resource_allocation_like,,SATISFIABLE,5,5,SATISFIABLE,SATISFIABLE,SATISFIABLE,SATISFIABLE,SATISFIABLE,False,False,True
flat75-36.cnf,SATLIB,matching_capacity,resource_allocation_like,,SATISFIABLE,5,5,SATISFIABLE,SATISFIABLE,SATISFIABLE,SATISFIABLE,SATISFIABLE,False,False,True
flat75-37.cnf,SATLIB,matching_capacity,resource_allocation_like,,SATISFIABLE,5,5,SATISFIABLE,SATISFIABLE,SATISFIABLE,SATISFIABLE,SATISFIABLE,False,False,True
flat75-38.cnf,SATLIB,matching_capacity,resource_allocation_like,,SATISFIABLE,5,5,SATISFIABLE,SATISFIABLE,SATISFIABLE,SATISFIABLE,SATISFIABLE,False,False,True
flat75-39.cnf,SATLIB,matching_capacity,resource_allocation_like,,SATISFIABLE,5,5,SATISFIABLE,SATISFIABLE,SATISFIABLE,SATISFIABLE,SATISFIABLE,False,False,True
flat75-4.cnf,SATLIB,matching_capacity,resource_allocation_like,,SATISFIABLE,5,5,SATISFIABLE,SATISFIABLE,SATISFIABLE,SATISFIABLE,SATISFIABLE,False,False,True
flat75-40.cnf,SATLIB,matching_capacity,resource_allocation_like,,SATISFIABLE,5,5,SATISFIABLE,SATISFIABLE,SATISFIABLE,SATISFIABLE,SATISFIABLE,False,False,True
flat75-42.cnf,SATLIB,matching_capacity,resource_allocation_like,,SATISFIABLE,5,5,SATISFIABLE,SATISFIABLE,SATISFIABLE,SATISFIABLE,SATISFIABLE,False,False,True
flat75-44.cnf,SATLIB,matching_capacity,resource_allocation_like,,SATISFIABLE,5,5,SATISFIABLE,SATISFIABLE,SATISFIABLE,SATISFIABLE,SATISFIABLE,False,False,True
flat75-45.cnf,SATLIB,matching_capacity,resource_allocation_like,,SATISFIABLE,5,5,SATISFIABLE,SATISFIABLE,SATISFIABLE,SATISFIABLE,SATISFIABLE,False,False,True
flat75-46.cnf,SATLIB,matching_capacity,resource_allocation_like,,SATISFIABLE,5,5,SATISFIABLE,SATISFIABLE,SATISFIABLE,SATISFIABLE,SATISFIABLE,False,False,True
flat75-48.cnf,SATLIB,matching_capacity,resource_allocation_like,,SATISFIABLE,5,5,SATISFIABLE,SATISFIABLE,SATISFIABLE,SATISFIABLE,SATISFIABLE,False,False,True
flat75-49.cnf,SATLIB,matching_capacity,resource_allocation_like,,SATISFIABLE,5,5,SATISFIABLE,SATISFIABLE,SATISFIABLE,SATISFIABLE,SATISFIABLE,False,False,True
flat75-5.cnf,SATLIB,matching_capacity,resource_allocation_like,,SATISFIABLE,5,5,SATISFIABLE,SATISFIABLE,SATISFIABLE,SATISFIABLE,SATISFIABLE,False,False,True
flat75-50.cnf,SATLIB,matching_capacity,resource_allocation_like,,SATISFIABLE,5,5,SATISFIABLE,SATISFIABLE,SATISFIABLE,SATISFIABLE,SATISFIABLE,False,False,True
flat75-51.cnf,SATLIB,matching_capacity,resource_allocation_like,,SATISFIABLE,5,5,SATISFIABLE,SATISFIABLE,SATISFIABLE,SATISFIABLE,SATISFIABLE,False,False,True
flat75-52.cnf,SATLIB,matching_capacity,resource_allocation_like,,SATISFIABLE,5,5,SATISFIABLE,SATISFIABLE,SATISFIABLE,SATISFIABLE,SATISFIABLE,False,False,True
flat75-54.cnf,SATLIB,matching_capacity,resource_allocation_like,,SATISFIABLE,5,5,SATISFIABLE,SATISFIABLE,SATISFIABLE,SATISFIABLE,SATISFIABLE,False,False,True
flat75-56.cnf,SATLIB,matching_capacity,resource_allocation_like,,SATISFIABLE,5,5,SATISFIABLE,SATISFIABLE,SATISFIABLE,SATISFIABLE,SATISFIABLE,False,False,True
flat75-57.cnf,SATLIB,matching_capacity,resource_allocation_like,,SATISFIABLE,5,5,SATISFIABLE,SATISFIABLE,SATISFIABLE,SATISFIABLE,SATISFIABLE,False,False,True
flat75-58.cnf,SATLIB,matching_capacity,resource_allocation_like,,SATISFIABLE,5,5,SATISFIABLE,SATISFIABLE,SATISFIABLE,SATISFIABLE,SATISFIABLE,False,False,True
flat75-59.cnf,SATLIB,matching_capacity,resource_allocation_like,,SATISFIABLE,5,5,SATISFIABLE,SATISFIABLE,SATISFIABLE,SATISFIABLE,SATISFIABLE,False,False,True
flat75-6.cnf,SATLIB,matching_capacity,resource_allocation_like,,SATISFIABLE,5,5,SATISFIABLE,SATISFIABLE,SATISFIABLE,SATISFIABLE,SATISFIABLE,False,False,True
flat75-60.cnf,SATLIB,matching_capacity,resource_allocation_like,,SATISFIABLE,5,5,SATISFIABLE,SATISFIABLE,SATISFIABLE,SATISFIABLE,SATISFIABLE,False,False,True
flat75-62.cnf,SATLIB,matching_capacity,resource_allocation_like,,SATISFIABLE,5,5,SATISFIABLE,SATISFIABLE,SATISFIABLE,SATISFIABLE,SATISFIABLE,False,False,True
flat75-63.cnf,SATLIB,matching_capacity,resource_allocation_like,,SATISFIABLE,5,5,SATISFIABLE,SATISFIABLE,SATISFIABLE,SATISFIABLE,SATISFIABLE,False,False,True
flat75-64.cnf,SATLIB,matching_capacity,resource_allocation_like,,SATISFIABLE,5,5,SATISFIABLE,SATISFIABLE,SATISFIABLE,SATISFIABLE,SATISFIABLE,False,False,True
flat75-65.cnf,SATLIB,matching_capacity,resource_allocation_like,,SATISFIABLE,5,5,SATISFIABLE,SATISFIABLE,SATISFIABLE,SATISFIABLE,SATISFIABLE,False,False,True
flat75-66.cnf,SATLIB,matching_capacity,resource_allocation_like,,SATISFIABLE,5,5,SATISFIABLE,SATISFIABLE,SATISFIABLE,SATISFIABLE,SATISFIABLE,False,False,True
flat75-67.cnf,SATLIB,matching_capacity,resource_allocation_like,,SATISFIABLE,5,5,SATISFIABLE,SATISFIABLE,SATISFIABLE,SATISFIABLE,SATISFIABLE,False,False,True
flat75-68.cnf,SATLIB,matching_capacity,resource_allocation_like,,SATISFIABLE,5,5,SATISFIABLE,SATISFIABLE,SATISFIABLE,SATISFIABLE,SATISFIABLE,False,False,True
flat75-69.cnf,SATLIB,matching_capacity,resource_allocation_like,,SATISFIABLE,5,5,SATISFIABLE,SATISFIABLE,SATISFIABLE,SATISFIABLE,SATISFIABLE,False,False,True
flat75-7.cnf,SATLIB,matching_capacity,resource_allocation_like,,SATISFIABLE,5,5,SATISFIABLE,SATISFIABLE,SATISFIABLE,SATISFIABLE,SATISFIABLE,False,False,True
flat75-71.cnf,SATLIB,matching_capacity,resource_allocation_like,,SATISFIABLE,5,5,SATISFIABLE,SATISFIABLE,SATISFIABLE,SATISFIABLE,SATISFIABLE,False,False,True
flat75-72.cnf,SATLIB,matching_capacity,resource_allocation_like,,SATISFIABLE,5,5,SATISFIABLE,SATISFIABLE,SATISFIABLE,SATISFIABLE,SATISFIABLE,False,False,True
flat75-74.cnf,SATLIB,matching_capacity,resource_allocation_like,,SATISFIABLE,5,5,SATISFIABLE,SATISFIABLE,SATISFIABLE,SATISFIABLE,SATISFIABLE,False,False,True
flat75-75.cnf,SATLIB,matching_capacity,resource_allocation_like,,SATISFIABLE,5,5,SATISFIABLE,SATISFIABLE,SATISFIABLE,SATISFIABLE,SATISFIABLE,False,False,True
flat75-76.cnf,SATLIB,matching_capacity,resource_allocation_like,,SATISFIABLE,5,5,SATISFIABLE,SATISFIABLE,SATISFIABLE,SATISFIABLE,SATISFIABLE,False,False,True
flat75-77.cnf,SATLIB,matching_capacity,resource_allocation_like,,SATISFIABLE,5,5,SATISFIABLE,SATISFIABLE,SATISFIABLE,SATISFIABLE,SATISFIABLE,False,False,True
flat75-78.cnf,SATLIB,matching_capacity,resource_allocation_like,,SATISFIABLE,5,5,SATISFIABLE,SATISFIABLE,SATISFIABLE,SATISFIABLE,SATISFIABLE,False,False,True
flat75-79.cnf,SATLIB,matching_capacity,resource_allocation_like,,SATISFIABLE,5,5,SATISFIABLE,SATISFIABLE,SATISFIABLE,SATISFIABLE,SATISFIABLE,False,False,True
flat75-8.cnf,SATLIB,matching_capacity,resource_allocation_like,,SATISFIABLE,5,5,SATISFIABLE,SATISFIABLE,SATISFIABLE,SATISFIABLE,SATISFIABLE,False,False,True
flat75-80.cnf,SATLIB,matching_capacity,resource_allocation_like,,SATISFIABLE,5,5,SATISFIABLE,SATISFIABLE,SATISFIABLE,SATISFIABLE,SATISFIABLE,False,False,True
flat75-81.cnf,SATLIB,matching_capacity,resource_allocation_like,,SATISFIABLE,5,5,SATISFIABLE,SATISFIABLE,SATISFIABLE,SATISFIABLE,SATISFIABLE,False,False,True
flat75-82.cnf,SATLIB,matching_capacity,resource_allocation_like,,SATISFIABLE,5,5,SATISFIABLE,SATISFIABLE,SATISFIABLE,SATISFIABLE,SATISFIABLE,False,False,True
flat75-83.cnf,SATLIB,matching_capacity,resource_allocation_like,,SATISFIABLE,5,5,SATISFIABLE,SATISFIABLE,SATISFIABLE,SATISFIABLE,SATISFIABLE,False,False,True
flat75-84.cnf,SATLIB,matching_capacity,resource_allocation_like,,SATISFIABLE,5,5,SATISFIABLE,SATISFIABLE,SATISFIABLE,SATISFIABLE,SATISFIABLE,False,False,True
flat75-85.cnf,SATLIB,matching_capacity,resource_allocation_like,,SATISFIABLE,5,5,SATISFIABLE,SATISFIABLE,SATISFIABLE,SATISFIABLE,SATISFIABLE,False,False,True
flat75-86.cnf,SATLIB,matching_capacity,resource_allocation_like,,SATISFIABLE,5,5,SATISFIABLE,SATISFIABLE,SATISFIABLE,SATISFIABLE,SATISFIABLE,False,False,True
flat75-87.cnf,SATLIB,matching_capacity,resource_allocation_like,,SATISFIABLE,5,5,SATISFIABLE,SATISFIABLE,SATISFIABLE,SATISFIABLE,SATISFIABLE,False,False,True
flat75-89.cnf,SATLIB,matching_capacity,resource_allocation_like,,SATISFIABLE,5,5,SATISFIABLE,SATISFIABLE,SATISFIABLE,SATISFIABLE,SATISFIABLE,False,False,True
flat75-9.cnf,SATLIB,matching_capacity,resource_allocation_like,,SATISFIABLE,5,5,SATISFIABLE,SATISFIABLE,SATISFIABLE,SATISFIABLE,SATISFIABLE,False,False,True
flat75-90.cnf,SATLIB,matching_capacity,resource_allocation_like,,SATISFIABLE,5,5,SATISFIABLE,SATISFIABLE,SATISFIABLE,SATISFIABLE,SATISFIABLE,False,False,True
flat75-91.cnf,SATLIB,matching_capacity,resource_allocation_like,,SATISFIABLE,5,5,SATISFIABLE,SATISFIABLE,SATISFIABLE,SATISFIABLE,SATISFIABLE,False,False,True
flat75-92.cnf,SATLIB,matching_capacity,resource_allocation_like,,SATISFIABLE,5,5,SATISFIABLE,SATISFIABLE,SATISFIABLE,SATISFIABLE,SATISFIABLE,False,False,True
flat75-94.cnf,SATLIB,matching_capacity,resource_allocation_like,,SATISFIABLE,5,5,SATISFIABLE,SATISFIABLE,SATISFIABLE,SATISFIABLE,SATISFIABLE,False,False,True
flat75-96.cnf,SATLIB,matching_capacity,resource_allocation_like,,SATISFIABLE,5,5,SATISFIABLE,SATISFIABLE,SATISFIABLE,SATISFIABLE,SATISFIABLE,False,False,True
flat75-97.cnf,SATLIB,matching_capacity,resource_allocation_like,,SATISFIABLE,5,5,SATISFIABLE,SATISFIABLE,SATISFIABLE,SATISFIABLE,SATISFIABLE,False,False,True
flat75-98.cnf,SATLIB,matching_capacity,resource_allocation_like,,SATISFIABLE,5,5,SATISFIABLE,SATISFIABLE,SATISFIABLE,SATISFIABLE,SATISFIABLE,False,False,True
flat75-99.cnf,SATLIB,matching_capacity,resource_allocation_like,,SATISFIABLE,5,5,SATISFIABLE,SATISFIABLE,SATISFIABLE,SATISFIABLE,SATISFIABLE,False,False,True
frb45-21-2.used-as.sat04-884.cnf,SATComp2024,competition_main,no_useful_detected_structure,,none,0,5,TIMEOUT,TIMEOUT,TIMEOUT,TIMEOUT,TIMEOUT,False,False,True
frb65-12-2.used-as.sat04-874.cnf,SATComp2024,competition_main,resource_allocation_like,,SATISFIABLE,2,5,SATISFIABLE,TIMEOUT,SATISFIABLE,TIMEOUT,TIMEOUT,False,False,True
g125.17.cnf,SATLIB,matching_capacity,no_useful_detected_structure,,none,0,5,TIMEOUT,TIMEOUT,TIMEOUT,TIMEOUT,TIMEOUT,False,False,True
g125.18.cnf,SATLIB,matching_capacity,no_useful_detected_structure,,none,0,5,TIMEOUT,TIMEOUT,TIMEOUT,TIMEOUT,TIMEOUT,False,False,True
g2-ak128boothbg2msaig.cnf,SATComp2024,competition_main,no_useful_detected_structure,,SATISFIABLE,5,5,SATISFIABLE,SATISFIABLE,SATISFIABLE,SATISFIABLE,SATISFIABLE,False,False,True
g2-hwmcc15deep-bob12s02-k16.cnf,SATComp2024,competition_main,no_useful_detected_structure,,none,0,5,TIMEOUT,TIMEOUT,TIMEOUT,TIMEOUT,TIMEOUT,False,False,True
g250.15.cnf,SATLIB,matching_capacity,no_useful_detected_structure,,SATISFIABLE,2,5,SATISFIABLE,TIMEOUT,SATISFIABLE,TIMEOUT,TIMEOUT,False,False,True
g250.29.cnf,SATLIB,matching_capacity,no_useful_detected_structure,,none,0,5,TIMEOUT,TIMEOUT,TIMEOUT,TIMEOUT,TIMEOUT,False,False,True
grs-64-128.cnf,SATComp2024,competition_main,no_useful_detected_structure,,none,0,5,TIMEOUT,TIMEOUT,TIMEOUT,TIMEOUT,TIMEOUT,False,False,True
grs-64-64.cnf,SATComp2024,competition_main,no_useful_detected_structure,,none,0,5,TIMEOUT,TIMEOUT,TIMEOUT,TIMEOUT,TIMEOUT,False,False,True
hanoi4.cnf,SATLIB,planning_scheduling,structural_not_closed_by_flow,,SATISFIABLE,5,5,SATISFIABLE,SATISFIABLE,SATISFIABLE,SATISFIABLE,SATISFIABLE,False,False,True
hanoi5.cnf,SATLIB,planning_scheduling,structural_not_closed_by_flow,,SATISFIABLE,5,5,SATISFIABLE,SATISFIABLE,SATISFIABLE,SATISFIABLE,SATISFIABLE,False,False,True
hole7.cnf,SATLIB,matching_capacity,lkk_direct_structural_unsat,UNSATISFIABLE,UNSATISFIABLE,5,5,UNSATISFIABLE,UNSATISFIABLE,UNSATISFIABLE,UNSATISFIABLE,UNSATISFIABLE,False,False,True
hole8.cnf,SATLIB,matching_capacity,lkk_direct_structural_unsat,UNSATISFIABLE,UNSATISFIABLE,5,5,UNSATISFIABLE,UNSATISFIABLE,UNSATISFIABLE,UNSATISFIABLE,UNSATISFIABLE,False,False,True
hole9.cnf,SATLIB,matching_capacity,lkk_direct_structural_unsat,UNSATISFIABLE,UNSATISFIABLE,5,5,UNSATISFIABLE,UNSATISFIABLE,UNSATISFIABLE,UNSATISFIABLE,UNSATISFIABLE,False,False,True
hwb-n24-02-S786928571.shuffled-as.sat03-1618.cnf,SATComp2024,competition_main,resource_allocation_like,,none,0,5,TIMEOUT,TIMEOUT,TIMEOUT,TIMEOUT,TIMEOUT,False,False,True
hwmcc12miters-xits-iso-6s111.sanitized.cnf,SATComp2024,competition_main,no_useful_detected_structure,,UNSATISFIABLE,3,5,TIMEOUT,UNSATISFIABLE,TIMEOUT,UNSATISFIABLE,UNSATISFIABLE,False,False,True
hwmcc17miters-xits-iso-bobsmfpu.sanitized.cnf,SATComp2024,competition_main,no_useful_detected_structure,,UNSATISFIABLE,5,5,UNSATISFIABLE,UNSATISFIABLE,UNSATISFIABLE,UNSATISFIABLE,UNSATISFIABLE,False,False,True
hwmcc17miters-xits-iso-oski15a08b08s.sanitized.cnf,SATComp2024,competition_main,no_useful_detected_structure,,UNSATISFIABLE,3,5,TIMEOUT,UNSATISFIABLE,TIMEOUT,UNSATISFIABLE,UNSATISFIABLE,False,False,True
hwmcc20miters-iso-mul2.sanitized.cnf,SATComp2024,competition_main,no_useful_detected_structure,,UNSATISFIABLE,5,5,UNSATISFIABLE,UNSATISFIABLE,UNSATISFIABLE,UNSATISFIABLE,UNSATISFIABLE,False,False,True
hwmcc20miters-iso-mul3.sanitized.cnf,SATComp2024,competition_main,no_useful_detected_structure,,UNSATISFIABLE,3,5,TIMEOUT,UNSATISFIABLE,TIMEOUT,UNSATISFIABLE,UNSATISFIABLE,False,False,True
hwmcc20miters-iso-mul7.sanitized.cnf,SATComp2024,competition_main,no_useful_detected_structure,,UNSATISFIABLE,3,5,TIMEOUT,UNSATISFIABLE,TIMEOUT,UNSATISFIABLE,UNSATISFIABLE,False,False,True
hwmcc20miters-iso-rast-p06.sanitized.cnf,SATComp2024,competition_main,no_useful_detected_structure,,UNSATISFIABLE,5,5,UNSATISFIABLE,UNSATISFIABLE,UNSATISFIABLE,UNSATISFIABLE,UNSATISFIABLE,False,False,True
j3037_10_rggt_b.cnf,SATComp2024,competition_main,no_useful_detected_structure,,SATISFIABLE,3,5,SATISFIABLE,TIMEOUT,SATISFIABLE,TIMEOUT,SATISFIABLE,False,False,True
j3037_1_mdd_b.cnf,SATComp2024,competition_main,no_useful_detected_structure,,SATISFIABLE,1,5,TIMEOUT,TIMEOUT,TIMEOUT,SATISFIABLE,TIMEOUT,False,False,True
j3037_9_mdd_bm1.cnf,SATComp2024,competition_main,no_useful_detected_structure,,none,0,5,TIMEOUT,TIMEOUT,TIMEOUT,TIMEOUT,TIMEOUT,False,False,True
j3037_9_rggt_b.cnf,SATComp2024,competition_main,no_useful_detected_structure,,none,0,5,TIMEOUT,TIMEOUT,TIMEOUT,TIMEOUT,TIMEOUT,False,False,True
j3045_10_gmto_b.cnf,SATComp2024,competition_main,cardinality_exact_r_heavy,,none,0,5,TIMEOUT,TIMEOUT,TIMEOUT,TIMEOUT,TIMEOUT,False,False,True
j3045_10_rggt_b.cnf,SATComp2024,competition_main,no_useful_detected_structure,,SATISFIABLE,3,5,TIMEOUT,SATISFIABLE,SATISFIABLE,TIMEOUT,SATISFIABLE,False,False,True
j3045_4_gmto_b.cnf,SATComp2024,competition_main,cardinality_exact_r_heavy,,none,0,5,TIMEOUT,TIMEOUT,TIMEOUT,TIMEOUT,TIMEOUT,False,False,True
j3045_4_mdd_bm1.cnf,SATComp2024,competition_main,no_useful_detected_structure,,none,0,5,TIMEOUT,TIMEOUT,TIMEOUT,TIMEOUT,TIMEOUT,False,False,True
jgiraldezlevy.2200.9086.08.40.41.cnf,SATComp2024,competition_main,resource_allocation_like,,SATISFIABLE,2,5,TIMEOUT,TIMEOUT,TIMEOUT,SATISFIABLE,SATISFIABLE,False,False,True
jnh1.cnf,SATLIB,crafted_structured,resource_allocation_like,,SATISFIABLE,5,5,SATISFIABLE,SATISFIABLE,SATISFIABLE,SATISFIABLE,SATISFIABLE,False,False,True
jnh10.cnf,SATLIB,crafted_structured,resource_allocation_like,,UNSATISFIABLE,5,5,UNSATISFIABLE,UNSATISFIABLE,UNSATISFIABLE,UNSATISFIABLE,UNSATISFIABLE,False,False,True
jnh11.cnf,SATLIB,crafted_structured,resource_allocation_like,,UNSATISFIABLE,5,5,UNSATISFIABLE,UNSATISFIABLE,UNSATISFIABLE,UNSATISFIABLE,UNSATISFIABLE,False,False,True
jnh13.cnf,SATLIB,crafted_structured,resource_allocation_like,,UNSATISFIABLE,5,5,UNSATISFIABLE,UNSATISFIABLE,UNSATISFIABLE,UNSATISFIABLE,UNSATISFIABLE,False,False,True
jnh14.cnf,SATLIB,crafted_structured,resource_allocation_like,,UNSATISFIABLE,5,5,UNSATISFIABLE,UNSATISFIABLE,UNSATISFIABLE,UNSATISFIABLE,UNSATISFIABLE,False,False,True
jnh15.cnf,SATLIB,crafted_structured,resource_allocation_like,,UNSATISFIABLE,5,5,UNSATISFIABLE,UNSATISFIABLE,UNSATISFIABLE,UNSATISFIABLE,UNSATISFIABLE,False,False,True
jnh16.cnf,SATLIB,crafted_structured,resource_allocation_like,,UNSATISFIABLE,5,5,UNSATISFIABLE,UNSATISFIABLE,UNSATISFIABLE,UNSATISFIABLE,UNSATISFIABLE,False,False,True
jnh17.cnf,SATLIB,crafted_structured,resource_allocation_like,,SATISFIABLE,5,5,SATISFIABLE,SATISFIABLE,SATISFIABLE,SATISFIABLE,SATISFIABLE,False,False,True
jnh18.cnf,SATLIB,crafted_structured,resource_allocation_like,,UNSATISFIABLE,5,5,UNSATISFIABLE,UNSATISFIABLE,UNSATISFIABLE,UNSATISFIABLE,UNSATISFIABLE,False,False,True
jnh19.cnf,SATLIB,crafted_structured,resource_allocation_like,,UNSATISFIABLE,5,5,UNSATISFIABLE,UNSATISFIABLE,UNSATISFIABLE,UNSATISFIABLE,UNSATISFIABLE,False,False,True
jnh2.cnf,SATLIB,crafted_structured,resource_allocation_like,,UNSATISFIABLE,5,5,UNSATISFIABLE,UNSATISFIABLE,UNSATISFIABLE,UNSATISFIABLE,UNSATISFIABLE,False,False,True
jnh20.cnf,SATLIB,crafted_structured,resource_allocation_like,,UNSATISFIABLE,5,5,UNSATISFIABLE,UNSATISFIABLE,UNSATISFIABLE,UNSATISFIABLE,UNSATISFIABLE,False,False,True
jnh201.cnf,SATLIB,crafted_structured,resource_allocation_like,,SATISFIABLE,5,5,SATISFIABLE,SATISFIABLE,SATISFIABLE,SATISFIABLE,SATISFIABLE,False,False,True
jnh202.cnf,SATLIB,crafted_structured,resource_allocation_like,,UNSATISFIABLE,5,5,UNSATISFIABLE,UNSATISFIABLE,UNSATISFIABLE,UNSATISFIABLE,UNSATISFIABLE,False,False,True
jnh204.cnf,SATLIB,crafted_structured,resource_allocation_like,,SATISFIABLE,5,5,SATISFIABLE,SATISFIABLE,SATISFIABLE,SATISFIABLE,SATISFIABLE,False,False,True
jnh205.cnf,SATLIB,crafted_structured,resource_allocation_like,,SATISFIABLE,5,5,SATISFIABLE,SATISFIABLE,SATISFIABLE,SATISFIABLE,SATISFIABLE,False,False,True
jnh206.cnf,SATLIB,crafted_structured,resource_allocation_like,,UNSATISFIABLE,5,5,UNSATISFIABLE,UNSATISFIABLE,UNSATISFIABLE,UNSATISFIABLE,UNSATISFIABLE,False,False,True
jnh207.cnf,SATLIB,crafted_structured,resource_allocation_like,,SATISFIABLE,5,5,SATISFIABLE,SATISFIABLE,SATISFIABLE,SATISFIABLE,SATISFIABLE,False,False,True
jnh208.cnf,SATLIB,crafted_structured,resource_allocation_like,,UNSATISFIABLE,5,5,UNSATISFIABLE,UNSATISFIABLE,UNSATISFIABLE,UNSATISFIABLE,UNSATISFIABLE,False,False,True
jnh209.cnf,SATLIB,crafted_structured,resource_allocation_like,,SATISFIABLE,5,5,SATISFIABLE,SATISFIABLE,SATISFIABLE,SATISFIABLE,SATISFIABLE,False,False,True
jnh210.cnf,SATLIB,crafted_structured,resource_allocation_like,,SATISFIABLE,5,5,SATISFIABLE,SATISFIABLE,SATISFIABLE,SATISFIABLE,SATISFIABLE,False,False,True
jnh211.cnf,SATLIB,crafted_structured,resource_allocation_like,,UNSATISFIABLE,5,5,UNSATISFIABLE,UNSATISFIABLE,UNSATISFIABLE,UNSATISFIABLE,UNSATISFIABLE,False,False,True
jnh213.cnf,SATLIB,crafted_structured,resource_allocation_like,,SATISFIABLE,5,5,SATISFIABLE,SATISFIABLE,SATISFIABLE,SATISFIABLE,SATISFIABLE,False,False,True
jnh215.cnf,SATLIB,crafted_structured,resource_allocation_like,,UNSATISFIABLE,5,5,UNSATISFIABLE,UNSATISFIABLE,UNSATISFIABLE,UNSATISFIABLE,UNSATISFIABLE,False,False,True
jnh216.cnf,SATLIB,crafted_structured,resource_allocation_like,,UNSATISFIABLE,5,5,UNSATISFIABLE,UNSATISFIABLE,UNSATISFIABLE,UNSATISFIABLE,UNSATISFIABLE,False,False,True
jnh218.cnf,SATLIB,crafted_structured,resource_allocation_like,,SATISFIABLE,5,5,SATISFIABLE,SATISFIABLE,SATISFIABLE,SATISFIABLE,SATISFIABLE,False,False,True
jnh219.cnf,SATLIB,crafted_structured,resource_allocation_like,,UNSATISFIABLE,5,5,UNSATISFIABLE,UNSATISFIABLE,UNSATISFIABLE,UNSATISFIABLE,UNSATISFIABLE,False,False,True
jnh220.cnf,SATLIB,crafted_structured,resource_allocation_like,,SATISFIABLE,5,5,SATISFIABLE,SATISFIABLE,SATISFIABLE,SATISFIABLE,SATISFIABLE,False,False,True
jnh3.cnf,SATLIB,crafted_structured,resource_allocation_like,,UNSATISFIABLE,5,5,UNSATISFIABLE,UNSATISFIABLE,UNSATISFIABLE,UNSATISFIABLE,UNSATISFIABLE,False,False,True
jnh302.cnf,SATLIB,crafted_structured,resource_allocation_like,,UNSATISFIABLE,5,5,UNSATISFIABLE,UNSATISFIABLE,UNSATISFIABLE,UNSATISFIABLE,UNSATISFIABLE,False,False,True
jnh303.cnf,SATLIB,crafted_structured,resource_allocation_like,,UNSATISFIABLE,5,5,UNSATISFIABLE,UNSATISFIABLE,UNSATISFIABLE,UNSATISFIABLE,UNSATISFIABLE,False,False,True
jnh304.cnf,SATLIB,crafted_structured,resource_allocation_like,,UNSATISFIABLE,5,5,UNSATISFIABLE,UNSATISFIABLE,UNSATISFIABLE,UNSATISFIABLE,UNSATISFIABLE,False,False,True
jnh305.cnf,SATLIB,crafted_structured,resource_allocation_like,,UNSATISFIABLE,5,5,UNSATISFIABLE,UNSATISFIABLE,UNSATISFIABLE,UNSATISFIABLE,UNSATISFIABLE,False,False,True
jnh306.cnf,SATLIB,crafted_structured,resource_allocation_like,,UNSATISFIABLE,5,5,UNSATISFIABLE,UNSATISFIABLE,UNSATISFIABLE,UNSATISFIABLE,UNSATISFIABLE,False,False,True
jnh308.cnf,SATLIB,crafted_structured,resource_allocation_like,,UNSATISFIABLE,5,5,UNSATISFIABLE,UNSATISFIABLE,UNSATISFIABLE,UNSATISFIABLE,UNSATISFIABLE,False,False,True
jnh309.cnf,SATLIB,crafted_structured,resource_allocation_like,,UNSATISFIABLE,5,5,UNSATISFIABLE,UNSATISFIABLE,UNSATISFIABLE,UNSATISFIABLE,UNSATISFIABLE,False,False,True
jnh4.cnf,SATLIB,crafted_structured,resource_allocation_like,,UNSATISFIABLE,5,5,UNSATISFIABLE,UNSATISFIABLE,UNSATISFIABLE,UNSATISFIABLE,UNSATISFIABLE,False,False,True
jnh5.cnf,SATLIB,crafted_structured,resource_allocation_like,,UNSATISFIABLE,5,5,UNSATISFIABLE,UNSATISFIABLE,UNSATISFIABLE,UNSATISFIABLE,UNSATISFIABLE,False,False,True
jnh7.cnf,SATLIB,crafted_structured,resource_allocation_like,,SATISFIABLE,5,5,SATISFIABLE,SATISFIABLE,SATISFIABLE,SATISFIABLE,SATISFIABLE,False,False,True
jnh8.cnf,SATLIB,crafted_structured,resource_allocation_like,,UNSATISFIABLE,5,5,UNSATISFIABLE,UNSATISFIABLE,UNSATISFIABLE,UNSATISFIABLE,UNSATISFIABLE,False,False,True
jnh9.cnf,SATLIB,crafted_structured,resource_allocation_like,,UNSATISFIABLE,5,5,UNSATISFIABLE,UNSATISFIABLE,UNSATISFIABLE,UNSATISFIABLE,UNSATISFIABLE,False,False,True
lec_mult_CvD_11x11.sanitized.cnf,SATComp2024,competition_main,resource_allocation_like,,none,0,5,TIMEOUT,TIMEOUT,TIMEOUT,TIMEOUT,TIMEOUT,False,False,True
lec_mult_CvK_12x11.sanitized.cnf,SATComp2024,competition_main,resource_allocation_like,,none,0,5,TIMEOUT,TIMEOUT,TIMEOUT,TIMEOUT,TIMEOUT,False,False,True
lec_mult_CvK_12x12.sanitized.cnf,SATComp2024,competition_main,resource_allocation_like,,none,0,5,TIMEOUT,TIMEOUT,TIMEOUT,TIMEOUT,TIMEOUT,False,False,True
lec_mult_DvK_11x10.sanitized.cnf,SATComp2024,competition_main,resource_allocation_like,,none,0,5,TIMEOUT,TIMEOUT,TIMEOUT,TIMEOUT,TIMEOUT,False,False,True
lec_mult_DvW_11x10.sanitized.cnf,SATComp2024,competition_main,resource_allocation_like,,none,0,5,TIMEOUT,TIMEOUT,TIMEOUT,TIMEOUT,TIMEOUT,False,False,True
lec_mult_DvW_12x11.sanitized.cnf,SATComp2024,competition_main,resource_allocation_like,,none,0,5,TIMEOUT,TIMEOUT,TIMEOUT,TIMEOUT,TIMEOUT,False,False,True
lec_mult_DvW_12x12.sanitized.cnf,SATComp2024,competition_main,resource_allocation_like,,none,0,5,TIMEOUT,TIMEOUT,TIMEOUT,TIMEOUT,TIMEOUT,False,False,True
lec_mult_KvW_10x10.sanitized.cnf,SATComp2024,competition_main,resource_allocation_like,,none,0,5,TIMEOUT,TIMEOUT,TIMEOUT,TIMEOUT,TIMEOUT,False,False,True
lec_mult_KvW_11x10.sanitized.cnf,SATComp2024,competition_main,resource_allocation_like,,none,0,5,TIMEOUT,TIMEOUT,TIMEOUT,TIMEOUT,TIMEOUT,False,False,True
lec_mult_KvW_12x11.sanitized.cnf,SATComp2024,competition_main,resource_allocation_like,,none,0,5,TIMEOUT,TIMEOUT,TIMEOUT,TIMEOUT,TIMEOUT,False,False,True
logistics.b.cnf,SATLIB,planning_scheduling,cardinality_exact_r_heavy,,SATISFIABLE,5,5,SATISFIABLE,SATISFIABLE,SATISFIABLE,SATISFIABLE,SATISFIABLE,False,False,True
logistics.c.cnf,SATLIB,planning_scheduling,cardinality_exact_r_heavy,,SATISFIABLE,5,5,SATISFIABLE,SATISFIABLE,SATISFIABLE,SATISFIABLE,SATISFIABLE,False,False,True
logistics.d.cnf,SATLIB,planning_scheduling,cardinality_exact_r_heavy,,SATISFIABLE,5,5,SATISFIABLE,SATISFIABLE,SATISFIABLE,SATISFIABLE,SATISFIABLE,False,False,True
manol-pipe-g10bid_i.cnf,SATComp2024,competition_main,no_useful_detected_structure,,none,0,5,TIMEOUT,TIMEOUT,TIMEOUT,TIMEOUT,TIMEOUT,False,False,True
marg5x5.shuffled-as.sat03-1455.cnf,SATComp2024,competition_main,cardinality_exact_r_heavy,,none,0,5,TIMEOUT,TIMEOUT,TIMEOUT,TIMEOUT,TIMEOUT,False,False,True
mchess_15.cnf,SATComp2024,competition_main,structural_not_closed_by_flow,,UNSATISFIABLE,1,5,TIMEOUT,TIMEOUT,TIMEOUT,UNSATISFIABLE,TIMEOUT,False,False,True
mchess_16.cnf,SATComp2024,competition_main,structural_not_closed_by_flow,,none,0,5,TIMEOUT,TIMEOUT,TIMEOUT,TIMEOUT,TIMEOUT,False,False,True
md5_48_1.cnf,SATComp2024,competition_main,no_useful_detected_structure,,SATISFIABLE,5,5,SATISFIABLE,SATISFIABLE,SATISFIABLE,SATISFIABLE,SATISFIABLE,False,False,True
mdp-28-10-unsat.cnf,SATComp2024,competition_main,cardinality_exact_r_heavy,,none,0,5,TIMEOUT,TIMEOUT,TIMEOUT,TIMEOUT,TIMEOUT,False,False,True
mdp-28-14-sat.cnf,SATComp2024,competition_main,cardinality_exact_r_heavy,,none,0,5,TIMEOUT,TIMEOUT,TIMEOUT,TIMEOUT,TIMEOUT,False,False,True
mdp-28-14-unsat.cnf,SATComp2024,competition_main,cardinality_exact_r_heavy,,none,0,5,TIMEOUT,TIMEOUT,TIMEOUT,TIMEOUT,TIMEOUT,False,False,True
mdp-28-16-unsat.cnf,SATComp2024,competition_main,cardinality_exact_r_heavy,,none,0,5,TIMEOUT,TIMEOUT,TIMEOUT,TIMEOUT,TIMEOUT,False,False,True
mdp-32-10-sat.cnf,SATComp2024,competition_main,cardinality_exact_r_heavy,,none,0,5,TIMEOUT,TIMEOUT,TIMEOUT,TIMEOUT,TIMEOUT,False,False,True
mdp-32-10-unsat.cnf,SATComp2024,competition_main,cardinality_exact_r_heavy,,none,0,5,TIMEOUT,TIMEOUT,TIMEOUT,TIMEOUT,TIMEOUT,False,False,True
mdp-32-11-sat.cnf,SATComp2024,competition_main,cardinality_exact_r_heavy,,none,0,5,TIMEOUT,TIMEOUT,TIMEOUT,TIMEOUT,TIMEOUT,False,False,True
mdp-32-11-unsat.cnf,SATComp2024,competition_main,cardinality_exact_r_heavy,,none,0,5,TIMEOUT,TIMEOUT,TIMEOUT,TIMEOUT,TIMEOUT,False,False,True
mdp-32-12-unsat.cnf,SATComp2024,competition_main,cardinality_exact_r_heavy,,none,0,5,TIMEOUT,TIMEOUT,TIMEOUT,TIMEOUT,TIMEOUT,False,False,True
mdp-32-14-unsat.cnf,SATComp2024,competition_main,cardinality_exact_r_heavy,,none,0,5,TIMEOUT,TIMEOUT,TIMEOUT,TIMEOUT,TIMEOUT,False,False,True
mdp-36-10-unsat.cnf,SATComp2024,competition_main,cardinality_exact_r_heavy,,none,0,5,TIMEOUT,TIMEOUT,TIMEOUT,TIMEOUT,TIMEOUT,False,False,True
mdp-36-12-unsat.cnf,SATComp2024,competition_main,cardinality_exact_r_heavy,,none,0,5,TIMEOUT,TIMEOUT,TIMEOUT,TIMEOUT,TIMEOUT,False,False,True
mdp-36-14-sat.cnf,SATComp2024,competition_main,cardinality_exact_r_heavy,,none,0,5,TIMEOUT,TIMEOUT,TIMEOUT,TIMEOUT,TIMEOUT,False,False,True
medium.cnf,SATLIB,planning_scheduling,resource_allocation_like,,SATISFIABLE,5,5,SATISFIABLE,SATISFIABLE,SATISFIABLE,SATISFIABLE,SATISFIABLE,False,False,True
mp1-blockpuzzle_5x10_s7_free4.cnf,SATComp2024,competition_main,no_useful_detected_structure,,UNSATISFIABLE,3,5,TIMEOUT,UNSATISFIABLE,TIMEOUT,UNSATISFIABLE,UNSATISFIABLE,False,False,True
mp1-ps_5000_21250_3_0_0.8_0_1.50_6.cnf,SATComp2024,competition_main,matching_hall_like,,UNSATISFIABLE,5,5,UNSATISFIABLE,UNSATISFIABLE,UNSATISFIABLE,UNSATISFIABLE,UNSATISFIABLE,False,False,True
noL-11-0.sanitized.cnf,SATComp2024,competition_main,matching_hall_like,,none,0,5,TIMEOUT,TIMEOUT,TIMEOUT,TIMEOUT,TIMEOUT,False,False,True
noL-11-10.sanitized.cnf,SATComp2024,competition_main,matching_hall_like,,none,0,5,TIMEOUT,TIMEOUT,TIMEOUT,TIMEOUT,TIMEOUT,False,False,True
noL-11-12.sanitized.cnf,SATComp2024,competition_main,matching_hall_like,,SATISFIABLE,3,5,TIMEOUT,SATISFIABLE,TIMEOUT,SATISFIABLE,SATISFIABLE,False,False,True
noL-11-14.sanitized.cnf,SATComp2024,competition_main,matching_hall_like,,SATISFIABLE,2,5,SATISFIABLE,TIMEOUT,SATISFIABLE,TIMEOUT,TIMEOUT,False,False,True
noL-11-18.sanitized.cnf,SATComp2024,competition_main,matching_hall_like,,SATISFIABLE,2,5,SATISFIABLE,TIMEOUT,SATISFIABLE,TIMEOUT,TIMEOUT,False,False,True
noL-11-2.sanitized.cnf,SATComp2024,competition_main,matching_hall_like,,none,0,5,TIMEOUT,TIMEOUT,TIMEOUT,TIMEOUT,TIMEOUT,False,False,True
noL-11-6.sanitized.cnf,SATComp2024,competition_main,matching_hall_like,,SATISFIABLE,2,5,SATISFIABLE,TIMEOUT,SATISFIABLE,TIMEOUT,TIMEOUT,False,False,True
noL-11-8.sanitized.cnf,SATComp2024,competition_main,matching_hall_like,,none,0,5,TIMEOUT,TIMEOUT,TIMEOUT,TIMEOUT,TIMEOUT,False,False,True
openstacks-sequencedstrips-nonadl-nonnegated-os-sequencedstrips-p30_3.025-NOTKNOWN.cnf,SATComp2024,competition_main,no_useful_detected_structure,,none,0,5,TIMEOUT,TIMEOUT,TIMEOUT,TIMEOUT,TIMEOUT,False,False,True
or_randxor_k3_n510_m510.sanitized.cnf,SATComp2024,competition_main,resource_allocation_like,,UNSATISFIABLE,3,5,TIMEOUT,UNSATISFIABLE,TIMEOUT,UNSATISFIABLE,UNSATISFIABLE,False,False,True
par16-1-c.cnf,SATLIB,crafted_parity,cardinality_exact_r_heavy,,SATISFIABLE,5,5,SATISFIABLE,SATISFIABLE,SATISFIABLE,SATISFIABLE,SATISFIABLE,False,False,True
par16-1.cnf,SATLIB,crafted_parity,no_useful_detected_structure,,SATISFIABLE,5,5,SATISFIABLE,SATISFIABLE,SATISFIABLE,SATISFIABLE,SATISFIABLE,False,False,True
par16-2-c.cnf,SATLIB,crafted_parity,cardinality_exact_r_heavy,,SATISFIABLE,5,5,SATISFIABLE,SATISFIABLE,SATISFIABLE,SATISFIABLE,SATISFIABLE,False,False,True
par16-2.cnf,SATLIB,crafted_parity,no_useful_detected_structure,,SATISFIABLE,5,5,SATISFIABLE,SATISFIABLE,SATISFIABLE,SATISFIABLE,SATISFIABLE,False,False,True
par16-3-c.cnf,SATLIB,crafted_parity,cardinality_exact_r_heavy,,SATISFIABLE,5,5,SATISFIABLE,SATISFIABLE,SATISFIABLE,SATISFIABLE,SATISFIABLE,False,False,True
par16-3.cnf,SATLIB,crafted_parity,no_useful_detected_structure,,SATISFIABLE,5,5,SATISFIABLE,SATISFIABLE,SATISFIABLE,SATISFIABLE,SATISFIABLE,False,False,True
par16-4.cnf,SATLIB,crafted_parity,no_useful_detected_structure,,SATISFIABLE,5,5,SATISFIABLE,SATISFIABLE,SATISFIABLE,SATISFIABLE,SATISFIABLE,False,False,True
par16-5-c.cnf,SATLIB,crafted_parity,cardinality_exact_r_heavy,,SATISFIABLE,5,5,SATISFIABLE,SATISFIABLE,SATISFIABLE,SATISFIABLE,SATISFIABLE,False,False,True
par16-5.cnf,SATLIB,crafted_parity,no_useful_detected_structure,,SATISFIABLE,5,5,SATISFIABLE,SATISFIABLE,SATISFIABLE,SATISFIABLE,SATISFIABLE,False,False,True
par32-1.cnf,SATLIB,crafted_parity,no_useful_detected_structure,,none,0,5,TIMEOUT,TIMEOUT,TIMEOUT,TIMEOUT,TIMEOUT,False,False,True
par32-2.cnf,SATLIB,crafted_parity,no_useful_detected_structure,,none,0,5,TIMEOUT,TIMEOUT,TIMEOUT,TIMEOUT,TIMEOUT,False,False,True
par32-3-c.cnf,SATLIB,crafted_parity,cardinality_exact_r_heavy,,none,0,5,TIMEOUT,TIMEOUT,TIMEOUT,TIMEOUT,TIMEOUT,False,False,True
par32-4-c.cnf,SATLIB,crafted_parity,cardinality_exact_r_heavy,,none,0,5,TIMEOUT,TIMEOUT,TIMEOUT,TIMEOUT,TIMEOUT,False,False,True
par32-5.cnf,SATLIB,crafted_parity,no_useful_detected_structure,,SATISFIABLE,1,5,TIMEOUT,SATISFIABLE,TIMEOUT,TIMEOUT,TIMEOUT,False,False,True
par8-1-c.cnf,SATLIB,crafted_parity,cardinality_exact_r_heavy,,SATISFIABLE,5,5,SATISFIABLE,SATISFIABLE,SATISFIABLE,SATISFIABLE,SATISFIABLE,False,False,True
par8-1.cnf,SATLIB,crafted_parity,no_useful_detected_structure,,SATISFIABLE,5,5,SATISFIABLE,SATISFIABLE,SATISFIABLE,SATISFIABLE,SATISFIABLE,False,False,True
par8-2-c.cnf,SATLIB,crafted_parity,cardinality_exact_r_heavy,,SATISFIABLE,5,5,SATISFIABLE,SATISFIABLE,SATISFIABLE,SATISFIABLE,SATISFIABLE,False,False,True
par8-2.cnf,SATLIB,crafted_parity,no_useful_detected_structure,,SATISFIABLE,5,5,SATISFIABLE,SATISFIABLE,SATISFIABLE,SATISFIABLE,SATISFIABLE,False,False,True
par8-3-c.cnf,SATLIB,crafted_parity,cardinality_exact_r_heavy,,SATISFIABLE,5,5,SATISFIABLE,SATISFIABLE,SATISFIABLE,SATISFIABLE,SATISFIABLE,False,False,True
par8-3.cnf,SATLIB,crafted_parity,no_useful_detected_structure,,SATISFIABLE,5,5,SATISFIABLE,SATISFIABLE,SATISFIABLE,SATISFIABLE,SATISFIABLE,False,False,True
par8-4-c.cnf,SATLIB,crafted_parity,cardinality_exact_r_heavy,,SATISFIABLE,5,5,SATISFIABLE,SATISFIABLE,SATISFIABLE,SATISFIABLE,SATISFIABLE,False,False,True
par8-4.cnf,SATLIB,crafted_parity,no_useful_detected_structure,,SATISFIABLE,5,5,SATISFIABLE,SATISFIABLE,SATISFIABLE,SATISFIABLE,SATISFIABLE,False,False,True
par8-5-c.cnf,SATLIB,crafted_parity,cardinality_exact_r_heavy,,SATISFIABLE,5,5,SATISFIABLE,SATISFIABLE,SATISFIABLE,SATISFIABLE,SATISFIABLE,False,False,True
par8-5.cnf,SATLIB,crafted_parity,no_useful_detected_structure,,SATISFIABLE,5,5,SATISFIABLE,SATISFIABLE,SATISFIABLE,SATISFIABLE,SATISFIABLE,False,False,True
pb_300_09_lb_07.cnf,SATComp2024,competition_main,no_useful_detected_structure,,SATISFIABLE,5,5,SATISFIABLE,SATISFIABLE,SATISFIABLE,SATISFIABLE,SATISFIABLE,False,False,True
pcmax-scheduling-m11-1517-6802-UNSAT.sanitized.cnf,SATComp2024,competition_main,resource_allocation_like,,UNSATISFIABLE,3,5,TIMEOUT,UNSATISFIABLE,TIMEOUT,UNSATISFIABLE,UNSATISFIABLE,False,False,True
pcmax-scheduling-m13-1655-9604-UNSAT.sanitized.cnf,SATComp2024,competition_main,resource_allocation_like,,none,0,5,TIMEOUT,TIMEOUT,TIMEOUT,TIMEOUT,TIMEOUT,False,False,True
pcmax-scheduling-m15-2352-13561-SAT.sanitized.cnf,SATComp2024,competition_main,resource_allocation_like,,none,0,5,TIMEOUT,TIMEOUT,TIMEOUT,TIMEOUT,TIMEOUT,False,False,True
pcmax-scheduling-m19-10199-62102-UNSAT.sanitized.cnf,SATComp2024,competition_main,no_useful_detected_structure,,none,0,5,TIMEOUT,TIMEOUT,TIMEOUT,TIMEOUT,TIMEOUT,False,False,True
pcmax-scheduling-m19-2974-16501-UNSAT.sanitized.cnf,SATComp2024,competition_main,resource_allocation_like,,UNSATISFIABLE,1,5,TIMEOUT,UNSATISFIABLE,TIMEOUT,TIMEOUT,TIMEOUT,False,False,True
pcmax-scheduling-m24-17855-226744-SAT.sanitized.cnf,SATComp2024,competition_main,no_useful_detected_structure,,none,0,5,TIMEOUT,TIMEOUT,TIMEOUT,TIMEOUT,TIMEOUT,False,False,True
pcmax-scheduling-m24-24102-255206-SAT.sanitized.cnf,SATComp2024,competition_main,no_useful_detected_structure,,none,0,5,TIMEOUT,TIMEOUT,TIMEOUT,TIMEOUT,TIMEOUT,False,False,True
pcmax-scheduling-m30-14113-167638-UNSAT.sanitized.cnf,SATComp2024,competition_main,no_useful_detected_structure,,none,0,5,TIMEOUT,TIMEOUT,TIMEOUT,TIMEOUT,TIMEOUT,False,False,True
pcmax-scheduling-m35-32274-371389-SAT.sanitized.cnf,SATComp2024,competition_main,no_useful_detected_structure,,none,0,5,TIMEOUT,TIMEOUT,TIMEOUT,TIMEOUT,TIMEOUT,False,False,True
pcmax-scheduling-m37-28831-324346-SAT.sanitized.cnf,SATComp2024,competition_main,no_useful_detected_structure,,none,0,5,TIMEOUT,TIMEOUT,TIMEOUT,TIMEOUT,TIMEOUT,False,False,True
pcmax-scheduling-m40-26287-324155-SAT.sanitized.cnf,SATComp2024,competition_main,no_useful_detected_structure,,none,0,5,TIMEOUT,TIMEOUT,TIMEOUT,TIMEOUT,TIMEOUT,False,False,True
pcmax-scheduling-m43-38782-385402-SAT.sanitized.cnf,SATComp2024,competition_main,no_useful_detected_structure,,none,0,5,TIMEOUT,TIMEOUT,TIMEOUT,TIMEOUT,TIMEOUT,False,False,True
pret150_25.cnf,SATLIB,crafted_parity,cardinality_exact_r_heavy,UNSATISFIABLE,UNSATISFIABLE,5,5,UNSATISFIABLE,UNSATISFIABLE,UNSATISFIABLE,UNSATISFIABLE,UNSATISFIABLE,False,False,True
pret150_40.cnf,SATLIB,crafted_parity,cardinality_exact_r_heavy,UNSATISFIABLE,UNSATISFIABLE,5,5,UNSATISFIABLE,UNSATISFIABLE,UNSATISFIABLE,UNSATISFIABLE,UNSATISFIABLE,False,False,True
pret150_60.cnf,SATLIB,crafted_parity,cardinality_exact_r_heavy,UNSATISFIABLE,UNSATISFIABLE,5,5,UNSATISFIABLE,UNSATISFIABLE,UNSATISFIABLE,UNSATISFIABLE,UNSATISFIABLE,False,False,True
pret60_25.cnf,SATLIB,crafted_parity,cardinality_exact_r_heavy,UNSATISFIABLE,UNSATISFIABLE,5,5,UNSATISFIABLE,UNSATISFIABLE,UNSATISFIABLE,UNSATISFIABLE,UNSATISFIABLE,False,False,True
pret60_40.cnf,SATLIB,crafted_parity,cardinality_exact_r_heavy,UNSATISFIABLE,UNSATISFIABLE,5,5,UNSATISFIABLE,UNSATISFIABLE,UNSATISFIABLE,UNSATISFIABLE,UNSATISFIABLE,False,False,True
pret60_60.cnf,SATLIB,crafted_parity,cardinality_exact_r_heavy,UNSATISFIABLE,UNSATISFIABLE,5,5,UNSATISFIABLE,UNSATISFIABLE,UNSATISFIABLE,UNSATISFIABLE,UNSATISFIABLE,False,False,True
pret60_75.cnf,SATLIB,crafted_parity,cardinality_exact_r_heavy,UNSATISFIABLE,UNSATISFIABLE,5,5,UNSATISFIABLE,UNSATISFIABLE,UNSATISFIABLE,UNSATISFIABLE,UNSATISFIABLE,False,False,True
ssa0432-003.cnf,SATLIB,eda_circuit_fault,resource_allocation_like,,UNSATISFIABLE,5,5,UNSATISFIABLE,UNSATISFIABLE,UNSATISFIABLE,UNSATISFIABLE,UNSATISFIABLE,False,False,True
ssa2670-130.cnf,SATLIB,eda_circuit_fault,resource_allocation_like,,UNSATISFIABLE,5,5,UNSATISFIABLE,UNSATISFIABLE,UNSATISFIABLE,UNSATISFIABLE,UNSATISFIABLE,False,False,True
ssa2670-141.cnf,SATLIB,eda_circuit_fault,resource_allocation_like,,UNSATISFIABLE,5,5,UNSATISFIABLE,UNSATISFIABLE,UNSATISFIABLE,UNSATISFIABLE,UNSATISFIABLE,False,False,True
ssa6288-047.cnf,SATLIB,eda_circuit_fault,resource_allocation_like,,UNSATISFIABLE,5,5,UNSATISFIABLE,UNSATISFIABLE,UNSATISFIABLE,UNSATISFIABLE,UNSATISFIABLE,False,False,True
ssa7552-038.cnf,SATLIB,eda_circuit_fault,resource_allocation_like,,SATISFIABLE,5,5,SATISFIABLE,SATISFIABLE,SATISFIABLE,SATISFIABLE,SATISFIABLE,False,False,True
ssa7552-158.cnf,SATLIB,eda_circuit_fault,resource_allocation_like,,SATISFIABLE,5,5,SATISFIABLE,SATISFIABLE,SATISFIABLE,SATISFIABLE,SATISFIABLE,False,False,True
ssa7552-160.cnf,SATLIB,eda_circuit_fault,resource_allocation_like,,SATISFIABLE,5,5,SATISFIABLE,SATISFIABLE,SATISFIABLE,SATISFIABLE,SATISFIABLE,False,False,True
uf200-01.cnf,SATLIB,random_control,resource_allocation_like,SATISFIABLE,SATISFIABLE,5,5,SATISFIABLE,SATISFIABLE,SATISFIABLE,SATISFIABLE,SATISFIABLE,False,False,True
uf200-010.cnf,SATLIB,random_control,resource_allocation_like,SATISFIABLE,SATISFIABLE,5,5,SATISFIABLE,SATISFIABLE,SATISFIABLE,SATISFIABLE,SATISFIABLE,False,False,True
uf200-0100.cnf,SATLIB,random_control,resource_allocation_like,SATISFIABLE,SATISFIABLE,5,5,SATISFIABLE,SATISFIABLE,SATISFIABLE,SATISFIABLE,SATISFIABLE,False,False,True
uf200-012.cnf,SATLIB,random_control,resource_allocation_like,SATISFIABLE,SATISFIABLE,5,5,SATISFIABLE,SATISFIABLE,SATISFIABLE,SATISFIABLE,SATISFIABLE,False,False,True
uf200-014.cnf,SATLIB,random_control,resource_allocation_like,SATISFIABLE,SATISFIABLE,5,5,SATISFIABLE,SATISFIABLE,SATISFIABLE,SATISFIABLE,SATISFIABLE,False,False,True
uf200-015.cnf,SATLIB,random_control,resource_allocation_like,SATISFIABLE,SATISFIABLE,5,5,SATISFIABLE,SATISFIABLE,SATISFIABLE,SATISFIABLE,SATISFIABLE,False,False,True
uf200-016.cnf,SATLIB,random_control,resource_allocation_like,SATISFIABLE,SATISFIABLE,5,5,SATISFIABLE,SATISFIABLE,SATISFIABLE,SATISFIABLE,SATISFIABLE,False,False,True
uf200-018.cnf,SATLIB,random_control,resource_allocation_like,SATISFIABLE,SATISFIABLE,5,5,SATISFIABLE,SATISFIABLE,SATISFIABLE,SATISFIABLE,SATISFIABLE,False,False,True
uf200-019.cnf,SATLIB,random_control,resource_allocation_like,SATISFIABLE,SATISFIABLE,5,5,SATISFIABLE,SATISFIABLE,SATISFIABLE,SATISFIABLE,SATISFIABLE,False,False,True
uf200-02.cnf,SATLIB,random_control,resource_allocation_like,SATISFIABLE,SATISFIABLE,5,5,SATISFIABLE,SATISFIABLE,SATISFIABLE,SATISFIABLE,SATISFIABLE,False,False,True
uf200-021.cnf,SATLIB,random_control,resource_allocation_like,SATISFIABLE,SATISFIABLE,5,5,SATISFIABLE,SATISFIABLE,SATISFIABLE,SATISFIABLE,SATISFIABLE,False,False,True
uf200-022.cnf,SATLIB,random_control,resource_allocation_like,SATISFIABLE,SATISFIABLE,5,5,SATISFIABLE,SATISFIABLE,SATISFIABLE,SATISFIABLE,SATISFIABLE,False,False,True
uf200-023.cnf,SATLIB,random_control,resource_allocation_like,SATISFIABLE,SATISFIABLE,5,5,SATISFIABLE,SATISFIABLE,SATISFIABLE,SATISFIABLE,SATISFIABLE,False,False,True
uf200-025.cnf,SATLIB,random_control,resource_allocation_like,SATISFIABLE,SATISFIABLE,5,5,SATISFIABLE,SATISFIABLE,SATISFIABLE,SATISFIABLE,SATISFIABLE,False,False,True
uf200-026.cnf,SATLIB,random_control,resource_allocation_like,SATISFIABLE,SATISFIABLE,5,5,SATISFIABLE,SATISFIABLE,SATISFIABLE,SATISFIABLE,SATISFIABLE,False,False,True
uf200-027.cnf,SATLIB,random_control,resource_allocation_like,SATISFIABLE,SATISFIABLE,5,5,SATISFIABLE,SATISFIABLE,SATISFIABLE,SATISFIABLE,SATISFIABLE,False,False,True
uf200-028.cnf,SATLIB,random_control,resource_allocation_like,SATISFIABLE,SATISFIABLE,5,5,SATISFIABLE,SATISFIABLE,SATISFIABLE,SATISFIABLE,SATISFIABLE,False,False,True
uf200-03.cnf,SATLIB,random_control,resource_allocation_like,SATISFIABLE,SATISFIABLE,5,5,SATISFIABLE,SATISFIABLE,SATISFIABLE,SATISFIABLE,SATISFIABLE,False,False,True
uf200-030.cnf,SATLIB,random_control,resource_allocation_like,SATISFIABLE,SATISFIABLE,5,5,SATISFIABLE,SATISFIABLE,SATISFIABLE,SATISFIABLE,SATISFIABLE,False,False,True
uf200-031.cnf,SATLIB,random_control,resource_allocation_like,SATISFIABLE,SATISFIABLE,5,5,SATISFIABLE,SATISFIABLE,SATISFIABLE,SATISFIABLE,SATISFIABLE,False,False,True
uf200-032.cnf,SATLIB,random_control,resource_allocation_like,SATISFIABLE,SATISFIABLE,5,5,SATISFIABLE,SATISFIABLE,SATISFIABLE,SATISFIABLE,SATISFIABLE,False,False,True
uf200-034.cnf,SATLIB,random_control,resource_allocation_like,SATISFIABLE,SATISFIABLE,5,5,SATISFIABLE,SATISFIABLE,SATISFIABLE,SATISFIABLE,SATISFIABLE,False,False,True
uf200-036.cnf,SATLIB,random_control,resource_allocation_like,SATISFIABLE,SATISFIABLE,5,5,SATISFIABLE,SATISFIABLE,SATISFIABLE,SATISFIABLE,SATISFIABLE,False,False,True
uf200-039.cnf,SATLIB,random_control,resource_allocation_like,SATISFIABLE,SATISFIABLE,5,5,SATISFIABLE,SATISFIABLE,SATISFIABLE,SATISFIABLE,SATISFIABLE,False,False,True
uf200-04.cnf,SATLIB,random_control,resource_allocation_like,SATISFIABLE,SATISFIABLE,5,5,SATISFIABLE,SATISFIABLE,SATISFIABLE,SATISFIABLE,SATISFIABLE,False,False,True
uf200-040.cnf,SATLIB,random_control,resource_allocation_like,SATISFIABLE,SATISFIABLE,5,5,SATISFIABLE,SATISFIABLE,SATISFIABLE,SATISFIABLE,SATISFIABLE,False,False,True
uf200-041.cnf,SATLIB,random_control,resource_allocation_like,SATISFIABLE,SATISFIABLE,5,5,SATISFIABLE,SATISFIABLE,SATISFIABLE,SATISFIABLE,SATISFIABLE,False,False,True
uf200-042.cnf,SATLIB,random_control,resource_allocation_like,SATISFIABLE,SATISFIABLE,5,5,SATISFIABLE,SATISFIABLE,SATISFIABLE,SATISFIABLE,SATISFIABLE,False,False,True
uf200-043.cnf,SATLIB,random_control,resource_allocation_like,SATISFIABLE,SATISFIABLE,5,5,SATISFIABLE,SATISFIABLE,SATISFIABLE,SATISFIABLE,SATISFIABLE,False,False,True
uf200-045.cnf,SATLIB,random_control,resource_allocation_like,SATISFIABLE,SATISFIABLE,5,5,SATISFIABLE,SATISFIABLE,SATISFIABLE,SATISFIABLE,SATISFIABLE,False,False,True
uf200-046.cnf,SATLIB,random_control,resource_allocation_like,SATISFIABLE,SATISFIABLE,5,5,SATISFIABLE,SATISFIABLE,SATISFIABLE,SATISFIABLE,SATISFIABLE,False,False,True
uf200-047.cnf,SATLIB,random_control,resource_allocation_like,SATISFIABLE,SATISFIABLE,5,5,SATISFIABLE,SATISFIABLE,SATISFIABLE,SATISFIABLE,SATISFIABLE,False,False,True
uf200-048.cnf,SATLIB,random_control,resource_allocation_like,SATISFIABLE,SATISFIABLE,5,5,SATISFIABLE,SATISFIABLE,SATISFIABLE,SATISFIABLE,SATISFIABLE,False,False,True
uf200-049.cnf,SATLIB,random_control,resource_allocation_like,SATISFIABLE,SATISFIABLE,5,5,SATISFIABLE,SATISFIABLE,SATISFIABLE,SATISFIABLE,SATISFIABLE,False,False,True
uf200-052.cnf,SATLIB,random_control,resource_allocation_like,SATISFIABLE,SATISFIABLE,5,5,SATISFIABLE,SATISFIABLE,SATISFIABLE,SATISFIABLE,SATISFIABLE,False,False,True
uf200-053.cnf,SATLIB,random_control,resource_allocation_like,SATISFIABLE,SATISFIABLE,5,5,SATISFIABLE,SATISFIABLE,SATISFIABLE,SATISFIABLE,SATISFIABLE,False,False,True
uf200-054.cnf,SATLIB,random_control,resource_allocation_like,SATISFIABLE,SATISFIABLE,5,5,SATISFIABLE,SATISFIABLE,SATISFIABLE,SATISFIABLE,SATISFIABLE,False,False,True
uf200-055.cnf,SATLIB,random_control,resource_allocation_like,SATISFIABLE,SATISFIABLE,5,5,SATISFIABLE,SATISFIABLE,SATISFIABLE,SATISFIABLE,SATISFIABLE,False,False,True
uf200-056.cnf,SATLIB,random_control,resource_allocation_like,SATISFIABLE,SATISFIABLE,5,5,SATISFIABLE,SATISFIABLE,SATISFIABLE,SATISFIABLE,SATISFIABLE,False,False,True
uf200-057.cnf,SATLIB,random_control,resource_allocation_like,SATISFIABLE,SATISFIABLE,5,5,SATISFIABLE,SATISFIABLE,SATISFIABLE,SATISFIABLE,SATISFIABLE,False,False,True
uf200-058.cnf,SATLIB,random_control,resource_allocation_like,SATISFIABLE,SATISFIABLE,5,5,SATISFIABLE,SATISFIABLE,SATISFIABLE,SATISFIABLE,SATISFIABLE,False,False,True
uf200-059.cnf,SATLIB,random_control,resource_allocation_like,SATISFIABLE,SATISFIABLE,5,5,SATISFIABLE,SATISFIABLE,SATISFIABLE,SATISFIABLE,SATISFIABLE,False,False,True
uf200-06.cnf,SATLIB,random_control,resource_allocation_like,SATISFIABLE,SATISFIABLE,5,5,SATISFIABLE,SATISFIABLE,SATISFIABLE,SATISFIABLE,SATISFIABLE,False,False,True
uf200-060.cnf,SATLIB,random_control,resource_allocation_like,SATISFIABLE,SATISFIABLE,5,5,SATISFIABLE,SATISFIABLE,SATISFIABLE,SATISFIABLE,SATISFIABLE,False,False,True
uf200-062.cnf,SATLIB,random_control,resource_allocation_like,SATISFIABLE,SATISFIABLE,5,5,SATISFIABLE,SATISFIABLE,SATISFIABLE,SATISFIABLE,SATISFIABLE,False,False,True
uf200-063.cnf,SATLIB,random_control,resource_allocation_like,SATISFIABLE,SATISFIABLE,5,5,SATISFIABLE,SATISFIABLE,SATISFIABLE,SATISFIABLE,SATISFIABLE,False,False,True
uf200-064.cnf,SATLIB,random_control,resource_allocation_like,SATISFIABLE,SATISFIABLE,5,5,SATISFIABLE,SATISFIABLE,SATISFIABLE,SATISFIABLE,SATISFIABLE,False,False,True
uf200-065.cnf,SATLIB,random_control,resource_allocation_like,SATISFIABLE,SATISFIABLE,5,5,SATISFIABLE,SATISFIABLE,SATISFIABLE,SATISFIABLE,SATISFIABLE,False,False,True
uf200-066.cnf,SATLIB,random_control,resource_allocation_like,SATISFIABLE,SATISFIABLE,5,5,SATISFIABLE,SATISFIABLE,SATISFIABLE,SATISFIABLE,SATISFIABLE,False,False,True
uf200-067.cnf,SATLIB,random_control,resource_allocation_like,SATISFIABLE,SATISFIABLE,5,5,SATISFIABLE,SATISFIABLE,SATISFIABLE,SATISFIABLE,SATISFIABLE,False,False,True
uf200-068.cnf,SATLIB,random_control,resource_allocation_like,SATISFIABLE,SATISFIABLE,5,5,SATISFIABLE,SATISFIABLE,SATISFIABLE,SATISFIABLE,SATISFIABLE,False,False,True
uf200-069.cnf,SATLIB,random_control,resource_allocation_like,SATISFIABLE,SATISFIABLE,5,5,SATISFIABLE,SATISFIABLE,SATISFIABLE,SATISFIABLE,SATISFIABLE,False,False,True
uf200-07.cnf,SATLIB,random_control,resource_allocation_like,SATISFIABLE,SATISFIABLE,5,5,SATISFIABLE,SATISFIABLE,SATISFIABLE,SATISFIABLE,SATISFIABLE,False,False,True
uf200-070.cnf,SATLIB,random_control,resource_allocation_like,SATISFIABLE,SATISFIABLE,5,5,SATISFIABLE,SATISFIABLE,SATISFIABLE,SATISFIABLE,SATISFIABLE,False,False,True
uf200-072.cnf,SATLIB,random_control,resource_allocation_like,SATISFIABLE,SATISFIABLE,5,5,SATISFIABLE,SATISFIABLE,SATISFIABLE,SATISFIABLE,SATISFIABLE,False,False,True
uf200-073.cnf,SATLIB,random_control,resource_allocation_like,SATISFIABLE,SATISFIABLE,5,5,SATISFIABLE,SATISFIABLE,SATISFIABLE,SATISFIABLE,SATISFIABLE,False,False,True
uf200-074.cnf,SATLIB,random_control,resource_allocation_like,SATISFIABLE,SATISFIABLE,5,5,SATISFIABLE,SATISFIABLE,SATISFIABLE,SATISFIABLE,SATISFIABLE,False,False,True
uf200-075.cnf,SATLIB,random_control,resource_allocation_like,SATISFIABLE,SATISFIABLE,5,5,SATISFIABLE,SATISFIABLE,SATISFIABLE,SATISFIABLE,SATISFIABLE,False,False,True
uf200-076.cnf,SATLIB,random_control,resource_allocation_like,SATISFIABLE,SATISFIABLE,5,5,SATISFIABLE,SATISFIABLE,SATISFIABLE,SATISFIABLE,SATISFIABLE,False,False,True
uf200-078.cnf,SATLIB,random_control,resource_allocation_like,SATISFIABLE,SATISFIABLE,5,5,SATISFIABLE,SATISFIABLE,SATISFIABLE,SATISFIABLE,SATISFIABLE,False,False,True
uf200-08.cnf,SATLIB,random_control,resource_allocation_like,SATISFIABLE,SATISFIABLE,5,5,SATISFIABLE,SATISFIABLE,SATISFIABLE,SATISFIABLE,SATISFIABLE,False,False,True
uf200-080.cnf,SATLIB,random_control,resource_allocation_like,SATISFIABLE,SATISFIABLE,5,5,SATISFIABLE,SATISFIABLE,SATISFIABLE,SATISFIABLE,SATISFIABLE,False,False,True
uf200-081.cnf,SATLIB,random_control,resource_allocation_like,SATISFIABLE,SATISFIABLE,5,5,SATISFIABLE,SATISFIABLE,SATISFIABLE,SATISFIABLE,SATISFIABLE,False,False,True
uf200-082.cnf,SATLIB,random_control,resource_allocation_like,SATISFIABLE,SATISFIABLE,5,5,SATISFIABLE,SATISFIABLE,SATISFIABLE,SATISFIABLE,SATISFIABLE,False,False,True
uf200-083.cnf,SATLIB,random_control,resource_allocation_like,SATISFIABLE,SATISFIABLE,5,5,SATISFIABLE,SATISFIABLE,SATISFIABLE,SATISFIABLE,SATISFIABLE,False,False,True
uf200-084.cnf,SATLIB,random_control,resource_allocation_like,SATISFIABLE,SATISFIABLE,5,5,SATISFIABLE,SATISFIABLE,SATISFIABLE,SATISFIABLE,SATISFIABLE,False,False,True
uf200-085.cnf,SATLIB,random_control,resource_allocation_like,SATISFIABLE,SATISFIABLE,5,5,SATISFIABLE,SATISFIABLE,SATISFIABLE,SATISFIABLE,SATISFIABLE,False,False,True
uf200-087.cnf,SATLIB,random_control,resource_allocation_like,SATISFIABLE,SATISFIABLE,5,5,SATISFIABLE,SATISFIABLE,SATISFIABLE,SATISFIABLE,SATISFIABLE,False,False,True
uf200-088.cnf,SATLIB,random_control,resource_allocation_like,SATISFIABLE,SATISFIABLE,5,5,SATISFIABLE,SATISFIABLE,SATISFIABLE,SATISFIABLE,SATISFIABLE,False,False,True
uf200-089.cnf,SATLIB,random_control,resource_allocation_like,SATISFIABLE,SATISFIABLE,5,5,SATISFIABLE,SATISFIABLE,SATISFIABLE,SATISFIABLE,SATISFIABLE,False,False,True
uf200-09.cnf,SATLIB,random_control,resource_allocation_like,SATISFIABLE,SATISFIABLE,5,5,SATISFIABLE,SATISFIABLE,SATISFIABLE,SATISFIABLE,SATISFIABLE,False,False,True
uf200-092.cnf,SATLIB,random_control,resource_allocation_like,SATISFIABLE,SATISFIABLE,5,5,SATISFIABLE,SATISFIABLE,SATISFIABLE,SATISFIABLE,SATISFIABLE,False,False,True
uf200-093.cnf,SATLIB,random_control,resource_allocation_like,SATISFIABLE,SATISFIABLE,5,5,SATISFIABLE,SATISFIABLE,SATISFIABLE,SATISFIABLE,SATISFIABLE,False,False,True
uf200-094.cnf,SATLIB,random_control,resource_allocation_like,SATISFIABLE,SATISFIABLE,5,5,SATISFIABLE,SATISFIABLE,SATISFIABLE,SATISFIABLE,SATISFIABLE,False,False,True
uf200-095.cnf,SATLIB,random_control,resource_allocation_like,SATISFIABLE,SATISFIABLE,5,5,SATISFIABLE,SATISFIABLE,SATISFIABLE,SATISFIABLE,SATISFIABLE,False,False,True
uf200-096.cnf,SATLIB,random_control,resource_allocation_like,SATISFIABLE,SATISFIABLE,5,5,SATISFIABLE,SATISFIABLE,SATISFIABLE,SATISFIABLE,SATISFIABLE,False,False,True
uf200-097.cnf,SATLIB,random_control,resource_allocation_like,SATISFIABLE,SATISFIABLE,5,5,SATISFIABLE,SATISFIABLE,SATISFIABLE,SATISFIABLE,SATISFIABLE,False,False,True
uf200-098.cnf,SATLIB,random_control,resource_allocation_like,SATISFIABLE,SATISFIABLE,5,5,SATISFIABLE,SATISFIABLE,SATISFIABLE,SATISFIABLE,SATISFIABLE,False,False,True
uf200-099.cnf,SATLIB,random_control,resource_allocation_like,SATISFIABLE,SATISFIABLE,5,5,SATISFIABLE,SATISFIABLE,SATISFIABLE,SATISFIABLE,SATISFIABLE,False,False,True
uf250-01.cnf,SATLIB,random_control,resource_allocation_like,SATISFIABLE,SATISFIABLE,5,5,SATISFIABLE,SATISFIABLE,SATISFIABLE,SATISFIABLE,SATISFIABLE,False,False,True
uf250-010.cnf,SATLIB,random_control,resource_allocation_like,SATISFIABLE,SATISFIABLE,5,5,SATISFIABLE,SATISFIABLE,SATISFIABLE,SATISFIABLE,SATISFIABLE,False,False,True
uf250-0100.cnf,SATLIB,random_control,resource_allocation_like,SATISFIABLE,SATISFIABLE,5,5,SATISFIABLE,SATISFIABLE,SATISFIABLE,SATISFIABLE,SATISFIABLE,False,False,True
uf250-013.cnf,SATLIB,random_control,resource_allocation_like,SATISFIABLE,SATISFIABLE,5,5,SATISFIABLE,SATISFIABLE,SATISFIABLE,SATISFIABLE,SATISFIABLE,False,False,True
uf250-015.cnf,SATLIB,random_control,resource_allocation_like,SATISFIABLE,SATISFIABLE,5,5,SATISFIABLE,SATISFIABLE,SATISFIABLE,SATISFIABLE,SATISFIABLE,False,False,True
uf250-017.cnf,SATLIB,random_control,resource_allocation_like,SATISFIABLE,SATISFIABLE,5,5,SATISFIABLE,SATISFIABLE,SATISFIABLE,SATISFIABLE,SATISFIABLE,False,False,True
uf250-018.cnf,SATLIB,random_control,resource_allocation_like,SATISFIABLE,SATISFIABLE,5,5,SATISFIABLE,SATISFIABLE,SATISFIABLE,SATISFIABLE,SATISFIABLE,False,False,True
uf250-019.cnf,SATLIB,random_control,resource_allocation_like,SATISFIABLE,SATISFIABLE,5,5,SATISFIABLE,SATISFIABLE,SATISFIABLE,SATISFIABLE,SATISFIABLE,False,False,True
uf250-02.cnf,SATLIB,random_control,resource_allocation_like,SATISFIABLE,SATISFIABLE,5,5,SATISFIABLE,SATISFIABLE,SATISFIABLE,SATISFIABLE,SATISFIABLE,False,False,True
uf250-021.cnf,SATLIB,random_control,resource_allocation_like,SATISFIABLE,SATISFIABLE,5,5,SATISFIABLE,SATISFIABLE,SATISFIABLE,SATISFIABLE,SATISFIABLE,False,False,True
uf250-022.cnf,SATLIB,random_control,resource_allocation_like,SATISFIABLE,SATISFIABLE,5,5,SATISFIABLE,SATISFIABLE,SATISFIABLE,SATISFIABLE,SATISFIABLE,False,False,True
uf250-023.cnf,SATLIB,random_control,resource_allocation_like,SATISFIABLE,SATISFIABLE,5,5,SATISFIABLE,SATISFIABLE,SATISFIABLE,SATISFIABLE,SATISFIABLE,False,False,True
uf250-024.cnf,SATLIB,random_control,resource_allocation_like,SATISFIABLE,SATISFIABLE,5,5,SATISFIABLE,SATISFIABLE,SATISFIABLE,SATISFIABLE,SATISFIABLE,False,False,True
uf250-025.cnf,SATLIB,random_control,resource_allocation_like,SATISFIABLE,SATISFIABLE,5,5,SATISFIABLE,SATISFIABLE,SATISFIABLE,SATISFIABLE,SATISFIABLE,False,False,True
uf250-026.cnf,SATLIB,random_control,resource_allocation_like,SATISFIABLE,SATISFIABLE,5,5,SATISFIABLE,SATISFIABLE,SATISFIABLE,SATISFIABLE,SATISFIABLE,False,False,True
uf250-027.cnf,SATLIB,random_control,resource_allocation_like,SATISFIABLE,SATISFIABLE,5,5,SATISFIABLE,SATISFIABLE,SATISFIABLE,SATISFIABLE,SATISFIABLE,False,False,True
uf250-03.cnf,SATLIB,random_control,resource_allocation_like,SATISFIABLE,SATISFIABLE,5,5,SATISFIABLE,SATISFIABLE,SATISFIABLE,SATISFIABLE,SATISFIABLE,False,False,True
uf250-031.cnf,SATLIB,random_control,resource_allocation_like,SATISFIABLE,SATISFIABLE,5,5,SATISFIABLE,SATISFIABLE,SATISFIABLE,SATISFIABLE,SATISFIABLE,False,False,True
uf250-032.cnf,SATLIB,random_control,resource_allocation_like,SATISFIABLE,SATISFIABLE,5,5,SATISFIABLE,SATISFIABLE,SATISFIABLE,SATISFIABLE,SATISFIABLE,False,False,True
uf250-034.cnf,SATLIB,random_control,resource_allocation_like,SATISFIABLE,SATISFIABLE,5,5,SATISFIABLE,SATISFIABLE,SATISFIABLE,SATISFIABLE,SATISFIABLE,False,False,True
uf250-035.cnf,SATLIB,random_control,resource_allocation_like,SATISFIABLE,SATISFIABLE,5,5,SATISFIABLE,SATISFIABLE,SATISFIABLE,SATISFIABLE,SATISFIABLE,False,False,True
uf250-036.cnf,SATLIB,random_control,resource_allocation_like,SATISFIABLE,SATISFIABLE,5,5,SATISFIABLE,SATISFIABLE,SATISFIABLE,SATISFIABLE,SATISFIABLE,False,False,True
uf250-037.cnf,SATLIB,random_control,resource_allocation_like,SATISFIABLE,SATISFIABLE,5,5,SATISFIABLE,SATISFIABLE,SATISFIABLE,SATISFIABLE,SATISFIABLE,False,False,True
uf250-038.cnf,SATLIB,random_control,resource_allocation_like,SATISFIABLE,SATISFIABLE,5,5,SATISFIABLE,SATISFIABLE,SATISFIABLE,SATISFIABLE,SATISFIABLE,False,False,True
uf250-039.cnf,SATLIB,random_control,resource_allocation_like,SATISFIABLE,SATISFIABLE,5,5,SATISFIABLE,SATISFIABLE,SATISFIABLE,SATISFIABLE,SATISFIABLE,False,False,True
uf250-04.cnf,SATLIB,random_control,resource_allocation_like,SATISFIABLE,SATISFIABLE,5,5,SATISFIABLE,SATISFIABLE,SATISFIABLE,SATISFIABLE,SATISFIABLE,False,False,True
uf250-040.cnf,SATLIB,random_control,resource_allocation_like,SATISFIABLE,SATISFIABLE,5,5,SATISFIABLE,SATISFIABLE,SATISFIABLE,SATISFIABLE,SATISFIABLE,False,False,True
uf250-041.cnf,SATLIB,random_control,resource_allocation_like,SATISFIABLE,SATISFIABLE,5,5,SATISFIABLE,SATISFIABLE,SATISFIABLE,SATISFIABLE,SATISFIABLE,False,False,True
uf250-042.cnf,SATLIB,random_control,resource_allocation_like,SATISFIABLE,SATISFIABLE,5,5,SATISFIABLE,SATISFIABLE,SATISFIABLE,SATISFIABLE,SATISFIABLE,False,False,True
uf250-043.cnf,SATLIB,random_control,resource_allocation_like,SATISFIABLE,SATISFIABLE,5,5,SATISFIABLE,SATISFIABLE,SATISFIABLE,SATISFIABLE,SATISFIABLE,False,False,True
uf250-044.cnf,SATLIB,random_control,resource_allocation_like,SATISFIABLE,SATISFIABLE,5,5,SATISFIABLE,SATISFIABLE,SATISFIABLE,SATISFIABLE,SATISFIABLE,False,False,True
uf250-047.cnf,SATLIB,random_control,resource_allocation_like,SATISFIABLE,SATISFIABLE,5,5,SATISFIABLE,SATISFIABLE,SATISFIABLE,SATISFIABLE,SATISFIABLE,False,False,True
uf250-049.cnf,SATLIB,random_control,resource_allocation_like,SATISFIABLE,SATISFIABLE,5,5,SATISFIABLE,SATISFIABLE,SATISFIABLE,SATISFIABLE,SATISFIABLE,False,False,True
uf250-05.cnf,SATLIB,random_control,resource_allocation_like,SATISFIABLE,SATISFIABLE,5,5,SATISFIABLE,SATISFIABLE,SATISFIABLE,SATISFIABLE,SATISFIABLE,False,False,True
uf250-050.cnf,SATLIB,random_control,resource_allocation_like,SATISFIABLE,SATISFIABLE,5,5,SATISFIABLE,SATISFIABLE,SATISFIABLE,SATISFIABLE,SATISFIABLE,False,False,True
uf250-051.cnf,SATLIB,random_control,resource_allocation_like,SATISFIABLE,SATISFIABLE,5,5,SATISFIABLE,SATISFIABLE,SATISFIABLE,SATISFIABLE,SATISFIABLE,False,False,True
uf250-052.cnf,SATLIB,random_control,resource_allocation_like,SATISFIABLE,SATISFIABLE,5,5,SATISFIABLE,SATISFIABLE,SATISFIABLE,SATISFIABLE,SATISFIABLE,False,False,True
uf250-053.cnf,SATLIB,random_control,resource_allocation_like,SATISFIABLE,SATISFIABLE,5,5,SATISFIABLE,SATISFIABLE,SATISFIABLE,SATISFIABLE,SATISFIABLE,False,False,True
uf250-054.cnf,SATLIB,random_control,resource_allocation_like,SATISFIABLE,SATISFIABLE,5,5,SATISFIABLE,SATISFIABLE,SATISFIABLE,SATISFIABLE,SATISFIABLE,False,False,True
uf250-056.cnf,SATLIB,random_control,resource_allocation_like,SATISFIABLE,SATISFIABLE,5,5,SATISFIABLE,SATISFIABLE,SATISFIABLE,SATISFIABLE,SATISFIABLE,False,False,True
uf250-057.cnf,SATLIB,random_control,resource_allocation_like,SATISFIABLE,SATISFIABLE,5,5,SATISFIABLE,SATISFIABLE,SATISFIABLE,SATISFIABLE,SATISFIABLE,False,False,True
uf250-058.cnf,SATLIB,random_control,resource_allocation_like,SATISFIABLE,SATISFIABLE,5,5,SATISFIABLE,SATISFIABLE,SATISFIABLE,SATISFIABLE,SATISFIABLE,False,False,True
uf250-060.cnf,SATLIB,random_control,resource_allocation_like,SATISFIABLE,SATISFIABLE,5,5,SATISFIABLE,SATISFIABLE,SATISFIABLE,SATISFIABLE,SATISFIABLE,False,False,True
uf250-061.cnf,SATLIB,random_control,resource_allocation_like,SATISFIABLE,SATISFIABLE,5,5,SATISFIABLE,SATISFIABLE,SATISFIABLE,SATISFIABLE,SATISFIABLE,False,False,True
uf250-062.cnf,SATLIB,random_control,resource_allocation_like,SATISFIABLE,SATISFIABLE,5,5,SATISFIABLE,SATISFIABLE,SATISFIABLE,SATISFIABLE,SATISFIABLE,False,False,True
uf250-063.cnf,SATLIB,random_control,resource_allocation_like,SATISFIABLE,SATISFIABLE,5,5,SATISFIABLE,SATISFIABLE,SATISFIABLE,SATISFIABLE,SATISFIABLE,False,False,True
uf250-064.cnf,SATLIB,random_control,resource_allocation_like,SATISFIABLE,SATISFIABLE,5,5,SATISFIABLE,SATISFIABLE,SATISFIABLE,SATISFIABLE,SATISFIABLE,False,False,True
uf250-065.cnf,SATLIB,random_control,resource_allocation_like,SATISFIABLE,SATISFIABLE,5,5,SATISFIABLE,SATISFIABLE,SATISFIABLE,SATISFIABLE,SATISFIABLE,False,False,True
uf250-066.cnf,SATLIB,random_control,resource_allocation_like,SATISFIABLE,SATISFIABLE,5,5,SATISFIABLE,SATISFIABLE,SATISFIABLE,SATISFIABLE,SATISFIABLE,False,False,True
uf250-067.cnf,SATLIB,random_control,resource_allocation_like,SATISFIABLE,SATISFIABLE,5,5,SATISFIABLE,SATISFIABLE,SATISFIABLE,SATISFIABLE,SATISFIABLE,False,False,True
uf250-069.cnf,SATLIB,random_control,resource_allocation_like,SATISFIABLE,SATISFIABLE,5,5,SATISFIABLE,SATISFIABLE,SATISFIABLE,SATISFIABLE,SATISFIABLE,False,False,True
uf250-07.cnf,SATLIB,random_control,resource_allocation_like,SATISFIABLE,SATISFIABLE,5,5,SATISFIABLE,SATISFIABLE,SATISFIABLE,SATISFIABLE,SATISFIABLE,False,False,True
uf250-070.cnf,SATLIB,random_control,resource_allocation_like,SATISFIABLE,SATISFIABLE,5,5,SATISFIABLE,SATISFIABLE,SATISFIABLE,SATISFIABLE,SATISFIABLE,False,False,True
uf250-071.cnf,SATLIB,random_control,resource_allocation_like,SATISFIABLE,SATISFIABLE,5,5,SATISFIABLE,SATISFIABLE,SATISFIABLE,SATISFIABLE,SATISFIABLE,False,False,True
uf250-072.cnf,SATLIB,random_control,resource_allocation_like,SATISFIABLE,SATISFIABLE,5,5,SATISFIABLE,SATISFIABLE,SATISFIABLE,SATISFIABLE,SATISFIABLE,False,False,True
uf250-074.cnf,SATLIB,random_control,resource_allocation_like,SATISFIABLE,SATISFIABLE,5,5,SATISFIABLE,SATISFIABLE,SATISFIABLE,SATISFIABLE,SATISFIABLE,False,False,True
uf250-075.cnf,SATLIB,random_control,resource_allocation_like,SATISFIABLE,SATISFIABLE,5,5,SATISFIABLE,SATISFIABLE,SATISFIABLE,SATISFIABLE,SATISFIABLE,False,False,True
uf250-076.cnf,SATLIB,random_control,resource_allocation_like,SATISFIABLE,SATISFIABLE,5,5,SATISFIABLE,SATISFIABLE,SATISFIABLE,SATISFIABLE,SATISFIABLE,False,False,True
uf250-077.cnf,SATLIB,random_control,resource_allocation_like,SATISFIABLE,SATISFIABLE,5,5,SATISFIABLE,SATISFIABLE,SATISFIABLE,SATISFIABLE,SATISFIABLE,False,False,True
uf250-078.cnf,SATLIB,random_control,resource_allocation_like,SATISFIABLE,SATISFIABLE,5,5,SATISFIABLE,SATISFIABLE,SATISFIABLE,SATISFIABLE,SATISFIABLE,False,False,True
uf250-079.cnf,SATLIB,random_control,resource_allocation_like,SATISFIABLE,SATISFIABLE,5,5,SATISFIABLE,SATISFIABLE,SATISFIABLE,SATISFIABLE,SATISFIABLE,False,False,True
uf250-08.cnf,SATLIB,random_control,resource_allocation_like,SATISFIABLE,SATISFIABLE,5,5,SATISFIABLE,SATISFIABLE,SATISFIABLE,SATISFIABLE,SATISFIABLE,False,False,True
uf250-080.cnf,SATLIB,random_control,resource_allocation_like,SATISFIABLE,SATISFIABLE,5,5,SATISFIABLE,SATISFIABLE,SATISFIABLE,SATISFIABLE,SATISFIABLE,False,False,True
uf250-081.cnf,SATLIB,random_control,resource_allocation_like,SATISFIABLE,SATISFIABLE,5,5,SATISFIABLE,SATISFIABLE,SATISFIABLE,SATISFIABLE,SATISFIABLE,False,False,True
uf250-084.cnf,SATLIB,random_control,resource_allocation_like,SATISFIABLE,SATISFIABLE,5,5,SATISFIABLE,SATISFIABLE,SATISFIABLE,SATISFIABLE,SATISFIABLE,False,False,True
uf250-085.cnf,SATLIB,random_control,resource_allocation_like,SATISFIABLE,SATISFIABLE,5,5,SATISFIABLE,SATISFIABLE,SATISFIABLE,SATISFIABLE,SATISFIABLE,False,False,True
uf250-088.cnf,SATLIB,random_control,resource_allocation_like,SATISFIABLE,SATISFIABLE,5,5,SATISFIABLE,SATISFIABLE,SATISFIABLE,SATISFIABLE,SATISFIABLE,False,False,True
uf250-089.cnf,SATLIB,random_control,resource_allocation_like,SATISFIABLE,SATISFIABLE,5,5,SATISFIABLE,SATISFIABLE,SATISFIABLE,SATISFIABLE,SATISFIABLE,False,False,True
uf250-090.cnf,SATLIB,random_control,resource_allocation_like,SATISFIABLE,SATISFIABLE,5,5,SATISFIABLE,SATISFIABLE,SATISFIABLE,SATISFIABLE,SATISFIABLE,False,False,True
uf250-091.cnf,SATLIB,random_control,resource_allocation_like,SATISFIABLE,SATISFIABLE,5,5,SATISFIABLE,SATISFIABLE,SATISFIABLE,SATISFIABLE,SATISFIABLE,False,False,True
uf250-093.cnf,SATLIB,random_control,resource_allocation_like,SATISFIABLE,SATISFIABLE,5,5,SATISFIABLE,SATISFIABLE,SATISFIABLE,SATISFIABLE,SATISFIABLE,False,False,True
uf250-095.cnf,SATLIB,random_control,resource_allocation_like,SATISFIABLE,SATISFIABLE,5,5,SATISFIABLE,SATISFIABLE,SATISFIABLE,SATISFIABLE,SATISFIABLE,False,False,True
uf250-096.cnf,SATLIB,random_control,resource_allocation_like,SATISFIABLE,SATISFIABLE,5,5,SATISFIABLE,SATISFIABLE,SATISFIABLE,SATISFIABLE,SATISFIABLE,False,False,True
uf250-097.cnf,SATLIB,random_control,resource_allocation_like,SATISFIABLE,SATISFIABLE,5,5,SATISFIABLE,SATISFIABLE,SATISFIABLE,SATISFIABLE,SATISFIABLE,False,False,True
uf250-098.cnf,SATLIB,random_control,resource_allocation_like,SATISFIABLE,SATISFIABLE,5,5,SATISFIABLE,SATISFIABLE,SATISFIABLE,SATISFIABLE,SATISFIABLE,False,False,True
uf250-099.cnf,SATLIB,random_control,resource_allocation_like,SATISFIABLE,SATISFIABLE,5,5,SATISFIABLE,SATISFIABLE,SATISFIABLE,SATISFIABLE,SATISFIABLE,False,False,True
uuf200-01.cnf,SATLIB,random_control,resource_allocation_like,UNSATISFIABLE,UNSATISFIABLE,5,5,UNSATISFIABLE,UNSATISFIABLE,UNSATISFIABLE,UNSATISFIABLE,UNSATISFIABLE,False,False,True
uuf200-010.cnf,SATLIB,random_control,resource_allocation_like,UNSATISFIABLE,UNSATISFIABLE,5,5,UNSATISFIABLE,UNSATISFIABLE,UNSATISFIABLE,UNSATISFIABLE,UNSATISFIABLE,False,False,True
uuf200-011.cnf,SATLIB,random_control,resource_allocation_like,UNSATISFIABLE,UNSATISFIABLE,5,5,UNSATISFIABLE,UNSATISFIABLE,UNSATISFIABLE,UNSATISFIABLE,UNSATISFIABLE,False,False,True
uuf200-012.cnf,SATLIB,random_control,resource_allocation_like,UNSATISFIABLE,UNSATISFIABLE,5,5,UNSATISFIABLE,UNSATISFIABLE,UNSATISFIABLE,UNSATISFIABLE,UNSATISFIABLE,False,False,True
uuf200-013.cnf,SATLIB,random_control,resource_allocation_like,UNSATISFIABLE,UNSATISFIABLE,5,5,UNSATISFIABLE,UNSATISFIABLE,UNSATISFIABLE,UNSATISFIABLE,UNSATISFIABLE,False,False,True
uuf200-014.cnf,SATLIB,random_control,resource_allocation_like,UNSATISFIABLE,UNSATISFIABLE,5,5,UNSATISFIABLE,UNSATISFIABLE,UNSATISFIABLE,UNSATISFIABLE,UNSATISFIABLE,False,False,True
uuf200-015.cnf,SATLIB,random_control,resource_allocation_like,UNSATISFIABLE,UNSATISFIABLE,5,5,UNSATISFIABLE,UNSATISFIABLE,UNSATISFIABLE,UNSATISFIABLE,UNSATISFIABLE,False,False,True
uuf200-016.cnf,SATLIB,random_control,resource_allocation_like,UNSATISFIABLE,UNSATISFIABLE,5,5,UNSATISFIABLE,UNSATISFIABLE,UNSATISFIABLE,UNSATISFIABLE,UNSATISFIABLE,False,False,True
uuf200-018.cnf,SATLIB,random_control,resource_allocation_like,UNSATISFIABLE,UNSATISFIABLE,5,5,UNSATISFIABLE,UNSATISFIABLE,UNSATISFIABLE,UNSATISFIABLE,UNSATISFIABLE,False,False,True
uuf200-020.cnf,SATLIB,random_control,resource_allocation_like,UNSATISFIABLE,UNSATISFIABLE,5,5,UNSATISFIABLE,UNSATISFIABLE,UNSATISFIABLE,UNSATISFIABLE,UNSATISFIABLE,False,False,True
uuf200-021.cnf,SATLIB,random_control,resource_allocation_like,UNSATISFIABLE,UNSATISFIABLE,5,5,UNSATISFIABLE,UNSATISFIABLE,UNSATISFIABLE,UNSATISFIABLE,UNSATISFIABLE,False,False,True
uuf200-022.cnf,SATLIB,random_control,resource_allocation_like,UNSATISFIABLE,UNSATISFIABLE,5,5,UNSATISFIABLE,UNSATISFIABLE,UNSATISFIABLE,UNSATISFIABLE,UNSATISFIABLE,False,False,True
uuf200-024.cnf,SATLIB,random_control,resource_allocation_like,UNSATISFIABLE,UNSATISFIABLE,5,5,UNSATISFIABLE,UNSATISFIABLE,UNSATISFIABLE,UNSATISFIABLE,UNSATISFIABLE,False,False,True
uuf200-025.cnf,SATLIB,random_control,resource_allocation_like,UNSATISFIABLE,UNSATISFIABLE,5,5,UNSATISFIABLE,UNSATISFIABLE,UNSATISFIABLE,UNSATISFIABLE,UNSATISFIABLE,False,False,True
uuf200-026.cnf,SATLIB,random_control,resource_allocation_like,UNSATISFIABLE,UNSATISFIABLE,5,5,UNSATISFIABLE,UNSATISFIABLE,UNSATISFIABLE,UNSATISFIABLE,UNSATISFIABLE,False,False,True
uuf200-027.cnf,SATLIB,random_control,resource_allocation_like,UNSATISFIABLE,UNSATISFIABLE,5,5,UNSATISFIABLE,UNSATISFIABLE,UNSATISFIABLE,UNSATISFIABLE,UNSATISFIABLE,False,False,True
uuf200-028.cnf,SATLIB,random_control,resource_allocation_like,UNSATISFIABLE,UNSATISFIABLE,5,5,UNSATISFIABLE,UNSATISFIABLE,UNSATISFIABLE,UNSATISFIABLE,UNSATISFIABLE,False,False,True
uuf200-029.cnf,SATLIB,random_control,resource_allocation_like,UNSATISFIABLE,UNSATISFIABLE,5,5,UNSATISFIABLE,UNSATISFIABLE,UNSATISFIABLE,UNSATISFIABLE,UNSATISFIABLE,False,False,True
uuf200-030.cnf,SATLIB,random_control,resource_allocation_like,UNSATISFIABLE,UNSATISFIABLE,5,5,UNSATISFIABLE,UNSATISFIABLE,UNSATISFIABLE,UNSATISFIABLE,UNSATISFIABLE,False,False,True
uuf200-031.cnf,SATLIB,random_control,resource_allocation_like,UNSATISFIABLE,UNSATISFIABLE,5,5,UNSATISFIABLE,UNSATISFIABLE,UNSATISFIABLE,UNSATISFIABLE,UNSATISFIABLE,False,False,True
uuf200-032.cnf,SATLIB,random_control,resource_allocation_like,UNSATISFIABLE,UNSATISFIABLE,5,5,UNSATISFIABLE,UNSATISFIABLE,UNSATISFIABLE,UNSATISFIABLE,UNSATISFIABLE,False,False,True
uuf200-033.cnf,SATLIB,random_control,resource_allocation_like,UNSATISFIABLE,UNSATISFIABLE,5,5,UNSATISFIABLE,UNSATISFIABLE,UNSATISFIABLE,UNSATISFIABLE,UNSATISFIABLE,False,False,True
uuf200-034.cnf,SATLIB,random_control,resource_allocation_like,UNSATISFIABLE,UNSATISFIABLE,5,5,UNSATISFIABLE,UNSATISFIABLE,UNSATISFIABLE,UNSATISFIABLE,UNSATISFIABLE,False,False,True
uuf200-035.cnf,SATLIB,random_control,resource_allocation_like,UNSATISFIABLE,UNSATISFIABLE,5,5,UNSATISFIABLE,UNSATISFIABLE,UNSATISFIABLE,UNSATISFIABLE,UNSATISFIABLE,False,False,True
uuf200-037.cnf,SATLIB,random_control,resource_allocation_like,UNSATISFIABLE,UNSATISFIABLE,5,5,UNSATISFIABLE,UNSATISFIABLE,UNSATISFIABLE,UNSATISFIABLE,UNSATISFIABLE,False,False,True
uuf200-038.cnf,SATLIB,random_control,resource_allocation_like,UNSATISFIABLE,UNSATISFIABLE,5,5,UNSATISFIABLE,UNSATISFIABLE,UNSATISFIABLE,UNSATISFIABLE,UNSATISFIABLE,False,False,True
uuf200-039.cnf,SATLIB,random_control,resource_allocation_like,UNSATISFIABLE,UNSATISFIABLE,5,5,UNSATISFIABLE,UNSATISFIABLE,UNSATISFIABLE,UNSATISFIABLE,UNSATISFIABLE,False,False,True
uuf200-04.cnf,SATLIB,random_control,resource_allocation_like,UNSATISFIABLE,UNSATISFIABLE,5,5,UNSATISFIABLE,UNSATISFIABLE,UNSATISFIABLE,UNSATISFIABLE,UNSATISFIABLE,False,False,True
uuf200-040.cnf,SATLIB,random_control,resource_allocation_like,UNSATISFIABLE,UNSATISFIABLE,5,5,UNSATISFIABLE,UNSATISFIABLE,UNSATISFIABLE,UNSATISFIABLE,UNSATISFIABLE,False,False,True
uuf200-041.cnf,SATLIB,random_control,resource_allocation_like,UNSATISFIABLE,UNSATISFIABLE,5,5,UNSATISFIABLE,UNSATISFIABLE,UNSATISFIABLE,UNSATISFIABLE,UNSATISFIABLE,False,False,True
uuf200-042.cnf,SATLIB,random_control,resource_allocation_like,UNSATISFIABLE,UNSATISFIABLE,5,5,UNSATISFIABLE,UNSATISFIABLE,UNSATISFIABLE,UNSATISFIABLE,UNSATISFIABLE,False,False,True
uuf200-043.cnf,SATLIB,random_control,resource_allocation_like,UNSATISFIABLE,UNSATISFIABLE,5,5,UNSATISFIABLE,UNSATISFIABLE,UNSATISFIABLE,UNSATISFIABLE,UNSATISFIABLE,False,False,True
uuf200-044.cnf,SATLIB,random_control,resource_allocation_like,UNSATISFIABLE,UNSATISFIABLE,5,5,UNSATISFIABLE,UNSATISFIABLE,UNSATISFIABLE,UNSATISFIABLE,UNSATISFIABLE,False,False,True
uuf200-045.cnf,SATLIB,random_control,resource_allocation_like,UNSATISFIABLE,UNSATISFIABLE,5,5,UNSATISFIABLE,UNSATISFIABLE,UNSATISFIABLE,UNSATISFIABLE,UNSATISFIABLE,False,False,True
uuf200-046.cnf,SATLIB,random_control,resource_allocation_like,UNSATISFIABLE,UNSATISFIABLE,5,5,UNSATISFIABLE,UNSATISFIABLE,UNSATISFIABLE,UNSATISFIABLE,UNSATISFIABLE,False,False,True
uuf200-047.cnf,SATLIB,random_control,resource_allocation_like,UNSATISFIABLE,UNSATISFIABLE,5,5,UNSATISFIABLE,UNSATISFIABLE,UNSATISFIABLE,UNSATISFIABLE,UNSATISFIABLE,False,False,True
uuf200-048.cnf,SATLIB,random_control,resource_allocation_like,UNSATISFIABLE,UNSATISFIABLE,5,5,UNSATISFIABLE,UNSATISFIABLE,UNSATISFIABLE,UNSATISFIABLE,UNSATISFIABLE,False,False,True
uuf200-049.cnf,SATLIB,random_control,resource_allocation_like,UNSATISFIABLE,UNSATISFIABLE,5,5,UNSATISFIABLE,UNSATISFIABLE,UNSATISFIABLE,UNSATISFIABLE,UNSATISFIABLE,False,False,True
uuf200-05.cnf,SATLIB,random_control,resource_allocation_like,UNSATISFIABLE,UNSATISFIABLE,5,5,UNSATISFIABLE,UNSATISFIABLE,UNSATISFIABLE,UNSATISFIABLE,UNSATISFIABLE,False,False,True
uuf200-050.cnf,SATLIB,random_control,resource_allocation_like,UNSATISFIABLE,UNSATISFIABLE,5,5,UNSATISFIABLE,UNSATISFIABLE,UNSATISFIABLE,UNSATISFIABLE,UNSATISFIABLE,False,False,True
uuf200-052.cnf,SATLIB,random_control,resource_allocation_like,UNSATISFIABLE,UNSATISFIABLE,5,5,UNSATISFIABLE,UNSATISFIABLE,UNSATISFIABLE,UNSATISFIABLE,UNSATISFIABLE,False,False,True
uuf200-053.cnf,SATLIB,random_control,resource_allocation_like,UNSATISFIABLE,UNSATISFIABLE,5,5,UNSATISFIABLE,UNSATISFIABLE,UNSATISFIABLE,UNSATISFIABLE,UNSATISFIABLE,False,False,True
uuf200-054.cnf,SATLIB,random_control,resource_allocation_like,UNSATISFIABLE,UNSATISFIABLE,5,5,UNSATISFIABLE,UNSATISFIABLE,UNSATISFIABLE,UNSATISFIABLE,UNSATISFIABLE,False,False,True
uuf200-055.cnf,SATLIB,random_control,resource_allocation_like,UNSATISFIABLE,UNSATISFIABLE,5,5,UNSATISFIABLE,UNSATISFIABLE,UNSATISFIABLE,UNSATISFIABLE,UNSATISFIABLE,False,False,True
uuf200-056.cnf,SATLIB,random_control,resource_allocation_like,UNSATISFIABLE,UNSATISFIABLE,5,5,UNSATISFIABLE,UNSATISFIABLE,UNSATISFIABLE,UNSATISFIABLE,UNSATISFIABLE,False,False,True
uuf200-057.cnf,SATLIB,random_control,resource_allocation_like,UNSATISFIABLE,UNSATISFIABLE,5,5,UNSATISFIABLE,UNSATISFIABLE,UNSATISFIABLE,UNSATISFIABLE,UNSATISFIABLE,False,False,True
uuf200-058.cnf,SATLIB,random_control,resource_allocation_like,UNSATISFIABLE,UNSATISFIABLE,5,5,UNSATISFIABLE,UNSATISFIABLE,UNSATISFIABLE,UNSATISFIABLE,UNSATISFIABLE,False,False,True
uuf200-059.cnf,SATLIB,random_control,resource_allocation_like,UNSATISFIABLE,UNSATISFIABLE,5,5,UNSATISFIABLE,UNSATISFIABLE,UNSATISFIABLE,UNSATISFIABLE,UNSATISFIABLE,False,False,True
uuf200-06.cnf,SATLIB,random_control,resource_allocation_like,UNSATISFIABLE,UNSATISFIABLE,5,5,UNSATISFIABLE,UNSATISFIABLE,UNSATISFIABLE,UNSATISFIABLE,UNSATISFIABLE,False,False,True
uuf200-062.cnf,SATLIB,random_control,resource_allocation_like,UNSATISFIABLE,UNSATISFIABLE,5,5,UNSATISFIABLE,UNSATISFIABLE,UNSATISFIABLE,UNSATISFIABLE,UNSATISFIABLE,False,False,True
uuf200-063.cnf,SATLIB,random_control,resource_allocation_like,UNSATISFIABLE,UNSATISFIABLE,5,5,UNSATISFIABLE,UNSATISFIABLE,UNSATISFIABLE,UNSATISFIABLE,UNSATISFIABLE,False,False,True
uuf200-064.cnf,SATLIB,random_control,resource_allocation_like,UNSATISFIABLE,UNSATISFIABLE,5,5,UNSATISFIABLE,UNSATISFIABLE,UNSATISFIABLE,UNSATISFIABLE,UNSATISFIABLE,False,False,True
uuf200-065.cnf,SATLIB,random_control,resource_allocation_like,UNSATISFIABLE,UNSATISFIABLE,5,5,UNSATISFIABLE,UNSATISFIABLE,UNSATISFIABLE,UNSATISFIABLE,UNSATISFIABLE,False,False,True
uuf200-066.cnf,SATLIB,random_control,resource_allocation_like,UNSATISFIABLE,UNSATISFIABLE,5,5,UNSATISFIABLE,UNSATISFIABLE,UNSATISFIABLE,UNSATISFIABLE,UNSATISFIABLE,False,False,True
uuf200-067.cnf,SATLIB,random_control,resource_allocation_like,UNSATISFIABLE,UNSATISFIABLE,5,5,UNSATISFIABLE,UNSATISFIABLE,UNSATISFIABLE,UNSATISFIABLE,UNSATISFIABLE,False,False,True
uuf200-069.cnf,SATLIB,random_control,resource_allocation_like,UNSATISFIABLE,UNSATISFIABLE,5,5,UNSATISFIABLE,UNSATISFIABLE,UNSATISFIABLE,UNSATISFIABLE,UNSATISFIABLE,False,False,True
uuf200-070.cnf,SATLIB,random_control,resource_allocation_like,UNSATISFIABLE,UNSATISFIABLE,5,5,UNSATISFIABLE,UNSATISFIABLE,UNSATISFIABLE,UNSATISFIABLE,UNSATISFIABLE,False,False,True
uuf200-071.cnf,SATLIB,random_control,resource_allocation_like,UNSATISFIABLE,UNSATISFIABLE,5,5,UNSATISFIABLE,UNSATISFIABLE,UNSATISFIABLE,UNSATISFIABLE,UNSATISFIABLE,False,False,True
uuf200-072.cnf,SATLIB,random_control,resource_allocation_like,UNSATISFIABLE,UNSATISFIABLE,5,5,UNSATISFIABLE,UNSATISFIABLE,UNSATISFIABLE,UNSATISFIABLE,UNSATISFIABLE,False,False,True
uuf200-073.cnf,SATLIB,random_control,resource_allocation_like,UNSATISFIABLE,UNSATISFIABLE,5,5,UNSATISFIABLE,UNSATISFIABLE,UNSATISFIABLE,UNSATISFIABLE,UNSATISFIABLE,False,False,True
uuf200-074.cnf,SATLIB,random_control,resource_allocation_like,UNSATISFIABLE,UNSATISFIABLE,5,5,UNSATISFIABLE,UNSATISFIABLE,UNSATISFIABLE,UNSATISFIABLE,UNSATISFIABLE,False,False,True
uuf200-075.cnf,SATLIB,random_control,resource_allocation_like,UNSATISFIABLE,UNSATISFIABLE,5,5,UNSATISFIABLE,UNSATISFIABLE,UNSATISFIABLE,UNSATISFIABLE,UNSATISFIABLE,False,False,True
uuf200-076.cnf,SATLIB,random_control,resource_allocation_like,UNSATISFIABLE,UNSATISFIABLE,5,5,UNSATISFIABLE,UNSATISFIABLE,UNSATISFIABLE,UNSATISFIABLE,UNSATISFIABLE,False,False,True
uuf200-077.cnf,SATLIB,random_control,resource_allocation_like,UNSATISFIABLE,UNSATISFIABLE,5,5,UNSATISFIABLE,UNSATISFIABLE,UNSATISFIABLE,UNSATISFIABLE,UNSATISFIABLE,False,False,True
uuf200-078.cnf,SATLIB,random_control,resource_allocation_like,UNSATISFIABLE,UNSATISFIABLE,5,5,UNSATISFIABLE,UNSATISFIABLE,UNSATISFIABLE,UNSATISFIABLE,UNSATISFIABLE,False,False,True
uuf200-08.cnf,SATLIB,random_control,resource_allocation_like,UNSATISFIABLE,UNSATISFIABLE,5,5,UNSATISFIABLE,UNSATISFIABLE,UNSATISFIABLE,UNSATISFIABLE,UNSATISFIABLE,False,False,True
uuf200-080.cnf,SATLIB,random_control,resource_allocation_like,UNSATISFIABLE,UNSATISFIABLE,5,5,UNSATISFIABLE,UNSATISFIABLE,UNSATISFIABLE,UNSATISFIABLE,UNSATISFIABLE,False,False,True
uuf200-081.cnf,SATLIB,random_control,resource_allocation_like,UNSATISFIABLE,UNSATISFIABLE,5,5,UNSATISFIABLE,UNSATISFIABLE,UNSATISFIABLE,UNSATISFIABLE,UNSATISFIABLE,False,False,True
uuf200-084.cnf,SATLIB,random_control,resource_allocation_like,UNSATISFIABLE,UNSATISFIABLE,5,5,UNSATISFIABLE,UNSATISFIABLE,UNSATISFIABLE,UNSATISFIABLE,UNSATISFIABLE,False,False,True
uuf200-086.cnf,SATLIB,random_control,resource_allocation_like,UNSATISFIABLE,UNSATISFIABLE,5,5,UNSATISFIABLE,UNSATISFIABLE,UNSATISFIABLE,UNSATISFIABLE,UNSATISFIABLE,False,False,True
uuf200-087.cnf,SATLIB,random_control,resource_allocation_like,UNSATISFIABLE,UNSATISFIABLE,5,5,UNSATISFIABLE,UNSATISFIABLE,UNSATISFIABLE,UNSATISFIABLE,UNSATISFIABLE,False,False,True
uuf200-088.cnf,SATLIB,random_control,resource_allocation_like,UNSATISFIABLE,UNSATISFIABLE,5,5,UNSATISFIABLE,UNSATISFIABLE,UNSATISFIABLE,UNSATISFIABLE,UNSATISFIABLE,False,False,True
uuf200-09.cnf,SATLIB,random_control,resource_allocation_like,UNSATISFIABLE,UNSATISFIABLE,5,5,UNSATISFIABLE,UNSATISFIABLE,UNSATISFIABLE,UNSATISFIABLE,UNSATISFIABLE,False,False,True
uuf200-090.cnf,SATLIB,random_control,resource_allocation_like,UNSATISFIABLE,UNSATISFIABLE,5,5,UNSATISFIABLE,UNSATISFIABLE,UNSATISFIABLE,UNSATISFIABLE,UNSATISFIABLE,False,False,True
uuf200-091.cnf,SATLIB,random_control,resource_allocation_like,UNSATISFIABLE,UNSATISFIABLE,5,5,UNSATISFIABLE,UNSATISFIABLE,UNSATISFIABLE,UNSATISFIABLE,UNSATISFIABLE,False,False,True
uuf200-092.cnf,SATLIB,random_control,resource_allocation_like,UNSATISFIABLE,UNSATISFIABLE,5,5,UNSATISFIABLE,UNSATISFIABLE,UNSATISFIABLE,UNSATISFIABLE,UNSATISFIABLE,False,False,True
uuf200-093.cnf,SATLIB,random_control,resource_allocation_like,UNSATISFIABLE,UNSATISFIABLE,5,5,UNSATISFIABLE,UNSATISFIABLE,UNSATISFIABLE,UNSATISFIABLE,UNSATISFIABLE,False,False,True
uuf200-094.cnf,SATLIB,random_control,resource_allocation_like,UNSATISFIABLE,UNSATISFIABLE,5,5,UNSATISFIABLE,UNSATISFIABLE,UNSATISFIABLE,UNSATISFIABLE,UNSATISFIABLE,False,False,True
uuf200-095.cnf,SATLIB,random_control,resource_allocation_like,UNSATISFIABLE,UNSATISFIABLE,5,5,UNSATISFIABLE,UNSATISFIABLE,UNSATISFIABLE,UNSATISFIABLE,UNSATISFIABLE,False,False,True
uuf200-097.cnf,SATLIB,random_control,resource_allocation_like,UNSATISFIABLE,UNSATISFIABLE,5,5,UNSATISFIABLE,UNSATISFIABLE,UNSATISFIABLE,UNSATISFIABLE,UNSATISFIABLE,False,False,True
uuf200-098.cnf,SATLIB,random_control,resource_allocation_like,UNSATISFIABLE,UNSATISFIABLE,5,5,UNSATISFIABLE,UNSATISFIABLE,UNSATISFIABLE,UNSATISFIABLE,UNSATISFIABLE,False,False,True
uuf200-099.cnf,SATLIB,random_control,resource_allocation_like,UNSATISFIABLE,UNSATISFIABLE,5,5,UNSATISFIABLE,UNSATISFIABLE,UNSATISFIABLE,UNSATISFIABLE,UNSATISFIABLE,False,False,True
uuf250-01.cnf,SATLIB,random_control,resource_allocation_like,UNSATISFIABLE,UNSATISFIABLE,5,5,UNSATISFIABLE,UNSATISFIABLE,UNSATISFIABLE,UNSATISFIABLE,UNSATISFIABLE,False,False,True
uuf250-010.cnf,SATLIB,random_control,resource_allocation_like,UNSATISFIABLE,UNSATISFIABLE,5,5,UNSATISFIABLE,UNSATISFIABLE,UNSATISFIABLE,UNSATISFIABLE,UNSATISFIABLE,False,False,True
uuf250-0100.cnf,SATLIB,random_control,resource_allocation_like,UNSATISFIABLE,UNSATISFIABLE,5,5,UNSATISFIABLE,UNSATISFIABLE,UNSATISFIABLE,UNSATISFIABLE,UNSATISFIABLE,False,False,True
uuf250-011.cnf,SATLIB,random_control,resource_allocation_like,UNSATISFIABLE,UNSATISFIABLE,5,5,UNSATISFIABLE,UNSATISFIABLE,UNSATISFIABLE,UNSATISFIABLE,UNSATISFIABLE,False,False,True
uuf250-012.cnf,SATLIB,random_control,resource_allocation_like,UNSATISFIABLE,UNSATISFIABLE,5,5,UNSATISFIABLE,UNSATISFIABLE,UNSATISFIABLE,UNSATISFIABLE,UNSATISFIABLE,False,False,True
uuf250-013.cnf,SATLIB,random_control,resource_allocation_like,UNSATISFIABLE,UNSATISFIABLE,5,5,UNSATISFIABLE,UNSATISFIABLE,UNSATISFIABLE,UNSATISFIABLE,UNSATISFIABLE,False,False,True
uuf250-014.cnf,SATLIB,random_control,resource_allocation_like,UNSATISFIABLE,UNSATISFIABLE,5,5,UNSATISFIABLE,UNSATISFIABLE,UNSATISFIABLE,UNSATISFIABLE,UNSATISFIABLE,False,False,True
uuf250-015.cnf,SATLIB,random_control,resource_allocation_like,UNSATISFIABLE,UNSATISFIABLE,5,5,UNSATISFIABLE,UNSATISFIABLE,UNSATISFIABLE,UNSATISFIABLE,UNSATISFIABLE,False,False,True
uuf250-019.cnf,SATLIB,random_control,resource_allocation_like,UNSATISFIABLE,UNSATISFIABLE,5,5,UNSATISFIABLE,UNSATISFIABLE,UNSATISFIABLE,UNSATISFIABLE,UNSATISFIABLE,False,False,True
uuf250-02.cnf,SATLIB,random_control,resource_allocation_like,UNSATISFIABLE,UNSATISFIABLE,5,5,UNSATISFIABLE,UNSATISFIABLE,UNSATISFIABLE,UNSATISFIABLE,UNSATISFIABLE,False,False,True
uuf250-022.cnf,SATLIB,random_control,resource_allocation_like,UNSATISFIABLE,UNSATISFIABLE,5,5,UNSATISFIABLE,UNSATISFIABLE,UNSATISFIABLE,UNSATISFIABLE,UNSATISFIABLE,False,False,True
uuf250-023.cnf,SATLIB,random_control,resource_allocation_like,UNSATISFIABLE,UNSATISFIABLE,5,5,UNSATISFIABLE,UNSATISFIABLE,UNSATISFIABLE,UNSATISFIABLE,UNSATISFIABLE,False,False,True
uuf250-027.cnf,SATLIB,random_control,resource_allocation_like,UNSATISFIABLE,UNSATISFIABLE,5,5,UNSATISFIABLE,UNSATISFIABLE,UNSATISFIABLE,UNSATISFIABLE,UNSATISFIABLE,False,False,True
uuf250-028.cnf,SATLIB,random_control,resource_allocation_like,UNSATISFIABLE,UNSATISFIABLE,5,5,UNSATISFIABLE,UNSATISFIABLE,UNSATISFIABLE,UNSATISFIABLE,UNSATISFIABLE,False,False,True
uuf250-03.cnf,SATLIB,random_control,resource_allocation_like,UNSATISFIABLE,UNSATISFIABLE,5,5,UNSATISFIABLE,UNSATISFIABLE,UNSATISFIABLE,UNSATISFIABLE,UNSATISFIABLE,False,False,True
uuf250-030.cnf,SATLIB,random_control,resource_allocation_like,UNSATISFIABLE,UNSATISFIABLE,5,5,UNSATISFIABLE,UNSATISFIABLE,UNSATISFIABLE,UNSATISFIABLE,UNSATISFIABLE,False,False,True
uuf250-031.cnf,SATLIB,random_control,resource_allocation_like,UNSATISFIABLE,UNSATISFIABLE,5,5,UNSATISFIABLE,UNSATISFIABLE,UNSATISFIABLE,UNSATISFIABLE,UNSATISFIABLE,False,False,True
uuf250-032.cnf,SATLIB,random_control,resource_allocation_like,UNSATISFIABLE,UNSATISFIABLE,5,5,UNSATISFIABLE,UNSATISFIABLE,UNSATISFIABLE,UNSATISFIABLE,UNSATISFIABLE,False,False,True
uuf250-034.cnf,SATLIB,random_control,resource_allocation_like,UNSATISFIABLE,UNSATISFIABLE,5,5,UNSATISFIABLE,UNSATISFIABLE,UNSATISFIABLE,UNSATISFIABLE,UNSATISFIABLE,False,False,True
uuf250-035.cnf,SATLIB,random_control,resource_allocation_like,UNSATISFIABLE,UNSATISFIABLE,5,5,UNSATISFIABLE,UNSATISFIABLE,UNSATISFIABLE,UNSATISFIABLE,UNSATISFIABLE,False,False,True
uuf250-036.cnf,SATLIB,random_control,resource_allocation_like,UNSATISFIABLE,UNSATISFIABLE,5,5,UNSATISFIABLE,UNSATISFIABLE,UNSATISFIABLE,UNSATISFIABLE,UNSATISFIABLE,False,False,True
uuf250-038.cnf,SATLIB,random_control,resource_allocation_like,UNSATISFIABLE,UNSATISFIABLE,5,5,UNSATISFIABLE,UNSATISFIABLE,UNSATISFIABLE,UNSATISFIABLE,UNSATISFIABLE,False,False,True
uuf250-039.cnf,SATLIB,random_control,resource_allocation_like,UNSATISFIABLE,UNSATISFIABLE,5,5,UNSATISFIABLE,UNSATISFIABLE,UNSATISFIABLE,UNSATISFIABLE,UNSATISFIABLE,False,False,True
uuf250-04.cnf,SATLIB,random_control,resource_allocation_like,UNSATISFIABLE,UNSATISFIABLE,5,5,UNSATISFIABLE,UNSATISFIABLE,UNSATISFIABLE,UNSATISFIABLE,UNSATISFIABLE,False,False,True
uuf250-040.cnf,SATLIB,random_control,resource_allocation_like,UNSATISFIABLE,UNSATISFIABLE,5,5,UNSATISFIABLE,UNSATISFIABLE,UNSATISFIABLE,UNSATISFIABLE,UNSATISFIABLE,False,False,True
uuf250-041.cnf,SATLIB,random_control,resource_allocation_like,UNSATISFIABLE,UNSATISFIABLE,5,5,UNSATISFIABLE,UNSATISFIABLE,UNSATISFIABLE,UNSATISFIABLE,UNSATISFIABLE,False,False,True
uuf250-042.cnf,SATLIB,random_control,resource_allocation_like,UNSATISFIABLE,UNSATISFIABLE,5,5,UNSATISFIABLE,UNSATISFIABLE,UNSATISFIABLE,UNSATISFIABLE,UNSATISFIABLE,False,False,True
uuf250-043.cnf,SATLIB,random_control,resource_allocation_like,UNSATISFIABLE,UNSATISFIABLE,5,5,UNSATISFIABLE,UNSATISFIABLE,UNSATISFIABLE,UNSATISFIABLE,UNSATISFIABLE,False,False,True
uuf250-045.cnf,SATLIB,random_control,resource_allocation_like,UNSATISFIABLE,UNSATISFIABLE,5,5,UNSATISFIABLE,UNSATISFIABLE,UNSATISFIABLE,UNSATISFIABLE,UNSATISFIABLE,False,False,True
uuf250-046.cnf,SATLIB,random_control,resource_allocation_like,UNSATISFIABLE,UNSATISFIABLE,5,5,UNSATISFIABLE,UNSATISFIABLE,UNSATISFIABLE,UNSATISFIABLE,UNSATISFIABLE,False,False,True
uuf250-047.cnf,SATLIB,random_control,resource_allocation_like,UNSATISFIABLE,UNSATISFIABLE,5,5,UNSATISFIABLE,UNSATISFIABLE,UNSATISFIABLE,UNSATISFIABLE,UNSATISFIABLE,False,False,True
uuf250-048.cnf,SATLIB,random_control,resource_allocation_like,UNSATISFIABLE,UNSATISFIABLE,5,5,UNSATISFIABLE,UNSATISFIABLE,UNSATISFIABLE,UNSATISFIABLE,UNSATISFIABLE,False,False,True
uuf250-049.cnf,SATLIB,random_control,resource_allocation_like,UNSATISFIABLE,UNSATISFIABLE,5,5,UNSATISFIABLE,UNSATISFIABLE,UNSATISFIABLE,UNSATISFIABLE,UNSATISFIABLE,False,False,True
uuf250-05.cnf,SATLIB,random_control,resource_allocation_like,UNSATISFIABLE,UNSATISFIABLE,5,5,UNSATISFIABLE,UNSATISFIABLE,UNSATISFIABLE,UNSATISFIABLE,UNSATISFIABLE,False,False,True
uuf250-050.cnf,SATLIB,random_control,resource_allocation_like,UNSATISFIABLE,UNSATISFIABLE,5,5,UNSATISFIABLE,UNSATISFIABLE,UNSATISFIABLE,UNSATISFIABLE,UNSATISFIABLE,False,False,True
uuf250-051.cnf,SATLIB,random_control,resource_allocation_like,UNSATISFIABLE,UNSATISFIABLE,5,5,UNSATISFIABLE,UNSATISFIABLE,UNSATISFIABLE,UNSATISFIABLE,UNSATISFIABLE,False,False,True
uuf250-052.cnf,SATLIB,random_control,resource_allocation_like,UNSATISFIABLE,UNSATISFIABLE,5,5,UNSATISFIABLE,UNSATISFIABLE,UNSATISFIABLE,UNSATISFIABLE,UNSATISFIABLE,False,False,True
uuf250-053.cnf,SATLIB,random_control,resource_allocation_like,UNSATISFIABLE,UNSATISFIABLE,5,5,UNSATISFIABLE,UNSATISFIABLE,UNSATISFIABLE,UNSATISFIABLE,UNSATISFIABLE,False,False,True
uuf250-054.cnf,SATLIB,random_control,resource_allocation_like,UNSATISFIABLE,UNSATISFIABLE,5,5,UNSATISFIABLE,UNSATISFIABLE,UNSATISFIABLE,UNSATISFIABLE,UNSATISFIABLE,False,False,True
uuf250-055.cnf,SATLIB,random_control,resource_allocation_like,UNSATISFIABLE,UNSATISFIABLE,5,5,UNSATISFIABLE,UNSATISFIABLE,UNSATISFIABLE,UNSATISFIABLE,UNSATISFIABLE,False,False,True
uuf250-056.cnf,SATLIB,random_control,resource_allocation_like,UNSATISFIABLE,UNSATISFIABLE,5,5,UNSATISFIABLE,UNSATISFIABLE,UNSATISFIABLE,UNSATISFIABLE,UNSATISFIABLE,False,False,True
uuf250-057.cnf,SATLIB,random_control,resource_allocation_like,UNSATISFIABLE,UNSATISFIABLE,5,5,UNSATISFIABLE,UNSATISFIABLE,UNSATISFIABLE,UNSATISFIABLE,UNSATISFIABLE,False,False,True
uuf250-058.cnf,SATLIB,random_control,resource_allocation_like,UNSATISFIABLE,UNSATISFIABLE,5,5,UNSATISFIABLE,UNSATISFIABLE,UNSATISFIABLE,UNSATISFIABLE,UNSATISFIABLE,False,False,True
uuf250-059.cnf,SATLIB,random_control,resource_allocation_like,UNSATISFIABLE,UNSATISFIABLE,5,5,UNSATISFIABLE,UNSATISFIABLE,UNSATISFIABLE,UNSATISFIABLE,UNSATISFIABLE,False,False,True
uuf250-06.cnf,SATLIB,random_control,resource_allocation_like,UNSATISFIABLE,UNSATISFIABLE,5,5,UNSATISFIABLE,UNSATISFIABLE,UNSATISFIABLE,UNSATISFIABLE,UNSATISFIABLE,False,False,True
uuf250-060.cnf,SATLIB,random_control,resource_allocation_like,UNSATISFIABLE,UNSATISFIABLE,5,5,UNSATISFIABLE,UNSATISFIABLE,UNSATISFIABLE,UNSATISFIABLE,UNSATISFIABLE,False,False,True
uuf250-061.cnf,SATLIB,random_control,resource_allocation_like,UNSATISFIABLE,UNSATISFIABLE,5,5,UNSATISFIABLE,UNSATISFIABLE,UNSATISFIABLE,UNSATISFIABLE,UNSATISFIABLE,False,False,True
uuf250-064.cnf,SATLIB,random_control,resource_allocation_like,UNSATISFIABLE,UNSATISFIABLE,5,5,UNSATISFIABLE,UNSATISFIABLE,UNSATISFIABLE,UNSATISFIABLE,UNSATISFIABLE,False,False,True
uuf250-065.cnf,SATLIB,random_control,resource_allocation_like,UNSATISFIABLE,UNSATISFIABLE,5,5,UNSATISFIABLE,UNSATISFIABLE,UNSATISFIABLE,UNSATISFIABLE,UNSATISFIABLE,False,False,True
uuf250-066.cnf,SATLIB,random_control,resource_allocation_like,UNSATISFIABLE,UNSATISFIABLE,5,5,UNSATISFIABLE,UNSATISFIABLE,UNSATISFIABLE,UNSATISFIABLE,UNSATISFIABLE,False,False,True
uuf250-067.cnf,SATLIB,random_control,resource_allocation_like,UNSATISFIABLE,UNSATISFIABLE,5,5,UNSATISFIABLE,UNSATISFIABLE,UNSATISFIABLE,UNSATISFIABLE,UNSATISFIABLE,False,False,True
uuf250-068.cnf,SATLIB,random_control,resource_allocation_like,UNSATISFIABLE,UNSATISFIABLE,5,5,UNSATISFIABLE,UNSATISFIABLE,UNSATISFIABLE,UNSATISFIABLE,UNSATISFIABLE,False,False,True
uuf250-069.cnf,SATLIB,random_control,resource_allocation_like,UNSATISFIABLE,UNSATISFIABLE,5,5,UNSATISFIABLE,UNSATISFIABLE,UNSATISFIABLE,UNSATISFIABLE,UNSATISFIABLE,False,False,True
uuf250-07.cnf,SATLIB,random_control,resource_allocation_like,UNSATISFIABLE,UNSATISFIABLE,5,5,UNSATISFIABLE,UNSATISFIABLE,UNSATISFIABLE,UNSATISFIABLE,UNSATISFIABLE,False,False,True
uuf250-070.cnf,SATLIB,random_control,resource_allocation_like,UNSATISFIABLE,UNSATISFIABLE,5,5,UNSATISFIABLE,UNSATISFIABLE,UNSATISFIABLE,UNSATISFIABLE,UNSATISFIABLE,False,False,True
uuf250-071.cnf,SATLIB,random_control,resource_allocation_like,UNSATISFIABLE,UNSATISFIABLE,5,5,UNSATISFIABLE,UNSATISFIABLE,UNSATISFIABLE,UNSATISFIABLE,UNSATISFIABLE,False,False,True
uuf250-073.cnf,SATLIB,random_control,resource_allocation_like,UNSATISFIABLE,UNSATISFIABLE,5,5,UNSATISFIABLE,UNSATISFIABLE,UNSATISFIABLE,UNSATISFIABLE,UNSATISFIABLE,False,False,True
uuf250-074.cnf,SATLIB,random_control,resource_allocation_like,UNSATISFIABLE,UNSATISFIABLE,5,5,UNSATISFIABLE,UNSATISFIABLE,UNSATISFIABLE,UNSATISFIABLE,UNSATISFIABLE,False,False,True
uuf250-076.cnf,SATLIB,random_control,resource_allocation_like,UNSATISFIABLE,UNSATISFIABLE,5,5,UNSATISFIABLE,UNSATISFIABLE,UNSATISFIABLE,UNSATISFIABLE,UNSATISFIABLE,False,False,True
uuf250-078.cnf,SATLIB,random_control,resource_allocation_like,UNSATISFIABLE,UNSATISFIABLE,5,5,UNSATISFIABLE,UNSATISFIABLE,UNSATISFIABLE,UNSATISFIABLE,UNSATISFIABLE,False,False,True
uuf250-079.cnf,SATLIB,random_control,resource_allocation_like,UNSATISFIABLE,UNSATISFIABLE,5,5,UNSATISFIABLE,UNSATISFIABLE,UNSATISFIABLE,UNSATISFIABLE,UNSATISFIABLE,False,False,True
uuf250-08.cnf,SATLIB,random_control,resource_allocation_like,UNSATISFIABLE,UNSATISFIABLE,5,5,UNSATISFIABLE,UNSATISFIABLE,UNSATISFIABLE,UNSATISFIABLE,UNSATISFIABLE,False,False,True
uuf250-080.cnf,SATLIB,random_control,resource_allocation_like,UNSATISFIABLE,UNSATISFIABLE,5,5,UNSATISFIABLE,UNSATISFIABLE,UNSATISFIABLE,UNSATISFIABLE,UNSATISFIABLE,False,False,True
uuf250-081.cnf,SATLIB,random_control,resource_allocation_like,UNSATISFIABLE,UNSATISFIABLE,5,5,UNSATISFIABLE,UNSATISFIABLE,UNSATISFIABLE,UNSATISFIABLE,UNSATISFIABLE,False,False,True
uuf250-082.cnf,SATLIB,random_control,resource_allocation_like,UNSATISFIABLE,UNSATISFIABLE,5,5,UNSATISFIABLE,UNSATISFIABLE,UNSATISFIABLE,UNSATISFIABLE,UNSATISFIABLE,False,False,True
uuf250-083.cnf,SATLIB,random_control,resource_allocation_like,UNSATISFIABLE,UNSATISFIABLE,5,5,UNSATISFIABLE,UNSATISFIABLE,UNSATISFIABLE,UNSATISFIABLE,UNSATISFIABLE,False,False,True
uuf250-084.cnf,SATLIB,random_control,resource_allocation_like,UNSATISFIABLE,UNSATISFIABLE,5,5,UNSATISFIABLE,UNSATISFIABLE,UNSATISFIABLE,UNSATISFIABLE,UNSATISFIABLE,False,False,True
uuf250-085.cnf,SATLIB,random_control,resource_allocation_like,UNSATISFIABLE,UNSATISFIABLE,5,5,UNSATISFIABLE,UNSATISFIABLE,UNSATISFIABLE,UNSATISFIABLE,UNSATISFIABLE,False,False,True
uuf250-086.cnf,SATLIB,random_control,resource_allocation_like,UNSATISFIABLE,UNSATISFIABLE,5,5,UNSATISFIABLE,UNSATISFIABLE,UNSATISFIABLE,UNSATISFIABLE,UNSATISFIABLE,False,False,True
uuf250-087.cnf,SATLIB,random_control,resource_allocation_like,UNSATISFIABLE,UNSATISFIABLE,5,5,UNSATISFIABLE,UNSATISFIABLE,UNSATISFIABLE,UNSATISFIABLE,UNSATISFIABLE,False,False,True
uuf250-088.cnf,SATLIB,random_control,resource_allocation_like,UNSATISFIABLE,UNSATISFIABLE,5,5,UNSATISFIABLE,UNSATISFIABLE,UNSATISFIABLE,UNSATISFIABLE,UNSATISFIABLE,False,False,True
uuf250-089.cnf,SATLIB,random_control,resource_allocation_like,UNSATISFIABLE,UNSATISFIABLE,5,5,UNSATISFIABLE,UNSATISFIABLE,UNSATISFIABLE,UNSATISFIABLE,UNSATISFIABLE,False,False,True
uuf250-09.cnf,SATLIB,random_control,resource_allocation_like,UNSATISFIABLE,UNSATISFIABLE,5,5,UNSATISFIABLE,UNSATISFIABLE,UNSATISFIABLE,UNSATISFIABLE,UNSATISFIABLE,False,False,True
uuf250-090.cnf,SATLIB,random_control,resource_allocation_like,UNSATISFIABLE,UNSATISFIABLE,5,5,UNSATISFIABLE,UNSATISFIABLE,UNSATISFIABLE,UNSATISFIABLE,UNSATISFIABLE,False,False,True
uuf250-091.cnf,SATLIB,random_control,resource_allocation_like,UNSATISFIABLE,UNSATISFIABLE,5,5,UNSATISFIABLE,UNSATISFIABLE,UNSATISFIABLE,UNSATISFIABLE,UNSATISFIABLE,False,False,True
uuf250-093.cnf,SATLIB,random_control,resource_allocation_like,UNSATISFIABLE,UNSATISFIABLE,5,5,UNSATISFIABLE,UNSATISFIABLE,UNSATISFIABLE,UNSATISFIABLE,UNSATISFIABLE,False,False,True
uuf250-095.cnf,SATLIB,random_control,resource_allocation_like,UNSATISFIABLE,UNSATISFIABLE,5,5,UNSATISFIABLE,UNSATISFIABLE,UNSATISFIABLE,UNSATISFIABLE,UNSATISFIABLE,False,False,True
uuf250-096.cnf,SATLIB,random_control,resource_allocation_like,UNSATISFIABLE,UNSATISFIABLE,5,5,UNSATISFIABLE,UNSATISFIABLE,UNSATISFIABLE,UNSATISFIABLE,UNSATISFIABLE,False,False,True
uuf250-097.cnf,SATLIB,random_control,resource_allocation_like,UNSATISFIABLE,UNSATISFIABLE,5,5,UNSATISFIABLE,UNSATISFIABLE,UNSATISFIABLE,UNSATISFIABLE,UNSATISFIABLE,False,False,True
uuf250-099.cnf,SATLIB,random_control,resource_allocation_like,UNSATISFIABLE,UNSATISFIABLE,5,5,UNSATISFIABLE,UNSATISFIABLE,UNSATISFIABLE,UNSATISFIABLE,UNSATISFIABLE,False,False,True
