instance,mode,seed,parse_ms,gate_ms,recovery_ms,registry_ms,flow_ms,witness_ms,fallback_ms,fallback_serialize_ms,fallback_overhead_ms,total_end_to_end_ms,structural_result,fallback_used,peak_rss_kb
bmc-galileo-8.cnf,C_lkk_cadical,1,225.279,204.659,0,0,0,0,855.334,0,0,1336.12,UNKNOWN,True,86152
bmc-galileo-8.cnf,D_lkk_kissat,1,245.27,128.089,0,0,0,0,265.847,84.3938,130.241,777.591,UNKNOWN,True,46976
bmc-galileo-8.cnf,E_lkk_selector,1,192.085,192.562,0,0,0,0,246.556,84.7723,121.329,764.4,UNKNOWN,True,46100
bmc-ibm-10.cnf,C_lkk_cadical,1,212.985,198.004,0,0,0,0,703.687,0,0,1178.55,UNKNOWN,True,85464
bmc-ibm-10.cnf,D_lkk_kissat,1,216.315,193.462,0,0,0,0,336.333,102.605,148.938,911.238,UNKNOWN,True,51020
bmc-ibm-10.cnf,E_lkk_selector,1,232.641,184.118,0,0,0,0,340.855,101.947,142.802,927.259,UNKNOWN,True,52008
bmc-ibm-11.cnf,D_lkk_kissat,1,92.2361,51.7059,0,0,0,0,550.643,46.5444,-402.813,765.583,UNKNOWN,True,26044
bmc-ibm-11.cnf,E_lkk_selector,1,102.79,59.2648,0,0,0,0,626.299,50.6085,-323.092,865.154,UNKNOWN,True,26952
bmc-ibm-11.cnf,C_lkk_cadical,1,111.771,65.4778,0,0,0,0,455.872,0,0,651.723,UNKNOWN,True,46192
bmc-ibm-12.cnf,E_lkk_selector,1,135.135,107.449,0,0,0,0,1522.33,86.1104,608.445,1903.73,UNKNOWN,True,34108
bmc-ibm-12.cnf,C_lkk_cadical,1,162.703,110.378,0,0,0,0,1646.45,0,0,1967.47,UNKNOWN,True,64712
bmc-ibm-12.cnf,D_lkk_kissat,1,134.664,107.043,0,0,0,0,1404.09,74.6236,478.709,1760.41,UNKNOWN,True,33992
bmc-ibm-13.cnf,C_lkk_cadical,1,36.9574,16.8659,0,0,0,0,119.07,0,0,179.801,UNKNOWN,True,22148
bmc-ibm-13.cnf,D_lkk_kissat,1,45.8293,17.7881,0,0,0,0,495.561,21.3953,56.9566,596.263,UNKNOWN,True,14764
bmc-ibm-13.cnf,E_lkk_selector,1,41.0445,16.9108,0,0,0,0,110.316,0,0,175.762,UNKNOWN,True,22044
bmc-ibm-1.cnf,C_lkk_cadical,1,31.3121,16.1062,0,0,0,0,67.8635,0,0,121.07,UNKNOWN,True,17900
bmc-ibm-1.cnf,D_lkk_kissat,1,43.9906,21.015,0,0,0,0,133.871,22.9999,46.8711,234.873,UNKNOWN,True,12048
bmc-ibm-1.cnf,E_lkk_selector,1,30.5895,15.5619,0,0,0,0,65.8079,0,0,117.8,UNKNOWN,True,18072
bmc-ibm-2.cnf,C_lkk_cadical,1,18.4272,3.11797,4.63495,1.37894,0,0,3.89336,0,0,34.8125,UNKNOWN,True,8844
bmc-ibm-2.cnf,D_lkk_kissat,1,10.7176,3.06926,4.74965,1.4271,0,0,37.9833,5.74672,23.73,72.8758,UNKNOWN,True,7140
bmc-ibm-2.cnf,E_lkk_selector,1,7.59362,2.45634,3.64431,1.20005,0,0,79.5116,4.45586,53.9674,111.834,UNKNOWN,True,7104
bmc-ibm-3.cnf,D_lkk_kissat,1,52.314,26.3975,0,0,0,0,151.237,28.9582,60.1949,274.768,UNKNOWN,True,14172
bmc-ibm-3.cnf,E_lkk_selector,1,72.6596,28.5395,0,0,0,0,100.223,0,0,210.752,UNKNOWN,True,23888
bmc-ibm-3.cnf,C_lkk_cadical,1,48.5235,25.9244,0,0,0,0,94.6739,0,0,178.268,UNKNOWN,True,23060
bmc-ibm-4.cnf,E_lkk_selector,1,118.884,55.8729,0,0,0,0,211.439,63.5066,104.946,477.661,UNKNOWN,True,24200
bmc-ibm-4.cnf,C_lkk_cadical,1,106.075,73.9046,0,0,0,0,103.753,0,0,305.116,UNKNOWN,True,36588
bmc-ibm-4.cnf,D_lkk_kissat,1,86.9906,43.2031,0,0,0,0,171.898,47.2675,79.1652,370.748,UNKNOWN,True,24480
bmc-ibm-5.cnf,C_lkk_cadical,1,25.6536,13.0873,0,0,0,0,12.242,0,0,57.1325,UNKNOWN,True,13736
bmc-ibm-5.cnf,D_lkk_kissat,1,24.0366,12.6974,0,0,0,0,68.74,17.613,36.353,136.037,UNKNOWN,True,9520
bmc-ibm-5.cnf,E_lkk_selector,1,27.9544,9.81278,0,0,0,0,11.4658,0,0,54.1238,UNKNOWN,True,13800
bmc-ibm-6.cnf,C_lkk_cadical,1,239.351,263.887,0,0,0,0,482.979,0,0,1057.8,UNKNOWN,True,96564
bmc-ibm-6.cnf,D_lkk_kissat,1,215.106,277.945,0,0,0,0,265.163,112.716,147.879,946.572,UNKNOWN,True,61420
bmc-ibm-6.cnf,E_lkk_selector,1,212.281,246.02,0,0,0,0,302.364,108.698,151.063,947.489,UNKNOWN,True,61808
bmc-ibm-7.cnf,C_lkk_cadical,1,36.6789,11.8813,13.4232,3.66362,0,0,9.17195,0,0,84.4082,UNKNOWN,True,20396
bmc-ibm-7.cnf,D_lkk_kissat,1,31.7049,13.3042,16.4831,4.55796,0,0,24.2215,18.8636,33.0851,127.431,UNKNOWN,True,15432
bmc-ibm-7.cnf,E_lkk_selector,1,30.6108,13.0972,17.1343,4.75576,0,0,24.5815,17.3344,31.9158,123.49,UNKNOWN,True,14760
ssa0432-003.cnf,D_lkk_kissat,1,14.1089,0.252675,0.45362,0.633767,0,0,27.7508,2.44692,20.1978,64.7359,UNKNOWN,True,4544
ssa0432-003.cnf,E_lkk_selector,1,3.31233,0.23588,0.574002,0.664465,0,0,32.3671,2.60565,24.9727,53.2306,UNKNOWN,True,4324
ssa0432-003.cnf,C_lkk_cadical,1,3.69422,0.262796,0.468931,0.651536,0,0,1.10296,0,0,7.83092,UNKNOWN,True,5244
ssa2670-130.cnf,E_lkk_selector,1,16.1404,0.818095,1.62584,2.08154,0,0,41.8003,3.92056,25.7209,79.5382,UNKNOWN,True,4964
ssa2670-130.cnf,C_lkk_cadical,1,4.52082,0.730851,1.3079,1.665,0,0,2.94026,0,0,12.9831,UNKNOWN,True,6132
ssa2670-130.cnf,D_lkk_kissat,1,3.86173,0.677438,1.35468,1.57096,0,0,31.2035,2.52867,13.7321,52.1866,UNKNOWN,True,4900
ssa2670-141.cnf,C_lkk_cadical,1,3.79796,0.46945,0.98894,1.19304,0,0,3.1041,0,0,11.4051,UNKNOWN,True,5800
ssa2670-141.cnf,D_lkk_kissat,1,4.14876,0.497449,0.967916,1.22758,0,0,38.3245,3.1884,21.5129,59.9279,UNKNOWN,True,4692
ssa2670-141.cnf,E_lkk_selector,1,4.06107,0.543837,0.972947,1.2342,0,0,35.5175,2.7626,28.2801,55.989,UNKNOWN,True,4640
ssa6288-047.cnf,C_lkk_cadical,1,25.8783,9.35767,15.5478,14.6937,0,0,5.81653,0,0,82.2359,UNKNOWN,True,18396
ssa6288-047.cnf,D_lkk_kissat,1,20.0982,7.32727,11.8545,12.5045,0,0,17.8663,12.1995,12.1995,99.7193,UNKNOWN,True,16636
ssa6288-047.cnf,E_lkk_selector,1,26.0579,7.83749,13.0743,13.9801,0,0,20.0758,16.8993,16.8993,118.946,UNKNOWN,True,16708
ssa7552-038.cnf,C_lkk_cadical,1,12.2824,0.72396,1.6708,1.66414,0,0,1.49863,0,0,19.3968,UNKNOWN,True,6032
ssa7552-038.cnf,D_lkk_kissat,1,5.04528,0.763919,1.65737,1.95441,0,0,20.4251,3.90383,3.90383,45.3427,UNKNOWN,True,5088
ssa7552-038.cnf,E_lkk_selector,1,5.12307,0.678811,1.49552,1.57268,0,0,16.4275,3.04874,3.04874,39.5823,UNKNOWN,True,5136
ssa7552-158.cnf,D_lkk_kissat,1,14.636,0.697754,1.48002,1.51015,0,0,17.6199,3.24091,3.24091,49.7637,UNKNOWN,True,5008
ssa7552-158.cnf,E_lkk_selector,1,3.58966,0.490575,1.08456,1.169,0,0,18.7455,2.40371,2.40371,39.252,UNKNOWN,True,4828
ssa7552-158.cnf,C_lkk_cadical,1,4.9414,0.667321,1.5041,1.50654,0,0,0.979165,0,0,11.1658,UNKNOWN,True,5956
ssa7552-160.cnf,E_lkk_selector,1,15.8491,0.672931,1.60199,1.65062,0,0,21.5228,3.31605,3.31605,56.787,UNKNOWN,True,4940
ssa7552-160.cnf,C_lkk_cadical,1,4.63074,0.619833,1.33962,1.39505,0,0,1.27002,0,0,10.7028,UNKNOWN,True,6004
ssa7552-160.cnf,D_lkk_kissat,1,5.00704,0.720454,1.5169,1.51716,0,0,21.2881,2.67987,2.67987,45.0381,UNKNOWN,True,4868
bf1355-075.cnf,C_lkk_cadical,1,7.78532,1.42608,2.89955,3.25737,0,0,3.57902,0,0,22.2301,UNKNOWN,True,7100
bf1355-075.cnf,D_lkk_kissat,1,7.30195,1.37616,2.51692,2.92763,0,0,27.9294,4.29645,22.2259,61.6027,UNKNOWN,True,6028
bf1355-075.cnf,E_lkk_selector,1,8.01047,1.70295,3.49652,3.67073,0,0,29.1636,4.72251,23.8861,67.446,UNKNOWN,True,5968
bf1355-638.cnf,C_lkk_cadical,1,7.33381,1.54683,2.8845,3.22125,0,0,2.93517,0,0,21.6013,UNKNOWN,True,7352
bf1355-638.cnf,D_lkk_kissat,1,6.86122,1.6901,2.58436,2.67914,0,0,19.6805,3.85073,13.5312,48.7603,UNKNOWN,True,6108
bf1355-638.cnf,E_lkk_selector,1,6.11583,1.4976,2.7833,3.19182,0,0,29.282,4.54638,23.8284,61.7809,UNKNOWN,True,6052
bf2670-001.cnf,C_lkk_cadical,1,11.1571,0.730559,1.51032,1.78152,0,0,1.72123,0,0,18.7281,UNKNOWN,True,6216
bf2670-001.cnf,D_lkk_kissat,1,4.33024,0.786573,1.33967,1.73752,0,0,21.5216,2.63537,14.157,41.7241,UNKNOWN,True,5152
bf2670-001.cnf,E_lkk_selector,1,4.38251,0.758723,1.37238,1.81217,0,0,25.5304,2.81852,18.3489,47.1317,UNKNOWN,True,5116
2bitadd_11.cnf,D_lkk_kissat,1,13.4995,0.298014,0.505559,0.31777,0,0,55.2597,2.37675,17.6364,84.4738,UNKNOWN,True,4580
2bitadd_11.cnf,E_lkk_selector,1,3.46436,0.320204,0.55693,0.344757,0,0,55.7227,2.03248,17.7552,72.7511,UNKNOWN,True,4488
2bitadd_11.cnf,C_lkk_cadical,1,2.71788,0.260517,0.45954,0.28788,0,0,6.28766,0,0,11.2963,UNKNOWN,True,5856
2bitcomp_5.cnf,E_lkk_selector,1,9.12383,0.060973,0.10785,0.071093,0,0,13.4428,1.38194,1.38194,33.4632,UNKNOWN,True,4036
2bitcomp_5.cnf,C_lkk_cadical,1,2.67843,0.082281,0.136832,0.079518,0,0,0.259846,0,0,4.02967,UNKNOWN,True,4800
2bitcomp_5.cnf,D_lkk_kissat,1,2.40893,0.082148,0.161248,0.084755,0,0,8.61951,1.38972,1.38972,23.1828,UNKNOWN,True,4108
2bitmax_6.cnf,C_lkk_cadical,1,3.00389,0.166226,0.290954,0.155393,0,0,0.333709,0,0,4.95634,UNKNOWN,True,5048
2bitmax_6.cnf,D_lkk_kissat,1,2.90545,0.19233,0.29454,0.148622,0,0,14.7196,1.68193,1.68193,29.6051,UNKNOWN,True,4268
2bitmax_6.cnf,E_lkk_selector,1,2.6644,0.154661,0.288071,0.143137,0,0,17.0142,1.61518,1.61518,30.9434,UNKNOWN,True,4148
3bitadd_31.cnf,C_lkk_cadical,1,27.6733,9.27898,11.4377,6.2709,0,0,815.169,0,0,876.573,UNKNOWN,True,23252
3bitadd_31.cnf,D_lkk_kissat,1,19.5663,8.46403,13.6934,7.22154,0,0,323.299,16.1131,49.4122,404.421,UNKNOWN,True,12540
3bitadd_31.cnf,E_lkk_selector,1,25.7782,9.91811,12.3182,6.40796,0,0,352.606,14.9855,57.5916,435.616,UNKNOWN,True,12552
3bitadd_32.cnf,C_lkk_cadical,1,25.7254,7.06219,9.10452,4.82088,0,0,162.202,0,0,213.848,UNKNOWN,True,23748
3bitadd_32.cnf,D_lkk_kissat,1,22.0019,8.45384,9.86996,4.84699,0,0,320.446,10.515,40.961,391.917,UNKNOWN,True,12872
3bitadd_32.cnf,E_lkk_selector,1,19.5356,7.46615,8.84547,4.77136,0,0,278.677,11.5589,40.2359,342.074,UNKNOWN,True,12792
3blocks.cnf,D_lkk_kissat,1,13.2917,1.36144,2.31421,13.7392,0,0,72.7495,5.58161,28.3312,119.357,UNKNOWN,True,6732
3blocks.cnf,E_lkk_selector,1,7.37373,1.32878,2.39204,17.2069,0,0,8.51497,0,0,40.0869,UNKNOWN,True,7624
3blocks.cnf,C_lkk_cadical,1,6.95521,1.38913,2.39008,13.6832,0,0,5.59565,0,0,32.5971,UNKNOWN,True,7792
4blocks.cnf,E_lkk_selector,1,34.2263,10.4984,0,0,0,0,150.23,0,0,200.598,UNKNOWN,True,17060
4blocks.cnf,C_lkk_cadical,1,42.0231,12.0287,0,0,0,0,169.16,0,0,229.327,UNKNOWN,True,16672
4blocks.cnf,D_lkk_kissat,1,28.1501,10.3756,0,0,0,0,179.147,18.499,37.6461,247.776,UNKNOWN,True,10776
e0ddr2-10-by-5-1.cnf,C_lkk_cadical,1,56.7593,24.6867,0,0,0,0,20.7079,0,0,114.354,UNKNOWN,True,25940
e0ddr2-10-by-5-1.cnf,D_lkk_kissat,1,61.2948,29.9423,0,0,0,0,135.831,32.7112,58.5427,278.522,UNKNOWN,True,19368
e0ddr2-10-by-5-1.cnf,E_lkk_selector,1,61.7592,35.2823,0,0,0,0,128.075,41.0513,59.1266,287.072,UNKNOWN,True,19112
enddr2-10-by-5-1.cnf,C_lkk_cadical,1,81.7062,52.0615,0,0,0,0,27.4337,0,0,186.403,UNKNOWN,True,29432
enddr2-10-by-5-1.cnf,D_lkk_kissat,1,77.7441,30.9139,0,0,0,0,41.6555,39.2433,60.8989,206.778,UNKNOWN,True,20108
enddr2-10-by-5-1.cnf,E_lkk_selector,1,62.612,36.3252,0,0,0,0,46.4361,43.378,69.8141,218.57,UNKNOWN,True,20096
enddr2-10-by-5-8.cnf,C_lkk_cadical,1,79.7115,36.4586,0,0,0,0,20.019,0,0,149.667,UNKNOWN,True,29580
enddr2-10-by-5-8.cnf,D_lkk_kissat,1,59.9968,27.6095,0,0,0,0,35.151,34.766,49.9171,173.754,UNKNOWN,True,20488
enddr2-10-by-5-8.cnf,E_lkk_selector,1,86.9636,27.8969,0,0,0,0,35.3591,36.1318,51.4909,206.747,UNKNOWN,True,20812
ewddr2-10-by-5-1.cnf,D_lkk_kissat,1,79.2664,39.9832,0,0,0,0,37.3539,40.2536,57.6074,221.978,UNKNOWN,True,21164
ewddr2-10-by-5-1.cnf,E_lkk_selector,1,74.7713,39.0229,0,0,0,0,34.8098,41.7796,56.5894,215.082,UNKNOWN,True,21188
ewddr2-10-by-5-1.cnf,C_lkk_cadical,1,67.8467,31.6183,0,0,0,0,23.5578,0,0,137.606,UNKNOWN,True,29832
ewddr2-10-by-5-8.cnf,E_lkk_selector,1,75.3916,35.0164,0,0,0,0,111.062,38.9663,60.0282,278.042,UNKNOWN,True,21864
ewddr2-10-by-5-8.cnf,C_lkk_cadical,1,80.4859,31.926,0,0,0,0,23.4608,0,0,149.645,UNKNOWN,True,30496
ewddr2-10-by-5-8.cnf,D_lkk_kissat,1,90.1856,35.7503,0,0,0,0,142.728,40.3042,73.0318,328.812,UNKNOWN,True,21704
logistics.b.cnf,C_lkk_cadical,1,6.09416,1.66493,2.18187,2.70562,0,0,3.48878,0,0,18.6306,UNKNOWN,True,7272
logistics.b.cnf,D_lkk_kissat,1,6.67609,1.11098,1.91579,2.20706,0,0,54.8541,3.75744,18.6115,79.3509,UNKNOWN,True,6180
logistics.b.cnf,E_lkk_selector,1,5.63335,1.13231,2.02711,2.3126,0,0,63.8646,3.14564,27.0102,88.4685,UNKNOWN,True,6176
logistics.c.cnf,C_lkk_cadical,1,7.11108,1.93431,2.99612,3.35838,0,0,5.78673,0,0,23.8788,UNKNOWN,True,8652
logistics.c.cnf,D_lkk_kissat,1,7.35168,1.83462,3.04019,3.83897,0,0,65.2777,5.32768,30.6053,97.2886,UNKNOWN,True,7464
logistics.c.cnf,E_lkk_selector,1,7.00717,1.88817,2.95759,3.24691,0,0,93.4377,4.46697,37.9047,125.026,UNKNOWN,True,7368
logistics.d.cnf,C_lkk_cadical,1,24.6858,4.38876,8.62021,5.06594,0,0,15.5959,0,0,66.0797,UNKNOWN,True,12828
logistics.d.cnf,D_lkk_kissat,1,15.4107,4.49759,7.42804,3.7445,0,0,78.4296,8.07521,36.5048,131.335,UNKNOWN,True,10412
logistics.d.cnf,E_lkk_selector,1,12.9141,4.16386,7.14672,4.07618,0,0,70.8787,8.26994,29.1487,119.288,UNKNOWN,True,10456
bw_large.a.cnf,D_lkk_kissat,1,13.2187,0.569687,1.32232,1.30081,0,0,50.0457,2.42313,12.4688,76.5713,UNKNOWN,True,5660
bw_large.a.cnf,E_lkk_selector,1,3.76164,0.605733,1.28139,1.31156,0,0,46.0238,2.28798,18.3118,65.2313,UNKNOWN,True,5524
bw_large.a.cnf,C_lkk_cadical,1,4.31592,0.62154,1.36641,1.39081,0,0,1.32745,0,0,10.218,UNKNOWN,True,6356
bw_large.c.cnf,E_lkk_selector,1,37.1102,11.6482,0,0,0,0,65.2849,0,0,120.203,UNKNOWN,True,16248
bw_large.c.cnf,C_lkk_cadical,1,34.9509,12.0794,0,0,0,0,52.4883,0,0,105.575,UNKNOWN,True,16000
bw_large.c.cnf,D_lkk_kissat,1,26.3455,9.15557,0,0,0,0,131.495,15.5565,37.0516,198.075,UNKNOWN,True,11140
bw_large.d.cnf,C_lkk_cadical,1,98.7243,34.463,0,0,0,0,442.109,0,0,597.628,UNKNOWN,True,37888
bw_large.d.cnf,D_lkk_kissat,1,80.4967,26.3369,0,0,0,0,712.282,42.8195,-244.899,888.025,UNKNOWN,True,22792
bw_large.d.cnf,E_lkk_selector,1,95.3947,31.1026,0,0,0,0,612.362,35.0269,-352.611,802.399,UNKNOWN,True,23204
anomaly.cnf,C_lkk_cadical,1,2.19675,0.04262,0.091858,0.18557,0,0,0.165011,0,0,3.58129,UNKNOWN,True,5016
anomaly.cnf,D_lkk_kissat,1,3.66277,0.058795,0.099911,0.221196,0,0,15.2702,1.77386,1.77386,33.799,UNKNOWN,True,3996
anomaly.cnf,E_lkk_selector,1,2.52146,0.065102,0.098824,0.213354,0,0,0.252825,0,0,3.85099,UNKNOWN,True,5036
medium.cnf,C_lkk_cadical,1,9.83773,0.134859,0.265602,0.424697,0,0,0.337498,0,0,12.254,UNKNOWN,True,5216
medium.cnf,D_lkk_kissat,1,2.39001,0.136205,0.255456,0.373038,0,0,15.0151,1.70696,1.70696,30.4504,UNKNOWN,True,4296
medium.cnf,E_lkk_selector,1,2.55251,0.144351,0.266843,0.380092,0,0,0.341273,0,0,4.40455,UNKNOWN,True,5088
hanoi4.cnf,D_lkk_kissat,1,17.1782,0.883834,1.58607,1.69467,0.231126,0,90.9739,3.9381,24.912,126.831,FEASIBLE,True,5312
hanoi4.cnf,E_lkk_selector,1,4.60018,0.672862,1.21755,1.29769,0.13568,0,27.3921,0,0,37.0966,FEASIBLE,True,6876
hanoi4.cnf,C_lkk_cadical,1,5.17571,0.796877,1.41108,1.51075,0.171969,0,33.0831,0,0,44.3859,FEASIBLE,True,6856
hanoi5.cnf,E_lkk_selector,1,23.1224,2.94436,4.67773,4.60665,0.199627,0,279.699,0,0,319.082,FEASIBLE,True,10556
hanoi5.cnf,C_lkk_cadical,1,12.2948,2.86047,4.59254,4.205,0.207841,0,293.118,0,0,321.117,FEASIBLE,True,10424
hanoi5.cnf,D_lkk_kissat,1,10.9615,3.27166,4.17346,3.94897,0.180506,0,904.422,7.33163,-88.2464,944.224,FEASIBLE,True,7920
ais10.cnf,C_lkk_cadical,1,4.10126,0.493912,0.7387,10.4873,0.087624,0,0.620871,0,0,17.9036,FEASIBLE,True,5644
ais10.cnf,D_lkk_kissat,1,3.78955,0.417997,0.718828,10.1548,0.084157,0,18.7834,2.46389,2.46389,47.3019,FEASIBLE,True,5096
ais10.cnf,E_lkk_selector,1,4.5757,0.472141,0.77996,11.3712,0.101719,0,0.648315,0,0,19.2836,FEASIBLE,True,5580
ais12.cnf,C_lkk_cadical,1,5.7934,0.717098,1.62645,27.6457,0.03814,0,0.990585,0,0,38.2728,FEASIBLE,True,6356
ais12.cnf,D_lkk_kissat,1,5.85993,0.694026,1.42755,26.9622,0.038711,0,14.9872,4.7806,4.7806,66.3085,FEASIBLE,True,5872
ais12.cnf,E_lkk_selector,1,6.48704,0.761245,1.50951,28.7264,0.043701,0,1.03945,0,0,40.2349,FEASIBLE,True,6220
ais8.cnf,C_lkk_cadical,1,11.6624,0.213323,0.355324,3.40239,0.017002,0,0.446902,0,0,17.0327,FEASIBLE,True,5272
ais8.cnf,D_lkk_kissat,1,3.17182,0.207197,0.377487,3.52455,0.017266,0,15.5009,2.29143,2.29143,34.9689,FEASIBLE,True,4620
ais8.cnf,E_lkk_selector,1,3.49984,0.232744,0.372604,3.96359,0.023101,0,0.745194,0,0,9.87602,FEASIBLE,True,5376
hole7.cnf,D_lkk_kissat,1,9.97774,0.056285,0.085674,1.95158,0.062889,2.54845,0,0,0,15.6865,UNSAT,False,4272
hole7.cnf,E_lkk_selector,1,2.01954,0.036461,0.072572,1.83661,0.013344,2.06131,0,0,0,6.58308,UNSAT,False,4308
hole7.cnf,C_lkk_cadical,1,1.95879,0.042932,0.066735,1.51138,0.011745,1.59953,0,0,0,5.62301,UNSAT,False,4152
hole8.cnf,E_lkk_selector,1,9.02487,0.057402,0.097608,2.85938,0.015766,3.03878,0,0,0,15.7034,UNSAT,False,4316
hole8.cnf,C_lkk_cadical,1,3.60295,0.061675,0.128774,3.81532,0.022446,3.02055,0,0,0,11.3531,UNSAT,False,4192
hole8.cnf,D_lkk_kissat,1,3.28834,0.06946,0.1306,3.30394,0.018696,3.06849,0,0,0,10.6042,UNSAT,False,4292
hole9.cnf,C_lkk_cadical,1,2.10857,0.053878,0.114274,4.3253,0.015097,2.37952,0,0,0,9.73667,UNSAT,False,4212
hole9.cnf,D_lkk_kissat,1,1.90596,0.054387,0.11926,4.50539,0.016454,2.20331,0,0,0,9.27618,UNSAT,False,4332
hole9.cnf,E_lkk_selector,1,1.91735,0.07905,0.11927,4.47478,0.01549,2.16578,0,0,0,9.22288,UNSAT,False,4336
flat200-10.cnf,C_lkk_cadical,1,3.30967,0.266019,0.627917,3.2762,0,0,32.5454,0,0,41.8304,UNKNOWN,True,6636
flat200-10.cnf,D_lkk_kissat,1,4.61684,0.359945,0.876954,5.53335,0,0,65.6874,3.98222,29.6696,95.5879,UNKNOWN,True,5312
flat200-10.cnf,E_lkk_selector,1,2.88973,0.251982,0.629353,3.42563,0,0,42.2255,1.79541,14.0209,59.1564,UNKNOWN,True,5472
flat200-100.cnf,C_lkk_cadical,1,11.0072,0.264049,0.65386,3.64884,0,0,36.8516,0,0,54.486,UNKNOWN,True,6604
flat200-100.cnf,D_lkk_kissat,1,2.56519,0.247925,0.610075,3.31521,0,0,32.2903,1.91199,14.2023,50.2532,UNKNOWN,True,5396
flat200-100.cnf,E_lkk_selector,1,3.46651,0.258373,0.625681,3.33951,0,0,33.1083,1.92613,15.0344,52.2421,UNKNOWN,True,5552
flat200-11.cnf,D_lkk_kissat,1,10.1697,0.261166,0.72285,3.3794,0,0,28.1203,2.18792,20.3082,55.239,UNKNOWN,True,5500
flat200-11.cnf,E_lkk_selector,1,3.48245,0.262028,0.643211,3.63657,0,0,30.7169,1.80932,12.5262,49.645,UNKNOWN,True,5588
flat200-11.cnf,C_lkk_cadical,1,2.95898,0.260723,0.616761,3.37191,0,0,7.75936,0,0,16.7788,UNKNOWN,True,6436
flat200-12.cnf,E_lkk_selector,1,9.41779,0.295515,0.608364,3.26809,0,0,64.0146,2.06481,16.0794,89.722,UNKNOWN,True,5440
flat200-12.cnf,C_lkk_cadical,1,3.85315,0.276707,0.642563,3.46763,0,0,24.6406,0,0,34.937,UNKNOWN,True,6468
flat200-12.cnf,D_lkk_kissat,1,2.94031,0.252835,0.617926,3.37603,0,0,67.891,1.6904,19.5814,87.3784,UNKNOWN,True,5476
flat200-13.cnf,C_lkk_cadical,1,2.45924,0.283578,0.619294,3.44086,0,0,4.80223,0,0,13.4475,UNKNOWN,True,6256
flat200-13.cnf,D_lkk_kissat,1,2.60263,0.249796,0.61877,3.23033,0,0,32.8481,2.0519,14.9,49.3162,UNKNOWN,True,5376
flat200-13.cnf,E_lkk_selector,1,3.10053,0.253057,0.633302,3.3778,0,0,32.236,1.91073,14.1467,49.9522,UNKNOWN,True,5496
flat200-15.cnf,C_lkk_cadical,1,3.10485,0.302112,0.818025,3.92727,0,0,36.5314,0,0,46.7115,UNKNOWN,True,6764
flat200-15.cnf,D_lkk_kissat,1,2.88331,0.264446,0.645245,3.35812,0,0,43.2179,2.07427,15.2922,60.9246,UNKNOWN,True,5564
flat200-15.cnf,E_lkk_selector,1,2.55421,0.249403,0.655161,3.1886,0,0,37.947,1.88453,19.8316,54.7473,UNKNOWN,True,5400
flat200-16.cnf,C_lkk_cadical,1,10.7424,0.277783,0.660017,3.52943,0,0,46.7061,0,0,63.845,UNKNOWN,True,6600
flat200-16.cnf,D_lkk_kissat,1,3.13207,0.266174,0.65298,3.41157,0,0,64.5776,2.20371,16.7814,82.1273,UNKNOWN,True,5560
flat200-16.cnf,E_lkk_selector,1,3.26465,0.261103,0.634889,3.43742,0,0,71.8911,2.06438,13.9555,93.672,UNKNOWN,True,5552
flat200-17.cnf,D_lkk_kissat,1,11.62,0.338993,0.771882,3.97017,0,0,39.6551,2.46911,22.1242,67.465,UNKNOWN,True,5480
flat200-17.cnf,E_lkk_selector,1,2.8865,0.25371,0.616625,3.32869,0,0,32.5241,1.87438,14.3985,50.9,UNKNOWN,True,5412
flat200-17.cnf,C_lkk_cadical,1,2.88503,0.275337,0.669147,3.52896,0,0,4.27626,0,0,13.1805,UNKNOWN,True,6672
flat200-18.cnf,E_lkk_selector,1,10.5124,0.293682,0.717546,3.8179,0,0,35.072,1.97043,17.0424,62.4035,UNKNOWN,True,5468
flat200-18.cnf,C_lkk_cadical,1,2.95193,0.253883,0.627914,3.55492,0,0,9.21253,0,0,18.5456,UNKNOWN,True,6468
flat200-18.cnf,D_lkk_kissat,1,4.26335,0.340309,0.853034,4.54239,0,0,43.5943,2.54582,16.1401,65.4659,UNKNOWN,True,5616
flat200-2.cnf,C_lkk_cadical,1,3.04562,0.293673,0.636717,3.39133,0,0,26.0368,0,0,34.9607,UNKNOWN,True,6716
flat200-2.cnf,D_lkk_kissat,1,2.95675,0.255845,0.673901,3.33948,0,0,63.8313,1.82811,15.6594,84.8763,UNKNOWN,True,5552
flat200-2.cnf,E_lkk_selector,1,3.17517,0.262605,0.636814,3.32594,0,0,77.0849,1.91715,19.0021,96.4351,UNKNOWN,True,5536
flat200-20.cnf,C_lkk_cadical,1,2.83563,0.256453,0.624331,3.3218,0,0,16.729,0,0,25.8954,UNKNOWN,True,6428
flat200-20.cnf,D_lkk_kissat,1,3.0532,0.254931,0.6103,3.44744,0,0,51.4826,1.99977,23.4824,71.4707,UNKNOWN,True,5408
flat200-20.cnf,E_lkk_selector,1,4.06117,0.35378,0.815412,4.75472,0,0,64.3087,2.75053,27.0592,89.2352,UNKNOWN,True,5372
flat200-21.cnf,C_lkk_cadical,1,13.9485,0.382065,0.821104,4.25769,0,0,6.0098,0,0,27.2476,UNKNOWN,True,6472
flat200-21.cnf,D_lkk_kissat,1,2.91942,0.271041,0.648074,3.82541,0,0,32.5481,2.07882,14.6269,51.7271,UNKNOWN,True,5408
flat200-21.cnf,E_lkk_selector,1,2.8616,0.263185,0.621127,3.41053,0,0,29.8648,2.01961,11.8844,47.3105,UNKNOWN,True,5412
flat200-22.cnf,D_lkk_kissat,1,10.0664,0.272398,0.984591,3.45426,0,0,32.168,2.04646,14.2145,59.4316,UNKNOWN,True,5580
flat200-22.cnf,E_lkk_selector,1,4.43168,0.33147,0.848358,4.19654,0,0,47.9734,3.20792,21.1813,75.3468,UNKNOWN,True,5556
flat200-22.cnf,C_lkk_cadical,1,2.91983,0.266319,0.675911,3.46804,0,0,6.03301,0,0,14.6443,UNKNOWN,True,6548
flat200-25.cnf,E_lkk_selector,1,12.653,0.309111,0.714732,3.97855,0,0,62.3726,2.85548,25.2281,94.7517,UNKNOWN,True,5468
flat200-25.cnf,C_lkk_cadical,1,3.34732,0.283008,0.678118,3.46942,0,0,2.97968,0,0,12.4941,UNKNOWN,True,6356
flat200-25.cnf,D_lkk_kissat,1,3.78355,0.29918,0.692025,3.88023,0,0,55.43,2.39996,17.83,76.2492,UNKNOWN,True,5412
flat200-26.cnf,C_lkk_cadical,1,2.65735,0.254492,0.613724,3.44425,0,0,45.8728,0,0,55.168,UNKNOWN,True,6468
flat200-26.cnf,D_lkk_kissat,1,2.56536,0.241814,0.614703,3.1412,0,0,65.8952,1.90832,17.8035,83.1026,UNKNOWN,True,5612
flat200-26.cnf,E_lkk_selector,1,3.25556,0.275496,0.630173,3.42419,0,0,82.5246,2.18735,14.7119,106.552,UNKNOWN,True,5404
flat200-27.cnf,C_lkk_cadical,1,3.6536,0.30582,0.742037,3.73795,0,0,34.7136,0,0,44.7675,UNKNOWN,True,6632
flat200-27.cnf,D_lkk_kissat,1,3.86186,0.33453,0.764396,4.16006,0,0,55.776,2.62405,18.4,77.6462,UNKNOWN,True,5560
flat200-27.cnf,E_lkk_selector,1,2.80735,0.257514,0.62096,3.18511,0,0,42.5923,1.95865,14.5509,64.7177,UNKNOWN,True,5468
flat200-28.cnf,C_lkk_cadical,1,8.34807,0.275781,0.605465,3.30013,0,0,6.55038,0,0,20.9288,UNKNOWN,True,6080
flat200-28.cnf,D_lkk_kissat,1,3.02348,0.256333,0.627561,3.31973,0,0,36.4874,1.84529,18.3327,53.4439,UNKNOWN,True,5492
flat200-28.cnf,E_lkk_selector,1,3.19507,0.254646,0.636482,3.30166,0,0,37.0674,1.85475,18.9221,55.1561,UNKNOWN,True,5640
flat200-29.cnf,D_lkk_kissat,1,21.5957,0.597253,1.49649,7.81532,0,0,66.2688,5.89638,32.1652,120.573,UNKNOWN,True,5648
flat200-29.cnf,E_lkk_selector,1,2.86953,0.25693,0.620523,3.23784,0,0,37.454,1.97727,19.4312,54.59,UNKNOWN,True,5680
flat200-29.cnf,C_lkk_cadical,1,2.96079,0.25991,0.622414,3.25357,0,0,14.2322,0,0,23.1765,UNKNOWN,True,6516
flat200-3.cnf,E_lkk_selector,1,9.96834,0.279668,0.81689,3.45737,0,0,37.1893,1.93395,19.1233,63.8546,UNKNOWN,True,5560
flat200-3.cnf,C_lkk_cadical,1,3.4937,0.330505,0.712627,3.68369,0,0,37.9989,0,0,48.2164,UNKNOWN,True,6708
flat200-3.cnf,D_lkk_kissat,1,3.2284,0.251411,0.618607,3.30047,0,0,36.6842,1.71076,18.395,55.1833,UNKNOWN,True,5368
flat200-30.cnf,C_lkk_cadical,1,2.88373,0.293601,0.634314,3.36447,0,0,16.0187,0,0,25.2865,UNKNOWN,True,6604
flat200-30.cnf,D_lkk_kissat,1,3.94335,0.340822,0.800851,4.82778,0,0,46.5639,3.20218,19.7661,71.1174,UNKNOWN,True,5500
flat200-30.cnf,E_lkk_selector,1,2.96582,0.287076,0.654541,3.48856,0,0,36.5752,1.92408,18.4993,56.838,UNKNOWN,True,5480
flat200-32.cnf,C_lkk_cadical,1,3.16962,0.26911,0.639556,3.38711,0,0,2.92591,0,0,11.6077,UNKNOWN,True,6440
flat200-32.cnf,D_lkk_kissat,1,3.11705,0.265132,0.636387,3.25844,0,0,34.2098,2.03485,16.2447,53.1237,UNKNOWN,True,5560
flat200-32.cnf,E_lkk_selector,1,3.52831,0.326435,0.720004,3.65363,0,0,35.1906,2.17512,17.3658,57.3641,UNKNOWN,True,5492
flat200-33.cnf,C_lkk_cadical,1,11.1467,0.26915,0.663435,3.54031,0,0,33.7769,0,0,51.515,UNKNOWN,True,6700
flat200-33.cnf,D_lkk_kissat,1,2.64387,0.252623,0.597912,3.2851,0,0,30.2594,1.69888,11.9582,47.2313,UNKNOWN,True,5472
flat200-33.cnf,E_lkk_selector,1,2.90607,0.248917,0.634909,3.5367,0,0,28.9062,1.77924,10.6855,49.0174,UNKNOWN,True,5500
flat200-34.cnf,D_lkk_kissat,1,10.0457,0.253951,0.618243,3.51909,0,0,39.8684,2.14976,12.0182,65.5232,UNKNOWN,True,5400
flat200-34.cnf,E_lkk_selector,1,2.96289,0.265414,0.632611,3.3386,0,0,39.8259,2.47254,12.2985,56.9613,UNKNOWN,True,5608
flat200-34.cnf,C_lkk_cadical,1,2.96054,0.249227,0.608309,3.376,0,0,9.33498,0,0,17.5042,UNKNOWN,True,6292
flat200-35.cnf,E_lkk_selector,1,9.78193,0.248953,0.67789,3.66973,0,0,28.7921,2.05689,10.849,54.1086,UNKNOWN,True,5564
flat200-35.cnf,C_lkk_cadical,1,3.14053,0.275142,0.643615,3.5061,0,0,5.85488,0,0,14.5154,UNKNOWN,True,6256
flat200-35.cnf,D_lkk_kissat,1,2.51773,0.254294,0.625976,3.53062,0,0,29.3233,1.89482,11.2182,47.2877,UNKNOWN,True,5544
flat200-37.cnf,C_lkk_cadical,1,3.03025,0.298243,0.6218,3.3097,0,0,3.44979,0,0,11.8832,UNKNOWN,True,6504
flat200-37.cnf,D_lkk_kissat,1,2.66508,0.250482,0.619337,3.24294,0,0,32.0638,1.90332,13.9671,48.2221,UNKNOWN,True,5540
flat200-37.cnf,E_lkk_selector,1,3.92469,0.261989,0.724815,3.69418,0,0,39.68,2.17905,21.8591,60.0706,UNKNOWN,True,5416
flat200-38.cnf,C_lkk_cadical,1,3.34873,0.304459,0.710444,3.67736,0,0,7.94675,0,0,17.1472,UNKNOWN,True,6320
flat200-38.cnf,D_lkk_kissat,1,3.5286,0.305531,0.693496,3.72943,0,0,44.6448,2.52544,17.1702,65.9794,UNKNOWN,True,5312
flat200-38.cnf,E_lkk_selector,1,3.10551,0.264337,0.659351,3.43486,0,0,42.8505,1.83884,14.6893,62.0363,UNKNOWN,True,5440
flat200-39.cnf,C_lkk_cadical,1,9.72327,0.248813,0.599692,3.48068,0,0,64.4924,0,0,80.2747,UNKNOWN,True,6456
flat200-39.cnf,D_lkk_kissat,1,3.49257,0.265628,0.631921,3.34462,0,0,76.0962,2.13532,18.2315,96.498,UNKNOWN,True,5476
flat200-39.cnf,E_lkk_selector,1,2.90706,0.264523,0.667075,3.33489,0,0,81.7694,1.83177,23.6011,101.446,UNKNOWN,True,5560
flat200-4.cnf,D_lkk_kissat,1,11.4942,0.307628,0.783248,3.90972,0,0,28.9104,2.27512,11.1855,57.4473,UNKNOWN,True,5376
flat200-4.cnf,E_lkk_selector,1,2.78903,0.250376,0.665771,3.45495,0,0,30.1256,1.86555,11.9912,47.1425,UNKNOWN,True,5564
flat200-4.cnf,C_lkk_cadical,1,3.05939,0.290445,0.668647,3.42005,0,0,3.55823,0,0,12.0528,UNKNOWN,True,6516
flat200-43.cnf,E_lkk_selector,1,9.55779,0.305419,0.74703,4.26478,0,0,39.9092,2.41607,22.3253,66.6983,UNKNOWN,True,5376
flat200-43.cnf,C_lkk_cadical,1,3.2998,0.268547,0.641027,3.30821,0,0,11.2799,0,0,20.4998,UNKNOWN,True,6516
flat200-43.cnf,D_lkk_kissat,1,2.85805,0.258281,0.625437,3.45891,0,0,33.4774,1.71905,15.1964,52.0878,UNKNOWN,True,5444
flat200-44.cnf,C_lkk_cadical,1,2.72571,0.250263,0.612142,3.21049,0,0,11.7218,0,0,20.5773,UNKNOWN,True,6580
flat200-44.cnf,D_lkk_kissat,1,3.3665,0.271931,0.627751,3.49054,0,0,40.1421,2.08584,22.2279,62.2867,UNKNOWN,True,5368
flat200-44.cnf,E_lkk_selector,1,2.75302,0.329548,0.663837,3.39365,0,0,32.5361,1.76932,14.3054,51.6269,UNKNOWN,True,5632
flat200-45.cnf,C_lkk_cadical,1,2.57028,0.257413,0.608614,3.29543,0,0,25.0893,0,0,33.8047,UNKNOWN,True,6632
flat200-45.cnf,D_lkk_kissat,1,2.93484,0.256359,0.632607,3.72725,0,0,31.3697,2.14323,13.5129,52.3981,UNKNOWN,True,5612
flat200-45.cnf,E_lkk_selector,1,2.76172,0.245174,0.614143,3.42745,0,0,31.8843,1.99997,13.8842,50.1358,UNKNOWN,True,5596
flat200-46.cnf,C_lkk_cadical,1,9.03678,0.266329,0.637704,3.26105,0,0,25.8131,0,0,40.5719,UNKNOWN,True,6716
flat200-46.cnf,D_lkk_kissat,1,2.49894,0.254373,0.600884,3.20884,0,0,36.4348,2.01491,18.4497,53.4763,UNKNOWN,True,5396
flat200-46.cnf,E_lkk_selector,1,4.5869,0.354518,0.875778,4.37501,0,0,41.6055,2.9105,24.516,63.1484,UNKNOWN,True,5596
flat200-47.cnf,D_lkk_kissat,1,10.1999,0.258633,0.609148,3.2473,0,0,39.2541,1.94103,11.1951,65.3302,UNKNOWN,True,5484
flat200-47.cnf,E_lkk_selector,1,2.84342,0.263457,0.690538,3.4236,0,0,47.7856,1.80056,19.5862,66.8589,UNKNOWN,True,5376
flat200-47.cnf,C_lkk_cadical,1,4.19139,0.447698,0.876472,4.4549,0,0,9.93541,0,0,21.7639,UNKNOWN,True,6512
flat200-48.cnf,E_lkk_selector,1,10.9727,0.359272,0.743972,4.00828,0,0,40.2712,2.19059,22.4618,69.6117,UNKNOWN,True,5456
flat200-48.cnf,C_lkk_cadical,1,3.73443,0.327595,0.808584,4.28154,0,0,16.1916,0,0,27.1903,UNKNOWN,True,6488
flat200-48.cnf,D_lkk_kissat,1,3.54984,0.328375,0.748051,4.1911,0,0,44.8523,2.27514,17.1274,66.6479,UNKNOWN,True,5512
flat200-49.cnf,C_lkk_cadical,1,4.29309,0.341736,0.816789,4.65179,0,0,5.59815,0,0,17.6167,UNKNOWN,True,6616
flat200-49.cnf,D_lkk_kissat,1,4.70864,0.368125,0.978835,4.42516,0,0,39.7667,2.53358,22.3002,65.9039,UNKNOWN,True,5620
flat200-49.cnf,E_lkk_selector,1,3.77328,0.312466,0.760194,4.17366,0,0,39.3176,2.435,21.7526,62.0023,UNKNOWN,True,5464
flat200-5.cnf,C_lkk_cadical,1,5.09464,0.403832,0.9682,5.07568,0,0,42.8415,0,0,57.2322,UNKNOWN,True,6724
flat200-5.cnf,D_lkk_kissat,1,3.60802,0.338148,0.826596,4.42601,0,0,70.4548,2.39542,22.8502,92.6934,UNKNOWN,True,5492
flat200-5.cnf,E_lkk_selector,1,3.92867,0.292732,0.695556,3.81507,0,0,55.5182,1.98607,17.5042,76.6679,UNKNOWN,True,5460
flat200-51.cnf,C_lkk_cadical,1,10.6724,0.274096,0.671287,3.79102,0,0,34.0216,0,0,51.2691,UNKNOWN,True,6516
flat200-51.cnf,D_lkk_kissat,1,3.73129,0.308498,0.774765,3.86819,0,0,46.1164,2.84041,18.9568,66.0473,UNKNOWN,True,5452
flat200-51.cnf,E_lkk_selector,1,2.7422,0.256494,0.66211,3.38086,0,0,44.6892,2.04509,16.7343,63.9645,UNKNOWN,True,5564
flat200-52.cnf,D_lkk_kissat,1,11.3077,0.329952,0.81152,4.23186,0,0,45.8387,2.98143,18.8201,76.4696,UNKNOWN,True,5604
flat200-52.cnf,E_lkk_selector,1,3.3685,0.297146,0.753862,3.9151,0,0,43.6082,2.01041,25.6187,64.3691,UNKNOWN,True,5548
flat200-52.cnf,C_lkk_cadical,1,3.3252,0.31795,0.817753,4.01191,0,0,20.1319,0,0,30.3127,UNKNOWN,True,6328
flat200-53.cnf,E_lkk_selector,1,14.2491,0.330051,0.777329,4.06895,0,0,35.3948,2.37128,17.7661,69.5584,UNKNOWN,True,5548
flat200-53.cnf,C_lkk_cadical,1,3.64275,0.333166,0.829985,4.30713,0,0,12.2679,0,0,24.0763,UNKNOWN,True,6448
flat200-53.cnf,D_lkk_kissat,1,4.05678,0.365963,0.873957,4.84446,0,0,46.461,2.91713,29.3781,70.3059,UNKNOWN,True,5376
flat200-54.cnf,C_lkk_cadical,1,3.94452,0.33721,0.791632,4.26566,0,0,27.563,0,0,39.1811,UNKNOWN,True,6496
flat200-54.cnf,D_lkk_kissat,1,4.73136,0.359796,0.835777,4.67392,0,0,82.9691,2.92773,25.8969,108.949,UNKNOWN,True,5560
flat200-54.cnf,E_lkk_selector,1,4.13838,0.322266,0.79683,4.2244,0,0,70.2385,2.40291,22.6414,95.7354,UNKNOWN,True,5520
flat200-55.cnf,C_lkk_cadical,1,2.93055,0.270682,0.671486,3.57386,0,0,31.978,0,0,41.167,UNKNOWN,True,6588
flat200-55.cnf,D_lkk_kissat,1,4.93926,0.425602,0.975841,5.27575,0,0,40.0763,3.2378,23.3141,65.1307,UNKNOWN,True,5496
flat200-55.cnf,E_lkk_selector,1,4.60135,0.367732,0.804844,4.50988,0,0,44.5765,3.29503,27.8715,71.2182,UNKNOWN,True,5520
flat200-56.cnf,C_lkk_cadical,1,14.0309,0.40227,0.939354,5.16637,0,0,22.0738,0,0,45.3881,UNKNOWN,True,6504
flat200-56.cnf,D_lkk_kissat,1,3.49144,0.313459,0.757911,3.95259,0,0,53.5852,2.44947,26.0347,74.5557,UNKNOWN,True,5472
flat200-56.cnf,E_lkk_selector,1,3.65297,0.317906,0.812821,4.05736,0,0,49.9485,2.55353,22.502,73.4033,UNKNOWN,True,5488
flat200-57.cnf,D_lkk_kissat,1,11.7397,0.355713,0.853565,4.23304,0,0,50.0341,2.63932,22.6734,82.9014,UNKNOWN,True,5628
flat200-57.cnf,E_lkk_selector,1,3.83567,0.360398,0.841654,4.16751,0,0,50.1078,2.2822,22.39,72.573,UNKNOWN,True,5468
flat200-57.cnf,C_lkk_cadical,1,4.56186,0.34664,0.827826,4.40759,0,0,34.9427,0,0,47.7436,UNKNOWN,True,6868
flat200-58.cnf,E_lkk_selector,1,12.2617,0.277045,0.673509,3.84827,0,0,27.599,2.42319,20.0222,57.3557,UNKNOWN,True,5308
flat200-58.cnf,C_lkk_cadical,1,3.41168,0.284413,0.734573,3.83246,0,0,1.18707,0,0,10.8014,UNKNOWN,True,6632
flat200-58.cnf,D_lkk_kissat,1,3.06863,0.320523,0.729132,4.4101,0,0,26.8791,2.17906,19.0582,47.1049,UNKNOWN,True,5512
flat200-59.cnf,C_lkk_cadical,1,4.69555,0.339566,0.720325,4.03851,0,0,52.4533,0,0,64.3484,UNKNOWN,True,6736
flat200-59.cnf,D_lkk_kissat,1,4.04497,0.338793,0.855265,4.22581,0,0,58.7942,2.54375,21.338,84.5709,UNKNOWN,True,5656
flat200-59.cnf,E_lkk_selector,1,3.35805,0.283588,0.72764,3.76886,0,0,45.6783,2.11392,17.7922,64.5845,UNKNOWN,True,5592
flat200-62.cnf,C_lkk_cadical,1,3.96051,0.363987,0.832243,4.40824,0,0,50.6055,0,0,62.0539,UNKNOWN,True,6752
flat200-62.cnf,D_lkk_kissat,1,3.39609,0.317234,0.797143,5.33466,0,0,50.9678,2.65109,23.6189,75.7263,UNKNOWN,True,5468
flat200-62.cnf,E_lkk_selector,1,3.74386,0.309989,0.786617,4.15081,0,0,52.0866,2.28686,14.3734,73.2273,UNKNOWN,True,5476
flat200-63.cnf,C_lkk_cadical,1,13.5427,0.35267,0.809517,4.35679,0,0,38.1628,0,0,59.0798,UNKNOWN,True,6688
flat200-63.cnf,D_lkk_kissat,1,3.63416,0.338186,0.708691,3.63931,0,0,57.5003,2.37116,19.8714,78.5084,UNKNOWN,True,5568
flat200-63.cnf,E_lkk_selector,1,3.75841,0.336902,0.793594,4.26597,0,0,58.0882,2.51024,20.5984,80.1227,UNKNOWN,True,5368
flat200-64.cnf,D_lkk_kissat,1,10.7667,0.326815,0.794807,4.15194,0,0,37.08,2.19276,19.2728,65.0288,UNKNOWN,True,5432
flat200-64.cnf,E_lkk_selector,1,3.44981,0.317014,0.82436,4.28599,0,0,43.3562,2.41391,25.7701,66.7589,UNKNOWN,True,5416
flat200-64.cnf,C_lkk_cadical,1,2.96528,0.272889,0.638314,3.45345,0,0,13.275,0,0,22.1801,UNKNOWN,True,6520
flat200-65.cnf,E_lkk_selector,1,11.7257,0.310991,0.766088,4.00759,0,0,82.0491,2.3246,14.3737,114.362,UNKNOWN,True,5480
flat200-65.cnf,C_lkk_cadical,1,3.98427,0.369785,0.822596,4.482,0,0,31.0203,0,0,42.3339,UNKNOWN,True,6608
flat200-65.cnf,D_lkk_kissat,1,3.53377,0.307761,0.707045,3.79108,0,0,93.9014,2.04306,15.9445,114.43,UNKNOWN,True,5404
flat200-66.cnf,C_lkk_cadical,1,3.64222,0.309736,0.756078,3.9448,0,0,33.7641,0,0,44.7769,UNKNOWN,True,6596
flat200-66.cnf,D_lkk_kissat,1,4.06618,0.35012,0.853498,4.35402,0,0,104.604,2.4501,27.054,126.565,UNKNOWN,True,5560
flat200-66.cnf,E_lkk_selector,1,3.42902,0.258691,0.693881,3.7695,0,0,102.079,2.7871,24.8666,126.398,UNKNOWN,True,5616
flat200-67.cnf,C_lkk_cadical,1,3.31646,0.298545,0.683596,3.51585,0,0,11.8541,0,0,21.3826,UNKNOWN,True,6300
flat200-67.cnf,D_lkk_kissat,1,2.62507,0.247806,0.600404,3.35791,0,0,42.4193,1.87405,14.2934,59.8152,UNKNOWN,True,5440
flat200-67.cnf,E_lkk_selector,1,3.11465,0.256456,0.608273,3.22557,0,0,38.6846,2.07887,10.7634,59.4266,UNKNOWN,True,5376
flat200-69.cnf,C_lkk_cadical,1,9.12702,0.266121,0.596046,3.08718,0,0,10.4545,0,0,25.6177,UNKNOWN,True,6376
flat200-69.cnf,D_lkk_kissat,1,3.12382,0.258744,0.615603,3.57518,0,0,32.8946,2.10828,15.0029,52.8572,UNKNOWN,True,5404
flat200-69.cnf,E_lkk_selector,1,2.58419,0.252827,0.621023,3.29926,0,0,29.7014,1.90843,11.6098,46.9155,UNKNOWN,True,5536
flat200-7.cnf,D_lkk_kissat,1,8.96937,0.263857,0.690471,3.24036,0,0,40.8409,2.434,23.2749,65.3118,UNKNOWN,True,5532
flat200-7.cnf,E_lkk_selector,1,2.87676,0.256101,0.599452,3.44482,0,0,34.8787,2.33418,17.2129,54.9494,UNKNOWN,True,5488
flat200-7.cnf,C_lkk_cadical,1,3.52307,0.292126,0.736037,4.00776,0,0,119.955,0,0,131.4,UNKNOWN,True,6672
flat200-71.cnf,E_lkk_selector,1,9.71349,0.266698,0.653804,3.63378,0,0,32.8696,1.93274,14.8023,59.5057,UNKNOWN,True,5464
flat200-71.cnf,C_lkk_cadical,1,3.72215,0.294499,0.69855,3.6844,0,0,12.9438,0,0,23.3872,UNKNOWN,True,6468
flat200-71.cnf,D_lkk_kissat,1,2.95811,0.251417,0.613239,3.8699,0,0,34.289,2.07484,16.3638,52.7118,UNKNOWN,True,5524
flat200-72.cnf,C_lkk_cadical,1,2.8585,0.266111,0.6315,3.28509,0,0,5.00548,0,0,13.5292,UNKNOWN,True,6176
flat200-72.cnf,D_lkk_kissat,1,3.11449,0.260686,0.635198,3.23026,0,0,34.1893,1.90216,16.0915,51.6914,UNKNOWN,True,5488
flat200-72.cnf,E_lkk_selector,1,2.92819,0.250175,0.622465,3.20056,0,0,34.0532,1.98063,16.0338,51.6512,UNKNOWN,True,5524
flat200-73.cnf,C_lkk_cadical,1,3.42633,0.307079,0.764036,3.8588,0,0,4.8314,0,0,14.6039,UNKNOWN,True,6192
flat200-73.cnf,D_lkk_kissat,1,2.68482,0.250833,0.6248,3.31877,0,0,48.172,1.77867,19.9507,71.5747,UNKNOWN,True,5440
flat200-73.cnf,E_lkk_selector,1,3.84061,0.351483,0.796509,4.2263,0,0,48.7548,2.48972,21.2445,72.661,UNKNOWN,True,5516
flat200-75.cnf,C_lkk_cadical,1,8.85397,0.290149,0.623495,3.35587,0,0,14.0487,0,0,28.9405,UNKNOWN,True,6588
flat200-75.cnf,D_lkk_kissat,1,2.91543,0.268002,0.629284,3.70709,0,0,45.3206,2.77496,18.0956,65.7372,UNKNOWN,True,5432
flat200-75.cnf,E_lkk_selector,1,3.26394,0.252624,0.633505,3.36173,0,0,35.8529,1.84039,17.6933,55.1209,UNKNOWN,True,5552
flat200-76.cnf,D_lkk_kissat,1,9.33833,0.259189,0.650729,3.37965,0,0,29.8616,2.09041,11.952,56.5993,UNKNOWN,True,5632
flat200-76.cnf,E_lkk_selector,1,4.65895,0.330112,0.799519,4.22563,0,0,32.1504,2.54044,14.6908,54.1401,UNKNOWN,True,5528
flat200-76.cnf,C_lkk_cadical,1,2.80253,0.275755,0.599303,3.36623,0,0,4.09372,0,0,12.5335,UNKNOWN,True,6204
flat200-79.cnf,E_lkk_selector,1,11.7248,0.282867,0.691744,3.46611,0,0,33.3539,2.03832,15.3923,64.8704,UNKNOWN,True,5476
flat200-79.cnf,C_lkk_cadical,1,3.0384,0.26938,0.615647,3.35333,0,0,62.8875,0,0,71.862,UNKNOWN,True,6548
flat200-79.cnf,D_lkk_kissat,1,3.26744,0.279061,0.638599,3.53554,0,0,25.1339,1.80429,16.9382,43.6935,UNKNOWN,True,5560
flat200-8.cnf,C_lkk_cadical,1,2.83904,0.260363,0.658111,3.29646,0,0,27.1542,0,0,35.8332,UNKNOWN,True,6724
flat200-8.cnf,D_lkk_kissat,1,3.07999,0.245813,0.621293,3.23517,0,0,29.4854,2.69158,22.177,48.0642,UNKNOWN,True,5556
flat200-8.cnf,E_lkk_selector,1,2.60095,0.250139,0.598377,3.17591,0,0,27.892,1.81576,19.7077,46.0234,UNKNOWN,True,5560
flat200-80.cnf,C_lkk_cadical,1,2.9584,0.263553,0.649623,3.49139,0,0,32.7751,0,0,41.9887,UNKNOWN,True,6792
flat200-80.cnf,D_lkk_kissat,1,2.88313,0.251851,0.623646,3.57898,0,0,80.5727,1.87175,22.4444,98.4057,UNKNOWN,True,5376
flat200-80.cnf,E_lkk_selector,1,2.59376,0.253663,0.637993,3.38746,0,0,81.449,1.85246,23.3015,102.589,UNKNOWN,True,5548
flat200-82.cnf,C_lkk_cadical,1,10.8763,0.285343,0.659613,3.66566,0,0,65.1382,0,0,83.0044,UNKNOWN,True,6496
flat200-82.cnf,D_lkk_kissat,1,3.07911,0.305492,0.602235,3.40107,0,0,56.3277,2.05317,18.3808,78.3988,UNKNOWN,True,5560
flat200-82.cnf,E_lkk_selector,1,2.73892,0.335216,0.614573,3.27071,0,0,50.5895,2.27095,22.8605,69.2828,UNKNOWN,True,5416
flat200-83.cnf,D_lkk_kissat,1,8.08573,0.249878,0.618172,3.37381,0,0,43.4143,1.83899,15.2533,66.8271,UNKNOWN,True,5548
flat200-83.cnf,E_lkk_selector,1,2.80817,0.274524,0.67841,3.52839,0,0,39.8576,1.88487,11.7424,58.0729,UNKNOWN,True,5488
flat200-83.cnf,C_lkk_cadical,1,2.67842,0.273571,0.640533,3.44341,0,0,21.2733,0,0,31.1806,UNKNOWN,True,6336
flat200-84.cnf,E_lkk_selector,1,9.11031,0.282661,0.601994,3.14705,0,0,29.8204,2.06233,11.8827,55.374,UNKNOWN,True,5676
flat200-84.cnf,C_lkk_cadical,1,2.49558,0.252688,0.610953,3.29034,0,0,6.22278,0,0,14.5715,UNKNOWN,True,6564
flat200-84.cnf,D_lkk_kissat,1,3.50022,0.305815,0.816161,3.95201,0,0,33.236,2.67221,15.9082,54.9057,UNKNOWN,True,5568
flat200-86.cnf,C_lkk_cadical,1,2.79881,0.257645,0.611213,3.5594,0,0,1.10015,0,0,9.48939,UNKNOWN,True,6332
flat200-86.cnf,D_lkk_kissat,1,2.9439,0.304025,0.639878,3.44603,0,0,25.1962,2.18961,17.3858,43.523,UNKNOWN,True,5524
flat200-86.cnf,E_lkk_selector,1,2.98434,0.273893,0.646713,3.37147,0,0,29.466,2.14922,21.6153,49.0019,UNKNOWN,True,5448
flat200-87.cnf,C_lkk_cadical,1,3.1494,0.262952,0.654597,3.34805,0,0,17.0401,0,0,26.0762,UNKNOWN,True,6540
flat200-87.cnf,D_lkk_kissat,1,2.57799,0.252535,0.613041,3.3259,0,0,60.8683,1.96288,12.8311,79.4938,UNKNOWN,True,5468
flat200-87.cnf,E_lkk_selector,1,3.12533,0.245629,0.629484,3.2385,0,0,59.9233,2.06759,11.9909,79.8808,UNKNOWN,True,5520
flat200-88.cnf,C_lkk_cadical,1,11.9891,0.365097,0.823046,4.63945,0,0,23.656,0,0,43.562,UNKNOWN,True,6620
flat200-88.cnf,D_lkk_kissat,1,2.76043,0.261242,0.624528,3.38134,0,0,31.7769,2.15131,13.9282,51.9056,UNKNOWN,True,5524
flat200-88.cnf,E_lkk_selector,1,2.74276,0.309728,0.655333,3.49269,0,0,35.55,2.05931,17.6093,53.9891,UNKNOWN,True,5588
flat200-89.cnf,D_lkk_kissat,1,9.81725,0.299391,0.786477,3.71801,0,0,32.7164,2.34935,15.0657,59.1563,UNKNOWN,True,5708
flat200-89.cnf,E_lkk_selector,1,2.92962,0.270638,0.65691,3.53811,0,0,29.9735,1.91698,11.8905,46.8611,UNKNOWN,True,5676
flat200-89.cnf,C_lkk_cadical,1,3.2416,0.276207,0.660471,3.36856,0,0,24.2513,0,0,33.4281,UNKNOWN,True,6612
flat200-9.cnf,E_lkk_selector,1,10.3513,0.258441,0.643612,3.63154,0,0,33.4506,2.701,16.1516,61.5448,UNKNOWN,True,5620
flat200-9.cnf,C_lkk_cadical,1,3.15576,0.268383,0.639949,3.58817,0,0,4.83304,0,0,14.7997,UNKNOWN,True,6420
flat200-9.cnf,D_lkk_kissat,1,4.48056,0.362404,0.836475,4.50019,0,0,40.444,3.1956,23.6396,66.5564,UNKNOWN,True,5708
flat200-90.cnf,C_lkk_cadical,1,3.01422,0.254957,0.6353,3.36022,0,0,9.57601,0,0,18.8843,UNKNOWN,True,6280
flat200-90.cnf,D_lkk_kissat,1,3.17691,0.262088,0.635273,3.41476,0,0,39.283,2.05885,21.3419,59.0041,UNKNOWN,True,5472
flat200-90.cnf,E_lkk_selector,1,3.1177,0.308395,0.654136,3.32939,0,0,35.7099,2.05344,17.7633,55.9504,UNKNOWN,True,5564
flat200-91.cnf,C_lkk_cadical,1,3.05529,0.264328,0.668476,4.27989,0,0,11.2701,0,0,21.7847,UNKNOWN,True,6516
flat200-91.cnf,D_lkk_kissat,1,3.27411,0.261908,0.650278,3.34987,0,0,36.3209,1.72188,18.0427,54.8442,UNKNOWN,True,5548
flat200-91.cnf,E_lkk_selector,1,3.49587,0.260445,0.64006,3.49558,0,0,44.6175,2.46375,17.0812,67.1542,UNKNOWN,True,5440
flat200-92.cnf,C_lkk_cadical,1,10.0507,0.304089,0.715758,3.98043,0,0,9.43936,0,0,26.6554,UNKNOWN,True,6256
flat200-92.cnf,D_lkk_kissat,1,3.11439,0.258022,0.610421,3.47573,0,0,28.5761,1.87918,10.4553,46.1852,UNKNOWN,True,5312
flat200-92.cnf,E_lkk_selector,1,3.00378,0.265185,0.887345,3.26386,0,0,30.1444,1.88571,12.0301,49.9678,UNKNOWN,True,5632
flat200-93.cnf,D_lkk_kissat,1,11.0521,0.256897,0.639783,3.46688,0,0,29.911,1.92681,11.8378,55.9619,UNKNOWN,True,5500
flat200-93.cnf,E_lkk_selector,1,3.0285,0.258739,0.641447,3.40429,0,0,31.206,1.78539,12.9914,48.805,UNKNOWN,True,5616
flat200-93.cnf,C_lkk_cadical,1,3.30341,0.289415,0.725029,3.7961,0,0,3.37212,0,0,12.9662,UNKNOWN,True,6400
flat200-97.cnf,E_lkk_selector,1,9.92776,0.250987,0.619872,3.36543,0,0,29.6252,2.10737,11.7325,53.8384,UNKNOWN,True,5496
flat200-97.cnf,C_lkk_cadical,1,2.93831,0.259808,0.660374,3.39364,0,0,11.2907,0,0,20.4099,UNKNOWN,True,6532
flat200-97.cnf,D_lkk_kissat,1,3.47837,0.317677,0.840752,4.33307,0,0,34.2976,2.35493,16.6526,54.2139,UNKNOWN,True,5464
flat200-98.cnf,C_lkk_cadical,1,3.11469,0.273292,0.617862,3.3528,0,0,5.73887,0,0,14.4191,UNKNOWN,True,6576
flat200-98.cnf,D_lkk_kissat,1,3.65731,0.268223,0.635988,3.92702,0,0,41.2364,2.46812,23.7045,64.7711,UNKNOWN,True,5668
flat200-98.cnf,E_lkk_selector,1,3.03572,0.270864,0.641732,3.34979,0,0,46.0774,2.62253,18.6999,67.4708,UNKNOWN,True,5676
flat200-99.cnf,C_lkk_cadical,1,3.40928,0.287553,0.699832,3.62444,0,0,27.901,0,0,37.4835,UNKNOWN,True,6568
flat200-99.cnf,D_lkk_kissat,1,4.12855,0.360581,0.880786,4.63274,0,0,57.3164,2.88168,20.1981,80.4146,UNKNOWN,True,5308
flat200-99.cnf,E_lkk_selector,1,3.80104,0.275859,0.674118,3.57062,0,0,42.2458,2.39584,14.6416,63.2058,UNKNOWN,True,5476
flat100-1.cnf,C_lkk_cadical,1,14.617,0.169994,0.344748,1.87868,0,0,0.352997,0,0,18.6471,UNKNOWN,True,5400
flat100-1.cnf,D_lkk_kissat,1,2.54236,0.172349,0.348087,1.8554,0,0,16.5245,1.62969,1.62969,32.1886,UNKNOWN,True,4864
flat100-1.cnf,E_lkk_selector,1,2.85867,0.178527,0.376264,1.9388,0,0,14.3731,1.59794,1.59794,31.2225,UNKNOWN,True,4832
flat100-10.cnf,D_lkk_kissat,1,10.8795,0.178177,0.365526,1.87234,0,0,14.7305,2.12487,2.12487,37.9252,UNKNOWN,True,4908
flat100-10.cnf,E_lkk_selector,1,2.35297,0.151971,0.31438,1.61295,0,0,12.5106,1.41782,1.41782,26.972,UNKNOWN,True,4856
flat100-10.cnf,C_lkk_cadical,1,3.10071,0.155071,0.325304,1.74772,0,0,0.364496,0,0,6.51524,UNKNOWN,True,5612
flat100-100.cnf,E_lkk_selector,1,10.8305,0.174128,0.358766,1.95273,0,0,13.369,1.64288,1.64288,36.7647,UNKNOWN,True,4868
flat100-100.cnf,C_lkk_cadical,1,2.52158,0.141863,0.324299,1.67354,0,0,0.306553,0,0,6.41596,UNKNOWN,True,5636
flat100-100.cnf,D_lkk_kissat,1,2.21179,0.143859,0.299716,1.58272,0,0,13.1045,1.62827,1.62827,27.7696,UNKNOWN,True,4996
flat100-11.cnf,C_lkk_cadical,1,2.45197,0.154624,0.362816,1.65103,0,0,0.295687,0,0,6.02441,UNKNOWN,True,5572
flat100-11.cnf,D_lkk_kissat,1,2.47027,0.144857,0.297971,1.61763,0,0,13.33,1.58911,1.58911,27.8775,UNKNOWN,True,4988
flat100-11.cnf,E_lkk_selector,1,2.42647,0.163017,0.31576,1.65659,0,0,16.251,1.56647,1.56647,30.8791,UNKNOWN,True,4960
flat100-12.cnf,C_lkk_cadical,1,2.24549,0.152865,0.30986,1.69303,0,0,0.299881,0,0,5.56032,UNKNOWN,True,5712
flat100-12.cnf,D_lkk_kissat,1,2.16756,0.178426,0.302447,1.61575,0,0,13.0616,1.50462,1.50462,25.9395,UNKNOWN,True,4864
flat100-12.cnf,E_lkk_selector,1,2.44021,0.171034,0.297017,1.65556,0,0,12.2791,1.5859,1.5859,26.2365,UNKNOWN,True,4996
flat100-14.cnf,C_lkk_cadical,1,9.30795,0.146261,0.297705,1.58658,0,0,0.27802,0,0,12.4737,UNKNOWN,True,5600
flat100-14.cnf,D_lkk_kissat,1,2.21788,0.14617,0.304002,1.64692,0,0,14.7523,1.42246,1.42246,30.1866,UNKNOWN,True,4840
flat100-14.cnf,E_lkk_selector,1,2.27883,0.144576,0.300482,1.64755,0,0,13.0151,1.54573,1.54573,26.3817,UNKNOWN,True,5000
flat100-15.cnf,D_lkk_kissat,1,15.5219,0.237008,0.422694,2.25472,0,0,18.7541,2.79813,2.79813,50.9237,UNKNOWN,True,4780
flat100-15.cnf,E_lkk_selector,1,2.69839,0.146325,0.29891,1.61436,0,0,12.5661,1.60049,1.60049,29.0059,UNKNOWN,True,4836
flat100-15.cnf,C_lkk_cadical,1,2.34724,0.147246,0.305208,1.76784,0,0,0.319332,0,0,5.60289,UNKNOWN,True,5720
flat100-16.cnf,E_lkk_selector,1,8.22105,0.14294,0.298073,1.60001,0,0,15.8329,1.38944,1.38944,35.7258,UNKNOWN,True,4960
flat100-16.cnf,C_lkk_cadical,1,2.21815,0.152787,0.314014,1.6212,0,0,0.284606,0,0,5.56657,UNKNOWN,True,5580
flat100-16.cnf,D_lkk_kissat,1,2.81053,0.164166,0.340034,1.85062,0,0,13.2909,1.80256,1.80256,30.6446,UNKNOWN,True,4952
flat100-17.cnf,C_lkk_cadical,1,2.37686,0.156152,0.322894,1.67564,0,0,0.341543,0,0,5.64109,UNKNOWN,True,5624
flat100-17.cnf,D_lkk_kissat,1,2.40866,0.144488,0.30041,1.59,0,0,25.8771,1.5387,1.5387,41.3851,UNKNOWN,True,4888
flat100-17.cnf,E_lkk_selector,1,2.60452,0.162924,0.332444,2.25693,0,0,33.4702,2.69902,2.69902,53.0822,UNKNOWN,True,4848
flat100-19.cnf,C_lkk_cadical,1,2.49178,0.147427,0.303773,1.92323,0,0,0.302011,0,0,6.06533,UNKNOWN,True,5656
flat100-19.cnf,D_lkk_kissat,1,3.7529,0.246674,0.526756,2.04522,0,0,17.9066,2.36148,2.36148,37.0939,UNKNOWN,True,5000
flat100-19.cnf,E_lkk_selector,1,2.42056,0.145344,0.302831,1.63523,0,0,12.0486,1.30506,1.30506,28.2222,UNKNOWN,True,4780
flat100-2.cnf,C_lkk_cadical,1,9.14936,0.157761,0.305423,1.61716,0,0,0.317086,0,0,12.6718,UNKNOWN,True,5536
flat100-2.cnf,D_lkk_kissat,1,2.2412,0.144772,0.301172,1.57823,0,0,13.6095,1.79845,1.79845,27.6511,UNKNOWN,True,4940
flat100-2.cnf,E_lkk_selector,1,2.25099,0.147463,0.305341,1.71786,0,0,14.9109,1.5551,1.5551,30.3352,UNKNOWN,True,4744
flat100-20.cnf,D_lkk_kissat,1,9.32347,0.16378,0.30386,1.63999,0,0,13.9487,1.83189,1.83189,34.2561,UNKNOWN,True,4844
flat100-20.cnf,E_lkk_selector,1,2.29273,0.14464,0.296412,1.71796,0,0,13.7262,1.54181,1.54181,26.7976,UNKNOWN,True,4932
flat100-20.cnf,C_lkk_cadical,1,3.02475,0.144276,0.322352,1.70999,0,0,0.310286,0,0,6.75473,UNKNOWN,True,5616
flat100-21.cnf,E_lkk_selector,1,9.72612,0.160567,0.356303,1.74372,0,0,33.3446,1.83713,1.83713,57.9216,UNKNOWN,True,4928
flat100-21.cnf,C_lkk_cadical,1,2.41607,0.157058,0.321528,1.69588,0,0,0.337643,0,0,5.87347,UNKNOWN,True,5584
flat100-21.cnf,D_lkk_kissat,1,2.32523,0.157871,0.31653,1.66974,0,0,14.868,1.83571,1.83571,31.0811,UNKNOWN,True,4740
flat100-22.cnf,C_lkk_cadical,1,2.0728,0.14416,0.302368,1.75265,0,0,0.332938,0,0,5.32533,UNKNOWN,True,5664
flat100-22.cnf,D_lkk_kissat,1,2.39055,0.15042,0.316317,1.72038,0,0,14.5404,1.46172,1.46172,28.9088,UNKNOWN,True,4796
flat100-22.cnf,E_lkk_selector,1,2.6184,0.161237,0.342888,1.91942,0,0,12.6204,1.55712,1.55712,26.8078,UNKNOWN,True,4852
flat100-23.cnf,C_lkk_cadical,1,2.46933,0.158615,0.327423,1.74621,0,0,0.303358,0,0,5.96243,UNKNOWN,True,5648
flat100-23.cnf,D_lkk_kissat,1,2.74718,0.156445,0.327311,1.78556,0,0,13.5816,1.70522,1.70522,28.193,UNKNOWN,True,4844
flat100-23.cnf,E_lkk_selector,1,2.33246,0.165896,0.32427,1.69341,0,0,13.4485,1.53926,1.53926,28.7552,UNKNOWN,True,4928
flat100-24.cnf,C_lkk_cadical,1,15.0634,0.18655,0.397447,2.0596,0,0,0.409009,0,0,19.6117,UNKNOWN,True,5548
flat100-24.cnf,D_lkk_kissat,1,3.81538,0.202646,0.42229,2.28869,0,0,21.9268,2.60474,2.60474,48.4561,UNKNOWN,True,4832
flat100-24.cnf,E_lkk_selector,1,3.57751,0.229775,0.451141,2.44544,0,0,21.5941,2.5195,2.5195,45.4612,UNKNOWN,True,4804
flat100-25.cnf,D_lkk_kissat,1,11.4214,0.237412,0.397454,2.10618,0,0,19.0652,2.02899,2.02899,46.6625,UNKNOWN,True,4744
flat100-25.cnf,E_lkk_selector,1,2.63729,0.190161,0.372341,2.10333,0,0,18.3729,1.76159,1.76159,38.3717,UNKNOWN,True,4924
flat100-25.cnf,C_lkk_cadical,1,2.71606,0.194336,0.351789,1.87295,0,0,0.417369,0,0,6.49166,UNKNOWN,True,5544
flat100-26.cnf,E_lkk_selector,1,11.8577,0.168684,0.351581,2.05411,0,0,17.6163,1.776,1.776,47.2934,UNKNOWN,True,4840
flat100-26.cnf,C_lkk_cadical,1,3.54154,0.20873,0.418279,2.11624,0,0,0.37083,0,0,7.90712,UNKNOWN,True,5496
flat100-26.cnf,D_lkk_kissat,1,3.04331,0.204942,0.414068,2.37031,0,0,15.7236,2.50065,2.50065,34.5404,UNKNOWN,True,4904
flat100-28.cnf,C_lkk_cadical,1,3.06847,0.190033,0.392917,2.18022,0,0,0.369928,0,0,7.3629,UNKNOWN,True,5648
flat100-28.cnf,D_lkk_kissat,1,3.29291,0.197425,0.391148,2.08328,0,0,20.0148,2.23823,2.23823,39.1887,UNKNOWN,True,4960
flat100-28.cnf,E_lkk_selector,1,3.43858,0.182987,0.408469,2.04547,0,0,17.1345,1.94057,1.94057,37.5696,UNKNOWN,True,4864
flat100-29.cnf,C_lkk_cadical,1,3.36939,0.167223,0.344598,1.89225,0,0,0.35885,0,0,7.234,UNKNOWN,True,5628
flat100-29.cnf,D_lkk_kissat,1,3.67701,0.233767,0.447488,2.23988,0,0,15.4646,2.2515,2.2515,33.4814,UNKNOWN,True,4808
flat100-29.cnf,E_lkk_selector,1,3.62704,0.217669,0.3874,2.19014,0,0,15.3917,2.20894,2.20894,33.2019,UNKNOWN,True,4840
flat100-3.cnf,C_lkk_cadical,1,13.5229,0.208734,0.404605,2.29251,0,0,0.403082,0,0,17.9947,UNKNOWN,True,5632
flat100-3.cnf,D_lkk_kissat,1,3.89917,0.198016,0.392053,2.13814,0,0,20.4,2.3452,2.3452,41.4155,UNKNOWN,True,4852
flat100-3.cnf,E_lkk_selector,1,4.5273,0.218016,0.405403,2.26771,0,0,18.013,2.17936,2.17936,37.6661,UNKNOWN,True,4876
flat100-30.cnf,D_lkk_kissat,1,10.1894,0.174809,0.362275,1.96746,0,0,19.0325,1.89905,1.89905,43.8537,UNKNOWN,True,4796
flat100-30.cnf,E_lkk_selector,1,2.79897,0.171458,0.352787,1.9118,0,0,16.2435,1.82665,1.82665,30.8103,UNKNOWN,True,4932
flat100-30.cnf,C_lkk_cadical,1,3.22105,0.214092,0.413835,2.08878,0,0,0.435409,0,0,7.31097,UNKNOWN,True,5692
flat100-31.cnf,E_lkk_selector,1,13.2716,0.209714,0.398539,2.04278,0,0,16.0908,1.99439,1.99439,44.1616,UNKNOWN,True,4856
flat100-31.cnf,C_lkk_cadical,1,3.07308,0.170945,0.347874,1.9045,0,0,0.413255,0,0,6.74606,UNKNOWN,True,5596
flat100-31.cnf,D_lkk_kissat,1,3.42562,0.220884,0.741307,2.15488,0,0,17.3989,2.22926,2.22926,37.9667,UNKNOWN,True,4808
flat100-32.cnf,C_lkk_cadical,1,2.50263,0.245754,0.358394,1.98245,0,0,0.348142,0,0,6.34312,UNKNOWN,True,5624
flat100-32.cnf,D_lkk_kissat,1,3.96468,0.205782,0.424094,2.36189,0,0,22.358,2.19252,2.19252,44.028,UNKNOWN,True,4744
flat100-32.cnf,E_lkk_selector,1,2.95485,0.201182,0.353715,1.83766,0,0,16.6133,1.73887,1.73887,36.8698,UNKNOWN,True,4792
flat100-33.cnf,C_lkk_cadical,1,3.88211,0.190596,0.391339,2.19723,0,0,0.391058,0,0,8.44185,UNKNOWN,True,5616
flat100-33.cnf,D_lkk_kissat,1,3.60521,0.196531,0.400104,2.22806,0,0,18.7022,2.42412,2.42412,37.8499,UNKNOWN,True,4808
flat100-33.cnf,E_lkk_selector,1,2.94143,0.225136,0.390711,2.23719,0,0,20.0796,2.02445,2.02445,39.669,UNKNOWN,True,4828
flat100-35.cnf,C_lkk_cadical,1,15.3093,0.208827,0.416577,2.26244,0,0,0.599455,0,0,20.5276,UNKNOWN,True,5632
flat100-35.cnf,D_lkk_kissat,1,3.40903,0.198417,0.414896,2.15441,0,0,18.2866,2.15119,2.15119,40.1281,UNKNOWN,True,4800
flat100-35.cnf,E_lkk_selector,1,2.79193,0.170342,0.365455,2.06889,0,0,17.8485,2.13097,2.13097,35.3456,UNKNOWN,True,4844
flat100-37.cnf,D_lkk_kissat,1,12.4832,0.170055,0.407858,1.85715,0,0,20.4732,2.45587,2.45587,55.0659,UNKNOWN,True,4988
flat100-37.cnf,E_lkk_selector,1,2.82069,0.196732,0.361949,1.89413,0,0,17.2881,1.66796,1.66796,34.0957,UNKNOWN,True,4848
flat100-37.cnf,C_lkk_cadical,1,2.85482,0.183964,0.422567,2.14807,0,0,0.369265,0,0,7.06605,UNKNOWN,True,5700
flat100-38.cnf,E_lkk_selector,1,13.0203,0.199352,0.40767,2.17817,0,0,19.3687,2.46954,2.46954,52.8532,UNKNOWN,True,4852
flat100-38.cnf,C_lkk_cadical,1,3.24213,0.206288,0.42221,2.23215,0,0,0.430068,0,0,7.67231,UNKNOWN,True,5728
flat100-38.cnf,D_lkk_kissat,1,2.62556,0.175388,0.341006,1.89173,0,0,16.6184,1.61015,1.61015,36.0668,UNKNOWN,True,4952
flat100-39.cnf,C_lkk_cadical,1,3.73562,0.225685,0.461887,2.57316,0,0,0.490344,0,0,8.77639,UNKNOWN,True,5568
flat100-39.cnf,D_lkk_kissat,1,2.90886,0.164794,0.377002,1.82763,0,0,26.8744,1.8058,1.8058,43.1548,UNKNOWN,True,4856
flat100-39.cnf,E_lkk_selector,1,3.97036,0.219754,0.411716,2.19777,0,0,28.4876,2.15402,2.15402,50.8409,UNKNOWN,True,4988
flat100-4.cnf,C_lkk_cadical,1,3.07435,0.192497,0.341436,1.83405,0,0,0.330001,0,0,6.61096,UNKNOWN,True,5548
flat100-4.cnf,D_lkk_kissat,1,2.13556,0.147192,0.307934,1.60359,0,0,14.2269,1.55836,1.55836,29.4138,UNKNOWN,True,4872
flat100-4.cnf,E_lkk_selector,1,2.93963,0.169616,0.362577,1.95701,0,0,16.6468,1.73715,1.73715,33.4204,UNKNOWN,True,4744
flat100-41.cnf,C_lkk_cadical,1,11.8423,0.219692,0.411608,2.48104,0,0,0.379707,0,0,16.9093,UNKNOWN,True,5396
flat100-41.cnf,D_lkk_kissat,1,3.13104,0.2292,0.397725,2.02536,0,0,16.9798,1.86904,1.86904,35.8348,UNKNOWN,True,4956
flat100-41.cnf,E_lkk_selector,1,3.45582,0.221359,0.449319,2.44164,0,0,23.081,2.65152,2.65152,47.7338,UNKNOWN,True,4936
flat100-42.cnf,D_lkk_kissat,1,14.1303,0.195157,0.390474,2.00913,0,0,16.4287,2.01579,2.01579,46.4933,UNKNOWN,True,4936
flat100-42.cnf,E_lkk_selector,1,3.12766,0.200126,0.421731,2.20163,0,0,18.992,2.19122,2.19122,39.5757,UNKNOWN,True,4768
flat100-42.cnf,C_lkk_cadical,1,3.80523,0.220168,0.432819,2.33873,0,0,0.461346,0,0,9.30047,UNKNOWN,True,5600
flat100-43.cnf,E_lkk_selector,1,14.8127,0.187037,0.352345,1.91404,0,0,14.7165,1.99097,1.99097,43.0571,UNKNOWN,True,4996
flat100-43.cnf,C_lkk_cadical,1,3.00649,0.185679,0.386619,2.2,0,0,0.402955,0,0,7.27749,UNKNOWN,True,5648
flat100-43.cnf,D_lkk_kissat,1,3.85752,0.202743,0.417439,2.48173,0,0,19.963,2.98721,2.98721,43.8095,UNKNOWN,True,4872
flat100-44.cnf,C_lkk_cadical,1,2.55593,0.163647,0.335535,1.87003,0,0,0.660596,0,0,6.40224,UNKNOWN,True,5608
flat100-44.cnf,D_lkk_kissat,1,2.97766,0.171647,0.349442,1.91323,0,0,12.8033,1.72444,1.72444,30.3788,UNKNOWN,True,4860
flat100-44.cnf,E_lkk_selector,1,2.63304,0.157277,0.333042,1.77764,0,0,13.1063,1.82456,1.82456,30.625,UNKNOWN,True,4964
flat100-46.cnf,C_lkk_cadical,1,3.00652,0.166522,0.352931,2.22833,0,0,0.504756,0,0,7.52351,UNKNOWN,True,5648
flat100-46.cnf,D_lkk_kissat,1,2.68344,0.172206,0.374516,1.88215,0,0,17.0456,1.69697,1.69697,34.2428,UNKNOWN,True,4800
flat100-46.cnf,E_lkk_selector,1,2.70065,0.184838,0.359699,1.93996,0,0,16.1044,1.68045,1.68045,33.2062,UNKNOWN,True,4932
flat100-47.cnf,C_lkk_cadical,1,13.072,0.212777,0.401576,2.16023,0,0,0.426899,0,0,17.5106,UNKNOWN,True,5660
flat100-47.cnf,D_lkk_kissat,1,3.20327,0.183583,0.377692,2.0486,0,0,18.5611,2.37782,2.37782,38.9468,UNKNOWN,True,4900
flat100-47.cnf,E_lkk_selector,1,3.42887,0.226274,0.403482,2.14692,0,0,17.2958,2.1542,2.1542,39.1679,UNKNOWN,True,4748
flat100-48.cnf,D_lkk_kissat,1,14.4027,0.192749,0.387141,2.16766,0,0,15.7431,1.85971,1.85971,43.7744,UNKNOWN,True,4952
flat100-48.cnf,E_lkk_selector,1,3.39053,0.209355,0.405193,2.30567,0,0,17.7833,1.80876,1.80876,39.2023,UNKNOWN,True,4856
flat100-48.cnf,C_lkk_cadical,1,2.98485,0.201246,0.455071,2.06068,0,0,0.368621,0,0,7.19368,UNKNOWN,True,5464
flat100-49.cnf,E_lkk_selector,1,12.0741,0.193112,0.378591,2.05739,0,0,19.0113,2.13723,2.13723,46.8113,UNKNOWN,True,4936
flat100-49.cnf,C_lkk_cadical,1,2.38627,0.145993,0.314011,1.71436,0,0,0.339581,0,0,5.7439,UNKNOWN,True,5448
flat100-49.cnf,D_lkk_kissat,1,2.40098,0.152376,0.351111,1.64277,0,0,15.3655,1.38311,1.38311,30.0849,UNKNOWN,True,4904
flat100-5.cnf,C_lkk_cadical,1,3.94592,0.231779,0.467131,2.60778,0,0,0.466701,0,0,9.28728,UNKNOWN,True,5612
flat100-5.cnf,D_lkk_kissat,1,4.37585,0.213747,0.429053,2.34951,0,0,18.31,2.72166,2.72166,41.6323,UNKNOWN,True,4804
flat100-5.cnf,E_lkk_selector,1,2.93048,0.195556,0.403043,1.90619,0,0,15.732,1.6924,1.6924,33.5825,UNKNOWN,True,4952
flat100-50.cnf,C_lkk_cadical,1,2.76979,0.152358,0.30698,1.62702,0,0,0.318171,0,0,5.90399,UNKNOWN,True,5624
flat100-50.cnf,D_lkk_kissat,1,2.31387,0.175343,0.294728,1.64812,0,0,14.319,1.45187,1.45187,30.2006,UNKNOWN,True,4780
flat100-50.cnf,E_lkk_selector,1,2.91018,0.170458,0.352673,1.89037,0,0,13.4683,1.74177,1.74177,28.6833,UNKNOWN,True,4748
flat100-51.cnf,C_lkk_cadical,1,9.69975,0.156381,0.335748,1.62306,0,0,0.281601,0,0,13.2498,UNKNOWN,True,5380
flat100-51.cnf,D_lkk_kissat,1,2.0521,0.148395,0.295332,1.58526,0,0,15.4894,1.47894,1.47894,28.7154,UNKNOWN,True,4736
flat100-51.cnf,E_lkk_selector,1,2.37665,0.14815,0.301921,1.68093,0,0,17.3749,1.55001,1.55001,31.1853,UNKNOWN,True,4796
flat100-52.cnf,D_lkk_kissat,1,14.4098,0.151295,0.325785,1.58887,0,0,12.0813,1.74795,1.74795,39.5424,UNKNOWN,True,4768
flat100-52.cnf,E_lkk_selector,1,6.00523,0.243389,0.504172,2.80463,0,0,21.9583,2.85937,2.85937,45.0053,UNKNOWN,True,4904
flat100-52.cnf,C_lkk_cadical,1,2.53264,0.162937,0.336758,1.65509,0,0,0.310844,0,0,5.82247,UNKNOWN,True,5664
flat100-54.cnf,E_lkk_selector,1,11.7663,0.151839,0.312123,1.61656,0,0,14.2227,1.51758,1.51758,37.7046,UNKNOWN,True,4800
flat100-54.cnf,C_lkk_cadical,1,2.37212,0.144299,0.292439,1.53748,0,0,0.301264,0,0,5.53095,UNKNOWN,True,5528
flat100-54.cnf,D_lkk_kissat,1,2.45383,0.154004,0.288908,1.53844,0,0,17.1095,1.85277,1.85277,31.5406,UNKNOWN,True,4928
flat100-55.cnf,C_lkk_cadical,1,2.90852,0.147881,0.321238,1.68068,0,0,0.294131,0,0,6.33401,UNKNOWN,True,5584
flat100-55.cnf,D_lkk_kissat,1,2.32097,0.144315,0.299416,1.64029,0,0,16.179,1.5292,1.5292,30.2338,UNKNOWN,True,4928
flat100-55.cnf,E_lkk_selector,1,2.67903,0.149756,0.328345,1.6803,0,0,12.6905,1.35139,1.35139,27.7771,UNKNOWN,True,4944
flat100-56.cnf,C_lkk_cadical,1,4.39156,0.234287,0.438782,2.43807,0,0,0.469991,0,0,9.25058,UNKNOWN,True,5452
flat100-56.cnf,D_lkk_kissat,1,3.65427,0.207822,0.420276,2.22055,0,0,20.2202,2.29461,2.29461,41.3539,UNKNOWN,True,4780
flat100-56.cnf,E_lkk_selector,1,2.71646,0.172284,0.352986,1.93416,0,0,14.6023,1.87905,1.87905,33.7632,UNKNOWN,True,4844
flat100-57.cnf,C_lkk_cadical,1,9.31605,0.153065,0.304018,1.70102,0,0,0.286906,0,0,13.003,UNKNOWN,True,5584
flat100-57.cnf,D_lkk_kissat,1,3.55966,0.198591,0.359546,1.89279,0,0,33.7604,2.12448,2.12448,53.043,UNKNOWN,True,4892
flat100-57.cnf,E_lkk_selector,1,2.18943,0.157518,0.307779,1.76302,0,0,25.5914,1.43857,1.43857,40.0936,UNKNOWN,True,4748
flat100-58.cnf,D_lkk_kissat,1,10.5344,0.146212,0.306086,1.65101,0,0,15.8579,1.84655,1.84655,39.3187,UNKNOWN,True,4832
flat100-58.cnf,E_lkk_selector,1,3.77342,0.218932,0.371871,2.05426,0,0,16.6737,2.27669,2.27669,36.7134,UNKNOWN,True,4900
flat100-58.cnf,C_lkk_cadical,1,2.33237,0.150688,0.328653,1.68728,0,0,0.296938,0,0,5.56218,UNKNOWN,True,5600
flat100-59.cnf,E_lkk_selector,1,9.15849,0.157131,0.314225,1.66822,0,0,14.2908,1.85257,1.85257,34.6821,UNKNOWN,True,4788
flat100-59.cnf,C_lkk_cadical,1,2.47497,0.141785,0.291891,1.64721,0,0,0.280203,0,0,5.66252,UNKNOWN,True,5448
flat100-59.cnf,D_lkk_kissat,1,2.3948,0.187571,0.318551,1.69436,0,0,11.8994,1.742,1.742,27.4839,UNKNOWN,True,4928
flat100-60.cnf,C_lkk_cadical,1,2.13963,0.153647,0.329754,1.6777,0,0,0.312778,0,0,5.48025,UNKNOWN,True,5420
flat100-60.cnf,D_lkk_kissat,1,2.33336,0.142122,0.324745,1.56121,0,0,13.8321,1.54428,1.54428,27.9352,UNKNOWN,True,4904
flat100-60.cnf,E_lkk_selector,1,2.99442,0.207078,0.358853,1.92792,0,0,16.296,2.01084,2.01084,32.8898,UNKNOWN,True,4876
flat100-61.cnf,C_lkk_cadical,1,2.19852,0.147548,0.307674,1.65728,0,0,0.302742,0,0,5.40818,UNKNOWN,True,5616
flat100-61.cnf,D_lkk_kissat,1,2.56291,0.144403,0.309662,1.62715,0,0,12.6927,1.43187,1.43187,27.2525,UNKNOWN,True,4736
flat100-61.cnf,E_lkk_selector,1,2.55282,0.176105,0.339924,1.91127,0,0,15.5155,1.5476,1.5476,29.9662,UNKNOWN,True,4800
flat100-62.cnf,C_lkk_cadical,1,9.77072,0.148586,0.329108,1.62337,0,0,0.333496,0,0,13.4791,UNKNOWN,True,5416
flat100-62.cnf,D_lkk_kissat,1,2.57874,0.149696,0.309721,1.69099,0,0,13.2526,1.77474,1.77474,29.0973,UNKNOWN,True,4924
flat100-62.cnf,E_lkk_selector,1,2.23725,0.154869,0.335615,1.6358,0,0,12.3984,1.48329,1.48329,25.8604,UNKNOWN,True,4864
flat100-63.cnf,D_lkk_kissat,1,8.60328,0.147103,0.306456,1.63684,0,0,13.5073,1.58847,1.58847,33.4281,UNKNOWN,True,4792
flat100-63.cnf,E_lkk_selector,1,2.03187,0.14306,0.350085,1.61796,0,0,13.3643,1.93711,1.93711,29.25,UNKNOWN,True,4744
flat100-63.cnf,C_lkk_cadical,1,2.60993,0.154035,0.325755,1.89066,0,0,0.304557,0,0,6.25621,UNKNOWN,True,5688
flat100-64.cnf,E_lkk_selector,1,11.0896,0.179871,0.333597,1.70642,0,0,16.7999,1.96062,1.96062,41.9318,UNKNOWN,True,4800
flat100-64.cnf,C_lkk_cadical,1,2.42561,0.164479,0.359355,1.7632,0,0,0.420826,0,0,5.94307,UNKNOWN,True,5456
flat100-64.cnf,D_lkk_kissat,1,2.91742,0.193824,0.351151,1.88,0,0,16.0172,1.79111,1.79111,30.53,UNKNOWN,True,4844
flat100-65.cnf,C_lkk_cadical,1,2.41392,0.171673,0.343921,1.8054,0,0,0.422054,0,0,5.99089,UNKNOWN,True,5400
flat100-65.cnf,D_lkk_kissat,1,2.26568,0.14803,0.300987,1.58922,0,0,13.9785,1.45763,1.45763,26.8409,UNKNOWN,True,4932
flat100-65.cnf,E_lkk_selector,1,2.85092,0.150669,0.307977,1.63949,0,0,15.881,1.7195,1.7195,34.5994,UNKNOWN,True,4684
flat100-66.cnf,C_lkk_cadical,1,2.27408,0.145557,0.319057,1.63353,0,0,0.300858,0,0,5.63067,UNKNOWN,True,5592
flat100-66.cnf,D_lkk_kissat,1,2.83027,0.158503,0.326467,1.88485,0,0,16.8315,1.77548,1.77548,33.0761,UNKNOWN,True,4960
flat100-66.cnf,E_lkk_selector,1,2.17995,0.153485,0.33511,1.72423,0,0,15.3331,1.51829,1.51829,30.9459,UNKNOWN,True,4816
flat100-68.cnf,C_lkk_cadical,1,8.42212,0.154421,0.304955,1.66268,0,0,0.28749,0,0,12.0142,UNKNOWN,True,5580
flat100-68.cnf,D_lkk_kissat,1,2.86815,0.172726,0.306093,1.68246,0,0,15.3519,1.57535,1.57535,31.3587,UNKNOWN,True,4920
flat100-68.cnf,E_lkk_selector,1,3.68624,0.215471,0.435193,2.55433,0,0,18.6681,2.27148,2.27148,37.3487,UNKNOWN,True,4804
flat100-69.cnf,D_lkk_kissat,1,35.5926,0.154123,0.300234,1.68249,0,0,13.5541,1.96276,1.96276,63.2586,UNKNOWN,True,4772
flat100-69.cnf,E_lkk_selector,1,2.1363,0.149797,0.292478,1.63024,0,0,16.2466,1.47253,1.47253,33.2375,UNKNOWN,True,4900
flat100-69.cnf,C_lkk_cadical,1,2.71175,0.306556,0.313953,1.61336,0,0,0.30537,0,0,6.19388,UNKNOWN,True,5464
flat100-7.cnf,E_lkk_selector,1,10.9488,0.171985,0.344031,1.78614,0,0,30.5682,2.16569,2.16569,56.199,UNKNOWN,True,4688
flat100-7.cnf,C_lkk_cadical,1,2.38574,0.153093,0.30906,1.64815,0,0,0.330758,0,0,6.00818,UNKNOWN,True,5592
flat100-7.cnf,D_lkk_kissat,1,2.22437,0.145118,0.305176,1.61055,0,0,23.7986,1.66006,1.66006,39.8295,UNKNOWN,True,4836
flat100-70.cnf,C_lkk_cadical,1,2.53649,0.144615,0.300027,1.6123,0,0,0.284508,0,0,5.69898,UNKNOWN,True,5432
flat100-70.cnf,D_lkk_kissat,1,2.27893,0.159484,0.30006,1.59136,0,0,14.0452,1.92414,1.92414,29.3262,UNKNOWN,True,4908
flat100-70.cnf,E_lkk_selector,1,2.47494,0.183356,0.306888,1.6543,0,0,13.1942,1.56586,1.56586,27.2208,UNKNOWN,True,4872
flat100-72.cnf,C_lkk_cadical,1,2.38215,0.148344,0.309295,1.69058,0,0,0.294484,0,0,5.55523,UNKNOWN,True,5476
flat100-72.cnf,D_lkk_kissat,1,2.21098,0.15292,0.328597,1.65981,0,0,12.7716,1.50262,1.50262,28.6719,UNKNOWN,True,4728
flat100-72.cnf,E_lkk_selector,1,2.5596,0.158248,0.308371,1.69293,0,0,11.8256,1.38178,1.38178,25.5744,UNKNOWN,True,4788
flat100-74.cnf,C_lkk_cadical,1,12.1553,0.191342,0.365757,1.98489,0,0,0.408593,0,0,17.7927,UNKNOWN,True,5644
flat100-74.cnf,D_lkk_kissat,1,2.84503,0.179386,0.371441,1.94908,0,0,18.4662,1.78209,1.78209,34.1465,UNKNOWN,True,4844
flat100-74.cnf,E_lkk_selector,1,2.89301,0.157965,0.323863,1.79812,0,0,17.543,1.81138,1.81138,37.4858,UNKNOWN,True,4808
flat100-75.cnf,D_lkk_kissat,1,14.0953,0.19107,0.361092,1.96159,0,0,16.59,2.13583,2.13583,48.3094,UNKNOWN,True,4864
flat100-75.cnf,E_lkk_selector,1,3.64799,0.219775,0.389207,1.99176,0,0,13.9395,1.7658,1.7658,30.6143,UNKNOWN,True,4848
flat100-75.cnf,C_lkk_cadical,1,3.76125,0.200442,0.405133,2.11176,0,0,0.414548,0,0,8.24386,UNKNOWN,True,5628
flat100-76.cnf,E_lkk_selector,1,11.502,0.174103,0.32191,1.80197,0,0,15.3194,1.84604,1.84604,40.5882,UNKNOWN,True,4744
flat100-76.cnf,C_lkk_cadical,1,3.13438,0.169281,0.343364,1.9207,0,0,0.396926,0,0,6.78798,UNKNOWN,True,5524
flat100-76.cnf,D_lkk_kissat,1,3.13362,0.197324,0.361036,2.01882,0,0,20.9849,2.0284,2.0284,42.6775,UNKNOWN,True,4852
flat100-77.cnf,C_lkk_cadical,1,2.36969,0.169665,0.325197,1.74803,0,0,0.295747,0,0,5.72,UNKNOWN,True,5724
flat100-77.cnf,D_lkk_kissat,1,2.35318,0.164309,0.392126,1.9816,0,0,14.5333,1.67224,1.67224,28.4902,UNKNOWN,True,4916
flat100-77.cnf,E_lkk_selector,1,4.08333,0.218242,0.444205,2.58,0,0,20.9863,2.01883,2.01883,42.3734,UNKNOWN,True,4968
flat100-78.cnf,C_lkk_cadical,1,2.9902,0.155941,0.317918,1.82382,0,0,0.304282,0,0,6.46039,UNKNOWN,True,5688
flat100-78.cnf,D_lkk_kissat,1,2.83307,0.179569,0.345178,1.93728,0,0,15.8175,1.70731,1.70731,31.8156,UNKNOWN,True,4928
flat100-78.cnf,E_lkk_selector,1,2.56302,0.145662,0.309896,1.6536,0,0,16.2087,1.7017,1.7017,31.6643,UNKNOWN,True,4868
flat100-79.cnf,C_lkk_cadical,1,15.3588,0.213318,0.436993,2.24586,0,0,0.394912,0,0,19.9748,UNKNOWN,True,5452
flat100-79.cnf,D_lkk_kissat,1,3.71907,0.19859,0.415473,2.16447,0,0,20.6028,2.14737,2.14737,38.5749,UNKNOWN,True,4840
flat100-79.cnf,E_lkk_selector,1,2.33835,0.168304,0.31829,1.73276,0,0,13.9334,1.68074,1.68074,27.925,UNKNOWN,True,4936
flat100-8.cnf,D_lkk_kissat,1,13.3853,0.209758,0.408152,1.78809,0,0,13.4818,1.66257,1.66257,40.5217,UNKNOWN,True,4916
flat100-8.cnf,E_lkk_selector,1,3.23896,0.158105,0.313986,1.69405,0,0,13.5922,1.67102,1.67102,30.352,UNKNOWN,True,4928
flat100-8.cnf,C_lkk_cadical,1,2.71674,0.185825,0.359947,1.98603,0,0,0.375868,0,0,6.55026,UNKNOWN,True,5540
flat100-80.cnf,E_lkk_selector,1,11.4199,0.166255,0.322703,1.83465,0,0,13.6025,1.77818,1.77818,37.5177,UNKNOWN,True,4740
flat100-80.cnf,C_lkk_cadical,1,2.77002,0.173526,0.32806,1.82041,0,0,0.300072,0,0,6.25517,UNKNOWN,True,5664
flat100-80.cnf,D_lkk_kissat,1,3.62113,0.214935,0.383289,2.07452,0,0,14.3341,2.08191,2.08191,32.6255,UNKNOWN,True,4620
flat100-81.cnf,C_lkk_cadical,1,4.22645,0.209734,0.41712,2.58981,0,0,0.474315,0,0,9.40818,UNKNOWN,True,5604
flat100-81.cnf,D_lkk_kissat,1,3.85901,0.274134,0.428072,2.38628,0,0,22.8585,2.4264,2.4264,43.1219,UNKNOWN,True,4848
flat100-81.cnf,E_lkk_selector,1,2.62287,0.148208,0.315261,1.71071,0,0,20.6586,1.72733,1.72733,37.4061,UNKNOWN,True,4744
flat100-82.cnf,C_lkk_cadical,1,2.61631,0.195107,0.381551,1.93349,0,0,0.56147,0,0,7.37658,UNKNOWN,True,5440
flat100-82.cnf,D_lkk_kissat,1,2.64813,0.162749,0.323055,1.72572,0,0,14.67,1.87236,1.87236,29.6482,UNKNOWN,True,4832
flat100-82.cnf,E_lkk_selector,1,2.8995,0.203355,0.37265,2.05279,0,0,19.0348,1.98744,1.98744,38.1434,UNKNOWN,True,4808
flat100-83.cnf,C_lkk_cadical,1,12.4275,0.165127,0.346539,1.71749,0,0,0.333486,0,0,16.7406,UNKNOWN,True,5712
flat100-83.cnf,D_lkk_kissat,1,2.95507,0.161896,0.305925,1.62887,0,0,19.05,1.66972,1.66972,34.7742,UNKNOWN,True,4844
flat100-83.cnf,E_lkk_selector,1,5.30081,0.2411,0.520197,2.7229,0,0,26.8394,3.00499,3.00499,51.073,UNKNOWN,True,4868
flat100-84.cnf,D_lkk_kissat,1,13.4264,0.20543,0.416856,2.22949,0,0,17.7614,2.48566,2.48566,53.7379,UNKNOWN,True,4840
flat100-84.cnf,E_lkk_selector,1,2.38941,0.150981,0.336361,1.70791,0,0,14.9151,1.48905,1.48905,28.799,UNKNOWN,True,4896
flat100-84.cnf,C_lkk_cadical,1,2.74171,0.163517,0.319448,1.68254,0,0,0.297614,0,0,6.04677,UNKNOWN,True,5532
flat100-85.cnf,E_lkk_selector,1,12.3483,0.157349,0.336485,1.74823,0,0,14.7145,1.73926,1.73926,40.9653,UNKNOWN,True,4920
flat100-85.cnf,C_lkk_cadical,1,2.4652,0.15741,0.319238,1.72698,0,0,0.290615,0,0,5.82321,UNKNOWN,True,5664
flat100-85.cnf,D_lkk_kissat,1,2.5787,0.161406,0.307011,1.68517,0,0,16.085,1.47762,1.47762,34.4083,UNKNOWN,True,4896
flat100-86.cnf,C_lkk_cadical,1,2.58146,0.15414,0.319254,1.73698,0,0,0.310318,0,0,5.89544,UNKNOWN,True,5464
flat100-86.cnf,D_lkk_kissat,1,3.15241,0.206901,0.390162,2.16463,0,0,20.1393,2.38152,2.38152,37.3391,UNKNOWN,True,4904
flat100-86.cnf,E_lkk_selector,1,2.3398,0.156514,0.305924,1.60076,0,0,23.886,1.51774,1.51774,37.7753,UNKNOWN,True,4832
flat100-87.cnf,C_lkk_cadical,1,2.34118,0.157793,0.311453,1.70798,0,0,0.322265,0,0,5.96893,UNKNOWN,True,5560
flat100-87.cnf,D_lkk_kissat,1,2.52791,0.175401,0.32846,1.79494,0,0,13.8184,1.41926,1.41926,28.4939,UNKNOWN,True,4804
flat100-87.cnf,E_lkk_selector,1,2.53328,0.166848,0.326608,1.8108,0,0,14.1831,1.624,1.624,30.7809,UNKNOWN,True,4928
flat100-88.cnf,C_lkk_cadical,1,9.9597,0.14868,0.30681,1.62449,0,0,0.289134,0,0,13.1252,UNKNOWN,True,5672
flat100-88.cnf,D_lkk_kissat,1,2.42358,0.149505,0.30112,1.75278,0,0,13.7984,1.60999,1.60999,27.6953,UNKNOWN,True,4928
flat100-88.cnf,E_lkk_selector,1,2.29357,0.144367,0.3344,1.73207,0,0,13.3994,1.92445,1.92445,29.6881,UNKNOWN,True,4916
flat100-89.cnf,D_lkk_kissat,1,12.4509,0.198537,0.373601,1.91687,0,0,16.4495,1.67432,1.67432,43.5893,UNKNOWN,True,4808
flat100-89.cnf,E_lkk_selector,1,2.7869,0.159887,0.310652,1.7618,0,0,16.411,1.75784,1.75784,30.6621,UNKNOWN,True,4796
flat100-89.cnf,C_lkk_cadical,1,2.968,0.193016,0.419059,2.2168,0,0,0.380102,0,0,7.06444,UNKNOWN,True,5652
flat100-9.cnf,E_lkk_selector,1,9.21342,0.1588,0.328959,2.00479,0,0,16.0428,1.83314,1.83314,38.6854,UNKNOWN,True,4860
flat100-9.cnf,C_lkk_cadical,1,2.67527,0.152222,0.31012,1.69556,0,0,0.309742,0,0,5.92956,UNKNOWN,True,5536
flat100-9.cnf,D_lkk_kissat,1,2.56132,0.16104,0.361076,2.08961,0,0,14.4976,1.96212,1.96212,29.9404,UNKNOWN,True,4836
flat100-91.cnf,C_lkk_cadical,1,2.88335,0.184822,0.307976,1.65872,0,0,0.285622,0,0,6.32604,UNKNOWN,True,5596
flat100-91.cnf,D_lkk_kissat,1,3.48381,0.152935,0.306357,1.66514,0,0,13.613,1.89689,1.89689,30.7697,UNKNOWN,True,4908
flat100-91.cnf,E_lkk_selector,1,3.14059,0.155282,0.352289,1.65297,0,0,13.4428,1.77068,1.77068,28.6901,UNKNOWN,True,4768
flat100-92.cnf,C_lkk_cadical,1,2.74781,0.161917,0.303997,1.66058,0,0,0.282699,0,0,6.05444,UNKNOWN,True,5596
flat100-92.cnf,D_lkk_kissat,1,2.60807,0.159202,0.316263,1.67731,0,0,14.2023,1.54251,1.54251,29.0294,UNKNOWN,True,4900
flat100-92.cnf,E_lkk_selector,1,2.39401,0.144851,0.290412,1.56166,0,0,12.4536,1.5143,1.5143,27.3134,UNKNOWN,True,4928
flat100-93.cnf,C_lkk_cadical,1,10.4923,0.162432,0.322367,1.86477,0,0,0.378946,0,0,14.2608,UNKNOWN,True,5568
flat100-93.cnf,D_lkk_kissat,1,2.35737,0.178215,0.317977,1.65699,0,0,15.9731,1.70811,1.70811,31.4413,UNKNOWN,True,4908
flat100-93.cnf,E_lkk_selector,1,2.7182,0.169297,0.321206,1.66553,0,0,15.3385,1.60905,1.60905,33.2908,UNKNOWN,True,4896
flat100-94.cnf,D_lkk_kissat,1,11.0094,0.173506,0.31129,1.74628,0,0,13.9025,1.90071,1.90071,37.0731,UNKNOWN,True,4736
flat100-94.cnf,E_lkk_selector,1,3.75362,0.209841,0.412015,2.22378,0,0,16.1373,2.17493,2.17493,36.6749,UNKNOWN,True,4916
flat100-94.cnf,C_lkk_cadical,1,2.62865,0.163296,0.341966,1.8314,0,0,0.395259,0,0,6.11988,UNKNOWN,True,5592
flat100-95.cnf,E_lkk_selector,1,11.6754,0.163632,0.361257,1.74489,0,0,12.937,1.7507,1.7507,38.803,UNKNOWN,True,4832
flat100-95.cnf,C_lkk_cadical,1,2.57232,0.155621,0.32541,1.85357,0,0,0.30795,0,0,5.9905,UNKNOWN,True,5444
flat100-95.cnf,D_lkk_kissat,1,2.3375,0.151696,0.317774,1.70209,0,0,12.7719,1.4685,1.4685,26.6923,UNKNOWN,True,4852
flat100-96.cnf,C_lkk_cadical,1,2.91915,0.190212,0.364036,1.96441,0,0,0.340694,0,0,6.68343,UNKNOWN,True,5588
flat100-96.cnf,D_lkk_kissat,1,2.49465,0.147282,0.312678,1.79763,0,0,18.1347,1.53561,1.53561,34.8632,UNKNOWN,True,4852
flat100-96.cnf,E_lkk_selector,1,4.10766,0.224563,0.429047,2.33677,0,0,20.273,2.68431,2.68431,40.7001,UNKNOWN,True,4832
flat100-97.cnf,C_lkk_cadical,1,2.96057,0.15417,0.30919,1.72206,0,0,0.304885,0,0,6.44195,UNKNOWN,True,5548
flat100-97.cnf,D_lkk_kissat,1,3.87195,0.225564,0.640623,2.15616,0,0,22.6142,2.43241,2.43241,42.9568,UNKNOWN,True,4896
flat100-97.cnf,E_lkk_selector,1,3.06945,0.181461,0.384341,2.08525,0,0,20.4945,2.18923,2.18923,44.0912,UNKNOWN,True,4776
flat100-98.cnf,C_lkk_cadical,1,14.4548,0.206565,0.484825,2.34934,0,0,0.428339,0,0,19.9308,UNKNOWN,True,5472
flat100-98.cnf,D_lkk_kissat,1,3.36102,0.219073,0.44025,2.25296,0,0,18.4582,2.19071,2.19071,48.4787,UNKNOWN,True,4892
flat100-98.cnf,E_lkk_selector,1,2.52032,0.159293,0.311759,1.70994,0,0,15.655,1.67383,1.67383,31.7432,UNKNOWN,True,4844
flat75-1.cnf,D_lkk_kissat,1,14.6263,0.147172,0.304449,1.65451,0,0,22.586,1.82438,14.4104,51.1952,UNKNOWN,True,4464
flat75-1.cnf,E_lkk_selector,1,4.02357,0.197177,0.356731,1.85047,0,0,28.1155,2.28049,20.396,49.9965,UNKNOWN,True,4532
flat75-1.cnf,C_lkk_cadical,1,2.90114,0.134967,0.280224,1.6306,0,0,0.508268,0,0,6.53433,UNKNOWN,True,5652
flat75-10.cnf,E_lkk_selector,1,13.8345,0.150156,0.303382,1.65156,0,0,26.2667,2.31305,18.5798,56.8078,UNKNOWN,True,4728
flat75-10.cnf,C_lkk_cadical,1,3.05876,0.156419,0.313798,1.61905,0,0,0.742248,0,0,7.12198,UNKNOWN,True,5788
flat75-10.cnf,D_lkk_kissat,1,2.93453,0.132404,0.293399,1.60823,0,0,23.128,2.07363,15.2017,39.9178,UNKNOWN,True,4596
flat75-100.cnf,C_lkk_cadical,1,3.14795,0.175689,0.331458,1.67406,0,0,0.501912,0,0,6.82854,UNKNOWN,True,5636
flat75-100.cnf,D_lkk_kissat,1,3.22205,0.138343,0.3237,1.66724,0,0,25.1522,1.95281,17.105,43.0169,UNKNOWN,True,4576
flat75-100.cnf,E_lkk_selector,1,2.87989,0.131783,0.320972,1.64371,0,0,23.4053,1.56797,14.9733,38.5501,UNKNOWN,True,4724
flat75-11.cnf,C_lkk_cadical,1,2.35604,0.113101,0.254475,1.36183,0,0,0.491662,0,0,5.2472,UNKNOWN,True,5508
flat75-11.cnf,D_lkk_kissat,1,2.33133,0.114781,0.25737,1.30324,0,0,17.596,1.41391,9.00992,32.3081,UNKNOWN,True,4652
flat75-11.cnf,E_lkk_selector,1,2.48621,0.113552,0.305414,1.38579,0,0,22.8196,1.70363,14.5232,40.1593,UNKNOWN,True,4620
flat75-13.cnf,C_lkk_cadical,1,11.6817,0.155657,0.32322,1.80043,0,0,0.348659,0,0,15.4051,UNKNOWN,True,5296
flat75-13.cnf,D_lkk_kissat,1,3.38747,0.14539,0.303504,1.54249,0,0,14.216,2.52711,2.52711,33.3708,UNKNOWN,True,4600
flat75-13.cnf,E_lkk_selector,1,2.28485,0.112963,0.242504,1.32246,0,0,12.1357,1.49378,1.49378,26.3301,UNKNOWN,True,4648
flat75-15.cnf,D_lkk_kissat,1,14.0202,0.181979,0.373088,1.83918,0,0,30.8442,2.72613,23.5703,61.3797,UNKNOWN,True,4700
flat75-15.cnf,E_lkk_selector,1,2.3843,0.117999,0.247519,1.30969,0,0,18.3088,1.62987,9.93866,31.8657,UNKNOWN,True,4728
flat75-15.cnf,C_lkk_cadical,1,2.52878,0.129299,0.279555,1.52479,0,0,0.535376,0,0,6.40198,UNKNOWN,True,5452
flat75-16.cnf,E_lkk_selector,1,14.3098,0.157214,0.337474,1.87544,0,0,33.6591,2.05114,25.7103,66.3664,UNKNOWN,True,4744
flat75-16.cnf,C_lkk_cadical,1,2.66805,0.135017,0.302653,1.67645,0,0,0.627062,0,0,6.61519,UNKNOWN,True,5772
flat75-16.cnf,D_lkk_kissat,1,3.553,0.169114,0.367806,1.68319,0,0,34.4252,2.06422,26.4894,54.2736,UNKNOWN,True,4600
flat75-17.cnf,C_lkk_cadical,1,2.61157,0.12236,0.284265,1.5185,0,0,0.581351,0,0,6.02744,UNKNOWN,True,5564
flat75-17.cnf,D_lkk_kissat,1,4.48193,0.220375,0.464866,2.58786,0,0,44.8887,2.8813,37.77,68.6365,UNKNOWN,True,4720
flat75-17.cnf,E_lkk_selector,1,3.03073,0.148637,0.33436,1.69009,0,0,25.9059,2.26552,18.1714,44.778,UNKNOWN,True,4540
flat75-18.cnf,C_lkk_cadical,1,2.44218,0.124438,0.276755,1.41197,0,0,0.513864,0,0,5.83154,UNKNOWN,True,5592
flat75-18.cnf,D_lkk_kissat,1,2.68166,0.171467,0.304551,1.66081,0,0,21.7348,1.89147,13.6263,41.607,UNKNOWN,True,4696
flat75-18.cnf,E_lkk_selector,1,3.0768,0.156231,0.305662,1.69398,0,0,23.9927,2.27018,16.2629,42.6283,UNKNOWN,True,4748
flat75-19.cnf,C_lkk_cadical,1,8.50782,0.115884,0.264646,1.40392,0,0,0.407277,0,0,11.4567,UNKNOWN,True,5352
flat75-19.cnf,D_lkk_kissat,1,3.64064,0.152504,0.320326,1.81611,0,0,23.4449,1.73743,15.1823,42.7985,UNKNOWN,True,4748
flat75-19.cnf,E_lkk_selector,1,2.9687,0.151309,0.315092,1.73923,0,0,22.7979,1.85694,14.6549,41.6792,UNKNOWN,True,4724
flat75-2.cnf,D_lkk_kissat,1,9.85758,0.148313,0.293812,1.63104,0,0,23.8753,1.87287,15.7482,47.3336,UNKNOWN,True,4716
flat75-2.cnf,E_lkk_selector,1,2.37599,0.10962,0.238213,1.25224,0,0,18.5139,1.27656,9.79045,31.0285,UNKNOWN,True,4536
flat75-2.cnf,C_lkk_cadical,1,3.40216,0.139621,0.318806,1.73378,0,0,0.493268,0,0,7.05105,UNKNOWN,True,5448
flat75-20.cnf,E_lkk_selector,1,12.3249,0.145396,0.33505,1.76188,0,0,26.2811,2.4247,18.7058,56.9133,UNKNOWN,True,4528
flat75-20.cnf,C_lkk_cadical,1,3.1226,0.173901,0.329349,1.72972,0,0,0.721965,0,0,7.38126,UNKNOWN,True,5516
flat75-20.cnf,D_lkk_kissat,1,2.65118,0.136746,0.299727,1.44875,0,0,19.4975,1.90918,11.4066,37.0095,UNKNOWN,True,4636
flat75-21.cnf,C_lkk_cadical,1,2.78004,0.120601,0.274287,1.39819,0,0,0.697276,0,0,6.14668,UNKNOWN,True,5568
flat75-21.cnf,D_lkk_kissat,1,2.61094,0.127412,0.288141,1.41522,0,0,20.0152,1.79039,11.8056,34.768,UNKNOWN,True,4680
flat75-21.cnf,E_lkk_selector,1,3.24576,0.136023,0.29881,1.58089,0,0,24.1914,2.25803,16.4494,42.8977,UNKNOWN,True,4744
flat75-22.cnf,C_lkk_cadical,1,2.93267,0.131419,0.30793,1.71344,0,0,0.486588,0,0,6.49608,UNKNOWN,True,5592
flat75-22.cnf,D_lkk_kissat,1,2.46109,0.124282,0.260887,1.39338,0,0,20.0211,1.68275,11.7039,34.899,UNKNOWN,True,4588
flat75-22.cnf,E_lkk_selector,1,2.6699,0.114804,0.257123,1.33776,0,0,18.9531,1.42712,10.3802,35.6659,UNKNOWN,True,4608
flat75-24.cnf,C_lkk_cadical,1,11.4882,0.14547,0.300393,1.6222,0,0,0.693191,0,0,15.1678,UNKNOWN,True,5796
flat75-24.cnf,D_lkk_kissat,1,2.75213,0.123163,0.28295,1.54351,0,0,21.6385,1.62308,13.2616,39.7181,UNKNOWN,True,4600
flat75-24.cnf,E_lkk_selector,1,2.8926,0.136005,0.288846,1.54024,0,0,25.7034,1.81205,17.5154,44.26,UNKNOWN,True,4532
flat75-25.cnf,D_lkk_kissat,1,10.0422,0.140942,0.286746,1.57854,0,0,24.7895,2.15949,16.949,50.1623,UNKNOWN,True,4772
flat75-25.cnf,E_lkk_selector,1,2.81174,0.143961,0.294511,1.52459,0,0,22.5829,2.02739,14.6103,42.0387,UNKNOWN,True,4612
flat75-25.cnf,C_lkk_cadical,1,3.09794,0.138592,0.326478,1.64177,0,0,0.706556,0,0,7.18827,UNKNOWN,True,5560
flat75-26.cnf,E_lkk_selector,1,9.02132,0.14841,0.274871,1.46721,0,0,21.5693,1.72161,13.2909,41.9717,UNKNOWN,True,4740
flat75-26.cnf,C_lkk_cadical,1,3.03496,0.148048,0.324046,1.69753,0,0,0.492525,0,0,7.0186,UNKNOWN,True,5684
flat75-26.cnf,D_lkk_kissat,1,2.93436,0.159743,0.313356,1.69722,0,0,22.9021,1.86915,14.7712,40.227,UNKNOWN,True,4692
flat75-27.cnf,C_lkk_cadical,1,2.85268,0.155008,0.315148,1.59794,0,0,1.15801,0,0,7.24384,UNKNOWN,True,5448
flat75-27.cnf,D_lkk_kissat,1,2.55547,0.145853,0.275178,1.34987,0,0,17.1702,1.63763,8.80787,31.687,UNKNOWN,True,4636
flat75-27.cnf,E_lkk_selector,1,3.08669,0.175017,0.348802,1.80284,0,0,22.5062,2.22904,14.7352,40.524,UNKNOWN,True,4604
flat75-29.cnf,C_lkk_cadical,1,3.14204,0.136537,0.294572,1.59766,0,0,1.10126,0,0,7.20661,UNKNOWN,True,5784
flat75-29.cnf,D_lkk_kissat,1,3.38277,0.149508,0.32881,1.72064,0,0,28.3649,2.14656,20.5114,47.2538,UNKNOWN,True,4724
flat75-29.cnf,E_lkk_selector,1,2.6373,0.132386,0.30834,1.61561,0,0,23.2381,1.80128,15.0394,39.9375,UNKNOWN,True,4712
flat75-3.cnf,C_lkk_cadical,1,11.6549,0.166416,0.388115,2.0416,0,0,1.45064,0,0,16.793,UNKNOWN,True,5668
flat75-3.cnf,D_lkk_kissat,1,2.81743,0.139782,0.320757,1.73297,0,0,23.8163,1.71155,15.5278,45.5239,UNKNOWN,True,4772
flat75-3.cnf,E_lkk_selector,1,2.79153,0.142401,0.276538,1.66007,0,0,23.5167,1.82597,15.3427,38.3099,UNKNOWN,True,4632
flat75-31.cnf,D_lkk_kissat,1,8.03665,0.110664,0.231933,1.18625,0,0,16.5906,1.51385,1.51385,35.7995,UNKNOWN,True,4708
flat75-31.cnf,E_lkk_selector,1,2.2412,0.170163,0.265752,1.34745,0,0,14.7177,1.46002,1.46002,28.1154,UNKNOWN,True,4648
flat75-31.cnf,C_lkk_cadical,1,2.60216,0.111501,0.244649,1.25395,0,0,0.288468,0,0,5.52263,UNKNOWN,True,5388
flat75-32.cnf,E_lkk_selector,1,8.8565,0.109039,0.232708,1.33827,0,0,18.4649,1.92093,10.3859,39.8568,UNKNOWN,True,4708
flat75-32.cnf,C_lkk_cadical,1,2.49901,0.116258,0.266825,1.3214,0,0,0.522268,0,0,5.93811,UNKNOWN,True,5616
flat75-32.cnf,D_lkk_kissat,1,2.11678,0.107927,0.250509,1.29209,0,0,17.7001,1.51062,9.2107,30.0859,UNKNOWN,True,4536
flat75-33.cnf,C_lkk_cadical,1,2.51502,0.13763,0.289028,1.47619,0,0,0.580852,0,0,5.98287,UNKNOWN,True,5724
flat75-33.cnf,D_lkk_kissat,1,2.3872,0.111759,0.248332,1.26431,0,0,21.4194,1.37896,12.7984,36.7383,UNKNOWN,True,4596
flat75-33.cnf,E_lkk_selector,1,2.23361,0.116178,0.248193,1.36456,0,0,18.6251,1.60901,10.2341,32.3332,UNKNOWN,True,4724
flat75-34.cnf,C_lkk_cadical,1,2.05358,0.101687,0.241099,1.23065,0,0,0.291481,0,0,4.96107,UNKNOWN,True,5380
flat75-34.cnf,D_lkk_kissat,1,2.52308,0.108023,0.242199,1.36495,0,0,13.2788,1.70409,1.70409,28.3353,UNKNOWN,True,4640
flat75-34.cnf,E_lkk_selector,1,3.62576,0.147285,0.351688,1.81269,0,0,19.6334,2.2683,2.2683,40.9213,UNKNOWN,True,4628
flat75-35.cnf,C_lkk_cadical,1,14.2697,0.155546,0.33538,1.84928,0,0,0.560333,0,0,18.3999,UNKNOWN,True,5372
flat75-35.cnf,D_lkk_kissat,1,2.64484,0.120206,0.235575,1.24772,0,0,20.4457,1.44699,11.8927,33.782,UNKNOWN,True,4596
flat75-35.cnf,E_lkk_selector,1,2.31345,0.103547,0.232576,1.23517,0,0,20.3815,1.54977,11.9313,35.7789,UNKNOWN,True,4532
flat75-36.cnf,D_lkk_kissat,1,15.2625,0.156713,0.32641,1.76336,0,0,22.7505,2.32571,15.0762,51.962,UNKNOWN,True,4596
flat75-36.cnf,E_lkk_selector,1,2.59644,0.126045,0.283862,1.45666,0,0,18.68,1.79322,10.4732,35.3457,UNKNOWN,True,4644
flat75-36.cnf,C_lkk_cadical,1,2.87139,0.12912,0.287172,1.51104,0,0,0.398752,0,0,6.05643,UNKNOWN,True,5612
flat75-37.cnf,E_lkk_selector,1,10.0156,0.12621,0.298525,1.65271,0,0,24.7438,1.82938,16.5732,47.9907,UNKNOWN,True,4744
flat75-37.cnf,C_lkk_cadical,1,2.1163,0.115933,0.254094,1.30162,0,0,0.408919,0,0,4.87474,UNKNOWN,True,5612
flat75-37.cnf,D_lkk_kissat,1,2.97984,0.143763,0.308889,1.72465,0,0,23.482,2.34326,15.8253,42.4284,UNKNOWN,True,4532
flat75-38.cnf,C_lkk_cadical,1,2.98094,0.149341,0.302166,1.59875,0,0,0.377282,0,0,6.35657,UNKNOWN,True,5260
flat75-38.cnf,D_lkk_kissat,1,3.74393,0.180966,0.340599,1.8676,0,0,18.1037,2.22731,2.22731,35.9653,UNKNOWN,True,4640
flat75-38.cnf,E_lkk_selector,1,2.61552,0.128795,0.288559,1.5779,0,0,16.8513,2.04244,2.04244,32.1004,UNKNOWN,True,4508
flat75-39.cnf,C_lkk_cadical,1,2.82005,0.131404,0.246904,1.28912,0,0,0.747046,0,0,6.01905,UNKNOWN,True,5740
flat75-39.cnf,D_lkk_kissat,1,2.35732,0.11533,0.258415,1.42255,0,0,18.973,1.70867,10.6816,33.9376,UNKNOWN,True,4540
flat75-39.cnf,E_lkk_selector,1,2.67488,0.117424,0.267624,1.46997,0,0,22.5898,1.96087,14.5506,38.835,UNKNOWN,True,4740
flat75-4.cnf,C_lkk_cadical,1,9.79485,0.1234,0.242473,1.30305,0,0,0.526055,0,0,12.7593,UNKNOWN,True,5348
flat75-4.cnf,D_lkk_kissat,1,2.30061,0.109722,0.254228,1.32478,0,0,19.6156,1.35553,10.9711,32.6367,UNKNOWN,True,4788
flat75-4.cnf,E_lkk_selector,1,2.32106,0.104678,0.240466,1.27541,0,0,19.6411,1.47971,11.1208,37.0659,UNKNOWN,True,4748
flat75-40.cnf,D_lkk_kissat,1,10.5621,0.12372,0.263885,1.38359,0,0,20.4,1.80778,12.2078,43.3573,UNKNOWN,True,4684
flat75-40.cnf,E_lkk_selector,1,2.16651,0.102808,0.242323,1.22081,0,0,18.4537,1.53441,9.98811,33.0122,UNKNOWN,True,4648
flat75-40.cnf,C_lkk_cadical,1,2.20808,0.10614,0.239212,1.26109,0,0,0.465519,0,0,4.91432,UNKNOWN,True,5616
flat75-42.cnf,E_lkk_selector,1,9.20659,0.112475,0.249002,1.26122,0,0,19.2832,1.77886,11.0621,39.1834,UNKNOWN,True,4624
flat75-42.cnf,C_lkk_cadical,1,2.43253,0.15429,0.239023,1.34064,0,0,0.514922,0,0,5.84194,UNKNOWN,True,5508
flat75-42.cnf,D_lkk_kissat,1,2.33967,0.131628,0.2545,1.40904,0,0,25.4931,1.50287,16.996,43.1207,UNKNOWN,True,4632
flat75-44.cnf,C_lkk_cadical,1,2.06924,0.106065,0.241506,1.2607,0,0,0.700164,0,0,5.13827,UNKNOWN,True,5512
flat75-44.cnf,D_lkk_kissat,1,2.93263,0.125349,0.275557,1.48141,0,0,24.4661,2.13317,16.5993,42.6194,UNKNOWN,True,4708
flat75-44.cnf,E_lkk_selector,1,2.6526,0.1139,0.269389,1.47182,0,0,21.4432,1.51691,12.9602,34.9641,UNKNOWN,True,4752
flat75-45.cnf,C_lkk_cadical,1,2.51358,0.135581,0.273683,1.44484,0,0,0.812565,0,0,6.08843,UNKNOWN,True,5532
flat75-45.cnf,D_lkk_kissat,1,3.04607,0.117809,0.245354,1.29069,0,0,21.2969,1.61316,12.9101,37.0091,UNKNOWN,True,4692
flat75-45.cnf,E_lkk_selector,1,2.54362,0.105622,0.232501,1.24774,0,0,19.6108,1.59363,11.2044,33.4508,UNKNOWN,True,4788
flat75-46.cnf,C_lkk_cadical,1,10.7696,0.121833,0.25942,1.37234,0,0,1.30138,0,0,14.6055,UNKNOWN,True,5524
flat75-46.cnf,D_lkk_kissat,1,2.37834,0.121116,0.319924,1.42214,0,0,20.1652,1.62181,11.7871,38.4222,UNKNOWN,True,4748
flat75-46.cnf,E_lkk_selector,1,2.56408,0.105384,0.232634,1.23822,0,0,18.29,1.44707,9.7371,32.3971,UNKNOWN,True,4624
flat75-48.cnf,D_lkk_kissat,1,11.6623,0.156044,0.352458,1.87401,0,0,29.8547,2.4313,22.286,56.5702,UNKNOWN,True,4468
flat75-48.cnf,E_lkk_selector,1,3.06981,0.132153,0.283008,1.69831,0,0,21.4534,1.75646,13.2099,38.6923,UNKNOWN,True,4588
flat75-48.cnf,C_lkk_cadical,1,3.20481,0.15616,0.32846,1.79546,0,0,0.496144,0,0,6.97079,UNKNOWN,True,5392
flat75-49.cnf,E_lkk_selector,1,9.83824,0.129579,0.279341,1.48276,0,0,21.7037,1.95571,13.6594,46.8301,UNKNOWN,True,4720
flat75-49.cnf,C_lkk_cadical,1,2.39408,0.105375,0.239912,1.27124,0,0,0.925549,0,0,5.87762,UNKNOWN,True,5408
flat75-49.cnf,D_lkk_kissat,1,2.27605,0.175626,0.251066,1.21054,0,0,18.8174,1.49372,10.3112,33.4155,UNKNOWN,True,4720
flat75-5.cnf,C_lkk_cadical,1,2.48336,0.116525,0.272858,1.2922,0,0,0.378303,0,0,5.31021,UNKNOWN,True,5716
flat75-5.cnf,D_lkk_kissat,1,2.40771,0.114469,0.238441,1.30709,0,0,23.748,1.54959,15.2976,41.0049,UNKNOWN,True,4596
flat75-5.cnf,E_lkk_selector,1,2.41324,0.106071,0.243791,1.3867,0,0,19.1863,1.70205,10.8884,34.6652,UNKNOWN,True,4520
flat75-50.cnf,C_lkk_cadical,1,2.47049,0.112763,0.240138,1.30029,0,0,0.268806,0,0,5.11113,UNKNOWN,True,5428
flat75-50.cnf,D_lkk_kissat,1,2.52515,0.109141,0.243456,1.35229,0,0,12.3105,1.64948,1.64948,25.8879,UNKNOWN,True,4768
flat75-50.cnf,E_lkk_selector,1,2.65819,0.123636,0.355086,1.47925,0,0,15.6746,1.53082,1.53082,29.8483,UNKNOWN,True,4696
flat75-51.cnf,C_lkk_cadical,1,8.3867,0.116717,0.22751,1.23621,0,0,0.537927,0,0,11.3463,UNKNOWN,True,5444
flat75-51.cnf,D_lkk_kissat,1,2.46513,0.142205,0.230533,1.35464,0,0,20.3006,2.10962,12.4102,34.5304,UNKNOWN,True,4688
flat75-51.cnf,E_lkk_selector,1,2.83582,0.127955,0.282373,1.98879,0,0,21.304,1.74336,13.0474,39.7854,UNKNOWN,True,4508
flat75-52.cnf,D_lkk_kissat,1,9.88857,0.139539,0.342595,1.53882,0,0,26.7114,2.15779,18.8691,53.8935,UNKNOWN,True,4560
flat75-52.cnf,E_lkk_selector,1,3.68496,0.161642,0.315596,1.65583,0,0,26.928,2.04725,18.9752,44.282,UNKNOWN,True,4720
flat75-52.cnf,C_lkk_cadical,1,2.41657,0.109123,0.241939,1.33977,0,0,0.78559,0,0,5.61449,UNKNOWN,True,5572
flat75-54.cnf,E_lkk_selector,1,8.24557,0.103157,0.23571,1.25285,0,0,17.1325,1.73496,8.86748,38.5945,UNKNOWN,True,4720
flat75-54.cnf,C_lkk_cadical,1,2.41871,0.103903,0.25055,1.27256,0,0,0.413231,0,0,5.14443,UNKNOWN,True,5840
flat75-54.cnf,D_lkk_kissat,1,2.33975,0.114246,0.255232,1.43694,0,0,19.2172,1.49275,10.7099,34.3036,UNKNOWN,True,4532
flat75-56.cnf,C_lkk_cadical,1,2.9977,0.131334,0.289219,1.48076,0,0,0.639916,0,0,6.34167,UNKNOWN,True,5536
flat75-56.cnf,D_lkk_kissat,1,2.55232,0.104031,0.242924,1.23151,0,0,18.6821,1.62171,10.3038,31.8784,UNKNOWN,True,4660
flat75-56.cnf,E_lkk_selector,1,2.35868,0.137293,0.23968,1.19537,0,0,18.2413,1.58348,9.82482,31.3576,UNKNOWN,True,4716
flat75-57.cnf,C_lkk_cadical,1,2.87172,0.131342,0.255773,1.45903,0,0,0.570991,0,0,6.05567,UNKNOWN,True,5344
flat75-57.cnf,D_lkk_kissat,1,2.04764,0.1009,0.229513,1.55094,0,0,20.7051,1.48154,12.1866,33.9298,UNKNOWN,True,4644
flat75-57.cnf,E_lkk_selector,1,2.40597,0.110162,0.291551,1.24417,0,0,19.5799,1.3379,10.9178,31.984,UNKNOWN,True,4744
flat75-58.cnf,C_lkk_cadical,1,11.904,0.127749,0.281874,1.36238,0,0,0.449653,0,0,15.027,UNKNOWN,True,5508
flat75-58.cnf,D_lkk_kissat,1,2.39959,0.111332,0.237561,1.21459,0,0,27.1698,1.61733,18.7871,42.6366,UNKNOWN,True,4720
flat75-58.cnf,E_lkk_selector,1,2.8588,0.140722,0.285027,1.54738,0,0,25.9488,2.01601,17.9649,40.2895,UNKNOWN,True,4776
flat75-59.cnf,D_lkk_kissat,1,9.67135,0.113457,0.265169,1.33804,0,0,13.1243,2.78793,2.78793,35.1741,UNKNOWN,True,4596
flat75-59.cnf,E_lkk_selector,1,2.43234,0.109615,0.240169,1.29658,0,0,14.6364,1.53024,1.53024,31.8233,UNKNOWN,True,4692
flat75-59.cnf,C_lkk_cadical,1,3.01952,0.161308,0.351985,1.98182,0,0,0.374814,0,0,8.7082,UNKNOWN,True,5384
flat75-6.cnf,E_lkk_selector,1,9.92755,0.111892,0.25078,1.31102,0,0,17.8175,1.80021,9.61774,40.9976,UNKNOWN,True,4688
flat75-6.cnf,C_lkk_cadical,1,2.15951,0.107923,0.24511,1.3081,0,0,0.426993,0,0,5.32156,UNKNOWN,True,5452
flat75-6.cnf,D_lkk_kissat,1,2.59322,0.126286,0.258355,1.35587,0,0,17.1325,1.63462,8.76713,32.9017,UNKNOWN,True,4704
flat75-60.cnf,C_lkk_cadical,1,3.37576,0.145754,0.321245,1.67666,0,0,0.63909,0,0,7.59528,UNKNOWN,True,5552
flat75-60.cnf,D_lkk_kissat,1,3.50097,0.129594,0.339605,1.66797,0,0,27.9519,2.2887,20.2406,47.4149,UNKNOWN,True,4752
flat75-60.cnf,E_lkk_selector,1,2.98289,0.130017,0.296369,1.62216,0,0,23.8164,1.76753,15.5839,40.448,UNKNOWN,True,4716
flat75-62.cnf,C_lkk_cadical,1,4.40628,0.167166,0.361472,1.89938,0,0,1.17958,0,0,9.53386,UNKNOWN,True,5608
flat75-62.cnf,D_lkk_kissat,1,3.56896,0.155561,0.354404,1.76216,0,0,24.1893,2.19697,16.3863,45.1504,UNKNOWN,True,4700
flat75-62.cnf,E_lkk_selector,1,2.054,0.103427,0.239106,1.25519,0,0,21.0652,1.63463,12.6998,35.6434,UNKNOWN,True,4636
flat75-63.cnf,C_lkk_cadical,1,9.54885,0.123224,0.269148,1.40252,0,0,0.590742,0,0,13.248,UNKNOWN,True,5452
flat75-63.cnf,D_lkk_kissat,1,2.1342,0.10878,0.241131,1.28774,0,0,19.0926,1.41796,10.5105,31.5337,UNKNOWN,True,4684
flat75-63.cnf,E_lkk_selector,1,2.35207,0.107076,0.238798,1.2674,0,0,20.2368,1.83388,12.0707,34.138,UNKNOWN,True,4636
flat75-64.cnf,D_lkk_kissat,1,12.1483,0.149734,0.325275,1.74703,0,0,25.4483,2.34503,17.7933,53.3515,UNKNOWN,True,4532
flat75-64.cnf,E_lkk_selector,1,3.38508,0.165294,0.291979,1.65981,0,0,23.6439,1.9255,15.5694,39.8161,UNKNOWN,True,4648
flat75-64.cnf,C_lkk_cadical,1,2.7523,0.131558,0.30423,1.56051,0,0,0.442166,0,0,5.95682,UNKNOWN,True,5608
flat75-65.cnf,E_lkk_selector,1,10.2316,0.109652,0.24556,1.30602,0,0,17.8142,1.5911,9.40531,40.9443,UNKNOWN,True,4692
flat75-65.cnf,C_lkk_cadical,1,3.17231,0.148165,0.290557,1.62155,0,0,0.441021,0,0,6.38374,UNKNOWN,True,5460
flat75-65.cnf,D_lkk_kissat,1,2.41637,0.11207,0.249798,1.36752,0,0,18.807,1.42846,10.2354,31.7526,UNKNOWN,True,4624
flat75-66.cnf,C_lkk_cadical,1,2.72949,0.116971,0.278013,1.36203,0,0,0.295995,0,0,5.46305,UNKNOWN,True,5408
flat75-66.cnf,D_lkk_kissat,1,2.95932,0.132288,0.3226,1.77348,0,0,23.5669,2.42336,2.42336,42.9646,UNKNOWN,True,4720
flat75-66.cnf,E_lkk_selector,1,3.36489,0.167651,0.32246,1.68056,0,0,16.3021,1.82849,1.82849,32.525,UNKNOWN,True,4720
flat75-67.cnf,C_lkk_cadical,1,2.32593,0.118305,0.243685,1.24297,0,0,0.475948,0,0,5.05764,UNKNOWN,True,5516
flat75-67.cnf,D_lkk_kissat,1,2.93663,0.174758,0.382173,1.3842,0,0,22.3224,1.69811,14.0205,40.8334,UNKNOWN,True,4724
flat75-67.cnf,E_lkk_selector,1,2.83655,0.119116,0.247621,1.27453,0,0,21.2231,1.63759,12.8606,38.0817,UNKNOWN,True,4592
flat75-68.cnf,C_lkk_cadical,1,8.01467,0.102424,0.230066,1.22033,0,0,0.727672,0,0,11.122,UNKNOWN,True,5576
flat75-68.cnf,D_lkk_kissat,1,2.56505,0.151115,0.284793,1.49571,0,0,33.9328,1.53934,25.4722,50.9794,UNKNOWN,True,4532
flat75-68.cnf,E_lkk_selector,1,3.13486,0.143341,0.274271,1.52922,0,0,30.5533,1.90497,22.4583,46.3796,UNKNOWN,True,4696
flat75-69.cnf,D_lkk_kissat,1,11.1757,0.152597,0.309014,1.68979,0,0,23.0954,2.08661,15.182,47.4773,UNKNOWN,True,4536
flat75-69.cnf,E_lkk_selector,1,2.63158,0.125494,0.286042,1.54133,0,0,20.7481,1.61878,12.3669,37.4636,UNKNOWN,True,4648
flat75-69.cnf,C_lkk_cadical,1,2.76091,0.117291,0.263414,1.5408,0,0,0.682609,0,0,6.14264,UNKNOWN,True,5408
flat75-7.cnf,E_lkk_selector,1,10.3226,0.152696,0.310382,1.79156,0,0,22.8821,1.90705,14.7892,49.6438,UNKNOWN,True,4556
flat75-7.cnf,C_lkk_cadical,1,2.19399,0.111471,0.243867,1.30113,0,0,0.585613,0,0,5.11763,UNKNOWN,True,5596
flat75-7.cnf,D_lkk_kissat,1,2.15385,0.10894,0.241514,1.30605,0,0,20.2548,1.65899,11.9138,33.9318,UNKNOWN,True,4648
flat75-71.cnf,C_lkk_cadical,1,3.01881,0.130859,0.280597,1.46989,0,0,0.425966,0,0,6.04283,UNKNOWN,True,5440
flat75-71.cnf,D_lkk_kissat,1,2.19172,0.107706,0.270719,1.36359,0,0,30.2318,1.76339,21.9951,47.9444,UNKNOWN,True,4532
flat75-71.cnf,E_lkk_selector,1,2.22226,0.109027,0.24247,1.30746,0,0,20.3523,1.33477,11.6871,34.0165,UNKNOWN,True,4640
flat75-72.cnf,C_lkk_cadical,1,2.27616,0.107449,0.239433,1.2772,0,0,0.309946,0,0,4.88723,UNKNOWN,True,5480
flat75-72.cnf,D_lkk_kissat,1,2.47531,0.11246,0.256607,1.3106,0,0,14.8657,1.42464,1.42464,28.7348,UNKNOWN,True,4724
flat75-72.cnf,E_lkk_selector,1,2.51933,0.106113,0.23809,1.24181,0,0,12.9952,1.54945,1.54945,29.0096,UNKNOWN,True,4716
flat75-74.cnf,C_lkk_cadical,1,8.41748,0.115109,0.269079,1.31613,0,0,0.801898,0,0,11.6703,UNKNOWN,True,5548
flat75-74.cnf,D_lkk_kissat,1,2.4093,0.116344,0.243088,1.38332,0,0,18.698,1.67772,10.3757,34.5904,UNKNOWN,True,4648
flat75-74.cnf,E_lkk_selector,1,2.66956,0.124597,0.287195,1.57164,0,0,26.9407,1.92581,18.8666,43.7052,UNKNOWN,True,4536
flat75-75.cnf,D_lkk_kissat,1,11.586,0.128708,0.301015,1.65875,0,0,17.9288,2.25182,2.25182,47.2284,UNKNOWN,True,4544
flat75-75.cnf,E_lkk_selector,1,3.17696,0.166935,0.327765,1.92634,0,0,19.4996,2.15733,2.15733,37.5297,UNKNOWN,True,4692
flat75-75.cnf,C_lkk_cadical,1,3.08937,0.161241,0.323032,1.75188,0,0,0.362633,0,0,6.49104,UNKNOWN,True,5476
flat75-76.cnf,E_lkk_selector,1,13.0706,0.178089,0.365481,1.94982,0,0,27.2564,2.81603,20.0724,58.6776,UNKNOWN,True,4624
flat75-76.cnf,C_lkk_cadical,1,3.23347,0.166223,0.324865,1.76296,0,0,0.933398,0,0,7.43132,UNKNOWN,True,5632
flat75-76.cnf,D_lkk_kissat,1,3.77692,0.176445,0.332712,1.79566,0,0,26.4743,2.14308,18.6173,49.8632,UNKNOWN,True,4596
flat75-77.cnf,C_lkk_cadical,1,2.0881,0.115397,0.267811,1.46113,0,0,0.312817,0,0,5.24455,UNKNOWN,True,5368
flat75-77.cnf,D_lkk_kissat,1,2.73457,0.119235,0.272874,1.55246,0,0,16.1789,1.61557,1.61557,31.6205,UNKNOWN,True,4632
flat75-77.cnf,E_lkk_selector,1,3.60629,0.136255,0.293577,1.66584,0,0,18.7438,2.01113,2.01113,38.9002,UNKNOWN,True,4632
flat75-78.cnf,C_lkk_cadical,1,3.34301,0.137265,0.295451,1.61389,0,0,0.451116,0,0,6.82453,UNKNOWN,True,5620
flat75-78.cnf,D_lkk_kissat,1,2.8095,0.128991,0.238829,1.28432,0,0,16.3911,1.63054,8.02162,30.5568,UNKNOWN,True,4792
flat75-78.cnf,E_lkk_selector,1,2.73636,0.135704,0.267836,1.42067,0,0,26.6828,2.169,18.8518,46.6957,UNKNOWN,True,4600
flat75-79.cnf,C_lkk_cadical,1,11.2372,0.143033,0.334602,1.74372,0,0,0.753983,0,0,15.3916,UNKNOWN,True,5732
flat75-79.cnf,D_lkk_kissat,1,3.0278,0.140823,0.317081,1.60611,0,0,26.8569,1.87562,18.7325,44.9269,UNKNOWN,True,4628
flat75-79.cnf,E_lkk_selector,1,4.67323,0.13824,0.310887,1.68697,0,0,23.2492,2.29063,15.5398,45.7919,UNKNOWN,True,4636
flat75-8.cnf,D_lkk_kissat,1,12.4889,0.164413,0.311179,1.68801,0,0,21.7252,2.23029,13.9555,49.2769,UNKNOWN,True,4632
flat75-8.cnf,E_lkk_selector,1,3.71257,0.169764,0.324251,1.75659,0,0,23.0475,2.16562,15.2131,43.8811,UNKNOWN,True,4684
flat75-8.cnf,C_lkk_cadical,1,2.80696,0.133046,0.33862,1.60419,0,0,0.834752,0,0,6.53053,UNKNOWN,True,5604
flat75-80.cnf,E_lkk_selector,1,15.823,0.174494,0.352488,1.70275,0,0,25.0178,2.21256,17.2303,58.5203,UNKNOWN,True,4636
flat75-80.cnf,C_lkk_cadical,1,2.56326,0.13825,0.294749,1.57702,0,0,1.08556,0,0,6.57941,UNKNOWN,True,5728
flat75-80.cnf,D_lkk_kissat,1,3.89614,0.150878,0.345846,1.77011,0,0,27.5736,2.40045,19.974,47.2934,UNKNOWN,True,4568
flat75-81.cnf,C_lkk_cadical,1,2.55009,0.161799,0.39166,2.3894,0,0,0.780826,0,0,7.07072,UNKNOWN,True,5560
flat75-81.cnf,D_lkk_kissat,1,2.48224,0.143265,0.285052,1.52109,0,0,22.5006,1.76179,14.2624,38.9439,UNKNOWN,True,4692
flat75-81.cnf,E_lkk_selector,1,3.3771,0.180851,0.335869,1.72697,0,0,26.5993,2.384,18.9833,47.157,UNKNOWN,True,4652
flat75-82.cnf,C_lkk_cadical,1,3.28392,0.129291,0.289412,1.56202,0,0,0.717412,0,0,6.89076,UNKNOWN,True,5684
flat75-82.cnf,D_lkk_kissat,1,3.22906,0.141967,0.356989,1.72233,0,0,25.4618,1.88179,17.3436,43.4455,UNKNOWN,True,4656
flat75-82.cnf,E_lkk_selector,1,2.57237,0.123174,0.2856,1.52424,0,0,20.7415,1.81007,12.5516,39.2199,UNKNOWN,True,4716
flat75-83.cnf,C_lkk_cadical,1,11.8707,0.131338,0.29181,1.55491,0,0,0.587129,0,0,15.3791,UNKNOWN,True,5636
flat75-83.cnf,D_lkk_kissat,1,2.84389,0.148365,0.32244,1.60475,0,0,23.9759,2.12051,16.0964,40.3617,UNKNOWN,True,4572
flat75-83.cnf,E_lkk_selector,1,3.15633,0.150459,0.318942,1.81356,0,0,26.7093,2.39026,19.0995,44.877,UNKNOWN,True,4756
flat75-84.cnf,D_lkk_kissat,1,9.74916,0.110565,0.241884,1.29092,0,0,12.0251,1.59843,1.59843,33.7093,UNKNOWN,True,4740
flat75-84.cnf,E_lkk_selector,1,3.08243,0.131303,0.306015,1.60002,0,0,16.2623,2.07455,2.07455,35.143,UNKNOWN,True,4716
flat75-84.cnf,C_lkk_cadical,1,2.73552,0.15062,0.332372,1.76362,0,0,0.374907,0,0,6.47062,UNKNOWN,True,5240
flat75-85.cnf,E_lkk_selector,1,8.95275,0.11483,0.236957,1.24846,0,0,18.7358,1.7328,10.4686,41.5591,UNKNOWN,True,4568
flat75-85.cnf,C_lkk_cadical,1,2.39879,0.110838,0.242838,1.32054,0,0,0.638525,0,0,5.38462,UNKNOWN,True,5680
flat75-85.cnf,D_lkk_kissat,1,3.83047,0.162143,0.338609,1.82036,0,0,25.911,2.24875,18.1597,47.7191,UNKNOWN,True,4632
flat75-86.cnf,C_lkk_cadical,1,3.0856,0.141716,0.332433,1.79985,0,0,0.375815,0,0,6.6664,UNKNOWN,True,5472
flat75-86.cnf,D_lkk_kissat,1,2.81872,0.141476,0.294461,1.58866,0,0,14.7888,1.93646,1.93646,33.2773,UNKNOWN,True,4688
flat75-86.cnf,E_lkk_selector,1,3.59701,0.143836,0.354366,1.68755,0,0,21.2318,2.28575,2.28575,40.5639,UNKNOWN,True,4536
flat75-87.cnf,C_lkk_cadical,1,3.21469,0.144904,0.305044,1.69404,0,0,0.567911,0,0,6.93258,UNKNOWN,True,5496
flat75-87.cnf,D_lkk_kissat,1,4.21241,0.184764,0.413037,2.90891,0,0,34.3397,3.22914,27.5688,59.9387,UNKNOWN,True,4600
flat75-87.cnf,E_lkk_selector,1,2.73484,0.129901,0.317533,1.59661,0,0,25.853,1.82662,17.6797,43.7071,UNKNOWN,True,4724
flat75-89.cnf,C_lkk_cadical,1,10.5379,0.145042,0.324048,1.60684,0,0,0.457521,0,0,14.0142,UNKNOWN,True,5392
flat75-89.cnf,D_lkk_kissat,1,3.16178,0.136877,0.312391,1.6726,0,0,24.1816,1.88307,16.0647,41.6408,UNKNOWN,True,4704
flat75-89.cnf,E_lkk_selector,1,2.89052,0.12779,0.308895,1.61685,0,0,21.8028,1.76517,13.568,41.4599,UNKNOWN,True,4588
flat75-9.cnf,D_lkk_kissat,1,11.0735,0.128429,0.286969,1.50797,0,0,20.3456,1.79175,12.1374,44.9168,UNKNOWN,True,4724
flat75-9.cnf,E_lkk_selector,1,3.2656,0.161281,0.338662,1.72141,0,0,24.8296,2.01634,16.8459,42.359,UNKNOWN,True,4700
flat75-9.cnf,C_lkk_cadical,1,2.97336,0.157289,0.321645,1.78282,0,0,0.653588,0,0,6.96826,UNKNOWN,True,5416
flat75-90.cnf,E_lkk_selector,1,11.4379,0.134964,0.314761,1.69655,0,0,22.822,1.85214,14.6741,48.4586,UNKNOWN,True,4532
flat75-90.cnf,C_lkk_cadical,1,2.47395,0.124191,0.262703,1.41794,0,0,0.584481,0,0,5.68224,UNKNOWN,True,5852
flat75-90.cnf,D_lkk_kissat,1,3.19344,0.136226,0.325888,1.75095,0,0,25.1911,2.09405,17.2851,43.3283,UNKNOWN,True,4716
flat75-91.cnf,C_lkk_cadical,1,3.80919,0.159822,0.339786,2.14264,0,0,0.669144,0,0,8.81331,UNKNOWN,True,5448
flat75-91.cnf,D_lkk_kissat,1,5.77337,0.243277,0.563707,3.0976,0,0,29.1823,2.83185,22.0142,57.1276,UNKNOWN,True,4528
flat75-91.cnf,E_lkk_selector,1,3.7616,0.176741,0.362177,1.8973,0,0,27.7071,2.27627,19.9834,53.2643,UNKNOWN,True,4700
flat75-92.cnf,C_lkk_cadical,1,3.40336,0.144417,0.355197,1.71979,0,0,0.617824,0,0,7.78952,UNKNOWN,True,5716
flat75-92.cnf,D_lkk_kissat,1,4.0174,0.191196,0.363112,2.15431,0,0,32.5192,2.64707,25.1662,57.0008,UNKNOWN,True,4604
flat75-92.cnf,E_lkk_selector,1,2.78399,0.138719,0.29054,1.5676,0,0,25.6119,1.8232,17.4351,44.9255,UNKNOWN,True,4696
flat75-94.cnf,C_lkk_cadical,1,13.6121,0.172621,0.378796,2.12176,0,0,1.00866,0,0,19.1797,UNKNOWN,True,5600
flat75-94.cnf,D_lkk_kissat,1,3.0883,0.159131,0.335182,1.94548,0,0,24.9014,2.04356,16.945,45.1086,UNKNOWN,True,4464
flat75-94.cnf,E_lkk_selector,1,2.74836,0.148956,0.298044,1.61476,0,0,28.5908,1.66693,20.2577,48.6659,UNKNOWN,True,4528
flat75-96.cnf,D_lkk_kissat,1,11.3561,0.139618,0.326913,1.67913,0,0,26.0571,2.30959,18.3667,53.5086,UNKNOWN,True,4592
flat75-96.cnf,E_lkk_selector,1,3.01311,0.127598,0.277693,1.5409,0,0,20.4975,1.80545,12.3029,36.7673,UNKNOWN,True,4716
flat75-96.cnf,C_lkk_cadical,1,3.28784,0.164559,0.340276,1.9497,0,0,0.748834,0,0,7.8174,UNKNOWN,True,5372
flat75-97.cnf,E_lkk_selector,1,10.2935,0.120836,0.273022,1.43204,0,0,19.6377,1.59522,11.2329,40.54,UNKNOWN,True,4692
flat75-97.cnf,C_lkk_cadical,1,2.38423,0.109455,0.233992,1.23094,0,0,0.650319,0,0,5.34774,UNKNOWN,True,5612
flat75-97.cnf,D_lkk_kissat,1,2.31577,0.118777,0.285153,1.51897,0,0,28.0954,1.69922,19.7946,46.1811,UNKNOWN,True,4528
flat75-98.cnf,C_lkk_cadical,1,2.28567,0.107389,0.243522,1.31913,0,0,0.530129,0,0,5.27106,UNKNOWN,True,5628
flat75-98.cnf,D_lkk_kissat,1,2.67005,0.124915,0.314081,1.52578,0,0,25.6932,2.06379,17.757,43.6965,UNKNOWN,True,4568
flat75-98.cnf,E_lkk_selector,1,3.78968,0.164173,0.278822,1.53941,0,0,27.7788,2.33897,20.1178,47.365,UNKNOWN,True,4640
flat75-99.cnf,C_lkk_cadical,1,2.7913,0.135132,0.269271,1.52925,0,0,0.494021,0,0,6.54211,UNKNOWN,True,5616
flat75-99.cnf,D_lkk_kissat,1,2.60156,0.110292,0.239566,1.27032,0,0,27.2808,1.49639,18.7771,44.1556,UNKNOWN,True,4688
flat75-99.cnf,E_lkk_selector,1,2.40671,0.113399,0.24996,1.31229,0,0,25.7872,1.47342,17.2607,40.1266,UNKNOWN,True,4752
g125.17.cnf,C_lkk_cadical,1,,,,,,,,,,60012.873474,,,1740
g125.17.cnf,D_lkk_kissat,1,,,,,,,,,,60008.529191,,,1720
g125.17.cnf,E_lkk_selector,1,,,,,,,,,,60013.70555,,,1552
g125.18.cnf,D_lkk_kissat,1,,,,,,,,,,60043.007665,,,1656
g125.18.cnf,E_lkk_selector,1,,,,,,,,,,60042.708984,,,1652
g125.18.cnf,C_lkk_cadical,1,,,,,,,,,,60047.687949,,,1680
g250.15.cnf,E_lkk_selector,1,,,,,,,,,,60048.415149,,,1564
g250.15.cnf,C_lkk_cadical,1,105.337,44.2001,0,0,0,0,1974.81,0,0,2187.65,UNKNOWN,True,68124
g250.15.cnf,D_lkk_kissat,1,,,,,,,,,,60016.464796,,,1700
g250.29.cnf,C_lkk_cadical,1,,,,,,,,,,60047.848941,,,1704
g250.29.cnf,D_lkk_kissat,1,,,,,,,,,,60049.752871,,,1620
g250.29.cnf,E_lkk_selector,1,,,,,,,,,,60006.654448,,,1692
par16-1-c.cnf,C_lkk_cadical,1,3.95689,0.335776,0.590104,0.203288,0,0,108.565,0,0,114.692,UNKNOWN,True,6584
par16-1-c.cnf,D_lkk_kissat,1,4.07177,0.320451,0.52076,0.196558,0,0,54.8424,2.39963,27.242,74.133,UNKNOWN,True,4444
par16-1-c.cnf,E_lkk_selector,1,3.17776,0.255468,0.446587,0.208944,0,0,86.3117,0,0,91.9899,UNKNOWN,True,6380
par16-1.cnf,C_lkk_cadical,1,18.5814,0.760039,0,0,0,0,126.292,0,0,147.023,UNKNOWN,True,6540
par16-1.cnf,D_lkk_kissat,1,6.63875,0.878881,0,0,0,0,102.047,3.46055,35.5075,124.061,UNKNOWN,True,4556
par16-1.cnf,E_lkk_selector,1,5.97365,0.786307,0,0,0,0,120.6,0,0,128.994,UNKNOWN,True,6408
par16-2-c.cnf,D_lkk_kissat,1,13.2232,0.345178,0.549934,0.222918,0,0,129.888,2.20095,32.0892,157.376,UNKNOWN,True,4520
par16-2-c.cnf,E_lkk_selector,1,3.29986,0.304681,0.518838,0.210331,0,0,59.3353,0,0,65.4666,UNKNOWN,True,6420
par16-2-c.cnf,C_lkk_cadical,1,3.10913,0.282109,0.441964,0.180157,0,0,51.8937,0,0,57.6304,UNKNOWN,True,6204
par16-2.cnf,E_lkk_selector,1,17.4712,0.796806,0,0,0,0,76.5624,0,0,97.0929,UNKNOWN,True,6560
par16-2.cnf,C_lkk_cadical,1,5.86146,0.821426,0,0,0,0,74.8643,0,0,82.9912,UNKNOWN,True,6552
par16-2.cnf,D_lkk_kissat,1,5.82056,0.83399,0,0,0,0,160.627,2.65618,33.2832,182.235,UNKNOWN,True,4464
par16-3-c.cnf,C_lkk_cadical,1,3.99137,0.355284,0.581148,0.231442,0,0,39.9053,0,0,46.7161,UNKNOWN,True,6424
par16-3-c.cnf,D_lkk_kissat,1,3.62388,0.297656,0.507084,0.210116,0,0,49.3524,1.95226,21.3047,68.9521,UNKNOWN,True,4428
par16-3-c.cnf,E_lkk_selector,1,3.53232,0.287629,0.454935,0.185257,0,0,30.3689,0,0,36.1523,UNKNOWN,True,6404
par16-3.cnf,C_lkk_cadical,1,5.61268,0.793431,0,0,0,0,36.4536,0,0,44.1846,UNKNOWN,True,6504
par16-3.cnf,D_lkk_kissat,1,4.23134,0.631828,0,0,0,0,70.432,2.27874,22.7107,85.8054,UNKNOWN,True,4560
par16-3.cnf,E_lkk_selector,1,4.9063,0.671065,0,0,0,0,31.8499,0,0,38.3932,UNKNOWN,True,6632
par16-4.cnf,C_lkk_cadical,1,19.0278,0.725468,0,0,0,0,17.5571,0,0,38.7977,UNKNOWN,True,5728
par16-4.cnf,D_lkk_kissat,1,6.01998,0.753662,0,0,0,0,73.1026,3.11462,26.2172,92.0332,UNKNOWN,True,4580
par16-4.cnf,E_lkk_selector,1,5.43318,0.743795,0,0,0,0,18.6277,0,0,26.3603,UNKNOWN,True,5848
par16-5-c.cnf,D_lkk_kissat,1,9.70417,0.27228,0.45059,0.173233,0,0,136.972,1.94751,18.9191,159.603,UNKNOWN,True,4428
par16-5-c.cnf,E_lkk_selector,1,3.15381,0.267405,0.44002,0.160353,0,0,51.3674,0,0,56.7918,UNKNOWN,True,6276
par16-5-c.cnf,C_lkk_cadical,1,2.98492,0.252172,0.456826,0.152066,0,0,44.2333,0,0,49.9206,UNKNOWN,True,6344
par16-5.cnf,E_lkk_selector,1,13.9827,0.655806,0,0,0,0,84.2335,0,0,100.336,UNKNOWN,True,6456
par16-5.cnf,C_lkk_cadical,1,4.25383,0.596131,0,0,0,0,87.8186,0,0,94.8352,UNKNOWN,True,6416
par16-5.cnf,D_lkk_kissat,1,4.86296,0.630512,0,0,0,0,128.355,2.47824,20.8333,147.036,UNKNOWN,True,4588
par32-1.cnf,C_lkk_cadical,1,,,,,,,,,,60016.46441,,,1692
par32-1.cnf,D_lkk_kissat,1,,,,,,,,,,60048.49804,,,1552
par32-1.cnf,E_lkk_selector,1,,,,,,,,,,60038.245933,,,1648
par32-2.cnf,C_lkk_cadical,1,,,,,,,,,,60038.150557,,,1656
par32-2.cnf,D_lkk_kissat,1,,,,,,,,,,60037.043777,,,1560
par32-2.cnf,E_lkk_selector,1,,,,,,,,,,60037.559941,,,1644
par32-3-c.cnf,C_lkk_cadical,1,,,,,,,,,,60051.622437,,,1652
par32-3-c.cnf,D_lkk_kissat,1,,,,,,,,,,60036.379826,,,1724
par32-3-c.cnf,E_lkk_selector,1,,,,,,,,,,60039.456707,,,1692
par32-4-c.cnf,D_lkk_kissat,1,,,,,,,,,,60043.911366,,,1624
par32-4-c.cnf,E_lkk_selector,1,,,,,,,,,,60021.454136,,,1652
par32-4-c.cnf,C_lkk_cadical,1,,,,,,,,,,60033.373964,,,1624
par32-5.cnf,E_lkk_selector,1,,,,,,,,,,60038.425194,,,1692
par32-5.cnf,C_lkk_cadical,1,,,,,,,,,,60036.439595,,,1720
par32-5.cnf,D_lkk_kissat,1,,,,,,,,,,60048.698291,,,1700
par8-1-c.cnf,C_lkk_cadical,1,2.21557,0.062177,0.093614,0.061558,0,0,0.305817,0,0,3.61619,UNKNOWN,True,5216
par8-1-c.cnf,D_lkk_kissat,1,3.01652,0.068757,0.11122,0.09691,0,0,18.0556,1.72795,1.72795,33.6567,UNKNOWN,True,4104
par8-1-c.cnf,E_lkk_selector,1,2.50935,0.069391,0.093953,0.065121,0,0,0.377831,0,0,4.79611,UNKNOWN,True,4812
par8-1.cnf,C_lkk_cadical,1,2.85031,0.246405,0,0,0,0,0.369167,0,0,4.10281,UNKNOWN,True,5104
par8-1.cnf,D_lkk_kissat,1,3.53599,0.25805,0,0,0,0,14.8239,1.82119,1.82119,29.9826,UNKNOWN,True,4200
par8-1.cnf,E_lkk_selector,1,3.06779,0.253347,0,0,0,0,0.378975,0,0,4.34905,UNKNOWN,True,4984
par8-2-c.cnf,C_lkk_cadical,1,11.7746,0.087558,0.136754,0.087143,0,0,0.454011,0,0,13.475,UNKNOWN,True,5204
par8-2-c.cnf,D_lkk_kissat,1,3.5402,0.07644,0.132901,0.070072,0,0,21.4567,1.9927,1.9927,42.5951,UNKNOWN,True,4056
par8-2-c.cnf,E_lkk_selector,1,2.50658,0.075498,0.119155,0.062213,0,0,0.494271,0,0,3.92946,UNKNOWN,True,5272
par8-2.cnf,D_lkk_kissat,1,15.8548,0.290162,0,0,0,0,22.5713,2.32147,2.32147,50.6656,UNKNOWN,True,4176
par8-2.cnf,E_lkk_selector,1,3.08705,0.255162,0,0,0,0,0.446481,0,0,4.4489,UNKNOWN,True,5208
par8-2.cnf,C_lkk_cadical,1,3.30823,0.293579,0,0,0,0,0.539966,0,0,4.90575,UNKNOWN,True,5424
par8-3-c.cnf,E_lkk_selector,1,8.95538,0.082441,0.12326,0.059578,0,0,0.328398,0,0,10.2349,UNKNOWN,True,5028
par8-3-c.cnf,C_lkk_cadical,1,2.18939,0.063982,0.116604,0.055359,0,0,0.304554,0,0,3.45196,UNKNOWN,True,4996
par8-3-c.cnf,D_lkk_kissat,1,2.99514,0.080922,0.122604,0.063917,0,0,16.0757,1.27596,1.27596,30.7547,UNKNOWN,True,4032
par8-3.cnf,C_lkk_cadical,1,3.55931,0.27749,0,0,0,0,0.542772,0,0,5.45789,UNKNOWN,True,5116
par8-3.cnf,D_lkk_kissat,1,3.28782,0.261183,0,0,0,0,20.7191,1.90342,1.90342,39.036,UNKNOWN,True,4148
par8-3.cnf,E_lkk_selector,1,3.42428,0.287642,0,0,0,0,0.580328,0,0,5.08037,UNKNOWN,True,5276
par8-4-c.cnf,C_lkk_cadical,1,2.14908,0.053246,0.101757,0.05053,0,0,0.275092,0,0,3.15748,UNKNOWN,True,4900
par8-4-c.cnf,D_lkk_kissat,1,2.16206,0.076435,0.123572,0.07939,0,0,18.3597,1.3386,1.3386,30.8266,UNKNOWN,True,4008
par8-4-c.cnf,E_lkk_selector,1,2.84558,0.068565,0.136046,0.064327,0,0,0.365203,0,0,4.33161,UNKNOWN,True,5020
par8-4.cnf,C_lkk_cadical,1,11.0943,0.254603,0,0,0,0,0.582005,0,0,13.0798,UNKNOWN,True,5344
par8-4.cnf,D_lkk_kissat,1,3.21141,0.279341,0,0,0,0,19.6177,1.58626,1.58626,33.577,UNKNOWN,True,4148
par8-4.cnf,E_lkk_selector,1,2.87205,0.239978,0,0,0,0,0.533614,0,0,4.91094,UNKNOWN,True,5276
par8-5-c.cnf,D_lkk_kissat,1,11.5496,0.098773,0.161015,0.098797,0,0,24.7346,2.12134,2.12134,50.8043,UNKNOWN,True,4164
par8-5-c.cnf,E_lkk_selector,1,2.76494,0.071459,0.124838,0.071441,0,0,0.272015,0,0,4.13087,UNKNOWN,True,4976
par8-5-c.cnf,C_lkk_cadical,1,4.29419,0.125478,0.222568,0.124332,0,0,0.466514,0,0,6.34487,UNKNOWN,True,5048
par8-5.cnf,E_lkk_selector,1,10.7813,0.263075,0,0,0,0,0.470394,0,0,12.2006,UNKNOWN,True,5112
par8-5.cnf,C_lkk_cadical,1,3.10678,0.272969,0,0,0,0,0.467697,0,0,4.79383,UNKNOWN,True,5444
par8-5.cnf,D_lkk_kissat,1,3.55588,0.233075,0,0,0,0,17.2208,1.7282,1.7282,31.6139,UNKNOWN,True,4080
pret150_25.cnf,C_lkk_cadical,1,2.38598,0.074687,0.135882,0.061241,0,0,7.81197,0,0,11.1243,UNKNOWN,True,5664
pret150_25.cnf,D_lkk_kissat,1,2.15967,0.086931,0.135257,0.063246,0,0,37.5664,1.09954,18.666,50.1718,UNKNOWN,True,4072
pret150_25.cnf,E_lkk_selector,1,2.61859,0.082134,0.139978,0.065696,0,0,8.25118,0,0,11.9083,UNKNOWN,True,5676
pret150_40.cnf,C_lkk_cadical,1,3.17792,0.080167,0.130049,0.068637,0,0,7.94728,0,0,12.1844,UNKNOWN,True,5644
pret150_40.cnf,D_lkk_kissat,1,2.09789,0.101243,0.138105,0.071038,0,0,38.3524,1.24064,19.593,49.3568,UNKNOWN,True,4064
pret150_40.cnf,E_lkk_selector,1,2.06655,0.086533,0.132614,0.086071,0,0,34.8078,1.27945,16.0873,48.2907,UNKNOWN,True,4128
pret150_60.cnf,C_lkk_cadical,1,7.87721,0.077933,0.135497,0.073055,0,0,7.67098,0,0,16.9959,UNKNOWN,True,5596
pret150_60.cnf,D_lkk_kissat,1,2.0352,0.083862,0.140005,0.072034,0,0,35.7906,1.32185,17.1124,48.9845,UNKNOWN,True,4092
pret150_60.cnf,E_lkk_selector,1,2.4707,0.082311,0.164896,0.075726,0,0,31.8893,1.22935,13.1187,46.8458,UNKNOWN,True,4064
pret60_25.cnf,D_lkk_kissat,1,7.90754,0.039365,0.059936,0.026828,0,0,27.4399,1.18367,18.6236,44.2209,UNKNOWN,True,4088
pret60_25.cnf,E_lkk_selector,1,1.79511,0.06656,0.062121,0.028612,0,0,4.2023,0,0,6.67391,UNKNOWN,True,5272
pret60_25.cnf,C_lkk_cadical,1,2.17122,0.043433,0.065891,0.02916,0,0,4.31499,0,0,7.28561,UNKNOWN,True,5268
pret60_40.cnf,E_lkk_selector,1,11.8743,0.046442,0.074188,0.055219,0,0,4.71311,0,0,17.6011,UNKNOWN,True,5416
pret60_40.cnf,C_lkk_cadical,1,2.92332,0.045932,0.085185,0.044239,0,0,5.59052,0,0,9.68378,UNKNOWN,True,5268
pret60_40.cnf,D_lkk_kissat,1,2.24804,0.04047,0.077991,0.040373,0,0,35.4964,1.533,17.0294,52.9968,UNKNOWN,True,4072
pret60_60.cnf,C_lkk_cadical,1,2.28951,0.039031,0.067572,0.038218,0,0,4.76149,0,0,8.06635,UNKNOWN,True,5428
pret60_60.cnf,D_lkk_kissat,1,2.22473,0.042945,0.067599,0.036126,0,0,36.6654,1.67974,18.3452,53.2995,UNKNOWN,True,4032
pret60_60.cnf,E_lkk_selector,1,2.37065,0.043319,0.068221,0.034894,0,0,4.38881,0,0,7.70252,UNKNOWN,True,5372
pret60_75.cnf,C_lkk_cadical,1,2.06669,0.041674,0.061933,0.030358,0,0,4.14669,0,0,7.03946,UNKNOWN,True,5480
pret60_75.cnf,D_lkk_kissat,1,2.34305,0.039461,0.062311,0.0322,0,0,26.6529,1.17348,17.8264,38.342,UNKNOWN,True,4080
pret60_75.cnf,E_lkk_selector,1,2.13438,0.046778,0.062789,0.030434,0,0,4.13807,0,0,6.98796,UNKNOWN,True,5312
dubois20.cnf,C_lkk_cadical,1,9.75239,0.041819,0.065548,0.044404,0,0,0.215756,0,0,10.6236,UNKNOWN,True,4912
dubois20.cnf,D_lkk_kissat,1,1.72546,0.036085,0.060693,0.037914,0,0,12.7883,1.10327,1.10327,23.0611,UNKNOWN,True,4016
dubois20.cnf,E_lkk_selector,1,1.98866,0.037037,0.059627,0.039586,0,0,7.53363,1.15281,1.15281,19.6814,UNKNOWN,True,4144
dubois21.cnf,D_lkk_kissat,1,10.3269,0.046828,0.065434,0.046997,0,0,11.5004,1.25602,1.25602,33.1811,UNKNOWN,True,4224
dubois21.cnf,E_lkk_selector,1,1.99487,0.042939,0.068383,0.043824,0,0,7.30919,1.16407,1.16407,18.9953,UNKNOWN,True,3964
dubois21.cnf,C_lkk_cadical,1,1.86635,0.043733,0.063862,0.045383,0,0,0.214285,0,0,2.76681,UNKNOWN,True,4924
dubois22.cnf,E_lkk_selector,1,9.44653,0.041759,0.074555,0.07496,0,0,15.0615,1.34532,1.34532,37.4521,UNKNOWN,True,4196
dubois22.cnf,C_lkk_cadical,1,2.11846,0.041479,0.067916,0.041666,0,0,0.217788,0,0,3.34174,UNKNOWN,True,5192
dubois22.cnf,D_lkk_kissat,1,2.09106,0.043967,0.099488,0.044098,0,0,7.63488,1.66376,1.66376,19.69,UNKNOWN,True,4064
dubois23.cnf,C_lkk_cadical,1,2.82765,0.056913,0.08416,0.052669,0,0,0.263474,0,0,4.60085,UNKNOWN,True,4984
dubois23.cnf,D_lkk_kissat,1,2.13403,0.042634,0.071508,0.046551,0,0,13.0722,1.34907,1.34907,25.413,UNKNOWN,True,4160
dubois23.cnf,E_lkk_selector,1,2.48646,0.051955,0.070937,0.047336,0,0,7.76682,1.3906,1.3906,19.2236,UNKNOWN,True,4084
dubois24.cnf,C_lkk_cadical,1,2.41172,0.056531,0.1096,0.050247,0,0,0.266018,0,0,3.58029,UNKNOWN,True,5160
dubois24.cnf,D_lkk_kissat,1,2.16434,0.062768,0.071523,0.046628,0,0,13.1655,1.29793,1.29793,24.0295,UNKNOWN,True,4188
dubois24.cnf,E_lkk_selector,1,1.89162,0.050461,0.070323,0.044493,0,0,7.5776,1.3486,1.3486,20.1232,UNKNOWN,True,4076
dubois26.cnf,C_lkk_cadical,1,10.1352,0.058527,0.104017,0.057809,0,0,0.312044,0,0,11.6626,UNKNOWN,True,5272
dubois26.cnf,D_lkk_kissat,1,2.26441,0.047485,0.07809,0.044858,0,0,12.8448,1.2551,1.2551,24.6477,UNKNOWN,True,4216
dubois26.cnf,E_lkk_selector,1,3.08159,0.079943,0.102089,0.065818,0,0,9.90473,1.92385,1.92385,25.7451,UNKNOWN,True,4020
dubois27.cnf,D_lkk_kissat,1,8.28382,0.06025,0.086714,0.092634,0,0,11.9491,1.55317,1.55317,29.0785,UNKNOWN,True,3984
dubois27.cnf,E_lkk_selector,1,2.92433,0.055186,0.090539,0.054285,0,0,9.72389,1.6661,1.6661,25.0878,UNKNOWN,True,4140
dubois27.cnf,C_lkk_cadical,1,2.12428,0.060395,0.078569,0.04989,0,0,0.304388,0,0,3.34276,UNKNOWN,True,5056
dubois28.cnf,E_lkk_selector,1,12.4143,0.069035,0.1058,0.065722,0,0,19.537,1.96402,1.96402,44.3728,UNKNOWN,True,4016
dubois28.cnf,C_lkk_cadical,1,2.23465,0.063454,0.078977,0.049767,0,0,0.258592,0,0,3.44612,UNKNOWN,True,4948
dubois28.cnf,D_lkk_kissat,1,2.04717,0.047225,0.079436,0.048597,0,0,8.28646,1.19928,1.19928,19.3561,UNKNOWN,True,4076
dubois29.cnf,C_lkk_cadical,1,1.95083,0.074018,0.091503,0.052478,0,0,0.366432,0,0,3.14052,UNKNOWN,True,5064
dubois29.cnf,D_lkk_kissat,1,1.93954,0.049793,0.08596,0.048502,0,0,12.2869,1.15515,1.15515,24.1551,UNKNOWN,True,3980
dubois29.cnf,E_lkk_selector,1,2.11448,0.056727,0.087957,0.052423,0,0,7.95956,1.29452,1.29452,19.873,UNKNOWN,True,4076
dubois30.cnf,C_lkk_cadical,1,2.19506,0.052883,0.086834,0.119414,0,0,0.293472,0,0,3.43759,UNKNOWN,True,5032
dubois30.cnf,D_lkk_kissat,1,2.17021,0.064791,0.092112,0.057527,0,0,12.3719,1.26587,1.26587,24.9545,UNKNOWN,True,3920
dubois30.cnf,E_lkk_selector,1,2.13843,0.053375,0.085109,0.052629,0,0,7.31297,1.44264,1.44264,18.9889,UNKNOWN,True,4180
dubois50.cnf,C_lkk_cadical,1,9.68757,0.075753,0.129247,0.071283,0,0,0.348441,0,0,10.9793,UNKNOWN,True,5108
dubois50.cnf,D_lkk_kissat,1,2.22269,0.086013,0.147378,0.079314,0,0,14.4607,1.38828,1.38828,26.9382,UNKNOWN,True,4108
dubois50.cnf,E_lkk_selector,1,2.06415,0.077091,0.145627,0.0768,0,0,8.28838,1.80781,1.80781,22.4887,UNKNOWN,True,4152
aim-100-1_6-no-1.cnf,D_lkk_kissat,1,8.95618,0.037711,0.071061,0.034471,0,0,13.4229,1.31808,1.31808,31.8451,UNKNOWN,True,4164
aim-100-1_6-no-1.cnf,E_lkk_selector,1,2.081,0.057616,0.073316,0.030741,0,0,0.249046,0,0,3.08431,UNKNOWN,True,5012
aim-100-1_6-no-1.cnf,C_lkk_cadical,1,2.06763,0.038027,0.073393,0.03203,0,0,0.255708,0,0,2.96482,UNKNOWN,True,5012
aim-100-1_6-no-2.cnf,E_lkk_selector,1,8.80562,0.044413,0.069895,0.047382,0,0,13.1174,1.28015,1.28015,39.8201,UNKNOWN,True,4064
aim-100-1_6-no-2.cnf,C_lkk_cadical,1,1.83588,0.0411,0.072621,0.045653,0,0,0.258862,0,0,2.76388,UNKNOWN,True,5096
aim-100-1_6-no-2.cnf,D_lkk_kissat,1,1.94541,0.041238,0.075953,0.04824,0,0,10.8032,1.29882,1.29882,22.3911,UNKNOWN,True,4020
aim-100-1_6-no-3.cnf,C_lkk_cadical,1,2.06119,0.039748,0.070967,0.044674,0,0,0.236494,0,0,2.98869,UNKNOWN,True,4876
aim-100-1_6-no-3.cnf,D_lkk_kissat,1,2.26289,0.044285,0.072144,0.046608,0,0,16.2534,1.23918,1.23918,29.1777,UNKNOWN,True,3976
aim-100-1_6-no-3.cnf,E_lkk_selector,1,2.44796,0.044729,0.080551,0.048482,0,0,0.279017,0,0,3.62196,UNKNOWN,True,4964
aim-100-1_6-yes1-1.cnf,C_lkk_cadical,1,2.29813,0.043467,0.075091,0.039911,0,0,0.249884,0,0,3.27982,UNKNOWN,True,4980
aim-100-1_6-yes1-1.cnf,D_lkk_kissat,1,2.1463,0.04641,0.073363,0.039963,0,0,11.3169,1.10025,1.10025,24.1801,UNKNOWN,True,4072
aim-100-1_6-yes1-1.cnf,E_lkk_selector,1,2.41296,0.04688,0.073436,0.042459,0,0,0.233672,0,0,3.45557,UNKNOWN,True,5216
aim-100-1_6-yes1-2.cnf,C_lkk_cadical,1,9.06626,0.050154,0.083599,0.052805,0,0,0.246836,0,0,10.1826,UNKNOWN,True,5088
aim-100-1_6-yes1-2.cnf,D_lkk_kissat,1,1.97238,0.038975,0.073799,0.051002,0,0,11.76,1.08747,1.08747,22.0784,UNKNOWN,True,3976
aim-100-1_6-yes1-2.cnf,E_lkk_selector,1,1.94402,0.059925,0.07483,0.048887,0,0,7.42126,1.12157,1.12157,17.7258,UNKNOWN,True,4132
aim-100-1_6-yes1-3.cnf,D_lkk_kissat,1,9.45484,0.041242,0.070258,0.036143,0,0,13.4884,1.24919,1.24919,32.6801,UNKNOWN,True,4180
aim-100-1_6-yes1-3.cnf,E_lkk_selector,1,1.71646,0.037235,0.069175,0.035979,0,0,0.268852,0,0,2.65569,UNKNOWN,True,5252
aim-100-1_6-yes1-3.cnf,C_lkk_cadical,1,1.81199,0.04016,0.069593,0.035412,0,0,0.288787,0,0,2.78636,UNKNOWN,True,5084
aim-100-1_6-yes1-4.cnf,E_lkk_selector,1,7.94793,0.0614,0.105667,0.084856,0,0,15.188,1.34893,1.34893,32.0849,UNKNOWN,True,4076
aim-100-1_6-yes1-4.cnf,C_lkk_cadical,1,2.02915,0.040066,0.067129,0.057508,0,0,0.310887,0,0,3.0634,UNKNOWN,True,5108
aim-100-1_6-yes1-4.cnf,D_lkk_kissat,1,2.05697,0.039496,0.071816,0.059722,0,0,9.28951,1.20095,1.20095,21.9611,UNKNOWN,True,4076
aim-100-2_0-no-1.cnf,C_lkk_cadical,1,3.06038,0.0703,0.11659,0.067124,0,0,0.341225,0,0,4.4897,UNKNOWN,True,4840
aim-100-2_0-no-1.cnf,D_lkk_kissat,1,2.33243,0.05037,0.078323,0.046205,0,0,12.7718,1.65281,1.65281,24.2433,UNKNOWN,True,4004
aim-100-2_0-no-1.cnf,E_lkk_selector,1,1.95367,0.049259,0.083558,0.045012,0,0,0.262832,0,0,2.93062,UNKNOWN,True,5188
aim-100-2_0-no-2.cnf,C_lkk_cadical,1,2.06268,0.053014,0.086461,0.063939,0,0,0.254275,0,0,3.01586,UNKNOWN,True,5048
aim-100-2_0-no-2.cnf,D_lkk_kissat,1,1.96325,0.05885,0.086401,0.062682,0,0,15.2878,1.55182,1.55182,27.5048,UNKNOWN,True,4200
aim-100-2_0-no-2.cnf,E_lkk_selector,1,2.64302,0.116391,0.108133,0.077477,0,0,15.7625,1.54805,1.54805,31.42,UNKNOWN,True,4160
aim-100-2_0-no-3.cnf,C_lkk_cadical,1,8.6924,0.051274,0.085775,0.061901,0,0,0.269225,0,0,9.86538,UNKNOWN,True,5064
aim-100-2_0-no-3.cnf,D_lkk_kissat,1,2.05407,0.044773,0.078567,0.074782,0,0,11.8254,1.22035,1.22035,25.036,UNKNOWN,True,4160
aim-100-2_0-no-3.cnf,E_lkk_selector,1,2.57005,0.074983,0.108656,0.102003,0,0,9.96518,1.68654,1.68654,25.3447,UNKNOWN,True,4232
aim-100-2_0-no-4.cnf,D_lkk_kissat,1,9.84192,0.059952,0.088385,0.057059,0,0,11.971,1.26067,1.26067,33.2405,UNKNOWN,True,4128
aim-100-2_0-no-4.cnf,E_lkk_selector,1,3.19334,0.072982,0.110802,0.067407,0,0,0.330186,0,0,4.52091,UNKNOWN,True,5340
aim-100-2_0-no-4.cnf,C_lkk_cadical,1,2.4348,0.074782,0.090787,0.053433,0,0,0.266298,0,0,3.64969,UNKNOWN,True,4872
aim-100-2_0-yes1-1.cnf,E_lkk_selector,1,11.8533,0.07287,0.102132,0.073362,0,0,16.8606,1.69699,1.69699,41.0621,UNKNOWN,True,4032
aim-100-2_0-yes1-1.cnf,C_lkk_cadical,1,1.91793,0.048474,0.083853,0.057664,0,0,0.335432,0,0,2.96005,UNKNOWN,True,5084
aim-100-2_0-yes1-1.cnf,D_lkk_kissat,1,2.04761,0.089811,0.083663,0.07,0,0,8.31623,1.24141,1.24141,19.1557,UNKNOWN,True,4064
aim-100-2_0-yes1-2.cnf,C_lkk_cadical,1,2.19159,0.051406,0.085086,0.066471,0,0,0.36591,0,0,3.37229,UNKNOWN,True,4964
aim-100-2_0-yes1-2.cnf,D_lkk_kissat,1,3.31639,0.070957,0.116644,0.091979,0,0,21.7956,1.70711,1.70711,38.1509,UNKNOWN,True,4072
aim-100-2_0-yes1-2.cnf,E_lkk_selector,1,1.85614,0.048477,0.084093,0.063818,0,0,8.10821,1.19537,1.19537,18.9345,UNKNOWN,True,4012
aim-100-2_0-yes1-3.cnf,C_lkk_cadical,1,2.27795,0.054908,0.088457,0.06585,0,0,0.33834,0,0,3.48866,UNKNOWN,True,4936
aim-100-2_0-yes1-3.cnf,D_lkk_kissat,1,2.16207,0.061132,0.091077,0.065141,0,0,13.9411,1.19934,1.19934,25.2342,UNKNOWN,True,3952
aim-100-2_0-yes1-3.cnf,E_lkk_selector,1,1.89501,0.048057,0.082465,0.059205,0,0,8.09044,1.32206,1.32206,20.9542,UNKNOWN,True,4172
aim-100-2_0-yes1-4.cnf,C_lkk_cadical,1,8.27955,0.051914,0.088708,0.055925,0,0,0.318317,0,0,9.45313,UNKNOWN,True,5060
aim-100-2_0-yes1-4.cnf,D_lkk_kissat,1,1.95942,0.050699,0.078268,0.052126,0,0,12.6856,1.22088,1.22088,25.104,UNKNOWN,True,4040
aim-100-2_0-yes1-4.cnf,E_lkk_selector,1,1.89487,0.054235,0.081452,0.055084,0,0,0.310699,0,0,3.28189,UNKNOWN,True,5104
aim-100-3_4-yes1-1.cnf,D_lkk_kissat,1,10.1032,0.076927,0.129469,0.096191,0,0,14.3882,1.33982,1.33982,35.9047,UNKNOWN,True,4172
aim-100-3_4-yes1-1.cnf,E_lkk_selector,1,3.55774,0.106662,0.183138,0.134609,0,0,14.8522,2.04318,2.04318,31.7721,UNKNOWN,True,4208
aim-100-3_4-yes1-1.cnf,C_lkk_cadical,1,3.01221,0.100342,0.175671,0.124045,0,0,0.797391,0,0,5.07809,UNKNOWN,True,5076
aim-100-3_4-yes1-2.cnf,E_lkk_selector,1,8.81394,0.07313,0.128803,0.075311,0,0,0.393526,0,0,10.1066,UNKNOWN,True,5192
aim-100-3_4-yes1-2.cnf,C_lkk_cadical,1,2.20139,0.07249,0.128703,0.102118,0,0,0.430969,0,0,3.54426,UNKNOWN,True,5036
aim-100-3_4-yes1-2.cnf,D_lkk_kissat,1,1.90902,0.072983,0.138028,0.075459,0,0,13.236,1.29912,1.29912,25.5485,UNKNOWN,True,4212
aim-100-3_4-yes1-3.cnf,C_lkk_cadical,1,2.20118,0.07755,0.136376,0.081287,0,0,0.352306,0,0,3.45312,UNKNOWN,True,5244
aim-100-3_4-yes1-3.cnf,D_lkk_kissat,1,3.63279,0.104964,0.182613,0.098304,0,0,25.1134,2.00012,17.1135,40.3754,UNKNOWN,True,4204
aim-100-3_4-yes1-3.cnf,E_lkk_selector,1,1.86403,0.068055,0.122448,0.072319,0,0,12.9215,1.3454,4.26686,23.8529,UNKNOWN,True,4128
aim-100-3_4-yes1-4.cnf,C_lkk_cadical,1,2.35114,0.078689,0.12504,0.084859,0,0,0.304181,0,0,3.60242,UNKNOWN,True,5100
aim-100-3_4-yes1-4.cnf,D_lkk_kissat,1,2.74386,0.088681,0.168771,0.115414,0,0,20.3376,1.67637,1.67637,33.9251,UNKNOWN,True,4272
aim-100-3_4-yes1-4.cnf,E_lkk_selector,1,3.65474,0.111817,0.193525,0.129881,0,0,14.3092,1.70267,1.70267,29.9828,UNKNOWN,True,4132
aim-100-6_0-yes1-1.cnf,C_lkk_cadical,1,11.3639,0.15865,0.233676,0.157427,0,0,0.423413,0,0,12.9548,UNKNOWN,True,5112
aim-100-6_0-yes1-1.cnf,D_lkk_kissat,1,2.41318,0.1189,0.193931,0.148646,0,0,15.612,1.4611,1.4611,29.7887,UNKNOWN,True,4356
aim-100-6_0-yes1-1.cnf,E_lkk_selector,1,2.01829,0.122779,0.198222,0.135475,0,0,9.43046,1.38072,1.38072,21.2321,UNKNOWN,True,4108
aim-100-6_0-yes1-3.cnf,D_lkk_kissat,1,14.6475,0.183169,0.279031,0.25075,0,0,18.5148,1.93296,1.93296,44.894,UNKNOWN,True,4288
aim-100-6_0-yes1-3.cnf,E_lkk_selector,1,1.93793,0.119235,0.194918,0.17061,0,0,8.30866,1.3534,1.3534,19.9826,UNKNOWN,True,4140
aim-100-6_0-yes1-3.cnf,C_lkk_cadical,1,1.9302,0.117965,0.195333,0.17399,0,0,0.322734,0,0,3.4555,UNKNOWN,True,5004
aim-100-6_0-yes1-4.cnf,E_lkk_selector,1,10.3072,0.138505,0.205972,0.130485,0,0,13.5261,1.5264,1.5264,33.8596,UNKNOWN,True,4120
aim-100-6_0-yes1-4.cnf,C_lkk_cadical,1,2.45589,0.130839,0.211699,0.131773,0,0,0.314889,0,0,3.83347,UNKNOWN,True,5084
aim-100-6_0-yes1-4.cnf,D_lkk_kissat,1,2.37715,0.138887,0.208398,0.127863,0,0,9.49078,1.34049,1.34049,23.3502,UNKNOWN,True,4040
aim-200-1_6-no-1.cnf,C_lkk_cadical,1,2.22342,0.069659,0.134968,0.074592,0,0,0.351668,0,0,3.80402,UNKNOWN,True,5108
aim-200-1_6-no-1.cnf,D_lkk_kissat,1,1.88745,0.07558,0.127722,0.068925,0,0,19.1239,1.30601,10.4299,30.6437,UNKNOWN,True,4220
aim-200-1_6-no-1.cnf,E_lkk_selector,1,2.62089,0.093542,0.13488,0.073234,0,0,12.5209,1.43494,3.95579,24.9916,UNKNOWN,True,4040
aim-200-1_6-no-3.cnf,C_lkk_cadical,1,2.25586,0.074694,0.138622,0.081963,0,0,0.340537,0,0,3.57517,UNKNOWN,True,5152
aim-200-1_6-no-3.cnf,D_lkk_kissat,1,2.0987,0.083759,0.137869,0.081813,0,0,16.4119,1.2841,1.2841,29.1165,UNKNOWN,True,4276
aim-200-1_6-no-3.cnf,E_lkk_selector,1,2.09752,0.069048,0.133604,0.087428,0,0,12.5754,1.65377,1.65377,25.1831,UNKNOWN,True,4132
aim-200-1_6-no-4.cnf,C_lkk_cadical,1,16.0598,0.101872,0.345307,0.155658,0,0,0.461744,0,0,18.1442,UNKNOWN,True,5036
aim-200-1_6-no-4.cnf,D_lkk_kissat,1,3.62596,0.110801,0.205203,0.130507,0,0,20.7486,1.70437,1.70437,36.9684,UNKNOWN,True,4216
aim-200-1_6-no-4.cnf,E_lkk_selector,1,2.18278,0.082168,0.161653,0.099587,0,0,9.30722,1.35466,1.35466,21.9178,UNKNOWN,True,4208
aim-200-1_6-yes1-1.cnf,D_lkk_kissat,1,16.0988,0.11214,0.214753,0.123743,0,0,18.6692,2.0977,2.0977,50.682,UNKNOWN,True,4152
aim-200-1_6-yes1-1.cnf,E_lkk_selector,1,3.20938,0.099225,0.1858,0.132904,0,0,13.8313,2.23169,2.23169,32.005,UNKNOWN,True,4096
aim-200-1_6-yes1-1.cnf,C_lkk_cadical,1,2.45771,0.089352,0.170182,0.10743,0,0,0.643656,0,0,4.63749,UNKNOWN,True,5104
aim-200-1_6-yes1-3.cnf,E_lkk_selector,1,12.5638,0.090997,0.175349,0.104645,0,0,18.415,1.93805,1.93805,44.5191,UNKNOWN,True,4140
aim-200-1_6-yes1-3.cnf,C_lkk_cadical,1,2.43216,0.077729,0.151263,0.09877,0,0,0.513273,0,0,4.06624,UNKNOWN,True,5064
aim-200-1_6-yes1-3.cnf,D_lkk_kissat,1,2.2599,0.0678,0.132683,0.088087,0,0,10.7634,1.44084,1.44084,23.1343,UNKNOWN,True,4240
aim-200-1_6-yes1-4.cnf,C_lkk_cadical,1,2.3645,0.078932,0.160409,0.102535,0,0,0.458799,0,0,4.35266,UNKNOWN,True,5312
aim-200-1_6-yes1-4.cnf,D_lkk_kissat,1,2.83348,0.097167,0.176995,0.116918,0,0,20.7362,2.0055,2.0055,39.5396,UNKNOWN,True,4144
aim-200-1_6-yes1-4.cnf,E_lkk_selector,1,3.42106,0.100187,0.16847,0.109404,0,0,13.5055,2.35781,2.35781,29.5968,UNKNOWN,True,4208
aim-200-2_0-no-1.cnf,C_lkk_cadical,1,3.07361,0.137508,0.196596,0.112815,0,0,0.606876,0,0,5.30466,UNKNOWN,True,5340
aim-200-2_0-no-1.cnf,D_lkk_kissat,1,2.37573,0.10241,0.167662,0.099147,0,0,19.8329,1.20067,11.0336,31.8622,UNKNOWN,True,4296
aim-200-2_0-no-1.cnf,E_lkk_selector,1,1.95231,0.096168,0.159296,0.097561,0,0,14.4741,1.30604,5.78012,30.9514,UNKNOWN,True,4244
aim-200-2_0-no-2.cnf,C_lkk_cadical,1,12.0042,0.114936,0.200458,0.124649,0,0,0.493348,0,0,14.0482,UNKNOWN,True,5048
aim-200-2_0-no-2.cnf,D_lkk_kissat,1,2.85288,0.111258,0.248952,0.100698,0,0,24.5585,1.89775,16.4562,37.7054,UNKNOWN,True,4104
aim-200-2_0-no-2.cnf,E_lkk_selector,1,2.23546,0.101813,0.185792,0.085945,0,0,17.8743,1.457,9.33132,34.7634,UNKNOWN,True,4212
aim-200-2_0-no-3.cnf,D_lkk_kissat,1,11.8238,0.114635,0.186202,0.192442,0,0,29.8249,1.83785,21.6628,56.7338,UNKNOWN,True,4132
aim-200-2_0-no-3.cnf,E_lkk_selector,1,3.37947,0.116629,0.210818,0.167366,0,0,20.4113,1.72792,12.1392,37.7004,UNKNOWN,True,4024
aim-200-2_0-no-3.cnf,C_lkk_cadical,1,3.97361,0.146774,0.218191,0.172029,0,0,0.491902,0,0,6.02266,UNKNOWN,True,5220
aim-200-2_0-no-4.cnf,E_lkk_selector,1,11.3674,0.102822,0.185729,0.103422,0,0,19.1571,1.66285,1.66285,47.1761,UNKNOWN,True,4228
aim-200-2_0-no-4.cnf,C_lkk_cadical,1,2.34378,0.086077,0.159832,0.08456,0,0,0.339924,0,0,3.68707,UNKNOWN,True,5368
aim-200-2_0-no-4.cnf,D_lkk_kissat,1,2.72455,0.086239,0.158046,0.087501,0,0,9.82853,1.42748,1.42748,22.3229,UNKNOWN,True,4080
aim-200-2_0-yes1-1.cnf,C_lkk_cadical,1,2.38272,0.092456,0.170773,0.123008,0,0,0.806349,0,0,13.558,UNKNOWN,True,4996
aim-200-2_0-yes1-1.cnf,D_lkk_kissat,1,3.06828,0.125671,0.235055,0.17392,0,0,23.4249,2.26419,2.26419,41.2977,UNKNOWN,True,4156
aim-200-2_0-yes1-1.cnf,E_lkk_selector,1,2.68789,0.100692,0.176519,0.126196,0,0,8.87764,1.40059,1.40059,22.2279,UNKNOWN,True,4112
aim-200-2_0-yes1-2.cnf,C_lkk_cadical,1,2.03552,0.096129,0.159928,0.114537,0,0,0.61534,0,0,3.7227,UNKNOWN,True,5112
aim-200-2_0-yes1-2.cnf,D_lkk_kissat,1,2.15355,0.097959,0.15344,0.117342,0,0,13.6689,1.28718,1.28718,26.9126,UNKNOWN,True,4204
aim-200-2_0-yes1-2.cnf,E_lkk_selector,1,2.38747,0.106755,0.177051,0.133017,0,0,10.2876,1.34301,1.34301,23.2724,UNKNOWN,True,4152
aim-200-2_0-yes1-4.cnf,C_lkk_cadical,1,11.8618,0.124578,0.173995,0.128848,0,0,0.643213,0,0,13.7493,UNKNOWN,True,5280
aim-200-2_0-yes1-4.cnf,D_lkk_kissat,1,2.17904,0.083314,0.153454,0.115088,0,0,13.9381,1.44928,1.44928,25.0716,UNKNOWN,True,4144
aim-200-2_0-yes1-4.cnf,E_lkk_selector,1,3.37614,0.121606,0.236493,0.158529,0,0,12.358,1.91372,1.91372,26.8597,UNKNOWN,True,4192
aim-200-3_4-yes1-2.cnf,D_lkk_kissat,1,11.8474,0.181279,0.317373,0.202751,0,0,41.7091,1.77868,13.4878,68.178,UNKNOWN,True,4308
aim-200-3_4-yes1-2.cnf,E_lkk_selector,1,2.84259,0.192242,0.336227,0.203088,0,0,42.5337,2.09516,24.6288,58.7407,UNKNOWN,True,4288
aim-200-3_4-yes1-2.cnf,C_lkk_cadical,1,3.70226,0.179697,0.304681,0.197692,0,0,0.921332,0,0,6.54864,UNKNOWN,True,5076
aim-200-3_4-yes1-3.cnf,E_lkk_selector,1,15.1987,0.194682,0.317198,0.183516,0,0,38.3571,1.97611,20.3332,67.8399,UNKNOWN,True,4224
aim-200-3_4-yes1-3.cnf,C_lkk_cadical,1,2.94392,0.187295,0.322707,0.180254,0,0,0.642731,0,0,5.19559,UNKNOWN,True,5380
aim-200-3_4-yes1-3.cnf,D_lkk_kissat,1,3.13551,0.206342,0.282512,0.16383,0,0,39.7798,1.78791,21.5677,58.0993,UNKNOWN,True,4312
aim-200-3_4-yes1-4.cnf,C_lkk_cadical,1,2.41006,0.160095,0.264887,0.250241,0,0,1.25465,0,0,5.23337,UNKNOWN,True,5328
aim-200-3_4-yes1-4.cnf,D_lkk_kissat,1,3.15525,0.20727,0.347432,0.289389,0,0,45.85,1.80248,17.6525,63.2732,UNKNOWN,True,4344
aim-200-3_4-yes1-4.cnf,E_lkk_selector,1,2.60915,0.179704,0.308003,0.276378,0,0,43.9659,1.99269,25.9586,58.87,UNKNOWN,True,4224
aim-200-6_0-yes1-1.cnf,C_lkk_cadical,1,3.48518,0.344285,0.579177,0.395973,0,0,1.19198,0,0,7.47792,UNKNOWN,True,5524
aim-200-6_0-yes1-1.cnf,D_lkk_kissat,1,2.64172,0.25219,0.414856,0.313275,0,0,17.1541,1.84782,1.84782,30.3863,UNKNOWN,True,4444
aim-200-6_0-yes1-1.cnf,E_lkk_selector,1,2.40617,0.253721,0.443089,0.332023,0,0,20.4171,1.59211,1.59211,33.6356,UNKNOWN,True,4392
aim-200-6_0-yes1-2.cnf,C_lkk_cadical,1,11.8832,0.304852,0.49237,0.408508,0,0,1.18473,0,0,15.2033,UNKNOWN,True,5304
aim-200-6_0-yes1-2.cnf,D_lkk_kissat,1,3.2226,0.293034,0.503687,0.41105,0,0,23.6774,2.24411,15.9215,39.7002,UNKNOWN,True,4424
aim-200-6_0-yes1-2.cnf,E_lkk_selector,1,3.54838,0.29326,0.541911,0.384857,0,0,22.248,1.86428,14.1122,39.7324,UNKNOWN,True,4380
aim-200-6_0-yes1-3.cnf,D_lkk_kissat,1,13.8239,0.334102,0.513695,0.299867,0,0,23.3227,2.43084,15.7536,52.941,UNKNOWN,True,4268
aim-200-6_0-yes1-3.cnf,E_lkk_selector,1,2.98545,0.278214,0.447066,0.254921,0,0,20.3618,1.90832,12.2701,35.5839,UNKNOWN,True,4436
aim-200-6_0-yes1-3.cnf,C_lkk_cadical,1,3.63236,0.343724,0.584593,0.334014,0,0,1.12263,0,0,7.82971,UNKNOWN,True,5684
aim-200-6_0-yes1-4.cnf,E_lkk_selector,1,11.7779,0.305172,0.470383,0.320885,0,0,24.4049,2.24721,16.6521,53.8186,UNKNOWN,True,4420
aim-200-6_0-yes1-4.cnf,C_lkk_cadical,1,3.00723,0.294656,0.46157,0.330681,0,0,1.39463,0,0,6.7256,UNKNOWN,True,5460
aim-200-6_0-yes1-4.cnf,D_lkk_kissat,1,2.73778,0.307658,0.436942,0.262481,0,0,18.0751,1.77638,9.85147,31.7774,UNKNOWN,True,4452
aim-50-1_6-no-2.cnf,C_lkk_cadical,1,2.15259,0.033474,0.039593,0.030481,0,0,0.191682,0,0,3.07072,UNKNOWN,True,4884
aim-50-1_6-no-2.cnf,D_lkk_kissat,1,2.24461,0.029529,0.042613,0.039649,0,0,13.6619,1.13619,1.13619,24.9045,UNKNOWN,True,4108
aim-50-1_6-no-2.cnf,E_lkk_selector,1,1.96784,0.03053,0.041934,0.027518,0,0,0.173087,0,0,2.8467,UNKNOWN,True,4880
aim-50-1_6-no-4.cnf,C_lkk_cadical,1,2.76018,0.027223,0.039998,0.042299,0,0,0.199239,0,0,3.69075,UNKNOWN,True,5116
aim-50-1_6-no-4.cnf,D_lkk_kissat,1,2.16359,0.021437,0.03435,0.037333,0,0,10.7351,1.07566,1.07566,21.2545,UNKNOWN,True,4104
aim-50-1_6-no-4.cnf,E_lkk_selector,1,1.77028,0.019826,0.034862,0.034851,0,0,0.153456,0,0,2.54743,UNKNOWN,True,5028
aim-50-1_6-yes1-1.cnf,C_lkk_cadical,1,10.5064,0.026044,0.04625,0.03132,0,0,0.196147,0,0,11.5098,UNKNOWN,True,4984
aim-50-1_6-yes1-1.cnf,D_lkk_kissat,1,2.26441,0.020721,0.036196,0.025216,0,0,11.0662,1.18937,1.18937,22.6828,UNKNOWN,True,4156
aim-50-1_6-yes1-1.cnf,E_lkk_selector,1,2.23926,0.023305,0.039267,0.028344,0,0,0.193223,0,0,3.14291,UNKNOWN,True,4988
aim-50-1_6-yes1-2.cnf,D_lkk_kissat,1,10.4409,0.024557,0.042306,0.033612,0,0,13.6497,1.30536,1.30536,35.6307,UNKNOWN,True,3996
aim-50-1_6-yes1-2.cnf,E_lkk_selector,1,2.49495,0.030786,0.044157,0.044682,0,0,0.215168,0,0,3.55684,UNKNOWN,True,4968
aim-50-1_6-yes1-2.cnf,C_lkk_cadical,1,1.93412,0.020608,0.035146,0.029696,0,0,0.17502,0,0,2.76906,UNKNOWN,True,5060
aim-50-1_6-yes1-3.cnf,E_lkk_selector,1,8.98364,0.042165,0.043278,0.026948,0,0,0.110246,0,0,9.76986,UNKNOWN,True,4648
aim-50-1_6-yes1-3.cnf,C_lkk_cadical,1,1.98731,0.021704,0.036433,0.025506,0,0,0.120397,0,0,2.75099,UNKNOWN,True,4756
aim-50-1_6-yes1-3.cnf,D_lkk_kissat,1,2.59371,0.024019,0.038801,0.024773,0,0,11.8177,1.24066,1.24066,22.8141,UNKNOWN,True,4064
aim-50-1_6-yes1-4.cnf,C_lkk_cadical,1,2.43728,0.029019,0.038128,0.033447,0,0,0.174218,0,0,3.62828,UNKNOWN,True,4996
aim-50-1_6-yes1-4.cnf,D_lkk_kissat,1,2.15288,0.024081,0.040694,0.033042,0,0,14.8552,1.19877,1.19877,28.2177,UNKNOWN,True,4008
aim-50-1_6-yes1-4.cnf,E_lkk_selector,1,2.20042,0.021665,0.037101,0.030114,0,0,0.169806,0,0,3.08115,UNKNOWN,True,4864
aim-50-2_0-no-1.cnf,C_lkk_cadical,1,2.24573,0.029516,0.051639,0.061472,0,0,0.238864,0,0,3.84401,UNKNOWN,True,4792
aim-50-2_0-no-1.cnf,D_lkk_kissat,1,2.24321,0.030362,0.062727,0.056506,0,0,13.1851,1.35703,1.35703,24.3015,UNKNOWN,True,4108
aim-50-2_0-no-1.cnf,E_lkk_selector,1,2.11902,0.027921,0.047699,0.047647,0,0,0.223056,0,0,3.12081,UNKNOWN,True,4964
aim-50-2_0-no-2.cnf,C_lkk_cadical,1,11.3216,0.051106,0.052688,0.036468,0,0,0.254348,0,0,20.0019,UNKNOWN,True,4852
aim-50-2_0-no-2.cnf,D_lkk_kissat,1,2.54782,0.031909,0.0546,0.038829,0,0,18.9186,1.60628,1.60628,35.2882,UNKNOWN,True,4032
aim-50-2_0-no-2.cnf,E_lkk_selector,1,2.16466,0.028741,0.040989,0.027946,0,0,0.193271,0,0,3.04865,UNKNOWN,True,4888
aim-50-2_0-no-3.cnf,D_lkk_kissat,1,9.75901,0.029418,0.048277,0.031425,0,0,12.0254,1.18081,1.18081,29.9242,UNKNOWN,True,4056
aim-50-2_0-no-3.cnf,E_lkk_selector,1,2.44618,0.028915,0.049645,0.030011,0,0,0.25684,0,0,3.44592,UNKNOWN,True,4900
aim-50-2_0-no-3.cnf,C_lkk_cadical,1,1.81141,0.024947,0.041737,0.027376,0,0,0.247071,0,0,2.62393,UNKNOWN,True,5000
aim-50-2_0-no-4.cnf,E_lkk_selector,1,9.36179,0.025885,0.042457,0.032877,0,0,0.179487,0,0,10.1444,UNKNOWN,True,5220
aim-50-2_0-no-4.cnf,C_lkk_cadical,1,2.26897,0.02918,0.053322,0.035319,0,0,0.182413,0,0,3.46734,UNKNOWN,True,5136
aim-50-2_0-no-4.cnf,D_lkk_kissat,1,1.79682,0.024582,0.044217,0.03268,0,0,12.5209,1.22597,1.22597,22.9956,UNKNOWN,True,4004
aim-50-2_0-yes1-1.cnf,C_lkk_cadical,1,2.17855,0.042189,0.050891,0.047883,0,0,0.259256,0,0,3.16547,UNKNOWN,True,5180
aim-50-2_0-yes1-1.cnf,D_lkk_kissat,1,2.28468,0.028491,0.045126,0.04162,0,0,10.9162,1.33006,1.33006,22.8021,UNKNOWN,True,4008
aim-50-2_0-yes1-1.cnf,E_lkk_selector,1,2.39951,0.029246,0.053113,0.04735,0,0,0.242567,0,0,3.56547,UNKNOWN,True,4816
aim-50-2_0-yes1-2.cnf,C_lkk_cadical,1,1.91751,0.025496,0.043612,0.035253,0,0,0.286408,0,0,2.91749,UNKNOWN,True,4992
aim-50-2_0-yes1-2.cnf,D_lkk_kissat,1,2.02013,0.032268,0.046971,0.037041,0,0,16.5654,1.22849,1.22849,28.874,UNKNOWN,True,4044
aim-50-2_0-yes1-2.cnf,E_lkk_selector,1,2.90145,0.033566,0.050537,0.047772,0,0,0.349224,0,0,4.30911,UNKNOWN,True,4980
aim-50-2_0-yes1-3.cnf,C_lkk_cadical,1,8.68798,0.029754,0.044183,0.047039,0,0,0.274444,0,0,9.78,UNKNOWN,True,5100
aim-50-2_0-yes1-3.cnf,D_lkk_kissat,1,1.92251,0.025325,0.045248,0.043547,0,0,12.0273,1.2987,1.2987,23.8049,UNKNOWN,True,4012
aim-50-2_0-yes1-3.cnf,E_lkk_selector,1,2.01027,0.027741,0.049603,0.051908,0,0,0.305802,0,0,3.02979,UNKNOWN,True,5216
aim-50-3_4-yes1-1.cnf,D_lkk_kissat,1,9.03103,0.063427,0.06869,0.052922,0,0,11.701,1.23646,1.23646,29.2263,UNKNOWN,True,4088
aim-50-3_4-yes1-1.cnf,E_lkk_selector,1,2.1994,0.044493,0.068738,0.051536,0,0,0.225728,0,0,3.16519,UNKNOWN,True,5020
aim-50-3_4-yes1-1.cnf,C_lkk_cadical,1,2.24769,0.046358,0.078747,0.057131,0,0,0.254802,0,0,3.38676,UNKNOWN,True,5100
aim-50-3_4-yes1-3.cnf,E_lkk_selector,1,9.52577,0.053833,0.07319,0.073204,0,0,0.152827,0,0,10.536,UNKNOWN,True,4808
aim-50-3_4-yes1-3.cnf,C_lkk_cadical,1,2.78989,0.055356,0.08289,0.080706,0,0,0.198303,0,0,4.03582,UNKNOWN,True,4732
aim-50-3_4-yes1-3.cnf,D_lkk_kissat,1,2.61932,0.059692,0.076071,0.070627,0,0,15.2758,1.52778,1.52778,27.9732,UNKNOWN,True,4120
aim-50-6_0-yes1-1.cnf,C_lkk_cadical,1,2.19473,0.065362,0.113601,0.078744,0,0,0.221346,0,0,3.2371,UNKNOWN,True,5148
aim-50-6_0-yes1-1.cnf,D_lkk_kissat,1,2.41883,0.074072,0.10398,0.080458,0,0,13.5025,1.58869,1.58869,25.2515,UNKNOWN,True,4076
aim-50-6_0-yes1-1.cnf,E_lkk_selector,1,2.18496,0.096225,0.109611,0.083036,0,0,0.212749,0,0,3.29323,UNKNOWN,True,5152
aim-50-6_0-yes1-2.cnf,C_lkk_cadical,1,2.46179,0.070512,0.116718,0.11181,0,0,0.234451,0,0,3.90171,UNKNOWN,True,5148
aim-50-6_0-yes1-2.cnf,D_lkk_kissat,1,2.64519,0.069905,0.109994,0.105038,0,0,15.6318,1.55698,1.55698,29.1219,UNKNOWN,True,4228
aim-50-6_0-yes1-2.cnf,E_lkk_selector,1,1.76157,0.060662,0.103481,0.099362,0,0,0.201983,0,0,2.80148,UNKNOWN,True,4972
aim-50-6_0-yes1-3.cnf,C_lkk_cadical,1,9.86752,0.076443,0.110896,0.077702,0,0,0.243454,0,0,10.9855,UNKNOWN,True,5116
aim-50-6_0-yes1-3.cnf,D_lkk_kissat,1,2.19074,0.071571,0.128537,0.081895,0,0,15.2312,1.31889,1.31889,26.2231,UNKNOWN,True,4152
aim-50-6_0-yes1-3.cnf,E_lkk_selector,1,1.80686,0.061279,0.101992,0.073692,0,0,0.222354,0,0,2.85534,UNKNOWN,True,4856
aim-50-6_0-yes1-4.cnf,D_lkk_kissat,1,10.3339,0.072047,0.110601,0.076598,0,0,12.9417,1.29644,1.29644,32.5987,UNKNOWN,True,4116
aim-50-6_0-yes1-4.cnf,E_lkk_selector,1,2.61702,0.076249,0.107404,0.100623,0,0,0.238489,0,0,3.75087,UNKNOWN,True,5204
aim-50-6_0-yes1-4.cnf,C_lkk_cadical,1,2.41429,0.070787,0.105586,0.074902,0,0,0.225962,0,0,3.47621,UNKNOWN,True,5064
jnh1.cnf,E_lkk_selector,1,11.4882,0.322115,0.352036,0.224996,0,0,46.813,1.88312,18.6962,70.254,UNKNOWN,True,4288
jnh1.cnf,C_lkk_cadical,1,3.14983,0.386325,0.414137,0.248972,0,0,0.897984,0,0,5.75586,UNKNOWN,True,5152
jnh1.cnf,D_lkk_kissat,1,3.056,0.356129,0.38854,0.242729,0,0,53.0773,1.88776,24.9651,68.4694,UNKNOWN,True,4252
jnh10.cnf,C_lkk_cadical,1,2.44441,0.307967,0.337492,0.118625,0,0,0.732737,0,0,4.56367,UNKNOWN,True,5332
jnh10.cnf,D_lkk_kissat,1,2.40789,0.33116,0.370093,0.123402,0,0,14.802,1.81092,1.81092,27.1283,UNKNOWN,True,4172
jnh10.cnf,E_lkk_selector,1,3.12319,0.356878,0.38104,0.145091,0,0,18.6074,2.21813,2.21813,34.7612,UNKNOWN,True,4260
jnh11.cnf,C_lkk_cadical,1,3.69202,0.359794,0.392532,0.189443,0,0,0.979939,0,0,6.34921,UNKNOWN,True,5376
jnh11.cnf,D_lkk_kissat,1,3.23754,0.379628,0.421646,0.172716,0,0,21.2008,2.02323,2.02323,41.5779,UNKNOWN,True,4320
jnh11.cnf,E_lkk_selector,1,3.21857,0.401983,0.445721,0.196162,0,0,18.6212,1.71066,1.71066,34.9253,UNKNOWN,True,4172
jnh13.cnf,C_lkk_cadical,1,13.1766,0.343039,0.363381,0.15319,0,0,0.590894,0,0,15.3642,UNKNOWN,True,5292
jnh13.cnf,D_lkk_kissat,1,2.57654,0.361505,0.393261,0.150655,0,0,15.9136,1.65096,1.65096,31.4544,UNKNOWN,True,4332
jnh13.cnf,E_lkk_selector,1,2.45587,0.310243,0.339483,0.142356,0,0,0.531841,0,0,4.38304,UNKNOWN,True,5328
jnh14.cnf,D_lkk_kissat,1,10.9112,0.318152,0.358191,0.131766,0,0,14.912,1.91134,1.91134,38.7057,UNKNOWN,True,4348
jnh14.cnf,E_lkk_selector,1,2.86632,0.311332,0.342021,0.139958,0,0,14.3543,1.38352,1.38352,28.2346,UNKNOWN,True,4160
jnh14.cnf,C_lkk_cadical,1,2.92473,0.300841,0.327734,0.131179,0,0,0.545456,0,0,4.85908,UNKNOWN,True,5412
jnh15.cnf,E_lkk_selector,1,11.6244,0.292239,0.316766,0.112846,0,0,12.7042,1.59307,1.59307,34.7756,UNKNOWN,True,4268
jnh15.cnf,C_lkk_cadical,1,2.51327,0.329061,0.358299,0.125244,0,0,0.670809,0,0,4.54738,UNKNOWN,True,5312
jnh15.cnf,D_lkk_kissat,1,2.24185,0.294105,0.320069,0.113881,0,0,14.4586,1.6306,1.6306,26.7456,UNKNOWN,True,4344
jnh16.cnf,C_lkk_cadical,1,2.80114,0.356119,0.412459,0.156645,0,0,4.88582,0,0,9.26116,UNKNOWN,True,5328
jnh16.cnf,D_lkk_kissat,1,3.30018,0.372161,0.378646,0.190563,0,0,23.2441,1.7412,14.9853,37.1128,UNKNOWN,True,4256
jnh16.cnf,E_lkk_selector,1,2.88632,0.351548,0.373805,0.182506,0,0,22.8835,1.58751,14.471,35.7925,UNKNOWN,True,4208
jnh17.cnf,C_lkk_cadical,1,2.9019,0.344049,0.369566,0.118315,0,0,0.584585,0,0,4.99584,UNKNOWN,True,5260
jnh17.cnf,D_lkk_kissat,1,2.92574,0.305859,0.347877,0.109132,0,0,19.0843,1.64745,1.64745,31.7346,UNKNOWN,True,4232
jnh17.cnf,E_lkk_selector,1,3.39243,0.431906,0.478248,0.147928,0,0,28.2499,2.25582,20.5057,47.2127,UNKNOWN,True,4280
jnh18.cnf,C_lkk_cadical,1,10.6483,0.334121,0.355182,0.127642,0,0,0.915843,0,0,13.2982,UNKNOWN,True,5276
jnh18.cnf,D_lkk_kissat,1,3.19431,0.390055,0.411399,0.143058,0,0,16.1317,1.8295,1.8295,33.2335,UNKNOWN,True,4324
jnh18.cnf,E_lkk_selector,1,3.26299,0.370384,0.420155,0.138869,0,0,1.16774,0,0,6.05355,UNKNOWN,True,5108
jnh19.cnf,D_lkk_kissat,1,13.7572,0.327632,0.354373,0.152507,0,0,15.009,1.62528,1.62528,40.8393,UNKNOWN,True,4348
jnh19.cnf,E_lkk_selector,1,2.96062,0.318706,0.348041,0.149333,0,0,15.1278,1.42942,1.42942,28.5145,UNKNOWN,True,4228
jnh19.cnf,C_lkk_cadical,1,2.64902,0.301604,0.331702,0.143188,0,0,0.54288,0,0,4.67339,UNKNOWN,True,5380
jnh2.cnf,E_lkk_selector,1,10.3316,0.306256,0.334233,0.122323,0,0,14.614,1.77265,1.77265,34.3132,UNKNOWN,True,4268
jnh2.cnf,C_lkk_cadical,1,3.08618,0.31936,0.356107,0.129212,0,0,0.510422,0,0,4.99366,UNKNOWN,True,5120
jnh2.cnf,D_lkk_kissat,1,3.00811,0.343209,0.371395,0.136421,0,0,15.0587,1.77895,1.77895,30.4806,UNKNOWN,True,4224
jnh20.cnf,C_lkk_cadical,1,3.27542,0.320717,0.365221,0.140354,0,0,0.728839,0,0,5.64483,UNKNOWN,True,5352
jnh20.cnf,D_lkk_kissat,1,3.91504,0.396661,0.460892,0.166572,0,0,21.8547,2.02252,2.02252,39.6477,UNKNOWN,True,4376
jnh20.cnf,E_lkk_selector,1,2.84017,0.347896,0.377795,0.183396,0,0,13.9972,1.76378,1.76378,28.3673,UNKNOWN,True,4288
jnh201.cnf,C_lkk_cadical,1,2.60464,0.304044,0.327499,0.221585,0,0,0.478265,0,0,4.65821,UNKNOWN,True,5300
jnh201.cnf,D_lkk_kissat,1,2.75153,0.293364,0.324251,0.206243,0,0,40.6182,1.65362,12.2718,54.4523,UNKNOWN,True,4260
jnh201.cnf,E_lkk_selector,1,2.28176,0.433528,0.419002,0.213273,0,0,0.476685,0,0,4.43868,UNKNOWN,True,5352
jnh202.cnf,C_lkk_cadical,1,11.4791,0.353371,0.386314,0.140897,0,0,0.587335,0,0,13.5526,UNKNOWN,True,5252
jnh202.cnf,D_lkk_kissat,1,2.60121,0.290057,0.3131,0.126067,0,0,13.6188,1.45768,1.45768,27.4591,UNKNOWN,True,4316
jnh202.cnf,E_lkk_selector,1,2.9093,0.307197,0.338321,0.136507,0,0,13.8409,1.77652,1.77652,29.8397,UNKNOWN,True,4212
jnh204.cnf,D_lkk_kissat,1,13.3603,0.338343,0.376165,0.171161,0,0,30.5617,2.14054,12.7022,54.8952,UNKNOWN,True,4340
jnh204.cnf,E_lkk_selector,1,3.87808,0.384595,0.419911,0.16997,0,0,35.4728,2.29533,17.7681,53.4796,UNKNOWN,True,4172
jnh204.cnf,C_lkk_cadical,1,3.54885,0.339481,0.378862,0.164949,0,0,1.13295,0,0,6.51621,UNKNOWN,True,5120
jnh205.cnf,E_lkk_selector,1,12.4334,0.335055,0.365432,0.132428,0,0,19.0932,1.66229,10.7555,42.7199,UNKNOWN,True,4184
jnh205.cnf,C_lkk_cadical,1,2.37623,0.279906,0.313114,0.109293,0,0,0.663762,0,0,4.32536,UNKNOWN,True,5356
jnh205.cnf,D_lkk_kissat,1,2.98004,0.306779,0.325152,0.119516,0,0,20.2313,1.68616,11.9174,34.5342,UNKNOWN,True,4152
jnh206.cnf,C_lkk_cadical,1,3.39118,0.305746,0.335928,0.12888,0,0,1.20091,0,0,5.97969,UNKNOWN,True,5296
jnh206.cnf,D_lkk_kissat,1,2.66805,0.315432,0.353435,0.1266,0,0,18.9385,1.65607,1.65607,31.9059,UNKNOWN,True,4216
jnh206.cnf,E_lkk_selector,1,2.70583,0.288376,0.32617,0.120019,0,0,15.5821,1.54639,1.54639,29.5938,UNKNOWN,True,4340
jnh207.cnf,C_lkk_cadical,1,2.49377,0.279995,0.309659,0.129434,0,0,0.305492,0,0,4.25292,UNKNOWN,True,5040
jnh207.cnf,D_lkk_kissat,1,2.66575,0.271108,0.303833,0.122563,0,0,11.725,1.53137,1.53137,25.8216,UNKNOWN,True,4152
jnh207.cnf,E_lkk_selector,1,3.55955,0.397085,0.445367,0.17482,0,0,14.939,2.26249,2.26249,29.9286,UNKNOWN,True,4088
jnh208.cnf,C_lkk_cadical,1,10.4017,0.279615,0.325973,0.11075,0,0,0.790408,0,0,12.7653,UNKNOWN,True,5208
jnh208.cnf,D_lkk_kissat,1,3.22177,0.369891,0.428697,0.161966,0,0,21.683,1.97397,13.657,39.216,UNKNOWN,True,4268
jnh208.cnf,E_lkk_selector,1,2.70486,0.276373,0.306823,0.108744,0,0,17.4899,1.59298,1.59298,33.4443,UNKNOWN,True,4220
jnh209.cnf,D_lkk_kissat,1,9.33791,0.280194,0.306652,0.116234,0,0,12.6355,1.48657,1.48657,31.364,UNKNOWN,True,4084
jnh209.cnf,E_lkk_selector,1,3.29226,0.369031,0.423502,0.144148,0,0,16.5735,2.12656,2.12656,33.4664,UNKNOWN,True,4336
jnh209.cnf,C_lkk_cadical,1,3.10868,0.398548,0.430302,0.152447,0,0,0.39757,0,0,5.3379,UNKNOWN,True,5060
jnh210.cnf,E_lkk_selector,1,13.2602,0.288944,0.31805,0.120085,0,0,22.1454,1.67373,13.8191,52.0588,UNKNOWN,True,4360
jnh210.cnf,C_lkk_cadical,1,3.21822,0.361276,0.45509,0.165402,0,0,0.914883,0,0,5.97811,UNKNOWN,True,5312
jnh210.cnf,D_lkk_kissat,1,3.97555,0.374223,0.39474,0.139787,0,0,23.8933,1.83144,15.7247,41.4687,UNKNOWN,True,4336
jnh211.cnf,C_lkk_cadical,1,3.34807,0.362432,0.414781,0.129017,0,0,0.751351,0,0,5.81262,UNKNOWN,True,5504
jnh211.cnf,D_lkk_kissat,1,3.62461,0.411912,0.398008,0.148531,0,0,19.0812,2.04557,2.04557,34.5421,UNKNOWN,True,4300
jnh211.cnf,E_lkk_selector,1,3.22116,0.369358,0.426306,0.129447,0,0,19.6597,2.47456,2.47456,34.7818,UNKNOWN,True,4336
jnh213.cnf,C_lkk_cadical,1,2.52605,0.286847,0.327149,0.106106,0,0,0.489894,0,0,4.31288,UNKNOWN,True,5144
jnh213.cnf,D_lkk_kissat,1,2.82578,0.359639,0.371238,0.128088,0,0,21.6031,1.86112,1.86112,39.2238,UNKNOWN,True,4308
jnh213.cnf,E_lkk_selector,1,2.91335,0.36218,0.409577,0.187131,0,0,20.9423,1.89764,1.89764,36.3141,UNKNOWN,True,4332
jnh215.cnf,C_lkk_cadical,1,14.8546,0.367299,0.408247,0.18073,0,0,0.712087,0,0,17.5295,UNKNOWN,True,5340
jnh215.cnf,D_lkk_kissat,1,3.22934,0.350705,0.410468,0.16016,0,0,18.6798,2.16465,2.16465,39.0836,UNKNOWN,True,4256
jnh215.cnf,E_lkk_selector,1,2.89356,0.324242,0.366567,0.152043,0,0,14.0668,1.73841,1.73841,27.0637,UNKNOWN,True,4320
jnh216.cnf,D_lkk_kissat,1,10.4789,0.288682,0.318123,0.111395,0,0,14.8404,1.95585,1.95585,36.5422,UNKNOWN,True,4368
jnh216.cnf,E_lkk_selector,1,3.62264,0.38181,0.415666,0.135586,0,0,22.6929,2.72647,2.72647,40.5267,UNKNOWN,True,4152
jnh216.cnf,C_lkk_cadical,1,2.64045,0.297171,0.332731,0.112872,0,0,0.681075,0,0,4.68644,UNKNOWN,True,5124
jnh218.cnf,E_lkk_selector,1,11.7943,0.319371,0.350815,0.135907,0,0,23.7785,1.84579,15.6243,49.3045,UNKNOWN,True,4312
jnh218.cnf,C_lkk_cadical,1,2.72884,0.305988,0.339987,0.127797,0,0,0.645922,0,0,4.77861,UNKNOWN,True,5348
jnh218.cnf,D_lkk_kissat,1,3.45531,0.441157,0.4765,0.1582,0,0,26.2882,1.80373,18.092,41.5673,UNKNOWN,True,4256
jnh219.cnf,C_lkk_cadical,1,3.48506,0.356374,0.433247,0.172172,0,0,0.770235,0,0,5.87571,UNKNOWN,True,5444
jnh219.cnf,D_lkk_kissat,1,3.90752,0.376005,0.409504,0.161966,0,0,18.9423,2.09502,2.09502,37.504,UNKNOWN,True,4208
jnh219.cnf,E_lkk_selector,1,2.5121,0.299165,0.318662,0.121471,0,0,14.476,1.73279,1.73279,28.5076,UNKNOWN,True,4312
jnh220.cnf,C_lkk_cadical,1,2.87069,0.321858,0.382825,0.154034,0,0,2.6908,0,0,7.11061,UNKNOWN,True,5180
jnh220.cnf,D_lkk_kissat,1,2.98391,0.389405,0.374092,0.158088,0,0,51.8371,1.76942,13.6065,67.8432,UNKNOWN,True,4324
jnh220.cnf,E_lkk_selector,1,3.86398,0.397984,0.432259,0.196376,0,0,123.043,8.86442,91.9073,146.623,UNKNOWN,True,4148
jnh3.cnf,C_lkk_cadical,1,15.2105,0.413731,0.459065,0.164724,0,0,0.91345,0,0,18.3353,UNKNOWN,True,5428
jnh3.cnf,D_lkk_kissat,1,3.32176,0.397055,0.434082,0.168824,0,0,22.1514,2.07561,14.2271,39.4679,UNKNOWN,True,4108
jnh3.cnf,E_lkk_selector,1,3.91124,0.39297,0.413376,0.161607,0,0,21.5287,2.03985,13.5686,39.8015,UNKNOWN,True,4236
jnh302.cnf,D_lkk_kissat,1,17.698,0.427267,0.473297,0.191328,0,0,17.4171,2.39432,2.39432,49.6904,UNKNOWN,True,4276
jnh302.cnf,E_lkk_selector,1,3.47588,0.350329,0.368813,0.146017,0,0,13.9798,1.61924,1.61924,29.2512,UNKNOWN,True,4280
jnh302.cnf,C_lkk_cadical,1,3.03294,0.407967,0.459434,0.166828,0,0,0.586906,0,0,5.46455,UNKNOWN,True,5192
jnh303.cnf,E_lkk_selector,1,13.0484,0.408919,0.431275,0.183793,0,0,15.5861,2.07308,2.07308,42.6529,UNKNOWN,True,4348
jnh303.cnf,C_lkk_cadical,1,3.40918,0.377118,0.4147,0.179736,0,0,0.879379,0,0,6.419,UNKNOWN,True,5296
jnh303.cnf,D_lkk_kissat,1,4.1624,0.477858,0.521417,0.221178,0,0,22.9971,2.57475,2.57475,42.4431,UNKNOWN,True,4184
jnh304.cnf,C_lkk_cadical,1,3.10345,0.395474,0.455371,0.185015,0,0,0.589692,0,0,5.57595,UNKNOWN,True,5476
jnh304.cnf,D_lkk_kissat,1,3.47698,0.370584,0.39975,0.172926,0,0,18.1512,2.05133,2.05133,35.7888,UNKNOWN,True,4220
jnh304.cnf,E_lkk_selector,1,2.98244,0.351784,0.398388,0.173624,0,0,17.0159,1.94812,1.94812,31.8713,UNKNOWN,True,4240
jnh305.cnf,C_lkk_cadical,1,2.94009,0.389664,0.401185,0.130295,0,0,0.678224,0,0,5.21951,UNKNOWN,True,5344
jnh305.cnf,D_lkk_kissat,1,2.80181,0.374833,0.390057,0.126759,0,0,14.3617,1.67533,1.67533,29.4049,UNKNOWN,True,4328
jnh305.cnf,E_lkk_selector,1,3.48169,0.4266,0.467995,0.148152,0,0,17.8933,2.13289,2.13289,37.2284,UNKNOWN,True,4292
jnh306.cnf,C_lkk_cadical,1,11.0313,0.326498,0.351979,0.172946,0,0,1.80903,0,0,14.3867,UNKNOWN,True,5424
jnh306.cnf,D_lkk_kissat,1,3.80273,0.381176,0.418602,0.20806,0,0,24.2173,2.09712,16.3144,39.9771,UNKNOWN,True,4180
jnh306.cnf,E_lkk_selector,1,3.58646,0.4869,0.460823,0.231305,0,0,27.1937,2.14753,19.3412,45.1887,UNKNOWN,True,4340
jnh308.cnf,D_lkk_kissat,1,19.6929,0.490891,0.528875,0.22873,0,0,24.1856,2.85153,2.85153,59.4186,UNKNOWN,True,4212
jnh308.cnf,E_lkk_selector,1,3.81049,0.399838,0.415996,0.143266,0,0,17.3908,2.25323,2.25323,36.5629,UNKNOWN,True,4368
jnh308.cnf,C_lkk_cadical,1,4.53845,0.405198,0.467587,0.161505,0,0,0.956954,0,0,7.71054,UNKNOWN,True,5328
jnh309.cnf,E_lkk_selector,1,14.3707,0.422336,0.455713,0.175566,0,0,17.0077,2.00743,2.00743,44.0614,UNKNOWN,True,4176
jnh309.cnf,C_lkk_cadical,1,2.56572,0.332648,0.387703,0.141665,0,0,0.49703,0,0,5.09393,UNKNOWN,True,5288
jnh309.cnf,D_lkk_kissat,1,3.05957,0.403259,0.438593,0.166943,0,0,18.928,2.06763,2.06763,35.1091,UNKNOWN,True,4340
jnh4.cnf,C_lkk_cadical,1,3.27249,0.379122,0.43596,0.193032,0,0,0.759226,0,0,6.22474,UNKNOWN,True,5300
jnh4.cnf,D_lkk_kissat,1,3.79544,0.372003,0.407629,0.194948,0,0,17.6202,1.73696,1.73696,34.1445,UNKNOWN,True,4360
jnh4.cnf,E_lkk_selector,1,3.64246,0.32274,0.346303,0.154745,0,0,21.4651,1.82505,1.82505,37.2357,UNKNOWN,True,4236
jnh5.cnf,C_lkk_cadical,1,2.57498,0.33976,0.38769,0.154893,0,0,0.682612,0,0,4.8284,UNKNOWN,True,5104
jnh5.cnf,D_lkk_kissat,1,4.64549,0.431553,0.457468,0.16655,0,0,20.8892,2.13795,2.13795,36.6733,UNKNOWN,True,4320
jnh5.cnf,E_lkk_selector,1,2.47314,0.316847,0.372212,0.138825,0,0,23.8533,1.68103,15.5344,43.1372,UNKNOWN,True,4384
jnh7.cnf,C_lkk_cadical,1,11.6689,0.323273,0.346249,0.132534,0,0,0.709242,0,0,13.7775,UNKNOWN,True,5372
jnh7.cnf,D_lkk_kissat,1,2.40716,0.304596,0.335304,0.127549,0,0,17.4487,1.79976,1.79976,30.5374,UNKNOWN,True,4328
jnh7.cnf,E_lkk_selector,1,3.43848,0.389099,0.399817,0.150292,0,0,18.7857,1.52272,1.52272,32.771,UNKNOWN,True,4328
jnh8.cnf,D_lkk_kissat,1,12.5641,0.360943,0.349778,0.122867,0,0,18.5935,1.72488,1.72488,43.1868,UNKNOWN,True,4224
jnh8.cnf,E_lkk_selector,1,2.72005,0.32035,0.342517,0.119358,0,0,14.1808,1.52999,1.52999,28.7118,UNKNOWN,True,4160
jnh8.cnf,C_lkk_cadical,1,3.09967,0.348083,0.392104,0.140557,0,0,0.63826,0,0,5.64604,UNKNOWN,True,5452
jnh9.cnf,E_lkk_selector,1,11.904,0.400867,0.358079,0.150638,0,0,15.129,1.93175,1.93175,38.9621,UNKNOWN,True,4236
jnh9.cnf,C_lkk_cadical,1,2.45682,0.30812,0.332558,0.142418,0,0,0.556994,0,0,4.66667,UNKNOWN,True,5264
jnh9.cnf,D_lkk_kissat,1,2.49412,0.307965,0.339563,0.144199,0,0,15.5525,1.66928,1.66928,28.7441,UNKNOWN,True,4272
f1000.cnf,C_lkk_cadical,1,4.07884,0.894607,1.56663,1.22302,0,0,16914.4,0,0,16925.3,UNKNOWN,True,25096
f1000.cnf,D_lkk_kissat,1,3.82071,0.872997,1.57905,1.17409,0,0,23311.4,2.35026,313.772,23338,UNKNOWN,True,16992
f1000.cnf,E_lkk_selector,1,4.47512,0.859328,1.67165,1.15737,0,0,22470.3,2.67371,473.015,22493.6,UNKNOWN,True,17636
f2000.cnf,C_lkk_cadical,1,,,,,,,,,,60008.691735,,,1652
f2000.cnf,D_lkk_kissat,1,,,,,,,,,,60046.056194,,,1652
f2000.cnf,E_lkk_selector,1,,,,,,,,,,60044.70358,,,1704
f600.cnf,C_lkk_cadical,1,14.0759,0.629997,1.0563,0.60492,0,0,820.375,0,0,839.468,UNKNOWN,True,9596
f600.cnf,D_lkk_kissat,1,3.7058,0.532054,0.917654,0.557895,0,0,20050.7,2.15952,52.8689,20070.3,UNKNOWN,True,11352
f600.cnf,E_lkk_selector,1,3.78818,0.654219,1.03693,0.614567,0,0,20810.4,2.63938,-186.933,20830.1,UNKNOWN,True,11136
uf250-01.cnf,D_lkk_kissat,1,11.1313,0.218612,0.366876,0.254956,0,0,77.4025,2.00921,19.4117,101.666,UNKNOWN,True,4236
uf250-01.cnf,E_lkk_selector,1,2.64938,0.211369,0.395223,0.249884,0,0,75.091,1.59701,16.688,90.3028,UNKNOWN,True,4356
uf250-01.cnf,C_lkk_cadical,1,2.66934,0.220918,0.395006,0.244705,0,0,85.534,0,0,91.5116,UNKNOWN,True,6324
uf250-010.cnf,E_lkk_selector,1,14.2071,0.280269,0.443437,0.24184,0,0,76.9117,1.87839,18.7901,102.129,UNKNOWN,True,4396
uf250-010.cnf,C_lkk_cadical,1,2.53568,0.218463,0.379675,0.208482,0,0,346.266,0,0,351.54,UNKNOWN,True,7264
uf250-010.cnf,D_lkk_kissat,1,2.59454,0.220923,0.395097,0.203067,0,0,75.6246,1.46108,17.0857,89.5653,UNKNOWN,True,4268
uf250-0100.cnf,C_lkk_cadical,1,2.27358,0.205579,0.370376,0.194275,0,0,521.109,0,0,530.18,UNKNOWN,True,7320
uf250-0100.cnf,D_lkk_kissat,1,2.46954,0.208216,0.37715,0.195211,0,0,574.452,1.75077,-423.798,589.932,UNKNOWN,True,4884
uf250-0100.cnf,E_lkk_selector,1,2.57915,0.2058,0.358822,0.191737,0,0,589.773,1.61418,-408.613,603.879,UNKNOWN,True,4880
uf250-013.cnf,C_lkk_cadical,1,2.69894,0.21411,0.380448,0.175205,0,0,538.302,0,0,543.51,UNKNOWN,True,7620
uf250-013.cnf,D_lkk_kissat,1,2.365,0.21022,0.371006,0.17467,0,0,824.962,1.50746,-173.531,837.849,UNKNOWN,True,4516
uf250-013.cnf,E_lkk_selector,1,2.52577,0.21228,0.378032,0.172899,0,0,856.583,1.47399,-141.943,872.243,UNKNOWN,True,4516
uf250-015.cnf,C_lkk_cadical,1,11.4908,0.258296,0.446813,0.235294,0,0,145.848,0,0,166.414,UNKNOWN,True,6564
uf250-015.cnf,D_lkk_kissat,1,2.86601,0.261027,0.440093,0.212437,0,0,82.6971,1.67715,24.3742,97.9632,UNKNOWN,True,4244
uf250-015.cnf,E_lkk_selector,1,3.30737,0.285096,0.502495,0.243828,0,0,86.4868,2.02256,18.5093,105.173,UNKNOWN,True,4428
uf250-017.cnf,D_lkk_kissat,1,12.8393,0.288204,0.500503,0.261373,0,0,90.711,2.66697,23.378,117.461,UNKNOWN,True,4388
uf250-017.cnf,E_lkk_selector,1,4.01825,0.29563,0.475166,0.252709,0,0,82.0584,1.83878,23.8971,100.829,UNKNOWN,True,4216
uf250-017.cnf,C_lkk_cadical,1,2.25795,0.238664,0.402066,0.201771,0,0,430.408,0,0,436.241,UNKNOWN,True,7160
uf250-018.cnf,E_lkk_selector,1,11.152,0.258122,0.47492,0.310647,0,0,97.6764,1.71688,29.3933,122.483,UNKNOWN,True,4340
uf250-018.cnf,C_lkk_cadical,1,3.86789,0.293261,0.509695,0.271261,0,0,592.721,0,0,599.444,UNKNOWN,True,7704
uf250-018.cnf,D_lkk_kissat,1,2.49138,0.221624,0.383087,0.22157,0,0,79.6504,1.41242,21.0628,94.12,UNKNOWN,True,4428
uf250-019.cnf,C_lkk_cadical,1,4.35184,0.374876,0.637142,0.332416,0,0,292.805,0,0,300.45,UNKNOWN,True,6532
uf250-019.cnf,D_lkk_kissat,1,3.82761,0.330195,0.491378,0.257413,0,0,97.9161,2.71157,20.6277,118.111,UNKNOWN,True,4420
uf250-019.cnf,E_lkk_selector,1,2.97912,0.292101,0.538036,0.249216,0,0,101.071,1.99576,23.0664,118.18,UNKNOWN,True,4356
uf250-02.cnf,C_lkk_cadical,1,3.064,0.29934,0.47611,0.255098,0,0,605.628,0,0,611.211,UNKNOWN,True,7276
uf250-02.cnf,D_lkk_kissat,1,3.16511,0.267456,0.461898,0.2421,0,0,77.7798,2.04424,19.824,92.6923,UNKNOWN,True,4336
uf250-02.cnf,E_lkk_selector,1,2.61593,0.25735,0.428201,0.222585,0,0,79.6265,1.80295,21.4294,93.8735,UNKNOWN,True,4484
uf250-021.cnf,C_lkk_cadical,1,12.612,0.240149,0.401747,0.17882,0,0,60.511,0,0,75.9079,UNKNOWN,True,6096
uf250-021.cnf,D_lkk_kissat,1,3.72435,0.349627,0.563884,0.247998,0,0,92.4112,2.35805,24.7692,111.779,UNKNOWN,True,4364
uf250-021.cnf,E_lkk_selector,1,4.93633,0.350963,0.575553,0.274938,0,0,95.0809,2.71526,27.7962,114.004,UNKNOWN,True,4420
uf250-022.cnf,D_lkk_kissat,1,11.7998,0.262522,0.448877,0.401243,0,0,1163.25,1.87457,165.122,1188.63,UNKNOWN,True,5008
uf250-022.cnf,E_lkk_selector,1,2.4446,0.245802,0.366421,0.266129,0,0,1130.43,1.67434,132.104,1146.93,UNKNOWN,True,5012
uf250-022.cnf,C_lkk_cadical,1,2.46426,0.290493,0.541595,0.347314,0,0,1350.07,0,0,1355.51,UNKNOWN,True,8796
uf250-023.cnf,E_lkk_selector,1,10.1331,0.213943,0.439946,0.285959,0,0,604.219,2.02961,-393.752,628.451,UNKNOWN,True,4472
uf250-023.cnf,C_lkk_cadical,1,2.28784,0.217503,0.364171,0.276486,0,0,450.111,0,0,454.972,UNKNOWN,True,7768
uf250-023.cnf,D_lkk_kissat,1,2.26165,0.214996,0.371303,0.272407,0,0,593.147,1.51765,-405.336,608.698,UNKNOWN,True,4476
uf250-024.cnf,C_lkk_cadical,1,2.61371,0.212989,0.372215,0.177557,0,0,515.878,0,0,520.908,UNKNOWN,True,7504
uf250-024.cnf,D_lkk_kissat,1,2.2121,0.209587,0.363057,0.171744,0,0,86.4472,1.80869,18.2559,102.218,UNKNOWN,True,4356
uf250-024.cnf,E_lkk_selector,1,3.81173,0.261914,0.458653,0.218905,0,0,128.857,2.16308,21.02,147.311,UNKNOWN,True,4240
uf250-025.cnf,C_lkk_cadical,1,2.56489,0.225478,0.424753,0.292663,0,0,112.542,0,0,117.701,UNKNOWN,True,6168
uf250-025.cnf,D_lkk_kissat,1,2.69416,0.228572,0.372075,0.342011,0,0,541.189,17.5791,78.768,573.68,UNKNOWN,True,4416
uf250-025.cnf,E_lkk_selector,1,2.38964,0.222806,0.370368,0.264784,0,0,499.442,1.4683,30.9098,515.529,UNKNOWN,True,4428
uf250-026.cnf,C_lkk_cadical,1,11.2579,0.227158,0.396972,0.262314,0,0,2767.48,0,0,2781.8,UNKNOWN,True,8816
uf250-026.cnf,D_lkk_kissat,1,2.87409,0.240336,0.372371,0.269475,0,0,1095.29,1.72008,97.0141,1110.59,UNKNOWN,True,4960
uf250-026.cnf,E_lkk_selector,1,2.36243,0.217621,0.397041,0.258184,0,0,1038.39,1.60972,39.9961,1052.43,UNKNOWN,True,4956
uf250-027.cnf,D_lkk_kissat,1,12.493,0.282341,0.488687,0.357277,0,0,354.895,2.10433,26.9994,379.544,UNKNOWN,True,4344
uf250-027.cnf,E_lkk_selector,1,2.64363,0.21328,0.41076,0.276712,0,0,335.999,1.45019,27.4488,350.629,UNKNOWN,True,4244
uf250-027.cnf,C_lkk_cadical,1,3.62958,0.348859,0.538604,0.397353,0,0,630.146,0,0,637.839,UNKNOWN,True,7776
uf250-03.cnf,E_lkk_selector,1,12.2991,0.275332,0.427189,0.241471,0,0,94.2233,1.93474,16.1581,121.404,UNKNOWN,True,4460
uf250-03.cnf,C_lkk_cadical,1,2.25383,0.20977,0.370192,0.211145,0,0,601.558,0,0,606.07,UNKNOWN,True,7284
uf250-03.cnf,D_lkk_kissat,1,2.72865,0.287791,0.472487,0.23821,0,0,100.216,1.7622,21.9784,115.045,UNKNOWN,True,4364
uf250-031.cnf,C_lkk_cadical,1,3.76098,0.260232,0.456966,0.324843,0,0,645.565,0,0,651.994,UNKNOWN,True,7716
uf250-031.cnf,D_lkk_kissat,1,2.57076,0.223256,0.382941,0.268754,0,0,610.996,1.43392,-387.57,625.395,UNKNOWN,True,4452
uf250-031.cnf,E_lkk_selector,1,2.40682,0.216114,0.374282,0.268569,0,0,671.279,1.52729,-327.194,687.705,UNKNOWN,True,4448
uf250-032.cnf,C_lkk_cadical,1,2.1433,0.204482,0.362185,0.180882,0,0,582.769,0,0,587.464,UNKNOWN,True,7376
uf250-032.cnf,D_lkk_kissat,1,2.94425,0.23307,0.413922,0.21425,0,0,69.8999,1.96305,21.8629,85.909,UNKNOWN,True,4428
uf250-032.cnf,E_lkk_selector,1,2.73793,0.262658,0.464249,0.231015,0,0,83.1051,2.12003,25.2251,98.5242,UNKNOWN,True,4244
uf250-034.cnf,C_lkk_cadical,1,9.18621,0.206209,0.364063,0.25308,0,0,57.0147,0,0,69.1403,UNKNOWN,True,6392
uf250-034.cnf,D_lkk_kissat,1,2.44451,0.213042,0.384104,0.21608,0,0,74.6051,1.44321,16.0483,88.1748,UNKNOWN,True,4352
uf250-034.cnf,E_lkk_selector,1,2.60322,0.237983,0.379563,0.216758,0,0,78.9958,1.55104,20.5468,92.6465,UNKNOWN,True,4244
uf250-035.cnf,D_lkk_kissat,1,10.4493,0.230681,0.407735,0.181474,0,0,182.629,1.85651,24.4859,204.944,UNKNOWN,True,4244
uf250-035.cnf,E_lkk_selector,1,2.35095,0.216482,0.386978,0.18116,0,0,184.025,1.48952,25.5145,197.052,UNKNOWN,True,4392
uf250-035.cnf,C_lkk_cadical,1,2.34636,0.206363,0.365181,0.181698,0,0,246.42,0,0,251.753,UNKNOWN,True,6768
uf250-036.cnf,E_lkk_selector,1,11.5959,0.201572,0.357257,0.273704,0,0,74.6583,1.7366,16.3949,100.79,UNKNOWN,True,4312
uf250-036.cnf,C_lkk_cadical,1,2.42628,0.217653,0.387201,0.304755,0,0,667.435,0,0,672.457,UNKNOWN,True,7312
uf250-036.cnf,D_lkk_kissat,1,2.91279,0.237218,0.419482,0.325514,0,0,91.5537,1.9696,23.5233,108.271,UNKNOWN,True,4444
uf250-037.cnf,C_lkk_cadical,1,3.23992,0.324331,0.47446,0.278282,0,0,118.939,0,0,125.068,UNKNOWN,True,6280
uf250-037.cnf,D_lkk_kissat,1,2.58895,0.243852,0.414098,0.240608,0,0,86.9048,1.87434,18.7792,100.987,UNKNOWN,True,4260
uf250-037.cnf,E_lkk_selector,1,3.04563,0.268693,0.462694,0.253282,0,0,83.4269,1.80625,15.2331,100.34,UNKNOWN,True,4180
uf250-038.cnf,C_lkk_cadical,1,2.67139,0.214101,0.371473,0.191681,0,0,1979.69,0,0,1984.99,UNKNOWN,True,8428
uf250-038.cnf,D_lkk_kissat,1,2.59036,0.208709,0.354343,0.185875,0,0,86.8334,1.82845,28.6618,100.211,UNKNOWN,True,4360
uf250-038.cnf,E_lkk_selector,1,3.42074,0.320128,0.588425,0.211911,0,0,74.7758,1.67873,16.4545,91.1052,UNKNOWN,True,4448
uf250-039.cnf,C_lkk_cadical,1,12.7963,0.225761,0.394469,0.188984,0,0,521.662,0,0,537.167,UNKNOWN,True,7552
uf250-039.cnf,D_lkk_kissat,1,2.99507,0.28963,0.416277,0.196854,0,0,88.1642,1.69346,19.8577,103.469,UNKNOWN,True,4424
uf250-039.cnf,E_lkk_selector,1,2.69608,0.212192,0.385802,0.17693,0,0,83.9138,1.39793,15.3117,101.795,UNKNOWN,True,4280
uf250-04.cnf,D_lkk_kissat,1,10.8138,0.302532,0.445305,0.232649,0,0,70.1882,1.68855,21.8767,91.1931,UNKNOWN,True,4392
uf250-04.cnf,E_lkk_selector,1,2.42968,0.275225,0.363727,0.213082,0,0,77.8652,1.56532,19.4305,91.5557,UNKNOWN,True,4340
uf250-04.cnf,C_lkk_cadical,1,2.6133,0.208416,0.363295,0.213816,0,0,68.9179,0,0,74.435,UNKNOWN,True,6380
uf250-040.cnf,E_lkk_selector,1,11.0563,0.220172,0.370602,0.178422,0,0,366.862,1.71468,28.5762,393.384,UNKNOWN,True,4356
uf250-040.cnf,C_lkk_cadical,1,3.91245,0.289417,0.506378,0.232959,0,0,221.197,0,0,228.489,UNKNOWN,True,6676
uf250-040.cnf,D_lkk_kissat,1,2.5895,0.21819,0.470526,0.17762,0,0,335.755,1.51024,27.2652,351.01,UNKNOWN,True,4308
uf250-041.cnf,C_lkk_cadical,1,3.12163,0.232463,0.410675,0.203727,0,0,608.681,0,0,614.945,UNKNOWN,True,7740
uf250-041.cnf,D_lkk_kissat,1,3.64173,0.38917,0.690692,0.337296,0,0,648.501,1.92056,-349.579,666.899,UNKNOWN,True,4432
uf250-041.cnf,E_lkk_selector,1,3.14006,0.24852,0.439307,0.218796,0,0,682.43,1.92631,-315.643,700.444,UNKNOWN,True,4412
uf250-042.cnf,C_lkk_cadical,1,2.46376,0.220553,0.376693,0.267841,0,0,515.215,0,0,520.285,UNKNOWN,True,7360
uf250-042.cnf,D_lkk_kissat,1,2.4106,0.233897,0.387418,0.238609,0,0,74.276,1.5006,15.7766,88.9994,UNKNOWN,True,4496
uf250-042.cnf,E_lkk_selector,1,3.29799,0.261703,0.439416,0.264525,0,0,82.9878,2.14072,25.1285,101.474,UNKNOWN,True,4424
uf250-043.cnf,C_lkk_cadical,1,10.0814,0.236211,0.408721,0.261563,0,0,585.611,0,0,598.458,UNKNOWN,True,7428
uf250-043.cnf,D_lkk_kissat,1,2.96715,0.26858,0.448286,0.288403,0,0,2402.79,2.09166,404.884,2420.41,UNKNOWN,True,6592
uf250-043.cnf,E_lkk_selector,1,2.58201,0.20922,0.371718,0.240101,0,0,2361.14,1.43946,362.575,2377.28,UNKNOWN,True,6592
uf250-044.cnf,D_lkk_kissat,1,12.3836,0.222325,0.378143,0.154749,0,0,73.3958,1.59318,14.989,98.2088,UNKNOWN,True,4296
uf250-044.cnf,E_lkk_selector,1,2.63129,0.210765,0.362724,0.1521,0,0,77.7732,1.71656,19.4897,92.4689,UNKNOWN,True,4364
uf250-044.cnf,C_lkk_cadical,1,2.48835,0.25735,0.3775,0.15123,0,0,84.5198,0,0,89.2608,UNKNOWN,True,6308
uf250-047.cnf,E_lkk_selector,1,10.9622,0.205116,0.364135,0.18058,0,0,69.5892,1.6578,21.247,93.0273,UNKNOWN,True,4456
uf250-047.cnf,C_lkk_cadical,1,2.64937,0.227305,0.382074,0.184536,0,0,381.19,0,0,387.469,UNKNOWN,True,7080
uf250-047.cnf,D_lkk_kissat,1,2.43317,0.226419,0.405872,0.196688,0,0,69.7789,1.60674,21.3857,84.497,UNKNOWN,True,4468
uf250-049.cnf,C_lkk_cadical,1,2.71426,0.205019,0.421022,0.177858,0,0,191.769,0,0,225.669,UNKNOWN,True,6536
uf250-049.cnf,D_lkk_kissat,1,3.21205,0.243819,0.436412,0.222347,0,0,181.361,2.0545,153.415,199.966,UNKNOWN,True,4244
uf250-049.cnf,E_lkk_selector,1,2.43329,0.210325,0.361416,0.176168,0,0,226.681,1.4445,198.125,239.58,UNKNOWN,True,4292
uf250-05.cnf,C_lkk_cadical,1,2.31662,0.215452,0.374333,0.262583,0,0,507.4,0,0,512.61,UNKNOWN,True,7640
uf250-05.cnf,D_lkk_kissat,1,2.35712,0.240296,0.370952,0.312832,0,0,75.1299,1.65793,16.7878,94.5461,UNKNOWN,True,4432
uf250-05.cnf,E_lkk_selector,1,3.15345,0.242214,0.370902,0.302992,0,0,75.5289,1.62488,17.1538,91.3492,UNKNOWN,True,4352
uf250-050.cnf,C_lkk_cadical,1,10.4098,0.209738,0.376117,0.258729,0,0,192.835,0,0,206.194,UNKNOWN,True,6776
uf250-050.cnf,D_lkk_kissat,1,2.6641,0.243461,0.421128,0.294264,0,0,156.178,1.74073,27.9189,172.124,UNKNOWN,True,4364
uf250-050.cnf,E_lkk_selector,1,2.70304,0.241802,0.427349,0.280396,0,0,141.853,1.71489,23.5681,157.794,UNKNOWN,True,4264
uf250-051.cnf,D_lkk_kissat,1,17.2148,0.235803,0.401397,0.234953,0,0,69.8518,1.63139,21.4831,101.033,UNKNOWN,True,4492
uf250-051.cnf,E_lkk_selector,1,2.4469,0.242423,0.40416,0.233489,0,0,80.7742,1.66101,22.4352,96.925,UNKNOWN,True,4336
uf250-051.cnf,C_lkk_cadical,1,2.49208,0.203463,0.363784,0.199193,0,0,538.833,0,0,543.902,UNKNOWN,True,7728
uf250-052.cnf,E_lkk_selector,1,10.733,0.215555,0.367254,0.198695,0,0,504.818,1.65064,26.4683,528.518,UNKNOWN,True,4232
uf250-052.cnf,C_lkk_cadical,1,2.66783,0.260029,0.411525,0.224069,0,0,399.984,0,0,406.04,UNKNOWN,True,7688
uf250-052.cnf,D_lkk_kissat,1,2.81726,0.248987,0.453836,0.227297,0,0,516.395,1.84323,28.2387,532.239,UNKNOWN,True,4240
uf250-053.cnf,C_lkk_cadical,1,2.80286,0.22425,0.396616,0.205177,0,0,1003.35,0,0,1008.65,UNKNOWN,True,7972
uf250-053.cnf,D_lkk_kissat,1,2.55823,0.227095,0.387632,0.199548,0,0,485.132,1.49519,26.6274,498.745,UNKNOWN,True,4396
uf250-053.cnf,E_lkk_selector,1,2.52672,0.220771,0.407955,0.20369,0,0,496.897,1.50378,28.4003,512.175,UNKNOWN,True,4396
uf250-054.cnf,C_lkk_cadical,1,2.32268,0.212375,0.374965,0.252796,0,0,916.562,0,0,921.631,UNKNOWN,True,7208
uf250-054.cnf,D_lkk_kissat,1,3.24522,0.259198,0.418462,0.278167,0,0,634.257,1.81691,-363.926,653.775,UNKNOWN,True,4408
uf250-054.cnf,E_lkk_selector,1,2.78855,0.215652,0.374125,0.248673,0,0,645.411,1.41016,-353.179,660.027,UNKNOWN,True,4408
uf250-056.cnf,C_lkk_cadical,1,9.31158,0.241216,0.402578,0.211882,0,0,1014.38,0,0,1026.4,UNKNOWN,True,8484
uf250-056.cnf,D_lkk_kissat,1,2.67299,0.210406,0.377487,0.218813,0,0,80.0129,1.70188,21.7147,96.0067,UNKNOWN,True,4340
uf250-056.cnf,E_lkk_selector,1,3.18376,0.243972,0.437582,0.249276,0,0,91.4052,1.75889,23.1641,107.452,UNKNOWN,True,4268
uf250-057.cnf,D_lkk_kissat,1,11.1458,0.220711,0.384916,0.260074,0,0,100.256,1.91193,22.1684,123.627,UNKNOWN,True,4236
uf250-057.cnf,E_lkk_selector,1,2.77436,0.25932,0.457883,0.265646,0,0,89.9611,1.65928,21.6204,106.205,UNKNOWN,True,4456
uf250-057.cnf,C_lkk_cadical,1,2.7324,0.200338,0.358479,0.21008,0,0,550.384,0,0,555.807,UNKNOWN,True,7260
uf250-058.cnf,E_lkk_selector,1,14.614,0.259882,0.455671,0.32326,0,0,236.393,1.96085,18.3538,264.918,UNKNOWN,True,4312
uf250-058.cnf,C_lkk_cadical,1,2.66708,0.2068,0.354618,0.259862,0,0,78.8284,0,0,84.873,UNKNOWN,True,6188
uf250-058.cnf,D_lkk_kissat,1,2.16305,0.222118,0.368078,0.261879,0,0,265.202,1.65877,26.8603,282.725,UNKNOWN,True,4396
uf250-060.cnf,C_lkk_cadical,1,2.42877,0.230868,0.395436,0.206549,0,0,520.658,0,0,525.581,UNKNOWN,True,7796
uf250-060.cnf,D_lkk_kissat,1,2.86882,0.227263,0.39935,0.178306,0,0,302.184,1.4972,23.6809,317.234,UNKNOWN,True,4244
uf250-060.cnf,E_lkk_selector,1,3.01785,0.249002,0.417336,0.189305,0,0,290.605,1.60715,22.2119,306.102,UNKNOWN,True,4420
uf250-061.cnf,C_lkk_cadical,1,2.44228,0.23435,0.386599,0.262094,0,0,549.679,0,0,554.49,UNKNOWN,True,7720
uf250-061.cnf,D_lkk_kissat,1,2.7741,0.256788,0.444579,0.288452,0,0,146.216,1.87312,18.0889,163.629,UNKNOWN,True,4424
uf250-061.cnf,E_lkk_selector,1,2.26866,0.217233,0.387321,0.261625,0,0,129.933,1.49799,21.4312,143.267,UNKNOWN,True,4424
uf250-062.cnf,C_lkk_cadical,1,13.0771,0.213059,0.380052,0.26206,0,0,492.544,0,0,509.096,UNKNOWN,True,7300
uf250-062.cnf,D_lkk_kissat,1,2.6092,0.21103,0.367593,0.269219,0,0,77.1329,1.4836,18.6165,93.1644,UNKNOWN,True,4404
uf250-062.cnf,E_lkk_selector,1,2.88916,0.270066,0.423415,0.292312,0,0,74.4106,1.7187,16.1293,89.568,UNKNOWN,True,4180
uf250-063.cnf,D_lkk_kissat,1,12.8402,0.248663,0.437761,0.287712,0,0,77.0333,1.73298,18.7663,102.316,UNKNOWN,True,4404
uf250-063.cnf,E_lkk_selector,1,2.34704,0.205605,0.382585,0.258692,0,0,69.8248,1.53092,21.3558,84.1139,UNKNOWN,True,4500
uf250-063.cnf,C_lkk_cadical,1,2.43017,0.203508,0.384564,0.244831,0,0,172.876,0,0,177.999,UNKNOWN,True,6636
uf250-064.cnf,E_lkk_selector,1,9.42325,0.204017,0.424872,0.209944,0,0,52.7032,1.46127,14.1645,75.2084,UNKNOWN,True,4288
uf250-064.cnf,C_lkk_cadical,1,2.68625,0.241288,0.395642,0.22325,0,0,217.688,0,0,223.662,UNKNOWN,True,6532
uf250-064.cnf,D_lkk_kissat,1,2.84584,0.26511,0.439406,0.232706,0,0,53.5621,1.49901,15.0611,69.1208,UNKNOWN,True,4240
uf250-065.cnf,C_lkk_cadical,1,2.53906,0.261845,0.418343,0.227256,0,0,590.005,0,0,595.986,UNKNOWN,True,7796
uf250-065.cnf,D_lkk_kissat,1,2.84821,0.247051,0.461733,0.252585,0,0,1029.43,1.91182,31.3436,1046.77,UNKNOWN,True,4960
uf250-065.cnf,E_lkk_selector,1,2.32334,0.213235,0.374074,0.200927,0,0,1096.05,1.5811,97.6279,1110.7,UNKNOWN,True,4968
uf250-066.cnf,C_lkk_cadical,1,2.94949,0.237356,0.43543,0.255173,0,0,539.275,0,0,545.718,UNKNOWN,True,7516
uf250-066.cnf,D_lkk_kissat,1,2.94565,0.259179,0.439032,0.262811,0,0,70.4016,1.55158,21.9531,85.8495,UNKNOWN,True,4280
uf250-066.cnf,E_lkk_selector,1,2.90814,0.238183,0.422137,0.259514,0,0,70.7541,2.03311,22.7872,86.4202,UNKNOWN,True,4332
uf250-067.cnf,C_lkk_cadical,1,9.24753,0.215386,0.372278,0.213489,0,0,730.375,0,0,742.246,UNKNOWN,True,7488
uf250-067.cnf,D_lkk_kissat,1,2.28261,0.209043,0.389858,0.21475,0,0,1519.81,1.45445,521.263,1533.58,UNKNOWN,True,5028
uf250-067.cnf,E_lkk_selector,1,3.57562,0.285514,0.497387,0.280399,0,0,1684.15,1.95121,-313.897,1701.25,UNKNOWN,True,5028
uf250-069.cnf,D_lkk_kissat,1,11.2964,0.203449,0.354909,0.173378,0,0,80.0252,1.73154,21.7568,104.002,UNKNOWN,True,4344
uf250-069.cnf,E_lkk_selector,1,2.64538,0.257898,0.512012,0.215276,0,0,95.3404,1.66587,17.0062,113.671,UNKNOWN,True,4196
uf250-069.cnf,C_lkk_cadical,1,3.75479,0.327077,0.546341,0.261149,0,0,540.105,0,0,547.139,UNKNOWN,True,7324
uf250-07.cnf,E_lkk_selector,1,11.0923,0.215363,0.381188,0.234528,0,0,1010.58,1.66634,12.2464,1035.04,UNKNOWN,True,4940
uf250-07.cnf,C_lkk_cadical,1,2.18432,0.209253,0.35537,0.210447,0,0,509.914,0,0,514.843,UNKNOWN,True,7656
uf250-07.cnf,D_lkk_kissat,1,2.71606,0.225712,0.451906,0.23032,0,0,864.889,1.47013,-133.641,879.296,UNKNOWN,True,4944
uf250-070.cnf,C_lkk_cadical,1,3.30705,0.265456,0.458523,0.383831,0,0,588.837,0,0,594.86,UNKNOWN,True,8024
uf250-070.cnf,D_lkk_kissat,1,5.36309,0.4926,0.841557,0.765052,0,0,339.028,3.19551,32.2237,359.452,UNKNOWN,True,4404
uf250-070.cnf,E_lkk_selector,1,2.85347,0.237756,0.396125,0.33861,0,0,322.098,1.65566,23.7533,340.7,UNKNOWN,True,4420
uf250-071.cnf,C_lkk_cadical,1,2.4755,0.213271,0.373267,0.197307,0,0,529.782,0,0,534.716,UNKNOWN,True,7448
uf250-071.cnf,D_lkk_kissat,1,3.01827,0.240218,0.425482,0.215945,0,0,3042.27,2.13132,44.405,3057.73,UNKNOWN,True,6692
uf250-071.cnf,E_lkk_selector,1,2.70538,0.230209,0.410103,0.217984,0,0,3076.67,1.57789,78.2455,3097.75,UNKNOWN,True,6696
uf250-072.cnf,C_lkk_cadical,1,10.171,0.212647,0.390667,0.196891,0,0,2372.12,0,0,2385.67,UNKNOWN,True,10452
uf250-072.cnf,D_lkk_kissat,1,2.79753,0.222449,0.369693,0.190412,0,0,2915.91,1.52762,-82.558,2932.24,UNKNOWN,True,6612
uf250-072.cnf,E_lkk_selector,1,2.56109,0.227395,0.42771,0.205869,0,0,2951.53,1.48796,-46.98,2966.93,UNKNOWN,True,6612
uf250-074.cnf,D_lkk_kissat,1,12.2772,0.247508,0.433133,0.217349,0,0,532.816,2.21431,-464.97,560.975,UNKNOWN,True,4352
uf250-074.cnf,E_lkk_selector,1,2.95407,0.274823,0.495124,0.288419,0,0,506.169,1.87165,28.0404,522.952,UNKNOWN,True,4364
uf250-074.cnf,C_lkk_cadical,1,2.90674,0.246668,0.47202,0.225361,0,0,190.31,0,0,196.297,UNKNOWN,True,6408
uf250-075.cnf,E_lkk_selector,1,15.9306,0.296604,0.51396,0.269566,0,0,85.3654,2.43389,17.7993,116.883,UNKNOWN,True,4236
uf250-075.cnf,C_lkk_cadical,1,2.54526,0.232281,0.394153,0.233485,0,0,283.774,0,0,289.241,UNKNOWN,True,6584
uf250-075.cnf,D_lkk_kissat,1,3.51598,0.242657,0.423675,0.242367,0,0,98.148,1.87465,20.0227,113.825,UNKNOWN,True,4420
uf250-076.cnf,C_lkk_cadical,1,2.77909,0.268965,0.476846,0.284491,0,0,1735.33,0,0,1741.01,UNKNOWN,True,8912
uf250-076.cnf,D_lkk_kissat,1,2.37204,0.211702,0.369942,0.222282,0,0,467.875,1.48361,29.3584,481.543,UNKNOWN,True,4428
uf250-076.cnf,E_lkk_selector,1,2.61165,0.210281,0.363444,0.218998,0,0,528.829,1.45376,-469.717,543.882,UNKNOWN,True,4456
uf250-077.cnf,C_lkk_cadical,1,3.86797,0.265628,0.479003,0.284337,0,0,548.401,0,0,555.392,UNKNOWN,True,7340
uf250-077.cnf,D_lkk_kissat,1,2.34116,0.218446,0.379915,0.305332,0,0,81.9411,1.97919,23.9203,98.5375,UNKNOWN,True,4336
uf250-077.cnf,E_lkk_selector,1,3.76475,0.307168,0.561771,0.314724,0,0,73.8361,2.37442,26.2105,89.2572,UNKNOWN,True,4348
uf250-078.cnf,C_lkk_cadical,1,15.2958,0.214122,0.360175,0.230485,0,0,272.64,0,0,290.813,UNKNOWN,True,7012
uf250-078.cnf,D_lkk_kissat,1,2.51667,0.20419,0.36848,0.230317,0,0,72.3185,1.44487,23.7634,85.4,UNKNOWN,True,4280
uf250-078.cnf,E_lkk_selector,1,2.36697,0.242622,0.420109,0.266855,0,0,94.2568,1.53962,25.7964,108.673,UNKNOWN,True,4248
uf250-079.cnf,D_lkk_kissat,1,10.9528,0.203842,0.365484,0.227757,0,0,72.6768,1.53291,14.2097,95.0061,UNKNOWN,True,4460
uf250-079.cnf,E_lkk_selector,1,2.91662,0.234113,0.39095,0.249638,0,0,89.0892,1.8437,20.933,103.568,UNKNOWN,True,4276
uf250-079.cnf,C_lkk_cadical,1,2.91316,0.233268,0.393495,0.247729,0,0,539.082,0,0,544.686,UNKNOWN,True,8316
uf250-08.cnf,E_lkk_selector,1,10.8228,0.219284,0.381243,0.222042,0,0,73.005,1.73065,14.7357,96.1043,UNKNOWN,True,4236
uf250-08.cnf,C_lkk_cadical,1,2.62008,0.214399,0.368917,0.208124,0,0,538.752,0,0,543.953,UNKNOWN,True,7796
uf250-08.cnf,D_lkk_kissat,1,2.27926,0.22537,0.376245,0.217935,0,0,67.1285,1.4345,18.563,80.5757,UNKNOWN,True,4480
uf250-080.cnf,C_lkk_cadical,1,2.44991,0.227323,0.375737,0.380178,0,0,475.892,0,0,480.588,UNKNOWN,True,6920
uf250-080.cnf,D_lkk_kissat,1,2.39041,0.212775,0.38062,0.240058,0,0,72.4116,1.48348,13.8951,86.1696,UNKNOWN,True,4244
uf250-080.cnf,E_lkk_selector,1,3.66695,0.32446,0.567152,0.418286,0,0,89.0779,2.29273,21.3706,106.809,UNKNOWN,True,4244
uf250-081.cnf,C_lkk_cadical,1,2.64964,0.21386,0.375632,0.305702,0,0,369.542,0,0,374.967,UNKNOWN,True,7584
uf250-081.cnf,D_lkk_kissat,1,2.20646,0.200836,0.3594,0.290838,0,0,512.065,1.36498,33.4301,527.115,UNKNOWN,True,4316
uf250-081.cnf,E_lkk_selector,1,2.84557,0.252338,0.394492,0.321047,0,0,553.433,1.60473,-444.962,570.042,UNKNOWN,True,4308
uf250-084.cnf,C_lkk_cadical,1,13.1909,0.206423,0.359518,0.218686,0,0,529.273,0,0,544.8,UNKNOWN,True,7756
uf250-084.cnf,D_lkk_kissat,1,2.94671,0.22869,0.41098,0.235075,0,0,70.1953,1.49606,21.6914,85.4014,UNKNOWN,True,4428
uf250-084.cnf,E_lkk_selector,1,3.41045,0.254285,0.419711,0.244512,0,0,81.814,1.96438,23.7784,97.3222,UNKNOWN,True,4492
uf250-085.cnf,D_lkk_kissat,1,11.1216,0.225213,0.369809,0.200203,0,0,159.528,1.705,21.2332,188.084,UNKNOWN,True,4352
uf250-085.cnf,E_lkk_selector,1,2.40478,0.208427,0.357386,0.183533,0,0,138.498,1.31587,19.8141,154.251,UNKNOWN,True,4244
uf250-085.cnf,C_lkk_cadical,1,2.47461,0.213908,0.364559,0.190198,0,0,236.974,0,0,243.067,UNKNOWN,True,6804
uf250-088.cnf,E_lkk_selector,1,9.24122,0.205986,0.355816,0.238557,0,0,466.725,1.63694,28.3618,486.924,UNKNOWN,True,4440
uf250-088.cnf,C_lkk_cadical,1,2.53345,0.218035,0.359336,0.241323,0,0,235.632,0,0,241.802,UNKNOWN,True,6684
uf250-088.cnf,D_lkk_kissat,1,2.47249,0.21409,0.405207,0.248091,0,0,538.361,1.4739,-460.165,553.231,UNKNOWN,True,4444
uf250-089.cnf,C_lkk_cadical,1,3.68615,0.267911,0.455299,0.221639,0,0,450.83,0,0,457.189,UNKNOWN,True,7440
uf250-089.cnf,D_lkk_kissat,1,2.61137,0.225919,0.397279,0.184757,0,0,84.7805,1.51495,16.2954,158.582,UNKNOWN,True,4240
uf250-089.cnf,E_lkk_selector,1,2.46531,0.221111,0.394986,0.183931,0,0,89.3971,1.66664,21.0637,104.541,UNKNOWN,True,4340
uf250-090.cnf,C_lkk_cadical,1,2.41445,0.214635,0.37257,0.182395,0,0,237.055,0,0,242.112,UNKNOWN,True,6596
uf250-090.cnf,D_lkk_kissat,1,4.1943,0.288093,0.568916,0.282806,0,0,660.906,2.04298,-337.051,679.686,UNKNOWN,True,4424
uf250-090.cnf,E_lkk_selector,1,2.89695,0.308018,0.428393,0.208214,0,0,653.585,1.79323,-344.622,668.859,UNKNOWN,True,4440
uf250-091.cnf,C_lkk_cadical,1,13.5078,0.283502,0.460916,0.365888,0,0,97.2352,0,0,113.37,UNKNOWN,True,6312
uf250-091.cnf,D_lkk_kissat,1,2.56095,0.223323,0.379301,0.304709,0,0,83.294,1.34706,14.6411,98.8375,UNKNOWN,True,4448
uf250-091.cnf,E_lkk_selector,1,3.0847,0.269663,0.46325,0.374548,0,0,98.3244,2.07447,20.3989,116.665,UNKNOWN,True,4308
uf250-093.cnf,D_lkk_kissat,1,13.2405,0.279858,0.659219,0.271137,0,0,99.7864,2.30634,22.0927,127.148,UNKNOWN,True,4244
uf250-093.cnf,E_lkk_selector,1,2.67479,0.275874,0.471226,0.256327,0,0,99.1197,1.75239,20.8721,115.135,UNKNOWN,True,4364
uf250-093.cnf,C_lkk_cadical,1,3.16237,0.25964,0.479029,0.252071,0,0,524.544,0,0,530.054,UNKNOWN,True,7224
uf250-095.cnf,E_lkk_selector,1,12.808,0.254117,0.464084,0.313217,0,0,89.7876,1.97249,21.7601,116.192,UNKNOWN,True,4304
uf250-095.cnf,C_lkk_cadical,1,2.89531,0.279532,0.445876,0.318373,0,0,152.802,0,0,158.447,UNKNOWN,True,6448
uf250-095.cnf,D_lkk_kissat,1,3.7236,0.276713,0.496627,0.35749,0,0,86.9658,1.95859,18.9244,103.911,UNKNOWN,True,4432
uf250-096.cnf,C_lkk_cadical,1,3.36271,0.285168,0.494087,0.283362,0,0,561.346,0,0,567.229,UNKNOWN,True,7788
uf250-096.cnf,D_lkk_kissat,1,2.89938,0.257013,0.469633,0.257329,0,0,84.7251,2.05712,16.7823,101.681,UNKNOWN,True,4332
uf250-096.cnf,E_lkk_selector,1,2.67461,0.274186,0.420276,0.236748,0,0,81.0305,1.66707,22.6976,98.2485,UNKNOWN,True,4424
uf250-097.cnf,C_lkk_cadical,1,4.31903,0.40658,0.635514,0.323528,0,0,796.951,0,0,804.589,UNKNOWN,True,7988
uf250-097.cnf,D_lkk_kissat,1,2.40073,0.262828,0.37724,0.222592,0,0,482.354,1.69719,34.0514,498.05,UNKNOWN,True,4484
uf250-097.cnf,E_lkk_selector,1,3.89371,0.277748,0.454643,0.25216,0,0,518.141,2.09205,30.2332,534.622,UNKNOWN,True,4496
uf250-098.cnf,C_lkk_cadical,1,10.3085,0.236914,0.416949,0.274549,0,0,220.625,0,0,233.466,UNKNOWN,True,6524
uf250-098.cnf,D_lkk_kissat,1,2.52135,0.231796,0.413033,0.294351,0,0,129.384,1.5492,20.9327,144.738,UNKNOWN,True,4236
uf250-098.cnf,E_lkk_selector,1,2.86626,0.250415,0.396746,0.276922,0,0,145.298,1.68295,26.9806,162.386,UNKNOWN,True,4480
uf250-099.cnf,D_lkk_kissat,1,9.68987,0.204387,0.358485,0.206694,0,0,74.2721,1.75736,16.0294,96.6474,UNKNOWN,True,4180
uf250-099.cnf,E_lkk_selector,1,2.6016,0.215163,0.389641,0.221262,0,0,88.3182,1.7877,20.1059,103.159,UNKNOWN,True,4264
uf250-099.cnf,C_lkk_cadical,1,2.25542,0.211812,0.362122,0.207764,0,0,563.487,0,0,568.563,UNKNOWN,True,7432
uuf250-01.cnf,E_lkk_selector,1,11.0949,0.205828,0.356421,0.20691,0,0,2855.31,1.84343,-142.847,2881.1,UNKNOWN,True,6648
uuf250-01.cnf,C_lkk_cadical,1,2.57544,0.214077,0.397093,0.216284,0,0,5105.01,0,0,5110.61,UNKNOWN,True,9248
uuf250-01.cnf,D_lkk_kissat,1,3.23799,0.258645,0.454913,0.260312,0,0,3135.23,1.98992,137.223,3151.62,UNKNOWN,True,6652
uuf250-010.cnf,C_lkk_cadical,1,2.43685,0.212829,0.395617,0.216061,0,0,3439.27,0,0,3444.59,UNKNOWN,True,9200
uuf250-010.cnf,D_lkk_kissat,1,2.91294,0.232383,0.415153,0.23529,0,0,2704.46,1.80747,-293.73,2719.07,UNKNOWN,True,7580
uuf250-010.cnf,E_lkk_selector,1,2.71787,0.236153,0.415998,0.233718,0,0,2552.51,1.64561,-445.843,2568.31,UNKNOWN,True,7580
uuf250-0100.cnf,C_lkk_cadical,1,2.22952,0.226311,0.377888,0.167384,0,0,6122.09,0,0,6127.72,UNKNOWN,True,11716
uuf250-0100.cnf,D_lkk_kissat,1,2.51391,0.216245,0.38069,0.174983,0,0,5375.79,1.39095,377.178,5390.07,UNKNOWN,True,7484
uuf250-0100.cnf,E_lkk_selector,1,2.40721,0.231235,0.377702,0.172747,0,0,5363.03,1.4566,364.485,5376.49,UNKNOWN,True,7488
uuf250-011.cnf,C_lkk_cadical,1,9.36366,0.208602,0.380784,0.197635,0,0,9358.59,0,0,9370.52,UNKNOWN,True,16648
uuf250-011.cnf,D_lkk_kissat,1,3.06089,0.242964,0.453821,0.236272,0,0,6381.56,1.90809,383.472,6400.99,UNKNOWN,True,6972
uuf250-011.cnf,E_lkk_selector,1,3.66077,0.271753,0.474108,0.265206,0,0,6624.86,1.95432,-373.19,6642.92,UNKNOWN,True,6976
uuf250-012.cnf,D_lkk_kissat,1,11.1132,0.222449,0.360111,0.229253,0,0,3102.1,1.70704,103.812,3126.53,UNKNOWN,True,6972
uuf250-012.cnf,E_lkk_selector,1,2.61162,0.281589,0.43124,0.245685,0,0,3080.56,1.80301,82.367,3097.26,UNKNOWN,True,6964
uuf250-012.cnf,C_lkk_cadical,1,2.69481,0.237654,0.400755,0.236879,0,0,4567.5,0,0,4573.26,UNKNOWN,True,9924
uuf250-013.cnf,E_lkk_selector,1,12.3891,0.543858,0.42809,0.307044,0,0,3390.23,1.98609,392.215,3415.95,UNKNOWN,True,6700
uuf250-013.cnf,C_lkk_cadical,1,3.02122,0.238924,0.392647,0.275048,0,0,5484.45,0,0,5490.85,UNKNOWN,True,12328
uuf250-013.cnf,D_lkk_kissat,1,2.7091,0.223137,0.371804,0.26488,0,0,3547.19,1.65952,548.851,3562.88,UNKNOWN,True,6700
uuf250-014.cnf,C_lkk_cadical,1,2.37409,0.235143,0.401231,0.2067,0,0,5449.76,0,0,5455.08,UNKNOWN,True,9728
uuf250-014.cnf,D_lkk_kissat,1,2.3509,0.2174,0.410191,0.213624,0,0,3979.46,1.52243,-19.021,3995.78,UNKNOWN,True,6956
uuf250-014.cnf,E_lkk_selector,1,2.27607,0.20462,0.36302,0.259295,0,0,4247.48,1.65257,249.137,4262.07,UNKNOWN,True,6956
uuf250-015.cnf,C_lkk_cadical,1,4.21241,0.25812,0.455145,0.260674,0,0,5807.56,0,0,5814.78,UNKNOWN,True,12780
uuf250-015.cnf,D_lkk_kissat,1,3.07142,0.259289,0.430885,0.265981,0,0,4545.27,1.72703,547,4562.21,UNKNOWN,True,6532
uuf250-015.cnf,E_lkk_selector,1,3.41178,0.224575,0.382797,0.23514,0,0,4179.24,1.8313,181.07,4196.27,UNKNOWN,True,6536
uuf250-019.cnf,C_lkk_cadical,1,10.7192,0.211454,0.357402,0.219573,0,0,4847,0,0,4861.09,UNKNOWN,True,13276
uuf250-019.cnf,D_lkk_kissat,1,2.4463,0.22104,0.368754,0.226286,0,0,3349.49,1.51778,351.004,3369.03,UNKNOWN,True,7404
uuf250-019.cnf,E_lkk_selector,1,3.46219,0.288224,0.520462,0.303795,0,0,3764.84,2.02267,-233.137,3781.83,UNKNOWN,True,7408
uuf250-02.cnf,D_lkk_kissat,1,8.53614,0.224508,0.355104,0.186213,0,0,3699.89,1.5178,-298.591,3719.62,UNKNOWN,True,6564
uuf250-02.cnf,E_lkk_selector,1,2.68942,0.227817,0.39467,0.19518,0,0,3647.13,1.47404,-351.396,3660.95,UNKNOWN,True,6568
uuf250-02.cnf,C_lkk_cadical,1,2.5075,0.243262,0.433698,0.208346,0,0,6000.35,0,0,6005.59,UNKNOWN,True,11364
uuf250-022.cnf,E_lkk_selector,1,10.8027,0.238587,0.423528,0.202429,0,0,7106.6,1.71109,108.308,7134.89,UNKNOWN,True,10300
uuf250-022.cnf,C_lkk_cadical,1,3.0461,0.260266,0.42118,0.20137,0,0,14401.1,0,0,14407.5,UNKNOWN,True,13144
uuf250-022.cnf,D_lkk_kissat,1,3.48044,0.291185,0.475472,0.227263,0,0,16301.4,2.32697,303.768,16379,UNKNOWN,True,11024
uuf250-023.cnf,C_lkk_cadical,1,5.73226,0.515994,0.88398,0.371269,0,0,5551.46,0,0,5563.32,UNKNOWN,True,10684
uuf250-023.cnf,D_lkk_kissat,1,4.36898,0.433872,0.601264,0.298729,0,0,4058.42,3.06812,61.491,4115.66,UNKNOWN,True,6072
uuf250-023.cnf,E_lkk_selector,1,34.3513,0.561595,1.37875,0.470902,0,0,5570.2,12.6104,582.812,5639.68,UNKNOWN,True,6068
uuf250-027.cnf,C_lkk_cadical,1,3.33979,0.330649,0.563268,0.329784,0,0,6817.32,0,0,6824.65,UNKNOWN,True,9508
uuf250-027.cnf,D_lkk_kissat,1,4.60082,0.403808,0.659328,0.375519,0,0,7657.68,3.10357,-339.221,7679.91,UNKNOWN,True,6860
uuf250-027.cnf,E_lkk_selector,1,3.51873,0.299687,0.527538,0.336759,0,0,7024.79,2.01971,26.8106,7045.82,UNKNOWN,True,6860
uuf250-028.cnf,C_lkk_cadical,1,14.6426,0.252419,0.601696,0.219343,0,0,5384.87,0,0,5402.69,UNKNOWN,True,9388
uuf250-028.cnf,D_lkk_kissat,1,2.36177,0.208214,0.384943,0.183859,0,0,3912.73,1.92582,-85.3476,3930.82,UNKNOWN,True,6912
uuf250-028.cnf,E_lkk_selector,1,3.53331,0.300585,0.525882,0.25646,0,0,4030.79,3.12018,33.9082,4050.31,UNKNOWN,True,6912
uuf250-03.cnf,D_lkk_kissat,1,10.3473,0.224525,0.400463,0.234546,0,0,3497.7,1.91517,499.617,3521.83,UNKNOWN,True,6596
uuf250-03.cnf,E_lkk_selector,1,2.81248,0.271819,0.426805,0.215023,0,0,4187.81,1.93304,189.743,4205.43,UNKNOWN,True,6592
uuf250-03.cnf,C_lkk_cadical,1,3.55291,0.285979,0.541035,0.260606,0,0,3881.96,0,0,3888.16,UNKNOWN,True,9068
uuf250-030.cnf,E_lkk_selector,1,14.9147,0.325294,0.483773,0.29219,0,0,2545.55,2.28094,547.829,2576.75,UNKNOWN,True,6644
uuf250-030.cnf,C_lkk_cadical,1,2.24344,0.199558,0.355657,0.210245,0,0,2904.59,0,0,2910.02,UNKNOWN,True,9964
uuf250-030.cnf,D_lkk_kissat,1,2.85534,0.25183,0.394838,0.230006,0,0,2173.22,1.87269,175.095,2187.86,UNKNOWN,True,6640
uuf250-031.cnf,C_lkk_cadical,1,2.4455,0.231527,0.410544,0.172822,0,0,14844.2,0,0,14849.7,UNKNOWN,True,19800
uuf250-031.cnf,D_lkk_kissat,1,3.58276,0.286654,0.491867,0.223684,0,0,5762.77,2.14784,-235.081,5779.74,UNKNOWN,True,6708
uuf250-031.cnf,E_lkk_selector,1,2.8964,0.25453,0.420901,0.188268,0,0,5433.26,1.87609,435.131,5456.44,UNKNOWN,True,6716
uuf250-032.cnf,C_lkk_cadical,1,2.91372,0.251652,0.437538,0.279725,0,0,5882.72,0,0,5889.01,UNKNOWN,True,11680
uuf250-032.cnf,D_lkk_kissat,1,2.96347,0.272668,0.555415,0.305886,0,0,7520.75,2.45955,523.209,7539.55,UNKNOWN,True,6920
uuf250-032.cnf,E_lkk_selector,1,3.43095,0.316854,0.54292,0.354086,0,0,4818.55,2.18478,-179.27,4837.68,UNKNOWN,True,6920
uuf250-034.cnf,C_lkk_cadical,1,12.0587,0.23254,0.449796,0.184868,0,0,6990.64,0,0,7005.21,UNKNOWN,True,10276
uuf250-034.cnf,D_lkk_kissat,1,3.4174,0.283391,0.474332,0.215799,0,0,6884.3,2.38936,-113.314,6902.76,UNKNOWN,True,10088
uuf250-034.cnf,E_lkk_selector,1,3.78357,0.301694,0.519729,0.270694,0,0,7592.29,2.53301,-405.175,7613.61,UNKNOWN,True,10352
uuf250-035.cnf,D_lkk_kissat,1,18.6348,0.300969,0.456882,0.333822,0,0,5937.39,2.73146,-59.8821,5969.03,UNKNOWN,True,6496
uuf250-035.cnf,E_lkk_selector,1,2.36833,0.218041,0.412516,0.263544,0,0,6231.54,1.54206,233.082,6248.26,UNKNOWN,True,6504
uuf250-035.cnf,C_lkk_cadical,1,2.8082,0.238938,0.456169,0.318965,0,0,6738.3,0,0,6744.03,UNKNOWN,True,9136
uuf250-036.cnf,E_lkk_selector,1,11.667,0.211101,0.36651,0.255245,0,0,1482.18,1.84682,484.026,1506.47,UNKNOWN,True,4528
uuf250-036.cnf,C_lkk_cadical,1,3.04056,0.28325,0.480637,0.342205,0,0,3216.18,0,0,3223.2,UNKNOWN,True,10520
uuf250-036.cnf,D_lkk_kissat,1,3.78565,0.295966,0.506094,0.378022,0,0,2013.77,2.86716,16.6389,2032.84,UNKNOWN,True,4532
uuf250-038.cnf,C_lkk_cadical,1,3.25074,0.291827,0.519692,0.359516,0,0,1305.23,0,0,1311.53,UNKNOWN,True,7468
uuf250-038.cnf,D_lkk_kissat,1,2.18132,0.211294,0.36948,0.27883,0,0,1105.21,1.92108,107.128,1120.58,UNKNOWN,True,4556
uuf250-038.cnf,E_lkk_selector,1,2.5328,0.207584,0.363398,0.26527,0,0,1065.39,1.80649,67.1975,1079.5,UNKNOWN,True,4556
uuf250-039.cnf,C_lkk_cadical,1,3.55741,0.255957,0.484933,0.24885,0,0,3387.27,0,0,3403.96,UNKNOWN,True,8560
uuf250-039.cnf,D_lkk_kissat,1,3.48313,0.29308,0.487523,0.300267,0,0,2519.8,2.23024,522.031,2539.91,UNKNOWN,True,6556
uuf250-039.cnf,E_lkk_selector,1,3.32225,0.261864,0.446571,0.273895,0,0,2566.24,2.71252,-431.048,2584.36,UNKNOWN,True,6556
uuf250-04.cnf,C_lkk_cadical,1,11.3284,0.227685,0.363885,0.176458,0,0,5331.58,0,0,5345.46,UNKNOWN,True,10688
uuf250-04.cnf,D_lkk_kissat,1,3.48853,0.27654,0.488069,0.22752,0,0,4559.06,2.07756,-438.866,4579.81,UNKNOWN,True,6676
uuf250-04.cnf,E_lkk_selector,1,3.42343,0.266604,0.467959,0.222392,0,0,4326.08,2.10191,328.186,4344.28,UNKNOWN,True,6680
uuf250-040.cnf,D_lkk_kissat,1,11.2895,0.226436,0.395308,0.250487,0,0,1306.81,1.81358,308.626,1332.47,UNKNOWN,True,4572
uuf250-040.cnf,E_lkk_selector,1,3.40006,0.257153,0.440593,0.296529,0,0,1100.75,1.74955,102.501,1118.16,UNKNOWN,True,4572
uuf250-040.cnf,C_lkk_cadical,1,2.56424,0.260597,0.420561,0.269256,0,0,1446.11,0,0,1451.64,UNKNOWN,True,8856
uuf250-041.cnf,E_lkk_selector,1,10.1048,0.215965,0.363114,0.246699,0,0,2193,1.7789,194.777,2214.71,UNKNOWN,True,6024
uuf250-041.cnf,C_lkk_cadical,1,3.98051,0.276121,0.486574,0.343176,0,0,3065.73,0,0,3072.77,UNKNOWN,True,8780
uuf250-041.cnf,D_lkk_kissat,1,2.93124,0.253196,0.410966,0.292196,0,0,2516.84,2.27994,519.115,2538.66,UNKNOWN,True,6016
uuf250-042.cnf,C_lkk_cadical,1,2.69221,0.24569,0.399726,0.245323,0,0,6193.06,0,0,6198.81,UNKNOWN,True,12508
uuf250-042.cnf,D_lkk_kissat,1,3.68098,0.239997,0.439126,0.259764,0,0,5253.5,1.86839,255.366,5273.95,UNKNOWN,True,6888
uuf250-042.cnf,E_lkk_selector,1,3.79923,0.300345,0.542318,0.321057,0,0,6939.83,2.42489,-57.7424,6961.15,UNKNOWN,True,6896
uuf250-043.cnf,C_lkk_cadical,1,2.46225,0.215963,0.380031,0.233447,0,0,13517.7,0,0,13522.9,UNKNOWN,True,17428
uuf250-043.cnf,D_lkk_kissat,1,2.67137,0.222936,0.392099,0.248829,0,0,3846.96,1.85426,-151.191,3863.99,UNKNOWN,True,6420
uuf250-043.cnf,E_lkk_selector,1,2.96151,0.226443,0.40095,0.248289,0,0,4204.5,1.37785,205.875,4222.51,UNKNOWN,True,6428
uuf250-045.cnf,C_lkk_cadical,1,10.3826,0.262766,0.412472,0.240535,0,0,2404.2,0,0,2416.92,UNKNOWN,True,8784
uuf250-045.cnf,D_lkk_kissat,1,2.53949,0.223228,0.372406,0.266929,0,0,2447.87,1.78026,449.652,2465.51,UNKNOWN,True,7160
uuf250-045.cnf,E_lkk_selector,1,2.3552,0.216149,0.366519,0.233983,0,0,2220.64,1.5028,222.14,2235.38,UNKNOWN,True,7160
uuf250-046.cnf,D_lkk_kissat,1,30.1678,0.310699,0.53056,0.28836,0,0,6932.16,2.1931,-65.6507,6978.23,UNKNOWN,True,6684
uuf250-046.cnf,E_lkk_selector,1,4.37595,0.273279,0.491397,0.275054,0,0,7191.66,2.47307,194.131,7214.32,UNKNOWN,True,6688
uuf250-046.cnf,C_lkk_cadical,1,4.10107,0.347215,0.556497,0.318024,0,0,12307.2,0,0,12314.6,UNKNOWN,True,11048
uuf250-047.cnf,E_lkk_selector,1,13.6731,0.219041,0.400242,0.229488,0,0,3721.18,2.3139,-276.504,3748.77,UNKNOWN,True,7112
uuf250-047.cnf,C_lkk_cadical,1,2.46218,0.225878,0.390824,0.249639,0,0,4926.32,0,0,4931.4,UNKNOWN,True,11116
uuf250-047.cnf,D_lkk_kissat,1,6.84971,0.471917,0.84831,0.527952,0,0,4038.19,3.74057,41.9313,4065.75,UNKNOWN,True,7116
uuf250-048.cnf,C_lkk_cadical,1,3.91257,0.30803,0.505849,0.297351,0,0,1163.59,0,0,1171.01,UNKNOWN,True,7460
uuf250-048.cnf,D_lkk_kissat,1,4.03299,0.30006,0.519142,0.292492,0,0,1409.07,2.44727,411.518,1432.15,UNKNOWN,True,4500
uuf250-048.cnf,E_lkk_selector,1,5.32385,0.349164,0.615609,0.387584,0,0,1461.35,3.01204,464.362,1486.88,UNKNOWN,True,4500
uuf250-049.cnf,C_lkk_cadical,1,4.20587,0.3535,0.532608,0.378746,0,0,3166.47,0,0,3174.7,UNKNOWN,True,8612
uuf250-049.cnf,D_lkk_kissat,1,3.72532,0.304267,0.499568,0.34011,0,0,2969.86,2.11342,-28.0284,2989.33,UNKNOWN,True,6596
uuf250-049.cnf,E_lkk_selector,1,2.84964,0.257086,0.410263,0.278386,0,0,3056.72,1.90758,58.6267,3073.93,UNKNOWN,True,6592
uuf250-05.cnf,C_lkk_cadical,1,16.4398,0.305585,0.493944,0.298688,0,0,3134.58,0,0,3154.29,UNKNOWN,True,8760
uuf250-05.cnf,D_lkk_kissat,1,3.17621,0.243562,0.415761,0.246136,0,0,3000.23,2.00094,2.23069,3017.8,UNKNOWN,True,7196
uuf250-05.cnf,E_lkk_selector,1,3.21637,0.231922,0.394595,0.210325,0,0,3265.45,1.74434,267.193,3283.84,UNKNOWN,True,7196
uuf250-050.cnf,D_lkk_kissat,1,13.1279,0.382702,0.532243,0.317731,0,0,5235.99,2.36944,238.361,5272.7,UNKNOWN,True,6648
uuf250-050.cnf,E_lkk_selector,1,3.40085,0.27782,0.46811,0.275985,0,0,5371.14,2.46175,373.604,5392.8,UNKNOWN,True,6648
uuf250-050.cnf,C_lkk_cadical,1,4.78023,0.323721,0.545521,0.332175,0,0,6323.34,0,0,6331.91,UNKNOWN,True,9544
uuf250-051.cnf,E_lkk_selector,1,14.8326,0.322551,0.514076,0.353245,0,0,8357.74,2.38604,360.127,8393.23,UNKNOWN,True,7432
uuf250-051.cnf,C_lkk_cadical,1,2.82881,0.228495,0.414303,0.261164,0,0,10231.8,0,0,10237.7,UNKNOWN,True,11764
uuf250-051.cnf,D_lkk_kissat,1,3.7988,0.309223,0.510446,0.33489,0,0,6120.18,2.28401,122.467,6137.78,UNKNOWN,True,7432
uuf250-052.cnf,C_lkk_cadical,1,4.46239,0.345541,0.636233,0.349116,0,0,8928.42,0,0,8936.12,UNKNOWN,True,11532
uuf250-052.cnf,D_lkk_kissat,1,5.5984,0.373224,0.648589,0.450828,0,0,7455.32,3.64276,458.959,7484.02,UNKNOWN,True,9412
uuf250-052.cnf,E_lkk_selector,1,4.66241,0.337414,0.652232,0.351496,0,0,6998.28,2.61967,0.898114,7022.71,UNKNOWN,True,10472
uuf250-053.cnf,C_lkk_cadical,1,3.9122,0.272231,0.532899,0.325596,0,0,15397.3,0,0,15405.1,UNKNOWN,True,15584
uuf250-053.cnf,D_lkk_kissat,1,3.17037,0.261911,0.44732,0.302183,0,0,7982.5,2.19324,-15.3093,8002.67,UNKNOWN,True,7460
uuf250-053.cnf,E_lkk_selector,1,3.29001,0.269892,0.433779,0.308239,0,0,9843.11,2.36337,-154.528,9864.2,UNKNOWN,True,7460
uuf250-054.cnf,C_lkk_cadical,1,20.4704,0.37917,0.694717,0.326969,0,0,7040.33,0,0,7064.06,UNKNOWN,True,9200
uuf250-054.cnf,D_lkk_kissat,1,5.06881,0.39647,0.57463,0.22575,0,0,6059.84,3.20178,63.0417,6082.53,UNKNOWN,True,7000
uuf250-054.cnf,E_lkk_selector,1,3.77766,0.369998,0.539474,0.236801,0,0,5143.27,2.41861,145.692,5166.17,UNKNOWN,True,6996
uuf250-055.cnf,D_lkk_kissat,1,23.4079,0.386849,0.836961,0.351853,0,0,1426.68,3.33105,430.012,1470.14,UNKNOWN,True,4556
uuf250-055.cnf,E_lkk_selector,1,4.60787,0.340462,0.579129,0.332072,0,0,1422.28,3.11311,425.396,1451.29,UNKNOWN,True,4548
uuf250-055.cnf,C_lkk_cadical,1,4.76035,0.331042,0.708142,0.343793,0,0,1784.97,0,0,1793.61,UNKNOWN,True,8508
uuf250-056.cnf,E_lkk_selector,1,38.6247,0.342073,0.571296,0.306045,0,0,2985.72,3.45461,-10.8298,3046.27,UNKNOWN,True,5944
uuf250-056.cnf,C_lkk_cadical,1,8.50445,0.551049,0.778335,0.389525,0,0,3823.04,0,0,3835.61,UNKNOWN,True,8472
uuf250-056.cnf,D_lkk_kissat,1,5.19121,0.315009,0.545903,0.287998,0,0,2648.8,2.80381,-348.401,2672.01,UNKNOWN,True,5944
uuf250-057.cnf,C_lkk_cadical,1,5.68559,0.351988,0.695781,0.357712,0,0,5296.77,0,0,5306.57,UNKNOWN,True,9108
uuf250-057.cnf,D_lkk_kissat,1,5.09232,0.329599,0.56891,0.278111,0,0,5046.76,3.02676,49.7911,5072.05,UNKNOWN,True,7548
uuf250-057.cnf,E_lkk_selector,1,4.59102,0.371912,0.630665,0.330451,0,0,4667.86,4.52173,-327.619,4690.53,UNKNOWN,True,7552
uuf250-058.cnf,C_lkk_cadical,1,4.04619,0.266928,0.576932,0.241822,0,0,18830,0,0,18837.6,UNKNOWN,True,17480
uuf250-058.cnf,D_lkk_kissat,1,3.60094,0.2998,0.501505,0.300623,0,0,7606.35,3.07401,-390.579,7628.69,UNKNOWN,True,6752
uuf250-058.cnf,E_lkk_selector,1,4.11209,0.329379,0.529092,0.308367,0,0,8430.18,2.43605,432.615,8457.16,UNKNOWN,True,6752
uuf250-059.cnf,C_lkk_cadical,1,19.4978,0.358592,0.616651,0.353084,0,0,7859.85,0,0,7890.59,UNKNOWN,True,9624
uuf250-059.cnf,D_lkk_kissat,1,6.20656,0.401918,0.730722,0.47251,0,0,3653.93,4.71085,658.64,3685.92,UNKNOWN,True,6268
uuf250-059.cnf,E_lkk_selector,1,7.06157,0.457593,0.752091,0.451148,0,0,3199.22,4.29607,203.519,3259.03,UNKNOWN,True,6264
uuf250-06.cnf,D_lkk_kissat,1,17.7955,0.336415,0.580156,0.364087,0,0,4862.56,3.21775,-134.225,4901.64,UNKNOWN,True,7444
uuf250-06.cnf,E_lkk_selector,1,4.37966,0.429483,0.6254,0.364299,0,0,4704.32,3.0188,-292.661,4724.07,UNKNOWN,True,7444
uuf250-06.cnf,C_lkk_cadical,1,3.95884,0.288898,0.582386,0.328513,0,0,4681.8,0,0,4689.17,UNKNOWN,True,8844
uuf250-060.cnf,E_lkk_selector,1,23.3749,0.357252,0.584798,0.40866,0,0,2756.95,2.95268,-240.096,2799.92,UNKNOWN,True,6020
uuf250-060.cnf,C_lkk_cadical,1,3.79247,0.272619,0.489789,0.323529,0,0,2721.86,0,0,2728.96,UNKNOWN,True,9240
uuf250-060.cnf,D_lkk_kissat,1,3.48952,0.315894,0.632201,0.458572,0,0,2561.73,3.43056,-434.84,2584.23,UNKNOWN,True,6020
uuf250-061.cnf,C_lkk_cadical,1,3.74766,0.309837,0.516794,0.244355,0,0,10571.2,0,0,10578.2,UNKNOWN,True,10476
uuf250-061.cnf,D_lkk_kissat,1,3.77494,0.271497,0.486899,0.265362,0,0,8208.35,2.03593,210.382,8233.33,UNKNOWN,True,7436
uuf250-061.cnf,E_lkk_selector,1,5.19262,0.358524,0.653821,0.294615,0,0,8377.59,3.40742,380.995,8403.21,UNKNOWN,True,7432
uuf250-064.cnf,C_lkk_cadical,1,4.20549,0.36926,0.557111,0.334696,0,0,6670.43,0,0,6678.24,UNKNOWN,True,11456
uuf250-064.cnf,D_lkk_kissat,1,3.8503,0.261319,0.430257,0.257363,0,0,3725.99,2.20082,-271.813,3745.28,UNKNOWN,True,6636
uuf250-064.cnf,E_lkk_selector,1,2.70054,0.210789,0.372625,0.221147,0,0,3698.56,1.7316,-299.705,3716.78,UNKNOWN,True,6640
uuf250-065.cnf,C_lkk_cadical,1,19.0397,0.28324,0.496873,0.267521,0,0,2477.35,0,0,2500.08,UNKNOWN,True,8216
uuf250-065.cnf,D_lkk_kissat,1,4.18825,0.306743,0.468338,0.261951,0,0,2407.08,2.16303,409.242,2428.18,UNKNOWN,True,6588
uuf250-065.cnf,E_lkk_selector,1,4.57356,0.31268,0.552154,0.295852,0,0,2439,2.31904,441.32,2458.46,UNKNOWN,True,6592
uuf250-066.cnf,D_lkk_kissat,1,9.7218,0.206724,0.3673,0.270626,0,0,10599.8,1.51186,-398.674,10622.4,UNKNOWN,True,12076
uuf250-066.cnf,E_lkk_selector,1,2.23686,0.212476,0.372259,0.27049,0,0,10948.3,1.4691,-50.1988,10970,UNKNOWN,True,14220
uuf250-066.cnf,C_lkk_cadical,1,3.91752,0.310292,0.511491,0.391904,0,0,12179,0,0,12185.8,UNKNOWN,True,10880
uuf250-067.cnf,E_lkk_selector,1,14.1809,0.287344,0.509622,0.251019,0,0,3301.61,1.90503,303.517,3329.53,UNKNOWN,True,6632
uuf250-067.cnf,C_lkk_cadical,1,3.65678,0.278187,0.490467,0.262936,0,0,3817.75,0,0,3825.31,UNKNOWN,True,9036
uuf250-067.cnf,D_lkk_kissat,1,3.49273,0.251266,0.46805,0.24511,0,0,2698.84,1.88053,-299.279,2717.25,UNKNOWN,True,6640
uuf250-068.cnf,C_lkk_cadical,1,2.76709,0.227624,0.392817,0.214796,0,0,954.84,0,0,961.029,UNKNOWN,True,7424
uuf250-068.cnf,D_lkk_kissat,1,2.81329,0.222753,0.402993,0.193133,0,0,1209.1,1.7675,210.863,1229.03,UNKNOWN,True,4488
uuf250-068.cnf,E_lkk_selector,1,3.60747,0.262952,0.476679,0.234115,0,0,1103.21,2.39363,105.602,1122.75,UNKNOWN,True,4488
uuf250-069.cnf,C_lkk_cadical,1,2.92309,0.2317,0.408679,0.230834,0,0,6511.05,0,0,6516.45,UNKNOWN,True,11716
uuf250-069.cnf,D_lkk_kissat,1,2.59098,0.248284,0.403877,0.193298,0,0,5312.12,1.48527,313.601,5327.84,UNKNOWN,True,6912
uuf250-069.cnf,E_lkk_selector,1,3.09482,0.23732,0.393513,0.19213,0,0,4927.38,1.67088,-70.9483,4945.11,UNKNOWN,True,6936
uuf250-07.cnf,C_lkk_cadical,1,11.4039,0.261817,0.398282,0.218442,0,0,7005.5,0,0,7020.5,UNKNOWN,True,12768
uuf250-07.cnf,D_lkk_kissat,1,3.56905,0.292559,0.515608,0.285417,0,0,4049.77,2.09649,51.8618,4071.5,UNKNOWN,True,7352
uuf250-07.cnf,E_lkk_selector,1,3.3881,0.305515,0.512483,0.308795,0,0,4050.07,2.40418,52.4739,4079.98,UNKNOWN,True,7348
uuf250-070.cnf,D_lkk_kissat,1,17.688,0.274804,0.4692,0.384844,0,0,9629.32,2.35006,-368.332,9664.79,UNKNOWN,True,10420
uuf250-070.cnf,E_lkk_selector,1,3.22145,0.261897,0.444821,0.311623,0,0,9855.69,2.22577,-142.082,9888.01,UNKNOWN,True,9884
uuf250-070.cnf,C_lkk_cadical,1,2.70415,0.232866,0.463059,0.290161,0,0,17434.4,0,0,17439.8,UNKNOWN,True,16936
uuf250-071.cnf,E_lkk_selector,1,15.3484,0.294302,0.500211,0.295121,0,0,6281.97,2.23856,284.211,6315.4,UNKNOWN,True,6780
uuf250-071.cnf,C_lkk_cadical,1,3.0803,0.31552,0.49444,0.30034,0,0,8534.16,0,0,8540.21,UNKNOWN,True,10356
uuf250-071.cnf,D_lkk_kissat,1,4.54239,0.43713,0.580247,0.34753,0,0,6760.08,3.28009,-236.636,6779.02,UNKNOWN,True,6776
uuf250-073.cnf,C_lkk_cadical,1,2.9001,0.224101,0.392639,0.280059,0,0,1788.21,0,0,1795.29,UNKNOWN,True,8744
uuf250-073.cnf,D_lkk_kissat,1,2.30339,0.212832,0.372857,0.26417,0,0,1341.05,1.60628,342.655,1356.5,UNKNOWN,True,4708
uuf250-073.cnf,E_lkk_selector,1,2.63903,0.221372,0.480946,0.268595,0,0,1391.23,1.62816,392.862,1407.83,UNKNOWN,True,4712
uuf250-074.cnf,C_lkk_cadical,1,2.7398,0.219206,0.487521,0.197219,0,0,4155.85,0,0,4161.36,UNKNOWN,True,9520
uuf250-074.cnf,D_lkk_kissat,1,2.7377,0.221272,0.390419,0.207729,0,0,3390.75,1.47673,392.223,3409.22,UNKNOWN,True,6564
uuf250-074.cnf,E_lkk_selector,1,2.55029,0.231475,0.381579,0.213698,0,0,3423.09,1.43205,424.524,3443.69,UNKNOWN,True,6564
uuf250-076.cnf,C_lkk_cadical,1,14.2114,0.253805,0.440182,0.243297,0,0,4810.48,0,0,4827.89,UNKNOWN,True,8928
uuf250-076.cnf,D_lkk_kissat,1,2.60772,0.230735,0.41785,0.200903,0,0,4265.57,1.8592,267.428,4281.08,UNKNOWN,True,6936
uuf250-076.cnf,E_lkk_selector,1,2.90313,0.255054,0.458122,0.218965,0,0,4082.37,1.90443,84.2705,4098.65,UNKNOWN,True,6940
uuf250-078.cnf,D_lkk_kissat,1,18.139,0.332895,0.557987,0.423072,0,0,6721.59,2.33956,-276.069,6757.65,UNKNOWN,True,6856
uuf250-078.cnf,E_lkk_selector,1,3.42892,0.267157,0.504098,0.349678,0,0,6624.91,2.18818,-372.906,6647.5,UNKNOWN,True,6856
uuf250-078.cnf,C_lkk_cadical,1,2.75049,0.256816,0.44989,0.295663,0,0,5375.43,0,0,5381.23,UNKNOWN,True,9496
uuf250-079.cnf,E_lkk_selector,1,11.7361,0.219265,0.385785,0.205043,0,0,4206.19,1.72195,207.912,4230.02,UNKNOWN,True,7456
uuf250-079.cnf,C_lkk_cadical,1,3.24911,0.279075,0.530149,0.273571,0,0,4234.09,0,0,4241.25,UNKNOWN,True,8848
uuf250-079.cnf,D_lkk_kissat,1,4.01475,0.289067,0.500144,0.258462,0,0,4277.1,2.23629,279.34,4296.84,UNKNOWN,True,7460
uuf250-08.cnf,C_lkk_cadical,1,2.3414,0.225929,0.407795,0.276923,0,0,5182.87,0,0,5188.5,UNKNOWN,True,11300
uuf250-08.cnf,D_lkk_kissat,1,3.29512,0.294842,0.505993,0.371176,0,0,3579.05,2.02562,-418.922,3595.31,UNKNOWN,True,6924
uuf250-08.cnf,E_lkk_selector,1,2.4857,0.269724,0.392493,0.284689,0,0,3624.26,1.40226,-374.336,3640.76,UNKNOWN,True,6924
uuf250-080.cnf,C_lkk_cadical,1,3.23676,0.23439,0.415537,0.255118,0,0,4854.04,0,0,4859.72,UNKNOWN,True,9264
uuf250-080.cnf,D_lkk_kissat,1,2.78214,0.236187,0.424211,0.299167,0,0,5520.78,1.86074,522.646,5536.49,UNKNOWN,True,6720
uuf250-080.cnf,E_lkk_selector,1,2.27222,0.215696,0.381965,0.242131,0,0,5405.82,1.48391,407.304,5423.58,UNKNOWN,True,6724
uuf250-081.cnf,C_lkk_cadical,1,17.3892,0.291161,0.501303,0.283709,0,0,5646.58,0,0,5667.38,UNKNOWN,True,9532
uuf250-081.cnf,D_lkk_kissat,1,4.00016,0.350407,0.55127,0.363537,0,0,5047.08,2.16574,49.2461,5066.03,UNKNOWN,True,6864
uuf250-081.cnf,E_lkk_selector,1,2.48207,0.229099,0.367147,0.197445,0,0,4790.9,1.70643,-207.389,4810.54,UNKNOWN,True,6864
uuf250-082.cnf,D_lkk_kissat,1,14.5007,0.287435,0.536214,0.318259,0,0,5801.23,2.98577,-195.789,5838.66,UNKNOWN,True,7072
uuf250-082.cnf,E_lkk_selector,1,4.77912,0.332494,0.632168,0.369954,0,0,5709.15,2.69259,-288.161,5730.92,UNKNOWN,True,7072
uuf250-082.cnf,C_lkk_cadical,1,3.13729,0.263868,0.487914,0.297669,0,0,5512.49,0,0,5519.18,UNKNOWN,True,12776
uuf250-083.cnf,E_lkk_selector,1,14.5148,0.234951,0.433666,0.27537,0,0,1172.7,1.97243,174.674,1207.61,UNKNOWN,True,4828
uuf250-083.cnf,C_lkk_cadical,1,3.25937,0.276297,0.465068,0.30514,0,0,1720.87,0,0,1727.83,UNKNOWN,True,8020
uuf250-083.cnf,D_lkk_kissat,1,3.51276,0.300207,0.529138,0.342272,0,0,1304.48,2.21645,306.695,1326.19,UNKNOWN,True,4820
uuf250-084.cnf,C_lkk_cadical,1,3.60525,0.293636,0.5919,0.274278,0,0,2385.39,0,0,2392.1,UNKNOWN,True,8708
uuf250-084.cnf,D_lkk_kissat,1,3.20912,0.26379,0.443963,0.236314,0,0,2554.89,1.71461,-443.396,2570.58,UNKNOWN,True,7136
uuf250-084.cnf,E_lkk_selector,1,2.86842,0.277402,0.441125,0.230455,0,0,2802.2,1.61479,-196.183,2819.65,UNKNOWN,True,7132
uuf250-085.cnf,C_lkk_cadical,1,2.96841,0.238579,0.409461,0.230953,0,0,4047.24,0,0,4052.8,UNKNOWN,True,9444
uuf250-085.cnf,D_lkk_kissat,1,2.97883,0.226347,0.400674,0.233067,0,0,3414.39,1.75608,416.148,3430.96,UNKNOWN,True,6532
uuf250-085.cnf,E_lkk_selector,1,3.29836,0.252028,0.452735,0.256848,0,0,3531.54,1.64476,533.183,3549.4,UNKNOWN,True,6536
uuf250-086.cnf,C_lkk_cadical,1,12.4749,0.275749,0.508467,0.283141,0,0,4610.37,0,0,4625.85,UNKNOWN,True,11116
uuf250-086.cnf,D_lkk_kissat,1,3.83357,0.23381,0.430409,0.249817,0,0,2547.56,1.75795,549.321,2564.32,UNKNOWN,True,6564
uuf250-086.cnf,E_lkk_selector,1,2.33327,0.246462,0.38229,0.228873,0,0,2587.84,1.74575,-410.415,2605.79,UNKNOWN,True,6560
uuf250-087.cnf,D_lkk_kissat,1,11.2754,0.236119,0.414083,0.255068,0,0,10322.4,1.58908,324.009,10352,UNKNOWN,True,13048
uuf250-087.cnf,E_lkk_selector,1,2.77293,0.265058,0.502241,0.285095,0,0,11332.2,1.81173,333.971,11349.9,UNKNOWN,True,12260
uuf250-087.cnf,C_lkk_cadical,1,4.12208,0.302853,0.498272,0.31955,0,0,10694.7,0,0,10702.1,UNKNOWN,True,10636
uuf250-088.cnf,E_lkk_selector,1,12.0439,0.222144,0.389994,0.355605,0,0,4383.29,1.60841,384.898,4409.38,UNKNOWN,True,6824
uuf250-088.cnf,C_lkk_cadical,1,2.86768,0.238657,0.426987,0.369387,0,0,6659.35,0,0,6665.57,UNKNOWN,True,9972
uuf250-088.cnf,D_lkk_kissat,1,2.40824,0.20943,0.36766,0.299,0,0,4517.05,1.44429,518.493,4533.05,UNKNOWN,True,6828
uuf250-089.cnf,C_lkk_cadical,1,2.69159,0.211275,0.36848,0.198964,0,0,4275.21,0,0,4281,UNKNOWN,True,10736
uuf250-089.cnf,D_lkk_kissat,1,2.70766,0.238615,0.395548,0.17714,0,0,4051.41,1.63462,53.0448,4069.03,UNKNOWN,True,7000
uuf250-089.cnf,E_lkk_selector,1,3.35298,0.270594,0.443905,0.18326,0,0,4406.41,1.82638,408.239,4423.51,UNKNOWN,True,6996
uuf250-09.cnf,C_lkk_cadical,1,2.74703,0.220893,0.397514,0.240894,0,0,12760.1,0,0,12765.9,UNKNOWN,True,11416
uuf250-09.cnf,D_lkk_kissat,1,2.30443,0.253405,0.386817,0.262406,0,0,8875.56,1.58798,-122.853,8895.33,UNKNOWN,True,11556
uuf250-09.cnf,E_lkk_selector,1,4.91938,0.423891,0.991508,0.576515,0,0,9936.79,3.77583,-59.4311,9960.05,UNKNOWN,True,12084
uuf250-090.cnf,C_lkk_cadical,1,14.9949,0.227746,0.416503,0.213528,0,0,775.875,0,0,793.534,UNKNOWN,True,7236
uuf250-090.cnf,D_lkk_kissat,1,2.71906,0.210319,0.374449,0.196986,0,0,912.353,1.62042,-86.0269,926.839,UNKNOWN,True,4704
uuf250-090.cnf,E_lkk_selector,1,3.127,0.267837,0.415796,0.241603,0,0,942.339,1.85084,-55.8097,957.789,UNKNOWN,True,4708
uuf250-091.cnf,D_lkk_kissat,1,13.3032,0.294339,0.491277,0.280932,0,0,3959.36,2.3232,-38.3209,3988.08,UNKNOWN,True,6280
uuf250-091.cnf,E_lkk_selector,1,2.47536,0.246826,0.376779,0.19399,0,0,4189.82,1.64899,191.465,4208.47,UNKNOWN,True,6284
uuf250-091.cnf,C_lkk_cadical,1,2.23545,0.215851,0.365189,0.188577,0,0,4741.57,0,0,4746.03,UNKNOWN,True,11540
uuf250-093.cnf,E_lkk_selector,1,12.6185,0.246526,0.370364,0.222321,0,0,2881.47,1.71271,-116.813,2906.14,UNKNOWN,True,6428
uuf250-093.cnf,C_lkk_cadical,1,2.9807,0.245366,0.423722,0.270768,0,0,4781.35,0,0,4787,UNKNOWN,True,9452
uuf250-093.cnf,D_lkk_kissat,1,4.09487,0.331018,0.521573,0.32123,0,0,3544.6,2.49558,547.096,3567.29,UNKNOWN,True,6428
uuf250-095.cnf,C_lkk_cadical,1,2.57326,0.229381,0.383719,0.238433,0,0,3076.14,0,0,3081.12,UNKNOWN,True,8652
uuf250-095.cnf,D_lkk_kissat,1,3.57429,0.296104,0.495056,0.254881,0,0,2707.53,2.49124,-289.974,2726.46,UNKNOWN,True,7160
uuf250-095.cnf,E_lkk_selector,1,3.08835,0.228079,0.387891,0.203839,0,0,2630.76,1.88492,-367.36,2649.52,UNKNOWN,True,7160
uuf250-096.cnf,C_lkk_cadical,1,3.12613,0.240053,0.421096,0.210549,0,0,6028.86,0,0,6035.2,UNKNOWN,True,9856
uuf250-096.cnf,D_lkk_kissat,1,2.63229,0.238239,0.405956,0.200797,0,0,3436.9,1.39737,438.299,3452.8,UNKNOWN,True,6344
uuf250-096.cnf,E_lkk_selector,1,3.04257,0.265043,0.434319,0.223047,0,0,4388.4,2.20209,390.603,4408.63,UNKNOWN,True,6344
uuf250-097.cnf,C_lkk_cadical,1,10.3796,0.257597,0.386048,0.213257,0,0,2865.28,0,0,2878.57,UNKNOWN,True,9472
uuf250-097.cnf,D_lkk_kissat,1,3.44935,0.3357,0.40319,0.297423,0,0,2106.36,1.64938,108.014,2122.37,UNKNOWN,True,6348
uuf250-097.cnf,E_lkk_selector,1,2.30727,0.213342,0.375253,0.202099,0,0,2345.51,1.80636,347.314,2359.54,UNKNOWN,True,6352
uuf250-099.cnf,D_lkk_kissat,1,16.0191,0.385852,0.55703,0.4014,0,0,3152.82,2.66737,155.487,3187.97,UNKNOWN,True,6440
uuf250-099.cnf,E_lkk_selector,1,4.23527,0.350229,0.549245,0.345559,0,0,2930.73,2.49959,-66.7752,2949.73,UNKNOWN,True,6444
uuf250-099.cnf,C_lkk_cadical,1,3.7348,0.276605,0.509852,0.323203,0,0,3841.71,0,0,3848.19,UNKNOWN,True,10508
uf200-01.cnf,E_lkk_selector,1,11.4635,0.236574,0.30736,0.160842,0,0,290.427,2.07358,52.5003,314.791,UNKNOWN,True,4280
uf200-01.cnf,C_lkk_cadical,1,3.61653,0.192301,0.3232,0.161174,0,0,245.195,0,0,251.818,UNKNOWN,True,6632
uf200-01.cnf,D_lkk_kissat,1,3.85335,0.266728,0.35405,0.188023,0,0,205.653,2.00094,37.6543,220.963,UNKNOWN,True,4268
uf200-010.cnf,C_lkk_cadical,1,2.88876,0.202595,0.333413,0.271795,0,0,233.123,0,0,239.531,UNKNOWN,True,6396
uf200-010.cnf,D_lkk_kissat,1,2.68522,0.1996,0.324557,0.238895,0,0,87.1242,1.4771,18.6013,106.164,UNKNOWN,True,4292
uf200-010.cnf,E_lkk_selector,1,2.95004,0.194989,0.331186,0.263877,0,0,75.4904,1.83998,17.3304,90.1461,UNKNOWN,True,4284
uf200-0100.cnf,C_lkk_cadical,1,3.46661,0.257665,0.411148,0.26724,0,0,452.343,0,0,458.381,UNKNOWN,True,7160
uf200-0100.cnf,D_lkk_kissat,1,2.3393,0.180618,0.307928,0.179293,0,0,431.849,1.31126,23.1604,448.232,UNKNOWN,True,4240
uf200-0100.cnf,E_lkk_selector,1,3.18008,0.225889,0.343597,0.235193,0,0,445.815,1.92214,27.7371,461.342,UNKNOWN,True,4236
uf200-012.cnf,C_lkk_cadical,1,12.2236,0.181681,0.292424,0.177696,0,0,5.24405,0,0,18.8209,UNKNOWN,True,5436
uf200-012.cnf,D_lkk_kissat,1,2.76859,0.224801,0.339581,0.198132,0,0,78.3763,1.65147,20.0278,94.8231,UNKNOWN,True,4168
uf200-012.cnf,E_lkk_selector,1,2.91017,0.209328,0.339857,0.215487,0,0,74.1398,2.03779,16.1776,89.6291,UNKNOWN,True,4356
uf200-014.cnf,D_lkk_kissat,1,12.0054,0.245967,0.422416,0.22043,0,0,91.2211,1.78924,23.0104,114.479,UNKNOWN,True,4172
uf200-014.cnf,E_lkk_selector,1,2.6722,0.17964,0.297763,0.174408,0,0,79.5906,1.65277,21.2434,93.0501,UNKNOWN,True,4324
uf200-014.cnf,C_lkk_cadical,1,2.90162,0.20909,0.29333,0.180044,0,0,34.2852,0,0,38.9677,UNKNOWN,True,5824
uf200-015.cnf,E_lkk_selector,1,12.691,0.19126,0.299057,0.186833,0,0,130.951,1.55235,22.5036,154.423,UNKNOWN,True,4200
uf200-015.cnf,C_lkk_cadical,1,2.49439,0.183606,0.301327,0.182906,0,0,226.136,0,0,230.597,UNKNOWN,True,6296
uf200-015.cnf,D_lkk_kissat,1,2.30852,0.193926,0.323772,0.196051,0,0,132.673,1.69993,24.3727,150.215,UNKNOWN,True,4176
uf200-016.cnf,C_lkk_cadical,1,3.37765,0.259105,0.417291,0.258718,0,0,47.5937,0,0,53.3635,UNKNOWN,True,6064
uf200-016.cnf,D_lkk_kissat,1,2.27955,0.192724,0.332728,0.235236,0,0,80.8048,1.62521,22.43,96.7361,UNKNOWN,True,4272
uf200-016.cnf,E_lkk_selector,1,2.60191,0.218548,0.338803,0.220426,0,0,76.094,1.70626,17.8002,92.4711,UNKNOWN,True,4360
uf200-018.cnf,C_lkk_cadical,1,2.84933,0.198149,0.307338,0.200225,0,0,93.9107,0,0,99.1997,UNKNOWN,True,6376
uf200-018.cnf,D_lkk_kissat,1,2.64912,0.197127,0.343428,0.219682,0,0,82.4212,1.73657,24.1578,97.5773,UNKNOWN,True,4304
uf200-018.cnf,E_lkk_selector,1,2.28347,0.17983,0.320001,0.204879,0,0,76.7258,1.57797,18.3038,89.3804,UNKNOWN,True,4276
uf200-019.cnf,C_lkk_cadical,1,17.6089,0.24739,0.391548,0.324396,0,0,446.701,0,0,466.734,UNKNOWN,True,7084
uf200-019.cnf,D_lkk_kissat,1,2.87547,0.195725,0.33021,0.253859,0,0,74.6385,1.67392,16.3124,89.4022,UNKNOWN,True,4360
uf200-019.cnf,E_lkk_selector,1,2.28124,0.184235,0.315679,0.253673,0,0,75.5434,1.48204,17.0255,90.778,UNKNOWN,True,4276
uf200-02.cnf,D_lkk_kissat,1,15.3461,0.244855,0.416939,0.290446,0,0,105.296,2.05022,27.3466,137.669,UNKNOWN,True,4200
uf200-02.cnf,E_lkk_selector,1,3.19588,0.30144,0.432937,0.435557,0,0,101.896,2.17298,24.0685,120.707,UNKNOWN,True,4288
uf200-02.cnf,C_lkk_cadical,1,3.63976,0.257145,0.392596,0.273205,0,0,268.709,0,0,275.638,UNKNOWN,True,6500
uf200-021.cnf,E_lkk_selector,1,16.2607,0.25668,0.422616,0.248093,0,0,101.119,2.43731,23.5568,136.189,UNKNOWN,True,4268
uf200-021.cnf,C_lkk_cadical,1,2.99882,0.222286,0.388653,0.229274,0,0,518.774,0,0,525.255,UNKNOWN,True,6908
uf200-021.cnf,D_lkk_kissat,1,3.25998,0.26519,0.396404,0.273737,0,0,91.9116,2.03469,23.9463,111.622,UNKNOWN,True,4176
uf200-022.cnf,C_lkk_cadical,1,2.84074,0.226395,0.416216,0.191847,0,0,204.629,0,0,209.772,UNKNOWN,True,6520
uf200-022.cnf,D_lkk_kissat,1,3.31044,0.262397,0.444148,0.192464,0,0,95.2863,1.66773,26.9541,113.834,UNKNOWN,True,4264
uf200-022.cnf,E_lkk_selector,1,3.45078,0.251341,0.395791,0.191796,0,0,93.0728,1.95357,25.0264,112.314,UNKNOWN,True,4280
uf200-023.cnf,C_lkk_cadical,1,2.49976,0.190339,0.296174,0.163461,0,0,185.378,0,0,190.919,UNKNOWN,True,6416
uf200-023.cnf,D_lkk_kissat,1,4.04709,0.265264,0.416724,0.21874,0,0,305.511,2.41061,27.9213,324.356,UNKNOWN,True,4348
uf200-023.cnf,E_lkk_selector,1,2.73918,0.208239,0.34895,0.186195,0,0,286.578,1.71664,28.2942,305.037,UNKNOWN,True,4296
uf200-025.cnf,C_lkk_cadical,1,14.3891,0.207812,0.350177,0.233226,0,0,18.1416,0,0,34.7116,UNKNOWN,True,5752
uf200-025.cnf,D_lkk_kissat,1,3.02231,0.231576,0.38005,0.236445,0,0,81.4507,1.77379,23.2245,95.57,UNKNOWN,True,4364
uf200-025.cnf,E_lkk_selector,1,2.82927,0.231609,0.379862,0.238072,0,0,90.3085,1.76841,22.0769,106.803,UNKNOWN,True,4352
uf200-026.cnf,D_lkk_kissat,1,11.5565,0.243634,0.40994,0.327002,0,0,71.1087,2.26022,23.3689,98.3118,UNKNOWN,True,4296
uf200-026.cnf,E_lkk_selector,1,3.31863,0.238731,0.383419,0.312159,0,0,65.8584,1.8074,17.6658,81.8382,UNKNOWN,True,4180
uf200-026.cnf,C_lkk_cadical,1,2.93914,0.223216,0.373103,0.303593,0,0,133.318,0,0,139.34,UNKNOWN,True,6184
uf200-027.cnf,E_lkk_selector,1,10.7922,0.185952,0.342572,0.153582,0,0,274.952,1.85789,26.8096,298.518,UNKNOWN,True,4404
uf200-027.cnf,C_lkk_cadical,1,3.58386,0.259389,0.372587,0.180829,0,0,186.7,0,0,193.371,UNKNOWN,True,6460
uf200-027.cnf,D_lkk_kissat,1,2.26782,0.170362,0.288115,0.129194,0,0,231.342,1.35196,22.6941,244.111,UNKNOWN,True,4324
uf200-028.cnf,C_lkk_cadical,1,2.313,0.172655,0.288199,0.202842,0,0,65.2004,0,0,69.9649,UNKNOWN,True,6224
uf200-028.cnf,D_lkk_kissat,1,2.89104,0.252521,0.370708,0.250495,0,0,91.7405,1.79424,23.5348,117.409,UNKNOWN,True,4372
uf200-028.cnf,E_lkk_selector,1,3.03247,0.204982,0.344057,0.249803,0,0,79.1716,1.78251,20.9542,94.877,UNKNOWN,True,4340
uf200-03.cnf,C_lkk_cadical,1,2.50562,0.193256,0.348765,0.203138,0,0,15.8788,0,0,21.0028,UNKNOWN,True,5972
uf200-03.cnf,D_lkk_kissat,1,3.81493,0.22283,0.358611,0.212665,0,0,101.318,2.11541,33.4339,121.454,UNKNOWN,True,4388
uf200-03.cnf,E_lkk_selector,1,3.23416,0.290302,0.395567,0.226222,0,0,64.0978,1.7617,15.8595,78.3387,UNKNOWN,True,4296
uf200-030.cnf,C_lkk_cadical,1,16.1548,0.272471,0.373338,0.258697,0,0,359.695,0,0,378.267,UNKNOWN,True,6532
uf200-030.cnf,D_lkk_kissat,1,2.16493,0.173537,0.290115,0.201955,0,0,149.674,1.40385,21.0777,162.877,UNKNOWN,True,4216
uf200-030.cnf,E_lkk_selector,1,2.43783,0.18288,0.324399,0.232468,0,0,155.234,1.67902,26.9129,172.799,UNKNOWN,True,4372
uf200-031.cnf,D_lkk_kissat,1,11.5091,0.187987,0.296065,0.19108,0,0,66.2796,1.65166,17.9313,90.0797,UNKNOWN,True,4388
uf200-031.cnf,E_lkk_selector,1,2.88357,0.195594,0.321426,0.204301,0,0,77.9737,2.02597,19.9997,92.4267,UNKNOWN,True,4276
uf200-031.cnf,C_lkk_cadical,1,2.58957,0.191276,0.34369,0.234445,0,0,15.997,0,0,20.5074,UNKNOWN,True,5740
uf200-032.cnf,E_lkk_selector,1,9.93622,0.200071,0.332348,0.202716,0,0,197.729,1.77446,19.5032,219.981,UNKNOWN,True,4356
uf200-032.cnf,C_lkk_cadical,1,2.99292,0.200278,0.333957,0.189332,0,0,232.736,0,0,238.148,UNKNOWN,True,6400
uf200-032.cnf,D_lkk_kissat,1,2.8569,0.218748,0.37291,0.222101,0,0,217.515,1.8172,29.3326,242.517,UNKNOWN,True,4280
uf200-034.cnf,C_lkk_cadical,1,3.95942,0.364059,0.482555,0.287936,0,0,90.2379,0,0,97.4944,UNKNOWN,True,6096
uf200-034.cnf,D_lkk_kissat,1,4.39597,0.270781,0.448215,0.272393,0,0,240.14,2.45906,32.5995,260.649,UNKNOWN,True,4416
uf200-034.cnf,E_lkk_selector,1,4.84676,0.338979,0.543884,0.365077,0,0,229.99,3.1354,33.1254,255.309,UNKNOWN,True,4356
uf200-036.cnf,C_lkk_cadical,1,3.28239,0.325085,0.483612,0.252579,0,0,11.1078,0,0,17.2493,UNKNOWN,True,5432
uf200-036.cnf,D_lkk_kissat,1,5.56765,0.390535,0.647297,0.366857,0,0,112.782,3.02488,35.8069,135.28,UNKNOWN,True,4412
uf200-036.cnf,E_lkk_selector,1,3.78794,0.253169,0.435964,0.258866,0,0,97.0068,2.43245,29.4393,119.054,UNKNOWN,True,4348
uf200-039.cnf,C_lkk_cadical,1,19.4304,0.349513,0.594262,0.349285,0,0,332.507,0,0,355.47,UNKNOWN,True,6620
uf200-039.cnf,D_lkk_kissat,1,4.38551,0.292886,0.479349,0.29114,0,0,327.956,2.47278,30.4289,349.595,UNKNOWN,True,4268
uf200-039.cnf,E_lkk_selector,1,3.66738,0.264779,0.399926,0.244058,0,0,309.135,2.22485,31.3602,329.849,UNKNOWN,True,4360
uf200-04.cnf,D_lkk_kissat,1,21.4142,0.277432,0.431414,0.265799,0,0,103.596,2.97543,26.5719,143.676,UNKNOWN,True,4232
uf200-04.cnf,E_lkk_selector,1,3.35329,0.236779,0.462724,0.241015,0,0,99.3533,2.59737,21.9506,118.873,UNKNOWN,True,4172
uf200-04.cnf,C_lkk_cadical,1,3.69331,0.2523,0.40221,0.222286,0,0,279.005,0,0,286.152,UNKNOWN,True,6832
uf200-040.cnf,E_lkk_selector,1,16.6606,0.271915,0.425761,0.228166,0,0,89.0523,2.28552,21.3378,123.435,UNKNOWN,True,4380
uf200-040.cnf,C_lkk_cadical,1,3.67144,0.263855,0.425954,0.247124,0,0,61.0769,0,0,67.3185,UNKNOWN,True,6092
uf200-040.cnf,D_lkk_kissat,1,4.66887,0.277751,0.449558,0.244362,0,0,96.4317,2.25848,28.6902,119.143,UNKNOWN,True,4232
uf200-041.cnf,C_lkk_cadical,1,4.72518,0.261783,0.421904,0.214124,0,0,219.874,0,0,227.757,UNKNOWN,True,6448
uf200-041.cnf,D_lkk_kissat,1,3.32181,0.221306,0.376894,0.174519,0,0,90.7252,2.1861,22.9113,109.013,UNKNOWN,True,4312
uf200-041.cnf,E_lkk_selector,1,3.83319,0.267444,0.331903,0.158798,0,0,99.7275,1.9859,31.7134,121.591,UNKNOWN,True,4344
uf200-042.cnf,C_lkk_cadical,1,3.07442,0.193987,0.327583,0.202142,0,0,464.964,0,0,470.838,UNKNOWN,True,7052
uf200-042.cnf,D_lkk_kissat,1,4.9791,0.408767,0.490145,0.305115,0,0,333.683,3.05498,36.7379,357.193,UNKNOWN,True,4300
uf200-042.cnf,E_lkk_selector,1,4.88551,0.264045,0.43215,0.266304,0,0,362.815,2.62096,35.4357,387.417,UNKNOWN,True,4296
uf200-043.cnf,C_lkk_cadical,1,24.7981,0.289223,0.615949,0.391432,0,0,171.634,0,0,199.792,UNKNOWN,True,6136
uf200-043.cnf,D_lkk_kissat,1,6.60825,0.392529,0.68223,0.352128,0,0,132.626,3.93445,36.5601,162.433,UNKNOWN,True,4272
uf200-043.cnf,E_lkk_selector,1,6.53932,0.417342,0.667507,0.421305,0,0,150.882,3.4656,34.3474,185.198,UNKNOWN,True,4416
uf200-045.cnf,D_lkk_kissat,1,18.3806,0.318085,0.503235,0.324794,0,0,105.068,3.00619,28.0738,143.589,UNKNOWN,True,4328
uf200-045.cnf,E_lkk_selector,1,3.78507,0.285877,0.43799,0.264419,0,0,93.3742,2.57945,25.9537,117.398,UNKNOWN,True,4232
uf200-045.cnf,C_lkk_cadical,1,3.91926,0.282243,0.466643,0.284356,0,0,60.0124,0,0,66.675,UNKNOWN,True,6196
uf200-046.cnf,E_lkk_selector,1,17.5752,0.324036,0.485779,0.409225,0,0,98.6875,2.8745,31.562,134.867,UNKNOWN,True,4284
uf200-046.cnf,C_lkk_cadical,1,3.48695,0.241096,0.377347,0.312633,0,0,15.741,0,0,21.9177,UNKNOWN,True,5792
uf200-046.cnf,D_lkk_kissat,1,3.56036,0.268373,0.441904,0.36708,0,0,93.5729,3.1819,26.7548,114.542,UNKNOWN,True,4324
uf200-047.cnf,C_lkk_cadical,1,3.44305,0.253309,0.385746,0.269935,0,0,49.5228,0,0,55.3351,UNKNOWN,True,6100
uf200-047.cnf,D_lkk_kissat,1,2.92403,0.222469,0.340194,0.217707,0,0,92.2995,1.83362,24.1331,108.093,UNKNOWN,True,4280
uf200-047.cnf,E_lkk_selector,1,3.79809,0.256314,0.429507,0.272483,0,0,98.4998,2.43201,20.9318,118.139,UNKNOWN,True,4240
uf200-048.cnf,C_lkk_cadical,1,4.1186,0.287687,0.433887,0.328643,0,0,38.6376,0,0,45.3503,UNKNOWN,True,6008
uf200-048.cnf,D_lkk_kissat,1,5.54489,0.398457,0.655223,0.49457,0,0,183.965,3.63419,37.5993,204.985,UNKNOWN,True,4356
uf200-048.cnf,E_lkk_selector,1,4.36955,0.295796,0.468573,0.365727,0,0,185.278,3.13144,28.4099,211.309,UNKNOWN,True,4272
uf200-049.cnf,C_lkk_cadical,1,16.0008,0.289974,0.486977,0.30858,0,0,900.358,0,0,919.943,UNKNOWN,True,7148
uf200-049.cnf,D_lkk_kissat,1,5.64619,0.308024,0.551159,0.291241,0,0,137.033,3.02552,30.0583,160.206,UNKNOWN,True,4392
uf200-049.cnf,E_lkk_selector,1,3.0605,0.232205,0.36594,0.24235,0,0,79.888,2.07015,21.9582,96.5226,UNKNOWN,True,4264
uf200-052.cnf,D_lkk_kissat,1,14.581,0.228845,0.347779,0.273679,0,0,79.7171,2.079,21.7961,105.771,UNKNOWN,True,4300
uf200-052.cnf,E_lkk_selector,1,2.8548,0.236114,0.386077,0.276937,0,0,76.0203,2.1277,18.148,90.3667,UNKNOWN,True,4216
uf200-052.cnf,C_lkk_cadical,1,4.49753,0.281318,0.466998,0.336785,0,0,64.354,0,0,72.0218,UNKNOWN,True,6060
uf200-053.cnf,E_lkk_selector,1,18.6045,0.407033,0.684944,0.374493,0,0,147.41,3.55175,30.9622,184.344,UNKNOWN,True,4436
uf200-053.cnf,C_lkk_cadical,1,3.09348,0.192641,0.32407,0.189276,0,0,85.4578,0,0,91.0045,UNKNOWN,True,6024
uf200-053.cnf,D_lkk_kissat,1,2.65462,0.193908,0.351004,0.199912,0,0,82.2803,1.98076,24.2611,98.9532,UNKNOWN,True,4280
uf200-054.cnf,C_lkk_cadical,1,3.29544,0.241466,0.379278,0.226203,0,0,216.114,0,0,222.533,UNKNOWN,True,6140
uf200-054.cnf,D_lkk_kissat,1,2.4121,0.194619,0.352898,0.210395,0,0,73.1588,1.42037,14.5792,87.2461,UNKNOWN,True,4268
uf200-054.cnf,E_lkk_selector,1,3.04545,0.211784,0.347286,0.218234,0,0,87.3029,1.92779,19.2307,104.937,UNKNOWN,True,4236
uf200-055.cnf,C_lkk_cadical,1,2.2812,0.18116,0.306806,0.208493,0,0,351.709,0,0,356.309,UNKNOWN,True,6784
uf200-055.cnf,D_lkk_kissat,1,2.43935,0.204884,0.35395,0.239948,0,0,71.4839,1.8984,13.3823,87.3884,UNKNOWN,True,4180
uf200-055.cnf,E_lkk_selector,1,3.87023,0.2531,0.485746,0.320769,0,0,101.535,2.56284,24.0977,122.635,UNKNOWN,True,4272
uf200-056.cnf,C_lkk_cadical,1,26.751,0.409602,0.673448,0.389281,0,0,250.786,0,0,280.817,UNKNOWN,True,6552
uf200-056.cnf,D_lkk_kissat,1,3.04741,0.260276,0.366722,0.175776,0,0,80.2763,2.1257,22.402,99.3234,UNKNOWN,True,4268
uf200-056.cnf,E_lkk_selector,1,3.71327,0.226454,0.393379,0.211478,0,0,103.748,2.21391,25.962,124.358,UNKNOWN,True,4272
uf200-057.cnf,D_lkk_kissat,1,13.875,0.235448,0.376894,0.20829,0,0,96.1812,2.32809,28.5092,127.644,UNKNOWN,True,4424
uf200-057.cnf,E_lkk_selector,1,3.25708,0.260393,0.395485,0.224655,0,0,77.0106,2.31811,19.3287,93.1415,UNKNOWN,True,4172
uf200-057.cnf,C_lkk_cadical,1,2.49164,0.204532,0.334676,0.232803,0,0,62.0038,0,0,67.1735,UNKNOWN,True,6176
uf200-058.cnf,E_lkk_selector,1,29.8242,0.501015,0.682581,0.580617,0,0,123.38,4.7512,38.1311,174.226,UNKNOWN,True,4360
uf200-058.cnf,C_lkk_cadical,1,3.23426,0.223804,0.354374,0.260449,0,0,156.639,0,0,162.768,UNKNOWN,True,6376
uf200-058.cnf,D_lkk_kissat,1,2.56888,0.184846,0.298453,0.220148,0,0,80.4349,1.56456,21.9994,94.9585,UNKNOWN,True,4208
uf200-059.cnf,C_lkk_cadical,1,3.53576,0.255201,0.41069,0.250617,0,0,217.631,0,0,223.616,UNKNOWN,True,6532
uf200-059.cnf,D_lkk_kissat,1,2.29599,0.175575,0.321778,0.181597,0,0,164.55,1.3681,25.918,180.87,UNKNOWN,True,4272
uf200-059.cnf,E_lkk_selector,1,2.67496,0.241051,0.321732,0.196428,0,0,170.525,1.79813,22.3235,186.956,UNKNOWN,True,4284
uf200-06.cnf,C_lkk_cadical,1,2.59468,0.176437,0.284115,0.175768,0,0,366.662,0,0,371.783,UNKNOWN,True,6844
uf200-06.cnf,D_lkk_kissat,1,2.92264,0.202241,0.347626,0.216034,0,0,446.329,2.10546,38.4349,466.063,UNKNOWN,True,4184
uf200-06.cnf,E_lkk_selector,1,4.09496,0.264668,0.435868,0.263371,0,0,541.34,2.61349,-456.047,562.353,UNKNOWN,True,4420
uf200-060.cnf,C_lkk_cadical,1,20.3119,0.323303,0.465599,0.330713,0,0,341.794,0,0,365.475,UNKNOWN,True,6592
uf200-060.cnf,D_lkk_kissat,1,6.97579,0.396303,0.700534,0.598306,0,0,109.879,4.29952,44.1787,138.351,UNKNOWN,True,4180
uf200-060.cnf,E_lkk_selector,1,3.11836,0.206533,0.370859,0.26132,0,0,88.5673,1.71066,20.278,107.487,UNKNOWN,True,4276
uf200-062.cnf,D_lkk_kissat,1,13.7849,0.237786,0.367922,0.22543,0,0,90.2634,2.08925,22.3526,118.076,UNKNOWN,True,4360
uf200-062.cnf,E_lkk_selector,1,3.7124,0.248315,0.493652,0.251155,0,0,88.4377,2.28417,30.7218,104.531,UNKNOWN,True,4264
uf200-062.cnf,C_lkk_cadical,1,3.91497,0.264643,0.453752,0.27207,0,0,87.5247,0,0,93.8641,UNKNOWN,True,6228
uf200-063.cnf,E_lkk_selector,1,10.7094,0.233364,0.324807,0.193929,0,0,317.158,2.97797,30.1361,348.223,UNKNOWN,True,4312
uf200-063.cnf,C_lkk_cadical,1,4.14115,0.277884,0.436526,0.270245,0,0,788.12,0,0,795.58,UNKNOWN,True,7560
uf200-063.cnf,D_lkk_kissat,1,3.36612,0.277872,0.397463,0.222697,0,0,259.61,2.08822,31.6985,278.119,UNKNOWN,True,4312
uf200-064.cnf,C_lkk_cadical,1,3.83604,0.260443,0.50342,0.270442,0,0,73.4314,0,0,79.8704,UNKNOWN,True,6240
uf200-064.cnf,D_lkk_kissat,1,2.79756,0.232327,0.424919,0.256964,0,0,229.536,2.01114,31.5467,249.701,UNKNOWN,True,4428
uf200-064.cnf,E_lkk_selector,1,3.81669,0.257579,0.39825,0.2528,0,0,228.004,2.19803,30.2025,247.851,UNKNOWN,True,4208
uf200-065.cnf,C_lkk_cadical,1,3.05279,0.272806,0.398309,0.241647,0,0,7.19853,0,0,12.2483,UNKNOWN,True,5340
uf200-065.cnf,D_lkk_kissat,1,2.79703,0.266111,0.363897,0.23122,0,0,88.8056,1.87539,20.681,109.895,UNKNOWN,True,4212
uf200-065.cnf,E_lkk_selector,1,3.60915,0.273738,0.432819,0.265506,0,0,101.718,2.32388,24.0423,122.909,UNKNOWN,True,4272
uf200-066.cnf,C_lkk_cadical,1,14.3531,0.24832,0.418051,0.227732,0,0,231.513,0,0,248.498,UNKNOWN,True,6692
uf200-066.cnf,D_lkk_kissat,1,4.14665,0.239842,0.415138,0.290925,0,0,340.507,2.4268,32.9336,360.226,UNKNOWN,True,4412
uf200-066.cnf,E_lkk_selector,1,4.31547,0.390835,0.452759,0.25783,0,0,336.219,3.45392,39.6728,361.203,UNKNOWN,True,4240
uf200-067.cnf,D_lkk_kissat,1,15.2951,0.252829,0.416947,0.292745,0,0,101.421,2.20321,33.624,132.862,UNKNOWN,True,4364
uf200-067.cnf,E_lkk_selector,1,3.09058,0.19454,0.321988,0.219766,0,0,77.7127,1.93907,19.6517,95.5211,UNKNOWN,True,4176
uf200-067.cnf,C_lkk_cadical,1,2.81305,0.20812,0.349842,0.206023,0,0,17.9367,0,0,23.0024,UNKNOWN,True,6016
uf200-068.cnf,E_lkk_selector,1,10.5052,0.194951,0.332741,0.316332,0,0,87.9322,1.70192,19.6341,114.828,UNKNOWN,True,4372
uf200-068.cnf,C_lkk_cadical,1,3.54896,0.261531,0.436404,0.434714,0,0,285.87,0,0,292.734,UNKNOWN,True,6592
uf200-068.cnf,D_lkk_kissat,1,3.48747,0.250748,0.409717,0.392256,0,0,107.041,2.1127,29.1539,128.825,UNKNOWN,True,4224
uf200-069.cnf,C_lkk_cadical,1,4.15639,0.277446,0.371705,0.231849,0,0,31.569,0,0,38.0483,UNKNOWN,True,5760
uf200-069.cnf,D_lkk_kissat,1,3.05928,0.211551,0.347207,0.21039,0,0,88.4943,1.73728,20.2315,106.056,UNKNOWN,True,4280
uf200-069.cnf,E_lkk_selector,1,3.74101,0.26885,0.446632,0.317996,0,0,104.732,2.11303,26.8449,126.079,UNKNOWN,True,4368
uf200-07.cnf,C_lkk_cadical,1,3.24877,0.231309,0.367944,0.180824,0,0,78.978,0,0,84.9031,UNKNOWN,True,6200
uf200-07.cnf,D_lkk_kissat,1,2.47179,0.197423,0.308458,0.147958,0,0,245.122,1.27585,26.3976,265.946,UNKNOWN,True,4260
uf200-07.cnf,E_lkk_selector,1,3.88655,0.255657,0.453613,0.201037,0,0,320.67,2.36445,33.0348,341.377,UNKNOWN,True,4312
uf200-070.cnf,C_lkk_cadical,1,22.9703,0.292462,0.553799,0.374412,0,0,79.4587,0,0,105.778,UNKNOWN,True,6208
uf200-070.cnf,D_lkk_kissat,1,4.03389,0.296224,0.455392,0.287941,0,0,264.023,3.08821,37.1107,289.357,UNKNOWN,True,4296
uf200-070.cnf,E_lkk_selector,1,4.67942,0.262515,0.420175,0.275443,0,0,215.867,2.86631,38.7337,239.216,UNKNOWN,True,4384
uf200-072.cnf,D_lkk_kissat,1,18.15,0.277782,0.454221,0.287641,0,0,83.7772,2.54098,26.3182,123.408,UNKNOWN,True,4112
uf200-072.cnf,E_lkk_selector,1,3.0984,0.212878,0.347274,0.218753,0,0,62.3858,1.82618,24.212,78.2498,UNKNOWN,True,4388
uf200-072.cnf,C_lkk_cadical,1,3.13929,0.2185,0.413742,0.226838,0,0,152.876,0,0,158.653,UNKNOWN,True,6596
uf200-073.cnf,E_lkk_selector,1,13.8364,0.193304,0.331148,0.167743,0,0,67.5471,1.76154,19.3087,93.2825,UNKNOWN,True,4304
uf200-073.cnf,C_lkk_cadical,1,5.12995,0.299288,0.505127,0.266323,0,0,267.648,0,0,275.937,UNKNOWN,True,6628
uf200-073.cnf,D_lkk_kissat,1,3.28708,0.222824,0.348697,0.187718,0,0,98.6231,2.51249,31.1356,121.808,UNKNOWN,True,4392
uf200-074.cnf,C_lkk_cadical,1,2.803,0.194014,0.324862,0.204555,0,0,110.225,0,0,115.624,UNKNOWN,True,6368
uf200-074.cnf,D_lkk_kissat,1,2.96215,0.20457,0.351743,0.207012,0,0,264.917,1.94744,26.8645,285.124,UNKNOWN,True,4180
uf200-074.cnf,E_lkk_selector,1,2.22985,0.190062,0.337543,0.211207,0,0,267.452,1.70369,29.1557,282.567,UNKNOWN,True,4396
uf200-075.cnf,C_lkk_cadical,1,3.53008,0.225483,0.37458,0.285034,0,0,162.491,0,0,168.661,UNKNOWN,True,6412
uf200-075.cnf,D_lkk_kissat,1,3.48806,0.235982,0.393582,0.293391,0,0,206.235,2.02564,28.2602,224.364,UNKNOWN,True,4324
uf200-075.cnf,E_lkk_selector,1,3.43513,0.232355,0.403112,0.290557,0,0,215.122,2.1853,27.3077,232.789,UNKNOWN,True,4388
uf200-076.cnf,C_lkk_cadical,1,11.3279,0.244276,0.324804,0.22156,0,0,215.884,0,0,229.405,UNKNOWN,True,6376
uf200-076.cnf,D_lkk_kissat,1,2.99304,0.215714,0.361424,0.233433,0,0,86.4375,1.61705,18.0546,102.268,UNKNOWN,True,4284
uf200-076.cnf,E_lkk_selector,1,2.60819,0.195006,0.329079,0.213541,0,0,81.9329,1.63894,23.5718,97.2709,UNKNOWN,True,4208
uf200-078.cnf,D_lkk_kissat,1,10.5315,0.230543,0.355382,0.302462,0,0,63.4063,1.67687,15.0832,85.0259,UNKNOWN,True,4252
uf200-078.cnf,E_lkk_selector,1,2.7478,0.188856,0.315949,0.262057,0,0,72.7993,1.48632,24.2857,88.253,UNKNOWN,True,4432
uf200-078.cnf,C_lkk_cadical,1,2.24425,0.182019,0.312971,0.257317,0,0,7.41514,0,0,11.2916,UNKNOWN,True,5552
uf200-08.cnf,E_lkk_selector,1,9.23745,0.186597,0.306002,0.193387,0,0,72.2602,1.62175,23.8819,92.6528,UNKNOWN,True,4284
uf200-08.cnf,C_lkk_cadical,1,2.71864,0.188997,0.313414,0.18622,0,0,29.323,0,0,34.1205,UNKNOWN,True,5824
uf200-08.cnf,D_lkk_kissat,1,3.15739,0.200936,0.323136,0.202375,0,0,90.3266,1.77315,22.0997,108.204,UNKNOWN,True,4176
uf200-080.cnf,C_lkk_cadical,1,2.28611,0.188233,0.297009,0.212024,0,0,5.87719,0,0,9.53173,UNKNOWN,True,5452
uf200-080.cnf,D_lkk_kissat,1,2.3131,0.211958,0.325262,0.249012,0,0,66.1692,1.49942,17.6686,79.7465,UNKNOWN,True,4176
uf200-080.cnf,E_lkk_selector,1,2.94711,0.192414,0.345969,0.230674,0,0,81.2491,1.69041,22.9395,98.5321,UNKNOWN,True,4320
uf200-081.cnf,C_lkk_cadical,1,2.34435,0.18282,0.297562,0.165486,0,0,231.554,0,0,236.56,UNKNOWN,True,6432
uf200-081.cnf,D_lkk_kissat,1,2.92682,0.222557,0.333681,0.191062,0,0,70.4486,1.92525,22.3739,84.9945,UNKNOWN,True,4264
uf200-081.cnf,E_lkk_selector,1,2.35932,0.183499,0.30911,0.16782,0,0,76.4973,1.71261,18.2099,93.8251,UNKNOWN,True,4380
uf200-082.cnf,C_lkk_cadical,1,11.6604,0.202966,0.332435,0.20862,0,0,133.07,0,0,147.808,UNKNOWN,True,6292
uf200-082.cnf,D_lkk_kissat,1,2.48625,0.19029,0.301427,0.186754,0,0,89.0407,1.51062,20.5513,102.339,UNKNOWN,True,4264
uf200-082.cnf,E_lkk_selector,1,3.33231,0.205913,0.359885,0.221334,0,0,106.646,2.00177,28.648,127.441,UNKNOWN,True,4240
uf200-083.cnf,D_lkk_kissat,1,16.4184,0.213241,0.354991,0.257743,0,0,64.0513,1.91788,15.9692,93.0309,UNKNOWN,True,4172
uf200-083.cnf,E_lkk_selector,1,3.22799,0.260059,0.414324,0.266361,0,0,71.1884,2.71989,23.9083,91.7491,UNKNOWN,True,4236
uf200-083.cnf,C_lkk_cadical,1,2.87893,0.209741,0.315771,0.184325,0,0,44.7706,0,0,50.1441,UNKNOWN,True,5960
uf200-084.cnf,E_lkk_selector,1,14.1813,0.240153,0.365859,0.221039,0,0,95.4262,1.9897,27.4159,126.534,UNKNOWN,True,4432
uf200-084.cnf,C_lkk_cadical,1,3.86179,0.256813,0.400295,0.222375,0,0,115.068,0,0,121.888,UNKNOWN,True,6112
uf200-084.cnf,D_lkk_kissat,1,3.41723,0.258409,0.437807,0.237369,0,0,87.9541,2.341,30.2951,103.707,UNKNOWN,True,4244
uf200-085.cnf,C_lkk_cadical,1,3.3805,0.242091,0.407184,0.316008,0,0,227.992,0,0,234.453,UNKNOWN,True,6684
uf200-085.cnf,D_lkk_kissat,1,6.72188,0.406037,0.609326,0.473743,0,0,110.302,3.672,33.9738,134.783,UNKNOWN,True,4280
uf200-085.cnf,E_lkk_selector,1,2.67794,0.200364,0.356676,0.243596,0,0,74.8841,1.76327,16.6473,91.4448,UNKNOWN,True,4180
uf200-087.cnf,C_lkk_cadical,1,2.90533,0.213628,0.333077,0.193047,0,0,661.907,0,0,668.814,UNKNOWN,True,7616
uf200-087.cnf,D_lkk_kissat,1,3.95121,0.277394,0.427159,0.280268,0,0,164.785,3.76807,38.5535,186.685,UNKNOWN,True,4268
uf200-087.cnf,E_lkk_selector,1,2.68204,0.221646,0.361834,0.217174,0,0,144.039,1.72238,25.7614,163.074,UNKNOWN,True,4308
uf200-088.cnf,C_lkk_cadical,1,13.0309,0.227319,0.3824,0.30167,0,0,244.284,0,0,260.901,UNKNOWN,True,6604
uf200-088.cnf,D_lkk_kissat,1,3.2793,0.241837,0.392539,0.307389,0,0,92.8954,2.30437,25.1998,111.322,UNKNOWN,True,4232
uf200-088.cnf,E_lkk_selector,1,3.9457,0.266218,0.4291,0.329108,0,0,94.0033,2.05798,26.0613,114.758,UNKNOWN,True,4440
uf200-089.cnf,D_lkk_kissat,1,11.665,0.206735,0.363443,0.240647,0,0,98.0216,1.64219,19.6638,124.613,UNKNOWN,True,4280
uf200-089.cnf,E_lkk_selector,1,3.6892,0.212409,0.348486,0.238358,0,0,101.48,2.11564,23.5957,122.688,UNKNOWN,True,4164
uf200-089.cnf,C_lkk_cadical,1,3.46053,0.243339,0.402543,0.269336,0,0,226.407,0,0,232.162,UNKNOWN,True,6276
uf200-09.cnf,E_lkk_selector,1,11.9063,0.222102,0.366998,0.209971,0,0,339.121,1.95383,31.0751,364.543,UNKNOWN,True,4416
uf200-09.cnf,C_lkk_cadical,1,3.55818,0.264914,0.427093,0.237473,0,0,407.906,0,0,413.608,UNKNOWN,True,7008
uf200-09.cnf,D_lkk_kissat,1,5.08853,0.286564,0.435934,0.234788,0,0,371.708,2.53799,34.2459,392.885,UNKNOWN,True,4244
uf200-092.cnf,C_lkk_cadical,1,2.87999,0.187944,0.338754,0.183143,0,0,240.776,0,0,246.243,UNKNOWN,True,6572
uf200-092.cnf,D_lkk_kissat,1,3.36846,0.255558,0.419589,0.227448,0,0,197.6,2.05153,29.6519,218.275,UNKNOWN,True,4384
uf200-092.cnf,E_lkk_selector,1,4.47007,0.247605,0.378812,0.22991,0,0,165.12,2.43884,27.5588,183.197,UNKNOWN,True,4316
uf200-093.cnf,C_lkk_cadical,1,2.62792,0.19246,0.326243,0.270711,0,0,76.282,0,0,81.0584,UNKNOWN,True,6188
uf200-093.cnf,D_lkk_kissat,1,3.2814,0.214357,0.360703,0.319625,0,0,69.2574,1.78044,21.0378,88.6128,UNKNOWN,True,4344
uf200-093.cnf,E_lkk_selector,1,2.86737,0.23676,0.351824,0.301463,0,0,87.4981,1.65756,19.1556,105.732,UNKNOWN,True,4284
uf200-094.cnf,C_lkk_cadical,1,15.8335,0.235284,0.406898,0.218972,0,0,88.5096,0,0,106.96,UNKNOWN,True,6176
uf200-094.cnf,D_lkk_kissat,1,2.82626,0.23717,0.376833,0.204224,0,0,182.845,2.00105,24.8463,197.893,UNKNOWN,True,4288
uf200-094.cnf,E_lkk_selector,1,3.44749,0.260498,0.414831,0.245015,0,0,171.991,2.43117,24.4218,191.797,UNKNOWN,True,4296
uf200-095.cnf,D_lkk_kissat,1,16.0972,0.272161,0.429418,0.275182,0,0,164.968,2.74091,27.7085,196.31,UNKNOWN,True,4344
uf200-095.cnf,E_lkk_selector,1,2.91393,0.219938,0.361882,0.251608,0,0,171.234,1.53025,22.7639,189.678,UNKNOWN,True,4284
uf200-095.cnf,C_lkk_cadical,1,2.31789,0.179122,0.304987,0.195253,0,0,163.957,0,0,169.11,UNKNOWN,True,6560
uf200-096.cnf,E_lkk_selector,1,12.0394,0.188587,0.297605,0.214698,0,0,74.4775,1.58774,16.0652,99.1144,UNKNOWN,True,4204
uf200-096.cnf,C_lkk_cadical,1,2.37415,0.180854,0.318341,0.218975,0,0,56.3749,0,0,60.9763,UNKNOWN,True,6124
uf200-096.cnf,D_lkk_kissat,1,2.37452,0.178781,0.300633,0.215871,0,0,81.0988,1.46039,22.5592,98.7342,UNKNOWN,True,4184
uf200-097.cnf,C_lkk_cadical,1,3.10794,0.220386,0.328808,0.161102,0,0,180.035,0,0,185.13,UNKNOWN,True,6516
uf200-097.cnf,D_lkk_kissat,1,2.35189,0.183099,0.293811,0.144813,0,0,71.7542,1.53737,13.2916,85.9452,UNKNOWN,True,4184
uf200-097.cnf,E_lkk_selector,1,2.76964,0.192709,0.332452,0.162265,0,0,76.2705,1.71636,17.9869,92.9146,UNKNOWN,True,4416
uf200-098.cnf,C_lkk_cadical,1,3.06582,0.248148,0.372419,0.255995,0,0,478.498,0,0,484.151,UNKNOWN,True,7268
uf200-098.cnf,D_lkk_kissat,1,2.53668,0.201871,0.335597,0.241915,0,0,78.0593,1.65257,19.7119,93.6114,UNKNOWN,True,4368
uf200-098.cnf,E_lkk_selector,1,3.25228,0.215649,0.338823,0.231542,0,0,81.1916,1.99375,23.1854,97.636,UNKNOWN,True,4268
uf200-099.cnf,C_lkk_cadical,1,15.1276,0.251817,0.372461,0.226357,0,0,354.108,0,0,371.623,UNKNOWN,True,7264
uf200-099.cnf,D_lkk_kissat,1,3.14864,0.226111,0.365471,0.215927,0,0,75.5516,1.7789,17.3305,95.1122,UNKNOWN,True,4200
uf200-099.cnf,E_lkk_selector,1,4.30687,0.266793,0.4538,0.265442,0,0,99.4772,2.59969,32.0769,120.092,UNKNOWN,True,4360
uuf200-01.cnf,D_lkk_kissat,1,11.7915,0.219985,0.329327,0.244899,0,0,423.791,1.8767,35.6674,450.373,UNKNOWN,True,4428
uuf200-01.cnf,E_lkk_selector,1,2.96299,0.209983,0.297401,0.207167,0,0,443.216,1.89582,25.1118,466.855,UNKNOWN,True,4236
uuf200-01.cnf,C_lkk_cadical,1,3.03198,0.209453,0.339024,0.240606,0,0,405.117,0,0,410.407,UNKNOWN,True,6748
uuf200-04.cnf,E_lkk_selector,1,18.058,0.272503,0.421886,0.274889,0,0,989.569,3.09158,-7.33981,1025.01,UNKNOWN,True,4352
uuf200-04.cnf,C_lkk_cadical,1,4.5473,0.275084,0.454897,0.285544,0,0,2042.23,0,0,2050.99,UNKNOWN,True,8904
uuf200-04.cnf,D_lkk_kissat,1,4.59202,0.402544,0.514786,0.289989,0,0,1274.9,2.92458,277.827,1295.79,UNKNOWN,True,4416
uuf200-05.cnf,C_lkk_cadical,1,3.33211,0.222101,0.341316,0.178508,0,0,549.939,0,0,555.963,UNKNOWN,True,6984
uuf200-05.cnf,D_lkk_kissat,1,2.99144,0.213234,0.359112,0.199456,0,0,528.688,2.07549,40.7634,547.264,UNKNOWN,True,4268
uuf200-05.cnf,E_lkk_selector,1,3.94653,0.236799,0.424399,0.211252,0,0,570.547,2.44176,-427.011,588.649,UNKNOWN,True,4344
uuf200-06.cnf,C_lkk_cadical,1,2.45637,0.193102,0.324098,0.231669,0,0,468.593,0,0,473.352,UNKNOWN,True,7080
uuf200-06.cnf,D_lkk_kissat,1,3.68292,0.26189,0.38803,0.277157,0,0,470.118,2.1031,32.2206,487.771,UNKNOWN,True,4364
uuf200-06.cnf,E_lkk_selector,1,2.92528,0.25716,0.34849,0.262529,0,0,509.264,1.64727,30.9118,527.298,UNKNOWN,True,4360
uuf200-08.cnf,C_lkk_cadical,1,15.8305,0.260107,0.386825,0.190452,0,0,637.075,0,0,656.009,UNKNOWN,True,6864
uuf200-08.cnf,D_lkk_kissat,1,3.41863,0.26187,0.3918,0.192161,0,0,609.564,2.27832,-388.158,627.637,UNKNOWN,True,4104
uuf200-08.cnf,E_lkk_selector,1,2.56846,0.214558,0.335208,0.166802,0,0,596.07,1.64664,-402.283,612.647,UNKNOWN,True,4340
uuf200-09.cnf,D_lkk_kissat,1,11.9568,0.204892,0.361276,0.19271,0,0,322.869,1.88206,24.7507,346.716,UNKNOWN,True,4260
uuf200-09.cnf,E_lkk_selector,1,2.46521,0.183576,0.323624,0.167943,0,0,322.602,1.3955,33.9975,337.929,UNKNOWN,True,4168
uuf200-09.cnf,C_lkk_cadical,1,2.83498,0.219401,0.363773,0.194045,0,0,320.29,0,0,325.67,UNKNOWN,True,6416
uuf200-010.cnf,E_lkk_selector,1,38.1439,0.29969,0.464175,0.312429,0,0,751.626,2.87603,-245.498,804.321,UNKNOWN,True,4356
uuf200-010.cnf,C_lkk_cadical,1,2.74605,0.208813,0.329559,0.226133,0,0,645.097,0,0,650.802,UNKNOWN,True,6948
uuf200-010.cnf,D_lkk_kissat,1,3.04164,0.208187,0.337956,0.22584,0,0,677.352,1.71417,-320.934,695.892,UNKNOWN,True,4108
uuf200-011.cnf,C_lkk_cadical,1,3.40139,0.246078,0.448105,0.303035,0,0,465.851,0,0,472.475,UNKNOWN,True,6952
uuf200-011.cnf,D_lkk_kissat,1,2.23502,0.198943,0.307387,0.232812,0,0,584.085,1.54691,-414.368,597.641,UNKNOWN,True,4400
uuf200-011.cnf,E_lkk_selector,1,2.47025,0.18338,0.303242,0.216368,0,0,627.805,1.72905,-370.466,643.657,UNKNOWN,True,4324
uuf200-012.cnf,C_lkk_cadical,1,2.54915,0.197546,0.345316,0.169803,0,0,526.354,0,0,531.417,UNKNOWN,True,6864
uuf200-012.cnf,D_lkk_kissat,1,3.25201,0.232122,0.369764,0.186419,0,0,651.04,2.05356,-346.906,668.516,UNKNOWN,True,4192
uuf200-012.cnf,E_lkk_selector,1,4.08,0.269718,0.439074,0.231447,0,0,708.858,2.5385,-288.604,728.087,UNKNOWN,True,4336
uuf200-013.cnf,C_lkk_cadical,1,11.891,0.244839,0.341546,0.248121,0,0,377.737,0,0,392.731,UNKNOWN,True,7116
uuf200-013.cnf,D_lkk_kissat,1,2.78865,0.220052,0.370617,0.277646,0,0,334.526,1.62457,36.1507,349.187,UNKNOWN,True,4400
uuf200-013.cnf,E_lkk_selector,1,3.26728,0.224342,0.418142,0.290963,0,0,310.817,1.92657,32.7437,325.233,UNKNOWN,True,4388
uuf200-014.cnf,D_lkk_kissat,1,12.292,0.210458,0.319681,0.168631,0,0,609.406,1.85367,-388.741,636.147,UNKNOWN,True,4260
uuf200-014.cnf,E_lkk_selector,1,2.54821,0.225776,0.347601,0.193087,0,0,639.891,1.6506,-358.459,656.659,UNKNOWN,True,4384
uuf200-014.cnf,C_lkk_cadical,1,3.56013,0.266022,0.429204,0.210623,0,0,699.852,0,0,706.378,UNKNOWN,True,7368
uuf200-015.cnf,E_lkk_selector,1,15.6946,0.253265,0.42023,0.302815,0,0,392.118,2.88543,45.0034,424.287,UNKNOWN,True,4300
uuf200-015.cnf,C_lkk_cadical,1,4.29602,0.252739,0.423709,0.305598,0,0,490.826,0,0,498.488,UNKNOWN,True,6996
uuf200-015.cnf,D_lkk_kissat,1,2.8975,0.214827,0.440007,0.274496,0,0,377.873,1.53219,29.4056,396.559,UNKNOWN,True,4356
uuf200-016.cnf,C_lkk_cadical,1,4.83751,0.269543,0.471495,0.204031,0,0,419.605,0,0,427.415,UNKNOWN,True,6600
uuf200-016.cnf,D_lkk_kissat,1,2.82508,0.256153,0.369511,0.174984,0,0,616.854,1.85958,-381.286,636.079,UNKNOWN,True,4172
uuf200-016.cnf,E_lkk_selector,1,6.03658,0.354117,0.508287,0.249556,0,0,914.982,3.53678,-81.4811,943.1,UNKNOWN,True,4384
uuf200-018.cnf,C_lkk_cadical,1,3.51418,0.259347,0.418874,0.312325,0,0,441.897,0,0,449.047,UNKNOWN,True,6692
uuf200-018.cnf,D_lkk_kissat,1,3.57748,0.245195,0.47254,0.310031,0,0,743.363,2.52892,-254.108,762.789,UNKNOWN,True,4360
uuf200-018.cnf,E_lkk_selector,1,3.64257,0.244284,0.399481,0.300265,0,0,706.024,2.32895,-291.647,729.909,UNKNOWN,True,4324
uuf200-020.cnf,C_lkk_cadical,1,18.8343,0.292145,0.397666,0.352999,0,0,257.787,0,0,279.757,UNKNOWN,True,6544
uuf200-020.cnf,D_lkk_kissat,1,3.68675,0.270733,0.421866,0.37393,0,0,292.298,2.16751,34.4652,313.29,UNKNOWN,True,4356
uuf200-020.cnf,E_lkk_selector,1,4.25915,0.293226,0.49536,0.42151,0,0,277.779,3.17974,40.9585,302.344,UNKNOWN,True,4124
uuf200-021.cnf,D_lkk_kissat,1,15.1765,0.235573,0.509477,0.299755,0,0,399.031,2.24642,31.2773,432.578,UNKNOWN,True,4384
uuf200-021.cnf,E_lkk_selector,1,3.13034,0.225724,0.346416,0.206778,0,0,402.292,2.28491,34.5764,419.47,UNKNOWN,True,4180
uuf200-021.cnf,C_lkk_cadical,1,2.87017,0.217476,0.379906,0.206923,0,0,511.925,0,0,517.261,UNKNOWN,True,7216
uuf200-022.cnf,E_lkk_selector,1,14.3707,0.211834,0.378363,0.205623,0,0,563.333,2.36674,-434.3,591.615,UNKNOWN,True,4204
uuf200-022.cnf,C_lkk_cadical,1,3.49451,0.235984,0.354056,0.208601,0,0,520.058,0,0,525.989,UNKNOWN,True,7208
uuf200-022.cnf,D_lkk_kissat,1,2.91531,0.211729,0.422625,0.225436,0,0,552.684,1.92288,-445.393,570.662,UNKNOWN,True,4360
uuf200-024.cnf,C_lkk_cadical,1,3.22326,0.206655,0.334625,0.266649,0,0,820.566,0,0,827.194,UNKNOWN,True,7776
uuf200-024.cnf,D_lkk_kissat,1,3.4222,0.213352,0.361641,0.21565,0,0,792.296,2.80156,-204.902,818.745,UNKNOWN,True,4328
uuf200-024.cnf,E_lkk_selector,1,5.57782,0.416543,0.667885,0.385171,0,0,735.522,3.72963,-260.748,760.588,UNKNOWN,True,4416
uuf200-025.cnf,C_lkk_cadical,1,3.38919,0.239817,0.398727,0.286054,0,0,866.273,0,0,872.991,UNKNOWN,True,6956
uuf200-025.cnf,D_lkk_kissat,1,2.95258,0.212283,0.338363,0.242662,0,0,761.542,2.1623,-236.296,785.86,UNKNOWN,True,4360
uuf200-025.cnf,E_lkk_selector,1,3.8899,0.228512,0.370351,0.282605,0,0,771.574,2.88301,-225.543,794.08,UNKNOWN,True,4280
uuf200-026.cnf,C_lkk_cadical,1,17.6264,0.308186,0.444068,0.338461,0,0,743.153,0,0,763.611,UNKNOWN,True,6800
uuf200-026.cnf,D_lkk_kissat,1,8.0363,0.449284,0.7226,0.534689,0,0,1054.71,5.48223,60.1889,1090.13,UNKNOWN,True,4204
uuf200-026.cnf,E_lkk_selector,1,3.46716,0.239302,0.396621,0.302388,0,0,881.31,2.37594,-116.314,903.421,UNKNOWN,True,4300
uuf200-027.cnf,D_lkk_kissat,1,18.6246,0.255911,0.433325,0.268385,0,0,384.732,2.52125,37.2536,420.413,UNKNOWN,True,4336
uuf200-027.cnf,E_lkk_selector,1,2.30145,0.201974,0.34899,0.202633,0,0,334.34,1.709,26.0491,349.069,UNKNOWN,True,4264
uuf200-027.cnf,C_lkk_cadical,1,3.56538,0.242566,0.372997,0.238839,0,0,485.615,0,0,491.963,UNKNOWN,True,7084
uuf200-028.cnf,E_lkk_selector,1,15.6356,0.247523,0.392364,0.24569,0,0,511.236,2.18752,33.4234,540.957,UNKNOWN,True,4364
uuf200-028.cnf,C_lkk_cadical,1,2.68153,0.200388,0.327942,0.221365,0,0,485.143,0,0,491.113,UNKNOWN,True,7112
uuf200-028.cnf,D_lkk_kissat,1,2.91147,0.220798,0.366668,0.22654,0,0,578.515,1.66214,-419.823,596.553,UNKNOWN,True,4416
uuf200-029.cnf,C_lkk_cadical,1,2.8923,0.208246,0.369694,0.232519,0,0,599.958,0,0,605.556,UNKNOWN,True,7180
uuf200-029.cnf,D_lkk_kissat,1,3.12061,0.243197,0.405097,0.253775,0,0,497.273,2.24189,39.5152,531.461,UNKNOWN,True,4292
uuf200-029.cnf,E_lkk_selector,1,2.7041,0.199023,0.339339,0.229722,0,0,505.103,1.83413,36.9369,522.512,UNKNOWN,True,4332
uuf200-030.cnf,C_lkk_cadical,1,4.12193,0.274247,0.455528,0.225729,0,0,206.108,0,0,213.02,UNKNOWN,True,6336
uuf200-030.cnf,D_lkk_kissat,1,3.45417,0.240548,0.385094,0.234125,0,0,261.749,2.13108,33.8797,278.458,UNKNOWN,True,4280
uuf200-030.cnf,E_lkk_selector,1,3.13031,0.207631,0.328523,0.168682,0,0,217.641,1.86074,19.5021,233.062,UNKNOWN,True,4268
uuf200-031.cnf,C_lkk_cadical,1,11.6108,0.168934,0.279867,0.154821,0,0,363.738,0,0,378.01,UNKNOWN,True,6968
uuf200-031.cnf,D_lkk_kissat,1,2.98908,0.206841,0.311194,0.171393,0,0,339.174,1.76379,30.938,357.188,UNKNOWN,True,4276
uuf200-031.cnf,E_lkk_selector,1,3.07665,0.218408,0.419466,0.196372,0,0,359.381,1.91139,31.292,377.625,UNKNOWN,True,4260
uuf200-032.cnf,D_lkk_kissat,1,17.2638,0.187123,0.299833,0.198184,0,0,525.703,1.50761,37.2105,556.414,UNKNOWN,True,4424
uuf200-032.cnf,E_lkk_selector,1,2.57298,0.195504,0.308537,0.2011,0,0,525.145,1.64418,36.7892,541.115,UNKNOWN,True,4192
uuf200-032.cnf,C_lkk_cadical,1,3.10982,0.235374,0.365552,0.261927,0,0,639.942,0,0,646.272,UNKNOWN,True,6892
uuf200-033.cnf,E_lkk_selector,1,11.7111,0.203599,0.323005,0.190919,0,0,474.083,1.69918,25.7824,499.608,UNKNOWN,True,4172
uuf200-033.cnf,C_lkk_cadical,1,2.28379,0.173947,0.287874,0.152425,0,0,213.951,0,0,218.246,UNKNOWN,True,6544
uuf200-033.cnf,D_lkk_kissat,1,2.20425,0.179312,0.301198,0.162788,0,0,530.88,1.59334,-467.526,549.954,UNKNOWN,True,4356
uuf200-034.cnf,C_lkk_cadical,1,4.23656,0.249399,0.41726,0.324949,0,0,419.566,0,0,426.301,UNKNOWN,True,6884
uuf200-034.cnf,D_lkk_kissat,1,3.08918,0.244454,0.376758,0.297699,0,0,476.992,2.03479,39.0268,496.479,UNKNOWN,True,4108
uuf200-034.cnf,E_lkk_selector,1,2.91912,0.201696,0.326661,0.266765,0,0,364.33,1.7233,26.0537,379.013,UNKNOWN,True,4108
uuf200-035.cnf,C_lkk_cadical,1,2.36365,0.182355,0.302173,0.251641,0,0,393.34,0,0,398.057,UNKNOWN,True,6748
uuf200-035.cnf,D_lkk_kissat,1,2.36267,0.193234,0.282676,0.238588,0,0,412.874,1.6195,34.4939,425.402,UNKNOWN,True,4240
uuf200-035.cnf,E_lkk_selector,1,3.10805,0.222876,0.334506,0.279577,0,0,478.621,1.93031,30.5508,497.134,UNKNOWN,True,4116
uuf200-037.cnf,C_lkk_cadical,1,11.455,0.183227,0.308955,0.148123,0,0,536.367,0,0,549.878,UNKNOWN,True,6792
uuf200-037.cnf,D_lkk_kissat,1,2.77047,0.213208,0.368301,0.173845,0,0,708.286,1.93654,-289.777,732.987,UNKNOWN,True,4356
uuf200-037.cnf,E_lkk_selector,1,2.25912,0.173806,0.293255,0.141339,0,0,594.728,1.37081,-403.901,611.887,UNKNOWN,True,4376
uuf200-038.cnf,D_lkk_kissat,1,16.5883,0.228688,0.391092,0.220144,0,0,532.047,2.15284,44.1994,568.334,UNKNOWN,True,4352
uuf200-038.cnf,E_lkk_selector,1,3.71133,0.267249,0.452759,0.24832,0,0,541.779,2.26316,-455.958,563.332,UNKNOWN,True,4376
uuf200-038.cnf,C_lkk_cadical,1,3.87077,0.237085,0.392812,0.218863,0,0,466.345,0,0,472.915,UNKNOWN,True,6928
uuf200-039.cnf,E_lkk_selector,1,10.8285,0.216496,0.341066,0.229058,0,0,369.577,1.97181,31.5485,393.981,UNKNOWN,True,4288
uuf200-039.cnf,C_lkk_cadical,1,2.8731,0.208015,0.339715,0.220746,0,0,243.785,0,0,249.438,UNKNOWN,True,6528
uuf200-039.cnf,D_lkk_kissat,1,2.55105,0.198119,0.345804,0.218521,0,0,359.348,1.65207,31,376.649,UNKNOWN,True,4292
uuf200-040.cnf,C_lkk_cadical,1,3.7023,0.337611,0.513706,0.280371,0,0,488.667,0,0,495.915,UNKNOWN,True,6856
uuf200-040.cnf,D_lkk_kissat,1,4.86561,0.330234,0.545446,0.314296,0,0,657.252,3.27918,-339.469,681.729,UNKNOWN,True,4200
uuf200-040.cnf,E_lkk_selector,1,3.63092,0.298974,0.449556,0.266866,0,0,694.372,2.25593,-303.372,715.099,UNKNOWN,True,4176
uuf200-041.cnf,C_lkk_cadical,1,3.21036,0.252142,0.391538,0.254601,0,0,460.398,0,0,467.632,UNKNOWN,True,6772
uuf200-041.cnf,D_lkk_kissat,1,4.63053,0.278709,0.449951,0.3052,0,0,437.131,2.47464,39.6058,462.577,UNKNOWN,True,4244
uuf200-041.cnf,E_lkk_selector,1,4.52409,0.267979,0.427855,0.272817,0,0,424.041,2.39466,36.4358,448.269,UNKNOWN,True,4364
uuf200-042.cnf,C_lkk_cadical,1,10.2203,0.194714,0.312808,0.163816,0,0,255.389,0,0,268.682,UNKNOWN,True,6432
uuf200-042.cnf,D_lkk_kissat,1,2.49509,0.187311,0.331377,0.169052,0,0,304.158,1.52782,25.6857,318.224,UNKNOWN,True,4380
uuf200-042.cnf,E_lkk_selector,1,3.2661,0.213274,0.376991,0.185031,0,0,330.855,1.76921,32.6243,345.492,UNKNOWN,True,4416
uuf200-043.cnf,D_lkk_kissat,1,13.0862,0.179765,0.311747,0.213825,0,0,387.29,1.49418,28.7843,410.783,UNKNOWN,True,4240
uuf200-043.cnf,E_lkk_selector,1,2.2631,0.179014,0.294839,0.207692,0,0,477.872,1.69925,29.5709,494.777,UNKNOWN,True,4292
uuf200-043.cnf,C_lkk_cadical,1,3.27074,0.364664,0.424147,0.293641,0,0,465.979,0,0,472.172,UNKNOWN,True,6920
uuf200-044.cnf,E_lkk_selector,1,17.8596,0.244695,0.478046,0.348467,0,0,546.256,2.7281,-451.016,586.954,UNKNOWN,True,4340
uuf200-044.cnf,C_lkk_cadical,1,3.74604,0.258535,0.430172,0.288194,0,0,388.821,0,0,395.547,UNKNOWN,True,6728
uuf200-044.cnf,D_lkk_kissat,1,3.37835,0.253255,0.432296,0.288181,0,0,526.573,2.46651,39.0396,544.5,UNKNOWN,True,4248
uuf200-045.cnf,C_lkk_cadical,1,2.81129,0.210098,0.352388,0.220922,0,0,498.474,0,0,504.144,UNKNOWN,True,6660
uuf200-045.cnf,D_lkk_kissat,1,2.4417,0.207135,0.323416,0.210629,0,0,817.361,1.6599,-180.979,833.54,UNKNOWN,True,4588
uuf200-045.cnf,E_lkk_selector,1,2.57011,0.176298,0.298199,0.190439,0,0,762.101,1.68717,-236.211,776.538,UNKNOWN,True,4584
uuf200-046.cnf,C_lkk_cadical,1,2.34703,0.187811,0.344848,0.183213,0,0,767.238,0,0,771.781,UNKNOWN,True,7488
uuf200-046.cnf,D_lkk_kissat,1,2.63928,0.184745,0.3038,0.167352,0,0,703.609,1.52593,-294.865,718.033,UNKNOWN,True,4284
uuf200-046.cnf,E_lkk_selector,1,4.68236,0.261969,0.485585,0.297568,0,0,934.808,2.66764,-62.5241,958.455,UNKNOWN,True,4264
uuf200-047.cnf,C_lkk_cadical,1,37.1099,0.251217,0.419525,0.219055,0,0,405.82,0,0,445.896,UNKNOWN,True,6676
uuf200-047.cnf,D_lkk_kissat,1,3.43304,0.253028,0.417443,0.210779,0,0,341.625,2.48128,44.1065,362.817,UNKNOWN,True,4348
uuf200-047.cnf,E_lkk_selector,1,4.33409,0.292023,0.480843,0.254938,0,0,337.648,2.88642,40.5343,356.734,UNKNOWN,True,4332
uuf200-048.cnf,D_lkk_kissat,1,22.1298,0.395389,0.630044,0.34125,0,0,610.891,3.57519,-385.533,652.34,UNKNOWN,True,4172
uuf200-048.cnf,E_lkk_selector,1,5.02623,0.272542,0.46005,0.223299,0,0,700.533,3.0396,-296.427,726.738,UNKNOWN,True,4340
uuf200-048.cnf,C_lkk_cadical,1,4.36617,0.273164,0.425933,0.208875,0,0,464.139,0,0,471.56,UNKNOWN,True,6764
uuf200-049.cnf,E_lkk_selector,1,14.1986,0.260841,0.411406,0.239694,0,0,604.429,2.90764,-392.663,634.172,UNKNOWN,True,4272
uuf200-049.cnf,C_lkk_cadical,1,2.46317,0.181879,0.304325,0.175205,0,0,616.809,0,0,622.058,UNKNOWN,True,7436
uuf200-049.cnf,D_lkk_kissat,1,2.29175,0.181874,0.307518,0.173556,0,0,589.643,1.54479,-408.812,605.543,UNKNOWN,True,4208
uuf200-050.cnf,C_lkk_cadical,1,3.67939,0.248997,0.441558,0.228351,0,0,520.022,0,0,526.521,UNKNOWN,True,6724
uuf200-050.cnf,D_lkk_kissat,1,2.82381,0.214357,0.345191,0.167042,0,0,463.581,1.75306,35.3344,481.097,UNKNOWN,True,4172
uuf200-050.cnf,E_lkk_selector,1,3.96159,0.285545,0.435088,0.215536,0,0,477.021,2.21822,29.2394,494.834,UNKNOWN,True,4356
uuf200-052.cnf,C_lkk_cadical,1,2.63045,0.187431,0.299676,0.226516,0,0,577.042,0,0,582.168,UNKNOWN,True,7076
uuf200-052.cnf,D_lkk_kissat,1,3.63615,0.251915,0.392808,0.240778,0,0,761.713,2.32877,-235.959,779.999,UNKNOWN,True,4464
uuf200-052.cnf,E_lkk_selector,1,2.52483,0.179292,0.301006,0.19762,0,0,683.104,1.44168,-315.455,697.056,UNKNOWN,True,4464
uuf200-053.cnf,C_lkk_cadical,1,10.8037,0.244156,0.383598,0.229039,0,0,261.03,0,0,274.359,UNKNOWN,True,6280
uuf200-053.cnf,D_lkk_kissat,1,3.96955,0.268553,0.412505,0.252758,0,0,298.343,2.4578,30.8012,317.352,UNKNOWN,True,4212
uuf200-053.cnf,E_lkk_selector,1,2.20138,0.166634,0.289234,0.175451,0,0,311.006,1.72994,22.7356,327.41,UNKNOWN,True,4384
uuf200-054.cnf,D_lkk_kissat,1,15.4371,0.269407,0.396815,0.232299,0,0,733.396,1.98846,-264.616,763.483,UNKNOWN,True,4280
uuf200-054.cnf,E_lkk_selector,1,2.30462,0.188848,0.301823,0.198691,0,0,703.282,1.65583,-295.062,719.045,UNKNOWN,True,4336
uuf200-054.cnf,C_lkk_cadical,1,7.93223,0.451195,0.785042,0.461408,0,0,1144.03,0,0,1155.54,UNKNOWN,True,7412
uuf200-055.cnf,E_lkk_selector,1,17.4065,0.281879,0.457541,0.305028,0,0,466.789,2.9358,39.7249,500.398,UNKNOWN,True,4180
uuf200-055.cnf,C_lkk_cadical,1,4.56584,0.235321,0.377801,0.230934,0,0,453.094,0,0,460.779,UNKNOWN,True,6872
uuf200-055.cnf,D_lkk_kissat,1,3.22749,0.22254,0.359552,0.227658,0,0,526.026,2.36924,38.3953,546.973,UNKNOWN,True,4360
uuf200-056.cnf,C_lkk_cadical,1,3.01423,0.261287,0.364702,0.226057,0,0,823.853,0,0,829.696,UNKNOWN,True,7840
uuf200-056.cnf,D_lkk_kissat,1,3.97229,0.252068,0.412567,0.262598,0,0,729.418,2.38323,-268.198,751.414,UNKNOWN,True,4340
uuf200-056.cnf,E_lkk_selector,1,3.85101,0.255949,0.431353,0.243274,0,0,641.898,2.79879,-355.303,660.174,UNKNOWN,True,4332
uuf200-057.cnf,C_lkk_cadical,1,2.54045,0.191102,0.33402,0.198575,0,0,375.087,0,0,380.058,UNKNOWN,True,6596
uuf200-057.cnf,D_lkk_kissat,1,3.6818,0.276842,0.428757,0.267737,0,0,467.612,2.57463,40.1864,491.132,UNKNOWN,True,4400
uuf200-057.cnf,E_lkk_selector,1,4.11845,0.271345,0.402253,0.260398,0,0,479.415,2.92048,42.3355,500.163,UNKNOWN,True,4172
uuf200-058.cnf,C_lkk_cadical,1,14.5376,0.245638,0.41875,0.25891,0,0,629.384,0,0,646.788,UNKNOWN,True,7164
uuf200-058.cnf,D_lkk_kissat,1,3.01094,0.22238,0.358753,0.236391,0,0,519.202,1.77628,30.9778,538.163,UNKNOWN,True,4264
uuf200-058.cnf,E_lkk_selector,1,2.98341,0.201125,0.324074,0.187825,0,0,587.077,1.52091,-411.402,603.686,UNKNOWN,True,4348
uuf200-059.cnf,D_lkk_kissat,1,13.3882,0.250251,0.383287,0.256415,0,0,411.038,2.33578,33.3738,443.067,UNKNOWN,True,4304
uuf200-059.cnf,E_lkk_selector,1,3.32657,0.262449,0.41018,0.285056,0,0,403.717,2.43787,36.1553,423.945,UNKNOWN,True,4240
uuf200-059.cnf,C_lkk_cadical,1,3.76861,0.263598,0.428185,0.284143,0,0,451.786,0,0,458.706,UNKNOWN,True,6836
uuf200-062.cnf,E_lkk_selector,1,16.8356,0.307016,0.425665,0.361778,0,0,271.518,2.4154,33.9337,303.632,UNKNOWN,True,4296
uuf200-062.cnf,C_lkk_cadical,1,3.50788,0.266855,0.444836,0.317988,0,0,200.592,0,0,207.708,UNKNOWN,True,6476
uuf200-062.cnf,D_lkk_kissat,1,3.21221,0.241134,0.38573,0.273214,0,0,240.549,1.96287,32.5115,256.653,UNKNOWN,True,4432
uuf200-063.cnf,C_lkk_cadical,1,3.64446,0.281604,0.439501,0.213396,0,0,473.695,0,0,479.748,UNKNOWN,True,6784
uuf200-063.cnf,D_lkk_kissat,1,3.31725,0.213613,0.354229,0.167887,0,0,662.438,1.69128,-335.87,680.581,UNKNOWN,True,4344
uuf200-063.cnf,E_lkk_selector,1,4.85734,0.269121,0.404535,0.200657,0,0,764.322,3.1932,-232.484,788.399,UNKNOWN,True,4340
uuf200-064.cnf,C_lkk_cadical,1,3.67761,0.214051,0.357897,0.190178,0,0,1024.31,0,0,1030.77,UNKNOWN,True,7956
uuf200-064.cnf,D_lkk_kissat,1,2.30761,0.188099,0.310474,0.165194,0,0,730.954,1.46416,-267.582,749.956,UNKNOWN,True,4172
uuf200-064.cnf,E_lkk_selector,1,2.28693,0.18386,0.306987,0.17804,0,0,670.054,1.61483,-328.331,688.091,UNKNOWN,True,4172
uuf200-065.cnf,C_lkk_cadical,1,14.8946,0.252689,0.382136,0.338053,0,0,562.873,0,0,580.577,UNKNOWN,True,6940
uuf200-065.cnf,D_lkk_kissat,1,2.85998,0.205702,0.336407,0.315147,0,0,475.336,1.96752,27.304,492.267,UNKNOWN,True,4276
uuf200-065.cnf,E_lkk_selector,1,2.58108,0.250046,0.327213,0.288879,0,0,503.93,1.54203,35.4725,523.701,UNKNOWN,True,4368
uuf200-066.cnf,D_lkk_kissat,1,16.1933,0.25823,0.426973,0.321817,0,0,859.915,2.18969,-137.895,889.756,UNKNOWN,True,4320
uuf200-066.cnf,E_lkk_selector,1,2.05326,0.165827,0.374358,0.23957,0,0,888.467,1.46632,-110.067,904.332,UNKNOWN,True,4324
uuf200-066.cnf,C_lkk_cadical,1,3.01104,0.219345,0.371068,0.274997,0,0,1110.2,0,0,1115.98,UNKNOWN,True,7380
uuf200-067.cnf,E_lkk_selector,1,15.8262,0.289721,0.429859,0.277501,0,0,542.93,2.95019,-454.12,575.782,UNKNOWN,True,4360
uuf200-067.cnf,C_lkk_cadical,1,3.11856,0.219301,0.402963,0.240649,0,0,458.329,0,0,463.786,UNKNOWN,True,7136
uuf200-067.cnf,D_lkk_kissat,1,2.69708,0.217578,0.306457,0.254272,0,0,554.071,1.65751,-444.271,570.574,UNKNOWN,True,4368
uuf200-069.cnf,C_lkk_cadical,1,3.03541,0.232688,0.397703,0.198068,0,0,205.528,0,0,211.693,UNKNOWN,True,6444
uuf200-069.cnf,D_lkk_kissat,1,2.87126,0.254432,0.492639,0.206551,0,0,214.631,2.72734,27.3585,232.773,UNKNOWN,True,4168
uuf200-069.cnf,E_lkk_selector,1,3.74572,0.338225,0.417724,0.213209,0,0,238.832,2.68282,31.5152,259.114,UNKNOWN,True,4328
uuf200-070.cnf,C_lkk_cadical,1,3.22065,0.219722,0.376912,0.224511,0,0,316.8,0,0,322.425,UNKNOWN,True,6508
uuf200-070.cnf,D_lkk_kissat,1,3.68519,0.256233,0.396043,0.18475,0,0,538.673,2.13847,-459.188,560.051,UNKNOWN,True,4232
uuf200-070.cnf,E_lkk_selector,1,3.32997,0.192673,0.34434,0.160526,0,0,519.583,1.74705,31.3298,542.16,UNKNOWN,True,4164
uuf200-071.cnf,C_lkk_cadical,1,14.3105,0.258661,0.387688,0.207093,0,0,423.165,0,0,440.009,UNKNOWN,True,6768
uuf200-071.cnf,D_lkk_kissat,1,3.17465,0.227959,0.376506,0.201846,0,0,563.648,2.23266,85.8811,584.142,UNKNOWN,True,4348
uuf200-071.cnf,E_lkk_selector,1,4.5433,0.280878,0.446791,0.258122,0,0,465.98,2.5772,38.5573,486.294,UNKNOWN,True,4288
uuf200-072.cnf,D_lkk_kissat,1,19.8463,0.292744,0.493962,0.346218,0,0,665.172,3.00989,-331.818,706.778,UNKNOWN,True,4340
uuf200-072.cnf,E_lkk_selector,1,3.97044,0.289415,0.462148,0.348912,0,0,621.939,2.44129,-375.62,639.85,UNKNOWN,True,4332
uuf200-072.cnf,C_lkk_cadical,1,3.04732,0.221846,0.345914,0.267793,0,0,427.755,0,0,432.948,UNKNOWN,True,6932
uuf200-073.cnf,E_lkk_selector,1,27.0188,0.298865,0.447281,0.322782,0,0,412.896,3.18232,36.0786,460.041,UNKNOWN,True,4240
uuf200-073.cnf,C_lkk_cadical,1,2.92316,0.213972,0.354573,0.213356,0,0,215.969,0,0,221.323,UNKNOWN,True,6504
uuf200-073.cnf,D_lkk_kissat,1,3.34316,0.192597,0.337264,0.218863,0,0,352.17,2.07493,34.2454,367.015,UNKNOWN,True,4168
uuf200-074.cnf,C_lkk_cadical,1,2.41054,0.192533,0.335473,0.212975,0,0,557.941,0,0,562.732,UNKNOWN,True,6880
uuf200-074.cnf,D_lkk_kissat,1,3.58606,0.22078,0.340657,0.242082,0,0,617.828,1.8768,-380.295,635.187,UNKNOWN,True,4364
uuf200-074.cnf,E_lkk_selector,1,6.6113,0.320338,0.493397,0.322041,0,0,699.182,3.02969,-297.789,725.872,UNKNOWN,True,4352
uuf200-075.cnf,C_lkk_cadical,1,3.93249,0.271747,0.422839,0.23352,0,0,493.554,0,0,500.403,UNKNOWN,True,6756
uuf200-075.cnf,D_lkk_kissat,1,3.38957,0.263334,0.451622,0.214306,0,0,744.721,2.19231,-253.087,761.916,UNKNOWN,True,4212
uuf200-075.cnf,E_lkk_selector,1,5.49069,0.320224,0.595429,0.276204,0,0,800.664,3.49526,-195.841,827.336,UNKNOWN,True,4212
uuf200-076.cnf,C_lkk_cadical,1,16.1898,0.223408,0.364962,0.189649,0,0,182.937,0,0,202.01,UNKNOWN,True,6220
uuf200-076.cnf,D_lkk_kissat,1,3.21823,0.238009,0.374349,0.178084,0,0,205.957,2.17488,28.1323,222.404,UNKNOWN,True,4284
uuf200-076.cnf,E_lkk_selector,1,3.77001,0.301073,0.380116,0.191951,0,0,241.635,2.50636,34.141,261.106,UNKNOWN,True,4108
uuf200-077.cnf,D_lkk_kissat,1,15.9146,0.207321,0.359114,0.223525,0,0,320.2,2.69842,32.8986,349.121,UNKNOWN,True,4364
uuf200-077.cnf,E_lkk_selector,1,4.69852,0.347253,0.705023,0.470429,0,0,361.86,2.59711,34.4567,382.337,UNKNOWN,True,4268
uuf200-077.cnf,C_lkk_cadical,1,2.58035,0.183511,0.306648,0.175952,0,0,277.931,0,0,282.775,UNKNOWN,True,6464
uuf200-078.cnf,E_lkk_selector,1,14.6611,0.2394,0.38472,0.249987,0,0,594.713,2.29847,-402.988,628.565,UNKNOWN,True,4252
uuf200-078.cnf,C_lkk_cadical,1,3.09405,0.218162,0.380709,0.247639,0,0,469.411,0,0,474.974,UNKNOWN,True,6944
uuf200-078.cnf,D_lkk_kissat,1,3.2079,0.200887,0.347392,0.246048,0,0,585.202,1.84561,-412.953,603.377,UNKNOWN,True,4352
uuf200-080.cnf,C_lkk_cadical,1,3.80424,0.280911,0.425276,0.266871,0,0,640.877,0,0,647.415,UNKNOWN,True,7284
uuf200-080.cnf,D_lkk_kissat,1,4.17187,0.238202,0.391658,0.238685,0,0,847.339,2.93804,-149.723,866.13,UNKNOWN,True,4280
uuf200-080.cnf,E_lkk_selector,1,2.37861,0.20221,0.328371,0.254848,0,0,760.122,1.58684,-238.291,773.871,UNKNOWN,True,4356
uuf200-081.cnf,C_lkk_cadical,1,3.08664,0.246701,0.397276,0.245603,0,0,609.25,0,0,615.449,UNKNOWN,True,6648
uuf200-081.cnf,D_lkk_kissat,1,4.05816,0.283131,0.449798,0.365995,0,0,658.746,2.7822,-338.472,677.69,UNKNOWN,True,4388
uuf200-081.cnf,E_lkk_selector,1,2.97654,0.19698,0.35231,0.213267,0,0,633.797,1.94843,-364.254,648.631,UNKNOWN,True,4220
uuf200-084.cnf,C_lkk_cadical,1,12.0132,0.184468,0.309116,0.174251,0,0,258.485,0,0,272.858,UNKNOWN,True,6492
uuf200-084.cnf,D_lkk_kissat,1,3.34597,0.256694,0.412025,0.242645,0,0,329.621,2.12091,31.7418,347.186,UNKNOWN,True,4352
uuf200-084.cnf,E_lkk_selector,1,3.0018,0.224261,0.372849,0.202283,0,0,285.219,1.94011,27.1591,301.253,UNKNOWN,True,4416
uuf200-086.cnf,D_lkk_kissat,1,14.8296,0.232879,0.38733,0.289604,0,0,593.195,1.90198,-404.903,620.929,UNKNOWN,True,4332
uuf200-086.cnf,E_lkk_selector,1,3.72296,0.245522,0.381825,0.254442,0,0,649.492,2.3221,-348.186,669.698,UNKNOWN,True,4276
uuf200-086.cnf,C_lkk_cadical,1,3.50823,0.209639,0.380674,0.235761,0,0,346.323,0,0,352.287,UNKNOWN,True,6608
uuf200-087.cnf,E_lkk_selector,1,14.2762,0.228354,0.407159,0.176609,0,0,408.798,1.85316,30.6514,435.294,UNKNOWN,True,4348
uuf200-087.cnf,C_lkk_cadical,1,2.45478,0.1981,0.313671,0.154973,0,0,520.666,0,0,526.436,UNKNOWN,True,7492
uuf200-087.cnf,D_lkk_kissat,1,3.27664,0.235474,0.394641,0.198906,0,0,363.392,2.02292,25.4152,379.687,UNKNOWN,True,4192
uuf200-088.cnf,C_lkk_cadical,1,2.67411,0.195988,0.345947,0.201699,0,0,235.905,0,0,240.867,UNKNOWN,True,6512
uuf200-088.cnf,D_lkk_kissat,1,4.47877,0.227776,0.423257,0.222987,0,0,372.007,3.52378,35.5308,395.222,UNKNOWN,True,4180
uuf200-088.cnf,E_lkk_selector,1,2.49219,0.178744,0.300289,0.177448,0,0,324.386,1.69413,26.0798,338.79,UNKNOWN,True,4304
uuf200-090.cnf,C_lkk_cadical,1,3.16518,0.217955,0.344642,0.232149,0,0,367.337,0,0,373.323,UNKNOWN,True,6712
uuf200-090.cnf,D_lkk_kissat,1,2.6046,0.240915,0.296911,0.197507,0,0,440.26,1.57174,31.832,454.665,UNKNOWN,True,4244
uuf200-090.cnf,E_lkk_selector,1,2.34015,0.177887,0.301197,0.202515,0,0,443.583,1.41955,25.0027,458.664,UNKNOWN,True,4244
uuf200-091.cnf,C_lkk_cadical,1,14.6927,0.246555,0.387865,0.26754,0,0,495.929,0,0,514.211,UNKNOWN,True,6732
uuf200-091.cnf,D_lkk_kissat,1,3.88797,0.266369,0.392932,0.237037,0,0,643.536,2.45409,-354.01,659.718,UNKNOWN,True,4352
uuf200-091.cnf,E_lkk_selector,1,5.48989,0.378945,0.600468,0.379875,0,0,658.981,3.34625,-337.672,690.977,UNKNOWN,True,4352
uuf200-092.cnf,D_lkk_kissat,1,13.2553,0.185807,0.296003,0.171966,0,0,565.028,1.71159,-433.26,603.931,UNKNOWN,True,4424
uuf200-092.cnf,E_lkk_selector,1,3.86533,0.261415,0.392168,0.228548,0,0,482.588,2.21481,34.8029,503.839,UNKNOWN,True,4320
uuf200-092.cnf,C_lkk_cadical,1,2.46339,0.180665,0.301108,0.176109,0,0,387.649,0,0,392.519,UNKNOWN,True,6688
uuf200-093.cnf,E_lkk_selector,1,11.4752,0.189633,0.309558,0.234308,0,0,339.239,1.99629,31.2358,365.273,UNKNOWN,True,4228
uuf200-093.cnf,C_lkk_cadical,1,4.01895,0.269104,0.410392,0.29092,0,0,427.502,0,0,434.438,UNKNOWN,True,6600
uuf200-093.cnf,D_lkk_kissat,1,4.1633,0.247225,0.397184,0.270135,0,0,397.737,2.27316,40.0106,422.763,UNKNOWN,True,4244
uuf200-094.cnf,C_lkk_cadical,1,4.55395,0.348686,0.534716,0.26227,0,0,612.965,0,0,621.784,UNKNOWN,True,6856
uuf200-094.cnf,D_lkk_kissat,1,4.24202,0.273777,0.41294,0.240463,0,0,635.021,2.41396,-362.565,658.25,UNKNOWN,True,4352
uuf200-094.cnf,E_lkk_selector,1,4.04974,0.262195,0.437874,0.244824,0,0,674.215,2.47486,-323.31,695.449,UNKNOWN,True,4296
uuf200-095.cnf,C_lkk_cadical,1,3.31103,0.224609,0.370805,0.246944,0,0,894.446,0,0,900.417,UNKNOWN,True,7892
uuf200-095.cnf,D_lkk_kissat,1,3.52493,0.262848,0.403231,0.260124,0,0,706.01,2.39825,-291.592,724.312,UNKNOWN,True,4268
uuf200-095.cnf,E_lkk_selector,1,4.74141,0.286263,0.461556,0.32683,0,0,729.841,2.67027,-267.489,751.734,UNKNOWN,True,4324
uuf200-097.cnf,C_lkk_cadical,1,16.2202,0.263293,0.432977,0.260739,0,0,335.788,0,0,354.702,UNKNOWN,True,7012
uuf200-097.cnf,D_lkk_kissat,1,3.55161,0.294219,0.505555,0.2295,0,0,364.506,1.99842,36.5039,388.381,UNKNOWN,True,4316
uuf200-097.cnf,E_lkk_selector,1,3.71978,0.280215,0.432373,0.277098,0,0,449.667,2.64802,42.3152,472.596,UNKNOWN,True,4336
uuf200-098.cnf,D_lkk_kissat,1,19.1396,0.251733,0.41904,0.290778,0,0,675.263,2.71532,-322.022,714.252,UNKNOWN,True,4180
uuf200-098.cnf,E_lkk_selector,1,2.75675,0.197867,0.339594,0.234444,0,0,790.536,1.71522,-207.749,807.44,UNKNOWN,True,4184
uuf200-098.cnf,C_lkk_cadical,1,3.97415,0.301354,0.421563,0.264033,0,0,637.559,0,0,645.241,UNKNOWN,True,7212
uuf200-099.cnf,E_lkk_selector,1,16.1177,0.234259,0.367059,0.334577,0,0,583.821,2.39226,-413.787,615.21,UNKNOWN,True,4260
uuf200-099.cnf,C_lkk_cadical,1,2.98121,0.216745,0.321502,0.265052,0,0,770.469,0,0,775.874,UNKNOWN,True,7488
uuf200-099.cnf,D_lkk_kissat,1,3.24037,0.228096,0.349781,0.292745,0,0,671.649,1.71285,-326.638,687.741,UNKNOWN,True,4344
002.cnf,C_lkk_cadical,1,,,,,,,,,,60019.85112,,,1752
002.cnf,D_lkk_kissat,1,,,,,,,,,,60009.852931,,,1752
002.cnf,E_lkk_selector,1,,,,,,,,,,60019.091169,,,1624
004.cnf,C_lkk_cadical,1,,,,,,,,,,60029.65666,,,1648
004.cnf,D_lkk_kissat,1,,,,,,,,,,60023.199411,,,1704
004.cnf,E_lkk_selector,1,,,,,,,,,,60024.679958,,,1704
1-ET-256-K-55.sanitized.cnf,C_lkk_cadical,1,,,,,,,,,,60022.037705,,,1552
1-ET-256-K-55.sanitized.cnf,D_lkk_kissat,1,,,,,,,,,,60014.834677,,,1624
1-ET-256-K-55.sanitized.cnf,E_lkk_selector,1,,,,,,,,,,60010.970795,,,1720
1-ET-256-K-70.sanitized.cnf,D_lkk_kissat,1,,,,,,,,,,60014.571752,,,1608
1-ET-256-K-70.sanitized.cnf,E_lkk_selector,1,,,,,,,,,,60006.607089,,,1692
1-ET-256-K-70.sanitized.cnf,C_lkk_cadical,1,568.375,439.383,0,0,0,0,52426.7,0,0,53649.3,UNKNOWN,True,146860
1-ET-512-K-110.sanitized.cnf,E_lkk_selector,1,,,,,,,,,,60030.54641,,,1700
1-ET-512-K-110.sanitized.cnf,C_lkk_cadical,1,,,,,,,,,,60037.422855,,,1624
1-ET-512-K-110.sanitized.cnf,D_lkk_kissat,1,,,,,,,,,,60016.281581,,,1680
1-ET-512-K-96.sanitized.cnf,C_lkk_cadical,1,,,,,,,,,,60029.26129,,,1704
1-ET-512-K-96.sanitized.cnf,D_lkk_kissat,1,,,,,,,,,,60022.591746,,,1648
1-ET-512-K-96.sanitized.cnf,E_lkk_selector,1,,,,,,,,,,60012.298486,,,1700
1-TC-256-K-64.sanitized.cnf,C_lkk_cadical,1,,,,,,,,,,60012.607081,,,1700
1-TC-256-K-64.sanitized.cnf,D_lkk_kissat,1,,,,,,,,,,60017.703684,,,1752
1-TC-256-K-64.sanitized.cnf,E_lkk_selector,1,,,,,,,,,,60024.672091,,,1652
1-TC-256-K-68.sanitized.cnf,C_lkk_cadical,1,,,,,,,,,,60034.429804,,,1552
1-TC-256-K-68.sanitized.cnf,D_lkk_kissat,1,,,,,,,,,,60013.264731,,,1700
1-TC-256-K-68.sanitized.cnf,E_lkk_selector,1,,,,,,,,,,60009.568103,,,1648
1-ZC-512-K-60.sanitized.cnf,D_lkk_kissat,1,,,,,,,,,,60042.241901,,,1624
1-ZC-512-K-60.sanitized.cnf,E_lkk_selector,1,,,,,,,,,,60037.730405,,,1704
1-ZC-512-K-60.sanitized.cnf,C_lkk_cadical,1,,,,,,,,,,60030.179537,,,1680
1-ZC-512-K-61.sanitized.cnf,E_lkk_selector,1,,,,,,,,,,60020.181941,,,1700
1-ZC-512-K-61.sanitized.cnf,C_lkk_cadical,1,,,,,,,,,,60024.73726,,,1692
1-ZC-512-K-61.sanitized.cnf,D_lkk_kissat,1,,,,,,,,,,60033.623396,,,1736
1-ZC-512-K-63.sanitized.cnf,C_lkk_cadical,1,,,,,,,,,,60020.011257,,,1620
1-ZC-512-K-63.sanitized.cnf,D_lkk_kissat,1,,,,,,,,,,60018.086278,,,1748
1-ZC-512-K-63.sanitized.cnf,E_lkk_selector,1,,,,,,,,,,60025.959038,,,1652
1-ZC-512-K-64.sanitized.cnf,C_lkk_cadical,1,,,,,,,,,,60028.892154,,,1548
1-ZC-512-K-64.sanitized.cnf,D_lkk_kissat,1,,,,,,,,,,60056.997628,,,1736
1-ZC-512-K-64.sanitized.cnf,E_lkk_selector,1,,,,,,,,,,60011.632611,,,1740
1-ZC-512-K-65.sanitized.cnf,C_lkk_cadical,1,,,,,,,,,,60017.284249,,,1688
1-ZC-512-K-65.sanitized.cnf,D_lkk_kissat,1,,,,,,,,,,60012.198536,,,1704
1-ZC-512-K-65.sanitized.cnf,E_lkk_selector,1,,,,,,,,,,60006.456928,,,1656
1-ZC-512-K-67.sanitized.cnf,D_lkk_kissat,1,,,,,,,,,,60049.135537,,,1620
1-ZC-512-K-67.sanitized.cnf,E_lkk_selector,1,,,,,,,,,,60048.123142,,,1736
1-ZC-512-K-67.sanitized.cnf,C_lkk_cadical,1,,,,,,,,,,60014.804105,,,1548
170058440.cnf,E_lkk_selector,1,,,,,,,,,,60035.191066,,,1552
170058440.cnf,C_lkk_cadical,1,,,,,,,,,,60051.439751,,,1564
170058440.cnf,D_lkk_kissat,1,,,,,,,,,,60038.241686,,,1652
2dlx_ca_bp_f_liveness.cnf,C_lkk_cadical,1,,,,,,,,,,60014.800015,,,1704
2dlx_ca_bp_f_liveness.cnf,D_lkk_kissat,1,,,,,,,,,,60055.188954,,,1700
2dlx_ca_bp_f_liveness.cnf,E_lkk_selector,1,,,,,,,,,,60054.446349,,,1724
6s130-opt.cnf,C_lkk_cadical,1,,,,,,,,,,60048.749637,,,1736
6s130-opt.cnf,D_lkk_kissat,1,77.3526,48.1132,0,0,0,0,52396.4,43.1429,439.537,52593.9,UNKNOWN,True,42836
6s130-opt.cnf,E_lkk_selector,1,74.1315,48.4547,0,0,0,0,53517.1,38.7346,555.825,53701.7,UNKNOWN,True,44236
Break_18_32.xml.cnf,C_lkk_cadical,1,,,,,,,,,,60054.011548,,,1624
Break_18_32.xml.cnf,D_lkk_kissat,1,,,,,,,,,,60049.099466,,,1700
Break_18_32.xml.cnf,E_lkk_selector,1,,,,,,,,,,60048.777044,,,1716
Break_20_72.xml.cnf,D_lkk_kissat,1,,,,,,,,,,60050.50583,,,1624
Break_20_72.xml.cnf,E_lkk_selector,1,,,,,,,,,,60008.39085,,,1692
Break_20_72.xml.cnf,C_lkk_cadical,1,,,,,,,,,,60049.809781,,,1552
Break_unsat_04_03.xml.cnf,E_lkk_selector,1,10.8939,0.177865,0.327961,0.919409,0,0,34.4541,1.83881,16.2929,58.3594,UNKNOWN,True,4416
Break_unsat_04_03.xml.cnf,C_lkk_cadical,1,2.97155,0.187603,0.360681,0.884029,0,0,6.0054,0,0,11.2546,UNKNOWN,True,5592
Break_unsat_04_03.xml.cnf,D_lkk_kissat,1,3.19461,0.194258,0.343364,0.941812,0,0,38.5775,1.99775,20.5753,57.7941,UNKNOWN,True,4492
Break_unsat_14_23.xml.cnf,C_lkk_cadical,1,,,,,,,,,,60054.553768,,,1652
Break_unsat_14_23.xml.cnf,D_lkk_kissat,1,,,,,,,,,,60040.596196,,,1564
Break_unsat_14_23.xml.cnf,E_lkk_selector,1,,,,,,,,,,60008.032388,,,1656
Break_unsat_16_27.xml.cnf,C_lkk_cadical,1,,,,,,,,,,60053.035814,,,1736
Break_unsat_16_27.xml.cnf,D_lkk_kissat,1,,,,,,,,,,60040.375657,,,1716
Break_unsat_16_27.xml.cnf,E_lkk_selector,1,,,,,,,,,,60040.091346,,,1736
Break_unsat_18_31.xml.cnf,C_lkk_cadical,1,,,,,,,,,,60009.667813,,,1720
Break_unsat_18_31.xml.cnf,D_lkk_kissat,1,,,,,,,,,,60051.295864,,,1752
Break_unsat_18_31.xml.cnf,E_lkk_selector,1,,,,,,,,,,60049.31968,,,1736
Circuit_multiplier22.cnf,D_lkk_kissat,1,,,,,,,,,,60036.855581,,,1716
Circuit_multiplier22.cnf,E_lkk_selector,1,23.6928,12.7647,0,0,0,0,48491.1,0,0,48530.9,UNKNOWN,True,23376
Circuit_multiplier22.cnf,C_lkk_cadical,1,19.16,12.1651,0,0,0,0,49716.5,0,0,49751.4,UNKNOWN,True,22968
DLTM_twitter774_83_17.cnf,E_lkk_selector,1,,,,,,,,,,60044.976222,,,1648
DLTM_twitter774_83_17.cnf,C_lkk_cadical,1,,,,,,,,,,60008.623079,,,1712
DLTM_twitter774_83_17.cnf,D_lkk_kissat,1,,,,,,,,,,60049.605276,,,1688
ER_400_20_4.apx_2_DC-AD.cnf,C_lkk_cadical,1,,,,,,,,,,60038.231283,,,1620
ER_400_20_4.apx_2_DC-AD.cnf,D_lkk_kissat,1,,,,,,,,,,60032.863124,,,1716
ER_400_20_4.apx_2_DC-AD.cnf,E_lkk_selector,1,,,,,,,,,,60031.88398,,,1716
ER_400_20_4.apx_2_DC-ST.cnf,C_lkk_cadical,1,,,,,,,,,,60041.642792,,,1716
ER_400_20_4.apx_2_DC-ST.cnf,D_lkk_kissat,1,,,,,,,,,,60031.980521,,,1604
ER_400_20_4.apx_2_DC-ST.cnf,E_lkk_selector,1,,,,,,,,,,60042.580083,,,1652
ER_400_20_7.apx_1_DC-AD.cnf,C_lkk_cadical,1,,,,,,,,,,60048.74293,,,1700
ER_400_20_7.apx_1_DC-AD.cnf,D_lkk_kissat,1,,,,,,,,,,60043.520364,,,1648
ER_400_20_7.apx_1_DC-AD.cnf,E_lkk_selector,1,,,,,,,,,,60045.029315,,,1688
ER_400_20_7.apx_2_DC-AD.cnf,D_lkk_kissat,1,,,,,,,,,,60043.117147,,,1604
ER_400_20_7.apx_2_DC-AD.cnf,E_lkk_selector,1,,,,,,,,,,60040.953737,,,1676
ER_400_20_7.apx_2_DC-AD.cnf,C_lkk_cadical,1,,,,,,,,,,60043.148097,,,1624
ER_400_20_7.apx_2_DC-ST.cnf,E_lkk_selector,1,,,,,,,,,,60050.066687,,,1700
ER_400_20_7.apx_2_DC-ST.cnf,C_lkk_cadical,1,,,,,,,,,,60041.769566,,,1736
ER_400_20_7.apx_2_DC-ST.cnf,D_lkk_kissat,1,,,,,,,,,,60037.671088,,,1648
ER_500_30_3.apx_1_DC-ST.cnf,C_lkk_cadical,1,,,,,,,,,,60042.83663,,,1676
ER_500_30_3.apx_1_DC-ST.cnf,D_lkk_kissat,1,,,,,,,,,,60041.938986,,,1624
ER_500_30_3.apx_1_DC-ST.cnf,E_lkk_selector,1,,,,,,,,,,60040.84669,,,1564
FmlaEquivChain_4_6_6.sanitized.cnf,C_lkk_cadical,1,293.696,257.359,0,0,0,0,19647.9,0,0,20310.9,UNKNOWN,True,133248
FmlaEquivChain_4_6_6.sanitized.cnf,D_lkk_kissat,1,264.803,195.722,0,0,0,0,15197.9,140.029,337.895,15915.8,UNKNOWN,True,68640
FmlaEquivChain_4_6_6.sanitized.cnf,E_lkk_selector,1,308.688,224.738,0,0,0,0,15757.7,182.828,940.487,16604.5,UNKNOWN,True,68512
FmlaImplyChain_3_7_7.sanitized.cnf,C_lkk_cadical,1,,,,,,,,,,60056.070674,,,1740
FmlaImplyChain_3_7_7.sanitized.cnf,D_lkk_kissat,1,,,,,,,,,,60046.302175,,,1620
FmlaImplyChain_3_7_7.sanitized.cnf,E_lkk_selector,1,,,,,,,,,,60052.708997,,,1740
FmlaImplyChain_3_7_8.sanitized.cnf,D_lkk_kissat,1,,,,,,,,,,60044.542217,,,1648
FmlaImplyChain_3_7_8.sanitized.cnf,E_lkk_selector,1,,,,,,,,,,60052.178311,,,1704
FmlaImplyChain_3_7_8.sanitized.cnf,C_lkk_cadical,1,,,,,,,,,,60022.895382,,,1548
Folkman-175-1251868.sanitized.cnf,E_lkk_selector,1,,,,,,,,,,60010.598582,,,1748
Folkman-175-1251868.sanitized.cnf,C_lkk_cadical,1,,,,,,,,,,60015.280385,,,1736
Folkman-175-1251868.sanitized.cnf,D_lkk_kissat,1,,,,,,,,,,60027.93619,,,1656
Folkman-175-7416734.sanitized.cnf,C_lkk_cadical,1,,,,,,,,,,60046.599239,,,1704
Folkman-175-7416734.sanitized.cnf,D_lkk_kissat,1,,,,,,,,,,60050.55973,,,1624
Folkman-175-7416734.sanitized.cnf,E_lkk_selector,1,,,,,,,,,,60045.309443,,,1688
Folkman-180-11710376.sanitized.cnf,C_lkk_cadical,1,,,,,,,,,,60039.862568,,,1704
Folkman-180-11710376.sanitized.cnf,D_lkk_kissat,1,,,,,,,,,,60041.53568,,,1624
Folkman-180-11710376.sanitized.cnf,E_lkk_selector,1,,,,,,,,,,60037.589264,,,1564
Folkman-185-152478531.sanitized.cnf,C_lkk_cadical,1,,,,,,,,,,60037.767419,,,1608
Folkman-185-152478531.sanitized.cnf,D_lkk_kissat,1,,,,,,,,,,60031.449724,,,1624
Folkman-185-152478531.sanitized.cnf,E_lkk_selector,1,,,,,,,,,,60049.190381,,,1700
Folkman-185-19924337.sanitized.cnf,D_lkk_kissat,1,,,,,,,,,,60035.894319,,,1652
Folkman-185-19924337.sanitized.cnf,E_lkk_selector,1,,,,,,,,,,60041.065532,,,1652
Folkman-185-19924337.sanitized.cnf,C_lkk_cadical,1,,,,,,,,,,60043.415856,,,1564
Folkman-185-75415683.sanitized.cnf,E_lkk_selector,1,,,,,,,,,,60048.684405,,,1704
Folkman-185-75415683.sanitized.cnf,C_lkk_cadical,1,,,,,,,,,,60012.784291,,,1624
Folkman-185-75415683.sanitized.cnf,D_lkk_kissat,1,,,,,,,,,,60015.072685,,,1608
Folkman-190-104806020.sanitized.cnf,C_lkk_cadical,1,,,,,,,,,,60007.355621,,,1624
Folkman-190-104806020.sanitized.cnf,D_lkk_kissat,1,,,,,,,,,,60006.672197,,,1704
Folkman-190-104806020.sanitized.cnf,E_lkk_selector,1,,,,,,,,,,60007.860048,,,1736
Folkman-190-358004741.sanitized.cnf,C_lkk_cadical,1,,,,,,,,,,60056.934199,,,1692
Folkman-190-358004741.sanitized.cnf,D_lkk_kissat,1,,,,,,,,,,60021.626541,,,1560
Folkman-190-358004741.sanitized.cnf,E_lkk_selector,1,,,,,,,,,,60017.332518,,,1648
Folkman-190-66337703.sanitized.cnf,C_lkk_cadical,1,,,,,,,,,,60009.449627,,,1652
Folkman-190-66337703.sanitized.cnf,D_lkk_kissat,1,,,,,,,,,,60016.062443,,,1564
Folkman-190-66337703.sanitized.cnf,E_lkk_selector,1,,,,,,,,,,60020.912396,,,1688
GracefulGraph-K05-P02_c18.cnf,D_lkk_kissat,1,42.8313,6.82217,13.5686,88.67,0,0,7345.91,11.1044,357.017,7529.61,UNKNOWN,True,15320
GracefulGraph-K05-P02_c18.cnf,E_lkk_selector,1,15.7866,4.98587,7.3169,49.3407,0,0,7191.88,9.44135,201.318,7296.26,UNKNOWN,True,15384
GracefulGraph-K05-P02_c18.cnf,C_lkk_cadical,1,17.3318,5.09044,9.62083,55.8825,0,0,44347.1,0,0,44444,UNKNOWN,True,28412
HCP-446-105.cnf,E_lkk_selector,1,,,,,,,,,,60013.220074,,,1620
HCP-446-105.cnf,C_lkk_cadical,1,,,,,,,,,,60013.410798,,,1716
HCP-446-105.cnf,D_lkk_kissat,1,,,,,,,,,,60008.399004,,,1724
IBM_FV_2004_rule_batch_1_31_1_SAT_dat.k40.debugged.cnf,C_lkk_cadical,1,,,,,,,,,,60055.503946,,,1564
IBM_FV_2004_rule_batch_1_31_1_SAT_dat.k40.debugged.cnf,D_lkk_kissat,1,,,,,,,,,,60053.395526,,,1552
IBM_FV_2004_rule_batch_1_31_1_SAT_dat.k40.debugged.cnf,E_lkk_selector,1,,,,,,,,,,60044.710614,,,1688
ITC2021_Early_10.xml.cnf,C_lkk_cadical,1,,,,,,,,,,60029.311713,,,1752
ITC2021_Early_10.xml.cnf,D_lkk_kissat,1,,,,,,,,,,60023.653568,,,1652
ITC2021_Early_10.xml.cnf,E_lkk_selector,1,,,,,,,,,,60023.807077,,,1648
ITC2021_Early_3.xml.cnf,C_lkk_cadical,1,111.145,49.3173,0,0,0,0,183.164,0,0,360.607,UNKNOWN,True,36180
ITC2021_Early_3.xml.cnf,D_lkk_kissat,1,98.9984,51.6906,0,0,0,0,476.34,47.0284,73.3682,696.652,UNKNOWN,True,21560
ITC2021_Early_3.xml.cnf,E_lkk_selector,1,94.652,40.5417,0,0,0,0,419.887,32.2764,62.1632,606.389,UNKNOWN,True,21544
ITC2021_Middle_1.xml.cnf,D_lkk_kissat,1,,,,,,,,,,60054.624563,,,1624
ITC2021_Middle_1.xml.cnf,E_lkk_selector,1,,,,,,,,,,60006.908817,,,1748
ITC2021_Middle_1.xml.cnf,C_lkk_cadical,1,,,,,,,,,,60011.020929,,,1604
MASG0_72_keystream76_0.cnf,E_lkk_selector,1,,,,,,,,,,60010.029441,,,1604
MASG0_72_keystream76_0.cnf,C_lkk_cadical,1,,,,,,,,,,60047.707659,,,1564
MASG0_72_keystream76_0.cnf,D_lkk_kissat,1,,,,,,,,,,60052.244819,,,1680
Ptn-7824-b18.cnf,C_lkk_cadical,1,,,,,,,,,,60017.976312,,,1736
Ptn-7824-b18.cnf,D_lkk_kissat,1,,,,,,,,,,60044.765992,,,1720
Ptn-7824-b18.cnf,E_lkk_selector,1,,,,,,,,,,60040.776498,,,1620
REGRandom-K4-L1-Seed30.sanitized.cnf,C_lkk_cadical,1,,,,,,,,,,60013.189547,,,1564
REGRandom-K4-L1-Seed30.sanitized.cnf,D_lkk_kissat,1,530.476,4891.57,0,0,0,0,3855,310.666,165.666,9822.06,UNKNOWN,True,130548
REGRandom-K4-L1-Seed30.sanitized.cnf,E_lkk_selector,1,517.447,5126.52,0,0,0,0,4783.64,385.85,169.488,11064.1,UNKNOWN,True,130384
REGRandom-K4-L2-Seed35.sanitized.cnf,C_lkk_cadical,1,,,,,,,,,,60005.418501,,,1648
REGRandom-K4-L2-Seed35.sanitized.cnf,D_lkk_kissat,1,,,,,,,,,,60049.184011,,,1604
REGRandom-K4-L2-Seed35.sanitized.cnf,E_lkk_selector,1,,,,,,,,,,60044.894433,,,1560
SGI_30_60_19_60_6-dir.shuffled-as.sat03-112.cnf,D_lkk_kissat,1,,,,,,,,,,60039.602437,,,1652
SGI_30_60_19_60_6-dir.shuffled-as.sat03-112.cnf,E_lkk_selector,1,,,,,,,,,,60041.1617,,,1604
SGI_30_60_19_60_6-dir.shuffled-as.sat03-112.cnf,C_lkk_cadical,1,,,,,,,,,,60047.341542,,,1548
StConn_7_128.sanitized.cnf,E_lkk_selector,1,,,,,,,,,,60011.83534,,,1676
StConn_7_128.sanitized.cnf,C_lkk_cadical,1,,,,,,,,,,60051.272843,,,1740
StConn_7_128.sanitized.cnf,D_lkk_kissat,1,,,,,,,,,,60042.489791,,,1704
StConn_8_32.sanitized.cnf,C_lkk_cadical,1,,,,,,,,,,60048.275529,,,1652
StConn_8_32.sanitized.cnf,D_lkk_kissat,1,,,,,,,,,,60044.674658,,,1692
StConn_8_32.sanitized.cnf,E_lkk_selector,1,,,,,,,,,,60047.667986,,,1704
VanDerWaerden_2-3-14_186.cnf,C_lkk_cadical,1,,,,,,,,,,60048.831618,,,1740
VanDerWaerden_2-3-14_186.cnf,D_lkk_kissat,1,,,,,,,,,,60043.620326,,,1652
VanDerWaerden_2-3-14_186.cnf,E_lkk_selector,1,,,,,,,,,,60006.443636,,,1608
WS_500_16_70_10.apx_1_DC-ST.cnf,C_lkk_cadical,1,,,,,,,,,,60042.075815,,,1740
WS_500_16_70_10.apx_1_DC-ST.cnf,D_lkk_kissat,1,,,,,,,,,,60036.050896,,,1652
WS_500_16_70_10.apx_1_DC-ST.cnf,E_lkk_selector,1,,,,,,,,,,60038.115564,,,1604
WS_500_16_70_10.apx_2_DC-AD.cnf,D_lkk_kissat,1,,,,,,,,,,60034.42459,,,1608
WS_500_16_70_10.apx_2_DC-AD.cnf,E_lkk_selector,1,,,,,,,,,,60034.873532,,,1688
WS_500_16_70_10.apx_2_DC-AD.cnf,C_lkk_cadical,1,,,,,,,,,,60042.784745,,,1748
WS_500_16_90_70.apx_2_DC-AD.cnf,E_lkk_selector,1,,,,,,,,,,60055.872332,,,1648
WS_500_16_90_70.apx_2_DC-AD.cnf,C_lkk_cadical,1,,,,,,,,,,60018.302745,,,1652
WS_500_16_90_70.apx_2_DC-AD.cnf,D_lkk_kissat,1,,,,,,,,,,60009.635308,,,1652
af-synthesis_stb_50_100_4_sat.cnf,C_lkk_cadical,1,,,,,,,,,,60051.042707,,,1624
af-synthesis_stb_50_100_4_sat.cnf,D_lkk_kissat,1,,,,,,,,,,60042.342896,,,1676
af-synthesis_stb_50_100_4_sat.cnf,E_lkk_selector,1,,,,,,,,,,60033.784486,,,1700
af-synthesis_stb_50_100_9_sat.cnf,C_lkk_cadical,1,,,,,,,,,,60051.078916,,,1624
af-synthesis_stb_50_100_9_sat.cnf,D_lkk_kissat,1,228.406,1523.89,0,0,0,0,27191.1,115.167,306.241,29121.3,UNKNOWN,True,42168
af-synthesis_stb_50_100_9_sat.cnf,E_lkk_selector,1,276.905,1402.03,0,0,0,0,26464.6,92.0612,556.706,28286.1,UNKNOWN,True,42300
af-synthesis_stb_50_100_9_unsat.cnf,C_lkk_cadical,1,,,,,,,,,,60010.372199,,,1700
af-synthesis_stb_50_100_9_unsat.cnf,D_lkk_kissat,1,,,,,,,,,,60007.583644,,,1740
af-synthesis_stb_50_100_9_unsat.cnf,E_lkk_selector,1,,,,,,,,,,60052.706076,,,1700
af-synthesis_stb_50_120_4_sat.cnf,D_lkk_kissat,1,,,,,,,,,,60051.111545,,,1648
af-synthesis_stb_50_120_4_sat.cnf,E_lkk_selector,1,,,,,,,,,,60047.956724,,,1624
af-synthesis_stb_50_120_4_sat.cnf,C_lkk_cadical,1,,,,,,,,,,60057.160103,,,1736
af-synthesis_stb_50_140_1_unsat.cnf,E_lkk_selector,1,,,,,,,,,,60043.407586,,,1560
af-synthesis_stb_50_140_1_unsat.cnf,C_lkk_cadical,1,,,,,,,,,,60055.660597,,,1704
af-synthesis_stb_50_140_1_unsat.cnf,D_lkk_kissat,1,,,,,,,,,,60049.844826,,,1676
af-synthesis_stb_50_140_3_unsat.cnf,C_lkk_cadical,1,,,,,,,,,,60046.820194,,,1548
af-synthesis_stb_50_140_3_unsat.cnf,D_lkk_kissat,1,,,,,,,,,,60046.057711,,,1624
af-synthesis_stb_50_140_3_unsat.cnf,E_lkk_selector,1,,,,,,,,,,60047.495647,,,1620
af-synthesis_stb_50_200_0_unsat.cnf,C_lkk_cadical,1,,,,,,,,,,60014.056025,,,1648
af-synthesis_stb_50_200_0_unsat.cnf,D_lkk_kissat,1,,,,,,,,,,60049.388794,,,1736
af-synthesis_stb_50_200_0_unsat.cnf,E_lkk_selector,1,,,,,,,,,,60053.749179,,,1736
af-synthesis_stb_50_200_4_unsat.cnf,C_lkk_cadical,1,,,,,,,,,,60055.674307,,,1652
af-synthesis_stb_50_200_4_unsat.cnf,D_lkk_kissat,1,,,,,,,,,,60050.654808,,,1648
af-synthesis_stb_50_200_4_unsat.cnf,E_lkk_selector,1,,,,,,,,,,60039.563698,,,1704
af-synthesis_stb_50_40_2_unsat.cnf,D_lkk_kissat,1,,,,,,,,,,60047.089257,,,1740
af-synthesis_stb_50_40_2_unsat.cnf,E_lkk_selector,1,,,,,,,,,,60051.816274,,,1652
af-synthesis_stb_50_40_2_unsat.cnf,C_lkk_cadical,1,,,,,,,,,,60052.067864,,,1552
af-synthesis_stb_50_40_9_unsat.cnf,E_lkk_selector,1,,,,,,,,,,60042.893561,,,1704
af-synthesis_stb_50_40_9_unsat.cnf,C_lkk_cadical,1,,,,,,,,,,60013.171828,,,1724
af-synthesis_stb_50_40_9_unsat.cnf,D_lkk_kissat,1,,,,,,,,,,60047.248442,,,1648
apn-sbox5-cut3-symmbreak.cnf,C_lkk_cadical,1,,,,,,,,,,60053.083749,,,1620
apn-sbox5-cut3-symmbreak.cnf,D_lkk_kissat,1,,,,,,,,,,60051.612683,,,1656
apn-sbox5-cut3-symmbreak.cnf,E_lkk_selector,1,,,,,,,,,,60007.477182,,,1620
asconhashv12_opt64_H11_M2-MxJOnbQIXNd_m5_6.c.cnf,C_lkk_cadical,1,,,,,,,,,,60025.20082,,,1692
asconhashv12_opt64_H11_M2-MxJOnbQIXNd_m5_6.c.cnf,D_lkk_kissat,1,,,,,,,,,,60026.037958,,,1676
asconhashv12_opt64_H11_M2-MxJOnbQIXNd_m5_6.c.cnf,E_lkk_selector,1,,,,,,,,,,60030.338294,,,1620
asconhashv12_opt64_H11_M2-tBi5i1RIgRz_m0_1_U23.c.cnf,C_lkk_cadical,1,,,,,,,,,,60027.628329,,,1620
asconhashv12_opt64_H11_M2-tBi5i1RIgRz_m0_1_U23.c.cnf,D_lkk_kissat,1,,,,,,,,,,60023.658354,,,1740
asconhashv12_opt64_H11_M2-tBi5i1RIgRz_m0_1_U23.c.cnf,E_lkk_selector,1,,,,,,,,,,60035.583323,,,1564
asconhashv12_opt64_H5_M2-xEJ8F_m0_3_U5.c.cnf,D_lkk_kissat,1,,,,,,,,,,60048.774002,,,1752
asconhashv12_opt64_H5_M2-xEJ8F_m0_3_U5.c.cnf,E_lkk_selector,1,,,,,,,,,,60050.595291,,,1652
asconhashv12_opt64_H5_M2-xEJ8F_m0_3_U5.c.cnf,C_lkk_cadical,1,,,,,,,,,,60020.166474,,,1736
asconhashv12_opt64_H6_M2-PgbpwX_m0_4_U1.c.cnf,E_lkk_selector,1,,,,,,,,,,60019.506368,,,1752
asconhashv12_opt64_H6_M2-PgbpwX_m0_4_U1.c.cnf,C_lkk_cadical,1,,,,,,,,,,60017.480978,,,1620
asconhashv12_opt64_H6_M2-PgbpwX_m0_4_U1.c.cnf,D_lkk_kissat,1,,,,,,,,,,60054.692962,,,1720
barman-pfile06-022.sas.ex.7.cnf,C_lkk_cadical,1,,,,,,,,,,60043.259314,,,1724
barman-pfile06-022.sas.ex.7.cnf,D_lkk_kissat,1,,,,,,,,,,60042.192861,,,1652
barman-pfile06-022.sas.ex.7.cnf,E_lkk_selector,1,,,,,,,,,,60034.363825,,,1740
battleship-14-26-sat.cnf,C_lkk_cadical,1,4.70458,1.7801,0.953642,42.5208,0,0,4529.99,0,0,4583.04,UNKNOWN,True,18160
battleship-14-26-sat.cnf,D_lkk_kissat,1,3.08449,1.22718,0.829941,34.272,0,0,990.433,2.5768,-6.99053,1043.07,UNKNOWN,True,9624
battleship-14-26-sat.cnf,E_lkk_selector,1,3.45191,1.19591,0.827299,36.792,0,0,4423.14,0,0,4469.04,UNKNOWN,True,18268
bphp_p23_h22.sanitized.cnf,C_lkk_cadical,1,,,,,,,,,,60013.204831,,,1620
bphp_p23_h22.sanitized.cnf,D_lkk_kissat,1,,,,,,,,,,60052.228355,,,1648
bphp_p23_h22.sanitized.cnf,E_lkk_selector,1,,,,,,,,,,60014.29017,,,1608
bvsub_19952.smt2.cnf,D_lkk_kissat,1,,,,,,,,,,60025.453668,,,1656
bvsub_19952.smt2.cnf,E_lkk_selector,1,,,,,,,,,,60024.936009,,,1680
bvsub_19952.smt2.cnf,C_lkk_cadical,1,,,,,,,,,,60020.846588,,,1752
circuit_32in32out_with_350gates_6in6out_dist64_seed1.sanitized.cnf,E_lkk_selector,1,,,,,,,,,,60010.610729,,,1740
circuit_32in32out_with_350gates_6in6out_dist64_seed1.sanitized.cnf,C_lkk_cadical,1,,,,,,,,,,60016.256131,,,1700
circuit_32in32out_with_350gates_6in6out_dist64_seed1.sanitized.cnf,D_lkk_kissat,1,,,,,,,,,,60053.615818,,,1740
circuit_32in32out_with_64gates_8in6out_dist128_seed2.sanitized.cnf,C_lkk_cadical,1,,,,,,,,,,60025.806782,,,1648
circuit_32in32out_with_64gates_8in6out_dist128_seed2.sanitized.cnf,D_lkk_kissat,1,,,,,,,,,,60010.838039,,,1704
circuit_32in32out_with_64gates_8in6out_dist128_seed2.sanitized.cnf,E_lkk_selector,1,,,,,,,,,,60055.143768,,,1548
circuit_32in32out_with_70gates_7in7out_dist128_seed1.sanitized.cnf,C_lkk_cadical,1,,,,,,,,,,60023.217082,,,1652
circuit_32in32out_with_70gates_7in7out_dist128_seed1.sanitized.cnf,D_lkk_kissat,1,,,,,,,,,,60006.564575,,,1704
circuit_32in32out_with_70gates_7in7out_dist128_seed1.sanitized.cnf,E_lkk_selector,1,,,,,,,,,,60007.559103,,,1624
circuit_32in32out_with_80gates_7in7out_dist128_seed1.sanitized.cnf,C_lkk_cadical,1,,,,,,,,,,60027.665896,,,1652
circuit_32in32out_with_80gates_7in7out_dist128_seed1.sanitized.cnf,D_lkk_kissat,1,,,,,,,,,,60010.505526,,,1740
circuit_32in32out_with_80gates_7in7out_dist128_seed1.sanitized.cnf,E_lkk_selector,1,,,,,,,,,,60013.243338,,,1700
circuit_32in64out_with_150gates_6in6out_dist256_seed1.sanitized.cnf,D_lkk_kissat,1,,,,,,,,,,60006.601989,,,1680
circuit_32in64out_with_150gates_6in6out_dist256_seed1.sanitized.cnf,E_lkk_selector,1,,,,,,,,,,60050.872081,,,1676
circuit_32in64out_with_150gates_6in6out_dist256_seed1.sanitized.cnf,C_lkk_cadical,1,,,,,,,,,,60019.10543,,,1740
circuit_48in64out_with_1000gates_4in4out_dist128_seed4.sanitized.cnf,E_lkk_selector,1,402.476,186.927,0,0,0,0,45759.8,176.215,-64.0186,46568.7,UNKNOWN,True,46044
circuit_48in64out_with_1000gates_4in4out_dist128_seed4.sanitized.cnf,C_lkk_cadical,1,314.075,201.856,0,0,0,0,45484.3,0,0,46043.8,UNKNOWN,True,76732
circuit_48in64out_with_1000gates_4in4out_dist128_seed4.sanitized.cnf,D_lkk_kissat,1,274.836,196.537,0,0,0,0,44742.6,178.247,-79.1566,45439.1,UNKNOWN,True,45916
circuit_48in64out_with_700gates_4in4out_dist128_seed1.sanitized.cnf,C_lkk_cadical,1,196.336,123.29,0,0,0,0,7249.62,0,0,7588.08,UNKNOWN,True,56556
circuit_48in64out_with_700gates_4in4out_dist128_seed1.sanitized.cnf,D_lkk_kissat,1,225.702,134.103,0,0,0,0,8043.29,150.941,194.232,8591.12,UNKNOWN,True,33572
circuit_48in64out_with_700gates_4in4out_dist128_seed1.sanitized.cnf,E_lkk_selector,1,216.124,123.799,0,0,0,0,7765.24,149.876,-84.884,8286.81,UNKNOWN,True,33932
circuit_48in64out_with_800gates_4in4out_dist128_seed4.sanitized.cnf,C_lkk_cadical,1,242.409,138.268,0,0,0,0,13955.2,0,0,14360.9,UNKNOWN,True,65144
circuit_48in64out_with_800gates_4in4out_dist128_seed4.sanitized.cnf,D_lkk_kissat,1,291.449,151.288,0,0,0,0,6356.55,164.871,521.418,7001.4,UNKNOWN,True,39180
circuit_48in64out_with_800gates_4in4out_dist128_seed4.sanitized.cnf,E_lkk_selector,1,275.376,133.004,0,0,0,0,6231.4,153.881,385.283,6825.27,UNKNOWN,True,39012
circuit_64in64out_with_64gates_8in5out_dist256_seed1.sanitized.cnf,C_lkk_cadical,1,941.288,842.762,0,0,0,0,29987.3,0,0,31902.8,UNKNOWN,True,197036
circuit_64in64out_with_64gates_8in5out_dist256_seed1.sanitized.cnf,D_lkk_kissat,1,668.984,732.72,0,0,0,0,32712.3,676.431,1388.71,34934.7,UNKNOWN,True,108480
circuit_64in64out_with_64gates_8in5out_dist256_seed1.sanitized.cnf,E_lkk_selector,1,651.832,799.727,0,0,0,0,32764.1,529.193,293.269,34901.5,UNKNOWN,True,108580
clique_n2_k10.sanitized.cnf,D_lkk_kissat,1,15.4027,0.461679,1.00183,31.3764,0,0,11553,4.06187,557.028,11618,UNKNOWN,True,10872
clique_n2_k10.sanitized.cnf,E_lkk_selector,1,,,,,,,,,,60051.979436,,,1560
clique_n2_k10.sanitized.cnf,C_lkk_cadical,1,,,,,,,,,,60050.210466,,,1700
cliquecolouring_n13_k9_c8.sanitized.cnf,E_lkk_selector,1,,,,,,,,,,60045.570575,,,1548
cliquecolouring_n13_k9_c8.sanitized.cnf,C_lkk_cadical,1,,,,,,,,,,60047.479797,,,1740
cliquecolouring_n13_k9_c8.sanitized.cnf,D_lkk_kissat,1,,,,,,,,,,60048.761616,,,1624
cliquecolouring_n15_k9_c8.sanitized.cnf,C_lkk_cadical,1,,,,,,,,,,60051.798592,,,1724
cliquecolouring_n15_k9_c8.sanitized.cnf,D_lkk_kissat,1,,,,,,,,,,60050.343717,,,1712
cliquecolouring_n15_k9_c8.sanitized.cnf,E_lkk_selector,1,,,,,,,,,,60048.094352,,,1724
cliquecolouring_n21_k6_c5.sanitized.cnf,C_lkk_cadical,1,,,,,,,,,,60017.494296,,,1700
cliquecolouring_n21_k6_c5.sanitized.cnf,D_lkk_kissat,1,,,,,,,,,,60049.517092,,,1716
cliquecolouring_n21_k6_c5.sanitized.cnf,E_lkk_selector,1,,,,,,,,,,60055.188257,,,1564
cliquecolouring_n31_k5_c4.sanitized.cnf,C_lkk_cadical,1,,,,,,,,,,60022.734636,,,1648
cliquecolouring_n31_k5_c4.sanitized.cnf,D_lkk_kissat,1,,,,,,,,,,60039.255453,,,1564
cliquecolouring_n31_k5_c4.sanitized.cnf,E_lkk_selector,1,,,,,,,,,,60045.972191,,,1604
combined-crypto1-wff-seed-102-wffvars-500-cryptocplx-31-overlap-2.cnf,D_lkk_kissat,1,,,,,,,,,,60056.92145,,,1740
combined-crypto1-wff-seed-102-wffvars-500-cryptocplx-31-overlap-2.cnf,E_lkk_selector,1,,,,,,,,,,60035.218239,,,1704
combined-crypto1-wff-seed-102-wffvars-500-cryptocplx-31-overlap-2.cnf,C_lkk_cadical,1,,,,,,,,,,60009.408728,,,1716
constraints_16_0.3_1.sanitized.cnf,E_lkk_selector,1,,,,,,,,,,60007.406932,,,1740
constraints_16_0.3_1.sanitized.cnf,C_lkk_cadical,1,,,,,,,,,,60055.487485,,,1552
constraints_16_0.3_1.sanitized.cnf,D_lkk_kissat,1,,,,,,,,,,60053.014628,,,1748
constraints_16_0.4_1.sanitized.cnf,C_lkk_cadical,1,,,,,,,,,,60030.102268,,,1648
constraints_16_0.4_1.sanitized.cnf,D_lkk_kissat,1,,,,,,,,,,60014.576566,,,1648
constraints_16_0.4_1.sanitized.cnf,E_lkk_selector,1,,,,,,,,,,60043.754618,,,1740
constraints_16_0.5_1.sanitized.cnf,C_lkk_cadical,1,,,,,,,,,,60006.218387,,,1604
constraints_16_0.5_1.sanitized.cnf,D_lkk_kissat,1,,,,,,,,,,60008.45998,,,1700
constraints_16_0.5_1.sanitized.cnf,E_lkk_selector,1,,,,,,,,,,60049.63213,,,1704
constraints_17_0.3_2.sanitized.cnf,C_lkk_cadical,1,,,,,,,,,,60007.875773,,,1656
constraints_17_0.3_2.sanitized.cnf,D_lkk_kissat,1,,,,,,,,,,60009.108073,,,1620
constraints_17_0.3_2.sanitized.cnf,E_lkk_selector,1,,,,,,,,,,60014.129402,,,1620
constraints_17_0.4_1.sanitized.cnf,D_lkk_kissat,1,850.623,22126.2,0,0,0,0,6956.38,560.21,516.588,30517.7,UNKNOWN,True,101108
constraints_17_0.4_1.sanitized.cnf,E_lkk_selector,1,616.558,22110.1,0,0,0,0,6359.49,0,0,29096.4,UNKNOWN,True,133544
constraints_17_0.4_1.sanitized.cnf,C_lkk_cadical,1,624.185,22263.1,0,0,0,0,6287.29,0,0,29183.4,UNKNOWN,True,133976
constraints_17_0.4_2.sanitized.cnf,E_lkk_selector,1,,,,,,,,,,60005.419037,,,1736
constraints_17_0.4_2.sanitized.cnf,C_lkk_cadical,1,,,,,,,,,,60012.272097,,,1740
constraints_17_0.4_2.sanitized.cnf,D_lkk_kissat,1,,,,,,,,,,60047.044986,,,1560
constraints_17_0.5_2.sanitized.cnf,C_lkk_cadical,1,,,,,,,,,,60056.434115,,,1724
constraints_17_0.5_2.sanitized.cnf,D_lkk_kissat,1,,,,,,,,,,60047.73073,,,1560
constraints_17_0.5_2.sanitized.cnf,E_lkk_selector,1,,,,,,,,,,60046.987646,,,1736
constraints_18_0.3_2.sanitized.cnf,C_lkk_cadical,1,,,,,,,,,,60049.468936,,,1604
constraints_18_0.3_2.sanitized.cnf,D_lkk_kissat,1,,,,,,,,,,60042.968798,,,1740
constraints_18_0.3_2.sanitized.cnf,E_lkk_selector,1,,,,,,,,,,60046.256666,,,1620
constraints_18_0.4_2.sanitized.cnf,C_lkk_cadical,1,,,,,,,,,,60051.445085,,,1712
constraints_18_0.4_2.sanitized.cnf,D_lkk_kissat,1,,,,,,,,,,60046.285289,,,1676
constraints_18_0.4_2.sanitized.cnf,E_lkk_selector,1,,,,,,,,,,60046.273072,,,1648
constraints_25_4_5_12_12_0_0_0.sanitized.cnf,D_lkk_kissat,1,,,,,,,,,,60031.3662,,,1748
constraints_25_4_5_12_12_0_0_0.sanitized.cnf,E_lkk_selector,1,,,,,,,,,,60040.695978,,,1724
constraints_25_4_5_12_12_0_0_0.sanitized.cnf,C_lkk_cadical,1,,,,,,,,,,60055.09738,,,1704
crn_11_99_u.cnf,E_lkk_selector,1,10.762,0.365743,0.824896,0.152797,0,0,1787.87,2.15586,-209.974,1812.7,UNKNOWN,True,5556
crn_11_99_u.cnf,C_lkk_cadical,1,3.57078,0.417648,0.865536,0.144068,0,0,511.859,0,0,519.349,UNKNOWN,True,8100
crn_11_99_u.cnf,D_lkk_kissat,1,3.1887,0.362038,0.747228,0.123928,0,0,1616.1,1.9658,-381.935,1633.36,UNKNOWN,True,5556
ctl_4201_555_unsat_pre.cnf,C_lkk_cadical,1,,,,,,,,,,60011.095225,,,1548
ctl_4201_555_unsat_pre.cnf,D_lkk_kissat,1,,,,,,,,,,60006.187866,,,1716
ctl_4201_555_unsat_pre.cnf,E_lkk_selector,1,,,,,,,,,,60053.169158,,,1560
ctl_4291_567_2_unsat-sc2013.cnf,C_lkk_cadical,1,,,,,,,,,,60013.051944,,,1604
ctl_4291_567_2_unsat-sc2013.cnf,D_lkk_kissat,1,,,,,,,,,,60006.784139,,,1700
ctl_4291_567_2_unsat-sc2013.cnf,E_lkk_selector,1,,,,,,,,,,60009.359169,,,1620
ctl_4291_567_9_unsat.cnf,C_lkk_cadical,1,,,,,,,,,,60019.551388,,,1688
ctl_4291_567_9_unsat.cnf,D_lkk_kissat,1,,,,,,,,,,60008.39364,,,1648
ctl_4291_567_9_unsat.cnf,E_lkk_selector,1,,,,,,,,,,60012.123111,,,1736
ecarev-110-4099-22-30-7.cnf,D_lkk_kissat,1,,,,,,,,,,60020.607977,,,1696
ecarev-110-4099-22-30-7.cnf,E_lkk_selector,1,,,,,,,,,,60013.571826,,,1692
ecarev-110-4099-22-30-7.cnf,C_lkk_cadical,1,,,,,,,,,,60023.417057,,,1560
ex065_25.cnf,E_lkk_selector,1,,,,,,,,,,60017.537602,,,1748
ex065_25.cnf,C_lkk_cadical,1,,,,,,,,,,60021.073621,,,1656
ex065_25.cnf,D_lkk_kissat,1,,,,,,,,,,60054.492675,,,1608
exam_flat_0.04_2018_3.cnf,C_lkk_cadical,1,,,,,,,,,,60015.575525,,,1752
exam_flat_0.04_2018_3.cnf,D_lkk_kissat,1,,,,,,,,,,60019.222722,,,1648
exam_flat_0.04_2018_3.cnf,E_lkk_selector,1,,,,,,,,,,60015.551222,,,1624
f9idw.cnf,C_lkk_cadical,1,,,,,,,,,,60024.48622,,,1692
f9idw.cnf,D_lkk_kissat,1,,,,,,,,,,60056.840116,,,1688
f9idw.cnf,E_lkk_selector,1,,,,,,,,,,60009.26979,,,1740
fermat-931960058139995587.cnf,C_lkk_cadical,1,,,,,,,,,,60047.287233,,,1704
fermat-931960058139995587.cnf,D_lkk_kissat,1,,,,,,,,,,60033.906496,,,1548
fermat-931960058139995587.cnf,E_lkk_selector,1,,,,,,,,,,60038.790573,,,1652
fixedbandwidth-eq-31_shuffled.cnf,D_lkk_kissat,1,,,,,,,,,,60044.00888,,,1720
fixedbandwidth-eq-31_shuffled.cnf,E_lkk_selector,1,,,,,,,,,,60039.919347,,,1704
fixedbandwidth-eq-31_shuffled.cnf,C_lkk_cadical,1,,,,,,,,,,60050.960455,,,1652
frb45-21-2.used-as.sat04-884.cnf,E_lkk_selector,1,,,,,,,,,,60046.815754,,,1656
frb45-21-2.used-as.sat04-884.cnf,C_lkk_cadical,1,,,,,,,,,,60051.775199,,,1656
frb45-21-2.used-as.sat04-884.cnf,D_lkk_kissat,1,,,,,,,,,,60039.352606,,,1552
frb65-12-2.used-as.sat04-874.cnf,C_lkk_cadical,1,12.2736,3.94382,6.00303,130.665,0,0,7396.77,0,0,7557.44,UNKNOWN,True,25624
frb65-12-2.used-as.sat04-874.cnf,D_lkk_kissat,1,,,,,,,,,,60042.047394,,,1608
frb65-12-2.used-as.sat04-874.cnf,E_lkk_selector,1,,,,,,,,,,60043.865247,,,1704
g2-ak128boothbg2msaig.cnf,C_lkk_cadical,1,1223.47,1427.02,0,0,0,0,601.657,0,0,4068.12,UNKNOWN,True,418844
g2-ak128boothbg2msaig.cnf,D_lkk_kissat,1,961.335,1421.35,0,0,0,0,716.358,558.159,274.518,4244.94,UNKNOWN,True,260656
g2-ak128boothbg2msaig.cnf,E_lkk_selector,1,1357.77,1584.1,0,0,0,0,694.946,666.197,361.143,4946.03,UNKNOWN,True,260496
g2-hwmcc15deep-bob12s02-k16.cnf,C_lkk_cadical,1,,,,,,,,,,60015.50537,,,1704
g2-hwmcc15deep-bob12s02-k16.cnf,D_lkk_kissat,1,,,,,,,,,,60019.062377,,,1652
g2-hwmcc15deep-bob12s02-k16.cnf,E_lkk_selector,1,,,,,,,,,,60016.444559,,,1736
grs-64-128.cnf,D_lkk_kissat,1,,,,,,,,,,60010.044259,,,1564
grs-64-128.cnf,E_lkk_selector,1,,,,,,,,,,60011.018174,,,1620
grs-64-128.cnf,C_lkk_cadical,1,,,,,,,,,,60031.6976,,,1692
grs-64-64.cnf,E_lkk_selector,1,,,,,,,,,,60055.81536,,,1620
grs-64-64.cnf,C_lkk_cadical,1,,,,,,,,,,60007.0795,,,1620
grs-64-64.cnf,D_lkk_kissat,1,,,,,,,,,,60047.136028,,,1560
hwb-n24-02-S786928571.shuffled-as.sat03-1618.cnf,C_lkk_cadical,1,,,,,,,,,,60043.736511,,,1620
hwb-n24-02-S786928571.shuffled-as.sat03-1618.cnf,D_lkk_kissat,1,,,,,,,,,,60039.457462,,,1700
hwb-n24-02-S786928571.shuffled-as.sat03-1618.cnf,E_lkk_selector,1,,,,,,,,,,60036.62014,,,1712
hwmcc12miters-xits-iso-6s111.sanitized.cnf,C_lkk_cadical,1,,,,,,,,,,60022.013152,,,1624
hwmcc12miters-xits-iso-6s111.sanitized.cnf,D_lkk_kissat,1,1483.47,1953.52,0,0,0,0,2306.24,654.949,961.192,7108.4,UNKNOWN,True,324892
hwmcc12miters-xits-iso-6s111.sanitized.cnf,E_lkk_selector,1,1761.34,2028.69,0,0,0,0,2415.71,772.271,1187.98,7793.3,UNKNOWN,True,325348
hwmcc17miters-xits-iso-bobsmfpu.sanitized.cnf,C_lkk_cadical,1,143.601,84.8703,0,0,0,0,917.466,0,0,1195.15,UNKNOWN,True,104564
hwmcc17miters-xits-iso-bobsmfpu.sanitized.cnf,D_lkk_kissat,1,144.168,87.8748,0,0,0,0,196.399,63.5115,89.9105,531.194,UNKNOWN,True,39436
hwmcc17miters-xits-iso-bobsmfpu.sanitized.cnf,E_lkk_selector,1,125.114,96.626,0,0,0,0,235.064,71.0125,106.076,565.373,UNKNOWN,True,38500
hwmcc17miters-xits-iso-oski15a08b08s.sanitized.cnf,D_lkk_kissat,1,4199.93,4159.28,0,0,0,0,6730.57,2780.66,3511.24,18421.2,UNKNOWN,True,642780
hwmcc17miters-xits-iso-oski15a08b08s.sanitized.cnf,E_lkk_selector,1,3472.29,4378.12,0,0,0,0,5869.45,2566.35,2435.8,16839,UNKNOWN,True,643400
hwmcc17miters-xits-iso-oski15a08b08s.sanitized.cnf,C_lkk_cadical,1,,,,,,,,,,60019.441399,,,1704
hwmcc20miters-iso-mul2.sanitized.cnf,E_lkk_selector,1,328.738,219.864,0,0,0,0,327.57,103.363,140.934,1049.21,UNKNOWN,True,64204
hwmcc20miters-iso-mul2.sanitized.cnf,C_lkk_cadical,1,234.015,185.23,0,0,0,0,1338.94,0,0,1882.07,UNKNOWN,True,172088
hwmcc20miters-iso-mul2.sanitized.cnf,D_lkk_kissat,1,242.621,196.017,0,0,0,0,361.176,118.71,159.886,995.502,UNKNOWN,True,65020
hwmcc20miters-iso-mul3.sanitized.cnf,C_lkk_cadical,1,,,,,,,,,,60023.069647,,,1560
hwmcc20miters-iso-mul3.sanitized.cnf,D_lkk_kissat,1,784.956,1087.75,0,0,0,0,1388.09,514.136,902.224,4199.86,UNKNOWN,True,207184
hwmcc20miters-iso-mul3.sanitized.cnf,E_lkk_selector,1,992.711,1033.71,0,0,0,0,1534.33,482.585,1016.91,4455.81,UNKNOWN,True,207384
hwmcc20miters-iso-mul7.sanitized.cnf,C_lkk_cadical,1,,,,,,,,,,60029.347722,,,1624
hwmcc20miters-iso-mul7.sanitized.cnf,D_lkk_kissat,1,962.487,1180.71,0,0,0,0,1415.07,423.61,838.685,4392.24,UNKNOWN,True,206864
hwmcc20miters-iso-mul7.sanitized.cnf,E_lkk_selector,1,1110.07,1252.31,0,0,0,0,1567.5,508.419,1075.92,4874.34,UNKNOWN,True,208436
hwmcc20miters-iso-rast-p06.sanitized.cnf,C_lkk_cadical,1,266.402,151.904,0,0,0,0,1589.84,0,0,2061.69,UNKNOWN,True,150228
hwmcc20miters-iso-rast-p06.sanitized.cnf,D_lkk_kissat,1,179.342,143.031,0,0,0,0,266.62,83.2213,119.841,722.473,UNKNOWN,True,49420
hwmcc20miters-iso-rast-p06.sanitized.cnf,E_lkk_selector,1,172.723,131.606,0,0,0,0,242.752,82.5071,115.259,682.887,UNKNOWN,True,49136
j3037_10_rggt_b.cnf,D_lkk_kissat,1,,,,,,,,,,60043.906461,,,1652
j3037_10_rggt_b.cnf,E_lkk_selector,1,53.0916,27.9305,0,0,0,0,52195.1,0,0,52283.9,UNKNOWN,True,32036
j3037_10_rggt_b.cnf,C_lkk_cadical,1,38.054,15.2859,0,0,0,0,54452.9,0,0,54514.6,UNKNOWN,True,31892
j3037_1_mdd_b.cnf,E_lkk_selector,1,,,,,,,,,,60055.194514,,,1560
j3037_1_mdd_b.cnf,C_lkk_cadical,1,,,,,,,,,,60048.623913,,,1720
j3037_1_mdd_b.cnf,D_lkk_kissat,1,57.8823,30.337,0,0,0,0,23020.8,31.1062,51.8668,23162.8,UNKNOWN,True,24304
j3037_9_mdd_bm1.cnf,C_lkk_cadical,1,,,,,,,,,,60053.408789,,,1608
j3037_9_mdd_bm1.cnf,D_lkk_kissat,1,,,,,,,,,,60047.456933,,,1680
j3037_9_mdd_bm1.cnf,E_lkk_selector,1,,,,,,,,,,60053.359715,,,1552
j3037_9_rggt_b.cnf,C_lkk_cadical,1,,,,,,,,,,60054.359906,,,1700
j3037_9_rggt_b.cnf,D_lkk_kissat,1,,,,,,,,,,60048.728279,,,1676
j3037_9_rggt_b.cnf,E_lkk_selector,1,,,,,,,,,,60052.533986,,,1716
j3045_10_gmto_b.cnf,C_lkk_cadical,1,,,,,,,,,,60053.437146,,,1560
j3045_10_gmto_b.cnf,D_lkk_kissat,1,,,,,,,,,,60048.852652,,,1560
j3045_10_gmto_b.cnf,E_lkk_selector,1,,,,,,,,,,60048.892533,,,1680
j3045_10_rggt_b.cnf,D_lkk_kissat,1,,,,,,,,,,60036.964123,,,1552
j3045_10_rggt_b.cnf,E_lkk_selector,1,41.6943,17.5544,0,0,0,0,10438.3,0,0,10505.5,UNKNOWN,True,27468
j3045_10_rggt_b.cnf,C_lkk_cadical,1,40.2694,17.2006,0,0,0,0,10102.2,0,0,10167.2,UNKNOWN,True,26768
j3045_4_gmto_b.cnf,E_lkk_selector,1,,,,,,,,,,60044.770074,,,1688
j3045_4_gmto_b.cnf,C_lkk_cadical,1,,,,,,,,,,60046.549532,,,1552
j3045_4_gmto_b.cnf,D_lkk_kissat,1,,,,,,,,,,60039.721355,,,1700
j3045_4_mdd_bm1.cnf,C_lkk_cadical,1,,,,,,,,,,60038.425644,,,1648
j3045_4_mdd_bm1.cnf,D_lkk_kissat,1,,,,,,,,,,60046.3382,,,1564
j3045_4_mdd_bm1.cnf,E_lkk_selector,1,,,,,,,,,,60049.611008,,,1692
jgiraldezlevy.2200.9086.08.40.41.cnf,C_lkk_cadical,1,,,,,,,,,,60040.776831,,,1688
jgiraldezlevy.2200.9086.08.40.41.cnf,D_lkk_kissat,1,7.23205,2.13283,3.76878,3.41993,0,0,16505.6,5.04993,510.649,16540,UNKNOWN,True,10084
jgiraldezlevy.2200.9086.08.40.41.cnf,E_lkk_selector,1,7.87795,2.2729,3.9238,3.43129,0,0,15659.3,5.81623,-334.857,15694.6,UNKNOWN,True,10612
lec_mult_CvD_11x11.sanitized.cnf,C_lkk_cadical,1,,,,,,,,,,60039.97853,,,1552
lec_mult_CvD_11x11.sanitized.cnf,D_lkk_kissat,1,,,,,,,,,,60043.714429,,,1692
lec_mult_CvD_11x11.sanitized.cnf,E_lkk_selector,1,,,,,,,,,,60029.077702,,,1608
lec_mult_CvK_12x11.sanitized.cnf,D_lkk_kissat,1,,,,,,,,,,60040.035737,,,1740
lec_mult_CvK_12x11.sanitized.cnf,E_lkk_selector,1,,,,,,,,,,60035.137434,,,1748
lec_mult_CvK_12x11.sanitized.cnf,C_lkk_cadical,1,,,,,,,,,,60047.621671,,,1736
lec_mult_CvK_12x12.sanitized.cnf,E_lkk_selector,1,,,,,,,,,,60042.233776,,,1608
lec_mult_CvK_12x12.sanitized.cnf,C_lkk_cadical,1,,,,,,,,,,60036.721518,,,1740
lec_mult_CvK_12x12.sanitized.cnf,D_lkk_kissat,1,,,,,,,,,,60037.57663,,,1720
lec_mult_DvK_11x10.sanitized.cnf,C_lkk_cadical,1,,,,,,,,,,60043.111793,,,1712
lec_mult_DvK_11x10.sanitized.cnf,D_lkk_kissat,1,,,,,,,,,,60048.364417,,,1748
lec_mult_DvK_11x10.sanitized.cnf,E_lkk_selector,1,,,,,,,,,,60039.218593,,,1740
lec_mult_DvW_11x10.sanitized.cnf,C_lkk_cadical,1,,,,,,,,,,60018.954609,,,1680
lec_mult_DvW_11x10.sanitized.cnf,D_lkk_kissat,1,,,,,,,,,,60035.249202,,,1752
lec_mult_DvW_11x10.sanitized.cnf,E_lkk_selector,1,,,,,,,,,,60030.212667,,,1620
lec_mult_DvW_12x11.sanitized.cnf,C_lkk_cadical,1,,,,,,,,,,60045.499126,,,1648
lec_mult_DvW_12x11.sanitized.cnf,D_lkk_kissat,1,,,,,,,,,,60043.8829,,,1676
lec_mult_DvW_12x11.sanitized.cnf,E_lkk_selector,1,,,,,,,,,,60024.198682,,,1656
lec_mult_DvW_12x12.sanitized.cnf,D_lkk_kissat,1,,,,,,,,,,60043.497361,,,1624
lec_mult_DvW_12x12.sanitized.cnf,E_lkk_selector,1,,,,,,,,,,60043.14833,,,1716
lec_mult_DvW_12x12.sanitized.cnf,C_lkk_cadical,1,,,,,,,,,,60048.551016,,,1608
lec_mult_KvW_10x10.sanitized.cnf,E_lkk_selector,1,,,,,,,,,,60045.643518,,,1564
lec_mult_KvW_10x10.sanitized.cnf,C_lkk_cadical,1,,,,,,,,,,60041.387616,,,1688
lec_mult_KvW_10x10.sanitized.cnf,D_lkk_kissat,1,,,,,,,,,,60037.614184,,,1620
lec_mult_KvW_11x10.sanitized.cnf,C_lkk_cadical,1,,,,,,,,,,60048.446402,,,1552
lec_mult_KvW_11x10.sanitized.cnf,D_lkk_kissat,1,,,,,,,,,,60037.216185,,,1700
lec_mult_KvW_11x10.sanitized.cnf,E_lkk_selector,1,,,,,,,,,,60031.093271,,,1704
lec_mult_KvW_12x11.sanitized.cnf,C_lkk_cadical,1,,,,,,,,,,60038.173866,,,1648
lec_mult_KvW_12x11.sanitized.cnf,D_lkk_kissat,1,,,,,,,,,,60033.055864,,,1740
lec_mult_KvW_12x11.sanitized.cnf,E_lkk_selector,1,,,,,,,,,,60038.868332,,,1700
manol-pipe-g10bid_i.cnf,C_lkk_cadical,1,,,,,,,,,,60047.382724,,,1656
manol-pipe-g10bid_i.cnf,D_lkk_kissat,1,,,,,,,,,,60055.556584,,,1552
manol-pipe-g10bid_i.cnf,E_lkk_selector,1,,,,,,,,,,60016.779637,,,1620
marg5x5.shuffled-as.sat03-1455.cnf,D_lkk_kissat,1,,,,,,,,,,60050.341385,,,1604
marg5x5.shuffled-as.sat03-1455.cnf,E_lkk_selector,1,,,,,,,,,,60049.656925,,,1704
marg5x5.shuffled-as.sat03-1455.cnf,C_lkk_cadical,1,,,,,,,,,,60044.653524,,,1656
mchess_15.cnf,E_lkk_selector,1,,,,,,,,,,60036.575183,,,1752
mchess_15.cnf,C_lkk_cadical,1,,,,,,,,,,60046.306679,,,1704
mchess_15.cnf,D_lkk_kissat,1,2.84533,0.20359,0.390753,2.3278,0.131177,0,52727.3,1.79026,-270.876,52745.1,FEASIBLE,True,21748
mchess_16.cnf,C_lkk_cadical,1,,,,,,,,,,60046.240965,,,1688
mchess_16.cnf,D_lkk_kissat,1,,,,,,,,,,60038.698424,,,1648
mchess_16.cnf,E_lkk_selector,1,,,,,,,,,,60046.45849,,,1652
md5_48_1.cnf,C_lkk_cadical,1,200.852,149.942,0,0,0,0,51185.5,0,0,51589,UNKNOWN,True,118916
md5_48_1.cnf,D_lkk_kissat,1,159.127,142.128,0,0,0,0,20166.1,91.3299,257.411,20615.5,UNKNOWN,True,46176
md5_48_1.cnf,E_lkk_selector,1,273.731,212.272,0,0,0,0,20063.6,97.7589,161.33,20697.2,UNKNOWN,True,45208
mdp-28-10-unsat.cnf,C_lkk_cadical,1,,,,,,,,,,60052.176169,,,1624
mdp-28-10-unsat.cnf,D_lkk_kissat,1,,,,,,,,,,60044.161933,,,1676
mdp-28-10-unsat.cnf,E_lkk_selector,1,,,,,,,,,,60046.509782,,,1620
mdp-28-14-sat.cnf,D_lkk_kissat,1,,,,,,,,,,60041.260374,,,1604
mdp-28-14-sat.cnf,E_lkk_selector,1,,,,,,,,,,60028.112551,,,1620
mdp-28-14-sat.cnf,C_lkk_cadical,1,,,,,,,,,,60036.226175,,,1676
mdp-28-14-unsat.cnf,E_lkk_selector,1,,,,,,,,,,60023.140809,,,1736
mdp-28-14-unsat.cnf,C_lkk_cadical,1,,,,,,,,,,60037.099075,,,1548
mdp-28-14-unsat.cnf,D_lkk_kissat,1,,,,,,,,,,60038.844225,,,1688
mdp-28-16-unsat.cnf,C_lkk_cadical,1,,,,,,,,,,60045.867414,,,1604
mdp-28-16-unsat.cnf,D_lkk_kissat,1,,,,,,,,,,60039.359832,,,1748
mdp-28-16-unsat.cnf,E_lkk_selector,1,,,,,,,,,,60043.007903,,,1700
mdp-32-10-sat.cnf,C_lkk_cadical,1,,,,,,,,,,60045.970061,,,1648
mdp-32-10-sat.cnf,D_lkk_kissat,1,,,,,,,,,,60042.461598,,,1704
mdp-32-10-sat.cnf,E_lkk_selector,1,,,,,,,,,,60035.760217,,,1656
mdp-32-10-unsat.cnf,C_lkk_cadical,1,,,,,,,,,,60047.4102,,,1548
mdp-32-10-unsat.cnf,D_lkk_kissat,1,,,,,,,,,,60042.884466,,,1676
mdp-32-10-unsat.cnf,E_lkk_selector,1,,,,,,,,,,60036.538428,,,1680
mdp-32-11-sat.cnf,D_lkk_kissat,1,,,,,,,,,,60041.908486,,,1724
mdp-32-11-sat.cnf,E_lkk_selector,1,,,,,,,,,,60037.504981,,,1688
mdp-32-11-sat.cnf,C_lkk_cadical,1,,,,,,,,,,60019.554788,,,1688
mdp-32-11-unsat.cnf,E_lkk_selector,1,,,,,,,,,,60037.863815,,,1624
mdp-32-11-unsat.cnf,C_lkk_cadical,1,,,,,,,,,,60043.719274,,,1740
mdp-32-11-unsat.cnf,D_lkk_kissat,1,,,,,,,,,,60053.237987,,,1716
mdp-32-12-unsat.cnf,C_lkk_cadical,1,,,,,,,,,,60036.203829,,,1700
mdp-32-12-unsat.cnf,D_lkk_kissat,1,,,,,,,,,,60042.803499,,,1724
mdp-32-12-unsat.cnf,E_lkk_selector,1,,,,,,,,,,60042.180398,,,1704
mdp-32-14-unsat.cnf,C_lkk_cadical,1,,,,,,,,,,60028.072503,,,1704
mdp-32-14-unsat.cnf,D_lkk_kissat,1,,,,,,,,,,60020.718926,,,1724
mdp-32-14-unsat.cnf,E_lkk_selector,1,,,,,,,,,,60027.577444,,,1624
mdp-36-10-unsat.cnf,C_lkk_cadical,1,,,,,,,,,,60038.238693,,,1720
mdp-36-10-unsat.cnf,D_lkk_kissat,1,,,,,,,,,,60040.484758,,,1704
mdp-36-10-unsat.cnf,E_lkk_selector,1,,,,,,,,,,60041.88083,,,1704
mdp-36-12-unsat.cnf,D_lkk_kissat,1,,,,,,,,,,60042.678685,,,1608
mdp-36-12-unsat.cnf,E_lkk_selector,1,,,,,,,,,,60031.143,,,1720
mdp-36-12-unsat.cnf,C_lkk_cadical,1,,,,,,,,,,60033.667326,,,1652
mdp-36-14-sat.cnf,E_lkk_selector,1,,,,,,,,,,60037.12698,,,1724
mdp-36-14-sat.cnf,C_lkk_cadical,1,,,,,,,,,,60052.081362,,,1560
mdp-36-14-sat.cnf,D_lkk_kissat,1,,,,,,,,,,60041.375971,,,1736
mp1-blockpuzzle_5x10_s7_free4.cnf,C_lkk_cadical,1,,,,,,,,,,60048.032403,,,1716
mp1-blockpuzzle_5x10_s7_free4.cnf,D_lkk_kissat,1,196.438,32.4631,0,0,0,0,12444.5,88.2246,532.706,12788,UNKNOWN,True,33584
mp1-blockpuzzle_5x10_s7_free4.cnf,E_lkk_selector,1,156.424,37.456,0,0,0,0,11826.6,68.2881,-105.062,12116.4,UNKNOWN,True,33644
mp1-ps_5000_21250_3_0_0.8_0_1.50_6.cnf,C_lkk_cadical,1,19.3147,6.7033,12.129,21.6247,0,0,43019.1,0,0,43083.8,UNKNOWN,True,23748
mp1-ps_5000_21250_3_0_0.8_0_1.50_6.cnf,D_lkk_kissat,1,14.4904,5.29615,9.02559,20.4866,0,0,41229.9,8.8634,238.741,41302.5,UNKNOWN,True,18404
mp1-ps_5000_21250_3_0_0.8_0_1.50_6.cnf,E_lkk_selector,1,14.9418,5.15653,9.19569,24.5704,0,0,42223.6,11.333,234.978,42302.9,UNKNOWN,True,16772
noL-11-0.sanitized.cnf,C_lkk_cadical,1,,,,,,,,,,60036.1905,,,1620
noL-11-0.sanitized.cnf,D_lkk_kissat,1,,,,,,,,,,60051.327263,,,1624
noL-11-0.sanitized.cnf,E_lkk_selector,1,,,,,,,,,,60040.877348,,,1656
noL-11-10.sanitized.cnf,D_lkk_kissat,1,,,,,,,,,,60037.323199,,,1648
noL-11-10.sanitized.cnf,E_lkk_selector,1,,,,,,,,,,60028.188488,,,1716
noL-11-10.sanitized.cnf,C_lkk_cadical,1,,,,,,,,,,60033.935567,,,1624
noL-11-12.sanitized.cnf,E_lkk_selector,1,15.8252,0.924964,29.2597,23.5787,0,0,40321.9,5.72904,327.609,40414.1,UNKNOWN,True,22516
noL-11-12.sanitized.cnf,C_lkk_cadical,1,,,,,,,,,,60045.888704,,,1676
noL-11-12.sanitized.cnf,D_lkk_kissat,1,7.20719,1.07591,35.192,27.2304,0,0,40956.1,5.99047,-37.9438,41046.3,UNKNOWN,True,21400
noL-11-14.sanitized.cnf,C_lkk_cadical,1,6.93848,0.983351,29.9934,24.4187,0,0,11967,0,0,12034.8,UNKNOWN,True,17692
noL-11-14.sanitized.cnf,D_lkk_kissat,1,,,,,,,,,,60044.897119,,,1652
noL-11-14.sanitized.cnf,E_lkk_selector,1,,,,,,,,,,60035.769545,,,1724
noL-11-18.sanitized.cnf,C_lkk_cadical,1,6.95386,1.16988,2.88386,27.5904,0,0,46520.8,0,0,46566.9,UNKNOWN,True,23720
noL-11-18.sanitized.cnf,D_lkk_kissat,1,,,,,,,,,,60028.733449,,,1652
noL-11-18.sanitized.cnf,E_lkk_selector,1,,,,,,,,,,60047.676864,,,1676
noL-11-2.sanitized.cnf,C_lkk_cadical,1,,,,,,,,,,60047.742511,,,1724
noL-11-2.sanitized.cnf,D_lkk_kissat,1,,,,,,,,,,60046.11773,,,1692
noL-11-2.sanitized.cnf,E_lkk_selector,1,,,,,,,,,,60035.397125,,,1620
noL-11-6.sanitized.cnf,D_lkk_kissat,1,,,,,,,,,,60052.461024,,,1748
noL-11-6.sanitized.cnf,E_lkk_selector,1,,,,,,,,,,60048.511522,,,1676
noL-11-6.sanitized.cnf,C_lkk_cadical,1,6.30926,0.961024,40.2449,23.3671,0,0,53318.4,0,0,53396,UNKNOWN,True,27584
noL-11-8.sanitized.cnf,E_lkk_selector,1,,,,,,,,,,60048.380471,,,1652
noL-11-8.sanitized.cnf,C_lkk_cadical,1,,,,,,,,,,60050.448468,,,1624
noL-11-8.sanitized.cnf,D_lkk_kissat,1,,,,,,,,,,60036.556768,,,1652
openstacks-sequencedstrips-nonadl-nonnegated-os-sequencedstrips-p30_3.025-NOTKNOWN.cnf,C_lkk_cadical,1,,,,,,,,,,60056.585102,,,1648
openstacks-sequencedstrips-nonadl-nonnegated-os-sequencedstrips-p30_3.025-NOTKNOWN.cnf,D_lkk_kissat,1,,,,,,,,,,60039.581469,,,1652
openstacks-sequencedstrips-nonadl-nonnegated-os-sequencedstrips-p30_3.025-NOTKNOWN.cnf,E_lkk_selector,1,,,,,,,,,,60044.573478,,,1740
or_randxor_k3_n510_m510.sanitized.cnf,C_lkk_cadical,1,,,,,,,,,,60048.98133,,,1608
or_randxor_k3_n510_m510.sanitized.cnf,D_lkk_kissat,1,6.41012,1.80913,2.5174,2.93299,0,0,4106.09,5.01218,111.105,4134.4,UNKNOWN,True,5988
or_randxor_k3_n510_m510.sanitized.cnf,E_lkk_selector,1,9.05049,2.23901,2.99188,3.43769,0,0,4292.73,5.87898,298.613,4326.8,UNKNOWN,True,5992
pb_300_09_lb_07.cnf,C_lkk_cadical,1,454.223,522.104,0,0,0,0,32843.5,0,0,34046.2,UNKNOWN,True,207868
pb_300_09_lb_07.cnf,D_lkk_kissat,1,423.582,516.371,0,0,0,0,18450,287.452,737.46,19905.1,UNKNOWN,True,98060
pb_300_09_lb_07.cnf,E_lkk_selector,1,362.68,468.984,0,0,0,0,18660.9,233.912,-105.179,19916.3,UNKNOWN,True,98828
pcmax-scheduling-m11-1517-6802-UNSAT.sanitized.cnf,D_lkk_kissat,1,14.1792,1.11603,2.21648,2.14357,0,0,30615.1,3.46104,618.552,30649.6,UNKNOWN,True,13544
pcmax-scheduling-m11-1517-6802-UNSAT.sanitized.cnf,E_lkk_selector,1,7.1034,1.17379,2.35787,2.53889,0,0,30481.5,3.88606,485.36,30514.6,UNKNOWN,True,13544
pcmax-scheduling-m11-1517-6802-UNSAT.sanitized.cnf,C_lkk_cadical,1,,,,,,,,,,60045.642491,,,1716
pcmax-scheduling-m13-1655-9604-UNSAT.sanitized.cnf,E_lkk_selector,1,,,,,,,,,,60038.061705,,,1652
pcmax-scheduling-m13-1655-9604-UNSAT.sanitized.cnf,C_lkk_cadical,1,,,,,,,,,,60051.1002,,,1548
pcmax-scheduling-m13-1655-9604-UNSAT.sanitized.cnf,D_lkk_kissat,1,,,,,,,,,,60048.875818,,,1680
pcmax-scheduling-m15-2352-13561-SAT.sanitized.cnf,C_lkk_cadical,1,,,,,,,,,,60006.829619,,,1624
pcmax-scheduling-m15-2352-13561-SAT.sanitized.cnf,D_lkk_kissat,1,,,,,,,,,,60051.155662,,,1740
pcmax-scheduling-m15-2352-13561-SAT.sanitized.cnf,E_lkk_selector,1,,,,,,,,,,60050.850339,,,1656
pcmax-scheduling-m19-10199-62102-UNSAT.sanitized.cnf,C_lkk_cadical,1,,,,,,,,,,60052.916459,,,1552
pcmax-scheduling-m19-10199-62102-UNSAT.sanitized.cnf,D_lkk_kissat,1,,,,,,,,,,60047.422428,,,1676
pcmax-scheduling-m19-10199-62102-UNSAT.sanitized.cnf,E_lkk_selector,1,,,,,,,,,,60053.658021,,,1712
pcmax-scheduling-m19-2974-16501-UNSAT.sanitized.cnf,C_lkk_cadical,1,,,,,,,,,,60029.844355,,,1704
pcmax-scheduling-m19-2974-16501-UNSAT.sanitized.cnf,D_lkk_kissat,1,,,,,,,,,,60006.918033,,,1564
pcmax-scheduling-m19-2974-16501-UNSAT.sanitized.cnf,E_lkk_selector,1,,,,,,,,,,60057.383629,,,1648
pcmax-scheduling-m24-17855-226744-SAT.sanitized.cnf,D_lkk_kissat,1,,,,,,,,,,60055.630722,,,1692
pcmax-scheduling-m24-17855-226744-SAT.sanitized.cnf,E_lkk_selector,1,,,,,,,,,,60054.15779,,,1652
pcmax-scheduling-m24-17855-226744-SAT.sanitized.cnf,C_lkk_cadical,1,,,,,,,,,,60010.123738,,,1656
pcmax-scheduling-m24-24102-255206-SAT.sanitized.cnf,E_lkk_selector,1,,,,,,,,,,60009.939428,,,1624
pcmax-scheduling-m24-24102-255206-SAT.sanitized.cnf,C_lkk_cadical,1,,,,,,,,,,60011.452756,,,1680
pcmax-scheduling-m24-24102-255206-SAT.sanitized.cnf,D_lkk_kissat,1,,,,,,,,,,60053.732423,,,1624
pcmax-scheduling-m30-14113-167638-UNSAT.sanitized.cnf,C_lkk_cadical,1,,,,,,,,,,60056.198034,,,1716
pcmax-scheduling-m30-14113-167638-UNSAT.sanitized.cnf,D_lkk_kissat,1,,,,,,,,,,60044.905363,,,1652
pcmax-scheduling-m30-14113-167638-UNSAT.sanitized.cnf,E_lkk_selector,1,,,,,,,,,,60053.49455,,,1680
pcmax-scheduling-m35-32274-371389-SAT.sanitized.cnf,C_lkk_cadical,1,,,,,,,,,,60055.360968,,,1652
pcmax-scheduling-m35-32274-371389-SAT.sanitized.cnf,D_lkk_kissat,1,,,,,,,,,,60005.313652,,,1648
pcmax-scheduling-m35-32274-371389-SAT.sanitized.cnf,E_lkk_selector,1,,,,,,,,,,60059.482672,,,1704
pcmax-scheduling-m37-28831-324346-SAT.sanitized.cnf,C_lkk_cadical,1,,,,,,,,,,60055.441695,,,1652
pcmax-scheduling-m37-28831-324346-SAT.sanitized.cnf,D_lkk_kissat,1,,,,,,,,,,60051.652173,,,1740
pcmax-scheduling-m37-28831-324346-SAT.sanitized.cnf,E_lkk_selector,1,,,,,,,,,,60052.295903,,,1652
pcmax-scheduling-m40-26287-324155-SAT.sanitized.cnf,D_lkk_kissat,1,,,,,,,,,,60056.303372,,,1720
pcmax-scheduling-m40-26287-324155-SAT.sanitized.cnf,E_lkk_selector,1,,,,,,,,,,60048.662688,,,1688
pcmax-scheduling-m40-26287-324155-SAT.sanitized.cnf,C_lkk_cadical,1,,,,,,,,,,60047.881876,,,1552
pcmax-scheduling-m43-38782-385402-SAT.sanitized.cnf,E_lkk_selector,1,,,,,,,,,,60032.132017,,,1752
pcmax-scheduling-m43-38782-385402-SAT.sanitized.cnf,C_lkk_cadical,1,,,,,,,,,,60009.044696,,,1720
pcmax-scheduling-m43-38782-385402-SAT.sanitized.cnf,D_lkk_kissat,1,,,,,,,,,,60008.985606,,,1620
