seed,boxes,resources,demands,capacities,reachable,exhaustive_result,python_flow_result,native_flow_result,exhaustive_subset,exhaustive_ms,python_flow_ms,native_flow_ms,mismatch
700000,3,5,"[1,2,1]","[3,2,3,2,2]","[[3,4],[3,4],[1,2,3]]",FEASIBLE,FEASIBLE,FEASIBLE,null,0.077761,0.097662,0.007273,False
700001,4,4,"[3,2,2,1]","[1,3,2,2]","[[0,1,2],[0,2],[0,2,3],[3]]",UNSAT,UNSAT,UNSAT,"[0, 1]",0.032729,0.105808,0.006505,False
700002,3,7,"[2,2,1]","[2,2,3,1,2,3,2]","[[5,6],[0,1,2,4,5,6],[0,1,2,3,4,5,6]]",FEASIBLE,FEASIBLE,FEASIBLE,null,0.068497,0.073728,0.004435,False
700003,3,1,"[1,1,1]",[3],"[[0],[0],[0]]",FEASIBLE,FEASIBLE,FEASIBLE,null,0.021274,0.034129,0.001436,False
700004,2,2,"[1,1]","[3,3]","[[0,1],[1]]",FEASIBLE,FEASIBLE,FEASIBLE,null,0.014578,0.028128,0.001324,False
700005,6,1,"[1,1,1,1,1,1]",[2],"[[0],[0],[0],[0],[0],[0]]",UNSAT,UNSAT,UNSAT,"[0, 1, 2]",0.076103,0.079162,0.00364,False
700006,4,1,"[1,1,1,1]",[2],"[[0],[0],[0],[0]]",UNSAT,UNSAT,UNSAT,"[0, 1, 2]",0.029806,0.056221,0.002435,False
700007,3,5,"[1,1,1]","[3,1,1,1,2]","[[0,1,2,3,4],[2,4],[1]]",FEASIBLE,FEASIBLE,FEASIBLE,null,0.052102,0.043109,0.00227,False
700008,7,3,"[1,2,1,1,2,2,1]","[1,2,2]","[[2],[0,1,2],[1],[2],[1,2],[0,1,2],[1]]",UNSAT,UNSAT,UNSAT,"[0, 3, 4]",0.173738,0.245164,0.005353,False
700009,5,1,"[1,1,1,1,1]",[2],"[[0],[0],[0],[0],[0]]",UNSAT,UNSAT,UNSAT,"[0, 1, 2]",0.040403,0.06217,0.002572,False
700010,7,1,"[1,1,1,1,1,1,1]",[2],"[[0],[0],[0],[0],[0],[0],[0]]",UNSAT,UNSAT,UNSAT,"[0, 1, 2]",0.065969,0.072746,0.002807,False
700011,2,2,"[1,2]","[2,2]","[[0,1],[0,1]]",FEASIBLE,FEASIBLE,FEASIBLE,null,0.014566,0.033349,0.001303,False
700012,1,2,[1],"[3,1]","[[0,1]]",FEASIBLE,FEASIBLE,FEASIBLE,null,0.006929,0.020186,0.000853,False
700013,6,2,"[1,1,1,2,1,2]","[2,3]","[[0],[0],[0],[0,1],[1],[0,1]]",UNSAT,UNSAT,UNSAT,"[0, 1, 2]",0.077316,0.079448,0.003367,False
700014,2,5,"[1,1]","[2,3,3,1,2]","[[2],[0,1]]",FEASIBLE,FEASIBLE,FEASIBLE,null,0.023799,0.034737,0.001301,False
700015,3,7,"[1,1,3]","[2,3,1,2,2,3,2]","[[1],[4,5,6],[1,3,4,5]]",FEASIBLE,FEASIBLE,FEASIBLE,null,0.065625,0.05029,0.002245,False
700016,6,4,"[1,2,2,1,1,2]","[2,1,1,1]","[[1],[1,2,3],[0,1,2,3],[0,1],[1,2,3],[0,1,2,3]]",UNSAT,UNSAT,UNSAT,"[0, 1, 2]",0.118826,0.087636,0.006508,False
700017,2,6,"[1,1]","[3,2,1,3,3,1]","[[0],[1,2,3,4,5]]",FEASIBLE,FEASIBLE,FEASIBLE,null,0.020348,0.027142,0.001619,False
700018,4,1,"[1,1,1,1]",[1],"[[0],[0],[0],[0]]",UNSAT,UNSAT,UNSAT,"[0, 1]",0.01165,0.040522,0.002072,False
700019,2,2,"[1,1]","[3,2]","[[0],[0,1]]",FEASIBLE,FEASIBLE,FEASIBLE,null,0.018965,0.02184,0.001131,False
700020,6,5,"[1,1,2,1,2,1]","[3,1,3,3,1]","[[0,1,2,4],[0,4],[1,2,3,4],[0],[0,4],[3]]",FEASIBLE,FEASIBLE,FEASIBLE,null,0.358237,0.16986,0.004555,False
700021,5,6,"[1,1,1,3,3]","[2,2,1,2,3,2]","[[0,1,2,3,4,5],[1,4,5],[0,3,5],[0,3,5],[0,3,4]]",FEASIBLE,FEASIBLE,FEASIBLE,null,0.198962,0.083094,0.004945,False
700022,7,6,"[2,1,1,2,1,1,1]","[3,2,3,2,2,1]","[[1,2],[0,1,2,3,5],[0,2],[0,1,2,3,4,5],[3],[1,4],[3]]",FEASIBLE,FEASIBLE,FEASIBLE,null,0.887897,0.068415,0.004122,False
700023,2,6,"[1,3]","[3,3,2,3,1,3]","[[0,3],[0,1,2,3,4]]",FEASIBLE,FEASIBLE,FEASIBLE,null,0.02118,0.034212,0.001969,False
700024,7,1,"[1,1,1,1,1,1,1]",[1],"[[0],[0],[0],[0],[0],[0],[0]]",UNSAT,UNSAT,UNSAT,"[0, 1]",0.015791,0.055243,0.002716,False
700025,1,6,[1],"[3,3,2,1,2,3]","[[1,3,5]]",FEASIBLE,FEASIBLE,FEASIBLE,null,0.008288,0.020187,0.001293,False
700026,7,3,"[2,2,2,1,1,1,2]","[3,3,2]","[[0,1],[0,1,2],[0,1,2],[2],[0,1,2],[1],[1,2]]",UNSAT,UNSAT,UNSAT,"[0, 1, 2, 3, 6]",0.409348,0.088449,0.00536,False
700027,5,2,"[1,2,1,1,2]","[3,3]","[[0,1],[0,1],[0,1],[0,1],[0,1]]",UNSAT,UNSAT,UNSAT,"[0, 1, 2, 3, 4]",0.089843,0.064019,0.003825,False
700028,6,7,"[3,1,2,1,1,2]","[3,2,1,1,3,2,2]","[[1,2,3,5],[0,1,2,4,5,6],[0,2,3,4,5,6],[6],[0,1,2,3,4,5,6],[1,2,3,4,5,6]]",FEASIBLE,FEASIBLE,FEASIBLE,null,0.523104,0.091103,0.005737,False
700029,3,5,"[1,1,1]","[3,3,1,1,1]","[[1,2],[3],[0]]",FEASIBLE,FEASIBLE,FEASIBLE,null,0.040839,0.04643,0.001516,False
700030,7,3,"[2,1,1,2,2,1,1]","[3,1,2]","[[0,1,2],[2],[0,1,2],[0,2],[0,1,2],[1],[0,1,2]]",UNSAT,UNSAT,UNSAT,"[0, 1, 3, 4]",0.36639,0.085834,0.004976,False
700031,3,3,"[1,1,2]","[3,2,3]","[[1],[0,1,2],[0,1,2]]",FEASIBLE,FEASIBLE,FEASIBLE,null,0.032815,0.033924,0.001801,False
700032,6,3,"[2,1,2,1,1,3]","[3,2,1]","[[0,1],[2],[0,2],[0,1,2],[1],[0,1,2]]",UNSAT,UNSAT,UNSAT,"[1, 2]",0.094327,0.093262,0.004317,False
700033,5,1,"[1,1,1,1,1]",[2],"[[0],[0],[0],[0],[0]]",UNSAT,UNSAT,UNSAT,"[0, 1, 2]",0.03074,0.047465,0.002323,False
700034,6,5,"[1,1,3,1,1,1]","[3,3,3,1,2]","[[0],[0,1,3,4],[0,1,3,4],[3],[0,1,2,3,4],[0,1,2,3]]",FEASIBLE,FEASIBLE,FEASIBLE,null,0.462039,0.10603,0.004657,False
700035,4,2,"[1,1,1,1]","[1,3]","[[0,1],[1],[0],[1]]",FEASIBLE,FEASIBLE,FEASIBLE,null,0.062626,0.057675,0.002205,False
700036,1,4,[2],"[3,1,2,1]","[[2,3]]",FEASIBLE,FEASIBLE,FEASIBLE,null,0.008869,0.024962,0.001112,False
700037,4,3,"[1,3,1,2]","[3,3,2]","[[0],[0,1,2],[0],[0,1]]",UNSAT,UNSAT,UNSAT,"[0, 1, 2, 3]",0.076982,0.077348,0.002965,False
700038,3,7,"[2,2,1]","[2,3,1,1,1,2,2]","[[0,1,2,3,4,5,6],[1,4,5],[0,5]]",FEASIBLE,FEASIBLE,FEASIBLE,null,0.070013,0.057818,0.002644,False
700039,6,7,"[1,2,1,2,2,1]","[3,1,1,1,2,3,3]","[[1,2,6],[0,1,2,4,5,6],[2],[0,2,4],[1,2,3,4],[6]]",FEASIBLE,FEASIBLE,FEASIBLE,null,0.654038,0.098563,0.004996,False
700040,5,3,"[1,2,3,2,1]","[3,2,3]","[[0,2],[1,2],[0,1,2],[0,2],[0]]",UNSAT,UNSAT,UNSAT,"[0, 1, 2, 3, 4]",0.119625,0.072889,0.003684,False
700041,1,6,[2],"[1,3,2,1,3,2]","[[0,1,2,3,4,5]]",FEASIBLE,FEASIBLE,FEASIBLE,null,0.008438,0.149149,0.001517,False
700042,2,1,"[1,1]",[2],"[[0],[0]]",FEASIBLE,FEASIBLE,FEASIBLE,null,0.008501,0.01919,0.000885,False
700043,4,2,"[2,1,1,1]","[2,2]","[[0,1],[0],[0],[0]]",UNSAT,UNSAT,UNSAT,"[0, 1, 2]",0.031328,0.046116,0.002278,False
700044,5,1,"[1,1,1,1,1]",[2],"[[0],[0],[0],[0],[0]]",UNSAT,UNSAT,UNSAT,"[0, 1, 2]",0.030062,0.066947,0.002064,False
700045,4,1,"[1,1,1,1]",[2],"[[0],[0],[0],[0]]",UNSAT,UNSAT,UNSAT,"[0, 1, 2]",0.022484,0.042646,0.001713,False
700046,3,7,"[3,1,2]","[3,3,1,2,2,1,1]","[[1,2,4,5,6],[1,3],[0,2,3,4,5,6]]",FEASIBLE,FEASIBLE,FEASIBLE,null,0.053617,0.048924,0.002734,False
700047,5,2,"[1,1,1,1,1]","[2,2]","[[0,1],[1],[1],[0],[1]]",UNSAT,UNSAT,UNSAT,"[1, 2, 4]",0.064759,0.048576,0.002466,False
700048,7,1,"[1,1,1,1,1,1,1]",[3],"[[0],[0],[0],[0],[0],[0],[0]]",UNSAT,UNSAT,UNSAT,"[0, 1, 2, 3]",0.113837,0.057556,0.002559,False
700049,3,2,"[2,2,1]","[1,1]","[[0,1],[0,1],[0]]",UNSAT,UNSAT,UNSAT,"[0, 1]",0.012917,0.042548,0.002285,False
700050,2,2,"[1,1]","[1,2]","[[1],[0]]",FEASIBLE,FEASIBLE,FEASIBLE,null,0.01088,0.020208,0.000971,False
700051,3,1,"[1,1,1]",[3],"[[0],[0],[0]]",FEASIBLE,FEASIBLE,FEASIBLE,null,0.015542,0.024029,0.001099,False
700052,5,6,"[2,3,3,3,3]","[2,3,2,2,1,3]","[[0,1,2,3,4,5],[1,2,3,4,5],[1,2,3,4,5],[0,2,3,5],[0,1,2,3,4,5]]",UNSAT,UNSAT,UNSAT,"[0, 1, 2, 3, 4]",0.208584,0.183404,0.009186,False
700053,3,7,"[1,1,2]","[3,3,3,2,2,3,2]","[[1,2,5],[0,4,5],[1,2,3,6]]",FEASIBLE,FEASIBLE,FEASIBLE,null,0.063885,0.048121,0.002185,False
700054,3,3,"[3,1,2]","[3,1,1]","[[0,1,2],[0],[0,2]]",UNSAT,UNSAT,UNSAT,"[0, 2]",0.020161,0.155506,0.002513,False
700055,4,7,"[2,1,2,1]","[2,2,2,3,1,3,3]","[[0,1,2,3,4,5,6],[3],[1,2,3,5],[2]]",FEASIBLE,FEASIBLE,FEASIBLE,null,0.111875,0.049125,0.00276,False
700056,3,5,"[3,3,3]","[3,1,3,3,1]","[[0,1,3,4],[0,1,2,3,4],[0,1,2]]",FEASIBLE,FEASIBLE,FEASIBLE,null,0.040559,0.068464,0.003369,False
700057,1,7,[2],"[1,1,1,3,1,2,3]","[[2,3]]",FEASIBLE,FEASIBLE,FEASIBLE,null,0.009399,0.024326,0.001206,False
700058,2,2,"[2,1]","[1,1]","[[0,1],[0,1]]",UNSAT,UNSAT,UNSAT,"[0, 1]",0.010811,0.038628,0.001967,False
700059,2,7,"[3,2]","[1,1,3,3,2,1,2]","[[1,3,6],[0,1,2,4,5]]",FEASIBLE,FEASIBLE,FEASIBLE,null,0.023586,0.040921,0.002266,False
700060,6,4,"[2,2,1,1,1,1]","[2,1,2,1]","[[1,2,3],[0,1,2,3],[3],[1,2],[3],[0,2]]",UNSAT,UNSAT,UNSAT,"[2, 4]",0.077099,0.077123,0.004576,False
700061,6,3,"[1,1,3,2,1,2]","[1,1,3]","[[2],[0,1],[0,1,2],[0,2],[1,2],[0,1]]",UNSAT,UNSAT,UNSAT,"[1, 2]",0.042841,0.075117,0.004459,False
700062,4,2,"[1,1,2,2]","[3,3]","[[0,1],[0],[0,1],[0,1]]",FEASIBLE,FEASIBLE,FEASIBLE,null,0.044088,0.051724,0.002284,False
700063,4,7,"[1,1,3,1]","[3,1,2,1,1,2,1]","[[6],[1,4],[1,2,3,4,5],[1,6]]",FEASIBLE,FEASIBLE,FEASIBLE,null,0.1109,0.06452,0.003123,False
700064,5,6,"[3,2,1,1,1]","[3,1,3,2,3,1]","[[0,1,3,4,5],[0,2,3],[2,5],[0,1,2,3,5],[0,1,2,3,4,5]]",FEASIBLE,FEASIBLE,FEASIBLE,null,0.207905,0.065517,0.004106,False
700065,1,5,[2],"[3,3,2,3,2]","[[0,2,3,4]]",FEASIBLE,FEASIBLE,FEASIBLE,null,0.007979,0.12748,0.00129,False
700066,6,3,"[2,1,1,2,1,2]","[2,3,2]","[[0,2],[1],[2],[0,1],[0,1,2],[0,1,2]]",UNSAT,UNSAT,UNSAT,"[0, 2, 3, 5]",0.184613,0.095555,0.004112,False
700067,2,2,"[1,2]","[2,2]","[[1],[0,1]]",FEASIBLE,FEASIBLE,FEASIBLE,null,0.01131,0.025179,0.001099,False
700068,5,1,"[1,1,1,1,1]",[1],"[[0],[0],[0],[0],[0]]",UNSAT,UNSAT,UNSAT,"[0, 1]",0.012734,0.049709,0.002153,False
700069,1,4,[1],"[2,1,2,2]",[[2]],FEASIBLE,FEASIBLE,FEASIBLE,null,0.006458,0.016456,0.000827,False
700070,7,3,"[1,2,1,1,3,1,1]","[2,3,2]","[[0,1,2],[0,1,2],[0,1,2],[0,2],[0,1,2],[0,1],[1,2]]",UNSAT,UNSAT,UNSAT,"[0, 1, 2, 3, 4]",0.378209,0.088304,0.005396,False
700071,5,3,"[1,2,1,1,1]","[3,3,2]","[[2],[0,1],[2],[1],[0,1,2]]",FEASIBLE,FEASIBLE,FEASIBLE,null,0.119337,0.043349,0.002113,False
700072,2,2,"[2,1]","[3,2]","[[0,1],[1]]",FEASIBLE,FEASIBLE,FEASIBLE,null,0.010903,0.023893,0.001216,False
700073,4,4,"[1,1,1,1]","[1,1,1,2]","[[1,3],[0],[1],[0]]",UNSAT,UNSAT,UNSAT,"[1, 3]",0.039988,0.057495,0.003087,False
700074,1,3,[1],"[3,1,1]",[[1]],FEASIBLE,FEASIBLE,FEASIBLE,null,0.005822,0.015421,0.000795,False
700075,2,1,"[1,1]",[2],"[[0],[0]]",FEASIBLE,FEASIBLE,FEASIBLE,null,0.008316,0.01944,0.000824,False
700076,6,6,"[2,1,1,2,2,1]","[2,2,1,1,1,3]","[[2,3],[1,2,3,4,5],[0,1,3],[0,1,2,3],[0,2,3],[2]]",UNSAT,UNSAT,UNSAT,"[0, 4]",0.061645,0.105001,0.0061,False
700077,4,3,"[2,1,1,1]","[1,3,3]","[[0,1,2],[1,2],[0,1,2],[0]]",FEASIBLE,FEASIBLE,FEASIBLE,null,0.05704,0.052482,0.002568,False
700078,3,6,"[3,1,1]","[2,1,2,2,2,1]","[[0,2,4,5],[5],[3]]",FEASIBLE,FEASIBLE,FEASIBLE,null,0.047217,0.053229,0.00199,False
700079,3,6,"[1,2,1]","[3,1,3,1,2,2]","[[3,4,5],[2,5],[0]]",FEASIBLE,FEASIBLE,FEASIBLE,null,0.173634,0.037022,0.001888,False
700080,5,7,"[1,3,1,2,1]","[3,1,3,3,1,1,1]","[[0,2,6],[0,1,2,3,4,5],[2],[1,3,4,5,6],[0,1,3,4,6]]",FEASIBLE,FEASIBLE,FEASIBLE,null,0.239269,0.063715,0.003846,False
700081,5,5,"[3,3,1,2,1]","[2,2,1,3,1]","[[0,1,2,3,4],[0,1,3,4],[1,3],[0,1,2],[0,4]]",UNSAT,UNSAT,UNSAT,"[0, 1, 3, 4]",0.250852,0.12458,0.006325,False
700082,1,7,[1],"[2,2,3,3,2,1,3]",[[6]],FEASIBLE,FEASIBLE,FEASIBLE,null,0.009579,0.019631,0.001105,False
700083,5,2,"[1,2,1,1,1]","[2,3]","[[0,1],[0,1],[1],[0,1],[1]]",UNSAT,UNSAT,UNSAT,"[0, 1, 2, 3, 4]",0.08816,0.058805,0.00316,False
700084,3,6,"[1,1,3]","[2,2,1,1,1,3]","[[0,1,3,5],[0,1,2,4,5],[0,1,2,3,4,5]]",FEASIBLE,FEASIBLE,FEASIBLE,null,0.045607,0.046837,0.002982,False
700085,3,7,"[3,1,1]","[1,3,1,2,2,3,3]","[[0,1,2,4,5,6],[2,4],[1,3,5,6]]",FEASIBLE,FEASIBLE,FEASIBLE,null,0.050052,0.042827,0.002579,False
700086,1,5,[3],"[2,2,2,1,2]","[[1,2,3]]",FEASIBLE,FEASIBLE,FEASIBLE,null,0.007095,0.02396,0.001368,False
700087,7,4,"[3,2,1,3,1,2,1]","[3,3,3,3]","[[0,1,2,3],[1,2],[0,1],[0,1,2,3],[0,1,3],[0,1,2,3],[2]]",UNSAT,UNSAT,UNSAT,"[0, 1, 2, 3, 4, 5, 6]",0.631646,0.129369,0.007307,False
700088,1,4,[2],"[3,3,2,3]","[[2,3]]",FEASIBLE,FEASIBLE,FEASIBLE,null,0.008454,0.024378,0.001042,False
700089,3,7,"[2,1,1]","[2,2,2,2,2,1,2]","[[0,1,2,3,4,5,6],[1,3],[6]]",FEASIBLE,FEASIBLE,FEASIBLE,null,0.053919,0.147309,0.002332,False
700090,1,2,[1],"[1,1]",[[0]],FEASIBLE,FEASIBLE,FEASIBLE,null,0.005133,0.013576,0.000765,False
700091,4,3,"[2,1,2,2]","[1,1,1]","[[0,1,2],[0],[0,1,2],[1,2]]",UNSAT,UNSAT,UNSAT,"[0, 2]",0.022452,0.055236,0.00323,False
700092,7,2,"[1,1,1,2,1,1,1]","[1,1]","[[0],[1],[0],[0,1],[0,1],[1],[0]]",UNSAT,UNSAT,UNSAT,"[0, 2]",0.027979,0.073417,0.003564,False
700093,2,7,"[1,1]","[3,2,2,3,2,2,1]","[[1,2,3,4,5],[2,5]]",FEASIBLE,FEASIBLE,FEASIBLE,null,0.029403,0.035461,0.001757,False
700094,6,3,"[2,1,1,1,3,1]","[1,3,2]","[[1,2],[0],[0,2],[0],[0,1,2],[0,1]]",UNSAT,UNSAT,UNSAT,"[1, 3]",0.056362,0.087424,0.003828,False
700095,4,4,"[1,3,2,1]","[1,1,1,2]","[[1,2],[0,1,2,3],[0,1,3],[0,2]]",UNSAT,UNSAT,UNSAT,"[0, 1, 2]",0.066135,0.10575,0.003681,False
700096,6,6,"[1,1,2,1,1,1]","[1,1,2,2,2,2]","[[1],[2],[2,4],[1,3],[1,5],[0,1,2,3,4]]",FEASIBLE,FEASIBLE,FEASIBLE,null,0.559643,0.069655,0.002978,False
700097,2,5,"[3,1]","[3,1,1,1,2]","[[0,1,4],[3,4]]",FEASIBLE,FEASIBLE,FEASIBLE,null,0.018639,0.0315,0.001645,False
700098,4,6,"[1,1,3,3]","[2,1,3,2,1,3]","[[1,3,4,5],[0,1,2,3,4,5],[0,1,2,3,5],[0,1,2,3,5]]",FEASIBLE,FEASIBLE,FEASIBLE,null,0.09586,0.061258,0.003817,False
700099,5,7,"[2,3,2,3,2]","[2,3,2,3,3,2,1]","[[1,2,3,4,5],[0,1,2,3,4,5],[0,1,4,5,6],[0,4,5,6],[0,1,4,5,6]]",FEASIBLE,FEASIBLE,FEASIBLE,null,0.227679,0.08131,0.004671,False
700100,2,1,"[1,1]",[3],"[[0],[0]]",FEASIBLE,FEASIBLE,FEASIBLE,null,0.008276,0.138404,0.000827,False
700101,6,3,"[1,3,1,3,2,2]","[2,2,2]","[[0],[0,1,2],[0],[0,1,2],[1,2],[1,2]]",UNSAT,UNSAT,UNSAT,"[0, 1, 2]",0.075854,0.075774,0.004014,False
700102,6,3,"[1,1,1,2,1,1]","[2,2,2]","[[0,1],[2],[0,2],[0,1,2],[2],[0,2]]",UNSAT,UNSAT,UNSAT,"[1, 2, 3, 4, 5]",0.230708,0.084774,0.004641,False
700103,6,2,"[1,1,1,1,1,1]","[1,2]","[[1],[1],[0,1],[0,1],[0,1],[1]]",UNSAT,UNSAT,UNSAT,"[0, 1, 5]",0.067066,0.059329,0.003396,False
700104,2,6,"[2,1]","[3,3,3,1,3,3]","[[0,1,2,3,4,5],[3]]",FEASIBLE,FEASIBLE,FEASIBLE,null,0.020992,0.031678,0.001778,False
700105,3,2,"[1,1,1]","[1,3]","[[0],[0],[0,1]]",UNSAT,UNSAT,UNSAT,"[0, 1]",0.012491,0.036647,0.002068,False
700106,7,2,"[1,1,2,2,1,1,1]","[1,2]","[[0,1],[0,1],[0,1],[0,1],[0],[0,1],[0,1]]",UNSAT,UNSAT,UNSAT,"[2, 3]",0.047755,0.069043,0.004122,False
700107,4,1,"[1,1,1,1]",[3],"[[0],[0],[0],[0]]",UNSAT,UNSAT,UNSAT,"[0, 1, 2, 3]",0.029235,0.040481,0.001993,False
700108,2,2,"[1,1]","[1,1]","[[0],[1]]",FEASIBLE,FEASIBLE,FEASIBLE,null,0.010305,0.020165,0.000915,False
700109,3,5,"[1,2,1]","[2,3,1,2,1]","[[0,1,2,3,4],[0,1,2,3,4],[1,4]]",FEASIBLE,FEASIBLE,FEASIBLE,null,0.038679,0.037509,0.002285,False
700110,7,7,"[3,3,2,2,1,1,1]","[2,2,2,1,2,3,3]","[[0,1,2,3,4,5],[0,1,2,3,5,6],[1,2,3,4,5,6],[0,1,2,4,5,6],[0,1,2,3,4,5,6],[1,2,3,4,6],[0]]",FEASIBLE,FEASIBLE,FEASIBLE,null,1.368703,0.184371,0.00962,False
700111,4,3,"[2,1,3,2]","[2,2,1]","[[1,2],[2],[0,1,2],[0,1,2]]",UNSAT,UNSAT,UNSAT,"[0, 1]",0.025366,0.218596,0.003351,False
700112,3,3,"[1,1,1]","[2,3,3]","[[1,2],[0,2],[2]]",FEASIBLE,FEASIBLE,FEASIBLE,null,0.034239,0.036349,0.001438,False
700113,7,4,"[2,1,2,1,1,1,1]","[1,3,3,3]","[[0,3],[0,1,3],[2,3],[0,1,2,3],[0,1,2,3],[2],[0,1,2]]",FEASIBLE,FEASIBLE,FEASIBLE,null,0.745704,0.08753,0.003727,False
700114,4,5,"[1,3,2,1]","[2,3,2,2,1]","[[0],[0,1,2,4],[0,1,4],[3,4]]",FEASIBLE,FEASIBLE,FEASIBLE,null,0.105204,0.063307,0.002386,False
700115,6,1,"[1,1,1,1,1,1]",[2],"[[0],[0],[0],[0],[0],[0]]",UNSAT,UNSAT,UNSAT,"[0, 1, 2]",0.049152,0.064473,0.002404,False
700116,1,5,[2],"[2,2,3,3,2]","[[0,1,3]]",FEASIBLE,FEASIBLE,FEASIBLE,null,0.009038,0.027568,0.001179,False
700117,1,3,[1],"[3,2,2]","[[0,1]]",FEASIBLE,FEASIBLE,FEASIBLE,null,0.007005,0.019893,0.000846,False
700118,7,3,"[2,1,1,3,1,2,1]","[2,1,3]","[[1,2],[0],[0,2],[0,1,2],[1],[1,2],[1,2]]",UNSAT,UNSAT,UNSAT,"[0, 3]",0.042332,0.095769,0.004406,False
700119,6,7,"[3,1,2,2,1,3]","[2,3,3,1,2,3,2]","[[0,1,2,3,4,5,6],[6],[5,6],[2,6],[1,2,5,6],[0,1,2,3,4,5,6]]",UNSAT,UNSAT,UNSAT,"[1, 2, 3]",0.316356,0.109896,0.005287,False
700120,7,3,"[1,1,1,1,1,1,1]","[1,1,1]","[[1],[2],[0,1,2],[0,1],[0,2],[0,1,2],[0,1,2]]",UNSAT,UNSAT,UNSAT,"[0, 1, 2, 3]",0.275305,0.093423,0.004487,False
700121,3,5,"[1,1,2]","[3,2,2,2,1]","[[1,2,3],[3],[0,1,3,4]]",FEASIBLE,FEASIBLE,FEASIBLE,null,0.046509,0.043263,0.002059,False
700122,3,7,"[2,2,1]","[3,2,3,3,3,3,1]","[[0,1,3,5,6],[0,3,4],[1]]",FEASIBLE,FEASIBLE,FEASIBLE,null,0.060456,0.192461,0.002167,False
700123,3,1,"[1,1,1]",[2],"[[0],[0],[0]]",UNSAT,UNSAT,UNSAT,"[0, 1, 2]",0.016933,0.038063,0.001739,False
700124,3,6,"[2,1,3]","[2,2,3,3,2,2]","[[0,1,2,3,4,5],[4],[2,3,4,5]]",FEASIBLE,FEASIBLE,FEASIBLE,null,0.044195,0.042527,0.00254,False
700125,2,6,"[3,2]","[3,2,1,2,2,1]","[[1,2,3,5],[2,4]]",FEASIBLE,FEASIBLE,FEASIBLE,null,0.019234,0.045098,0.002389,False
700126,6,7,"[2,1,1,1,1,2]","[2,2,3,1,2,1,2]","[[0,1,2,3,5],[0,1],[3],[4],[1,2,5,6],[3,4]]",UNSAT,UNSAT,UNSAT,"[2, 5]",0.115167,0.065946,0.004598,False
700127,6,2,"[2,1,1,1,1,1]","[3,3]","[[0,1],[0],[0,1],[0],[0],[0]]",UNSAT,UNSAT,UNSAT,"[0, 1, 3, 4]",0.113775,0.073466,0.003727,False
700128,2,5,"[2,1]","[2,1,1,1,1]","[[1,2],[0,2]]",FEASIBLE,FEASIBLE,FEASIBLE,null,0.017187,0.02636,0.001482,False
700129,7,5,"[2,1,1,1,1,3,2]","[1,3,3,1,1]","[[0,1,2,3,4],[3],[0,1,2,3,4],[2],[2],[0,2,3,4],[0,4]]",UNSAT,UNSAT,UNSAT,"[5, 6]",0.134582,0.085712,0.006183,False
700130,6,5,"[2,2,3,1,1,1]","[1,2,2,2,3]","[[1,2,3,4],[0,3],[0,1,2,3,4],[3],[0],[0,3]]",UNSAT,UNSAT,UNSAT,"[1, 4]",0.068276,0.096709,0.005369,False
700131,1,2,[1],"[3,2]",[[0]],FEASIBLE,FEASIBLE,FEASIBLE,null,0.005046,0.014643,0.000788,False
700132,6,4,"[1,3,1,3,3,1]","[2,1,1,3]","[[2],[0,1,2,3],[0,2],[0,1,2,3],[0,1,3],[1]]",UNSAT,UNSAT,UNSAT,"[4, 5]",0.084416,0.079157,0.004775,False
700133,5,4,"[1,3,1,2,3]","[2,2,2,2]","[[1,2,3],[0,1,2,3],[1,3],[0,1,2,3],[0,1,2,3]]",UNSAT,UNSAT,UNSAT,"[0, 1, 3, 4]",0.119253,0.304306,0.005358,False
700134,4,1,"[1,1,1,1]",[1],"[[0],[0],[0],[0]]",UNSAT,UNSAT,UNSAT,"[0, 1]",0.011098,0.037732,0.001871,False
700135,1,4,[3],"[1,2,3,2]","[[0,1,3]]",FEASIBLE,FEASIBLE,FEASIBLE,null,0.006426,0.022274,0.001139,False
700136,2,6,"[2,1]","[1,1,3,3,1,1]","[[0,1,3,4],[1,5]]",FEASIBLE,FEASIBLE,FEASIBLE,null,0.019239,0.029089,0.001711,False
700137,3,6,"[1,3,1]","[2,3,2,3,2,3]","[[0,1,3,4],[0,1,2,3,4,5],[2]]",FEASIBLE,FEASIBLE,FEASIBLE,null,0.042801,0.038365,0.002402,False
700138,6,1,"[1,1,1,1,1,1]",[1],"[[0],[0],[0],[0],[0],[0]]",UNSAT,UNSAT,UNSAT,"[0, 1]",0.013388,0.046298,0.002317,False
700139,7,4,"[1,3,1,1,2,2,1]","[1,1,2,3]","[[3],[0,1,2,3],[0,1,2,3],[0],[1,3],[0,1],[0,2]]",UNSAT,UNSAT,UNSAT,"[1, 5]",0.068425,0.111229,0.006532,False
700140,3,6,"[1,2,1]","[1,3,3,1,1,1]","[[3,4],[0,1,3,4,5],[4]]",FEASIBLE,FEASIBLE,FEASIBLE,null,0.0428,0.034513,0.001991,False
700141,6,5,"[3,3,2,1,1,1]","[2,1,3,1,2]","[[0,1,2],[0,1,3,4],[3,4],[0,1,3],[2],[0,3,4]]",UNSAT,UNSAT,UNSAT,"[0, 1, 2]",0.10678,0.082662,0.005226,False
700142,1,1,[1],[1],[[0]],FEASIBLE,FEASIBLE,FEASIBLE,null,0.003959,0.013594,0.000692,False
700143,4,6,"[1,2,1,3]","[1,3,3,1,2,1]","[[3],[3,4,5],[0,2,5],[1,3,5]]",UNSAT,UNSAT,UNSAT,"[0, 3]",0.041303,0.058801,0.003442,False
700144,3,6,"[3,2,1]","[3,3,3,2,3,1]","[[0,1,2,3,4,5],[0,1],[0,2]]",FEASIBLE,FEASIBLE,FEASIBLE,null,0.042242,0.040931,0.002209,False
700145,6,2,"[1,1,1,1,1,2]","[2,1]","[[1],[0],[0],[1],[0],[0,1]]",UNSAT,UNSAT,UNSAT,"[0, 3]",0.023322,0.155301,0.003009,False
700146,4,3,"[2,2,1,1]","[1,3,3]","[[0,2],[1,2],[1],[1]]",FEASIBLE,FEASIBLE,FEASIBLE,null,0.053083,0.036215,0.002462,False
700147,1,5,[1],"[3,1,3,1,2]",[[1]],FEASIBLE,FEASIBLE,FEASIBLE,null,0.006682,0.015368,0.001,False
700148,7,3,"[1,1,2,1,1,1,1]","[2,2,3]","[[1],[2],[0,1,2],[0],[0,1],[1],[0,1]]",UNSAT,UNSAT,UNSAT,"[0, 2, 3, 4, 5]",0.45092,0.109381,0.005412,False
700149,3,4,"[3,1,2]","[3,3,3,2]","[[0,2,3],[1],[1,2]]",FEASIBLE,FEASIBLE,FEASIBLE,null,0.038599,0.044698,0.001935,False
700150,2,6,"[2,1]","[1,3,3,3,3,3]","[[0,1,2,3,4,5],[0,1,2,3,4,5]]",FEASIBLE,FEASIBLE,FEASIBLE,null,0.024329,0.037058,0.002218,False
700151,6,4,"[2,2,2,1,3,3]","[1,1,3,3]","[[0,2,3],[2,3],[0,1,2,3],[3],[0,1,3],[0,1,2,3]]",UNSAT,UNSAT,UNSAT,"[4, 5]",0.102838,0.104949,0.005483,False
700152,3,4,"[1,1,3]","[2,3,3,3]","[[1],[0,1,3],[0,1,2,3]]",FEASIBLE,FEASIBLE,FEASIBLE,null,0.039245,0.041763,0.002009,False
700153,3,5,"[2,1,1]","[1,3,3,3,1]","[[1,3,4],[3,4],[0,1,3,4]]",FEASIBLE,FEASIBLE,FEASIBLE,null,0.046513,0.043147,0.001961,False
700154,2,2,"[1,1]","[2,3]","[[0,1],[0,1]]",FEASIBLE,FEASIBLE,FEASIBLE,null,0.013295,0.026929,0.001215,False
700155,4,4,"[2,1,1,3]","[1,3,2,2]","[[1,3],[0,1,2,3],[0,2],[0,1,2]]",FEASIBLE,FEASIBLE,FEASIBLE,null,0.084694,0.0754,0.002959,False
700156,3,7,"[1,2,1]","[2,3,1,1,2,3,2]","[[0,1,6],[0,1,2,3,4,5,6],[0,5,6]]",FEASIBLE,FEASIBLE,FEASIBLE,null,0.057731,0.043834,0.00246,False
700157,5,2,"[2,1,2,1,1]","[1,3]","[[0,1],[0],[0,1],[0],[0]]",UNSAT,UNSAT,UNSAT,"[0, 1]",0.016802,0.054368,0.002901,False
700158,3,7,"[3,3,3]","[2,3,1,1,2,3,2]","[[0,1,2,3,4,5,6],[1,2,3,5,6],[0,1,2,4,5,6]]",FEASIBLE,FEASIBLE,FEASIBLE,null,0.051412,0.059082,0.003474,False
700159,6,4,"[2,1,1,2,1,2]","[3,2,2,2]","[[0,1,3],[0,2],[3],[1,3],[0,1,2],[0,1]]",UNSAT,UNSAT,UNSAT,"[0, 2, 3, 5]",0.217084,0.090239,0.004954,False
700160,7,2,"[1,1,2,1,2,1,1]","[3,3]","[[0],[1],[0,1],[0],[0,1],[1],[0]]",UNSAT,UNSAT,UNSAT,"[0, 2, 3, 4]",0.189519,0.065778,0.003548,False
700161,7,6,"[3,3,3,2,1,1,3]","[3,2,3,2,2,3]","[[0,1,3,4],[0,1,3,4,5],[0,1,2,3,4,5],[1,2,3,5],[0,1],[2,3,4],[0,1,2,5]]",UNSAT,UNSAT,UNSAT,"[0, 1, 2, 3, 4, 5, 6]",0.845736,0.19272,0.009825,False
700162,3,1,"[1,1,1]",[2],"[[0],[0],[0]]",UNSAT,UNSAT,UNSAT,"[0, 1, 2]",0.018241,0.037962,0.001836,False
700163,4,7,"[3,2,2,2]","[2,2,1,1,2,3,1]","[[0,1,2,3,4,5,6],[0,1,2,5,6],[3,6],[0,1,4,6]]",FEASIBLE,FEASIBLE,FEASIBLE,null,0.113893,0.075621,0.004603,False
700164,5,5,"[3,1,3,1,2]","[3,2,2,2,1]","[[0,1,2,3,4],[0,1,2,4],[0,1,2,3,4],[0,2,3],[0,1]]",FEASIBLE,FEASIBLE,FEASIBLE,null,0.208722,0.084387,0.004541,False
700165,6,7,"[1,1,1,1,2,3]","[1,1,1,1,1,3,2]","[[0,1,2,3,4,5,6],[3],[2],[0,1,2,3,5,6],[1,3],[1,3,4,5,6]]",UNSAT,UNSAT,UNSAT,"[1, 4]",0.109368,0.130625,0.006336,False
700166,1,7,[2],"[3,1,1,1,2,3,2]","[[0,1]]",FEASIBLE,FEASIBLE,FEASIBLE,null,0.008546,0.050473,0.001085,False
700167,7,7,"[2,3,3,2,1,2,1]","[2,3,3,1,1,2,2]","[[0,4,5],[0,2,3,4,5],[0,1,2,3,5,6],[0,4,5],[0],[0,1,2,3,4,5],[2]]",UNSAT,UNSAT,UNSAT,"[0, 1, 3, 4]",0.453917,0.139286,0.008582,False
700168,4,5,"[1,2,1,1]","[1,2,3,1,1]","[[1],[0,1,2,3,4],[0,1],[0]]",FEASIBLE,FEASIBLE,FEASIBLE,null,0.076225,0.066734,0.003508,False
700169,1,7,[2],"[1,1,3,2,3,2,2]","[[0,1,2,3,4,5,6]]",FEASIBLE,FEASIBLE,FEASIBLE,null,0.00844,0.024706,0.001581,False
700170,2,3,"[2,1]","[2,3,2]","[[1,2],[0,1,2]]",FEASIBLE,FEASIBLE,FEASIBLE,null,0.012603,0.024481,0.001478,False
700171,2,6,"[1,3]","[1,3,2,1,3,3]","[[1,2],[0,2,4,5]]",FEASIBLE,FEASIBLE,FEASIBLE,null,0.018245,0.029883,0.001777,False
700172,1,5,[2],"[1,2,1,1,1]","[[0,1,2,3,4]]",FEASIBLE,FEASIBLE,FEASIBLE,null,0.006437,0.021242,0.001318,False
700173,6,3,"[2,1,1,2,1,2]","[3,3,1]","[[0,2],[0],[2],[1,2],[0,1],[1,2]]",UNSAT,UNSAT,UNSAT,"[0, 2]",0.026631,0.059899,0.003654,False
700174,1,3,[2],"[3,1,1]","[[0,2]]",FEASIBLE,FEASIBLE,FEASIBLE,null,0.005242,0.018537,0.000851,False
700175,1,2,[2],"[3,1]","[[0,1]]",FEASIBLE,FEASIBLE,FEASIBLE,null,0.0044,0.01665,0.000801,False
700176,4,7,"[1,1,1,1]","[3,1,3,2,1,3,2]","[[0,1,3,4],[0,1,4,6],[1],[0,1,2,3,4,5,6]]",FEASIBLE,FEASIBLE,FEASIBLE,null,0.126925,0.051475,0.003088,False
700177,6,1,"[1,1,1,1,1,1]",[3],"[[0],[0],[0],[0],[0],[0]]",UNSAT,UNSAT,UNSAT,"[0, 1, 2, 3]",0.098302,0.063575,0.002399,False
700178,3,2,"[1,1,1]","[3,3]","[[0],[0],[1]]",FEASIBLE,FEASIBLE,FEASIBLE,null,0.026461,0.029902,0.001376,False
700179,2,6,"[3,2]","[1,2,2,3,2,3]","[[0,1,2],[0,1,5]]",FEASIBLE,FEASIBLE,FEASIBLE,null,0.022775,0.175786,0.002479,False
700180,6,2,"[1,2,1,2,2,2]","[2,1]","[[0],[0,1],[0,1],[0,1],[0,1],[0,1]]",UNSAT,UNSAT,UNSAT,"[1, 3]",0.040378,0.072759,0.003979,False
700181,5,7,"[1,2,3,2,3]","[3,1,3,3,3,1,2]","[[0,5,6],[0,1,2,3,4,5],[2,3,4],[1,2,6],[0,1,2,3,4]]",FEASIBLE,FEASIBLE,FEASIBLE,null,0.308474,0.083407,0.00415,False
700182,7,1,"[1,1,1,1,1,1,1]",[1],"[[0],[0],[0],[0],[0],[0],[0]]",UNSAT,UNSAT,UNSAT,"[0, 1]",0.019675,0.063706,0.002731,False
700183,7,1,"[1,1,1,1,1,1,1]",[1],"[[0],[0],[0],[0],[0],[0],[0]]",UNSAT,UNSAT,UNSAT,"[0, 1]",0.019874,0.060515,0.002455,False
700184,7,6,"[2,3,1,3,1,2,1]","[3,1,2,1,3,1]","[[0,4],[0,1,2,3,5],[5],[0,1,2,3,4,5],[0,2,3,5],[2,4],[0,1,3,4,5]]",UNSAT,UNSAT,UNSAT,"[0, 1, 2, 3, 4, 5]",1.0572,0.139993,0.008667,False
700185,7,5,"[3,2,1,1,1,2,1]","[2,2,1,2,3]","[[0,1,2],[0,1,2,3,4],[2],[0,1,4],[0,1,2,3,4],[0,1,2,3],[0,1,2,4]]",UNSAT,UNSAT,UNSAT,"[0, 2]",0.054167,0.181643,0.007207,False
700186,1,1,[1],[3],[[0]],FEASIBLE,FEASIBLE,FEASIBLE,null,0.005669,0.017983,0.000819,False
700187,3,3,"[2,2,1]","[1,1,3]","[[0,1],[0,1],[0,1,2]]",UNSAT,UNSAT,UNSAT,"[0, 1]",0.021353,0.055155,0.002654,False
700188,5,2,"[1,1,1,1,2]","[2,1]","[[0],[0],[1],[0,1],[0,1]]",UNSAT,UNSAT,UNSAT,"[2, 4]",0.075518,0.064641,0.003003,False
700189,4,3,"[2,2,1,1]","[2,2,3]","[[0,1],[0,1],[0,1,2],[0,2]]",FEASIBLE,FEASIBLE,FEASIBLE,null,0.067781,0.052013,0.002101,False
700190,5,4,"[2,3,1,1,2]","[1,2,2,1]","[[1,3],[0,1,2,3],[0,2],[0,2],[0,2,3]]",UNSAT,UNSAT,UNSAT,"[0, 1, 4]",0.096306,0.08316,0.004469,False
700191,7,4,"[1,1,1,2,1,1,1]","[2,2,2,2]","[[1],[2],[0,1,2],[0,1],[1],[1],[2,3]]",UNSAT,UNSAT,UNSAT,"[0, 3, 4]",0.199383,0.076162,0.003644,False
700192,1,4,[1],"[3,1,3,2]","[[0,1,2,3]]",FEASIBLE,FEASIBLE,FEASIBLE,null,0.008007,0.023644,0.001244,False
700193,1,3,[1],"[3,1,2]",[[0]],FEASIBLE,FEASIBLE,FEASIBLE,null,0.006948,0.017542,0.000754,False
700194,3,6,"[1,1,2]","[2,1,2,3,2,2]","[[0,1,3,4,5],[0,1,2,4,5],[3,5]]",FEASIBLE,FEASIBLE,FEASIBLE,null,0.054053,0.045296,0.002538,False
700195,6,5,"[3,1,3,1,2,1]","[2,3,3,3,3]","[[0,2,3],[0],[0,1,2],[4],[0,3],[0,2,4]]",UNSAT,UNSAT,UNSAT,"[0, 1, 2]",0.136777,0.08857,0.008104,False
700196,6,4,"[1,1,1,2,2,1]","[1,1,3,2]","[[2],[2,3],[1,2,3],[0,2],[0,1,2,3],[0,2,3]]",UNSAT,UNSAT,UNSAT,"[0, 1, 2, 3, 4, 5]",0.359621,0.084856,0.007418,False
700197,2,5,"[3,1]","[1,3,2,1,3]","[[0,1,2,3,4],[2]]",FEASIBLE,FEASIBLE,FEASIBLE,null,0.01688,0.030483,0.003309,False
700198,5,5,"[2,2,2,3,1]","[1,3,1,3,2]","[[1,3,4],[0,4],[0,2,3,4],[0,2,3,4],[1,2,3,4]]",UNSAT,UNSAT,UNSAT,"[1, 2, 3]",0.107369,0.077212,0.005815,False
700199,3,3,"[2,1,2]","[1,2,1]","[[0,1],[1,2],[0,1,2]]",UNSAT,UNSAT,UNSAT,"[0, 1, 2]",0.025278,0.052045,0.006963,False
700200,4,4,"[1,1,1,1]","[3,2,3,2]","[[1,2,3],[2],[0],[0,1]]",FEASIBLE,FEASIBLE,FEASIBLE,null,0.063735,0.032096,0.00226,False
700201,6,4,"[1,1,2,2,1,1]","[1,1,3,2]","[[2],[0,2,3],[2,3],[0,1,3],[0,1,2,3],[2]]",UNSAT,UNSAT,UNSAT,"[0, 1, 2, 3, 4, 5]",0.278075,0.180126,0.005747,False
700202,4,5,"[1,2,2,1]","[1,2,3,1,1]","[[4],[0,1,2,3],[0,1,3,4],[0]]",FEASIBLE,FEASIBLE,FEASIBLE,null,0.075895,0.052562,0.003378,False
700203,5,3,"[1,1,2,1,1]","[3,3,1]","[[2],[1],[0,1,2],[0],[1,2]]",FEASIBLE,FEASIBLE,FEASIBLE,null,0.115016,0.045556,0.00244,False
700204,5,7,"[2,3,2,3,1]","[2,2,3,2,1,1,1]","[[1,4],[0,1,2,5],[5,6],[0,1,2,3,4,6],[0,1,2,3,4,5,6]]",FEASIBLE,FEASIBLE,FEASIBLE,null,0.214457,0.069191,0.004462,False
700205,7,5,"[3,3,3,2,1,1,1]","[1,1,2,3,1]","[[0,1,2,4],[0,1,2,4],[0,1,2,3,4],[2,3],[2],[1],[0,1,2,3,4]]",UNSAT,UNSAT,UNSAT,"[0, 1]",0.037641,0.097336,0.007435,False
700206,1,6,[2],"[1,1,1,2,1,1]","[[1,2,3,5]]",FEASIBLE,FEASIBLE,FEASIBLE,null,0.008127,0.023763,0.001823,False
700207,2,2,"[1,2]","[2,3]","[[0],[0,1]]",FEASIBLE,FEASIBLE,FEASIBLE,null,0.010064,0.022375,0.001271,False
700208,6,7,"[1,1,2,1,2,1]","[1,2,2,1,2,3,3]","[[0,1,2,5],[1,5],[0,3,4,6],[0,1,2,3,4,5,6],[0,1,2,3,4,5,6],[2,3]]",FEASIBLE,FEASIBLE,FEASIBLE,null,0.452258,0.06615,0.005027,False
700209,6,7,"[2,1,1,3,3,2]","[3,1,2,1,2,3,2]","[[0,3,5],[3],[0,1,2,3,4,5,6],[0,2,4,5],[0,1,2,3,4,5,6],[1,2,3,4,6]]",FEASIBLE,FEASIBLE,FEASIBLE,null,0.479949,0.104636,0.006238,False
700210,1,5,[3],"[3,3,2,1,2]","[[2,3,4]]",FEASIBLE,FEASIBLE,FEASIBLE,null,0.008521,0.125679,0.001541,False
700211,6,5,"[2,3,1,2,3,1]","[2,3,1,1,1]","[[0,2],[0,1,2,3,4],[1,2,3],[1,2],[0,1,2,3],[1,3,4]]",UNSAT,UNSAT,UNSAT,"[0, 3]",0.043169,0.085069,0.006711,False
700212,6,7,"[1,1,2,3,1,2]","[2,3,2,1,2,1,1]","[[2],[0,2,4,5,6],[0,3,5],[0,1,4,5,6],[3],[1,3,5]]",UNSAT,UNSAT,UNSAT,"[2, 4, 5]",0.265328,0.104119,0.007266,False
700213,3,4,"[1,1,3]","[1,2,3,1]","[[1,3],[0,1,2,3],[0,2,3]]",FEASIBLE,FEASIBLE,FEASIBLE,null,0.030868,0.047438,0.002906,False
700214,6,2,"[2,1,2,1,1,1]","[1,3]","[[0,1],[0],[0,1],[1],[0],[0]]",UNSAT,UNSAT,UNSAT,"[0, 1]",0.018296,0.054187,0.003751,False
700215,4,6,"[1,2,1,3]","[1,3,3,2,1,2]","[[1],[0,1,2,3,4,5],[2],[2,3,4]]",FEASIBLE,FEASIBLE,FEASIBLE,null,0.089986,0.044291,0.002811,False
700216,3,7,"[1,1,3]","[1,3,2,3,1,3,3]","[[0,3],[2],[0,1,2,3,4,5]]",FEASIBLE,FEASIBLE,FEASIBLE,null,0.046656,0.038074,0.002424,False
700217,6,4,"[1,1,1,1,3,1]","[2,1,3,2]","[[3],[1],[3],[2],[0,1,3],[0]]",UNSAT,UNSAT,UNSAT,"[1, 4]",0.054088,0.057976,0.003931,False
700218,3,6,"[2,2,3]","[3,1,3,3,1,3]","[[0,1,2,3,4],[0,1],[0,1,2,3,4,5]]",FEASIBLE,FEASIBLE,FEASIBLE,null,0.040845,0.062164,0.003743,False
700219,1,3,[2],"[1,3,3]","[[1,2]]",FEASIBLE,FEASIBLE,FEASIBLE,null,0.005212,0.017174,0.00119,False
700220,4,1,"[1,1,1,1]",[2],"[[0],[0],[0],[0]]",UNSAT,UNSAT,UNSAT,"[0, 1, 2]",0.020028,0.036927,0.002679,False
700221,5,2,"[1,1,2,1,2]","[3,2]","[[0,1],[1],[0,1],[0],[0,1]]",UNSAT,UNSAT,UNSAT,"[1, 2, 4]",0.056784,0.165861,0.003675,False
700222,7,3,"[2,1,3,1,3,1,1]","[2,3,2]","[[0,1,2],[2],[0,1,2],[1],[0,1,2],[0,1,2],[0]]",UNSAT,UNSAT,UNSAT,"[0, 2, 4]",0.111326,0.090408,0.005622,False
700223,1,7,[2],"[1,2,3,3,3,1,3]","[[0,3,5,6]]",FEASIBLE,FEASIBLE,FEASIBLE,null,0.010195,0.029288,0.001518,False
700224,2,7,"[2,3]","[1,3,1,3,1,2,2]","[[0,3,4,6],[0,2,3,4]]",FEASIBLE,FEASIBLE,FEASIBLE,null,0.025353,0.044375,0.001987,False
700225,5,5,"[1,2,2,2,1]","[1,1,3,2,2]","[[0,2,3,4],[0,1,3,4],[0,1,2,3,4],[2,4],[0,1,4]]",FEASIBLE,FEASIBLE,FEASIBLE,null,0.205155,0.073352,0.003757,False
700226,6,1,"[1,1,1,1,1,1]",[3],"[[0],[0],[0],[0],[0],[0]]",UNSAT,UNSAT,UNSAT,"[0, 1, 2, 3]",0.090501,0.062474,0.003113,False
700227,6,7,"[3,2,1,1,3,1]","[1,1,1,1,2,3,1]","[[0,1,2,4],[3,4,5,6],[1],[0,1,2,3,4,5,6],[0,5,6],[0,3,4,5,6]]",UNSAT,UNSAT,UNSAT,"[0, 2, 4]",0.230045,0.144987,0.007556,False
700228,1,6,[1],"[1,1,3,2,2,3]","[[0,4]]",FEASIBLE,FEASIBLE,FEASIBLE,null,0.009755,0.023056,0.001148,False
700229,1,6,[2],"[1,1,1,1,3,2]","[[1,4]]",FEASIBLE,FEASIBLE,FEASIBLE,null,0.009586,0.023865,0.001159,False
700230,6,4,"[1,2,2,1,1,1]","[3,3,2,3]","[[0],[0,1,2,3],[0,1,2],[0,1,2],[1],[0,1,2,3]]",FEASIBLE,FEASIBLE,FEASIBLE,null,0.353974,0.078727,0.004461,False
700231,4,3,"[1,1,1,1]","[2,1,3]","[[0,1,2],[2],[1,2],[0,1,2]]",FEASIBLE,FEASIBLE,FEASIBLE,null,0.053393,0.034488,0.002006,False
700232,1,6,[2],"[1,3,3,1,1,3]","[[1,3,5]]",FEASIBLE,FEASIBLE,FEASIBLE,null,0.007539,0.021428,0.001342,False
700233,3,3,"[1,2,1]","[3,3,2]","[[1,2],[0,1,2],[0]]",FEASIBLE,FEASIBLE,FEASIBLE,null,0.025655,0.148291,0.001718,False
700234,2,1,"[1,1]",[3],"[[0],[0]]",FEASIBLE,FEASIBLE,FEASIBLE,null,0.008292,0.017812,0.000906,False
700235,6,5,"[1,3,3,1,3,1]","[3,2,2,2,3]","[[0,1,3],[0,2,4],[1,2,3,4],[2,3,4],[0,2,3,4],[0]]",FEASIBLE,FEASIBLE,FEASIBLE,null,0.352717,0.103708,0.00517,False
700236,6,1,"[1,1,1,1,1,1]",[3],"[[0],[0],[0],[0],[0],[0]]",UNSAT,UNSAT,UNSAT,"[0, 1, 2, 3]",0.073892,0.051571,0.002851,False
700237,4,3,"[1,2,1,1]","[2,2,1]","[[2],[0,1,2],[1,2],[1]]",UNSAT,UNSAT,UNSAT,"[0, 1, 2, 3]",0.053357,0.048351,0.003059,False
700238,4,4,"[1,3,1,1]","[1,3,3,2]","[[0,1,2,3],[1,2,3],[2],[0,3]]",FEASIBLE,FEASIBLE,FEASIBLE,null,0.065833,0.042515,0.002333,False
700239,7,5,"[1,3,1,2,2,1,1]","[3,1,1,3,1]","[[2],[0,1,2,3,4],[0],[2,3],[0,1,3],[1,3],[1,4]]",UNSAT,UNSAT,UNSAT,"[0, 3]",0.051709,0.09307,0.006222,False
700240,4,5,"[1,1,3,2]","[2,2,3,3,2]","[[0,2],[1,2],[0,1,2,3,4],[0,1,2,3,4]]",FEASIBLE,FEASIBLE,FEASIBLE,null,0.102585,0.052153,0.003065,False
700241,1,1,[1],[2],[[0]],FEASIBLE,FEASIBLE,FEASIBLE,null,0.004188,0.012991,0.000738,False
700242,6,1,"[1,1,1,1,1,1]",[3],"[[0],[0],[0],[0],[0],[0]]",UNSAT,UNSAT,UNSAT,"[0, 1, 2, 3]",0.070529,0.049311,0.002525,False
700243,5,3,"[1,2,1,3,2]","[1,1,3]","[[0,2],[0,1],[0,1],[0,1,2],[0,1,2]]",UNSAT,UNSAT,UNSAT,"[1, 2]",0.033779,0.08544,0.004877,False
700244,7,7,"[1,2,2,3,2,2,2]","[2,3,3,1,2,2,2]","[[0,1,2,3,5,6],[1,2,4,5,6],[0,1,2,3,4,6],[0,2,5,6],[2,4,6],[0,2],[1,2,4,5,6]]",FEASIBLE,FEASIBLE,FEASIBLE,null,1.169366,0.257209,0.007651,False
700245,6,4,"[1,1,3,1,1,2]","[1,2,1,1]","[[0],[2],[0,1,3],[1,2,3],[0,1],[1,2]]",UNSAT,UNSAT,UNSAT,"[0, 2]",0.049447,0.085633,0.004599,False
700246,2,6,"[3,2]","[1,1,1,3,1,2]","[[0,1,2],[0,1,2,5]]",UNSAT,UNSAT,UNSAT,"[0, 1]",0.025176,0.059135,0.00301,False
700247,7,6,"[3,2,1,3,2,1,3]","[1,1,3,3,3,2]","[[0,1,2,3,4],[0,1,2,3,4,5],[0,1,3,4,5],[0,2,3,4],[0,1,3,4,5],[0],[0,1,2,3,4,5]]",UNSAT,UNSAT,UNSAT,"[0, 1, 2, 3, 4, 6]",1.043016,0.163986,0.009457,False
700248,2,4,"[1,2]","[3,1,3,3]","[[0,2,3],[1,3]]",FEASIBLE,FEASIBLE,FEASIBLE,null,0.020028,0.034311,0.00167,False
700249,6,2,"[1,1,1,1,1,1]","[3,1]","[[0,1],[0,1],[0,1],[0],[0,1],[0,1]]",UNSAT,UNSAT,UNSAT,"[0, 1, 2, 3, 4]",0.209166,0.071447,0.003711,False
700250,5,6,"[1,1,3,3,1]","[1,1,2,3,2,2]","[[0,1,4,5],[0,5],[0,2,4,5],[0,1,2,3,4],[0,2,3]]",FEASIBLE,FEASIBLE,FEASIBLE,null,0.244552,0.07305,0.003821,False
700251,1,7,[1],"[2,3,2,1,1,1,1]","[[0,2,3,4,5,6]]",FEASIBLE,FEASIBLE,FEASIBLE,null,0.01076,0.027836,0.001557,False
700252,2,1,"[1,1]",[3],"[[0],[0]]",FEASIBLE,FEASIBLE,FEASIBLE,null,0.011071,0.023764,0.000919,False
700253,3,6,"[1,1,1]","[1,3,3,1,1,3]","[[0,1,3,4,5],[1,2,4,5],[0,1,3,5]]",FEASIBLE,FEASIBLE,FEASIBLE,null,0.057929,0.041919,0.002572,False
700254,4,2,"[2,1,2,1]","[3,1]","[[0,1],[0],[0,1],[0]]",UNSAT,UNSAT,UNSAT,"[0, 2]",0.023425,0.19223,0.002746,False
700255,6,2,"[1,1,2,2,1,2]","[3,1]","[[0],[1],[0,1],[0,1],[0],[0,1]]",UNSAT,UNSAT,UNSAT,"[1, 2]",0.045559,0.073168,0.003516,False
700256,3,4,"[3,1,1]","[1,2,1,2]","[[1,2,3],[0,1,3],[2]]",UNSAT,UNSAT,UNSAT,"[0, 2]",0.03173,0.053676,0.002682,False
700257,1,3,[3],"[1,1,1]","[[0,1,2]]",FEASIBLE,FEASIBLE,FEASIBLE,null,0.008011,0.026068,0.001202,False
700258,6,7,"[3,2,1,1,1,3]","[3,2,3,1,2,2,2]","[[0,3,4,5,6],[0,1,2,3,4,6],[5],[6],[2,4],[0,2,3,5]]",FEASIBLE,FEASIBLE,FEASIBLE,null,0.611095,0.078856,0.003882,False
700259,7,6,"[2,1,1,3,1,1,1]","[1,1,3,3,1,2]","[[0,1,4],[1,2],[1,2,3,4,5],[0,2,3],[0,1,2,3,4],[4],[0,2,3]]",UNSAT,UNSAT,UNSAT,"[0, 3, 5]",0.283652,0.111832,0.005743,False
700260,3,2,"[1,1,1]","[1,2]","[[0],[0],[0,1]]",UNSAT,UNSAT,UNSAT,"[0, 1]",0.016648,0.046773,0.002119,False
700261,2,1,"[1,1]",[2],"[[0],[0]]",FEASIBLE,FEASIBLE,FEASIBLE,null,0.011228,0.021716,0.00079,False
700262,5,7,"[2,3,1,2,2]","[3,1,2,3,3,3,1]","[[0,1,2,3,4,5,6],[0,1,2,3,4,5,6],[0,1,2,4,6],[0,2,3,4],[1,2,3,4,5,6]]",FEASIBLE,FEASIBLE,FEASIBLE,null,0.28909,0.088447,0.005104,False
700263,7,2,"[1,2,1,1,1,1,1]","[1,1]","[[0,1],[0,1],[0,1],[1],[0,1],[1],[0]]",UNSAT,UNSAT,UNSAT,"[0, 1]",0.029201,0.074509,0.003964,False
700264,6,1,"[1,1,1,1,1,1]",[2],"[[0],[0],[0],[0],[0],[0]]",UNSAT,UNSAT,UNSAT,"[0, 1, 2]",0.056864,0.070268,0.002359,False
700265,3,7,"[1,1,2]","[3,2,3,2,2,2,1]","[[6],[0,1,2,4,5,6],[1,2,3,5,6]]",FEASIBLE,FEASIBLE,FEASIBLE,null,0.061552,0.267976,0.002518,False
700266,2,1,"[1,1]",[1],"[[0],[0]]",UNSAT,UNSAT,UNSAT,"[0, 1]",0.012271,0.038564,0.001291,False
700267,6,4,"[1,2,1,3,1,2]","[2,2,3,3]","[[0,1,2,3],[0,2],[3],[0,1,2,3],[1],[2,3]]",FEASIBLE,FEASIBLE,FEASIBLE,null,0.37358,0.072112,0.003126,False
700268,6,6,"[1,1,1,2,3,1]","[2,2,3,2,2,3]","[[1,2,3],[1],[1,2,3],[1,4,5],[1,4,5],[2,3]]",FEASIBLE,FEASIBLE,FEASIBLE,null,0.513705,0.092538,0.00419,False
700269,7,6,"[3,2,1,3,2,1,1]","[1,3,1,3,2,1]","[[1,2,4,5],[2,3,5],[5],[0,1,4],[0,2,3,4,5],[1,3,4],[0]]",UNSAT,UNSAT,UNSAT,"[3, 6]",0.185972,0.119444,0.00609,False
700270,5,3,"[2,1,1,1,2]","[2,1,3]","[[1,2],[0,1],[0],[1],[0,1]]",UNSAT,UNSAT,UNSAT,"[0, 3]",0.036782,0.089522,0.003422,False
700271,2,7,"[2,1]","[1,3,2,1,1,3,3]","[[0,2,3,4,5,6],[1,2,3,4,5,6]]",FEASIBLE,FEASIBLE,FEASIBLE,null,0.030807,0.044091,0.002339,False
700272,7,4,"[2,1,2,3,1,2,1]","[3,3,2,2]","[[0,1],[0],[0,3],[0,1,3],[0,1,2,3],[1,2,3],[0]]",UNSAT,UNSAT,UNSAT,"[0, 1, 2, 3]",0.347336,0.12793,0.005879,False
700273,1,2,[1],"[1,2]",[[1]],FEASIBLE,FEASIBLE,FEASIBLE,null,0.008324,0.018527,0.000801,False
700274,4,2,"[1,1,1,1]","[2,3]","[[0],[0],[1],[0]]",UNSAT,UNSAT,UNSAT,"[0, 1, 3]",0.046789,0.054609,0.002182,False
700275,6,7,"[2,1,1,1,1,1]","[2,2,2,3,2,2,3]","[[0,3],[1,3],[6],[3],[0,2,3,4,5,6],[2]]",FEASIBLE,FEASIBLE,FEASIBLE,null,0.581324,0.06687,0.002942,False
700276,7,7,"[1,1,2,2,2,1,3]","[3,3,1,1,3,1,3]","[[1,3],[2,5,6],[0,1,3,5],[1,2,3,4,5],[1,2,3,4,6],[1,3],[3,4,6]]",FEASIBLE,FEASIBLE,FEASIBLE,null,1.218258,0.248368,0.005985,False
700277,4,1,"[1,1,1,1]",[2],"[[0],[0],[0],[0]]",UNSAT,UNSAT,UNSAT,"[0, 1, 2]",0.022813,0.043115,0.0021,False
700278,3,2,"[1,1,2]","[2,1]","[[1],[0],[0,1]]",UNSAT,UNSAT,UNSAT,"[0, 2]",0.015675,0.040801,0.002164,False
700279,5,1,"[1,1,1,1,1]",[1],"[[0],[0],[0],[0],[0]]",UNSAT,UNSAT,UNSAT,"[0, 1]",0.012799,0.044108,0.002242,False
700280,2,5,"[2,2]","[2,3,2,1,2]","[[1,4],[0,3,4]]",FEASIBLE,FEASIBLE,FEASIBLE,null,0.018131,0.031456,0.001764,False
700281,2,7,"[1,2]","[2,2,3,2,1,1,1]","[[0,1,3,4,5],[1,2,4,6]]",FEASIBLE,FEASIBLE,FEASIBLE,null,0.023753,0.034766,0.002139,False
700282,1,2,[2],"[1,1]","[[0,1]]",FEASIBLE,FEASIBLE,FEASIBLE,null,0.005173,0.019125,0.000881,False
700283,6,6,"[1,3,1,1,1,1]","[2,3,1,2,2,1]","[[0,1,2,3,4,5],[0,1,2,3,4],[4],[4],[0,1,2,3,4,5],[1,3]]",FEASIBLE,FEASIBLE,FEASIBLE,null,0.469802,0.068408,0.003877,False
700284,2,7,"[1,3]","[1,2,2,3,1,3,1]","[[5],[0,3,6]]",FEASIBLE,FEASIBLE,FEASIBLE,null,0.024097,0.033439,0.001529,False
700285,4,6,"[2,1,1,2]","[1,2,2,3,1,1]","[[0,1,2,3,5],[0,1,2,3,4],[2,5],[1,3,5]]",FEASIBLE,FEASIBLE,FEASIBLE,null,0.102883,0.05392,0.003042,False
700286,1,7,[1],"[1,1,3,2,1,1,1]","[[2,4,6]]",FEASIBLE,FEASIBLE,FEASIBLE,null,0.009275,0.020692,0.001192,False
700287,4,2,"[1,1,1,1]","[1,1]","[[1],[0],[1],[0,1]]",UNSAT,UNSAT,UNSAT,"[0, 2]",0.018585,0.047071,0.002387,False
700288,7,2,"[1,1,1,2,1,1,1]","[3,2]","[[0,1],[1],[1],[0,1],[0,1],[0],[0,1]]",UNSAT,UNSAT,UNSAT,"[1, 2, 3]",0.13383,0.206852,0.003896,False
700289,1,2,[1],"[2,1]","[[0,1]]",FEASIBLE,FEASIBLE,FEASIBLE,null,0.005381,0.016823,0.000727,False
700290,2,5,"[3,1]","[2,2,3,2,1]","[[0,3,4],[3]]",FEASIBLE,FEASIBLE,FEASIBLE,null,0.019082,0.030659,0.001594,False
700291,1,6,[3],"[3,2,1,3,1,1]","[[0,1,2,3,4,5]]",FEASIBLE,FEASIBLE,FEASIBLE,null,0.008067,0.028938,0.001449,False
700292,2,1,"[1,1]",[2],"[[0],[0]]",FEASIBLE,FEASIBLE,FEASIBLE,null,0.00844,0.020077,0.000743,False
700293,7,3,"[1,1,3,1,2,3,1]","[1,3,1]","[[0],[0,1,2],[0,1,2],[2],[1,2],[0,1,2],[0,1]]",UNSAT,UNSAT,UNSAT,"[0, 2]",0.033165,0.085482,0.006167,False
700294,5,1,"[1,1,1,1,1]",[1],"[[0],[0],[0],[0],[0]]",UNSAT,UNSAT,UNSAT,"[0, 1]",0.019766,0.046499,0.002245,False
700295,6,1,"[1,1,1,1,1,1]",[1],"[[0],[0],[0],[0],[0],[0]]",UNSAT,UNSAT,UNSAT,"[0, 1]",0.014545,0.066157,0.002206,False
700296,2,6,"[2,2]","[1,2,1,1,3,3]","[[0,3,5],[0,1,2,3,4,5]]",FEASIBLE,FEASIBLE,FEASIBLE,null,0.026614,0.387729,0.002256,False
700297,4,2,"[1,1,1,1]","[1,1]","[[0,1],[1],[0],[0,1]]",UNSAT,UNSAT,UNSAT,"[0, 1, 2]",0.04486,0.160177,0.002427,False
700298,6,5,"[1,1,1,1,1,2]","[2,2,3,1,2]","[[0,1],[0,3],[0,4],[2],[1,2],[0,1,2,3,4]]",FEASIBLE,FEASIBLE,FEASIBLE,null,0.449762,0.066223,0.003157,False
700299,2,2,"[1,1]","[3,1]","[[1],[0]]",FEASIBLE,FEASIBLE,FEASIBLE,null,0.011363,0.021084,0.000948,False
700300,2,6,"[3,3]","[2,3,1,1,2,2]","[[0,1,2,3,4,5],[2,4,5]]",FEASIBLE,FEASIBLE,FEASIBLE,null,0.025223,0.057463,0.002801,False
700301,7,1,"[1,1,1,1,1,1,1]",[3],"[[0],[0],[0],[0],[0],[0],[0]]",UNSAT,UNSAT,UNSAT,"[0, 1, 2, 3]",0.14143,0.24182,0.002712,False
700302,2,3,"[1,2]","[1,1,2]","[[0,2],[0,1,2]]",FEASIBLE,FEASIBLE,FEASIBLE,null,0.013972,0.030146,0.001451,False
700303,4,4,"[1,1,1,3]","[1,3,3,3]","[[0],[1,2],[0],[0,1,2,3]]",UNSAT,UNSAT,UNSAT,"[0, 2]",0.026886,0.056451,0.002661,False
700304,6,3,"[1,3,1,2,1,1]","[3,3,1]","[[2],[0,1,2],[1,2],[0,2],[0],[0,1,2]]",UNSAT,UNSAT,UNSAT,"[0, 1]",0.132859,0.12132,0.003712,False
700305,3,6,"[2,1,1]","[2,3,3,2,2,2]","[[0,2],[0],[4]]",FEASIBLE,FEASIBLE,FEASIBLE,null,0.060834,0.044089,0.001601,False
700306,6,6,"[2,2,1,3,3,2]","[2,1,3,2,1,3]","[[3,5],[0,1,4,5],[1,2,3,5],[0,2,5],[2,3,4,5],[0,1,2,3,4,5]]",UNSAT,UNSAT,UNSAT,"[0, 1, 2, 3, 4, 5]",0.615846,0.161206,0.006972,False
700307,6,1,"[1,1,1,1,1,1]",[3],"[[0],[0],[0],[0],[0],[0]]",UNSAT,UNSAT,UNSAT,"[0, 1, 2, 3]",0.099574,0.076791,0.002023,False
700308,4,5,"[2,1,3,1]","[3,3,2,2,1]","[[2,4],[0,1,2,4],[2,3,4],[0,2]]",UNSAT,UNSAT,UNSAT,"[0, 2]",0.042104,0.097176,0.003227,False
700309,4,1,"[1,1,1,1]",[2],"[[0],[0],[0],[0]]",UNSAT,UNSAT,UNSAT,"[0, 1, 2]",0.033441,0.062149,0.001865,False
700310,1,1,[1],[2],[[0]],FEASIBLE,FEASIBLE,FEASIBLE,null,0.007466,0.019224,0.00071,False
700311,2,4,"[1,2]","[3,1,3,2]","[[0,1,2],[0,2]]",FEASIBLE,FEASIBLE,FEASIBLE,null,0.020467,0.041513,0.001356,False
700312,2,7,"[1,2]","[2,1,3,1,1,3,2]","[[2],[0,2,3,4,5,6]]",FEASIBLE,FEASIBLE,FEASIBLE,null,0.033506,0.055715,0.001955,False
700313,7,6,"[2,2,3,1,3,2,3]","[2,1,3,1,3,2]","[[0,1,5],[2,5],[0,2,4,5],[0,2,3],[1,2,3,5],[1,3,4],[1,2,3,4,5]]",UNSAT,UNSAT,UNSAT,"[0, 1, 4, 5]",0.67757,0.430035,0.007362,False
700314,7,3,"[2,1,1,2,1,3,1]","[3,1,1]","[[0,1,2],[1],[0,1,2],[0,1,2],[2],[0,1,2],[0,1,2]]",UNSAT,UNSAT,UNSAT,"[0, 5]",0.058777,0.111996,0.005297,False
700315,1,7,[2],"[1,2,1,1,3,2,3]","[[0,1,2,5,6]]",FEASIBLE,FEASIBLE,FEASIBLE,null,0.012932,0.033399,0.001331,False
700316,6,7,"[3,1,1,1,1,3]","[2,3,3,3,3,2,3]","[[1,2,3,4],[1,6],[0,3,4,5,6],[0],[2,3,4,5],[0,1,3,4,6]]",FEASIBLE,FEASIBLE,FEASIBLE,null,0.690619,0.094396,0.004185,False
700317,7,5,"[3,1,1,2,3,1,1]","[2,3,3,1,1]","[[0,1,4],[0,1,2,3],[2,4],[0,2,3,4],[0,1,2,3,4],[4],[0,1,2,3,4]]",UNSAT,UNSAT,UNSAT,"[0, 5]",0.087876,0.142559,0.006609,False
700318,6,5,"[2,2,2,2,1,1]","[3,2,2,3,2]","[[0,1,4],[0,4],[0,3],[1,4],[1],[1]]",UNSAT,UNSAT,UNSAT,"[3, 4, 5]",0.262089,0.084802,0.00397,False
700319,4,1,"[1,1,1,1]",[2],"[[0],[0],[0],[0]]",UNSAT,UNSAT,UNSAT,"[0, 1, 2]",0.024841,0.045401,0.001696,False
700320,4,1,"[1,1,1,1]",[1],"[[0],[0],[0],[0]]",UNSAT,UNSAT,UNSAT,"[0, 1]",0.012091,0.043325,0.002719,False
700321,5,2,"[1,2,1,1,1]","[1,3]","[[0],[0,1],[1],[0,1],[1]]",UNSAT,UNSAT,UNSAT,"[0, 1]",0.018764,0.066367,0.003518,False
700322,7,4,"[3,1,2,1,2,1,1]","[2,3,1,2]","[[0,1,2,3],[0],[0,1,2,3],[2],[0,1],[1],[2]]",UNSAT,UNSAT,UNSAT,"[3, 6]",0.116306,0.129148,0.006096,False
700323,1,2,[1],"[3,3]",[[0]],FEASIBLE,FEASIBLE,FEASIBLE,null,0.00596,0.168915,0.000798,False
700324,6,5,"[1,1,2,2,1,1]","[3,1,2,3,2]","[[0],[0,3],[0,1,4],[0,1],[2],[0,1,2,3,4]]",FEASIBLE,FEASIBLE,FEASIBLE,null,0.424714,0.089761,0.004068,False
700325,7,5,"[1,1,2,1,2,3,1]","[2,3,3,1,3]","[[1,2,4],[0,1,2,3,4],[0,4],[0,4],[0,1],[0,1,2,3,4],[0,1,2]]",FEASIBLE,FEASIBLE,FEASIBLE,null,0.922475,0.150028,0.005161,False
700326,4,6,"[1,1,1,2]","[3,3,1,2,1,3]","[[0,1,2,3,4,5],[0,1,5],[0,1,2,3,4,5],[1,2,3,5]]",FEASIBLE,FEASIBLE,FEASIBLE,null,0.122689,0.064005,0.003184,False
700327,5,6,"[1,3,2,1,1]","[3,1,2,1,1,2]","[[0,5],[0,1,2,3,4,5],[0,1,2,4],[1,2,3,4,5],[5]]",FEASIBLE,FEASIBLE,FEASIBLE,null,0.29936,0.079839,0.003443,False
700328,2,2,"[1,1]","[1,1]","[[1],[0,1]]",FEASIBLE,FEASIBLE,FEASIBLE,null,0.011698,0.025821,0.001098,False
700329,3,6,"[1,1,2]","[1,3,3,1,2,2]","[[1],[1,2,3,4,5],[1,2,3,5]]",FEASIBLE,FEASIBLE,FEASIBLE,null,0.04772,0.080645,0.002199,False
700330,7,6,"[1,1,3,2,2,1,2]","[3,3,3,2,1,2]","[[2,3],[0,3],[0,1,2,3,5],[0,1,3,4,5],[0,1,2,3,4,5],[0],[2,3,4,5]]",FEASIBLE,FEASIBLE,FEASIBLE,null,0.929825,0.115008,0.005426,False
700331,7,3,"[1,3,1,1,2,2,3]","[1,2,3]","[[2],[0,1,2],[1,2],[2],[0,1,2],[0,1],[0,1,2]]",UNSAT,UNSAT,UNSAT,"[1, 5]",0.072192,0.114427,0.00485,False
700332,1,4,[2],"[3,3,2,3]","[[0,1,2,3]]",FEASIBLE,FEASIBLE,FEASIBLE,null,0.00884,0.029314,0.001177,False
700333,7,6,"[1,2,3,2,2,2,1]","[3,1,2,1,1,1]","[[2,4],[0,1,4],[0,1,2,4,5],[0,4],[0,2,4,5],[0,2,3,4,5],[0,1,2,3,4,5]]",UNSAT,UNSAT,UNSAT,"[1, 2, 3, 4]",0.719447,0.312626,0.007562,False
700334,4,7,"[1,1,3,2]","[3,1,1,1,1,1,3]","[[3,6],[0],[0,2,4,5,6],[0,1,2,3,4,5,6]]",FEASIBLE,FEASIBLE,FEASIBLE,null,0.126326,0.101985,0.003127,False
700335,1,3,[2],"[3,3,1]","[[0,1,2]]",FEASIBLE,FEASIBLE,FEASIBLE,null,0.008693,0.027333,0.000998,False
700336,1,4,[2],"[3,1,3,3]","[[0,1,3]]",FEASIBLE,FEASIBLE,FEASIBLE,null,0.009114,0.056331,0.000998,False
700337,3,6,"[2,3,1]","[2,2,3,3,3,2]","[[0,1,2,3,4,5],[0,1,2,4,5],[5]]",FEASIBLE,FEASIBLE,FEASIBLE,null,0.061935,0.066954,0.002482,False
700338,1,4,[3],"[2,2,3,2]","[[0,2,3]]",FEASIBLE,FEASIBLE,FEASIBLE,null,0.007208,0.024819,0.001008,False
700339,6,7,"[1,1,2,1,2,2]","[3,2,3,3,1,1,2]","[[4],[2,3,5,6],[0,1,2,3,4],[0,1,2,3,4],[0,2,3],[0,4,5,6]]",FEASIBLE,FEASIBLE,FEASIBLE,null,0.592365,0.075727,0.004117,False
700340,6,1,"[1,1,1,1,1,1]",[3],"[[0],[0],[0],[0],[0],[0]]",UNSAT,UNSAT,UNSAT,"[0, 1, 2, 3]",0.079382,0.056959,0.002253,False
700341,6,2,"[1,1,1,1,2,2]","[3,2]","[[1],[0,1],[1],[1],[0,1],[0,1]]",UNSAT,UNSAT,UNSAT,"[0, 2, 3]",0.072316,0.064829,0.003125,False
700342,1,6,[1],"[1,2,2,3,1,1]",[[1]],FEASIBLE,FEASIBLE,FEASIBLE,null,0.008616,0.01925,0.000895,False
700343,4,3,"[2,1,3,1]","[1,1,2]","[[1,2],[1],[0,1,2],[0]]",UNSAT,UNSAT,UNSAT,"[0, 1]",0.020069,0.057463,0.002967,False
700344,4,6,"[1,1,3,3]","[2,2,1,3,2,2]","[[0],[2],[2,3,4],[1,2,3,4]]",UNSAT,UNSAT,UNSAT,"[1, 2]",0.058043,0.190513,0.003173,False
700345,6,6,"[3,1,2,1,3,1]","[3,1,1,3,2,2]","[[1,2,3,4,5],[0,1,2,4],[0,3,4],[0,1,2,3,5],[1,3,4],[3,5]]",FEASIBLE,FEASIBLE,FEASIBLE,null,0.472846,0.098862,0.004723,False
700346,7,7,"[2,2,3,1,3,1,3]","[3,1,3,2,2,3,2]","[[0,1,2,3,4,6],[0,2,3,4,5,6],[0,1,2,3,4,5,6],[0,1,2,5,6],[0,1,2,3,4,5,6],[0,2,5],[0,1,2,6]]",FEASIBLE,FEASIBLE,FEASIBLE,null,1.097479,0.152149,0.007856,False
700347,1,4,[1],"[3,2,2,1]","[[0,1,2,3]]",FEASIBLE,FEASIBLE,FEASIBLE,null,0.007318,0.024706,0.001096,False
700348,2,6,"[1,2]","[3,2,2,1,1,1]","[[5],[0,1,2,3,4,5]]",FEASIBLE,FEASIBLE,FEASIBLE,null,0.021655,0.03268,0.001761,False
700349,2,1,"[1,1]",[2],"[[0],[0]]",FEASIBLE,FEASIBLE,FEASIBLE,null,0.00853,0.020087,0.000714,False
700350,4,2,"[1,1,1,1]","[2,3]","[[0,1],[1],[0],[0]]",FEASIBLE,FEASIBLE,FEASIBLE,null,0.045078,0.044563,0.001936,False
700351,5,3,"[1,2,1,1,2]","[2,1,3]","[[0,1],[0,1],[1],[0,1,2],[1,2]]",UNSAT,UNSAT,UNSAT,"[1, 2]",0.048737,0.103994,0.003193,False
700352,2,5,"[1,1]","[2,2,3,3,1]","[[4],[0,1]]",FEASIBLE,FEASIBLE,FEASIBLE,null,0.02551,0.036953,0.001154,False
700353,7,5,"[1,3,1,2,1,1,1]","[2,2,1,1,3]","[[0,1,2],[0,2,3,4],[0,1,2,3,4],[0,1,3,4],[0,1,2,3,4],[3],[0,1,2,3,4]]",UNSAT,UNSAT,UNSAT,"[0, 1, 2, 3, 4, 5, 6]",1.070791,0.17797,0.006916,False
700354,7,2,"[1,1,1,1,1,1,1]","[1,2]","[[0],[1],[1],[0,1],[0],[0,1],[0]]",UNSAT,UNSAT,UNSAT,"[0, 4]",0.03955,0.084307,0.003273,False
700355,6,6,"[2,1,3,1,1,1]","[2,3,3,2,2,1]","[[2,3,4],[1],[0,1,3,5],[0,1,2,3,4,5],[2,5],[1,3,4,5]]",FEASIBLE,FEASIBLE,FEASIBLE,null,0.639547,0.259289,0.003789,False
700356,5,7,"[1,1,1,3,2]","[2,2,1,2,3,3,2]","[[4],[0,1,2,3,4,5,6],[0,2,3,6],[0,1,2,3,4,6],[1,2,3,4,5,6]]",FEASIBLE,FEASIBLE,FEASIBLE,null,0.302401,0.092473,0.005058,False
700357,3,3,"[1,2,1]","[1,1,2]","[[1],[0,1],[0,1,2]]",UNSAT,UNSAT,UNSAT,"[0, 1]",0.021721,0.061736,0.002847,False
700358,6,1,"[1,1,1,1,1,1]",[3],"[[0],[0],[0],[0],[0],[0]]",UNSAT,UNSAT,UNSAT,"[0, 1, 2, 3]",0.107309,0.065544,0.0024,False
700359,2,4,"[1,2]","[1,1,2,2]","[[0,1,3],[0,1,2,3]]",FEASIBLE,FEASIBLE,FEASIBLE,null,0.017371,0.033226,0.001577,False
700360,3,4,"[1,1,2]","[1,1,1,2]","[[1],[2,3],[0,2]]",FEASIBLE,FEASIBLE,FEASIBLE,null,0.035585,0.044046,0.002204,False
700361,7,4,"[3,1,2,1,1,3,1]","[1,1,2,2]","[[0,1,2,3],[1],[1,3],[1,2],[3],[0,1,2,3],[1]]",UNSAT,UNSAT,UNSAT,"[1, 2]",0.08388,0.097935,0.005189,False
700362,1,3,[1],"[3,3,3]",[[0]],FEASIBLE,FEASIBLE,FEASIBLE,null,0.006852,0.017605,0.000766,False
700363,6,2,"[2,1,1,1,2,1]","[1,2]","[[0,1],[0],[1],[0,1],[0,1],[0,1]]",UNSAT,UNSAT,UNSAT,"[0, 1]",0.021909,0.074469,0.003244,False
700364,2,4,"[1,1]","[1,1,3,3]","[[0,2],[0,1,2,3]]",FEASIBLE,FEASIBLE,FEASIBLE,null,0.020354,0.033788,0.001396,False
700365,6,6,"[1,1,2,1,2,1]","[1,3,3,2,3,3]","[[0,1,2,4,5],[0,3,4],[0,1,2],[3,5],[2,3,4],[5]]",FEASIBLE,FEASIBLE,FEASIBLE,null,0.458387,0.079214,0.003383,False
700366,4,2,"[2,1,2,1]","[2,1]","[[0,1],[1],[0,1],[1]]",UNSAT,UNSAT,UNSAT,"[0, 1]",0.157343,0.061707,0.002297,False
700367,4,4,"[2,2,2,1]","[2,3,3,3]","[[2,3],[0,2,3],[0,1],[1]]",FEASIBLE,FEASIBLE,FEASIBLE,null,0.083852,0.050541,0.002142,False
700368,2,1,"[1,1]",[1],"[[0],[0]]",UNSAT,UNSAT,UNSAT,"[0, 1]",0.009424,0.03111,0.001241,False
700369,7,3,"[1,1,1,3,2,1,2]","[2,2,2]","[[2],[0,1],[0],[0,1,2],[0,2],[0,1,2],[0,2]]",UNSAT,UNSAT,UNSAT,"[0, 3, 4]",0.13805,0.083501,0.004488,False
700370,3,5,"[2,1,3]","[1,2,2,1,1]","[[1,2,3,4],[1],[0,1,2]]",FEASIBLE,FEASIBLE,FEASIBLE,null,0.04136,0.079908,0.002617,False
700371,7,6,"[2,3,2,1,3,2,2]","[2,3,3,1,1,1]","[[1,3],[1,2,3,5],[0,1,2,3,4,5],[3,4],[0,3,4],[4,5],[0,1,3,4,5]]",UNSAT,UNSAT,UNSAT,"[0, 4]",0.076404,0.246256,0.007947,False
700372,4,6,"[1,1,3,1]","[1,2,3,1,3,2]","[[1],[0,1,3,4,5],[0,3,4],[0,1,2,3,4,5]]",FEASIBLE,FEASIBLE,FEASIBLE,null,0.102512,0.078112,0.003817,False
700373,6,1,"[1,1,1,1,1,1]",[1],"[[0],[0],[0],[0],[0],[0]]",UNSAT,UNSAT,UNSAT,"[0, 1]",0.014886,0.052386,0.00213,False
700374,1,5,[2],"[2,2,1,2,2]","[[0,3,4]]",FEASIBLE,FEASIBLE,FEASIBLE,null,0.007809,0.023922,0.001149,False
700375,2,7,"[2,1]","[1,3,3,2,3,3,1]","[[2,5],[0,4,5,6]]",FEASIBLE,FEASIBLE,FEASIBLE,null,0.025845,0.032658,0.001755,False
700376,7,7,"[1,3,1,3,3,1,2]","[3,3,2,3,3,2,1]","[[2,6],[0,2,5],[0,1,3,5],[0,2,3,4],[0,1,2,3,4,5,6],[0],[0,5]]",FEASIBLE,FEASIBLE,FEASIBLE,null,1.076803,0.263773,0.006647,False
700377,7,4,"[3,1,1,3,2,1,2]","[2,1,1,2]","[[0,2,3],[2],[0,2],[0,2,3],[1,2,3],[1],[1,3]]",UNSAT,UNSAT,UNSAT,"[0, 1]",0.037122,0.090058,0.004824,False
700378,5,3,"[1,1,1,2,2]","[2,3,2]","[[1,2],[1,2],[0,1,2],[0,1,2],[0,2]]",FEASIBLE,FEASIBLE,FEASIBLE,null,0.125235,0.072452,0.003001,False
700379,4,4,"[1,1,2,1]","[3,3,2,1]","[[3],[0,1,2,3],[1,3],[2,3]]",UNSAT,UNSAT,UNSAT,"[0, 2]",0.029585,0.055123,0.005018,False
700380,6,3,"[1,2,1,3,1,2]","[1,1,2]","[[0,1,2],[0,1],[0],[0,1,2],[0,1,2],[0,1]]",UNSAT,UNSAT,UNSAT,"[1, 2]",0.043992,0.077601,0.006547,False
700381,2,5,"[3,2]","[3,2,2,2,1]","[[0,1,2,3,4],[0,4]]",FEASIBLE,FEASIBLE,FEASIBLE,null,0.018922,0.038087,0.002251,False
700382,5,5,"[1,2,2,1,1]","[3,3,3,1,3]","[[0,2],[1,2,3,4],[0,4],[2,3],[0]]",FEASIBLE,FEASIBLE,FEASIBLE,null,0.182459,0.051039,0.0029,False
700383,1,4,[2],"[2,2,3,2]","[[1,2,3]]",FEASIBLE,FEASIBLE,FEASIBLE,null,0.006822,0.021747,0.00122,False
700384,1,6,[1],"[2,2,2,2,3,3]",[[3]],FEASIBLE,FEASIBLE,FEASIBLE,null,0.00822,0.017804,0.001032,False
700385,1,1,[1],[1],[[0]],FEASIBLE,FEASIBLE,FEASIBLE,null,0.003805,0.013952,0.000643,False
700386,5,7,"[2,2,1,1,2]","[3,3,3,3,3,1,1]","[[1,2,3,5],[1,3,4,5,6],[6],[3],[3,4,6]]",FEASIBLE,FEASIBLE,FEASIBLE,null,0.262469,0.065004,0.003452,False
700387,1,7,[3],"[1,2,1,2,1,2,2]","[[0,4,5]]",FEASIBLE,FEASIBLE,FEASIBLE,null,0.009694,0.029091,0.001377,False
700388,5,4,"[1,1,2,2,3]","[2,3,3,3]","[[0,3],[2,3],[0,2,3],[0,1,2],[0,1,2,3]]",FEASIBLE,FEASIBLE,FEASIBLE,null,0.15466,0.191345,0.004084,False
700389,4,6,"[1,2,3,3]","[1,1,2,3,1,2]","[[0,1,2,3,4,5],[1,2,3,5],[0,1,2,5],[0,1,2,3,4,5]]",FEASIBLE,FEASIBLE,FEASIBLE,null,0.168858,0.118413,0.005172,False
700390,7,3,"[2,2,3,3,1,1,2]","[3,2,1]","[[0,1,2],[0,2],[0,1,2],[0,1,2],[1],[2],[0,1,2]]",UNSAT,UNSAT,UNSAT,"[1, 2]",0.066563,0.145037,0.005728,False
700391,2,7,"[1,1]","[1,2,1,3,2,3,3]","[[4],[4]]",FEASIBLE,FEASIBLE,FEASIBLE,null,0.030481,0.033619,0.00134,False
700392,7,6,"[3,1,2,2,1,2,1]","[3,1,1,2,2,3]","[[1,2,4,5],[2,3,5],[0,1,2,3,4,5],[0,1,3],[1,2],[0,1,2,3,5],[0,1,2,4,5]]",FEASIBLE,FEASIBLE,FEASIBLE,null,1.267234,0.200276,0.007777,False
700393,1,1,[1],[1],[[0]],FEASIBLE,FEASIBLE,FEASIBLE,null,0.006655,0.02019,0.000642,False
700394,5,2,"[1,1,2,1,2]","[3,3]","[[1],[0],[0,1],[1],[0,1]]",UNSAT,UNSAT,UNSAT,"[0, 2, 3, 4]",0.112509,0.081583,0.003385,False
700395,3,3,"[1,1,2]","[2,2,2]","[[1],[2],[1,2]]",FEASIBLE,FEASIBLE,FEASIBLE,null,0.038631,0.042254,0.001417,False
700396,4,3,"[3,1,3,1]","[3,1,2]","[[0,1,2],[0,1],[0,1,2],[1]]",UNSAT,UNSAT,UNSAT,"[0, 2]",0.031848,0.101555,0.003169,False
700397,1,5,[2],"[1,1,1,1,3]","[[0,1,2,3,4]]",FEASIBLE,FEASIBLE,FEASIBLE,null,0.010302,0.033382,0.001446,False
700398,2,3,"[1,1]","[3,3,3]","[[0,1],[2]]",FEASIBLE,FEASIBLE,FEASIBLE,null,0.018901,0.030258,0.001302,False
700399,4,7,"[1,2,3,2]","[2,2,1,2,3,2,1]","[[3],[0,2,5],[0,1,2,3,4,6],[2,6]]",FEASIBLE,FEASIBLE,FEASIBLE,null,0.188757,0.095614,0.003599,False
700400,6,1,"[1,1,1,1,1,1]",[2],"[[0],[0],[0],[0],[0],[0]]",UNSAT,UNSAT,UNSAT,"[0, 1, 2]",0.055265,0.365861,0.00299,False
700401,7,1,"[1,1,1,1,1,1,1]",[1],"[[0],[0],[0],[0],[0],[0],[0]]",UNSAT,UNSAT,UNSAT,"[0, 1]",0.022692,0.074593,0.002815,False
700402,1,4,[1],"[1,2,1,1]","[[0,1,2]]",FEASIBLE,FEASIBLE,FEASIBLE,null,0.015093,0.025533,0.001033,False
700403,2,4,"[3,3]","[2,1,1,1]","[[0,1,2,3],[0,1,2,3]]",UNSAT,UNSAT,UNSAT,"[0, 1]",0.024037,0.073636,0.003121,False
700404,2,2,"[1,1]","[1,3]","[[0,1],[1]]",FEASIBLE,FEASIBLE,FEASIBLE,null,0.015688,0.03059,0.001111,False
700405,1,6,[1],"[1,3,3,3,2,1]","[[0,1,5]]",FEASIBLE,FEASIBLE,FEASIBLE,null,0.010635,0.026639,0.001088,False
700406,2,4,"[1,1]","[2,3,2,2]","[[0,1,2,3],[0,1,2]]",FEASIBLE,FEASIBLE,FEASIBLE,null,0.021733,0.034663,0.001467,False
700407,1,3,[1],"[3,3,1]","[[0,1,2]]",FEASIBLE,FEASIBLE,FEASIBLE,null,0.007458,0.022414,0.000882,False
700408,7,3,"[1,2,3,2,1,2,1]","[1,2,2]","[[1],[0,1,2],[0,1,2],[0,1,2],[0],[0,2],[0]]",UNSAT,UNSAT,UNSAT,"[2, 4]",0.107497,0.11365,0.004803,False
700409,5,7,"[1,2,1,1,2]","[1,2,2,3,1,2,3]","[[0,1,2,3,4,6],[0,1,3,4,5],[0,1,2,3,4,5,6],[0],[2,5]]",FEASIBLE,FEASIBLE,FEASIBLE,null,0.362604,0.185255,0.004998,False
700410,5,5,"[1,1,2,2,2]","[2,1,1,3,3]","[[0],[1,3],[0,1,2,3,4],[2,3,4],[0,2,4]]",FEASIBLE,FEASIBLE,FEASIBLE,null,0.249075,0.108126,0.003983,False
700411,2,4,"[2,1]","[2,3,1,3]","[[1,3],[0]]",FEASIBLE,FEASIBLE,FEASIBLE,null,0.021869,0.036127,0.00125,False
700412,6,6,"[1,3,1,3,3,1]","[3,1,2,1,3,1]","[[5],[1,2,4],[1,2,3,4,5],[0,1,2,3,4,5],[0,2,3,4,5],[4,5]]",UNSAT,UNSAT,UNSAT,"[0, 1, 2, 3, 4]",0.529452,0.3164,0.006995,False
700413,3,6,"[1,3,1]","[3,1,2,2,2,3]","[[3],[1,2,3,5],[4]]",FEASIBLE,FEASIBLE,FEASIBLE,null,0.066054,0.054438,0.002083,False
700414,6,2,"[1,1,2,1,1,1]","[3,2]","[[1],[0,1],[0,1],[1],[0,1],[0,1]]",UNSAT,UNSAT,UNSAT,"[0, 2, 3]",0.097385,0.086572,0.003785,False
700415,1,4,[2],"[3,1,2,1]","[[0,2]]",FEASIBLE,FEASIBLE,FEASIBLE,null,0.0094,0.028949,0.00094,False
700416,7,6,"[2,2,2,3,1,2,3]","[3,3,1,3,3,3]","[[0,1,3,4],[0,5],[0,1,3,4],[0,1,4],[4],[0,1,2,3,4],[0,1,2,4,5]]",FEASIBLE,FEASIBLE,FEASIBLE,null,1.265962,0.186599,0.005812,False
700417,4,1,"[1,1,1,1]",[1],"[[0],[0],[0],[0]]",UNSAT,UNSAT,UNSAT,"[0, 1]",0.01731,0.056944,0.002222,False
700418,4,2,"[1,1,1,1]","[3,3]","[[1],[1],[0,1],[0]]",FEASIBLE,FEASIBLE,FEASIBLE,null,0.062474,0.043437,0.00156,False
700419,7,2,"[1,1,2,1,2,2,2]","[2,2]","[[0,1],[1],[0,1],[0],[0,1],[0,1],[0,1]]",UNSAT,UNSAT,UNSAT,"[0, 2, 4]",0.129792,0.097787,0.003839,False
700420,6,6,"[1,1,3,2,2,1]","[2,2,3,2,1,3]","[[5],[4],[0,2,4,5],[2,5],[2,3,4],[0,3,4,5]]",FEASIBLE,FEASIBLE,FEASIBLE,null,0.625208,0.092601,0.0034,False
700421,7,7,"[2,2,2,2,2,1,3]","[1,3,3,1,1,2,2]","[[1,5],[0,1,3,4,5,6],[0,1,3,4,5,6],[0,2,3,4,6],[4,5,6],[0,3,5,6],[0,2,3,4,6]]",UNSAT,UNSAT,UNSAT,"[0, 1, 2, 3, 4, 6]",1.40579,0.190383,0.00979,False
700422,2,4,"[1,3]","[2,2,1,3]","[[1,2],[0,1,2]]",FEASIBLE,FEASIBLE,FEASIBLE,null,0.022856,0.220268,0.001485,False
700423,3,6,"[1,3,1]","[2,2,1,3,3,3]","[[0,1,2,3,4,5],[0,1,2,3,4,5],[0,1,2,4]]",FEASIBLE,FEASIBLE,FEASIBLE,null,0.065205,0.067272,0.002974,False
700424,6,1,"[1,1,1,1,1,1]",[3],"[[0],[0],[0],[0],[0],[0]]",UNSAT,UNSAT,UNSAT,"[0, 1, 2, 3]",0.108283,0.077703,0.002488,False
700425,6,6,"[1,2,2,1,2,3]","[1,1,3,1,2,2]","[[4],[0,1,2,4,5],[0,1,2,3,4],[0],[0,1,2,4,5],[0,1,2,3,4,5]]",UNSAT,UNSAT,UNSAT,"[0, 1, 2, 3, 4, 5]",0.598679,0.195828,0.008058,False
700426,7,7,"[2,3,3,3,2,3,3]","[1,2,1,2,3,3,3]","[[0,1,2,3,4,5,6],[0,1,4],[0,1,2,3,4],[0,2,6],[2,3,4,5,6],[1,2,6],[0,1,2,3,4,5,6]]",UNSAT,UNSAT,UNSAT,"[1, 3]",0.179292,0.268379,0.010127,False
700427,7,2,"[1,1,1,2,1,2,1]","[3,2]","[[0,1],[1],[0],[0,1],[0,1],[0,1],[0,1]]",UNSAT,UNSAT,UNSAT,"[1, 3, 5]",0.181905,0.099276,0.003682,False
700428,7,3,"[1,1,2,2,1,1,1]","[2,1,1]","[[0],[0],[0,1,2],[1,2],[0,1],[1],[0]]",UNSAT,UNSAT,UNSAT,"[2, 3]",0.117889,0.10974,0.003651,False
700429,6,5,"[1,2,2,1,1,3]","[2,3,1,3,2]","[[3],[0,2,3],[2,3,4],[0,1,2,3],[1],[0,2,3,4]]",FEASIBLE,FEASIBLE,FEASIBLE,null,0.503207,0.12013,0.004201,False
700430,6,2,"[2,1,1,1,1,1]","[1,2]","[[0,1],[0,1],[0],[1],[1],[1]]",UNSAT,UNSAT,UNSAT,"[0, 2]",0.031196,0.079706,0.003004,False
700431,5,3,"[3,2,1,3,1]","[2,1,3]","[[0,1,2],[0,2],[1],[0,1,2],[0]]",UNSAT,UNSAT,UNSAT,"[0, 2]",0.034571,0.27873,0.003449,False
700432,2,7,"[2,3]","[1,1,2,3,1,3,3]","[[0,4,5],[0,4,5,6]]",FEASIBLE,FEASIBLE,FEASIBLE,null,0.032375,0.06923,0.0023,False
700433,7,7,"[1,2,1,2,1,3,2]","[3,1,1,2,2,2,3]","[[1,2,3,4,5],[0,2,3,4,5,6],[1,2,3,5,6],[0,1,5],[2],[0,3,4,6],[1,2,5]]",FEASIBLE,FEASIBLE,FEASIBLE,null,1.43124,0.201139,0.006865,False
700434,1,2,[2],"[2,3]","[[0,1]]",FEASIBLE,FEASIBLE,FEASIBLE,null,0.007151,0.025521,0.000888,False
700435,5,5,"[1,2,2,2,1]","[2,2,2,2,1]","[[3],[0,1,3],[0,2,3,4],[0,1,3],[0,1,2,3,4]]",FEASIBLE,FEASIBLE,FEASIBLE,null,0.244416,0.076056,0.003193,False
700436,4,6,"[3,2,1,1]","[1,3,2,1,1,1]","[[0,1,2,3,4],[0,1,2,3,4,5],[0,3],[0,1,2,4,5]]",FEASIBLE,FEASIBLE,FEASIBLE,null,0.157985,0.075085,0.003124,False
700437,5,6,"[1,1,1,3,1]","[2,3,3,1,3,2]","[[2],[3],[2],[0,2,4,5],[2,3,4]]",FEASIBLE,FEASIBLE,FEASIBLE,null,0.265066,0.06671,0.002633,False
700438,3,4,"[1,2,1]","[3,2,3,3]","[[1],[1,3],[0,1,2,3]]",FEASIBLE,FEASIBLE,FEASIBLE,null,0.045946,0.04217,0.001695,False
700439,1,1,[1],[2],[[0]],FEASIBLE,FEASIBLE,FEASIBLE,null,0.005416,0.016432,0.001112,False
700440,3,3,"[3,1,3]","[1,1,2]","[[0,1,2],[1,2],[0,1,2]]",UNSAT,UNSAT,UNSAT,"[0, 2]",0.025823,0.074059,0.003681,False
700441,6,6,"[2,2,1,1,1,3]","[3,1,1,1,2,3]","[[1,5],[0,1,2,3],[4],[0,1,2,3,4,5],[2],[1,2,3,4,5]]",UNSAT,UNSAT,UNSAT,"[0, 1, 4, 5]",0.393645,0.121987,0.005484,False
700442,5,4,"[1,1,1,2,3]","[2,2,3,3]","[[0,1,2,3],[1],[0],[1,2,3],[0,2,3]]",FEASIBLE,FEASIBLE,FEASIBLE,null,0.195707,0.280774,0.003064,False
700443,2,7,"[2,1]","[3,2,2,2,2,2,2]","[[0,3,6],[1,2,3,4,5,6]]",FEASIBLE,FEASIBLE,FEASIBLE,null,0.031763,0.042669,0.00198,False
700444,7,4,"[2,1,1,3,1,2,1]","[1,3,3,3]","[[0,1,3],[2,3],[0,1,2,3],[0,1,2,3],[0,1,3],[0,1,2,3],[1]]",UNSAT,UNSAT,UNSAT,"[0, 1, 2, 3, 4, 5, 6]",0.814033,0.126446,0.006003,False
700445,6,5,"[1,2,1,1,2,1]","[1,2,2,2,1]","[[4],[0,2,3,4],[1,2],[0,1,2,3,4],[1,4],[1,4]]",UNSAT,UNSAT,UNSAT,"[0, 4]",0.065266,0.122531,0.004971,False
700446,6,2,"[1,1,2,2,1,1]","[2,1]","[[0,1],[1],[0,1],[0,1],[0,1],[0]]",UNSAT,UNSAT,UNSAT,"[1, 2]",0.040933,0.08019,0.003247,False
700447,1,1,[1],[2],[[0]],FEASIBLE,FEASIBLE,FEASIBLE,null,0.005278,0.017298,0.00058,False
700448,7,4,"[3,3,1,2,2,3,3]","[1,2,1,3]","[[0,1,2,3],[1,2,3],[3],[0,2,3],[0,1,3],[0,1,2,3],[0,1,2,3]]",UNSAT,UNSAT,UNSAT,"[0, 1, 3]",0.190903,0.127797,0.005726,False
700449,3,2,"[1,1,2]","[1,2]","[[0],[1],[0,1]]",UNSAT,UNSAT,UNSAT,"[0, 2]",0.019919,0.048912,0.002095,False
700450,4,3,"[1,1,1,1]","[1,2,2]","[[0,1],[2],[2],[0,1,2]]",FEASIBLE,FEASIBLE,FEASIBLE,null,0.070949,0.053211,0.001785,False
700451,3,1,"[1,1,1]",[2],"[[0],[0],[0]]",UNSAT,UNSAT,UNSAT,"[0, 1, 2]",0.01928,0.042848,0.001765,False
700452,3,2,"[1,1,2]","[1,1]","[[0,1],[0],[0,1]]",UNSAT,UNSAT,UNSAT,"[0, 2]",0.018997,0.070636,0.002261,False
700453,2,1,"[1,1]",[2],"[[0],[0]]",FEASIBLE,FEASIBLE,FEASIBLE,null,0.011104,0.024659,0.000819,False
700454,3,3,"[1,1,1]","[1,2,3]","[[0,1,2],[1],[0,1]]",FEASIBLE,FEASIBLE,FEASIBLE,null,0.034531,0.041203,0.001429,False
700455,1,4,[2],"[1,3,1,3]","[[0,2,3]]",FEASIBLE,FEASIBLE,FEASIBLE,null,0.008891,0.026249,0.001003,False
700456,7,4,"[1,1,1,2,1,1,1]","[3,2,2,3]","[[2],[1],[2,3],[0,1,2,3],[1],[2],[2]]",UNSAT,UNSAT,UNSAT,"[0, 5, 6]",0.237656,0.109969,0.004202,False
700457,2,2,"[1,1]","[1,1]","[[0],[0,1]]",FEASIBLE,FEASIBLE,FEASIBLE,null,0.013874,0.027848,0.001028,False
700458,7,1,"[1,1,1,1,1,1,1]",[1],"[[0],[0],[0],[0],[0],[0],[0]]",UNSAT,UNSAT,UNSAT,"[0, 1]",0.019671,0.068634,0.002654,False
700459,2,4,"[3,1]","[1,3,2,3]","[[0,2,3],[2]]",FEASIBLE,FEASIBLE,FEASIBLE,null,0.019083,0.057101,0.001397,False
700460,3,3,"[1,2,2]","[1,1,3]","[[1,2],[0,1,2],[0,1,2]]",FEASIBLE,FEASIBLE,FEASIBLE,null,0.034252,0.148152,0.002258,False
700461,2,7,"[3,2]","[2,2,1,3,1,1,1]","[[0,1,2,3,4,5,6],[2,3]]",FEASIBLE,FEASIBLE,FEASIBLE,null,0.029192,0.061517,0.002592,False
700462,6,5,"[1,1,1,3,3,1]","[2,3,3,1,1]","[[2],[0,1],[4],[0,1,2,3,4],[0,1,2,4],[2]]",FEASIBLE,FEASIBLE,FEASIBLE,null,0.43985,0.09651,0.003809,False
700463,2,2,"[1,2]","[3,1]","[[0,1],[0,1]]",FEASIBLE,FEASIBLE,FEASIBLE,null,0.012908,0.02965,0.001095,False
700464,1,6,[1],"[3,2,3,1,1,3]",[[0]],FEASIBLE,FEASIBLE,FEASIBLE,null,0.009658,0.02082,0.000871,False
700465,3,2,"[2,1,1]","[1,2]","[[0,1],[0,1],[0]]",UNSAT,UNSAT,UNSAT,"[0, 2]",0.01869,0.049965,0.001929,False
700466,1,5,[2],"[1,3,3,1,2]","[[0,2,3,4]]",FEASIBLE,FEASIBLE,FEASIBLE,null,0.008917,0.028187,0.001265,False
700467,3,1,"[1,1,1]",[1],"[[0],[0],[0]]",UNSAT,UNSAT,UNSAT,"[0, 1]",0.011711,0.045198,0.001534,False
700468,2,5,"[1,1]","[3,1,1,3,3]","[[1,2],[3]]",FEASIBLE,FEASIBLE,FEASIBLE,null,0.021618,0.028636,0.00122,False
700469,7,5,"[1,1,2,3,2,3,3]","[2,2,1,3,2]","[[0,1,2,4],[2],[0,1,2,3,4],[0,1,2,3,4],[0,1,2,4],[0,1,2,3,4],[0,1,2,3,4]]",UNSAT,UNSAT,UNSAT,"[2, 3, 5, 6]",0.667213,0.280235,0.007479,False
700470,7,2,"[1,1,1,1,1,1,1]","[1,1]","[[0],[0],[1],[0],[0,1],[0,1],[0]]",UNSAT,UNSAT,UNSAT,"[0, 1]",0.026818,0.070544,0.003169,False
700471,5,6,"[2,1,2,3,1]","[2,3,1,3,2,3]","[[0,3,5],[4],[0,1,2,4,5],[0,2,3],[2]]",UNSAT,UNSAT,UNSAT,"[3, 4]",0.106975,0.096623,0.004353,False
700472,7,1,"[1,1,1,1,1,1,1]",[3],"[[0],[0],[0],[0],[0],[0],[0]]",UNSAT,UNSAT,UNSAT,"[0, 1, 2, 3]",0.155232,0.069622,0.002531,False
700473,7,5,"[2,3,1,1,1,3,2]","[1,1,3,3,3]","[[0,1,2,3,4],[0,1,2,3,4],[3,4],[0,1,2],[2],[0,1,3,4],[2,3]]",UNSAT,UNSAT,UNSAT,"[0, 1, 2, 3, 5, 6]",0.909524,0.167702,0.007212,False
700474,1,2,[1],"[2,3]",[[1]],FEASIBLE,FEASIBLE,FEASIBLE,null,0.006149,0.017911,0.000806,False
700475,7,1,"[1,1,1,1,1,1,1]",[2],"[[0],[0],[0],[0],[0],[0],[0]]",UNSAT,UNSAT,UNSAT,"[0, 1, 2]",0.060243,0.066702,0.00226,False
700476,1,1,[1],[3],[[0]],FEASIBLE,FEASIBLE,FEASIBLE,null,0.004951,0.016352,0.000567,False
700477,1,5,[2],"[3,3,2,1,2]","[[2,3,4]]",FEASIBLE,FEASIBLE,FEASIBLE,null,0.008595,0.024663,0.001122,False
700478,5,2,"[2,1,1,2,1]","[1,1]","[[0,1],[0],[0],[0,1],[0]]",UNSAT,UNSAT,UNSAT,"[0, 1]",0.020687,0.060207,0.002622,False
700479,7,1,"[1,1,1,1,1,1,1]",[1],"[[0],[0],[0],[0],[0],[0],[0]]",UNSAT,UNSAT,UNSAT,"[0, 1]",0.041978,0.068516,0.002067,False
700480,6,3,"[2,1,3,1,3,3]","[1,1,1]","[[0,1,2],[1],[0,1,2],[2],[0,1,2],[0,1,2]]",UNSAT,UNSAT,UNSAT,"[0, 2]",0.03436,0.224875,0.004157,False
700481,7,7,"[3,2,3,1,3,1,3]","[3,3,2,3,2,1,3]","[[0,1,3],[0,1,2,3,4,5,6],[0,1,2,3,4,6],[0,1,3,5,6],[1,4,5],[0,1,3,4,5,6],[0,3,5]]",UNSAT,UNSAT,UNSAT,"[4, 6]",0.217915,0.199502,0.008062,False
700482,3,2,"[2,2,1]","[3,3]","[[0,1],[0,1],[1]]",FEASIBLE,FEASIBLE,FEASIBLE,null,0.025636,0.037192,0.00143,False
700483,1,6,[1],"[1,3,3,2,1,2]","[[1,2,3,5]]",FEASIBLE,FEASIBLE,FEASIBLE,null,0.009779,0.024155,0.001212,False
700484,5,7,"[1,2,3,3,2]","[1,1,1,1,3,3,1]","[[1,3,4],[1,3],[0,1,2,3,5],[0,1,2,3,4,5,6],[0,1,2,4,5]]",FEASIBLE,FEASIBLE,FEASIBLE,null,0.268248,0.124544,0.005209,False
700485,2,2,"[1,1]","[1,3]","[[0],[0,1]]",FEASIBLE,FEASIBLE,FEASIBLE,null,0.013316,0.024774,0.000977,False
700486,5,7,"[1,2,3,1,2]","[3,3,1,2,1,2,3]","[[2,3,4,5,6],[0,1,2,3,4,5,6],[0,1,2,3,4,5,6],[3,5],[1,3,4]]",FEASIBLE,FEASIBLE,FEASIBLE,null,0.268539,0.077379,0.004105,False
700487,2,3,"[1,1]","[1,3,1]","[[0],[2]]",FEASIBLE,FEASIBLE,FEASIBLE,null,0.01521,0.023198,0.000995,False
700488,6,5,"[1,1,1,1,3,2]","[1,1,2,1,1]","[[0,1,4],[1,3],[2],[1,2],[0,2,4],[0,1,2,3,4]]",UNSAT,UNSAT,UNSAT,"[0, 1, 4, 5]",0.295011,0.129819,0.005001,False
700489,6,5,"[1,1,1,1,2,3]","[1,2,2,2,3]","[[2],[0,1,3],[0,1,2,3,4],[0],[3,4],[0,1,2,3,4]]",FEASIBLE,FEASIBLE,FEASIBLE,null,0.43902,0.22776,0.004062,False
700490,5,6,"[2,1,3,2,1]","[1,3,2,2,2,3]","[[0,2,3,4,5],[3],[0,1,2,3,5],[0,1,2,3,4],[3]]",FEASIBLE,FEASIBLE,FEASIBLE,null,0.234454,0.097734,0.004169,False
700491,7,5,"[1,1,2,1,2,1,1]","[1,3,1,3,2]","[[0,1,2,3,4],[0,1,3,4],[0,1,2,3,4],[0,1,2,3,4],[0,1,2,3,4],[2],[2]]",UNSAT,UNSAT,UNSAT,"[5, 6]",0.161945,0.138213,0.00618,False
700492,6,7,"[3,2,2,1,1,2]","[1,1,3,1,3,2,2]","[[1,2,3,4,5,6],[0,1,2],[0,1,2,3,4,6],[3],[0,1,3],[0,3,6]]",UNSAT,UNSAT,UNSAT,"[1, 3, 4, 5]",0.497275,0.207109,0.006709,False
700493,3,4,"[3,1,1]","[1,1,2,1]","[[0,1,2,3],[0,3],[0]]",UNSAT,UNSAT,UNSAT,"[0, 1, 2]",0.038011,0.058684,0.00274,False
700494,2,6,"[2,1]","[2,1,1,3,3,1]","[[0,2,4],[0,1,3,4,5]]",FEASIBLE,FEASIBLE,FEASIBLE,null,0.02386,0.035568,0.001884,False
700495,5,1,"[1,1,1,1,1]",[2],"[[0],[0],[0],[0],[0]]",UNSAT,UNSAT,UNSAT,"[0, 1, 2]",0.033848,0.051184,0.002106,False
700496,7,4,"[3,1,1,1,2,1,2]","[1,1,1,3]","[[0,1,3],[2,3],[0,1,2,3],[1],[0,1,2,3],[0,1,2,3],[0,2]]",UNSAT,UNSAT,UNSAT,"[0, 3]",0.047504,0.106459,0.005315,False
700497,1,2,[1],"[3,3]",[[0]],FEASIBLE,FEASIBLE,FEASIBLE,null,0.009086,0.01699,0.000725,False
700498,7,4,"[3,2,1,1,2,2,1]","[3,2,1,3]","[[0,1,2,3],[0,2],[1],[0],[0,1],[0,2,3],[0,2,3]]",UNSAT,UNSAT,UNSAT,"[0, 1, 2, 4]",0.32076,0.135706,0.00598,False
700499,7,5,"[1,1,2,1,2,1,1]","[1,1,1,3,3]","[[4],[0],[1,2,3,4],[4],[0,1,3,4],[0,1,3],[1]]",FEASIBLE,FEASIBLE,FEASIBLE,null,2.24833,0.320658,0.004016,False
700500,2,6,"[1,1]","[1,3,2,1,1,3]","[[3,5],[2,3,4]]",FEASIBLE,FEASIBLE,FEASIBLE,null,0.019555,0.024207,0.001501,False
700501,2,3,"[2,1]","[2,2,1]","[[0,1,2],[0,1,2]]",FEASIBLE,FEASIBLE,FEASIBLE,null,0.014664,0.025571,0.001297,False
700502,6,4,"[1,1,1,1,1,1]","[2,3,3,2]","[[0,1,2,3],[1,3],[1,3],[0],[0],[3]]",FEASIBLE,FEASIBLE,FEASIBLE,null,0.308775,0.059498,0.002828,False
700503,7,2,"[1,1,1,1,1,2,1]","[1,3]","[[1],[1],[0,1],[1],[0],[0,1],[0]]",UNSAT,UNSAT,UNSAT,"[4, 5]",0.060562,0.062552,0.00325,False
700504,5,4,"[2,3,1,3,3]","[2,2,1,3]","[[0,2,3],[0,1,2],[0,3],[0,1,2,3],[1,2,3]]",UNSAT,UNSAT,UNSAT,"[1, 4]",0.049312,0.073361,0.00461,False
700505,7,6,"[1,1,3,3,2,2,2]","[1,3,1,3,3,2]","[[4],[0],[0,2,4,5],[1,3,4,5],[0,1,2,3,4,5],[0,1,5],[0,1,2,3,5]]",UNSAT,UNSAT,UNSAT,"[0, 1, 2, 3, 4, 5, 6]",0.758763,0.103595,0.006518,False
700506,7,7,"[2,2,2,2,3,1,1]","[2,3,1,3,1,3,2]","[[0,1,3,4,5],[0,1,2,3,5,6],[0,1,2,3,4,5,6],[1,4,6],[1,3,5],[1,3,5,6],[0,1,3,5]]",FEASIBLE,FEASIBLE,FEASIBLE,null,1.085498,0.155958,0.006549,False
700507,4,1,"[1,1,1,1]",[3],"[[0],[0],[0],[0]]",UNSAT,UNSAT,UNSAT,"[0, 1, 2, 3]",0.034727,0.056545,0.002023,False
700508,4,6,"[2,2,2,2]","[1,2,3,3,3,3]","[[0,1,2,3,4,5],[0,1],[1,2,3,5],[0,2,5]]",FEASIBLE,FEASIBLE,FEASIBLE,null,0.135618,0.086009,0.003639,False
700509,6,3,"[2,2,1,1,1,2]","[3,2,2]","[[1,2],[0,1,2],[0,1,2],[2],[0,2],[0,2]]",UNSAT,UNSAT,UNSAT,"[0, 3, 5]",0.118396,0.085002,0.003931,False
700510,1,6,[3],"[2,1,1,1,3,1]","[[1,2,3]]",FEASIBLE,FEASIBLE,FEASIBLE,null,0.009518,0.029429,0.001236,False
700511,1,5,[3],"[1,2,3,3,2]","[[0,2,4]]",FEASIBLE,FEASIBLE,FEASIBLE,null,0.0078,0.025521,0.001152,False
700512,5,3,"[2,1,2,1,2]","[3,2,3]","[[1,2],[0,1,2],[0,1],[0,1,2],[0,1,2]]",FEASIBLE,FEASIBLE,FEASIBLE,null,0.18751,0.073455,0.002926,False
700513,4,7,"[2,2,2,1]","[2,1,1,3,3,1,3]","[[0,4,5,6],[0,1],[2,6],[0,1,2,3,4,5,6]]",FEASIBLE,FEASIBLE,FEASIBLE,null,0.121424,0.062939,0.002974,False
700514,4,6,"[2,2,2,1]","[2,3,1,2,3,2]","[[1,3],[0,1,2,3,4,5],[0,1,3,4,5],[0,1,3,5]]",FEASIBLE,FEASIBLE,FEASIBLE,null,0.130431,0.191307,0.003083,False
700515,4,7,"[1,1,1,3]","[2,3,3,1,3,2,2]","[[0,1,2,3,5,6],[3],[1],[0,1,3,4,5,6]]",FEASIBLE,FEASIBLE,FEASIBLE,null,0.175852,0.064518,0.002825,False
700516,1,4,[3],"[2,1,3,2]","[[1,2,3]]",FEASIBLE,FEASIBLE,FEASIBLE,null,0.010475,0.033568,0.001042,False
700517,1,2,[2],"[1,3]","[[0,1]]",FEASIBLE,FEASIBLE,FEASIBLE,null,0.007024,0.026269,0.00078,False
700518,3,7,"[2,2,3]","[3,3,1,3,2,2,2]","[[0,2,3],[4,5],[0,1,2,3,4,5,6]]",FEASIBLE,FEASIBLE,FEASIBLE,null,0.072869,0.112967,0.002597,False
700519,7,2,"[1,1,1,1,2,1,1]","[3,2]","[[1],[1],[0],[0,1],[0,1],[0,1],[0]]",UNSAT,UNSAT,UNSAT,"[0, 1, 4]",0.113384,0.105037,0.00344,False
700520,6,5,"[2,1,2,3,1,1]","[3,1,3,2,1]","[[0,1,2,3],[0,1,3],[0,1,2,3],[0,1,3],[0,2,3],[0,3,4]]",FEASIBLE,FEASIBLE,FEASIBLE,null,0.424762,0.529571,0.005545,False
700521,5,6,"[3,2,1,1,2]","[2,2,3,3,1,2]","[[2,4,5],[1,2,5],[1],[0],[0,1]]",FEASIBLE,FEASIBLE,FEASIBLE,null,0.207061,0.074058,0.003154,False
700522,5,1,"[1,1,1,1,1]",[2],"[[0],[0],[0],[0],[0]]",UNSAT,UNSAT,UNSAT,"[0, 1, 2]",0.031048,0.052336,0.002077,False
700523,3,4,"[1,2,1]","[1,2,2,1]","[[0,1,2,3],[1,2],[0,1,2]]",FEASIBLE,FEASIBLE,FEASIBLE,null,0.035836,0.054394,0.001794,False
700524,7,7,"[2,1,2,3,2,1,2]","[2,3,3,2,1,3,3]","[[1,4,5],[1,2,3,4,5,6],[0,1,2,3,4,5,6],[0,1,2,3,4,5,6],[1,4,5,6],[2,3,4],[0,2,3,4,5,6]]",FEASIBLE,FEASIBLE,FEASIBLE,null,1.518456,0.112273,0.005898,False
700525,4,7,"[1,2,1,2]","[1,2,3,1,2,3,2]","[[0,5],[3,4,5],[0,2,3,5],[0,1,3,4]]",FEASIBLE,FEASIBLE,FEASIBLE,null,0.122973,0.058152,0.002622,False
700526,3,6,"[3,1,1]","[2,3,3,1,3,1]","[[0,4,5],[0,1,2,4,5],[0,1,4]]",FEASIBLE,FEASIBLE,FEASIBLE,null,0.056284,0.045934,0.002148,False
700527,2,1,"[1,1]",[2],"[[0],[0]]",FEASIBLE,FEASIBLE,FEASIBLE,null,0.009801,0.02015,0.000795,False
700528,3,3,"[1,2,1]","[3,2,3]","[[1],[0,1],[1]]",UNSAT,UNSAT,UNSAT,"[0, 1, 2]",0.028397,0.066086,0.002131,False
700529,1,5,[3],"[3,3,2,3,1]","[[0,1,2,3,4]]",FEASIBLE,FEASIBLE,FEASIBLE,null,0.009179,0.031312,0.001321,False
700530,1,3,[1],"[2,1,1]","[[0,2]]",FEASIBLE,FEASIBLE,FEASIBLE,null,0.006795,0.021521,0.00077,False
700531,6,1,"[1,1,1,1,1,1]",[2],"[[0],[0],[0],[0],[0],[0]]",UNSAT,UNSAT,UNSAT,"[0, 1, 2]",0.046338,0.059674,0.002157,False
700532,2,7,"[1,1]","[2,3,3,1,2,3,3]","[[5],[5]]",FEASIBLE,FEASIBLE,FEASIBLE,null,0.024397,0.286079,0.001124,False
700533,5,5,"[1,3,1,2,1]","[1,2,3,1,3]","[[3],[0,1,3,4],[0,1,2,3,4],[0,1,2,3,4],[1,3,4]]",FEASIBLE,FEASIBLE,FEASIBLE,null,0.216124,0.076864,0.003381,False
700534,1,2,[2],"[3,3]","[[0,1]]",FEASIBLE,FEASIBLE,FEASIBLE,null,0.006635,0.021469,0.00074,False
700535,4,2,"[1,2,1,2]","[1,1]","[[1],[0,1],[1],[0,1]]",UNSAT,UNSAT,UNSAT,"[0, 1]",0.022785,0.050084,0.002527,False
700536,7,5,"[3,2,2,2,2,1,1]","[3,3,1,1,3]","[[0,1,2,3,4],[1,2,4],[2,4],[0,2],[0,1,2,3,4],[0,3],[1]]",UNSAT,UNSAT,UNSAT,"[2, 3]",0.097056,0.166439,0.007038,False
700537,4,7,"[3,2,1,2]","[3,3,1,1,1,3,3]","[[0,1,2,3,4,5],[0,1,2,3,4,5,6],[0],[0,1,5,6]]",FEASIBLE,FEASIBLE,FEASIBLE,null,0.110769,0.061483,0.003283,False
700538,1,3,[1],"[1,2,2]",[[1]],FEASIBLE,FEASIBLE,FEASIBLE,null,0.00638,0.015485,0.000748,False
700539,1,4,[1],"[3,3,1,1]","[[0,1,2,3]]",FEASIBLE,FEASIBLE,FEASIBLE,null,0.006417,0.018298,0.001104,False
700540,6,5,"[3,2,3,1,3,1]","[1,3,1,1,2]","[[0,1,3,4],[0,1,3,4],[0,1,2,4],[2],[0,1,2,3,4],[0,1,3]]",UNSAT,UNSAT,UNSAT,"[0, 2, 4]",0.138312,0.102955,0.005506,False
700541,6,6,"[2,3,2,1,2,1]","[2,3,3,3,2,3]","[[2,3,4,5],[0,1,2,3,4,5],[2,3,4,5],[0],[0,1,2],[3,5]]",FEASIBLE,FEASIBLE,FEASIBLE,null,0.422976,0.089483,0.004479,False
700542,3,7,"[1,2,1]","[1,3,3,2,2,1,3]","[[0,1,2,3,4,5,6],[0,2,4,5],[0,1,5]]",FEASIBLE,FEASIBLE,FEASIBLE,null,0.04881,0.041849,0.002696,False
700543,3,3,"[2,1,2]","[3,2,1]","[[0,2],[2],[0,2]]",UNSAT,UNSAT,UNSAT,"[0, 1]",0.015008,0.195111,0.002194,False
700544,7,6,"[1,1,1,1,1,1,1]","[3,3,2,2,1,1]","[[3],[0,1,3,4,5],[1,2,5],[1,2,3,4,5],[1,2,3,4,5],[0,1,2,3,4],[2,4]]",FEASIBLE,FEASIBLE,FEASIBLE,null,0.854954,0.080863,0.003915,False
700545,6,6,"[1,3,1,2,1,1]","[1,2,3,2,2,1]","[[2,3,4],[1,2,3,4,5],[2],[3,5],[0],[3,4]]",FEASIBLE,FEASIBLE,FEASIBLE,null,0.498359,0.068104,0.003113,False
700546,3,6,"[3,1,1]","[3,1,2,2,1,3]","[[0,1,3,4,5],[3,4,5],[0,1,4,5]]",FEASIBLE,FEASIBLE,FEASIBLE,null,0.04669,0.044087,0.002252,False
700547,1,3,[2],"[2,1,3]","[[0,1,2]]",FEASIBLE,FEASIBLE,FEASIBLE,null,0.006015,0.020699,0.000893,False
700548,6,6,"[2,1,1,1,2,1]","[1,1,2,2,2,3]","[[1,2,3,5],[0,2,4],[0,4,5],[1,3,4],[0,5],[4]]",FEASIBLE,FEASIBLE,FEASIBLE,null,0.421228,0.077098,0.004019,False
700549,4,5,"[1,2,1,1]","[3,1,2,2,2]","[[0,1,2,3,4],[0,1,2,3],[0,3,4],[1,2]]",FEASIBLE,FEASIBLE,FEASIBLE,null,0.075396,0.041839,0.00268,False
700550,2,6,"[3,1]","[1,3,2,2,3,3]","[[0,1,2,3,5],[0,1,2,4,5]]",FEASIBLE,FEASIBLE,FEASIBLE,null,0.022176,0.040263,0.001962,False
700551,2,2,"[1,1]","[3,2]","[[0],[0]]",FEASIBLE,FEASIBLE,FEASIBLE,null,0.012427,0.022702,0.000836,False
700552,2,7,"[1,2]","[1,1,3,2,2,2,3]","[[0],[1,3,6]]",FEASIBLE,FEASIBLE,FEASIBLE,null,0.027288,0.031114,0.001391,False
700553,7,4,"[1,1,3,1,1,1,2]","[3,2,3,2]","[[0],[0,1,2,3],[0,1,2,3],[0,3],[2],[1],[2,3]]",FEASIBLE,FEASIBLE,FEASIBLE,null,0.740177,0.100914,0.003102,False
700554,6,7,"[2,2,3,1,3,2]","[3,1,3,3,3,1,2]","[[0,1,2,3,4,5,6],[0,1,3,4,6],[0,1,2,3,4,5,6],[0],[0,1,2,3,4,5,6],[0,2,3]]",FEASIBLE,FEASIBLE,FEASIBLE,null,0.588966,0.150084,0.006505,False
700555,4,7,"[2,3,2,3]","[3,2,1,3,3,3,2]","[[0,1,2,3,5,6],[0,1,2,3,4,5,6],[1,2,5],[0,3,4]]",FEASIBLE,FEASIBLE,FEASIBLE,null,0.099393,0.077351,0.004165,False
700556,4,7,"[2,3,2,1]","[1,3,1,1,2,1,2]","[[0,3],[0,1,2,3,4,5,6],[0,1,2,3,4,5,6],[1]]",FEASIBLE,FEASIBLE,FEASIBLE,null,0.09973,0.057076,0.003131,False
700557,2,7,"[2,2]","[1,2,1,2,1,1,1]","[[0,1,2,3,4,5,6],[0,2,5]]",FEASIBLE,FEASIBLE,FEASIBLE,null,0.021175,0.034865,0.002143,False
700558,2,6,"[3,3]","[1,3,1,1,3,2]","[[0,1,4],[0,1,2,4,5]]",FEASIBLE,FEASIBLE,FEASIBLE,null,0.04252,0.038448,0.001985,False
700559,3,1,"[1,1,1]",[1],"[[0],[0],[0]]",UNSAT,UNSAT,UNSAT,"[0, 1]",0.009375,0.037426,0.001486,False
700560,3,1,"[1,1,1]",[1],"[[0],[0],[0]]",UNSAT,UNSAT,UNSAT,"[0, 1]",0.008399,0.030542,0.00141,False
700561,4,4,"[2,2,2,1]","[3,3,1,2]","[[0,1,3],[0,2],[0,2,3],[3]]",FEASIBLE,FEASIBLE,FEASIBLE,null,0.060721,0.045005,0.002044,False
700562,7,5,"[3,1,1,1,1,2,3]","[2,2,2,1,1]","[[0,1,2,4],[3],[1],[0,1,2],[0],[0,2,3],[0,1,2,3]]",UNSAT,UNSAT,UNSAT,"[0, 1, 5, 6]",0.351789,0.137855,0.013601,False
700563,7,4,"[1,3,1,3,1,2,1]","[1,3,2,2]","[[1,2],[0,1,2],[1],[0,1,2,3],[0,1,2,3],[0,1,2],[2]]",UNSAT,UNSAT,UNSAT,"[1, 3, 5]",0.2121,0.188396,0.007895,False
700564,2,4,"[1,2]","[3,1,2,3]","[[1],[1,2]]",UNSAT,UNSAT,UNSAT,"[0, 1]",0.014654,0.032808,0.002881,False
700565,1,2,[1],"[2,2]",[[1]],FEASIBLE,FEASIBLE,FEASIBLE,null,0.004444,0.013215,0.001195,False
700566,2,5,"[3,1]","[2,1,3,1,3]","[[0,1,2,4],[0,2]]",FEASIBLE,FEASIBLE,FEASIBLE,null,0.01636,0.0284,0.002258,False
700567,3,7,"[1,1,1]","[3,2,2,2,3,2,3]","[[2,4,6],[0,1,2,3,4,5,6],[0,1,2,3,4,5,6]]",FEASIBLE,FEASIBLE,FEASIBLE,null,0.045774,0.03641,0.003954,False
700568,1,1,[1],[1],[[0]],FEASIBLE,FEASIBLE,FEASIBLE,null,0.003598,0.011436,0.000822,False
700569,5,5,"[1,2,1,1,1]","[2,1,3,2,3]","[[1,2],[0,1,2],[2],[0],[0,1,2,4]]",FEASIBLE,FEASIBLE,FEASIBLE,null,0.17863,0.073406,0.003152,False
700570,5,5,"[3,3,1,1,1]","[3,2,1,2,3]","[[0,1,2,3,4],[0,1,3,4],[4],[3],[1]]",FEASIBLE,FEASIBLE,FEASIBLE,null,0.166976,0.076031,0.003817,False
700571,7,6,"[3,1,1,1,1,1,1]","[2,1,3,3,3,3]","[[0,1,3,4],[0,1,2,3,4],[3],[1],[0,1,2,3],[2],[0,4]]",FEASIBLE,FEASIBLE,FEASIBLE,null,0.900548,0.083961,0.005858,False
700572,3,2,"[1,1,1]","[3,1]","[[0],[0,1],[1]]",FEASIBLE,FEASIBLE,FEASIBLE,null,0.019613,0.024508,0.001542,False
700573,5,5,"[2,1,2,3,1]","[1,3,3,2,2]","[[0,1,2,3,4],[0,2,3,4],[0,3],[1,2,3],[0,1,2,3]]",FEASIBLE,FEASIBLE,FEASIBLE,null,0.158857,0.185136,0.004999,False
700574,4,1,"[1,1,1,1]",[1],"[[0],[0],[0],[0]]",UNSAT,UNSAT,UNSAT,"[0, 1]",0.01474,0.049143,0.002955,False
700575,3,5,"[2,1,3]","[3,2,1,3,2]","[[0,3,4],[2],[0,2,4]]",UNSAT,UNSAT,UNSAT,"[1, 2]",0.040672,0.063202,0.003256,False
700576,3,1,"[1,1,1]",[3],"[[0],[0],[0]]",FEASIBLE,FEASIBLE,FEASIBLE,null,0.170737,0.027206,0.001277,False
700577,5,2,"[1,1,1,1,1]","[3,1]","[[0],[1],[1],[0,1],[0,1]]",UNSAT,UNSAT,UNSAT,"[1, 2]",0.031807,0.055763,0.002941,False
700578,3,1,"[1,1,1]",[1],"[[0],[0],[0]]",UNSAT,UNSAT,UNSAT,"[0, 1]",0.011459,0.046124,0.002064,False
700579,7,4,"[1,1,1,2,2,1,1]","[3,2,3,1]","[[2],[0,1],[0,1,2,3],[0,3],[0,1,2,3],[0],[0]]",FEASIBLE,FEASIBLE,FEASIBLE,null,0.775089,0.11287,0.005152,False
700580,5,7,"[3,3,1,3,1]","[1,2,1,2,2,1,1]","[[0,1,2,3,4,5,6],[0,2,3,4],[0,1,4,5,6],[0,1,2,3,4,5],[2]]",UNSAT,UNSAT,UNSAT,"[0, 1, 2, 3, 4]",0.279971,0.174454,0.012569,False
700581,3,4,"[1,3,1]","[3,2,3,2]","[[1,3],[0,1,2,3],[0,3]]",FEASIBLE,FEASIBLE,FEASIBLE,null,0.058007,0.045825,0.002213,False
700582,7,5,"[3,3,3,1,2,1,1]","[2,1,3,3,1]","[[0,1,2,3,4],[0,1,2,3,4],[0,1,2,3,4],[1],[0,1,2,3,4],[2,4],[0,1,2,3,4]]",UNSAT,UNSAT,UNSAT,"[0, 1, 2, 4]",0.416021,0.150079,0.008668,False
700583,3,6,"[1,3,1]","[2,2,2,1,1,3]","[[0,1,2,5],[1,2,3,4],[4]]",FEASIBLE,FEASIBLE,FEASIBLE,null,0.054932,0.058055,0.00212,False
700584,5,3,"[1,1,1,1,1]","[2,3,3]","[[1],[2],[0],[0,1,2],[0]]",FEASIBLE,FEASIBLE,FEASIBLE,null,0.139339,0.062429,0.002598,False
700585,3,7,"[3,3,1]","[1,3,1,2,1,1,1]","[[0,2,6],[0,1,3,4,6],[0,3]]",FEASIBLE,FEASIBLE,FEASIBLE,null,0.090358,0.061,0.003213,False
700586,2,4,"[1,1]","[2,2,1,3]","[[1,3],[0,1,2,3]]",FEASIBLE,FEASIBLE,FEASIBLE,null,0.018185,0.027504,0.001531,False
700587,2,5,"[2,3]","[3,3,1,1,2]","[[0,2,3],[0,1,2,3]]",FEASIBLE,FEASIBLE,FEASIBLE,null,0.017421,0.178661,0.001786,False
700588,2,7,"[3,1]","[1,2,3,2,1,2,3]","[[0,4,5],[3,5]]",FEASIBLE,FEASIBLE,FEASIBLE,null,0.026966,0.036524,0.001616,False
700589,5,6,"[1,2,1,1,2]","[3,1,2,2,2,2]","[[0,1,2,3],[0,1,2,3,4],[2],[1,5],[0,1,2,3,4,5]]",FEASIBLE,FEASIBLE,FEASIBLE,null,0.214789,0.059157,0.003398,False
700590,6,2,"[1,1,1,2,1,2]","[3,1]","[[1],[0,1],[0],[0,1],[0],[0,1]]",UNSAT,UNSAT,UNSAT,"[0, 3]",0.02424,0.062717,0.003949,False
700591,3,6,"[3,1,3]","[3,1,2,3,3,1]","[[0,3,5],[3],[1,2,5]]",UNSAT,UNSAT,UNSAT,"[0, 2]",0.032978,0.055727,0.002998,False
700592,2,7,"[2,3]","[1,1,2,3,3,3,3]","[[1,4],[1,2,4,5]]",FEASIBLE,FEASIBLE,FEASIBLE,null,0.022881,0.037729,0.001813,False
700593,2,4,"[1,1]","[1,2,1,3]","[[0,1,2,3],[3]]",FEASIBLE,FEASIBLE,FEASIBLE,null,0.014938,0.028418,0.0013,False
700594,4,4,"[2,1,2,1]","[2,3,3,1]","[[0,1,2,3],[3],[0,2],[1,3]]",FEASIBLE,FEASIBLE,FEASIBLE,null,0.065986,0.041761,0.001992,False
700595,7,4,"[1,2,2,1,1,1,1]","[2,1,3,1]","[[0],[0,2,3],[2,3],[2],[0,1,3],[0,3],[0]]",UNSAT,UNSAT,UNSAT,"[0, 1, 2, 5]",0.282096,0.08034,0.004441,False
700596,4,3,"[1,1,1,1]","[2,3,2]","[[0],[0,1],[2],[0,1]]",FEASIBLE,FEASIBLE,FEASIBLE,null,0.056076,0.035364,0.001614,False
700597,3,5,"[3,1,1]","[2,2,2,3,1]","[[0,1,2,3,4],[0,1],[1]]",FEASIBLE,FEASIBLE,FEASIBLE,null,0.037322,0.037169,0.001959,False
700598,5,3,"[1,2,1,2,1]","[1,2,2]","[[1],[0,2],[0,1,2],[0,1,2],[2]]",UNSAT,UNSAT,UNSAT,"[1, 3, 4]",0.082696,0.17491,0.003574,False
700599,5,6,"[2,1,2,1,2]","[1,3,3,2,3,3]","[[2,3,4,5],[3],[0,5],[4],[1,2,4,5]]",FEASIBLE,FEASIBLE,FEASIBLE,null,0.197194,0.052429,0.002649,False
700600,7,6,"[2,2,1,1,3,3,2]","[2,2,1,2,3,1]","[[0,4,5],[0,2,3],[0,1,2,4,5],[3],[3,4,5],[0,1,2,3,4,5],[2,4]]",UNSAT,UNSAT,UNSAT,"[1, 3, 4, 6]",0.642468,0.113925,0.006824,False
700601,3,5,"[1,1,1]","[1,1,3,2,1]","[[1,4],[0,3,4],[1,3]]",FEASIBLE,FEASIBLE,FEASIBLE,null,0.039922,0.034543,0.001701,False
700602,6,4,"[2,1,1,1,1,2]","[3,3,1,1]","[[0,3],[2],[1],[1],[2],[0,1,2]]",UNSAT,UNSAT,UNSAT,"[1, 4]",0.059709,0.08999,0.003198,False
700603,2,2,"[2,2]","[3,1]","[[0,1],[0,1]]",UNSAT,UNSAT,UNSAT,"[0, 1]",0.012113,0.045054,0.001949,False
700604,4,2,"[1,1,1,1]","[2,2]","[[0],[1],[0,1],[0,1]]",FEASIBLE,FEASIBLE,FEASIBLE,null,0.054062,0.040108,0.001443,False
700605,1,3,[1],"[3,1,3]",[[2]],FEASIBLE,FEASIBLE,FEASIBLE,null,0.007624,0.019357,0.00083,False
700606,5,3,"[1,1,1,1,2]","[1,3,3]","[[0,1,2],[2],[2],[0,1],[0,1,2]]",FEASIBLE,FEASIBLE,FEASIBLE,null,0.134637,0.055239,0.002023,False
700607,5,5,"[2,3,1,2,3]","[3,2,3,2,1]","[[0,1,2,3,4],[1,2,3,4],[1],[0,1,3],[0,1,2,3,4]]",FEASIBLE,FEASIBLE,FEASIBLE,null,0.203999,0.089609,0.004138,False
700608,7,4,"[1,2,2,1,2,1,1]","[2,2,1,1]","[[0,1],[0,1,2,3],[0,1,2],[0,1,2,3],[0,1],[1,2,3],[0]]",UNSAT,UNSAT,UNSAT,"[0, 1, 2, 4]",0.305884,0.096388,0.005443,False
700609,5,7,"[1,1,3,3,1]","[3,2,1,2,3,1,3]","[[0,1,2,3,4,5,6],[0],[0,1,3,4,5],[1,3,4,5,6],[1,4]]",FEASIBLE,FEASIBLE,FEASIBLE,null,0.235826,0.20178,0.003435,False
700610,7,3,"[1,1,1,2,1,3,1]","[2,1,1]","[[0,1],[2],[0],[1,2],[0,1],[0,1,2],[0]]",UNSAT,UNSAT,UNSAT,"[1, 3]",0.055168,0.080073,0.003968,False
700611,3,6,"[3,3,3]","[3,1,2,1,1,3]","[[0,1,2,3,4,5],[0,1,2,3,4,5],[1,2,3,4,5]]",FEASIBLE,FEASIBLE,FEASIBLE,null,0.046875,0.080134,0.003929,False
700612,3,5,"[3,3,1]","[2,2,3,1,3]","[[0,3,4],[0,1,2],[4]]",FEASIBLE,FEASIBLE,FEASIBLE,null,0.040109,0.043036,0.002058,False
700613,7,5,"[2,1,2,1,1,1,3]","[1,3,3,2,1]","[[0,3],[0,2,4],[1,2,3,4],[0,2,3],[3],[0],[1,2,3,4]]",UNSAT,UNSAT,UNSAT,"[0, 5]",0.063283,0.096395,0.005662,False
700614,5,7,"[1,1,1,2,2]","[3,2,2,3,3,2,2]","[[2,3,4],[1,2,3,4,5,6],[0,2],[0,1,2,4],[4,5,6]]",FEASIBLE,FEASIBLE,FEASIBLE,null,0.243407,0.059006,0.003476,False
700615,3,6,"[1,3,3]","[1,3,2,3,3,2]","[[2,4,5],[0,1,2,3,4,5],[1,4,5]]",FEASIBLE,FEASIBLE,FEASIBLE,null,0.048099,0.048497,0.002454,False
700616,6,7,"[1,3,1,1,3,1]","[3,1,2,1,2,3,1]","[[0,1,2,3,4,5,6],[3,4,6],[0,2,4,5,6],[1,2,6],[2,3,4,5],[0]]",FEASIBLE,FEASIBLE,FEASIBLE,null,0.638586,0.141195,0.004009,False
700617,1,5,[1],"[1,1,2,3,3]",[[0]],FEASIBLE,FEASIBLE,FEASIBLE,null,0.01059,0.021643,0.000916,False
700618,6,6,"[3,3,2,1,2,2]","[1,1,3,3,1,3]","[[0,1,2,3,4,5],[1,2,4,5],[1,2,3,4],[0,1,2,3,4,5],[0,3],[0,1,2,3]]",UNSAT,UNSAT,UNSAT,"[0, 1, 2, 4, 5]",0.635414,0.392595,0.008171,False
700619,3,2,"[2,1,2]","[1,1]","[[0,1],[1],[0,1]]",UNSAT,UNSAT,UNSAT,"[0, 1]",0.01809,0.052859,0.002334,False
700620,2,7,"[1,3]","[3,2,2,2,2,1,2]","[[1,3,6],[0,2,3,4,5,6]]",FEASIBLE,FEASIBLE,FEASIBLE,null,0.029001,0.041877,0.002091,False
700621,2,4,"[1,1]","[2,2,3,1]","[[0],[0,1,2,3]]",FEASIBLE,FEASIBLE,FEASIBLE,null,0.01641,0.030601,0.001401,False
700622,3,1,"[1,1,1]",[2],"[[0],[0],[0]]",UNSAT,UNSAT,UNSAT,"[0, 1, 2]",0.016343,0.037914,0.001827,False
700623,6,6,"[2,2,1,3,1,2]","[1,2,1,2,2,2]","[[1,2,3,4,5],[0,4,5],[4],[1,3,4,5],[0,1,2,3,4,5],[0,1,2,4,5]]",UNSAT,UNSAT,UNSAT,"[0, 1, 2, 3, 4, 5]",0.495548,0.124107,0.006305,False
700624,5,5,"[2,1,2,1,3]","[2,2,2,2,1]","[[1,2],[2,3,4],[0,1,2,3,4],[1],[1,3,4]]",UNSAT,UNSAT,UNSAT,"[0, 3, 4]",0.115776,0.095004,0.004847,False
700625,4,6,"[3,1,1,3]","[2,2,2,2,3,1]","[[1,4,5],[0,1,2,3,4,5],[1,2,3,4,5],[0,2,3,5]]",FEASIBLE,FEASIBLE,FEASIBLE,null,0.101179,0.060182,0.003141,False
700626,7,2,"[1,1,1,1,1,2,1]","[3,3]","[[1],[0,1],[0,1],[0],[0],[0,1],[1]]",UNSAT,UNSAT,UNSAT,"[0, 1, 2, 3, 4, 5]",0.349288,0.069688,0.003778,False
700627,2,6,"[3,3]","[2,3,1,3,2,2]","[[3,4,5],[1,2,3,4]]",FEASIBLE,FEASIBLE,FEASIBLE,null,0.021222,0.042284,0.001887,False
700628,1,1,[1],[2],[[0]],FEASIBLE,FEASIBLE,FEASIBLE,null,0.004149,0.013183,0.000677,False
700629,1,6,[1],"[2,2,2,1,3,1]","[[3,5]]",FEASIBLE,FEASIBLE,FEASIBLE,null,0.007522,0.021076,0.001033,False
700630,7,5,"[1,2,3,2,1,3,1]","[2,3,3,3,3]","[[0],[0,1,2,3],[0,2,3,4],[1,4],[3],[0,1,4],[3]]",FEASIBLE,FEASIBLE,FEASIBLE,null,1.036248,0.099157,0.004241,False
700631,4,2,"[2,1,1,2]","[2,1]","[[0,1],[1],[0,1],[0,1]]",UNSAT,UNSAT,UNSAT,"[0, 1]",0.015793,0.074719,0.002682,False
700632,2,5,"[3,2]","[1,1,2,2,2]","[[0,2,3,4],[0,1,4]]",FEASIBLE,FEASIBLE,FEASIBLE,null,0.019409,0.039218,0.001835,False
700633,2,7,"[2,1]","[2,3,2,2,1,1,3]","[[0,1],[1,4,5,6]]",FEASIBLE,FEASIBLE,FEASIBLE,null,0.023412,0.031979,0.001678,False
700634,7,5,"[2,1,3,1,3,3,1]","[2,2,1,3,2]","[[2,3,4],[0,1,2,3,4],[1,2,3,4],[0,3,4],[1,3,4],[0,2,4],[3]]",UNSAT,UNSAT,UNSAT,"[0, 2, 5]",0.193998,0.10659,0.00591,False
700635,3,7,"[2,3,2]","[1,3,1,3,2,2,3]","[[0,1,3,4,5],[2,3,4,5,6],[0,5]]",FEASIBLE,FEASIBLE,FEASIBLE,null,0.053259,0.067797,0.003254,False
700636,5,4,"[1,1,3,1,1]","[3,1,3,1]","[[1],[3],[0,2,3],[2],[2]]",UNSAT,UNSAT,UNSAT,"[1, 2]",0.045164,0.057141,0.002922,False
700637,1,4,[2],"[3,3,3,1]","[[0,1]]",FEASIBLE,FEASIBLE,FEASIBLE,null,0.00688,0.020647,0.000918,False
700638,1,7,[1],"[1,1,1,2,1,1,1]","[[1,6]]",FEASIBLE,FEASIBLE,FEASIBLE,null,0.008699,0.019633,0.00105,False
700639,3,6,"[1,2,2]","[2,2,1,1,3,2]","[[3,5],[0,1,3,4,5],[4,5]]",FEASIBLE,FEASIBLE,FEASIBLE,null,0.04812,0.042772,0.00207,False
700640,7,1,"[1,1,1,1,1,1,1]",[1],"[[0],[0],[0],[0],[0],[0],[0]]",UNSAT,UNSAT,UNSAT,"[0, 1]",0.016217,0.055904,0.002944,False
700641,1,3,[2],"[3,2,3]","[[0,1,2]]",FEASIBLE,FEASIBLE,FEASIBLE,null,0.005729,0.021092,0.001007,False
700642,6,4,"[2,2,1,1,1,2]","[1,1,3,1]","[[0,1,2,3],[0,2,3],[0,1,2,3],[1],[0],[0,2]]",UNSAT,UNSAT,UNSAT,"[4, 5]",0.21078,0.08146,0.004445,False
700643,4,4,"[2,2,1,3]","[2,2,3,3]","[[0,1,2,3],[0,2],[1],[0,1,2,3]]",FEASIBLE,FEASIBLE,FEASIBLE,null,0.071513,0.065509,0.002749,False
700644,3,1,"[1,1,1]",[3],"[[0],[0],[0]]",FEASIBLE,FEASIBLE,FEASIBLE,null,0.01557,0.024592,0.000988,False
700645,1,7,[2],"[1,1,1,1,1,3,3]","[[0,1,2,3,4,5,6]]",FEASIBLE,FEASIBLE,FEASIBLE,null,0.008894,0.027231,0.001569,False
700646,6,1,"[1,1,1,1,1,1]",[2],"[[0],[0],[0],[0],[0],[0]]",UNSAT,UNSAT,UNSAT,"[0, 1, 2]",0.042578,0.053059,0.002446,False
700647,1,6,[2],"[2,1,3,3,1,2]","[[1,2,3,5]]",FEASIBLE,FEASIBLE,FEASIBLE,null,0.008706,0.025236,0.001257,False
700648,2,3,"[1,2]","[1,1,2]","[[2],[0,1,2]]",FEASIBLE,FEASIBLE,FEASIBLE,null,0.013641,0.026728,0.001331,False
700649,4,4,"[1,3,2,1]","[1,3,3,1]","[[0,1],[0,1,2,3],[0,1],[0,3]]",UNSAT,UNSAT,UNSAT,"[1, 2, 3]",0.068659,0.087629,0.003953,False
700650,3,3,"[1,1,1]","[1,3,3]","[[0],[1],[0]]",UNSAT,UNSAT,UNSAT,"[0, 2]",0.020596,0.042965,0.001953,False
700651,1,6,[1],"[3,2,1,3,1,3]","[[0,1,2,3,5]]",FEASIBLE,FEASIBLE,FEASIBLE,null,0.014559,0.023768,0.001178,False
700652,7,5,"[1,2,3,1,1,1,1]","[3,1,3,2,2]","[[1,2],[0,4],[0,1,2,3,4],[2,3],[1,2,4],[1,2,4],[0]]",FEASIBLE,FEASIBLE,FEASIBLE,null,0.827412,0.075929,0.003539,False
700653,6,3,"[1,1,2,2,1,1]","[1,1,3]","[[0,1,2],[2],[1,2],[1,2],[0,1,2],[0]]",UNSAT,UNSAT,UNSAT,"[2, 3]",0.05889,0.079491,0.003906,False
700654,7,5,"[1,1,1,1,3,2,2]","[2,3,2,2,1]","[[0,4],[3],[1,2],[0,1,2,3,4],[0,2,3],[0,1,2,3,4],[0,2,4]]",UNSAT,UNSAT,UNSAT,"[0, 1, 4, 5, 6]",0.690101,0.436693,0.006937,False
700655,2,6,"[3,1]","[1,3,3,3,3,2]","[[0,1,2,4,5],[3]]",FEASIBLE,FEASIBLE,FEASIBLE,null,0.02822,0.045473,0.001531,False
700656,1,1,[1],[3],[[0]],FEASIBLE,FEASIBLE,FEASIBLE,null,0.005729,0.017386,0.000651,False
700657,1,3,[2],"[2,1,1]","[[0,1,2]]",FEASIBLE,FEASIBLE,FEASIBLE,null,0.007735,0.026686,0.000961,False
700658,2,5,"[2,3]","[1,3,2,1,1]","[[0,1,2,3,4],[1,2,3,4]]",FEASIBLE,FEASIBLE,FEASIBLE,null,0.023003,0.044668,0.001989,False
700659,7,4,"[3,2,2,1,3,1,1]","[2,3,2,2]","[[0,1,2,3],[1,2],[1,2],[0,2],[0,1,2,3],[1,2,3],[2]]",UNSAT,UNSAT,UNSAT,"[1, 2, 6]",0.446334,0.135386,0.005227,False
700660,7,4,"[1,2,1,2,1,2,1]","[1,3,2,1]","[[0,1,3],[2,3],[3],[0,1,2,3],[1,2],[0,2],[2]]",UNSAT,UNSAT,UNSAT,"[1, 2]",0.081983,0.143997,0.005475,False
700661,2,7,"[2,2]","[2,2,1,3,2,2,3]","[[1,3,5],[0,1,2,6]]",FEASIBLE,FEASIBLE,FEASIBLE,null,0.034308,0.047842,0.001782,False
700662,1,7,[1],"[1,3,2,1,1,3,1]","[[1,2,3,5,6]]",FEASIBLE,FEASIBLE,FEASIBLE,null,0.012269,0.029026,0.001253,False
700663,7,6,"[2,2,2,3,1,3,1]","[1,1,2,3,3,3]","[[0,5],[0,4],[0,2,3,4,5],[1,3,4,5],[0],[1,2,3,4,5],[0,2,5]]",UNSAT,UNSAT,UNSAT,"[0, 1]",0.058634,0.126766,0.005223,False
700664,5,1,"[1,1,1,1,1]",[2],"[[0],[0],[0],[0],[0]]",UNSAT,UNSAT,UNSAT,"[0, 1, 2]",0.038596,0.067961,0.002275,False
700665,6,7,"[1,1,2,2,3,1]","[1,3,1,2,2,3,2]","[[1,2,4,5,6],[4],[0,1,2,3,4,5,6],[0,1,2,3,5,6],[0,2,5,6],[0,1,2,3,4,5,6]]",FEASIBLE,FEASIBLE,FEASIBLE,null,0.6744,0.416577,0.00664,False
700666,2,5,"[1,3]","[2,2,2,2,2]","[[0,3],[0,1,2,3,4]]",FEASIBLE,FEASIBLE,FEASIBLE,null,0.049575,0.047416,0.001811,False
700667,2,7,"[1,2]","[3,1,3,3,3,3,1]","[[1],[0,3,5]]",FEASIBLE,FEASIBLE,FEASIBLE,null,0.032253,0.037475,0.001361,False
700668,7,3,"[1,1,2,2,2,1,1]","[1,3,2]","[[0,2],[0],[0,2],[1,2],[1,2],[1,2],[1]]",UNSAT,UNSAT,UNSAT,"[1, 2]",0.066802,0.100262,0.004248,False
700669,4,5,"[1,3,2,1]","[1,2,3,3,2]","[[4],[0,1,4],[1,3],[0,1,2,3,4]]",FEASIBLE,FEASIBLE,FEASIBLE,null,0.11272,0.077271,0.002422,False
700670,7,4,"[2,3,1,3,2,3,1]","[2,3,1,2]","[[0,1,2,3],[0,1,2,3],[0,1,2,3],[0,1,2,3],[0,1,2,3],[0,1,2,3],[1]]",UNSAT,UNSAT,UNSAT,"[1, 3, 5]",0.283745,0.142785,0.006133,False
700671,5,2,"[1,1,2,1,2]","[2,3]","[[1],[0,1],[0,1],[0],[0,1]]",UNSAT,UNSAT,UNSAT,"[2, 3, 4]",0.129292,0.075787,0.003076,False
700672,7,7,"[2,1,3,2,1,3,2]","[2,1,1,3,3,3,3]","[[5,6],[2],[0,1,3,4,5,6],[3,4,6],[0,2,3,4,6],[0,1,2,4,5,6],[3,4]]",FEASIBLE,FEASIBLE,FEASIBLE,null,1.183085,0.105538,0.004494,False
700673,6,5,"[1,1,1,3,2,2]","[3,1,1,3,3]","[[0],[2,4],[1,4],[0,1,2,3,4],[1,3,4],[0,1,2,3,4]]",FEASIBLE,FEASIBLE,FEASIBLE,null,0.418909,0.223977,0.003321,False
700674,2,7,"[1,1]","[2,3,3,1,2,2,1]","[[0,1,3],[0,3,4,5]]",FEASIBLE,FEASIBLE,FEASIBLE,null,0.025404,0.032187,0.001637,False
700675,4,7,"[3,1,2,1]","[2,3,2,2,3,2,1]","[[0,1,2,3,4,5,6],[0,1,2,5],[2,4],[0,1,5]]",FEASIBLE,FEASIBLE,FEASIBLE,null,0.122691,0.060761,0.003062,False
700676,1,3,[2],"[3,3,3]","[[0,1]]",FEASIBLE,FEASIBLE,FEASIBLE,null,0.007691,0.023829,0.000819,False
700677,5,1,"[1,1,1,1,1]",[3],"[[0],[0],[0],[0],[0]]",UNSAT,UNSAT,UNSAT,"[0, 1, 2, 3]",0.053545,0.054203,0.00218,False
700678,5,7,"[1,1,1,2,2]","[2,3,1,2,1,1,1]","[[3,4,6],[6],[0,2,4,6],[0,1,2,3,4,5],[0,6]]",UNSAT,UNSAT,UNSAT,"[1, 4]",0.091831,0.099244,0.004697,False
700679,2,1,"[1,1]",[3],"[[0],[0]]",FEASIBLE,FEASIBLE,FEASIBLE,null,0.009314,0.022073,0.000842,False
700680,5,6,"[1,3,1,2,1]","[2,2,2,2,3,1]","[[5],[0,2,3,4,5],[5],[0,1,5],[0,2,3,4,5]]",UNSAT,UNSAT,UNSAT,"[0, 2]",0.045828,0.084961,0.003735,False
700681,5,6,"[1,3,1,2,1]","[1,2,1,2,3,3]","[[5],[0,1,2],[2,3,4,5],[1,2,3,4,5],[0,1,2,4,5]]",FEASIBLE,FEASIBLE,FEASIBLE,null,0.224855,0.071943,0.003466,False
700682,4,2,"[1,1,1,2]","[1,1]","[[1],[1],[1],[0,1]]",UNSAT,UNSAT,UNSAT,"[0, 1]",0.016581,0.049136,0.002353,False
700683,3,3,"[1,1,2]","[2,1,2]","[[2],[0],[0,1,2]]",FEASIBLE,FEASIBLE,FEASIBLE,null,0.029988,0.034399,0.001433,False
700684,6,1,"[1,1,1,1,1,1]",[2],"[[0],[0],[0],[0],[0],[0]]",UNSAT,UNSAT,UNSAT,"[0, 1, 2]",0.042627,0.058433,0.002234,False
700685,7,7,"[1,3,1,2,2,3,2]","[2,1,1,2,3,3,2]","[[0,1,2,3,4,5,6],[0,2,3,5,6],[0,2,3,6],[0,3,4],[4,5,6],[0,2,3,4,5,6],[0,1,2,3,4,5,6]]",FEASIBLE,FEASIBLE,FEASIBLE,null,1.389469,0.406316,0.007155,False
700686,6,4,"[2,1,3,3,1,1]","[1,3,1,1]","[[1,3],[1],[0,1,2,3],[1,2,3],[0,2,3],[2]]",UNSAT,UNSAT,UNSAT,"[0, 3]",0.060928,0.096275,0.004493,False
700687,7,5,"[3,1,1,3,1,2,1]","[1,3,2,2,3]","[[0,1,2,3,4],[3],[3],[0,1,2,3,4],[0,2,3,4],[0,1,2,3,4],[0,2]]",UNSAT,UNSAT,UNSAT,"[0, 1, 2, 3, 4, 5, 6]",0.849199,0.137008,0.005838,False
700688,2,2,"[1,2]","[3,2]","[[0],[0,1]]",FEASIBLE,FEASIBLE,FEASIBLE,null,0.012559,0.027522,0.001059,False
700689,5,7,"[3,3,2,3,2]","[1,2,2,3,3,3,1]","[[0,1,2,3,4,5,6],[0,4,6],[0,3,4,5,6],[0,1,3,4,5,6],[0,1,2,3,4,5,6]]",FEASIBLE,FEASIBLE,FEASIBLE,null,0.256629,0.130481,0.005526,False
700690,3,7,"[1,3,3]","[1,2,2,3,2,2,1]","[[5],[3,4,5,6],[2,3,4,5,6]]",FEASIBLE,FEASIBLE,FEASIBLE,null,0.057097,0.050616,0.002337,False
700691,1,4,[2],"[3,3,3,2]","[[0,1,2,3]]",FEASIBLE,FEASIBLE,FEASIBLE,null,0.007186,0.023615,0.001123,False
700692,3,5,"[1,1,1]","[1,3,2,1,3]","[[0,1,2,3,4],[0,1,3],[0,1,2,3,4]]",FEASIBLE,FEASIBLE,FEASIBLE,null,0.042705,0.04195,0.002169,False
700693,1,7,[1],"[1,1,3,3,3,2,3]",[[3]],FEASIBLE,FEASIBLE,FEASIBLE,null,0.009346,0.024003,0.000892,False
700694,6,6,"[1,1,2,2,1,2]","[1,3,3,2,2,3]","[[0,3,4],[2,4],[0,1,2,3,4,5],[0,2],[1,4],[0,1,3,4,5]]",FEASIBLE,FEASIBLE,FEASIBLE,null,0.475644,0.213249,0.004342,False
700695,3,2,"[2,1,2]","[3,3]","[[0,1],[1],[0,1]]",FEASIBLE,FEASIBLE,FEASIBLE,null,0.024671,0.035806,0.001382,False
700696,2,7,"[2,2]","[3,1,3,1,2,3,1]","[[0,2,3,4],[0,1,3,5]]",FEASIBLE,FEASIBLE,FEASIBLE,null,0.025314,0.038017,0.001878,False
700697,5,6,"[1,1,3,3,2]","[3,3,2,3,1,3]","[[0,1,3,4],[5],[0,2,3,4,5],[1,2,3,5],[1,2,3]]",FEASIBLE,FEASIBLE,FEASIBLE,null,0.223774,0.070613,0.003217,False
700698,7,4,"[2,1,2,2,3,1,1]","[2,1,2,3]","[[0,1,2,3],[0,2,3],[0,1,2,3],[0,1,2,3],[0,1,2,3],[0,1,2,3],[1,3]]",UNSAT,UNSAT,UNSAT,"[0, 2, 3, 4]",0.3674,0.117847,0.005599,False
700699,3,4,"[1,2,2]","[1,3,3,2]","[[2],[2,3],[0,2]]",FEASIBLE,FEASIBLE,FEASIBLE,null,0.036565,0.037992,0.00154,False
700700,4,1,"[1,1,1,1]",[1],"[[0],[0],[0],[0]]",UNSAT,UNSAT,UNSAT,"[0, 1]",0.012041,0.042929,0.00188,False
700701,4,6,"[1,1,1,1]","[1,2,3,3,2,3]","[[0,1,3,4,5],[0,1,2,3,4,5],[0,2,3,4],[0,5]]",FEASIBLE,FEASIBLE,FEASIBLE,null,0.104794,0.070878,0.00283,False
700702,3,4,"[2,1,3]","[3,2,1,2]","[[0,1,2],[2],[0,1,3]]",FEASIBLE,FEASIBLE,FEASIBLE,null,0.037409,0.043319,0.001817,False
700703,1,6,[1],"[2,1,1,3,3,3]",[[0]],FEASIBLE,FEASIBLE,FEASIBLE,null,0.008547,0.018668,0.000831,False
700704,7,6,"[1,3,1,1,1,1,1]","[1,2,1,3,3,3]","[[1],[0,1,5],[5],[3,5],[1,5],[2,3],[0,2]]",FEASIBLE,FEASIBLE,FEASIBLE,null,0.945277,0.097462,0.003843,False
700705,6,5,"[1,1,1,2,2,1]","[3,3,1,3,3]","[[1],[0,1,2,3,4],[4],[0,1,2,3],[0,1,3],[0,1,2,3,4]]",FEASIBLE,FEASIBLE,FEASIBLE,null,0.392109,0.210735,0.003179,False
700706,1,3,[2],"[2,1,2]","[[0,1,2]]",FEASIBLE,FEASIBLE,FEASIBLE,null,0.007012,0.023854,0.000884,False
700707,2,4,"[1,1]","[3,2,2,1]","[[0,3],[0,1,2,3]]",FEASIBLE,FEASIBLE,FEASIBLE,null,0.017815,0.028337,0.001322,False
700708,4,4,"[1,2,1,2]","[3,3,1,2]","[[0,1,2,3],[0,3],[2],[0,1,2,3]]",FEASIBLE,FEASIBLE,FEASIBLE,null,0.07648,0.048979,0.002064,False
700709,4,1,"[1,1,1,1]",[1],"[[0],[0],[0],[0]]",UNSAT,UNSAT,UNSAT,"[0, 1]",0.012297,0.043613,0.001703,False
700710,4,6,"[1,2,1,1]","[1,1,1,1,2,2]","[[0,1,2,3,4],[0,1,2,3,4,5],[1],[1]]",UNSAT,UNSAT,UNSAT,"[2, 3]",0.065912,0.08601,0.003802,False
700711,1,5,[1],"[2,3,2,2,1]",[[2]],FEASIBLE,FEASIBLE,FEASIBLE,null,0.008129,0.020041,0.000839,False
700712,5,4,"[1,3,3,2,1]","[3,2,1,1]","[[0,1,3],[0,1,2,3],[0,1,2,3],[0,2,3],[0]]",UNSAT,UNSAT,UNSAT,"[1, 2, 3]",0.109732,0.089442,0.004127,False
700713,7,2,"[1,2,2,1,1,1,1]","[3,2]","[[1],[0,1],[0,1],[1],[0],[0],[0,1]]",UNSAT,UNSAT,UNSAT,"[0, 1, 2]",0.084364,0.078102,0.003352,False
700714,2,6,"[1,3]","[1,3,2,1,3,3]","[[1,5],[0,2,3,5]]",FEASIBLE,FEASIBLE,FEASIBLE,null,0.023156,0.037647,0.001564,False
700715,2,7,"[2,3]","[2,3,1,3,1,3,1]","[[0,1,5,6],[0,1,2,3,4,5,6]]",FEASIBLE,FEASIBLE,FEASIBLE,null,0.025586,0.045596,0.002154,False
700716,5,5,"[1,2,2,1,3]","[1,2,3,2,3]","[[0],[0,1,2,3,4],[0,1,2,3],[0,1,2,3,4],[1,2,3,4]]",FEASIBLE,FEASIBLE,FEASIBLE,null,0.192174,0.093927,0.004079,False
700717,1,5,[2],"[2,3,2,3,2]","[[0,1,3]]",FEASIBLE,FEASIBLE,FEASIBLE,null,0.007691,0.205101,0.001027,False
700718,7,6,"[1,1,3,2,1,1,1]","[2,1,2,1,2,2]","[[4],[1,4],[0,1,2,3,4,5],[1,3,4],[0,1,2,4,5],[5],[0]]",FEASIBLE,FEASIBLE,FEASIBLE,null,1.041836,0.120155,0.004666,False
700719,1,5,[1],"[3,2,1,2,1]","[[0,1,2,3,4]]",FEASIBLE,FEASIBLE,FEASIBLE,null,0.008434,0.024269,0.001122,False
700720,1,7,[2],"[3,2,3,3,1,1,3]","[[0,2,3,4,5,6]]",FEASIBLE,FEASIBLE,FEASIBLE,null,0.010009,0.028962,0.001291,False
700721,7,1,"[1,1,1,1,1,1,1]",[1],"[[0],[0],[0],[0],[0],[0],[0]]",UNSAT,UNSAT,UNSAT,"[0, 1]",0.017973,0.062336,0.002422,False
700722,5,1,"[1,1,1,1,1]",[3],"[[0],[0],[0],[0],[0]]",UNSAT,UNSAT,UNSAT,"[0, 1, 2, 3]",0.055064,0.052794,0.001915,False
700723,6,6,"[3,1,2,1,1,1]","[1,3,1,3,3,3]","[[0,1,2],[2],[0,1,2,3,4],[0,3,4,5],[1,2,3,4,5],[1,2,3,4,5]]",UNSAT,UNSAT,UNSAT,"[0, 1]",0.047857,0.094598,0.004561,False
700724,4,5,"[1,1,3,1]","[2,3,1,3,1]","[[1,4],[1],[0,1,2],[0,1,2,3,4]]",FEASIBLE,FEASIBLE,FEASIBLE,null,0.093316,0.052331,0.002166,False
700725,2,5,"[1,1]","[3,1,3,3,1]","[[0,1,2,3,4],[2]]",FEASIBLE,FEASIBLE,FEASIBLE,null,0.020204,0.03109,0.001448,False
700726,3,1,"[1,1,1]",[3],"[[0],[0],[0]]",FEASIBLE,FEASIBLE,FEASIBLE,null,0.017232,0.026794,0.000898,False
700727,2,5,"[2,1]","[2,1,2,2,2]","[[3,4],[0,1,2,4]]",FEASIBLE,FEASIBLE,FEASIBLE,null,0.019703,0.031777,0.001491,False
700728,2,3,"[2,1]","[1,2,3]","[[0,1],[0,1,2]]",FEASIBLE,FEASIBLE,FEASIBLE,null,0.014493,0.033259,0.00133,False
700729,4,2,"[2,1,2,1]","[3,3]","[[0,1],[1],[0,1],[1]]",UNSAT,UNSAT,UNSAT,"[0, 1, 2, 3]",0.048672,0.059996,0.002464,False
700730,4,5,"[1,3,2,1]","[1,2,1,3,1]","[[0,4],[0,2,4],[0,2,3,4],[4]]",UNSAT,UNSAT,UNSAT,"[0, 1]",0.162114,0.072494,0.004274,False
700731,5,5,"[1,2,1,2,1]","[3,1,2,1,3]","[[1],[0,1,3,4],[4],[1,4],[1,2]]",UNSAT,UNSAT,UNSAT,"[0, 3]",0.048013,0.070153,0.003084,False
700732,5,7,"[3,1,2,1,1]","[1,1,3,1,2,2,2]","[[2,3,5,6],[1,3,4,5,6],[0,1],[6],[3,4,6]]",FEASIBLE,FEASIBLE,FEASIBLE,null,0.264413,0.09128,0.004077,False
700733,1,1,[1],[2],[[0]],FEASIBLE,FEASIBLE,FEASIBLE,null,0.004402,0.014517,0.000643,False
700734,5,1,"[1,1,1,1,1]",[1],"[[0],[0],[0],[0],[0]]",UNSAT,UNSAT,UNSAT,"[0, 1]",0.014208,0.050366,0.001886,False
700735,4,4,"[1,2,3,3]","[1,2,1,3]","[[1],[0,1,2,3],[0,1,2,3],[1,2,3]]",UNSAT,UNSAT,UNSAT,"[0, 2, 3]",0.067105,0.114532,0.004267,False
700736,2,3,"[2,1]","[2,3,2]","[[0,1,2],[0,1]]",FEASIBLE,FEASIBLE,FEASIBLE,null,0.015471,0.032025,0.001172,False
700737,7,4,"[1,2,2,1,3,1,1]","[1,1,3,2]","[[1,2,3],[0,1,2,3],[0,2],[0],[1,2,3],[3],[0]]",UNSAT,UNSAT,UNSAT,"[2, 3]",0.090959,0.095984,0.00471,False
700738,7,1,"[1,1,1,1,1,1,1]",[2],"[[0],[0],[0],[0],[0],[0],[0]]",UNSAT,UNSAT,UNSAT,"[0, 1, 2]",0.057366,0.062738,0.004111,False
700739,5,3,"[2,2,2,1,1]","[2,3,3]","[[0,1],[1,2],[1,2],[0,1,2],[1]]",UNSAT,UNSAT,UNSAT,"[0, 1, 2, 4]",0.111146,0.071654,0.003304,False
700740,6,4,"[1,1,3,1,3,3]","[1,2,1,2]","[[0,1,2,3],[1,2,3],[0,1,2,3],[0],[1,2,3],[0,2,3]]",UNSAT,UNSAT,UNSAT,"[2, 5]",0.086642,0.095957,0.004931,False
700741,2,3,"[1,1]","[1,1,3]","[[0],[2]]",FEASIBLE,FEASIBLE,FEASIBLE,null,0.014593,0.15368,0.001035,False
700742,3,3,"[3,1,1]","[3,2,3]","[[0,1,2],[2],[1]]",FEASIBLE,FEASIBLE,FEASIBLE,null,0.047428,0.057712,0.001425,False
700743,7,4,"[1,2,1,1,1,1,1]","[2,1,1,2]","[[2],[0,3],[2],[1],[0,1,3],[0,1,3],[0,1,3]]",UNSAT,UNSAT,UNSAT,"[0, 2]",0.052907,0.11532,0.004456,False
700744,1,2,[2],"[1,1]","[[0,1]]",FEASIBLE,FEASIBLE,FEASIBLE,null,0.007693,0.027776,0.000851,False
700745,1,1,[1],[1],[[0]],FEASIBLE,FEASIBLE,FEASIBLE,null,0.005492,0.018684,0.000607,False
700746,1,6,[3],"[3,2,1,3,2,1]","[[0,1,2,3,4,5]]",FEASIBLE,FEASIBLE,FEASIBLE,null,0.015103,0.0419,0.001289,False
700747,6,2,"[1,1,1,2,1,2]","[3,1]","[[1],[0],[0,1],[0,1],[0,1],[0,1]]",UNSAT,UNSAT,UNSAT,"[0, 3]",0.03694,0.092501,0.003253,False
700748,4,2,"[1,2,1,1]","[1,2]","[[0],[0,1],[1],[0,1]]",UNSAT,UNSAT,UNSAT,"[0, 1]",0.02103,0.091842,0.002342,False
700749,1,4,[1],"[3,1,2,2]","[[0,1,2,3]]",FEASIBLE,FEASIBLE,FEASIBLE,null,0.009618,0.036761,0.001042,False
700750,5,2,"[1,2,1,1,2]","[2,3]","[[0,1],[0,1],[0,1],[1],[0,1]]",UNSAT,UNSAT,UNSAT,"[0, 1, 2, 4]",0.105019,0.085762,0.005603,False
700751,7,5,"[2,2,1,1,2,3,1]","[1,3,2,3,3]","[[3,4],[0,1,2,3],[3],[4],[0,2],[0,1,2,3,4],[1]]",FEASIBLE,FEASIBLE,FEASIBLE,null,1.255046,0.113262,0.005226,False
700752,4,7,"[3,2,3,1]","[2,1,1,1,2,3,1]","[[3,4,5,6],[0,1,2,3,4,5,6],[0,4,5],[0,1,3,4,5,6]]",FEASIBLE,FEASIBLE,FEASIBLE,null,0.126752,0.077962,0.003998,False
700753,7,1,"[1,1,1,1,1,1,1]",[1],"[[0],[0],[0],[0],[0],[0],[0]]",UNSAT,UNSAT,UNSAT,"[0, 1]",0.017936,0.066656,0.003425,False
700754,5,5,"[1,1,3,3,1]","[1,2,3,2,1]","[[2],[0,2],[0,1,2,3,4],[1,2,3],[1,2,3]]",FEASIBLE,FEASIBLE,FEASIBLE,null,0.222034,0.089719,0.003911,False
700755,5,1,"[1,1,1,1,1]",[3],"[[0],[0],[0],[0],[0]]",UNSAT,UNSAT,UNSAT,"[0, 1, 2, 3]",0.055993,0.053698,0.002629,False
700756,3,3,"[2,3,1]","[1,2,3]","[[0,1],[0,1,2],[2]]",UNSAT,UNSAT,UNSAT,"[0, 1]",0.018457,0.05505,0.002684,False
700757,1,1,[1],[1],[[0]],FEASIBLE,FEASIBLE,FEASIBLE,null,0.004624,0.015687,0.000758,False
700758,4,2,"[2,1,1,1]","[2,2]","[[0,1],[0,1],[1],[0,1]]",UNSAT,UNSAT,UNSAT,"[0, 1, 2, 3]",0.04978,0.05834,0.002821,False
700759,1,4,[1],"[2,2,3,3]","[[0,1,2,3]]",FEASIBLE,FEASIBLE,FEASIBLE,null,0.007277,0.021286,0.001368,False
700760,7,7,"[2,1,3,3,1,1,1]","[3,1,2,1,1,3,2]","[[1,2,3,4,5,6],[3],[0,1,2,3,4,5,6],[0,1,2,3,4,5,6],[3],[2],[3]]",UNSAT,UNSAT,UNSAT,"[1, 4]",0.119117,0.136234,0.00681,False
700761,5,5,"[2,2,1,1,2]","[2,2,1,2,3]","[[0,1,3],[1,2,3,4],[0,1,2,3,4],[2,4],[2,4]]",FEASIBLE,FEASIBLE,FEASIBLE,null,0.188526,0.078541,0.003827,False
700762,4,3,"[1,2,2,2]","[1,3,3]","[[0,2],[0,1,2],[0,1,2],[1,2]]",FEASIBLE,FEASIBLE,FEASIBLE,null,0.062134,0.051877,0.002019,False
700763,2,7,"[3,3]","[3,1,3,1,3,3,1]","[[0,1,2,3,4,5,6],[1,2,4,5,6]]",FEASIBLE,FEASIBLE,FEASIBLE,null,0.025961,0.050138,0.002483,False
700764,2,3,"[1,1]","[2,3,2]","[[0,1,2],[2]]",FEASIBLE,FEASIBLE,FEASIBLE,null,0.014336,0.024777,0.001341,False
700765,1,2,[1],"[1,2]",[[1]],FEASIBLE,FEASIBLE,FEASIBLE,null,0.005207,0.018988,0.000749,False
700766,4,4,"[1,1,1,3]","[1,2,2,1]","[[0,1,2,3],[2],[0,2],[0,1,2,3]]",FEASIBLE,FEASIBLE,FEASIBLE,null,0.107369,0.192154,0.002859,False
700767,5,2,"[1,1,1,1,1]","[3,3]","[[0,1],[0],[0,1],[0],[0,1]]",FEASIBLE,FEASIBLE,FEASIBLE,null,0.098574,0.058075,0.002362,False
700768,4,5,"[3,1,1,2]","[2,3,2,3,1]","[[0,1,2,3,4],[0,1,2,3,4],[1,3,4],[0,1,2,3]]",FEASIBLE,FEASIBLE,FEASIBLE,null,0.093381,0.059137,0.003014,False
700769,7,3,"[1,2,1,2,1,2,1]","[3,1,2]","[[2],[0,1],[2],[1,2],[1,2],[0,1,2],[0,1,2]]",UNSAT,UNSAT,UNSAT,"[1, 3]",0.056901,0.086018,0.004575,False
700770,3,2,"[1,1,2]","[3,1]","[[0,1],[1],[0,1]]",UNSAT,UNSAT,UNSAT,"[1, 2]",0.021274,0.045607,0.001973,False
700771,1,7,[1],"[2,1,3,2,3,1,2]",[[4]],FEASIBLE,FEASIBLE,FEASIBLE,null,0.009373,0.020667,0.001003,False
700772,1,4,[1],"[2,2,1,1]",[[1]],FEASIBLE,FEASIBLE,FEASIBLE,null,0.006295,0.016708,0.00074,False
700773,4,3,"[2,1,1,2]","[3,3,2]","[[1,2],[0],[1,2],[1,2]]",FEASIBLE,FEASIBLE,FEASIBLE,null,0.060553,0.04303,0.001835,False
700774,4,6,"[2,3,1,2]","[3,2,1,1,1,2]","[[0,2,3,5],[1,2,4,5],[5],[0,2,3,5]]",FEASIBLE,FEASIBLE,FEASIBLE,null,0.105166,0.06033,0.002653,False
700775,2,2,"[1,1]","[3,2]","[[0,1],[0]]",FEASIBLE,FEASIBLE,FEASIBLE,null,0.011327,0.022449,0.001082,False
700776,5,3,"[1,3,1,3,1]","[1,3,1]","[[1],[0,1,2],[1],[0,1,2],[0]]",UNSAT,UNSAT,UNSAT,"[1, 3]",0.041273,0.068476,0.003543,False
700777,3,7,"[2,2,1]","[3,2,2,3,1,3,2]","[[0,1,3,4],[1,3,4,5,6],[0,2,3,4,5,6]]",FEASIBLE,FEASIBLE,FEASIBLE,null,0.056237,0.053711,0.002973,False
700778,5,6,"[1,2,1,1,2]","[2,2,2,2,2,3]","[[0,2,3,5],[0,3,5],[0],[0,1,2,3,4,5],[0,1,2,3,4,5]]",FEASIBLE,FEASIBLE,FEASIBLE,null,0.224041,0.210617,0.00431,False
700779,4,2,"[1,1,2,2]","[2,3]","[[1],[1],[0,1],[0,1]]",UNSAT,UNSAT,UNSAT,"[0, 1, 2, 3]",0.048082,0.056668,0.002605,False
700780,7,7,"[1,2,3,1,1,3,2]","[1,1,2,2,3,3,2]","[[1],[1,6],[0,1,2,3,6],[6],[0,1,3,6],[0,1,2,3,4,5,6],[2,4]]",UNSAT,UNSAT,UNSAT,"[0, 1]",0.059803,0.304495,0.007074,False
700781,7,1,"[1,1,1,1,1,1,1]",[1],"[[0],[0],[0],[0],[0],[0],[0]]",UNSAT,UNSAT,UNSAT,"[0, 1]",0.017894,0.061455,0.002854,False
700782,1,1,[1],[1],[[0]],FEASIBLE,FEASIBLE,FEASIBLE,null,0.004416,0.015918,0.000653,False
700783,5,6,"[2,2,1,1,1]","[2,2,3,3,1,3]","[[0,1,2,3,5],[0,2,4],[0,2,3,5],[0],[2]]",FEASIBLE,FEASIBLE,FEASIBLE,null,0.376916,0.186184,0.003654,False
700784,4,7,"[3,1,1,1]","[3,1,3,2,2,1,1]","[[0,1,2,3,4,6],[0,2,4,5],[0,1,2,3,4,5,6],[3]]",FEASIBLE,FEASIBLE,FEASIBLE,null,0.146163,0.060854,0.003019,False
700785,3,5,"[3,3,2]","[1,3,2,3,2]","[[0,1,3,4],[0,1,2,3,4],[2,3]]",FEASIBLE,FEASIBLE,FEASIBLE,null,0.043163,0.062196,0.002323,False
700786,2,2,"[1,1]","[2,1]","[[0,1],[0]]",FEASIBLE,FEASIBLE,FEASIBLE,null,0.012111,0.023758,0.001031,False
700787,3,3,"[3,1,3]","[1,1,3]","[[0,1,2],[0,1,2],[0,1,2]]",UNSAT,UNSAT,UNSAT,"[0, 2]",0.020026,0.068224,0.002786,False
700788,4,3,"[1,2,3,2]","[3,3,1]","[[0],[0,1,2],[0,1,2],[0,2]]",UNSAT,UNSAT,UNSAT,"[2, 3]",0.039824,0.06867,0.003047,False
700789,1,2,[1],"[3,1]","[[0,1]]",FEASIBLE,FEASIBLE,FEASIBLE,null,0.005167,0.020635,0.000779,False
700790,3,2,"[1,1,2]","[3,3]","[[1],[1],[0,1]]",FEASIBLE,FEASIBLE,FEASIBLE,null,0.023853,0.032435,0.001399,False
700791,7,4,"[2,1,1,1,1,1,1]","[1,2,1,1]","[[2,3],[1],[3],[0,3],[2],[1,3],[3]]",UNSAT,UNSAT,UNSAT,"[0, 2]",0.042611,0.073434,0.003489,False
700792,5,3,"[1,1,1,1,1]","[1,3,2]","[[0,1,2],[2],[0,1,2],[0,2],[0,2]]",FEASIBLE,FEASIBLE,FEASIBLE,null,0.126193,0.065573,0.002593,False
700793,4,5,"[1,2,2,2]","[3,1,2,3,2]","[[1,2,3],[0,1,2,3,4],[0,1,2,3,4],[3,4]]",FEASIBLE,FEASIBLE,FEASIBLE,null,0.090788,0.058593,0.002936,False
700794,3,4,"[2,2,2]","[2,3,2,3]","[[0,1,2],[0,3],[0,1]]",FEASIBLE,FEASIBLE,FEASIBLE,null,0.036856,0.054641,0.002204,False
700795,1,1,[1],[3],[[0]],FEASIBLE,FEASIBLE,FEASIBLE,null,0.004306,0.015023,0.000591,False
700796,2,3,"[2,3]","[1,1,1]","[[1,2],[0,1,2]]",UNSAT,UNSAT,UNSAT,"[0, 1]",0.014278,0.045892,0.002266,False
700797,1,1,[1],[2],[[0]],FEASIBLE,FEASIBLE,FEASIBLE,null,0.004311,0.015009,0.000536,False
700798,5,7,"[2,1,3,3,1]","[3,3,1,2,3,3,3]","[[1,5],[5],[0,1,2,5,6],[1,2,3,5,6],[5,6]]",FEASIBLE,FEASIBLE,FEASIBLE,null,0.251132,0.072644,0.003238,False
700799,6,1,"[1,1,1,1,1,1]",[3],"[[0],[0],[0],[0],[0],[0]]",UNSAT,UNSAT,UNSAT,"[0, 1, 2, 3]",0.082208,0.058135,0.002545,False
700800,5,5,"[2,1,2,1,1]","[1,2,3,1,3]","[[0,1],[0,1],[0,2,3,4],[0,1],[4]]",UNSAT,UNSAT,UNSAT,"[0, 1, 3]",0.096323,0.07216,0.003463,False
700801,2,1,"[1,1]",[2],"[[0],[0]]",FEASIBLE,FEASIBLE,FEASIBLE,null,0.009005,0.021601,0.000855,False
700802,6,6,"[1,1,3,1,3,3]","[2,3,2,3,3,3]","[[1],[0,3,4,5],[1,2,4],[3],[0,1,2,3,4,5],[0,1,2,3,4,5]]",FEASIBLE,FEASIBLE,FEASIBLE,null,0.454849,0.285651,0.003774,False
700803,5,4,"[1,1,1,1,1]","[3,3,2,2]","[[0],[0,1,2,3],[1,2,3],[1],[3]]",FEASIBLE,FEASIBLE,FEASIBLE,null,0.159406,0.046398,0.001975,False
700804,1,2,[2],"[3,3]","[[0,1]]",FEASIBLE,FEASIBLE,FEASIBLE,null,0.005279,0.038738,0.000802,False
700805,4,3,"[1,1,1,2]","[2,1,2]","[[1,2],[1],[0,2],[0,1,2]]",FEASIBLE,FEASIBLE,FEASIBLE,null,0.063976,0.054882,0.002314,False
700806,2,1,"[1,1]",[1],"[[0],[0]]",UNSAT,UNSAT,UNSAT,"[0, 1]",0.008893,0.0313,0.001288,False
700807,4,5,"[1,2,1,2]","[1,2,1,3,1]","[[0,1,3],[1,2,3,4],[0,1,3,4],[0,1,2,3,4]]",FEASIBLE,FEASIBLE,FEASIBLE,null,0.08763,0.057412,0.002984,False
700808,3,3,"[3,1,2]","[1,2,3]","[[0,1,2],[1,2],[0,2]]",UNSAT,UNSAT,UNSAT,"[0, 2]",0.020227,0.051206,0.002201,False
700809,3,5,"[1,1,3]","[1,2,3,3,2]","[[2,4],[3],[0,1,2,3,4]]",FEASIBLE,FEASIBLE,FEASIBLE,null,0.040911,0.03993,0.002027,False
700810,2,5,"[1,1]","[3,2,1,3,2]","[[0,1,4],[0]]",FEASIBLE,FEASIBLE,FEASIBLE,null,0.018908,0.025619,0.001364,False
700811,2,5,"[1,1]","[3,2,1,2,1]","[[0,1,2,3,4],[0,2,3,4]]",FEASIBLE,FEASIBLE,FEASIBLE,null,0.01899,0.029478,0.001725,False
700812,7,7,"[2,3,2,3,1,2,1]","[2,1,1,3,2,2,2]","[[0,1,2,5],[1,2,3,4,5,6],[0,1,4,5,6],[2,4,5,6],[0],[0,3,4,6],[1,3,5]]",UNSAT,UNSAT,UNSAT,"[0, 1, 2, 3, 4, 5]",1.242303,0.172408,0.009212,False
700813,5,3,"[3,1,1,1,2]","[2,1,3]","[[0,1,2],[0],[2],[0],[0,1,2]]",UNSAT,UNSAT,UNSAT,"[0, 1, 3]",0.234317,0.076059,0.003073,False
700814,7,5,"[1,1,2,1,2,2,1]","[3,2,2,1,1]","[[0,1,2,3,4],[1],[1,2,3,4],[0,1],[0,1,2,3],[1,2,3,4],[0,4]]",UNSAT,UNSAT,UNSAT,"[0, 1, 2, 3, 4, 5, 6]",0.833073,0.257244,0.006409,False
700815,4,2,"[1,1,1,1]","[2,2]","[[1],[1],[0,1],[1]]",UNSAT,UNSAT,UNSAT,"[0, 1, 3]",0.055425,0.04842,0.002192,False
700816,6,4,"[1,3,1,2,2,2]","[1,3,1,1]","[[0,1,2,3],[0,2,3],[0,2],[0,1,2,3],[0,1,2,3],[0,1,3]]",UNSAT,UNSAT,UNSAT,"[1, 2]",0.055841,0.096941,0.005513,False
700817,1,6,[1],"[2,1,1,3,1,1]",[[5]],FEASIBLE,FEASIBLE,FEASIBLE,null,0.00845,0.019798,0.00091,False
700818,3,4,"[1,2,1]","[3,2,1,1]","[[3],[0,3],[1]]",UNSAT,UNSAT,UNSAT,"[0, 1]",0.020585,0.044168,0.002096,False
700819,4,6,"[1,2,2,2]","[3,3,1,3,3,2]","[[0,1,2],[0,1,2,3,5],[0,2,3,5],[0,2]]",FEASIBLE,FEASIBLE,FEASIBLE,null,0.102084,0.071939,0.003329,False
700820,6,6,"[1,3,1,1,2,1]","[1,1,2,3,2,1]","[[0,1,5],[3,4,5],[0],[0,1,2,4,5],[0,2,4,5],[2]]",UNSAT,UNSAT,UNSAT,"[0, 1, 2, 3, 4, 5]",0.444906,0.091575,0.005193,False
700821,4,2,"[1,1,1,1]","[1,3]","[[0],[0,1],[1],[0]]",UNSAT,UNSAT,UNSAT,"[0, 3]",0.020993,0.045416,0.001991,False
700822,6,1,"[1,1,1,1,1,1]",[3],"[[0],[0],[0],[0],[0],[0]]",UNSAT,UNSAT,UNSAT,"[0, 1, 2, 3]",0.07921,0.055732,0.002289,False
700823,2,7,"[1,1]","[1,3,2,3,3,2,1]","[[0,2,3,4,6],[2,4]]",FEASIBLE,FEASIBLE,FEASIBLE,null,0.024161,0.030204,0.001666,False
700824,2,5,"[2,1]","[1,3,3,3,1]","[[1,3],[0,1,2,3,4]]",FEASIBLE,FEASIBLE,FEASIBLE,null,0.019219,0.031983,0.001685,False
700825,6,6,"[2,1,1,2,1,2]","[2,1,2,3,1,3]","[[2,4],[0,1,3,4,5],[1,2,3,4],[1,3],[0,1,2,3,4,5],[0,1,2,3,4,5]]",FEASIBLE,FEASIBLE,FEASIBLE,null,0.465729,0.225605,0.005469,False
700826,4,6,"[2,3,1,2]","[3,2,3,1,1,3]","[[0,2,3,4],[0,1,2],[1,2,5],[0,2,3,4]]",FEASIBLE,FEASIBLE,FEASIBLE,null,0.107746,0.056283,0.002706,False
700827,2,4,"[1,2]","[3,2,2,1]","[[2],[0,1,2,3]]",FEASIBLE,FEASIBLE,FEASIBLE,null,0.016378,0.029247,0.001373,False
700828,5,1,"[1,1,1,1,1]",[2],"[[0],[0],[0],[0],[0]]",UNSAT,UNSAT,UNSAT,"[0, 1, 2]",0.031743,0.047858,0.002075,False
700829,3,4,"[3,2,1]","[1,2,1,2]","[[0,1,2,3],[1,2,3],[1,2,3]]",FEASIBLE,FEASIBLE,FEASIBLE,null,0.035587,0.047038,0.001987,False
700830,5,3,"[2,1,1,2,1]","[3,1,2]","[[0,1],[0,2],[0,1,2],[0,1,2],[2]]",UNSAT,UNSAT,UNSAT,"[0, 1, 2, 3, 4]",0.121124,0.069353,0.003469,False
700831,6,1,"[1,1,1,1,1,1]",[3],"[[0],[0],[0],[0],[0],[0]]",UNSAT,UNSAT,UNSAT,"[0, 1, 2, 3]",0.081915,0.054159,0.001909,False
700832,5,5,"[1,1,1,1,1]","[3,3,1,1,2]","[[0,1,2,3,4],[1,2],[1],[0,1,2,3],[0,2,3]]",FEASIBLE,FEASIBLE,FEASIBLE,null,0.183384,0.047973,0.002633,False
700833,3,4,"[1,1,2]","[3,2,3,2]","[[2],[2],[0,1,2]]",FEASIBLE,FEASIBLE,FEASIBLE,null,0.034603,0.038028,0.00145,False
700834,5,6,"[3,2,3,1,3]","[3,2,3,1,2,1]","[[0,1,2,3,4,5],[1,2,4,5],[0,3,4,5],[0,1,2,3,4,5],[0,1,2,3,4,5]]",FEASIBLE,FEASIBLE,FEASIBLE,null,0.217395,0.083239,0.004247,False
700835,1,5,[3],"[2,2,1,2,2]","[[0,1,4]]",FEASIBLE,FEASIBLE,FEASIBLE,null,0.007326,0.027716,0.001128,False
700836,1,1,[1],[1],[[0]],FEASIBLE,FEASIBLE,FEASIBLE,null,0.003877,0.015235,0.000537,False
700837,7,6,"[1,1,2,2,2,1,1]","[3,2,2,2,1,2]","[[2,3],[0,4,5],[0,1,4,5],[0,1,2,4,5],[1,2,4],[2,3],[1,5]]",FEASIBLE,FEASIBLE,FEASIBLE,null,1.327923,0.078745,0.003727,False
700838,2,6,"[1,1]","[3,3,1,3,1,3]","[[1],[2]]",FEASIBLE,FEASIBLE,FEASIBLE,null,0.022575,0.02546,0.001147,False
700839,4,6,"[1,1,1,1]","[3,2,1,3,2,1]","[[1,2,4,5],[4],[0,1,2,4,5],[0,3]]",FEASIBLE,FEASIBLE,FEASIBLE,null,0.100012,0.042036,0.002306,False
700840,1,5,[2],"[1,3,1,1,2]","[[1,2,3,4]]",FEASIBLE,FEASIBLE,FEASIBLE,null,0.007443,0.022501,0.001251,False
700841,6,2,"[1,1,1,1,2,1]","[2,3]","[[0],[0],[0],[1],[0,1],[1]]",UNSAT,UNSAT,UNSAT,"[0, 1, 2]",0.060362,0.058805,0.002715,False
700842,4,6,"[2,1,1,2]","[3,2,1,2,3,3]","[[2,4],[0,1,2,3,4,5],[0,2,5],[1,2,3,4]]",FEASIBLE,FEASIBLE,FEASIBLE,null,0.098593,0.067642,0.002757,False
700843,2,6,"[2,1]","[2,3,1,1,2,3]","[[0,2,4,5],[1,5]]",FEASIBLE,FEASIBLE,FEASIBLE,null,0.021549,0.030965,0.001543,False
700844,2,3,"[1,2]","[3,1,2]","[[0,2],[0,2]]",FEASIBLE,FEASIBLE,FEASIBLE,null,0.013196,0.025412,0.00118,False
700845,6,5,"[3,1,1,2,2,1]","[1,1,2,2,3]","[[0,1,2,4],[1,3],[1,2,3],[0,1,3,4],[0,2,3],[0,2,4]]",UNSAT,UNSAT,UNSAT,"[0, 1, 2, 3, 4]",0.321944,0.153371,0.006291,False
700846,1,2,[1],"[2,1]","[[0,1]]",FEASIBLE,FEASIBLE,FEASIBLE,null,0.005402,0.017495,0.000702,False
700847,1,6,[3],"[1,3,3,1,1,1]","[[0,1,3,4]]",FEASIBLE,FEASIBLE,FEASIBLE,null,0.008233,0.026372,0.001285,False
700848,5,7,"[3,3,3,1,3]","[3,2,3,3,1,1,1]","[[0,2,3],[0,1,2,3,5,6],[0,1,2,3,4],[6],[0,1,2,3,4,5,6]]",FEASIBLE,FEASIBLE,FEASIBLE,null,0.234891,0.257367,0.003815,False
700849,3,2,"[1,1,1]","[1,3]","[[0],[0,1],[1]]",FEASIBLE,FEASIBLE,FEASIBLE,null,0.023442,0.028437,0.001248,False
700850,1,3,[2],"[2,3,1]","[[0,1,2]]",FEASIBLE,FEASIBLE,FEASIBLE,null,0.0056,0.020406,0.000945,False
700851,2,1,"[1,1]",[1],"[[0],[0]]",UNSAT,UNSAT,UNSAT,"[0, 1]",0.008373,0.029796,0.001219,False
700852,2,3,"[2,3]","[3,3,1]","[[0,1],[0,1,2]]",FEASIBLE,FEASIBLE,FEASIBLE,null,0.013502,0.033058,0.001458,False
700853,6,4,"[3,2,2,1,1,1]","[1,2,2,1]","[[0,1,2,3],[0,1],[0,1,2,3],[0,3],[0,1,2,3],[0,2,3]]",UNSAT,UNSAT,UNSAT,"[0, 1, 2]",0.100758,0.092131,0.004944,False
700854,6,4,"[1,1,2,1,1,1]","[1,3,1,1]","[[1],[2],[1,3],[0,3],[1,2,3],[0,2]]",UNSAT,UNSAT,UNSAT,"[1, 2, 3, 5]",0.248095,0.067805,0.003533,False
700855,7,6,"[3,3,1,1,1,2,1]","[1,1,1,3,3,3]","[[0,3,4,5],[2,3,4],[2,3,4,5],[0],[0],[0,1,2,3,4,5],[5]]",UNSAT,UNSAT,UNSAT,"[3, 4]",0.137484,0.112057,0.005433,False
700856,3,7,"[1,1,1]","[1,1,2,2,1,2,2]","[[1,2,3,4,5,6],[3],[0,1,2,3,4,5,6]]",FEASIBLE,FEASIBLE,FEASIBLE,null,0.051901,0.039791,0.002535,False
700857,1,5,[3],"[2,2,1,1,2]","[[0,1,2,3,4]]",FEASIBLE,FEASIBLE,FEASIBLE,null,0.007245,0.02634,0.001255,False
700858,5,1,"[1,1,1,1,1]",[3],"[[0],[0],[0],[0],[0]]",UNSAT,UNSAT,UNSAT,"[0, 1, 2, 3]",0.048584,0.047692,0.002093,False
700859,7,5,"[1,3,2,2,2,1,1]","[2,2,2,1,2]","[[2],[0,1,2,3,4],[0,3],[0,2,3,4],[0,1,2,3,4],[0,1,2,3,4],[2,4]]",UNSAT,UNSAT,UNSAT,"[0, 1, 2, 3, 4]",0.580927,0.225002,0.006686,False
700860,5,6,"[1,1,3,1,2]","[1,1,1,3,3,3]","[[1,2,3],[1],[0,2,3,4,5],[0,1,2,3,4],[0,1,2,3,4,5]]",FEASIBLE,FEASIBLE,FEASIBLE,null,0.204679,0.087292,0.004141,False
700861,4,2,"[1,1,2,2]","[1,1]","[[0,1],[1],[0,1],[0,1]]",UNSAT,UNSAT,UNSAT,"[0, 2]",0.017978,0.049014,0.002505,False
700862,1,5,[3],"[2,1,3,2,2]","[[0,1,2,4]]",FEASIBLE,FEASIBLE,FEASIBLE,null,0.007724,0.025697,0.00116,False
700863,4,1,"[1,1,1,1]",[2],"[[0],[0],[0],[0]]",UNSAT,UNSAT,UNSAT,"[0, 1, 2]",0.022479,0.041296,0.001878,False
700864,5,7,"[2,1,2,2,2]","[1,3,1,2,2,2,1]","[[0,1,2,5],[0,6],[1,3,4,5,6],[1,6],[0,2,3,4,6]]",FEASIBLE,FEASIBLE,FEASIBLE,null,0.236052,0.2618,0.004309,False
700865,7,6,"[1,1,3,1,3,2,2]","[2,1,1,3,2,2]","[[0,1,2,4,5],[0,1,3],[0,1,2,3,4,5],[0,1,4,5],[1,2,3,4,5],[0,1,2,3,4,5],[0,1]]",UNSAT,UNSAT,UNSAT,"[0, 1, 2, 4, 5, 6]",1.04892,0.14898,0.007779,False
700866,4,4,"[1,1,1,1]","[3,3,3,1]","[[0,2],[3],[2],[0,1,2,3]]",FEASIBLE,FEASIBLE,FEASIBLE,null,0.071712,0.038072,0.001793,False
700867,1,7,[2],"[2,2,1,1,2,1,1]","[[0,2,4]]",FEASIBLE,FEASIBLE,FEASIBLE,null,0.008836,0.023446,0.001105,False
700868,5,7,"[2,3,1,2,3]","[2,2,2,3,2,3,1]","[[3,4,5,6],[0,1,2,3,4,5,6],[0,2,4,5,6],[1,2,4,6],[0,1,2,3,4,5,6]]",FEASIBLE,FEASIBLE,FEASIBLE,null,0.290594,0.119696,0.004189,False
700869,2,4,"[1,1]","[3,2,3,1]","[[0,1,2,3],[2]]",FEASIBLE,FEASIBLE,FEASIBLE,null,0.02016,0.210817,0.001322,False
700870,5,7,"[3,2,3,1,1]","[2,3,2,3,1,1,2]","[[0,1,2,4,6],[0,1,2,3,4,5,6],[0,2,4,5,6],[2,5],[5,6]]",FEASIBLE,FEASIBLE,FEASIBLE,null,0.286815,0.108764,0.004382,False
700871,3,3,"[1,2,2]","[1,2,2]","[[1,2],[0,1,2],[0,2]]",FEASIBLE,FEASIBLE,FEASIBLE,null,0.038326,0.059433,0.002034,False
700872,3,2,"[2,1,1]","[3,3]","[[0,1],[0],[1]]",FEASIBLE,FEASIBLE,FEASIBLE,null,0.026829,0.034788,0.001286,False
700873,6,4,"[1,3,3,1,1,1]","[3,3,2,2]","[[0,2],[1,2,3],[0,1,2,3],[2],[1],[3]]",UNSAT,UNSAT,UNSAT,"[1, 2, 3, 5]",0.307293,0.098413,0.003626,False
700874,3,4,"[1,3,1]","[1,1,1,1]","[[1,2],[0,1,2,3],[0,3]]",UNSAT,UNSAT,UNSAT,"[0, 1, 2]",0.040311,0.068151,0.003058,False
700875,2,1,"[1,1]",[3],"[[0],[0]]",FEASIBLE,FEASIBLE,FEASIBLE,null,0.014236,0.02459,0.000746,False
700876,1,2,[1],"[2,1]","[[0,1]]",FEASIBLE,FEASIBLE,FEASIBLE,null,0.005304,0.024915,0.001388,False
700877,2,7,"[2,2]","[1,2,1,1,2,1,3]","[[0,1,2,3,4,5,6],[2,3,4,6]]",FEASIBLE,FEASIBLE,FEASIBLE,null,0.023941,0.038417,0.002688,False
700878,6,7,"[3,2,3,2,1,2]","[3,2,1,2,2,2,2]","[[0,1,2,3,4,5,6],[0,1,2,3,4,5],[0,1,2,3,5,6],[0,4,5],[0],[0,1,2,3,4,5,6]]",FEASIBLE,FEASIBLE,FEASIBLE,null,0.502606,0.125868,0.006806,False
700879,1,2,[1],"[1,2]","[[0,1]]",FEASIBLE,FEASIBLE,FEASIBLE,null,0.005329,0.016137,0.000717,False
700880,7,1,"[1,1,1,1,1,1,1]",[1],"[[0],[0],[0],[0],[0],[0],[0]]",UNSAT,UNSAT,UNSAT,"[0, 1]",0.015218,0.055,0.002937,False
700881,4,5,"[3,1,3,1]","[3,2,1,1,1]","[[0,1,2,3,4],[3,4],[0,1,2,3,4],[1,3,4]]",UNSAT,UNSAT,UNSAT,"[0, 1, 2, 3]",0.081282,0.19896,0.004515,False
700882,1,4,[1],"[1,3,3,3]","[[0,1,2,3]]",FEASIBLE,FEASIBLE,FEASIBLE,null,0.006559,0.019067,0.001076,False
700883,7,2,"[2,1,1,1,2,1,1]","[2,1]","[[0,1],[0],[0,1],[0,1],[0,1],[1],[1]]",UNSAT,UNSAT,UNSAT,"[0, 4]",0.02976,0.0681,0.003566,False
700884,4,7,"[2,3,2,2]","[1,3,1,1,1,2,2]","[[0,1,2,3,4,5,6],[0,1,2,3,5,6],[5,6],[3,4,5]]",FEASIBLE,FEASIBLE,FEASIBLE,null,0.109632,0.062751,0.003262,False
700885,6,5,"[1,1,1,2,2,2]","[3,2,1,3,3]","[[0,1,2,3,4],[0,1,2,3],[0,1,4],[0,1,2,3,4],[1,2,3],[3,4]]",FEASIBLE,FEASIBLE,FEASIBLE,null,0.426087,0.067986,0.003561,False
700886,3,2,"[1,1,1]","[1,3]","[[0],[0,1],[0]]",UNSAT,UNSAT,UNSAT,"[0, 2]",0.014991,0.036754,0.001842,False
700887,5,7,"[2,2,3,2,3]","[3,3,1,2,1,2,3]","[[1,2],[5,6],[0,1,2,3,4,5,6],[2,3,6],[1,4,5,6]]",FEASIBLE,FEASIBLE,FEASIBLE,null,0.389732,0.072302,0.003643,False
700888,3,1,"[1,1,1]",[3],"[[0],[0],[0]]",FEASIBLE,FEASIBLE,FEASIBLE,null,0.014955,0.023338,0.001031,False
700889,4,1,"[1,1,1,1]",[3],"[[0],[0],[0],[0]]",UNSAT,UNSAT,UNSAT,"[0, 1, 2, 3]",0.027649,0.039948,0.001781,False
700890,4,3,"[1,1,2,1]","[1,3,3]","[[2],[0],[0,2],[2]]",UNSAT,UNSAT,UNSAT,"[1, 2]",0.027542,0.043754,0.002172,False
700891,7,6,"[2,1,3,2,1,2,1]","[3,1,2,1,2,2]","[[1,2,4],[2],[0,1,2,3,4,5],[0,1,2,3,4,5],[3,4],[0,2,3],[1]]",UNSAT,UNSAT,UNSAT,"[0, 1, 2, 4, 5, 6]",1.068537,0.155703,0.007943,False
700892,2,2,"[1,2]","[2,2]","[[1],[0,1]]",FEASIBLE,FEASIBLE,FEASIBLE,null,0.010184,0.031202,0.001058,False
700893,5,6,"[1,3,2,1,2]","[2,1,2,1,2,2]","[[4],[1,2,3,4,5],[0,1,3,4],[0],[0,3,4,5]]",FEASIBLE,FEASIBLE,FEASIBLE,null,0.303915,0.077603,0.003974,False
700894,6,4,"[2,1,3,1,2,2]","[1,2,3,3]","[[1,3],[0,3],[0,2,3],[0,1],[0,1,2],[2,3]]",UNSAT,UNSAT,UNSAT,"[0, 1, 2, 5]",0.185638,0.077414,0.004488,False
700895,4,7,"[3,2,3,3]","[3,3,3,1,3,1,1]","[[1,2,3,5,6],[5,6],[0,1,5],[0,2,3,5,6]]",UNSAT,UNSAT,UNSAT,"[1, 2]",0.051882,0.076423,0.004439,False
700896,4,4,"[2,1,3,2]","[1,1,3,2]","[[1,3],[3],[0,1,2,3],[0,1]]",UNSAT,UNSAT,UNSAT,"[0, 3]",0.029494,0.057129,0.003149,False
700897,4,7,"[3,2,3,3]","[2,3,3,1,2,3,1]","[[0,1,2,3,4,6],[0,1,2,3,4,5,6],[0,1,2,3,4,5,6],[3,4,6]]",FEASIBLE,FEASIBLE,FEASIBLE,null,0.103133,0.092179,0.004701,False
700898,7,7,"[3,2,2,3,1,1,1]","[1,3,1,2,1,1,3]","[[1,3,4,5],[0,1,2,5,6],[3,6],[0,1,2],[0,1,2,3,4,5,6],[5],[1,2,3]]",UNSAT,UNSAT,UNSAT,"[0, 1, 2, 3, 5, 6]",0.954576,0.137413,0.007688,False
700899,3,2,"[1,1,2]","[3,3]","[[0,1],[0],[0,1]]",FEASIBLE,FEASIBLE,FEASIBLE,null,0.019545,0.026901,0.001365,False
700900,6,3,"[1,2,1,1,1,1]","[2,2,1]","[[2],[0,1,2],[1],[1,2],[0],[0,2]]",UNSAT,UNSAT,UNSAT,"[0, 1, 2, 3]",0.133275,0.059933,0.003362,False
700901,3,7,"[2,1,2]","[3,2,2,2,1,2,1]","[[0,1],[0,4,6],[0,3]]",FEASIBLE,FEASIBLE,FEASIBLE,null,0.044579,0.034143,0.001887,False
700902,7,2,"[2,1,1,1,1,2,1]","[2,3]","[[0,1],[0],[0],[0,1],[0],[0,1],[1]]",UNSAT,UNSAT,UNSAT,"[0, 1, 2]",0.066058,0.164133,0.0036,False
700903,3,2,"[2,1,1]","[2,1]","[[0,1],[0,1],[0]]",UNSAT,UNSAT,UNSAT,"[0, 1, 2]",0.019075,0.037456,0.002055,False
700904,1,6,[2],"[2,3,3,3,2,1]","[[0,1,2,3,4]]",FEASIBLE,FEASIBLE,FEASIBLE,null,0.007328,0.022214,0.001226,False
700905,2,4,"[2,1]","[1,1,3,3]","[[0,1,2],[0,1]]",FEASIBLE,FEASIBLE,FEASIBLE,null,0.01413,0.033864,0.001705,False
700906,3,4,"[1,1,1]","[2,2,3,2]","[[0],[2],[2]]",FEASIBLE,FEASIBLE,FEASIBLE,null,0.031906,0.024296,0.001338,False
700907,6,6,"[3,1,2,1,1,3]","[2,2,1,1,1,1]","[[1,2,3,4,5],[0,1,2,3,4],[0,3,4],[1,4,5],[1,3,5],[0,1,2]]",UNSAT,UNSAT,UNSAT,"[0, 1, 2, 5]",0.250616,0.090059,0.005519,False
700908,1,2,[2],"[2,1]","[[0,1]]",FEASIBLE,FEASIBLE,FEASIBLE,null,0.004454,0.019028,0.000708,False
700909,4,2,"[1,1,1,1]","[1,2]","[[0],[1],[0],[0]]",UNSAT,UNSAT,UNSAT,"[0, 2]",0.015841,0.035835,0.001964,False
700910,3,2,"[1,1,1]","[2,3]","[[0,1],[0],[1]]",FEASIBLE,FEASIBLE,FEASIBLE,null,0.018936,0.02339,0.001145,False
700911,6,6,"[2,3,1,1,1,2]","[2,3,3,3,2,1]","[[1,2,5],[1,2,4,5],[0,1],[3,4],[0,2,3,4,5],[0,1,2,3]]",FEASIBLE,FEASIBLE,FEASIBLE,null,0.375163,0.060317,0.003412,False
700912,6,3,"[1,1,1,2,1,1]","[2,3,3]","[[1],[0,1,2],[1],[0,1],[1,2],[0,1,2]]",FEASIBLE,FEASIBLE,FEASIBLE,null,0.20785,0.045056,0.00243,False
700913,1,5,[1],"[1,3,3,2,2]","[[0,1,2,3,4]]",FEASIBLE,FEASIBLE,FEASIBLE,null,0.143743,0.020312,0.001104,False
700914,1,2,[1],"[2,1]",[[1]],FEASIBLE,FEASIBLE,FEASIBLE,null,0.004367,0.012248,0.000691,False
700915,5,7,"[1,1,2,3,3]","[1,3,3,1,2,3,1]","[[0,3,6],[0,1,3,4,5,6],[0,1,2,3,4],[0,2,3,4,6],[0,1,2,3,4,5,6]]",FEASIBLE,FEASIBLE,FEASIBLE,null,0.199655,0.322423,0.004064,False
700916,3,3,"[2,1,1]","[1,2,3]","[[0,1],[1],[0]]",UNSAT,UNSAT,UNSAT,"[0, 2]",0.018209,0.036602,0.001751,False
700917,3,6,"[2,1,3]","[1,1,3,1,2,2]","[[0,1,2,3,4],[0,1,3,4,5],[0,1,2,3,4,5]]",FEASIBLE,FEASIBLE,FEASIBLE,null,0.039857,0.058068,0.002908,False
700918,1,5,[1],"[1,3,1,2,2]",[[0]],FEASIBLE,FEASIBLE,FEASIBLE,null,0.006704,0.014839,0.000816,False
700919,7,1,"[1,1,1,1,1,1,1]",[3],"[[0],[0],[0],[0],[0],[0],[0]]",UNSAT,UNSAT,UNSAT,"[0, 1, 2, 3]",0.100438,0.049852,0.002507,False
700920,4,3,"[1,1,3,1]","[3,3,1]","[[0],[2],[0,1,2],[2]]",UNSAT,UNSAT,UNSAT,"[1, 2]",0.025324,0.043525,0.002335,False
700921,7,3,"[1,3,1,1,1,1,1]","[3,3,1]","[[0],[0,1,2],[1],[0],[0,1,2],[2],[0,1]]",UNSAT,UNSAT,UNSAT,"[1, 5]",0.049948,0.066894,0.003952,False
700922,4,3,"[1,1,3,2]","[3,3,1]","[[2],[1],[0,1,2],[0,1]]",UNSAT,UNSAT,UNSAT,"[0, 2]",0.019151,0.046457,0.002484,False
700923,1,1,[1],[2],[[0]],FEASIBLE,FEASIBLE,FEASIBLE,null,0.00341,0.012103,0.00052,False
700924,2,2,"[2,1]","[3,2]","[[0,1],[1]]",FEASIBLE,FEASIBLE,FEASIBLE,null,0.009062,0.020087,0.001076,False
700925,7,5,"[1,1,1,1,2,2,1]","[2,2,3,1,1]","[[1,2,3,4],[0,1,2,3,4],[0,4],[0,1,2],[0,1,2,3,4],[0,1,2,4],[0,1]]",FEASIBLE,FEASIBLE,FEASIBLE,null,0.672981,0.10086,0.004871,False
700926,3,1,"[1,1,1]",[3],"[[0],[0],[0]]",FEASIBLE,FEASIBLE,FEASIBLE,null,0.013853,0.021951,0.001002,False
700927,3,5,"[2,3,2]","[2,2,3,1,1]","[[0,1,2,3,4],[0,1,2,3,4],[0,1]]",FEASIBLE,FEASIBLE,FEASIBLE,null,0.032624,0.147122,0.002746,False
700928,2,3,"[1,1]","[2,1,1]","[[2],[0,2]]",FEASIBLE,FEASIBLE,FEASIBLE,null,0.016518,0.024627,0.001049,False
700929,6,7,"[1,1,1,2,2,3]","[1,1,3,2,3,1,3]","[[3],[0,3,4,6],[1,2],[3,4,5,6],[1,3,4,5,6],[0,1,3,4,5,6]]",FEASIBLE,FEASIBLE,FEASIBLE,null,0.424319,0.07985,0.004685,False
700930,7,5,"[2,1,1,1,2,1,3]","[3,3,2,1,1]","[[0,3],[0],[0,2],[2],[1,2,3],[0],[0,1,2,3,4]]",UNSAT,UNSAT,UNSAT,"[0, 1, 2, 3, 4, 5]",0.591568,0.074928,0.004868,False
700931,3,1,"[1,1,1]",[1],"[[0],[0],[0]]",UNSAT,UNSAT,UNSAT,"[0, 1]",0.008147,0.029346,0.001486,False
700932,4,7,"[3,2,2,3]","[1,2,3,3,3,1,2]","[[0,1,2],[0,1,2,3,4,5,6],[0,1,2,4,5,6],[0,1,2,3,4,5,6]]",FEASIBLE,FEASIBLE,FEASIBLE,null,0.092449,0.061634,0.003657,False
700933,6,7,"[2,3,3,1,1,3]","[3,1,1,2,1,3,3]","[[0,2,3,4,5,6],[0,2,4,5],[0,2,3,6],[0],[3],[0,2,3,5,6]]",FEASIBLE,FEASIBLE,FEASIBLE,null,0.400125,0.092537,0.004795,False
700934,3,7,"[1,1,1]","[2,1,3,3,2,2,2]","[[0,1,2,3,4,5,6],[0,1,3,4,5,6],[2]]",FEASIBLE,FEASIBLE,FEASIBLE,null,0.042583,0.035674,0.002474,False
700935,4,2,"[1,1,1,1]","[2,2]","[[0,1],[0],[1],[0,1]]",FEASIBLE,FEASIBLE,FEASIBLE,null,0.034739,0.026627,0.001399,False
700936,4,6,"[1,1,1,1]","[1,2,2,3,2,1]","[[1],[0,1,3,5],[1],[3,5]]",FEASIBLE,FEASIBLE,FEASIBLE,null,0.076956,0.032325,0.001939,False
700937,5,3,"[2,2,3,1,2]","[3,2,1]","[[0,2],[0,1,2],[0,1,2],[0,1,2],[0,1]]",UNSAT,UNSAT,UNSAT,"[0, 2]",0.022188,0.212784,0.003599,False
700938,6,1,"[1,1,1,1,1,1]",[3],"[[0],[0],[0],[0],[0],[0]]",UNSAT,UNSAT,UNSAT,"[0, 1, 2, 3]",0.062667,0.042603,0.002123,False
700939,1,6,[3],"[3,2,2,1,2,1]","[[0,2,3]]",FEASIBLE,FEASIBLE,FEASIBLE,null,0.006719,0.021207,0.001194,False
700940,1,7,[2],"[3,1,2,1,2,3,1]","[[0,5]]",FEASIBLE,FEASIBLE,FEASIBLE,null,0.00702,0.02842,0.001073,False
700941,1,2,[2],"[2,1]","[[0,1]]",FEASIBLE,FEASIBLE,FEASIBLE,null,0.004569,0.014604,0.000732,False
700942,4,2,"[1,1,1,1]","[2,3]","[[1],[0,1],[0],[0]]",FEASIBLE,FEASIBLE,FEASIBLE,null,0.036521,0.034382,0.001836,False
700943,2,4,"[3,1]","[3,3,3,1]","[[0,1,3],[3]]",UNSAT,UNSAT,UNSAT,"[0, 1]",0.01253,0.032882,0.001847,False
700944,2,2,"[1,1]","[2,1]","[[0,1],[0,1]]",FEASIBLE,FEASIBLE,FEASIBLE,null,0.008318,0.017462,0.002324,False
700945,4,3,"[2,1,2,1]","[1,3,3]","[[1,2],[1,2],[1,2],[2]]",FEASIBLE,FEASIBLE,FEASIBLE,null,0.044612,0.03136,0.002275,False
700946,3,6,"[2,1,2]","[1,2,1,1,1,3]","[[2,3],[0,1,2,3,5],[0,1]]",FEASIBLE,FEASIBLE,FEASIBLE,null,0.036513,0.042625,0.002979,False
700947,5,3,"[2,1,1,2,2]","[2,2,1]","[[1,2],[0,2],[0],[0,1,2],[0,2]]",UNSAT,UNSAT,UNSAT,"[0, 4]",0.026746,0.053391,0.004716,False
700948,1,2,[1],"[3,2]","[[0,1]]",FEASIBLE,FEASIBLE,FEASIBLE,null,0.004034,0.013158,0.000907,False
700949,4,3,"[3,1,1,1]","[1,3,2]","[[0,1,2],[0,2],[1],[0,1,2]]",FEASIBLE,FEASIBLE,FEASIBLE,null,0.045648,0.034961,0.00204,False
700950,2,4,"[1,2]","[1,3,1,1]","[[1,2],[0,1]]",FEASIBLE,FEASIBLE,FEASIBLE,null,0.012108,0.022913,0.001406,False
700951,5,5,"[1,1,2,2,1]","[3,3,3,2,3]","[[1,4],[0,1,2,4],[1,2,4],[0,1,2,3],[0,1,3,4]]",FEASIBLE,FEASIBLE,FEASIBLE,null,0.141268,0.132368,0.003657,False
700952,7,1,"[1,1,1,1,1,1,1]",[2],"[[0],[0],[0],[0],[0],[0],[0]]",UNSAT,UNSAT,UNSAT,"[0, 1, 2]",0.0423,0.049281,0.003538,False
700953,1,4,[3],"[3,2,3,2]","[[0,1,2,3]]",FEASIBLE,FEASIBLE,FEASIBLE,null,0.00515,0.158182,0.00135,False
700954,7,4,"[1,3,1,1,2,1,1]","[2,1,3,3]","[[0,1,3],[0,1,2],[0,1,3],[0,1,2,3],[1,3],[3],[0,1,2,3]]",UNSAT,UNSAT,UNSAT,"[1, 4]",0.05659,0.070991,0.005082,False
700955,4,2,"[2,1,1,2]","[1,1]","[[0,1],[1],[0],[0,1]]",UNSAT,UNSAT,UNSAT,"[0, 1]",0.013484,0.039475,0.002758,False
700956,4,6,"[2,2,2,1]","[2,1,1,2,3,3]","[[0,1,2,3,4,5],[3,5],[2,4],[1,3,5]]",FEASIBLE,FEASIBLE,FEASIBLE,null,0.078404,0.043191,0.002655,False
700957,3,1,"[1,1,1]",[3],"[[0],[0],[0]]",FEASIBLE,FEASIBLE,FEASIBLE,null,0.012496,0.019252,0.001107,False
700958,1,5,[1],"[2,1,1,3,3]","[[0,1,3]]",FEASIBLE,FEASIBLE,FEASIBLE,null,0.005736,0.014901,0.001084,False
700959,7,7,"[1,3,1,2,1,2,2]","[2,1,2,2,3,3,1]","[[1,2,4,5],[0,1,2,3,4,5,6],[5],[0,1,3,4,5,6],[3],[0,1,2,3,4,5,6],[1,2]]",FEASIBLE,FEASIBLE,FEASIBLE,null,0.836261,0.094381,0.006359,False
700960,2,5,"[3,3]","[3,1,3,1,3]","[[0,2,3,4],[1,2,3,4]]",FEASIBLE,FEASIBLE,FEASIBLE,null,0.014682,0.03333,0.002036,False
700961,2,3,"[1,3]","[2,1,2]","[[1,2],[0,1,2]]",FEASIBLE,FEASIBLE,FEASIBLE,null,0.010359,0.030987,0.001907,False
700962,1,5,[2],"[1,3,2,1,1]","[[0,1,3]]",FEASIBLE,FEASIBLE,FEASIBLE,null,0.005671,0.017627,0.001093,False
700963,2,2,"[1,1]","[3,1]","[[0],[0]]",FEASIBLE,FEASIBLE,FEASIBLE,null,0.007896,0.015348,0.000841,False
700964,4,2,"[1,2,2,2]","[1,3]","[[0],[0,1],[0,1],[0,1]]",UNSAT,UNSAT,UNSAT,"[0, 1]",0.011709,0.134695,0.002761,False
700965,7,7,"[1,2,2,2,2,1,1]","[2,1,2,2,2,1,1]","[[0,1,4],[2,4],[0,1,2,3,4,5,6],[2,4],[1,5,6],[2],[4]]",UNSAT,UNSAT,UNSAT,"[1, 3, 5]",0.275039,0.069314,0.005356,False
700966,3,6,"[2,1,1]","[2,1,3,3,1,2]","[[0,2,3,4],[1,2,3,4],[0,2]]",FEASIBLE,FEASIBLE,FEASIBLE,null,0.036504,0.02966,0.002024,False
700967,7,5,"[2,2,3,3,1,3,1]","[1,3,2,1,3]","[[1,2],[3,4],[0,1,3],[1,2,3,4],[0,1,2,3,4],[0,1,2,3],[0,4]]",UNSAT,UNSAT,UNSAT,"[1, 2]",0.057978,0.086316,0.007012,False
700968,2,2,"[1,1]","[2,2]","[[1],[1]]",FEASIBLE,FEASIBLE,FEASIBLE,null,0.00883,0.016379,0.000925,False
700969,5,1,"[1,1,1,1,1]",[3],"[[0],[0],[0],[0],[0]]",UNSAT,UNSAT,UNSAT,"[0, 1, 2, 3]",0.038081,0.036928,0.002484,False
700970,1,5,[1],"[2,1,3,3,1]","[[1,2,3,4]]",FEASIBLE,FEASIBLE,FEASIBLE,null,0.006295,0.01725,0.00127,False
700971,7,6,"[1,2,3,1,1,1,1]","[1,1,1,2,3,3]","[[0,1,2,4,5],[0,2],[0,1,3,4,5],[0,1,2,3,4,5],[5],[0,1],[2]]",UNSAT,UNSAT,UNSAT,"[1, 6]",0.083552,0.095351,0.005904,False
700972,4,7,"[1,2,2,3]","[2,1,1,3,1,2,2]","[[3],[0,2,4],[0,2],[1,4,6]]",UNSAT,UNSAT,UNSAT,"[1, 2, 3]",0.078609,0.051816,0.003494,False
700973,6,6,"[2,1,1,2,1,2]","[1,1,2,3,2,2]","[[0,1,2,3,4,5],[3],[1],[0,1,2,3,4],[2],[0,1,5]]",FEASIBLE,FEASIBLE,FEASIBLE,null,0.366248,0.078195,0.00457,False
700974,5,1,"[1,1,1,1,1]",[3],"[[0],[0],[0],[0],[0]]",UNSAT,UNSAT,UNSAT,"[0, 1, 2, 3]",0.037959,0.127566,0.002251,False
700975,6,1,"[1,1,1,1,1,1]",[2],"[[0],[0],[0],[0],[0],[0]]",UNSAT,UNSAT,UNSAT,"[0, 1, 2]",0.030734,0.038665,0.00253,False
700976,6,7,"[3,2,2,2,1,1]","[2,2,3,2,3,3,1]","[[1,2,4,6],[1,2,3,4,5,6],[0,1,2,3],[3,5,6],[0,4],[1,2,3,4,5,6]]",FEASIBLE,FEASIBLE,FEASIBLE,null,0.378334,0.06124,0.00445,False
700977,5,7,"[2,2,1,1,1]","[3,2,2,1,2,2,3]","[[0,1],[0,1,3,4,5,6],[0,1,3,5],[0,1,2,3,4,5,6],[1]]",FEASIBLE,FEASIBLE,FEASIBLE,null,0.193002,0.061041,0.004134,False
700978,1,4,[3],"[3,2,3,2]","[[0,1,2]]",FEASIBLE,FEASIBLE,FEASIBLE,null,0.005332,0.018667,0.001086,False
700979,4,3,"[2,1,1,1]","[1,1,3]","[[0,1,2],[0,1],[0],[0]]",UNSAT,UNSAT,UNSAT,"[2, 3]",0.028338,0.057029,0.003173,False
700980,7,5,"[3,1,3,1,1,1,1]","[3,1,2,2,2]","[[0,1,2,3,4],[0,1,2,3,4],[1,2,4],[1],[3],[0,2,3,4],[0,4]]",UNSAT,UNSAT,UNSAT,"[2, 3]",0.074045,0.082472,0.005598,False
700981,2,2,"[1,1]","[3,3]","[[0,1],[0]]",FEASIBLE,FEASIBLE,FEASIBLE,null,0.008254,0.016476,0.00109,False
700982,2,2,"[2,1]","[3,2]","[[0,1],[0,1]]",FEASIBLE,FEASIBLE,FEASIBLE,null,0.008218,0.018813,0.001135,False
700983,2,6,"[1,2]","[3,3,1,1,3,1]","[[0,1,2,3,4,5],[1,2]]",FEASIBLE,FEASIBLE,FEASIBLE,null,0.015369,0.025404,0.002578,False
700984,1,6,[2],"[2,3,3,1,2,2]","[[0,1]]",FEASIBLE,FEASIBLE,FEASIBLE,null,0.006123,0.01663,0.001173,False
700985,1,4,[1],"[2,1,3,1]","[[1,2]]",FEASIBLE,FEASIBLE,FEASIBLE,null,0.004833,0.012021,0.000904,False
700986,6,7,"[2,1,3,2,3,1]","[3,2,2,3,3,1,1]","[[1,2,5,6],[0,1,2,3,4,5,6],[2,3,6],[0,1,3,4,6],[0,1,2,6],[0,2,4]]",FEASIBLE,FEASIBLE,FEASIBLE,null,0.369951,0.330477,0.006693,False
700987,6,4,"[1,1,2,2,2,1]","[2,3,1,2]","[[1],[2],[1,2,3],[0,1,2],[0,1,3],[0,1,2]]",UNSAT,UNSAT,UNSAT,"[0, 1, 2, 3, 4, 5]",0.234728,0.063421,0.005172,False
700988,4,1,"[1,1,1,1]",[1],"[[0],[0],[0],[0]]",UNSAT,UNSAT,UNSAT,"[0, 1]",0.008594,0.030001,0.001997,False
700989,5,3,"[1,3,2,1,1]","[1,1,3]","[[2],[0,1,2],[0,1,2],[2],[0,1]]",UNSAT,UNSAT,UNSAT,"[1, 2]",0.027893,0.187482,0.003428,False
700990,1,3,[2],"[3,3,2]","[[0,2]]",FEASIBLE,FEASIBLE,FEASIBLE,null,0.004907,0.016283,0.000879,False
700991,3,6,"[2,2,1]","[2,3,2,1,2,2]","[[0,1,2,3],[0,1,2,5],[1,4,5]]",FEASIBLE,FEASIBLE,FEASIBLE,null,0.03544,0.032003,0.002262,False
700992,2,5,"[3,1]","[3,1,2,3,2]","[[0,2,3,4],[0,1,2,3,4]]",FEASIBLE,FEASIBLE,FEASIBLE,null,0.014374,0.027149,0.001881,False
700993,1,7,[3],"[1,2,3,2,3,3,2]","[[0,4,5]]",FEASIBLE,FEASIBLE,FEASIBLE,null,0.006761,0.02407,0.00127,False
700994,5,2,"[1,2,1,2,1]","[2,1]","[[0],[0,1],[0,1],[0,1],[1]]",UNSAT,UNSAT,UNSAT,"[1, 3]",0.023177,0.043796,0.002867,False
700995,3,1,"[1,1,1]",[2],"[[0],[0],[0]]",UNSAT,UNSAT,UNSAT,"[0, 1, 2]",0.011533,0.027482,0.001614,False
700996,2,1,"[1,1]",[1],"[[0],[0]]",UNSAT,UNSAT,UNSAT,"[0, 1]",0.006035,0.022237,0.001232,False
700997,2,2,"[1,1]","[3,1]","[[0],[0,1]]",FEASIBLE,FEASIBLE,FEASIBLE,null,0.007745,0.016352,0.000948,False
700998,4,3,"[1,1,1,1]","[2,3,2]","[[2],[0,2],[0,1,2],[0,1]]",FEASIBLE,FEASIBLE,FEASIBLE,null,0.044466,0.028811,0.001776,False
700999,4,7,"[1,1,3,2]","[3,3,2,2,1,3,3]","[[1,2,3,4,5,6],[2],[1,2,4,6],[0,1,2,3,4,5,6]]",FEASIBLE,FEASIBLE,FEASIBLE,null,0.085804,0.129595,0.003144,False
701000,2,2,"[1,2]","[3,1]","[[1],[0,1]]",UNSAT,UNSAT,UNSAT,"[0, 1]",0.008613,0.026475,0.001645,False
701001,4,1,"[1,1,1,1]",[2],"[[0],[0],[0],[0]]",UNSAT,UNSAT,UNSAT,"[0, 1, 2]",0.016715,0.030653,0.001773,False
701002,1,5,[2],"[3,2,3,2,3]","[[2,3,4]]",FEASIBLE,FEASIBLE,FEASIBLE,null,0.005793,0.017361,0.001132,False
701003,4,5,"[3,2,3,3]","[2,3,1,3,3]","[[1,2,4],[1,2],[0,1,2,4],[0,1,3,4]]",UNSAT,UNSAT,UNSAT,"[0, 1]",0.021767,0.057565,0.003405,False
701004,7,5,"[2,2,1,1,3,3,2]","[1,3,2,3,2]","[[1,3],[0,1,2,3,4],[2],[0,2,4],[0,1,2],[0,1,2,4],[0,4]]",UNSAT,UNSAT,UNSAT,"[4, 6]",0.106132,0.105735,0.007284,False
701005,7,6,"[3,3,1,1,2,1,1]","[2,3,3,3,1,2]","[[0,1,3,4],[0,4,5],[0,3],[2],[0,1,2,3,4,5],[3],[3,4]]",UNSAT,UNSAT,UNSAT,"[0, 1, 2, 5, 6]",0.557607,0.076714,0.005477,False
701006,6,3,"[2,1,1,1,1,1]","[3,1,2]","[[0,1],[1],[1],[0],[0],[1,2]]",UNSAT,UNSAT,UNSAT,"[0, 1]",0.018583,0.044215,0.002713,False
701007,5,7,"[2,1,1,3,1]","[3,2,2,3,3,3,1]","[[0,3],[0,1,3,4,5,6],[1,3],[0,1,2,3,4,6],[2,4]]",FEASIBLE,FEASIBLE,FEASIBLE,null,0.171844,0.04541,0.003262,False
701008,7,2,"[1,2,2,1,2,1,2]","[2,3]","[[0,1],[0,1],[0,1],[1],[0,1],[0,1],[0,1]]",UNSAT,UNSAT,UNSAT,"[1, 2, 4]",0.08723,0.061729,0.003994,False
701009,7,1,"[1,1,1,1,1,1,1]",[2],"[[0],[0],[0],[0],[0],[0],[0]]",UNSAT,UNSAT,UNSAT,"[0, 1, 2]",0.037365,0.123341,0.002587,False
701010,6,2,"[1,1,1,1,1,1]","[3,3]","[[0],[0,1],[0,1],[0],[0],[0,1]]",FEASIBLE,FEASIBLE,FEASIBLE,null,0.134097,0.049455,0.002555,False
701011,1,6,[1],"[3,3,2,1,2,1]","[[1,2,5]]",FEASIBLE,FEASIBLE,FEASIBLE,null,0.006259,0.014635,0.001103,False
701012,7,6,"[2,2,3,1,2,1,1]","[1,3,3,2,3,2]","[[0,1,2,3,4],[1,2,3,4],[0,2,3,4,5],[0,1,2,3,4,5],[1,2,4,5],[2,3,4,5],[3]]",FEASIBLE,FEASIBLE,FEASIBLE,null,0.802469,0.09806,0.005771,False
701013,4,2,"[2,1,1,1]","[2,3]","[[0,1],[0],[1],[1]]",FEASIBLE,FEASIBLE,FEASIBLE,null,0.035083,0.027327,0.00147,False
701014,1,7,[3],"[1,2,1,3,3,2,1]","[[0,1,2,3,4,5,6]]",FEASIBLE,FEASIBLE,FEASIBLE,null,0.006767,0.023794,0.00154,False
701015,2,7,"[2,2]","[1,3,2,2,3,1,1]","[[1,2,6],[0,1,2,3,4,5,6]]",FEASIBLE,FEASIBLE,FEASIBLE,null,0.017874,0.037145,0.002078,False
701016,2,1,"[1,1]",[1],"[[0],[0]]",UNSAT,UNSAT,UNSAT,"[0, 1]",0.00598,0.029547,0.001189,False
701017,6,5,"[2,1,2,1,1,1]","[2,1,3,3,1]","[[0,1],[0,1,2,3,4],[0,1,2,3,4],[3],[0,1,2,3,4],[1,2,4]]",FEASIBLE,FEASIBLE,FEASIBLE,null,0.272198,0.05232,0.003626,False
701018,4,7,"[3,1,2,1]","[3,2,2,2,3,3,1]","[[0,1,2,3,4,5],[0,1,2,3,4,5,6],[0,1,2,3,4,5],[2]]",FEASIBLE,FEASIBLE,FEASIBLE,null,0.082692,0.042387,0.003042,False
701019,3,2,"[2,1,1]","[2,3]","[[0,1],[0,1],[1]]",FEASIBLE,FEASIBLE,FEASIBLE,null,0.016125,0.022563,0.001284,False
701020,2,6,"[3,2]","[1,3,1,1,2,3]","[[0,1,2,3,4,5],[2,3,4,5]]",FEASIBLE,FEASIBLE,FEASIBLE,null,0.015267,0.125324,0.001998,False
701021,7,3,"[1,1,2,1,1,1,1]","[2,3,3]","[[2],[0,1,2],[0,1,2],[0],[0],[2],[0]]",UNSAT,UNSAT,UNSAT,"[3, 4, 6]",0.161628,0.067402,0.003874,False
701022,2,3,"[2,1]","[3,1,3]","[[0,1,2],[1]]",FEASIBLE,FEASIBLE,FEASIBLE,null,0.010139,0.027112,0.00217,False
701023,6,3,"[1,1,1,1,1,1]","[2,2,2]","[[1],[2],[0,1,2],[0],[0,1],[1,2]]",FEASIBLE,FEASIBLE,FEASIBLE,null,0.197324,0.036893,0.002312,False
701024,4,1,"[1,1,1,1]",[1],"[[0],[0],[0],[0]]",UNSAT,UNSAT,UNSAT,"[0, 1]",0.008923,0.030129,0.001971,False
701025,7,2,"[1,1,1,1,1,1,2]","[2,3]","[[0,1],[1],[0],[0,1],[1],[1],[0,1]]",UNSAT,UNSAT,UNSAT,"[1, 4, 5, 6]",0.19955,0.053596,0.0036,False
701026,3,5,"[1,1,2]","[2,1,2,1,2]","[[0,1,2,3,4],[1],[0,1,2,3]]",FEASIBLE,FEASIBLE,FEASIBLE,null,0.029385,0.029452,0.001964,False
701027,3,4,"[3,1,1]","[3,2,1,3]","[[0,1,3],[0,1,2,3],[0,3]]",FEASIBLE,FEASIBLE,FEASIBLE,null,0.024956,0.02866,0.00185,False
701028,4,2,"[1,2,1,2]","[1,3]","[[0,1],[0,1],[1],[0,1]]",UNSAT,UNSAT,UNSAT,"[1, 3]",0.01962,0.040356,0.002612,False
701029,3,2,"[2,1,1]","[2,2]","[[0,1],[0,1],[0,1]]",FEASIBLE,FEASIBLE,FEASIBLE,null,0.015877,0.023902,0.001338,False
701030,7,3,"[1,1,1,2,2,1,1]","[1,3,3]","[[1,2],[0],[0,1,2],[0,2],[0,2],[1],[2]]",UNSAT,UNSAT,UNSAT,"[1, 3]",0.038505,0.053019,0.003372,False
701031,7,5,"[2,1,3,1,3,1,1]","[2,2,2,3,2]","[[0,1,3,4],[2,3,4],[0,2,3,4],[0],[1,2,3],[1,2],[2]]",UNSAT,UNSAT,UNSAT,"[0, 1, 2, 3, 4, 5, 6]",0.585876,0.099095,0.006757,False
701032,2,3,"[1,1]","[1,1,2]","[[0,1],[1]]",FEASIBLE,FEASIBLE,FEASIBLE,null,0.009782,0.121745,0.001079,False
701033,4,3,"[2,2,1,1]","[2,3,1]","[[1,2],[0,1,2],[0,1,2],[0,1,2]]",FEASIBLE,FEASIBLE,FEASIBLE,null,0.042558,0.033833,0.001941,False
701034,1,2,[1],"[2,3]",[[0]],FEASIBLE,FEASIBLE,FEASIBLE,null,0.00365,0.010335,0.000715,False
701035,6,2,"[1,1,1,1,2,1]","[3,2]","[[0,1],[0,1],[1],[1],[0,1],[1]]",UNSAT,UNSAT,UNSAT,"[2, 3, 4]",0.078886,0.046168,0.002692,False
701036,7,7,"[1,2,1,3,2,1,1]","[2,3,3,1,2,2,1]","[[5],[3,5,6],[0,1,3,5],[1,3,4,6],[3,5],[1,2,6],[1]]",UNSAT,UNSAT,UNSAT,"[0, 1, 4]",0.165603,0.06802,0.00532,False
701037,7,4,"[1,1,1,1,1,1,1]","[1,3,2,3]","[[1],[0,1,2,3],[2],[0],[0],[2,3],[0,3]]",UNSAT,UNSAT,UNSAT,"[3, 4]",0.07372,0.062916,0.003813,False
701038,3,7,"[2,2,3]","[3,1,1,3,3,3,2]","[[0,1,2,3,4,5,6],[2,6],[0,1,2,3,4]]",FEASIBLE,FEASIBLE,FEASIBLE,null,0.038806,0.040663,0.002873,False
701039,2,2,"[1,1]","[1,1]","[[0,1],[1]]",FEASIBLE,FEASIBLE,FEASIBLE,null,0.007865,0.017142,0.001021,False
701040,1,5,[1],"[3,3,1,2,3]","[[0,1,2,3,4]]",FEASIBLE,FEASIBLE,FEASIBLE,null,0.005225,0.014484,0.001252,False
701041,1,3,[3],"[3,1,2]","[[0,1,2]]",FEASIBLE,FEASIBLE,FEASIBLE,null,0.004062,0.016248,0.000988,False
701042,3,6,"[3,3,1]","[3,3,1,1,1,1]","[[0,1,3],[1,3,5],[0,1,3,5]]",UNSAT,UNSAT,UNSAT,"[0, 1]",0.019111,0.042741,0.002858,False
701043,6,3,"[3,1,1,1,1,1]","[3,1,3]","[[0,1,2],[0],[0],[1],[0],[1,2]]",UNSAT,UNSAT,UNSAT,"[0, 3]",0.023869,0.049381,0.003197,False
701044,2,5,"[3,1]","[2,1,3,1,3]","[[0,1,2,3,4],[0,1,2,3,4]]",FEASIBLE,FEASIBLE,FEASIBLE,null,0.014988,0.028539,0.001878,False
701045,2,2,"[1,2]","[3,1]","[[0,1],[0,1]]",FEASIBLE,FEASIBLE,FEASIBLE,null,0.008357,0.018517,0.001052,False
701046,1,1,[1],[3],[[0]],FEASIBLE,FEASIBLE,FEASIBLE,null,0.002905,0.009442,0.000651,False
701047,1,5,[1],"[1,3,2,3,1]",[[1]],FEASIBLE,FEASIBLE,FEASIBLE,null,0.005184,0.011684,0.00089,False
701048,2,3,"[1,1]","[2,2,3]","[[0],[0,1,2]]",FEASIBLE,FEASIBLE,FEASIBLE,null,0.009563,0.016671,0.001248,False
701049,7,6,"[3,1,1,2,3,1,1]","[1,2,2,1,3,3]","[[1,2,3,4,5],[0],[0,2,3],[0,2],[0,1,3,5],[4],[1]]",UNSAT,UNSAT,UNSAT,"[1, 3]",0.069088,0.09484,0.006442,False
701050,3,3,"[1,3,1]","[2,2,1]","[[0,1,2],[0,1,2],[0,2]]",FEASIBLE,FEASIBLE,FEASIBLE,null,0.021221,0.037814,0.002171,False
701051,6,5,"[1,1,2,2,2,3]","[2,2,3,2,1]","[[0,1,2,3,4],[0,4],[0,1,2,4],[2,3],[1,2,4],[0,1,2,3]]",UNSAT,UNSAT,UNSAT,"[0, 1, 2, 3, 4, 5]",0.299417,0.101705,0.006808,False
701052,2,4,"[2,1]","[3,1,2,1]","[[0,1,2,3],[2,3]]",FEASIBLE,FEASIBLE,FEASIBLE,null,0.012433,0.022006,0.001398,False
701053,6,4,"[3,1,1,1,1,1]","[3,3,2,3]","[[0,1,2,3],[0,1,2,3],[2],[0,1,2,3],[0,1,3],[2]]",FEASIBLE,FEASIBLE,FEASIBLE,null,0.225821,0.056563,0.003597,False
701054,1,4,[1],"[1,1,3,2]",[[0]],FEASIBLE,FEASIBLE,FEASIBLE,null,0.004991,0.012122,0.000719,False
701055,1,2,[1],"[1,3]",[[1]],FEASIBLE,FEASIBLE,FEASIBLE,null,0.003443,0.010536,0.000685,False
701056,6,7,"[3,3,1,3,1,1]","[3,1,2,3,3,2,2]","[[0,1,2,3,5,6],[1,3,4],[1,5],[0,1,3,4,5,6],[3,4],[3,5,6]]",FEASIBLE,FEASIBLE,FEASIBLE,null,0.372043,0.088374,0.005044,False
701057,6,4,"[3,1,1,1,3,3]","[2,3,3,3]","[[0,1,2,3],[0,1,2,3],[1,3],[2,3],[0,2,3],[0,1,2,3]]",UNSAT,UNSAT,UNSAT,"[0, 1, 2, 3, 4, 5]",0.230139,0.186333,0.006366,False
701058,4,4,"[1,1,2,1]","[3,1,3,2]","[[0,1,2,3],[3],[1,2],[2]]",FEASIBLE,FEASIBLE,FEASIBLE,null,0.054615,0.030308,0.001766,False
701059,6,1,"[1,1,1,1,1,1]",[3],"[[0],[0],[0],[0],[0],[0]]",UNSAT,UNSAT,UNSAT,"[0, 1, 2, 3]",0.058179,0.06247,0.002425,False
701060,1,7,[1],"[2,1,2,2,2,2,3]","[[5,6]]",FEASIBLE,FEASIBLE,FEASIBLE,null,0.007059,0.027772,0.001018,False
701061,4,2,"[2,1,1,1]","[2,2]","[[0,1],[1],[1],[1]]",UNSAT,UNSAT,UNSAT,"[0, 1, 2]",0.02545,0.036162,0.002103,False
701062,2,2,"[1,1]","[2,2]","[[1],[0,1]]",FEASIBLE,FEASIBLE,FEASIBLE,null,0.008416,0.016832,0.000972,False
701063,4,4,"[1,2,3,2]","[2,2,2,1]","[[0],[2,3],[1,2,3],[0,1,2,3]]",UNSAT,UNSAT,UNSAT,"[1, 2]",0.028488,0.047496,0.002845,False
701064,3,1,"[1,1,1]",[3],"[[0],[0],[0]]",FEASIBLE,FEASIBLE,FEASIBLE,null,0.011863,0.019126,0.000975,False
701065,5,7,"[1,2,1,1,1]","[2,3,2,3,2,1,3]","[[2,3,4,5],[2,3,4,6],[0,1,3,4,5],[3,6],[0,2]]",FEASIBLE,FEASIBLE,FEASIBLE,null,0.178859,0.040463,0.003089,False
701066,5,1,"[1,1,1,1,1]",[1],"[[0],[0],[0],[0],[0]]",UNSAT,UNSAT,UNSAT,"[0, 1]",0.009432,0.034429,0.002053,False
701067,4,7,"[2,1,1,3]","[1,3,1,3,2,3,1]","[[0,1,2,3,4,5,6],[5],[0,1,2,5],[0,2,3,5,6]]",FEASIBLE,FEASIBLE,FEASIBLE,null,0.093857,0.045276,0.003036,False
701068,5,3,"[1,1,1,1,2]","[3,2,3]","[[0,1,2],[0],[0,1,2],[0,1,2],[0,1,2]]",FEASIBLE,FEASIBLE,FEASIBLE,null,0.088443,0.038677,0.002225,False
701069,5,3,"[2,1,1,1,2]","[2,2,3]","[[0,2],[0,1,2],[2],[1,2],[1,2]]",FEASIBLE,FEASIBLE,FEASIBLE,null,0.090238,0.135777,0.002021,False
701070,6,6,"[3,1,1,2,1,3]","[3,2,2,1,2,1]","[[1,2,3,4,5],[4],[4],[0,2],[5],[0,1,2,3,4,5]]",UNSAT,UNSAT,UNSAT,"[0, 1, 2, 3, 4, 5]",0.332395,0.071481,0.004889,False
701071,7,7,"[3,3,2,1,1,2,1]","[1,2,1,3,2,3,3]","[[1,3,4,6],[0,1,2,3,4,5,6],[0,1,2,3,4,6],[3,4],[1,6],[2,5,6],[1,2,3]]",FEASIBLE,FEASIBLE,FEASIBLE,null,0.818702,0.090741,0.005696,False
701072,3,7,"[1,2,1]","[1,1,1,3,3,1,3]","[[3,4,5,6],[1,2,3,4,6],[2,3,4]]",FEASIBLE,FEASIBLE,FEASIBLE,null,0.040086,0.031817,0.002259,False
701073,2,3,"[1,1]","[1,2,1]","[[0,1],[1,2]]",FEASIBLE,FEASIBLE,FEASIBLE,null,0.010559,0.017512,0.001182,False
701074,1,4,[2],"[3,3,3,3]","[[0,1,2,3]]",FEASIBLE,FEASIBLE,FEASIBLE,null,0.004991,0.016293,0.001123,False
701075,4,1,"[1,1,1,1]",[2],"[[0],[0],[0],[0]]",UNSAT,UNSAT,UNSAT,"[0, 1, 2]",0.016957,0.030963,0.001614,False
701076,6,7,"[2,1,1,2,2,2]","[3,1,1,1,1,2,2]","[[0,1],[0,1,2,3,4,5,6],[3],[0,1,2,3,4,5,6],[0,5],[0,1,6]]",FEASIBLE,FEASIBLE,FEASIBLE,null,0.377953,0.079301,0.004685,False
701077,2,3,"[2,2]","[1,1,3]","[[0,2],[0,1]]",UNSAT,UNSAT,UNSAT,"[0, 1]",0.009997,0.030352,0.001965,False
701078,3,7,"[1,2,1]","[2,1,2,2,2,3,3]","[[0,1,2,3,4,5,6],[0,2,3,4,5,6],[1]]",FEASIBLE,FEASIBLE,FEASIBLE,null,0.039228,0.032831,0.002559,False
701079,5,5,"[1,3,1,3,1]","[2,2,2,2,2]","[[1],[2,3,4],[3],[0,1,3,4],[0,1,4]]",FEASIBLE,FEASIBLE,FEASIBLE,null,0.133578,0.194523,0.002591,False
701080,5,4,"[2,1,1,1,2]","[3,1,3,3]","[[0,1,2,3],[2],[0],[0,2],[0,1,2,3]]",FEASIBLE,FEASIBLE,FEASIBLE,null,0.113225,0.040426,0.002236,False
701081,5,1,"[1,1,1,1,1]",[2],"[[0],[0],[0],[0],[0]]",UNSAT,UNSAT,UNSAT,"[0, 1, 2]",0.02341,0.036264,0.001919,False
701082,7,3,"[1,1,1,3,1,1,3]","[3,1,1]","[[0,1],[1],[1],[0,1,2],[2],[0],[0,1,2]]",UNSAT,UNSAT,UNSAT,"[1, 2]",0.038197,0.059624,0.004023,False
701083,2,4,"[2,2]","[3,3,2,3]","[[0,1,2],[0,3]]",FEASIBLE,FEASIBLE,FEASIBLE,null,0.012441,0.023267,0.001426,False
701084,3,2,"[1,1,2]","[2,2]","[[1],[0],[0,1]]",FEASIBLE,FEASIBLE,FEASIBLE,null,0.01665,0.021964,0.001286,False
701085,5,2,"[2,1,2,2,1]","[1,2]","[[0,1],[0],[0,1],[0,1],[1]]",UNSAT,UNSAT,UNSAT,"[0, 1]",0.01622,0.044567,0.002887,False
701086,7,6,"[2,1,1,1,2,2,1]","[3,3,1,3,3,1]","[[0,1,2,3,4,5],[0,1,3,4,5],[4],[0,1,3,5],[4,5],[0,1,2,3,4,5],[0,1]]",FEASIBLE,FEASIBLE,FEASIBLE,null,0.69546,0.075876,0.004309,False
701087,5,5,"[3,3,2,2,3]","[2,1,3,2,1]","[[0,1,2,3,4],[0,1,2,3],[0,1,2,4],[1,3,4],[0,1,2,3,4]]",UNSAT,UNSAT,UNSAT,"[0, 1, 2, 3]",0.155177,0.080996,0.00549,False
701088,4,2,"[1,1,1,2]","[3,2]","[[0],[0],[0],[0,1]]",UNSAT,UNSAT,UNSAT,"[0, 1, 2, 3]",0.033981,0.037537,0.002119,False
701089,6,4,"[2,2,1,3,2,1]","[1,2,3,1]","[[1,3],[0,1,2,3],[3],[0,2,3],[0,1,3],[3]]",UNSAT,UNSAT,UNSAT,"[0, 2]",0.028756,0.089474,0.005363,False
701090,7,1,"[1,1,1,1,1,1,1]",[3],"[[0],[0],[0],[0],[0],[0],[0]]",UNSAT,UNSAT,UNSAT,"[0, 1, 2, 3]",0.089549,3.52371,0.002572,False
701091,6,4,"[2,1,2,1,2,3]","[2,1,3,1]","[[1,3],[2],[0,1],[2],[0,2,3],[0,1,3]]",UNSAT,UNSAT,UNSAT,"[0, 2]",0.031058,0.061105,0.003741,False
701092,7,7,"[2,2,3,2,2,2,2]","[1,3,1,1,1,1,3]","[[0,2,5],[1,3],[0,3,4],[2,5],[2,4,5],[1,2],[0,1,4]]",UNSAT,UNSAT,UNSAT,"[0, 3]",0.053772,0.078903,0.005881,False
701093,3,6,"[2,2,3]","[2,2,1,2,2,2]","[[0,1,3,5],[0,1,2,3,4,5],[0,1,2,3,4]]",FEASIBLE,FEASIBLE,FEASIBLE,null,0.036507,0.042961,0.002838,False
701094,1,2,[2],"[2,1]","[[0,1]]",FEASIBLE,FEASIBLE,FEASIBLE,null,0.003952,0.014428,0.000756,False
701095,2,1,"[1,1]",[3],"[[0],[0]]",FEASIBLE,FEASIBLE,FEASIBLE,null,0.006586,0.014734,0.00074,False
701096,3,4,"[1,2,3]","[2,2,1,1]","[[2,3],[0,1,2,3],[0,2,3]]",UNSAT,UNSAT,UNSAT,"[0, 2]",0.01865,0.04394,0.003058,False
701097,3,5,"[1,2,2]","[1,3,1,2,1]","[[4],[0,1,2,3,4],[1,4]]",UNSAT,UNSAT,UNSAT,"[0, 2]",0.022384,0.039154,0.002581,False
701098,6,2,"[1,1,1,2,1,1]","[1,2]","[[0],[1],[0],[0,1],[1],[1]]",UNSAT,UNSAT,UNSAT,"[0, 2]",0.017536,0.104525,0.002824,False
701099,5,7,"[1,1,3,2,2]","[1,3,3,1,2,1,3]","[[0,1,2,3,4,6],[3],[1,2,4,5],[1,4],[1,2,5]]",FEASIBLE,FEASIBLE,FEASIBLE,null,0.185942,0.048099,0.003256,False
701100,7,6,"[1,1,2,2,2,1,1]","[2,2,1,2,3,3]","[[2],[0,1,3,4,5],[0,1,2,3],[0,2,5],[0,4],[4,5],[1]]",FEASIBLE,FEASIBLE,FEASIBLE,null,0.724376,0.074421,0.004339,False
701101,2,4,"[1,1]","[3,2,1,3]","[[0],[1]]",FEASIBLE,FEASIBLE,FEASIBLE,null,0.012091,0.017124,0.000997,False
701102,5,1,"[1,1,1,1,1]",[3],"[[0],[0],[0],[0],[0]]",UNSAT,UNSAT,UNSAT,"[0, 1, 2, 3]",0.03945,0.03634,0.001842,False
701103,1,5,[2],"[1,3,1,1,2]","[[0,1,3,4]]",FEASIBLE,FEASIBLE,FEASIBLE,null,0.005768,0.018049,0.001202,False
701104,3,3,"[1,1,3]","[3,1,3]","[[2],[1,2],[0,1,2]]",FEASIBLE,FEASIBLE,FEASIBLE,null,0.021095,0.035626,0.002075,False
701105,2,1,"[1,1]",[1],"[[0],[0]]",UNSAT,UNSAT,UNSAT,"[0, 1]",0.006319,0.022197,0.001103,False
701106,4,6,"[1,1,1,1]","[2,3,1,1,2,2]","[[4,5],[5],[0,2,4,5],[1,4]]",FEASIBLE,FEASIBLE,FEASIBLE,null,0.07267,0.029602,0.001946,False
701107,2,3,"[2,1]","[2,2,2]","[[0,1,2],[0]]",FEASIBLE,FEASIBLE,FEASIBLE,null,0.009831,0.01947,0.001191,False
701108,2,2,"[1,2]","[1,1]","[[0],[0,1]]",UNSAT,UNSAT,UNSAT,"[0, 1]",0.007759,0.025792,0.001489,False
701109,1,5,[3],"[1,2,1,2,1]","[[0,1,2,3,4]]",FEASIBLE,FEASIBLE,FEASIBLE,null,0.005289,0.020655,0.001264,False
701110,7,2,"[1,1,1,1,1,1,2]","[2,1]","[[1],[1],[0,1],[1],[1],[0],[0,1]]",UNSAT,UNSAT,UNSAT,"[0, 1]",0.016361,0.142566,0.003235,False
701111,2,7,"[3,3]","[2,2,2,1,1,1,3]","[[0,1,4,6],[0,1,2,3,5,6]]",FEASIBLE,FEASIBLE,FEASIBLE,null,0.017676,0.033274,0.002119,False
701112,7,7,"[2,1,1,3,2,2,1]","[3,2,3,2,3,3,2]","[[1,2,5],[0],[2],[0,3,5,6],[3,6],[0,1,2,4,5,6],[0,1,2,3,4,5,6]]",FEASIBLE,FEASIBLE,FEASIBLE,null,0.811372,0.064904,0.004405,False
701113,5,1,"[1,1,1,1,1]",[1],"[[0],[0],[0],[0],[0]]",UNSAT,UNSAT,UNSAT,"[0, 1]",0.009866,0.034872,0.001816,False
701114,2,3,"[1,2]","[1,1,3]","[[0,2],[1,2]]",FEASIBLE,FEASIBLE,FEASIBLE,null,0.01028,0.019725,0.00128,False
701115,5,2,"[2,1,1,1,1]","[2,3]","[[0,1],[0],[0],[1],[0]]",UNSAT,UNSAT,UNSAT,"[0, 1, 2]",0.033151,0.039239,0.002376,False
701116,1,4,[1],"[3,3,2,2]",[[2]],FEASIBLE,FEASIBLE,FEASIBLE,null,0.004945,0.012829,0.000739,False
701117,6,2,"[1,1,1,2,1,2]","[3,3]","[[1],[1],[0],[0,1],[0],[0,1]]",UNSAT,UNSAT,UNSAT,"[0, 1, 3, 5]",0.094865,0.047425,0.002943,False
701118,3,4,"[1,1,3]","[1,1,3,1]","[[1,3],[3],[0,1,2,3]]",UNSAT,UNSAT,UNSAT,"[0, 1, 2]",0.025715,0.039012,0.002605,False
701119,7,2,"[2,1,2,1,1,1,1]","[1,1]","[[0,1],[0],[0,1],[0],[0],[0],[1]]",UNSAT,UNSAT,UNSAT,"[0, 1]",0.01731,0.049733,0.002956,False
701120,7,3,"[2,2,3,2,2,1,1]","[3,1,2]","[[0,1,2],[0,1,2],[0,1,2],[0,2],[0,2],[0],[1]]",UNSAT,UNSAT,UNSAT,"[2, 6]",0.057459,0.063361,0.004411,False
701121,6,1,"[1,1,1,1,1,1]",[1],"[[0],[0],[0],[0],[0],[0]]",UNSAT,UNSAT,UNSAT,"[0, 1]",0.010763,0.047433,0.002101,False
701122,5,6,"[3,3,1,2,2]","[3,1,3,3,1,3]","[[0,1,2],[0,2,4,5],[0],[0,1,2,4,5],[0,1,2,3,4,5]]",FEASIBLE,FEASIBLE,FEASIBLE,null,0.373427,0.155363,0.003502,False
701123,2,4,"[1,1]","[1,3,1,1]","[[0,1],[3]]",FEASIBLE,FEASIBLE,FEASIBLE,null,0.013081,0.018164,0.001094,False
701124,7,6,"[1,2,1,2,2,1,1]","[2,1,2,1,2,2]","[[1],[0,1,2,3,4,5],[3],[0,2,3,4,5],[0,1,2,3,4,5],[0],[0,2,3]]",FEASIBLE,FEASIBLE,FEASIBLE,null,0.880585,0.087407,0.004884,False
701125,6,7,"[1,1,1,2,3,3]","[1,2,2,2,2,3,3]","[[0,4],[1,2,3,4,6],[0,1,2,3,4,5,6],[1,2,3,4,5,6],[0,1,2,3,4,5],[0,1,2,3,4,5,6]]",FEASIBLE,FEASIBLE,FEASIBLE,null,0.377313,0.071718,0.00566,False
701126,6,3,"[2,2,1,1,1,2]","[3,2,2]","[[0,2],[1,2],[2],[1],[0,2],[1,2]]",UNSAT,UNSAT,UNSAT,"[0, 1, 2]",0.059269,0.053116,0.003459,False
701127,4,6,"[1,3,2,2]","[2,3,1,3,3,3]","[[2,4],[1,2,3],[0,5],[0,1,2,3,4,5]]",FEASIBLE,FEASIBLE,FEASIBLE,null,0.074731,0.052787,0.00309,False
701128,7,4,"[1,1,1,1,1,3,2]","[1,3,3,2]","[[0,1,3],[1],[3],[0,2],[2],[0,1,2,3],[0,1,2,3]]",UNSAT,UNSAT,UNSAT,"[0, 1, 2, 3, 4, 5, 6]",0.460101,0.067487,0.00501,False
701129,2,2,"[1,2]","[3,1]","[[0],[0,1]]",FEASIBLE,FEASIBLE,FEASIBLE,null,0.007987,0.019793,0.000971,False
701130,7,6,"[1,2,1,3,3,2,1]","[1,2,1,2,3,2]","[[3],[1,2],[0,5],[1,2,3,5],[0,1,2,3,4,5],[0,2,3],[0,1,5]]",UNSAT,UNSAT,UNSAT,"[0, 1, 3, 5]",0.325884,0.158547,0.00597,False
701131,2,1,"[1,1]",[1],"[[0],[0]]",UNSAT,UNSAT,UNSAT,"[0, 1]",0.006295,0.022312,0.001084,False
701132,4,3,"[1,1,1,2]","[2,2,1]","[[1,2],[2],[0,1],[0,1]]",FEASIBLE,FEASIBLE,FEASIBLE,null,0.043893,0.027849,0.001686,False
701133,2,5,"[2,1]","[1,1,1,1,3]","[[2,3,4],[1,3,4]]",FEASIBLE,FEASIBLE,FEASIBLE,null,0.013531,0.021521,0.001547,False
701134,5,3,"[2,3,2,1,2]","[2,2,1]","[[0,1,2],[0,1,2],[1,2],[0,1],[0,1,2]]",UNSAT,UNSAT,UNSAT,"[1, 2]",0.027068,0.052656,0.00368,False
701135,1,2,[1],"[3,1]",[[1]],FEASIBLE,FEASIBLE,FEASIBLE,null,0.003717,0.011086,0.000692,False
701136,5,7,"[2,2,1,2,2]","[3,3,3,3,1,2,1]","[[0,1,2,4,5,6],[1,2],[4],[0,1,3,4,5],[0,1,2,3,4,5,6]]",FEASIBLE,FEASIBLE,FEASIBLE,null,0.175464,0.048824,0.003552,False
701137,6,1,"[1,1,1,1,1,1]",[2],"[[0],[0],[0],[0],[0],[0]]",UNSAT,UNSAT,UNSAT,"[0, 1, 2]",0.03002,0.03943,0.002183,False
701138,3,6,"[1,2,1]","[2,2,3,2,1,3]","[[0,1,2,3,4,5],[0,1,2,4],[0,2,5]]",FEASIBLE,FEASIBLE,FEASIBLE,null,0.033608,0.041138,0.002283,False
701139,5,1,"[1,1,1,1,1]",[2],"[[0],[0],[0],[0],[0]]",UNSAT,UNSAT,UNSAT,"[0, 1, 2]",0.02274,0.034182,0.001825,False
701140,2,1,"[1,1]",[3],"[[0],[0]]",FEASIBLE,FEASIBLE,FEASIBLE,null,0.007677,0.01414,0.000686,False
701141,1,5,[1],"[3,3,3,2,2]",[[2]],FEASIBLE,FEASIBLE,FEASIBLE,null,0.005361,0.012202,0.001894,False
701142,4,7,"[1,1,3,2]","[3,1,3,2,3,2,2]","[[5],[2,4],[0,1,3,5],[1,2]]",FEASIBLE,FEASIBLE,FEASIBLE,null,0.081503,0.046895,0.003678,False
701143,5,5,"[2,3,1,1,2]","[1,3,2,1,3]","[[0,1],[2,3,4],[4],[1],[0,1]]",UNSAT,UNSAT,UNSAT,"[0, 4]",0.034685,0.142144,0.004059,False
701144,1,6,[1],"[1,1,2,3,2,3]",[[4]],FEASIBLE,FEASIBLE,FEASIBLE,null,0.010555,0.013522,0.000994,False
701145,1,2,[2],"[2,1]","[[0,1]]",FEASIBLE,FEASIBLE,FEASIBLE,null,0.003641,0.013649,0.000936,False
701146,5,5,"[3,1,1,1,2]","[1,2,2,2,3]","[[0,1,2,3,4],[0,3],[3,4],[2,3],[2,3]]",FEASIBLE,FEASIBLE,FEASIBLE,null,0.130066,0.066764,0.004002,False
701147,5,5,"[3,1,2,1,2]","[1,2,3,3,1]","[[0,1,2,3],[4],[1,2,3,4],[0,1,2,3,4],[0,1]]",FEASIBLE,FEASIBLE,FEASIBLE,null,0.134271,0.059257,0.004256,False
701148,6,3,"[1,2,1,2,1,1]","[2,3,2]","[[2],[0,1,2],[1,2],[0,1,2],[0,1],[2]]",UNSAT,UNSAT,UNSAT,"[0, 1, 2, 3, 4, 5]",0.181207,0.054125,0.004943,False
701149,7,7,"[1,1,2,1,1,2,1]","[2,1,1,2,1,2,2]","[[1,2,5,6],[1,2,3,4,5],[0,1,3,4,6],[4],[0],[1,2,3,4,5,6],[4]]",UNSAT,UNSAT,UNSAT,"[3, 6]",0.128437,0.064552,0.005486,False
701150,7,7,"[3,1,2,1,3,2,2]","[3,1,1,2,1,2,2]","[[0,1,4,6],[1,2,4],[1,3,4,5],[0,1,2,3,4,5,6],[1,2,4,5,6],[0,1,2,4,6],[0,1,2,3,4,5,6]]",UNSAT,UNSAT,UNSAT,"[0, 1, 4, 5]",0.406065,0.103837,0.010133,False
701151,5,6,"[2,2,1,1,1]","[3,3,3,3,2,3]","[[2,3],[0,1,2,3,4],[2,4,5],[5],[5]]",FEASIBLE,FEASIBLE,FEASIBLE,null,0.149616,0.038283,0.002805,False
701152,7,5,"[1,1,3,2,3,1,1]","[1,1,3,2,2]","[[0,1,2,3,4],[4],[0,1,2,4],[1,2],[0,2,3],[0,1,2,3,4],[0,1,2,3,4]]",UNSAT,UNSAT,UNSAT,"[2, 3, 4]",0.390741,0.184787,0.007199,False
701153,5,5,"[2,2,2,2,3]","[3,3,1,1,3]","[[0,1,2],[1,4],[0,2],[0,2],[0,3,4]]",UNSAT,UNSAT,UNSAT,"[2, 3]",0.050636,0.056652,0.004179,False
701154,7,4,"[3,2,1,1,3,3,3]","[2,3,2,3]","[[0,1,2,3],[1,2],[1],[2,3],[1,2,3],[0,1,2,3],[0,2,3]]",UNSAT,UNSAT,UNSAT,"[1, 4, 6]",0.336464,0.172672,0.005778,False
701155,4,3,"[1,1,2,2]","[1,1,2]","[[0,1],[0,1],[0,1,2],[1,2]]",UNSAT,UNSAT,UNSAT,"[0, 1, 2]",0.031245,0.043987,0.003209,False
701156,6,6,"[2,1,2,1,1,1]","[3,2,1,3,3,2]","[[0,2,4,5],[0,2,3,4,5],[0,1,2,3,4,5],[3],[2,3],[3]]",FEASIBLE,FEASIBLE,FEASIBLE,null,0.340821,0.048306,0.003463,False
701157,6,5,"[2,1,1,3,3,2]","[3,3,1,1,1]","[[0,1],[2,3,4],[0,1],[0,1,2,3,4],[0,1,2,4],[0,1,2,3,4]]",UNSAT,UNSAT,UNSAT,"[0, 3, 4, 5]",0.208788,0.082136,0.005915,False
701158,6,6,"[1,2,2,1,3,1]","[2,3,1,3,2,3]","[[0,2,3,4],[3,4],[0,5],[3],[0,1,2,3],[5]]",FEASIBLE,FEASIBLE,FEASIBLE,null,0.320715,0.0497,0.003179,False
701159,6,1,"[1,1,1,1,1,1]",[2],"[[0],[0],[0],[0],[0],[0]]",UNSAT,UNSAT,UNSAT,"[0, 1, 2]",0.02899,0.03902,0.002809,False
701160,4,6,"[2,1,1,1]","[1,2,3,3,2,3]","[[0,1,2,3,4,5],[0,1,2,3,4,5],[1],[4]]",FEASIBLE,FEASIBLE,FEASIBLE,null,0.070975,0.047531,0.003503,False
701161,2,1,"[1,1]",[2],"[[0],[0]]",FEASIBLE,FEASIBLE,FEASIBLE,null,0.006047,0.014279,0.000949,False
701162,6,7,"[1,2,1,3,3,2]","[1,1,2,3,2,3,2]","[[0,2,3,4,6],[0,1,3,4,6],[0,1,3,5,6],[0,1,2,3,4,6],[1,2,5,6],[0,5,6]]",FEASIBLE,FEASIBLE,FEASIBLE,null,0.48039,0.068238,0.004673,False
701163,6,1,"[1,1,1,1,1,1]",[2],"[[0],[0],[0],[0],[0],[0]]",UNSAT,UNSAT,UNSAT,"[0, 1, 2]",0.029943,0.038812,0.002389,False
701164,4,2,"[1,1,1,2]","[2,1]","[[1],[0,1],[0,1],[0,1]]",UNSAT,UNSAT,UNSAT,"[0, 3]",0.015564,0.036971,0.002542,False
701165,3,7,"[3,3,1]","[1,1,1,1,2,1,3]","[[1,2,3,4,5,6],[2,4,5],[5]]",UNSAT,UNSAT,UNSAT,"[1, 2]",0.045427,0.055401,0.003659,False
701166,3,1,"[1,1,1]",[1],"[[0],[0],[0]]",UNSAT,UNSAT,UNSAT,"[0, 1]",0.007327,0.025624,0.001703,False
701167,3,4,"[1,2,3]","[3,1,3,1]","[[0,1,2],[1,2,3],[0,1,2,3]]",FEASIBLE,FEASIBLE,FEASIBLE,null,0.025063,0.032517,0.002081,False
701168,5,5,"[3,1,1,1,3]","[3,2,1,3,1]","[[0,1,2,4],[4],[0,1,3,4],[0,2,3],[0,2,3,4]]",UNSAT,UNSAT,UNSAT,"[0, 1, 4]",0.070983,0.072231,0.005082,False
701169,3,1,"[1,1,1]",[2],"[[0],[0],[0]]",UNSAT,UNSAT,UNSAT,"[0, 1, 2]",0.011425,0.032153,0.002736,False
701170,4,1,"[1,1,1,1]",[2],"[[0],[0],[0],[0]]",UNSAT,UNSAT,UNSAT,"[0, 1, 2]",0.017084,0.03064,0.002358,False
701171,3,1,"[1,1,1]",[1],"[[0],[0],[0]]",UNSAT,UNSAT,UNSAT,"[0, 1]",0.006804,0.025441,0.001234,False
701172,7,3,"[1,2,2,1,1,2,1]","[1,2,1]","[[0],[0,1],[0,1,2],[1],[2],[0,2],[1]]",UNSAT,UNSAT,UNSAT,"[0, 1]",0.020657,0.054377,0.004445,False
701173,6,5,"[2,1,2,3,2,1]","[3,3,1,3,1]","[[0,1,2,3,4],[0,3,4],[0,1,2,3,4],[0,1,3,4],[0,1,2,3,4],[4]]",FEASIBLE,FEASIBLE,FEASIBLE,null,0.265644,0.156296,0.005212,False
701174,2,2,"[1,1]","[3,3]","[[0,1],[0]]",FEASIBLE,FEASIBLE,FEASIBLE,null,0.008467,0.015501,0.001136,False
701175,2,2,"[2,1]","[3,2]","[[0,1],[0]]",FEASIBLE,FEASIBLE,FEASIBLE,null,0.007325,0.017065,0.00086,False
701176,5,7,"[1,2,1,2,1]","[2,3,2,2,3,3,3]","[[0,1,2,3,4,5,6],[0,1,2,3,4,6],[0,2],[3,5,6],[3,6]]",FEASIBLE,FEASIBLE,FEASIBLE,null,0.189945,0.04597,0.003474,False
701177,2,1,"[1,1]",[3],"[[0],[0]]",FEASIBLE,FEASIBLE,FEASIBLE,null,0.006368,0.014519,0.000755,False
701178,6,7,"[1,3,1,3,1,2]","[3,2,3,1,3,1,2]","[[2],[0,2,3,4,5,6],[0,2],[0,1,3,4,6],[1,3,6],[0,1,2,4,6]]",FEASIBLE,FEASIBLE,FEASIBLE,null,0.365804,0.056458,0.004116,False
701179,1,6,[2],"[3,2,3,1,1,2]","[[0,2,4,5]]",FEASIBLE,FEASIBLE,FEASIBLE,null,0.006128,0.017289,0.00144,False
701180,6,1,"[1,1,1,1,1,1]",[2],"[[0],[0],[0],[0],[0],[0]]",UNSAT,UNSAT,UNSAT,"[0, 1, 2]",0.029249,0.037658,0.002189,False
701181,4,1,"[1,1,1,1]",[1],"[[0],[0],[0],[0]]",UNSAT,UNSAT,UNSAT,"[0, 1]",0.008144,0.029481,0.001755,False
701182,6,5,"[3,3,2,3,1,3]","[2,1,3,1,1]","[[0,2,3,4],[0,1,2,3,4],[0,1,2,3],[0,1,2,4],[3],[0,1,2,3]]",UNSAT,UNSAT,UNSAT,"[0, 1, 3]",0.089178,0.07628,0.005898,False
701183,4,5,"[2,3,2,1]","[2,1,2,1,1]","[[0,1,2,3,4],[0,1,2,4],[0,1,3],[0,1]]",UNSAT,UNSAT,UNSAT,"[0, 1, 2, 3]",0.060617,0.074875,0.005426,False
701184,7,3,"[1,2,1,1,3,3,2]","[3,2,3]","[[0,1,2],[0,2],[1,2],[2],[0,1,2],[0,1,2],[0,1,2]]",UNSAT,UNSAT,UNSAT,"[0, 1, 4, 5]",0.186945,0.148781,0.004692,False
701185,1,2,[1],"[1,2]","[[0,1]]",FEASIBLE,FEASIBLE,FEASIBLE,null,0.183647,0.014533,0.000822,False
701186,7,6,"[3,3,1,3,1,3,3]","[2,1,3,2,2,3]","[[1,2,3],[1,2,3],[0,2],[2,3,4],[0],[0,1,2,4,5],[0,1,2,3,4,5]]",UNSAT,UNSAT,UNSAT,"[0, 1]",0.036406,0.098967,0.006465,False
701187,2,5,"[2,1]","[1,1,3,2,2]","[[0,1,3,4],[1]]",FEASIBLE,FEASIBLE,FEASIBLE,null,0.014092,0.029713,0.001861,False
701188,3,5,"[2,1,1]","[2,1,2,2,3]","[[3,4],[4],[3]]",FEASIBLE,FEASIBLE,FEASIBLE,null,0.028939,0.023226,0.001659,False
701189,3,1,"[1,1,1]",[1],"[[0],[0],[0]]",UNSAT,UNSAT,UNSAT,"[0, 1]",0.007003,0.025108,0.001326,False
701190,1,4,[2],"[2,2,3,2]","[[0,1,2]]",FEASIBLE,FEASIBLE,FEASIBLE,null,0.004745,0.016094,0.001103,False
701191,1,1,[1],[1],[[0]],FEASIBLE,FEASIBLE,FEASIBLE,null,0.002897,0.027377,0.000644,False
701192,6,7,"[2,1,2,2,2,1]","[2,2,3,2,1,2,1]","[[0,1,2,3,4,5,6],[3],[0,2,3,4,5,6],[0,2,4,5],[0,1,4,5,6],[2]]",FEASIBLE,FEASIBLE,FEASIBLE,null,0.523742,0.063192,0.003925,False
701193,1,6,[1],"[3,3,2,1,1,3]","[[0,1,2,4,5]]",FEASIBLE,FEASIBLE,FEASIBLE,null,0.006243,0.016464,0.00127,False
701194,1,3,[2],"[3,1,2]","[[1,2]]",FEASIBLE,FEASIBLE,FEASIBLE,null,0.003864,0.014013,0.000974,False
701195,1,6,[3],"[3,3,3,1,1,2]","[[1,3,5]]",FEASIBLE,FEASIBLE,FEASIBLE,null,0.005752,0.018072,0.001237,False
701196,5,6,"[1,1,2,3,1]","[1,1,2,3,3,1]","[[0,1,3,5],[0,1,2,3,4,5],[1,4,5],[0,1,2,4,5],[0,3,5]]",FEASIBLE,FEASIBLE,FEASIBLE,null,0.152541,0.063968,0.004668,False
701197,6,5,"[2,3,2,3,2,1]","[2,2,3,2,1]","[[0,1,3],[0,2,3],[1,4],[0,1,2,3,4],[0,1,2,4],[4]]",UNSAT,UNSAT,UNSAT,"[2, 5]",0.068665,0.161139,0.005139,False
701198,6,3,"[1,2,1,2,1,2]","[2,1,1]","[[0,1,2],[1,2],[0,2],[0,1],[0],[0,1,2]]",UNSAT,UNSAT,UNSAT,"[1, 3]",0.035129,0.053534,0.003765,False
701199,1,7,[3],"[3,1,3,2,1,1,2]","[[0,1,3,4,5,6]]",FEASIBLE,FEASIBLE,FEASIBLE,null,0.006682,0.021901,0.001467,False
701200,2,4,"[2,1]","[3,3,1,2]","[[0,1,2,3],[0,1,2,3]]",FEASIBLE,FEASIBLE,FEASIBLE,null,0.011666,0.022201,0.001586,False
701201,1,7,[3],"[3,3,3,3,2,3,2]","[[0,1,2,4,6]]",FEASIBLE,FEASIBLE,FEASIBLE,null,0.006484,0.020668,0.001348,False
701202,3,5,"[1,1,1]","[1,2,2,1,1]","[[0,1,3,4],[0,1,2,3],[1,3,4]]",FEASIBLE,FEASIBLE,FEASIBLE,null,0.029096,0.027693,0.001911,False
701203,7,5,"[1,3,2,1,2,2,3]","[3,2,3,3,3]","[[4],[1,2,4],[0,1,2,3,4],[0,1,4],[2,4],[0,1,3,4],[0,3,4]]",UNSAT,UNSAT,UNSAT,"[0, 1, 4, 6]",0.294721,0.09098,0.006001,False
701204,6,4,"[2,1,2,1,1,1]","[1,1,3,3]","[[1,2,3],[1,2,3],[1,2],[0],[0,1,2,3],[2]]",FEASIBLE,FEASIBLE,FEASIBLE,null,0.220017,0.06183,0.003718,False
701205,4,1,"[1,1,1,1]",[1],"[[0],[0],[0],[0]]",UNSAT,UNSAT,UNSAT,"[0, 1]",0.008255,0.029408,0.001658,False
701206,6,7,"[1,3,2,1,1,2]","[3,2,3,3,2,1,2]","[[1,2,4],[0,1,3,4,5,6],[0,1,2,3,4,5,6],[4],[0],[0,5]]",FEASIBLE,FEASIBLE,FEASIBLE,null,0.357465,0.065694,0.00436,False
701207,6,6,"[1,1,3,2,1,2]","[3,3,1,3,2,3]","[[3],[0,1,2,4,5],[0,1,2,5],[1,2,3,4,5],[1,2,3,4,5],[2,4]]",FEASIBLE,FEASIBLE,FEASIBLE,null,0.309639,0.145789,0.004462,False
701208,2,5,"[2,3]","[1,3,2,2,2]","[[1,2,3],[0,1,2,3,4]]",FEASIBLE,FEASIBLE,FEASIBLE,null,0.013702,0.027001,0.001849,False
701209,4,4,"[1,1,2,2]","[3,1,1,1]","[[1],[2],[0,1,2,3],[0,3]]",UNSAT,UNSAT,UNSAT,"[0, 1, 2, 3]",0.063318,0.046732,0.003204,False
701210,3,7,"[1,1,1]","[1,1,3,1,2,1,2]","[[0,1,2,3,5,6],[1,2,3,5],[0,1,2,3,4,5,6]]",FEASIBLE,FEASIBLE,FEASIBLE,null,0.039328,0.033401,0.002819,False
701211,3,5,"[1,2,1]","[1,3,1,3,2]","[[0,1,2,3,4],[0,4],[4]]",FEASIBLE,FEASIBLE,FEASIBLE,null,0.02952,0.0346,0.002275,False
701212,7,5,"[1,2,1,2,1,1,2]","[2,1,1,1,1]","[[1],[2,3,4],[3],[0,1,2,3,4],[3],[1],[0,1,4]]",UNSAT,UNSAT,UNSAT,"[0, 5]",0.045003,0.064501,0.004993,False
701213,5,7,"[3,1,2,1,3]","[3,3,1,1,3,2,3]","[[0,1,2,5,6],[3,5],[0,2,3,4,6],[0],[0,3,4]]",FEASIBLE,FEASIBLE,FEASIBLE,null,0.171012,0.062379,0.003978,False
701214,5,6,"[1,1,1,2,2]","[1,3,3,2,1,1]","[[3,4,5],[0,1,2,3,4,5],[0,1,4,5],[1,3,4,5],[0,1,3]]",FEASIBLE,FEASIBLE,FEASIBLE,null,0.153493,0.059733,0.004298,False
701215,1,3,[1],"[1,1,3]",[[0]],FEASIBLE,FEASIBLE,FEASIBLE,null,0.004609,0.011636,0.000703,False
701216,3,5,"[2,2,3]","[3,3,2,2,3]","[[0,1,2,4],[3,4],[0,1,3]]",FEASIBLE,FEASIBLE,FEASIBLE,null,0.029432,0.034193,0.001994,False
701217,1,7,[1],"[2,1,1,3,2,1,1]",[[2]],FEASIBLE,FEASIBLE,FEASIBLE,null,0.006631,0.015488,0.000922,False
701218,6,3,"[1,1,1,1,1,1]","[3,2,3]","[[2],[0,2],[1,2],[2],[0],[0,1,2]]",FEASIBLE,FEASIBLE,FEASIBLE,null,0.181629,0.184956,0.002133,False
701219,2,6,"[1,2]","[2,2,1,1,1,1]","[[0,1,2,3],[0,1]]",FEASIBLE,FEASIBLE,FEASIBLE,null,0.01615,0.022382,0.001541,False
701220,5,7,"[1,1,2,2,3]","[3,2,2,3,3,2,2]","[[0,1,2,3,4,5],[0],[2,3,5,6],[0,1,2,3,6],[2,5,6]]",FEASIBLE,FEASIBLE,FEASIBLE,null,0.178713,0.050816,0.00332,False
701221,4,6,"[1,1,1,1]","[1,2,2,3,2,1]","[[0,1,3],[0,1,2,3,4,5],[5],[0,1]]",FEASIBLE,FEASIBLE,FEASIBLE,null,0.076355,0.036718,0.002313,False
701222,7,6,"[1,2,2,2,2,3,1]","[3,1,2,2,2,2]","[[0],[0,1,2],[0,2,3,4,5],[0,1,5],[0,1,2,4],[0,2,3,5],[4]]",UNSAT,UNSAT,UNSAT,"[0, 1, 2, 3, 4, 5, 6]",0.898665,0.114206,0.007336,False
701223,2,5,"[3,2]","[2,3,3,1,1]","[[0,1,3,4],[1,2,4]]",FEASIBLE,FEASIBLE,FEASIBLE,null,0.173548,0.043256,0.001802,False
701224,2,4,"[1,1]","[3,3,2,1]","[[0,1,2,3],[0,1,2,3]]",FEASIBLE,FEASIBLE,FEASIBLE,null,0.012104,0.02634,0.001458,False
701225,2,6,"[3,2]","[1,1,3,3,3,3]","[[0,1,2,3,4,5],[0,1,3,4,5]]",FEASIBLE,FEASIBLE,FEASIBLE,null,0.015775,0.047032,0.001991,False
701226,5,6,"[1,1,3,1,2]","[3,3,3,2,2,1]","[[0,1,3,4,5],[0,3],[0,1,2,3,5],[0],[0,3,4,5]]",FEASIBLE,FEASIBLE,FEASIBLE,null,0.156613,0.056932,0.003735,False
701227,1,2,[2],"[3,3]","[[0,1]]",FEASIBLE,FEASIBLE,FEASIBLE,null,0.003602,0.015793,0.000753,False
701228,5,5,"[1,2,2,3,1]","[2,3,2,3,1]","[[0,2,3,4],[0,1,2,3,4],[1,4],[0,2,3,4],[4]]",UNSAT,UNSAT,UNSAT,"[2, 4]",0.068442,0.081346,0.004527,False
701229,1,2,[1],"[1,3]",[[1]],FEASIBLE,FEASIBLE,FEASIBLE,null,0.10119,0.011766,0.000701,False
701230,1,4,[1],"[1,3,3,2]","[[0,1,2,3]]",FEASIBLE,FEASIBLE,FEASIBLE,null,0.004931,0.014176,0.001129,False
701231,3,1,"[1,1,1]",[2],"[[0],[0],[0]]",UNSAT,UNSAT,UNSAT,"[0, 1, 2]",0.011783,0.026801,0.001486,False
701232,4,5,"[2,2,1,1]","[3,3,1,1,3]","[[0,4],[0,1,2,3,4],[2],[0,1,3,4]]",FEASIBLE,FEASIBLE,FEASIBLE,null,0.063856,0.035491,0.002436,False
701233,6,2,"[1,1,1,2,2,2]","[3,1]","[[0,1],[0],[0,1],[0,1],[0,1],[0,1]]",UNSAT,UNSAT,UNSAT,"[3, 4]",0.038031,0.049635,0.003467,False
701234,5,7,"[2,1,2,1,1]","[1,1,2,1,1,3,3]","[[0,5],[2,6],[0,2,6],[0,3,4,5,6],[0,6]]",FEASIBLE,FEASIBLE,FEASIBLE,null,0.182903,0.045256,0.003049,False
701235,3,7,"[2,3,2]","[1,1,3,2,2,3,1]","[[1,4,5,6],[0,2,6],[2,4]]",FEASIBLE,FEASIBLE,FEASIBLE,null,0.040939,0.03794,0.002242,False
701236,6,3,"[1,1,2,1,2,1]","[2,1,2]","[[0],[0],[0,1,2],[0,2],[0,1],[0,1]]",UNSAT,UNSAT,UNSAT,"[0, 1, 4]",0.066917,0.054729,0.003536,False
701237,4,7,"[1,3,1,1]","[1,1,3,3,1,2,1]","[[3,4,5,6],[1,2,5,6],[3],[5]]",FEASIBLE,FEASIBLE,FEASIBLE,null,0.087554,0.037034,0.002294,False
701238,5,7,"[1,1,1,1,2]","[2,3,2,1,2,1,2]","[[4],[0,1,2,3,4,5,6],[0,1,2,3,4,5,6],[0,3,4,5,6],[0,1,2,3,4,5,6]]",FEASIBLE,FEASIBLE,FEASIBLE,null,0.187968,0.052822,0.004169,False
701239,6,3,"[1,1,3,1,3,2]","[1,2,2]","[[0,1,2],[2],[0,1,2],[0],[0,1,2],[0,1]]",UNSAT,UNSAT,UNSAT,"[2, 3]",0.044156,0.059312,0.003889,False
701240,7,1,"[1,1,1,1,1,1,1]",[1],"[[0],[0],[0],[0],[0],[0],[0]]",UNSAT,UNSAT,UNSAT,"[0, 1]",0.015261,0.063634,0.002604,False
701241,2,1,"[1,1]",[3],"[[0],[0]]",FEASIBLE,FEASIBLE,FEASIBLE,null,0.006912,0.015793,0.000745,False
701242,5,7,"[3,1,2,1,2]","[3,2,2,2,3,1,3]","[[0,1,2,3,6],[2,3],[0,2,3],[6],[1,2,3,5]]",FEASIBLE,FEASIBLE,FEASIBLE,null,0.189164,0.053421,0.003072,False
701243,4,4,"[2,1,1,1]","[3,1,2,2]","[[0,3],[0],[0,1,3],[1]]",FEASIBLE,FEASIBLE,FEASIBLE,null,0.059273,0.03286,0.001739,False
701244,6,2,"[1,2,2,1,1,1]","[3,2]","[[0,1],[0,1],[0,1],[1],[0,1],[1]]",UNSAT,UNSAT,UNSAT,"[1, 2, 3]",0.074592,0.057287,0.003273,False
701245,5,6,"[1,3,1,3,1]","[3,1,1,2,2,2]","[[3],[0,4,5],[0,3,4],[2,3,4,5],[5]]",FEASIBLE,FEASIBLE,FEASIBLE,null,0.172923,0.04904,0.00255,False
701246,7,7,"[3,1,1,3,1,1,3]","[3,1,2,2,2,2,2]","[[2,5,6],[5,6],[4],[1,2,3,4,5],[1,3],[0],[0,1,3,4]]",FEASIBLE,FEASIBLE,FEASIBLE,null,0.878335,0.105928,0.004708,False
701247,6,3,"[1,1,1,3,1,1]","[1,2,3]","[[0,1,2],[0,1],[0],[0,1,2],[0],[1,2]]",UNSAT,UNSAT,UNSAT,"[2, 3]",0.048037,0.079047,0.004137,False
701248,5,5,"[1,1,1,1,2]","[2,3,3,1,2]","[[2,3,4],[0,1,2,3,4],[3],[3],[1,2]]",UNSAT,UNSAT,UNSAT,"[2, 3]",0.057303,0.050831,0.003153,False
701249,5,7,"[2,1,1,2,3]","[2,2,3,2,3,3,2]","[[0,1,2,3,6],[2,5],[1],[0,6],[0,1,4,5,6]]",FEASIBLE,FEASIBLE,FEASIBLE,null,0.194136,0.05159,0.003119,False
701250,5,6,"[2,1,3,2,2]","[2,3,1,1,1,1]","[[1,2,4],[1,2],[0,1,2,3,4,5],[0,1,2,3,4,5],[1,2,3,4]]",UNSAT,UNSAT,UNSAT,"[0, 1, 2, 3, 4]",0.166669,0.202224,0.006714,False
701251,6,3,"[1,2,3,1,2,2]","[1,2,1]","[[0,1],[0,1],[0,1,2],[2],[0,1],[0,1,2]]",UNSAT,UNSAT,UNSAT,"[1, 2]",0.035431,0.062445,0.003759,False
701252,2,7,"[1,2]","[1,3,2,1,2,3,2]","[[0,1,3,5,6],[1,2,4]]",FEASIBLE,FEASIBLE,FEASIBLE,null,0.019314,0.030255,0.001801,False
701253,6,6,"[2,1,2,1,2,2]","[3,2,3,2,1,3]","[[1,2,3,4,5],[5],[0,1,2,3],[0,1,2,3,4,5],[0,2,3],[0,2,3,5]]",FEASIBLE,FEASIBLE,FEASIBLE,null,0.528712,0.077274,0.003707,False
701254,6,4,"[1,3,3,1,3,1]","[3,3,3,1]","[[0,1],[0,1,2,3],[1,2,3],[2,3],[1,2,3],[0,1,2,3]]",UNSAT,UNSAT,UNSAT,"[2, 4]",0.062618,0.07192,0.004495,False
701255,2,3,"[1,1]","[3,1,1]","[[1,2],[2]]",FEASIBLE,FEASIBLE,FEASIBLE,null,0.011493,0.020317,0.001089,False
701256,3,3,"[2,2,1]","[2,2,1]","[[0,1,2],[0,1],[1]]",FEASIBLE,FEASIBLE,FEASIBLE,null,0.027218,0.036539,0.001953,False
701257,3,7,"[2,1,1]","[1,3,3,2,1,2,2]","[[0,1,2,3,4,6],[1,2],[3]]",FEASIBLE,FEASIBLE,FEASIBLE,null,0.041146,0.030559,0.001972,False
701258,4,3,"[2,1,1,2]","[2,3,2]","[[0,2],[0],[1],[1,2]]",FEASIBLE,FEASIBLE,FEASIBLE,null,0.045764,0.031169,0.001616,False
701259,5,4,"[1,1,3,3,1]","[3,2,2,3]","[[0,1,2,3],[3],[0,1,2,3],[0,1,2,3],[1]]",FEASIBLE,FEASIBLE,FEASIBLE,null,0.116174,0.060979,0.003363,False
701260,4,4,"[1,3,3,1]","[1,3,1,3]","[[1,2],[0,1,2,3],[0,2,3],[0,1,2]]",UNSAT,UNSAT,UNSAT,"[1, 2]",0.028609,0.155915,0.003863,False
701261,4,3,"[2,3,1,1]","[3,2,1]","[[0,1],[0,1,2],[0],[1]]",UNSAT,UNSAT,UNSAT,"[0, 1, 3]",0.036674,0.044111,0.002564,False
701262,7,4,"[1,1,1,2,3,1,1]","[3,2,2,3]","[[0,3],[0,1,2,3],[2,3],[0,2],[0,1,2],[0],[1]]",FEASIBLE,FEASIBLE,FEASIBLE,null,0.526982,0.072588,0.003949,False
701263,1,3,[1],"[3,3,2]",[[0]],FEASIBLE,FEASIBLE,FEASIBLE,null,0.005323,0.014409,0.000686,False
701264,3,2,"[1,1,2]","[1,3]","[[0],[0],[0,1]]",UNSAT,UNSAT,UNSAT,"[0, 1]",0.010839,0.03209,0.001979,False
701265,3,2,"[1,1,1]","[1,3]","[[0,1],[0],[0,1]]",FEASIBLE,FEASIBLE,FEASIBLE,null,0.017432,0.031965,0.001769,False
701266,7,7,"[2,1,3,1,3,3,1]","[2,2,2,2,2,1,2]","[[0,2,3],[0,1,2,3,4,5,6],[0,3,6],[0],[0,2,4,5],[0,1,2,3,4,6],[2]]",UNSAT,UNSAT,UNSAT,"[0, 2, 3, 4, 6]",0.700373,0.136412,0.008399,False
701267,5,7,"[1,2,2,1,1]","[3,3,2,3,1,3,2]","[[0,1,2,3,4,5,6],[0,3],[1,6],[1,2,4],[1,2,3,4,5]]",FEASIBLE,FEASIBLE,FEASIBLE,null,0.190205,0.045835,0.003189,False
701268,4,6,"[2,1,2,1]","[1,1,2,1,1,1]","[[0,1,2,3,4],[2,5],[1,2,3,5],[0,1,2,4,5]]",FEASIBLE,FEASIBLE,FEASIBLE,null,0.079143,0.042549,0.003058,False
701269,2,1,"[1,1]",[1],"[[0],[0]]",UNSAT,UNSAT,UNSAT,"[0, 1]",0.006743,0.023032,0.001243,False
701270,1,3,[1],"[3,1,3]",[[1]],FEASIBLE,FEASIBLE,FEASIBLE,null,0.004349,0.011979,0.000694,False
701271,7,1,"[1,1,1,1,1,1,1]",[3],"[[0],[0],[0],[0],[0],[0],[0]]",UNSAT,UNSAT,UNSAT,"[0, 1, 2, 3]",0.089515,0.046645,0.002601,False
701272,3,5,"[1,1,1]","[2,3,2,3,2]","[[0,1,2,3,4],[0,1,2,3],[1]]",FEASIBLE,FEASIBLE,FEASIBLE,null,0.030585,0.13067,0.001875,False
701273,4,1,"[1,1,1,1]",[1],"[[0],[0],[0],[0]]",UNSAT,UNSAT,UNSAT,"[0, 1]",0.009431,0.031144,0.001573,False
701274,4,4,"[1,1,3,1]","[2,1,2,1]","[[2],[0,1],[1,2,3],[1,2]]",UNSAT,UNSAT,UNSAT,"[0, 2, 3]",0.048337,0.045506,0.002889,False
701275,5,1,"[1,1,1,1,1]",[2],"[[0],[0],[0],[0],[0]]",UNSAT,UNSAT,UNSAT,"[0, 1, 2]",0.023993,0.036694,0.002044,False
701276,1,5,[1],"[1,2,2,1,1]","[[0,2,3]]",FEASIBLE,FEASIBLE,FEASIBLE,null,0.006114,0.01536,0.001086,False
701277,6,5,"[1,1,2,1,3,1]","[3,2,2,2,2]","[[0,1,2,3,4],[1,3,4],[3,4],[1,4],[1,3,4],[0,3]]",UNSAT,UNSAT,UNSAT,"[1, 2, 3, 4]",0.229108,0.062297,0.004684,False
701278,6,3,"[1,1,1,1,3,1]","[1,1,2]","[[0,1],[1],[1],[1],[0,1,2],[1]]",UNSAT,UNSAT,UNSAT,"[0, 4]",0.028006,0.048414,0.003183,False
701279,5,4,"[2,1,2,3,1]","[3,3,2,1]","[[0,1,2,3],[3],[0,1,2,3],[0,1,2,3],[0,1,2,3]]",FEASIBLE,FEASIBLE,FEASIBLE,null,0.113354,0.048405,0.003068,False
701280,2,2,"[1,1]","[2,1]","[[0],[0,1]]",FEASIBLE,FEASIBLE,FEASIBLE,null,0.008567,0.016547,0.000977,False
701281,5,7,"[3,2,3,1,1]","[1,3,1,2,1,2,2]","[[0,2,3,4,5,6],[2,4,5],[0,1,2,3,4,5],[0,6],[0,3,4,5,6]]",FEASIBLE,FEASIBLE,FEASIBLE,null,0.185847,0.06133,0.004022,False
701282,2,5,"[2,3]","[2,1,3,3,2]","[[2,3],[1,2,3,4]]",FEASIBLE,FEASIBLE,FEASIBLE,null,0.014533,0.028749,0.001647,False
701283,7,1,"[1,1,1,1,1,1,1]",[1],"[[0],[0],[0],[0],[0],[0],[0]]",UNSAT,UNSAT,UNSAT,"[0, 1]",0.012252,0.047682,0.002242,False
701284,1,4,[2],"[1,3,1,3]","[[0,1,2,3]]",FEASIBLE,FEASIBLE,FEASIBLE,null,0.005019,0.104341,0.001105,False
701285,4,6,"[2,1,3,1]","[2,1,2,3,2,2]","[[0,1,2,3,5],[0,4],[0,2,3,4,5],[0,1,2,3,4]]",FEASIBLE,FEASIBLE,FEASIBLE,null,0.076506,0.044422,0.002997,False
701286,5,6,"[2,3,2,1,3]","[3,1,3,2,1,2]","[[0,1,2],[1,2,3,4,5],[1,4],[5],[0,2,4]]",UNSAT,UNSAT,UNSAT,"[2, 4]",0.067589,0.092138,0.004617,False
701287,3,4,"[2,1,1]","[2,3,2,2]","[[2,3],[0,2],[0,1,2,3]]",FEASIBLE,FEASIBLE,FEASIBLE,null,0.026306,0.028183,0.001785,False
701288,3,3,"[1,1,1]","[3,1,1]","[[0],[1],[0,1,2]]",FEASIBLE,FEASIBLE,FEASIBLE,null,0.022263,0.022205,0.001321,False
701289,6,7,"[2,3,3,1,1,2]","[3,1,3,2,2,3,3]","[[1,3],[1,2,3,4],[1,2,4,6],[0,1,2,3,4,5,6],[0],[0,4,5]]",FEASIBLE,FEASIBLE,FEASIBLE,null,0.560716,0.065114,0.003837,False
701290,2,7,"[1,1]","[3,3,2,1,2,3,2]","[[1],[0,1,4,5,6]]",FEASIBLE,FEASIBLE,FEASIBLE,null,0.01805,0.021509,0.001539,False
701291,3,5,"[3,1,3]","[1,2,1,1,3]","[[0,1,2,3,4],[0,1,2,3,4],[0,2,3,4]]",FEASIBLE,FEASIBLE,FEASIBLE,null,0.029806,0.214252,0.003041,False
701292,2,5,"[2,2]","[3,2,2,1,1]","[[0,1,4],[0,1,2,3,4]]",FEASIBLE,FEASIBLE,FEASIBLE,null,0.014459,0.043512,0.00172,False
701293,2,3,"[1,1]","[1,1,2]","[[1,2],[0,1]]",FEASIBLE,FEASIBLE,FEASIBLE,null,0.010275,0.094746,0.001154,False
701294,1,3,[3],"[2,1,2]","[[0,1,2]]",FEASIBLE,FEASIBLE,FEASIBLE,null,0.006856,0.018943,0.001018,False
701295,5,3,"[1,2,1,1,2]","[2,2,2]","[[1,2],[0,1,2],[0],[0,2],[0,1]]",UNSAT,UNSAT,UNSAT,"[0, 1, 2, 3, 4]",0.088974,0.068643,0.003969,False
701296,4,2,"[1,1,2,2]","[3,3]","[[0,1],[1],[0,1],[0,1]]",FEASIBLE,FEASIBLE,FEASIBLE,null,0.139494,0.029885,0.001593,False
701297,3,2,"[1,1,1]","[1,3]","[[0],[1],[1]]",FEASIBLE,FEASIBLE,FEASIBLE,null,0.017085,0.020836,0.001246,False
701298,4,5,"[1,2,3,3]","[1,1,1,2,2]","[[3],[1,2],[0,1,2,3,4],[0,1,2,4]]",UNSAT,UNSAT,UNSAT,"[1, 3]",0.036766,0.056196,0.00369,False
701299,2,2,"[1,2]","[1,2]","[[1],[0,1]]",FEASIBLE,FEASIBLE,FEASIBLE,null,0.008332,0.01875,0.000997,False
701300,4,3,"[1,2,1,2]","[3,2,3]","[[0],[0,1],[0],[0,1,2]]",FEASIBLE,FEASIBLE,FEASIBLE,null,0.044503,0.030952,0.001775,False
701301,6,5,"[3,2,1,2,1,1]","[2,3,2,3,1]","[[0,1,2],[2,4],[4],[0,1,2,3,4],[0,1,2,3,4],[1]]",UNSAT,UNSAT,UNSAT,"[1, 2]",0.048339,0.077429,0.004779,False
701302,6,2,"[1,2,2,1,1,1]","[3,3]","[[1],[0,1],[0,1],[0],[0],[0,1]]",UNSAT,UNSAT,UNSAT,"[1, 2, 3, 4]",0.110658,0.050968,0.003152,False
701303,3,4,"[1,1,1]","[3,3,3,1]","[[2,3],[2],[3]]",FEASIBLE,FEASIBLE,FEASIBLE,null,0.02589,0.021699,0.001281,False
701304,5,2,"[1,1,1,1,1]","[1,2]","[[1],[0],[1],[0,1],[1]]",UNSAT,UNSAT,UNSAT,"[0, 2, 4]",0.042241,0.038963,0.002539,False
701305,2,3,"[1,2]","[3,1,1]","[[1],[0,1]]",UNSAT,UNSAT,UNSAT,"[0, 1]",0.010226,0.02696,0.001614,False
701306,5,1,"[1,1,1,1,1]",[1],"[[0],[0],[0],[0],[0]]",UNSAT,UNSAT,UNSAT,"[0, 1]",0.009601,0.033572,0.001973,False
701307,1,3,[3],"[3,3,1]","[[0,1,2]]",FEASIBLE,FEASIBLE,FEASIBLE,null,0.00611,0.020059,0.000987,False
701308,3,2,"[1,2,1]","[2,1]","[[1],[0,1],[0]]",UNSAT,UNSAT,UNSAT,"[0, 1]",0.010154,0.030013,0.001952,False
701309,2,6,"[3,1]","[1,1,2,1,1,1]","[[0,1,5],[1,5]]",UNSAT,UNSAT,UNSAT,"[0, 1]",0.016108,0.120543,0.002312,False
701310,5,7,"[1,2,1,1,2]","[1,1,1,1,3,3,3]","[[0,1,2,4,5],[1,2,4,5],[0,2,3,6],[0],[0,1,4]]",FEASIBLE,FEASIBLE,FEASIBLE,null,0.189416,0.064473,0.004226,False
701311,5,2,"[1,1,1,2,1]","[1,2]","[[1],[0],[0,1],[0,1],[0]]",UNSAT,UNSAT,UNSAT,"[1, 3]",0.023387,0.041592,0.002592,False
701312,6,6,"[3,1,1,1,2,1]","[3,1,1,3,2,2]","[[0,2,4,5],[1,3,4],[0,1,2,3,4,5],[4],[0,1,2,4,5],[0,2,3,4,5]]",FEASIBLE,FEASIBLE,FEASIBLE,null,0.344162,0.058683,0.003827,False
701313,3,2,"[1,1,1]","[3,3]","[[1],[0],[1]]",FEASIBLE,FEASIBLE,FEASIBLE,null,0.017303,0.01955,0.001136,False
701314,6,7,"[3,1,2,1,1,1]","[2,2,1,2,1,2,3]","[[0,1,2,3,4,5,6],[3],[1,3],[0,1,2,3,4,5,6],[6],[1,5]]",FEASIBLE,FEASIBLE,FEASIBLE,null,0.374713,0.052155,0.004227,False
701315,6,7,"[3,3,1,1,2,2]","[2,1,1,3,1,3,3]","[[0,2,3,4,5],[0,1,2,3,4,5,6],[0,1,3,4,6],[1,2,3,4,5,6],[0,1,2,3,4,5,6],[2,3,4,5]]",FEASIBLE,FEASIBLE,FEASIBLE,null,0.408929,0.095938,0.006964,False
701316,5,3,"[1,1,1,2,1]","[3,1,3]","[[1],[0],[0],[1,2],[0,1,2]]",UNSAT,UNSAT,UNSAT,"[0, 3]",0.022665,0.041798,0.00291,False
701317,1,5,[3],"[1,3,3,2,2]","[[0,3,4]]",FEASIBLE,FEASIBLE,FEASIBLE,null,0.005687,0.019887,0.001234,False
701318,2,2,"[1,2]","[3,1]","[[1],[0,1]]",UNSAT,UNSAT,UNSAT,"[0, 1]",0.008926,0.027792,0.001421,False
701319,3,5,"[3,1,1]","[1,1,2,1,2]","[[0,1,3,4],[0,2,3],[0,1,2,3,4]]",FEASIBLE,FEASIBLE,FEASIBLE,null,0.030943,0.121176,0.002183,False
701320,1,6,[1],"[1,2,1,3,1,1]","[[0,2,5]]",FEASIBLE,FEASIBLE,FEASIBLE,null,0.006301,0.015102,0.001003,False
701321,1,4,[1],"[3,3,1,1]","[[0,2]]",FEASIBLE,FEASIBLE,FEASIBLE,null,0.004791,0.011978,0.000812,False
701322,2,2,"[1,2]","[3,3]","[[0,1],[0,1]]",FEASIBLE,FEASIBLE,FEASIBLE,null,0.008652,0.01905,0.001115,False
701323,1,5,[1],"[2,3,3,1,2]","[[0,1,2,3,4]]",FEASIBLE,FEASIBLE,FEASIBLE,null,0.005469,0.015543,0.00117,False
701324,2,4,"[2,2]","[3,3,2,2]","[[0,2],[1,3]]",FEASIBLE,FEASIBLE,FEASIBLE,null,0.012496,0.036692,0.001316,False
701325,6,5,"[1,2,1,1,1,1]","[1,1,2,1,2]","[[0,2],[2,3,4],[0,1,2],[1],[4],[0,1,2,3,4]]",FEASIBLE,FEASIBLE,FEASIBLE,null,0.286734,0.060246,0.003809,False
701326,7,2,"[1,1,1,1,2,1,2]","[2,3]","[[0,1],[1],[1],[0],[0,1],[1],[0,1]]",UNSAT,UNSAT,UNSAT,"[3, 4, 6]",0.125459,0.054086,0.006257,False
701327,6,1,"[1,1,1,1,1,1]",[1],"[[0],[0],[0],[0],[0],[0]]",UNSAT,UNSAT,UNSAT,"[0, 1]",0.010748,0.037743,0.004468,False
701328,7,2,"[1,1,2,1,1,1,2]","[1,2]","[[1],[0,1],[0,1],[0],[0,1],[0,1],[0,1]]",UNSAT,UNSAT,UNSAT,"[2, 3]",0.036919,0.056249,0.004328,False
701329,2,5,"[1,2]","[3,1,1,1,3]","[[0,1],[1,2,3,4]]",FEASIBLE,FEASIBLE,FEASIBLE,null,0.013618,0.023378,0.001988,False
701330,3,6,"[1,1,2]","[1,1,3,1,2,3]","[[0,4,5],[1],[1,5]]",UNSAT,UNSAT,UNSAT,"[1, 2]",0.028244,0.035151,0.002633,False
701331,7,4,"[1,3,2,2,3,1,3]","[2,1,1,1]","[[1],[0,2,3],[1,2],[2,3],[0,2,3],[0,1],[0,1,2,3]]",UNSAT,UNSAT,UNSAT,"[0, 2]",0.029263,0.07182,0.006439,False
701332,5,1,"[1,1,1,1,1]",[1],"[[0],[0],[0],[0],[0]]",UNSAT,UNSAT,UNSAT,"[0, 1]",0.283343,0.0372,0.002449,False
701333,3,7,"[1,3,1]","[1,1,1,2,1,3,2]","[[4,6],[0,1,3,4,5,6],[2]]",FEASIBLE,FEASIBLE,FEASIBLE,null,0.03993,0.032042,0.002294,False
701334,1,3,[2],"[2,3,1]","[[0,2]]",FEASIBLE,FEASIBLE,FEASIBLE,null,0.004314,0.014366,0.000938,False
701335,5,6,"[1,1,1,2,1]","[1,1,2,3,2,3]","[[1,3,5],[0,1,3,4],[0],[0,1,3],[0,1,2,3,4,5]]",FEASIBLE,FEASIBLE,FEASIBLE,null,0.162698,0.074992,0.004427,False
701336,5,5,"[3,3,1,1,2]","[3,3,3,2,1]","[[1,2,3],[0,1,2,3,4],[3],[2],[0,1,2,3,4]]",FEASIBLE,FEASIBLE,FEASIBLE,null,0.431949,0.051304,0.003134,False
701337,5,4,"[1,1,1,1,3]","[3,1,3,2]","[[0],[0,1,2,3],[0,1,2,3],[1],[0,1,2,3]]",FEASIBLE,FEASIBLE,FEASIBLE,null,0.109075,0.052997,0.003706,False
701338,3,6,"[2,2,1]","[2,1,2,2,3,1]","[[1,3],[0,1,2,3,4,5],[0,1,2,3,4,5]]",FEASIBLE,FEASIBLE,FEASIBLE,null,0.034549,0.036444,0.002811,False
701339,2,3,"[1,1]","[3,3,3]","[[1],[0,1,2]]",FEASIBLE,FEASIBLE,FEASIBLE,null,0.009875,0.031983,0.001303,False
701340,7,1,"[1,1,1,1,1,1,1]",[3],"[[0],[0],[0],[0],[0],[0],[0]]",UNSAT,UNSAT,UNSAT,"[0, 1, 2, 3]",0.111637,0.049298,0.00287,False
701341,4,7,"[1,1,1,2]","[1,1,3,3,3,1,3]","[[0,2,3,6],[0,5],[2,4,5,6],[0,5]]",UNSAT,UNSAT,UNSAT,"[1, 3]",0.047901,0.058537,0.004452,False
701342,7,2,"[2,1,1,1,2,1,2]","[2,3]","[[0,1],[0],[1],[0,1],[0,1],[0],[0,1]]",UNSAT,UNSAT,UNSAT,"[0, 1, 4]",0.059656,0.055964,0.003686,False
701343,4,6,"[1,1,2,1]","[1,1,1,2,2,2]","[[0,1,3],[4],[1,3,5],[3]]",FEASIBLE,FEASIBLE,FEASIBLE,null,0.162224,0.03118,0.001925,False
701344,6,5,"[3,2,1,1,1,3]","[3,3,1,2,1]","[[0,1,2,3],[1,2,4],[1],[1,2,3,4],[1],[0,1,2,3,4]]",UNSAT,UNSAT,UNSAT,"[0, 1, 2, 3, 5]",0.246767,0.085184,0.005558,False
701345,5,2,"[1,2,2,1,1]","[3,1]","[[1],[0,1],[0,1],[0],[1]]",UNSAT,UNSAT,UNSAT,"[0, 1]",0.013737,0.0408,0.002838,False
701346,5,6,"[1,1,3,1,1]","[1,3,3,1,1,3]","[[2],[1,2,3,4,5],[1,3,4],[4],[2,4]]",UNSAT,UNSAT,UNSAT,"[2, 3]",0.059434,0.046781,0.003305,False
701347,7,6,"[1,1,1,1,1,1,1]","[3,2,1,3,3,1]","[[1],[2],[4],[0,1,2,3,4,5],[1],[0,1,3,4,5],[0,1,2,3,4,5]]",FEASIBLE,FEASIBLE,FEASIBLE,null,0.666502,0.048299,0.003573,False
701348,1,7,[2],"[1,3,3,1,2,3,1]","[[0,1,3,4,5,6]]",FEASIBLE,FEASIBLE,FEASIBLE,null,0.006757,0.019733,0.00146,False
701349,3,2,"[1,1,1]","[1,3]","[[0],[0,1],[0]]",UNSAT,UNSAT,UNSAT,"[0, 2]",0.011476,0.028498,0.001985,False
701350,4,6,"[3,2,1,1]","[2,3,3,2,1,1]","[[0,1,2,3,5],[1,3],[5],[3]]",FEASIBLE,FEASIBLE,FEASIBLE,null,0.071045,0.051039,0.002093,False
701351,6,4,"[1,1,1,1,1,3]","[3,2,1,2]","[[0,1,2,3],[0,1,2,3],[1],[1,2,3],[1,2,3],[1,2,3]]",UNSAT,UNSAT,UNSAT,"[2, 3, 4, 5]",0.191849,0.076694,0.005631,False
701352,6,1,"[1,1,1,1,1,1]",[2],"[[0],[0],[0],[0],[0],[0]]",UNSAT,UNSAT,UNSAT,"[0, 1, 2]",0.029104,0.038679,0.002404,False
701353,5,3,"[1,1,3,3,1]","[1,1,2]","[[0,2],[2],[0,1,2],[0,1,2],[0,1,2]]",UNSAT,UNSAT,UNSAT,"[2, 3]",0.033914,0.209788,0.003607,False
701354,3,6,"[2,2,3]","[1,3,3,1,1,1]","[[1,2,3,4,5],[0,1,2,4,5],[0,2,3,4,5]]",FEASIBLE,FEASIBLE,FEASIBLE,null,0.035158,0.03974,0.002836,False
701355,7,7,"[3,1,3,1,3,3,2]","[1,2,2,1,1,2,2]","[[0,3,4],[1,2,3,4],[0,1,2,4,5,6],[6],[0,1,3,6],[0,1,2,4,5,6],[2,3,6]]",UNSAT,UNSAT,UNSAT,"[0, 4]",0.055692,0.091383,0.007592,False
701356,4,7,"[2,1,1,1]","[1,3,2,1,2,2,1]","[[0,1,2,3,6],[5,6],[1],[5]]",FEASIBLE,FEASIBLE,FEASIBLE,null,0.08174,0.031385,0.002181,False
701357,5,2,"[1,1,1,1,1]","[2,2]","[[1],[0],[1],[0],[0]]",UNSAT,UNSAT,UNSAT,"[1, 3, 4]",0.049615,0.035884,0.002341,False
701358,7,6,"[2,3,1,3,1,3,1]","[3,3,3,3,2,1]","[[0,1,2,5],[0,1,2,4,5],[4],[0,1,2,4,5],[0,2],[0,2,3,4,5],[2,3]]",FEASIBLE,FEASIBLE,FEASIBLE,null,0.657369,0.066464,0.00434,False
701359,1,2,[1],"[3,1]",[[1]],FEASIBLE,FEASIBLE,FEASIBLE,null,0.00365,0.010962,0.000813,False
701360,1,6,[3],"[2,3,3,1,2,2]","[[0,2,3,4,5]]",FEASIBLE,FEASIBLE,FEASIBLE,null,0.005706,0.020086,0.00133,False
701361,3,2,"[1,1,1]","[2,2]","[[0],[0,1],[0,1]]",FEASIBLE,FEASIBLE,FEASIBLE,null,0.016162,0.020585,0.001348,False
701362,5,1,"[1,1,1,1,1]",[3],"[[0],[0],[0],[0],[0]]",UNSAT,UNSAT,UNSAT,"[0, 1, 2, 3]",0.036003,0.036098,0.002238,False
701363,4,7,"[1,1,1,1]","[3,2,1,1,3,1,1]","[[0],[3,4,5,6],[1,4],[0]]",FEASIBLE,FEASIBLE,FEASIBLE,null,0.080011,0.030128,0.001993,False
701364,5,7,"[1,3,1,3,2]","[2,3,3,3,1,3,3]","[[6],[1,3,5,6],[1],[1,2,3,4,5],[0,1,2,6]]",FEASIBLE,FEASIBLE,FEASIBLE,null,0.199164,0.16559,0.003206,False
701365,4,5,"[2,2,2,1]","[1,2,1,2,1]","[[0,2,4],[0,1],[0,1,2],[0,2]]",UNSAT,UNSAT,UNSAT,"[0, 1, 2]",0.047684,0.077345,0.004329,False
701366,7,6,"[3,1,3,1,1,2,3]","[2,2,2,2,3,1]","[[1,2,5],[0,1,3,5],[0,1,2,3,4,5],[3],[0,1,4],[0,2],[0,1,2,3,4,5]]",UNSAT,UNSAT,UNSAT,"[0, 1, 2, 5, 6]",3.818843,0.229288,0.00838,False
701367,3,5,"[1,1,1]","[3,3,3,3,2]","[[1,2,4],[2],[0,1,3]]",FEASIBLE,FEASIBLE,FEASIBLE,null,0.046356,0.03567,0.001889,False
701368,2,1,"[1,1]",[2],"[[0],[0]]",FEASIBLE,FEASIBLE,FEASIBLE,null,0.009397,0.020572,0.000905,False
701369,5,6,"[1,1,2,1,1]","[3,2,1,2,3,1]","[[4],[2],[0,1,2,3,4,5],[4],[0,2]]",FEASIBLE,FEASIBLE,FEASIBLE,null,0.204047,0.052929,0.002393,False
701370,6,2,"[1,1,2,1,1,2]","[1,1]","[[0],[0],[0,1],[0],[0],[0,1]]",UNSAT,UNSAT,UNSAT,"[0, 1]",0.019265,0.061215,0.003016,False
701371,4,6,"[2,1,1,2]","[3,3,3,3,3,1]","[[0,1,2,3,4],[4],[1,3],[0,1,2,3,4,5]]",FEASIBLE,FEASIBLE,FEASIBLE,null,0.113733,0.052075,0.00283,False
701372,5,2,"[1,1,1,1,1]","[3,1]","[[0,1],[0],[0],[0,1],[0,1]]",UNSAT,UNSAT,UNSAT,"[0, 1, 2, 3, 4]",0.081497,0.061146,0.002806,False
701373,1,1,[1],[3],[[0]],FEASIBLE,FEASIBLE,FEASIBLE,null,0.003959,0.013148,0.000674,False
701374,6,2,"[1,1,1,1,1,2]","[3,2]","[[1],[1],[0],[0],[1],[0,1]]",UNSAT,UNSAT,UNSAT,"[0, 1, 4]",0.061343,0.053019,0.00262,False
701375,3,5,"[1,1,2]","[1,1,3,3,2]","[[1],[3,4],[1,4]]",UNSAT,UNSAT,UNSAT,"[0, 2]",0.024973,0.176546,0.002294,False
701376,2,1,"[1,1]",[2],"[[0],[0]]",FEASIBLE,FEASIBLE,FEASIBLE,null,0.008232,0.016655,0.000822,False
701377,7,4,"[3,3,1,1,1,1,2]","[3,2,1,2]","[[0,1,2,3],[0,1,2,3],[0],[3],[0,1,2,3],[1],[0,1,2]]",UNSAT,UNSAT,UNSAT,"[0, 1, 2, 6]",0.270337,0.088488,0.005133,False
701378,5,2,"[1,1,1,2,2]","[3,1]","[[1],[0,1],[0],[0,1],[0,1]]",UNSAT,UNSAT,UNSAT,"[0, 3]",0.040651,0.059241,0.002783,False
701379,7,4,"[3,2,1,1,1,1,1]","[3,2,1,1]","[[0,1,2],[1,3],[1],[0,1,2,3],[1,2,3],[1],[0,2,3]]",UNSAT,UNSAT,UNSAT,"[0, 1, 2]",0.114108,0.077435,0.004674,False
701380,6,6,"[1,1,3,3,2,1]","[1,2,3,3,3,2]","[[0,1,4],[0,1,5],[1,2,4],[0,1,3,4],[1,3,4],[1,2,3]]",FEASIBLE,FEASIBLE,FEASIBLE,null,0.441099,0.089305,0.004829,False
701381,4,2,"[1,1,1,1]","[1,1]","[[0,1],[1],[0],[0]]",UNSAT,UNSAT,UNSAT,"[2, 3]",0.024278,0.040211,0.002215,False
701382,3,2,"[1,2,2]","[1,1]","[[0,1],[0,1],[0,1]]",UNSAT,UNSAT,UNSAT,"[0, 1]",0.011156,0.038856,0.002214,False
701383,4,1,"[1,1,1,1]",[1],"[[0],[0],[0],[0]]",UNSAT,UNSAT,UNSAT,"[0, 1]",0.009902,0.034761,0.001811,False
701384,5,3,"[1,1,2,2,1]","[3,2,2]","[[2],[2],[0,1,2],[0,1,2],[1]]",UNSAT,UNSAT,UNSAT,"[0, 1, 2, 3, 4]",0.107541,0.065435,0.003089,False
701385,3,7,"[1,1,2]","[3,2,3,2,1,3,1]","[[0,1,2,3,4,5,6],[6],[0,1,2,4,5,6]]",FEASIBLE,FEASIBLE,FEASIBLE,null,0.054863,0.065315,0.002675,False
701386,5,3,"[2,1,1,1,1]","[2,2,1]","[[1,2],[0],[0],[0,2],[2]]",UNSAT,UNSAT,UNSAT,"[0, 4]",0.030203,0.317679,0.002822,False
701387,4,3,"[1,2,1,1]","[3,1,3]","[[0],[0,1,2],[1],[2]]",FEASIBLE,FEASIBLE,FEASIBLE,null,0.071092,0.056663,0.002081,False
701388,3,2,"[1,1,1]","[1,3]","[[1],[1],[1]]",FEASIBLE,FEASIBLE,FEASIBLE,null,0.020893,0.022444,0.001083,False
701389,6,1,"[1,1,1,1,1,1]",[1],"[[0],[0],[0],[0],[0],[0]]",UNSAT,UNSAT,UNSAT,"[0, 1]",0.012269,0.045421,0.002079,False
701390,3,5,"[1,1,1]","[2,3,1,2,2]","[[0,4],[0,1,3,4],[1,2,4]]",FEASIBLE,FEASIBLE,FEASIBLE,null,0.035138,0.029891,0.001819,False
701391,1,6,[3],"[2,3,2,1,1,3]","[[1,2,3,4,5]]",FEASIBLE,FEASIBLE,FEASIBLE,null,0.007746,0.024535,0.001359,False
701392,1,1,[1],[3],[[0]],FEASIBLE,FEASIBLE,FEASIBLE,null,0.003405,0.011485,0.000537,False
701393,2,7,"[2,1]","[2,1,2,2,3,3,3]","[[0,1,2,3,4,6],[0,1,2,3,4,5,6]]",FEASIBLE,FEASIBLE,FEASIBLE,null,0.028665,0.050187,0.002272,False
701394,3,1,"[1,1,1]",[1],"[[0],[0],[0]]",UNSAT,UNSAT,UNSAT,"[0, 1]",0.008877,0.031059,0.00153,False
701395,3,5,"[2,1,1]","[2,2,2,2,3]","[[0,3],[0,3,4],[0,1,2,3,4]]",FEASIBLE,FEASIBLE,FEASIBLE,null,0.035119,0.035693,0.002048,False
701396,5,4,"[1,1,1,2,1]","[3,3,3,2]","[[0,1,2,3],[2],[0,1,2,3],[0,3],[2]]",FEASIBLE,FEASIBLE,FEASIBLE,null,0.128166,0.042281,0.002247,False
701397,6,1,"[1,1,1,1,1,1]",[3],"[[0],[0],[0],[0],[0],[0]]",UNSAT,UNSAT,UNSAT,"[0, 1, 2, 3]",0.065266,0.042607,0.001962,False
701398,3,1,"[1,1,1]",[3],"[[0],[0],[0]]",FEASIBLE,FEASIBLE,FEASIBLE,null,0.01245,0.019628,0.000973,False
701399,3,7,"[2,1,3]","[2,2,1,1,1,1,3]","[[3,6],[0,2,3,4,5,6],[4,5,6]]",FEASIBLE,FEASIBLE,FEASIBLE,null,0.041272,0.038238,0.002356,False
701400,3,4,"[2,1,1]","[3,1,3,2]","[[2,3],[0,3],[0,1,2,3]]",FEASIBLE,FEASIBLE,FEASIBLE,null,0.026768,0.125069,0.001711,False
701401,6,3,"[1,3,1,3,1,2]","[3,1,1]","[[1],[0,1,2],[1],[0,1,2],[2],[0,1]]",UNSAT,UNSAT,UNSAT,"[0, 1]",0.021095,0.05771,0.003443,False
701402,6,2,"[2,1,2,2,1,1]","[3,3]","[[0,1],[1],[0,1],[0,1],[0],[0,1]]",UNSAT,UNSAT,UNSAT,"[0, 1, 2, 3]",0.092282,0.056037,0.003276,False
701403,4,5,"[1,1,3,1]","[1,2,2,1,3]","[[0,2,3,4],[2],[0,1,2],[0,1,2,3]]",FEASIBLE,FEASIBLE,FEASIBLE,null,0.07196,0.054177,0.002944,False
701404,1,1,[1],[1],[[0]],FEASIBLE,FEASIBLE,FEASIBLE,null,0.003462,0.011091,0.00053,False
701405,5,7,"[3,1,3,3,1]","[3,1,3,3,2,3,1]","[[2,4,5,6],[2],[0,1,3,5,6],[0,1,2,3,4,5,6],[0,3]]",FEASIBLE,FEASIBLE,FEASIBLE,null,0.199558,0.060156,0.003537,False
701406,1,2,[1],"[3,2]","[[0,1]]",FEASIBLE,FEASIBLE,FEASIBLE,null,0.00412,0.013147,0.000755,False
701407,2,1,"[1,1]",[3],"[[0],[0]]",FEASIBLE,FEASIBLE,FEASIBLE,null,0.00695,0.033227,0.000743,False
701408,2,5,"[2,2]","[3,2,2,2,3]","[[3,4],[2,3]]",FEASIBLE,FEASIBLE,FEASIBLE,null,0.015998,0.02676,0.00146,False
701409,7,2,"[2,1,1,2,2,1,1]","[1,2]","[[0,1],[0,1],[0],[0,1],[0,1],[0],[0]]",UNSAT,UNSAT,UNSAT,"[0, 2]",0.023438,0.060809,0.003441,False
701410,4,4,"[1,1,2,1]","[2,1,1,3]","[[0,1,2,3],[0,1,3],[0,3],[2]]",FEASIBLE,FEASIBLE,FEASIBLE,null,0.061738,0.069829,0.002372,False
701411,2,2,"[1,2]","[3,2]","[[0],[0,1]]",FEASIBLE,FEASIBLE,FEASIBLE,null,0.010242,0.024211,0.001087,False
701412,3,5,"[1,2,3]","[2,2,2,3,3]","[[0],[0,3,4],[0,1,2,3,4]]",FEASIBLE,FEASIBLE,FEASIBLE,null,0.033155,0.04143,0.002081,False
701413,3,3,"[2,1,1]","[2,2,3]","[[0,2],[1],[0,1]]",FEASIBLE,FEASIBLE,FEASIBLE,null,0.020983,0.132178,0.001394,False
701414,6,3,"[3,2,1,1,1,3]","[3,2,1]","[[0,1,2],[0,1,2],[0,1,2],[0,1,2],[0,1,2],[0,1,2]]",UNSAT,UNSAT,UNSAT,"[0, 5]",0.028323,0.061009,0.004495,False
701415,2,5,"[2,1]","[1,3,2,3,3]","[[0,3],[0,1,2,4]]",FEASIBLE,FEASIBLE,FEASIBLE,null,0.013155,0.022691,0.001564,False
701416,3,6,"[3,2,3]","[2,3,3,3,3,2]","[[0,3,5],[0,1,3,4,5],[1,3,4]]",FEASIBLE,FEASIBLE,FEASIBLE,null,0.033043,0.036377,0.002415,False
701417,6,5,"[3,2,2,1,2,1]","[1,2,1,3,3]","[[0,1,4],[0,1,2,4],[0,1,2,3,4],[1],[0,2,3],[0,1,2,3,4]]",UNSAT,UNSAT,UNSAT,"[0, 1, 3, 4]",0.199525,0.09255,0.006122,False
701418,4,7,"[3,2,2,2]","[2,1,1,1,3,1,1]","[[0,1,2,4,6],[2,4,6],[0,3,5],[0,1]]",FEASIBLE,FEASIBLE,FEASIBLE,null,0.080806,0.070441,0.00413,False
701419,5,4,"[1,2,1,2,1]","[3,1,2,2]","[[1,3],[0,1,2,3],[0,1,2,3],[0,1,2,3],[0]]",FEASIBLE,FEASIBLE,FEASIBLE,null,0.102904,0.051881,0.003516,False
701420,2,7,"[3,1]","[1,2,2,2,3,3,2]","[[1,3,6],[4]]",FEASIBLE,FEASIBLE,FEASIBLE,null,0.016447,0.023082,0.001479,False
701421,3,4,"[1,2,1]","[2,1,3,2]","[[0],[0,3],[0]]",UNSAT,UNSAT,UNSAT,"[0, 1, 2]",0.02388,0.031293,0.002103,False
701422,5,4,"[1,1,2,3,2]","[2,3,1,3]","[[1],[0,2,3],[0,1,2,3],[1,2,3],[0,1,2,3]]",FEASIBLE,FEASIBLE,FEASIBLE,null,0.105619,0.058007,0.003509,False
701423,3,4,"[3,3,3]","[3,1,2,3]","[[0,1,2,3],[0,1,2,3],[0,1,2,3]]",FEASIBLE,FEASIBLE,FEASIBLE,null,0.023498,0.127879,0.002696,False
701424,3,1,"[1,1,1]",[2],"[[0],[0],[0]]",UNSAT,UNSAT,UNSAT,"[0, 1, 2]",0.011499,0.026327,0.001408,False
701425,2,5,"[2,2]","[3,3,3,3,3]","[[0,2],[1,3,4]]",FEASIBLE,FEASIBLE,FEASIBLE,null,0.018223,0.023121,0.001418,False
701426,7,3,"[1,1,1,1,1,2,1]","[1,2,2]","[[2],[0],[2],[0,1],[0,1],[0,2],[1]]",UNSAT,UNSAT,UNSAT,"[1, 5]",0.04259,0.050826,0.003669,False
701427,2,1,"[1,1]",[1],"[[0],[0]]",UNSAT,UNSAT,UNSAT,"[0, 1]",0.006039,0.021663,0.001209,False
701428,4,6,"[3,1,2,1]","[1,3,3,1,2,2]","[[0,1,4,5],[3,4],[0,1,2,3,4,5],[1,2,4,5]]",FEASIBLE,FEASIBLE,FEASIBLE,null,0.071216,0.040033,0.002961,False
701429,5,7,"[3,2,1,1,3]","[1,1,2,1,1,1,3]","[[0,1,2,3,4,5,6],[1,2,3,4,5,6],[0,1,2,3,4,6],[0,1,2,3,5,6],[1,2,4,5,6]]",FEASIBLE,FEASIBLE,FEASIBLE,null,0.170778,0.08477,0.006339,False
701430,2,2,"[2,1]","[3,1]","[[0,1],[0]]",FEASIBLE,FEASIBLE,FEASIBLE,null,0.008136,0.017388,0.001123,False
701431,6,6,"[2,1,2,2,1,2]","[3,3,1,1,2,2]","[[0,1,2,4,5],[3],[3,4],[0,1,2,3,4,5],[0,1,3,4,5],[0,1,2,3]]",UNSAT,UNSAT,UNSAT,"[1, 2]",0.053123,0.061405,0.004956,False
701432,2,1,"[1,1]",[1],"[[0],[0]]",UNSAT,UNSAT,UNSAT,"[0, 1]",0.005983,0.0212,0.001094,False
701433,6,4,"[3,1,3,1,1,2]","[1,2,2,1]","[[1,2,3],[3],[0,1,2,3],[1,3],[0,1,2,3],[0,1,2,3]]",UNSAT,UNSAT,UNSAT,"[0, 1]",0.022132,0.077998,0.004877,False
701434,4,3,"[1,3,3,1]","[3,3,3]","[[1],[0,1,2],[0,1,2],[1,2]]",FEASIBLE,FEASIBLE,FEASIBLE,null,0.04025,0.116089,0.001979,False
701435,6,7,"[3,1,2,1,3,3]","[3,1,1,3,3,2,1]","[[0,1,2,3,5,6],[1,2,3,6],[0,1,4,5,6],[1,2],[0,1,2,3,4,5,6],[0,3,4]]",FEASIBLE,FEASIBLE,FEASIBLE,null,0.376339,0.087397,0.005571,False
701436,3,2,"[2,2,1]","[1,2]","[[0,1],[0,1],[0]]",UNSAT,UNSAT,UNSAT,"[0, 1]",0.010332,0.038213,0.002053,False
701437,5,5,"[3,3,1,1,1]","[3,3,1,1,3]","[[1,2,3,4],[0,1,2,3,4],[0,1,2,3,4],[0],[1,3,4]]",FEASIBLE,FEASIBLE,FEASIBLE,null,0.128383,0.047773,0.003225,False
701438,4,3,"[2,1,1,1]","[1,1,2]","[[0,2],[2],[0,2],[0,2]]",UNSAT,UNSAT,UNSAT,"[0, 1, 2]",0.0304,0.037805,0.002416,False
701439,4,7,"[3,3,3,3]","[1,2,1,2,2,1,3]","[[0,1,3,4,5],[0,2,3,4,5],[1,2,3,4,5,6],[0,1,2,3,4,6]]",UNSAT,UNSAT,UNSAT,"[0, 1, 2, 3]",0.080419,0.099749,0.007246,False
701440,3,7,"[2,3,1]","[2,3,2,1,1,3,2]","[[2,3,4,5,6],[0,1,2,3,4,5,6],[4]]",FEASIBLE,FEASIBLE,FEASIBLE,null,0.037479,0.03494,0.002355,False
701441,6,7,"[1,1,1,1,1,2]","[1,2,3,2,1,3,2]","[[1],[0,5,6],[6],[0,1,2,3,4,5,6],[0,1,2,3,5],[1,3]]",FEASIBLE,FEASIBLE,FEASIBLE,null,0.428587,0.081271,0.004248,False
701442,1,1,[1],[3],[[0]],FEASIBLE,FEASIBLE,FEASIBLE,null,0.004103,0.013708,0.000605,False
701443,5,5,"[1,2,2,2,2]","[1,2,2,2,1]","[[0,2,4],[2,3,4],[0,1,2,3,4],[0,4],[0,1,2,4]]",UNSAT,UNSAT,UNSAT,"[0, 1, 3, 4]",0.144647,0.102928,0.005537,False
701444,6,7,"[1,2,1,3,1,2]","[3,3,2,1,3,2,1]","[[0],[0,1,2,3,4],[3,4],[0,1,4],[1],[0,1,2,3,4,5,6]]",FEASIBLE,FEASIBLE,FEASIBLE,null,0.43035,0.136609,0.003574,False
701445,5,3,"[1,1,2,3,1]","[3,2,3]","[[1],[0,1,2],[0,1],[0,1,2],[1]]",UNSAT,UNSAT,UNSAT,"[0, 2, 3]",0.050011,0.046429,0.002996,False
701446,4,1,"[1,1,1,1]",[2],"[[0],[0],[0],[0]]",UNSAT,UNSAT,UNSAT,"[0, 1, 2]",0.015993,0.03051,0.001887,False
701447,4,2,"[1,1,1,1]","[3,2]","[[0],[0,1],[0,1],[0]]",FEASIBLE,FEASIBLE,FEASIBLE,null,0.031732,0.032715,0.001889,False
701448,5,1,"[1,1,1,1,1]",[2],"[[0],[0],[0],[0],[0]]",UNSAT,UNSAT,UNSAT,"[0, 1, 2]",0.021238,0.033047,0.001953,False
701449,5,4,"[1,3,3,1,1]","[2,3,1,3]","[[2],[0,1,2,3],[1,2,3],[0],[0,2]]",UNSAT,UNSAT,UNSAT,"[0, 2]",0.022931,0.052544,0.003843,False
701450,6,6,"[2,3,3,2,3,2]","[1,3,2,3,1,2]","[[1,2,3,4,5],[0,1,2,3,4,5],[0,4,5],[0,1,2,3,5],[1,2,3,4],[0,1,4,5]]",UNSAT,UNSAT,UNSAT,"[0, 1, 2, 3, 4]",0.279225,0.121833,0.008402,False
701451,5,4,"[1,2,3,2,1]","[1,3,2,2]","[[0,2],[2,3],[0,1,2,3],[1,2,3],[0]]",UNSAT,UNSAT,UNSAT,"[0, 1, 2, 3]",0.090942,0.057256,0.003789,False
701452,1,5,[1],"[3,1,3,1,2]","[[0,1,4]]",FEASIBLE,FEASIBLE,FEASIBLE,null,0.005599,0.015251,0.001067,False
701453,1,5,[1],"[1,1,3,3,3]","[[0,2,3]]",FEASIBLE,FEASIBLE,FEASIBLE,null,0.005268,0.01448,0.001114,False
701454,1,2,[2],"[1,2]","[[0,1]]",FEASIBLE,FEASIBLE,FEASIBLE,null,0.003477,0.013951,0.000796,False
701455,7,1,"[1,1,1,1,1,1,1]",[1],"[[0],[0],[0],[0],[0],[0],[0]]",UNSAT,UNSAT,UNSAT,"[0, 1]",0.012036,0.045199,0.002612,False
701456,6,7,"[1,1,2,1,1,3]","[3,2,2,2,3,1,1]","[[0],[0,1,2,3,4,5,6],[0,2],[0,2,4,5],[0,1,2,3,4,5,6],[0,1,2,4,5,6]]",FEASIBLE,FEASIBLE,FEASIBLE,null,0.472797,0.067563,0.004076,False
701457,7,5,"[3,1,3,1,1,1,1]","[1,2,3,1,2]","[[0,1,2],[1],[2,3,4],[0,3],[0,3],[3],[3]]",UNSAT,UNSAT,UNSAT,"[2, 5]",0.094514,0.070476,0.004028,False
701458,3,7,"[1,3,3]","[3,2,2,3,1,2,3]","[[0,2,3],[2,4,5,6],[0,2,4,5,6]]",FEASIBLE,FEASIBLE,FEASIBLE,null,0.04488,0.043179,0.002533,False
701459,3,4,"[1,2,1]","[2,2,2,2]","[[0,1,3],[1,2,3],[3]]",FEASIBLE,FEASIBLE,FEASIBLE,null,0.029626,0.029342,0.001668,False
701460,3,5,"[2,1,1]","[1,3,2,3,3]","[[0,2,3],[3],[0,1,2,3,4]]",FEASIBLE,FEASIBLE,FEASIBLE,null,0.033729,0.03248,0.002001,False
701461,6,4,"[1,1,1,2,3,2]","[1,3,1,3]","[[1],[0,1,2,3],[2],[0,1,3],[0,1,2,3],[0,1,2]]",UNSAT,UNSAT,UNSAT,"[2, 4, 5]",0.142504,0.083581,0.00643,False
701462,3,6,"[1,3,2]","[1,1,3,1,2,3]","[[2,3],[0,1,3,4,5],[0,5]]",FEASIBLE,FEASIBLE,FEASIBLE,null,0.03446,0.042909,0.00269,False
701463,7,7,"[3,2,3,3,1,1,3]","[1,2,3,3,2,3,3]","[[1,2,3,6],[0,1,2,3,5],[0,1,2,3,4,5],[0,1,2,3,4,6],[4,5],[0,1,2,3,4,5],[0,1,2,3,4,5,6]]",FEASIBLE,FEASIBLE,FEASIBLE,null,0.814242,0.13447,0.007203,False
701464,4,7,"[1,3,1,3]","[3,2,1,2,1,1,1]","[[0,1,3,5],[0,1,3],[3,6],[0,1,2,3,4,5,6]]",FEASIBLE,FEASIBLE,FEASIBLE,null,0.140046,0.227389,0.003039,False
701465,6,7,"[1,1,3,1,3,3]","[2,3,3,1,3,3,2]","[[0,2,5,6],[3,4,5],[0,1,2,3,5,6],[0,2,6],[0,1,2,6],[0,1,2,3,4,5,6]]",FEASIBLE,FEASIBLE,FEASIBLE,null,0.442467,0.102995,0.004315,False
701466,3,3,"[3,1,1]","[1,1,2]","[[0,1,2],[2],[1,2]]",UNSAT,UNSAT,UNSAT,"[0, 1, 2]",0.026518,0.051294,0.002457,False
701467,7,2,"[1,1,1,1,2,1,1]","[3,1]","[[1],[0,1],[0],[0,1],[0,1],[1],[1]]",UNSAT,UNSAT,UNSAT,"[0, 4]",0.028203,0.062836,0.003279,False
701468,5,1,"[1,1,1,1,1]",[1],"[[0],[0],[0],[0],[0]]",UNSAT,UNSAT,UNSAT,"[0, 1]",0.011881,0.041656,0.001915,False
701469,1,1,[1],[3],[[0]],FEASIBLE,FEASIBLE,FEASIBLE,null,0.003631,0.013356,0.000536,False
701470,7,3,"[1,1,3,1,3,1,1]","[3,1,2]","[[0,1,2],[0],[0,1,2],[0,1,2],[0,1,2],[1],[0,1,2]]",UNSAT,UNSAT,UNSAT,"[2, 4]",0.064119,0.080236,0.004416,False
701471,2,1,"[1,1]",[1],"[[0],[0]]",UNSAT,UNSAT,UNSAT,"[0, 1]",0.007938,0.036319,0.001067,False
701472,7,3,"[2,2,1,1,1,2,1]","[2,1,1]","[[0,1,2],[0,1,2],[0,1,2],[1],[0,2],[0,1],[2]]",UNSAT,UNSAT,UNSAT,"[3, 5]",0.072044,0.06073,0.004066,False
701473,1,5,[3],"[3,1,1,2,2]","[[0,1,2,3,4]]",FEASIBLE,FEASIBLE,FEASIBLE,null,0.005241,0.020657,0.001284,False
701474,3,6,"[1,1,3]","[1,3,1,1,3,1]","[[3],[0,1,2,3,4,5],[1,2,5]]",FEASIBLE,FEASIBLE,FEASIBLE,null,0.033169,0.031253,0.002137,False
701475,1,3,[1],"[1,2,3]",[[2]],FEASIBLE,FEASIBLE,FEASIBLE,null,0.004543,0.013244,0.0007,False
701476,6,2,"[1,1,2,1,1,1]","[2,2]","[[0,1],[0,1],[0,1],[0],[0,1],[0]]",UNSAT,UNSAT,UNSAT,"[2, 3, 5]",0.074337,0.132295,0.003196,False
701477,7,5,"[1,1,2,3,2,1,3]","[3,2,2,2,2]","[[4],[1],[0,3],[0,1,2,3,4],[0,3],[0,1,2,3,4],[0,3,4]]",UNSAT,UNSAT,UNSAT,"[2, 4, 6]",0.22708,0.069699,0.005036,False
701478,5,5,"[1,1,1,1,3]","[1,2,3,3,1]","[[0,2,3,4],[0,1,2],[1,4],[2],[0,1,2,3,4]]",FEASIBLE,FEASIBLE,FEASIBLE,null,0.129834,0.042874,0.002882,False
701479,1,6,[3],"[1,3,2,2,3,2]","[[0,1,2,4,5]]",FEASIBLE,FEASIBLE,FEASIBLE,null,0.005927,0.020855,0.001315,False
701480,3,5,"[3,1,1]","[1,1,2,2,1]","[[0,1,2,3,4],[1,3],[1,3,4]]",FEASIBLE,FEASIBLE,FEASIBLE,null,0.028505,0.030987,0.002052,False
701481,4,3,"[1,1,1,1]","[1,2,3]","[[0,1,2],[0],[0],[2]]",UNSAT,UNSAT,UNSAT,"[1, 2]",0.021125,0.040988,0.002634,False
701482,6,1,"[1,1,1,1,1,1]",[1],"[[0],[0],[0],[0],[0],[0]]",UNSAT,UNSAT,UNSAT,"[0, 1]",0.010115,0.036077,0.002055,False
701483,2,6,"[1,3]","[1,3,2,3,2,1]","[[1,2,3,4,5],[0,1,2,3,4,5]]",FEASIBLE,FEASIBLE,FEASIBLE,null,0.01526,0.026608,0.001969,False
701484,1,6,[1],"[3,2,1,3,3,2]","[[2,4,5]]",FEASIBLE,FEASIBLE,FEASIBLE,null,0.005763,0.013853,0.001032,False
701485,4,5,"[3,3,2,2]","[1,3,1,1,1]","[[0,1,2,3],[0,1,3,4],[0,3],[0,1,2,3,4]]",UNSAT,UNSAT,UNSAT,"[0, 2]",0.023252,0.057472,0.004397,False
701486,1,1,[1],[2],[[0]],FEASIBLE,FEASIBLE,FEASIBLE,null,0.002879,0.010692,0.000539,False
701487,3,6,"[1,2,2]","[2,1,1,3,1,3]","[[0,1,2,3,4],[1,3,4,5],[1,3,5]]",FEASIBLE,FEASIBLE,FEASIBLE,null,0.032623,0.032064,0.002342,False
701488,6,7,"[1,3,2,3,1,2]","[1,2,3,3,1,3,3]","[[0,1,2,3,4,5,6],[1,3,5,6],[1,2,3,5,6],[0,1,2,3,4,5,6],[0,1,2,4],[0,1,2,3,4,5,6]]",FEASIBLE,FEASIBLE,FEASIBLE,null,0.437181,0.243464,0.005467,False
701489,3,6,"[2,2,2]","[3,3,2,3,1,3]","[[0,1],[2,3,4,5],[0,1,2,3,4,5]]",FEASIBLE,FEASIBLE,FEASIBLE,null,0.037258,0.036214,0.002438,False
701490,1,3,[1],"[1,3,2]","[[0,1,2]]",FEASIBLE,FEASIBLE,FEASIBLE,null,0.00454,0.013046,0.000877,False
701491,4,4,"[2,2,3,1]","[3,2,2,3]","[[0,3],[0,1,2,3],[0,1,2],[0,1,2,3]]",FEASIBLE,FEASIBLE,FEASIBLE,null,0.055747,0.043174,0.002395,False
701492,2,3,"[2,2]","[1,3,1]","[[0,1,2],[0,1]]",FEASIBLE,FEASIBLE,FEASIBLE,null,0.010419,0.031175,0.001738,False
701493,2,3,"[1,1]","[3,2,1]","[[2],[2]]",UNSAT,UNSAT,UNSAT,"[0, 1]",0.011721,0.028101,0.001435,False
701494,2,3,"[1,1]","[3,1,2]","[[1],[0,1,2]]",FEASIBLE,FEASIBLE,FEASIBLE,null,0.011937,0.021195,0.00117,False
701495,6,2,"[1,1,1,2,2,1]","[2,2]","[[0],[0],[0],[0,1],[0,1],[0,1]]",UNSAT,UNSAT,UNSAT,"[0, 1, 2]",0.052254,0.058354,0.002972,False
701496,2,7,"[2,2]","[3,1,3,2,1,3,2]","[[2,4,6],[0,1,2,3,4,5,6]]",FEASIBLE,FEASIBLE,FEASIBLE,null,0.021337,0.034732,0.002008,False
701497,5,6,"[2,3,1,2,1]","[2,2,1,2,3,1]","[[0,3,4,5],[0,1,2,3,4,5],[2],[0,1,2],[0,2]]",FEASIBLE,FEASIBLE,FEASIBLE,null,0.185358,0.080232,0.003939,False
701498,7,4,"[1,1,1,2,2,2,1]","[1,1,1,3]","[[2],[0],[1,2,3],[1,2],[0,2],[0,1,2],[0,1,2]]",UNSAT,UNSAT,UNSAT,"[0, 3]",0.039296,0.090036,0.005174,False
701499,7,3,"[2,1,2,1,1,1,1]","[2,3,1]","[[0,1,2],[1],[0,2],[0],[1],[0,1,2],[0,1,2]]",UNSAT,UNSAT,UNSAT,"[0, 2, 3]",0.085445,0.138357,0.003941,False
701500,6,2,"[1,2,2,1,2,2]","[2,3]","[[1],[0,1],[0,1],[1],[0,1],[0,1]]",UNSAT,UNSAT,UNSAT,"[1, 2, 4]",0.06409,0.048931,0.003057,False
701501,6,1,"[1,1,1,1,1,1]",[1],"[[0],[0],[0],[0],[0],[0]]",UNSAT,UNSAT,UNSAT,"[0, 1]",0.010786,0.037835,0.001891,False
701502,7,3,"[1,1,1,2,1,1,1]","[2,1,1]","[[0,1],[2],[0,1,2],[0,1],[1],[2],[0,2]]",UNSAT,UNSAT,UNSAT,"[1, 5]",0.043537,0.054702,0.003674,False
701503,7,7,"[1,1,1,2,1,1,2]","[2,1,2,2,3,1,2]","[[1],[0,1,2,3,4,6],[1],[1,5,6],[0,1,2,3,4,5,6],[1,2,3,4,6],[0,1,2,3,4,5,6]]",UNSAT,UNSAT,UNSAT,"[0, 2]",0.043764,0.067836,0.005684,False
701504,5,2,"[1,1,2,1,1]","[2,1]","[[0],[0,1],[0,1],[0,1],[0,1]]",UNSAT,UNSAT,UNSAT,"[0, 1, 2]",0.030725,0.041868,0.002898,False
701505,3,3,"[1,1,1]","[1,3,2]","[[0,2],[0],[0,2]]",FEASIBLE,FEASIBLE,FEASIBLE,null,0.022337,0.03159,0.001775,False
701506,5,2,"[1,2,1,1,1]","[2,3]","[[0,1],[0,1],[0],[1],[0,1]]",UNSAT,UNSAT,UNSAT,"[0, 1, 2, 3, 4]",0.067149,0.047397,0.002845,False
701507,1,2,[1],"[2,3]",[[0]],FEASIBLE,FEASIBLE,FEASIBLE,null,0.003955,0.01198,0.000708,False
701508,2,6,"[1,1]","[2,1,2,2,3,1]","[[0,1,2,3,4,5],[1]]",FEASIBLE,FEASIBLE,FEASIBLE,null,0.016012,0.023058,0.001584,False
701509,2,1,"[1,1]",[3],"[[0],[0]]",FEASIBLE,FEASIBLE,FEASIBLE,null,0.00649,0.01509,0.000702,False
701510,5,5,"[1,3,1,1,1]","[1,1,1,3,3]","[[2],[0,2,4],[0,1,2,3,4],[2],[0,4]]",UNSAT,UNSAT,UNSAT,"[0, 1]",0.023915,0.050581,0.003259,False
701511,3,4,"[1,1,1]","[1,1,1,1]","[[3],[0,1,2,3],[3]]",UNSAT,UNSAT,UNSAT,"[0, 2]",0.018131,0.12254,0.002087,False
701512,7,5,"[1,1,1,2,3,2,2]","[2,1,2,2,2]","[[2,4],[1,2,3,4],[1],[0,1,2,3,4],[0,1,4],[2,4],[0,1,2,3,4]]",UNSAT,UNSAT,UNSAT,"[2, 4]",0.081609,0.109797,0.007196,False
701513,6,2,"[1,1,1,2,2,1]","[2,2]","[[0],[1],[0,1],[0,1],[0,1],[0,1]]",UNSAT,UNSAT,UNSAT,"[0, 3, 4]",0.060883,0.05739,0.003039,False
701514,7,6,"[3,2,3,1,1,3,1]","[2,1,2,1,2,2]","[[0,2,3,5],[0,1,2,3,5],[0,1,2,3,5],[1,2,3],[5],[0,1,4,5],[5]]",UNSAT,UNSAT,UNSAT,"[0, 1, 2, 3]",0.43431,0.113213,0.00996,False
701515,5,6,"[1,3,1,1,3]","[1,2,3,2,1,2]","[[0,1,2,3,4,5],[0,1,2,3,4,5],[0,3],[1,2,3,5],[0,1,2,3,4,5]]",FEASIBLE,FEASIBLE,FEASIBLE,null,0.193689,0.053485,0.004811,False
701516,6,6,"[2,1,1,1,1,1]","[2,1,3,1,3,3]","[[1,4,5],[4],[0,1,2,3,4,5],[0,1,3,4],[0,1,2,3,4,5],[0,5]]",FEASIBLE,FEASIBLE,FEASIBLE,null,0.33447,0.050671,0.004156,False
701517,5,7,"[1,2,2,2,1]","[1,3,1,1,3,2,1]","[[1,2,6],[0,2,3,5,6],[3,5],[2,4],[1,5]]",FEASIBLE,FEASIBLE,FEASIBLE,null,0.16614,0.055186,0.00432,False
701518,7,2,"[1,1,2,1,1,1,1]","[1,3]","[[1],[0],[0,1],[0],[0,1],[0],[1]]",UNSAT,UNSAT,UNSAT,"[1, 2]",0.027462,0.048316,0.004449,False
701519,5,1,"[1,1,1,1,1]",[1],"[[0],[0],[0],[0],[0]]",UNSAT,UNSAT,UNSAT,"[0, 1]",0.009026,0.034039,0.002595,False
701520,6,5,"[1,2,1,2,1,1]","[3,3,1,2,2]","[[2],[0,1,2,3,4],[1,3,4],[0,1,2,3,4],[1,2],[0,1,2,3,4]]",FEASIBLE,FEASIBLE,FEASIBLE,null,0.346507,0.058086,0.004538,False
701521,4,4,"[1,2,3,1]","[1,3,3,2]","[[0,1,2,3],[0,1],[0,1,2,3],[1]]",FEASIBLE,FEASIBLE,FEASIBLE,null,0.051731,0.078145,0.003068,False
701522,5,5,"[1,1,2,3,3]","[3,1,1,2,2]","[[1,2],[1],[1,2,3,4],[0,1,2,4],[0,1,2,3]]",UNSAT,UNSAT,UNSAT,"[0, 1, 3]",0.067233,0.075924,0.005849,False
701523,2,5,"[1,3]","[2,2,2,3,2]","[[1,4],[0,2,3]]",FEASIBLE,FEASIBLE,FEASIBLE,null,0.013395,0.023692,0.001698,False
701524,3,1,"[1,1,1]",[3],"[[0],[0],[0]]",FEASIBLE,FEASIBLE,FEASIBLE,null,0.011366,0.01788,0.001154,False
701525,2,1,"[1,1]",[1],"[[0],[0]]",UNSAT,UNSAT,UNSAT,"[0, 1]",0.005505,0.020708,0.001329,False
701526,3,7,"[1,3,1]","[1,1,3,3,2,3,2]","[[5],[1,2,3,4,5,6],[0,1,2,3,4,5,6]]",FEASIBLE,FEASIBLE,FEASIBLE,null,0.037309,0.033815,0.002971,False
701527,2,2,"[1,1]","[3,2]","[[0,1],[0]]",FEASIBLE,FEASIBLE,FEASIBLE,null,0.007543,0.015529,0.001068,False
701528,6,7,"[1,2,1,2,1,3]","[3,1,1,1,1,2,3]","[[6],[0,1,3,5,6],[1,5],[0,5],[1,3],[0,1,2,3,4,5,6]]",FEASIBLE,FEASIBLE,FEASIBLE,null,0.34862,0.052693,0.003776,False
701529,7,2,"[1,1,1,2,1,1,1]","[2,1]","[[0,1],[0],[1],[0,1],[1],[1],[0]]",UNSAT,UNSAT,UNSAT,"[2, 3]",0.036773,0.047217,0.003518,False
701530,3,6,"[2,1,2]","[3,1,3,3,2,2]","[[0,1,3,4,5],[1,3],[1,3,4,5]]",FEASIBLE,FEASIBLE,FEASIBLE,null,0.033051,0.037192,0.002162,False
701531,5,3,"[1,2,1,1,1]","[3,2,2]","[[0,1],[0,1],[0,1,2],[1,2],[0,1,2]]",FEASIBLE,FEASIBLE,FEASIBLE,null,0.083612,0.119163,0.003023,False
701532,4,2,"[2,1,1,1]","[3,1]","[[0,1],[1],[0,1],[0]]",UNSAT,UNSAT,UNSAT,"[0, 1]",0.011325,0.032925,0.002756,False
701533,4,5,"[3,2,3,1]","[1,1,1,3,1]","[[0,1,2,3,4],[0,1,4],[0,3,4],[2]]",UNSAT,UNSAT,UNSAT,"[1, 2]",0.03063,0.067608,0.005172,False
701534,3,6,"[2,3,2]","[2,1,3,1,3,2]","[[0,4,5],[0,1,2,3,4,5],[0,5]]",FEASIBLE,FEASIBLE,FEASIBLE,null,0.03361,0.044353,0.00299,False
701535,6,7,"[1,1,1,2,2,2]","[1,3,2,3,3,3,3]","[[0,1,2,4],[5],[0],[0,2,5,6],[0,1,2,3,4,5,6],[0,1,3,4,6]]",FEASIBLE,FEASIBLE,FEASIBLE,null,0.368566,0.074097,0.005037,False
701536,7,3,"[1,1,1,2,2,1,2]","[1,2,1]","[[1,2],[1],[0,1,2],[1,2],[1,2],[1,2],[1,2]]",UNSAT,UNSAT,UNSAT,"[3, 4]",0.057511,0.053572,0.004486,False
701537,6,3,"[1,1,1,1,1,1]","[2,1,3]","[[0],[2],[0,1],[2],[1],[2]]",FEASIBLE,FEASIBLE,FEASIBLE,null,0.177052,0.032171,0.001897,False
701538,6,2,"[2,1,2,1,1,1]","[1,1]","[[0,1],[0,1],[0,1],[1],[0,1],[0]]",UNSAT,UNSAT,UNSAT,"[0, 1]",0.014647,0.048049,0.003052,False
701539,2,7,"[1,3]","[3,3,1,2,2,1,2]","[[0,1,2,3,4,5,6],[0,1,2,3,4]]",FEASIBLE,FEASIBLE,FEASIBLE,null,0.017112,0.028927,0.002294,False
701540,2,1,"[1,1]",[3],"[[0],[0]]",FEASIBLE,FEASIBLE,FEASIBLE,null,0.005983,0.014341,0.000853,False
701541,6,5,"[3,1,1,1,1,3]","[3,3,3,1,1]","[[1,3,4],[1,3],[0,1,2,3,4],[0],[2],[0,1,2,3,4]]",FEASIBLE,FEASIBLE,FEASIBLE,null,0.265638,0.062398,0.003154,False
701542,3,1,"[1,1,1]",[2],"[[0],[0],[0]]",UNSAT,UNSAT,UNSAT,"[0, 1, 2]",0.011629,0.026354,0.001814,False
701543,6,6,"[1,2,1,3,1,3]","[3,2,2,3,1,3]","[[0,1,4],[0,2,3,5],[2],[0,1,2,3,4,5],[2,3,5],[1,2,3,4]]",FEASIBLE,FEASIBLE,FEASIBLE,null,0.314482,0.054148,0.003815,False
701544,5,1,"[1,1,1,1,1]",[1],"[[0],[0],[0],[0],[0]]",UNSAT,UNSAT,UNSAT,"[0, 1]",0.009692,0.033275,0.002117,False
701545,4,7,"[2,3,3,2]","[2,1,1,2,1,3,2]","[[0,1,2,3,4,5,6],[1,2,5,6],[0,1,2,3,5,6],[2,3,4,5,6]]",FEASIBLE,FEASIBLE,FEASIBLE,null,0.101026,0.055065,0.004014,False
701546,4,4,"[2,2,2,2]","[2,2,3,1]","[[0,1,3],[0,1],[0,2],[1,3]]",UNSAT,UNSAT,UNSAT,"[0, 1, 3]",0.040227,0.047401,0.003285,False
701547,5,5,"[2,2,1,3,1]","[2,1,2,1,3]","[[0,1,2,4],[0,2,3,4],[2,3,4],[0,1,2,3],[0,1,2,4]]",FEASIBLE,FEASIBLE,FEASIBLE,null,0.126562,0.070456,0.004612,False
701548,5,6,"[3,3,3,1,1]","[2,3,3,3,1,3]","[[0,1,2,3,4,5],[0,1,2,3,4,5],[0,1,2,4],[1,3],[0,4]]",FEASIBLE,FEASIBLE,FEASIBLE,null,0.146461,0.068267,0.004539,False
701549,2,1,"[1,1]",[2],"[[0],[0]]",FEASIBLE,FEASIBLE,FEASIBLE,null,0.005959,0.014404,0.000753,False
701550,2,7,"[2,2]","[1,2,1,3,2,1,2]","[[0,4,6],[0,4,5,6]]",FEASIBLE,FEASIBLE,FEASIBLE,null,0.01621,0.026774,0.001795,False
701551,5,5,"[2,2,2,1,1]","[3,3,3,3,2]","[[1,3],[0,2,3,4],[1,2,3,4],[1],[0,1,2,3,4]]",FEASIBLE,FEASIBLE,FEASIBLE,null,0.126296,0.042293,0.00291,False
701552,1,5,[1],"[2,3,1,1,3]","[[0,1,2,3,4]]",FEASIBLE,FEASIBLE,FEASIBLE,null,0.00509,0.097778,0.001243,False
701553,5,6,"[1,3,3,3,1]","[2,3,1,1,1,1]","[[0,2,3,4,5],[0,2,4,5],[0,1,2,3,4,5],[0,2,5],[1,3]]",UNSAT,UNSAT,UNSAT,"[1, 3]",0.048811,0.067722,0.005639,False
701554,1,3,[1],"[1,1,3]","[[0,2]]",FEASIBLE,FEASIBLE,FEASIBLE,null,0.004342,0.012571,0.000879,False
701555,4,2,"[1,2,2,1]","[1,1]","[[0,1],[0,1],[0,1],[1]]",UNSAT,UNSAT,UNSAT,"[0, 1]",0.013991,0.057955,0.002447,False
701556,2,5,"[1,1]","[1,1,3,1,1]","[[0,2,3,4],[3]]",FEASIBLE,FEASIBLE,FEASIBLE,null,0.013329,0.019601,0.001445,False
701557,1,6,[1],"[1,1,2,1,3,3]","[[0,1,2]]",FEASIBLE,FEASIBLE,FEASIBLE,null,0.005652,0.013774,0.001139,False
701558,4,3,"[1,2,1,1]","[2,2,3]","[[2],[1,2],[0],[0]]",FEASIBLE,FEASIBLE,FEASIBLE,null,0.040636,0.038124,0.001631,False
701559,6,3,"[3,1,3,1,2,1]","[2,2,2]","[[0,1,2],[2],[0,1,2],[0],[0,2],[1]]",UNSAT,UNSAT,UNSAT,"[0, 1, 2]",0.055868,0.055504,0.003859,False
701560,3,1,"[1,1,1]",[1],"[[0],[0],[0]]",UNSAT,UNSAT,UNSAT,"[0, 1]",0.006982,0.027532,0.001536,False
701561,5,7,"[2,1,3,1,3]","[1,3,3,3,1,2,1]","[[2,3,4,5],[6],[3,4,6],[4],[0,3,4,6]]",UNSAT,UNSAT,UNSAT,"[1, 2]",0.049746,0.056199,0.003994,False
701562,6,6,"[3,1,3,2,1,1]","[2,1,1,3,1,2]","[[0,1,2,3,5],[2],[1,2,3,4,5],[2,3],[3],[3,5]]",UNSAT,UNSAT,UNSAT,"[1, 3]",0.055872,0.06641,0.005187,False
701563,3,1,"[1,1,1]",[2],"[[0],[0],[0]]",UNSAT,UNSAT,UNSAT,"[0, 1, 2]",0.011241,0.056136,0.001396,False
701564,7,6,"[2,3,3,3,1,1,3]","[1,3,3,3,1,3]","[[1,2,3,4,5],[1,2,3,4],[0,3,5],[0,1,2,3,4,5],[2],[3],[0,1,3,4]]",UNSAT,UNSAT,UNSAT,"[1, 2, 5, 6]",0.42148,0.199907,0.008575,False
701565,5,7,"[2,2,2,2,1]","[2,2,3,2,2,1,2]","[[0,1,2,3,4,5,6],[0,4],[0,1,4,5,6],[0,5,6],[0,1]]",FEASIBLE,FEASIBLE,FEASIBLE,null,0.169618,0.059592,0.004044,False
701566,2,6,"[2,1]","[2,1,2,1,1,3]","[[1,2,3],[0,1,2]]",FEASIBLE,FEASIBLE,FEASIBLE,null,0.015218,0.022316,0.001544,False
701567,2,6,"[3,1]","[2,1,1,1,2,3]","[[0,1,2,3,4,5],[2,3,4]]",FEASIBLE,FEASIBLE,FEASIBLE,null,0.015604,0.026827,0.001913,False
701568,7,7,"[2,3,3,2,3,1,1]","[3,1,1,1,1,2,2]","[[0,1,2,5,6],[0,3,4,5],[1,2,3,5,6],[0,4,6],[0,1,2,4,6],[0,1],[1,2,3]]",UNSAT,UNSAT,UNSAT,"[0, 1, 2, 3, 4]",0.567981,0.12825,0.008686,False
701569,5,3,"[2,1,2,2,1]","[3,2,2]","[[0,1,2],[1,2],[0,1,2],[0,1,2],[2]]",UNSAT,UNSAT,UNSAT,"[0, 1, 2, 3, 4]",0.083979,0.052241,0.003615,False
701570,2,2,"[2,1]","[2,2]","[[0,1],[0,1]]",FEASIBLE,FEASIBLE,FEASIBLE,null,0.007473,0.019084,0.001131,False
701571,3,3,"[1,1,1]","[1,3,2]","[[2],[0],[0]]",UNSAT,UNSAT,UNSAT,"[1, 2]",0.016022,0.026878,0.001837,False
701572,5,1,"[1,1,1,1,1]",[2],"[[0],[0],[0],[0],[0]]",UNSAT,UNSAT,UNSAT,"[0, 1, 2]",0.021347,0.033892,0.002168,False
701573,1,7,[2],"[1,1,3,1,1,3,2]","[[4,5]]",FEASIBLE,FEASIBLE,FEASIBLE,null,0.006188,0.017084,0.001157,False
701574,2,1,"[1,1]",[3],"[[0],[0]]",FEASIBLE,FEASIBLE,FEASIBLE,null,0.005862,0.015612,0.000716,False
701575,7,3,"[3,1,2,1,2,1,2]","[1,2,1]","[[0,1,2],[2],[0,1],[0],[0,1,2],[0],[0,1,2]]",UNSAT,UNSAT,UNSAT,"[0, 1]",0.020403,0.137667,0.004242,False
701576,5,2,"[1,2,1,1,1]","[1,3]","[[0,1],[0,1],[0,1],[1],[0]]",UNSAT,UNSAT,UNSAT,"[1, 4]",0.023961,0.041699,0.002917,False
701577,5,5,"[1,1,3,1,2]","[2,2,3,3,3]","[[0,1,4],[2],[0,1,3,4],[0,1,2,4],[0,1,3]]",FEASIBLE,FEASIBLE,FEASIBLE,null,0.144011,0.054204,0.003512,False
701578,5,4,"[3,1,2,2,1]","[3,3,2,2]","[[0,1,2,3],[2,3],[0,1],[0,1,2,3],[3]]",FEASIBLE,FEASIBLE,FEASIBLE,null,0.107176,0.042046,0.002475,False
701579,4,6,"[1,1,1,1]","[2,3,1,3,1,3]","[[3],[2,5],[2,3],[1]]",FEASIBLE,FEASIBLE,FEASIBLE,null,0.069161,0.027838,0.001915,False
701580,4,7,"[2,2,3,2]","[2,2,1,3,2,1,1]","[[0,1,2,3],[0,6],[0,1,3,4,5],[0,1,2,4,5,6]]",FEASIBLE,FEASIBLE,FEASIBLE,null,0.082523,0.059195,0.003287,False
701581,2,2,"[1,1]","[3,2]","[[0,1],[0]]",FEASIBLE,FEASIBLE,FEASIBLE,null,0.009218,0.03523,0.00101,False
701582,2,7,"[1,1]","[2,1,3,3,1,2,1]","[[1,2,3,4,5,6],[0,1,3,4,5]]",FEASIBLE,FEASIBLE,FEASIBLE,null,0.026434,0.027792,0.002008,False
701583,5,5,"[1,1,2,1,3]","[1,3,3,3,2]","[[2],[0,1,2,3,4],[2,3],[3],[0,1,2,3]]",FEASIBLE,FEASIBLE,FEASIBLE,null,0.12874,0.044611,0.002672,False
701584,7,4,"[2,3,1,1,3,1,2]","[1,1,1,1]","[[1,2,3],[0,1,2,3],[0],[2,3],[0,1,2,3],[0],[0,2,3]]",UNSAT,UNSAT,UNSAT,"[0, 1]",0.025197,0.069874,0.004914,False
701585,6,3,"[1,1,1,1,1,1]","[3,1,3]","[[0,1,2],[0,1,2],[0,1,2],[0,2],[1],[1]]",UNSAT,UNSAT,UNSAT,"[4, 5]",0.053799,0.048881,0.003169,False
701586,4,7,"[1,2,1,1]","[1,3,1,2,1,3,2]","[[1,3,4],[0,1,2,3,4,6],[1,2,3,5,6],[5]]",FEASIBLE,FEASIBLE,FEASIBLE,null,0.198021,0.035807,0.002815,False
701587,7,5,"[1,3,1,2,3,1,3]","[1,3,3,3,3]","[[2,3,4],[0,1,2,3,4],[0],[0,2,3,4],[0,1,2,3,4],[3],[2,3,4]]",UNSAT,UNSAT,UNSAT,"[0, 1, 2, 3, 4, 6]",0.536362,0.105322,0.007039,False
701588,4,7,"[1,1,2,2]","[2,2,3,1,2,3,1]","[[1],[0,1,2,3,5,6],[1,2],[0,1,2,5,6]]",FEASIBLE,FEASIBLE,FEASIBLE,null,0.08395,0.038902,0.002884,False
701589,6,5,"[2,3,1,3,1,2]","[2,2,1,3,1]","[[0,1,2,3,4],[1,2,4],[0,4],[0,1,3,4],[1,2],[0,1,3,4]]",UNSAT,UNSAT,UNSAT,"[1, 3, 4]",0.158091,0.10005,0.006595,False
701590,2,3,"[1,1]","[2,2,1]","[[0,2],[1]]",FEASIBLE,FEASIBLE,FEASIBLE,null,0.010068,0.017224,0.001145,False
701591,4,3,"[1,2,1,1]","[2,2,3]","[[0,1],[1,2],[0],[0,1,2]]",FEASIBLE,FEASIBLE,FEASIBLE,null,0.042076,0.030246,0.001797,False
701592,6,4,"[1,2,1,3,1,3]","[3,1,2,1]","[[2,3],[0,1,2,3],[0,1],[1,2,3],[0,1,2,3],[0,1,2]]",UNSAT,UNSAT,UNSAT,"[3, 5]",0.066736,0.076168,0.004921,False
701593,2,5,"[1,1]","[1,2,2,2,2]","[[1,2],[1,3,4]]",FEASIBLE,FEASIBLE,FEASIBLE,null,0.013812,0.01995,0.001414,False
701594,3,4,"[3,2,1]","[3,1,1,3]","[[0,1,2,3],[1,2],[0]]",UNSAT,UNSAT,UNSAT,"[0, 1]",0.014386,0.05083,0.003234,False
701595,2,2,"[1,1]","[3,1]","[[0],[0,1]]",FEASIBLE,FEASIBLE,FEASIBLE,null,0.007917,0.016252,0.000923,False
701596,5,5,"[3,1,3,2,2]","[1,3,3,3,1]","[[0,1,2,3],[1,2,4],[1,3,4],[1,2],[0,1,2,4]]",UNSAT,UNSAT,UNSAT,"[0, 1, 2, 3, 4]",0.127871,0.168988,0.005806,False
701597,5,1,"[1,1,1,1,1]",[3],"[[0],[0],[0],[0],[0]]",UNSAT,UNSAT,UNSAT,"[0, 1, 2, 3]",0.037012,0.035357,0.002089,False
701598,2,7,"[2,1]","[3,3,2,2,3,3,1]","[[0,1,3,6],[5,6]]",FEASIBLE,FEASIBLE,FEASIBLE,null,0.017017,0.023658,0.001597,False
701599,2,1,"[1,1]",[1],"[[0],[0]]",UNSAT,UNSAT,UNSAT,"[0, 1]",0.006468,0.021394,0.001202,False
701600,5,1,"[1,1,1,1,1]",[2],"[[0],[0],[0],[0],[0]]",UNSAT,UNSAT,UNSAT,"[0, 1, 2]",0.021951,0.036422,0.001708,False
701601,3,3,"[1,1,2]","[3,3,2]","[[0],[2],[1,2]]",FEASIBLE,FEASIBLE,FEASIBLE,null,0.020565,0.022566,0.001455,False
701602,1,4,[2],"[3,2,3,3]","[[1,3]]",FEASIBLE,FEASIBLE,FEASIBLE,null,0.004725,0.014661,0.001041,False
701603,3,6,"[1,1,3]","[1,1,2,1,3,2]","[[4,5],[0,4],[0,1,2,3,4,5]]",FEASIBLE,FEASIBLE,FEASIBLE,null,0.033588,0.031581,0.002109,False
701604,5,1,"[1,1,1,1,1]",[3],"[[0],[0],[0],[0],[0]]",UNSAT,UNSAT,UNSAT,"[0, 1, 2, 3]",0.035585,0.03491,0.001625,False
701605,6,6,"[3,1,1,1,3,3]","[2,1,2,2,3,2]","[[0,1,2,4],[0,1,2,3,4,5],[0,1,2,3,4,5],[0,1,2,3,4,5],[0,1,2,3,5],[0,1,3,4,5]]",FEASIBLE,FEASIBLE,FEASIBLE,null,0.326681,0.090352,0.006408,False
701606,5,5,"[1,3,1,3,2]","[1,1,3,1,2]","[[0,1,2,3,4],[0,1,2,3,4],[0,3],[1,2,3,4],[1,2]]",UNSAT,UNSAT,UNSAT,"[0, 1, 3, 4]",0.114821,0.08773,0.006096,False
701607,1,5,[3],"[2,1,2,1,3]","[[2,3,4]]",FEASIBLE,FEASIBLE,FEASIBLE,null,0.005558,0.021938,0.001224,False
701608,2,5,"[1,3]","[3,3,2,2,3]","[[1,3,4],[0,1,2,3,4]]",FEASIBLE,FEASIBLE,FEASIBLE,null,0.013488,0.027182,0.002325,False
701609,1,2,[1],"[1,2]",[[0]],FEASIBLE,FEASIBLE,FEASIBLE,null,0.088249,0.011375,0.000779,False
701610,5,7,"[3,2,2,2,1]","[1,2,3,3,1,3,3]","[[0,1,3,4,5,6],[0,3,4,5,6],[0,1,2,3,4,5,6],[0,1,2,3,4],[2,3,4,5]]",FEASIBLE,FEASIBLE,FEASIBLE,null,0.177334,0.058239,0.004687,False
701611,4,4,"[1,2,1,2]","[1,1,3,3]","[[3],[0,1,3],[0,1,2],[0,1,2,3]]",FEASIBLE,FEASIBLE,FEASIBLE,null,0.052332,0.03669,0.002149,False
701612,6,5,"[1,1,2,3,1,3]","[1,1,2,3,3]","[[3],[2],[0,1,2,3,4],[0,1,2,4],[1,2,3],[0,1,2]]",UNSAT,UNSAT,UNSAT,"[3, 5]",0.079239,0.083688,0.0058,False
701613,6,7,"[1,3,1,1,1,3]","[2,3,1,2,2,3,2]","[[0,1,2,3,4,5,6],[0,1,2,4,5,6],[2],[2,3],[1,4,6],[0,1,2,3,4,6]]",FEASIBLE,FEASIBLE,FEASIBLE,null,0.388203,0.080127,0.005174,False
701614,4,3,"[3,2,1,1]","[3,3,1]","[[0,1,2],[0,1,2],[0,1,2],[0,2]]",FEASIBLE,FEASIBLE,FEASIBLE,null,0.044564,0.049505,0.002628,False
701615,4,3,"[3,1,1,1]","[3,2,3]","[[0,1,2],[0,2],[1],[1]]",UNSAT,UNSAT,UNSAT,"[0, 2, 3]",0.038903,0.042454,0.002728,False
701616,2,3,"[1,1]","[3,3,3]","[[0,1],[0]]",FEASIBLE,FEASIBLE,FEASIBLE,null,0.010383,0.017385,0.001039,False
701617,5,1,"[1,1,1,1,1]",[1],"[[0],[0],[0],[0],[0]]",UNSAT,UNSAT,UNSAT,"[0, 1]",0.009697,0.033704,0.001847,False
701618,3,4,"[1,1,1]","[2,2,1,3]","[[1],[0,3],[0,1,2,3]]",FEASIBLE,FEASIBLE,FEASIBLE,null,0.025944,0.023795,0.001616,False
701619,6,2,"[1,1,1,1,1,1]","[3,2]","[[1],[0,1],[0],[0],[0],[1]]",UNSAT,UNSAT,UNSAT,"[0, 1, 2, 3, 4, 5]",0.135999,0.044926,0.002951,False
701620,2,5,"[2,1]","[2,3,3,1,2]","[[0,4],[2,4]]",FEASIBLE,FEASIBLE,FEASIBLE,null,0.147457,0.022197,0.001361,False
701621,5,1,"[1,1,1,1,1]",[2],"[[0],[0],[0],[0],[0]]",UNSAT,UNSAT,UNSAT,"[0, 1, 2]",0.023238,0.036316,0.001658,False
701622,1,5,[2],"[1,1,1,2,1]","[[0,1]]",FEASIBLE,FEASIBLE,FEASIBLE,null,0.005585,0.016365,0.000931,False
701623,1,5,[3],"[3,3,1,3,2]","[[1,2,3,4]]",FEASIBLE,FEASIBLE,FEASIBLE,null,0.005644,0.019091,0.001239,False
701624,6,7,"[2,1,2,3,1,3]","[2,2,2,1,3,3,2]","[[0,1,2,3,4,5,6],[1,3,4,5],[0,1,2,5,6],[0,1,2,6],[1,4,5,6],[0,1,2,4,5,6]]",FEASIBLE,FEASIBLE,FEASIBLE,null,0.375281,0.083697,0.006156,False
701625,1,4,[2],"[3,3,2,2]","[[0,3]]",FEASIBLE,FEASIBLE,FEASIBLE,null,0.004942,0.015622,0.00088,False
701626,3,3,"[1,3,1]","[2,3,3]","[[1,2],[0,1,2],[1]]",FEASIBLE,FEASIBLE,FEASIBLE,null,0.020919,0.026261,0.001532,False
701627,7,1,"[1,1,1,1,1,1,1]",[1],"[[0],[0],[0],[0],[0],[0],[0]]",UNSAT,UNSAT,UNSAT,"[0, 1]",0.011928,0.041778,0.002623,False
701628,4,4,"[1,2,3,2]","[2,2,3,1]","[[2],[0,1,2,3],[0,1,2,3],[0,1,3]]",FEASIBLE,FEASIBLE,FEASIBLE,null,0.05285,0.052222,0.002892,False
701629,3,2,"[1,1,2]","[1,1]","[[0],[0],[0,1]]",UNSAT,UNSAT,UNSAT,"[0, 1]",0.009725,0.030209,0.001924,False
701630,6,5,"[1,1,1,2,1,1]","[3,1,1,3,2]","[[2],[1,3],[0,1,2,3,4],[0,1,2,3,4],[1,2],[0,1,3,4]]",FEASIBLE,FEASIBLE,FEASIBLE,null,0.302398,0.064241,0.004189,False
701631,6,5,"[3,3,1,1,3,2]","[2,2,2,3,2]","[[0,2,3,4],[0,1,2,3,4],[2],[0,2],[0,1,2,3,4],[2,3]]",UNSAT,UNSAT,UNSAT,"[0, 1, 2, 4, 5]",0.27547,0.188787,0.006383,False
701632,4,1,"[1,1,1,1]",[3],"[[0],[0],[0],[0]]",UNSAT,UNSAT,UNSAT,"[0, 1, 2, 3]",0.024158,0.033313,0.001972,False
701633,3,3,"[1,1,1]","[3,3,1]","[[2],[2],[0,1,2]]",UNSAT,UNSAT,UNSAT,"[0, 1]",0.012855,0.030526,0.001996,False
701634,1,3,[1],"[1,3,3]","[[0,1]]",FEASIBLE,FEASIBLE,FEASIBLE,null,0.004545,0.012843,0.000789,False
701635,7,2,"[1,1,1,1,1,1,2]","[2,1]","[[0,1],[1],[0,1],[0,1],[1],[1],[0,1]]",UNSAT,UNSAT,UNSAT,"[1, 4]",0.033147,0.052444,0.003488,False
701636,7,2,"[1,2,1,1,2,2,2]","[3,3]","[[0],[0,1],[0,1],[1],[0,1],[0,1],[0,1]]",UNSAT,UNSAT,UNSAT,"[0, 1, 4, 5]",0.149368,0.061356,0.003616,False
701637,2,5,"[1,1]","[2,3,2,1,2]","[[3,4],[4]]",FEASIBLE,FEASIBLE,FEASIBLE,null,0.014206,0.019331,0.001173,False
701638,7,3,"[2,1,1,1,1,1,1]","[2,3,3]","[[0,1,2],[0],[0],[2],[0,1,2],[1],[1]]",FEASIBLE,FEASIBLE,FEASIBLE,null,0.385266,0.058876,0.003036,False
701639,7,7,"[2,2,3,2,1,2,1]","[2,1,1,3,2,2,1]","[[1,4],[0,1,2],[0,1,3,5],[0,2,3,5],[0],[0,1,2,3,4,5],[0,1,3,4,6]]",UNSAT,UNSAT,UNSAT,"[0, 1, 2, 4]",0.407338,0.089098,0.006,False
701640,7,5,"[3,1,3,3,3,2,1]","[3,1,1,2,1]","[[0,1,2,3,4],[0,3],[0,1,2,3,4],[0,1,2,3,4],[2,3,4],[0,1,2,3,4],[4]]",UNSAT,UNSAT,UNSAT,"[4, 6]",0.108505,0.088899,0.006322,False
701641,5,6,"[1,1,2,1,1]","[2,1,1,3,2,1]","[[3],[0],[0,1,2,4,5],[0,1,2,3,5],[2]]",FEASIBLE,FEASIBLE,FEASIBLE,null,0.200287,0.152869,0.003409,False
701642,2,7,"[2,1]","[2,2,2,2,3,2,2]","[[0,1,5,6],[0,1,4]]",FEASIBLE,FEASIBLE,FEASIBLE,null,0.01853,0.02581,0.001601,False
701643,7,3,"[1,1,1,1,1,1,1]","[3,2,3]","[[1,2],[0],[0,1,2],[1],[1,2],[0],[0,2]]",FEASIBLE,FEASIBLE,FEASIBLE,null,0.392683,0.042067,0.002281,False
701644,1,7,[3],"[2,2,3,1,3,2,1]","[[0,1,2,3,4,5,6]]",FEASIBLE,FEASIBLE,FEASIBLE,null,0.007108,0.02434,0.001547,False
701645,3,6,"[1,2,1]","[1,3,2,1,2,2]","[[1],[2,3,4],[1,2,5]]",FEASIBLE,FEASIBLE,FEASIBLE,null,0.03557,0.028967,0.001741,False
701646,1,2,[1],"[2,3]","[[0,1]]",FEASIBLE,FEASIBLE,FEASIBLE,null,0.00373,0.012656,0.000721,False
701647,1,1,[1],[1],[[0]],FEASIBLE,FEASIBLE,FEASIBLE,null,0.00291,0.011358,0.000632,False
701648,5,6,"[2,3,2,2,1]","[1,1,2,3,2,2]","[[0,2,3],[0,1,4,5],[0,2,3],[0,5],[3,4,5]]",FEASIBLE,FEASIBLE,FEASIBLE,null,0.166476,0.074964,0.004029,False
701649,2,6,"[3,1]","[2,1,3,1,1,2]","[[0,1,3],[1,2,3,5]]",FEASIBLE,FEASIBLE,FEASIBLE,null,0.01709,0.02911,0.001755,False
701650,7,3,"[1,2,1,2,1,2,1]","[3,1,2]","[[1],[0,2],[1],[0,2],[1],[0,1,2],[1]]",UNSAT,UNSAT,UNSAT,"[0, 2]",0.026287,0.063417,0.003728,False
701651,7,4,"[3,1,1,1,2,1,1]","[3,3,1,3]","[[0,1,2,3],[0],[1,3],[0,1,3],[1,2],[0],[3]]",FEASIBLE,FEASIBLE,FEASIBLE,null,0.496762,0.073404,0.003731,False
701652,5,2,"[1,2,1,1,2]","[1,3]","[[0,1],[0,1],[0,1],[1],[0,1]]",UNSAT,UNSAT,UNSAT,"[1, 4]",0.025967,0.051556,0.002961,False
701653,7,5,"[1,3,1,1,1,1,3]","[2,1,2,3,2]","[[4],[0,1,3],[4],[2],[0,2,3,4],[1,3,4],[0,1,2,3,4]]",UNSAT,UNSAT,UNSAT,"[0, 1, 2, 3, 4, 5, 6]",0.613289,0.221644,0.005297,False
701654,3,7,"[1,2,1]","[3,1,2,3,3,2,1]","[[1,4,5,6],[3,4],[0,1,2,3,4,5,6]]",FEASIBLE,FEASIBLE,FEASIBLE,null,0.099601,0.042161,0.002387,False
701655,5,5,"[1,3,2,1,2]","[1,2,2,2,3]","[[0],[1,2,4],[0,2],[3],[0,1,2,3,4]]",UNSAT,UNSAT,UNSAT,"[0, 2]",0.05387,0.073446,0.003377,False
701656,7,4,"[2,1,2,3,1,2,3]","[3,2,3,1]","[[2,3],[0,1,2],[0,1,2,3],[0,1,2,3],[1,2],[0,1],[0,1,2,3]]",UNSAT,UNSAT,UNSAT,"[0, 2, 3, 6]",0.350393,0.089974,0.005576,False
701657,1,5,[2],"[2,3,1,1,3]","[[0,1,2,3]]",FEASIBLE,FEASIBLE,FEASIBLE,null,0.006428,0.032827,0.001203,False
701658,4,3,"[2,2,1,1]","[3,3,3]","[[1,2],[0,1,2],[1],[0,2]]",FEASIBLE,FEASIBLE,FEASIBLE,null,0.056772,0.036075,0.001836,False
701659,5,3,"[2,2,1,3,1]","[1,2,3]","[[0,1,2],[0,1,2],[0,1,2],[0,1,2],[0,2]]",UNSAT,UNSAT,UNSAT,"[0, 1, 3]",0.04787,0.060924,0.003992,False
701660,6,5,"[2,1,1,2,2,1]","[2,2,1,1,2]","[[0,1,2,3,4],[0],[0,1,3],[0,1],[1,2,3],[1,4]]",UNSAT,UNSAT,UNSAT,"[0, 1, 2, 3, 4]",0.254906,0.08994,0.005605,False
701661,7,7,"[1,2,1,2,2,3,2]","[2,3,2,3,1,2,2]","[[1,2,3,5],[0,1,2,4,6],[3],[0,1,2,3,4,5,6],[0,1,2,3,4],[0,1,2,3,4,5,6],[0,1,2,3,4,5,6]]",FEASIBLE,FEASIBLE,FEASIBLE,null,0.844734,0.180948,0.005892,False
701662,7,3,"[3,1,1,2,1,1,1]","[1,1,2]","[[0,1,2],[2],[1],[0,2],[0],[1],[0,1,2]]",UNSAT,UNSAT,UNSAT,"[0, 2]",0.027852,0.0629,0.003561,False
701663,2,2,"[1,1]","[3,2]","[[0],[1]]",FEASIBLE,FEASIBLE,FEASIBLE,null,0.009712,0.017174,0.000857,False
701664,3,7,"[1,2,1]","[2,2,3,2,3,2,1]","[[3],[0,1,2,3,5,6],[6]]",FEASIBLE,FEASIBLE,FEASIBLE,null,0.042506,0.03197,0.001923,False
701665,7,3,"[1,1,1,1,1,1,1]","[3,3,2]","[[0,2],[0,1,2],[1,2],[0,1,2],[1,2],[0,2],[0]]",FEASIBLE,FEASIBLE,FEASIBLE,null,0.412366,0.06035,0.003433,False
701666,7,2,"[1,1,1,2,2,2,2]","[1,3]","[[0],[0,1],[1],[0,1],[0,1],[0,1],[0,1]]",UNSAT,UNSAT,UNSAT,"[0, 3]",0.022136,0.060359,0.003431,False
701667,7,4,"[2,2,1,2,1,1,2]","[1,3,1,1]","[[0,1,2,3],[0,1,2,3],[0,3],[0,2,3],[1],[2],[0,1,2]]",UNSAT,UNSAT,UNSAT,"[0, 1, 3]",0.127966,0.076432,0.004879,False
701668,7,2,"[1,1,1,1,1,2,2]","[1,1]","[[0],[1],[0,1],[1],[0,1],[0,1],[0,1]]",UNSAT,UNSAT,UNSAT,"[0, 5]",0.026514,0.055186,0.003149,False
701669,2,4,"[1,2]","[3,2,3,2]","[[1],[1,2]]",FEASIBLE,FEASIBLE,FEASIBLE,null,0.012998,0.021395,0.001144,False
701670,6,1,"[1,1,1,1,1,1]",[1],"[[0],[0],[0],[0],[0],[0]]",UNSAT,UNSAT,UNSAT,"[0, 1]",0.011551,0.053871,0.002392,False
701671,3,4,"[2,1,1]","[2,1,1,2]","[[0,1],[2],[0]]",FEASIBLE,FEASIBLE,FEASIBLE,null,0.027398,0.026549,0.001433,False
701672,7,7,"[2,1,2,1,1,1,2]","[2,3,1,2,3,3,2]","[[0,3,4],[1,3],[1,4,5],[0,1,3,5,6],[2],[0,1,2,3,4,5,6],[1,6]]",FEASIBLE,FEASIBLE,FEASIBLE,null,0.84086,0.190921,0.004678,False
701673,4,1,"[1,1,1,1]",[1],"[[0],[0],[0],[0]]",UNSAT,UNSAT,UNSAT,"[0, 1]",0.010222,0.034733,0.001777,False
701674,3,4,"[1,3,2]","[3,3,3,3]","[[0,1,2,3],[0,1,2],[1,2,3]]",FEASIBLE,FEASIBLE,FEASIBLE,null,0.029006,0.035853,0.001932,False
701675,7,2,"[1,2,2,1,1,1,2]","[2,2]","[[0],[0,1],[0,1],[0,1],[0,1],[0],[0,1]]",UNSAT,UNSAT,UNSAT,"[0, 1, 2]",0.063054,0.061597,0.00339,False
701676,1,5,[3],"[2,2,2,3,1]","[[0,2,3]]",FEASIBLE,FEASIBLE,FEASIBLE,null,0.006183,0.033028,0.001157,False
701677,5,3,"[1,1,1,3,2]","[2,3,3]","[[0,1],[0],[2],[0,1,2],[0,1]]",UNSAT,UNSAT,UNSAT,"[1, 3, 4]",0.073256,0.08212,0.003448,False
701678,7,5,"[2,3,1,2,1,1,2]","[2,2,3,1,3]","[[0,4],[0,2,3],[0],[0,1],[3],[0,1,2,4],[2,4]]",UNSAT,UNSAT,UNSAT,"[1, 4]",0.068195,0.074314,0.004563,False
701679,3,1,"[1,1,1]",[2],"[[0],[0],[0]]",UNSAT,UNSAT,UNSAT,"[0, 1, 2]",0.013227,0.031147,0.001525,False
701680,2,4,"[1,1]","[1,2,1,2]","[[0],[0,2,3]]",FEASIBLE,FEASIBLE,FEASIBLE,null,0.013171,0.021415,0.00131,False
701681,7,6,"[1,1,3,1,2,1,1]","[3,3,3,2,2,2]","[[1,2,3,4],[0,1,2,3,4,5],[0,2,5],[3],[0,2],[0,1,2,3,4,5],[5]]",FEASIBLE,FEASIBLE,FEASIBLE,null,0.759217,0.06329,0.00374,False
701682,2,2,"[2,1]","[3,2]","[[0,1],[1]]",FEASIBLE,FEASIBLE,FEASIBLE,null,0.009325,0.022314,0.001058,False
701683,3,1,"[1,1,1]",[1],"[[0],[0],[0]]",UNSAT,UNSAT,UNSAT,"[0, 1]",0.008186,0.031056,0.001235,False
701684,4,6,"[2,1,1,1]","[2,1,3,1,1,2]","[[0,2,3,5],[0,1,3,5],[1,2,3,4],[1,2,3,4,5]]",FEASIBLE,FEASIBLE,FEASIBLE,null,0.082916,0.135057,0.002981,False
701685,3,6,"[3,1,1]","[1,3,3,1,1,2]","[[0,1,2,4,5],[0,1,3,4,5],[0,2]]",FEASIBLE,FEASIBLE,FEASIBLE,null,0.039004,0.037819,0.002409,False
701686,1,5,[3],"[1,3,1,1,2]","[[1,2,3]]",FEASIBLE,FEASIBLE,FEASIBLE,null,0.006211,0.034268,0.001107,False
701687,6,5,"[1,3,2,2,3,2]","[2,2,3,3,1]","[[0,1,4],[0,1,2,3],[0,1,2,4],[0,3],[0,1,2,3,4],[2,4]]",UNSAT,UNSAT,UNSAT,"[0, 1, 2, 4, 5]",0.283689,0.112935,0.00653,False
701688,4,2,"[1,2,1,1]","[1,2]","[[0,1],[0,1],[0],[0,1]]",UNSAT,UNSAT,UNSAT,"[1, 2]",0.019471,0.043476,0.002467,False
701689,3,5,"[1,2,1]","[1,2,1,1,2]","[[4],[2,3,4],[0,1,2,3,4]]",FEASIBLE,FEASIBLE,FEASIBLE,null,0.033822,0.031976,0.001953,False
701690,5,5,"[1,1,1,1,1]","[3,1,2,2,3]","[[3],[0,1,2,3,4],[1],[0,2],[0,1,2,3,4]]",FEASIBLE,FEASIBLE,FEASIBLE,null,0.146909,0.039362,0.002529,False
701691,4,5,"[1,2,1,3]","[3,1,3,2,1]","[[4],[2,4],[4],[0,2,4]]",UNSAT,UNSAT,UNSAT,"[0, 1]",0.022751,0.047404,0.002904,False
701692,5,4,"[2,1,1,1,1]","[3,1,2,1]","[[1,3],[0,1,2,3],[2],[0,2],[0,2]]",FEASIBLE,FEASIBLE,FEASIBLE,null,0.123063,0.039023,0.002313,False
701693,4,2,"[2,1,1,2]","[1,1]","[[0,1],[0,1],[1],[0,1]]",UNSAT,UNSAT,UNSAT,"[0, 1]",0.013301,0.042476,0.002201,False
701694,6,2,"[1,1,2,1,2,2]","[1,1]","[[0],[0],[0,1],[1],[0,1],[0,1]]",UNSAT,UNSAT,UNSAT,"[0, 1]",0.016547,0.054972,0.002878,False
701695,5,3,"[1,1,1,1,3]","[2,2,1]","[[0,1],[2],[1],[2],[0,1,2]]",UNSAT,UNSAT,UNSAT,"[1, 3]",0.033328,0.141928,0.00275,False
701696,2,6,"[1,3]","[2,3,1,3,1,1]","[[5],[0,1,2,4]]",FEASIBLE,FEASIBLE,FEASIBLE,null,0.017785,0.028116,0.001426,False
701697,6,4,"[2,2,1,1,1,3]","[1,1,2,2]","[[0,2],[0,1,2,3],[0,3],[3],[0,2,3],[0,1,2]]",UNSAT,UNSAT,UNSAT,"[0, 5]",0.040997,0.07005,0.00769,False
701698,5,3,"[1,1,1,1,2]","[2,2,1]","[[1,2],[1],[0,1,2],[0],[0,1,2]]",UNSAT,UNSAT,UNSAT,"[0, 1, 2, 3, 4]",0.118572,0.055325,0.004229,False
701699,7,7,"[3,1,1,1,2,1,2]","[2,2,1,3,3,1,3]","[[3,4,6],[0,2],[1,2,3,4,6],[2,3],[0,1,2,3,4,5,6],[0,2,3,5,6],[0,1,2,4,5,6]]",FEASIBLE,FEASIBLE,FEASIBLE,null,0.8912,0.081842,0.005917,False
701700,5,3,"[1,1,1,2,1]","[1,2,1]","[[0,1],[0,2],[1],[0,1,2],[0,2]]",UNSAT,UNSAT,UNSAT,"[1, 3, 4]",0.074039,0.053311,0.003801,False
701701,7,3,"[2,1,1,2,2,1,1]","[2,1,3]","[[0,1,2],[2],[1],[0,2],[0,2],[1,2],[2]]",UNSAT,UNSAT,UNSAT,"[0, 1, 3, 4]",0.214618,0.065647,0.004288,False
701702,4,2,"[2,1,1,1]","[2,3]","[[0,1],[1],[0,1],[0,1]]",FEASIBLE,FEASIBLE,FEASIBLE,null,0.036616,0.031866,0.00169,False
701703,7,6,"[2,3,2,3,1,1,3]","[1,1,1,3,2,2]","[[0,1,2,3,4,5],[0,1,3,4,5],[2,3,4,5],[0,1,2,3,4,5],[3],[1],[0,1,2,3,4,5]]",UNSAT,UNSAT,UNSAT,"[0, 1, 3, 6]",0.405513,0.110866,0.007984,False
701704,7,3,"[2,1,1,1,3,1,3]","[2,3,1]","[[0,2],[0],[0],[0,1,2],[0,1,2],[1],[0,1,2]]",UNSAT,UNSAT,UNSAT,"[0, 4]",0.033165,0.16483,0.004641,False
701705,6,1,"[1,1,1,1,1,1]",[1],"[[0],[0],[0],[0],[0],[0]]",UNSAT,UNSAT,UNSAT,"[0, 1]",0.012354,0.042433,0.002647,False
701706,2,4,"[1,1]","[1,1,1,1]","[[2],[0,2,3]]",FEASIBLE,FEASIBLE,FEASIBLE,null,0.01718,0.026008,0.001427,False
701707,6,5,"[1,2,2,3,2,2]","[2,3,2,3,1]","[[0,1,2,4],[0,1,2,3,4],[1,2],[0,1,3],[0,1,4],[2,3]]",UNSAT,UNSAT,UNSAT,"[0, 1, 2, 3, 4, 5]",0.413318,0.148342,0.007174,False
701708,4,7,"[3,2,3,1]","[1,1,1,3,2,1,2]","[[0,1,2,3,5,6],[0,6],[0,1,2,3,4,5,6],[0,1,2,3,4,5,6]]",FEASIBLE,FEASIBLE,FEASIBLE,null,0.124981,0.148888,0.005046,False
701709,5,5,"[1,2,1,1,1]","[3,2,2,2,3]","[[0,3,4],[0,2,3,4],[4],[0,1,2,3,4],[2,3]]",FEASIBLE,FEASIBLE,FEASIBLE,null,0.200061,0.060627,0.003023,False
701710,5,4,"[1,1,2,2,2]","[1,1,1,2]","[[3],[0,1,2,3],[0,3],[0,3],[0,2]]",UNSAT,UNSAT,UNSAT,"[2, 3]",0.064594,0.104193,0.004546,False
701711,1,2,[2],"[2,2]","[[0,1]]",FEASIBLE,FEASIBLE,FEASIBLE,null,0.006266,0.022734,0.00095,False
701712,6,4,"[1,2,2,1,1,1]","[1,3,2,2]","[[0,1,2,3],[0,1,3],[0,2,3],[0,1,3],[1],[1,3]]",FEASIBLE,FEASIBLE,FEASIBLE,null,0.263882,0.073823,0.003789,False
701713,4,1,"[1,1,1,1]",[1],"[[0],[0],[0],[0]]",UNSAT,UNSAT,UNSAT,"[0, 1]",0.009724,0.034666,0.002111,False
701714,1,7,[2],"[1,3,3,2,3,1,2]","[[0,3]]",FEASIBLE,FEASIBLE,FEASIBLE,null,0.007609,0.021874,0.001227,False
701715,1,4,[1],"[3,3,2,1]","[[0,1]]",FEASIBLE,FEASIBLE,FEASIBLE,null,0.005368,0.016417,0.000847,False
701716,5,1,"[1,1,1,1,1]",[3],"[[0],[0],[0],[0],[0]]",UNSAT,UNSAT,UNSAT,"[0, 1, 2, 3]",0.151178,0.041653,0.002552,False
701717,6,2,"[2,1,2,1,1,2]","[3,1]","[[0,1],[0],[0,1],[1],[1],[0,1]]",UNSAT,UNSAT,UNSAT,"[0, 2]",0.019679,0.053769,0.00324,False
701718,3,2,"[2,2,1]","[2,1]","[[0,1],[0,1],[1]]",UNSAT,UNSAT,UNSAT,"[0, 1]",0.011142,0.037129,0.002312,False
701719,4,5,"[1,1,2,1]","[3,3,1,2,2]","[[0,1,3,4],[0,1,2,4],[1,3],[3]]",FEASIBLE,FEASIBLE,FEASIBLE,null,0.071536,0.036551,0.002254,False
701720,6,4,"[3,1,1,1,2,1]","[3,1,2,3]","[[0,1,3],[1,2],[1,2,3],[0,2],[0,1,2,3],[1]]",UNSAT,UNSAT,UNSAT,"[0, 5]",0.040825,0.084468,0.003863,False
701721,1,2,[1],"[1,1]",[[1]],FEASIBLE,FEASIBLE,FEASIBLE,null,0.004587,0.013163,0.000748,False
701722,7,6,"[2,1,1,2,2,2,1]","[1,1,1,3,2,1]","[[0,1,2,3],[0,1,2,3,4,5],[0,1,2,3,4,5],[0,1,2,5],[4,5],[0,1,2,3,5],[1]]",UNSAT,UNSAT,UNSAT,"[0, 3, 4, 5]",0.53684,0.128971,0.008322,False
701723,3,4,"[1,3,1]","[1,3,3,1]","[[2],[0,2,3],[0,1]]",FEASIBLE,FEASIBLE,FEASIBLE,null,0.028771,0.032344,0.001812,False
701724,1,7,[1],"[2,1,1,1,1,1,1]","[[2,3]]",FEASIBLE,FEASIBLE,FEASIBLE,null,0.007647,0.018188,0.001105,False
701725,3,5,"[2,2,3]","[3,3,3,3,1]","[[0,1,2,4],[0,1,3],[0,1,4]]",FEASIBLE,FEASIBLE,FEASIBLE,null,0.033662,0.038668,0.002102,False
701726,4,2,"[1,1,1,2]","[2,3]","[[0,1],[1],[0,1],[0,1]]",FEASIBLE,FEASIBLE,FEASIBLE,null,0.037301,0.043082,0.002182,False
701727,3,4,"[3,2,1]","[3,2,1,3]","[[0,1,2,3],[0,1],[0]]",FEASIBLE,FEASIBLE,FEASIBLE,null,0.027982,0.034058,0.001782,False
701728,5,2,"[2,1,1,1,1]","[1,1]","[[0,1],[0,1],[0],[1],[0]]",UNSAT,UNSAT,UNSAT,"[0, 1]",0.113989,0.045991,0.002618,False
701729,7,7,"[2,1,1,2,3,1,1]","[3,3,2,1,2,2,1]","[[1,6],[0,1,2,3,4,5,6],[1,4,5,6],[1,3,4],[0,1,2,3,4,5,6],[2],[0,1,2,3,4,5,6]]",FEASIBLE,FEASIBLE,FEASIBLE,null,0.886767,0.074158,0.005287,False
701730,5,4,"[3,1,1,1,3]","[1,1,2,1]","[[0,2,3],[0,2],[0,1,2,3],[1],[0,2,3]]",UNSAT,UNSAT,UNSAT,"[0, 4]",0.034759,0.061861,0.003904,False
701731,6,2,"[1,1,1,2,1,1]","[2,2]","[[0],[1],[0],[0,1],[0,1],[0,1]]",UNSAT,UNSAT,UNSAT,"[0, 2, 3]",0.060561,0.05374,0.003092,False
701732,5,5,"[2,1,2,1,3]","[1,1,1,1,3]","[[0,1,4],[1,2,4],[0,1,2,3,4],[0],[0,1,2,3,4]]",UNSAT,UNSAT,UNSAT,"[0, 1, 2, 4]",0.127875,0.097572,0.006099,False
701733,7,1,"[1,1,1,1,1,1,1]",[1],"[[0],[0],[0],[0],[0],[0],[0]]",UNSAT,UNSAT,UNSAT,"[0, 1]",0.013535,0.047112,0.002619,False
701734,5,1,"[1,1,1,1,1]",[2],"[[0],[0],[0],[0],[0]]",UNSAT,UNSAT,UNSAT,"[0, 1, 2]",0.025891,0.039492,0.001939,False
701735,5,2,"[1,2,1,1,2]","[1,2]","[[0],[0,1],[0],[0],[0,1]]",UNSAT,UNSAT,UNSAT,"[0, 1]",0.015005,0.046816,0.002587,False
701736,4,6,"[2,3,1,2]","[3,3,3,3,3,1]","[[1,4],[0,1,2,3,4,5],[5],[0,1,4,5]]",FEASIBLE,FEASIBLE,FEASIBLE,null,0.082647,0.047009,0.002666,False
701737,1,3,[2],"[2,3,3]","[[0,1,2]]",FEASIBLE,FEASIBLE,FEASIBLE,null,0.00485,0.019171,0.001053,False
701738,6,7,"[3,2,3,2,2,3]","[2,2,2,1,1,2,2]","[[0,2,3,5,6],[0,1,2,3,4,5,6],[0,1,2,4],[0,1,3,4,5,6],[0,1,2,3,4,5,6],[0,1,5]]",UNSAT,UNSAT,UNSAT,"[0, 1, 2, 3, 5]",0.38077,0.201943,0.008282,False
701739,2,4,"[1,1]","[1,3,2,2]","[[0,3],[0,2]]",FEASIBLE,FEASIBLE,FEASIBLE,null,0.013349,0.021609,0.001314,False
701740,2,2,"[2,1]","[3,1]","[[0,1],[1]]",UNSAT,UNSAT,UNSAT,"[0, 1]",0.00872,0.027756,0.001676,False
701741,2,7,"[1,1]","[3,2,2,3,1,2,3]","[[2,3,4,6],[2,3,5,6]]",FEASIBLE,FEASIBLE,FEASIBLE,null,0.019475,0.026369,0.00178,False
701742,5,7,"[1,1,1,3,3]","[2,3,1,3,3,3,3]","[[5],[2,5,6],[0,4,6],[0,1,4],[3,4,6]]",FEASIBLE,FEASIBLE,FEASIBLE,null,0.200048,0.050312,0.002948,False
701743,3,1,"[1,1,1]",[3],"[[0],[0],[0]]",FEASIBLE,FEASIBLE,FEASIBLE,null,0.013694,0.020786,0.001145,False
701744,7,7,"[2,2,1,1,1,1,1]","[2,3,1,3,1,3,2]","[[0,1,2,4,5,6],[0,1,3,4,6],[6],[1,6],[0,3],[0,1,2,3,4,5,6],[1,2,3,5]]",FEASIBLE,FEASIBLE,FEASIBLE,null,0.900037,0.069046,0.004467,False
701745,7,4,"[1,1,2,1,1,1,3]","[3,3,1,1]","[[2],[3],[0,1,2,3],[1],[1,2],[0,1,2,3],[0,1,2,3]]",UNSAT,UNSAT,UNSAT,"[0, 1, 6]",0.126184,0.076413,0.005003,False
701746,1,2,[1],"[3,2]",[[0]],FEASIBLE,FEASIBLE,FEASIBLE,null,0.004416,0.013236,0.000781,False
701747,1,6,[1],"[2,2,3,2,2,1]","[[0,1,2,4,5]]",FEASIBLE,FEASIBLE,FEASIBLE,null,0.006728,0.020635,0.001305,False
701748,3,3,"[1,1,1]","[1,2,1]","[[0,2],[0],[1]]",FEASIBLE,FEASIBLE,FEASIBLE,null,0.023501,0.034411,0.001821,False
701749,3,5,"[1,1,1]","[3,2,3,3,2]","[[0,1,2,3,4],[0,1,2],[4]]",FEASIBLE,FEASIBLE,FEASIBLE,null,0.034377,0.221851,0.001878,False
701750,7,3,"[1,1,1,3,1,3,3]","[2,3,1]","[[0,1,2],[0],[1,2],[0,1,2],[2],[0,1,2],[0,1,2]]",UNSAT,UNSAT,UNSAT,"[3, 4]",0.067789,0.072315,0.004535,False
701751,5,2,"[2,1,1,2,1]","[3,2]","[[0,1],[1],[0],[0,1],[0]]",UNSAT,UNSAT,UNSAT,"[0, 1, 3]",0.040311,0.050932,0.002781,False
701752,1,7,[1],"[2,1,1,3,3,3,3]","[[0,2,4,5]]",FEASIBLE,FEASIBLE,FEASIBLE,null,0.007711,0.01877,0.001204,False
701753,3,6,"[3,1,3]","[1,3,2,1,3,3]","[[0,1,3,4,5],[4,5],[0,1,2,3,4,5]]",FEASIBLE,FEASIBLE,FEASIBLE,null,0.039406,0.044281,0.002606,False
701754,2,7,"[1,3]","[2,3,2,2,1,1,3]","[[0,1,2,3,4,5],[2,3,4]]",FEASIBLE,FEASIBLE,FEASIBLE,null,0.020168,0.031139,0.00284,False
701755,6,1,"[1,1,1,1,1,1]",[2],"[[0],[0],[0],[0],[0],[0]]",UNSAT,UNSAT,UNSAT,"[0, 1, 2]",0.034204,0.044675,0.002874,False
701756,4,4,"[1,2,1,1]","[1,1,3,2]","[[0,3],[1,3],[0,3],[0,1,3]]",UNSAT,UNSAT,UNSAT,"[0, 1, 2, 3]",0.058168,0.049801,0.003186,False
701757,4,4,"[2,1,2,2]","[1,3,3,3]","[[1,3],[3],[1,2],[1,2,3]]",FEASIBLE,FEASIBLE,FEASIBLE,null,0.058803,0.037952,0.002017,False
701758,7,1,"[1,1,1,1,1,1,1]",[3],"[[0],[0],[0],[0],[0],[0],[0]]",UNSAT,UNSAT,UNSAT,"[0, 1, 2, 3]",0.097832,0.04756,0.002535,False
701759,1,2,[1],"[3,3]","[[0,1]]",FEASIBLE,FEASIBLE,FEASIBLE,null,0.004078,0.013127,0.000729,False
701760,3,4,"[1,2,3]","[2,2,1,2]","[[3],[1,3],[0,1,3]]",UNSAT,UNSAT,UNSAT,"[0, 1, 2]",0.040327,0.043732,0.002562,False
701761,2,3,"[1,1]","[3,3,2]","[[0,2],[2]]",FEASIBLE,FEASIBLE,FEASIBLE,null,0.011187,0.022035,0.001087,False
701762,3,1,"[1,1,1]",[1],"[[0],[0],[0]]",UNSAT,UNSAT,UNSAT,"[0, 1]",0.007979,0.122593,0.001641,False
701763,2,5,"[1,3]","[2,2,1,1,3]","[[0,1,2,3,4],[0,1,4]]",FEASIBLE,FEASIBLE,FEASIBLE,null,0.015251,0.028311,0.001615,False
701764,7,2,"[1,1,1,2,2,1,1]","[2,1]","[[1],[1],[0,1],[0,1],[0,1],[0],[1]]",UNSAT,UNSAT,UNSAT,"[0, 1]",0.018929,0.057199,0.003429,False
701765,1,7,[2],"[1,1,2,3,1,2,3]","[[0,1,2,3,5,6]]",FEASIBLE,FEASIBLE,FEASIBLE,null,0.007477,0.022536,0.001317,False
701766,7,6,"[2,1,1,1,2,2,3]","[2,2,3,2,1,2]","[[0,1,2],[0,1,2,3,4,5],[1,3],[2,4],[0,1,2,3,4,5],[0,2,4],[0,2,3,4,5]]",FEASIBLE,FEASIBLE,FEASIBLE,null,0.727784,0.096205,0.005849,False
701767,7,2,"[1,1,1,1,1,2,1]","[1,1]","[[1],[0,1],[0,1],[1],[1],[0,1],[1]]",UNSAT,UNSAT,UNSAT,"[0, 3]",0.022653,0.052749,0.003207,False
701768,1,2,[2],"[2,2]","[[0,1]]",FEASIBLE,FEASIBLE,FEASIBLE,null,0.004361,0.015448,0.000766,False
701769,6,5,"[1,1,1,3,2,1]","[2,1,1,2,3]","[[1,2,4],[3,4],[2],[0,2,4],[1,2,3],[0,2,3]]",UNSAT,UNSAT,UNSAT,"[2, 3]",0.068613,0.076944,0.004709,False
701770,6,3,"[1,1,2,1,1,1]","[1,1,1]","[[0],[0,1,2],[0,1,2],[1],[1],[1]]",UNSAT,UNSAT,UNSAT,"[3, 4]",0.054524,0.055592,0.00345,False
701771,7,5,"[1,1,3,2,1,1,3]","[3,2,3,1,1]","[[0,1,2,3,4],[0,1,3],[0,1,3],[0,1,2,3,4],[1,2,3,4],[0],[0,1,2,3,4]]",UNSAT,UNSAT,UNSAT,"[1, 2, 3, 5, 6]",0.581702,0.107956,0.006442,False
701772,7,5,"[2,2,3,1,3,1,2]","[3,3,3,2,1]","[[0,1,3,4],[0,3,4],[0,1,2,3,4],[2],[0,1,2,4],[2],[1,2,3,4]]",UNSAT,UNSAT,UNSAT,"[0, 1, 2, 3, 4, 6]",0.60642,0.193186,0.006137,False
701773,7,3,"[1,1,1,1,1,1,1]","[1,2,2]","[[0],[0,2],[0],[0],[1],[0,1,2],[0]]",UNSAT,UNSAT,UNSAT,"[0, 2]",0.027972,0.05535,0.003191,False
701774,4,4,"[2,3,1,1]","[3,3,1,2]","[[1,2],[1,2,3],[0],[2,3]]",UNSAT,UNSAT,UNSAT,"[0, 1]",0.021322,0.049778,0.002839,False
701775,5,3,"[2,1,1,3,3]","[3,1,2]","[[1,2],[0,2],[2],[0,1,2],[0,1,2]]",UNSAT,UNSAT,UNSAT,"[0, 3]",0.02652,0.057154,0.003359,False
701776,4,1,"[1,1,1,1]",[2],"[[0],[0],[0],[0]]",UNSAT,UNSAT,UNSAT,"[0, 1, 2]",0.019298,0.036246,0.001861,False
701777,2,3,"[1,1]","[3,1,1]","[[1,2],[1]]",FEASIBLE,FEASIBLE,FEASIBLE,null,0.011243,0.026367,0.001474,False
701778,1,4,[1],"[2,3,2,1]","[[2,3]]",FEASIBLE,FEASIBLE,FEASIBLE,null,0.005551,0.014702,0.000843,False
701779,7,2,"[1,1,1,1,1,1,1]","[3,1]","[[0,1],[1],[0,1],[0],[1],[0],[0]]",UNSAT,UNSAT,UNSAT,"[1, 4]",0.035551,0.054193,0.003227,False
701780,4,5,"[1,1,1,1]","[3,1,2,3,1]","[[0,2,3],[1],[1],[3]]",UNSAT,UNSAT,UNSAT,"[1, 2]",0.035694,0.042021,0.002423,False
701781,6,3,"[2,2,2,1,2,2]","[2,3,1]","[[0,1,2],[0,1],[0,1,2],[0,2],[0,1,2],[1,2]]",UNSAT,UNSAT,UNSAT,"[0, 1, 2, 3]",0.127518,0.068277,0.005751,False
701782,3,2,"[1,1,1]","[3,1]","[[0,1],[0],[0,1]]",FEASIBLE,FEASIBLE,FEASIBLE,null,0.017929,0.02331,0.001282,False
701783,1,5,[3],"[1,1,1,3,2]","[[1,2,3,4]]",FEASIBLE,FEASIBLE,FEASIBLE,null,0.006256,0.021667,0.001347,False
701784,7,2,"[1,1,2,1,2,1,1]","[3,3]","[[0],[0],[0,1],[0,1],[0,1],[0,1],[0]]",UNSAT,UNSAT,UNSAT,"[0, 1, 2, 4]",0.164711,0.075348,0.003564,False
701785,6,7,"[3,1,1,2,2,1]","[2,1,3,2,3,3,1]","[[0,1,2,3,4,6],[3],[0,3,4,5],[1,4,6],[0,2,3,4,5,6],[0,1,3,4,5,6]]",FEASIBLE,FEASIBLE,FEASIBLE,null,0.420295,0.070751,0.004463,False
701786,3,4,"[3,1,2]","[2,2,2,1]","[[0,1,3],[3],[0,2,3]]",UNSAT,UNSAT,UNSAT,"[0, 1]",0.017424,0.047112,0.002601,False
701787,2,7,"[1,2]","[1,3,3,2,3,3,1]","[[0,1,3,4,5,6],[0,1,2,3,4,5,6]]",FEASIBLE,FEASIBLE,FEASIBLE,null,0.020966,0.054459,0.002318,False
701788,1,6,[2],"[3,1,2,2,1,3]","[[0,1,2,3,4]]",FEASIBLE,FEASIBLE,FEASIBLE,null,0.007497,0.021761,0.001239,False
701789,7,6,"[1,3,1,2,3,3,1]","[2,2,2,3,2,3]","[[3],[0,2,3],[0,1,2,3,4,5],[0,1,2,4,5],[0,1,2,3,5],[1,2,3,5],[4]]",FEASIBLE,FEASIBLE,FEASIBLE,null,0.763447,0.123084,0.005759,False
701790,4,6,"[2,1,3,3]","[2,3,1,2,2,1]","[[1,4,5],[0,3,4],[0,1,2,4,5],[2,3,4]]",FEASIBLE,FEASIBLE,FEASIBLE,null,0.085365,0.064214,0.003793,False
701791,3,3,"[3,1,1]","[2,1,2]","[[0,1,2],[0,2],[1]]",UNSAT,UNSAT,UNSAT,"[0, 2]",0.016653,0.038726,0.002179,False
701792,7,5,"[2,1,1,1,1,1,3]","[1,2,1,1,1]","[[2,4],[0,3,4],[0,2,3,4],[1],[2],[0,1,2,3,4],[0,1,2,3,4]]",UNSAT,UNSAT,UNSAT,"[0, 4]",0.048225,0.080828,0.005767,False
701793,1,5,[2],"[1,2,1,1,1]","[[2,4]]",FEASIBLE,FEASIBLE,FEASIBLE,null,0.006186,0.018018,0.00097,False
701794,2,3,"[1,2]","[3,2,1]","[[0],[1,2]]",FEASIBLE,FEASIBLE,FEASIBLE,null,0.010923,0.021108,0.001219,False
701795,7,2,"[1,1,1,2,2,1,1]","[3,2]","[[1],[1],[0],[0,1],[0,1],[1],[0]]",UNSAT,UNSAT,UNSAT,"[0, 1, 3]",0.066335,0.168846,0.003308,False
701796,5,4,"[2,2,3,2,2]","[2,3,3,3]","[[0,3],[0,1,2,3],[0,1,2,3],[0,1,2],[0,3]]",FEASIBLE,FEASIBLE,FEASIBLE,null,0.140226,0.072448,0.003777,False
701797,3,2,"[1,1,1]","[2,1]","[[0],[1],[0,1]]",FEASIBLE,FEASIBLE,FEASIBLE,null,0.019301,0.023409,0.001307,False
701798,7,2,"[1,2,1,1,1,1,1]","[1,3]","[[1],[0,1],[0,1],[0],[0],[0],[0]]",UNSAT,UNSAT,UNSAT,"[1, 3]",0.033513,0.05324,0.002864,False
701799,7,1,"[1,1,1,1,1,1,1]",[1],"[[0],[0],[0],[0],[0],[0],[0]]",UNSAT,UNSAT,UNSAT,"[0, 1]",0.013466,0.046182,0.00236,False
701800,5,6,"[2,1,3,1,1]","[1,1,2,2,3,1]","[[0,1,2,3,4,5],[2],[0,1,2,3,4,5],[0,1],[1,2,5]]",FEASIBLE,FEASIBLE,FEASIBLE,null,0.174162,0.073772,0.004403,False
701801,6,4,"[3,2,3,2,2,2]","[2,3,3,2]","[[0,1,2,3],[0,1,2,3],[0,1,2],[0,3],[1,3],[0,1,2,3]]",UNSAT,UNSAT,UNSAT,"[0, 2, 3, 4]",0.189217,0.085174,0.005489,False
701802,3,6,"[1,3,3]","[1,2,1,2,2,3]","[[0,1,2,3,4],[0,1,2,3,4,5],[2,3,4,5]]",FEASIBLE,FEASIBLE,FEASIBLE,null,0.038807,0.047202,0.002969,False
701803,2,6,"[2,1]","[2,1,3,2,3,2]","[[0,1,2,4],[0,1,2,3,4,5]]",FEASIBLE,FEASIBLE,FEASIBLE,null,0.017348,0.028486,0.00199,False
701804,4,6,"[3,3,3,1]","[3,1,1,1,2,3]","[[0,3,5],[0,1,2,3,4,5],[1,2,4],[0,1,2,3,4,5]]",FEASIBLE,FEASIBLE,FEASIBLE,null,0.082381,0.073861,0.00414,False
701805,7,3,"[1,1,2,2,2,1,2]","[3,1,1]","[[0,1,2],[0],[0,1,2],[0,1],[0,1,2],[0,1],[0,2]]",UNSAT,UNSAT,UNSAT,"[2, 3, 4]",0.162052,0.167011,0.004608,False
701806,5,5,"[3,1,1,3,1]","[3,1,2,3,2]","[[0,1,4],[0],[3],[0,1,2,3,4],[1]]",UNSAT,UNSAT,UNSAT,"[0, 4]",0.05425,0.05945,0.003195,False
701807,4,4,"[2,2,2,1]","[2,1,3,2]","[[0,1],[0,1,2,3],[0,1,3],[1]]",UNSAT,UNSAT,UNSAT,"[0, 3]",0.028326,0.065869,0.003395,False
701808,3,4,"[3,2,2]","[1,2,1,1]","[[0,1,2,3],[0,1,2,3],[0,1,2,3]]",UNSAT,UNSAT,UNSAT,"[0, 1, 2]",0.028333,0.057539,0.00334,False
701809,5,2,"[1,1,2,2,1]","[3,2]","[[0],[1],[0,1],[0,1],[1]]",UNSAT,UNSAT,UNSAT,"[1, 2, 3]",0.05211,0.048676,0.00268,False
701810,2,6,"[2,3]","[3,2,2,1,1,2]","[[2,3,4,5],[0,1,2,3,4,5]]",FEASIBLE,FEASIBLE,FEASIBLE,null,0.017905,0.033735,0.002124,False
701811,2,2,"[1,1]","[3,3]","[[0],[1]]",FEASIBLE,FEASIBLE,FEASIBLE,null,0.009062,0.016834,0.000886,False
701812,4,7,"[3,1,1,2]","[2,3,2,2,3,1,3]","[[0,1,2,3,4,5,6],[1,2,4,5],[4],[0,2,3,4,6]]",FEASIBLE,FEASIBLE,FEASIBLE,null,0.096224,0.045953,0.003155,False
701813,2,2,"[1,1]","[3,1]","[[1],[0]]",FEASIBLE,FEASIBLE,FEASIBLE,null,0.008977,0.016386,0.000812,False
701814,7,5,"[1,3,1,3,2,2,1]","[1,3,3,1,1]","[[0,1,2,3],[1,2,4],[0],[0,1,2,3,4],[1,4],[1,2,4],[0,1,2,3,4]]",UNSAT,UNSAT,UNSAT,"[1, 4]",0.071106,0.095032,0.006102,False
701815,1,5,[3],"[3,1,2,1,1]","[[0,1,2,3,4]]",FEASIBLE,FEASIBLE,FEASIBLE,null,0.006062,0.022698,0.001261,False
701816,4,3,"[1,2,2,1]","[2,3,1]","[[0],[0,1,2],[0,1,2],[2]]",UNSAT,UNSAT,UNSAT,"[0, 1, 2, 3]",0.047714,0.048008,0.003064,False
701817,3,7,"[1,1,1]","[1,2,2,3,3,2,1]","[[1],[1],[1]]",UNSAT,UNSAT,UNSAT,"[0, 1, 2]",0.041688,0.133583,0.001949,False
701818,3,1,"[1,1,1]",[3],"[[0],[0],[0]]",FEASIBLE,FEASIBLE,FEASIBLE,null,0.013251,0.020803,0.001016,False
701819,4,1,"[1,1,1,1]",[1],"[[0],[0],[0],[0]]",UNSAT,UNSAT,UNSAT,"[0, 1]",0.010014,0.033261,0.001793,False
701820,4,5,"[1,2,1,2]","[3,1,2,1,2]","[[1,2,4],[0,1,2,3,4],[0],[0,1]]",FEASIBLE,FEASIBLE,FEASIBLE,null,0.071081,0.054136,0.003105,False
701821,5,1,"[1,1,1,1,1]",[2],"[[0],[0],[0],[0],[0]]",UNSAT,UNSAT,UNSAT,"[0, 1, 2]",0.025361,0.03878,0.001958,False
701822,5,4,"[1,1,3,1,1]","[3,3,1,1]","[[0,2],[0],[0,1,2,3],[0],[3]]",UNSAT,UNSAT,UNSAT,"[0, 1, 2, 3, 4]",0.137409,0.056538,0.003557,False
701823,5,6,"[3,1,1,3,1]","[1,1,1,1,1,3]","[[1,3,4,5],[3],[0,2,3,4,5],[0,1,2,3,4,5],[5]]",UNSAT,UNSAT,UNSAT,"[0, 1, 2, 3, 4]",0.231933,0.102323,0.006505,False
701824,7,2,"[1,1,2,2,2,1,1]","[2,3]","[[0,1],[0],[0,1],[0,1],[0,1],[1],[1]]",UNSAT,UNSAT,UNSAT,"[1, 2, 3]",0.101078,0.061231,0.003565,False
701825,2,6,"[1,1]","[1,3,3,2,1,1]","[[0,1,4],[0,2]]",FEASIBLE,FEASIBLE,FEASIBLE,null,0.017635,0.024305,0.0014,False
701826,7,6,"[1,3,1,1,1,1,1]","[3,3,3,3,1,1]","[[0,1],[1,2,4],[0,1,2,3,4,5],[3],[2,5],[2],[2,4,5]]",FEASIBLE,FEASIBLE,FEASIBLE,null,0.742288,0.059806,0.003514,False
701827,4,5,"[1,1,2,1]","[2,1,2,1,1]","[[0,1,2,3,4],[1,2,4],[2,3],[0,1,2,3,4]]",FEASIBLE,FEASIBLE,FEASIBLE,null,0.070526,0.03929,0.002715,False
701828,2,5,"[2,1]","[2,1,3,3,2]","[[0,1,3],[2]]",FEASIBLE,FEASIBLE,FEASIBLE,null,0.015209,0.023244,0.001366,False
701829,3,4,"[2,2,1]","[3,3,1,2]","[[0,1,2,3],[0,1,2,3],[0,1,2,3]]",FEASIBLE,FEASIBLE,FEASIBLE,null,0.029675,0.035183,0.001981,False
701830,3,2,"[1,1,1]","[2,2]","[[0],[1],[1]]",FEASIBLE,FEASIBLE,FEASIBLE,null,0.018427,0.021579,0.001254,False
701831,5,7,"[3,1,1,1,1]","[2,2,2,3,3,1,2]","[[1,2,3],[6],[0,2],[5],[2,3,4,5]]",FEASIBLE,FEASIBLE,FEASIBLE,null,0.198079,0.044141,0.002616,False
701832,7,2,"[1,2,1,1,1,1,2]","[2,2]","[[1],[0,1],[1],[0],[1],[0,1],[0,1]]",UNSAT,UNSAT,UNSAT,"[0, 1, 2]",0.064511,0.058683,0.003457,False
701833,5,5,"[1,2,2,1,3]","[1,2,3,1,1]","[[2],[0,1,2,3,4],[1,2,3,4],[2,3,4],[1,2,3,4]]",UNSAT,UNSAT,UNSAT,"[0, 1, 2, 3, 4]",0.149078,0.071315,0.004886,False
701834,4,2,"[1,2,1,1]","[2,3]","[[0],[0,1],[1],[0,1]]",FEASIBLE,FEASIBLE,FEASIBLE,null,0.039328,0.032324,0.001542,False
701835,6,2,"[1,1,1,2,1,1]","[2,3]","[[0,1],[0,1],[1],[0,1],[0],[0,1]]",UNSAT,UNSAT,UNSAT,"[0, 1, 2, 3, 4]",0.137822,0.056079,0.003213,False
701836,5,6,"[1,2,1,1,2]","[2,3,3,2,2,2]","[[0,1,2,3,4,5],[0,1,2,3,4,5],[3,4],[2,3,4],[1,3]]",FEASIBLE,FEASIBLE,FEASIBLE,null,0.183288,0.050708,0.003327,False
701837,4,7,"[1,2,2,1]","[2,2,3,1,3,3,2]","[[2],[3,4],[3,6],[0,2,3,4,6]]",UNSAT,UNSAT,UNSAT,"[1, 2]",0.048389,0.053479,0.003051,False
701838,2,6,"[2,3]","[2,3,2,3,2,2]","[[0,3],[0,1,2]]",FEASIBLE,FEASIBLE,FEASIBLE,null,0.017748,0.030599,0.001573,False
701839,6,3,"[1,1,2,3,1,1]","[1,2,3]","[[1],[0],[0,2],[0,1,2],[0,1,2],[0,1,2]]",UNSAT,UNSAT,UNSAT,"[1, 2]",0.036906,0.182969,0.004052,False
701840,3,2,"[1,2,1]","[1,3]","[[1],[0,1],[0]]",UNSAT,UNSAT,UNSAT,"[1, 2]",0.016579,0.035756,0.001916,False
701841,1,1,[1],[3],[[0]],FEASIBLE,FEASIBLE,FEASIBLE,null,0.003489,0.012097,0.000666,False
701842,1,5,[1],"[2,1,2,3,1]","[[0,1]]",FEASIBLE,FEASIBLE,FEASIBLE,null,0.006555,0.015412,0.000841,False
701843,2,6,"[2,3]","[1,2,1,1,2,2]","[[0,3,4],[1,2,3,4,5]]",FEASIBLE,FEASIBLE,FEASIBLE,null,0.018305,0.033655,0.001886,False
701844,6,5,"[1,3,2,1,1,3]","[1,2,3,3,3]","[[2],[0,1,2,4],[1,3],[1,2,3,4],[1],[0,1,2,3,4]]",FEASIBLE,FEASIBLE,FEASIBLE,null,0.316769,0.087256,0.004443,False
701845,4,6,"[2,3,2,1]","[1,2,1,3,2,1]","[[2,5],[0,1,2,3,5],[0,2,3,4,5],[0,2,3,4,5]]",FEASIBLE,FEASIBLE,FEASIBLE,null,0.085687,0.055142,0.003304,False
701846,4,7,"[1,1,1,2]","[1,3,2,2,2,2,3]","[[6],[0,1,3,4,5,6],[0,1,2,3,4,5,6],[1,6]]",FEASIBLE,FEASIBLE,FEASIBLE,null,0.097382,0.043234,0.002957,False
701847,7,2,"[2,2,1,2,1,1,2]","[3,3]","[[0,1],[0,1],[0,1],[0,1],[0],[0,1],[0,1]]",UNSAT,UNSAT,UNSAT,"[0, 1, 2, 3]",0.147053,0.066889,0.003731,False
701848,3,3,"[1,1,1]","[3,2,2]","[[0,1],[0,1,2],[1]]",FEASIBLE,FEASIBLE,FEASIBLE,null,0.023985,0.02643,0.001443,False
701849,4,7,"[1,1,2,2]","[2,3,3,3,1,3,1]","[[0,1,2,3,4,5,6],[1],[1,4],[0,1,2,3,4,5]]",FEASIBLE,FEASIBLE,FEASIBLE,null,0.096602,0.045758,0.002963,False
701850,5,2,"[1,1,2,1,2]","[2,1]","[[0,1],[1],[0,1],[1],[0,1]]",UNSAT,UNSAT,UNSAT,"[1, 2]",0.0243,0.064302,0.00281,False
701851,3,6,"[2,3,3]","[2,1,1,1,2,1]","[[1,4],[0,2,3,4,5],[0,1,2,3,4,5]]",FEASIBLE,FEASIBLE,FEASIBLE,null,0.056252,0.148371,0.002668,False
701852,1,3,[2],"[3,3,3]","[[0,1]]",FEASIBLE,FEASIBLE,FEASIBLE,null,0.005311,0.016659,0.000816,False
701853,2,3,"[3,1]","[2,3,3]","[[0,1,2],[0]]",FEASIBLE,FEASIBLE,FEASIBLE,null,0.012094,0.025076,0.00139,False
701854,7,3,"[3,2,2,1,2,2,3]","[3,1,3]","[[0,1,2],[0,1],[0,1,2],[2],[0,1,2],[0,1,2],[0,1,2]]",UNSAT,UNSAT,UNSAT,"[0, 1]",0.024723,0.082026,0.004837,False
701855,3,7,"[2,1,3]","[1,2,2,1,2,2,2]","[[1,4],[0,3,4,6],[1,5,6]]",FEASIBLE,FEASIBLE,FEASIBLE,null,0.045056,0.039378,0.002126,False
701856,6,1,"[1,1,1,1,1,1]",[2],"[[0],[0],[0],[0],[0],[0]]",UNSAT,UNSAT,UNSAT,"[0, 1, 2]",0.034839,0.045032,0.002234,False
701857,4,2,"[1,2,1,1]","[2,2]","[[0,1],[0,1],[0],[1]]",UNSAT,UNSAT,UNSAT,"[0, 1, 2, 3]",0.038332,0.042758,0.002375,False
701858,4,7,"[1,1,2,2]","[3,2,3,1,1,1,3]","[[0,1,2,3,4,5,6],[6],[0,1,2,5],[0,1,3,5,6]]",FEASIBLE,FEASIBLE,FEASIBLE,null,0.097617,0.045447,0.003034,False
701859,6,4,"[1,3,1,1,2,1]","[3,2,3,1]","[[1],[0,1,2,3],[0,1,2],[0,1,2,3],[1,3],[2,3]]",UNSAT,UNSAT,UNSAT,"[0, 1, 4]",0.093414,0.06695,0.004041,False
701860,2,3,"[1,2]","[3,3,3]","[[0,1],[0,2]]",FEASIBLE,FEASIBLE,FEASIBLE,null,0.011788,0.022843,0.001234,False
701861,6,6,"[1,1,2,2,3,2]","[3,1,3,3,3,1]","[[2],[1,2],[0,2,3,4,5],[0,1,3,4,5],[0,1,2,3,4,5],[1,3]]",FEASIBLE,FEASIBLE,FEASIBLE,null,0.372099,0.091008,0.004875,False
701862,6,3,"[1,3,2,1,3,1]","[1,3,1]","[[1],[0,1,2],[0,2],[0,1,2],[0,1,2],[2]]",UNSAT,UNSAT,UNSAT,"[1, 2]",0.037442,0.180312,0.003809,False
701863,6,7,"[2,1,1,1,1,1]","[2,1,3,1,2,1,1]","[[1,2,3,5],[0,2],[1,3,6],[0],[0,1,2,3,4,5,6],[0,2,6]]",FEASIBLE,FEASIBLE,FEASIBLE,null,0.554359,0.071367,0.003572,False
701864,5,3,"[1,1,3,3,1]","[2,1,2]","[[0,1,2],[0,2],[0,1,2],[0,1,2],[0,1,2]]",UNSAT,UNSAT,UNSAT,"[2, 3]",0.042451,0.094616,0.003905,False
701865,6,4,"[2,1,2,2,3,1]","[3,1,1,2]","[[1,2,3],[3],[0,1],[0,2],[0,1,2],[0,1,2]]",UNSAT,UNSAT,UNSAT,"[0, 4]",0.039374,0.098794,0.005357,False
701866,3,7,"[1,3,1]","[3,2,3,2,3,1,2]","[[0,1,2,3,4,5,6],[1,2,3,4,6],[1,2,4,5,6]]",FEASIBLE,FEASIBLE,FEASIBLE,null,0.04662,0.049092,0.002913,False
701867,5,5,"[2,2,3,1,1]","[3,2,2,1,3]","[[1,3],[0,1,3,4],[0,1,2,4],[4],[2]]",FEASIBLE,FEASIBLE,FEASIBLE,null,0.176902,0.053937,0.002615,False
701868,1,1,[1],[1],[[0]],FEASIBLE,FEASIBLE,FEASIBLE,null,0.003897,0.012341,0.000663,False
701869,6,4,"[1,3,3,2,1,1]","[2,1,3,3]","[[0],[0,1,3],[1,2,3],[0,1,2,3],[2],[0]]",UNSAT,UNSAT,UNSAT,"[1, 2]",0.047555,0.072709,0.003938,False
701870,7,6,"[2,3,1,3,3,2,1]","[1,1,2,1,3,3]","[[0,1,2,4,5],[0,1,3,4],[1,2,3,4,5],[0,1,2,3,4,5],[0,1,2],[0,1,3,4,5],[0,1,2,4,5]]",UNSAT,UNSAT,UNSAT,"[1, 4]",0.086074,0.123394,0.0083,False
701871,1,6,[2],"[3,1,3,2,3,1]","[[0,2,4]]",FEASIBLE,FEASIBLE,FEASIBLE,null,0.007404,0.128761,0.001178,False
701872,2,3,"[2,3]","[2,1,2]","[[0,1],[0,1,2]]",UNSAT,UNSAT,UNSAT,"[0, 1]",0.012806,0.052367,0.002106,False
701873,1,7,[1],"[1,2,1,1,1,1,1]","[[1,5]]",FEASIBLE,FEASIBLE,FEASIBLE,null,0.00829,0.017734,0.00103,False
701874,3,7,"[3,1,1]","[1,2,2,3,1,1,2]","[[0,2,3,5],[0],[5,6]]",FEASIBLE,FEASIBLE,FEASIBLE,null,0.044133,0.047452,0.002427,False
701875,6,3,"[2,1,2,3,1,1]","[3,3,3]","[[0,1,2],[0],[1,2],[0,1,2],[1,2],[2]]",UNSAT,UNSAT,UNSAT,"[0, 2, 3, 4, 5]",0.203554,0.066954,0.003734,False
701876,7,5,"[1,3,2,1,1,1,1]","[3,1,2,1,2]","[[1,2,3],[1,3,4],[0,1,2,3,4],[1],[1,2,4],[1],[0]]",UNSAT,UNSAT,UNSAT,"[1, 3]",0.068927,0.094748,0.005395,False
701877,3,4,"[3,3,2]","[2,2,3,1]","[[0,1,2,3],[0,1,3],[0,1,2,3]]",UNSAT,UNSAT,UNSAT,"[0, 1, 2]",0.03029,0.060128,0.003344,False
701878,4,4,"[2,1,1,1]","[2,3,2,1]","[[1,2,3],[2],[0],[0,1,3]]",FEASIBLE,FEASIBLE,FEASIBLE,null,0.0616,0.036009,0.001827,False
701879,7,4,"[2,1,1,1,1,1,1]","[3,3,1,1]","[[0,1],[2],[3],[2,3],[0],[0],[3]]",UNSAT,UNSAT,UNSAT,"[2, 6]",0.081301,0.060375,0.003451,False
701880,1,6,[2],"[3,3,2,1,1,2]","[[0,1,3,4,5]]",FEASIBLE,FEASIBLE,FEASIBLE,null,0.00703,0.029126,0.001264,False
701881,5,3,"[1,3,2,2,2]","[2,1,3]","[[0,1,2],[0,1,2],[0,2],[0,1,2],[1,2]]",UNSAT,UNSAT,UNSAT,"[1, 4]",0.03775,0.065714,0.00365,False
701882,2,1,"[1,1]",[3],"[[0],[0]]",FEASIBLE,FEASIBLE,FEASIBLE,null,0.007644,0.018433,0.001821,False
701883,2,1,"[1,1]",[2],"[[0],[0]]",FEASIBLE,FEASIBLE,FEASIBLE,null,0.007116,0.017017,0.000864,False
701884,1,4,[1],"[3,1,3,3]","[[1,2,3]]",FEASIBLE,FEASIBLE,FEASIBLE,null,0.005451,0.190319,0.001283,False
701885,5,3,"[1,1,3,1,1]","[2,2,2]","[[0,2],[1],[0,1,2],[0,1],[2]]",UNSAT,UNSAT,UNSAT,"[0, 1, 2, 3, 4]",0.103928,0.056464,0.005277,False
701886,3,5,"[1,1,3]","[2,3,2,3,1]","[[0,1],[0],[0,1,2,3,4]]",FEASIBLE,FEASIBLE,FEASIBLE,null,0.03573,0.035199,0.002451,False
701887,1,1,[1],[2],[[0]],FEASIBLE,FEASIBLE,FEASIBLE,null,0.003581,0.011716,0.000705,False
701888,4,6,"[1,3,1,1]","[2,2,3,1,3,1]","[[0,1,2,3,4,5],[0,1,2,3,4,5],[0,1,2,3,4],[0,1,2,3,4,5]]",FEASIBLE,FEASIBLE,FEASIBLE,null,0.087169,0.051858,0.004656,False
701889,3,4,"[1,1,1]","[1,1,2,3]","[[3],[0],[0,1]]",FEASIBLE,FEASIBLE,FEASIBLE,null,0.030054,0.02651,0.001736,False
701890,4,1,"[1,1,1,1]",[3],"[[0],[0],[0],[0]]",UNSAT,UNSAT,UNSAT,"[0, 1, 2, 3]",0.026098,0.037235,0.002556,False
701891,7,4,"[3,2,1,1,2,2,1]","[1,3,3,2]","[[0,2,3],[0,1,2,3],[0,1,2,3],[0,1,3],[0,1,3],[0,1,2,3],[3]]",UNSAT,UNSAT,UNSAT,"[0, 4, 6]",0.162861,0.095379,0.007179,False
701892,7,2,"[1,1,1,1,1,1,1]","[2,2]","[[0,1],[1],[1],[0],[0,1],[1],[0]]",UNSAT,UNSAT,UNSAT,"[1, 2, 5]",0.108977,0.05812,0.003744,False
701893,6,7,"[1,2,2,2,3,2]","[3,1,1,1,3,2,3]","[[5],[3,5],[0,2,3,4,5,6],[1,2,3,5,6],[0,1,2,3],[0,4]]",UNSAT,UNSAT,UNSAT,"[0, 1, 3, 4]",0.295419,0.115166,0.00768,False
701894,5,6,"[1,1,2,3,2]","[1,3,2,1,2,1]","[[2,3,4],[2,3],[0,1,3,4],[1,2,3,4],[0,1,2,3,5]]",FEASIBLE,FEASIBLE,FEASIBLE,null,0.180571,0.065869,0.003847,False
701895,6,5,"[1,3,3,2,1,2]","[1,2,3,3,1]","[[1],[0,1,2],[0,1,2,3,4],[0,2],[1,2],[1,2]]",UNSAT,UNSAT,UNSAT,"[1, 3]",0.058672,0.182047,0.005244,False
701896,4,3,"[3,1,3,2]","[2,2,1]","[[0,1,2],[1],[0,1,2],[0,2]]",UNSAT,UNSAT,UNSAT,"[0, 2]",0.020306,0.054252,0.003235,False
701897,7,4,"[1,3,1,3,1,1,1]","[1,1,3,3]","[[2,3],[1,2,3],[0,1],[0,2,3],[1],[2,3],[0,1,2,3]]",UNSAT,UNSAT,UNSAT,"[1, 4]",0.064276,0.081522,0.005667,False
701898,1,2,[1],"[2,2]","[[0,1]]",FEASIBLE,FEASIBLE,FEASIBLE,null,0.004355,0.013495,0.000863,False
701899,5,7,"[2,2,1,1,1]","[2,1,1,3,2,2,1]","[[0,2,3,4],[0,1,2,3,4,5,6],[4],[2],[4]]",FEASIBLE,FEASIBLE,FEASIBLE,null,0.196397,0.060652,0.003888,False
701900,7,1,"[1,1,1,1,1,1,1]",[3],"[[0],[0],[0],[0],[0],[0],[0]]",UNSAT,UNSAT,UNSAT,"[0, 1, 2, 3]",0.0978,0.050319,0.002942,False
701901,4,2,"[1,1,1,1]","[3,3]","[[1],[1],[0],[1]]",FEASIBLE,FEASIBLE,FEASIBLE,null,0.037207,0.026472,0.001457,False
701902,4,6,"[1,3,2,1]","[2,3,1,1,3,3]","[[0],[0,1,2,3,5],[1,2],[5]]",FEASIBLE,FEASIBLE,FEASIBLE,null,0.082108,0.05412,0.003851,False
701903,5,1,"[1,1,1,1,1]",[1],"[[0],[0],[0],[0],[0]]",UNSAT,UNSAT,UNSAT,"[0, 1]",0.010785,0.037791,0.002962,False
701904,4,6,"[3,3,2,1]","[2,1,3,1,1,2]","[[0,1,2,3,4,5],[0,2,3],[0,1],[4]]",UNSAT,UNSAT,UNSAT,"[0, 1, 2, 3]",0.081886,0.079845,0.005298,False
701905,7,1,"[1,1,1,1,1,1,1]",[2],"[[0],[0],[0],[0],[0],[0],[0]]",UNSAT,UNSAT,UNSAT,"[0, 1, 2]",0.043306,0.048632,0.002553,False
701906,5,5,"[2,2,3,3,1]","[1,3,3,2,2]","[[0,1,3,4],[0,1,2,3,4],[0,1,2,3,4],[0,2,3,4],[0,2,4]]",FEASIBLE,FEASIBLE,FEASIBLE,null,0.147227,0.154638,0.004439,False
701907,2,3,"[2,1]","[2,3,3]","[[0,1,2],[0]]",FEASIBLE,FEASIBLE,FEASIBLE,null,0.011609,0.021698,0.001531,False
701908,2,5,"[2,3]","[2,1,1,2,2]","[[0,1],[0,1,2,3]]",FEASIBLE,FEASIBLE,FEASIBLE,null,0.015885,0.030941,0.001811,False
701909,5,5,"[1,1,1,2,3]","[1,2,3,3,1]","[[0,4],[1],[4],[1,3],[0,1,2,3,4]]",UNSAT,UNSAT,UNSAT,"[0, 1, 2, 3, 4]",0.149085,0.060464,0.004241,False
701910,5,2,"[1,1,1,1,2]","[3,2]","[[0,1],[1],[0],[0,1],[0,1]]",UNSAT,UNSAT,UNSAT,"[0, 1, 2, 3, 4]",0.087421,0.05102,0.003139,False
701911,5,1,"[1,1,1,1,1]",[3],"[[0],[0],[0],[0],[0]]",UNSAT,UNSAT,UNSAT,"[0, 1, 2, 3]",0.041576,0.040934,0.002056,False
701912,7,4,"[1,1,1,3,1,1,1]","[2,1,2,3]","[[3],[0],[1,2],[0,1,2],[0,1,2,3],[0,1,3],[0,1,3]]",UNSAT,UNSAT,UNSAT,"[0, 1, 2, 3, 4, 5, 6]",0.530572,0.078524,0.005349,False
701913,7,1,"[1,1,1,1,1,1,1]",[1],"[[0],[0],[0],[0],[0],[0],[0]]",UNSAT,UNSAT,UNSAT,"[0, 1]",0.013527,0.047124,0.002365,False
701914,4,1,"[1,1,1,1]",[1],"[[0],[0],[0],[0]]",UNSAT,UNSAT,UNSAT,"[0, 1]",0.009559,0.033345,0.001826,False
701915,1,7,[2],"[1,1,1,2,2,3,3]","[[0,1,2,3,4,5,6]]",FEASIBLE,FEASIBLE,FEASIBLE,null,0.007766,0.02584,0.001696,False
701916,3,1,"[1,1,1]",[3],"[[0],[0],[0]]",FEASIBLE,FEASIBLE,FEASIBLE,null,0.013238,0.021543,0.001103,False
701917,5,1,"[1,1,1,1,1]",[2],"[[0],[0],[0],[0],[0]]",UNSAT,UNSAT,UNSAT,"[0, 1, 2]",0.025491,0.040735,0.001867,False
701918,2,7,"[1,3]","[2,3,3,3,2,2,3]","[[0,5],[0,1,2,3,4]]",FEASIBLE,FEASIBLE,FEASIBLE,null,0.019504,0.031642,0.001909,False
701919,7,3,"[2,3,1,2,3,1,1]","[2,2,1]","[[0,1,2],[0,1,2],[1],[0,2],[0,1,2],[1],[1,2]]",UNSAT,UNSAT,UNSAT,"[1, 3]",0.046204,0.071344,0.004716,False
701920,4,2,"[2,1,1,1]","[3,1]","[[0,1],[0,1],[0,1],[1]]",UNSAT,UNSAT,UNSAT,"[0, 3]",0.017646,0.040879,0.002336,False
701921,6,7,"[1,2,3,3,1,1]","[1,1,3,1,3,1,2]","[[1,2,3,6],[0,1,2,4,5,6],[0,1,3,4,5,6],[1,2,3,4,5,6],[3,6],[0,1,2,5,6]]",FEASIBLE,FEASIBLE,FEASIBLE,null,0.446665,0.077693,0.005279,False
701922,5,2,"[1,2,1,2,2]","[3,2]","[[1],[0,1],[0,1],[0,1],[0,1]]",UNSAT,UNSAT,UNSAT,"[0, 1, 3]",0.040532,0.052326,0.003186,False
701923,1,4,[1],"[1,1,3,3]","[[1,3]]",FEASIBLE,FEASIBLE,FEASIBLE,null,0.00589,0.015241,0.000995,False
701924,3,6,"[3,2,2]","[3,3,1,3,3,2]","[[0,1,2,3,4],[1,3],[1,3,5]]",FEASIBLE,FEASIBLE,FEASIBLE,null,0.039395,0.041391,0.002396,False
701925,4,6,"[1,1,2,1]","[3,1,3,1,3,1]","[[1],[0,1,2],[0,2,3,5],[0]]",FEASIBLE,FEASIBLE,FEASIBLE,null,0.08146,0.036353,0.002052,False
701926,1,4,[2],"[2,1,2,2]","[[0,2]]",FEASIBLE,FEASIBLE,FEASIBLE,null,0.00531,0.016629,0.000922,False
701927,2,4,"[2,2]","[1,3,3,1]","[[0,1,2,3],[1,2]]",FEASIBLE,FEASIBLE,FEASIBLE,null,0.01334,0.026174,0.001501,False
701928,7,3,"[2,1,3,1,1,3,1]","[1,2,1]","[[0,2],[0,1,2],[0,1,2],[1,2],[0],[0,1,2],[0,1]]",UNSAT,UNSAT,UNSAT,"[0, 2]",0.027184,0.085607,0.004719,False
701929,2,5,"[2,2]","[2,3,1,1,2]","[[3,4],[1,4]]",FEASIBLE,FEASIBLE,FEASIBLE,null,0.019339,0.030593,0.001555,False
701930,5,7,"[1,1,1,2,1]","[3,3,3,2,1,2,2]","[[4],[2,6],[1,3,4],[2,3,4,5,6],[0,2,3,4,5,6]]",FEASIBLE,FEASIBLE,FEASIBLE,null,0.200052,0.15225,0.003301,False
701931,7,3,"[1,2,1,1,1,1,2]","[3,3,2]","[[2],[0,1],[0,1,2],[1],[0,1],[0,1,2],[0,1,2]]",UNSAT,UNSAT,UNSAT,"[0, 1, 2, 3, 4, 5, 6]",0.452043,0.07616,0.004584,False
701932,7,6,"[2,3,1,2,1,2,1]","[1,2,1,2,2,2]","[[2,3],[1,2,3,4],[0,4],[0,2,3,4,5],[3,5],[3,4],[0,1,2,3,4,5]]",UNSAT,UNSAT,UNSAT,"[0, 1, 5]",0.17724,0.09246,0.006185,False
701933,7,5,"[3,2,1,3,2,2,2]","[3,2,3,3,2]","[[0,1,2,3,4],[0,1,3],[0,1,2,3,4],[1,2,4],[0,2,3,4],[0,1,3],[0,1,2,3,4]]",UNSAT,UNSAT,UNSAT,"[0, 1, 3, 4, 5, 6]",0.657412,0.1084,0.007239,False
701934,4,6,"[1,2,1,2]","[2,3,2,2,2,2]","[[0,3,5],[3,5],[4],[0,1,2,3,4,5]]",FEASIBLE,FEASIBLE,FEASIBLE,null,0.086903,0.042934,0.002551,False
701935,4,4,"[1,1,1,1]","[3,2,2,1]","[[1],[0,1,2,3],[0],[1,2]]",FEASIBLE,FEASIBLE,FEASIBLE,null,0.062565,0.031313,0.002317,False
701936,2,6,"[1,2]","[1,3,1,1,1,2]","[[0,2,4],[0,1,3,5]]",FEASIBLE,FEASIBLE,FEASIBLE,null,0.018143,0.02822,0.002183,False
701937,7,4,"[2,2,3,1,3,1,2]","[1,1,2,1]","[[0,1,3],[0,2,3],[0,1,2,3],[0],[0,1,3],[0,1,2,3],[0,2]]",UNSAT,UNSAT,UNSAT,"[0, 2]",0.034034,0.101439,0.005423,False
701938,3,1,"[1,1,1]",[1],"[[0],[0],[0]]",UNSAT,UNSAT,UNSAT,"[0, 1]",0.008777,0.036213,0.001689,False
701939,3,4,"[1,2,1]","[2,2,1,3]","[[0,2,3],[0,1,2,3],[0,1,2,3]]",FEASIBLE,FEASIBLE,FEASIBLE,null,0.029393,0.131583,0.001965,False
701940,7,2,"[1,2,1,1,1,1,1]","[1,3]","[[0],[0,1],[0],[1],[1],[0,1],[0]]",UNSAT,UNSAT,UNSAT,"[0, 1]",0.020454,0.058769,0.003426,False
701941,7,5,"[2,3,1,3,2,1,2]","[1,3,1,3,2]","[[1,2,3,4],[0,1,3,4],[0,1,2,3],[0,1,3],[1,2],[0,1,2,3,4],[0,1,2,3,4]]",UNSAT,UNSAT,UNSAT,"[0, 1, 2, 3, 4]",0.508661,0.138631,0.008493,False
701942,2,1,"[1,1]",[3],"[[0],[0]]",FEASIBLE,FEASIBLE,FEASIBLE,null,0.00752,0.017802,0.000828,False
701943,5,5,"[2,3,2,2,2]","[2,1,2,2,1]","[[0,3],[0,1,2,3,4],[3,4],[1,4],[1,2,3,4]]",UNSAT,UNSAT,UNSAT,"[2, 3]",0.060094,0.072673,0.00475,False
701944,7,5,"[2,1,1,1,2,2,2]","[1,3,2,3,1]","[[0,1,2,3,4],[1,3],[0,1,2,3,4],[3],[0,1,2,3,4],[0,1,2,3,4],[0,1,3,4]]",UNSAT,UNSAT,UNSAT,"[0, 1, 2, 3, 4, 5, 6]",0.764989,0.102018,0.006635,False
701945,5,2,"[1,2,2,2,1]","[1,1]","[[1],[0,1],[0,1],[0,1],[0,1]]",UNSAT,UNSAT,UNSAT,"[0, 1]",0.015807,0.051676,0.002908,False
701946,3,3,"[2,1,2]","[2,2,1]","[[1,2],[2],[1,2]]",UNSAT,UNSAT,UNSAT,"[0, 1]",0.01404,0.039209,0.002287,False
701947,5,5,"[2,1,3,1,1]","[3,3,3,2,3]","[[0,2,4],[2],[0,1,2,3],[0,3,4],[0,1,2,4]]",FEASIBLE,FEASIBLE,FEASIBLE,null,0.181864,0.053029,0.002906,False
701948,1,4,[1],"[2,1,1,1]",[[0]],FEASIBLE,FEASIBLE,FEASIBLE,null,0.006141,0.014678,0.000801,False
701949,5,2,"[2,1,1,1,1]","[2,3]","[[0,1],[0],[1],[1],[1]]",UNSAT,UNSAT,UNSAT,"[0, 2, 3, 4]",0.070927,0.162644,0.002538,False
701950,2,7,"[1,2]","[3,1,3,3,1,3,3]","[[4],[0,1,3,4,5]]",FEASIBLE,FEASIBLE,FEASIBLE,null,0.020519,0.028054,0.001631,False
701951,4,5,"[1,2,1,2]","[2,3,1,2,2]","[[0,1,2,3,4],[2,4],[0,1,2,3,4],[1,2,3,4]]",FEASIBLE,FEASIBLE,FEASIBLE,null,0.076633,0.04579,0.002988,False
701952,1,4,[2],"[3,1,3,3]","[[0,1,2,3]]",FEASIBLE,FEASIBLE,FEASIBLE,null,0.007293,0.019236,0.001179,False
701953,1,7,[1],"[1,2,2,2,2,2,3]","[[1,4]]",FEASIBLE,FEASIBLE,FEASIBLE,null,0.007772,0.016794,0.00118,False
701954,3,2,"[1,1,1]","[1,3]","[[1],[0,1],[0]]",FEASIBLE,FEASIBLE,FEASIBLE,null,0.01927,0.032639,0.001748,False
701955,7,2,"[2,1,1,1,2,1,2]","[1,1]","[[0,1],[0,1],[1],[0],[0,1],[1],[0,1]]",UNSAT,UNSAT,UNSAT,"[0, 1]",0.019261,0.059746,0.003282,False
701956,3,7,"[1,1,1]","[1,2,3,1,2,1,1]","[[0,1,2,3,4,5,6],[0,1,2,4,5,6],[2]]",FEASIBLE,FEASIBLE,FEASIBLE,null,0.046051,0.036001,0.002649,False
701957,6,3,"[1,2,1,1,2,1]","[1,3,2]","[[1],[0,1,2],[2],[0,1,2],[0,2],[1]]",UNSAT,UNSAT,UNSAT,"[1, 2, 4]",0.122438,0.068606,0.003882,False
701958,1,2,[1],"[3,1]",[[0]],FEASIBLE,FEASIBLE,FEASIBLE,null,0.004677,0.013695,0.000728,False
701959,5,2,"[1,1,1,2,1]","[2,3]","[[0],[0,1],[0,1],[0,1],[0]]",UNSAT,UNSAT,UNSAT,"[0, 3, 4]",0.050002,0.06408,0.003474,False
701960,1,2,[2],"[2,2]","[[0,1]]",FEASIBLE,FEASIBLE,FEASIBLE,null,0.004346,0.0161,0.000792,False
701961,3,3,"[3,1,1]","[2,3,2]","[[0,1,2],[2],[0,1,2]]",FEASIBLE,FEASIBLE,FEASIBLE,null,0.024143,0.030834,0.001659,False
701962,5,3,"[1,1,3,2,1]","[3,3,3]","[[0],[0],[0,1,2],[0,1],[0]]",UNSAT,UNSAT,UNSAT,"[0, 1, 2, 3]",0.083131,0.053611,0.003073,False
701963,5,4,"[1,3,1,1,1]","[1,2,1,2]","[[0,1,2,3],[0,1,3],[3],[0],[0,3]]",UNSAT,UNSAT,UNSAT,"[1, 3]",0.144073,0.075684,0.004322,False
701964,6,2,"[1,1,1,1,2,2]","[1,2]","[[0,1],[1],[1],[0],[0,1],[0,1]]",UNSAT,UNSAT,UNSAT,"[3, 4]",0.045443,0.055695,0.003074,False
701965,3,5,"[2,3,1]","[2,3,1,1,1]","[[1,4],[1,3,4],[4]]",UNSAT,UNSAT,UNSAT,"[0, 1]",0.020635,0.045156,0.002519,False
701966,4,7,"[2,3,1,1]","[3,2,3,1,3,2,1]","[[0,1,2,3,4,5,6],[0,4,6],[6],[1,5]]",UNSAT,UNSAT,UNSAT,"[1, 2]",0.049405,0.055557,0.003298,False
701967,6,7,"[3,2,3,1,1,3]","[1,2,2,2,3,3,2]","[[0,1,5],[0,1,2,3,4,5,6],[0,1,2,4,5,6],[1,3,4],[0,3,4],[0,1,2,3,4,5,6]]",FEASIBLE,FEASIBLE,FEASIBLE,null,0.421481,0.081856,0.004833,False
701968,2,1,"[1,1]",[2],"[[0],[0]]",FEASIBLE,FEASIBLE,FEASIBLE,null,0.007075,0.016641,0.000842,False
701969,7,3,"[3,1,1,1,3,1,1]","[1,3,1]","[[0,1,2],[1],[0,1,2],[0,1,2],[0,1,2],[0,1],[1]]",UNSAT,UNSAT,UNSAT,"[0, 4]",0.033308,0.071964,0.004313,False
701970,5,4,"[1,2,2,1,1]","[2,3,3,2]","[[0],[0,2,3],[0,3],[1,2,3],[1]]",FEASIBLE,FEASIBLE,FEASIBLE,null,0.123233,0.053839,0.002953,False
701971,4,1,"[1,1,1,1]",[3],"[[0],[0],[0],[0]]",UNSAT,UNSAT,UNSAT,"[0, 1, 2, 3]",0.025742,0.035559,0.001931,False
701972,1,3,[1],"[2,2,3]",[[1]],FEASIBLE,FEASIBLE,FEASIBLE,null,0.004807,0.014165,0.000767,False
701973,5,4,"[2,1,1,3,3]","[3,2,3,2]","[[0,1,3],[2],[0],[0,1,3],[0,1,3]]",UNSAT,UNSAT,UNSAT,"[0, 3, 4]",0.079594,0.069345,0.003559,False
701974,4,1,"[1,1,1,1]",[2],"[[0],[0],[0],[0]]",UNSAT,UNSAT,UNSAT,"[0, 1, 2]",0.116435,0.035508,0.001765,False
701975,4,5,"[1,2,1,2]","[2,2,2,3,2]","[[3],[0,2,3],[0,1,2,4],[1,3]]",FEASIBLE,FEASIBLE,FEASIBLE,null,0.072529,0.038471,0.002327,False
701976,1,4,[2],"[3,3,2,1]","[[0,1,2,3]]",FEASIBLE,FEASIBLE,FEASIBLE,null,0.005712,0.019455,0.001136,False
701977,6,5,"[3,3,2,2,2,2]","[2,3,2,1,1]","[[0,1,2,3,4],[0,1,2,4],[0,1,2,3,4],[0,2,3,4],[1,2,3,4],[0,1,2,3,4]]",UNSAT,UNSAT,UNSAT,"[0, 1, 2, 3]",0.235049,0.102579,0.006299,False
701978,4,2,"[1,1,1,1]","[3,3]","[[0,1],[1],[0],[0,1]]",FEASIBLE,FEASIBLE,FEASIBLE,null,0.037212,0.028913,0.001436,False
701979,1,3,[1],"[2,2,1]",[[2]],FEASIBLE,FEASIBLE,FEASIBLE,null,0.004718,0.013009,0.000728,False
701980,3,1,"[1,1,1]",[3],"[[0],[0],[0]]",FEASIBLE,FEASIBLE,FEASIBLE,null,0.013286,0.020422,0.000978,False
701981,6,3,"[1,1,2,1,1,1]","[3,1,2]","[[2],[2],[0,2],[1],[0,1],[2]]",UNSAT,UNSAT,UNSAT,"[0, 1, 2]",0.06517,0.049798,0.002855,False
701982,4,3,"[1,2,1,2]","[1,2,2]","[[1],[1,2],[2],[0,2]]",UNSAT,UNSAT,UNSAT,"[1, 2, 3]",0.043207,0.043276,0.002521,False
701983,5,3,"[1,1,1,1,2]","[2,3,1]","[[0,1],[0,1],[2],[0,1,2],[0,1,2]]",FEASIBLE,FEASIBLE,FEASIBLE,null,0.098173,0.055997,0.002713,False
701984,5,4,"[3,2,1,2,2]","[3,3,1,3]","[[0,1,2],[2,3],[2],[0,1,3],[0,1,2,3]]",UNSAT,UNSAT,UNSAT,"[0, 1]",0.023026,0.061527,0.003549,False
701985,7,5,"[1,1,1,1,1,1,3]","[1,1,1,1,3]","[[1,2,3],[1],[2],[0,1,3,4],[1,2],[0],[1,2,3,4]]",UNSAT,UNSAT,UNSAT,"[0, 1, 6]",0.144464,0.187161,0.006064,False
701986,6,6,"[1,3,3,1,1,1]","[3,2,3,1,1,1]","[[0,1,2,3,4,5],[0,1,3,4,5],[0,1,2,3,4,5],[1,2,3,4],[0,1,2,3,4,5],[2,3,4]]",FEASIBLE,FEASIBLE,FEASIBLE,null,0.367848,0.07249,0.005018,False
701987,1,4,[1],"[3,1,2,2]","[[0,1]]",FEASIBLE,FEASIBLE,FEASIBLE,null,0.005582,0.014427,0.00077,False
701988,5,5,"[2,1,1,1,2]","[3,1,2,2,3]","[[0,1,2,3,4],[2,3],[1,2,4],[0],[1,2,3,4]]",FEASIBLE,FEASIBLE,FEASIBLE,null,0.151586,0.048098,0.002975,False
701989,3,2,"[1,1,1]","[3,1]","[[1],[1],[1]]",UNSAT,UNSAT,UNSAT,"[0, 1]",0.010978,0.029844,0.001696,False
701990,4,7,"[2,1,1,1]","[3,1,1,1,1,2,2]","[[0,1,3,4,5,6],[0,1,2,3,4,5],[0,3,6],[2,3]]",FEASIBLE,FEASIBLE,FEASIBLE,null,0.095639,0.042023,0.003103,False
701991,2,5,"[1,1]","[1,3,2,3,2]","[[0,1,3,4],[4]]",FEASIBLE,FEASIBLE,FEASIBLE,null,0.01566,0.021623,0.001398,False
701992,2,5,"[3,2]","[2,1,1,2,3]","[[0,2,3,4],[2,4]]",FEASIBLE,FEASIBLE,FEASIBLE,null,0.01498,0.049294,0.002227,False
701993,7,7,"[1,2,1,3,1,3,1]","[2,3,1,1,3,1,3]","[[0,1,2,3,4,5],[3,4,5,6],[2,5],[2,3,4,5],[1,2,3,4,5,6],[1,3,4,6],[5]]",UNSAT,UNSAT,UNSAT,"[2, 3, 6]",0.346143,0.120206,0.006739,False
701994,1,3,[1],"[1,3,2]","[[0,1,2]]",FEASIBLE,FEASIBLE,FEASIBLE,null,0.004736,0.016275,0.000905,False
701995,5,1,"[1,1,1,1,1]",[3],"[[0],[0],[0],[0],[0]]",UNSAT,UNSAT,UNSAT,"[0, 1, 2, 3]",0.040655,0.042759,0.002155,False
701996,3,4,"[3,1,1]","[1,3,1,3]","[[0,1,2,3],[0,2],[1]]",FEASIBLE,FEASIBLE,FEASIBLE,null,0.027895,0.137849,0.002242,False
701997,3,7,"[1,3,1]","[1,2,3,2,2,2,2]","[[0,1,2,4],[0,1,2,3,4,5,6],[0,1,2,3,4,5]]",FEASIBLE,FEASIBLE,FEASIBLE,null,0.044177,0.042627,0.00311,False
701998,5,6,"[1,1,2,3,1]","[2,2,3,2,2,1]","[[0,2,4,5],[4,5],[0,2,4,5],[0,1,2,3,4,5],[0,4,5]]",FEASIBLE,FEASIBLE,FEASIBLE,null,0.189622,0.053854,0.003434,False
701999,6,3,"[1,2,1,2,1,1]","[3,3,2]","[[0],[0,1,2],[0],[1,2],[1],[0]]",FEASIBLE,FEASIBLE,FEASIBLE,null,0.208778,0.056112,0.002706,False
702000,5,2,"[1,1,1,2,1]","[3,2]","[[0],[0],[0],[0,1],[0]]",UNSAT,UNSAT,UNSAT,"[0, 1, 2, 3]",0.05964,0.045021,0.002422,False
702001,1,7,[2],"[3,2,3,1,3,1,2]","[[4,6]]",FEASIBLE,FEASIBLE,FEASIBLE,null,0.007436,0.023499,0.001105,False
702002,7,3,"[3,1,1,1,3,1,3]","[3,3,2]","[[0,1,2],[2],[0,1,2],[2],[0,1,2],[1],[0,1,2]]",UNSAT,UNSAT,UNSAT,"[0, 1, 3]",0.087214,0.093951,0.00437,False
702003,3,5,"[1,2,2]","[3,2,1,2,1]","[[0,3,4],[0,1,2,3,4],[0,1,2,3,4]]",FEASIBLE,FEASIBLE,FEASIBLE,null,0.033029,0.034999,0.002315,False
702004,1,2,[1],"[3,2]",[[0]],FEASIBLE,FEASIBLE,FEASIBLE,null,0.004144,0.01205,0.000726,False
702005,5,5,"[1,2,1,2,1]","[2,2,3,3,3]","[[0,1,4],[0,1,2,3],[3],[1,2,4],[0,1,2,3,4]]",FEASIBLE,FEASIBLE,FEASIBLE,null,0.144772,0.046458,0.002882,False
702006,6,7,"[3,2,3,3,2,1]","[3,2,1,3,1,3,3]","[[0,1,2,3,4,6],[0,2],[0,1,3,5,6],[0,1,4,6],[0,4],[0,1,2,3,5]]",FEASIBLE,FEASIBLE,FEASIBLE,null,0.39822,0.212922,0.006913,False
702007,5,5,"[3,1,3,3,1]","[3,1,2,3,2]","[[0,1,3,4],[0,1,3],[0,1,2,3,4],[0,1,2,3],[0,1,2,3,4]]",FEASIBLE,FEASIBLE,FEASIBLE,null,0.144046,0.079459,0.00437,False
702008,3,5,"[1,1,1]","[3,3,2,1,3]","[[0,2,3,4],[0,1,3,4],[1,2,4]]",FEASIBLE,FEASIBLE,FEASIBLE,null,0.033377,0.029313,0.002059,False
702009,2,3,"[3,1]","[1,2,1]","[[0,1,2],[0,1]]",FEASIBLE,FEASIBLE,FEASIBLE,null,0.010948,0.025045,0.00145,False
702010,3,7,"[1,1,3]","[2,1,2,2,1,2,1]","[[2,5],[4],[1,2,3,5,6]]",FEASIBLE,FEASIBLE,FEASIBLE,null,0.042594,0.031998,0.002137,False
702011,1,3,[1],"[1,2,1]",[[0]],FEASIBLE,FEASIBLE,FEASIBLE,null,0.004514,0.012559,0.000689,False
702012,2,7,"[1,2]","[1,1,1,3,2,1,3]","[[0,1,2,6],[1,6]]",FEASIBLE,FEASIBLE,FEASIBLE,null,0.019777,0.025273,0.001617,False
702013,5,6,"[2,2,1,1,2]","[3,1,3,3,3,3]","[[1,2,3,4],[0,1,2,3,4,5],[0],[4],[0,1,3,4,5]]",FEASIBLE,FEASIBLE,FEASIBLE,null,0.167959,0.064464,0.003187,False
702014,4,7,"[2,2,1,1]","[1,1,3,3,2,2,1]","[[0,1,3,4,5],[0,1,2,3,4,5,6],[1,3],[0,4,5]]",FEASIBLE,FEASIBLE,FEASIBLE,null,0.093498,0.047593,0.003062,False
702015,4,2,"[1,1,1,1]","[2,3]","[[0,1],[0],[0,1],[1]]",FEASIBLE,FEASIBLE,FEASIBLE,null,0.035847,0.027985,0.001456,False
702016,4,1,"[1,1,1,1]",[1],"[[0],[0],[0],[0]]",UNSAT,UNSAT,UNSAT,"[0, 1]",0.008703,0.035205,0.001748,False
702017,7,3,"[1,1,1,2,1,1,1]","[3,2,2]","[[0,2],[1,2],[0,2],[0,2],[1],[1,2],[1]]",UNSAT,UNSAT,UNSAT,"[1, 3, 4, 5, 6]",0.372105,0.06229,0.003818,False
702018,4,4,"[1,2,3,2]","[1,1,3,1]","[[1,3],[0,1,2,3],[0,2,3],[0,1,2]]",UNSAT,UNSAT,UNSAT,"[0, 1, 2]",0.043006,0.057085,0.00353,False
702019,2,4,"[3,2]","[3,2,3,1]","[[0,1,3],[1,2]]",FEASIBLE,FEASIBLE,FEASIBLE,null,0.013858,0.027591,0.001494,False
702020,2,3,"[1,1]","[1,1,2]","[[1],[2]]",FEASIBLE,FEASIBLE,FEASIBLE,null,0.011333,0.017484,0.001084,False
702021,1,3,[1],"[2,1,2]",[[1]],FEASIBLE,FEASIBLE,FEASIBLE,null,0.004316,0.012683,0.000713,False
702022,5,6,"[1,3,1,1,2]","[1,3,2,2,3,1]","[[2,3,5],[0,2,5],[3,5],[0,1,2,3,4,5],[0,1,2,3,4,5]]",FEASIBLE,FEASIBLE,FEASIBLE,null,0.169188,0.053097,0.003486,False
702023,4,2,"[1,1,1,1]","[1,2]","[[0],[0],[1],[0]]",UNSAT,UNSAT,UNSAT,"[0, 1]",0.012279,0.033797,0.001999,False
702024,6,5,"[1,2,3,1,3,2]","[2,3,3,3,1]","[[1,2],[1,4],[0,2,4],[0,1,2,3,4],[0,3,4],[0,2,3,4]]",UNSAT,UNSAT,UNSAT,"[1, 2]",0.064849,0.127264,0.005601,False
702025,3,5,"[2,2,3]","[1,1,1,3,2]","[[0,3],[0,1,2,3],[0,1,2,3,4]]",FEASIBLE,FEASIBLE,FEASIBLE,null,0.032922,0.055687,0.00284,False
702026,1,7,[1],"[1,2,3,1,3,3,3]","[[0,1,2,3,4,5,6]]",FEASIBLE,FEASIBLE,FEASIBLE,null,0.007482,0.019863,0.00152,False
702027,4,5,"[1,1,2,2]","[3,1,1,3,2]","[[0,2,4],[2,4],[0,1,4],[1,2]]",FEASIBLE,FEASIBLE,FEASIBLE,null,0.068724,0.049708,0.002779,False
702028,5,5,"[2,3,1,2,2]","[1,2,1,1,2]","[[0,1,4],[0,1,2,4],[1],[0,1,2,3,4],[0,1,2,3,4]]",UNSAT,UNSAT,UNSAT,"[0, 1, 2, 3]",0.116432,0.07405,0.00506,False
702029,2,1,"[1,1]",[3],"[[0],[0]]",FEASIBLE,FEASIBLE,FEASIBLE,null,0.006885,0.019435,0.000798,False
702030,2,3,"[2,2]","[1,2,3]","[[0,1,2],[0,1]]",FEASIBLE,FEASIBLE,FEASIBLE,null,0.010505,0.127386,0.001684,False
702031,2,5,"[1,2]","[3,1,1,3,1]","[[3],[1,2]]",FEASIBLE,FEASIBLE,FEASIBLE,null,0.015265,0.02243,0.001298,False
702032,5,2,"[1,1,1,1,1]","[2,2]","[[0],[0],[1],[0],[1]]",UNSAT,UNSAT,UNSAT,"[0, 1, 3]",0.054604,0.047084,0.002097,False
702033,1,2,[1],"[3,1]",[[1]],FEASIBLE,FEASIBLE,FEASIBLE,null,0.004669,0.012624,0.000692,False
702034,3,5,"[3,1,2]","[1,3,3,3,3]","[[1,2,3],[2,3,4],[1,3]]",FEASIBLE,FEASIBLE,FEASIBLE,null,0.033345,0.033488,0.001989,False
702035,2,5,"[2,1]","[1,2,3,3,3]","[[1,4],[1,2,3,4]]",FEASIBLE,FEASIBLE,FEASIBLE,null,0.017973,0.078228,0.001509,False
702036,7,5,"[1,1,1,2,2,3,1]","[1,3,2,2,1]","[[0,1,2,3,4],[0,1,2,3,4],[0,1,2,3,4],[0,1,2,3,4],[1,2,3],[1,2,3,4],[0]]",UNSAT,UNSAT,UNSAT,"[0, 1, 2, 3, 4, 5]",0.683445,0.104489,0.006437,False
702037,3,1,"[1,1,1]",[2],"[[0],[0],[0]]",UNSAT,UNSAT,UNSAT,"[0, 1, 2]",0.013199,0.030819,0.001542,False
702038,7,2,"[1,1,1,1,2,1,1]","[2,1]","[[0,1],[0,1],[0],[1],[0,1],[0],[0]]",UNSAT,UNSAT,UNSAT,"[3, 4]",0.050385,0.054851,0.003414,False
702039,3,4,"[2,1,3]","[2,1,3,1]","[[0,1,2,3],[1,2,3],[1,2,3]]",FEASIBLE,FEASIBLE,FEASIBLE,null,0.028361,0.049541,0.002598,False
702040,3,6,"[2,2,1]","[3,3,1,3,1,2]","[[0,2,4],[0,1,2,4,5],[3]]",FEASIBLE,FEASIBLE,FEASIBLE,null,0.037822,0.033435,0.002094,False
702041,1,4,[2],"[2,2,2,1]","[[2,3]]",FEASIBLE,FEASIBLE,FEASIBLE,null,0.00525,0.015973,0.000956,False
702042,4,7,"[2,1,2,1]","[1,3,1,3,2,1,2]","[[4,5],[5,6],[0,1,5],[6]]",FEASIBLE,FEASIBLE,FEASIBLE,null,0.090373,0.037689,0.002041,False
702043,3,3,"[1,1,2]","[3,2,1]","[[2],[2],[0,1,2]]",UNSAT,UNSAT,UNSAT,"[0, 1]",0.013448,0.143772,0.002122,False
702044,5,2,"[2,1,1,2,1]","[2,2]","[[0,1],[0,1],[1],[0,1],[1]]",UNSAT,UNSAT,UNSAT,"[0, 1, 3]",0.039574,0.047092,0.002821,False
702045,3,5,"[1,1,1]","[2,3,3,3,3]","[[0],[0,2,3,4],[2]]",FEASIBLE,FEASIBLE,FEASIBLE,null,0.033072,0.026143,0.001625,False
702046,6,2,"[2,1,2,1,1,2]","[2,2]","[[0,1],[0],[0,1],[1],[1],[0,1]]",UNSAT,UNSAT,UNSAT,"[0, 1, 2]",0.052832,0.053556,0.003161,False
702047,4,6,"[1,1,1,2]","[2,1,1,1,3,2]","[[2,3],[0,1,2,3,4],[2],[0,1,2,3,4,5]]",FEASIBLE,FEASIBLE,FEASIBLE,null,0.082002,0.049586,0.003437,False
702048,4,2,"[1,1,1,2]","[1,3]","[[0,1],[1],[0,1],[0,1]]",UNSAT,UNSAT,UNSAT,"[0, 1, 2, 3]",0.035841,0.04272,0.002561,False
702049,2,2,"[1,1]","[3,2]","[[0],[0,1]]",FEASIBLE,FEASIBLE,FEASIBLE,null,0.00879,0.017751,0.001509,False
702050,7,5,"[1,1,2,1,2,3,1]","[2,2,3,1,2]","[[0,1,3,4],[0,1,4],[1,2,4],[3],[0,1,3],[0,2,3,4],[1]]",UNSAT,UNSAT,UNSAT,"[0, 1, 2, 3, 4, 5]",0.599249,0.105324,0.007743,False
702051,1,4,[1],"[1,3,3,1]",[[3]],FEASIBLE,FEASIBLE,FEASIBLE,null,0.007483,0.013964,0.000803,False
702052,5,4,"[1,1,1,1,3]","[1,1,1,1]","[[1,2,3],[0],[1],[3],[0,1,2,3]]",UNSAT,UNSAT,UNSAT,"[0, 1, 4]",0.066908,0.052756,0.003584,False
702053,6,1,"[1,1,1,1,1,1]",[3],"[[0],[0],[0],[0],[0],[0]]",UNSAT,UNSAT,UNSAT,"[0, 1, 2, 3]",0.06288,0.04329,0.002407,False
702054,4,3,"[2,2,2,1]","[1,2,3]","[[0,2],[0,1,2],[0,1],[0]]",UNSAT,UNSAT,UNSAT,"[0, 2]",0.018852,0.047221,0.002778,False
702055,5,1,"[1,1,1,1,1]",[3],"[[0],[0],[0],[0],[0]]",UNSAT,UNSAT,UNSAT,"[0, 1, 2, 3]",0.040687,0.13576,0.00191,False
702056,3,6,"[1,2,2]","[1,3,2,1,2,2]","[[4],[0,2,3,4,5],[0,1,2,4,5]]",FEASIBLE,FEASIBLE,FEASIBLE,null,0.038864,0.036796,0.002291,False
702057,1,6,[3],"[2,2,3,2,2,2]","[[0,1,2,3,5]]",FEASIBLE,FEASIBLE,FEASIBLE,null,0.006813,0.023204,0.001381,False
702058,6,3,"[1,1,1,3,1,2]","[1,1,1]","[[0,1],[0,1],[2],[0,1,2],[0,1],[1,2]]",UNSAT,UNSAT,UNSAT,"[0, 3]",0.028083,0.056261,0.003618,False
702059,7,7,"[2,1,2,1,1,3,3]","[3,2,1,3,3,2,2]","[[0,6],[2,3],[0,1,2,3,4,5,6],[3],[0,1,2,3,4],[1,4,6],[1,2,4,5,6]]",FEASIBLE,FEASIBLE,FEASIBLE,null,0.882687,0.0895,0.005543,False
702060,3,7,"[1,3,1]","[1,2,1,2,3,1,3]","[[4],[0,1,2,4,6],[4]]",FEASIBLE,FEASIBLE,FEASIBLE,null,0.042706,0.032128,0.001988,False
702061,4,2,"[1,1,1,1]","[3,2]","[[0],[0],[0],[0,1]]",FEASIBLE,FEASIBLE,FEASIBLE,null,0.035374,0.026756,0.001483,False
702062,1,1,[1],[2],[[0]],FEASIBLE,FEASIBLE,FEASIBLE,null,0.003274,0.011218,0.000676,False
702063,6,7,"[1,1,1,2,3,1]","[3,1,1,1,1,2,3]","[[6],[4],[0,1,3,5,6],[0,1,2,3,4,5,6],[0,1,2,3,4,5,6],[1]]",FEASIBLE,FEASIBLE,FEASIBLE,null,0.399711,0.079328,0.00483,False
702064,1,4,[2],"[1,3,3,3]","[[1,2,3]]",FEASIBLE,FEASIBLE,FEASIBLE,null,0.005601,0.017683,0.001065,False
702065,1,4,[1],"[3,2,2,2]","[[0,1,2,3]]",FEASIBLE,FEASIBLE,FEASIBLE,null,0.005054,0.015266,0.001053,False
702066,2,5,"[1,1]","[1,2,3,2,3]","[[0,1,2,3,4],[1,4]]",FEASIBLE,FEASIBLE,FEASIBLE,null,0.016501,0.024873,0.001472,False
702067,2,4,"[1,2]","[3,3,2,2]","[[2],[0,3]]",FEASIBLE,FEASIBLE,FEASIBLE,null,0.01267,0.021305,0.001166,False
702068,3,6,"[2,1,3]","[1,1,2,1,3,1]","[[1,3,4,5],[5],[0,2,5]]",UNSAT,UNSAT,UNSAT,"[1, 2]",0.03132,0.135052,0.002761,False
702069,2,2,"[1,1]","[1,2]","[[0],[0,1]]",FEASIBLE,FEASIBLE,FEASIBLE,null,0.008913,0.018695,0.001025,False
702070,3,3,"[1,2,2]","[1,2,2]","[[0,2],[0,1,2],[0,2]]",UNSAT,UNSAT,UNSAT,"[0, 1, 2]",0.022598,0.040546,0.002624,False
702071,3,4,"[1,2,1]","[3,2,2,3]","[[1,3],[0,1,2],[2]]",FEASIBLE,FEASIBLE,FEASIBLE,null,0.04088,0.028602,0.001516,False
702072,6,1,"[1,1,1,1,1,1]",[2],"[[0],[0],[0],[0],[0],[0]]",UNSAT,UNSAT,UNSAT,"[0, 1, 2]",0.031922,0.054865,0.002228,False
702073,4,7,"[3,1,3,1]","[2,2,1,1,1,2,1]","[[0,1,2,4,6],[0,3,4,6],[0,1,2,3,4,5,6],[1,2,3,4,6]]",FEASIBLE,FEASIBLE,FEASIBLE,null,0.090111,0.056095,0.004236,False
702074,5,7,"[1,2,2,1,1]","[2,2,1,1,2,1,2]","[[3,5,6],[4,5],[0,3],[2,3],[0,1]]",FEASIBLE,FEASIBLE,FEASIBLE,null,0.18506,0.054997,0.003689,False
702075,4,5,"[3,2,2,1]","[3,1,2,1,3]","[[0,2,4],[0,1,2],[0,1,2,3],[0]]",FEASIBLE,FEASIBLE,FEASIBLE,null,0.067869,0.057097,0.003071,False
702076,7,3,"[2,1,1,1,3,1,2]","[1,2,3]","[[1,2],[0,1,2],[0,1],[0,2],[0,1,2],[1],[1,2]]",UNSAT,UNSAT,UNSAT,"[0, 2, 4]",0.098943,0.08301,0.004952,False
702077,2,7,"[1,3]","[3,1,1,2,2,2,3]","[[0],[0,2,3,4,5,6]]",FEASIBLE,FEASIBLE,FEASIBLE,null,0.018722,0.027831,0.001795,False
702078,7,3,"[1,2,2,1,2,1,1]","[2,3,3]","[[0,1,2],[0,1],[1,2],[2],[0,1],[0,2],[0]]",UNSAT,UNSAT,UNSAT,"[1, 4, 6]",0.148566,0.071117,0.007228,False
702079,5,2,"[1,1,1,1,2]","[1,2]","[[1],[0],[0],[0],[0,1]]",UNSAT,UNSAT,UNSAT,"[1, 2]",0.021613,0.128391,0.003295,False
702080,2,5,"[1,3]","[2,1,2,2,2]","[[0,2,4],[0,1,2]]",FEASIBLE,FEASIBLE,FEASIBLE,null,0.014567,0.026126,0.001871,False
702081,5,7,"[3,3,1,1,1]","[3,1,2,1,3,2,1]","[[3,5,6],[2,3,4,5,6],[2],[2],[2,3]]",UNSAT,UNSAT,UNSAT,"[0, 1, 2, 3]",0.152688,0.061767,0.005063,False
702082,2,6,"[1,1]","[2,2,1,3,3,2]","[[0,4],[0]]",FEASIBLE,FEASIBLE,FEASIBLE,null,0.016023,0.030662,0.001302,False
702083,3,6,"[3,3,1]","[3,2,3,1,2,1]","[[0,1,2,3,5],[0,1,2,3,4,5],[4]]",FEASIBLE,FEASIBLE,FEASIBLE,null,0.037104,0.038909,0.002678,False
702084,3,6,"[1,1,2]","[3,1,2,2,3,3]","[[0,3],[0,2,3,4,5],[0,1,3,4,5]]",FEASIBLE,FEASIBLE,FEASIBLE,null,0.036435,0.031428,0.002393,False
702085,1,6,[1],"[2,1,3,2,2,3]","[[1,4,5]]",FEASIBLE,FEASIBLE,FEASIBLE,null,0.006397,0.015657,0.001219,False
702086,6,2,"[1,1,2,1,1,1]","[3,3]","[[1],[0,1],[0,1],[0],[0],[0,1]]",UNSAT,UNSAT,UNSAT,"[0, 1, 2, 3, 4, 5]",0.14133,0.051197,0.003917,False
702087,1,1,[1],[1],[[0]],FEASIBLE,FEASIBLE,FEASIBLE,null,0.003358,0.011336,0.000746,False
702088,3,1,"[1,1,1]",[3],"[[0],[0],[0]]",FEASIBLE,FEASIBLE,FEASIBLE,null,0.012468,0.019359,0.001101,False
702089,2,3,"[1,1]","[3,2,3]","[[0,1],[0,1,2]]",FEASIBLE,FEASIBLE,FEASIBLE,null,0.011257,0.0188,0.001339,False
702090,3,6,"[1,3,1]","[2,3,1,1,3,1]","[[0,1],[0,1,3,4,5],[3]]",FEASIBLE,FEASIBLE,FEASIBLE,null,0.036472,0.039923,0.002497,False
702091,1,7,[3],"[1,3,3,3,3,2,1]","[[2,3,4]]",FEASIBLE,FEASIBLE,FEASIBLE,null,0.007196,0.022614,0.001358,False
702092,4,3,"[2,1,1,1]","[1,1,2]","[[0,1,2],[0,1,2],[0,1,2],[2]]",UNSAT,UNSAT,UNSAT,"[0, 1, 2, 3]",0.044387,0.134889,0.003398,False
702093,1,7,[1],"[3,3,2,3,2,3,1]","[[0,1,5]]",FEASIBLE,FEASIBLE,FEASIBLE,null,0.007063,0.016517,0.00109,False
702094,7,3,"[2,3,2,2,3,3,1]","[1,3,2]","[[0,2],[0,1,2],[1,2],[0,1,2],[0,1,2],[0,1,2],[0,1,2]]",UNSAT,UNSAT,UNSAT,"[0, 1]",0.022788,0.092029,0.005882,False
702095,3,3,"[1,1,1]","[3,3,1]","[[1],[2],[2]]",UNSAT,UNSAT,UNSAT,"[1, 2]",0.019338,0.029319,0.002044,False
702096,7,4,"[1,2,2,1,1,1,2]","[3,3,1,2]","[[1,2,3],[0,1,2,3],[0,1],[0,1,2,3],[1,2],[1],[1,3]]",UNSAT,UNSAT,UNSAT,"[0, 1, 2, 4, 5, 6]",0.493621,0.105868,0.006914,False
702097,4,1,"[1,1,1,1]",[2],"[[0],[0],[0],[0]]",UNSAT,UNSAT,UNSAT,"[0, 1, 2]",0.018165,0.034425,0.002343,False
702098,7,2,"[1,1,1,1,1,1,1]","[2,2]","[[0,1],[1],[0,1],[0,1],[0],[1],[0,1]]",UNSAT,UNSAT,UNSAT,"[0, 1, 2, 3, 4]",0.225031,0.054267,0.003858,False
702099,7,6,"[1,2,1,1,2,2,1]","[1,3,2,3,1,2]","[[1,2,3,5],[1,2,3,5],[1,2,3,4,5],[1,2,3,5],[0,1,2,4,5],[1,2,3,5],[0,1,3,4,5]]",FEASIBLE,FEASIBLE,FEASIBLE,null,0.720537,0.070418,0.006093,False
702100,7,6,"[1,1,3,1,1,2,1]","[2,2,2,1,1,1]","[[1],[2],[0,1,2,3,4,5],[5],[4,5],[1,3],[4,5]]",UNSAT,UNSAT,UNSAT,"[3, 4, 6]",0.303248,0.072332,0.005512,False
702101,3,6,"[2,1,3]","[1,3,2,2,2,1]","[[2,5],[4],[2,3,5]]",UNSAT,UNSAT,UNSAT,"[0, 2]",0.025662,0.044865,0.002919,False
702102,1,7,[2],"[2,2,3,3,1,1,1]","[[0,2,5]]",FEASIBLE,FEASIBLE,FEASIBLE,null,0.007301,0.111622,0.001236,False
702103,3,2,"[1,1,1]","[3,1]","[[1],[0,1],[1]]",UNSAT,UNSAT,UNSAT,"[0, 2]",0.014153,0.032546,0.001955,False
702104,1,5,[2],"[2,1,2,3,3]","[[0,1,3,4]]",FEASIBLE,FEASIBLE,FEASIBLE,null,0.006251,0.020228,0.001331,False
702105,7,5,"[2,2,1,1,2,1,2]","[1,2,2,1,3]","[[2,4],[0,1,2,3,4],[0],[0],[1,3,4],[0,1,2],[0,2,4]]",UNSAT,UNSAT,UNSAT,"[2, 3]",0.080649,0.104795,0.007288,False
702106,1,6,[2],"[3,1,2,2,3,1]","[[0,3]]",FEASIBLE,FEASIBLE,FEASIBLE,null,0.006708,0.018842,0.00105,False
702107,4,2,"[1,2,1,1]","[2,1]","[[1],[0,1],[1],[1]]",UNSAT,UNSAT,UNSAT,"[0, 1]",0.012861,0.03688,0.002437,False
702108,6,7,"[2,1,2,1,3,2]","[3,2,1,1,2,1,2]","[[0,2,4,5],[4,6],[1,3,4,5],[2],[0,4,5,6],[0,1,2,3,4,5,6]]",FEASIBLE,FEASIBLE,FEASIBLE,null,0.401282,0.077133,0.005063,False
702109,5,3,"[1,1,2,1,1]","[1,3,3]","[[1,2],[0,1],[0,1],[1],[0]]",UNSAT,UNSAT,UNSAT,"[2, 4]",0.041036,0.057697,0.003604,False
702110,4,1,"[1,1,1,1]",[3],"[[0],[0],[0],[0]]",UNSAT,UNSAT,UNSAT,"[0, 1, 2, 3]",0.024754,0.034917,0.002029,False
702111,1,4,[1],"[3,2,1,2]","[[1,2]]",FEASIBLE,FEASIBLE,FEASIBLE,null,0.005364,0.016397,0.000971,False
702112,6,6,"[1,2,3,2,3,1]","[2,2,3,2,1,1]","[[0],[0,1,2,3,4,5],[0,1,2,3,4,5],[0,1,2,3,4,5],[1,2,3,4,5],[1,5]]",UNSAT,UNSAT,UNSAT,"[0, 1, 2, 3, 4, 5]",0.385965,0.094936,0.007177,False
702113,1,7,[1],"[3,2,1,1,1,3,1]","[[0,1,2,3,4,5,6]]",FEASIBLE,FEASIBLE,FEASIBLE,null,0.007579,0.024782,0.001604,False
702114,2,7,"[1,2]","[2,2,1,3,1,1,1]","[[2,3,4,5,6],[5,6]]",FEASIBLE,FEASIBLE,FEASIBLE,null,0.019424,0.138891,0.001738,False
702115,1,7,[1],"[1,1,3,3,3,2,3]","[[0,1,2,3,4,5,6]]",FEASIBLE,FEASIBLE,FEASIBLE,null,0.010443,0.020994,0.001385,False
702116,7,1,"[1,1,1,1,1,1,1]",[2],"[[0],[0],[0],[0],[0],[0],[0]]",UNSAT,UNSAT,UNSAT,"[0, 1, 2]",0.051825,0.055704,0.002692,False
702117,5,2,"[1,2,1,1,1]","[2,3]","[[0],[0,1],[1],[1],[0,1]]",UNSAT,UNSAT,UNSAT,"[0, 1, 2, 3, 4]",0.088254,0.056059,0.002954,False
702118,7,4,"[1,1,1,3,2,2,1]","[1,1,3,2]","[[0,2],[0,3],[3],[0,2,3],[0,1,2],[1,3],[1]]",UNSAT,UNSAT,UNSAT,"[5, 6]",0.132116,0.132435,0.005727,False
702119,5,4,"[1,1,1,2,3]","[1,1,2,2]","[[0],[0,1],[2],[0,1,2,3],[0,1,3]]",UNSAT,UNSAT,UNSAT,"[0, 4]",0.043369,0.06433,0.003549,False
702120,3,1,"[1,1,1]",[1],"[[0],[0],[0]]",UNSAT,UNSAT,UNSAT,"[0, 1]",0.009592,0.033566,0.001671,False
702121,4,3,"[1,1,1,1]","[3,1,2]","[[2],[0,2],[0,1,2],[0]]",FEASIBLE,FEASIBLE,FEASIBLE,null,0.058842,0.034007,0.001669,False
702122,1,4,[2],"[1,1,1,1]","[[0,1,2,3]]",FEASIBLE,FEASIBLE,FEASIBLE,null,0.006638,0.027348,0.001234,False
702123,5,3,"[2,1,1,1,1]","[2,3,3]","[[0,1,2],[1],[1,2],[0],[0]]",FEASIBLE,FEASIBLE,FEASIBLE,null,0.11144,0.053117,0.00243,False
702124,2,3,"[1,2]","[2,1,1]","[[1],[1,2]]",UNSAT,UNSAT,UNSAT,"[0, 1]",0.013116,0.033746,0.001821,False
702125,5,3,"[2,1,1,1,2]","[2,1,3]","[[0,1,2],[1],[0,1,2],[1],[0,1]]",UNSAT,UNSAT,UNSAT,"[1, 3]",0.037723,0.078653,0.00374,False
702126,1,7,[1],"[2,3,3,1,1,3,3]","[[1,2,3,4,6]]",FEASIBLE,FEASIBLE,FEASIBLE,null,0.008705,0.021796,0.001279,False
702127,6,2,"[1,1,1,1,1,1]","[1,2]","[[1],[1],[1],[0],[1],[1]]",UNSAT,UNSAT,UNSAT,"[0, 1, 2]",0.04904,0.045634,0.002789,False
702128,5,5,"[1,2,3,2,2]","[1,2,3,1,3]","[[4],[0,1,2,3,4],[0,1,3,4],[0,2],[0,1,2,3,4]]",FEASIBLE,FEASIBLE,FEASIBLE,null,0.140424,0.06997,0.004252,False
702129,4,4,"[1,1,1,3]","[1,1,3,3]","[[0,3],[1,2],[3],[1,2,3]]",FEASIBLE,FEASIBLE,FEASIBLE,null,0.057793,0.044701,0.002471,False
702130,4,4,"[2,2,1,3]","[3,1,2,1]","[[0,1,2,3],[0,1],[1,2,3],[1,2,3]]",UNSAT,UNSAT,UNSAT,"[1, 3]",0.032847,0.055357,0.004424,False
702131,6,3,"[1,1,1,1,1,1]","[2,2,1]","[[0,1,2],[1],[0],[0,1,2],[1,2],[1,2]]",UNSAT,UNSAT,UNSAT,"[0, 1, 2, 3, 4, 5]",0.194364,0.055845,0.004203,False
702132,7,2,"[1,2,2,2,1,1,1]","[3,2]","[[0],[0,1],[0,1],[0,1],[0,1],[1],[0]]",UNSAT,UNSAT,UNSAT,"[1, 2, 3]",0.094296,0.057036,0.004039,False
702133,2,7,"[3,1]","[1,3,3,2,2,1,1]","[[0,1,2,4],[0,1,2,3,4,5,6]]",FEASIBLE,FEASIBLE,FEASIBLE,null,0.019538,0.032193,0.002461,False
702134,3,3,"[1,2,1]","[2,2,1]","[[0,1,2],[0,1],[0]]",FEASIBLE,FEASIBLE,FEASIBLE,null,0.021964,0.033443,0.002153,False
702135,2,3,"[1,1]","[1,2,1]","[[0,1,2],[2]]",FEASIBLE,FEASIBLE,FEASIBLE,null,0.010844,0.01836,0.00142,False
702136,1,7,[1],"[2,2,1,1,1,2,1]","[[3,4,5,6]]",FEASIBLE,FEASIBLE,FEASIBLE,null,0.006991,0.020756,0.001513,False
702137,7,6,"[3,1,2,2,1,2,2]","[3,3,1,3,2,2]","[[0,1,4,5],[0],[0,1,2,3,4,5],[1,2,3,4,5],[0],[0,1,2,3,4,5],[1,2,3,4,5]]",FEASIBLE,FEASIBLE,FEASIBLE,null,0.7213,0.178605,0.007086,False
702138,2,7,"[2,2]","[3,3,1,2,3,1,2]","[[0,1,2,3,4,5,6],[0,2,3,4,6]]",FEASIBLE,FEASIBLE,FEASIBLE,null,0.019087,0.031117,0.00229,False
702139,6,5,"[1,1,1,3,1,1]","[2,2,2,2,2]","[[0,1,2,3,4],[0],[0],[2,3,4],[0,1,2,3],[0]]",UNSAT,UNSAT,UNSAT,"[1, 2, 5]",0.153081,0.076962,0.004677,False
702140,2,3,"[2,2]","[2,3,2]","[[0,1],[0,1,2]]",FEASIBLE,FEASIBLE,FEASIBLE,null,0.011214,0.024454,0.001429,False
702141,5,2,"[1,1,1,1,1]","[2,1]","[[0],[0],[0],[0,1],[0]]",UNSAT,UNSAT,UNSAT,"[0, 1, 2]",0.036128,0.041064,0.002404,False
702142,2,3,"[1,1]","[3,2,2]","[[0,2],[0,1,2]]",FEASIBLE,FEASIBLE,FEASIBLE,null,0.011093,0.019521,0.001283,False
702143,7,1,"[1,1,1,1,1,1,1]",[2],"[[0],[0],[0],[0],[0],[0],[0]]",UNSAT,UNSAT,UNSAT,"[0, 1, 2]",0.041802,0.045874,0.003608,False
702144,7,2,"[1,1,1,1,1,1,1]","[1,3]","[[0],[0],[1],[1],[0],[0],[1]]",UNSAT,UNSAT,UNSAT,"[0, 1]",0.019144,0.048478,0.003144,False
702145,1,2,[2],"[2,2]","[[0,1]]",FEASIBLE,FEASIBLE,FEASIBLE,null,0.009267,0.016065,0.000959,False
702146,7,1,"[1,1,1,1,1,1,1]",[3],"[[0],[0],[0],[0],[0],[0],[0]]",UNSAT,UNSAT,UNSAT,"[0, 1, 2, 3]",0.09431,0.046676,0.002336,False
702147,4,3,"[1,1,1,2]","[2,2,3]","[[0,1],[0,1,2],[0,1],[0,1,2]]",FEASIBLE,FEASIBLE,FEASIBLE,null,0.04636,0.035339,0.002113,False
702148,6,1,"[1,1,1,1,1,1]",[2],"[[0],[0],[0],[0],[0],[0]]",UNSAT,UNSAT,UNSAT,"[0, 1, 2]",0.033535,0.047734,0.002138,False
702149,5,6,"[2,3,3,1,2]","[2,1,2,1,1,3]","[[0,4],[0,1,2,3,4,5],[0,1,2,3,4],[3],[1,4,5]]",UNSAT,UNSAT,UNSAT,"[0, 1, 2, 3]",0.151935,0.19021,0.006527,False
702150,7,1,"[1,1,1,1,1,1,1]",[3],"[[0],[0],[0],[0],[0],[0],[0]]",UNSAT,UNSAT,UNSAT,"[0, 1, 2, 3]",0.097095,0.047955,0.002011,False
702151,4,5,"[2,1,2,1]","[3,2,3,2,2]","[[0,1,2,3,4],[1,3,4],[0,1,2,3],[2,4]]",FEASIBLE,FEASIBLE,FEASIBLE,null,0.071439,0.040262,0.002939,False
702152,3,3,"[1,2,2]","[2,3,3]","[[0,2],[0,1],[0,2]]",FEASIBLE,FEASIBLE,FEASIBLE,null,0.023021,0.037691,0.002045,False
702153,5,6,"[1,2,2,3,1]","[1,1,2,3,2,1]","[[2],[0,1,3],[0,1,2,4,5],[1,2,3,4,5],[2,5]]",FEASIBLE,FEASIBLE,FEASIBLE,null,0.17096,0.068922,0.003938,False
702154,7,1,"[1,1,1,1,1,1,1]",[1],"[[0],[0],[0],[0],[0],[0],[0]]",UNSAT,UNSAT,UNSAT,"[0, 1]",0.012962,0.046092,0.002038,False
702155,3,1,"[1,1,1]",[3],"[[0],[0],[0]]",FEASIBLE,FEASIBLE,FEASIBLE,null,0.012687,0.019872,0.001035,False
702156,3,4,"[2,2,1]","[1,3,2,2]","[[1,2],[0,3],[0,1,2]]",FEASIBLE,FEASIBLE,FEASIBLE,null,0.027478,0.031402,0.001867,False
702157,2,1,"[1,1]",[3],"[[0],[0]]",FEASIBLE,FEASIBLE,FEASIBLE,null,0.008151,0.016168,0.00078,False
702158,4,5,"[1,1,3,1]","[1,2,2,2,2]","[[0,1,2,4],[4],[0,1,2,4],[3]]",FEASIBLE,FEASIBLE,FEASIBLE,null,0.069137,0.037846,0.002147,False
702159,7,4,"[2,1,2,2,3,3,3]","[2,2,3,2]","[[0,1,2],[2],[0,2,3],[0,1,2,3],[0,1,2,3],[0,1,2,3],[0,1,2,3]]",UNSAT,UNSAT,UNSAT,"[0, 2, 4, 5]",0.292591,0.086451,0.006082,False
702160,1,4,[2],"[3,1,3,1]","[[2,3]]",FEASIBLE,FEASIBLE,FEASIBLE,null,0.005389,0.017023,0.00096,False
702161,3,6,"[1,2,1]","[1,3,2,2,3,3]","[[2,4],[0,1,3,4],[0,2]]",FEASIBLE,FEASIBLE,FEASIBLE,null,0.036781,0.228314,0.001898,False
702162,1,1,[1],[3],[[0]],FEASIBLE,FEASIBLE,FEASIBLE,null,0.00377,0.01126,0.000665,False
702163,2,6,"[1,2]","[3,3,3,2,2,1]","[[4],[3,4]]",FEASIBLE,FEASIBLE,FEASIBLE,null,0.017694,0.022343,0.001281,False
702164,5,7,"[3,3,2,1,1]","[1,2,1,2,1,2,3]","[[2,4,5,6],[0,1,5],[0,2,4,5],[2],[0,1,2,3,4,5,6]]",UNSAT,UNSAT,UNSAT,"[0, 1, 2]",0.092557,0.096188,0.00625,False
702165,1,4,[3],"[1,1,2,2]","[[0,1,2,3]]",FEASIBLE,FEASIBLE,FEASIBLE,null,0.005328,0.025784,0.001287,False
702166,4,4,"[1,1,3,1]","[3,2,3,3]","[[0,2,3],[1,2,3],[1,2,3],[1]]",FEASIBLE,FEASIBLE,FEASIBLE,null,0.057981,0.04663,0.002594,False
702167,2,2,"[2,1]","[1,1]","[[0,1],[0,1]]",UNSAT,UNSAT,UNSAT,"[0, 1]",0.009021,0.030857,0.00181,False
702168,7,1,"[1,1,1,1,1,1,1]",[2],"[[0],[0],[0],[0],[0],[0],[0]]",UNSAT,UNSAT,UNSAT,"[0, 1, 2]",0.041812,0.046011,0.002084,False
702169,2,6,"[1,2]","[2,3,1,3,3,2]","[[0,1,2,3,4,5],[2,5]]",FEASIBLE,FEASIBLE,FEASIBLE,null,0.016885,0.026758,0.001762,False
702170,2,4,"[1,3]","[3,3,1,3]","[[1],[0,1,2,3]]",FEASIBLE,FEASIBLE,FEASIBLE,null,0.012943,0.024554,0.001473,False
702171,7,5,"[3,1,2,1,2,1,3]","[2,2,3,1,3]","[[0,1,2,3],[0,1,2,3],[1,2,4],[0,2,4],[0,3],[1,3],[1,3,4]]",UNSAT,UNSAT,UNSAT,"[4, 6]",0.114153,0.130852,0.007654,False
702172,5,4,"[1,1,1,3,1]","[2,2,1,3]","[[1],[1],[1],[0,1,2],[0,1,3]]",UNSAT,UNSAT,UNSAT,"[0, 1, 2]",0.059669,0.048834,0.003088,False
702173,3,7,"[2,1,3]","[1,1,1,2,3,2,3]","[[0,1,2,3,4,5,6],[0,1,2,3,4,5,6],[0,1,2,3,4,5,6]]",FEASIBLE,FEASIBLE,FEASIBLE,null,0.04227,0.139143,0.003385,False
702174,2,2,"[1,1]","[2,2]","[[0,1],[0]]",FEASIBLE,FEASIBLE,FEASIBLE,null,0.009421,0.01742,0.001044,False
702175,1,4,[1],"[1,1,2,3]",[[0]],FEASIBLE,FEASIBLE,FEASIBLE,null,0.004987,0.012914,0.000742,False
702176,3,3,"[1,1,3]","[3,2,2]","[[2],[1,2],[0,1,2]]",FEASIBLE,FEASIBLE,FEASIBLE,null,0.022464,0.028172,0.001575,False
702177,4,6,"[2,1,2,1]","[1,1,1,1,3,1]","[[0,1,2,3,4,5],[2,4],[0,5],[1,4]]",FEASIBLE,FEASIBLE,FEASIBLE,null,0.081648,0.054592,0.003076,False
702178,6,5,"[1,1,1,1,3,1]","[1,2,2,3,2]","[[3],[0,1,3,4],[2,3],[1],[0,1,2,3,4],[0,1,2,3,4]]",FEASIBLE,FEASIBLE,FEASIBLE,null,0.303266,0.052479,0.003441,False
702179,6,5,"[3,2,2,1,2,1]","[2,2,2,1,1]","[[0,1,2,3,4],[0,1,2,4],[0,1,2],[0,1],[2,3],[2]]",UNSAT,UNSAT,UNSAT,"[0, 1, 2, 4]",0.207947,0.101395,0.006311,False
702180,5,7,"[3,1,1,3,1]","[1,3,3,1,1,3,3]","[[3,4,6],[0,1,2,3,4,5,6],[2],[1,2,3,4,5,6],[0,2,5]]",FEASIBLE,FEASIBLE,FEASIBLE,null,0.199275,0.059677,0.003692,False
702181,6,3,"[2,1,2,1,2,3]","[2,2,2]","[[1,2],[0,1,2],[1,2],[0,1,2],[1,2],[0,1,2]]",UNSAT,UNSAT,UNSAT,"[0, 2, 4]",0.081336,0.065692,0.004375,False
702182,7,4,"[2,1,1,1,2,1,1]","[1,2,1,2]","[[1,3],[1,2],[2],[0],[0,1,2,3],[3],[1,3]]",UNSAT,UNSAT,UNSAT,"[0, 1, 2, 3, 4]",0.396064,0.071331,0.004301,False
702183,3,2,"[1,2,2]","[2,3]","[[0,1],[0,1],[0,1]]",FEASIBLE,FEASIBLE,FEASIBLE,null,0.019131,0.039626,0.001892,False
702184,7,6,"[1,1,2,3,2,1,1]","[3,2,1,2,3,2]","[[0,1,2,4],[0,1,2,3,5],[0,2,3,4,5],[0,1,4],[0,1,2,3],[1,2,3],[0]]",FEASIBLE,FEASIBLE,FEASIBLE,null,0.752173,0.196336,0.005839,False
702185,3,3,"[1,1,3]","[2,1,3]","[[1],[0,1,2],[0,1,2]]",UNSAT,UNSAT,UNSAT,"[0, 2]",0.016967,0.041721,0.002416,False
702186,2,1,"[1,1]",[3],"[[0],[0]]",FEASIBLE,FEASIBLE,FEASIBLE,null,0.00756,0.016684,0.000803,False
702187,4,3,"[1,1,2,1]","[3,1,3]","[[1,2],[2],[0,1,2],[0]]",FEASIBLE,FEASIBLE,FEASIBLE,null,0.048443,0.032522,0.001746,False
702188,3,1,"[1,1,1]",[1],"[[0],[0],[0]]",UNSAT,UNSAT,UNSAT,"[0, 1]",0.008215,0.029324,0.001623,False
702189,6,5,"[2,2,3,1,2,1]","[1,3,3,3,1]","[[1,2,4],[0,1,2,3,4],[0,1,2,3,4],[3,4],[1,2],[3]]",FEASIBLE,FEASIBLE,FEASIBLE,null,0.313884,0.072294,0.00414,False
702190,6,6,"[1,3,1,1,2,1]","[2,3,3,3,1,1]","[[0,3,4,5],[0,1,5],[5],[2],[0,2,4,5],[0,2,3,4,5]]",UNSAT,UNSAT,UNSAT,"[1, 2]",0.061992,0.081649,0.004305,False
702191,6,4,"[2,1,3,2,1,2]","[1,2,3,3]","[[0,1,2,3],[3],[0,1,2,3],[2,3],[3],[0,1,2,3]]",UNSAT,UNSAT,UNSAT,"[0, 1, 2, 3, 5]",0.237586,0.078097,0.004594,False
702192,4,1,"[1,1,1,1]",[2],"[[0],[0],[0],[0]]",UNSAT,UNSAT,UNSAT,"[0, 1, 2]",0.018569,0.035382,0.001808,False
702193,1,3,[2],"[3,2,1]","[[1,2]]",FEASIBLE,FEASIBLE,FEASIBLE,null,0.004836,0.06589,0.000932,False
702194,6,7,"[1,1,1,1,3,3]","[1,3,2,2,1,1,2]","[[1],[0,2,3],[5],[0,2,3,4,5,6],[0,1,2,3,4,5,6],[0,1,2,3,4,5,6]]",FEASIBLE,FEASIBLE,FEASIBLE,null,0.412916,0.104953,0.004288,False
702195,7,5,"[2,1,1,1,1,2,1]","[1,2,1,2,3]","[[1,2,3,4],[1,3,4],[0,4],[3,4],[0,1,2,3,4],[0,2,4],[0,2,4]]",FEASIBLE,FEASIBLE,FEASIBLE,null,0.657284,0.316844,0.004758,False
702196,3,2,"[1,1,1]","[1,2]","[[0],[0],[0,1]]",UNSAT,UNSAT,UNSAT,"[0, 1]",0.013868,0.037055,0.002842,False
702197,1,3,[1],"[3,2,2]",[[0]],FEASIBLE,FEASIBLE,FEASIBLE,null,0.005405,0.014285,0.000974,False
702198,3,2,"[1,1,1]","[3,2]","[[0],[0],[0]]",FEASIBLE,FEASIBLE,FEASIBLE,null,0.019817,0.022844,0.001184,False
702199,3,3,"[2,1,3]","[3,1,2]","[[0,1,2],[2],[0,1,2]]",UNSAT,UNSAT,UNSAT,"[0, 1, 2]",0.025712,0.048601,0.003007,False
702200,1,3,[1],"[1,2,1]",[[0]],FEASIBLE,FEASIBLE,FEASIBLE,null,0.005445,0.014303,0.000588,False
702201,6,5,"[1,3,1,1,1,1]","[2,3,3,2,1]","[[0,1,2,3,4],[1,2,3,4],[4],[1],[2],[0]]",FEASIBLE,FEASIBLE,FEASIBLE,null,0.325137,0.052575,0.002663,False
702202,3,4,"[2,3,3]","[1,2,1,3]","[[0,2,3],[0,1,2],[0,1,2,3]]",UNSAT,UNSAT,UNSAT,"[0, 1]",0.017462,0.074505,0.003943,False
702203,1,5,[2],"[3,1,2,3,2]","[[1,2,3,4]]",FEASIBLE,FEASIBLE,FEASIBLE,null,0.006463,0.021554,0.001244,False
702204,3,3,"[1,2,2]","[1,2,1]","[[1],[1,2],[0,2]]",UNSAT,UNSAT,UNSAT,"[1, 2]",0.034216,0.041125,0.002143,False
702205,1,4,[2],"[1,1,2,1]","[[0,1,2,3]]",FEASIBLE,FEASIBLE,FEASIBLE,null,0.0058,0.021394,0.001103,False
702206,4,5,"[1,2,1,1]","[1,2,2,2,3]","[[0,1,2,3,4],[1,2],[0,3],[3]]",FEASIBLE,FEASIBLE,FEASIBLE,null,0.075866,0.040104,0.002235,False
702207,4,3,"[1,1,2,1]","[3,3,1]","[[2],[1],[0,1,2],[1]]",FEASIBLE,FEASIBLE,FEASIBLE,null,0.052075,0.033236,0.001696,False
702208,7,3,"[2,1,1,1,1,1,2]","[1,2,2]","[[1,2],[0,1,2],[0,2],[0,1,2],[0,1],[1],[0,2]]",UNSAT,UNSAT,UNSAT,"[0, 2, 6]",0.118418,0.193596,0.004726,False
702209,1,4,[2],"[3,3,3,2]","[[0,1,2,3]]",FEASIBLE,FEASIBLE,FEASIBLE,null,0.006401,0.020903,0.001024,False
702210,6,5,"[2,1,1,2,1,3]","[3,1,3,2,2]","[[1,2,4],[0,2,3,4],[0,1,2,3,4],[0,1,2,3,4],[4],[0,1,2,3]]",FEASIBLE,FEASIBLE,FEASIBLE,null,0.330665,0.084234,0.004824,False
702211,4,7,"[3,2,2,1]","[3,1,3,1,1,3,2]","[[0,1,2,3,4,5,6],[2,3],[0,1,2,3,4,5,6],[6]]",FEASIBLE,FEASIBLE,FEASIBLE,null,0.102755,0.057496,0.00304,False
702212,5,5,"[3,1,2,1,3]","[2,2,3,2,2]","[[0,1,2,3,4],[0,1,3],[0,1,2,3,4],[0],[0,1,3,4]]",FEASIBLE,FEASIBLE,FEASIBLE,null,0.159689,0.085042,0.004413,False
702213,7,5,"[1,1,2,3,2,2,2]","[3,3,3,2,2]","[[4],[0,1,4],[0,1,2,4],[1,2,4],[0,1,2,3,4],[1,4],[0,1,2,3,4]]",UNSAT,UNSAT,UNSAT,"[0, 3, 5]",0.188388,0.116926,0.00618,False
702214,6,4,"[2,1,2,2,2,1]","[2,1,3,2]","[[0,1,2,3],[0,1,2,3],[0,1,2,3],[0,1],[0,2,3],[2]]",UNSAT,UNSAT,UNSAT,"[0, 1, 2, 3, 4]",0.238377,0.083671,0.004823,False
702215,1,7,[2],"[1,2,2,2,3,1,2]","[[0,6]]",FEASIBLE,FEASIBLE,FEASIBLE,null,0.008001,0.020964,0.001061,False
702216,2,3,"[2,1]","[2,2,2]","[[0,1,2],[2]]",FEASIBLE,FEASIBLE,FEASIBLE,null,0.012144,0.038655,0.001295,False
702217,2,3,"[2,1]","[2,3,2]","[[0,1,2],[0,1]]",FEASIBLE,FEASIBLE,FEASIBLE,null,0.014315,0.025909,0.001274,False
702218,6,5,"[1,3,3,3,1,1]","[3,2,3,1,1]","[[0,1,2,3,4],[0,1,2,3],[1,3,4],[0,1,2,4],[3],[0,1,2,4]]",UNSAT,UNSAT,UNSAT,"[2, 4]",0.080176,0.189454,0.0054,False
702219,2,4,"[2,2]","[3,3,2,2]","[[0,1,2,3],[0,1,3]]",FEASIBLE,FEASIBLE,FEASIBLE,null,0.014403,0.03004,0.001476,False
702220,2,1,"[1,1]",[1],"[[0],[0]]",UNSAT,UNSAT,UNSAT,"[0, 1]",0.008003,0.026957,0.001279,False
702221,4,1,"[1,1,1,1]",[2],"[[0],[0],[0],[0]]",UNSAT,UNSAT,UNSAT,"[0, 1, 2]",0.024992,0.047218,0.001682,False
702222,4,2,"[1,2,2,1]","[2,3]","[[1],[0,1],[0,1],[0]]",UNSAT,UNSAT,UNSAT,"[1, 2, 3]",0.046953,0.057544,0.002291,False
702223,6,5,"[1,2,3,1,1,2]","[2,3,3,1,2]","[[0,4],[0,1],[0,1,2,4],[0,1,2,3,4],[0,1,2,3,4],[0,3,4]]",FEASIBLE,FEASIBLE,FEASIBLE,null,0.410812,0.074984,0.003784,False
702224,2,7,"[3,1]","[2,3,2,2,1,1,2]","[[0,1,2,3,5,6],[4]]",FEASIBLE,FEASIBLE,FEASIBLE,null,0.02102,0.044287,0.001777,False
702225,5,5,"[1,1,2,1,3]","[2,2,2,2,2]","[[2],[4],[0,1,2,3],[0,1,2,3,4],[0,1,2,3,4]]",FEASIBLE,FEASIBLE,FEASIBLE,null,0.161569,0.057673,0.003045,False
702226,4,6,"[2,2,2,2]","[3,2,2,2,1,1]","[[1,2,3,4,5],[1,2,3],[0,1,2,4,5],[0,1,5]]",FEASIBLE,FEASIBLE,FEASIBLE,null,0.091682,0.10137,0.003171,False
702227,4,5,"[3,2,3,1]","[3,3,2,1,3]","[[0,2,3],[0,4],[0,1,2,3],[1,2,4]]",FEASIBLE,FEASIBLE,FEASIBLE,null,0.080936,0.051902,0.002524,False
702228,4,5,"[1,3,1,2]","[1,1,1,2,2]","[[0,1,2,3,4],[0,1,2,3,4],[0,1,2,3],[2,3,4]]",FEASIBLE,FEASIBLE,FEASIBLE,null,0.07694,0.076545,0.003892,False
702229,4,1,"[1,1,1,1]",[1],"[[0],[0],[0],[0]]",UNSAT,UNSAT,UNSAT,"[0, 1]",0.010267,0.157359,0.0016,False
702230,6,7,"[2,3,3,1,1,1]","[2,1,2,1,3,2,1]","[[0,1,2,3,4,5,6],[1,2,5,6],[0,1,2,3,4,6],[0,1,4,6],[6],[2]]",FEASIBLE,FEASIBLE,FEASIBLE,null,0.462877,0.135847,0.006352,False
702231,5,3,"[1,1,2,1,2]","[1,1,1]","[[1,2],[0,1],[1,2],[2],[0,2]]",UNSAT,UNSAT,UNSAT,"[0, 2]",0.025252,0.056719,0.003446,False
702232,1,7,[2],"[3,3,3,2,3,1,3]","[[0,1,3,4,5,6]]",FEASIBLE,FEASIBLE,FEASIBLE,null,0.008547,0.025258,0.001384,False
702233,6,5,"[1,1,1,3,2,3]","[3,3,3,3,2]","[[4],[0,1,3],[0,1,3,4],[0,1,2,4],[0,1,4],[0,1,3]]",FEASIBLE,FEASIBLE,FEASIBLE,null,0.345168,0.108947,0.004159,False
702234,6,4,"[1,1,2,1,1,3]","[2,2,2,1]","[[0,3],[0],[2,3],[2,3],[0],[0,2,3]]",UNSAT,UNSAT,UNSAT,"[2, 5]",0.078006,0.073071,0.003673,False
702235,2,4,"[2,1]","[3,2,3,1]","[[1,2],[1,2]]",FEASIBLE,FEASIBLE,FEASIBLE,null,0.015829,0.027563,0.001215,False
702236,4,5,"[1,2,2,1]","[1,3,3,1,1]","[[0,1,2,3,4],[0,1,2,3,4],[1,2],[1,2]]",FEASIBLE,FEASIBLE,FEASIBLE,null,0.083365,0.049691,0.002728,False
702237,7,4,"[2,1,2,1,1,1,1]","[2,2,2,1]","[[2,3],[1,2,3],[2,3],[0,1],[3],[1],[0,1,2,3]]",UNSAT,UNSAT,UNSAT,"[0, 2]",0.039971,0.071179,0.003926,False
702238,6,6,"[1,1,2,1,1,2]","[3,3,1,2,3,1]","[[1,2,4],[0,1,2,3,5],[0,3],[3],[4],[0,3]]",UNSAT,UNSAT,UNSAT,"[2, 3, 5]",0.261301,0.069572,0.004011,False
702239,7,5,"[1,3,1,1,1,2,2]","[1,2,3,3,3]","[[3,4],[2,3,4],[1],[0,1,2,3],[1],[0,1,2,3,4],[1,2]]",UNSAT,UNSAT,UNSAT,"[2, 4, 6]",0.304307,0.221683,0.00454,False
702240,7,2,"[1,1,1,1,1,1,1]","[2,2]","[[1],[0],[0,1],[0],[0,1],[1],[0]]",UNSAT,UNSAT,UNSAT,"[1, 3, 6]",0.134678,0.066055,0.003436,False
702241,5,7,"[1,1,1,1,1]","[2,2,2,2,2,1,1]","[[2,3,4],[0,1,2,4,5,6],[4,5,6],[0,1,3,5,6],[0,2,5]]",FEASIBLE,FEASIBLE,FEASIBLE,null,0.236567,0.059076,0.003479,False
702242,4,6,"[1,1,1,2]","[1,2,2,1,2,2]","[[0,1,2,3],[0,1,2,3,5],[2],[0,1,2,3,5]]",FEASIBLE,FEASIBLE,FEASIBLE,null,0.098605,0.051832,0.002771,False
702243,5,1,"[1,1,1,1,1]",[3],"[[0],[0],[0],[0],[0]]",UNSAT,UNSAT,UNSAT,"[0, 1, 2, 3]",0.048851,0.047137,0.002312,False
702244,7,4,"[1,1,1,1,3,1,1]","[3,2,3,2]","[[0,1],[3],[0,1,2,3],[3],[0,1,2,3],[2,3],[0,1,2,3]]",FEASIBLE,FEASIBLE,FEASIBLE,null,0.630995,0.067476,0.003375,False
702245,1,4,[1],"[3,1,3,3]","[[0,1,2,3]]",FEASIBLE,FEASIBLE,FEASIBLE,null,0.006608,0.01878,0.000967,False
702246,3,2,"[1,2,1]","[1,1]","[[0],[0,1],[0,1]]",UNSAT,UNSAT,UNSAT,"[0, 1]",0.012943,0.047964,0.002221,False
702247,6,6,"[2,3,1,1,1,2]","[2,3,3,3,1,1]","[[0,4],[0,3,4,5],[3,5],[5],[3],[2,3]]",UNSAT,UNSAT,UNSAT,"[0, 1, 3]",0.139882,0.079263,0.004238,False
702248,1,5,[2],"[3,2,3,3,3]","[[0,1,2,3,4]]",FEASIBLE,FEASIBLE,FEASIBLE,null,0.007314,0.024897,0.001281,False
702249,7,1,"[1,1,1,1,1,1,1]",[3],"[[0],[0],[0],[0],[0],[0],[0]]",UNSAT,UNSAT,UNSAT,"[0, 1, 2, 3]",0.117654,0.063699,0.002354,False
702250,6,4,"[1,1,1,1,2,1]","[3,1,1,2]","[[2,3],[1],[2],[1,2],[1,2,3],[0,1,2,3]]",UNSAT,UNSAT,UNSAT,"[1, 2, 3]",0.258431,0.095004,0.004663,False
702251,3,6,"[3,1,2]","[3,3,1,2,1,3]","[[0,2,3,5],[0,1,2,3,4,5],[1,3,4]]",FEASIBLE,FEASIBLE,FEASIBLE,null,0.047952,0.048458,0.002514,False
702252,5,1,"[1,1,1,1,1]",[1],"[[0],[0],[0],[0],[0]]",UNSAT,UNSAT,UNSAT,"[0, 1]",0.012712,0.045018,0.002007,False
702253,5,7,"[2,3,2,2,2]","[2,1,1,3,1,3,1]","[[0,2,3,4,5],[1,2,3,4,5],[1,2,3],[0,1,2,3,4,5,6],[0,2]]",FEASIBLE,FEASIBLE,FEASIBLE,null,0.241964,0.131021,0.006311,False
702254,3,1,"[1,1,1]",[2],"[[0],[0],[0]]",UNSAT,UNSAT,UNSAT,"[0, 1, 2]",0.015966,0.03836,0.001598,False
702255,2,5,"[1,2]","[2,2,3,3,3]","[[3],[2,3]]",FEASIBLE,FEASIBLE,FEASIBLE,null,0.018793,0.027896,0.001285,False
702256,6,1,"[1,1,1,1,1,1]",[2],"[[0],[0],[0],[0],[0],[0]]",UNSAT,UNSAT,UNSAT,"[0, 1, 2]",0.04192,0.077493,0.002183,False
702257,2,3,"[1,2]","[1,1,2]","[[1],[0,2]]",FEASIBLE,FEASIBLE,FEASIBLE,null,0.014247,0.02782,0.001174,False
702258,6,6,"[2,2,1,2,3,1]","[3,3,2,1,3,3]","[[2,3,5],[0,1,3,5],[2,4],[2,3],[0,1,3,5],[5]]",FEASIBLE,FEASIBLE,FEASIBLE,null,0.455448,0.111924,0.00518,False
702259,4,2,"[1,1,1,1]","[3,1]","[[0],[0,1],[0,1],[1]]",FEASIBLE,FEASIBLE,FEASIBLE,null,0.04563,0.034226,0.001497,False
702260,5,4,"[2,3,1,1,3]","[2,1,2,1]","[[0,2],[0,1,3],[2],[1,2],[0,1,2]]",UNSAT,UNSAT,UNSAT,"[1, 4]",0.054618,0.078777,0.003743,False
702261,4,3,"[3,2,1,3]","[3,3,3]","[[0,1,2],[0,1],[2],[0,1,2]]",FEASIBLE,FEASIBLE,FEASIBLE,null,0.058966,0.168579,0.002066,False
702262,7,4,"[3,1,3,2,3,1,2]","[3,2,1,2]","[[0,1,3],[1],[0,2,3],[0,2,3],[0,1,2,3],[1],[0,1,3]]",UNSAT,UNSAT,UNSAT,"[0, 1, 5]",0.147902,0.099606,0.005454,False
702263,5,2,"[2,1,1,1,2]","[1,1]","[[0,1],[1],[0],[0],[0,1]]",UNSAT,UNSAT,UNSAT,"[0, 1]",0.018456,0.055641,0.002763,False
702264,5,5,"[1,1,1,2,1]","[1,3,1,3,1]","[[3],[0],[3],[1,2,3,4],[1,2,3]]",FEASIBLE,FEASIBLE,FEASIBLE,null,0.24414,0.068031,0.002407,False
702265,7,7,"[2,2,3,1,2,3,3]","[2,2,1,3,1,1,3]","[[0,1,2,3,4,5,6],[2,4],[0,1,2,3,5,6],[0,1,6],[0,1,3,4,5,6],[1,2,3,4,5,6],[1,2,4]]",UNSAT,UNSAT,UNSAT,"[1, 6]",0.196984,0.236823,0.010484,False
702266,1,4,[1],"[2,2,3,2]",[[3]],FEASIBLE,FEASIBLE,FEASIBLE,null,0.009102,0.023345,0.000802,False
702267,6,6,"[2,3,2,1,3,3]","[3,3,3,1,3,3]","[[0,1,2,3,4,5],[1,2,3,5],[1,2,3,4,5],[0],[0,1,2,3,4,5],[0,1,2,4,5]]",FEASIBLE,FEASIBLE,FEASIBLE,null,0.584018,0.148807,0.005499,False
702268,5,5,"[2,1,2,3,2]","[2,1,3,2,2]","[[0,1,3],[0,1,3,4],[0,2,3,4],[0,1,2,3,4],[0,2,3,4]]",FEASIBLE,FEASIBLE,FEASIBLE,null,0.276968,0.101705,0.006064,False
702269,3,7,"[1,1,1]","[3,3,2,1,2,2,2]","[[0,1,2,4],[2],[0,1,2]]",FEASIBLE,FEASIBLE,FEASIBLE,null,0.068715,0.052701,0.002415,False
702270,2,2,"[1,1]","[2,2]","[[1],[0,1]]",FEASIBLE,FEASIBLE,FEASIBLE,null,0.015569,0.041248,0.001226,False
702271,4,1,"[1,1,1,1]",[1],"[[0],[0],[0],[0]]",UNSAT,UNSAT,UNSAT,"[0, 1]",0.015334,0.22423,0.003146,False
702272,7,2,"[1,1,2,1,2,1,2]","[3,1]","[[0],[1],[0,1],[0],[0,1],[1],[0,1]]",UNSAT,UNSAT,UNSAT,"[1, 2]",0.051309,0.08851,0.005127,False
702273,5,2,"[1,1,1,2,1]","[3,3]","[[0,1],[1],[1],[0,1],[0,1]]",FEASIBLE,FEASIBLE,FEASIBLE,null,0.120509,0.054343,0.002032,False
702274,5,7,"[2,1,1,3,1]","[2,1,1,2,2,2,3]","[[2,3,4,5,6],[2,3,6],[2],[2,3,4,5,6],[3]]",FEASIBLE,FEASIBLE,FEASIBLE,null,0.385938,0.110188,0.004612,False
702275,3,1,"[1,1,1]",[3],"[[0],[0],[0]]",FEASIBLE,FEASIBLE,FEASIBLE,null,0.022662,0.034325,0.001242,False
702276,1,3,[1],"[2,1,1]",[[0]],FEASIBLE,FEASIBLE,FEASIBLE,null,0.007787,0.02262,0.000799,False
702277,1,3,[1],"[3,3,1]",[[2]],FEASIBLE,FEASIBLE,FEASIBLE,null,0.007123,0.018529,0.000698,False
702278,5,3,"[2,2,2,1,1]","[1,1,1]","[[0,1,2],[1,2],[0,1,2],[0],[2]]",UNSAT,UNSAT,UNSAT,"[0, 1]",0.030224,0.090166,0.004192,False
702279,5,6,"[1,2,3,3,2]","[2,2,1,2,3,1]","[[0,1,2,5],[0,1,2,3],[0,2,5],[1,2,4,5],[1,5]]",UNSAT,UNSAT,UNSAT,"[2, 3]",0.105106,0.147088,0.008923,False
702280,3,3,"[1,1,3]","[1,1,1]","[[0,1,2],[0,1,2],[0,1,2]]",UNSAT,UNSAT,UNSAT,"[0, 2]",0.025715,0.068216,0.003864,False
702281,3,4,"[2,2,1]","[3,1,3,1]","[[0,2],[0,1,2,3],[0,1]]",FEASIBLE,FEASIBLE,FEASIBLE,null,0.044407,0.048372,0.002244,False
702282,7,4,"[2,1,1,1,1,1,1]","[3,1,2,2]","[[0,1,2],[1],[1,3],[2],[0,1,2],[1,2,3],[0,2]]",FEASIBLE,FEASIBLE,FEASIBLE,null,0.89866,0.113594,0.00434,False
702283,2,2,"[2,1]","[1,1]","[[0,1],[1]]",UNSAT,UNSAT,UNSAT,"[0, 1]",0.015546,0.04969,0.001981,False
702284,4,6,"[1,1,2,3]","[1,2,2,2,1,2]","[[2],[0,3,4,5],[0,1,2,3,4],[0,1,2,3,4,5]]",FEASIBLE,FEASIBLE,FEASIBLE,null,0.1361,0.076412,0.003421,False
702285,7,3,"[1,1,2,2,1,3,1]","[1,2,1]","[[2],[0],[0,2],[0,2],[2],[0,1,2],[0]]",UNSAT,UNSAT,UNSAT,"[0, 2]",0.045278,0.095766,0.004343,False
702286,7,1,"[1,1,1,1,1,1,1]",[3],"[[0],[0],[0],[0],[0],[0],[0]]",UNSAT,UNSAT,UNSAT,"[0, 1, 2, 3]",0.160442,0.080238,0.003093,False
702287,4,3,"[3,1,2,2]","[2,1,2]","[[0,1,2],[2],[0,1,2],[0,2]]",UNSAT,UNSAT,UNSAT,"[0, 1, 2]",0.056225,0.083238,0.003241,False
702288,5,3,"[1,1,2,1,1]","[2,3,1]","[[0],[1,2],[0,1],[0],[0]]",UNSAT,UNSAT,UNSAT,"[0, 2, 3]",0.094184,0.07191,0.003101,False
702289,5,1,"[1,1,1,1,1]",[2],"[[0],[0],[0],[0],[0]]",UNSAT,UNSAT,UNSAT,"[0, 1, 2]",0.041679,0.0624,0.002292,False
702290,2,6,"[3,3]","[1,1,3,1,2,3]","[[0,1,3,4,5],[0,2,3]]",FEASIBLE,FEASIBLE,FEASIBLE,null,0.030116,0.076933,0.002814,False
702291,1,6,[1],"[2,3,3,1,1,2]","[[2,4,5]]",FEASIBLE,FEASIBLE,FEASIBLE,null,0.011591,0.027483,0.001253,False
702292,6,4,"[3,2,1,3,1,2]","[1,2,1,1]","[[0,1,2],[1,2],[1],[0,1,3],[1],[0,3]]",UNSAT,UNSAT,UNSAT,"[0, 1]",0.043696,0.109288,0.004351,False
702293,1,2,[1],"[2,2]",[[1]],FEASIBLE,FEASIBLE,FEASIBLE,null,0.006922,0.02173,0.000818,False
702294,4,4,"[1,1,1,2]","[1,2,3,2]","[[3],[1,3],[1],[1,2,3]]",FEASIBLE,FEASIBLE,FEASIBLE,null,0.09715,0.054953,0.001919,False
702295,1,2,[2],"[3,1]","[[0,1]]",FEASIBLE,FEASIBLE,FEASIBLE,null,0.006864,0.024832,0.000898,False
702296,3,2,"[1,1,1]","[1,1]","[[0],[1],[0,1]]",UNSAT,UNSAT,UNSAT,"[0, 1, 2]",0.030066,0.055461,0.002264,False
702297,5,7,"[2,1,1,1,3]","[2,3,1,2,1,2,3]","[[0,1,2,4,6],[1,5],[2,4],[2,3],[0,1,2,3,4,5,6]]",FEASIBLE,FEASIBLE,FEASIBLE,null,0.328905,0.085932,0.003656,False
702298,1,5,[2],"[1,2,3,2,3]","[[1,3,4]]",FEASIBLE,FEASIBLE,FEASIBLE,null,0.010627,0.0303,0.001289,False
702299,2,1,"[1,1]",[1],"[[0],[0]]",UNSAT,UNSAT,UNSAT,"[0, 1]",0.012118,0.068449,0.001413,False
702300,4,6,"[2,2,1,3]","[3,2,3,2,3,1]","[[0,1],[2,3],[0,4],[0,3,5]]",FEASIBLE,FEASIBLE,FEASIBLE,null,0.134897,0.067755,0.002395,False
702301,6,2,"[1,1,2,2,2,1]","[2,3]","[[0,1],[0,1],[0,1],[0,1],[0,1],[0,1]]",UNSAT,UNSAT,UNSAT,"[2, 3, 4]",0.140781,0.094108,0.00394,False
702302,6,3,"[2,3,2,1,1,1]","[3,3,3]","[[0,1,2],[0,1,2],[0,1],[2],[0,2],[0,1,2]]",UNSAT,UNSAT,UNSAT,"[0, 1, 2, 3, 4, 5]",0.333511,0.114351,0.004611,False
702303,6,3,"[1,1,1,1,1,2]","[3,2,3]","[[1],[0,1],[1],[0,1,2],[1],[0,1,2]]",UNSAT,UNSAT,UNSAT,"[0, 2, 4]",0.134553,0.087386,0.003401,False
702304,1,1,[1],[3],[[0]],FEASIBLE,FEASIBLE,FEASIBLE,null,0.006074,0.020042,0.000725,False
702305,7,5,"[1,3,1,1,1,2,1]","[1,1,2,1,2]","[[0,1,2,3,4],[0,1,3,4],[4],[0,2,3],[0,1,2,3,4],[1,3],[0]]",UNSAT,UNSAT,UNSAT,"[1, 5]",0.122263,0.128351,0.006573,False
702306,5,5,"[1,2,2,1,1]","[3,1,1,3,1]","[[0],[0,1,2,4],[0,2,3,4],[1,3],[0]]",FEASIBLE,FEASIBLE,FEASIBLE,null,0.271904,0.095861,0.003512,False
702307,6,5,"[1,1,1,2,2,1]","[2,1,2,1,2]","[[1],[3],[2,4],[0,1,2,3,4],[0,1,2,3,4],[3,4]]",FEASIBLE,FEASIBLE,FEASIBLE,null,0.503788,0.255349,0.003374,False
702308,6,7,"[2,1,3,3,2,2]","[3,3,3,1,2,2,2]","[[0,1,3,4,5,6],[1],[0,2,5,6],[2,3,4,5,6],[0,1,2,3,4,6],[1,2,5]]",FEASIBLE,FEASIBLE,FEASIBLE,null,0.794721,0.122191,0.004701,False
702309,4,3,"[1,1,1,1]","[3,2,3]","[[0,1,2],[0,2],[0,1],[1]]",FEASIBLE,FEASIBLE,FEASIBLE,null,0.084556,0.062672,0.001739,False
702310,2,3,"[2,3]","[2,1,2]","[[1,2],[0,1,2]]",UNSAT,UNSAT,UNSAT,"[0, 1]",0.017721,0.060765,0.002258,False
702311,1,6,[1],"[1,3,1,2,3,3]","[[2,4]]",FEASIBLE,FEASIBLE,FEASIBLE,null,0.011196,0.027261,0.001053,False
702312,7,1,"[1,1,1,1,1,1,1]",[1],"[[0],[0],[0],[0],[0],[0],[0]]",UNSAT,UNSAT,UNSAT,"[0, 1]",0.02193,0.078099,0.002842,False
702313,7,3,"[3,2,3,1,3,1,1]","[3,2,1]","[[0,1,2],[0,1,2],[0,1,2],[2],[0,1,2],[0,1,2],[0,1]]",UNSAT,UNSAT,UNSAT,"[0, 2]",0.043804,0.121567,0.005151,False
702314,6,5,"[1,2,1,2,1,1]","[1,3,2,1,2]","[[1],[1,2,3],[0,2,3,4],[0,1],[1],[2,3,4]]",FEASIBLE,FEASIBLE,FEASIBLE,null,0.503508,0.139153,0.005124,False
702315,4,3,"[1,1,3,1]","[1,3,3]","[[1,2],[0,1,2],[0,1,2],[1,2]]",FEASIBLE,FEASIBLE,FEASIBLE,null,0.11094,0.084794,0.002777,False
702316,2,4,"[1,1]","[2,3,2,2]","[[2],[0,1,2,3]]",FEASIBLE,FEASIBLE,FEASIBLE,null,0.047816,0.032476,0.001436,False
702317,6,7,"[1,1,1,2,1,1]","[2,3,2,2,2,1,2]","[[0,1,2,4],[0,1,2,3,4,5,6],[6],[0,1,2,3,4,5,6],[6],[1,4]]",FEASIBLE,FEASIBLE,FEASIBLE,null,0.536812,0.080435,0.003924,False
702318,3,5,"[3,1,1]","[3,2,1,1,1]","[[1,2,3],[3],[2,4]]",UNSAT,UNSAT,UNSAT,"[0, 1]",0.024342,0.195124,0.002495,False
702319,1,6,[1],"[1,1,1,2,2,1]","[[1,2,3,4,5]]",FEASIBLE,FEASIBLE,FEASIBLE,null,0.009305,0.023984,0.00132,False
702320,4,1,"[1,1,1,1]",[2],"[[0],[0],[0],[0]]",UNSAT,UNSAT,UNSAT,"[0, 1, 2]",0.023768,0.045064,0.001924,False
702321,1,7,[1],"[2,2,1,2,1,2,1]",[[1]],FEASIBLE,FEASIBLE,FEASIBLE,null,0.009398,0.019847,0.000963,False
702322,3,1,"[1,1,1]",[3],"[[0],[0],[0]]",FEASIBLE,FEASIBLE,FEASIBLE,null,0.016621,0.025856,0.001125,False
702323,2,7,"[3,3]","[1,1,1,2,2,1,2]","[[2,3,4,5,6],[0,1,3,4]]",FEASIBLE,FEASIBLE,FEASIBLE,null,0.025437,0.045975,0.002242,False
702324,7,7,"[2,2,2,1,2,1,1]","[2,2,1,1,3,2,3]","[[5,6],[0,6],[0,2,5,6],[5,6],[3,4,5],[0,1,2,3,4,5,6],[0,1,2,3,4,5,6]]",FEASIBLE,FEASIBLE,FEASIBLE,null,1.110654,0.092694,0.004604,False
702325,7,2,"[1,1,1,1,1,2,1]","[1,3]","[[1],[0,1],[0,1],[0],[1],[0,1],[0]]",UNSAT,UNSAT,UNSAT,"[3, 5]",0.066518,0.074487,0.003537,False
702326,4,6,"[1,1,3,1]","[1,2,3,1,1,2]","[[0,2],[2],[0,1,2,4,5],[0,2,3,5]]",FEASIBLE,FEASIBLE,FEASIBLE,null,0.109255,0.053538,0.002559,False
702327,7,5,"[2,3,1,1,3,1,1]","[1,3,1,3,3]","[[0,2,3],[0,1,2,4],[3,4],[1],[0,1,2,4],[0,4],[0,1,2]]",UNSAT,UNSAT,UNSAT,"[0, 1, 4]",0.172567,0.141072,0.007248,False
702328,6,7,"[3,1,1,1,2,3]","[1,3,2,2,2,2,3]","[[0,1,2,3,4,5,6],[2,5,6],[1,2,3,5],[1,2,3,4,5],[0,3,5,6],[0,2,3]]",FEASIBLE,FEASIBLE,FEASIBLE,null,0.542143,0.234269,0.005638,False
702329,3,5,"[1,1,2]","[3,2,3,2,1]","[[1,2,3,4],[0],[1,4]]",FEASIBLE,FEASIBLE,FEASIBLE,null,0.044171,0.039061,0.001941,False
702330,7,7,"[1,1,1,2,1,1,2]","[3,2,1,2,2,1,1]","[[0,4,6],[0,1,2,3,4,5],[4],[1,2,3,4,5],[4],[6],[2,5]]",FEASIBLE,FEASIBLE,FEASIBLE,null,1.065934,0.109201,0.004719,False
702331,4,6,"[1,1,2,1]","[2,2,2,3,1,3]","[[1,5],[0,2,3,4],[1,2,3,4,5],[0,1,2,3,4]]",FEASIBLE,FEASIBLE,FEASIBLE,null,0.102261,0.050021,0.002903,False
702332,6,4,"[1,2,1,3,2,1]","[2,1,3,2]","[[0,1,3],[1,2],[0,2,3],[0,1,2,3],[0,1,2,3],[1]]",UNSAT,UNSAT,UNSAT,"[1, 5]",0.066477,0.091753,0.00526,False
702333,3,3,"[1,1,1]","[3,2,2]","[[0,1,2],[0,1,2],[2]]",FEASIBLE,FEASIBLE,FEASIBLE,null,0.028487,0.031318,0.001615,False
702334,6,3,"[1,1,2,2,2,1]","[2,1,1]","[[0,1],[0,1,2],[0,1,2],[1,2],[0,1,2],[0,2]]",UNSAT,UNSAT,UNSAT,"[2, 3]",0.05701,0.076864,0.004385,False
702335,1,4,[1],"[3,2,3,3]","[[0,1,2]]",FEASIBLE,FEASIBLE,FEASIBLE,null,0.006674,0.019313,0.001068,False
702336,3,5,"[1,1,1]","[3,1,1,3,2]","[[1],[0,1,4],[3,4]]",FEASIBLE,FEASIBLE,FEASIBLE,null,0.040126,0.032361,0.001733,False
702337,3,7,"[2,2,2]","[1,3,3,3,1,2,2]","[[0,2,3,4,5,6],[1,2,3,4,5,6],[0,1,2,3,4,5,6]]",FEASIBLE,FEASIBLE,FEASIBLE,null,0.054395,0.062162,0.00313,False
702338,7,4,"[2,3,1,3,1,2,2]","[2,1,2,1]","[[0,1,2,3],[0,1,2],[0,2],[0,1,3],[2],[0,2],[0,1,2,3]]",UNSAT,UNSAT,UNSAT,"[1, 3]",0.065703,0.21721,0.005506,False
702339,6,2,"[1,1,1,2,2,1]","[1,3]","[[0,1],[0,1],[0,1],[0,1],[0,1],[1]]",UNSAT,UNSAT,UNSAT,"[3, 4]",0.053517,0.07091,0.003479,False
702340,5,1,"[1,1,1,1,1]",[1],"[[0],[0],[0],[0],[0]]",UNSAT,UNSAT,UNSAT,"[0, 1]",0.013626,0.046971,0.002173,False
702341,1,4,[1],"[1,1,2,3]","[[1,3]]",FEASIBLE,FEASIBLE,FEASIBLE,null,0.006669,0.018488,0.000932,False
702342,3,7,"[1,2,3]","[1,3,3,1,3,2,3]","[[5],[0,1,2,3,4,5],[0,1,2,3,4,6]]",FEASIBLE,FEASIBLE,FEASIBLE,null,0.052552,0.068132,0.003383,False
702343,5,4,"[1,1,1,1,1]","[3,1,2,2]","[[0],[2,3],[0],[2],[3]]",FEASIBLE,FEASIBLE,FEASIBLE,null,0.152145,0.040148,0.002072,False
702344,1,4,[2],"[3,1,3,2]","[[1,3]]",FEASIBLE,FEASIBLE,FEASIBLE,null,0.00672,0.020271,0.001044,False
702345,4,1,"[1,1,1,1]",[2],"[[0],[0],[0],[0]]",UNSAT,UNSAT,UNSAT,"[0, 1, 2]",0.022807,0.04308,0.002271,False
702346,4,2,"[1,2,1,1]","[3,1]","[[0,1],[0,1],[0],[1]]",UNSAT,UNSAT,UNSAT,"[1, 3]",0.02574,0.048884,0.002415,False
702347,4,1,"[1,1,1,1]",[3],"[[0],[0],[0],[0]]",UNSAT,UNSAT,UNSAT,"[0, 1, 2, 3]",0.030247,0.043747,0.001793,False
702348,1,4,[1],"[2,3,3,2]",[[3]],FEASIBLE,FEASIBLE,FEASIBLE,null,0.008128,0.017291,0.000823,False
702349,4,1,"[1,1,1,1]",[1],"[[0],[0],[0],[0]]",UNSAT,UNSAT,UNSAT,"[0, 1]",0.011119,0.04004,0.001556,False
702350,6,5,"[2,1,1,3,2,2]","[2,3,2,3,3]","[[0,1,2,3,4],[0],[3],[0,1,2,3,4],[1,2,3,4],[0,1,3]]",FEASIBLE,FEASIBLE,FEASIBLE,null,0.379601,0.100017,0.004577,False
702351,6,5,"[3,1,1,1,2,1]","[3,3,2,2,3]","[[0,1,2,3,4],[0,1,2,3,4],[0,1,2,3,4],[0,1,4],[0,1,3,4],[0,1,2,4]]",FEASIBLE,FEASIBLE,FEASIBLE,null,0.378739,0.205361,0.004258,False
702352,4,7,"[1,3,1,1]","[1,1,1,2,1,2,3]","[[1,6],[0,1,2,4,5,6],[0],[0,1,2,3,4,5,6]]",FEASIBLE,FEASIBLE,FEASIBLE,null,0.117975,0.078786,0.014066,False
702353,6,3,"[1,1,1,1,2,1]","[2,2,1]","[[1,2],[1],[0],[1],[1,2],[0,1,2]]",UNSAT,UNSAT,UNSAT,"[0, 1, 4]",0.089374,0.066722,0.003479,False
702354,7,5,"[2,2,2,3,2,3,3]","[3,2,2,3,1]","[[1,3],[0,1,2,3,4],[0,1,2,4],[0,1,2,3,4],[0,1,4],[0,1,3],[0,1,2,3,4]]",UNSAT,UNSAT,UNSAT,"[0, 1, 2, 3, 5]",0.588951,0.156549,0.007338,False
702355,5,3,"[2,1,1,1,1]","[3,1,1]","[[1,2],[2],[1],[2],[0,2]]",UNSAT,UNSAT,UNSAT,"[0, 1]",0.023538,0.056847,0.002962,False
702356,7,3,"[3,1,2,1,2,1,2]","[2,2,2]","[[0,1,2],[0],[0,1],[0,1,2],[1,2],[0,2],[0,1,2]]",UNSAT,UNSAT,UNSAT,"[0, 1, 2]",0.103213,0.089773,0.004698,False
702357,7,7,"[1,3,3,1,1,3,3]","[3,3,2,2,1,1,1]","[[0,2,4],[0,1,2,3,4,6],[0,1,2,3,4,5,6],[3],[2,5],[0,2,3,4,5],[0,2,3,4,5,6]]",UNSAT,UNSAT,UNSAT,"[0, 1, 2, 5, 6]",0.850481,0.130172,0.008359,False
702358,5,1,"[1,1,1,1,1]",[2],"[[0],[0],[0],[0],[0]]",UNSAT,UNSAT,UNSAT,"[0, 1, 2]",0.030416,0.046621,0.002135,False
702359,7,7,"[1,2,1,2,1,3,1]","[3,3,2,2,2,1,3]","[[0,2,3,4,5],[1,2,3,5,6],[0,3,6],[0,4],[0,1,2,5],[2,4,5,6],[3]]",FEASIBLE,FEASIBLE,FEASIBLE,null,1.043003,0.205023,0.004535,False
702360,2,4,"[1,3]","[1,1,2,2]","[[0,1,2,3],[1,2,3]]",FEASIBLE,FEASIBLE,FEASIBLE,null,0.016857,0.033459,0.002712,False
702361,4,5,"[1,3,1,3]","[3,3,2,1,1]","[[2],[0,1,2,3,4],[0,1,2,3,4],[0,1,2,3,4]]",FEASIBLE,FEASIBLE,FEASIBLE,null,0.08337,0.0567,0.00341,False
702362,2,4,"[1,1]","[1,2,1,3]","[[2],[0]]",FEASIBLE,FEASIBLE,FEASIBLE,null,0.015598,0.02208,0.001162,False
702363,3,2,"[2,1,2]","[2,1]","[[0,1],[0],[0,1]]",UNSAT,UNSAT,UNSAT,"[0, 2]",0.015126,0.043675,0.002593,False
702364,7,7,"[1,1,1,1,3,1,3]","[3,2,2,1,1,1,2]","[[3,5],[2,5],[0,1,2,3,4,5,6],[0,1,3],[0,1,3,4,6],[1,6],[1,3,4,6]]",FEASIBLE,FEASIBLE,FEASIBLE,null,1.02916,0.114352,0.005628,False
702365,1,6,[1],"[3,2,2,1,2,3]",[[0]],FEASIBLE,FEASIBLE,FEASIBLE,null,0.024514,0.020793,0.000901,False
702366,2,2,"[1,1]","[3,2]","[[1],[1]]",FEASIBLE,FEASIBLE,FEASIBLE,null,0.011338,0.020899,0.000994,False
702367,6,3,"[1,1,1,1,2,1]","[1,2,2]","[[2],[1],[0],[1],[1,2],[0,1,2]]",UNSAT,UNSAT,UNSAT,"[1, 3, 4]",0.125293,0.066181,0.003785,False
702368,3,2,"[1,1,2]","[3,1]","[[1],[0,1],[0,1]]",UNSAT,UNSAT,UNSAT,"[0, 2]",0.015456,0.041309,0.002144,False
702369,7,2,"[2,2,2,2,1,2,1]","[3,2]","[[0,1],[0,1],[0,1],[0,1],[0,1],[0,1],[0]]",UNSAT,UNSAT,UNSAT,"[0, 1, 2]",0.074493,0.076127,0.00393,False
702370,3,6,"[1,2,1]","[3,2,2,3,2,3]","[[0,1,2,3],[0,1,2,3,4,5],[0,1,2,3,4,5]]",FEASIBLE,FEASIBLE,FEASIBLE,null,0.045704,0.047813,0.002899,False
702371,2,5,"[1,1]","[1,3,2,2,3]","[[1],[1,2,4]]",FEASIBLE,FEASIBLE,FEASIBLE,null,0.017877,0.145455,0.00144,False
702372,6,3,"[1,1,2,3,1,1]","[3,1,2]","[[1],[2],[0,1,2],[0,1,2],[1],[1,2]]",UNSAT,UNSAT,UNSAT,"[0, 3]",0.033228,0.07061,0.003686,False
702373,2,4,"[1,2]","[2,2,3,2]","[[1],[1,2]]",FEASIBLE,FEASIBLE,FEASIBLE,null,0.015671,0.025991,0.001173,False
702374,1,7,[1],"[3,2,2,3,2,3,3]",[[6]],FEASIBLE,FEASIBLE,FEASIBLE,null,0.008551,0.017723,0.000943,False
702375,6,7,"[1,1,2,2,1,3]","[2,3,3,2,3,2,3]","[[0,3,4,5,6],[0,3,4,5,6],[0,1,2,3,4,6],[0,3,4,5,6],[6],[0,1,2,4,5,6]]",FEASIBLE,FEASIBLE,FEASIBLE,null,0.598682,0.097965,0.004678,False
702376,7,1,"[1,1,1,1,1,1,1]",[1],"[[0],[0],[0],[0],[0],[0],[0]]",UNSAT,UNSAT,UNSAT,"[0, 1]",0.01663,0.056627,0.002609,False
702377,1,5,[1],"[3,2,3,1,2]","[[1,2,3]]",FEASIBLE,FEASIBLE,FEASIBLE,null,0.007582,0.020069,0.001144,False
702378,6,6,"[1,1,3,1,2,1]","[1,1,1,2,2,1]","[[0,2],[0],[0,2,3,4,5],[5],[0,1,2,3,4,5],[2]]",UNSAT,UNSAT,UNSAT,"[0, 1, 5]",0.151438,0.101981,0.004925,False
702379,3,4,"[1,2,2]","[2,2,3,3]","[[0,1,2,3],[0,1,3],[1,2,3]]",FEASIBLE,FEASIBLE,FEASIBLE,null,0.072257,0.063858,0.00193,False
702380,7,4,"[1,1,1,2,2,1,2]","[1,2,2,2]","[[1],[0,3],[0,1,2,3],[0,3],[0,2],[1],[0,1,2,3]]",UNSAT,UNSAT,UNSAT,"[3, 4]",0.119497,0.116555,0.005216,False
702381,1,7,[3],"[1,1,1,3,1,3,3]","[[1,2,6]]",FEASIBLE,FEASIBLE,FEASIBLE,null,0.011603,0.039058,0.001273,False
702382,4,5,"[1,1,1,2]","[1,1,1,1,1]","[[4],[3,4],[1,2,4],[0,2]]",FEASIBLE,FEASIBLE,FEASIBLE,null,0.098837,0.043887,0.002005,False
702383,4,6,"[1,2,1,1]","[3,1,1,3,2,1]","[[5],[0,1,2,3,4,5],[5],[0,1,2,3,5]]",UNSAT,UNSAT,UNSAT,"[0, 2]",0.036544,0.058392,0.003249,False
702384,1,1,[1],[1],[[0]],FEASIBLE,FEASIBLE,FEASIBLE,null,0.004203,0.014174,0.000679,False
702385,7,1,"[1,1,1,1,1,1,1]",[1],"[[0],[0],[0],[0],[0],[0],[0]]",UNSAT,UNSAT,UNSAT,"[0, 1]",0.015192,0.053731,0.00238,False
702386,6,7,"[2,2,2,1,1,2]","[1,2,3,1,3,2,1]","[[0,4,5],[0,1,3,4,5,6],[0,1,4,5,6],[4],[0,1,2,3,4,5,6],[0,1,2,4,5,6]]",FEASIBLE,FEASIBLE,FEASIBLE,null,0.504279,0.084819,0.004509,False
702387,2,1,"[1,1]",[3],"[[0],[0]]",FEASIBLE,FEASIBLE,FEASIBLE,null,0.00885,0.019616,0.000847,False
702388,4,3,"[1,2,1,1]","[1,2,1]","[[1],[1,2],[1,2],[0,1]]",UNSAT,UNSAT,UNSAT,"[0, 1, 2]",0.039361,0.050941,0.002747,False
702389,2,1,"[1,1]",[1],"[[0],[0]]",UNSAT,UNSAT,UNSAT,"[0, 1]",0.007822,0.028455,0.001308,False
702390,1,7,[3],"[3,3,2,3,1,2,3]","[[1,2,6]]",FEASIBLE,FEASIBLE,FEASIBLE,null,0.008404,0.025911,0.001185,False
702391,4,3,"[1,1,2,1]","[3,1,1]","[[0],[0,1,2],[0,1,2],[2]]",FEASIBLE,FEASIBLE,FEASIBLE,null,0.054342,0.036862,0.001947,False
702392,6,5,"[1,1,1,3,1,3]","[1,1,3,1,3]","[[1,2,3,4],[1],[4],[1,2,3],[4],[0,1,2,3,4]]",UNSAT,UNSAT,UNSAT,"[1, 3]",0.06459,0.095252,0.004949,False
702393,2,3,"[2,1]","[1,3,2]","[[0,1,2],[0,1,2]]",FEASIBLE,FEASIBLE,FEASIBLE,null,0.012695,0.030421,0.001387,False
702394,3,6,"[1,1,2]","[2,3,3,2,2,2]","[[0,4],[0,1,2,3,4,5],[0,1,2,3,4,5]]",FEASIBLE,FEASIBLE,FEASIBLE,null,0.042945,0.041412,0.002771,False
702395,1,7,[1],"[3,1,3,3,2,2,2]","[[3,4,5]]",FEASIBLE,FEASIBLE,FEASIBLE,null,0.008333,0.132404,0.001144,False
702396,3,6,"[2,1,1]","[2,2,3,3,3,3]","[[0,1,2,3,5],[0],[0,2,3,4,5]]",FEASIBLE,FEASIBLE,FEASIBLE,null,0.044643,0.038844,0.002176,False
702397,1,2,[1],"[1,3]",[[0]],FEASIBLE,FEASIBLE,FEASIBLE,null,0.004777,0.014464,0.000728,False
702398,2,1,"[1,1]",[2],"[[0],[0]]",FEASIBLE,FEASIBLE,FEASIBLE,null,0.007918,0.01841,0.000739,False
702399,1,1,[1],[1],[[0]],FEASIBLE,FEASIBLE,FEASIBLE,null,0.003299,0.012754,0.000661,False
702400,4,3,"[2,3,1,1]","[1,1,2]","[[1,2],[0,1,2],[0,1,2],[1]]",UNSAT,UNSAT,UNSAT,"[0, 1]",0.018277,0.059048,0.003216,False
702401,3,6,"[2,2,3]","[1,3,3,1,2,3]","[[0,1,2,3,4,5],[0,1,3,4,5],[0,1,2,3,4,5]]",FEASIBLE,FEASIBLE,FEASIBLE,null,0.044551,0.054529,0.003145,False
702402,4,3,"[3,1,1,1]","[1,3,2]","[[0,1,2],[0],[2],[0,1,2]]",UNSAT,UNSAT,UNSAT,"[0, 1]",0.020562,0.06831,0.002646,False
702403,1,4,[1],"[2,2,3,3]","[[1,2]]",FEASIBLE,FEASIBLE,FEASIBLE,null,0.00674,0.018145,0.000933,False
702404,2,3,"[3,1]","[2,1,1]","[[0,1,2],[0]]",FEASIBLE,FEASIBLE,FEASIBLE,null,0.013019,0.027539,0.001408,False
702405,4,1,"[1,1,1,1]",[2],"[[0],[0],[0],[0]]",UNSAT,UNSAT,UNSAT,"[0, 1, 2]",0.033442,0.042202,0.001716,False
702406,1,2,[1],"[1,1]",[[0]],FEASIBLE,FEASIBLE,FEASIBLE,null,0.004734,0.014714,0.000629,False
702407,3,5,"[3,1,1]","[1,2,2,2,1]","[[0,2,3,4],[0],[4]]",UNSAT,UNSAT,UNSAT,"[0, 1, 2]",0.037913,0.05027,0.002722,False
702408,6,7,"[3,3,3,2,3,3]","[1,1,2,2,3,1,2]","[[1,3,4,5,6],[0,1,2,3,4,5,6],[0,1,2,3,4,5,6],[2,6],[1,2,5,6],[0,1,2,3,4,5,6]]",UNSAT,UNSAT,UNSAT,"[0, 1, 2, 3, 4]",0.410302,0.149324,0.008782,False
702409,5,4,"[1,2,3,1,1]","[3,2,1,1]","[[0,2,3],[0,1,2],[0,1,2,3],[1,3],[0,1,2,3]]",UNSAT,UNSAT,UNSAT,"[0, 1, 2, 3, 4]",0.166592,0.217983,0.004621,False
702410,1,2,[1],"[1,1]",[[0]],FEASIBLE,FEASIBLE,FEASIBLE,null,0.004968,0.014803,0.000654,False
702411,6,7,"[1,2,2,3,1,1]","[3,2,2,1,3,1,2]","[[0,1,2,3,4,5,6],[3,4],[0,1,2,3,4,5,6],[0,1,2,3,4,5,6],[3,4,5,6],[0,1,2,3,4,5,6]]",FEASIBLE,FEASIBLE,FEASIBLE,null,0.549332,0.121597,0.005476,False
702412,6,4,"[1,1,2,2,1,1]","[1,3,3,1]","[[2,3],[2],[2,3],[0,1,2],[0,2,3],[3]]",UNSAT,UNSAT,UNSAT,"[2, 5]",0.088973,0.10247,0.003984,False
702413,6,3,"[3,1,1,1,2,2]","[2,3,1]","[[0,1,2],[0],[2],[0],[0,1,2],[0,1,2]]",UNSAT,UNSAT,UNSAT,"[0, 2]",0.034012,0.09302,0.003852,False
702414,1,5,[2],"[2,2,1,2,3]","[[0,1,3,4]]",FEASIBLE,FEASIBLE,FEASIBLE,null,0.008092,0.030484,0.001311,False
702415,7,2,"[2,1,1,2,2,1,1]","[2,3]","[[0,1],[0],[0],[0,1],[0,1],[0],[0,1]]",UNSAT,UNSAT,UNSAT,"[0, 1, 2]",0.092636,0.085417,0.003685,False
702416,7,3,"[1,1,3,1,3,1,1]","[2,3,3]","[[0],[0,1,2],[0,1,2],[0,1,2],[0,1,2],[0,1],[2]]",UNSAT,UNSAT,UNSAT,"[0, 2, 4]",0.145411,0.11375,0.004904,False
702417,2,1,"[1,1]",[1],"[[0],[0]]",UNSAT,UNSAT,UNSAT,"[0, 1]",0.010123,0.042604,0.001256,False
702418,4,7,"[1,3,1,2]","[3,3,3,2,3,2,3]","[[0,1,4,5,6],[1,2,5,6],[4],[2,3,5]]",FEASIBLE,FEASIBLE,FEASIBLE,null,0.125616,0.074463,0.002768,False
702419,6,3,"[1,2,1,1,3,3]","[1,3,2]","[[0],[0,1],[0,1],[0,1],[0,1,2],[0,1,2]]",UNSAT,UNSAT,UNSAT,"[0, 1]",0.029984,0.268434,0.004069,False
702420,3,1,"[1,1,1]",[2],"[[0],[0],[0]]",UNSAT,UNSAT,UNSAT,"[0, 1, 2]",0.018378,0.038416,0.001705,False
702421,1,6,[1],"[1,2,2,2,1,1]","[[1,3,4,5]]",FEASIBLE,FEASIBLE,FEASIBLE,null,0.008425,0.021448,0.001216,False
702422,4,1,"[1,1,1,1]",[2],"[[0],[0],[0],[0]]",UNSAT,UNSAT,UNSAT,"[0, 1, 2]",0.023353,0.043372,0.001549,False
702423,1,3,[1],"[1,2,2]",[[0]],FEASIBLE,FEASIBLE,FEASIBLE,null,0.006095,0.016489,0.000833,False
702424,6,2,"[1,1,1,1,2,1]","[1,1]","[[0,1],[1],[0,1],[0],[0,1],[0,1]]",UNSAT,UNSAT,UNSAT,"[0, 4]",0.028767,0.064466,0.003117,False
702425,6,3,"[3,2,1,2,1,1]","[2,2,2]","[[0,1,2],[0,2],[0,1,2],[1,2],[0,1,2],[1,2]]",UNSAT,UNSAT,UNSAT,"[0, 1, 3]",0.082328,0.085219,0.004334,False
702426,6,3,"[1,2,1,1,2,1]","[2,2,2]","[[0,1,2],[0,2],[0,1,2],[2],[0,1],[1]]",UNSAT,UNSAT,UNSAT,"[0, 1, 2, 3, 4]",0.248529,0.086337,0.003754,False
702427,1,4,[1],"[1,3,2,2]","[[0,2,3]]",FEASIBLE,FEASIBLE,FEASIBLE,null,0.007764,0.034584,0.000906,False
702428,2,1,"[1,1]",[2],"[[0],[0]]",FEASIBLE,FEASIBLE,FEASIBLE,null,0.008577,0.020618,0.000709,False
702429,3,7,"[1,1,1]","[1,3,3,2,2,3,2]","[[2,4],[0,3],[1]]",FEASIBLE,FEASIBLE,FEASIBLE,null,0.046386,0.031002,0.001676,False
702430,6,7,"[2,1,3,2,2,3]","[1,2,3,2,3,1,1]","[[0,2,3,4,5],[6],[0,1,2,3,4,5,6],[5,6],[2,3,4,6],[0,2,3,5,6]]",UNSAT,UNSAT,UNSAT,"[1, 3]",0.087402,0.14601,0.006847,False
702431,2,7,"[1,1]","[3,3,1,1,2,2,2]","[[1,3,4,6],[0,4,6]]",FEASIBLE,FEASIBLE,FEASIBLE,null,0.021441,0.032368,0.001753,False
702432,5,3,"[1,2,3,1,2]","[3,2,3]","[[2],[0,2],[0,1,2],[0,1],[0,1,2]]",UNSAT,UNSAT,UNSAT,"[0, 1, 2, 3, 4]",0.109957,0.287717,0.00359,False
702433,5,4,"[2,3,1,2,2]","[1,3,3,2]","[[1,3],[1,2,3],[3],[0,1,2,3],[0,1,3]]",UNSAT,UNSAT,UNSAT,"[0, 1, 2]",0.064595,0.094241,0.005125,False
702434,1,1,[1],[2],[[0]],FEASIBLE,FEASIBLE,FEASIBLE,null,0.007585,0.013487,0.000602,False
702435,4,7,"[1,1,1,3]","[1,2,3,3,1,3,3]","[[2],[0,4,6],[0,1,2,3,5],[0,4,5,6]]",FEASIBLE,FEASIBLE,FEASIBLE,null,0.100294,0.047526,0.002751,False
702436,6,2,"[1,1,2,1,1,1]","[3,3]","[[1],[1],[0,1],[1],[0,1],[0]]",UNSAT,UNSAT,UNSAT,"[0, 1, 2, 3]",0.104535,0.054091,0.003027,False
702437,1,7,[1],"[2,1,1,2,3,3,2]","[[1,5]]",FEASIBLE,FEASIBLE,FEASIBLE,null,0.008065,0.01835,0.001012,False
702438,5,3,"[1,2,2,1,1]","[3,2,3]","[[0],[0,1,2],[0,1,2],[2],[0,2]]",FEASIBLE,FEASIBLE,FEASIBLE,null,0.120822,0.046931,0.002162,False
702439,5,2,"[1,2,2,2,2]","[2,2]","[[1],[0,1],[0,1],[0,1],[0,1]]",UNSAT,UNSAT,UNSAT,"[0, 1, 2]",0.039812,0.056578,0.003052,False
702440,4,1,"[1,1,1,1]",[1],"[[0],[0],[0],[0]]",UNSAT,UNSAT,UNSAT,"[0, 1]",0.010182,0.036135,0.001596,False
702441,4,3,"[1,2,3,1]","[1,3,1]","[[1],[0,2],[0,1,2],[1,2]]",UNSAT,UNSAT,UNSAT,"[1, 2]",0.026905,0.049232,0.002758,False
702442,7,3,"[2,1,1,1,2,1,3]","[1,2,1]","[[1,2],[1,2],[1],[2],[0,1,2],[0,1,2],[0,1,2]]",UNSAT,UNSAT,UNSAT,"[0, 3]",0.045017,0.075824,0.004417,False
702443,5,4,"[1,3,3,1,1]","[1,3,1,3]","[[0,1,2,3],[0,1,2,3],[0,1,2,3],[0,1,2,3],[1,2,3]]",UNSAT,UNSAT,UNSAT,"[0, 1, 2, 3, 4]",0.167217,0.101037,0.005054,False
702444,3,6,"[1,2,1]","[2,2,2,1,1,2]","[[0,1,2],[0,1,4,5],[1]]",FEASIBLE,FEASIBLE,FEASIBLE,null,0.042272,0.033812,0.001863,False
702445,3,5,"[2,3,2]","[1,1,2,2,3]","[[0,1,2,3,4],[1,2,3,4],[0,2]]",FEASIBLE,FEASIBLE,FEASIBLE,null,0.037328,0.059312,0.003147,False
702446,5,7,"[2,1,2,1,2]","[3,1,1,3,1,1,2]","[[2,6],[4],[1,2,4,5],[0,1,2,3,4,5,6],[1,2,3,5]]",UNSAT,UNSAT,UNSAT,"[0, 1, 2, 4]",0.21349,0.094366,0.005381,False
702447,5,7,"[1,2,1,2,2]","[1,1,1,2,2,2,2]","[[3,4],[0,2,4,5,6],[2,4],[3,4,5],[0,1,2,3,4,5,6]]",FEASIBLE,FEASIBLE,FEASIBLE,null,0.21429,0.063441,0.003653,False
702448,6,7,"[2,1,2,1,1,3]","[2,1,1,3,3,2,3]","[[2,4],[0,1,2,4,5],[1,3],[5],[3,6],[0,2,3,5,6]]",FEASIBLE,FEASIBLE,FEASIBLE,null,0.449673,0.06328,0.003634,False
702449,7,5,"[1,1,1,2,3,1,1]","[1,3,3,2,3]","[[4],[2],[1,2,3,4],[1,2],[0,1,2,3,4],[3],[4]]",FEASIBLE,FEASIBLE,FEASIBLE,null,0.651084,0.059245,0.003287,False
702450,2,1,"[1,1]",[2],"[[0],[0]]",FEASIBLE,FEASIBLE,FEASIBLE,null,0.007535,0.016621,0.000694,False
702451,4,4,"[1,1,1,1]","[3,2,2,2]","[[0],[1,2],[1,3],[1,2]]",FEASIBLE,FEASIBLE,FEASIBLE,null,0.060666,0.032104,0.001838,False
702452,1,1,[1],[3],[[0]],FEASIBLE,FEASIBLE,FEASIBLE,null,0.004412,0.0154,0.000602,False
702453,2,7,"[1,2]","[3,1,2,1,1,3,3]","[[0,2,5],[1,5,6]]",FEASIBLE,FEASIBLE,FEASIBLE,null,0.021015,0.03199,0.001766,False
702454,6,1,"[1,1,1,1,1,1]",[2],"[[0],[0],[0],[0],[0],[0]]",UNSAT,UNSAT,UNSAT,"[0, 1, 2]",0.034938,0.048178,0.002434,False
702455,5,2,"[1,1,1,1,1]","[2,2]","[[1],[0],[0],[0,1],[0,1]]",UNSAT,UNSAT,UNSAT,"[0, 1, 2, 3, 4]",0.186748,0.049216,0.002794,False
702456,1,7,[1],"[1,2,1,3,1,2,2]","[[0,1,2,3,4,5,6]]",FEASIBLE,FEASIBLE,FEASIBLE,null,0.008272,0.023016,0.00162,False
702457,7,1,"[1,1,1,1,1,1,1]",[2],"[[0],[0],[0],[0],[0],[0],[0]]",UNSAT,UNSAT,UNSAT,"[0, 1, 2]",0.046048,0.049522,0.002327,False
702458,5,1,"[1,1,1,1,1]",[2],"[[0],[0],[0],[0],[0]]",UNSAT,UNSAT,UNSAT,"[0, 1, 2]",0.026052,0.040311,0.001958,False
702459,7,6,"[1,3,3,1,2,1,2]","[2,2,1,1,1,3]","[[0,1,3,5],[0,3,4],[0,2,3,5],[1,3,4,5],[1,2,3,4,5],[0,3],[0,1,2,3,4]]",UNSAT,UNSAT,UNSAT,"[1, 2, 5]",0.256134,0.141323,0.008821,False
702460,7,4,"[1,1,1,1,1,1,3]","[3,1,2,2]","[[0],[0,1,2,3],[0,1,2,3],[0,1,2,3],[0,1,2],[3],[0,1,2,3]]",UNSAT,UNSAT,UNSAT,"[0, 1, 2, 3, 4, 5, 6]",0.54964,0.084004,0.006826,False
702461,4,7,"[1,1,1,1]","[1,1,2,2,3,2,3]","[[1],[1],[0,4,6],[1,2,3,4,6]]",UNSAT,UNSAT,UNSAT,"[0, 1]",0.030807,0.046267,0.003072,False
702462,1,3,[1],"[1,3,1]","[[0,2]]",FEASIBLE,FEASIBLE,FEASIBLE,null,0.005037,0.01419,0.0021,False
702463,1,2,[1],"[1,3]","[[0,1]]",FEASIBLE,FEASIBLE,FEASIBLE,null,0.004023,0.013073,0.001119,False
702464,7,2,"[2,1,1,1,1,1,1]","[3,3]","[[0,1],[0],[1],[1],[0],[0],[0]]",UNSAT,UNSAT,UNSAT,"[0, 1, 4, 5]",0.168154,0.054853,0.004727,False
702465,4,7,"[2,2,1,3]","[3,1,1,3,3,2,3]","[[0,1],[0,1,2,3,4,5,6],[0,1,2,3,4,5,6],[1,2,3,4]]",FEASIBLE,FEASIBLE,FEASIBLE,null,0.098014,0.168382,0.005303,False
702466,5,3,"[2,1,2,1,2]","[3,1,3]","[[1,2],[0,2],[0,1],[1],[0,1,2]]",UNSAT,UNSAT,UNSAT,"[0, 2]",0.036483,0.057271,0.003931,False
702467,2,2,"[2,1]","[1,2]","[[0,1],[0]]",UNSAT,UNSAT,UNSAT,"[0, 1]",0.009865,0.030347,0.001984,False
702468,2,3,"[1,1]","[3,3,1]","[[1],[0,1,2]]",FEASIBLE,FEASIBLE,FEASIBLE,null,0.011748,0.02065,0.001397,False
702469,5,7,"[1,1,1,2,1]","[3,1,1,2,1,1,2]","[[0,1,3,4],[6],[1],[4,6],[6]]",UNSAT,UNSAT,UNSAT,"[1, 3, 4]",0.149202,0.052299,0.003779,False
702470,5,6,"[1,3,3,2,1]","[3,2,2,1,2,3]","[[2,4],[0,1,2,3,4,5],[1,2,4,5],[2,3,4],[2,3]]",FEASIBLE,FEASIBLE,FEASIBLE,null,0.17993,0.100182,0.004879,False
702471,3,6,"[2,3,3]","[1,2,2,2,1,3]","[[2,5],[0,4,5],[1,4,5]]",UNSAT,UNSAT,UNSAT,"[1, 2]",0.03453,0.056078,0.003136,False
702472,5,2,"[1,1,1,1,2]","[1,2]","[[1],[0],[0],[0],[0,1]]",UNSAT,UNSAT,UNSAT,"[1, 2]",0.024513,0.05581,0.002913,False
702473,6,6,"[1,3,2,1,3,1]","[3,3,3,2,1,1]","[[0],[1,2,3,4,5],[0,1,2,3,4,5],[3],[0,1,2,4,5],[3]]",FEASIBLE,FEASIBLE,FEASIBLE,null,0.38689,0.077134,0.004849,False
702474,6,3,"[1,1,1,2,1,1]","[3,1,3]","[[0,1,2],[0,1,2],[2],[0,2],[0,2],[0,1]]",FEASIBLE,FEASIBLE,FEASIBLE,null,0.250591,0.056577,0.002894,False
702475,6,5,"[1,1,2,1,1,2]","[1,3,3,2,3]","[[2,4],[0,1,2,3,4],[2,4],[2],[0],[1,2]]",FEASIBLE,FEASIBLE,FEASIBLE,null,0.336602,0.077387,0.003775,False
702476,2,2,"[1,1]","[3,2]","[[0],[0]]",FEASIBLE,FEASIBLE,FEASIBLE,null,0.009695,0.131349,0.001001,False
702477,4,1,"[1,1,1,1]",[2],"[[0],[0],[0],[0]]",UNSAT,UNSAT,UNSAT,"[0, 1, 2]",0.019893,0.037671,0.002361,False
702478,2,1,"[1,1]",[3],"[[0],[0]]",FEASIBLE,FEASIBLE,FEASIBLE,null,0.007513,0.017227,0.000751,False
702479,6,3,"[3,2,1,2,2,1]","[1,1,2]","[[0,1,2],[1,2],[2],[0,1,2],[1,2],[1,2]]",UNSAT,UNSAT,UNSAT,"[0, 1]",0.022506,0.067203,0.004742,False
702480,5,2,"[2,1,1,1,1]","[3,2]","[[0,1],[1],[0],[0,1],[0]]",UNSAT,UNSAT,UNSAT,"[0, 1, 2, 3, 4]",0.07875,0.049578,0.003144,False
702481,2,5,"[3,2]","[1,3,1,1,3]","[[1,2,4],[0,2,3,4]]",FEASIBLE,FEASIBLE,FEASIBLE,null,0.016243,0.034326,0.002039,False
702482,4,6,"[1,2,1,1]","[2,2,2,3,1,1]","[[1],[0,5],[3],[0,2,3,4,5]]",FEASIBLE,FEASIBLE,FEASIBLE,null,0.084831,0.037432,0.002232,False
702483,3,4,"[2,1,3]","[1,1,2,2]","[[0,1,2,3],[3],[0,1,2]]",FEASIBLE,FEASIBLE,FEASIBLE,null,0.029705,0.051008,0.002788,False
702484,4,6,"[2,3,1,3]","[3,1,1,2,2,2]","[[0,4],[0,2,3,4,5],[2],[0,2,3,4,5]]",FEASIBLE,FEASIBLE,FEASIBLE,null,0.085786,0.069989,0.003667,False
702485,7,5,"[2,1,2,2,3,1,1]","[3,1,2,1,1]","[[1,2,4],[1,3,4],[0,1],[0,1,2,3,4],[0,1,2,3],[2,3],[1]]",UNSAT,UNSAT,UNSAT,"[2, 6]",0.102985,0.114768,0.008017,False
702486,4,4,"[1,1,1,2]","[2,1,1,1]","[[3],[0,1,2,3],[1],[0,1,2,3]]",FEASIBLE,FEASIBLE,FEASIBLE,null,0.062293,0.038874,0.002087,False
702487,2,7,"[1,1]","[2,2,2,1,3,3,2]","[[0,1,2,3,4,5,6],[5]]",FEASIBLE,FEASIBLE,FEASIBLE,null,0.020188,0.030189,0.001963,False
702488,7,6,"[1,2,2,2,3,2,2]","[1,2,2,2,3,3]","[[2],[1,4],[0,4,5],[0,1,3,4,5],[0,1,2,3,5],[0,2,3,4],[0,1,2,4,5]]",UNSAT,UNSAT,UNSAT,"[0, 1, 2, 3, 4, 5, 6]",0.776429,0.235148,0.009714,False
702489,5,5,"[1,3,1,1,1]","[3,1,3,3,2]","[[1,3],[1,2,3,4],[2],[2],[1,3]]",FEASIBLE,FEASIBLE,FEASIBLE,null,0.151144,0.044204,0.00337,False
702490,3,2,"[1,1,2]","[2,2]","[[0,1],[0],[0,1]]",FEASIBLE,FEASIBLE,FEASIBLE,null,0.018776,0.035229,0.002229,False
702491,3,4,"[3,1,1]","[3,3,2,3]","[[0,2,3],[0,3],[0]]",FEASIBLE,FEASIBLE,FEASIBLE,null,0.028674,0.030573,0.001872,False
702492,1,6,[3],"[1,2,3,2,1,3]","[[0,1,2,3,4]]",FEASIBLE,FEASIBLE,FEASIBLE,null,0.006806,0.02325,0.001536,False
702493,2,4,"[1,3]","[3,3,2,2]","[[1],[0,1,3]]",FEASIBLE,FEASIBLE,FEASIBLE,null,0.013267,0.02544,0.001464,False
702494,4,3,"[1,1,3,1]","[1,2,3]","[[0],[2],[0,1,2],[1,2]]",UNSAT,UNSAT,UNSAT,"[0, 2]",0.019143,0.044371,0.003138,False
702495,3,7,"[3,2,1]","[3,3,1,1,1,3,2]","[[0,1,3,4,5,6],[0,1,2,3,4,5,6],[0,1,2,3,4,5,6]]",FEASIBLE,FEASIBLE,FEASIBLE,null,0.058567,0.0468,0.003523,False
702496,5,3,"[1,3,1,1,1]","[2,1,3]","[[1],[0,1,2],[0],[1],[0,1,2]]",UNSAT,UNSAT,UNSAT,"[0, 1]",0.019144,0.051812,0.003164,False
702497,1,5,[2],"[3,3,3,2,2]","[[2,3,4]]",FEASIBLE,FEASIBLE,FEASIBLE,null,0.006173,0.019093,0.001222,False
702498,4,6,"[1,3,1,1]","[3,1,3,2,3,1]","[[3],[0,1,2,3,4,5],[1,3],[1,5]]",FEASIBLE,FEASIBLE,FEASIBLE,null,0.081456,0.043979,0.002536,False
702499,6,3,"[1,1,2,1,2,1]","[3,3,2]","[[1],[0,1,2],[1,2],[0,2],[0,2],[0]]",FEASIBLE,FEASIBLE,FEASIBLE,null,0.205074,0.149335,0.003035,False
702500,1,7,[3],"[3,2,2,2,1,3,3]","[[2,4,5]]",FEASIBLE,FEASIBLE,FEASIBLE,null,0.045261,0.028255,0.001302,False
702501,5,2,"[2,2,1,1,1]","[3,3]","[[0,1],[0,1],[1],[0],[1]]",UNSAT,UNSAT,UNSAT,"[0, 1, 2, 4]",0.100473,0.051256,0.002783,False
702502,6,6,"[2,1,2,3,1,1]","[3,1,2,2,2,1]","[[3,4],[4],[0,1,2,4,5],[1,2,4],[1,2,3,4,5],[0,3]]",UNSAT,UNSAT,UNSAT,"[0, 1, 3]",0.145369,0.097042,0.005707,False
702503,3,7,"[1,3,2]","[1,2,2,2,2,2,3]","[[1,3],[0,2,3,4,5],[0,1,2,3,5]]",FEASIBLE,FEASIBLE,FEASIBLE,null,0.044156,0.041518,0.002664,False
702504,5,1,"[1,1,1,1,1]",[3],"[[0],[0],[0],[0],[0]]",UNSAT,UNSAT,UNSAT,"[0, 1, 2, 3]",0.041387,0.041103,0.002573,False
702505,5,4,"[1,2,1,1,2]","[3,1,2,1]","[[0,1],[0,1,2],[0],[1],[0,1,2,3]]",FEASIBLE,FEASIBLE,FEASIBLE,null,0.125232,0.061585,0.003287,False
702506,1,5,[1],"[3,1,1,1,2]","[[0,1,2,3,4]]",FEASIBLE,FEASIBLE,FEASIBLE,null,0.009423,0.036589,0.001266,False
702507,5,1,"[1,1,1,1,1]",[1],"[[0],[0],[0],[0],[0]]",UNSAT,UNSAT,UNSAT,"[0, 1]",0.015141,0.052651,0.002242,False
702508,7,2,"[1,1,2,2,2,2,1]","[1,2]","[[0],[0],[0,1],[0,1],[0,1],[0,1],[1]]",UNSAT,UNSAT,UNSAT,"[0, 1]",0.019525,0.061032,0.003957,False
702509,5,7,"[3,3,1,3,1]","[1,2,1,2,2,3,3]","[[0,4,5,6],[0,1,2,3,4,5,6],[0,1,2,3,4,5,6],[1,2,3,4,5,6],[0,1,2,3,4,5,6]]",FEASIBLE,FEASIBLE,FEASIBLE,null,0.195724,0.079998,0.008702,False
702510,7,4,"[1,2,2,1,2,2,1]","[3,3,1,1]","[[1],[0,1,2,3],[0,1,2,3],[2,3],[1,2,3],[2,3],[0,1,2,3]]",UNSAT,UNSAT,UNSAT,"[3, 5]",0.109325,0.221414,0.005777,False
702511,3,1,"[1,1,1]",[3],"[[0],[0],[0]]",FEASIBLE,FEASIBLE,FEASIBLE,null,0.01467,0.021812,0.001124,False
702512,3,3,"[1,3,1]","[1,2,2]","[[0,1],[0,1,2],[1]]",UNSAT,UNSAT,UNSAT,"[0, 1, 2]",0.02338,0.042048,0.002639,False
702513,3,1,"[1,1,1]",[3],"[[0],[0],[0]]",FEASIBLE,FEASIBLE,FEASIBLE,null,0.013085,0.022001,0.001068,False
702514,3,4,"[1,1,3]","[3,1,2,3]","[[1,2,3],[3],[1,2,3]]",FEASIBLE,FEASIBLE,FEASIBLE,null,0.028335,0.041541,0.002277,False
702515,7,2,"[2,1,1,1,2,2,1]","[2,2]","[[0,1],[0,1],[1],[0],[0,1],[0,1],[1]]",UNSAT,UNSAT,UNSAT,"[0, 1, 4]",0.068695,0.060655,0.00379,False
702516,4,4,"[3,1,3,1]","[3,1,3,3]","[[1,2,3],[0,1],[0,1,2,3],[2]]",FEASIBLE,FEASIBLE,FEASIBLE,null,0.059467,0.042953,0.002323,False
702517,7,4,"[1,1,3,1,2,1,1]","[1,2,1,2]","[[0,2,3],[0],[0,1,2,3],[3],[0,1,2,3],[0,1,2,3],[1,3]]",UNSAT,UNSAT,UNSAT,"[0, 1, 2, 3]",0.243653,0.099485,0.005683,False
702518,7,2,"[1,1,1,2,1,2,2]","[1,3]","[[0,1],[1],[0],[0,1],[0,1],[0,1],[0,1]]",UNSAT,UNSAT,UNSAT,"[2, 3]",0.042376,0.061501,0.003803,False
702519,4,2,"[1,1,1,2]","[2,3]","[[0],[0],[0,1],[0,1]]",UNSAT,UNSAT,UNSAT,"[0, 1, 3]",0.028431,0.042174,0.002445,False
702520,1,1,[1],[2],[[0]],FEASIBLE,FEASIBLE,FEASIBLE,null,0.003505,0.011919,0.000716,False
702521,1,3,[2],"[1,2,2]","[[0,1]]",FEASIBLE,FEASIBLE,FEASIBLE,null,0.00458,0.015676,0.000884,False
702522,3,3,"[1,1,1]","[3,3,3]","[[1],[0,1,2],[0]]",FEASIBLE,FEASIBLE,FEASIBLE,null,0.02304,0.023458,0.001418,False
702523,5,7,"[1,1,3,1,1]","[1,3,2,1,1,1,2]","[[0,1,2,3,4,5,6],[0,1,3,4,6],[0,1,2,4,5,6],[4],[0,1,2,3,4,5]]",FEASIBLE,FEASIBLE,FEASIBLE,null,0.19644,0.182518,0.005174,False
702524,5,4,"[2,1,1,1,2]","[2,3,3,3]","[[1,2,3],[0],[3],[1,3],[0,1,2,3]]",FEASIBLE,FEASIBLE,FEASIBLE,null,0.128131,0.043289,0.002448,False
702525,7,6,"[2,2,1,1,1,1,1]","[3,1,1,3,1,3]","[[3,4],[0,1,2,3,4,5],[4,5],[2,5],[2,3],[3],[1]]",FEASIBLE,FEASIBLE,FEASIBLE,null,0.719828,0.09559,0.004818,False
702526,5,2,"[1,1,2,1,1]","[2,1]","[[0],[0],[0,1],[0,1],[0,1]]",UNSAT,UNSAT,UNSAT,"[0, 1, 2]",0.037051,0.048552,0.002951,False
702527,7,6,"[2,3,2,2,1,2,2]","[3,3,2,3,2,2]","[[0,1,2,3,4,5],[1,2,3,4],[0,1,2,3,4,5],[0,1,2,3,4],[2],[0,1,2,4],[1,3]]",FEASIBLE,FEASIBLE,FEASIBLE,null,0.731992,0.101377,0.006101,False
702528,6,7,"[2,1,2,2,3,1]","[2,3,2,3,3,2,2]","[[0,1],[0,2,3,4,5,6],[1,6],[0,3,5],[2,3,4,5,6],[5]]",FEASIBLE,FEASIBLE,FEASIBLE,null,0.402988,0.060243,0.003858,False
702529,5,7,"[3,3,2,1,3]","[2,2,2,2,3,2,2]","[[0,1,2,3,4,5,6],[0,1,3,4,5,6],[1,3],[2,4,5,6],[0,1,4,5]]",FEASIBLE,FEASIBLE,FEASIBLE,null,0.20461,0.085471,0.005136,False
702530,5,4,"[3,1,1,1,1]","[2,1,2,1]","[[1,2,3],[3],[0,1],[2],[1,2]]",UNSAT,UNSAT,UNSAT,"[0, 1]",0.022807,0.06947,0.003408,False
702531,2,2,"[1,1]","[2,3]","[[0,1],[0]]",FEASIBLE,FEASIBLE,FEASIBLE,null,0.009397,0.109595,0.001018,False
702532,2,1,"[1,1]",[3],"[[0],[0]]",FEASIBLE,FEASIBLE,FEASIBLE,null,0.007463,0.016558,0.000798,False
702533,6,7,"[3,1,2,1,3,1]","[2,3,3,2,3,1,3]","[[0,1,2,3,4,5,6],[0],[0,2,6],[6],[1,2,3,5,6],[1,6]]",FEASIBLE,FEASIBLE,FEASIBLE,null,0.406194,0.059476,0.003683,False
702534,6,6,"[3,2,1,2,1,2]","[1,1,3,1,3,3]","[[0,1,2,3,4,5],[0,1,2,3,4,5],[0],[0,1,2,3,4,5],[2,3],[2,3,5]]",FEASIBLE,FEASIBLE,FEASIBLE,null,0.378848,0.094801,0.005273,False
702535,4,7,"[1,1,3,2]","[1,1,2,2,2,2,3]","[[4],[0,1,2,3,4,5,6],[0,3,4],[0,1,4]]",UNSAT,UNSAT,UNSAT,"[0, 2, 3]",0.076889,0.074366,0.005285,False
702536,3,5,"[3,1,1]","[2,3,2,3,1]","[[1,2,3,4],[0,1,2,3,4],[1]]",FEASIBLE,FEASIBLE,FEASIBLE,null,0.039068,0.039955,0.002209,False
702537,7,3,"[1,1,1,2,1,1,1]","[3,2,1]","[[2],[0,2],[0,1,2],[1,2],[0],[1,2],[2]]",UNSAT,UNSAT,UNSAT,"[0, 3]",0.035786,0.061717,0.003605,False
702538,2,2,"[1,1]","[2,3]","[[1],[0,1]]",FEASIBLE,FEASIBLE,FEASIBLE,null,0.009028,0.018563,0.001022,False
702539,1,1,[1],[3],[[0]],FEASIBLE,FEASIBLE,FEASIBLE,null,0.003276,0.011348,0.000684,False
702540,6,1,"[1,1,1,1,1,1]",[2],"[[0],[0],[0],[0],[0],[0]]",UNSAT,UNSAT,UNSAT,"[0, 1, 2]",0.032509,0.059822,0.002716,False
702541,6,2,"[1,1,2,1,1,1]","[1,3]","[[0,1],[0],[0,1],[0],[1],[1]]",UNSAT,UNSAT,UNSAT,"[1, 2]",0.027357,0.050913,0.003279,False
702542,6,3,"[1,2,1,1,1,1]","[3,3,3]","[[1,2],[0,1],[0,1],[2],[1],[0,1]]",FEASIBLE,FEASIBLE,FEASIBLE,null,0.19884,0.06126,0.002278,False
702543,1,4,[2],"[3,3,3,1]","[[1,3]]",FEASIBLE,FEASIBLE,FEASIBLE,null,0.005879,0.119213,0.001074,False
702544,3,7,"[3,3,2]","[3,1,1,1,1,2,3]","[[0,1,2,4,5,6],[0,3,4,5,6],[0,1,2,3,4,5,6]]",FEASIBLE,FEASIBLE,FEASIBLE,null,0.04453,0.050814,0.003441,False
702545,3,2,"[2,2,2]","[2,3]","[[0,1],[0,1],[0,1]]",UNSAT,UNSAT,UNSAT,"[0, 1, 2]",0.017539,0.040393,0.002214,False
702546,3,3,"[2,1,1]","[1,2,1]","[[0,1,2],[1],[0,2]]",FEASIBLE,FEASIBLE,FEASIBLE,null,0.022483,0.027393,0.001571,False
702547,5,7,"[2,2,2,1,3]","[2,1,1,1,2,2,3]","[[0,1,2,3,4,5,6],[0,1,3,4,5,6],[0,2,3,5],[0,1,2,4,5],[0,1,2,3,4,5,6]]",FEASIBLE,FEASIBLE,FEASIBLE,null,0.192268,0.073458,0.005024,False
702548,1,1,[1],[2],[[0]],FEASIBLE,FEASIBLE,FEASIBLE,null,0.003304,0.0117,0.000634,False
702549,3,5,"[3,2,3]","[1,1,1,3,1]","[[2,3,4],[0,1,3,4],[1,2,3]]",UNSAT,UNSAT,UNSAT,"[0, 2]",0.022902,0.063893,0.003822,False
702550,1,3,[2],"[3,1,3]","[[0,1,2]]",FEASIBLE,FEASIBLE,FEASIBLE,null,0.004711,0.017539,0.001028,False
702551,7,1,"[1,1,1,1,1,1,1]",[2],"[[0],[0],[0],[0],[0],[0],[0]]",UNSAT,UNSAT,UNSAT,"[0, 1, 2]",0.042067,0.046343,0.00283,False
702552,4,1,"[1,1,1,1]",[1],"[[0],[0],[0],[0]]",UNSAT,UNSAT,UNSAT,"[0, 1]",0.009023,0.032419,0.001864,False
702553,4,4,"[2,1,1,1]","[1,1,1,3]","[[0,1,2,3],[3],[0],[0,3]]",FEASIBLE,FEASIBLE,FEASIBLE,null,0.056577,0.044404,0.002495,False
702554,3,4,"[3,1,3]","[3,1,3,3]","[[1,2,3],[2],[0,1,2,3]]",FEASIBLE,FEASIBLE,FEASIBLE,null,0.027252,0.036236,0.002039,False
702555,4,2,"[2,1,1,2]","[2,2]","[[0,1],[0,1],[0],[0,1]]",UNSAT,UNSAT,UNSAT,"[0, 1, 3]",0.028642,0.047003,0.002576,False
702556,5,1,"[1,1,1,1,1]",[2],"[[0],[0],[0],[0],[0]]",UNSAT,UNSAT,UNSAT,"[0, 1, 2]",0.024743,0.134761,0.002062,False
702557,6,7,"[2,1,3,1,1,1]","[3,1,3,2,1,2,3]","[[0,1,3,4,6],[0,1,4],[0,1,4],[0,2],[1,3],[0,1,2,4,5,6]]",FEASIBLE,FEASIBLE,FEASIBLE,null,0.404284,0.074547,0.00492,False
702558,4,2,"[1,2,1,2]","[2,3]","[[0],[0,1],[1],[0,1]]",UNSAT,UNSAT,UNSAT,"[0, 1, 3]",0.028328,0.042097,0.002217,False
702559,3,7,"[1,1,2]","[3,2,3,1,1,3,3]","[[1],[2,3],[0,1,2,5,6]]",FEASIBLE,FEASIBLE,FEASIBLE,null,0.042736,0.031202,0.00216,False
702560,2,6,"[2,1]","[1,3,1,1,1,3]","[[0,1,3],[0,1,2,3,4,5]]",FEASIBLE,FEASIBLE,FEASIBLE,null,0.01696,0.028239,0.001998,False
702561,6,5,"[1,1,3,3,3,1]","[3,1,2,2,2]","[[0],[0,1,2],[0,2,3],[0,1,2,3],[0,2,3],[3]]",UNSAT,UNSAT,UNSAT,"[2, 3, 4]",0.166451,0.070449,0.005097,False
702562,3,5,"[1,3,2]","[1,3,2,3,1]","[[1,3,4],[0,1,2,3,4],[0,1,3,4]]",FEASIBLE,FEASIBLE,FEASIBLE,null,0.032855,0.0378,0.002344,False
702563,6,4,"[2,1,1,1,2,3]","[3,3,1,2]","[[0,1,2,3],[0,1,2,3],[0,1,2,3],[3],[0,1,2,3],[1,2,3]]",UNSAT,UNSAT,UNSAT,"[0, 1, 2, 3, 4, 5]",0.262194,0.080655,0.005633,False
702564,7,7,"[3,2,3,3,2,1,1]","[3,1,1,2,1,3,2]","[[0,1,2,4,6],[0,2,4,5,6],[0,3,4,5,6],[3,4,6],[0,1,2,3,4,5,6],[0,1,4,5,6],[4]]",UNSAT,UNSAT,UNSAT,"[3, 6]",0.153775,0.114207,0.009003,False
702565,3,7,"[1,2,1]","[2,1,3,2,3,2,2]","[[2],[0,1,2,4,5,6],[5]]",FEASIBLE,FEASIBLE,FEASIBLE,null,0.041726,0.201493,0.002082,False
702566,6,3,"[1,2,2,1,1,1]","[3,2,3]","[[0],[0,2],[0,1,2],[0,2],[1,2],[0,1,2]]",FEASIBLE,FEASIBLE,FEASIBLE,null,0.203485,0.047723,0.003279,False
702567,3,1,"[1,1,1]",[2],"[[0],[0],[0]]",UNSAT,UNSAT,UNSAT,"[0, 1, 2]",0.013451,0.029526,0.002154,False
702568,7,6,"[2,1,2,3,1,1,3]","[1,2,1,3,1,2]","[[0,1,3,4,5],[0,1,2,3,4,5],[0,5],[0,3,4,5],[3],[3],[0,2,3,4,5]]",UNSAT,UNSAT,UNSAT,"[2, 3, 6]",0.291306,0.089574,0.00677,False
702569,1,5,[2],"[2,2,3,3,1]","[[0,1,2,3,4]]",FEASIBLE,FEASIBLE,FEASIBLE,null,0.006013,0.020499,0.001467,False
702570,1,6,[1],"[2,3,2,1,2,1]",[[4]],FEASIBLE,FEASIBLE,FEASIBLE,null,0.006456,0.014065,0.000974,False
702571,7,7,"[3,1,3,2,3,2,3]","[1,3,3,1,2,3,2]","[[2,3,6],[0,2,3,4,5,6],[1,2,4],[0,6],[0,1,2,3,4,6],[0,1,2,4,6],[0,2,4,6]]",UNSAT,UNSAT,UNSAT,"[0, 3, 6]",0.235056,0.15051,0.009216,False
702572,2,4,"[3,2]","[2,2,1,2]","[[0,1,2,3],[0,1,2,3]]",FEASIBLE,FEASIBLE,FEASIBLE,null,0.016718,0.048914,0.001927,False
702573,5,5,"[2,2,1,1,1]","[2,2,2,3,2]","[[0,1,2,3],[0,1,2,3,4],[0],[0],[1,2,3,4]]",FEASIBLE,FEASIBLE,FEASIBLE,null,0.142434,0.06495,0.003902,False
702574,2,3,"[1,1]","[2,1,3]","[[1],[0,1,2]]",FEASIBLE,FEASIBLE,FEASIBLE,null,0.01083,0.019531,0.001329,False
702575,2,5,"[2,1]","[2,1,3,2,3]","[[0,1,2,3],[1]]",FEASIBLE,FEASIBLE,FEASIBLE,null,0.014537,0.033977,0.001928,False
702576,6,5,"[2,2,2,2,1,2]","[1,1,3,1,3]","[[0,1,2],[0,1,2,3,4],[0,1,2,4],[0,4],[0,1,2,3],[0,1,3,4]]",UNSAT,UNSAT,UNSAT,"[0, 1, 2, 3, 5]",0.28838,3.848599,0.005991,False
702577,1,4,[1],"[2,1,3,3]",[[3]],FEASIBLE,FEASIBLE,FEASIBLE,null,0.00727,0.014009,0.000873,False
702578,7,3,"[1,1,2,1,1,1,3]","[2,2,3]","[[0,1],[0,2],[1,2],[0,2],[2],[0],[0,1,2]]",UNSAT,UNSAT,UNSAT,"[0, 2, 5, 6]",0.288139,0.06519,0.004403,False
702579,5,7,"[1,1,1,2,3]","[1,2,1,1,3,3,3]","[[0,3,4,5],[0],[2,3,4,5],[0,1,2,3,5],[0,1,2,3,4,5,6]]",FEASIBLE,FEASIBLE,FEASIBLE,null,0.180897,0.076493,0.005326,False
702580,2,6,"[3,1]","[3,1,1,1,1,1]","[[0,2,3,4],[0,1,2,3,4,5]]",FEASIBLE,FEASIBLE,FEASIBLE,null,0.016161,0.029455,0.002142,False
702581,1,5,[1],"[1,1,1,1,3]","[[0,2,4]]",FEASIBLE,FEASIBLE,FEASIBLE,null,0.005757,0.014577,0.001139,False
702582,1,1,[1],[3],[[0]],FEASIBLE,FEASIBLE,FEASIBLE,null,0.002871,0.010183,0.00058,False
702583,1,3,[1],"[3,1,1]",[[0]],FEASIBLE,FEASIBLE,FEASIBLE,null,0.004007,0.011535,0.000757,False
702584,2,5,"[3,2]","[2,2,3,1,3]","[[0,1,2,3,4],[0,3]]",FEASIBLE,FEASIBLE,FEASIBLE,null,0.013869,0.028479,0.002342,False
702585,6,3,"[1,1,1,1,1,1]","[3,1,2]","[[0],[2],[2],[2],[1],[2]]",UNSAT,UNSAT,UNSAT,"[1, 2, 3]",0.087341,0.102293,0.003159,False
702586,6,1,"[1,1,1,1,1,1]",[3],"[[0],[0],[0],[0],[0],[0]]",UNSAT,UNSAT,UNSAT,"[0, 1, 2, 3]",0.05946,0.041748,0.002811,False
702587,2,7,"[1,1]","[1,2,3,3,2,2,2]","[[0],[1,2,3,4,5,6]]",FEASIBLE,FEASIBLE,FEASIBLE,null,0.019301,0.024466,0.001809,False
702588,3,3,"[1,2,1]","[1,1,3]","[[0],[0,2],[0,1,2]]",UNSAT,UNSAT,UNSAT,"[0, 1]",0.012802,0.035053,0.002917,False
702589,1,1,[1],[3],[[0]],FEASIBLE,FEASIBLE,FEASIBLE,null,0.00312,0.011246,0.000676,False
702590,5,4,"[2,2,2,3,3]","[1,1,1,2]","[[0,1],[0,1],[0,1,3],[0,1,2],[0,1,2,3]]",UNSAT,UNSAT,UNSAT,"[0, 1]",0.020744,0.060218,0.00575,False
702591,6,2,"[1,2,1,1,1,2]","[1,3]","[[1],[0,1],[0],[1],[0],[0,1]]",UNSAT,UNSAT,UNSAT,"[1, 2]",0.025044,0.047584,0.004177,False
702592,5,1,"[1,1,1,1,1]",[2],"[[0],[0],[0],[0],[0]]",UNSAT,UNSAT,UNSAT,"[0, 1, 2]",0.026239,0.0359,0.002659,False
702593,2,1,"[1,1]",[3],"[[0],[0]]",FEASIBLE,FEASIBLE,FEASIBLE,null,0.006226,0.015429,0.001096,False
702594,1,4,[1],"[1,2,2,1]","[[0,3]]",FEASIBLE,FEASIBLE,FEASIBLE,null,0.005067,0.012839,0.001097,False
702595,6,5,"[1,1,1,1,1,2]","[2,1,2,3,3]","[[1,2,3],[3],[0,4],[0,1,2,4],[2,4],[2,4]]",FEASIBLE,FEASIBLE,FEASIBLE,null,0.281251,0.056185,0.003674,False
702596,7,3,"[2,1,1,2,1,2,3]","[3,3,1]","[[0,1],[0,2],[1],[0,1],[0,1,2],[0,1,2],[0,1,2]]",UNSAT,UNSAT,UNSAT,"[0, 1, 3, 6]",0.198757,0.068447,0.005885,False
702597,5,1,"[1,1,1,1,1]",[2],"[[0],[0],[0],[0],[0]]",UNSAT,UNSAT,UNSAT,"[0, 1, 2]",0.023415,0.035887,0.002547,False
702598,2,7,"[1,1]","[3,2,2,3,2,1,2]","[[1,5],[0]]",FEASIBLE,FEASIBLE,FEASIBLE,null,0.01768,0.103343,0.001637,False
702599,5,2,"[1,1,2,1,2]","[3,1]","[[1],[0,1],[0,1],[1],[0,1]]",UNSAT,UNSAT,UNSAT,"[0, 2]",0.016157,0.043573,0.003555,False
702600,1,3,[2],"[1,2,2]","[[0,1]]",FEASIBLE,FEASIBLE,FEASIBLE,null,0.004706,0.015438,0.001086,False
702601,2,5,"[2,2]","[2,3,2,3,3]","[[0,2,3],[1,2,3,4]]",FEASIBLE,FEASIBLE,FEASIBLE,null,0.014218,0.025894,0.002309,False
702602,7,7,"[1,1,3,1,2,3,2]","[2,2,2,1,1,1,2]","[[3],[2,6],[1,2,3,5,6],[5],[2,3,5],[0,1,2,3,4,5],[2,3,4]]",UNSAT,UNSAT,UNSAT,"[0, 3, 4]",0.224225,0.111489,0.009388,False
702603,5,7,"[2,2,1,1,2]","[1,1,1,2,1,2,1]","[[1,4,5],[0,1,2,4,5,6],[0],[0,2,3,5],[0,1,3,4,6]]",FEASIBLE,FEASIBLE,FEASIBLE,null,0.178756,0.068362,0.005747,False
702604,4,5,"[1,3,1,1]","[2,2,3,3,2]","[[2],[1,2,4],[1],[0,2,3,4]]",FEASIBLE,FEASIBLE,FEASIBLE,null,0.063385,0.033945,0.002661,False
702605,2,5,"[1,2]","[2,1,1,1,1]","[[2],[0,1,2,3,4]]",FEASIBLE,FEASIBLE,FEASIBLE,null,0.013544,0.0229,0.00203,False
702606,2,3,"[2,2]","[1,2,3]","[[1,2],[1,2]]",FEASIBLE,FEASIBLE,FEASIBLE,null,0.009804,0.021992,0.001752,False
702607,3,2,"[1,2,1]","[1,1]","[[0],[0,1],[0]]",UNSAT,UNSAT,UNSAT,"[0, 1]",0.009919,0.03076,0.00276,False
702608,3,7,"[2,3,2]","[1,1,1,3,3,1,1]","[[0,1,2,3,5,6],[0,1,2,3,4,5,6],[0,1,3,4,5,6]]",FEASIBLE,FEASIBLE,FEASIBLE,null,0.039374,0.04533,0.003867,False
702609,2,5,"[1,2]","[1,3,2,3,2]","[[4],[0,1,2,3,4]]",FEASIBLE,FEASIBLE,FEASIBLE,null,0.013379,0.106618,0.001925,False
702610,7,1,"[1,1,1,1,1,1,1]",[2],"[[0],[0],[0],[0],[0],[0],[0]]",UNSAT,UNSAT,UNSAT,"[0, 1, 2]",0.03913,0.043813,0.003451,False
702611,1,2,[1],"[1,3]",[[1]],FEASIBLE,FEASIBLE,FEASIBLE,null,0.00541,0.013046,0.001053,False
702612,2,4,"[2,2]","[2,1,2,2]","[[0,2],[0,1,3]]",FEASIBLE,FEASIBLE,FEASIBLE,null,0.012199,0.024051,0.001912,False
702613,2,4,"[1,3]","[1,2,3,2]","[[0],[0,1,2,3]]",FEASIBLE,FEASIBLE,FEASIBLE,null,0.011798,0.024143,0.001947,False
702614,4,7,"[2,2,1,1]","[3,3,1,1,2,1,2]","[[0,1,2,4,5],[0,3,4,5,6],[1,4],[3]]",FEASIBLE,FEASIBLE,FEASIBLE,null,0.083983,0.046816,0.004035,False
702615,1,1,[1],[2],[[0]],FEASIBLE,FEASIBLE,FEASIBLE,null,0.002898,0.010823,0.000779,False
702616,4,4,"[1,2,2,2]","[1,1,3,3]","[[1,3],[1,2],[0,1,2,3],[0,1,2,3]]",FEASIBLE,FEASIBLE,FEASIBLE,null,0.052963,0.053574,0.003948,False
702617,5,1,"[1,1,1,1,1]",[3],"[[0],[0],[0],[0],[0]]",UNSAT,UNSAT,UNSAT,"[0, 1, 2, 3]",0.036301,0.036392,0.002646,False
702618,4,1,"[1,1,1,1]",[2],"[[0],[0],[0],[0]]",UNSAT,UNSAT,UNSAT,"[0, 1, 2]",0.016224,0.031345,0.002356,False
702619,3,6,"[1,1,1]","[2,1,2,1,2,2]","[[1,3,4],[0,1,2,4,5],[0,1,2,3,4,5]]",FEASIBLE,FEASIBLE,FEASIBLE,null,0.035753,0.03025,0.003329,False
702620,3,1,"[1,1,1]",[3],"[[0],[0],[0]]",FEASIBLE,FEASIBLE,FEASIBLE,null,0.011838,0.018497,0.001354,False
702621,2,1,"[1,1]",[1],"[[0],[0]]",UNSAT,UNSAT,UNSAT,"[0, 1]",0.006087,0.022051,0.001765,False
702622,1,3,[2],"[3,1,2]","[[0,1]]",FEASIBLE,FEASIBLE,FEASIBLE,null,0.004371,0.014739,0.001101,False
702623,4,7,"[3,3,3,3]","[1,3,3,2,2,2,1]","[[0,3,4,6],[0,1,2,3,4,5,6],[1,3,5],[2,5,6]]",FEASIBLE,FEASIBLE,FEASIBLE,null,0.083218,0.071935,0.005493,False
702624,7,1,"[1,1,1,1,1,1,1]",[1],"[[0],[0],[0],[0],[0],[0],[0]]",UNSAT,UNSAT,UNSAT,"[0, 1]",0.011958,0.042017,0.003393,False
702625,3,3,"[3,2,3]","[2,2,3]","[[0,1,2],[1,2],[0,1,2]]",UNSAT,UNSAT,UNSAT,"[0, 1, 2]",0.02159,0.043122,0.003515,False
702626,4,5,"[1,3,1,1]","[1,2,1,1,2]","[[0,1,2],[0,2,4],[0,1,3,4],[0,3,4]]",FEASIBLE,FEASIBLE,FEASIBLE,null,0.063875,0.062635,0.004014,False
702627,4,3,"[2,1,1,1]","[1,3,3]","[[0,1,2],[0,1,2],[0],[0,2]]",FEASIBLE,FEASIBLE,FEASIBLE,null,0.044073,0.041532,0.003152,False
702628,5,6,"[1,1,1,3,1]","[1,3,3,2,1,3]","[[1,2,3,4,5],[2,4,5],[4],[0,1,2,3,4,5],[0,1,2,3,4,5]]",FEASIBLE,FEASIBLE,FEASIBLE,null,0.157177,0.046081,0.004523,False
702629,4,7,"[3,2,1,2]","[2,2,1,1,1,2,2]","[[0,1,2,3,4,5,6],[0,1,2,3],[0,1,2,3,4,5,6],[3,4]]",FEASIBLE,FEASIBLE,FEASIBLE,null,0.084276,0.07085,0.005347,False
702630,2,1,"[1,1]",[1],"[[0],[0]]",UNSAT,UNSAT,UNSAT,"[0, 1]",0.006514,0.02276,0.014718,False
702631,3,7,"[2,1,2]","[2,3,2,1,2,1,1]","[[3,6],[1,3,6],[0,1,2,3,4,5]]",FEASIBLE,FEASIBLE,FEASIBLE,null,0.039366,0.033413,0.002844,False
702632,2,5,"[1,1]","[3,1,2,1,2]","[[1,2,3],[0,1,2,3,4]]",FEASIBLE,FEASIBLE,FEASIBLE,null,0.013693,0.02175,0.002701,False
702633,4,2,"[1,1,1,2]","[3,2]","[[0,1],[0],[1],[0,1]]",FEASIBLE,FEASIBLE,FEASIBLE,null,0.032843,0.026647,0.002022,False
702634,7,4,"[3,2,1,1,1,3,3]","[1,2,2,1]","[[0,1,2],[0,1,2,3],[0],[2,3],[0,1,2,3],[0,1,2,3],[0,1,2,3]]",UNSAT,UNSAT,UNSAT,"[0, 2]",0.029253,0.180885,0.007013,False
702635,7,4,"[2,1,1,2,1,1,2]","[1,2,3,3]","[[2,3],[0],[0],[0,1,2,3],[3],[0,1,2,3],[0,1,2,3]]",UNSAT,UNSAT,UNSAT,"[1, 2]",0.046397,0.062447,0.005675,False
702636,4,2,"[1,1,1,1]","[3,3]","[[0],[0,1],[1],[0,1]]",FEASIBLE,FEASIBLE,FEASIBLE,null,0.03379,0.025116,0.001516,False
702637,5,2,"[1,1,1,2,1]","[1,2]","[[0],[0],[0],[0,1],[1]]",UNSAT,UNSAT,UNSAT,"[0, 1]",0.013274,0.038375,0.002733,False
702638,3,4,"[1,3,1]","[1,3,2,1]","[[0,1,2,3],[0,1,3],[0,2,3]]",FEASIBLE,FEASIBLE,FEASIBLE,null,0.025755,0.040409,0.002554,False
702639,5,7,"[2,1,2,3,3]","[3,2,2,1,2,2,2]","[[2,4],[0,1,2,4,5],[2,3],[0,1,2,3,4,5,6],[0,2,4,5,6]]",FEASIBLE,FEASIBLE,FEASIBLE,null,0.177732,0.057915,0.004044,False
702640,5,2,"[1,1,1,2,1]","[1,1]","[[0],[1],[0,1],[0,1],[0,1]]",UNSAT,UNSAT,UNSAT,"[0, 3]",0.017316,0.041526,0.004043,False
702641,5,7,"[1,2,1,3,2]","[1,1,3,1,2,2,3]","[[0,2,3,4,6],[0,1,2,4,6],[3],[0,1,2,3,4,5,6],[0,2]]",FEASIBLE,FEASIBLE,FEASIBLE,null,0.176403,0.073221,0.004896,False
702642,4,5,"[3,3,3,3]","[3,3,2,1,1]","[[0,1,2,3,4],[0,1,2,3,4],[0,1,2,3,4],[1,2,3,4]]",UNSAT,UNSAT,UNSAT,"[0, 1, 2, 3]",0.062503,0.071337,0.005515,False
702643,3,5,"[1,1,1]","[2,3,2,3,1]","[[0,1,2,3,4],[3],[3]]",FEASIBLE,FEASIBLE,FEASIBLE,null,0.029908,0.026754,0.00176,False
702644,1,3,[2],"[1,3,1]","[[1,2]]",FEASIBLE,FEASIBLE,FEASIBLE,null,0.0044,0.014634,0.000946,False
702645,2,4,"[3,3]","[3,3,1,3]","[[0,1,3],[1,2,3]]",FEASIBLE,FEASIBLE,FEASIBLE,null,0.01238,0.028094,0.001639,False
702646,2,1,"[1,1]",[2],"[[0],[0]]",FEASIBLE,FEASIBLE,FEASIBLE,null,0.006636,0.014631,0.000813,False
702647,6,5,"[1,3,3,2,2,1]","[1,2,1,1,2]","[[0],[1,2,4],[0,1,2,3,4],[1,3,4],[0,1,2,3,4],[1]]",UNSAT,UNSAT,UNSAT,"[1, 2, 3]",0.133535,0.071797,0.005516,False
702648,3,3,"[1,1,2]","[1,3,2]","[[2],[1],[0,1]]",FEASIBLE,FEASIBLE,FEASIBLE,null,0.021912,0.024921,0.001493,False
702649,3,7,"[1,1,2]","[1,1,1,2,1,2,2]","[[1,2],[0,1,3,5],[0,1,2,3,4,5,6]]",FEASIBLE,FEASIBLE,FEASIBLE,null,0.039489,0.034202,0.002641,False
702650,4,3,"[2,1,1,2]","[1,1,1]","[[0,1],[0,1],[0],[0,2]]",UNSAT,UNSAT,UNSAT,"[0, 1]",0.014639,0.055049,0.002782,False
702651,1,6,[1],"[1,3,2,3,3,2]",[[0]],FEASIBLE,FEASIBLE,FEASIBLE,null,0.005904,0.013864,0.000921,False
702652,4,1,"[1,1,1,1]",[3],"[[0],[0],[0],[0]]",UNSAT,UNSAT,UNSAT,"[0, 1, 2, 3]",0.023181,0.032165,0.001925,False
702653,3,1,"[1,1,1]",[1],"[[0],[0],[0]]",UNSAT,UNSAT,UNSAT,"[0, 1]",0.007565,0.025928,0.001522,False
702654,4,5,"[2,3,3,3]","[1,3,2,3,2]","[[2,3,4],[0,1,3,4],[0,2,3,4],[0,1,2,3,4]]",UNSAT,UNSAT,UNSAT,"[0, 1, 2, 3]",0.063909,0.068214,0.00488,False
702655,7,5,"[1,3,1,1,1,3,2]","[3,3,2,3,2]","[[1,3],[0,1,2],[0,1,2,3,4],[4],[3],[0,1,3],[0,3]]",FEASIBLE,FEASIBLE,FEASIBLE,null,0.624228,0.075894,0.004691,False
702656,1,3,[2],"[1,3,1]","[[0,1,2]]",FEASIBLE,FEASIBLE,FEASIBLE,null,0.004322,0.015804,0.00101,False
702657,4,4,"[2,2,2,3]","[2,3,3,3]","[[0,1,2],[0,1],[0,1],[0,1,2,3]]",UNSAT,UNSAT,UNSAT,"[0, 1, 2, 3]",0.056737,0.162961,0.004344,False
702658,5,2,"[1,1,2,1,1]","[2,1]","[[1],[0,1],[0,1],[0,1],[0,1]]",UNSAT,UNSAT,UNSAT,"[0, 2]",0.015284,0.043889,0.005888,False
702659,5,2,"[2,1,2,1,1]","[3,1]","[[0,1],[0],[0,1],[0,1],[0]]",UNSAT,UNSAT,UNSAT,"[0, 2]",0.015592,0.043015,0.003586,False
702660,1,7,[1],"[2,3,1,2,2,3,1]","[[0,1,2,3,4,5,6]]",FEASIBLE,FEASIBLE,FEASIBLE,null,0.007071,0.019505,0.001846,False
702661,1,1,[1],[1],[[0]],FEASIBLE,FEASIBLE,FEASIBLE,null,0.002759,0.010315,0.000786,False
702662,6,6,"[2,1,1,2,1,2]","[1,2,1,1,3,1]","[[2,5],[1,5],[0,1,2,3,4,5],[0,1,4],[0,2,4,5],[1,3]]",FEASIBLE,FEASIBLE,FEASIBLE,null,0.315901,0.074684,0.006242,False
702663,7,1,"[1,1,1,1,1,1,1]",[1],"[[0],[0],[0],[0],[0],[0],[0]]",UNSAT,UNSAT,UNSAT,"[0, 1]",0.011817,0.041696,0.00339,False
702664,2,6,"[1,1]","[2,3,2,3,1,3]","[[0,1,2,3,4,5],[0,1,2,3,4,5]]",FEASIBLE,FEASIBLE,FEASIBLE,null,0.015693,0.02485,0.002289,False
702665,1,1,[1],[3],[[0]],FEASIBLE,FEASIBLE,FEASIBLE,null,0.002907,0.01018,0.00068,False
702666,4,1,"[1,1,1,1]",[3],"[[0],[0],[0],[0]]",UNSAT,UNSAT,UNSAT,"[0, 1, 2, 3]",0.022539,0.031946,0.002341,False
702667,4,1,"[1,1,1,1]",[3],"[[0],[0],[0],[0]]",UNSAT,UNSAT,UNSAT,"[0, 1, 2, 3]",0.022461,0.030967,0.001526,False
702668,4,6,"[1,3,1,1]","[3,1,1,3,2,3]","[[0,1,2,3,4,5],[1,2,3,4,5],[1,2,5],[4,5]]",FEASIBLE,FEASIBLE,FEASIBLE,null,0.074678,0.041338,0.003359,False
702669,7,5,"[3,2,2,3,1,2,1]","[2,1,3,3,1]","[[1,2,4],[0,3,4],[0,1,2,3,4],[1,3,4],[1],[0,1,2,3,4],[1,2,3,4]]",UNSAT,UNSAT,UNSAT,"[0, 3]",0.042903,0.180261,0.007843,False
702670,1,1,[1],[3],[[0]],FEASIBLE,FEASIBLE,FEASIBLE,null,0.004337,0.013859,0.000697,False
702671,7,5,"[3,3,1,1,1,1,1]","[2,3,2,3,2]","[[0,1,2,3],[0,1,2,3,4],[2],[1,2],[0,2,3,4],[0,2],[2,3]]",FEASIBLE,FEASIBLE,FEASIBLE,null,0.631004,0.080084,0.005309,False
702672,3,6,"[2,1,2]","[1,2,1,1,2,1]","[[0,5],[4],[0,1,2,3,4,5]]",FEASIBLE,FEASIBLE,FEASIBLE,null,0.03638,0.033797,0.002386,False
702673,1,3,[1],"[3,3,1]",[[0]],FEASIBLE,FEASIBLE,FEASIBLE,null,0.00463,0.022442,0.000834,False
702674,5,7,"[2,1,1,1,3]","[1,2,2,1,3,3,1]","[[2,5,6],[5],[6],[0,1,2,3,4,5,6],[0,1,2,3,4,5,6]]",FEASIBLE,FEASIBLE,FEASIBLE,null,0.176657,0.048743,0.003783,False
702675,6,3,"[2,1,2,3,1,1]","[1,2,2]","[[0,1,2],[2],[1,2],[0,1,2],[0,1],[0,1,2]]",UNSAT,UNSAT,UNSAT,"[0, 1, 3]",0.061692,0.05911,0.004759,False
702676,7,2,"[1,1,1,1,2,1,1]","[2,3]","[[1],[0,1],[0],[1],[0,1],[0],[1]]",UNSAT,UNSAT,UNSAT,"[2, 4, 5]",0.115522,0.050296,0.003747,False
702677,3,1,"[1,1,1]",[2],"[[0],[0],[0]]",UNSAT,UNSAT,UNSAT,"[0, 1, 2]",0.011597,0.027463,0.001868,False
702678,2,7,"[1,1]","[3,3,3,2,1,2,3]","[[1,6],[2,3,4,5]]",FEASIBLE,FEASIBLE,FEASIBLE,null,0.017348,0.021882,0.001803,False
702679,6,1,"[1,1,1,1,1,1]",[2],"[[0],[0],[0],[0],[0],[0]]",UNSAT,UNSAT,UNSAT,"[0, 1, 2]",0.03007,0.038433,0.002579,False
702680,1,7,[1],"[3,1,1,2,2,3,2]","[[2,3,4,5]]",FEASIBLE,FEASIBLE,FEASIBLE,null,0.006853,0.019129,0.001367,False
702681,7,7,"[1,1,1,2,2,1,1]","[3,2,1,3,1,2,3]","[[0,1,4,5,6],[0],[0,1,3,4,6],[0,1,3,5],[0,1,3,4,5,6],[0,1,2,3,5],[3,5]]",FEASIBLE,FEASIBLE,FEASIBLE,null,0.778025,0.15201,0.004799,False
702682,6,6,"[1,2,1,1,2,1]","[2,1,2,1,1,2]","[[0,5],[0,3],[0,1,3],[1,2,3,4,5],[0,1,2,3,5],[2]]",FEASIBLE,FEASIBLE,FEASIBLE,null,0.323726,0.076347,0.004753,False
702683,2,1,"[1,1]",[2],"[[0],[0]]",FEASIBLE,FEASIBLE,FEASIBLE,null,0.006547,0.014948,0.000884,False
702684,5,3,"[1,1,2,2,2]","[2,2,2]","[[0,1,2],[0,1,2],[0,1],[1,2],[0,1,2]]",UNSAT,UNSAT,UNSAT,"[0, 2, 3, 4]",0.080999,0.0549,0.004215,False
702685,1,1,[1],[2],[[0]],FEASIBLE,FEASIBLE,FEASIBLE,null,0.003094,0.010805,0.000574,False
702686,1,2,[1],"[3,2]",[[1]],FEASIBLE,FEASIBLE,FEASIBLE,null,0.003529,0.010047,0.000809,False
702687,7,4,"[1,2,3,1,1,1,3]","[1,2,1,1]","[[0,2],[1,2,3],[0,1,2,3],[0,1,2],[0,1,3],[0],[0,1,2,3]]",UNSAT,UNSAT,UNSAT,"[2, 6]",0.070978,0.072217,0.006201,False
702688,3,5,"[1,2,2]","[1,1,1,1,3]","[[2],[0,1,3,4],[0,1,2,3,4]]",FEASIBLE,FEASIBLE,FEASIBLE,null,0.029998,0.033767,0.003076,False
702689,7,3,"[2,1,1,3,2,1,2]","[1,2,3]","[[0,1,2],[0,1,2],[2],[0,1,2],[0,1],[0,1,2],[0,1,2]]",UNSAT,UNSAT,UNSAT,"[3, 4]",0.074742,0.066904,0.005106,False
702690,5,6,"[3,1,2,2,1]","[3,2,2,2,3,3]","[[2,3,4,5],[2],[1,3,5],[0,1,2,3,4,5],[0,1,2,3,4,5]]",FEASIBLE,FEASIBLE,FEASIBLE,null,0.155316,0.058665,0.003802,False
702691,4,1,"[1,1,1,1]",[1],"[[0],[0],[0],[0]]",UNSAT,UNSAT,UNSAT,"[0, 1]",0.008495,0.031143,0.002026,False
702692,5,4,"[2,2,3,3,2]","[2,2,1,3]","[[0,1,3],[1,2],[1,2,3],[0,1,2,3],[1,3]]",UNSAT,UNSAT,UNSAT,"[1, 2]",0.033648,0.158883,0.004772,False
702693,7,4,"[1,2,1,1,3,2,1]","[2,2,1,2]","[[0],[0,1,3],[2,3],[2],[0,1,2,3],[2,3],[1,2]]",UNSAT,UNSAT,UNSAT,"[3, 5]",0.079165,0.066601,0.005057,False
702694,3,1,"[1,1,1]",[1],"[[0],[0],[0]]",UNSAT,UNSAT,UNSAT,"[0, 1]",0.007674,0.026704,0.001637,False
702695,7,3,"[1,1,1,1,2,2,1]","[2,3,2]","[[0,1],[0,1,2],[1],[0,1,2],[1,2],[0,1,2],[1,2]]",UNSAT,UNSAT,UNSAT,"[0, 1, 2, 3, 4, 5]",0.351823,0.063771,0.004635,False
702696,7,5,"[1,1,2,1,3,3,1]","[3,1,2,3,1]","[[3],[0,3],[0,1],[0,1,3,4],[0,2,3,4],[0,2,4],[0]]",UNSAT,UNSAT,UNSAT,"[2, 4, 5, 6]",0.414649,0.093854,0.006695,False
702697,6,2,"[2,1,1,1,1,1]","[2,3]","[[0,1],[0],[0],[0,1],[0,1],[1]]",UNSAT,UNSAT,UNSAT,"[0, 1, 2]",0.044138,0.068406,0.003407,False
702698,6,6,"[3,1,1,1,1,2]","[2,3,2,3,2,3]","[[0,1,3,4],[0,1,2,4,5],[5],[4],[0],[0,1,2,3,4,5]]",FEASIBLE,FEASIBLE,FEASIBLE,null,0.328727,0.064297,0.004248,False
702699,5,3,"[3,1,3,2,1]","[1,3,3]","[[0,1,2],[0],[0,1,2],[1,2],[0,1,2]]",UNSAT,UNSAT,UNSAT,"[0, 1]",0.017722,0.057877,0.003795,False
702700,7,1,"[1,1,1,1,1,1,1]",[2],"[[0],[0],[0],[0],[0],[0],[0]]",UNSAT,UNSAT,UNSAT,"[0, 1, 2]",0.03889,0.042372,0.002719,False
702701,6,5,"[3,1,2,1,2,3]","[1,1,3,3,3]","[[0,2,3,4],[0,1,2],[0,1,2,4],[0,4],[0,1,2,4],[0,1,2,3,4]]",UNSAT,UNSAT,UNSAT,"[0, 1, 2, 4, 5]",0.255537,0.171843,0.00614,False
702702,7,7,"[3,3,1,2,3,2,3]","[2,2,3,1,2,1,3]","[[0,1,3,4],[1,2,5,6],[0,3,5,6],[3,5,6],[1,2,3,4,5,6],[0,1,2,3,4,5,6],[0,1,6]]",UNSAT,UNSAT,UNSAT,"[0, 1, 2, 3, 6]",0.621497,0.103852,0.008768,False
702703,5,6,"[1,1,2,1,3]","[3,1,2,1,3,3]","[[0],[3],[1,2,4],[3,4,5],[0,2,4,5]]",FEASIBLE,FEASIBLE,FEASIBLE,null,0.159443,0.043547,0.002867,False
702704,3,1,"[1,1,1]",[2],"[[0],[0],[0]]",UNSAT,UNSAT,UNSAT,"[0, 1, 2]",0.012141,0.028143,0.001593,False
702705,7,5,"[1,3,3,2,3,3,2]","[3,3,3,3,3]","[[0],[0,1,4],[1,2,4],[0,2,4],[0,1,2,4],[0,1,2,3,4],[1,2,3]]",UNSAT,UNSAT,UNSAT,"[1, 2, 3, 4, 5]",0.539011,0.091202,0.00623,False
702706,4,2,"[2,2,1,1]","[2,3]","[[0,1],[0,1],[0,1],[0,1]]",UNSAT,UNSAT,UNSAT,"[0, 1, 2, 3]",0.033785,0.04452,0.002867,False
702707,2,5,"[1,2]","[2,1,3,3,1]","[[0,3,4],[0,1,2,3,4]]",FEASIBLE,FEASIBLE,FEASIBLE,null,0.01462,0.024443,0.001809,False
702708,4,5,"[1,2,1,1]","[3,2,1,2,3]","[[1,3,4],[0,2],[1,3,4],[0,2,4]]",FEASIBLE,FEASIBLE,FEASIBLE,null,0.065692,0.034905,0.002285,False
702709,1,6,[2],"[1,3,1,1,3,2]","[[1,3]]",FEASIBLE,FEASIBLE,FEASIBLE,null,0.006226,0.017114,0.001153,False
702710,1,1,[1],[1],[[0]],FEASIBLE,FEASIBLE,FEASIBLE,null,0.002955,0.010263,0.000575,False
702711,2,5,"[2,3]","[2,2,2,1,2]","[[0,1,2,3,4],[0,1,2,3,4]]",FEASIBLE,FEASIBLE,FEASIBLE,null,0.01427,0.034587,0.002019,False
702712,3,7,"[2,1,1]","[3,2,3,1,2,3,2]","[[4,5,6],[6],[0,2,4,6]]",FEASIBLE,FEASIBLE,FEASIBLE,null,0.039607,0.180504,0.002031,False
702713,6,5,"[1,1,1,3,3,1]","[2,2,1,1,2]","[[2],[2],[0,1,3],[0,1,2],[0,1,2,3,4],[0,1]]",UNSAT,UNSAT,UNSAT,"[0, 1]",0.029752,0.067037,0.004953,False
702714,5,1,"[1,1,1,1,1]",[3],"[[0],[0],[0],[0],[0]]",UNSAT,UNSAT,UNSAT,"[0, 1, 2, 3]",0.038057,0.037236,0.00237,False
702715,1,6,[1],"[3,3,1,1,3,3]",[[4]],FEASIBLE,FEASIBLE,FEASIBLE,null,0.007466,0.0141,0.000958,False
702716,5,1,"[1,1,1,1,1]",[1],"[[0],[0],[0],[0],[0]]",UNSAT,UNSAT,UNSAT,"[0, 1]",0.009726,0.034556,0.002124,False
702717,4,7,"[1,2,2,1]","[2,1,2,2,2,1,3]","[[0],[3,5],[0,1,2,3],[0,1,2,3,5]]",FEASIBLE,FEASIBLE,FEASIBLE,null,0.086935,0.039793,0.002664,False
702718,4,6,"[1,3,2,1]","[1,2,3,1,1,2]","[[0,1],[0,1,2,3,4,5],[0,5],[1,3,4,5]]",FEASIBLE,FEASIBLE,FEASIBLE,null,0.076703,0.054228,0.003714,False
702719,7,1,"[1,1,1,1,1,1,1]",[3],"[[0],[0],[0],[0],[0],[0],[0]]",UNSAT,UNSAT,UNSAT,"[0, 1, 2, 3]",0.089041,0.048119,0.002524,False
702720,7,4,"[2,1,1,1,1,2,3]","[1,3,3,2]","[[0,1,2],[0,1,2,3],[1],[0],[3],[0,1,2],[0,2,3]]",UNSAT,UNSAT,UNSAT,"[3, 6]",0.084061,0.095288,0.006271,False
702721,1,4,[2],"[1,2,3,1]","[[1,2]]",FEASIBLE,FEASIBLE,FEASIBLE,null,0.005213,0.016365,0.001087,False
702722,7,6,"[1,1,2,1,2,2,3]","[1,1,3,3,1,3]","[[0,1,3,4,5],[3],[1,4,5],[1],[0,1,5],[0,4],[0,1,2,3,5]]",UNSAT,UNSAT,UNSAT,"[2, 3, 5]",0.269592,0.097104,0.006993,False
702723,1,7,[2],"[1,1,1,1,2,3,2]","[[2,4,5,6]]",FEASIBLE,FEASIBLE,FEASIBLE,null,0.007118,0.107284,0.001366,False
702724,2,4,"[1,1]","[3,2,1,3]","[[2],[0]]",FEASIBLE,FEASIBLE,FEASIBLE,null,0.012957,0.019051,0.001097,False
702725,7,4,"[1,1,1,2,1,1,1]","[3,3,2,3]","[[0,1,2,3],[0,2,3],[0,1,2,3],[1,2],[0,1,3],[2,3],[2]]",FEASIBLE,FEASIBLE,FEASIBLE,null,0.5055,0.065021,0.004169,False
702726,4,7,"[1,3,1,1]","[1,3,2,1,3,3,3]","[[0,1,2,3,4,5,6],[0,3,4],[0,3,4,6],[0,1,2,4,5,6]]",FEASIBLE,FEASIBLE,FEASIBLE,null,0.091576,0.0607,0.004339,False
702727,2,6,"[1,1]","[3,2,1,2,2,1]","[[1],[1]]",FEASIBLE,FEASIBLE,FEASIBLE,null,0.016583,0.018889,0.001284,False
702728,3,7,"[3,3,2]","[1,1,2,3,3,3,3]","[[0,2,4],[2,5,6],[1,4]]",FEASIBLE,FEASIBLE,FEASIBLE,null,0.043231,0.040352,0.002267,False
702729,1,1,[1],[2],[[0]],FEASIBLE,FEASIBLE,FEASIBLE,null,0.003448,0.011004,0.000565,False
702730,2,1,"[1,1]",[3],"[[0],[0]]",FEASIBLE,FEASIBLE,FEASIBLE,null,0.006782,0.015332,0.000841,False
702731,5,3,"[1,1,2,1,2]","[2,2,1]","[[2],[0,1],[0,2],[1,2],[0,1]]",UNSAT,UNSAT,UNSAT,"[0, 2]",0.021169,0.050889,0.003366,False
702732,6,5,"[1,2,1,2,3,3]","[1,1,1,3,2]","[[0,1,2,3],[0,3],[0],[3,4],[0,1,2,3,4],[0,1,3,4]]",UNSAT,UNSAT,UNSAT,"[1, 2]",0.051694,0.073206,0.005601,False
702733,2,6,"[1,1]","[2,1,1,2,2,3]","[[0,1,2,3,4,5],[4]]",FEASIBLE,FEASIBLE,FEASIBLE,null,0.016268,0.023258,0.001748,False
702734,1,3,[1],"[3,3,2]",[[1]],FEASIBLE,FEASIBLE,FEASIBLE,null,0.004526,0.012269,0.000708,False
702735,6,2,"[1,1,2,1,2,1]","[2,1]","[[0],[0,1],[0,1],[0],[0,1],[1]]",UNSAT,UNSAT,UNSAT,"[2, 4]",0.041822,0.072361,0.003332,False
702736,1,4,[3],"[2,1,1,1]","[[0,1,2,3]]",FEASIBLE,FEASIBLE,FEASIBLE,null,0.006555,0.144963,0.001282,False
702737,5,4,"[1,1,1,2,2]","[2,2,3,2]","[[2,3],[3],[1,2,3],[1,2],[0,1,2]]",FEASIBLE,FEASIBLE,FEASIBLE,null,0.122496,0.040938,0.002519,False
702738,4,7,"[1,1,2,2]","[1,3,1,2,3,1,3]","[[1],[1],[3,5,6],[0,1,2,3,4,5,6]]",FEASIBLE,FEASIBLE,FEASIBLE,null,0.08871,0.038609,0.002589,False
702739,6,1,"[1,1,1,1,1,1]",[2],"[[0],[0],[0],[0],[0],[0]]",UNSAT,UNSAT,UNSAT,"[0, 1, 2]",0.03166,0.04137,0.002279,False
702740,2,3,"[1,2]","[3,2,1]","[[0,2],[0,1,2]]",FEASIBLE,FEASIBLE,FEASIBLE,null,0.010415,0.021303,0.001435,False
702741,1,3,[1],"[2,3,3]","[[1,2]]",FEASIBLE,FEASIBLE,FEASIBLE,null,0.004586,0.01257,0.000935,False
702742,2,1,"[1,1]",[3],"[[0],[0]]",FEASIBLE,FEASIBLE,FEASIBLE,null,0.006206,0.015031,0.000754,False
702743,7,2,"[2,1,1,1,1,1,1]","[1,3]","[[0,1],[1],[0,1],[1],[0],[1],[0]]",UNSAT,UNSAT,UNSAT,"[0, 4]",0.023674,0.053099,0.003266,False
702744,3,4,"[2,1,2]","[3,3,2,1]","[[0,1,2,3],[0,1],[1,3]]",FEASIBLE,FEASIBLE,FEASIBLE,null,0.026732,0.030492,0.001916,False
702745,7,7,"[1,2,2,1,2,1,1]","[3,1,2,2,3,3,3]","[[1],[0,1,2,3,5,6],[0,1,3,4,5,6],[1],[2,3],[2],[0,5]]",UNSAT,UNSAT,UNSAT,"[0, 3]",0.053677,0.08775,0.006172,False
702746,2,6,"[3,1]","[3,3,2,1,1,3]","[[1,3,4],[0,1,2,3,4,5]]",FEASIBLE,FEASIBLE,FEASIBLE,null,0.016965,0.030489,0.002034,False
702747,2,1,"[1,1]",[1],"[[0],[0]]",UNSAT,UNSAT,UNSAT,"[0, 1]",0.006734,0.023879,0.001315,False
702748,5,3,"[1,1,1,1,1]","[1,3,1]","[[0,1],[1],[2],[0],[2]]",UNSAT,UNSAT,UNSAT,"[2, 4]",0.039345,0.0538,0.003042,False
702749,3,1,"[1,1,1]",[3],"[[0],[0],[0]]",FEASIBLE,FEASIBLE,FEASIBLE,null,0.012326,0.115262,0.001005,False
702750,6,7,"[1,1,2,3,1,3]","[2,1,2,2,1,3,1]","[[1,2,5,6],[6],[0,2,3],[0,1,2,3,4,5,6],[6],[0,1,2,3,6]]",UNSAT,UNSAT,UNSAT,"[1, 4]",0.080046,0.092564,0.005862,False
702751,6,1,"[1,1,1,1,1,1]",[1],"[[0],[0],[0],[0],[0],[0]]",UNSAT,UNSAT,UNSAT,"[0, 1]",0.01175,0.040654,0.002281,False
702752,3,2,"[1,1,1]","[3,3]","[[0],[1],[0,1]]",FEASIBLE,FEASIBLE,FEASIBLE,null,0.017388,0.021258,0.001286,False
702753,6,6,"[3,1,1,1,1,1]","[2,2,2,3,3,1]","[[0,1,5],[2,4],[4],[0,1,2,3,4,5],[3],[1,2,3,4]]",FEASIBLE,FEASIBLE,FEASIBLE,null,0.343266,0.049121,0.003439,False
702754,7,2,"[1,1,1,2,1,1,1]","[2,1]","[[1],[1],[0],[0,1],[1],[0],[0]]",UNSAT,UNSAT,UNSAT,"[0, 1]",0.01761,0.049551,0.003152,False
702755,1,5,[1],"[3,2,1,2,2]",[[0]],FEASIBLE,FEASIBLE,FEASIBLE,null,0.005781,0.013701,0.00088,False
702756,4,6,"[1,2,1,2]","[3,3,2,1,1,2]","[[0],[1,5],[3],[3,5]]",UNSAT,UNSAT,UNSAT,"[2, 3]",0.048057,0.041802,0.002632,False
702757,2,3,"[2,2]","[3,1,2]","[[0,1,2],[0,1]]",FEASIBLE,FEASIBLE,FEASIBLE,null,0.010375,0.031757,0.001846,False
702758,7,5,"[1,1,2,1,3,3,3]","[1,1,3,1,3]","[[1,2],[0],[0,3],[0],[0,1,2,3,4],[0,1,3,4],[0,1,2,4]]",UNSAT,UNSAT,UNSAT,"[1, 2]",0.05715,0.103308,0.006861,False
702759,4,5,"[1,2,1,2]","[2,1,3,1,1]","[[0,3],[0,4],[0,1,2,4],[1,3]]",FEASIBLE,FEASIBLE,FEASIBLE,null,0.066385,0.067172,0.003031,False
702760,1,1,[1],[1],[[0]],FEASIBLE,FEASIBLE,FEASIBLE,null,0.005267,0.01204,0.000543,False
702761,1,6,[1],"[1,2,3,2,1,1]",[[4]],FEASIBLE,FEASIBLE,FEASIBLE,null,0.006434,0.104825,0.000924,False
702762,4,5,"[3,1,3,3]","[2,1,2,1,2]","[[0,1,2,3,4],[0,1,2,3,4],[0,1,3,4],[0,2,4]]",UNSAT,UNSAT,UNSAT,"[0, 2, 3]",0.058237,0.067414,0.005122,False
702763,5,5,"[1,3,1,1,3]","[1,2,1,2,3]","[[0,2,3,4],[0,2,3,4],[0,2,3],[0,1,2,3],[0,1,2,3]]",UNSAT,UNSAT,UNSAT,"[1, 2, 4]",0.123415,0.089422,0.006019,False
702764,1,5,[1],"[1,2,1,1,1]",[[4]],FEASIBLE,FEASIBLE,FEASIBLE,null,0.005964,0.048685,0.000823,False
702765,1,4,[2],"[1,2,3,2]","[[1,2,3]]",FEASIBLE,FEASIBLE,FEASIBLE,null,0.006113,0.018218,0.001113,False
702766,4,7,"[3,1,1,1]","[2,3,1,2,1,3,3]","[[0,1,2,3,5,6],[4,6],[0,3,4,6],[2,3]]",FEASIBLE,FEASIBLE,FEASIBLE,null,0.087671,0.040727,0.002982,False
702767,2,5,"[1,1]","[2,3,3,2,3]","[[2],[1,4]]",FEASIBLE,FEASIBLE,FEASIBLE,null,0.016027,0.018813,0.001309,False
702768,2,6,"[2,3]","[1,1,2,1,3,1]","[[0,2,3],[0,1,2,3]]",FEASIBLE,FEASIBLE,FEASIBLE,null,0.016332,0.030138,0.001744,False
702769,6,2,"[2,1,1,1,1,1]","[2,3]","[[0,1],[0],[0,1],[0,1],[1],[0,1]]",UNSAT,UNSAT,UNSAT,"[0, 1, 2, 3, 4]",0.12917,0.058823,0.007492,False
702770,2,6,"[1,1]","[1,2,2,2,3,2]","[[0],[0,3,4,5]]",FEASIBLE,FEASIBLE,FEASIBLE,null,0.016982,0.023436,0.001532,False
702771,3,6,"[1,2,1]","[3,3,1,3,2,1]","[[0,1,2,4],[0,2,3,4,5],[0,2,3,4,5]]",FEASIBLE,FEASIBLE,FEASIBLE,null,0.037806,0.033475,0.002659,False
702772,3,6,"[1,1,3]","[1,1,2,3,2,1]","[[1,2,3,4,5],[4],[2,3,4]]",FEASIBLE,FEASIBLE,FEASIBLE,null,0.037702,0.034355,0.002164,False
702773,5,2,"[1,1,2,1,1]","[3,1]","[[0],[0,1],[0,1],[1],[1]]",UNSAT,UNSAT,UNSAT,"[2, 3]",0.032767,0.143483,0.002616,False
702774,4,5,"[2,1,1,2]","[3,1,2,3,2]","[[0,1,2,3],[0,1,2,3,4],[4],[0,2,4]]",FEASIBLE,FEASIBLE,FEASIBLE,null,0.069292,0.039806,0.002563,False
702775,1,3,[1],"[3,3,2]",[[1]],FEASIBLE,FEASIBLE,FEASIBLE,null,0.005418,0.015201,0.000694,False
702776,4,2,"[1,1,1,1]","[1,1]","[[1],[0,1],[0,1],[0]]",UNSAT,UNSAT,UNSAT,"[0, 1, 2]",0.026214,0.038312,0.002446,False
702777,4,6,"[2,1,1,1]","[3,1,2,1,1,2]","[[0,4,5],[2,3],[0,1,2,3,4,5],[0,1,2,3,4,5]]",FEASIBLE,FEASIBLE,FEASIBLE,null,0.080683,0.040544,0.003053,False
702778,4,5,"[1,2,2,2]","[2,1,2,3,3]","[[1],[2,3,4],[0,1,2,4],[2,4]]",FEASIBLE,FEASIBLE,FEASIBLE,null,0.068427,0.051474,0.002829,False
702779,5,3,"[2,1,1,3,1]","[2,2,2]","[[0,1,2],[0],[1],[0,1,2],[0,1]]",UNSAT,UNSAT,UNSAT,"[0, 1, 2, 3]",0.078435,0.071479,0.00413,False
702780,3,5,"[1,1,2]","[3,2,2,1,3]","[[0],[1],[0,3]]",FEASIBLE,FEASIBLE,FEASIBLE,null,0.03206,0.025976,0.00163,False
702781,2,1,"[1,1]",[2],"[[0],[0]]",FEASIBLE,FEASIBLE,FEASIBLE,null,0.00698,0.015897,0.00075,False
702782,7,5,"[2,1,1,3,1,3,1]","[3,1,3,2,3]","[[0,1,3,4],[0,2,3],[2],[0,3,4],[0,1,2,3,4],[0,1,3,4],[0,1,2,3,4]]",FEASIBLE,FEASIBLE,FEASIBLE,null,0.64249,0.094745,0.006111,False
702783,4,1,"[1,1,1,1]",[2],"[[0],[0],[0],[0]]",UNSAT,UNSAT,UNSAT,"[0, 1, 2]",0.018489,0.034418,0.002412,False
702784,4,1,"[1,1,1,1]",[1],"[[0],[0],[0],[0]]",UNSAT,UNSAT,UNSAT,"[0, 1]",0.00895,0.033249,0.001591,False
702785,4,6,"[1,1,3,1]","[2,1,1,3,2,2]","[[0,1,2,3,4,5],[1,5],[2,3,5],[2]]",UNSAT,UNSAT,UNSAT,"[2, 3]",0.052488,0.158948,0.003452,False
702786,2,1,"[1,1]",[2],"[[0],[0]]",FEASIBLE,FEASIBLE,FEASIBLE,null,0.007338,0.01707,0.000739,False
702787,1,6,[1],"[3,3,2,1,1,1]","[[2,3,5]]",FEASIBLE,FEASIBLE,FEASIBLE,null,0.006744,0.016212,0.001205,False
702788,3,2,"[1,2,2]","[1,3]","[[0,1],[0,1],[0,1]]",UNSAT,UNSAT,UNSAT,"[1, 2]",0.015093,0.048303,0.00273,False
702789,4,2,"[1,1,1,1]","[2,1]","[[1],[0],[0,1],[0]]",UNSAT,UNSAT,UNSAT,"[0, 1, 2, 3]",0.036248,0.037595,0.002272,False
702790,3,4,"[3,1,1]","[3,2,1,1]","[[0,1,3],[3],[0]]",UNSAT,UNSAT,UNSAT,"[0, 1]",0.015979,0.037432,0.002305,False
702791,5,2,"[1,1,2,2,1]","[3,3]","[[0],[1],[0,1],[0,1],[0,1]]",UNSAT,UNSAT,UNSAT,"[0, 1, 2, 3, 4]",0.072197,0.049993,0.003132,False
702792,4,7,"[2,2,2,3]","[1,1,2,1,3,1,3]","[[0,3,4,5,6],[0,1,3,4,5,6],[0,3],[0,1,2,4,5,6]]",FEASIBLE,FEASIBLE,FEASIBLE,null,0.137811,0.086984,0.004683,False
702793,3,1,"[1,1,1]",[2],"[[0],[0],[0]]",UNSAT,UNSAT,UNSAT,"[0, 1, 2]",0.01311,0.030924,0.001649,False
702794,5,5,"[1,1,1,3,1]","[2,2,2,2,1]","[[3],[2],[1],[0,1,2,3,4],[1,2,3]]",FEASIBLE,FEASIBLE,FEASIBLE,null,0.142085,0.04294,0.002434,False
702795,2,7,"[1,1]","[2,1,2,3,1,2,3]","[[0,1,2,3,4,5,6],[0,1,2,3,6]]",FEASIBLE,FEASIBLE,FEASIBLE,null,0.018728,0.02683,0.002025,False
702796,2,7,"[1,1]","[1,3,1,2,2,3,1]","[[0,1,2,3,4,5,6],[0,1,2,3,5,6]]",FEASIBLE,FEASIBLE,FEASIBLE,null,0.01896,0.028529,0.002113,False
702797,5,2,"[1,1,1,2,1]","[2,1]","[[0,1],[0],[1],[0,1],[1]]",UNSAT,UNSAT,UNSAT,"[2, 3]",0.02885,0.049933,0.002712,False
702798,5,3,"[1,2,2,1,1]","[2,3,3]","[[1],[0,1],[0,1,2],[2],[0,1]]",FEASIBLE,FEASIBLE,FEASIBLE,null,0.094747,0.147108,0.002668,False
702799,3,2,"[1,1,1]","[3,3]","[[1],[1],[0,1]]",FEASIBLE,FEASIBLE,FEASIBLE,null,0.018262,0.02231,0.001297,False
702800,2,1,"[1,1]",[2],"[[0],[0]]",FEASIBLE,FEASIBLE,FEASIBLE,null,0.006895,0.016321,0.000644,False
702801,1,7,[2],"[2,3,2,2,2,1,3]","[[3,6]]",FEASIBLE,FEASIBLE,FEASIBLE,null,0.007288,0.019432,0.001108,False
702802,2,1,"[1,1]",[1],"[[0],[0]]",UNSAT,UNSAT,UNSAT,"[0, 1]",0.00675,0.038555,0.001111,False
702803,4,5,"[1,3,2,3]","[3,2,2,2,2]","[[0,3],[0,1,3,4],[0,1,2,3],[0,1,3]]",FEASIBLE,FEASIBLE,FEASIBLE,null,0.071333,0.067503,0.00352,False
702804,5,6,"[1,1,2,2,1]","[3,1,1,3,1,1]","[[0,3],[0,2],[0,2,3,4,5],[1,3,4],[0,1,3,4,5]]",FEASIBLE,FEASIBLE,FEASIBLE,null,0.175208,0.049545,0.003257,False
702805,3,5,"[1,1,1]","[2,1,1,3,1]","[[0,1,2,3,4],[0,1,2,3],[1]]",FEASIBLE,FEASIBLE,FEASIBLE,null,0.033394,0.029491,0.002019,False
702806,3,1,"[1,1,1]",[3],"[[0],[0],[0]]",FEASIBLE,FEASIBLE,FEASIBLE,null,0.013142,0.020612,0.000988,False
702807,7,5,"[2,1,1,3,1,1,1]","[2,1,3,1,3]","[[1,3],[1,2],[2,3,4],[0,1,2,3,4],[0,2,3],[0,1,3,4],[1]]",UNSAT,UNSAT,UNSAT,"[0, 6]",0.057235,0.07609,0.004544,False
702808,1,1,[1],[3],[[0]],FEASIBLE,FEASIBLE,FEASIBLE,null,0.003532,0.012439,0.00056,False
702809,4,2,"[1,2,2,1]","[2,3]","[[1],[0,1],[0,1],[0]]",UNSAT,UNSAT,UNSAT,"[1, 2, 3]",0.033309,0.042037,0.002262,False
702810,5,1,"[1,1,1,1,1]",[1],"[[0],[0],[0],[0],[0]]",UNSAT,UNSAT,UNSAT,"[0, 1]",0.010988,0.038362,0.002141,False
702811,7,7,"[1,3,3,3,1,2,3]","[3,1,1,3,3,1,1]","[[1,3,4,5],[0,1,2,3,4,5,6],[0,3,4,5,6],[0,1,2,3,4,5,6],[2,6],[1,3,4,5,6],[0,2,3]]",UNSAT,UNSAT,UNSAT,"[1, 2, 3, 5, 6]",0.788827,0.219264,0.012124,False
702812,3,3,"[1,1,1]","[3,2,1]","[[0,1,2],[2],[0]]",FEASIBLE,FEASIBLE,FEASIBLE,null,0.023705,0.024574,0.001442,False
702813,5,4,"[1,3,1,1,3]","[3,3,2,3]","[[3],[0,2,3],[0,1,2,3],[0],[0,1,2,3]]",FEASIBLE,FEASIBLE,FEASIBLE,null,0.121711,0.047771,0.00263,False
702814,4,1,"[1,1,1,1]",[1],"[[0],[0],[0],[0]]",UNSAT,UNSAT,UNSAT,"[0, 1]",0.009478,0.033508,0.001712,False
702815,1,3,[1],"[1,2,1]",[[0]],FEASIBLE,FEASIBLE,FEASIBLE,null,0.004789,0.013498,0.000694,False
702816,6,2,"[1,2,1,2,1,1]","[3,2]","[[0],[0,1],[0],[0,1],[0,1],[1]]",UNSAT,UNSAT,UNSAT,"[1, 3, 5]",0.083672,0.055074,0.00326,False
702817,3,3,"[3,1,1]","[3,3,1]","[[0,1,2],[1],[2]]",UNSAT,UNSAT,UNSAT,"[0, 2]",0.016671,0.039004,0.002224,False
702818,6,4,"[1,2,2,2,1,1]","[1,1,1,2]","[[0,2],[2,3],[1,2],[0,1,2],[1,2,3],[0,1]]",UNSAT,UNSAT,UNSAT,"[1, 2]",0.055195,0.067935,0.004452,False
702819,6,5,"[2,1,3,3,2,1]","[1,2,3,3,1]","[[1,4],[0,2,3],[0,1,2,3,4],[1,2,3],[0,2],[0,1,2,3,4]]",UNSAT,UNSAT,UNSAT,"[0, 2, 3, 4]",0.233296,0.08429,0.005807,False
702820,7,1,"[1,1,1,1,1,1,1]",[2],"[[0],[0],[0],[0],[0],[0],[0]]",UNSAT,UNSAT,UNSAT,"[0, 1, 2]",0.043428,0.050527,0.002499,False
702821,2,6,"[3,1]","[2,1,3,1,2,3]","[[1,2,4,5],[0,1,2,3,4,5]]",FEASIBLE,FEASIBLE,FEASIBLE,null,0.017473,0.03584,0.002074,False
702822,2,7,"[3,1]","[2,1,3,3,3,1,3]","[[0,1,2,3,4,5,6],[0,1,2,6]]",FEASIBLE,FEASIBLE,FEASIBLE,null,0.019321,0.122235,0.002098,False
702823,4,3,"[1,1,3,2]","[3,2,2]","[[0,1,2],[2],[0,1,2],[0,2]]",UNSAT,UNSAT,UNSAT,"[1, 2, 3]",0.044247,0.048685,0.002862,False
702824,5,3,"[3,1,1,1,2]","[2,1,1]","[[0,1,2],[0,1,2],[2],[0,1,2],[0,2]]",UNSAT,UNSAT,UNSAT,"[0, 2]",0.035729,0.059724,0.003572,False
702825,3,3,"[1,3,1]","[2,3,3]","[[1,2],[0,1,2],[0,2]]",FEASIBLE,FEASIBLE,FEASIBLE,null,0.023983,0.030775,0.001704,False
702826,5,4,"[2,2,1,2,1]","[3,1,2,3]","[[1,2],[0,1,2,3],[3],[0,1,2,3],[2,3]]",FEASIBLE,FEASIBLE,FEASIBLE,null,0.125051,0.048294,0.002781,False
702827,4,4,"[3,1,1,3]","[2,3,2,1]","[[0,1,2,3],[0,1,2,3],[0,2,3],[0,1,2,3]]",FEASIBLE,FEASIBLE,FEASIBLE,null,0.063751,0.06216,0.003712,False
702828,2,7,"[2,1]","[3,1,1,1,1,2,2]","[[2,3],[3,5]]",FEASIBLE,FEASIBLE,FEASIBLE,null,0.019737,0.025484,0.001487,False
702829,4,7,"[1,1,1,3]","[3,2,3,2,3,3,2]","[[1],[0],[5],[0,1,2,3,4]]",FEASIBLE,FEASIBLE,FEASIBLE,null,0.09235,0.038494,0.002205,False
702830,4,2,"[1,1,1,2]","[1,2]","[[1],[1],[0],[0,1]]",UNSAT,UNSAT,UNSAT,"[2, 3]",0.023357,0.039276,0.002253,False
702831,7,6,"[3,3,3,3,1,2,1]","[1,1,2,1,1,2]","[[0,3,4],[0,2,3,4],[0,1,2,4,5],[0,1,2,3,4],[0,1,2,3],[0,1,2,3,4,5],[5]]",UNSAT,UNSAT,UNSAT,"[0, 1]",0.039839,0.105466,0.007408,False
702832,1,4,[1],"[1,1,2,2]","[[1,2]]",FEASIBLE,FEASIBLE,FEASIBLE,null,0.005637,0.029588,0.000913,False
702833,6,5,"[1,1,2,1,2,2]","[1,3,1,1,1]","[[0,2,3,4],[1,2],[0,1,2,3,4],[1,2,4],[1,4],[0,1]]",UNSAT,UNSAT,UNSAT,"[0, 1, 2, 4, 5]",0.284682,0.194555,0.006457,False
702834,3,4,"[3,3,1]","[1,1,2,1]","[[0,1,2,3],[0,1,2,3],[1]]",UNSAT,UNSAT,UNSAT,"[0, 1]",0.017028,0.050682,0.00318,False
702835,5,5,"[3,2,1,2,2]","[2,2,1,1,1]","[[0,2,3,4],[1,3],[0,1,3,4],[1,2,4],[0,1,4]]",UNSAT,UNSAT,UNSAT,"[0, 1, 3]",0.0782,0.085677,0.005021,False
702836,3,4,"[1,2,1]","[3,3,2,2]","[[1,2],[1,3],[1]]",FEASIBLE,FEASIBLE,FEASIBLE,null,0.029288,0.028284,0.001551,False
702837,1,3,[2],"[3,1,1]","[[0,1,2]]",FEASIBLE,FEASIBLE,FEASIBLE,null,0.004867,0.01712,0.001083,False
702838,6,3,"[2,1,1,1,1,1]","[3,3,3]","[[0,1,2],[0,1,2],[1],[0,1,2],[0],[1]]",FEASIBLE,FEASIBLE,FEASIBLE,null,0.204114,0.05404,0.002833,False
702839,3,1,"[1,1,1]",[1],"[[0],[0],[0]]",UNSAT,UNSAT,UNSAT,"[0, 1]",0.008208,0.123128,0.001522,False
702840,1,1,[1],[3],[[0]],FEASIBLE,FEASIBLE,FEASIBLE,null,0.005617,0.015442,0.000595,False
702841,4,2,"[1,1,2,2]","[2,3]","[[1],[0,1],[0,1],[0,1]]",UNSAT,UNSAT,UNSAT,"[0, 1, 2, 3]",0.03684,0.051353,0.002792,False
702842,4,6,"[3,2,3,2]","[2,2,2,3,1,2]","[[0,1,2,4,5],[0,1,3,4,5],[0,1,3,4,5],[0,1,2,3,4,5]]",FEASIBLE,FEASIBLE,FEASIBLE,null,0.080965,0.062617,0.003817,False
702843,2,5,"[1,1]","[1,1,1,3,2]","[[0,1,2,4],[2,4]]",FEASIBLE,FEASIBLE,FEASIBLE,null,0.015588,0.025573,0.001563,False
702844,2,1,"[1,1]",[1],"[[0],[0]]",UNSAT,UNSAT,UNSAT,"[0, 1]",0.006526,0.025732,0.001111,False
702845,7,5,"[2,1,3,1,1,1,1]","[3,3,3,3,3]","[[0,2],[2,4],[0,1,3,4],[2,3],[0,1,4],[2],[1,2]]",FEASIBLE,FEASIBLE,FEASIBLE,null,0.64009,0.182132,0.003935,False
702846,4,6,"[2,1,1,3]","[1,1,2,1,2,2]","[[1,3,4],[5],[0],[0,1,2,3]]",UNSAT,UNSAT,UNSAT,"[0, 2, 3]",0.071955,0.070373,0.004313,False
702847,3,5,"[1,2,1]","[2,3,1,1,3]","[[2,3],[2,3,4],[0,1,2,3,4]]",FEASIBLE,FEASIBLE,FEASIBLE,null,0.036124,0.035812,0.002137,False
702848,3,2,"[1,2,1]","[3,3]","[[0,1],[0,1],[0,1]]",FEASIBLE,FEASIBLE,FEASIBLE,null,0.019277,0.027332,0.001361,False
702849,5,5,"[2,1,1,2,1]","[1,2,3,3,2]","[[0,1,2,3],[4],[0,1,2,4],[0,3],[2,3]]",FEASIBLE,FEASIBLE,FEASIBLE,null,0.163477,0.060027,0.003319,False
702850,6,1,"[1,1,1,1,1,1]",[2],"[[0],[0],[0],[0],[0],[0]]",UNSAT,UNSAT,UNSAT,"[0, 1, 2]",0.033519,0.044574,0.00227,False
702851,3,2,"[1,1,1]","[1,1]","[[0],[0],[0,1]]",UNSAT,UNSAT,UNSAT,"[0, 1]",0.010869,0.03191,0.0019,False
702852,7,1,"[1,1,1,1,1,1,1]",[3],"[[0],[0],[0],[0],[0],[0],[0]]",UNSAT,UNSAT,UNSAT,"[0, 1, 2, 3]",0.096571,0.048599,0.002314,False
702853,6,6,"[1,2,2,2,1,1]","[2,3,3,1,2,2]","[[1,2,4,5],[0,1,2,3,4,5],[0,2,3,5],[0,1,2,3,4],[0,2,4,5],[4]]",FEASIBLE,FEASIBLE,FEASIBLE,null,0.364697,0.063371,0.004054,False
702854,7,6,"[1,1,1,3,1,1,2]","[3,2,1,3,1,1]","[[0,1,3,4],[0,1,2,3],[2,4],[0,2,4],[0,1,2,3,5],[0,1,2],[2,3]]",UNSAT,UNSAT,UNSAT,"[2, 3]",0.096606,0.080857,0.005333,False
702855,6,3,"[1,1,1,2,1,2]","[2,3,2]","[[0,1],[0],[0,1,2],[0,2],[0,1],[0,1,2]]",UNSAT,UNSAT,UNSAT,"[0, 1, 2, 3, 4, 5]",0.201231,0.259834,0.004191,False
702856,3,5,"[1,1,2]","[1,2,1,1,2]","[[0,1,2,3,4],[0],[1,3]]",FEASIBLE,FEASIBLE,FEASIBLE,null,0.034542,0.043642,0.003928,False
702857,4,5,"[1,3,2,2]","[3,1,1,1,2]","[[3],[0,1,2,3,4],[0,1,2,3,4],[0,2,3,4]]",FEASIBLE,FEASIBLE,FEASIBLE,null,0.073824,0.052768,0.003662,False
702858,6,1,"[1,1,1,1,1,1]",[2],"[[0],[0],[0],[0],[0],[0]]",UNSAT,UNSAT,UNSAT,"[0, 1, 2]",0.03364,0.044072,0.003008,False
702859,3,1,"[1,1,1]",[1],"[[0],[0],[0]]",UNSAT,UNSAT,UNSAT,"[0, 1]",0.008142,0.029258,0.001579,False
702860,2,5,"[3,2]","[1,3,1,3,3]","[[1,3,4],[0,4]]",FEASIBLE,FEASIBLE,FEASIBLE,null,0.01561,0.028494,0.001686,False
702861,1,4,[2],"[2,1,1,3]","[[1,2]]",FEASIBLE,FEASIBLE,FEASIBLE,null,0.005428,0.016536,0.002353,False
702862,3,6,"[3,3,1]","[2,1,3,1,3,3]","[[3,4,5],[0,1,4],[4]]",FEASIBLE,FEASIBLE,FEASIBLE,null,0.038169,0.038639,0.002223,False
702863,3,3,"[1,1,3]","[1,3,3]","[[1],[2],[0,1,2]]",FEASIBLE,FEASIBLE,FEASIBLE,null,0.02287,0.028365,0.001564,False
702864,1,6,[1],"[2,3,2,1,1,1]","[[0,4,5]]",FEASIBLE,FEASIBLE,FEASIBLE,null,0.006969,0.015967,0.001126,False
702865,3,1,"[1,1,1]",[3],"[[0],[0],[0]]",FEASIBLE,FEASIBLE,FEASIBLE,null,0.013112,0.020711,0.001005,False
702866,3,5,"[1,3,1]","[1,2,2,3,1]","[[0,1,3,4],[2,3,4],[4]]",UNSAT,UNSAT,UNSAT,"[1, 2]",0.027436,0.043045,0.002884,False
702867,6,4,"[2,2,1,2,2,2]","[1,3,1,2]","[[1,2],[0,1,2,3],[3],[1,2],[0,1,2,3],[0,1,2,3]]",UNSAT,UNSAT,UNSAT,"[0, 3]",0.033216,0.075208,0.005439,False
702868,7,7,"[1,2,3,2,1,3,1]","[1,1,2,3,1,2,3]","[[4],[0,1,6],[0,1,2,3,4,5],[0,1,2,3,4,6],[1,2,3,5,6],[2,5,6],[0,6]]",FEASIBLE,FEASIBLE,FEASIBLE,null,0.886238,0.208656,0.006458,False
702869,7,5,"[2,1,1,2,1,1,1]","[3,1,2,2,1]","[[0,1,2,3,4],[0,1,3],[0,3],[0,1,2,3,4],[4],[1],[1]]",UNSAT,UNSAT,UNSAT,"[5, 6]",0.124091,0.094935,0.005628,False
702870,3,6,"[1,3,1]","[2,2,3,2,1,3]","[[5],[0,1,2,3],[3]]",FEASIBLE,FEASIBLE,FEASIBLE,null,0.039725,0.032726,0.002017,False
702871,3,5,"[1,2,1]","[3,1,1,3,3]","[[2,4],[1,4],[0,1,2,4]]",FEASIBLE,FEASIBLE,FEASIBLE,null,0.033479,0.031285,0.00197,False
702872,7,4,"[1,1,3,1,2,1,2]","[3,1,2,1]","[[0,1],[2],[0,1,2],[1,2,3],[0,1,2,3],[1],[0,1,2,3]]",UNSAT,UNSAT,UNSAT,"[2, 5]",0.077041,0.079613,0.005673,False
702873,3,2,"[1,1,2]","[3,3]","[[0,1],[0],[0,1]]",FEASIBLE,FEASIBLE,FEASIBLE,null,0.065747,0.028366,0.001472,False
702874,1,4,[2],"[1,2,3,3]","[[1,3]]",FEASIBLE,FEASIBLE,FEASIBLE,null,0.005794,0.017619,0.001075,False
702875,7,5,"[3,1,2,1,3,3,1]","[1,3,2,2,3]","[[1,3,4],[0],[0,1,2,3,4],[0],[0,2,4],[0,1,2,3,4],[2]]",UNSAT,UNSAT,UNSAT,"[1, 3]",0.064936,0.087978,0.005991,False
702876,3,3,"[2,2,1]","[3,1,1]","[[0,2],[0,1,2],[1]]",UNSAT,UNSAT,UNSAT,"[0, 1, 2]",0.02315,0.04114,0.002711,False
702877,6,2,"[1,1,1,1,1,1]","[3,2]","[[1],[1],[1],[0,1],[0,1],[0]]",UNSAT,UNSAT,UNSAT,"[0, 1, 2]",0.049419,0.04781,0.00293,False
702878,2,3,"[1,1]","[2,2,3]","[[0],[2]]",FEASIBLE,FEASIBLE,FEASIBLE,null,0.011517,0.018634,0.001079,False
702879,4,5,"[2,2,1,1]","[2,1,1,2,1]","[[0,1,2,3,4],[0,1,4],[0],[0,1,2,3]]",FEASIBLE,FEASIBLE,FEASIBLE,null,0.089312,0.160272,0.003503,False
702880,4,2,"[2,1,2,1]","[3,2]","[[0,1],[1],[0,1],[1]]",UNSAT,UNSAT,UNSAT,"[0, 1, 2]",0.027877,0.043561,0.0026,False
702881,7,1,"[1,1,1,1,1,1,1]",[2],"[[0],[0],[0],[0],[0],[0],[0]]",UNSAT,UNSAT,UNSAT,"[0, 1, 2]",0.044566,0.048267,0.002716,False
702882,2,6,"[1,2]","[2,2,2,1,3,1]","[[0,1,2,4],[0,1,5]]",FEASIBLE,FEASIBLE,FEASIBLE,null,0.018085,0.027332,0.0018,False
702883,1,5,[2],"[1,1,3,3,3]","[[0,1,2,3,4]]",FEASIBLE,FEASIBLE,FEASIBLE,null,0.006195,0.019091,0.001314,False
702884,4,6,"[1,2,1,1]","[1,1,2,2,1,1]","[[0],[0,1,3,5],[0,1,2,4],[1,2,3]]",FEASIBLE,FEASIBLE,FEASIBLE,null,0.083466,0.041945,0.002677,False
702885,5,4,"[1,2,1,3,2]","[3,1,1,2]","[[0,1,2,3],[1,2,3],[0,1,2],[0,1,2,3],[1,2,3]]",UNSAT,UNSAT,UNSAT,"[1, 3, 4]",0.093099,0.067704,0.004866,False
702886,1,1,[1],[3],[[0]],FEASIBLE,FEASIBLE,FEASIBLE,null,0.003789,0.011976,0.000722,False
702887,4,1,"[1,1,1,1]",[3],"[[0],[0],[0],[0]]",UNSAT,UNSAT,UNSAT,"[0, 1, 2, 3]",0.025009,0.035518,0.002067,False
702888,3,5,"[2,2,1]","[3,3,2,1,1]","[[0,1,2,3,4],[0,3,4],[4]]",FEASIBLE,FEASIBLE,FEASIBLE,null,0.033283,0.033696,0.002064,False
702889,2,4,"[1,2]","[1,2,2,3]","[[1],[0,3]]",FEASIBLE,FEASIBLE,FEASIBLE,null,0.013181,0.021628,0.001212,False
702890,1,2,[1],"[3,1]","[[0,1]]",FEASIBLE,FEASIBLE,FEASIBLE,null,0.004028,0.012508,0.000775,False
702891,1,5,[1],"[1,1,1,1,1]","[[0,1,3,4]]",FEASIBLE,FEASIBLE,FEASIBLE,null,0.005828,0.016583,0.001179,False
702892,7,6,"[1,1,3,2,1,1,3]","[2,1,1,1,2,3]","[[0,1,3],[1,5],[0,1,2,3,4],[0,2,3,5],[4],[0,1,2,3,4,5],[0,1,2,3,4,5]]",UNSAT,UNSAT,UNSAT,"[0, 2, 3, 4, 6]",0.672293,0.235724,0.009813,False
702893,4,6,"[2,2,1,1]","[1,2,1,2,2,3]","[[2,5],[1,3],[3,4],[2,3]]",FEASIBLE,FEASIBLE,FEASIBLE,null,0.083699,0.051855,0.002973,False
702894,3,1,"[1,1,1]",[2],"[[0],[0],[0]]",UNSAT,UNSAT,UNSAT,"[0, 1, 2]",0.013481,0.02999,0.001633,False
702895,2,6,"[2,2]","[2,2,3,2,3,1]","[[0,1,5],[1,3,4,5]]",FEASIBLE,FEASIBLE,FEASIBLE,null,0.017857,0.028942,0.001826,False
702896,7,1,"[1,1,1,1,1,1,1]",[3],"[[0],[0],[0],[0],[0],[0],[0]]",UNSAT,UNSAT,UNSAT,"[0, 1, 2, 3]",0.095949,0.04802,0.002543,False
702897,2,2,"[2,2]","[2,1]","[[0,1],[0,1]]",UNSAT,UNSAT,UNSAT,"[0, 1]",0.008882,0.032502,0.001944,False
702898,1,4,[1],"[1,2,2,3]","[[1,3]]",FEASIBLE,FEASIBLE,FEASIBLE,null,0.005605,0.01465,0.000874,False
702899,4,4,"[1,3,3,1]","[1,3,3,3]","[[0,1,2,3],[0,2,3],[0,1,2],[0,1,3]]",UNSAT,UNSAT,UNSAT,"[1, 2]",0.030076,0.070951,0.004247,False
702900,6,6,"[3,3,3,1,1,2]","[2,3,3,2,3,3]","[[0,1,2,3,4],[0,1,2,3,4],[0,1,5],[0,4],[4,5],[0,3,5]]",FEASIBLE,FEASIBLE,FEASIBLE,null,0.35857,0.084239,0.004942,False
702901,2,6,"[3,2]","[3,1,3,1,1,3]","[[0,1,2,3,4,5],[0,2]]",FEASIBLE,FEASIBLE,FEASIBLE,null,0.017608,0.032093,0.002001,False
702902,2,6,"[2,3]","[3,3,1,3,2,3]","[[0,1,2,3,5],[1,2,3]]",FEASIBLE,FEASIBLE,FEASIBLE,null,0.017461,0.031541,0.001857,False
702903,6,2,"[1,1,1,1,1,2]","[2,1]","[[0,1],[0],[0],[0],[0],[0,1]]",UNSAT,UNSAT,UNSAT,"[0, 1, 5]",0.056053,0.050133,0.003128,False
702904,6,7,"[1,3,2,1,3,2]","[2,1,2,1,1,3,2]","[[2,6],[0,2,3,6],[1,2,3,4,5,6],[0,1,2,3,4,5,6],[1,2,3],[0,1,2,3,4,5]]",FEASIBLE,FEASIBLE,FEASIBLE,null,0.43074,0.210191,0.006212,False
702905,1,5,[1],"[2,1,3,3,3]","[[0,1,2,3,4]]",FEASIBLE,FEASIBLE,FEASIBLE,null,0.007072,0.018211,0.001269,False
702906,3,4,"[1,2,1]","[3,3,1,2]","[[1,2,3],[0,1,2],[3]]",FEASIBLE,FEASIBLE,FEASIBLE,null,0.029751,0.031214,0.001882,False
702907,1,3,[1],"[2,1,1]","[[0,1,2]]",FEASIBLE,FEASIBLE,FEASIBLE,null,0.005039,0.014664,0.000922,False
702908,2,6,"[2,3]","[3,3,2,3,2,3]","[[1,5],[0,1,2,3,5]]",FEASIBLE,FEASIBLE,FEASIBLE,null,0.017831,0.031087,0.001963,False
702909,7,6,"[1,2,1,2,1,3,2]","[1,1,1,1,1,3]","[[3],[0,2,4,5],[0,3],[2,3,4,5],[2,4],[0,1,4,5],[0,1,2,3,4,5]]",UNSAT,UNSAT,UNSAT,"[1, 3, 5, 6]",0.537414,0.096335,0.00726,False
702910,4,4,"[1,2,2,2]","[2,2,2,1]","[[0,1,2,3],[1,2,3],[1,2,3],[2,3]]",UNSAT,UNSAT,UNSAT,"[1, 2, 3]",0.057158,0.056896,0.003624,False
702911,1,1,[1],[2],[[0]],FEASIBLE,FEASIBLE,FEASIBLE,null,0.003645,0.01231,0.000636,False
702912,5,6,"[3,1,2,2,2]","[3,1,2,2,3,2]","[[0,1,2,3,4,5],[5],[3,4,5],[0,1,2,3,4,5],[0,1,2,3,4,5]]",FEASIBLE,FEASIBLE,FEASIBLE,null,0.192642,0.06496,0.004114,False
702913,5,2,"[1,2,1,1,2]","[1,1]","[[0,1],[0,1],[0],[1],[0,1]]",UNSAT,UNSAT,UNSAT,"[0, 1]",0.015669,0.052423,0.003263,False
702914,2,1,"[1,1]",[3],"[[0],[0]]",FEASIBLE,FEASIBLE,FEASIBLE,null,0.007294,0.017545,0.000926,False
702915,3,1,"[1,1,1]",[1],"[[0],[0],[0]]",UNSAT,UNSAT,UNSAT,"[0, 1]",0.008251,0.029386,0.001623,False
702916,7,2,"[1,1,1,1,1,1,1]","[2,2]","[[1],[1],[0,1],[0,1],[1],[0],[0,1]]",UNSAT,UNSAT,UNSAT,"[0, 1, 4]",0.071631,0.155924,0.003555,False
702917,5,7,"[2,2,3,1,1]","[2,3,1,3,1,3,2]","[[0,1,2,3],[0,1,2,3,4,5,6],[0,1,2,3,4,5],[2,3],[1,2,3,5,6]]",FEASIBLE,FEASIBLE,FEASIBLE,null,0.206383,0.063694,0.004261,False
702918,5,4,"[3,1,1,1,1]","[1,3,3,2]","[[0,1,2,3],[3],[2,3],[1,2,3],[1]]",FEASIBLE,FEASIBLE,FEASIBLE,null,0.126585,0.042936,0.00234,False
702919,7,5,"[2,1,3,3,2,2,3]","[2,2,2,2,3]","[[0,1,4],[4],[0,1,2,3,4],[0,1,2,3,4],[0,3],[0,3],[0,1,2,3,4]]",UNSAT,UNSAT,UNSAT,"[0, 1, 2, 3, 6]",0.592078,0.135422,0.006698,False
702920,6,4,"[1,1,1,1,2,1]","[3,3,3,2]","[[0,1,2,3],[0,1,2,3],[2],[0,1,2],[1,3],[0,1,2,3]]",FEASIBLE,FEASIBLE,FEASIBLE,null,0.265774,0.053349,0.003308,False
702921,5,6,"[1,3,1,1,1]","[3,3,3,1,1,3]","[[0],[0,4,5],[0,3,4,5],[1,2,3,4,5],[0,1,2,3,4,5]]",FEASIBLE,FEASIBLE,FEASIBLE,null,0.193959,0.054517,0.003579,False
702922,7,3,"[3,1,1,2,1,2,2]","[2,3,2]","[[0,1,2],[2],[0,1,2],[0,1],[0,2],[0,1,2],[0,1,2]]",UNSAT,UNSAT,UNSAT,"[0, 1, 3, 4]",0.215622,0.079469,0.004924,False
702923,5,2,"[1,2,2,1,2]","[1,2]","[[0],[0,1],[0,1],[0,1],[0,1]]",UNSAT,UNSAT,UNSAT,"[0, 1]",0.015625,0.051738,0.003229,False
702924,7,2,"[1,1,2,1,2,1,1]","[3,1]","[[0],[1],[0,1],[0],[0,1],[0,1],[0,1]]",UNSAT,UNSAT,UNSAT,"[1, 2]",0.032772,0.064099,0.003664,False
702925,6,3,"[1,3,1,1,1,1]","[2,1,3]","[[0,1,2],[0,1,2],[0,1,2],[0,1,2],[1],[0]]",UNSAT,UNSAT,UNSAT,"[1, 4]",0.0425,0.174907,0.004524,False
702926,5,7,"[2,3,1,2,1]","[2,1,3,1,3,1,3]","[[0,6],[0,2,4,5,6],[2],[0,1,2,3,4,5,6],[0,1,2,3,4,5,6]]",FEASIBLE,FEASIBLE,FEASIBLE,null,0.209178,0.080837,0.00401,False
702927,2,3,"[2,1]","[1,2,1]","[[0,1],[0]]",UNSAT,UNSAT,UNSAT,"[0, 1]",0.012188,0.031753,0.001837,False
702928,2,7,"[1,1]","[1,1,2,1,3,3,2]","[[2],[0,1,2,3,4,6]]",FEASIBLE,FEASIBLE,FEASIBLE,null,0.020295,0.026134,0.001719,False
702929,7,5,"[3,2,2,1,1,1,1]","[1,3,2,2,1]","[[0,1,2,4],[1,2,3],[0,2,3],[2],[0,1,2,3],[1],[1]]",UNSAT,UNSAT,UNSAT,"[0, 1, 2, 3, 4, 5]",0.658669,0.110432,0.007981,False
702930,1,1,[1],[2],[[0]],FEASIBLE,FEASIBLE,FEASIBLE,null,0.006183,0.013032,0.000827,False
702931,4,2,"[2,2,1,1]","[2,3]","[[0,1],[0,1],[0],[0]]",UNSAT,UNSAT,UNSAT,"[0, 1, 2]",0.027197,0.043905,0.002654,False
702932,3,3,"[2,1,3]","[1,2,1]","[[0,1,2],[0,1,2],[0,1,2]]",UNSAT,UNSAT,UNSAT,"[0, 2]",0.016834,0.050029,0.003093,False
702933,5,6,"[2,1,2,1,3]","[2,1,3,1,2,1]","[[1,3],[0,1,2,3,4],[2,4],[0,2],[0,1,2,3,5]]",FEASIBLE,FEASIBLE,FEASIBLE,null,0.178601,0.07016,0.004288,False
702934,4,3,"[3,1,1,2]","[2,2,2]","[[0,1,2],[2],[0,1,2],[0,2]]",UNSAT,UNSAT,UNSAT,"[0, 1, 3]",0.038914,0.067545,0.003728,False
702935,4,6,"[1,1,1,1]","[3,3,1,2,1,2]","[[0,1,2,3,4],[1,2],[1,2,3,4,5],[0,1,2,3,4,5]]",FEASIBLE,FEASIBLE,FEASIBLE,null,0.087395,0.040574,0.00313,False
702936,3,4,"[2,1,2]","[2,3,2,2]","[[1,2,3],[0,2],[0,1,2,3]]",FEASIBLE,FEASIBLE,FEASIBLE,null,0.029927,0.154857,0.002041,False
702937,1,5,[2],"[3,1,3,3,1]","[[1,2,3]]",FEASIBLE,FEASIBLE,FEASIBLE,null,0.007154,0.020117,0.00131,False
702938,2,3,"[2,2]","[3,2,2]","[[0,1],[0,2]]",FEASIBLE,FEASIBLE,FEASIBLE,null,0.011549,0.024936,0.001366,False
702939,1,5,[1],"[2,2,3,3,1]",[[2]],FEASIBLE,FEASIBLE,FEASIBLE,null,0.006253,0.014194,0.00095,False
702940,3,2,"[1,1,2]","[1,2]","[[1],[1],[0,1]]",UNSAT,UNSAT,UNSAT,"[0, 1, 2]",0.018671,0.035578,0.002158,False
702941,2,1,"[1,1]",[1],"[[0],[0]]",UNSAT,UNSAT,UNSAT,"[0, 1]",0.007104,0.025624,0.001305,False
702942,2,5,"[1,2]","[3,2,2,3,1]","[[0,2],[0,1,2,3,4]]",FEASIBLE,FEASIBLE,FEASIBLE,null,0.016611,0.026662,0.001707,False
702943,3,3,"[1,1,1]","[3,2,3]","[[2],[2],[0,1]]",FEASIBLE,FEASIBLE,FEASIBLE,null,0.029078,0.024346,0.001369,False
702944,7,3,"[2,1,1,2,3,2,3]","[2,2,1]","[[0,2],[0],[0,2],[0,1,2],[0,1,2],[1,2],[0,1,2]]",UNSAT,UNSAT,UNSAT,"[0, 4]",0.033353,0.075085,0.004996,False
702945,5,2,"[1,1,2,2,1]","[3,1]","[[1],[0],[0,1],[0,1],[0]]",UNSAT,UNSAT,UNSAT,"[0, 2]",0.017496,0.04917,0.002973,False
702946,2,4,"[1,2]","[2,2,1,1]","[[1,3],[1,2]]",FEASIBLE,FEASIBLE,FEASIBLE,null,0.013776,0.023345,0.001261,False
702947,4,7,"[1,1,3,3]","[3,2,3,3,2,2,2]","[[6],[0,5,6],[0,2,4,5,6],[0,1,2,3,4,5,6]]",FEASIBLE,FEASIBLE,FEASIBLE,null,0.095685,0.05038,0.00341,False
702948,2,1,"[1,1]",[2],"[[0],[0]]",FEASIBLE,FEASIBLE,FEASIBLE,null,0.007422,0.016395,0.000742,False
702949,3,4,"[3,1,3]","[3,1,2,2]","[[0,1,2,3],[0,1],[0,1,2]]",FEASIBLE,FEASIBLE,FEASIBLE,null,0.028706,0.049372,0.002621,False
702950,7,4,"[1,1,2,1,1,1,1]","[1,2,2,3]","[[0,1,2,3],[0,1,3],[0,1],[1],[3],[1],[1,2,3]]",UNSAT,UNSAT,UNSAT,"[2, 3, 5]",0.211622,0.185752,0.005261,False
702951,5,5,"[1,2,2,1,3]","[3,1,3,2,2]","[[1],[0,3],[2,3],[1,2,3],[0,1,3,4]]",UNSAT,UNSAT,UNSAT,"[0, 1, 2, 4]",0.133074,0.079835,0.004217,False
702952,2,5,"[1,1]","[1,2,1,1,3]","[[1,3],[0]]",FEASIBLE,FEASIBLE,FEASIBLE,null,0.016602,0.021547,0.001207,False
702953,1,4,[1],"[3,1,1,3]",[[0]],FEASIBLE,FEASIBLE,FEASIBLE,null,0.005574,0.013539,0.000835,False
702954,3,7,"[3,1,1]","[3,1,1,2,2,3,3]","[[0,2,3,4,5,6],[2,3,4,6],[4,6]]",FEASIBLE,FEASIBLE,FEASIBLE,null,0.094995,0.041033,0.002554,False
702955,5,2,"[1,1,1,1,1]","[3,2]","[[0,1],[0,1],[1],[0,1],[0]]",FEASIBLE,FEASIBLE,FEASIBLE,null,0.076156,0.045771,0.002437,False
702956,2,1,"[1,1]",[1],"[[0],[0]]",UNSAT,UNSAT,UNSAT,"[0, 1]",0.007217,0.026128,0.001137,False
702957,3,6,"[2,2,1]","[1,1,3,1,1,2]","[[0,1,2,3,5],[0,1,2,3,4,5],[0,2,3,4]]",FEASIBLE,FEASIBLE,FEASIBLE,null,0.039569,0.043695,0.002976,False
702958,5,1,"[1,1,1,1,1]",[1],"[[0],[0],[0],[0],[0]]",UNSAT,UNSAT,UNSAT,"[0, 1]",0.011021,0.043627,0.002322,False
702959,5,6,"[2,2,1,1,1]","[1,3,3,2,2,1]","[[0,1,3,5],[0,4],[1,2],[5],[2]]",FEASIBLE,FEASIBLE,FEASIBLE,null,0.175893,0.056106,0.003214,False
702960,7,2,"[1,1,1,1,2,1,2]","[3,1]","[[0],[0],[0,1],[0,1],[0,1],[0,1],[0,1]]",UNSAT,UNSAT,UNSAT,"[4, 6]",0.059979,0.064742,0.00374,False
702961,5,3,"[2,1,3,1,2]","[2,3,1]","[[1,2],[1],[0,1,2],[0,1,2],[1,2]]",UNSAT,UNSAT,UNSAT,"[0, 2]",0.022266,0.061401,0.00349,False
702962,7,4,"[1,1,1,3,1,2,1]","[1,1,1,3]","[[3],[0],[0,1,2,3],[0,1,2,3],[3],[0,1,2,3],[0,1,2,3]]",UNSAT,UNSAT,UNSAT,"[1, 3, 5]",0.193813,0.182364,0.005718,False
702963,2,4,"[2,1]","[3,3,1,3]","[[0,2,3],[0,2,3]]",FEASIBLE,FEASIBLE,FEASIBLE,null,0.014429,0.025779,0.001503,False
702964,7,2,"[1,2,2,1,1,1,1]","[1,1]","[[1],[0,1],[0,1],[0,1],[0],[0,1],[0,1]]",UNSAT,UNSAT,UNSAT,"[0, 1]",0.032903,0.06383,0.003527,False
702965,6,1,"[1,1,1,1,1,1]",[3],"[[0],[0],[0],[0],[0],[0]]",UNSAT,UNSAT,UNSAT,"[0, 1, 2, 3]",0.066635,0.046118,0.002461,False
702966,3,5,"[1,3,1]","[3,1,2,3,3]","[[1],[0,2,3,4],[4]]",FEASIBLE,FEASIBLE,FEASIBLE,null,0.034341,0.032437,0.001878,False
702967,7,1,"[1,1,1,1,1,1,1]",[2],"[[0],[0],[0],[0],[0],[0],[0]]",UNSAT,UNSAT,UNSAT,"[0, 1, 2]",0.04455,0.047955,0.002337,False
702968,4,1,"[1,1,1,1]",[1],"[[0],[0],[0],[0]]",UNSAT,UNSAT,UNSAT,"[0, 1]",0.009444,0.034589,0.001802,False
702969,7,3,"[2,3,1,3,2,2,3]","[1,2,3]","[[0,1,2],[0,1,2],[2],[0,1,2],[1,2],[1,2],[0,1,2]]",UNSAT,UNSAT,UNSAT,"[1, 3]",0.045189,0.077102,0.004906,False
702970,5,6,"[1,3,2,1,1]","[3,1,3,2,3,2]","[[0,2,3,4,5],[2,4,5],[0,1,2,3,4],[0,1,4],[3]]",FEASIBLE,FEASIBLE,FEASIBLE,null,0.181923,0.052217,0.003318,False
702971,3,1,"[1,1,1]",[1],"[[0],[0],[0]]",UNSAT,UNSAT,UNSAT,"[0, 1]",0.008408,0.030297,0.001555,False
702972,5,2,"[1,1,2,2,1]","[3,1]","[[0,1],[1],[0,1],[0,1],[1]]",UNSAT,UNSAT,UNSAT,"[1, 2]",0.023792,0.048258,0.002711,False
702973,2,5,"[1,3]","[2,3,3,2,1]","[[0,3],[0,1,2,3,4]]",FEASIBLE,FEASIBLE,FEASIBLE,null,0.01587,0.121415,0.001768,False
702974,2,4,"[1,3]","[2,3,2,3]","[[3],[0,2,3]]",FEASIBLE,FEASIBLE,FEASIBLE,null,0.014492,0.026248,0.00144,False
702975,7,7,"[2,1,2,1,3,3,2]","[1,3,1,3,3,1,1]","[[3,5],[0,3,4,5],[0,2,5,6],[0,3,6],[0,1,2,3,4,5,6],[1,3,4,6],[0,1,2,5,6]]",UNSAT,UNSAT,UNSAT,"[0, 2, 3, 4, 5, 6]",0.892626,0.137096,0.009407,False
702976,4,3,"[2,1,2,3]","[1,2,1]","[[0,2],[0,2],[0,1,2],[0,1,2]]",UNSAT,UNSAT,UNSAT,"[0, 1]",0.017127,0.052877,0.00318,False
702977,6,2,"[2,1,1,1,1,1]","[3,2]","[[0,1],[1],[1],[1],[0],[1]]",UNSAT,UNSAT,UNSAT,"[0, 1, 2]",0.049717,0.047899,0.002862,False
702978,3,1,"[1,1,1]",[2],"[[0],[0],[0]]",UNSAT,UNSAT,UNSAT,"[0, 1, 2]",0.012949,0.030085,0.001503,False
702979,1,5,[1],"[2,3,1,2,2]","[[0,1,2,3,4]]",FEASIBLE,FEASIBLE,FEASIBLE,null,0.0061,0.018206,0.001226,False
702980,2,1,"[1,1]",[2],"[[0],[0]]",FEASIBLE,FEASIBLE,FEASIBLE,null,0.006765,0.01627,0.000734,False
702981,5,1,"[1,1,1,1,1]",[1],"[[0],[0],[0],[0],[0]]",UNSAT,UNSAT,UNSAT,"[0, 1]",0.010703,0.037089,0.002064,False
702982,5,3,"[1,2,2,3,1]","[1,3,1]","[[2],[0,1,2],[0,1,2],[0,1,2],[0,1,2]]",UNSAT,UNSAT,UNSAT,"[0, 3]",0.024202,0.063158,0.003785,False
702983,6,5,"[1,1,1,1,1,2]","[3,3,2,1,3]","[[4],[3],[0,1,2,3,4],[2],[0],[2,3,4]]",FEASIBLE,FEASIBLE,FEASIBLE,null,0.305814,0.045742,0.002631,False
702984,6,5,"[3,1,1,2,3,1]","[1,3,3,2,2]","[[0,2,3],[1],[1,4],[0,1,2,3],[0,1,4],[0,2,4]]",UNSAT,UNSAT,UNSAT,"[0, 4]",0.043916,0.089628,0.005151,False
702985,7,6,"[1,1,2,1,2,2,2]","[3,3,2,3,2,3]","[[0,1,3,4,5],[1,2,3,4,5],[0,2],[2],[0,1,2,3,5],[1,4,5],[0,3,4,5]]",FEASIBLE,FEASIBLE,FEASIBLE,null,0.934742,0.0864,0.004608,False
702986,5,7,"[2,1,2,1,1]","[3,1,2,1,2,1,2]","[[2,3,4,6],[4],[2,6],[0,2,6],[6]]",FEASIBLE,FEASIBLE,FEASIBLE,null,0.201178,0.043708,0.002653,False
702987,4,3,"[2,3,1,1]","[3,1,3]","[[1,2],[0,1,2],[0,1,2],[1]]",UNSAT,UNSAT,UNSAT,"[0, 1]",0.015956,0.047601,0.002923,False
702988,5,5,"[1,3,1,2,1]","[1,2,1,1,2]","[[0,1,2,3,4],[0,1,2,3,4],[2],[2,3],[0,3,4]]",UNSAT,UNSAT,UNSAT,"[2, 3]",0.056534,0.098313,0.005846,False
702989,3,7,"[3,1,3]","[2,1,1,1,1,3,3]","[[1,3,4,5],[1,5],[0,1,2,3,4,5,6]]",FEASIBLE,FEASIBLE,FEASIBLE,null,0.042852,0.045621,0.002758,False
702990,4,6,"[1,1,2,1]","[3,2,2,2,1,2]","[[1,5],[0,1,2,3,4,5],[0,1,2,3,4],[0,3,5]]",FEASIBLE,FEASIBLE,FEASIBLE,null,0.080097,0.039385,0.003035,False
702991,3,2,"[1,2,2]","[1,2]","[[0],[0,1],[0,1]]",UNSAT,UNSAT,UNSAT,"[0, 1]",0.010687,0.035882,0.002197,False
702992,4,4,"[1,3,1,1]","[2,1,2,3]","[[0,1,2,3],[0,1,3],[2,3],[0,1,2,3]]",FEASIBLE,FEASIBLE,FEASIBLE,null,0.057572,0.053571,0.002473,False
702993,5,2,"[1,1,2,1,1]","[3,3]","[[0],[0,1],[0,1],[0,1],[0,1]]",FEASIBLE,FEASIBLE,FEASIBLE,null,0.072046,0.043066,0.002068,False
702994,4,1,"[1,1,1,1]",[1],"[[0],[0],[0],[0]]",UNSAT,UNSAT,UNSAT,"[0, 1]",0.009143,0.035968,0.001738,False
702995,2,2,"[1,2]","[2,1]","[[1],[0,1]]",UNSAT,UNSAT,UNSAT,"[0, 1]",0.008962,0.184188,0.001719,False
702996,6,6,"[1,3,2,1,3,3]","[2,1,3,2,1,2]","[[2],[0,2,3,4,5],[0,1,2,3],[2],[0,1,2,4,5],[0,3,4]]",UNSAT,UNSAT,UNSAT,"[0, 1, 2, 4, 5]",0.369082,0.204004,0.007088,False
702997,3,6,"[3,1,3]","[1,1,1,3,2,3]","[[0,1,2,3,4,5],[2,4],[0,2,4,5]]",FEASIBLE,FEASIBLE,FEASIBLE,null,0.041383,0.0588,0.003183,False
702998,7,1,"[1,1,1,1,1,1,1]",[1],"[[0],[0],[0],[0],[0],[0],[0]]",UNSAT,UNSAT,UNSAT,"[0, 1]",0.013549,0.048193,0.002433,False
702999,7,1,"[1,1,1,1,1,1,1]",[2],"[[0],[0],[0],[0],[0],[0],[0]]",UNSAT,UNSAT,UNSAT,"[0, 1, 2]",0.043225,0.062519,0.002209,False
703000,6,5,"[2,2,2,1,1,1]","[1,1,2,1,1]","[[0,1,2],[2,4],[0,2,3,4],[0,3],[1],[2]]",UNSAT,UNSAT,UNSAT,"[0, 1, 2, 3]",0.18745,0.071071,0.004636,False
703001,3,3,"[1,1,2]","[2,2,3]","[[1,2],[1],[1,2]]",FEASIBLE,FEASIBLE,FEASIBLE,null,0.022784,0.034626,0.001873,False
703002,3,1,"[1,1,1]",[2],"[[0],[0],[0]]",UNSAT,UNSAT,UNSAT,"[0, 1, 2]",0.012735,0.029854,0.001453,False
703003,3,5,"[2,2,3]","[1,3,3,2,1]","[[2,3],[0,1,2],[1,2,3,4]]",FEASIBLE,FEASIBLE,FEASIBLE,null,0.032348,0.038379,0.002205,False
703004,5,5,"[1,1,3,3,2]","[2,3,3,3,1]","[[2],[1,2,4],[0,1,2,3,4],[0,1,2,3,4],[0,1,3]]",FEASIBLE,FEASIBLE,FEASIBLE,null,0.137533,0.064144,0.004225,False
703005,2,5,"[2,1]","[3,1,1,2,2]","[[0,1,3,4],[1]]",FEASIBLE,FEASIBLE,FEASIBLE,null,0.014655,0.032017,0.001907,False
703006,3,6,"[3,2,1]","[3,3,1,1,1,2]","[[0,1,3,4],[1,3,4,5],[4]]",FEASIBLE,FEASIBLE,FEASIBLE,null,0.037169,0.047738,0.00282,False
703007,2,3,"[1,1]","[3,3,3]","[[0],[0,1,2]]",FEASIBLE,FEASIBLE,FEASIBLE,null,0.011481,0.019617,0.001375,False
703008,1,1,[1],[2],[[0]],FEASIBLE,FEASIBLE,FEASIBLE,null,0.003351,0.010561,0.000617,False
703009,7,3,"[1,2,3,1,3,3,3]","[3,1,1]","[[0],[0,1],[0,1,2],[0,1,2],[0,1,2],[0,1,2],[0,1,2]]",UNSAT,UNSAT,UNSAT,"[1, 2]",0.038646,0.072062,0.005147,False
703010,3,2,"[1,1,2]","[3,1]","[[0,1],[0,1],[0,1]]",FEASIBLE,FEASIBLE,FEASIBLE,null,0.017256,0.025542,0.001499,False
703011,1,3,[1],"[3,3,2]",[[1]],FEASIBLE,FEASIBLE,FEASIBLE,null,0.004529,0.011817,0.000809,False
703012,3,3,"[2,1,1]","[3,2,1]","[[1,2],[0],[0,1,2]]",FEASIBLE,FEASIBLE,FEASIBLE,null,0.021503,0.025316,0.00167,False
703013,2,3,"[1,1]","[3,2,1]","[[2],[1]]",FEASIBLE,FEASIBLE,FEASIBLE,null,0.010404,0.016544,0.001158,False
703014,1,5,[2],"[2,3,1,3,1]","[[0,1,2]]",FEASIBLE,FEASIBLE,FEASIBLE,null,0.00579,0.016745,0.001097,False
703015,6,6,"[3,3,2,2,2,2]","[3,1,3,1,2,3]","[[1,2,3],[2,3,4,5],[0,1,2,3],[0,2,3,4,5],[2,3,4],[2,4]]",UNSAT,UNSAT,UNSAT,"[0, 1, 2, 4]",0.221912,0.10993,0.00718,False
703016,7,5,"[3,1,2,2,1,1,1]","[3,1,1,3,3]","[[1,2,3,4],[3,4],[0,1,2,4],[1,2],[0,4],[2,3],[1,4]]",UNSAT,UNSAT,UNSAT,"[0, 3]",0.041399,0.089677,0.006092,False
703017,7,3,"[2,2,1,2,3,1,1]","[3,3,1]","[[0,1,2],[0,1,2],[2],[0,1,2],[0,1,2],[0],[0,1]]",UNSAT,UNSAT,UNSAT,"[2, 4]",0.055487,0.068646,0.004541,False
703018,6,1,"[1,1,1,1,1,1]",[2],"[[0],[0],[0],[0],[0],[0]]",UNSAT,UNSAT,UNSAT,"[0, 1, 2]",0.032231,0.042737,0.002272,False
703019,1,2,[1],"[2,1]","[[0,1]]",FEASIBLE,FEASIBLE,FEASIBLE,null,0.003946,0.013561,0.00074,False
703020,3,7,"[1,1,1]","[2,3,2,3,1,3,1]","[[6],[0,1,2,4,5],[4]]",FEASIBLE,FEASIBLE,FEASIBLE,null,0.132702,0.027504,0.001879,False
703021,2,5,"[1,1]","[3,1,2,2,3]","[[2],[3]]",FEASIBLE,FEASIBLE,FEASIBLE,null,0.014688,0.017986,0.001105,False
703022,4,7,"[1,2,3,1]","[1,1,3,1,1,3,2]","[[2,3,6],[0,6],[0,2,3,4,5,6],[0,1,2,4,5]]",FEASIBLE,FEASIBLE,FEASIBLE,null,0.088737,0.046168,0.003254,False
703023,4,1,"[1,1,1,1]",[3],"[[0],[0],[0],[0]]",UNSAT,UNSAT,UNSAT,"[0, 1, 2, 3]",0.023312,0.045056,0.001857,False
703024,1,7,[2],"[2,1,3,1,3,1,2]","[[0,1,3,5,6]]",FEASIBLE,FEASIBLE,FEASIBLE,null,0.007781,0.022076,0.001328,False
703025,5,2,"[1,1,1,2,1]","[3,3]","[[0],[1],[0],[0,1],[0]]",UNSAT,UNSAT,UNSAT,"[0, 2, 3, 4]",0.06514,0.042772,0.002537,False
703026,7,1,"[1,1,1,1,1,1,1]",[1],"[[0],[0],[0],[0],[0],[0],[0]]",UNSAT,UNSAT,UNSAT,"[0, 1]",0.027174,0.045944,0.002172,False
703027,3,4,"[3,1,1]","[1,2,1,3]","[[0,2,3],[0,1,2,3],[0,1,2,3]]",FEASIBLE,FEASIBLE,FEASIBLE,null,0.026947,0.034875,0.002143,False
703028,2,3,"[1,1]","[3,2,2]","[[0,2],[1]]",FEASIBLE,FEASIBLE,FEASIBLE,null,0.010634,0.017236,0.00118,False
703029,2,5,"[1,3]","[1,3,3,3,2]","[[0,3],[0,2,3]]",FEASIBLE,FEASIBLE,FEASIBLE,null,0.014288,0.032845,0.001982,False
703030,2,7,"[1,1]","[1,1,3,3,1,2,3]","[[4],[1,2,6]]",FEASIBLE,FEASIBLE,FEASIBLE,null,0.018432,0.02081,0.001388,False
703031,4,5,"[1,1,1,2]","[3,3,3,1,1]","[[2],[0],[3],[0,4]]",FEASIBLE,FEASIBLE,FEASIBLE,null,0.065878,0.030109,0.001878,False
703032,1,4,[1],"[2,1,3,3]","[[0,1]]",FEASIBLE,FEASIBLE,FEASIBLE,null,0.005552,0.013523,0.000878,False
703033,6,4,"[1,3,2,2,2,1]","[3,1,2,1]","[[0,1,2,3],[0,1,2],[1,3],[0,1,2],[0,2,3],[1,2,3]]",UNSAT,UNSAT,UNSAT,"[1, 2]",0.041939,0.162969,0.005149,False
703034,2,7,"[2,2]","[1,1,2,3,1,1,1]","[[0,3,4,5],[3,5]]",FEASIBLE,FEASIBLE,FEASIBLE,null,0.019392,0.027604,0.00173,False
703035,5,1,"[1,1,1,1,1]",[3],"[[0],[0],[0],[0],[0]]",UNSAT,UNSAT,UNSAT,"[0, 1, 2, 3]",0.038529,0.037775,0.002066,False
703036,7,7,"[1,3,1,3,3,2,1]","[3,3,1,3,3,3,1]","[[1,3,5,6],[3,4,6],[0,1],[1,2,3,4,5,6],[0,2,3,4,5,6],[0,1,2,3,4,5,6],[0,1,2,3,4,5]]",FEASIBLE,FEASIBLE,FEASIBLE,null,0.840181,0.081822,0.006185,False
703037,4,4,"[3,2,3,3]","[1,1,2,2]","[[0,1,3],[0,1,2,3],[0,1,2,3],[0,1,2]]",UNSAT,UNSAT,UNSAT,"[0, 2]",0.022158,0.061309,0.004169,False
703038,6,6,"[1,2,2,1,1,2]","[1,3,3,1,1,1]","[[0,1,2,3,4],[0,1,2,3,4],[3,5],[3],[0,3,5],[0,1,2,3,4,5]]",UNSAT,UNSAT,UNSAT,"[2, 3]",0.077922,0.087716,0.005751,False
703039,4,2,"[1,1,1,2]","[3,1]","[[0,1],[0,1],[1],[0,1]]",UNSAT,UNSAT,UNSAT,"[2, 3]",0.024664,0.038192,0.002282,False
703040,2,4,"[1,3]","[2,1,2,2]","[[3],[0,1,3]]",FEASIBLE,FEASIBLE,FEASIBLE,null,0.012351,0.024264,0.001476,False
703041,1,7,[1],"[2,2,2,1,3,2,2]","[[5,6]]",FEASIBLE,FEASIBLE,FEASIBLE,null,0.006978,0.015313,0.001167,False
703042,6,6,"[1,1,2,2,1,3]","[1,1,2,3,1,3]","[[0,1,2,3,4,5],[2],[0,2,4],[4,5],[0,3,4,5],[0,1,2,3,4,5]]",FEASIBLE,FEASIBLE,FEASIBLE,null,0.372428,0.170587,0.00526,False
703043,3,2,"[2,2,1]","[3,2]","[[0,1],[0,1],[0]]",FEASIBLE,FEASIBLE,FEASIBLE,null,0.018058,0.026789,0.00143,False
703044,3,3,"[1,2,2]","[2,2,2]","[[0,2],[0,1,2],[0,1,2]]",FEASIBLE,FEASIBLE,FEASIBLE,null,0.022149,0.042024,0.001814,False
703045,7,1,"[1,1,1,1,1,1,1]",[3],"[[0],[0],[0],[0],[0],[0],[0]]",UNSAT,UNSAT,UNSAT,"[0, 1, 2, 3]",0.092129,0.046664,0.002299,False
703046,1,7,[3],"[1,2,2,2,2,1,1]","[[1,3,4,5,6]]",FEASIBLE,FEASIBLE,FEASIBLE,null,0.007323,0.022762,0.00139,False
703047,3,7,"[2,3,3]","[3,2,1,1,2,1,2]","[[2,4],[0,4,5],[0,3,5]]",UNSAT,UNSAT,UNSAT,"[1, 2]",0.034004,0.047796,0.003007,False
703048,6,3,"[2,1,3,1,3,1]","[1,1,1]","[[0,1,2],[0,1,2],[0,1,2],[0,1,2],[0,1,2],[0,2]]",UNSAT,UNSAT,UNSAT,"[0, 2]",0.024193,0.065942,0.004311,False
703049,6,3,"[1,2,1,2,1,2]","[3,3,2]","[[2],[0,1,2],[0,1,2],[0,1],[2],[0,1]]",UNSAT,UNSAT,UNSAT,"[0, 1, 2, 3, 4, 5]",0.191753,0.063772,0.00407,False
703050,4,3,"[1,2,1,2]","[2,2,3]","[[2],[0,2],[0,2],[0,1,2]]",FEASIBLE,FEASIBLE,FEASIBLE,null,0.04552,0.034027,0.002469,False
703051,6,6,"[3,1,1,2,3,1]","[3,1,3,2,1,1]","[[0,1,2,4],[0],[0],[0,1,2,3,4,5],[1,2,4,5],[1]]",UNSAT,UNSAT,UNSAT,"[0, 4, 5]",0.157671,0.069968,0.005495,False
703052,7,1,"[1,1,1,1,1,1,1]",[1],"[[0],[0],[0],[0],[0],[0],[0]]",UNSAT,UNSAT,UNSAT,"[0, 1]",0.012689,0.044498,0.002378,False
703053,5,1,"[1,1,1,1,1]",[1],"[[0],[0],[0],[0],[0]]",UNSAT,UNSAT,UNSAT,"[0, 1]",0.010037,0.037201,0.001981,False
703054,2,3,"[1,3]","[2,3,1]","[[1],[0,1,2]]",FEASIBLE,FEASIBLE,FEASIBLE,null,0.010631,0.113807,0.001435,False
703055,2,3,"[1,2]","[2,1,3]","[[0,1],[0,1]]",FEASIBLE,FEASIBLE,FEASIBLE,null,0.011202,0.020241,0.001324,False
703056,1,6,[2],"[1,1,2,1,1,3]","[[0,2,5]]",FEASIBLE,FEASIBLE,FEASIBLE,null,0.006545,0.017624,0.002988,False
703057,7,1,"[1,1,1,1,1,1,1]",[2],"[[0],[0],[0],[0],[0],[0],[0]]",UNSAT,UNSAT,UNSAT,"[0, 1, 2]",0.040973,0.045263,0.005183,False
703058,4,5,"[1,1,3,1]","[3,2,3,3,2]","[[0,1,4],[4],[0,2,3,4],[3,4]]",FEASIBLE,FEASIBLE,FEASIBLE,null,0.080111,0.037214,0.005256,False
703059,4,1,"[1,1,1,1]",[3],"[[0],[0],[0],[0]]",UNSAT,UNSAT,UNSAT,"[0, 1, 2, 3]",0.02584,0.033218,0.00288,False
703060,2,1,"[1,1]",[2],"[[0],[0]]",FEASIBLE,FEASIBLE,FEASIBLE,null,0.006522,0.015406,0.001021,False
703061,1,5,[1],"[3,2,3,2,2]",[[3]],FEASIBLE,FEASIBLE,FEASIBLE,null,0.005852,0.014556,0.001044,False
703062,4,4,"[3,1,1,1]","[1,1,1,1]","[[0,1,2,3],[3],[0,1,2,3],[0]]",UNSAT,UNSAT,UNSAT,"[0, 1, 2]",0.040324,0.049684,0.004443,False
703063,5,3,"[1,2,1,1,1]","[3,1,1]","[[0,1,2],[1,2],[2],[2],[0,1,2]]",UNSAT,UNSAT,UNSAT,"[1, 2]",0.029019,0.04574,0.003615,False
703064,1,4,[2],"[2,2,3,2]","[[0,1]]",FEASIBLE,FEASIBLE,FEASIBLE,null,0.00595,0.017767,0.001149,False
703065,6,4,"[1,1,1,1,1,2]","[1,3,1,2]","[[1],[0],[0],[3],[0,1,3],[1,2,3]]",UNSAT,UNSAT,UNSAT,"[1, 2]",0.041739,0.049329,0.003724,False
703066,6,5,"[1,1,1,2,1,2]","[3,2,3,2,2]","[[0,2],[4],[4],[0,1,2,3,4],[1],[0,1,2,3]]",FEASIBLE,FEASIBLE,FEASIBLE,null,0.287387,0.046165,0.003781,False
703067,2,3,"[3,1]","[1,2,3]","[[0,1,2],[0]]",UNSAT,UNSAT,UNSAT,"[0, 1]",0.010225,0.031248,0.002329,False
703068,5,1,"[1,1,1,1,1]",[3],"[[0],[0],[0],[0],[0]]",UNSAT,UNSAT,UNSAT,"[0, 1, 2, 3]",0.0396,0.038801,0.002989,False
703069,4,2,"[2,1,1,1]","[2,1]","[[0,1],[0,1],[1],[0,1]]",UNSAT,UNSAT,UNSAT,"[0, 2]",0.015536,0.04029,0.002979,False
703070,1,5,[3],"[1,2,3,2,1]","[[0,1,3]]",FEASIBLE,FEASIBLE,FEASIBLE,null,0.006169,0.020128,0.001297,False
703071,7,1,"[1,1,1,1,1,1,1]",[2],"[[0],[0],[0],[0],[0],[0],[0]]",UNSAT,UNSAT,UNSAT,"[0, 1, 2]",0.040822,0.045654,0.002936,False
703072,1,5,[2],"[3,1,3,2,3]","[[0,2,3,4]]",FEASIBLE,FEASIBLE,FEASIBLE,null,0.005799,0.018704,0.001329,False
703073,3,3,"[1,1,2]","[1,1,2]","[[0],[0,1,2],[0,2]]",UNSAT,UNSAT,UNSAT,"[0, 2]",0.015657,0.036803,0.002315,False
703074,1,2,[2],"[1,3]","[[0,1]]",FEASIBLE,FEASIBLE,FEASIBLE,null,0.003846,0.014503,0.000871,False
703075,6,2,"[1,1,1,1,1,1]","[3,3]","[[0,1],[0],[0],[1],[1],[0,1]]",FEASIBLE,FEASIBLE,FEASIBLE,null,0.141451,0.035031,0.002046,False
703076,7,3,"[2,2,1,1,3,1,1]","[3,2,2]","[[0,1,2],[0,1,2],[0,1],[0,1],[0,1,2],[0,1,2],[0,1,2]]",UNSAT,UNSAT,UNSAT,"[0, 1, 2, 4]",0.185939,0.07374,0.006603,False
703077,4,7,"[2,1,3,3]","[2,3,3,3,1,2,3]","[[0,1,2,4],[2,3],[0,2,4,5,6],[0,1,5]]",FEASIBLE,FEASIBLE,FEASIBLE,null,0.088938,0.072949,0.005183,False
703078,4,7,"[1,1,2,2]","[1,3,1,1,1,3,2]","[[0,1,2,3,4,5,6],[3],[0,1,3,4,5,6],[0,1,3]]",FEASIBLE,FEASIBLE,FEASIBLE,null,0.088232,0.058761,0.004639,False
703079,5,5,"[2,1,1,3,3]","[1,1,2,3,3]","[[1,4],[3],[1],[0,2,4],[0,1,2,3,4]]",UNSAT,UNSAT,UNSAT,"[0, 2]",0.029559,0.059233,0.004232,False
703080,2,6,"[1,1]","[2,3,3,1,3,3]","[[2],[5]]",FEASIBLE,FEASIBLE,FEASIBLE,null,0.109158,0.019137,0.001322,False
703081,7,4,"[1,1,1,2,3,1,3]","[2,1,1,1]","[[0,1,2,3],[1],[1],[0,2,3],[0,1,2,3],[3],[0,1,3]]",UNSAT,UNSAT,UNSAT,"[1, 2]",0.04978,0.068601,0.005898,False
703082,2,4,"[2,1]","[2,2,1,3]","[[0,2,3],[2]]",FEASIBLE,FEASIBLE,FEASIBLE,null,0.012866,0.028826,0.001895,False
703083,5,3,"[2,1,1,2,1]","[2,2,3]","[[0,1,2],[0,1],[0,2],[0,2],[0,1]]",FEASIBLE,FEASIBLE,FEASIBLE,null,0.092398,0.05854,0.003122,False
703084,4,3,"[1,3,1,2]","[3,3,1]","[[2],[0,1,2],[0],[0,1]]",UNSAT,UNSAT,UNSAT,"[0, 1]",0.015565,0.04323,0.002791,False
703085,4,4,"[1,1,2,1]","[3,2,1,1]","[[0],[0],[1,2],[0,1]]",FEASIBLE,FEASIBLE,FEASIBLE,null,0.056635,0.032288,0.001724,False
703086,2,5,"[1,1]","[1,3,3,2,1]","[[1],[4]]",FEASIBLE,FEASIBLE,FEASIBLE,null,0.014624,0.018481,0.001164,False
703087,1,4,[1],"[1,1,2,1]",[[0]],FEASIBLE,FEASIBLE,FEASIBLE,null,0.004756,0.012382,0.000804,False
703088,1,6,[1],"[3,1,1,2,2,2]","[[0,1]]",FEASIBLE,FEASIBLE,FEASIBLE,null,0.006274,0.014605,0.001005,False
703089,7,7,"[3,1,3,3,1,1,1]","[2,1,3,3,3,1,1]","[[0,1,2,4,5,6],[0,1,2,3,4,5,6],[0,1,2,3,4],[0,1,3,4,5],[0],[4,6],[0,1,2,3,4,5,6]]",FEASIBLE,FEASIBLE,FEASIBLE,null,0.860865,0.107561,0.008363,False
703090,6,1,"[1,1,1,1,1,1]",[3],"[[0],[0],[0],[0],[0],[0]]",UNSAT,UNSAT,UNSAT,"[0, 1, 2, 3]",0.063639,0.043009,0.002838,False
703091,3,2,"[1,1,1]","[2,1]","[[1],[1],[0,1]]",UNSAT,UNSAT,UNSAT,"[0, 1]",0.01075,0.03264,0.002068,False
703092,7,4,"[1,2,1,1,1,1,3]","[3,1,3,3]","[[1,3],[0,1,2,3],[2],[1],[0,1,3],[2],[0,1,2,3]]",FEASIBLE,FEASIBLE,FEASIBLE,null,0.53644,0.165858,0.004434,False
703093,3,1,"[1,1,1]",[1],"[[0],[0],[0]]",UNSAT,UNSAT,UNSAT,"[0, 1]",0.008385,0.029052,0.001684,False
703094,2,3,"[1,1]","[1,1,3]","[[1,2],[0,1,2]]",FEASIBLE,FEASIBLE,FEASIBLE,null,0.01072,0.020304,0.001432,False
703095,6,4,"[2,2,1,1,2,3]","[2,1,1,2]","[[1,2,3],[2,3],[0],[3],[0,1,2,3],[0,1,2,3]]",UNSAT,UNSAT,UNSAT,"[0, 1, 3]",0.082127,0.068975,0.00501,False
703096,4,4,"[3,1,2,1]","[2,2,1,2]","[[0,1,3],[2,3],[0,1,2,3],[0]]",FEASIBLE,FEASIBLE,FEASIBLE,null,0.057007,0.055916,0.002982,False
703097,1,6,[1],"[3,2,2,2,2,2]","[[1,2]]",FEASIBLE,FEASIBLE,FEASIBLE,null,0.009116,0.020105,0.000957,False
703098,6,2,"[2,1,1,1,1,1]","[3,1]","[[0,1],[0,1],[0,1],[1],[0],[0]]",UNSAT,UNSAT,UNSAT,"[0, 3]",0.020325,0.052231,0.003418,False
703099,3,2,"[1,1,1]","[1,3]","[[0,1],[0,1],[0]]",FEASIBLE,FEASIBLE,FEASIBLE,null,0.017448,0.034014,0.001835,False
703100,5,3,"[2,1,1,2,1]","[3,2,3]","[[0,1],[2],[1],[0,1],[0,2]]",UNSAT,UNSAT,UNSAT,"[0, 2, 3]",0.056627,0.04781,0.003156,False
703101,7,1,"[1,1,1,1,1,1,1]",[2],"[[0],[0],[0],[0],[0],[0],[0]]",UNSAT,UNSAT,UNSAT,"[0, 1, 2]",0.042113,0.046616,0.002757,False
703102,6,6,"[2,1,1,2,2,2]","[3,2,1,1,1,3]","[[0,1,2],[1,4],[0,1,2,3,4],[3,5],[0,2,3,4],[0,2,3,4,5]]",FEASIBLE,FEASIBLE,FEASIBLE,null,0.353826,0.060635,0.004323,False
703103,7,1,"[1,1,1,1,1,1,1]",[3],"[[0],[0],[0],[0],[0],[0],[0]]",UNSAT,UNSAT,UNSAT,"[0, 1, 2, 3]",0.094271,0.139135,0.0025,False
703104,3,5,"[2,2,1]","[3,2,3,1,3]","[[0,1,3,4],[0,1,2,4],[0,1,2,3,4]]",FEASIBLE,FEASIBLE,FEASIBLE,null,0.033219,0.034895,0.002383,False
703105,3,4,"[1,1,1]","[1,1,1,2]","[[3],[2],[1]]",FEASIBLE,FEASIBLE,FEASIBLE,null,0.027871,0.022464,0.001394,False
703106,5,7,"[1,3,1,2,1]","[3,3,3,3,2,1,2]","[[0,2,3,4,5,6],[2,3,4,6],[1],[1,6],[3,4,6]]",FEASIBLE,FEASIBLE,FEASIBLE,null,0.278253,0.050745,0.00361,False
703107,6,4,"[1,2,2,3,1,3]","[1,2,2,2]","[[0,1,2,3],[2,3],[0,2,3],[1,2,3],[0,1],[0,1,2]]",UNSAT,UNSAT,UNSAT,"[1, 2, 3]",0.116968,0.072495,0.00529,False
703108,6,7,"[2,3,3,1,1,2]","[1,3,1,3,3,1,3]","[[0,1,2,3,4,5,6],[1,4,5,6],[0,1,2,3,4,5,6],[0,1,2,3,4,5,6],[0,2,3,4,5,6],[1,3,4,5,6]]",FEASIBLE,FEASIBLE,FEASIBLE,null,0.405432,0.082157,0.006297,False
703109,5,6,"[1,1,2,2,2]","[3,2,1,1,2,2]","[[0,4,5],[3],[0,1,2,3,4,5],[1,4],[0,1,3,5]]",FEASIBLE,FEASIBLE,FEASIBLE,null,0.167736,0.054563,0.00333,False
703110,1,4,[2],"[3,3,3,2]","[[2,3]]",FEASIBLE,FEASIBLE,FEASIBLE,null,0.005312,0.016563,0.001048,False
703111,2,2,"[2,1]","[1,3]","[[0,1],[0]]",UNSAT,UNSAT,UNSAT,"[0, 1]",0.008635,0.027574,0.001816,False
703112,6,5,"[1,1,3,2,1,1]","[1,3,2,3,2]","[[0,1,2,3,4],[1],[0,2,4],[0,2,4],[0,1,4],[0,1,2,3,4]]",FEASIBLE,FEASIBLE,FEASIBLE,null,0.297682,0.083233,0.004995,False
703113,7,3,"[1,1,1,1,1,2,1]","[3,2,2]","[[1],[2],[0,1,2],[0,2],[0],[0,1],[2]]",UNSAT,UNSAT,UNSAT,"[0, 1, 2, 3, 4, 5, 6]",0.442545,0.18011,0.004376,False
703114,6,7,"[1,3,3,3,1,3]","[1,2,1,2,1,1,1]","[[1,3,6],[0,1,2,4,6],[1,3,6],[0,1,3,5,6],[1],[0,2,4,6]]",UNSAT,UNSAT,UNSAT,"[1, 5]",0.086777,0.090039,0.006853,False
703115,2,1,"[1,1]",[1],"[[0],[0]]",UNSAT,UNSAT,UNSAT,"[0, 1]",0.006994,0.025136,0.001335,False
703116,2,1,"[1,1]",[2],"[[0],[0]]",FEASIBLE,FEASIBLE,FEASIBLE,null,0.006894,0.016336,0.000713,False
703117,6,1,"[1,1,1,1,1,1]",[1],"[[0],[0],[0],[0],[0],[0]]",UNSAT,UNSAT,UNSAT,"[0, 1]",0.011876,0.041557,0.002323,False
703118,2,4,"[2,1]","[1,3,1,2]","[[2,3],[0,1,2]]",FEASIBLE,FEASIBLE,FEASIBLE,null,0.014535,0.023923,0.001521,False
703119,6,2,"[1,2,2,1,1,1]","[2,3]","[[1],[0,1],[0,1],[1],[1],[1]]",UNSAT,UNSAT,UNSAT,"[0, 1, 2, 3]",0.096133,0.051698,0.003033,False
703120,4,3,"[1,1,1,3]","[1,1,3]","[[0,1],[0,1,2],[0,1],[0,1,2]]",UNSAT,UNSAT,UNSAT,"[0, 3]",0.021792,0.065056,0.004169,False
703121,7,5,"[1,1,1,1,1,1,2]","[1,3,2,3,2]","[[0,4],[2],[2],[2],[0,1,2,3,4],[1],[0,3,4]]",UNSAT,UNSAT,UNSAT,"[1, 2, 3]",0.196312,0.062212,0.004151,False
703122,3,7,"[1,3,1]","[3,2,2,1,3,2,1]","[[2,6],[0,1,2,3,4,5,6],[3]]",FEASIBLE,FEASIBLE,FEASIBLE,null,0.043928,0.035559,0.002397,False
703123,3,2,"[1,1,1]","[1,3]","[[0,1],[1],[0,1]]",FEASIBLE,FEASIBLE,FEASIBLE,null,0.018135,0.023949,0.001414,False
703124,6,2,"[1,1,1,1,1,2]","[3,2]","[[0,1],[0,1],[1],[1],[0],[0,1]]",UNSAT,UNSAT,UNSAT,"[2, 3, 5]",0.088353,0.091212,0.003247,False
703125,7,1,"[1,1,1,1,1,1,1]",[1],"[[0],[0],[0],[0],[0],[0],[0]]",UNSAT,UNSAT,UNSAT,"[0, 1]",0.013896,0.163808,0.002368,False
703126,6,6,"[1,1,2,2,1,1]","[1,2,1,3,1,3]","[[0,1,2,5],[5],[0,1,2,3,4],[0,1,2,3,4,5],[2],[5]]",FEASIBLE,FEASIBLE,FEASIBLE,null,0.361912,0.078882,0.004703,False
703127,7,4,"[1,3,1,1,3,1,1]","[3,3,3,3]","[[3],[0,2,3],[0,1,2,3],[0,1,3],[0,1,2,3],[1],[1]]",FEASIBLE,FEASIBLE,FEASIBLE,null,0.531406,0.059407,0.003614,False
703128,3,5,"[2,2,2]","[3,3,1,1,2]","[[1,4],[3,4],[0,1]]",FEASIBLE,FEASIBLE,FEASIBLE,null,0.033647,0.03349,0.001882,False
703129,1,5,[2],"[2,2,1,1,2]","[[1,2,4]]",FEASIBLE,FEASIBLE,FEASIBLE,null,0.006193,0.01847,0.001255,False
703130,5,7,"[2,1,1,1,1]","[3,2,2,3,2,1,2]","[[0,2,3,5,6],[0],[0,1,2,3,4,5,6],[4,5],[0,3]]",FEASIBLE,FEASIBLE,FEASIBLE,null,0.197742,0.046733,0.003346,False
703131,4,1,"[1,1,1,1]",[1],"[[0],[0],[0],[0]]",UNSAT,UNSAT,UNSAT,"[0, 1]",0.00939,0.03418,0.001857,False
703132,1,2,[1],"[1,1]","[[0,1]]",FEASIBLE,FEASIBLE,FEASIBLE,null,0.004307,0.014382,0.000784,False
703133,7,4,"[2,2,1,3,1,1,1]","[2,1,1,3]","[[0,2,3],[0,3],[2],[0,1,2,3],[0,1,3],[0,3],[2]]",UNSAT,UNSAT,UNSAT,"[2, 6]",0.081161,0.080498,0.005444,False
703134,5,5,"[2,2,1,3,1]","[3,2,2,1,1]","[[1,3,4],[0,1,2,4],[0],[0,1,3],[1,2,3]]",FEASIBLE,FEASIBLE,FEASIBLE,null,0.153155,0.083216,0.00465,False
703135,7,3,"[1,1,1,1,2,1,1]","[1,1,1]","[[0],[0,1,2],[1,2],[1],[0,2],[1,2],[1,2]]",UNSAT,UNSAT,UNSAT,"[0, 4]",0.033691,0.243378,0.004267,False
703136,6,3,"[1,1,1,1,2,1]","[2,1,2]","[[0,1],[0],[0,1],[1],[1,2],[0,1,2]]",UNSAT,UNSAT,UNSAT,"[3, 4]",0.059116,0.060667,0.003888,False
703137,4,2,"[1,2,2,1]","[2,1]","[[0,1],[0,1],[0,1],[1]]",UNSAT,UNSAT,UNSAT,"[1, 2]",0.020858,0.045345,0.002699,False
703138,3,2,"[1,2,1]","[3,1]","[[0,1],[0,1],[0,1]]",FEASIBLE,FEASIBLE,FEASIBLE,null,0.019357,0.027392,0.001382,False
703139,4,3,"[1,1,1,1]","[3,1,1]","[[0,1],[0,1,2],[1,2],[0,2]]",FEASIBLE,FEASIBLE,FEASIBLE,null,0.049725,0.031524,0.00185,False
703140,7,1,"[1,1,1,1,1,1,1]",[3],"[[0],[0],[0],[0],[0],[0],[0]]",UNSAT,UNSAT,UNSAT,"[0, 1, 2, 3]",0.101379,0.052074,0.002401,False
703141,7,7,"[3,3,3,2,1,3,1]","[1,1,3,1,3,2,1]","[[0,1,2,4],[0,2,3,5,6],[0,1,2,5],[1,6],[3],[0,1,2,4,5,6],[4,5,6]]",UNSAT,UNSAT,UNSAT,"[0, 2, 3]",0.210709,0.143672,0.009493,False
703142,7,5,"[3,2,1,1,1,2,2]","[1,1,2,2,2]","[[0,1,2,3,4],[0,2],[2],[0,2],[0,1,2],[0,1,2,3,4],[0,1,3]]",UNSAT,UNSAT,UNSAT,"[1, 2, 3]",0.20796,0.136635,0.007544,False
703143,2,4,"[2,1]","[3,3,2,2]","[[0,1,2,3],[2,3]]",FEASIBLE,FEASIBLE,FEASIBLE,null,0.014589,0.027022,0.001496,False
703144,1,5,[2],"[1,2,3,2,1]","[[0,1,3,4]]",FEASIBLE,FEASIBLE,FEASIBLE,null,0.006521,0.019926,0.001297,False
703145,5,6,"[1,2,3,2,2]","[2,1,2,3,2,2]","[[0,1,2,3,4,5],[3,5],[1,2,3,4,5],[2,3],[0,1,2,3,4,5]]",FEASIBLE,FEASIBLE,FEASIBLE,null,0.183574,0.06777,0.004032,False
703146,6,3,"[1,1,2,1,1,1]","[1,2,1]","[[1],[0],[0,1,2],[1,2],[2],[1,2]]",UNSAT,UNSAT,UNSAT,"[1, 2, 4]",0.104194,0.162787,0.003611,False
703147,2,4,"[1,3]","[2,1,1,3]","[[0],[0,1,2,3]]",FEASIBLE,FEASIBLE,FEASIBLE,null,0.01423,0.027725,0.001578,False
703148,4,6,"[2,3,1,3]","[3,3,2,1,3,3]","[[0,1],[2,4,5],[0],[2,4,5]]",FEASIBLE,FEASIBLE,FEASIBLE,null,0.088107,0.047661,0.002535,False
703149,1,5,[2],"[3,1,3,2,3]","[[2,4]]",FEASIBLE,FEASIBLE,FEASIBLE,null,0.006616,0.018636,0.001047,False
703150,5,2,"[2,2,2,1,1]","[2,3]","[[0,1],[0,1],[0,1],[0],[0]]",UNSAT,UNSAT,UNSAT,"[0, 1, 2]",0.038198,0.052836,0.003132,False
703151,1,5,[2],"[1,3,1,1,1]","[[0,1,3,4]]",FEASIBLE,FEASIBLE,FEASIBLE,null,0.006704,0.021092,0.001244,False
703152,1,3,[3],"[2,2,3]","[[0,1,2]]",FEASIBLE,FEASIBLE,FEASIBLE,null,0.004716,0.019905,0.001118,False
703153,3,1,"[1,1,1]",[2],"[[0],[0],[0]]",UNSAT,UNSAT,UNSAT,"[0, 1, 2]",0.013763,0.031728,0.001707,False
703154,1,2,[1],"[2,1]",[[0]],FEASIBLE,FEASIBLE,FEASIBLE,null,0.004196,0.015622,0.000748,False
703155,3,7,"[1,3,3]","[1,1,1,2,2,3,3]","[[0,1,2,3,4,5,6],[1,3,4,5,6],[0,1,2,3,4,5,6]]",FEASIBLE,FEASIBLE,FEASIBLE,null,0.094116,0.070126,0.003454,False
703156,4,4,"[1,3,1,2]","[3,1,1,2]","[[0,2],[0,1,3],[2],[0,3]]",FEASIBLE,FEASIBLE,FEASIBLE,null,0.062907,0.040046,0.002155,False
703157,2,3,"[1,1]","[3,2,2]","[[0,1],[0]]",FEASIBLE,FEASIBLE,FEASIBLE,null,0.011594,0.02632,0.001189,False
703158,3,5,"[1,2,1]","[1,3,1,1,2]","[[0,1,2,4],[1,2,3,4],[4]]",FEASIBLE,FEASIBLE,FEASIBLE,null,0.035381,0.0328,0.00211,False
703159,6,2,"[1,1,1,1,1,1]","[2,3]","[[1],[0,1],[1],[0],[1],[1]]",UNSAT,UNSAT,UNSAT,"[0, 2, 4, 5]",0.121151,0.052783,0.002814,False
703160,4,4,"[1,1,2,2]","[3,2,3,2]","[[0,1],[0],[0,1,2,3],[0,1]]",FEASIBLE,FEASIBLE,FEASIBLE,null,0.061017,0.153188,0.002632,False
703161,4,2,"[2,1,1,1]","[1,2]","[[0,1],[0],[0],[0,1]]",UNSAT,UNSAT,UNSAT,"[0, 1]",0.014494,0.042122,0.002315,False
703162,6,5,"[1,3,1,2,1,1]","[2,2,3,1,1]","[[1,2,3,4],[1,2,3],[0,1,2,3,4],[0,1,3],[0,1,2,3,4],[0,2,3]]",FEASIBLE,FEASIBLE,FEASIBLE,null,0.324948,0.089365,0.005204,False
703163,7,6,"[1,3,3,3,1,1,2]","[3,1,3,1,3,2]","[[1,2,4,5],[1,2,3,4,5],[1,2,3,4,5],[3,4,5],[0,1,2],[2],[2,3,4,5]]",UNSAT,UNSAT,UNSAT,"[1, 2, 3, 6]",0.506844,0.113451,0.007111,False
703164,7,2,"[1,1,1,1,2,1,1]","[1,3]","[[1],[0,1],[1],[0],[0,1],[0,1],[0]]",UNSAT,UNSAT,UNSAT,"[3, 4]",0.053864,0.060758,0.00365,False
703165,1,7,[1],"[2,1,1,2,1,2,1]",[[6]],FEASIBLE,FEASIBLE,FEASIBLE,null,0.007625,0.016607,0.000921,False
703166,5,7,"[1,3,3,1,1]","[2,3,3,2,1,1,1]","[[1,2,3,4,6],[0,3,4,5,6],[1,2,3,4,5,6],[3],[3]]",FEASIBLE,FEASIBLE,FEASIBLE,null,0.205888,0.077314,0.004487,False
703167,3,7,"[1,1,3]","[1,1,1,3,1,3,1]","[[0,1,2,3,4,5,6],[2,3,4,5,6],[0,1,2,3]]",FEASIBLE,FEASIBLE,FEASIBLE,null,0.045738,0.06199,0.003776,False
703168,2,4,"[1,1]","[3,2,1,1]","[[1],[2,3]]",FEASIBLE,FEASIBLE,FEASIBLE,null,0.014114,0.020327,0.001266,False
703169,1,2,[1],"[1,3]",[[1]],FEASIBLE,FEASIBLE,FEASIBLE,null,0.004384,0.013022,0.000737,False
703170,1,2,[1],"[1,1]",[[1]],FEASIBLE,FEASIBLE,FEASIBLE,null,0.003947,0.012574,0.000687,False
703171,7,5,"[2,1,3,2,2,2,1]","[2,1,2,3,1]","[[0,1,2,3,4],[1,3,4],[0,1,2,4],[0,1,2,3],[0,1,4],[0,1,3],[0,1]]",UNSAT,UNSAT,UNSAT,"[2, 4, 5]",0.270443,0.198856,0.006628,False
703172,5,2,"[1,1,1,2,2]","[2,1]","[[0],[0],[0],[0,1],[0,1]]",UNSAT,UNSAT,UNSAT,"[3, 4]",0.035577,0.048497,0.002788,False
703173,7,6,"[1,1,1,2,3,3,3]","[2,2,3,1,1,1]","[[0,1,2,3,4,5],[1,2,4,5],[0,3,4,5],[2,4,5],[0,1,2,3,4,5],[0,1,2,3,4,5],[1,2,4,5]]",UNSAT,UNSAT,UNSAT,"[3, 4, 5, 6]",0.681033,0.133698,0.008612,False
703174,1,4,[1],"[3,3,3,1]",[[1]],FEASIBLE,FEASIBLE,FEASIBLE,null,0.00605,0.015638,0.000747,False
703175,2,4,"[2,1]","[1,2,1,2]","[[0,1,2,3],[0,1,2,3]]",FEASIBLE,FEASIBLE,FEASIBLE,null,0.013937,0.027933,0.001767,False
703176,6,6,"[1,1,2,3,1,1]","[2,2,3,2,2,2]","[[0,5],[0,1,2,4,5],[0,4,5],[0,1,2,4,5],[5],[0,1,2,4]]",FEASIBLE,FEASIBLE,FEASIBLE,null,0.384875,0.063229,0.003762,False
703177,7,1,"[1,1,1,1,1,1,1]",[1],"[[0],[0],[0],[0],[0],[0],[0]]",UNSAT,UNSAT,UNSAT,"[0, 1]",0.0172,0.049638,0.002439,False
703178,3,2,"[1,1,1]","[2,3]","[[0],[1],[0]]",FEASIBLE,FEASIBLE,FEASIBLE,null,0.019797,0.023306,0.001311,False
703179,4,6,"[3,1,2,2]","[2,2,3,2,3,2]","[[1,2,3,5],[1,2,5],[0,2,3,5],[0,2,3,4,5]]",FEASIBLE,FEASIBLE,FEASIBLE,null,0.090721,0.051485,0.003347,False
703180,3,4,"[2,2,1]","[1,3,2,1]","[[1,2,3],[1,3],[3]]",UNSAT,UNSAT,UNSAT,"[1, 2]",0.025446,0.044603,0.002314,False
703181,4,7,"[2,3,2,2]","[2,2,3,3,2,2,1]","[[0,1,2,3,4],[0,1,2,3,4,5,6],[1,2],[0,1,2,3,4,5,6]]",FEASIBLE,FEASIBLE,FEASIBLE,null,0.097632,0.17303,0.004689,False
703182,6,4,"[1,2,2,2,1,1]","[3,1,1,2]","[[2,3],[0,1,2,3],[0,1,2],[1,2,3],[0,1,3],[3]]",UNSAT,UNSAT,UNSAT,"[0, 1, 2, 3]",0.238461,0.08825,0.004863,False
703183,6,5,"[1,1,2,1,1,1]","[3,2,1,3,1]","[[0,2],[0,2,4],[0,1],[3,4],[0,1,2,3,4],[0,1,2,3,4]]",FEASIBLE,FEASIBLE,FEASIBLE,null,0.40689,0.078624,0.003389,False
703184,2,5,"[1,1]","[3,3,1,2,1]","[[0],[0,1,4]]",FEASIBLE,FEASIBLE,FEASIBLE,null,0.022656,0.030879,0.001465,False
703185,1,4,[1],"[2,3,3,2]",[[1]],FEASIBLE,FEASIBLE,FEASIBLE,null,0.006276,0.015473,0.00075,False
703186,2,7,"[3,2]","[3,1,3,3,2,1,3]","[[0,1,3,6],[0,6]]",FEASIBLE,FEASIBLE,FEASIBLE,null,0.02094,0.039365,0.001767,False
703187,4,7,"[1,1,1,2]","[2,1,3,1,3,1,2]","[[1,2,3,4,5,6],[1,2,4,5,6],[3],[0,1,2,3,4,5,6]]",FEASIBLE,FEASIBLE,FEASIBLE,null,0.102577,0.060699,0.003284,False
703188,3,5,"[1,1,3]","[3,3,2,2,3]","[[1,2,3,4],[2,4],[0,1,2,3,4]]",FEASIBLE,FEASIBLE,FEASIBLE,null,0.0363,0.037783,0.002225,False
703189,4,3,"[1,1,1,1]","[3,2,3]","[[0],[0,1],[0,1],[1]]",FEASIBLE,FEASIBLE,FEASIBLE,null,0.051506,0.03233,0.001549,False
703190,2,7,"[1,1]","[1,1,3,3,1,2,2]","[[0,1,2],[0,1,2,3,4,6]]",FEASIBLE,FEASIBLE,FEASIBLE,null,0.020999,0.029377,0.002032,False
703191,6,4,"[1,1,3,3,1,3]","[1,2,3,2]","[[2],[0,1,2,3],[0,1,2],[0,1,2,3],[1],[0,1,2,3]]",UNSAT,UNSAT,UNSAT,"[2, 3, 4]",0.157484,0.122898,0.005039,False
703192,7,1,"[1,1,1,1,1,1,1]",[2],"[[0],[0],[0],[0],[0],[0],[0]]",UNSAT,UNSAT,UNSAT,"[0, 1, 2]",0.047419,0.052657,0.002304,False
703193,3,5,"[2,1,3]","[1,3,3,3,3]","[[0,1,2,3,4],[2,3,4],[1,2,3]]",FEASIBLE,FEASIBLE,FEASIBLE,null,0.037257,0.040183,0.002294,False
703194,4,7,"[1,2,1,1]","[1,3,3,3,1,2,3]","[[0,3,6],[0,1,2,3,4,5,6],[1],[0,1,2,4,5,6]]",FEASIBLE,FEASIBLE,FEASIBLE,null,0.148867,0.047933,0.003175,False
703195,6,7,"[1,2,1,1,2,1]","[1,3,2,2,2,3,2]","[[0,1,2,5,6],[3,6],[0,6],[3,4,6],[1,2],[2]]",FEASIBLE,FEASIBLE,FEASIBLE,null,0.440169,0.05648,0.003452,False
703196,4,2,"[1,1,1,1]","[2,2]","[[0],[0,1],[1],[1]]",FEASIBLE,FEASIBLE,FEASIBLE,null,0.039023,0.029234,0.001493,False
703197,1,5,[2],"[2,3,3,2,2]","[[0,1,2,3,4]]",FEASIBLE,FEASIBLE,FEASIBLE,null,0.006439,0.021496,0.001372,False
703198,2,2,"[1,1]","[1,2]","[[1],[0,1]]",FEASIBLE,FEASIBLE,FEASIBLE,null,0.009956,0.01943,0.001079,False
703199,1,3,[1],"[2,1,2]",[[1]],FEASIBLE,FEASIBLE,FEASIBLE,null,0.00494,0.013441,0.000705,False
703200,1,3,[2],"[3,2,3]","[[0,1,2]]",FEASIBLE,FEASIBLE,FEASIBLE,null,0.004893,0.018011,0.001005,False
703201,5,4,"[1,2,3,1,1]","[2,2,2,2]","[[0,1,3],[1,2],[0,1,2],[1],[0,1]]",UNSAT,UNSAT,UNSAT,"[1, 2, 3]",0.090638,0.077186,0.004265,False
703202,7,5,"[3,1,3,3,2,1,1]","[1,1,1,3,2]","[[1,3,4],[4],[0,1,2,3,4],[0,1,3],[0,1,2,3,4],[1,2,3,4],[3]]",UNSAT,UNSAT,UNSAT,"[0, 3]",0.047785,0.115255,0.006194,False
703203,6,7,"[1,1,3,3,3,2]","[1,3,2,3,3,2,2]","[[0,1],[0,4],[1,2,3,4],[2,4,5,6],[1,2,3,4,5],[2,4,5,6]]",FEASIBLE,FEASIBLE,FEASIBLE,null,0.456175,0.195685,0.004435,False
703204,3,5,"[2,3,1]","[3,2,2,3,2]","[[0,1,2,3,4],[0,2,3],[0,3]]",FEASIBLE,FEASIBLE,FEASIBLE,null,0.037116,0.039344,0.002208,False
703205,3,2,"[1,1,1]","[1,1]","[[0,1],[1],[0,1]]",UNSAT,UNSAT,UNSAT,"[0, 1, 2]",0.019504,0.037974,0.002222,False
703206,4,5,"[1,1,3,2]","[2,3,2,1,1]","[[0,1,2],[0,1,2,3,4],[2,3,4],[0,1,2]]",FEASIBLE,FEASIBLE,FEASIBLE,null,0.076615,0.048612,0.002964,False
703207,5,6,"[1,1,3,2,3]","[3,1,1,3,1,3]","[[1],[2,3],[0,1,2,4,5],[0,1,5],[2,3,4]]",UNSAT,UNSAT,UNSAT,"[0, 2, 4]",0.114286,0.09209,0.005514,False
703208,1,7,[2],"[2,2,1,2,3,2,3]","[[3,6]]",FEASIBLE,FEASIBLE,FEASIBLE,null,0.00801,0.020272,0.001124,False
703209,5,3,"[1,1,1,2,2]","[3,2,1]","[[1],[1,2],[0,1,2],[1,2],[0,1,2]]",UNSAT,UNSAT,UNSAT,"[0, 1, 3]",0.05564,0.057315,0.003449,False
703210,7,5,"[1,3,2,2,2,1,1]","[3,2,2,2,2]","[[3],[0,1,3,4],[0,2,3,4],[0,2,3,4],[0,1],[0,1,2,3,4],[0,1,2,3,4]]",UNSAT,UNSAT,UNSAT,"[0, 1, 2, 3, 4, 5, 6]",0.728548,0.110628,0.00691,False
703211,1,7,[3],"[2,3,3,2,3,3,1]","[[0,1,2,4]]",FEASIBLE,FEASIBLE,FEASIBLE,null,0.008642,0.026397,0.001406,False
703212,3,1,"[1,1,1]",[2],"[[0],[0],[0]]",UNSAT,UNSAT,UNSAT,"[0, 1, 2]",0.014437,0.033703,0.001736,False
703213,6,2,"[1,1,1,1,2,1]","[1,2]","[[0],[0],[0,1],[1],[0,1],[0]]",UNSAT,UNSAT,UNSAT,"[0, 1]",0.018472,0.063386,0.003258,False
703214,2,4,"[3,2]","[2,2,2,3]","[[0,1,2,3],[1,2]]",FEASIBLE,FEASIBLE,FEASIBLE,null,0.014887,0.140489,0.001547,False
703215,5,2,"[1,1,1,1,2]","[1,3]","[[1],[0],[0,1],[0],[0,1]]",UNSAT,UNSAT,UNSAT,"[1, 3]",0.029089,0.049755,0.00278,False
703216,4,2,"[2,1,1,1]","[2,2]","[[0,1],[0],[0],[0,1]]",UNSAT,UNSAT,UNSAT,"[0, 1, 2]",0.029956,0.045199,0.002338,False
703217,4,7,"[1,1,3,3]","[2,2,1,2,2,2,3]","[[0,1,2,3,4,5,6],[2,5],[1,2,3,4,5,6],[1,3,5,6]]",FEASIBLE,FEASIBLE,FEASIBLE,null,0.106798,0.058802,0.003502,False
703218,7,6,"[1,2,2,1,1,2,1]","[3,2,1,3,2,2]","[[0],[0,3,4,5],[1,4],[0,2,3,4,5],[1,5],[0,1,2,3,4],[0,1,2,3,4,5]]",FEASIBLE,FEASIBLE,FEASIBLE,null,0.843931,0.076717,0.004472,False
703219,5,1,"[1,1,1,1,1]",[1],"[[0],[0],[0],[0],[0]]",UNSAT,UNSAT,UNSAT,"[0, 1]",0.012072,0.042236,0.002194,False
703220,2,7,"[1,2]","[1,3,2,2,2,1,2]","[[5],[0,1,2,3,4,5,6]]",FEASIBLE,FEASIBLE,FEASIBLE,null,0.022059,0.031345,0.001979,False
703221,7,5,"[1,1,3,1,2,3,3]","[2,2,2,1,3]","[[0,1,2,3,4],[0,1,2,3,4],[0,1,3,4],[0,1,2,3],[0,1,2,3,4],[0,3,4],[0,1,2,3]]",UNSAT,UNSAT,UNSAT,"[2, 5, 6]",0.296936,0.111073,0.007852,False
703222,7,4,"[1,2,1,2,3,2,2]","[1,3,1,1]","[[0,3],[1,2,3],[0,1,2,3],[0,2],[0,1,2,3],[0,2],[0,1,3]]",UNSAT,UNSAT,UNSAT,"[3, 4]",0.092356,0.087582,0.005665,False
703223,6,6,"[1,2,1,1,1,1]","[3,3,1,3,1,3]","[[1,3,4],[0,4],[0],[0,2,3,5],[0,2,4],[0,1,2,4,5]]",FEASIBLE,FEASIBLE,FEASIBLE,null,0.395497,0.184691,0.003472,False
703224,1,4,[1],"[1,1,1,1]",[[0]],FEASIBLE,FEASIBLE,FEASIBLE,null,0.007093,0.016613,0.001239,False
703225,5,6,"[1,1,1,3,2]","[3,1,2,3,3,1]","[[0,1,2,3,4,5],[1],[0,1,2,4,5],[0,2,5],[0,1,2,3,4,5]]",FEASIBLE,FEASIBLE,FEASIBLE,null,0.189462,0.061233,0.004124,False
703226,2,5,"[2,1]","[2,3,3,2,2]","[[0,1,2,3,4],[0,1,2,3,4]]",FEASIBLE,FEASIBLE,FEASIBLE,null,0.016997,0.030798,0.002011,False
703227,2,1,"[1,1]",[1],"[[0],[0]]",UNSAT,UNSAT,UNSAT,"[0, 1]",0.007703,0.026783,0.001625,False
703228,7,4,"[3,3,2,1,2,3,2]","[3,3,1,1]","[[1,2,3],[0,2,3],[2,3],[1],[0,1,2,3],[0,2,3],[0,1,2]]",UNSAT,UNSAT,UNSAT,"[0, 1]",0.032662,0.090804,0.005892,False
703229,2,2,"[1,1]","[2,2]","[[0,1],[0]]",FEASIBLE,FEASIBLE,FEASIBLE,null,0.010377,0.020382,0.001125,False
703230,2,4,"[2,2]","[2,2,2,3]","[[0,2],[0,1,3]]",FEASIBLE,FEASIBLE,FEASIBLE,null,0.016277,0.028219,0.001531,False
703231,5,3,"[3,1,1,3,1]","[3,2,2]","[[0,1,2],[0],[0],[0,1,2],[0,1,2]]",UNSAT,UNSAT,UNSAT,"[0, 1, 2, 3]",0.088624,0.066428,0.003564,False
703232,6,3,"[1,1,1,2,2,1]","[2,2,1]","[[1,2],[0,2],[2],[0,2],[1,2],[1]]",UNSAT,UNSAT,UNSAT,"[2, 3]",0.052952,0.060819,0.017383,False
703233,3,1,"[1,1,1]",[2],"[[0],[0],[0]]",UNSAT,UNSAT,UNSAT,"[0, 1, 2]",0.01439,0.033268,0.00218,False
703234,2,7,"[1,3]","[2,2,2,1,2,2,3]","[[1],[1,5,6]]",FEASIBLE,FEASIBLE,FEASIBLE,null,0.021051,0.029923,0.001901,False
703235,5,1,"[1,1,1,1,1]",[2],"[[0],[0],[0],[0],[0]]",UNSAT,UNSAT,UNSAT,"[0, 1, 2]",0.028162,0.045863,0.002271,False
703236,7,1,"[1,1,1,1,1,1,1]",[3],"[[0],[0],[0],[0],[0],[0],[0]]",UNSAT,UNSAT,UNSAT,"[0, 1, 2, 3]",0.106613,0.164987,0.002368,False
703237,1,7,[2],"[1,2,3,3,3,3,2]","[[0,1,2,3,4,6]]",FEASIBLE,FEASIBLE,FEASIBLE,null,0.008866,0.025074,0.001431,False
703238,7,7,"[1,3,2,2,1,2,2]","[1,2,3,2,3,1,1]","[[1,2,3,4,5,6],[0,1,2,3,4,5,6],[0,2,4],[3,6],[3],[0,1,5],[0,1,2,3,4,5,6]]",FEASIBLE,FEASIBLE,FEASIBLE,null,0.957111,0.130573,0.006689,False
703239,3,1,"[1,1,1]",[3],"[[0],[0],[0]]",FEASIBLE,FEASIBLE,FEASIBLE,null,0.01547,0.023485,0.000989,False
703240,7,1,"[1,1,1,1,1,1,1]",[3],"[[0],[0],[0],[0],[0],[0],[0]]",UNSAT,UNSAT,UNSAT,"[0, 1, 2, 3]",0.107415,0.054593,0.002209,False
703241,2,3,"[2,2]","[3,2,1]","[[0,1,2],[0,1]]",FEASIBLE,FEASIBLE,FEASIBLE,null,0.012276,0.031329,0.001499,False
703242,1,2,[1],"[3,3]",[[0]],FEASIBLE,FEASIBLE,FEASIBLE,null,0.004312,0.014069,0.00075,False
703243,4,3,"[2,1,2,1]","[1,2,3]","[[0,1],[2],[0,2],[0,1,2]]",UNSAT,UNSAT,UNSAT,"[0, 2]",0.020861,0.04965,0.002794,False
703244,4,5,"[2,1,1,1]","[3,2,1,1,2]","[[0,2],[0,1,2,3,4],[1,2,4],[3]]",FEASIBLE,FEASIBLE,FEASIBLE,null,0.125087,0.045797,0.00242,False
703245,5,6,"[2,3,2,1,1]","[1,3,1,1,2,2]","[[0,1,3,4,5],[1,3,4],[0,2,3,4],[0,4],[0,1,2,3,4,5]]",FEASIBLE,FEASIBLE,FEASIBLE,null,0.212784,0.086373,0.004442,False
703246,4,2,"[1,1,2,1]","[1,2]","[[0,1],[0],[0,1],[0,1]]",UNSAT,UNSAT,UNSAT,"[1, 2]",0.021883,0.05508,0.002664,False
703247,7,7,"[3,1,2,2,3,3,1]","[2,1,1,3,1,3,3]","[[0,2,3,4,5,6],[0,3,4,5],[1,4],[1,5],[0,1,4,5,6],[2,3,4,5,6],[0]]",UNSAT,UNSAT,UNSAT,"[2, 3]",0.125738,0.25567,0.006915,False
703248,4,5,"[3,2,1,2]","[3,2,2,3,1]","[[0,1,2,3,4],[0,1,3],[0,1,2],[0,1,4]]",FEASIBLE,FEASIBLE,FEASIBLE,null,0.083492,0.068474,0.005116,False
703249,3,7,"[3,2,1]","[1,3,1,2,2,3,3]","[[0,1,2,3,4,5],[0,1,2,5,6],[3,5]]",FEASIBLE,FEASIBLE,FEASIBLE,null,0.051826,0.0487,0.003401,False
703250,5,1,"[1,1,1,1,1]",[2],"[[0],[0],[0],[0],[0]]",UNSAT,UNSAT,UNSAT,"[0, 1, 2]",0.029619,0.04475,0.00735,False
703251,7,2,"[1,1,1,1,1,1,1]","[1,2]","[[0],[0],[0],[0,1],[0],[0],[0,1]]",UNSAT,UNSAT,UNSAT,"[0, 1]",0.021615,0.05886,0.004001,False
703252,1,6,[2],"[1,1,2,3,1,3]","[[0,1,3,4,5]]",FEASIBLE,FEASIBLE,FEASIBLE,null,0.007923,0.025151,0.001896,False
703253,2,4,"[2,3]","[1,2,2,1]","[[0,1,2],[0,1,2,3]]",FEASIBLE,FEASIBLE,FEASIBLE,null,0.014935,0.035454,0.002113,False
703254,3,2,"[1,2,1]","[3,3]","[[0,1],[0,1],[0]]",FEASIBLE,FEASIBLE,FEASIBLE,null,0.021075,0.029352,0.005351,False
703255,7,7,"[1,1,1,1,2,3,3]","[3,3,3,1,2,1,2]","[[0,1,2,3,4,5],[0,1,2,3,4,5,6],[0,1,2,3,4,5,6],[0,3,5,6],[0,4,5],[2,4,5,6],[0,1,2,3,4,5,6]]",FEASIBLE,FEASIBLE,FEASIBLE,null,1.007611,0.100674,0.011353,False
703256,3,1,"[1,1,1]",[1],"[[0],[0],[0]]",UNSAT,UNSAT,UNSAT,"[0, 1]",0.009548,0.03445,0.001953,False
703257,7,3,"[2,1,2,2,3,1,1]","[1,1,2]","[[1,2],[0],[0,1,2],[0,1,2],[0,1,2],[0,2],[2]]",UNSAT,UNSAT,UNSAT,"[0, 4]",0.036893,0.106951,0.005195,False
703258,1,6,[2],"[3,2,1,1,3,3]","[[0,1,2,3,5]]",FEASIBLE,FEASIBLE,FEASIBLE,null,0.007482,0.137699,0.001539,False
703259,3,7,"[3,2,1]","[2,2,1,1,1,1,3]","[[0,1,2,4,5],[0,1,2,3,4,5,6],[0,1,2,3,4,5,6]]",FEASIBLE,FEASIBLE,FEASIBLE,null,0.051152,0.053559,0.003341,False
703260,5,1,"[1,1,1,1,1]",[3],"[[0],[0],[0],[0],[0]]",UNSAT,UNSAT,UNSAT,"[0, 1, 2, 3]",0.047711,0.046207,0.002132,False
703261,4,5,"[1,3,1,2]","[1,2,3,2,3]","[[1,2,3,4],[0,1,2,3,4],[4],[1,4]]",FEASIBLE,FEASIBLE,FEASIBLE,null,0.081919,0.061047,0.003208,False
703262,7,6,"[2,3,2,2,3,2,2]","[2,2,3,3,3,1]","[[2,4],[1,3,4,5],[0,1,2,3,4,5],[0,1,2,3,4],[0,1,3,4],[0,1,2,3,4,5],[1,4]]",UNSAT,UNSAT,UNSAT,"[0, 1, 2, 3, 4, 5, 6]",0.90433,0.16391,0.009248,False
703263,7,2,"[1,1,1,1,1,1,1]","[3,3]","[[1],[0],[0,1],[0],[1],[0],[0,1]]",UNSAT,UNSAT,UNSAT,"[0, 1, 2, 3, 4, 5, 6]",0.357223,0.066534,0.003621,False
703264,5,1,"[1,1,1,1,1]",[1],"[[0],[0],[0],[0],[0]]",UNSAT,UNSAT,UNSAT,"[0, 1]",0.012214,0.04625,0.001899,False
703265,7,7,"[3,1,1,3,1,2,1]","[1,3,1,3,3,3,3]","[[0,4,5,6],[2,3,4,5,6],[0,5],[0,1,2,3,5],[6],[0,1,2,3,4,5,6],[1,2]]",FEASIBLE,FEASIBLE,FEASIBLE,null,1.005282,0.086728,0.004842,False
703266,2,4,"[1,3]","[1,3,1,2]","[[1],[0,1,2,3]]",FEASIBLE,FEASIBLE,FEASIBLE,null,0.015624,0.032716,0.001563,False
703267,1,5,[2],"[2,1,2,3,3]","[[0,2,3,4]]",FEASIBLE,FEASIBLE,FEASIBLE,null,0.006977,0.021087,0.001234,False
703268,7,1,"[1,1,1,1,1,1,1]",[3],"[[0],[0],[0],[0],[0],[0],[0]]",UNSAT,UNSAT,UNSAT,"[0, 1, 2, 3]",0.111739,0.251524,0.002147,False
703269,1,7,[1],"[1,3,1,2,2,3,2]","[[2,3,5]]",FEASIBLE,FEASIBLE,FEASIBLE,null,0.00978,0.020239,0.001149,False
703270,3,2,"[1,2,1]","[1,3]","[[0,1],[0,1],[0,1]]",FEASIBLE,FEASIBLE,FEASIBLE,null,0.021343,0.043871,0.002032,False
703271,6,3,"[1,2,1,1,3,1]","[1,3,2]","[[0,1],[0,1],[1],[1,2],[0,1,2],[2]]",UNSAT,UNSAT,UNSAT,"[1, 4]",0.047266,0.069489,0.003988,False
703272,6,7,"[1,2,1,1,1,2]","[3,2,2,2,3,1,1]","[[0,1,2,3,4,6],[2,3,6],[0,1,2,4],[0,2,6],[2,6],[4,6]]",FEASIBLE,FEASIBLE,FEASIBLE,null,0.485742,0.065251,0.00365,False
703273,6,3,"[1,1,1,1,2,1]","[1,3,3]","[[0,1],[0],[1,2],[1,2],[0,1],[2]]",UNSAT,UNSAT,UNSAT,"[1, 4]",0.047583,0.079402,0.003957,False
703274,5,5,"[1,3,2,2,1]","[2,1,2,3,1]","[[0],[0,1,3],[0,2,4],[1,2,3],[0,4]]",UNSAT,UNSAT,UNSAT,"[0, 1, 2, 4]",0.146921,0.072858,0.004028,False
703275,6,5,"[1,2,3,1,2,2]","[2,1,3,2,1]","[[0,1,2,3,4],[0,1,2,3,4],[0,2,3],[2,3],[0,1,3,4],[0,1,2,3,4]]",UNSAT,UNSAT,UNSAT,"[0, 1, 2, 4, 5]",0.326454,0.101412,0.006584,False
703276,6,5,"[3,1,1,2,1,1]","[2,3,2,1,2]","[[0,1,2,3],[2],[2,4],[0,1,2,3,4],[4],[3]]",FEASIBLE,FEASIBLE,FEASIBLE,null,0.355794,0.058986,0.003054,False
703277,6,6,"[3,1,1,1,3,2]","[3,1,3,1,2,1]","[[1,2,3,4],[0,2,4],[0,1,2,3,4,5],[5],[2,3,4],[0,1]]",UNSAT,UNSAT,UNSAT,"[0, 4, 5]",0.215931,0.109132,0.005998,False
703278,5,4,"[2,1,1,2,1]","[2,2,1,1]","[[0,1,2,3],[1],[0,1,2,3],[0,2],[3]]",UNSAT,UNSAT,UNSAT,"[0, 1, 2, 3, 4]",0.145497,0.194834,0.003932,False
703279,3,3,"[2,1,1]","[3,1,1]","[[0,2],[0],[1]]",FEASIBLE,FEASIBLE,FEASIBLE,null,0.028713,0.030051,0.001465,False
703280,4,5,"[2,1,1,2]","[3,2,1,3,2]","[[0,1,3],[2],[1],[0,1]]",FEASIBLE,FEASIBLE,FEASIBLE,null,0.082473,0.053359,0.002442,False
703281,2,5,"[3,1]","[2,1,1,2,3]","[[1,2,3,4],[0,3,4]]",FEASIBLE,FEASIBLE,FEASIBLE,null,0.018156,0.033559,0.001726,False
703282,1,7,[1],"[3,1,3,2,2,1,3]","[[0,1,2,3,4,5,6]]",FEASIBLE,FEASIBLE,FEASIBLE,null,0.008912,0.0244,0.001536,False
703283,1,3,[1],"[3,3,3]","[[0,1,2]]",FEASIBLE,FEASIBLE,FEASIBLE,null,0.00544,0.016691,0.000884,False
703284,5,5,"[3,1,1,1,1]","[2,2,2,3,3]","[[0,1,2,3,4],[1,2,4],[0,3],[0,1,2,3,4],[0,1,2,3,4]]",FEASIBLE,FEASIBLE,FEASIBLE,null,0.176212,0.062899,0.003594,False
703285,3,5,"[1,2,1]","[1,2,2,1,1]","[[1,3],[0,3],[3]]",UNSAT,UNSAT,UNSAT,"[1, 2]",0.033435,0.046285,0.002319,False
703286,6,4,"[3,1,3,2,1,3]","[1,2,3,1]","[[0,1,2,3],[1,3],[0,1,2,3],[0,1,2],[0],[0,1,2,3]]",UNSAT,UNSAT,UNSAT,"[0, 1, 2]",0.095891,0.092302,0.005142,False
703287,3,7,"[2,3,2]","[3,2,3,2,3,1,1]","[[0,2],[3,5,6],[0,1,2,3,4,5,6]]",FEASIBLE,FEASIBLE,FEASIBLE,null,0.051444,0.050152,0.002718,False
703288,6,1,"[1,1,1,1,1,1]",[1],"[[0],[0],[0],[0],[0],[0]]",UNSAT,UNSAT,UNSAT,"[0, 1]",0.014114,0.049629,0.002106,False
703289,1,7,[1],"[3,2,3,1,2,2,3]",[[3]],FEASIBLE,FEASIBLE,FEASIBLE,null,0.009738,0.02541,0.000948,False
703290,3,1,"[1,1,1]",[3],"[[0],[0],[0]]",FEASIBLE,FEASIBLE,FEASIBLE,null,0.015255,0.036861,0.000941,False
703291,5,4,"[1,1,3,2,3]","[1,2,3,2]","[[3],[3],[0,1,2,3],[0,1,2,3],[0,1,3]]",UNSAT,UNSAT,UNSAT,"[0, 1, 4]",0.199618,0.077204,0.004011,False
703292,3,3,"[2,2,1]","[2,2,2]","[[0,2],[0,2],[1]]",FEASIBLE,FEASIBLE,FEASIBLE,null,0.030161,0.034506,0.001567,False
703293,7,7,"[2,2,1,1,3,3,2]","[2,1,1,1,1,3,2]","[[0,4,6],[0,3],[2,3,6],[0,1,2,3,4],[2,3,4,5,6],[1,3,4],[2,3,4,5,6]]",UNSAT,UNSAT,UNSAT,"[1, 5]",0.12025,0.116166,0.007048,False
703294,5,7,"[1,2,2,1,1]","[3,1,2,3,1,3,2]","[[4,6],[0,5],[0,1,3,4],[2,3],[6]]",FEASIBLE,FEASIBLE,FEASIBLE,null,0.23273,0.052518,0.002809,False
703295,3,4,"[1,1,2]","[1,1,3,1]","[[0,1,2,3],[2],[0,1,2,3]]",FEASIBLE,FEASIBLE,FEASIBLE,null,0.034037,0.037288,0.001843,False
703296,3,7,"[2,3,2]","[3,2,1,3,1,3,2]","[[1,4,5],[1,3,4,6],[0,1,5]]",FEASIBLE,FEASIBLE,FEASIBLE,null,0.052447,0.049648,0.002372,False
703297,3,5,"[1,1,1]","[3,2,1,2,2]","[[1],[3],[0,1,2,3,4]]",FEASIBLE,FEASIBLE,FEASIBLE,null,0.039365,0.031175,0.001766,False
703298,7,3,"[1,1,1,1,1,1,1]","[2,1,3]","[[0,1],[1],[1],[0],[0,1,2],[0,1,2],[0,1,2]]",UNSAT,UNSAT,UNSAT,"[1, 2]",0.049543,0.070978,0.003544,False
703299,7,6,"[2,1,1,1,1,3,1]","[2,3,1,3,3,1]","[[0,2],[1,5],[1,2,3],[3,4,5],[0,1,3,4],[0,1,2,4],[4]]",FEASIBLE,FEASIBLE,FEASIBLE,null,0.918953,0.101063,0.004681,False
703300,3,1,"[1,1,1]",[2],"[[0],[0],[0]]",UNSAT,UNSAT,UNSAT,"[0, 1, 2]",0.019208,0.040666,0.00144,False
703301,2,2,"[1,1]","[2,3]","[[0],[1]]",FEASIBLE,FEASIBLE,FEASIBLE,null,0.014156,0.139875,0.000892,False
703302,1,6,[2],"[2,3,1,3,1,2]","[[0,1,2,3,4,5]]",FEASIBLE,FEASIBLE,FEASIBLE,null,0.008646,0.026054,0.001328,False
703303,4,5,"[1,2,2,3]","[1,2,3,2,1]","[[0,1,2,3,4],[0,1,2,3],[0,1,2,3,4],[1,2,3,4]]",FEASIBLE,FEASIBLE,FEASIBLE,null,0.084227,0.061684,0.003251,False
703304,2,6,"[3,2]","[3,2,2,3,2,3]","[[0,1,2,4,5],[1,2,3,5]]",FEASIBLE,FEASIBLE,FEASIBLE,null,0.020717,0.038536,0.00204,False
703305,2,4,"[1,2]","[1,3,2,2]","[[0,1,2,3],[1,2,3]]",FEASIBLE,FEASIBLE,FEASIBLE,null,0.015492,0.028563,0.001482,False
703306,3,6,"[1,2,1]","[2,1,3,1,1,3]","[[1],[1,2,3,4],[4]]",FEASIBLE,FEASIBLE,FEASIBLE,null,0.045841,0.036382,0.001732,False
703307,1,2,[2],"[2,3]","[[0,1]]",FEASIBLE,FEASIBLE,FEASIBLE,null,0.004936,0.017908,0.000775,False
703308,6,2,"[2,1,1,1,1,1]","[3,1]","[[0,1],[0,1],[0,1],[1],[0,1],[0,1]]",UNSAT,UNSAT,UNSAT,"[0, 3]",0.025208,0.065185,0.003446,False
703309,1,1,[1],[3],[[0]],FEASIBLE,FEASIBLE,FEASIBLE,null,0.00484,0.015925,0.000667,False
703310,3,5,"[3,2,2]","[3,1,2,1,1]","[[0,1,2,3,4],[0,2,3],[0,1,2,3,4]]",FEASIBLE,FEASIBLE,FEASIBLE,null,0.040251,0.050843,0.002427,False
703311,4,7,"[3,1,2,3]","[3,1,1,3,3,2,1]","[[0,1,2,3,4,6],[1,2,3,4,5,6],[0,1,3,4,5],[0,2,4,5,6]]",FEASIBLE,FEASIBLE,FEASIBLE,null,0.114671,0.069488,0.003636,False
703312,6,7,"[2,1,1,1,2,3]","[3,2,1,3,1,2,1]","[[1,3,4,5,6],[0,1,2,3,4,5,6],[0,2,4],[1,3],[1,2,3,4,6],[1,3,4,5]]",FEASIBLE,FEASIBLE,FEASIBLE,null,0.501094,0.08059,0.004354,False
703313,2,4,"[1,2]","[3,1,3,1]","[[2,3],[0,1,2,3]]",FEASIBLE,FEASIBLE,FEASIBLE,null,0.016033,0.146386,0.001459,False
703314,1,2,[1],"[3,2]",[[0]],FEASIBLE,FEASIBLE,FEASIBLE,null,0.005317,0.014636,0.000663,False
703315,2,3,"[3,1]","[2,3,1]","[[0,1,2],[2]]",UNSAT,UNSAT,UNSAT,"[0, 1]",0.014266,0.041148,0.002022,False
703316,4,1,"[1,1,1,1]",[1],"[[0],[0],[0],[0]]",UNSAT,UNSAT,UNSAT,"[0, 1]",0.011166,0.039948,0.001792,False
703317,1,2,[1],"[3,1]",[[0]],FEASIBLE,FEASIBLE,FEASIBLE,null,0.004758,0.014725,0.000673,False
703318,4,6,"[2,3,2,3]","[1,1,3,2,2,1]","[[0,4],[0,3,5],[1,5],[2,3,4,5]]",UNSAT,UNSAT,UNSAT,"[0, 1]",0.031047,0.070549,0.003741,False
703319,3,5,"[2,2,2]","[2,2,1,2,2]","[[1,3],[2,4],[0,1,2,3,4]]",FEASIBLE,FEASIBLE,FEASIBLE,null,0.040691,0.042959,0.002777,False
703320,4,7,"[2,1,3,3]","[3,3,2,3,3,2,1]","[[1,2,6],[5],[0,1,2,3,5,6],[1,2,5,6]]",FEASIBLE,FEASIBLE,FEASIBLE,null,0.129342,0.061255,0.003545,False
703321,3,7,"[1,2,2]","[2,1,3,2,2,2,1]","[[6],[0,1,2,4,5],[1,2,4,6]]",FEASIBLE,FEASIBLE,FEASIBLE,null,0.052009,0.043304,0.002674,False
703322,4,6,"[2,1,3,1]","[1,3,2,1,1,2]","[[0,1,2,3,4,5],[0,1,4],[1,2,3],[1,3]]",FEASIBLE,FEASIBLE,FEASIBLE,null,0.098374,0.069365,0.003988,False
703323,4,1,"[1,1,1,1]",[2],"[[0],[0],[0],[0]]",UNSAT,UNSAT,UNSAT,"[0, 1, 2]",0.022147,0.042713,0.002458,False
703324,5,5,"[2,3,1,2,3]","[3,3,2,3,2]","[[0,2,3,4],[0,1,4],[0,2,3,4],[0,1,2,3,4],[0,1,2,3,4]]",FEASIBLE,FEASIBLE,FEASIBLE,null,0.175347,0.072956,0.004352,False
703325,1,6,[2],"[2,2,1,2,3,1]","[[2,3,4,5]]",FEASIBLE,FEASIBLE,FEASIBLE,null,0.009278,0.026815,0.001425,False
703326,1,1,[1],[1],[[0]],FEASIBLE,FEASIBLE,FEASIBLE,null,0.003822,0.130173,0.000792,False
703327,6,3,"[1,1,1,1,2,1]","[3,3,1]","[[0,1,2],[0,2],[0],[0],[0,1,2],[2]]",UNSAT,UNSAT,UNSAT,"[1, 2, 3, 4, 5]",0.23996,0.084892,0.004809,False
703328,3,3,"[1,2,1]","[3,2,3]","[[0,1,2],[1,2],[1,2]]",FEASIBLE,FEASIBLE,FEASIBLE,null,0.028593,0.033033,0.002004,False
703329,5,7,"[2,1,1,1,1]","[3,3,1,3,2,2,3]","[[1,2,5],[1,2,5,6],[4],[2,6],[3,4,5,6]]",FEASIBLE,FEASIBLE,FEASIBLE,null,0.236742,0.067896,0.003617,False
703330,5,5,"[3,1,3,1,1]","[3,3,1,3,2]","[[1,3,4],[1],[1,2,3,4],[1],[2]]",UNSAT,UNSAT,UNSAT,"[0, 1, 2, 3, 4]",0.174622,0.090156,0.005272,False
703331,1,1,[1],[1],[[0]],FEASIBLE,FEASIBLE,FEASIBLE,null,0.004021,0.0144,0.000774,False
703332,1,6,[1],"[2,1,3,1,2,3]","[[0,1,2,5]]",FEASIBLE,FEASIBLE,FEASIBLE,null,0.010066,0.020505,0.00189,False
703333,1,1,[1],[3],[[0]],FEASIBLE,FEASIBLE,FEASIBLE,null,0.003864,0.012848,0.000788,False
703334,2,7,"[1,2]","[3,2,3,3,3,1,3]","[[0,1,2,3,4,5,6],[0,2,4]]",FEASIBLE,FEASIBLE,FEASIBLE,null,0.023204,0.034785,0.002565,False
703335,4,5,"[3,1,1,2]","[2,3,3,3,3]","[[0,1,2,3,4],[2,4],[0],[0,1,2,3,4]]",FEASIBLE,FEASIBLE,FEASIBLE,null,0.084954,0.05083,0.003216,False
703336,4,5,"[1,1,1,1]","[3,1,1,2,2]","[[0,1,4],[0,4],[0,1,2,3,4],[0]]",FEASIBLE,FEASIBLE,FEASIBLE,null,0.084328,0.052383,0.003105,False
703337,1,2,[1],"[2,2]",[[1]],FEASIBLE,FEASIBLE,FEASIBLE,null,0.004806,0.014614,0.000872,False
703338,2,7,"[1,2]","[1,2,1,2,3,2,2]","[[0,4,6],[0,1,2,3,4,5]]",FEASIBLE,FEASIBLE,FEASIBLE,null,0.023212,0.03495,0.00255,False
703339,5,7,"[1,3,3,3,2]","[3,3,3,2,2,2,3]","[[5],[0,1,2,3,4,5,6],[1,2,3,4,5,6],[1,2,3],[0,1,2,3,4,6]]",FEASIBLE,FEASIBLE,FEASIBLE,null,0.294019,0.282378,0.004459,False
703340,3,5,"[2,2,1]","[1,3,2,2,1]","[[0,3],[0,1,4],[0,1,2,3,4]]",FEASIBLE,FEASIBLE,FEASIBLE,null,0.041811,0.043527,0.002178,False
703341,3,4,"[2,1,2]","[3,1,3,2]","[[0,2],[1],[0,1,2,3]]",FEASIBLE,FEASIBLE,FEASIBLE,null,0.034511,0.039313,0.00235,False
703342,7,4,"[2,1,3,3,2,1,1]","[3,2,2,2]","[[0,1,2,3],[1],[0,1,2,3],[0,1,3],[0,1,3],[3],[3]]",UNSAT,UNSAT,UNSAT,"[3, 5, 6]",0.291988,0.130271,0.006595,False
703343,5,2,"[1,1,2,1,1]","[2,2]","[[0,1],[0],[0,1],[1],[0]]",UNSAT,UNSAT,UNSAT,"[1, 2, 4]",0.063767,0.055354,0.003837,False
703344,2,4,"[2,3]","[3,2,3,3]","[[0,1,2,3],[0,1,3]]",FEASIBLE,FEASIBLE,FEASIBLE,null,0.015866,0.036115,0.001794,False
703345,7,5,"[1,1,2,1,1,3,3]","[3,2,1,3,3]","[[1,2],[2],[0,1,2,3,4],[0,2,4],[1,3,4],[0,2,4],[0,2,4]]",UNSAT,UNSAT,UNSAT,"[1, 5]",0.08873,0.121731,0.006287,False
703346,2,6,"[3,2]","[2,1,3,3,3,2]","[[0,1,3,5],[0,1,3,4,5]]",FEASIBLE,FEASIBLE,FEASIBLE,null,0.020718,0.043536,0.002035,False
703347,1,5,[2],"[3,1,2,1,1]","[[0,1,2,3,4]]",FEASIBLE,FEASIBLE,FEASIBLE,null,0.00713,0.024303,0.001244,False
703348,1,5,[1],"[3,2,2,1,1]","[[0,3]]",FEASIBLE,FEASIBLE,FEASIBLE,null,0.006966,0.018424,0.00087,False
703349,5,4,"[1,2,1,1,1]","[1,1,2,3]","[[2],[0,1,2,3],[0,3],[0,2],[0,2,3]]",FEASIBLE,FEASIBLE,FEASIBLE,null,0.14609,0.054311,0.00243,False
703350,1,2,[1],"[3,2]",[[0]],FEASIBLE,FEASIBLE,FEASIBLE,null,0.004908,0.014919,0.000573,False
703351,1,4,[1],"[3,2,3,3]","[[0,1,2,3]]",FEASIBLE,FEASIBLE,FEASIBLE,null,0.120952,0.02011,0.001135,False
703352,6,6,"[1,1,2,1,1,1]","[2,3,1,3,2,3]","[[2],[0,1,2,3,5],[3,4,5],[4],[0,1,2,5],[0,1,2,3]]",FEASIBLE,FEASIBLE,FEASIBLE,null,0.446977,0.061297,0.003454,False
703353,4,7,"[2,1,3,2]","[3,3,1,2,1,3,1]","[[0,1,2,3,4,5,6],[6],[0,2,3,4,5],[1,4,5,6]]",FEASIBLE,FEASIBLE,FEASIBLE,null,0.11264,0.058272,0.003104,False
703354,6,3,"[1,1,2,2,1,2]","[3,2,2]","[[0],[1,2],[0,2],[1,2],[2],[0,1,2]]",UNSAT,UNSAT,UNSAT,"[2, 3, 4]",0.138667,0.072417,0.003866,False
703355,4,2,"[2,2,2,1]","[2,1]","[[0,1],[0,1],[0,1],[0]]",UNSAT,UNSAT,UNSAT,"[0, 1]",0.015403,0.052119,0.002487,False
703356,2,6,"[1,2]","[3,1,1,1,2,2]","[[0,1,2,4],[1,3,5]]",FEASIBLE,FEASIBLE,FEASIBLE,null,0.020704,0.031871,0.001642,False
703357,2,1,"[1,1]",[2],"[[0],[0]]",FEASIBLE,FEASIBLE,FEASIBLE,null,0.008361,0.018862,0.000842,False
703358,7,7,"[1,1,2,3,2,2,2]","[2,2,1,3,3,1,3]","[[2],[3],[0,1,2,3,4,5],[0,1,2,3,5,6],[1,2,4,6],[0,4],[3,5]]",FEASIBLE,FEASIBLE,FEASIBLE,null,1.041564,0.115525,0.005439,False
703359,7,2,"[1,1,1,2,1,1,2]","[3,2]","[[0],[1],[0,1],[0,1],[1],[0,1],[0,1]]",UNSAT,UNSAT,UNSAT,"[1, 3, 4]",0.133761,0.07335,0.00371,False
703360,6,1,"[1,1,1,1,1,1]",[2],"[[0],[0],[0],[0],[0],[0]]",UNSAT,UNSAT,UNSAT,"[0, 1, 2]",0.040525,0.053354,0.002264,False
703361,7,4,"[1,2,1,1,3,2,1]","[1,2,1,1]","[[0,1,2,3],[0,1],[0,1,2,3],[1],[0,1,2,3],[0,1],[0,2]]",UNSAT,UNSAT,UNSAT,"[1, 5]",0.073043,0.214753,0.005281,False
703362,1,5,[1],"[1,1,2,1,3]",[[3]],FEASIBLE,FEASIBLE,FEASIBLE,null,0.008066,0.020128,0.000884,False
703363,1,3,[1],"[2,3,1]","[[0,1,2]]",FEASIBLE,FEASIBLE,FEASIBLE,null,0.008098,0.017189,0.0009,False
703364,4,2,"[2,1,2,1]","[2,2]","[[0,1],[0,1],[0,1],[0]]",UNSAT,UNSAT,UNSAT,"[0, 1, 2]",0.029865,0.051118,0.002521,False
703365,1,6,[2],"[2,1,3,1,2,3]","[[0,3,5]]",FEASIBLE,FEASIBLE,FEASIBLE,null,0.007723,0.022589,0.001126,False
703366,1,5,[1],"[2,3,3,3,2]",[[1]],FEASIBLE,FEASIBLE,FEASIBLE,null,0.006885,0.016625,0.000866,False
703367,2,7,"[2,2]","[3,1,2,3,1,1,2]","[[2,6],[1,2,3,4]]",FEASIBLE,FEASIBLE,FEASIBLE,null,0.021766,0.033189,0.001798,False
703368,3,5,"[1,1,3]","[1,3,3,1,1]","[[1,4],[0,3],[0,1,2,3,4]]",FEASIBLE,FEASIBLE,FEASIBLE,null,0.038398,0.03929,0.002057,False
703369,4,6,"[1,2,1,1]","[2,1,1,1,3,2]","[[0,2,3,5],[2,3,4],[1,4],[1,2,3,4]]",FEASIBLE,FEASIBLE,FEASIBLE,null,0.094661,0.047748,0.003122,False
703370,4,7,"[1,1,1,1]","[1,2,1,1,1,3,2]","[[5,6],[2],[0,3,4],[0]]",FEASIBLE,FEASIBLE,FEASIBLE,null,0.105911,0.050368,0.00264,False
703371,1,1,[1],[2],[[0]],FEASIBLE,FEASIBLE,FEASIBLE,null,0.004145,0.013369,0.000603,False
703372,6,5,"[1,1,2,3,1,1]","[2,3,1,2,1]","[[0],[0,4],[0,1,2],[0,2,3,4],[0,1,2,3,4],[0,2]]",UNSAT,UNSAT,UNSAT,"[0, 1, 2, 3]",0.220314,0.08375,0.005369,False
703373,5,1,"[1,1,1,1,1]",[2],"[[0],[0],[0],[0],[0]]",UNSAT,UNSAT,UNSAT,"[0, 1, 2]",0.02895,0.04831,0.001938,False
703374,7,7,"[1,3,3,2,2,1,3]","[1,1,3,3,2,3,2]","[[0],[2,3,5],[0,1,2,3,4,6],[1,2,4,5,6],[0,6],[6],[0,1,3,4,5]]",UNSAT,UNSAT,UNSAT,"[0, 4]",0.07131,0.208628,0.005235,False
703375,4,2,"[1,1,1,2]","[3,1]","[[0],[1],[1],[0,1]]",UNSAT,UNSAT,UNSAT,"[1, 2]",0.022508,0.043891,0.002286,False
703376,1,3,[2],"[3,1,2]","[[1,2]]",FEASIBLE,FEASIBLE,FEASIBLE,null,0.00583,0.019491,0.000955,False
703377,1,2,[1],"[3,1]","[[0,1]]",FEASIBLE,FEASIBLE,FEASIBLE,null,0.00481,0.014666,0.000707,False
703378,4,6,"[2,2,1,3]","[1,2,3,1,2,1]","[[0,2,3,4,5],[1,2,3,4],[1,2],[0,1,2,3,4,5]]",FEASIBLE,FEASIBLE,FEASIBLE,null,0.095158,0.058227,0.0032,False
703379,6,7,"[2,3,1,3,2,3]","[3,2,1,2,3,2,2]","[[0,2,6],[1,3,4,5],[1,2,3,4],[0,1,2,3,5],[2,5],[0,2,4,5]]",FEASIBLE,FEASIBLE,FEASIBLE,null,0.546689,0.156968,0.006616,False
703380,2,3,"[3,1]","[3,3,2]","[[0,1,2],[0,1,2]]",FEASIBLE,FEASIBLE,FEASIBLE,null,0.015754,0.03582,0.001488,False
703381,4,4,"[1,1,1,3]","[1,3,1,1]","[[0,1,2,3],[0,1,2,3],[0,2,3],[0,1,3]]",FEASIBLE,FEASIBLE,FEASIBLE,null,0.08483,0.079969,0.003318,False
703382,7,5,"[1,1,1,1,1,3,1]","[2,2,2,1,3]","[[1,4],[4],[0,1,2],[0,1,2,3,4],[1,2,3],[1,2,4],[2]]",FEASIBLE,FEASIBLE,FEASIBLE,null,0.93051,0.095561,0.004348,False
703383,1,2,[1],"[3,1]",[[0]],FEASIBLE,FEASIBLE,FEASIBLE,null,0.005941,0.023381,0.000569,False
703384,7,4,"[1,1,2,3,2,1,1]","[2,3,3,2]","[[0],[2],[0,1,2],[1,2,3],[0,1],[0,1,2,3],[3]]",UNSAT,UNSAT,UNSAT,"[0, 1, 2, 3, 4, 5, 6]",0.82684,0.125808,0.005032,False
703385,5,7,"[3,3,3,2,1]","[2,1,2,2,3,2,3]","[[0,1,3,5],[0,1,2,3,4,5,6],[0,1,2,3,4,6],[1,2,3],[2]]",FEASIBLE,FEASIBLE,FEASIBLE,null,0.289922,0.290214,0.005971,False
703386,4,4,"[2,2,1,1]","[3,3,1,2]","[[2,3],[1,2,3],[0,1,2,3],[0,1,2,3]]",FEASIBLE,FEASIBLE,FEASIBLE,null,0.084341,0.118406,0.002321,False
703387,1,5,[1],"[1,2,1,2,3]","[[0,1,2,3,4]]",FEASIBLE,FEASIBLE,FEASIBLE,null,0.009867,0.027865,0.001182,False
703388,5,4,"[2,1,1,1,1]","[3,2,3,3]","[[0,1],[0,1,2,3],[3],[1],[2,3]]",FEASIBLE,FEASIBLE,FEASIBLE,null,0.199281,0.049016,0.002261,False
703389,4,7,"[1,1,2,1]","[1,2,3,3,3,2,1]","[[6],[0,6],[0,1,2,3,4,5,6],[0,1,2,3,4,5,6]]",FEASIBLE,FEASIBLE,FEASIBLE,null,0.106639,0.052263,0.003148,False
703390,5,5,"[2,2,2,3,1]","[1,2,1,1,1]","[[0,4],[0,1,2,3,4],[0,1,3],[0,1,3,4],[0,2]]",UNSAT,UNSAT,UNSAT,"[0, 3]",0.051304,0.101543,0.004823,False
703391,4,1,"[1,1,1,1]",[3],"[[0],[0],[0],[0]]",UNSAT,UNSAT,UNSAT,"[0, 1, 2, 3]",0.036716,0.051405,0.001943,False
703392,4,3,"[1,2,1,1]","[2,2,1]","[[2],[0,1,2],[0,2],[2]]",UNSAT,UNSAT,UNSAT,"[0, 3]",0.032233,0.057698,0.002468,False
703393,5,7,"[2,1,1,3,2]","[2,1,2,2,3,1,3]","[[0,1,2,3,4,5,6],[3,4,6],[6],[1,2,5,6],[0,1,2,3,4,5,6]]",FEASIBLE,FEASIBLE,FEASIBLE,null,0.294745,0.088978,0.003862,False
703394,6,4,"[1,1,2,1,1,1]","[1,3,1,2]","[[0,1,2,3],[0,1,2,3],[0,1,2,3],[1,2],[1,2],[2]]",FEASIBLE,FEASIBLE,FEASIBLE,null,0.364222,0.093953,0.004076,False
703395,3,3,"[3,1,1]","[3,2,2]","[[0,1,2],[0,1],[0]]",FEASIBLE,FEASIBLE,FEASIBLE,null,0.032392,0.20048,0.001571,False
703396,6,3,"[1,1,2,1,3,3]","[1,3,1]","[[2],[0,1,2],[0,1,2],[0],[0,1,2],[0,1,2]]",UNSAT,UNSAT,UNSAT,"[0, 4]",0.044556,0.085642,0.00426,False
703397,5,7,"[2,2,2,2,3]","[3,1,3,1,1,3,3]","[[1,2,4,6],[1,6],[1,2,3,4,5,6],[1,4,5],[0,3,5,6]]",FEASIBLE,FEASIBLE,FEASIBLE,null,0.284597,0.109791,0.004992,False
703398,1,2,[1],"[2,2]",[[0]],FEASIBLE,FEASIBLE,FEASIBLE,null,0.00582,0.016802,0.000562,False
703399,4,2,"[1,1,1,1]","[3,2]","[[1],[0],[0],[0]]",FEASIBLE,FEASIBLE,FEASIBLE,null,0.081903,0.036001,0.001422,False
703400,4,7,"[2,1,1,3]","[3,3,1,1,2,3,1]","[[3,5],[3],[3],[0,1,2,4,6]]",UNSAT,UNSAT,UNSAT,"[0, 1]",0.037904,0.063217,0.002965,False
703401,3,3,"[1,2,2]","[1,2,1]","[[0,1,2],[0,2],[0,1,2]]",UNSAT,UNSAT,UNSAT,"[1, 2]",0.032474,0.072666,0.003223,False
703402,4,2,"[1,1,1,1]","[1,2]","[[0],[0],[0,1],[0,1]]",UNSAT,UNSAT,UNSAT,"[0, 1]",0.014445,0.043387,0.002188,False
703403,6,6,"[2,3,2,1,1,1]","[2,3,2,3,3,3]","[[1,3,4,5],[0,1,2,3,4,5],[2,3],[5],[5],[2]]",FEASIBLE,FEASIBLE,FEASIBLE,null,0.392418,0.101971,0.004027,False
703404,1,5,[3],"[2,3,3,1,2]","[[0,1,2,3]]",FEASIBLE,FEASIBLE,FEASIBLE,null,0.00776,0.02577,0.001332,False
703405,5,2,"[2,1,2,2,2]","[1,2]","[[0,1],[1],[0,1],[0,1],[0,1]]",UNSAT,UNSAT,UNSAT,"[0, 2]",0.019283,0.056495,0.00314,False
703406,5,3,"[3,1,1,2,3]","[1,3,3]","[[0,1,2],[2],[1],[0,1,2],[0,1,2]]",UNSAT,UNSAT,UNSAT,"[0, 4]",0.030444,0.066982,0.003677,False
703407,6,5,"[2,1,2,2,1,1]","[1,3,2,1,1]","[[0,1,2,4],[0,1,2,3,4],[0,2],[0,1,2,4],[1,4],[3]]",UNSAT,UNSAT,UNSAT,"[0, 1, 2, 3, 4, 5]",0.344763,0.288878,0.005579,False
703408,6,5,"[2,1,2,1,1,2]","[3,3,1,2,3]","[[0,1,2,3,4],[0,1,2,3,4],[3,4],[1,3],[1],[1,3,4]]",FEASIBLE,FEASIBLE,FEASIBLE,null,0.346355,0.065905,0.003353,False
703409,2,4,"[1,1]","[1,3,2,1]","[[0,1,2,3],[1]]",FEASIBLE,FEASIBLE,FEASIBLE,null,0.014795,0.040228,0.001397,False
703410,2,5,"[3,1]","[3,1,3,2,1]","[[0,3,4],[2]]",FEASIBLE,FEASIBLE,FEASIBLE,null,0.016748,0.028286,0.001425,False
703411,1,4,[1],"[1,1,2,2]",[[1]],FEASIBLE,FEASIBLE,FEASIBLE,null,0.005969,0.013739,0.000706,False
703412,3,4,"[1,2,1]","[1,3,2,3]","[[3],[0,1,2,3],[2]]",FEASIBLE,FEASIBLE,FEASIBLE,null,0.030921,0.030387,0.00169,False
703413,5,2,"[1,1,1,1,1]","[1,3]","[[0],[1],[0,1],[0,1],[0,1]]",UNSAT,UNSAT,UNSAT,"[0, 1, 2, 3, 4]",0.082681,0.075267,0.003064,False
703414,5,3,"[1,1,1,1,1]","[3,3,3]","[[0,1],[1],[1,2],[2],[0,1]]",FEASIBLE,FEASIBLE,FEASIBLE,null,0.111048,0.03971,0.001952,False
703415,5,4,"[1,2,1,2,2]","[3,3,3,3]","[[0,1],[0,2,3],[0,1,2],[0,1],[0,1]]",FEASIBLE,FEASIBLE,FEASIBLE,null,0.13717,0.067563,0.003212,False
703416,2,3,"[3,2]","[2,2,3]","[[0,1,2],[1,2]]",FEASIBLE,FEASIBLE,FEASIBLE,null,0.012067,0.0313,0.001441,False
703417,7,7,"[1,1,3,1,1,3,1]","[2,3,1,1,1,3,1]","[[0],[0,1,3,4],[1,2,3,4],[1,4],[0,1,2,4,5,6],[2,3,4,5],[2]]",UNSAT,UNSAT,UNSAT,"[2, 5]",0.133572,0.084942,0.005655,False
703418,4,1,"[1,1,1,1]",[1],"[[0],[0],[0],[0]]",UNSAT,UNSAT,UNSAT,"[0, 1]",0.01036,0.036691,0.001879,False
703419,6,4,"[1,1,1,3,2,2]","[2,1,2,1]","[[0,1,2,3],[2],[1,2,3],[0,1,2],[1,2],[0,1,2,3]]",UNSAT,UNSAT,UNSAT,"[3, 4]",0.074604,0.179723,0.005087,False
703420,1,4,[1],"[3,2,2,2]",[[1]],FEASIBLE,FEASIBLE,FEASIBLE,null,0.005957,0.015585,0.000723,False
703421,5,7,"[1,1,3,2,3]","[2,1,1,1,3,3,2]","[[0,2],[1,2],[0,1,2,3,4,6],[0,2,4,5],[1,5,6]]",FEASIBLE,FEASIBLE,FEASIBLE,null,0.212677,0.083255,0.004496,False
703422,3,4,"[3,1,1]","[1,2,1,1]","[[0,1,2,3],[1],[0,1,2,3]]",FEASIBLE,FEASIBLE,FEASIBLE,null,0.030659,0.038159,0.002004,False
703423,7,1,"[1,1,1,1,1,1,1]",[2],"[[0],[0],[0],[0],[0],[0],[0]]",UNSAT,UNSAT,UNSAT,"[0, 1, 2]",0.047537,0.053529,0.002688,False
703424,3,3,"[3,2,1]","[2,3,2]","[[0,1,2],[0,1,2],[0,1,2]]",FEASIBLE,FEASIBLE,FEASIBLE,null,0.02854,0.044602,0.002598,False
703425,5,5,"[2,1,1,2,2]","[3,2,1,1,1]","[[1,2,3],[0],[0,2,3,4],[1,2],[0,1,2,3,4]]",FEASIBLE,FEASIBLE,FEASIBLE,null,0.159731,0.077817,0.004164,False
703426,7,4,"[1,2,3,1,1,1,1]","[2,1,3,1]","[[1],[0,2],[1,2,3],[0,1,2,3],[2],[2],[0]]",UNSAT,UNSAT,UNSAT,"[0, 2]",0.036,0.074866,0.004974,False
703427,2,4,"[1,1]","[3,1,3,1]","[[0,1,2,3],[0,3]]",FEASIBLE,FEASIBLE,FEASIBLE,null,0.014136,0.023609,0.00137,False
703428,7,3,"[1,1,2,1,3,1,2]","[1,2,1]","[[2],[1,2],[0,1,2],[2],[0,1,2],[0,1,2],[0,1,2]]",UNSAT,UNSAT,UNSAT,"[0, 3]",0.032541,0.07408,0.004872,False
703429,1,6,[1],"[1,1,3,2,3,3]",[[0]],FEASIBLE,FEASIBLE,FEASIBLE,null,0.007351,0.016621,0.000967,False
703430,7,6,"[2,2,3,1,1,1,2]","[2,3,2,1,3,1]","[[1,2],[1,2],[0,1,2,3,4,5],[0,1,3,4],[5],[4],[0,1,3,5]]",FEASIBLE,FEASIBLE,FEASIBLE,null,0.803576,0.226524,0.0061,False
703431,5,6,"[1,2,2,3,3]","[2,1,3,1,3,3]","[[0],[2,3],[2,3,5],[0,1,2,3,5],[0,1,2,3,4,5]]",FEASIBLE,FEASIBLE,FEASIBLE,null,0.205426,0.082488,0.00438,False
703432,2,1,"[1,1]",[2],"[[0],[0]]",FEASIBLE,FEASIBLE,FEASIBLE,null,0.008034,0.018509,0.00089,False
703433,3,5,"[3,1,2]","[1,2,1,2,1]","[[0,1,3,4],[1,2,3,4],[1,2]]",FEASIBLE,FEASIBLE,FEASIBLE,null,0.036468,0.050619,0.0027,False
703434,2,2,"[1,1]","[3,2]","[[1],[1]]",FEASIBLE,FEASIBLE,FEASIBLE,null,0.009605,0.018542,0.000912,False
703435,4,6,"[3,2,3,3]","[2,3,2,2,2,3]","[[1,2,4,5],[0,2,3,5],[0,1,2,3,4,5],[0,1,3]]",FEASIBLE,FEASIBLE,FEASIBLE,null,0.089263,0.072956,0.00397,False
703436,5,7,"[1,1,1,3,1]","[1,3,3,2,2,2,1]","[[0,1,2,3,4,5,6],[0,1,3,6],[0,1,2,4,5,6],[1,2,5,6],[3,5,6]]",FEASIBLE,FEASIBLE,FEASIBLE,null,0.21018,0.057661,0.003828,False
703437,5,4,"[1,2,1,3,1]","[3,3,3,3]","[[2],[1,2],[2],[0,1,2,3],[2]]",UNSAT,UNSAT,UNSAT,"[0, 1, 2, 4]",0.108436,0.057013,0.003387,False
703438,4,6,"[2,3,3,3]","[2,2,2,2,2,2]","[[0,4],[2,3,4,5],[0,1,2,3,4,5],[0,1,2,5]]",FEASIBLE,FEASIBLE,FEASIBLE,null,0.085859,0.072762,0.00645,False
703439,5,4,"[2,3,1,1,1]","[3,3,2,1]","[[1,2,3],[1,2,3],[2],[1,2],[2]]",UNSAT,UNSAT,UNSAT,"[0, 1, 2]",0.064748,0.111697,0.00509,False
703440,4,1,"[1,1,1,1]",[3],"[[0],[0],[0],[0]]",UNSAT,UNSAT,UNSAT,"[0, 1, 2, 3]",0.027299,0.049075,0.002723,False
703441,2,3,"[3,2]","[2,3,1]","[[0,1,2],[0,1,2]]",FEASIBLE,FEASIBLE,FEASIBLE,null,0.012513,0.04743,0.001684,False
703442,2,3,"[2,2]","[1,2,3]","[[1,2],[0,1,2]]",FEASIBLE,FEASIBLE,FEASIBLE,null,0.013325,0.02622,0.001391,False
703443,5,5,"[1,1,1,1,1]","[3,2,3,3,2]","[[0,1,2,3,4],[2,3,4],[0,2,3,4],[1],[4]]",FEASIBLE,FEASIBLE,FEASIBLE,null,0.154419,0.041034,0.003213,False
703444,2,4,"[1,1]","[3,3,1,1]","[[2],[0,2,3]]",FEASIBLE,FEASIBLE,FEASIBLE,null,0.013977,0.020823,0.00149,False
703445,2,7,"[2,2]","[2,1,3,1,2,2,2]","[[1,2,3,6],[0,1,2,3,5,6]]",FEASIBLE,FEASIBLE,FEASIBLE,null,0.020187,0.033505,0.002456,False
703446,2,6,"[2,3]","[1,2,2,3,1,3]","[[1,2],[0,1,3,5]]",FEASIBLE,FEASIBLE,FEASIBLE,null,0.018079,0.030924,0.001812,False
703447,7,4,"[2,1,1,1,2,3,2]","[3,3,1,2]","[[2,3],[1],[0,1,2,3],[0,3],[0,1,2,3],[0,1,2],[1,3]]",UNSAT,UNSAT,UNSAT,"[0, 5]",0.045523,0.093666,0.006963,False
703448,6,5,"[1,1,1,1,1,3]","[1,3,3,3,1]","[[0],[0,4],[1],[0,2,4],[4],[0,1,2,3,4]]",UNSAT,UNSAT,UNSAT,"[0, 1, 4]",0.109766,0.063816,0.004359,False
703449,6,5,"[1,1,2,3,1,2]","[3,2,3,2,3]","[[0,1,3,4],[0,1,2,4],[0,4],[1,2,4],[1,4],[0,3,4]]",FEASIBLE,FEASIBLE,FEASIBLE,null,0.320601,0.06125,0.003829,False
703450,1,4,[2],"[3,2,1,1]","[[2,3]]",FEASIBLE,FEASIBLE,FEASIBLE,null,0.005588,0.017655,0.00107,False
703451,3,5,"[1,1,3]","[2,3,3,2,3]","[[0,2,3],[2],[0,1,2,3,4]]",FEASIBLE,FEASIBLE,FEASIBLE,null,0.03435,0.034272,0.002298,False
703452,2,3,"[1,2]","[3,2,3]","[[1],[0,1,2]]",FEASIBLE,FEASIBLE,FEASIBLE,null,0.011214,0.022464,0.001293,False
703453,6,1,"[1,1,1,1,1,1]",[2],"[[0],[0],[0],[0],[0],[0]]",UNSAT,UNSAT,UNSAT,"[0, 1, 2]",0.034886,0.046371,0.00314,False
703454,5,4,"[1,3,1,1,1]","[2,2,2,1]","[[0,2],[0,1,2],[0,2],[2],[0,1]]",UNSAT,UNSAT,UNSAT,"[0, 1, 2, 3]",0.123008,0.059703,0.00368,False
703455,2,2,"[1,2]","[1,3]","[[0],[0,1]]",UNSAT,UNSAT,UNSAT,"[0, 1]",0.00954,0.030839,0.001923,False
703456,4,5,"[2,1,1,3]","[2,3,1,3,2]","[[0,1,2,3,4],[0],[0],[0,2,3]]",UNSAT,UNSAT,UNSAT,"[1, 2, 3]",0.067517,0.087371,0.004085,False
703457,5,2,"[1,1,1,2,1]","[2,1]","[[1],[0,1],[1],[0,1],[1]]",UNSAT,UNSAT,UNSAT,"[0, 2]",0.030888,0.054134,0.002863,False
703458,6,6,"[3,1,1,1,1,1]","[1,1,3,1,2,2]","[[0,2,4],[1,3,5],[3],[1],[2],[0,1,3,4,5]]",FEASIBLE,FEASIBLE,FEASIBLE,null,0.465459,0.152233,0.004271,False
703459,6,1,"[1,1,1,1,1,1]",[2],"[[0],[0],[0],[0],[0],[0]]",UNSAT,UNSAT,UNSAT,"[0, 1, 2]",0.041241,0.059132,0.002453,False
703460,2,1,"[1,1]",[3],"[[0],[0]]",FEASIBLE,FEASIBLE,FEASIBLE,null,0.009957,0.022981,0.000882,False
703461,2,6,"[1,1]","[1,1,2,1,2,2]","[[0],[1,3,4,5]]",FEASIBLE,FEASIBLE,FEASIBLE,null,0.03961,0.024778,0.001465,False
703462,7,5,"[1,1,2,2,2,3,2]","[1,2,2,3,1]","[[1],[1,3,4],[0,1,2,3,4],[0,1,2,3,4],[2,4],[0,1,3,4],[0,1,2,3,4]]",UNSAT,UNSAT,UNSAT,"[0, 2, 3, 4, 5]",0.571406,0.102676,0.008,False
703463,1,1,[1],[1],[[0]],FEASIBLE,FEASIBLE,FEASIBLE,null,0.003872,0.013193,0.00081,False
703464,3,5,"[1,3,2]","[3,1,2,3,3]","[[1],[0,1,2,4],[1,2]]",UNSAT,UNSAT,UNSAT,"[0, 2]",0.025704,0.046434,0.002826,False
703465,6,6,"[1,2,1,3,1,1]","[1,1,3,1,3,3]","[[0,1,2,3,4],[0,2,4,5],[4],[0,1,2,3,4,5],[2,3,4],[2,3,5]]",FEASIBLE,FEASIBLE,FEASIBLE,null,0.386349,0.185263,0.004094,False
703466,2,6,"[1,1]","[3,3,3,2,1,3]","[[5],[3]]",FEASIBLE,FEASIBLE,FEASIBLE,null,0.018646,0.021104,0.001166,False
703467,5,1,"[1,1,1,1,1]",[1],"[[0],[0],[0],[0],[0]]",UNSAT,UNSAT,UNSAT,"[0, 1]",0.010881,0.039808,0.00231,False
703468,4,5,"[2,1,1,3]","[2,2,2,2,1]","[[0,1,4],[2],[3],[0,1,2]]",FEASIBLE,FEASIBLE,FEASIBLE,null,0.073176,0.039779,0.002106,False
703469,1,2,[1],"[1,2]",[[0]],FEASIBLE,FEASIBLE,FEASIBLE,null,0.004455,0.012618,0.00078,False
703470,7,4,"[1,2,2,2,1,2,1]","[1,2,2,1]","[[0,2],[1,3],[0,3],[0,3],[0,1,2,3],[0,1,3],[0]]",UNSAT,UNSAT,UNSAT,"[1, 2]",0.053589,0.115205,0.006177,False
703471,5,5,"[3,1,1,2,3]","[2,2,2,1,3]","[[0,1,2,3],[1,2,3,4],[0,1,4],[1,3,4],[0,2,4]]",FEASIBLE,FEASIBLE,FEASIBLE,null,0.154297,0.098921,0.004578,False
703472,6,4,"[1,1,3,1,2,3]","[1,2,1,3]","[[0,3],[2],[0,1,2,3],[0,1,2,3],[2,3],[1,2,3]]",UNSAT,UNSAT,UNSAT,"[1, 4]",0.053573,0.075505,0.00533,False
703473,7,4,"[1,1,2,1,2,1,1]","[3,3,3,2]","[[2,3],[2],[0,1,2,3],[1,2],[0,1],[2,3],[1,2]]",FEASIBLE,FEASIBLE,FEASIBLE,null,0.547573,0.069533,0.003981,False
703474,7,1,"[1,1,1,1,1,1,1]",[1],"[[0],[0],[0],[0],[0],[0],[0]]",UNSAT,UNSAT,UNSAT,"[0, 1]",0.013467,0.048424,0.002888,False
703475,2,5,"[1,1]","[1,2,3,3,2]","[[1],[0,1]]",FEASIBLE,FEASIBLE,FEASIBLE,null,0.017114,0.022708,0.001296,False
703476,1,1,[1],[1],[[0]],FEASIBLE,FEASIBLE,FEASIBLE,null,0.003389,0.107035,0.000664,False
703477,6,6,"[1,1,3,3,3,2]","[1,3,2,2,2,2]","[[4],[0,3,4,5],[0,2,3,4],[0,1,2,3,4,5],[0,1,2,3,4,5],[2,3,4]]",UNSAT,UNSAT,UNSAT,"[0, 2, 3, 4, 5]",0.357523,0.120967,0.008241,False
703478,2,5,"[2,1]","[1,1,1,3,2]","[[2,4],[1]]",FEASIBLE,FEASIBLE,FEASIBLE,null,0.01642,0.023211,0.001427,False
703479,1,7,[2],"[2,2,3,2,2,1,1]","[[0,1,2,3,5,6]]",FEASIBLE,FEASIBLE,FEASIBLE,null,0.007999,0.021729,0.00156,False
703480,2,3,"[1,1]","[1,1,2]","[[1],[0,1,2]]",FEASIBLE,FEASIBLE,FEASIBLE,null,0.011467,0.019335,0.001193,False
703481,7,7,"[2,3,2,1,3,2,1]","[3,3,1,2,3,1,2]","[[0,1,2,4,5,6],[0,2,3,4],[2,3,5],[5],[1,3,4,5,6],[0,1,2,3],[0,5,6]]",FEASIBLE,FEASIBLE,FEASIBLE,null,0.878602,0.102997,0.006141,False
703482,4,3,"[1,1,2,1]","[1,3,3]","[[0,1,2],[1],[0,1,2],[1]]",FEASIBLE,FEASIBLE,FEASIBLE,null,0.05146,0.034649,0.001945,False
703483,1,5,[2],"[1,3,1,2,1]","[[0,1,3,4]]",FEASIBLE,FEASIBLE,FEASIBLE,null,0.006283,0.019921,0.001309,False
703484,2,2,"[1,1]","[3,3]","[[0],[1]]",FEASIBLE,FEASIBLE,FEASIBLE,null,0.008995,0.018235,0.000947,False
703485,1,5,[3],"[1,1,2,3,2]","[[1,3,4]]",FEASIBLE,FEASIBLE,FEASIBLE,null,0.006082,0.021151,0.001248,False
703486,1,2,[1],"[3,3]",[[1]],FEASIBLE,FEASIBLE,FEASIBLE,null,0.004043,0.011574,0.000723,False
703487,4,4,"[1,2,2,1]","[3,2,1,1]","[[1,2],[0,3],[1,3],[0,2,3]]",UNSAT,UNSAT,UNSAT,"[1, 2]",0.03072,0.046535,0.002892,False
703488,5,2,"[2,1,1,2,2]","[2,1]","[[0,1],[0],[1],[0,1],[0,1]]",UNSAT,UNSAT,UNSAT,"[0, 2]",0.017073,0.050594,0.003125,False
703489,5,2,"[2,1,1,1,1]","[1,1]","[[0,1],[0,1],[0,1],[0],[1]]",UNSAT,UNSAT,UNSAT,"[0, 1]",0.014779,0.147154,0.002875,False
703490,2,6,"[1,1]","[2,3,2,2,2,3]","[[0,1,4,5],[0,1,2,3,4]]",FEASIBLE,FEASIBLE,FEASIBLE,null,0.018482,0.026007,0.00195,False
703491,7,1,"[1,1,1,1,1,1,1]",[1],"[[0],[0],[0],[0],[0],[0],[0]]",UNSAT,UNSAT,UNSAT,"[0, 1]",0.013331,0.047273,0.002321,False
703492,7,7,"[2,2,3,2,3,3,1]","[2,2,3,2,2,2,2]","[[0,1,2,3,4,5,6],[0,2,3,4,5,6],[0,1,2,3,4,6],[0,1,2,3,4,5],[1,4,5,6],[0,1,2,3,4,5,6],[3]]",UNSAT,UNSAT,UNSAT,"[0, 1, 2, 3, 4, 5, 6]",0.897937,0.128117,0.009874,False
703493,4,5,"[2,3,1,1]","[1,1,3,1,1]","[[1,3],[0,1,4],[3,4],[2]]",UNSAT,UNSAT,UNSAT,"[0, 1]",0.024034,0.053832,0.003598,False
703494,4,7,"[1,1,2,1]","[3,1,2,1,1,1,1]","[[5],[6],[0,3,5],[0,1,2,3,4,5,6]]",FEASIBLE,FEASIBLE,FEASIBLE,null,0.093678,0.039666,0.002625,False
703495,1,7,[1],"[2,1,1,2,2,3,2]",[[1]],FEASIBLE,FEASIBLE,FEASIBLE,null,0.007276,0.018793,0.000985,False
703496,5,4,"[1,3,1,1,2]","[3,2,3,3]","[[0],[1,2,3],[0,1,2,3],[0,1,3],[0,1]]",FEASIBLE,FEASIBLE,FEASIBLE,null,0.124092,0.062582,0.003364,False
703497,2,6,"[3,2]","[2,1,2,1,2,2]","[[1,3,5],[0,1,3,4,5]]",FEASIBLE,FEASIBLE,FEASIBLE,null,0.017444,0.034538,0.001939,False
703498,5,7,"[1,1,2,2,1]","[2,1,1,1,3,3,1]","[[0,1,2],[0,3,5,6],[0,1,4,6],[0,5],[0,1,2,3,4,5,6]]",FEASIBLE,FEASIBLE,FEASIBLE,null,0.213099,0.097722,0.004904,False
703499,3,2,"[1,1,1]","[3,2]","[[0],[0,1],[0]]",FEASIBLE,FEASIBLE,FEASIBLE,null,0.019168,0.121978,0.001464,False
703500,5,2,"[1,2,1,1,1]","[2,3]","[[0],[0,1],[1],[0,1],[1]]",UNSAT,UNSAT,UNSAT,"[0, 1, 2, 3, 4]",0.079557,0.050085,0.002913,False
703501,5,6,"[2,1,2,2,1]","[1,3,3,3,1,3]","[[2,3],[1],[0,1,2,4,5],[2,3,4,5],[1,2,5]]",FEASIBLE,FEASIBLE,FEASIBLE,null,0.176357,0.048747,0.003168,False
703502,4,3,"[1,3,2,1]","[1,2,1]","[[2],[0,1,2],[0,1],[1]]",UNSAT,UNSAT,UNSAT,"[0, 1]",0.016607,0.048926,0.003101,False
703503,5,2,"[2,1,1,1,2]","[2,2]","[[0,1],[0,1],[1],[1],[0,1]]",UNSAT,UNSAT,UNSAT,"[0, 1, 4]",0.041641,0.049958,0.002854,False
703504,3,4,"[1,1,1]","[2,1,2,3]","[[3],[1,2,3],[0]]",FEASIBLE,FEASIBLE,FEASIBLE,null,0.028245,0.02544,0.001536,False
703505,5,7,"[2,2,3,1,2]","[1,3,1,3,1,3,2]","[[1,2,3,5,6],[1,3,4,5,6],[0,1,3,4,6],[1,2,3,4],[0,1,2,3,5,6]]",FEASIBLE,FEASIBLE,FEASIBLE,null,0.202816,0.067853,0.004412,False
703506,5,4,"[2,1,3,3,2]","[3,3,1,1]","[[0,1,2,3],[0,1],[1,2,3],[1,2,3],[0,1,2,3]]",UNSAT,UNSAT,UNSAT,"[2, 3]",0.048676,0.126434,0.00464,False
703507,4,1,"[1,1,1,1]",[2],"[[0],[0],[0],[0]]",UNSAT,UNSAT,UNSAT,"[0, 1, 2]",0.021523,0.036932,0.002004,False
703508,7,3,"[2,3,1,1,2,1,1]","[1,1,2]","[[0,2],[0,1,2],[0],[0,2],[0,1],[2],[0,2]]",UNSAT,UNSAT,UNSAT,"[0, 1]",0.024371,0.066227,0.004284,False
703509,6,1,"[1,1,1,1,1,1]",[3],"[[0],[0],[0],[0],[0],[0]]",UNSAT,UNSAT,UNSAT,"[0, 1, 2, 3]",0.064808,0.060327,0.002304,False
703510,2,2,"[1,1]","[2,1]","[[1],[0]]",FEASIBLE,FEASIBLE,FEASIBLE,null,0.009606,0.018586,0.000889,False
703511,7,4,"[1,1,1,2,2,3,1]","[3,2,1,1]","[[2],[1,2,3],[0,1,2],[0,1],[0,2,3],[0,1,2,3],[2]]",UNSAT,UNSAT,UNSAT,"[0, 6]",0.049138,0.075408,0.005133,False
703512,7,7,"[1,3,1,1,1,2,1]","[1,3,1,2,2,3,2]","[[0,1,2,3,4,6],[0,1,2,3,4,5,6],[6],[2,3,6],[2],[1,2,3,5],[3,5]]",FEASIBLE,FEASIBLE,FEASIBLE,null,0.959058,0.1068,0.005436,False
703513,6,2,"[1,1,1,1,1,2]","[2,2]","[[0,1],[1],[0,1],[1],[0],[0,1]]",UNSAT,UNSAT,UNSAT,"[1, 3, 5]",0.082539,0.056834,0.003259,False
703514,7,7,"[1,2,2,2,1,3,1]","[2,2,2,2,3,1,3]","[[6],[0,1,4],[0,1,2,3,4,5,6],[0,2,3,4,5,6],[6],[0,2,3],[0,1,2,3,4,5,6]]",FEASIBLE,FEASIBLE,FEASIBLE,null,0.851311,0.097529,0.006026,False
703515,4,5,"[1,1,1,1]","[3,2,2,2,2]","[[0],[1],[0,1,2],[3]]",FEASIBLE,FEASIBLE,FEASIBLE,null,0.068816,0.030764,0.001947,False
703516,7,7,"[3,2,3,2,2,3,3]","[3,1,1,1,1,3,3]","[[0,2,3,4,5],[1,5],[0,1,6],[0,2,3],[0,1,2,3,4,6],[0,2,5],[0,1,2,4,5,6]]",UNSAT,UNSAT,UNSAT,"[1, 2]",0.100154,0.115409,0.008811,False
703517,1,3,[2],"[2,3,2]","[[1,2]]",FEASIBLE,FEASIBLE,FEASIBLE,null,0.005359,0.017659,0.001194,False
703518,2,7,"[3,3]","[2,3,3,3,2,2,2]","[[1,4,5],[0,2,3,4,5,6]]",FEASIBLE,FEASIBLE,FEASIBLE,null,0.019279,0.035291,0.002347,False
703519,6,7,"[2,2,2,3,1,2]","[3,2,3,2,2,2,1]","[[0,2,6],[0,2,3,5,6],[0,3,4,5,6],[1,4,5],[1],[0,1,3,4,5,6]]",FEASIBLE,FEASIBLE,FEASIBLE,null,0.4089,0.228396,0.004429,False
703520,1,6,[2],"[1,2,3,2,3,3]","[[0,3]]",FEASIBLE,FEASIBLE,FEASIBLE,null,0.007305,0.018434,0.001064,False
703521,7,7,"[1,3,1,1,1,1,2]","[3,2,1,1,1,2,2]","[[4],[1,3,6],[0,1,2,3,4],[1,6],[0,1,2,3,4,5],[6],[1,2,3,4,5,6]]",FEASIBLE,FEASIBLE,FEASIBLE,null,0.861129,0.082736,0.004411,False
703522,6,5,"[2,1,1,1,3,2]","[3,3,1,2,1]","[[0,2],[2],[2,3,4],[0,1,2,3,4],[0,1,2,3],[0,1,3,4]]",UNSAT,UNSAT,UNSAT,"[0, 1]",0.036651,0.071039,0.004692,False
703523,2,6,"[1,1]","[2,1,2,1,2,1]","[[0,1,2,3,4,5],[0]]",FEASIBLE,FEASIBLE,FEASIBLE,null,0.017246,0.024794,0.001725,False
703524,5,7,"[2,1,1,1,2]","[1,1,3,3,1,1,2]","[[0,2,3,5,6],[1,4,5],[3],[0,1,2,6],[0,4,6]]",FEASIBLE,FEASIBLE,FEASIBLE,null,0.196463,0.050406,0.003386,False
703525,6,7,"[3,1,2,1,2,2]","[3,2,2,3,1,2,3]","[[2,3,6],[0,5],[0,1,2,4,5,6],[1],[0,3],[0,1,2,3,4,6]]",FEASIBLE,FEASIBLE,FEASIBLE,null,0.423556,0.0636,0.003834,False
703526,4,5,"[2,3,2,1]","[2,2,2,2,3]","[[0,1,2,3,4],[1,2,3],[2,4],[1,4]]",FEASIBLE,FEASIBLE,FEASIBLE,null,0.070005,0.044434,0.002538,False
703527,2,7,"[3,2]","[3,3,3,1,2,1,1]","[[1,2,3,4,5,6],[0,4]]",FEASIBLE,FEASIBLE,FEASIBLE,null,0.019132,0.035733,0.002087,False
703528,6,2,"[1,1,1,2,1,2]","[2,1]","[[0,1],[0,1],[0,1],[0,1],[1],[0,1]]",UNSAT,UNSAT,UNSAT,"[3, 4]",0.04583,0.158611,0.003777,False
703529,2,2,"[1,1]","[2,3]","[[0],[0,1]]",FEASIBLE,FEASIBLE,FEASIBLE,null,0.009383,0.018416,0.001124,False
703530,1,4,[2],"[3,2,2,1]","[[0,1,2,3]]",FEASIBLE,FEASIBLE,FEASIBLE,null,0.005244,0.018578,0.001189,False
703531,3,5,"[2,3,1]","[1,2,3,3,2]","[[0,1,2,3,4],[1,2,3,4],[4]]",FEASIBLE,FEASIBLE,FEASIBLE,null,0.033484,0.037213,0.002192,False
703532,2,2,"[1,1]","[2,2]","[[0],[0,1]]",FEASIBLE,FEASIBLE,FEASIBLE,null,0.008825,0.018028,0.000962,False
703533,3,2,"[1,1,2]","[2,3]","[[0,1],[0,1],[0,1]]",FEASIBLE,FEASIBLE,FEASIBLE,null,0.017651,0.048654,0.001895,False
703534,4,2,"[1,2,1,2]","[1,2]","[[0,1],[0,1],[0],[0,1]]",UNSAT,UNSAT,UNSAT,"[1, 2]",0.019464,0.046397,0.002717,False
703535,3,6,"[1,2,1]","[1,1,2,1,3,1]","[[0,4,5],[0,1,2,3,4,5],[1]]",FEASIBLE,FEASIBLE,FEASIBLE,null,0.037612,0.04565,0.002855,False
703536,6,7,"[3,3,2,1,1,1]","[1,2,1,1,3,3,2]","[[0,1,2,3,4,5],[1,2,5,6],[1,3,5,6],[0,2,4,5,6],[0,1,3,4,5,6],[0,2,4,5]]",FEASIBLE,FEASIBLE,FEASIBLE,null,0.419268,0.081867,0.005146,False
703537,6,5,"[3,2,2,2,2,2]","[1,1,1,2,1]","[[0,1,2,3],[0,1,3,4],[0,4],[3,4],[0,4],[0,1,2,3,4]]",UNSAT,UNSAT,UNSAT,"[2, 3]",0.068963,0.086448,0.005753,False
703538,1,7,[1],"[1,1,2,1,1,3,2]","[[0,2]]",FEASIBLE,FEASIBLE,FEASIBLE,null,0.007393,0.017375,0.001059,False
703539,2,4,"[3,1]","[1,2,2,2]","[[0,1,2],[1,2]]",FEASIBLE,FEASIBLE,FEASIBLE,null,0.012973,0.02515,0.001447,False
703540,2,3,"[1,2]","[2,1,3]","[[0,1],[1,2]]",FEASIBLE,FEASIBLE,FEASIBLE,null,0.010975,0.021287,0.001287,False
703541,6,1,"[1,1,1,1,1,1]",[1],"[[0],[0],[0],[0],[0],[0]]",UNSAT,UNSAT,UNSAT,"[0, 1]",0.011949,0.216192,0.002274,False
703542,6,4,"[2,1,3,2,2,2]","[2,3,1,3]","[[0,1,2,3],[0,2,3],[0,1,2,3],[1,2],[0,2],[1,2,3]]",UNSAT,UNSAT,UNSAT,"[3, 4]",0.071115,0.100636,0.006378,False
703543,3,2,"[1,1,1]","[3,2]","[[0],[1],[1]]",FEASIBLE,FEASIBLE,FEASIBLE,null,0.017944,0.022044,0.001294,False
703544,4,2,"[1,1,1,2]","[2,3]","[[0],[0],[0,1],[0,1]]",UNSAT,UNSAT,UNSAT,"[0, 1, 3]",0.027809,0.045662,0.00246,False
703545,6,1,"[1,1,1,1,1,1]",[2],"[[0],[0],[0],[0],[0],[0]]",UNSAT,UNSAT,UNSAT,"[0, 1, 2]",0.034976,0.049073,0.002054,False
703546,1,7,[1],"[1,3,3,3,3,1,2]","[[0,2,3,4,5]]",FEASIBLE,FEASIBLE,FEASIBLE,null,0.007592,0.020225,0.001303,False
703547,5,3,"[1,1,1,2,1]","[2,1,3]","[[0],[1],[1,2],[0,1,2],[2]]",FEASIBLE,FEASIBLE,FEASIBLE,null,0.101186,0.038951,0.002166,False
703548,7,2,"[1,1,1,1,1,1,1]","[1,1]","[[0,1],[0],[1],[0],[1],[1],[0]]",UNSAT,UNSAT,UNSAT,"[1, 3]",0.033959,0.076224,0.003229,False
703549,4,7,"[1,1,1,1]","[3,2,1,3,3,1,3]","[[0],[3],[0,1,2,3,4,5,6],[2,4]]",FEASIBLE,FEASIBLE,FEASIBLE,null,0.094628,0.038017,0.00234,False
703550,7,2,"[1,1,1,1,2,1,1]","[3,2]","[[1],[0],[0],[0],[0,1],[0,1],[1]]",UNSAT,UNSAT,UNSAT,"[0, 4, 6]",0.094389,0.058436,0.003401,False
703551,7,6,"[3,3,3,2,1,2,1]","[1,1,3,3,2,1]","[[0,1,2,3,4,5],[0,1,2,3,4,5],[1,2,3,4,5],[0,1,4],[0,1,2,3,4,5],[1,3,4,5],[1,4]]",UNSAT,UNSAT,UNSAT,"[0, 1, 2, 3, 4]",0.57139,0.111796,0.008406,False
703552,1,3,[1],"[2,3,1]",[[0]],FEASIBLE,FEASIBLE,FEASIBLE,null,0.004975,0.118704,0.000768,False
703553,2,6,"[1,3]","[3,2,1,3,2,2]","[[1,2,3,4,5],[0,1,2,3,4]]",FEASIBLE,FEASIBLE,FEASIBLE,null,0.018272,0.031304,0.002075,False
703554,1,2,[1],"[2,2]",[[1]],FEASIBLE,FEASIBLE,FEASIBLE,null,0.004404,0.012316,0.00072,False
703555,6,5,"[3,2,1,2,3,1]","[3,1,3,1,1]","[[0,1,2,3,4],[0,1,2,3,4],[0,1,3,4],[2,3,4],[0,1,2,3,4],[0]]",UNSAT,UNSAT,UNSAT,"[0, 1, 3, 4]",0.242374,0.089987,0.006107,False
703556,7,1,"[1,1,1,1,1,1,1]",[2],"[[0],[0],[0],[0],[0],[0],[0]]",UNSAT,UNSAT,UNSAT,"[0, 1, 2]",0.044481,0.049335,0.002596,False
703557,3,7,"[1,2,3]","[2,3,3,1,3,3,2]","[[2,6],[1,2,3,4,5],[1,2,3,6]]",FEASIBLE,FEASIBLE,FEASIBLE,null,0.044627,0.038463,0.002314,False
703558,5,3,"[1,1,2,1,1]","[2,2,2]","[[0,1,2],[1],[0,1,2],[0],[0,2]]",FEASIBLE,FEASIBLE,FEASIBLE,null,0.099438,0.055629,0.002708,False
703559,5,4,"[1,1,2,1,2]","[1,2,3,3]","[[3],[1,2,3],[0,1,2],[0,3],[2,3]]",FEASIBLE,FEASIBLE,FEASIBLE,null,0.124249,0.042447,0.002515,False
703560,6,3,"[3,2,2,1,2,1]","[3,1,3]","[[0,1,2],[0,1,2],[0,1,2],[1],[0,2],[0,2]]",UNSAT,UNSAT,UNSAT,"[0, 3]",0.028007,0.069782,0.004338,False
703561,4,7,"[2,1,2,3]","[3,1,3,3,1,1,3]","[[5,6],[0,1,2,3,4,5,6],[1,2,4,5],[1,3,4,5,6]]",FEASIBLE,FEASIBLE,FEASIBLE,null,0.094948,0.052465,0.003458,False
703562,4,7,"[1,3,2,1]","[2,2,3,1,2,3,2]","[[1],[0,1,2,3,4,5,6],[0,1,4,5,6],[0,2,3,4,6]]",FEASIBLE,FEASIBLE,FEASIBLE,null,0.094449,0.055272,0.00324,False
703563,5,4,"[3,1,1,2,1]","[1,1,3,3]","[[0,1,2],[1],[3],[0,1,3],[1]]",UNSAT,UNSAT,UNSAT,"[0, 1]",0.023345,0.15349,0.003394,False
703564,3,5,"[1,1,1]","[3,3,2,2,2]","[[1,4],[0,1],[1,2,4]]",FEASIBLE,FEASIBLE,FEASIBLE,null,0.034765,0.031527,0.001759,False
703565,1,2,[1],"[2,3]","[[0,1]]",FEASIBLE,FEASIBLE,FEASIBLE,null,0.004299,0.013276,0.000742,False
703566,4,6,"[2,1,2,2]","[3,2,1,3,2,3]","[[0,1,3,4,5],[0,2,3],[0,1,2,3,4,5],[0,1,2,3,4,5]]",FEASIBLE,FEASIBLE,FEASIBLE,null,0.095689,0.05403,0.003339,False
703567,4,2,"[1,2,1,1]","[1,3]","[[0],[0,1],[0,1],[1]]",UNSAT,UNSAT,UNSAT,"[0, 1]",0.013163,0.040295,0.002394,False
703568,4,5,"[2,1,2,1]","[2,2,3,2,1]","[[2,4],[0,3],[0,1,2,3,4],[0,1,3,4]]",FEASIBLE,FEASIBLE,FEASIBLE,null,0.071572,0.040893,0.002614,False
703569,3,3,"[1,2,3]","[3,2,3]","[[0],[1,2],[0,1,2]]",FEASIBLE,FEASIBLE,FEASIBLE,null,0.02334,0.031316,0.001757,False
703570,6,4,"[2,1,2,2,3,1]","[2,1,1,1]","[[1,2],[2,3],[1,2],[0,2],[0,1,2,3],[0,2]]",UNSAT,UNSAT,UNSAT,"[0, 2]",0.030008,0.066945,0.004712,False
703571,2,4,"[2,1]","[1,3,1,3]","[[0,1,2,3],[0,2,3]]",FEASIBLE,FEASIBLE,FEASIBLE,null,0.013544,0.026392,0.001543,False
703572,1,1,[1],[2],[[0]],FEASIBLE,FEASIBLE,FEASIBLE,null,0.003434,0.011192,0.000589,False
703573,3,1,"[1,1,1]",[3],"[[0],[0],[0]]",FEASIBLE,FEASIBLE,FEASIBLE,null,0.01567,0.020483,0.001132,False
703574,7,4,"[3,1,3,2,2,2,1]","[3,3,1,2]","[[0,1,2,3],[1,3],[0,2,3],[0,1,2,3],[0,1,2,3],[2,3],[0,3]]",UNSAT,UNSAT,UNSAT,"[2, 5]",0.076087,0.086029,0.005872,False
703575,3,3,"[1,2,1]","[2,1,3]","[[0],[0,1,2],[0]]",FEASIBLE,FEASIBLE,FEASIBLE,null,0.023211,0.038498,0.002098,False
703576,5,4,"[1,2,1,1,1]","[2,1,3,1]","[[0,1,3],[0,1,2],[0],[0,3],[0,1,2,3]]",FEASIBLE,FEASIBLE,FEASIBLE,null,0.126183,0.062736,0.003456,False
703577,7,5,"[1,2,1,2,1,1,1]","[3,3,1,3,3]","[[0,1,2,3],[0,1,2,3],[3],[0,1,2,3],[3],[0,1,4],[2]]",FEASIBLE,FEASIBLE,FEASIBLE,null,0.676943,0.057823,0.003861,False
703578,4,6,"[3,2,1,1]","[2,2,1,3,3,1]","[[1,2,3,4,5],[0,2],[0,1,2,4,5],[4,5]]",FEASIBLE,FEASIBLE,FEASIBLE,null,0.085029,0.058385,0.003678,False
703579,3,4,"[1,2,1]","[3,1,3,2]","[[0,1,2,3],[1,2],[0,1,2,3]]",FEASIBLE,FEASIBLE,FEASIBLE,null,0.028887,0.031562,0.001922,False
703580,7,2,"[2,1,2,1,1,1,1]","[3,3]","[[0,1],[0,1],[0,1],[0],[0],[1],[0,1]]",UNSAT,UNSAT,UNSAT,"[0, 2, 3, 4]",0.170792,0.062543,0.003608,False
703581,2,7,"[1,1]","[3,1,2,2,1,2,3]","[[1,4,5,6],[0,5]]",FEASIBLE,FEASIBLE,FEASIBLE,null,0.019802,0.024486,0.001708,False
703582,6,4,"[1,1,1,1,3,1]","[1,2,3,2]","[[0,1,2,3],[0,2,3],[0,1,2,3],[2],[0,1,2,3],[0,1,3]]",FEASIBLE,FEASIBLE,FEASIBLE,null,0.258588,0.054966,0.003468,False
703583,7,2,"[1,2,1,1,1,1,1]","[3,3]","[[1],[0,1],[0,1],[0],[1],[0],[0,1]]",UNSAT,UNSAT,UNSAT,"[0, 1, 2, 3, 4, 5]",0.291325,0.062103,0.003393,False
703584,2,2,"[1,1]","[2,2]","[[0,1],[1]]",FEASIBLE,FEASIBLE,FEASIBLE,null,0.020174,0.021006,0.00108,False
703585,7,3,"[2,1,1,1,2,3,2]","[1,2,1]","[[0,1,2],[1,2],[0,1,2],[0,1,2],[0,1,2],[0,1,2],[0,2]]",UNSAT,UNSAT,UNSAT,"[0, 5]",0.036196,0.078505,0.005022,False
703586,6,4,"[1,1,1,1,3,1]","[2,1,2,3]","[[0,3],[0,1,2,3],[1,2,3],[2,3],[0,1,2,3],[0,1]]",FEASIBLE,FEASIBLE,FEASIBLE,null,0.308546,0.074087,0.004141,False
703587,6,4,"[2,1,3,1,1,3]","[1,1,2,3]","[[2,3],[2],[0,1,2,3],[0,1,2,3],[0,1,2,3],[0,1,2]]",UNSAT,UNSAT,UNSAT,"[2, 5]",0.069475,0.078641,0.004901,False
703588,3,1,"[1,1,1]",[2],"[[0],[0],[0]]",UNSAT,UNSAT,UNSAT,"[0, 1, 2]",0.013176,0.031035,0.001662,False
703589,2,1,"[1,1]",[1],"[[0],[0]]",UNSAT,UNSAT,UNSAT,"[0, 1]",0.006743,0.024465,0.001373,False
703590,6,7,"[1,2,1,2,3,3]","[3,2,2,1,3,3,1]","[[4],[0,2,3,4,5,6],[0,4],[0,1,2,3,4,5,6],[0,1,2,3,4,5,6],[0,2,3,4,5]]",FEASIBLE,FEASIBLE,FEASIBLE,null,0.462748,0.095276,0.005673,False
703591,4,7,"[1,2,1,2]","[2,2,3,2,1,2,1]","[[3],[0,2,3,6],[4],[0,1,3,4,5,6]]",FEASIBLE,FEASIBLE,FEASIBLE,null,0.093292,0.042424,0.002622,False
703592,7,6,"[1,3,2,1,2,1,1]","[2,3,1,1,3,3]","[[4],[0,1,2,3,4,5],[0,4,5],[0,1,2,3],[3,4],[1],[1,2,3,4]]",FEASIBLE,FEASIBLE,FEASIBLE,null,0.830469,0.090193,0.004856,False
703593,6,5,"[1,2,3,2,2,2]","[3,3,1,2,1]","[[0,1,2,4],[0,2],[0,1,2,3,4],[0,2,4],[0,1,2,3,4],[0,4]]",UNSAT,UNSAT,UNSAT,"[1, 3, 5]",0.166377,0.105167,0.00633,False
703594,3,7,"[3,1,1]","[2,3,3,1,3,3,3]","[[2,4,6],[1,5,6],[4]]",FEASIBLE,FEASIBLE,FEASIBLE,null,0.043685,0.0362,0.002006,False
703595,5,2,"[1,1,1,1,1]","[2,1]","[[1],[0,1],[1],[0],[0,1]]",UNSAT,UNSAT,UNSAT,"[0, 2]",0.017131,0.158091,0.00283,False
703596,6,7,"[1,2,2,1,3,2]","[3,3,3,1,3,1,2]","[[2],[0,2,3,4,5,6],[2,3],[5],[0,2,5,6],[0,1,6]]",FEASIBLE,FEASIBLE,FEASIBLE,null,0.441889,0.082053,0.004487,False
703597,5,7,"[1,1,2,3,3]","[2,1,2,1,1,1,1]","[[5],[0,1,2,3,6],[1,4],[2,3,4,5,6],[0,1,2,3,4,5,6]]",UNSAT,UNSAT,UNSAT,"[0, 2, 3, 4]",0.187536,0.081678,0.005684,False
703598,3,4,"[2,2,1]","[3,1,1,2]","[[0,1],[0,1],[2]]",UNSAT,UNSAT,UNSAT,"[0, 1]",0.016687,0.039248,0.002283,False
703599,2,4,"[1,1]","[1,1,3,2]","[[0],[3]]",FEASIBLE,FEASIBLE,FEASIBLE,null,0.013239,0.018597,0.001016,False
703600,6,3,"[3,1,1,3,2,2]","[3,1,2]","[[0,1,2],[0,1],[1],[0,1,2],[1,2],[0,1,2]]",UNSAT,UNSAT,UNSAT,"[0, 2]",0.024586,0.066593,0.004371,False
703601,5,6,"[1,2,1,3,1]","[1,1,2,3,3,1]","[[1,2,3,4],[0,5],[0,2],[1,3,4,5],[2]]",FEASIBLE,FEASIBLE,FEASIBLE,null,0.167565,0.06375,0.00366,False
703602,1,1,[1],[2],[[0]],FEASIBLE,FEASIBLE,FEASIBLE,null,0.00357,0.011233,0.000589,False
703603,4,7,"[2,1,3,3]","[1,1,2,1,3,2,1]","[[0,2,3],[2,5],[3,4,6],[0,2,3,4]]",UNSAT,UNSAT,UNSAT,"[0, 2, 3]",0.077716,0.078285,0.004721,False
703604,7,1,"[1,1,1,1,1,1,1]",[1],"[[0],[0],[0],[0],[0],[0],[0]]",UNSAT,UNSAT,UNSAT,"[0, 1]",0.013129,0.04538,0.002488,False
703605,6,6,"[2,2,3,1,1,3]","[2,3,3,3,3,2]","[[0,1,2,3,4,5],[0,1,2,5],[0,1,2,3,4,5],[0,1,3,4,5],[2,3],[0,1,3,4,5]]",FEASIBLE,FEASIBLE,FEASIBLE,null,0.347783,0.161765,0.004561,False
703606,1,1,[1],[2],[[0]],FEASIBLE,FEASIBLE,FEASIBLE,null,0.014884,0.013949,0.000538,False
703607,2,1,"[1,1]",[1],"[[0],[0]]",UNSAT,UNSAT,UNSAT,"[0, 1]",0.007247,0.02436,0.00131,False
703608,4,7,"[2,1,1,1]","[2,2,1,3,3,2,3]","[[0,2,3,4,5],[1],[1],[2,4,5]]",FEASIBLE,FEASIBLE,FEASIBLE,null,0.091354,0.036616,0.002343,False
703609,3,2,"[1,1,1]","[2,3]","[[0],[0,1],[0,1]]",FEASIBLE,FEASIBLE,FEASIBLE,null,0.017783,0.023443,0.001361,False
703610,7,5,"[2,3,1,2,2,1,1]","[2,3,2,1,3]","[[0,2,3,4],[0,2,4],[0,1,3],[1,3,4],[0,1,2,3,4],[0,2,3],[0,1,2,3,4]]",UNSAT,UNSAT,UNSAT,"[0, 1, 2, 3, 4, 5, 6]",0.646684,0.109297,0.006953,False
703611,3,2,"[1,2,1]","[2,3]","[[1],[0,1],[1]]",FEASIBLE,FEASIBLE,FEASIBLE,null,0.018024,0.025292,0.00145,False
703612,3,1,"[1,1,1]",[1],"[[0],[0],[0]]",UNSAT,UNSAT,UNSAT,"[0, 1]",0.007938,0.028297,0.001568,False
703613,3,5,"[2,2,1]","[2,2,2,3,1]","[[0,2],[0,2,3],[0,1,2,3,4]]",FEASIBLE,FEASIBLE,FEASIBLE,null,0.032186,0.034192,0.002267,False
703614,2,7,"[1,1]","[1,2,3,2,2,2,1]","[[0,1,3,4,5,6],[0,4,5]]",FEASIBLE,FEASIBLE,FEASIBLE,null,0.019213,0.026804,0.001895,False
703615,2,4,"[3,1]","[3,3,2,2]","[[0,1,2,3],[0,1]]",FEASIBLE,FEASIBLE,FEASIBLE,null,0.012689,0.025624,0.001495,False
703616,6,7,"[2,1,1,3,2,3]","[1,2,3,1,1,1,2]","[[1,2,4],[0,1,2,3,4,5,6],[2,4,5],[0,1,3,4,5],[1,5],[0,1,2,3,4,5,6]]",UNSAT,UNSAT,UNSAT,"[0, 3, 4, 5]",0.321135,0.139679,0.00797,False
703617,2,4,"[3,2]","[3,1,1,3]","[[0,2,3],[0,1,2,3]]",FEASIBLE,FEASIBLE,FEASIBLE,null,0.013415,0.127477,0.001633,False
703618,4,6,"[3,3,2,3]","[2,1,1,3,1,1]","[[0,1,2,3,5],[1,2,5],[0,1,2],[0,2,4,5]]",UNSAT,UNSAT,UNSAT,"[0, 1]",0.028057,0.091195,0.005773,False
703619,5,1,"[1,1,1,1,1]",[2],"[[0],[0],[0],[0],[0]]",UNSAT,UNSAT,UNSAT,"[0, 1, 2]",0.025382,0.038823,0.00213,False
703620,6,3,"[2,1,1,1,1,2]","[3,1,2]","[[0,1],[1],[0,1],[0],[0,1,2],[0,1,2]]",UNSAT,UNSAT,UNSAT,"[0, 1]",0.020941,0.059073,0.003805,False
703621,1,1,[1],[1],[[0]],FEASIBLE,FEASIBLE,FEASIBLE,null,0.003374,0.011241,0.000583,False
703622,1,2,[1],"[3,3]",[[0]],FEASIBLE,FEASIBLE,FEASIBLE,null,0.003853,0.011462,0.00069,False
703623,3,3,"[1,2,1]","[3,2,1]","[[2],[1,2],[0,1,2]]",UNSAT,UNSAT,UNSAT,"[0, 1]",0.013423,0.035512,0.002239,False
703624,3,6,"[2,1,2]","[3,3,3,1,1,1]","[[1,2,3,4,5],[2],[0,3,5]]",FEASIBLE,FEASIBLE,FEASIBLE,null,0.036123,0.032069,0.002795,False
703625,6,7,"[2,3,1,1,1,1]","[1,2,3,2,3,3,3]","[[0,5],[0,1,3,5,6],[6],[0,1,2,3,4,5,6],[0,2],[1,3,4,6]]",FEASIBLE,FEASIBLE,FEASIBLE,null,0.389018,0.057985,0.004173,False
703626,5,2,"[1,1,1,1,1]","[2,2]","[[1],[1],[1],[0],[0,1]]",UNSAT,UNSAT,UNSAT,"[0, 1, 2]",0.03542,0.039059,0.002826,False
703627,7,3,"[1,1,2,1,1,1,1]","[1,1,1]","[[0,1],[0,1],[0,2],[0,2],[0],[0,1,2],[0,2]]",UNSAT,UNSAT,UNSAT,"[2, 3]",0.051723,0.061436,0.004596,False
703628,3,7,"[1,3,1]","[2,1,3,1,3,2,2]","[[5],[1,3,4],[0]]",FEASIBLE,FEASIBLE,FEASIBLE,null,0.040506,0.03031,0.001752,False
703629,4,5,"[3,3,1,1]","[3,3,3,2,1]","[[0,1,4],[0,1,2,3],[0],[1,2,3,4]]",FEASIBLE,FEASIBLE,FEASIBLE,null,0.066706,0.148013,0.002551,False
703630,5,3,"[1,1,1,3,2]","[2,2,2]","[[0,1,2],[1],[0,1,2],[0,1,2],[1,2]]",UNSAT,UNSAT,UNSAT,"[1, 3, 4]",0.07224,0.057603,0.003828,False
703631,7,7,"[1,1,2,1,2,2,2]","[2,2,1,3,3,1,3]","[[1,2,4,5,6],[4,6],[0,2,3,4,5,6],[0,4,6],[0,2,3,4],[0,2,3,6],[0,2,3,4,5,6]]",FEASIBLE,FEASIBLE,FEASIBLE,null,0.822834,0.073353,0.005473,False
703632,2,1,"[1,1]",[1],"[[0],[0]]",UNSAT,UNSAT,UNSAT,"[0, 1]",0.006667,0.023317,0.001314,False
703633,5,1,"[1,1,1,1,1]",[1],"[[0],[0],[0],[0],[0]]",UNSAT,UNSAT,UNSAT,"[0, 1]",0.009849,0.035554,0.001947,False
703634,6,1,"[1,1,1,1,1,1]",[2],"[[0],[0],[0],[0],[0],[0]]",UNSAT,UNSAT,UNSAT,"[0, 1, 2]",0.031111,0.040203,0.002046,False
703635,3,3,"[1,1,2]","[2,2,1]","[[0],[0,1,2],[0,1,2]]",FEASIBLE,FEASIBLE,FEASIBLE,null,0.021742,0.027312,0.001729,False
703636,1,3,[1],"[3,1,2]","[[0,1]]",FEASIBLE,FEASIBLE,FEASIBLE,null,0.004648,0.012694,0.000814,False
703637,3,2,"[1,1,1]","[1,2]","[[0],[0,1],[1]]",FEASIBLE,FEASIBLE,FEASIBLE,null,0.017581,0.021796,0.001278,False
703638,5,4,"[2,1,1,1,1]","[3,3,1,3]","[[0,1,3],[3],[2],[0,3],[1,3]]",FEASIBLE,FEASIBLE,FEASIBLE,null,0.117659,0.035518,0.002063,False
703639,3,6,"[2,1,2]","[3,3,1,1,3,1]","[[0,1,3,4,5],[0,2,3],[0,1,2,4,5]]",FEASIBLE,FEASIBLE,FEASIBLE,null,0.037096,0.034484,0.002458,False
703640,6,6,"[3,2,2,2,1,1]","[2,1,2,2,1,1]","[[0,1,2,3,4,5],[0,2,4,5],[0,1,4,5],[2,4],[0],[4,5]]",UNSAT,UNSAT,UNSAT,"[0, 1, 2, 3]",0.216268,0.107594,0.007,False
703641,7,4,"[1,2,1,1,2,3,1]","[3,2,2,1]","[[0,1,2,3],[0,1,2,3],[2],[0],[0,1],[0,1,2,3],[3]]",UNSAT,UNSAT,UNSAT,"[0, 1, 2, 4, 5]",0.518399,0.075956,0.005211,False
703642,1,6,[2],"[1,3,2,1,2,3]","[[4,5]]",FEASIBLE,FEASIBLE,FEASIBLE,null,0.007074,0.017771,0.001059,False
703643,6,4,"[1,2,1,1,1,3]","[2,2,1,1]","[[0,1],[0,1],[2,3],[0,1,2,3],[2],[0,1,2,3]]",UNSAT,UNSAT,UNSAT,"[2, 4, 5]",0.139008,0.061634,0.004682,False
703644,6,6,"[1,2,1,1,1,1]","[1,2,3,3,2,3]","[[0,1,2,4,5],[1,2,3,5],[3],[2],[0,3],[4]]",FEASIBLE,FEASIBLE,FEASIBLE,null,0.326815,0.04461,0.003009,False
703645,2,4,"[1,2]","[2,3,2,2]","[[0],[0,2]]",FEASIBLE,FEASIBLE,FEASIBLE,null,0.012193,0.019984,0.001134,False
703646,2,1,"[1,1]",[2],"[[0],[0]]",FEASIBLE,FEASIBLE,FEASIBLE,null,0.006322,0.014635,0.000778,False
703647,7,6,"[1,1,3,1,1,1,3]","[3,2,1,3,1,2]","[[4],[1,2,3,4,5],[0,1,2,3,5],[2,3,5],[0,2,4,5],[2],[0,2,3]]",UNSAT,UNSAT,UNSAT,"[5, 6]",0.144387,0.090085,0.006141,False
703648,3,6,"[1,2,3]","[3,3,1,2,2,3]","[[5],[2,4],[0,1,2,3,5]]",FEASIBLE,FEASIBLE,FEASIBLE,null,0.035733,0.034499,0.002241,False
703649,3,5,"[2,1,3]","[3,3,3,1,3]","[[0,3],[0,2,4],[0,1,2,3,4]]",FEASIBLE,FEASIBLE,FEASIBLE,null,0.031241,0.034456,0.00227,False
703650,7,6,"[2,3,3,3,1,1,1]","[2,3,3,1,2,1]","[[3,4,5],[1,2,4,5],[0,1,4],[0,1,2,4,5],[2],[0],[0,3,4,5]]",UNSAT,UNSAT,UNSAT,"[0, 1, 2, 3, 5]",0.526443,0.085983,0.006222,False
703651,5,3,"[2,1,1,1,1]","[2,1,3]","[[0,2],[1,2],[2],[0],[2]]",FEASIBLE,FEASIBLE,FEASIBLE,null,0.091949,0.121978,0.002059,False
703652,1,6,[3],"[1,1,1,1,3,3]","[[0,1,3,5]]",FEASIBLE,FEASIBLE,FEASIBLE,null,0.006795,0.021117,0.00132,False
703653,4,4,"[2,1,1,2]","[1,1,3,2]","[[2,3],[0,1,2,3],[0,1,2,3],[0,3]]",FEASIBLE,FEASIBLE,FEASIBLE,null,0.054669,0.050237,0.003034,False
703654,1,4,[1],"[2,3,2,2]",[[3]],FEASIBLE,FEASIBLE,FEASIBLE,null,0.005063,0.01244,0.000805,False
703655,7,2,"[1,1,1,2,1,2,1]","[1,3]","[[0],[1],[0,1],[0,1],[0],[0,1],[0]]",UNSAT,UNSAT,UNSAT,"[0, 3]",0.021243,0.052476,0.003589,False
703656,1,6,[1],"[3,1,2,2,3,2]","[[2,4]]",FEASIBLE,FEASIBLE,FEASIBLE,null,0.0063,0.014964,0.001038,False
703657,6,5,"[3,1,2,1,2,1]","[1,1,2,1,1]","[[1,3,4],[4],[0,1,2,3,4],[0,1,2,3,4],[0,4],[4]]",UNSAT,UNSAT,UNSAT,"[0, 1]",0.028621,0.066065,0.004976,False
703658,6,1,"[1,1,1,1,1,1]",[2],"[[0],[0],[0],[0],[0],[0]]",UNSAT,UNSAT,UNSAT,"[0, 1, 2]",0.031158,0.040028,0.002048,False
703659,2,3,"[2,1]","[2,3,2]","[[0,1,2],[1]]",FEASIBLE,FEASIBLE,FEASIBLE,null,0.010221,0.019958,0.001302,False
703660,4,2,"[1,1,1,1]","[2,2]","[[0,1],[0,1],[1],[1]]",FEASIBLE,FEASIBLE,FEASIBLE,null,0.034096,0.026716,0.001422,False
703661,5,6,"[3,2,2,2,1]","[1,2,1,1,1,2]","[[0,1,3,4],[0,1,2,3,4,5],[3,4,5],[1,5],[0,1,2,3,4,5]]",UNSAT,UNSAT,UNSAT,"[0, 1, 2, 3]",0.135368,0.106271,0.007119,False
703662,5,1,"[1,1,1,1,1]",[3],"[[0],[0],[0],[0],[0]]",UNSAT,UNSAT,UNSAT,"[0, 1, 2, 3]",0.045949,0.037976,0.002344,False
703663,6,5,"[2,1,1,2,3,1]","[3,2,1,3,2]","[[2,3,4],[0,3,4],[0,1,2,4],[2,3],[0,1,2,4],[0,1,2,3,4]]",FEASIBLE,FEASIBLE,FEASIBLE,null,0.282089,0.156518,0.004776,False
703664,3,4,"[1,1,1]","[2,1,2,3]","[[1],[2],[3]]",FEASIBLE,FEASIBLE,FEASIBLE,null,0.025864,0.020686,0.001417,False
703665,1,5,[1],"[1,3,3,2,3]","[[0,1,2,3]]",FEASIBLE,FEASIBLE,FEASIBLE,null,0.005542,0.01528,0.001221,False
703666,3,3,"[2,1,1]","[3,3,3]","[[0,2],[0,2],[0]]",FEASIBLE,FEASIBLE,FEASIBLE,null,0.020419,0.023275,0.001402,False
703667,7,5,"[2,3,2,1,3,2,3]","[2,1,3,1,3]","[[0,2,3,4],[0,1,2,3,4],[1,2,4],[1,3],[1,2,4],[0,3],[0,1,2,3,4]]",UNSAT,UNSAT,UNSAT,"[3, 4, 5]",0.287702,0.086878,0.006594,False
703668,7,5,"[1,1,1,1,2,2,1]","[2,3,3,1,3]","[[3],[0,1,2,4],[0,1,2,3,4],[1,2,4],[1,3],[1,3,4],[0,3]]",UNSAT,UNSAT,UNSAT,"[0, 4]",0.042786,0.100426,0.005669,False
703669,5,4,"[3,1,1,1,1]","[3,3,1,3]","[[0,1,2,3],[0],[0,1,2],[0,1,2,3],[0,2]]",FEASIBLE,FEASIBLE,FEASIBLE,null,0.115424,0.064945,0.003317,False
703670,3,3,"[3,1,1]","[1,2,3]","[[0,1,2],[2],[2]]",FEASIBLE,FEASIBLE,FEASIBLE,null,0.021168,0.025784,0.001537,False
703671,3,1,"[1,1,1]",[2],"[[0],[0],[0]]",UNSAT,UNSAT,UNSAT,"[0, 1, 2]",0.011418,0.027804,0.001619,False
703672,7,1,"[1,1,1,1,1,1,1]",[3],"[[0],[0],[0],[0],[0],[0],[0]]",UNSAT,UNSAT,UNSAT,"[0, 1, 2, 3]",0.087869,0.043642,0.002389,False
703673,6,5,"[1,2,2,3,1,3]","[2,1,3,3,3]","[[0,3,4],[0,1,3,4],[1,2,3,4],[0,1,3,4],[0,1,2,3,4],[0,1,2,4]]",FEASIBLE,FEASIBLE,FEASIBLE,null,0.278042,0.084669,0.005281,False
703674,7,4,"[1,1,1,1,1,2,2]","[2,3,1,1]","[[1,2,3],[3],[0,1],[1,2],[2],[2,3],[1,2]]",UNSAT,UNSAT,UNSAT,"[1, 5]",0.057309,0.056046,0.003945,False
703675,4,6,"[2,1,2,1]","[1,1,2,2,1,2]","[[1,2,3,4],[1,2,3,5],[0,2,3,4,5],[2,3]]",FEASIBLE,FEASIBLE,FEASIBLE,null,0.077004,0.040826,0.003,False
703676,5,2,"[2,1,1,1,1]","[3,1]","[[0,1],[0,1],[0],[0],[1]]",UNSAT,UNSAT,UNSAT,"[0, 4]",0.019472,0.041813,0.002739,False
703677,1,7,[1],"[2,2,1,3,1,1,3]","[[2,4,5,6]]",FEASIBLE,FEASIBLE,FEASIBLE,null,0.006829,0.016714,0.001273,False
703678,7,5,"[1,3,1,3,1,1,1]","[3,1,3,2,3]","[[3],[1,2,4],[1,2,3,4],[0,1,2,3,4],[0,2,3],[3],[2,3]]",FEASIBLE,FEASIBLE,FEASIBLE,null,0.58998,0.07664,0.004814,False
703679,3,4,"[1,1,2]","[3,2,3,2]","[[0,1,2,3],[3],[1,2,3]]",FEASIBLE,FEASIBLE,FEASIBLE,null,0.025094,0.026224,0.001848,False
703680,5,7,"[1,3,1,2,1]","[2,2,2,1,2,1,2]","[[2],[1,2,3,4,5,6],[1,6],[0,1,2,3,4,5,6],[3]]",FEASIBLE,FEASIBLE,FEASIBLE,null,0.173382,0.063509,0.004434,False
703681,4,6,"[2,1,1,3]","[2,2,1,3,3,2]","[[0,1,2],[4],[0,1,2,3,4,5],[0,1,5]]",FEASIBLE,FEASIBLE,FEASIBLE,null,0.075761,0.047999,0.003232,False
703682,3,6,"[2,1,1]","[3,2,1,1,2,3]","[[1,3,5],[0],[0,1,2,3,4]]",FEASIBLE,FEASIBLE,FEASIBLE,null,0.033317,0.027659,0.002146,False
703683,6,5,"[2,2,2,2,1,1]","[3,1,3,1,2]","[[3,4],[0,1,2,3,4],[0,3],[2,3],[2],[0,1,2,3,4]]",UNSAT,UNSAT,UNSAT,"[0, 2]",0.032116,0.064599,0.004243,False
703684,1,1,[1],[3],[[0]],FEASIBLE,FEASIBLE,FEASIBLE,null,0.090757,0.010947,0.000557,False
703685,5,5,"[1,3,3,2,1]","[1,3,2,1,2]","[[0,3],[0,1,2,3],[1,2,3,4],[0,1,3],[0,4]]",UNSAT,UNSAT,UNSAT,"[0, 1, 3]",0.068717,0.05904,0.004479,False
703686,1,2,[1],"[3,1]",[[1]],FEASIBLE,FEASIBLE,FEASIBLE,null,0.003841,0.010923,0.000703,False
703687,4,5,"[1,1,1,1]","[1,1,2,3,3]","[[1],[1],[2,3],[0]]",UNSAT,UNSAT,UNSAT,"[0, 1]",0.019742,0.043686,0.002433,False
703688,4,4,"[2,3,2,1]","[1,1,3,3]","[[0,1,2],[0,2,3],[0,1,2],[1,3]]",UNSAT,UNSAT,UNSAT,"[0, 1, 2]",0.037033,0.062107,0.0041,False
703689,7,1,"[1,1,1,1,1,1,1]",[1],"[[0],[0],[0],[0],[0],[0],[0]]",UNSAT,UNSAT,UNSAT,"[0, 1]",0.011736,0.040819,0.00242,False
703690,4,3,"[3,1,2,1]","[3,2,2]","[[0,1,2],[1,2],[0,1,2],[1,2]]",UNSAT,UNSAT,UNSAT,"[0, 1, 2, 3]",0.041888,0.046541,0.003291,False
703691,4,5,"[1,1,2,3]","[3,3,3,2,1]","[[2],[0],[0,2,3,4],[0,1,2,3,4]]",FEASIBLE,FEASIBLE,FEASIBLE,null,0.061732,0.035532,0.00237,False
703692,2,7,"[1,1]","[2,3,3,3,3,3,3]","[[0,1,6],[0,2,3,4,5,6]]",FEASIBLE,FEASIBLE,FEASIBLE,null,0.016922,0.022618,0.001957,False
703693,6,2,"[1,2,1,1,1,2]","[3,2]","[[0],[0,1],[0,1],[1],[0],[0,1]]",UNSAT,UNSAT,UNSAT,"[1, 3, 5]",0.081056,0.05019,0.003144,False
703694,6,5,"[1,3,3,1,1,2]","[3,3,1,1,3]","[[0,1,3],[0,1,3,4],[0,2,4],[0,4],[4],[0,4]]",UNSAT,UNSAT,UNSAT,"[1, 2, 3, 4, 5]",0.260132,0.082716,0.00552,False
703695,4,3,"[1,2,1,1]","[3,2,3]","[[1],[1,2],[0,1,2],[0,2]]",FEASIBLE,FEASIBLE,FEASIBLE,null,0.042567,0.028912,0.001867,False
703696,6,2,"[2,1,2,1,2,1]","[1,2]","[[0,1],[0,1],[0,1],[1],[0,1],[0]]",UNSAT,UNSAT,UNSAT,"[0, 2]",0.017894,0.048675,0.003009,False
703697,6,1,"[1,1,1,1,1,1]",[3],"[[0],[0],[0],[0],[0],[0]]",UNSAT,UNSAT,UNSAT,"[0, 1, 2, 3]",0.067479,0.040954,0.002059,False
703698,7,1,"[1,1,1,1,1,1,1]",[1],"[[0],[0],[0],[0],[0],[0],[0]]",UNSAT,UNSAT,UNSAT,"[0, 1]",0.01215,0.041225,0.002083,False
703699,5,6,"[1,1,1,2,3]","[2,1,3,2,3,1]","[[1,5],[2,4],[5],[0,1,2],[0,1,4,5]]",UNSAT,UNSAT,UNSAT,"[0, 2, 4]",0.097018,0.054207,0.003849,False
703700,3,5,"[1,1,2]","[3,3,3,1,2]","[[1],[1,2],[0,2]]",FEASIBLE,FEASIBLE,FEASIBLE,null,0.029968,0.024988,0.001568,False
703701,3,3,"[2,3,2]","[3,1,2]","[[0,1,2],[0,1,2],[0,1,2]]",UNSAT,UNSAT,UNSAT,"[0, 1, 2]",0.020235,0.04532,0.002889,False
703702,2,1,"[1,1]",[1],"[[0],[0]]",UNSAT,UNSAT,UNSAT,"[0, 1]",0.006359,0.021963,0.00111,False
703703,2,5,"[1,3]","[3,1,2,2,1]","[[0,1,2,3,4],[0,1,3]]",FEASIBLE,FEASIBLE,FEASIBLE,null,0.013597,0.026472,0.001786,False
703704,2,1,"[1,1]",[3],"[[0],[0]]",FEASIBLE,FEASIBLE,FEASIBLE,null,0.006208,0.014587,0.000692,False
703705,2,7,"[1,3]","[1,1,2,3,2,3,2]","[[2,3,4,5,6],[0,1,5,6]]",FEASIBLE,FEASIBLE,FEASIBLE,null,0.017144,0.028062,0.002,False
703706,2,4,"[1,1]","[2,1,1,3]","[[2],[3]]",FEASIBLE,FEASIBLE,FEASIBLE,null,0.011717,0.015992,0.001075,False
703707,5,4,"[2,1,1,1,1]","[1,3,2,2]","[[0,3],[0,1,2,3],[0,1,2,3],[2],[0,1,2,3]]",FEASIBLE,FEASIBLE,FEASIBLE,null,0.109978,0.05195,0.00279,False
703708,6,3,"[1,1,2,2,1,1]","[3,3,1]","[[2],[0,1,2],[1,2],[0,2],[0,1],[2]]",UNSAT,UNSAT,UNSAT,"[0, 2]",0.021605,0.13924,0.003358,False
703709,6,2,"[1,1,2,1,1,2]","[2,3]","[[0],[0],[0,1],[0],[0],[0,1]]",UNSAT,UNSAT,UNSAT,"[0, 1, 2]",0.044118,0.046221,0.002937,False
703710,1,5,[3],"[1,3,3,2,2]","[[0,1,2,3,4]]",FEASIBLE,FEASIBLE,FEASIBLE,null,0.005499,0.020314,0.001401,False
703711,1,1,[1],[2],[[0]],FEASIBLE,FEASIBLE,FEASIBLE,null,0.002999,0.009991,0.00056,False
703712,5,4,"[2,1,2,1,2]","[1,3,2,1]","[[0,2,3],[1,2,3],[0,1,2,3],[0,1,3],[0,1]]",UNSAT,UNSAT,UNSAT,"[0, 1, 2, 3, 4]",0.109369,0.075057,0.005338,False
703713,3,2,"[1,1,1]","[3,3]","[[1],[1],[0]]",FEASIBLE,FEASIBLE,FEASIBLE,null,0.016273,0.019173,0.001247,False
703714,1,3,[1],"[2,2,3]",[[0]],FEASIBLE,FEASIBLE,FEASIBLE,null,0.004136,0.01056,0.000688,False
703715,2,3,"[2,1]","[1,2,3]","[[1,2],[0,2]]",FEASIBLE,FEASIBLE,FEASIBLE,null,0.009826,0.020385,0.001325,False
703716,7,7,"[3,1,3,2,2,3,3]","[1,1,1,1,3,3,2]","[[0,1,5],[5],[0,1,2,3,4,5,6],[0,1,2,3,4,5,6],[0,1,2,3,6],[0,1,2,3,4,5,6],[0,1,2,3,4,5,6]]",UNSAT,UNSAT,UNSAT,"[0, 1, 2, 4, 5]",0.593155,0.115089,0.009118,False
703717,5,7,"[2,2,1,1,1]","[1,2,2,1,3,1,1]","[[0,1,2,3,4,5,6],[0,2,4,6],[0,1,2,5,6],[0,1,2,3,4,5,6],[0,2,3,4,5,6]]",FEASIBLE,FEASIBLE,FEASIBLE,null,0.179544,0.057008,0.004467,False
703718,4,6,"[1,1,2,1]","[3,1,1,1,3,3]","[[0,2,3,4,5],[4],[1,2,3,4,5],[1,2]]",FEASIBLE,FEASIBLE,FEASIBLE,null,0.074364,0.058324,0.003252,False
703719,7,7,"[1,1,3,3,2,2,1]","[3,3,1,2,2,2,3]","[[0,1,2,3,4,5,6],[1,2],[0,1,3,4,5,6],[0,1,2,4,5,6],[0,1,2,3,4,5,6],[0,4,6],[0,1,2,3,4,6]]",FEASIBLE,FEASIBLE,FEASIBLE,null,0.754332,0.16471,0.006077,False
703720,2,2,"[1,2]","[1,1]","[[0],[0,1]]",UNSAT,UNSAT,UNSAT,"[0, 1]",0.008476,0.026095,0.001605,False
703721,1,6,[2],"[1,1,1,1,1,1]","[[3,4]]",FEASIBLE,FEASIBLE,FEASIBLE,null,0.006162,0.016555,0.001045,False
703722,4,4,"[3,2,1,1]","[1,3,1,1]","[[0,1,2,3],[0,1,2,3],[0,1,2,3],[0,1,2,3]]",UNSAT,UNSAT,UNSAT,"[0, 1, 2, 3]",0.050466,0.056417,0.004309,False
703723,4,1,"[1,1,1,1]",[1],"[[0],[0],[0],[0]]",UNSAT,UNSAT,UNSAT,"[0, 1]",0.008166,0.029126,0.001823,False
703724,1,3,[1],"[3,1,1]",[[2]],FEASIBLE,FEASIBLE,FEASIBLE,null,0.004151,0.011768,0.000733,False
703725,2,1,"[1,1]",[2],"[[0],[0]]",FEASIBLE,FEASIBLE,FEASIBLE,null,0.005862,0.015429,0.000689,False
703726,1,6,[1],"[3,2,2,1,1,2]","[[0,4]]",FEASIBLE,FEASIBLE,FEASIBLE,null,0.005597,0.013752,0.000967,False
703727,7,1,"[1,1,1,1,1,1,1]",[2],"[[0],[0],[0],[0],[0],[0],[0]]",UNSAT,UNSAT,UNSAT,"[0, 1, 2]",0.038226,0.041385,0.00215,False
703728,3,7,"[1,2,3]","[3,2,2,3,3,1,1]","[[3],[1,3,4,5,6],[2,3,5,6]]",FEASIBLE,FEASIBLE,FEASIBLE,null,0.037923,0.035847,0.002343,False
703729,5,3,"[1,1,2,2,1]","[1,1,2]","[[0,2],[2],[0,1,2],[0,1],[1]]",UNSAT,UNSAT,UNSAT,"[2, 3]",0.034403,0.04482,0.003282,False
703730,2,4,"[2,1]","[2,2,2,1]","[[0,1,2,3],[1]]",FEASIBLE,FEASIBLE,FEASIBLE,null,0.011638,0.020454,0.001415,False
703731,5,5,"[1,1,1,1,1]","[3,2,1,3,3]","[[3],[1,4],[0,1,2,3,4],[0,1,2,4],[0,1,2,4]]",FEASIBLE,FEASIBLE,FEASIBLE,null,0.139634,0.051565,0.003592,False
703732,4,6,"[2,1,2,1]","[3,3,2,1,2,1]","[[0,1,2,3,4,5],[0,1,2,3,4,5],[0,1,3,5],[0,3]]",FEASIBLE,FEASIBLE,FEASIBLE,null,0.076317,0.039834,0.003421,False
703733,3,5,"[3,1,3]","[1,1,3,2,1]","[[1,3,4],[3],[0,1,4]]",UNSAT,UNSAT,UNSAT,"[0, 2]",0.021128,0.040181,0.015836,False
703734,7,5,"[1,3,3,1,1,3,2]","[3,1,2,2,3]","[[0,1,2,4],[1,2,3],[0,2,4],[0,1,4],[1,2,3],[1,2,3,4],[0,1,3,4]]",UNSAT,UNSAT,UNSAT,"[1, 2, 5]",0.185845,0.084384,0.008271,False
703735,1,2,[1],"[2,3]","[[0,1]]",FEASIBLE,FEASIBLE,FEASIBLE,null,0.003725,0.012165,0.000922,False
703736,6,1,"[1,1,1,1,1,1]",[1],"[[0],[0],[0],[0],[0],[0]]",UNSAT,UNSAT,UNSAT,"[0, 1]",0.010435,0.037038,0.001996,False
703737,4,6,"[1,3,3,1]","[3,3,2,3,1,3]","[[0,3,5],[1,2,3,4],[0,1,2,3,4,5],[2,5]]",FEASIBLE,FEASIBLE,FEASIBLE,null,0.07309,0.042107,0.02862,False
703738,5,5,"[3,3,2,1,1]","[3,2,1,3,1]","[[0,1,4],[0,1,2,3,4],[1,2],[0,1,2,3,4],[0,1]]",UNSAT,UNSAT,UNSAT,"[0, 1, 2]",0.061866,0.079381,0.006674,False
703739,5,7,"[2,3,2,1,1]","[1,2,3,1,2,2,2]","[[0,4],[0,1,2,3,4,5,6],[1,2,3,4,5],[1],[1]]",FEASIBLE,FEASIBLE,FEASIBLE,null,0.169421,0.06559,0.00422,False
703740,1,2,[1],"[2,3]",[[0]],FEASIBLE,FEASIBLE,FEASIBLE,null,0.003611,0.010822,0.000763,False
703741,7,5,"[2,3,2,1,2,1,1]","[3,2,1,2,1]","[[0,1],[1,3,4],[2,3],[0,1,2,3],[0,1,2,3,4],[1,2,3,4],[3,4]]",UNSAT,UNSAT,UNSAT,"[1, 2, 6]",0.187085,0.078235,0.005975,False
703742,7,1,"[1,1,1,1,1,1,1]",[3],"[[0],[0],[0],[0],[0],[0],[0]]",UNSAT,UNSAT,UNSAT,"[0, 1, 2, 3]",0.098898,0.044786,0.002248,False
703743,4,1,"[1,1,1,1]",[1],"[[0],[0],[0],[0]]",UNSAT,UNSAT,UNSAT,"[0, 1]",0.008463,0.028948,0.001778,False
703744,4,5,"[2,2,3,2]","[2,3,2,2,2]","[[1,2,3,4],[0,2],[0,1,4],[1,4]]",FEASIBLE,FEASIBLE,FEASIBLE,null,0.061205,0.03919,0.002494,False
703745,2,5,"[1,1]","[3,2,3,2,2]","[[2],[0,1,2,3]]",FEASIBLE,FEASIBLE,FEASIBLE,null,0.013418,0.018738,0.001466,False
703746,4,4,"[2,1,2,1]","[3,3,1,2]","[[0,1,2,3],[1,2,3],[0,1,2,3],[0,1,2,3]]",FEASIBLE,FEASIBLE,FEASIBLE,null,0.05111,0.034378,0.002526,False
703747,5,3,"[2,1,1,2,1]","[1,1,2]","[[0,1,2],[0,2],[0,1,2],[0,1,2],[2]]",UNSAT,UNSAT,UNSAT,"[0, 1, 3]",0.044746,0.049756,0.003572,False
703748,2,1,"[1,1]",[2],"[[0],[0]]",FEASIBLE,FEASIBLE,FEASIBLE,null,0.00611,0.01516,0.000698,False
703749,1,4,[1],"[3,2,2,2]","[[1,2,3]]",FEASIBLE,FEASIBLE,FEASIBLE,null,0.006633,0.013506,0.000943,False
703750,6,3,"[1,2,1,1,1,1]","[1,1,1]","[[1],[0,1],[2],[1],[0,1,2],[1]]",UNSAT,UNSAT,UNSAT,"[0, 1]",0.018576,0.046755,0.003561,False
703751,2,7,"[3,1]","[1,2,3,2,1,1,1]","[[0,2,4,5,6],[0,1,2,3,4,5,6]]",FEASIBLE,FEASIBLE,FEASIBLE,null,0.017325,0.033191,0.002257,False
703752,3,4,"[1,1,1]","[2,2,3,1]","[[0,1,2,3],[3],[2]]",FEASIBLE,FEASIBLE,FEASIBLE,null,0.024562,0.022827,0.001619,False
703753,6,4,"[1,1,1,3,1,2]","[1,3,3,1]","[[0,2],[2],[1],[1,2,3],[1,2,3],[0,1,2]]",UNSAT,UNSAT,UNSAT,"[0, 1, 2, 3, 4, 5]",0.223487,0.059867,0.004263,False
703754,2,6,"[2,1]","[1,1,3,1,3,1]","[[0,1],[0]]",UNSAT,UNSAT,UNSAT,"[0, 1]",0.01477,0.113168,0.00197,False
703755,6,5,"[1,3,1,1,3,3]","[2,3,3,2,1]","[[0,1,2,4],[0,1,3],[0,2,4],[0,1,2,3,4],[1,2,3],[0,1,2,4]]",UNSAT,UNSAT,UNSAT,"[0, 1, 2, 3, 4, 5]",0.272968,0.11197,0.006021,False
703756,4,4,"[1,2,1,2]","[1,1,1,3]","[[0,3],[0,1,2],[3],[0,2]]",UNSAT,UNSAT,UNSAT,"[1, 3]",0.030332,0.0558,0.003629,False
703757,4,6,"[2,3,3,2]","[2,2,3,3,3,3]","[[0,1,2,3,4],[0,1,2,3,4,5],[0,1,4,5],[0,1,2,3,4,5]]",FEASIBLE,FEASIBLE,FEASIBLE,null,0.071947,0.068048,0.004422,False
703758,7,5,"[2,2,2,1,1,1,3]","[1,3,1,2,2]","[[1,2,3,4],[0,1,2,3,4],[0,1,3,4],[0,1,2,4],[1,4],[0,4],[0,1,2]]",UNSAT,UNSAT,UNSAT,"[0, 1, 2, 3, 6]",0.464535,0.105433,0.007527,False
703759,1,2,[1],"[3,2]","[[0,1]]",FEASIBLE,FEASIBLE,FEASIBLE,null,0.003725,0.012695,0.000705,False
703760,1,4,[2],"[1,1,2,2]","[[0,2]]",FEASIBLE,FEASIBLE,FEASIBLE,null,0.004888,0.014957,0.000869,False
703761,6,4,"[3,2,1,2,1,3]","[3,1,2,1]","[[0,1,2,3],[0,1,2,3],[0,1,2],[0,1],[1,3],[0,1,3]]",UNSAT,UNSAT,UNSAT,"[0, 5]",0.035843,0.07949,0.00498,False
703762,3,7,"[2,1,3]","[2,1,2,1,3,3,1]","[[0,1,2,3,4,5,6],[0,1,2,6],[0,3,5,6]]",FEASIBLE,FEASIBLE,FEASIBLE,null,0.03988,0.039147,0.00293,False
703763,5,4,"[3,1,1,1,2]","[2,1,3,2]","[[0,1,2],[2],[0],[3],[0,1,3]]",UNSAT,UNSAT,UNSAT,"[0, 2, 4]",0.068782,0.051829,0.00318,False
703764,5,4,"[2,1,1,2,2]","[2,3,3,1]","[[0,1,2,3],[0],[0,2,3],[0,1,2,3],[0,1,2,3]]",FEASIBLE,FEASIBLE,FEASIBLE,null,0.10919,0.133635,0.003006,False
703765,5,1,"[1,1,1,1,1]",[1],"[[0],[0],[0],[0],[0]]",UNSAT,UNSAT,UNSAT,"[0, 1]",0.009675,0.034062,0.001918,False
703766,5,7,"[1,3,1,2,1]","[2,2,2,2,1,3,1]","[[2],[0,1,2,3,4,5,6],[1,2],[1,4,5,6],[3]]",FEASIBLE,FEASIBLE,FEASIBLE,null,0.182359,0.045721,0.003174,False
703767,1,7,[2],"[3,1,1,3,3,2,3]","[[3,6]]",FEASIBLE,FEASIBLE,FEASIBLE,null,0.007187,0.01852,0.001072,False
703768,7,7,"[1,2,3,2,3,2,3]","[1,1,1,3,1,1,3]","[[1,3,4],[0,2,3,5],[0,1,2,3,4],[0,2,3,4,5,6],[0,2,3,4,5],[0,1,2,3,4,6],[0,1,2,3,4,5,6]]",UNSAT,UNSAT,UNSAT,"[0, 1, 2, 4]",0.366038,0.157875,0.010713,False
703769,2,2,"[1,2]","[1,3]","[[0],[0,1]]",UNSAT,UNSAT,UNSAT,"[0, 1]",0.008645,0.027245,0.001606,False
703770,3,3,"[1,1,1]","[2,1,1]","[[0,1,2],[0,1],[0,1]]",FEASIBLE,FEASIBLE,FEASIBLE,null,0.020924,0.024291,0.001597,False
703771,2,4,"[1,1]","[2,2,1,3]","[[0,1,2,3],[2]]",FEASIBLE,FEASIBLE,FEASIBLE,null,0.011853,0.018785,0.001329,False
703772,4,2,"[2,1,1,2]","[1,1]","[[0,1],[1],[0],[0,1]]",UNSAT,UNSAT,UNSAT,"[0, 1]",0.011613,0.036348,0.002313,False
703773,2,5,"[1,3]","[1,2,2,1,2]","[[0,1,3],[0,1,2,3,4]]",FEASIBLE,FEASIBLE,FEASIBLE,null,0.013457,0.027409,0.001843,False
703774,6,3,"[2,1,1,1,1,1]","[3,1,3]","[[0,1],[0,1,2],[0],[2],[1],[2]]",UNSAT,UNSAT,UNSAT,"[0, 4]",0.02745,0.045326,0.002765,False
703775,2,1,"[1,1]",[1],"[[0],[0]]",UNSAT,UNSAT,UNSAT,"[0, 1]",0.006137,0.032847,0.001061,False
703776,3,5,"[3,1,1]","[2,3,1,3,1]","[[0,2,3],[1,4],[0,1,2,3,4]]",FEASIBLE,FEASIBLE,FEASIBLE,null,0.029774,0.11902,0.002177,False
703777,5,2,"[2,1,2,1,1]","[2,3]","[[0,1],[0],[0,1],[1],[0]]",UNSAT,UNSAT,UNSAT,"[0, 1, 2]",0.033131,0.04222,0.002723,False
703778,2,5,"[3,3]","[1,2,3,2,2]","[[0,1,2,3,4],[1,2,3]]",FEASIBLE,FEASIBLE,FEASIBLE,null,0.014112,0.030508,0.001871,False
703779,6,4,"[1,1,1,2,2,2]","[3,1,3,2]","[[1,2],[2],[0,2,3],[0,1,3],[0,3],[0,1,2,3]]",FEASIBLE,FEASIBLE,FEASIBLE,null,0.230187,0.060429,0.003839,False
703780,7,7,"[1,2,3,3,1,3,3]","[1,1,1,3,2,3,1]","[[0,4],[0,1,2,3,4,5,6],[3,5,6],[0,2,6],[4],[1,5,6],[0,1,2,3,4,5,6]]",UNSAT,UNSAT,UNSAT,"[2, 3]",0.118448,0.12763,0.008835,False
703781,4,3,"[1,2,1,1]","[1,1,1]","[[1],[0,1,2],[0],[0,1]]",UNSAT,UNSAT,UNSAT,"[0, 1, 2]",0.033509,0.046506,0.002645,False
703782,6,2,"[2,2,2,2,2,1]","[2,3]","[[0,1],[0,1],[0,1],[0,1],[0,1],[0,1]]",UNSAT,UNSAT,UNSAT,"[0, 1, 2]",0.043866,0.055003,0.003577,False
703783,1,1,[1],[3],[[0]],FEASIBLE,FEASIBLE,FEASIBLE,null,0.003025,0.01093,0.000559,False
703784,7,6,"[1,1,1,3,1,2,1]","[1,3,1,3,3,3]","[[2],[1],[2,3,4],[0,2,3,5],[4],[0,1,3,4,5],[1,2,3,4,5]]",FEASIBLE,FEASIBLE,FEASIBLE,null,0.670059,0.056473,0.003844,False
703785,7,5,"[3,3,1,1,2,1,3]","[2,2,2,2,3]","[[0,1,2,4],[0,1,2,3,4],[0,1,2,3],[0,1,2,3,4],[0,3],[0],[1,2,3]]",UNSAT,UNSAT,UNSAT,"[0, 1, 4, 6]",0.299756,0.113477,0.007393,False
703786,6,3,"[1,3,1,1,1,2]","[1,1,1]","[[0,2],[0,1,2],[2],[1],[0],[1,2]]",UNSAT,UNSAT,UNSAT,"[0, 1]",0.019274,0.1621,0.003368,False
703787,4,1,"[1,1,1,1]",[1],"[[0],[0],[0],[0]]",UNSAT,UNSAT,UNSAT,"[0, 1]",0.009527,0.032008,0.001623,False
703788,6,7,"[3,1,1,3,2,1]","[1,3,2,1,3,3,2]","[[0,3,4,6],[1,4,5],[1,6],[0,2,4,6],[5,6],[4]]",FEASIBLE,FEASIBLE,FEASIBLE,null,0.368291,0.0617,0.003728,False
703789,4,6,"[3,3,3,1]","[1,3,1,3,2,2]","[[1,3,5],[0,1,2,3,4,5],[0,3,4,5],[1]]",FEASIBLE,FEASIBLE,FEASIBLE,null,0.075559,0.046869,0.003128,False
703790,3,4,"[1,1,2]","[1,3,3,1]","[[0,2],[0,2,3],[0,2,3]]",FEASIBLE,FEASIBLE,FEASIBLE,null,0.025228,0.027819,0.001824,False
703791,2,4,"[1,2]","[3,2,3,2]","[[0,3],[0,1,2,3]]",FEASIBLE,FEASIBLE,FEASIBLE,null,0.011688,0.021175,0.001485,False
703792,5,5,"[1,1,1,3,2]","[2,3,3,3,2]","[[1],[0,1,3],[4],[0,1,2,3,4],[0,1,2,3,4]]",FEASIBLE,FEASIBLE,FEASIBLE,null,0.131818,0.042966,0.003049,False
703793,5,5,"[2,2,1,1,3]","[2,1,1,3,3]","[[1,4],[0,1,2,3,4],[3],[0],[0,1,2,3,4]]",FEASIBLE,FEASIBLE,FEASIBLE,null,0.132918,0.075666,0.003508,False
703794,6,1,"[1,1,1,1,1,1]",[3],"[[0],[0],[0],[0],[0],[0]]",UNSAT,UNSAT,UNSAT,"[0, 1, 2, 3]",0.058446,0.057447,0.002165,False
703795,5,4,"[1,2,3,2,1]","[2,2,1,2]","[[0,1,2,3],[0,2],[0,1,3],[0,2,3],[0,2,3]]",UNSAT,UNSAT,UNSAT,"[1, 2, 3]",0.077198,0.080262,0.005157,False
703796,7,4,"[3,2,1,3,2,1,1]","[3,3,2,3]","[[0,1,2],[1,2],[0,2],[0,1,2,3],[2,3],[0,3],[0]]",UNSAT,UNSAT,UNSAT,"[0, 1, 4]",0.101402,0.171847,0.004952,False
703797,1,7,[2],"[2,1,3,1,3,1,2]","[[2,3]]",FEASIBLE,FEASIBLE,FEASIBLE,null,0.007162,0.018078,0.001083,False
703798,3,3,"[2,2,2]","[1,1,3]","[[0,1,2],[0,1],[1,2]]",UNSAT,UNSAT,UNSAT,"[0, 1]",0.01237,0.049743,0.003267,False
703799,4,3,"[3,2,3,1]","[3,3,2]","[[0,1,2],[0,2],[0,1,2],[1]]",UNSAT,UNSAT,UNSAT,"[0, 1, 2]",0.034346,0.059838,0.00297,False
703800,3,7,"[2,3,1]","[3,2,2,2,2,2,2]","[[0,1,2,3,4],[1,3,4],[1,6]]",FEASIBLE,FEASIBLE,FEASIBLE,null,0.05157,0.0514,0.002275,False
703801,2,4,"[1,3]","[2,1,2,3]","[[2],[0,2,3]]",FEASIBLE,FEASIBLE,FEASIBLE,null,0.01493,0.031022,0.001464,False
703802,7,2,"[1,1,2,2,1,1,1]","[2,2]","[[0,1],[0],[0,1],[0,1],[0,1],[0,1],[0,1]]",UNSAT,UNSAT,UNSAT,"[0, 2, 3]",0.095016,0.096742,0.003848,False
703803,4,4,"[1,1,1,2]","[3,1,2,2]","[[0,1],[0,3],[0,3],[0,1,2,3]]",FEASIBLE,FEASIBLE,FEASIBLE,null,0.07391,2.180293,0.002111,False
703804,7,6,"[1,3,1,1,3,1,1]","[2,3,2,2,1,2]","[[0,2,3,4],[0,1,2,5],[0,1,2,3,4,5],[0,4],[3,4,5],[0,2,3,4,5],[0,1,3,4]]",FEASIBLE,FEASIBLE,FEASIBLE,null,0.983409,0.126673,0.005911,False
703805,7,3,"[2,3,1,1,1,1,1]","[1,1,1]","[[0,1,2],[0,1,2],[0,1,2],[0],[0],[1],[0]]",UNSAT,UNSAT,UNSAT,"[0, 1]",0.030107,0.080661,0.003875,False
703806,2,3,"[1,1]","[1,3,3]","[[1,2],[0,1,2]]",FEASIBLE,FEASIBLE,FEASIBLE,null,0.013659,0.039674,0.001354,False
703807,7,5,"[2,1,1,3,3,1,3]","[2,3,2,3,2]","[[3,4],[3,4],[3],[1,2,3,4],[0,1,2,3,4],[0,2,3,4],[0,1,2,3,4]]",UNSAT,UNSAT,UNSAT,"[0, 1, 2, 3, 4, 6]",0.648652,0.320585,0.006123,False
703808,3,3,"[2,2,2]","[1,3,3]","[[1,2],[0,1],[0,1,2]]",FEASIBLE,FEASIBLE,FEASIBLE,null,0.021709,0.030778,0.001789,False
703809,2,1,"[1,1]",[1],"[[0],[0]]",UNSAT,UNSAT,UNSAT,"[0, 1]",0.00605,0.022802,0.001936,False
703810,2,4,"[1,1]","[2,2,1,2]","[[0,2],[0,2]]",FEASIBLE,FEASIBLE,FEASIBLE,null,0.011954,0.017833,0.001372,False
703811,6,3,"[1,2,1,1,1,1]","[2,2,3]","[[0,1],[0,1,2],[0],[0,1,2],[0,2],[0,1,2]]",FEASIBLE,FEASIBLE,FEASIBLE,null,0.183839,0.061465,0.004699,False
703812,2,1,"[1,1]",[1],"[[0],[0]]",UNSAT,UNSAT,UNSAT,"[0, 1]",0.00642,0.02256,0.001528,False
703813,7,1,"[1,1,1,1,1,1,1]",[3],"[[0],[0],[0],[0],[0],[0],[0]]",UNSAT,UNSAT,UNSAT,"[0, 1, 2, 3]",0.092808,0.047881,0.002629,False
703814,3,3,"[1,3,3]","[1,2,2]","[[2],[0,1,2],[0,1,2]]",UNSAT,UNSAT,UNSAT,"[1, 2]",0.018646,0.041199,0.002813,False
703815,2,2,"[1,1]","[1,3]","[[0,1],[0,1]]",FEASIBLE,FEASIBLE,FEASIBLE,null,0.009269,0.01927,0.001158,False
703816,7,1,"[1,1,1,1,1,1,1]",[3],"[[0],[0],[0],[0],[0],[0],[0]]",UNSAT,UNSAT,UNSAT,"[0, 1, 2, 3]",0.091793,0.045303,0.001931,False
703817,7,1,"[1,1,1,1,1,1,1]",[2],"[[0],[0],[0],[0],[0],[0],[0]]",UNSAT,UNSAT,UNSAT,"[0, 1, 2]",0.042103,0.201838,0.002101,False
703818,3,4,"[2,2,2]","[3,3,3,2]","[[0,1],[0,1,2,3],[0,1,2,3]]",FEASIBLE,FEASIBLE,FEASIBLE,null,0.057588,0.071629,0.002078,False
703819,1,7,[2],"[2,3,1,2,1,1,2]","[[1,3,6]]",FEASIBLE,FEASIBLE,FEASIBLE,null,0.008478,0.025368,0.00124,False
703820,3,2,"[1,1,1]","[2,2]","[[0,1],[1],[0]]",FEASIBLE,FEASIBLE,FEASIBLE,null,0.036147,0.024238,0.001221,False
703821,7,4,"[1,1,3,1,2,1,3]","[1,1,1,1]","[[2],[3],[1,2,3],[0,2,3],[0,1,2,3],[0,2,3],[1,2,3]]",UNSAT,UNSAT,UNSAT,"[0, 2]",0.060309,0.199807,0.005166,False
703822,2,5,"[1,3]","[1,1,1,3,2]","[[1],[1,2,3,4]]",FEASIBLE,FEASIBLE,FEASIBLE,null,0.014354,0.026588,0.001578,False
703823,7,2,"[1,1,1,2,2,1,1]","[1,2]","[[0],[0,1],[0,1],[0,1],[0,1],[0,1],[0,1]]",UNSAT,UNSAT,UNSAT,"[0, 3]",0.02063,0.057251,0.003633,False
703824,4,1,"[1,1,1,1]",[2],"[[0],[0],[0],[0]]",UNSAT,UNSAT,UNSAT,"[0, 1, 2]",0.017049,0.037266,0.001772,False
703825,1,1,[1],[1],[[0]],FEASIBLE,FEASIBLE,FEASIBLE,null,0.004562,0.014495,0.000604,False
703826,3,4,"[1,1,2]","[2,2,2,1]","[[1],[0],[0,1]]",FEASIBLE,FEASIBLE,FEASIBLE,null,0.030319,0.028157,0.001361,False
703827,2,3,"[1,3]","[1,2,1]","[[2],[0,1,2]]",UNSAT,UNSAT,UNSAT,"[0, 1]",0.01338,0.040202,0.00208,False
703828,5,2,"[1,1,1,1,1]","[1,1]","[[0],[0],[0,1],[0,1],[1]]",UNSAT,UNSAT,UNSAT,"[0, 1]",0.01434,0.042839,0.002752,False
703829,3,7,"[1,2,3]","[3,2,1,3,2,2,1]","[[0,1,3,6],[0,2,4],[0,1,2,3,5,6]]",FEASIBLE,FEASIBLE,FEASIBLE,null,0.039728,0.03917,0.002736,False
703830,4,2,"[1,2,1,1]","[3,3]","[[1],[0,1],[1],[1]]",UNSAT,UNSAT,UNSAT,"[0, 1, 2, 3]",0.034083,0.058501,0.002271,False
703831,3,7,"[2,1,3]","[2,2,2,2,1,2,1]","[[2,4],[0,1,3,4,5,6],[1,3,4]]",UNSAT,UNSAT,UNSAT,"[0, 2]",0.028337,0.046081,0.003172,False
703832,6,2,"[1,1,1,1,1,2]","[2,2]","[[0],[0],[0,1],[0,1],[0,1],[0,1]]",UNSAT,UNSAT,UNSAT,"[0, 1, 5]",0.051324,0.05736,0.003044,False
703833,4,3,"[1,1,1,2]","[1,2,2]","[[0,1,2],[1],[0],[0,1]]",UNSAT,UNSAT,UNSAT,"[2, 3]",0.029861,0.140511,0.00309,False
703834,1,1,[1],[1],[[0]],FEASIBLE,FEASIBLE,FEASIBLE,null,0.003348,0.011081,0.000559,False
703835,6,5,"[3,1,1,3,3,1]","[1,1,3,2,2]","[[1,2,3,4],[0],[1,2,3],[0,1,2,3,4],[0,2,3,4],[2]]",UNSAT,UNSAT,UNSAT,"[0, 1, 3, 4]",0.196215,0.076914,0.005471,False
703836,3,7,"[1,2,2]","[2,1,1,3,3,2,1]","[[0,1,2,3,4,5,6],[3,5,6],[0,1,3,4,5,6]]",FEASIBLE,FEASIBLE,FEASIBLE,null,0.042418,0.039844,0.002926,False
703837,2,4,"[1,1]","[1,3,1,3]","[[0,1,2,3],[0,1,2]]",FEASIBLE,FEASIBLE,FEASIBLE,null,0.013217,0.021764,0.001459,False
703838,1,5,[1],"[3,2,2,1,1]",[[0]],FEASIBLE,FEASIBLE,FEASIBLE,null,0.005716,0.012818,0.000891,False
703839,5,3,"[1,1,1,2,3]","[3,2,3]","[[0,1],[0,1,2],[1],[0,1,2],[0,1,2]]",FEASIBLE,FEASIBLE,FEASIBLE,null,0.092152,0.057952,0.003086,False
703840,4,1,"[1,1,1,1]",[1],"[[0],[0],[0],[0]]",UNSAT,UNSAT,UNSAT,"[0, 1]",0.00851,0.030909,0.00172,False
703841,6,3,"[1,1,1,1,1,3]","[1,2,1]","[[0,1,2],[0,1,2],[0,2],[1,2],[1],[0,1,2]]",UNSAT,UNSAT,UNSAT,"[2, 5]",0.048927,0.057255,0.004224,False
703842,2,7,"[1,2]","[3,2,2,3,1,3,3]","[[0,1,2,3,4,5],[0,1,3,5]]",FEASIBLE,FEASIBLE,FEASIBLE,null,0.01869,0.028863,0.002028,False
703843,4,7,"[1,2,2,1]","[1,3,3,3,2,3,2]","[[0,1,4,6],[2,3,4,6],[5,6],[3,4]]",FEASIBLE,FEASIBLE,FEASIBLE,null,0.088473,0.048699,0.002604,False
703844,5,7,"[1,3,1,2,1]","[3,1,1,2,2,1,1]","[[4],[0,2,3,5],[6],[0,1,2,5,6],[0,1,3,4,5]]",FEASIBLE,FEASIBLE,FEASIBLE,null,0.197027,0.050983,0.003385,False
703845,1,2,[2],"[1,3]","[[0,1]]",FEASIBLE,FEASIBLE,FEASIBLE,null,0.004407,0.01531,0.000861,False
703846,7,2,"[1,1,1,1,1,1,2]","[3,1]","[[0,1],[1],[1],[0,1],[0,1],[1],[0,1]]",UNSAT,UNSAT,UNSAT,"[1, 2]",0.029504,0.052926,0.003657,False
703847,3,3,"[1,1,1]","[3,1,2]","[[0,1,2],[0,1,2],[1]]",FEASIBLE,FEASIBLE,FEASIBLE,null,0.021337,0.023526,0.001545,False
703848,2,7,"[3,3]","[3,2,2,3,3,1,2]","[[0,1,2,4,6],[0,1,2,3,5,6]]",FEASIBLE,FEASIBLE,FEASIBLE,null,0.018314,0.034527,0.002258,False
703849,6,3,"[3,1,2,3,1,1]","[2,2,2]","[[0,1,2],[1],[0,1,2],[0,1,2],[1],[0,2]]",UNSAT,UNSAT,UNSAT,"[0, 1, 3]",0.063769,0.060219,0.003879,False
703850,6,5,"[1,1,2,3,3,1]","[1,2,1,2,2]","[[1],[0,2,3,4],[0,3],[0,1,2,3,4],[0,3,4],[2]]",UNSAT,UNSAT,UNSAT,"[2, 4]",0.068418,0.089515,0.00619,False
703851,3,2,"[1,2,2]","[1,1]","[[0],[0,1],[0,1]]",UNSAT,UNSAT,UNSAT,"[0, 1]",0.010274,0.037717,0.002289,False
703852,4,3,"[1,1,2,1]","[2,1,2]","[[0],[0,1,2],[0,1],[0,1]]",UNSAT,UNSAT,UNSAT,"[0, 2, 3]",0.040961,0.05368,0.003438,False
703853,3,6,"[1,2,1]","[2,2,1,2,1,3]","[[2,4,5],[0,2],[0,1,2,3,4,5]]",FEASIBLE,FEASIBLE,FEASIBLE,null,0.035615,0.044606,0.003022,False
703854,1,5,[1],"[1,3,1,3,3]","[[0,1,2,3,4]]",FEASIBLE,FEASIBLE,FEASIBLE,null,0.005602,0.01627,0.001211,False
703855,6,2,"[1,1,1,1,1,1]","[3,1]","[[0,1],[0],[0],[0,1],[0,1],[0]]",UNSAT,UNSAT,UNSAT,"[0, 1, 2, 3, 4]",0.123866,0.048193,0.003076,False
703856,1,7,[1],"[1,1,3,3,1,2,2]","[[2,4]]",FEASIBLE,FEASIBLE,FEASIBLE,null,0.007174,0.018527,0.001003,False
703857,1,2,[2],"[1,3]","[[0,1]]",FEASIBLE,FEASIBLE,FEASIBLE,null,0.003829,0.104689,0.000782,False
703858,3,5,"[2,2,1]","[3,1,1,1,2]","[[0,1,2,3,4],[0,1,2,3],[0,1,2,3]]",FEASIBLE,FEASIBLE,FEASIBLE,null,0.031471,0.035467,0.002288,False
703859,7,7,"[3,3,1,2,1,1,1]","[1,3,1,1,1,2,3]","[[0,1,3,6],[1,3,4],[0,1,2,3,4,5,6],[1,4,6],[2],[0,1,3,4,5,6],[1,4,6]]",FEASIBLE,FEASIBLE,FEASIBLE,null,0.835366,0.109977,0.006756,False
703860,3,6,"[1,1,1]","[3,2,1,3,3,3]","[[0,1,2,4,5],[0,1,2,3,4,5],[1]]",FEASIBLE,FEASIBLE,FEASIBLE,null,0.036758,0.029923,0.002185,False
703861,2,1,"[1,1]",[2],"[[0],[0]]",FEASIBLE,FEASIBLE,FEASIBLE,null,0.006566,0.015358,0.000809,False
703862,5,3,"[1,1,1,2,3]","[3,2,3]","[[0],[0,2],[0],[0,2],[0,1,2]]",UNSAT,UNSAT,UNSAT,"[0, 2, 3, 4]",0.085666,0.066699,0.003831,False
703863,5,6,"[2,1,2,3,1]","[1,2,2,2,3,1]","[[3,5],[5],[0,1,2,3,4,5],[1,2,4,5],[0,1,2,3,5]]",UNSAT,UNSAT,UNSAT,"[0, 1]",0.029782,0.067028,0.004289,False
703864,3,1,"[1,1,1]",[3],"[[0],[0],[0]]",FEASIBLE,FEASIBLE,FEASIBLE,null,0.012864,0.021985,0.001077,False
703865,3,2,"[1,1,2]","[3,1]","[[0,1],[0],[0,1]]",FEASIBLE,FEASIBLE,FEASIBLE,null,0.017668,0.024869,0.001438,False
703866,6,6,"[1,3,1,1,2,1]","[3,1,2,1,2,3]","[[5],[0,1,2,3,4,5],[2,3,4],[0,1,2],[0,1,2,3,5],[5]]",FEASIBLE,FEASIBLE,FEASIBLE,null,0.440924,0.069012,0.003779,False
703867,1,3,[1],"[2,1,3]",[[2]],FEASIBLE,FEASIBLE,FEASIBLE,null,0.005287,0.013354,0.000777,False
703868,6,7,"[1,1,1,1,1,1]","[2,3,1,1,1,2,3]","[[1,2,3,4,5],[6],[1,4],[3],[2],[1,2,6]]",FEASIBLE,FEASIBLE,FEASIBLE,null,0.47684,0.172621,0.002725,False
703869,1,6,[1],"[2,2,2,2,2,3]","[[0,1,2,3,4,5]]",FEASIBLE,FEASIBLE,FEASIBLE,null,0.009015,0.045076,0.001365,False
703870,6,7,"[2,2,3,1,1,1]","[3,1,1,2,3,3,3]","[[2,6],[0,1,2,3,5,6],[0,1,2,3,4,5,6],[0,1,2,3,4,5,6],[6],[0,1,2,4,5,6]]",FEASIBLE,FEASIBLE,FEASIBLE,null,0.521073,0.099777,0.005104,False
703871,4,7,"[3,3,2,2]","[3,2,1,3,3,1,3]","[[0,1,2,3,4,5,6],[3,4,5],[1,3,4,5],[2,6]]",FEASIBLE,FEASIBLE,FEASIBLE,null,0.121535,0.08926,0.004178,False
703872,4,2,"[1,1,1,1]","[3,3]","[[0,1],[0,1],[0,1],[0]]",FEASIBLE,FEASIBLE,FEASIBLE,null,0.037961,0.044977,0.002036,False
703873,4,2,"[2,1,1,2]","[1,3]","[[0,1],[1],[0],[0,1]]",UNSAT,UNSAT,UNSAT,"[0, 2]",0.018032,0.045056,0.00232,False
703874,4,7,"[1,1,1,3]","[2,1,1,3,2,3,1]","[[2,5],[4],[0],[0,1,2,3,4,5]]",FEASIBLE,FEASIBLE,FEASIBLE,null,0.091097,0.040196,0.002395,False
703875,4,1,"[1,1,1,1]",[3],"[[0],[0],[0],[0]]",UNSAT,UNSAT,UNSAT,"[0, 1, 2, 3]",0.024529,0.035318,0.001865,False
703876,7,6,"[2,3,1,2,3,1,1]","[1,2,2,3,2,3]","[[2,3,5],[2,3,4],[0],[0,1,2,3,4,5],[2,3,4],[1,4,5],[0,1,2,3,4]]",FEASIBLE,FEASIBLE,FEASIBLE,null,0.742628,0.100885,0.005574,False
703877,5,6,"[2,2,1,1,3]","[3,2,1,3,2,1]","[[0,1,3],[0,1,3,4,5],[0,1,3],[2,3],[2,3,4]]",FEASIBLE,FEASIBLE,FEASIBLE,null,0.173731,0.081886,0.003958,False
703878,4,1,"[1,1,1,1]",[3],"[[0],[0],[0],[0]]",UNSAT,UNSAT,UNSAT,"[0, 1, 2, 3]",0.025985,0.147681,0.001651,False
703879,1,6,[2],"[3,2,2,2,2,2]","[[0,1,2,3,4,5]]",FEASIBLE,FEASIBLE,FEASIBLE,null,0.006826,0.022355,0.001341,False
703880,6,3,"[1,2,1,1,2,1]","[3,1,1]","[[0,2],[0,2],[0,1],[1],[0,1,2],[1]]",UNSAT,UNSAT,UNSAT,"[3, 5]",0.063029,0.064808,0.003834,False
703881,3,2,"[1,2,2]","[1,1]","[[1],[0,1],[0,1]]",UNSAT,UNSAT,UNSAT,"[0, 1]",0.011326,0.038291,0.002209,False
703882,5,4,"[3,1,3,2,1]","[1,2,2,1]","[[0,1,2,3],[1,2],[0,1,2,3],[0,1,2,3],[2,3]]",UNSAT,UNSAT,UNSAT,"[0, 1, 2]",0.063922,0.072222,0.004661,False
703883,2,1,"[1,1]",[3],"[[0],[0]]",FEASIBLE,FEASIBLE,FEASIBLE,null,0.007079,0.017798,0.000748,False
703884,2,3,"[1,1]","[1,2,3]","[[0,1],[0,1,2]]",FEASIBLE,FEASIBLE,FEASIBLE,null,0.011497,0.021553,0.001343,False
703885,4,6,"[2,2,1,3]","[1,2,3,1,2,2]","[[0,2,4],[0,2,4,5],[0,1,2,3,4,5],[0,1,4,5]]",FEASIBLE,FEASIBLE,FEASIBLE,null,0.085528,0.052969,0.003348,False
703886,2,6,"[3,2]","[2,3,1,1,3,1]","[[1,2,3,4,5],[0,1,4,5]]",FEASIBLE,FEASIBLE,FEASIBLE,null,0.018128,0.033919,0.002107,False
703887,5,5,"[1,1,1,1,1]","[1,1,1,2,3]","[[0,1,2,3,4],[0,2,4],[0,2,3,4],[2,3],[0,4]]",FEASIBLE,FEASIBLE,FEASIBLE,null,0.15494,0.04723,0.003113,False
703888,4,1,"[1,1,1,1]",[3],"[[0],[0],[0],[0]]",UNSAT,UNSAT,UNSAT,"[0, 1, 2, 3]",0.026115,0.036365,0.001481,False
703889,1,6,[3],"[2,3,1,3,3,2]","[[0,1,2,3,4,5]]",FEASIBLE,FEASIBLE,FEASIBLE,null,0.007038,0.026467,0.001277,False
703890,7,3,"[1,1,3,2,2,1,1]","[2,1,3]","[[1,2],[2],[0,1,2],[0,1,2],[0,1],[0],[2]]",UNSAT,UNSAT,UNSAT,"[2, 4]",0.061027,0.164783,0.004299,False
703891,3,2,"[1,1,1]","[3,3]","[[0,1],[0,1],[0,1]]",FEASIBLE,FEASIBLE,FEASIBLE,null,0.018906,0.025032,0.001295,False
703892,7,2,"[1,1,1,2,2,2,1]","[1,2]","[[0,1],[1],[0,1],[0,1],[0,1],[0,1],[0]]",UNSAT,UNSAT,UNSAT,"[3, 4]",0.052943,0.060511,0.003658,False
703893,4,3,"[2,2,3,1]","[2,2,1]","[[0,1,2],[0,2],[0,1,2],[0,1,2]]",UNSAT,UNSAT,UNSAT,"[1, 2]",0.026431,0.057334,0.003439,False
703894,5,4,"[3,1,1,1,1]","[1,2,1,1]","[[0,1,2,3],[0,1,2,3],[2],[0,2],[2,3]]",UNSAT,UNSAT,UNSAT,"[0, 2, 3]",0.09031,0.063046,0.003768,False
703895,6,7,"[2,3,2,1,2,2]","[1,2,3,2,3,2,2]","[[2,3,4,5],[0,2,3,4,5,6],[0,5],[3],[1,3,5],[0,1,3,4,5,6]]",FEASIBLE,FEASIBLE,FEASIBLE,null,0.524483,0.112525,0.00529,False
703896,1,1,[1],[1],[[0]],FEASIBLE,FEASIBLE,FEASIBLE,null,0.004711,0.01494,0.000591,False
703897,2,3,"[2,3]","[3,3,2]","[[0,1,2],[0,1,2]]",FEASIBLE,FEASIBLE,FEASIBLE,null,0.012464,0.031568,0.001507,False
703898,1,3,[3],"[3,3,2]","[[0,1,2]]",FEASIBLE,FEASIBLE,FEASIBLE,null,0.005218,0.021749,0.001091,False
703899,2,5,"[1,1]","[1,3,1,3,3]","[[0,2,3,4],[1,2,3,4]]",FEASIBLE,FEASIBLE,FEASIBLE,null,0.01728,0.026274,0.001714,False
703900,4,4,"[2,3,1,2]","[1,3,1,1]","[[0,1],[0,2,3],[0,2],[1,2,3]]",UNSAT,UNSAT,UNSAT,"[0, 1]",0.021954,0.061547,0.003274,False
703901,7,2,"[1,1,1,1,1,1,2]","[3,2]","[[1],[0],[0],[1],[1],[0],[0,1]]",UNSAT,UNSAT,UNSAT,"[0, 3, 4]",0.111293,0.086828,0.003242,False
703902,5,1,"[1,1,1,1,1]",[3],"[[0],[0],[0],[0],[0]]",UNSAT,UNSAT,UNSAT,"[0, 1, 2, 3]",0.049437,0.04598,0.002225,False
703903,5,1,"[1,1,1,1,1]",[1],"[[0],[0],[0],[0],[0]]",UNSAT,UNSAT,UNSAT,"[0, 1]",0.161636,0.042696,0.002044,False
703904,2,7,"[2,2]","[1,3,3,2,1,2,3]","[[1,2,3,4,5,6],[0,1,2,3,6]]",FEASIBLE,FEASIBLE,FEASIBLE,null,0.022196,0.055249,0.002115,False
703905,1,1,[1],[1],[[0]],FEASIBLE,FEASIBLE,FEASIBLE,null,0.004412,0.013512,0.000582,False
703906,1,5,[3],"[2,3,2,2,1]","[[0,2,4]]",FEASIBLE,FEASIBLE,FEASIBLE,null,0.006657,0.022716,0.001274,False
703907,3,3,"[2,1,1]","[2,1,3]","[[0,1],[0,1],[1,2]]",FEASIBLE,FEASIBLE,FEASIBLE,null,0.026855,0.031414,0.001576,False
703908,6,7,"[1,1,3,2,2,3]","[3,2,1,3,1,2,3]","[[2,3,5,6],[2],[0,1,2,4,5,6],[1,2,3,4],[5,6],[1,2,4,5,6]]",FEASIBLE,FEASIBLE,FEASIBLE,null,0.543618,0.105126,0.005303,False
703909,3,2,"[2,1,1]","[3,2]","[[0,1],[0],[0]]",FEASIBLE,FEASIBLE,FEASIBLE,null,0.021473,0.027797,0.00141,False
703910,7,5,"[2,2,1,1,2,1,2]","[3,1,1,1,1]","[[0,1,2,3,4],[0,1,2,3,4],[1],[2],[1,2,3,4],[0,3],[0,1,3,4]]",UNSAT,UNSAT,UNSAT,"[0, 1, 2, 4]",0.336591,0.096434,0.006161,False
703911,3,7,"[3,1,2]","[1,3,3,1,3,2,1]","[[0,1,2,3,4,5,6],[2,4],[3,5]]",FEASIBLE,FEASIBLE,FEASIBLE,null,0.048985,0.04344,0.002516,False
703912,2,1,"[1,1]",[2],"[[0],[0]]",FEASIBLE,FEASIBLE,FEASIBLE,null,0.007781,0.017807,0.000691,False
703913,1,3,[1],"[1,3,3]",[[2]],FEASIBLE,FEASIBLE,FEASIBLE,null,0.005394,0.014333,0.000768,False
703914,1,2,[1],"[2,3]",[[0]],FEASIBLE,FEASIBLE,FEASIBLE,null,0.004279,0.015487,0.000719,False
703915,3,5,"[2,1,1]","[3,3,2,2,3]","[[1,3,4],[0,2,3,4],[0,2]]",FEASIBLE,FEASIBLE,FEASIBLE,null,0.036876,0.033753,0.002046,False
703916,6,1,"[1,1,1,1,1,1]",[1],"[[0],[0],[0],[0],[0],[0]]",UNSAT,UNSAT,UNSAT,"[0, 1]",0.015605,0.160893,0.002332,False
703917,6,7,"[1,1,1,3,1,1]","[1,2,2,3,1,3,2]","[[4],[0,1,2,4,6],[0],[0,2,3],[0,1,2,3,5,6],[0]]",UNSAT,UNSAT,UNSAT,"[2, 3]",0.097637,0.092216,0.00549,False
703918,5,3,"[1,1,3,1,3]","[2,1,2]","[[1,2],[0,1,2],[0,1,2],[2],[0,1,2]]",UNSAT,UNSAT,UNSAT,"[2, 4]",0.044499,0.06185,0.003686,False
703919,2,5,"[3,2]","[1,1,1,1,3]","[[0,1,2,3],[0,1,4]]",FEASIBLE,FEASIBLE,FEASIBLE,null,0.016793,0.044054,0.002246,False
703920,2,2,"[1,2]","[1,1]","[[1],[0,1]]",UNSAT,UNSAT,UNSAT,"[0, 1]",0.009693,0.030961,0.00178,False
703921,7,7,"[3,3,2,2,2,2,2]","[2,2,3,3,3,1,3]","[[0,1,2,3,5],[1,2,4,5,6],[0,1,2,3,4,5,6],[1,2,5],[1,5,6],[3,6],[0,1,2,4,5,6]]",FEASIBLE,FEASIBLE,FEASIBLE,null,0.961554,0.164341,0.008436,False
703922,5,5,"[1,1,2,3,2]","[1,2,2,3,1]","[[0,1,2,3,4],[2],[0,1,2,3,4],[0,1,2,3,4],[0,1,2,3,4]]",FEASIBLE,FEASIBLE,FEASIBLE,null,0.159621,0.079774,0.004443,False
703923,4,7,"[1,1,1,2]","[2,3,3,3,3,1,3]","[[6],[0,1,2,4,5,6],[0,1,2,4,6],[0,2,3,4,5]]",FEASIBLE,FEASIBLE,FEASIBLE,null,0.101205,0.046187,0.003089,False
703924,2,1,"[1,1]",[3],"[[0],[0]]",FEASIBLE,FEASIBLE,FEASIBLE,null,0.00778,0.016591,0.000702,False
703925,3,4,"[1,2,2]","[2,1,2,1]","[[0,1,3],[1,2],[0,2]]",FEASIBLE,FEASIBLE,FEASIBLE,null,0.033012,0.034003,0.001847,False
703926,4,6,"[1,2,1,1]","[3,2,3,3,3,1]","[[0,2,4],[0,1,2,3],[3,4],[0,1,2,3,4,5]]",FEASIBLE,FEASIBLE,FEASIBLE,null,0.087908,0.164594,0.002918,False
703927,2,5,"[3,1]","[3,1,2,1,2]","[[0,1,2],[1,3]]",FEASIBLE,FEASIBLE,FEASIBLE,null,0.01649,0.029292,0.001582,False
703928,5,4,"[2,1,1,1,2]","[3,2,3,3]","[[1,3],[0],[0],[2],[0,1,2,3]]",FEASIBLE,FEASIBLE,FEASIBLE,null,0.134719,0.043523,0.002208,False
703929,2,2,"[1,1]","[2,1]","[[0,1],[0,1]]",FEASIBLE,FEASIBLE,FEASIBLE,null,0.009613,0.019292,0.001067,False
703930,1,6,[3],"[3,3,2,3,1,3]","[[2,3,4,5]]",FEASIBLE,FEASIBLE,FEASIBLE,null,0.007146,0.023174,0.001257,False
703931,3,3,"[2,1,1]","[1,1,2]","[[0,1],[0],[0]]",UNSAT,UNSAT,UNSAT,"[0, 1]",0.015944,0.053353,0.002053,False
703932,6,3,"[1,2,1,1,2,1]","[2,3,1]","[[1],[0,2],[0,1,2],[0,1],[1,2],[0,1,2]]",UNSAT,UNSAT,UNSAT,"[1, 4]",0.055782,0.090706,0.004238,False
703933,1,3,[1],"[2,3,1]",[[1]],FEASIBLE,FEASIBLE,FEASIBLE,null,0.007875,0.014551,0.000779,False
703934,1,4,[1],"[2,3,2,3]","[[0,1,2,3]]",FEASIBLE,FEASIBLE,FEASIBLE,null,0.005557,0.016971,0.00107,False
703935,3,1,"[1,1,1]",[1],"[[0],[0],[0]]",UNSAT,UNSAT,UNSAT,"[0, 1]",0.008444,0.037228,0.001522,False
703936,5,6,"[3,2,2,2,3]","[3,2,3,3,1,3]","[[0,1,3,4,5],[2,3],[0,5],[0,4,5],[1,3,4]]",FEASIBLE,FEASIBLE,FEASIBLE,null,0.203986,0.082225,0.003899,False
703937,2,1,"[1,1]",[2],"[[0],[0]]",FEASIBLE,FEASIBLE,FEASIBLE,null,0.009985,0.020867,0.000689,False
703938,7,6,"[3,1,1,1,1,1,1]","[3,1,1,1,1,2]","[[0,1,2,3],[0,1,2,3,4,5],[0,1,2,3,4,5],[0,3],[2,3],[0,1,2],[3]]",UNSAT,UNSAT,UNSAT,"[0, 4, 6]",0.245623,0.155959,0.007683,False
703939,5,2,"[2,1,1,2,1]","[1,1]","[[0,1],[1],[1],[0,1],[0]]",UNSAT,UNSAT,UNSAT,"[0, 1]",0.016496,0.168619,0.002732,False
703940,5,4,"[3,1,1,1,1]","[3,1,2,3]","[[0,1,2,3],[0,1,2,3],[1,3],[1],[0,2]]",FEASIBLE,FEASIBLE,FEASIBLE,null,0.138461,0.064526,0.003116,False
703941,1,4,[1],"[2,3,3,2]","[[0,1,2,3]]",FEASIBLE,FEASIBLE,FEASIBLE,null,0.007686,0.017779,0.001032,False
703942,7,2,"[1,1,1,1,1,1,1]","[3,3]","[[0,1],[0],[0],[0],[0,1],[1],[0,1]]",UNSAT,UNSAT,UNSAT,"[0, 1, 2, 3, 4, 5, 6]",0.343952,0.064565,0.003615,False
703943,2,6,"[1,2]","[2,2,2,2,1,1]","[[0,1,2,4,5],[1,3]]",FEASIBLE,FEASIBLE,FEASIBLE,null,0.020083,0.029868,0.001666,False
703944,3,2,"[1,2,1]","[2,3]","[[0],[0,1],[0]]",UNSAT,UNSAT,UNSAT,"[0, 1, 2]",0.020338,0.059491,0.001968,False
703945,5,6,"[1,3,3,1,3]","[1,2,3,3,2,1]","[[0,3,5],[1,2,4],[0,1,2,3,5],[1,2,3,5],[0,1,2,3,4,5]]",FEASIBLE,FEASIBLE,FEASIBLE,null,0.194387,0.07212,0.003966,False
703946,5,2,"[1,2,1,1,1]","[2,2]","[[0,1],[0,1],[0],[0,1],[1]]",UNSAT,UNSAT,UNSAT,"[0, 1, 2, 3]",0.066924,0.053052,0.003016,False
703947,1,5,[1],"[1,2,1,3,3]",[[4]],FEASIBLE,FEASIBLE,FEASIBLE,null,0.006938,0.016203,0.000863,False
703948,4,3,"[2,1,1,1]","[2,3,1]","[[0,1],[1,2],[0,1],[2]]",FEASIBLE,FEASIBLE,FEASIBLE,null,0.055681,0.036279,0.001732,False
703949,6,7,"[1,1,1,3,2,1]","[3,1,2,2,1,2,2]","[[0,3,5,6],[2,4,6],[0,2,4],[1,2,4,5,6],[0,1,3,5,6],[0,1,3,4]]",FEASIBLE,FEASIBLE,FEASIBLE,null,0.460599,0.07137,0.004177,False
703950,2,5,"[1,2]","[2,1,1,1,3]","[[0,1,2,3,4],[1,2,3]]",FEASIBLE,FEASIBLE,FEASIBLE,null,0.016977,0.034299,0.001734,False
703951,7,4,"[1,3,1,1,2,1,1]","[2,3,2,3]","[[0,1],[0,1,3],[0],[1,2,3],[0,1,2,3],[0,2],[2]]",FEASIBLE,FEASIBLE,FEASIBLE,null,0.657656,0.309839,0.004962,False
703952,1,6,[1],"[1,3,1,2,3,3]","[[2,4]]",FEASIBLE,FEASIBLE,FEASIBLE,null,0.008346,0.018524,0.000918,False
703953,6,2,"[2,1,1,2,1,2]","[1,2]","[[0,1],[0,1],[0],[0,1],[0,1],[0,1]]",UNSAT,UNSAT,UNSAT,"[0, 2]",0.021984,0.06277,0.00344,False
703954,1,4,[1],"[3,2,2,2]",[[2]],FEASIBLE,FEASIBLE,FEASIBLE,null,0.006322,0.016077,0.000728,False
703955,7,6,"[3,1,3,3,1,1,2]","[2,3,2,1,3,3]","[[0,1,2,3,5],[0],[0,1,2,3,5],[0,1,2,5],[2,3,4,5],[5],[0,1,2,3,4,5]]",UNSAT,UNSAT,UNSAT,"[0, 1, 2, 3, 5, 6]",0.794242,0.111671,0.008329,False
703956,1,5,[1],"[2,2,1,3,2]","[[0,3]]",FEASIBLE,FEASIBLE,FEASIBLE,null,0.006937,0.017473,0.001058,False
703957,2,5,"[1,1]","[3,3,1,1,1]","[[0,1,3,4],[0,3,4]]",FEASIBLE,FEASIBLE,FEASIBLE,null,0.017122,0.025435,0.001548,False
703958,6,6,"[2,2,3,2,2,3]","[1,2,3,1,2,3]","[[1,2,3,4,5],[0,1,4,5],[0,1,2,3,4,5],[0,1,4,5],[1,3,5],[1,2,3,5]]",UNSAT,UNSAT,UNSAT,"[1, 2, 3, 4, 5]",0.411786,0.113193,0.006898,False
703959,7,7,"[1,2,1,1,1,1,2]","[1,1,1,3,3,1,1]","[[0,1,2,3,4,5,6],[2,4,5,6],[3,6],[2,4,6],[0,1,2,4,6],[1,2,3,4,5,6],[0,1,2,3,4,5,6]]",FEASIBLE,FEASIBLE,FEASIBLE,null,1.074193,0.085772,0.005586,False
703960,6,6,"[1,2,1,1,1,1]","[2,2,3,2,1,3]","[[4],[1,2,3,5],[0,2,3,4,5],[0],[0,3],[2,3,4,5]]",FEASIBLE,FEASIBLE,FEASIBLE,null,0.47587,0.181453,0.003372,False
703961,2,3,"[1,1]","[3,1,1]","[[0,1],[0]]",FEASIBLE,FEASIBLE,FEASIBLE,null,0.013173,0.020908,0.001112,False
703962,7,2,"[1,1,2,1,1,2,1]","[1,1]","[[0,1],[1],[0,1],[0,1],[1],[0,1],[0,1]]",UNSAT,UNSAT,UNSAT,"[0, 2]",0.022971,0.065402,0.003634,False
703963,7,2,"[1,1,2,1,2,1,1]","[1,2]","[[0],[0,1],[0,1],[0,1],[0,1],[0],[1]]",UNSAT,UNSAT,UNSAT,"[0, 2]",0.022568,0.063876,0.003491,False
703964,2,5,"[1,2]","[2,1,1,1,1]","[[0,2,3,4],[2,4]]",FEASIBLE,FEASIBLE,FEASIBLE,null,0.017244,0.028668,0.001544,False
703965,4,3,"[2,2,2,2]","[2,1,2]","[[0,1],[0,2],[1,2],[0,1]]",UNSAT,UNSAT,UNSAT,"[0, 2]",0.021393,0.054012,0.003023,False
703966,4,7,"[2,1,2,1]","[3,2,2,2,1,3,2]","[[0,4],[0,1,3,4,5,6],[0,1,2,3,4,6],[0,1,2,3,4,5,6]]",FEASIBLE,FEASIBLE,FEASIBLE,null,0.103844,0.052899,0.003525,False
703967,3,4,"[1,1,1]","[1,2,1,1]","[[1,2,3],[3],[0]]",FEASIBLE,FEASIBLE,FEASIBLE,null,0.031592,0.027107,0.001488,False
703968,1,2,[1],"[1,2]","[[0,1]]",FEASIBLE,FEASIBLE,FEASIBLE,null,0.004567,0.013591,0.000722,False
703969,4,2,"[1,1,1,2]","[2,1]","[[0,1],[0],[0,1],[0,1]]",UNSAT,UNSAT,UNSAT,"[0, 1, 3]",0.031728,0.046277,0.002502,False
703970,7,1,"[1,1,1,1,1,1,1]",[3],"[[0],[0],[0],[0],[0],[0],[0]]",UNSAT,UNSAT,UNSAT,"[0, 1, 2, 3]",0.106323,0.055125,0.00261,False
703971,7,2,"[1,2,1,1,2,2,2]","[3,1]","[[0],[0,1],[0,1],[1],[0,1],[0,1],[0,1]]",UNSAT,UNSAT,UNSAT,"[1, 3]",0.037256,0.067081,0.003491,False
703972,7,6,"[3,1,2,2,1,3,3]","[2,1,3,2,2,2]","[[0,1,2,3,4,5],[1,2,4],[1,5],[0,4],[0],[0,1,2],[0,1,3,5]]",UNSAT,UNSAT,UNSAT,"[2, 5]",0.182119,0.342439,0.006811,False
703973,6,7,"[1,2,2,2,2,3]","[1,2,1,3,2,1,1]","[[0,3,4,5,6],[3,4,6],[0,1,2,3,4,5,6],[0,1,3,6],[1,2,4,6],[0,1,2,4,5,6]]",UNSAT,UNSAT,UNSAT,"[0, 1, 2, 3, 4, 5]",0.632785,0.193515,0.009129,False
703974,5,4,"[1,1,1,3,1]","[3,1,2,1]","[[1],[0],[0,3],[0,1,2,3],[2,3]]",FEASIBLE,FEASIBLE,FEASIBLE,null,0.15385,0.048845,0.002487,False
703975,3,1,"[1,1,1]",[1],"[[0],[0],[0]]",UNSAT,UNSAT,UNSAT,"[0, 1]",0.009425,0.033416,0.001592,False
703976,4,6,"[1,1,1,1]","[3,2,3,2,3,3]","[[1],[0,2,3],[1],[1]]",UNSAT,UNSAT,UNSAT,"[0, 2, 3]",0.075599,0.046064,0.002563,False
703977,4,4,"[1,3,3,2]","[3,3,3,1]","[[0,1,2,3],[0,2,3],[0,1,2],[2,3]]",UNSAT,UNSAT,UNSAT,"[1, 3]",0.038228,0.09351,0.003305,False
703978,6,6,"[2,1,2,1,2,2]","[2,1,1,2,2,2]","[[0,1,3,4,5],[4,5],[0,1,2,3,5],[4],[0,1,4],[0,1,4,5]]",FEASIBLE,FEASIBLE,FEASIBLE,null,0.421074,0.095618,0.004827,False
703979,6,7,"[3,1,1,1,1,3]","[1,2,2,3,3,1,1]","[[0,1,2,3,4,5,6],[0,1,2,3,4,5,6],[0,1,2,3,4,5,6],[3],[0,1,3,5,6],[3,4,5,6]]",FEASIBLE,FEASIBLE,FEASIBLE,null,0.474845,0.094957,0.005242,False
703980,5,6,"[1,3,1,2,2]","[3,1,1,3,2,1]","[[4],[0,1,2,3,4,5],[4],[3,5],[0,1,2,3]]",FEASIBLE,FEASIBLE,FEASIBLE,null,0.209351,0.113565,0.003184,False
703981,7,4,"[1,3,3,1,2,1,1]","[3,1,1,1]","[[0],[0,1,2,3],[0,1,2,3],[0],[0,1,2],[0],[2]]",UNSAT,UNSAT,UNSAT,"[1, 2]",0.058366,0.217229,0.006046,False
703982,3,7,"[3,1,3]","[3,1,2,3,1,2,2]","[[3,5,6],[2],[0,1,3,4,6]]",FEASIBLE,FEASIBLE,FEASIBLE,null,0.050432,0.047836,0.002899,False
703983,3,3,"[1,1,2]","[2,2,1]","[[0],[1],[0,2]]",FEASIBLE,FEASIBLE,FEASIBLE,null,0.026651,0.029953,0.00178,False
703984,4,6,"[1,3,1,1]","[1,1,1,3,1,3]","[[2,4],[0,1,2,3,4,5],[1,2,4,5],[0,1,2,3,4,5]]",FEASIBLE,FEASIBLE,FEASIBLE,null,0.095246,0.057365,0.003619,False
703985,4,6,"[1,2,3,1]","[1,1,3,2,2,2]","[[2],[1,4],[2,4,5],[1,3,4]]",FEASIBLE,FEASIBLE,FEASIBLE,null,0.110918,0.047748,0.002351,False
703986,4,5,"[1,1,3,1]","[2,1,2,3,2]","[[0,1,3,4],[0],[0,1,2,3,4],[1,2,3]]",FEASIBLE,FEASIBLE,FEASIBLE,null,0.084299,0.048302,0.002652,False
703987,2,7,"[1,3]","[1,3,1,2,2,2,1]","[[3,6],[0,3,6]]",FEASIBLE,FEASIBLE,FEASIBLE,null,0.022387,0.031525,0.001599,False
703988,6,1,"[1,1,1,1,1,1]",[3],"[[0],[0],[0],[0],[0],[0]]",UNSAT,UNSAT,UNSAT,"[0, 1, 2, 3]",0.074697,0.054105,0.00246,False
703989,4,2,"[1,1,1,1]","[3,2]","[[0,1],[1],[0],[0]]",FEASIBLE,FEASIBLE,FEASIBLE,null,0.042966,0.031295,0.001428,False
703990,2,7,"[1,3]","[1,2,1,1,1,1,1]","[[2,3,4,5],[0,1,5]]",FEASIBLE,FEASIBLE,FEASIBLE,null,0.023148,0.034169,0.001865,False
703991,7,6,"[1,1,1,3,1,1,2]","[3,3,1,3,3,3]","[[0,1,2,3,4,5],[3,4,5],[5],[0,1,2,3,4,5],[2,3,4],[4],[0,5]]",FEASIBLE,FEASIBLE,FEASIBLE,null,0.889207,0.077509,0.004532,False
703992,4,1,"[1,1,1,1]",[3],"[[0],[0],[0],[0]]",UNSAT,UNSAT,UNSAT,"[0, 1, 2, 3]",0.029943,0.159161,0.002084,False
703993,3,1,"[1,1,1]",[3],"[[0],[0],[0]]",FEASIBLE,FEASIBLE,FEASIBLE,null,0.015039,0.024193,0.001045,False
703994,7,7,"[2,2,2,1,1,3,2]","[2,2,2,2,3,1,2]","[[3,6],[1,6],[0,2,3],[3],[1],[2,5,6],[0,1,2,3,5,6]]",UNSAT,UNSAT,UNSAT,"[0, 1, 5]",0.224673,0.105053,0.006158,False
703995,3,1,"[1,1,1]",[3],"[[0],[0],[0]]",FEASIBLE,FEASIBLE,FEASIBLE,null,0.015131,0.024055,0.000971,False
703996,3,5,"[3,2,1]","[2,2,3,2,2]","[[1,2,4],[0,2,3,4],[1,2,4]]",FEASIBLE,FEASIBLE,FEASIBLE,null,0.039048,0.041468,0.002167,False
703997,4,6,"[1,3,2,2]","[1,2,3,2,3,1]","[[0,1,3,4],[0,1,5],[1,2,3,4,5],[1,2,3,4,5]]",FEASIBLE,FEASIBLE,FEASIBLE,null,0.095575,0.078414,0.004135,False
703998,5,4,"[3,2,2,3,2]","[2,2,1,2]","[[0,1,2,3],[0,1,2],[1,2,3],[0,1,3],[1,3]]",UNSAT,UNSAT,UNSAT,"[0, 1, 3]",0.07453,0.07879,0.004708,False
703999,5,1,"[1,1,1,1,1]",[3],"[[0],[0],[0],[0],[0]]",UNSAT,UNSAT,UNSAT,"[0, 1, 2, 3]",0.050247,0.046342,0.002074,False
704000,3,3,"[1,1,1]","[3,1,3]","[[0],[0,2],[1]]",FEASIBLE,FEASIBLE,FEASIBLE,null,0.026538,0.02742,0.001411,False
704001,3,1,"[1,1,1]",[3],"[[0],[0],[0]]",FEASIBLE,FEASIBLE,FEASIBLE,null,0.016037,0.025536,0.000871,False
704002,7,7,"[2,3,2,1,1,2,3]","[3,2,2,1,1,2,1]","[[0,1],[0,1,2,3,4,5,6],[1,2,3,5],[5],[6],[1,2,3,4],[0,1,3,4,5,6]]",UNSAT,UNSAT,UNSAT,"[0, 1, 2, 3, 5, 6]",0.942321,0.116976,0.007012,False
704003,1,3,[2],"[2,3,3]","[[0,1]]",FEASIBLE,FEASIBLE,FEASIBLE,null,0.005821,0.02278,0.000861,False
704004,4,6,"[1,2,3,1]","[1,1,3,3,2,2]","[[0,2],[0,1,2,3,4,5],[0,1,2,3,5],[1,2,3,5]]",FEASIBLE,FEASIBLE,FEASIBLE,null,0.09475,0.168803,0.003154,False
704005,1,3,[1],"[1,2,1]",[[2]],FEASIBLE,FEASIBLE,FEASIBLE,null,0.005686,0.015124,0.00071,False
704006,7,6,"[1,2,2,2,3,3,2]","[1,2,2,3,1,3]","[[0,3],[0,1,3,4,5],[0,2,3],[3,5],[0,2,5],[0,1,2,3,5],[0,1,2,3,5]]",UNSAT,UNSAT,UNSAT,"[0, 2, 3, 4, 5]",0.748227,0.163307,0.012479,False
704007,6,4,"[1,3,1,3,1,1]","[3,1,2,3]","[[0,1,2,3],[0,1,2,3],[0,1,2,3],[0,1,2],[0,1,2,3],[0,2,3]]",UNSAT,UNSAT,UNSAT,"[0, 1, 2, 3, 4, 5]",0.286997,0.121734,0.008554,False
704008,4,3,"[1,1,1,1]","[3,1,1]","[[1,2],[2],[0,1,2],[0,1,2]]",FEASIBLE,FEASIBLE,FEASIBLE,null,0.055397,0.036597,0.002334,False
704009,2,7,"[1,3]","[1,2,2,1,1,1,3]","[[0,1,3,4,5,6],[0,1,2,3,5]]",FEASIBLE,FEASIBLE,FEASIBLE,null,0.022812,0.038473,0.002577,False
704010,5,6,"[1,1,1,1,2]","[1,2,3,3,1,2]","[[0],[0,1,2,3,5],[4,5],[0],[0,1,2,3,4,5]]",UNSAT,UNSAT,UNSAT,"[0, 3]",0.04574,0.059712,0.004354,False
704011,7,6,"[2,3,1,1,2,3,1]","[3,1,1,3,3,1]","[[0,1,4],[0,1,2,3,4,5],[0],[0,1,2,3,4,5],[1,2,4,5],[0,1,2,3,4,5],[4]]",UNSAT,UNSAT,UNSAT,"[0, 1, 2, 4, 5, 6]",0.813362,0.114839,0.008333,False
704012,7,4,"[1,1,1,3,2,2,1]","[3,3,2,3]","[[0,1],[0],[3],[0,1,2,3],[0,1],[0,1,2,3],[0,1,2,3]]",FEASIBLE,FEASIBLE,FEASIBLE,null,0.635521,0.100063,0.005031,False
704013,6,6,"[3,1,3,2,1,1]","[2,2,3,2,1,2]","[[0,3,5],[1,2,4,5],[1,3,4,5],[1,4],[2],[0]]",FEASIBLE,FEASIBLE,FEASIBLE,null,0.55819,0.101342,0.004538,False
704014,4,3,"[2,1,2,2]","[3,2,3]","[[1,2],[0],[0,1,2],[0,1,2]]",FEASIBLE,FEASIBLE,FEASIBLE,null,0.057558,0.043629,0.002124,False
704015,5,5,"[3,1,1,1,2]","[3,3,2,3,1]","[[0,1,2,3,4],[1],[3],[0,2],[0,2,3]]",FEASIBLE,FEASIBLE,FEASIBLE,null,0.162906,0.050145,0.002607,False
704016,6,4,"[1,2,3,3,1,1]","[1,3,3,3]","[[0],[2,3],[0,1,2],[0,1,2],[0,3],[0,1,2,3]]",UNSAT,UNSAT,UNSAT,"[0, 2]",0.033061,0.073385,0.00564,False
704017,2,4,"[1,1]","[1,2,3,1]","[[0,1,2,3],[0]]",FEASIBLE,FEASIBLE,FEASIBLE,null,0.0146,0.032878,0.002395,False
704018,7,7,"[1,1,1,1,1,2,1]","[2,2,1,2,2,2,1]","[[0,4,5],[2,3,5],[3,5],[1,2,3],[1],[0,3,4,5,6],[0]]",FEASIBLE,FEASIBLE,FEASIBLE,null,0.966947,0.09111,0.005788,False
704019,7,4,"[3,1,1,3,1,1,2]","[1,2,1,3]","[[0,1,3],[0],[1,3],[0,2,3],[0,1,2],[1,2,3],[0,2]]",UNSAT,UNSAT,UNSAT,"[0, 1]",0.043859,0.136749,0.006097,False
704020,1,5,[1],"[1,2,1,3,2]",[[4]],FEASIBLE,FEASIBLE,FEASIBLE,null,0.010412,0.023301,0.00136,False
704021,6,3,"[1,1,3,1,2,3]","[3,1,3]","[[2],[2],[0,1,2],[0,2],[0,1,2],[0,1,2]]",UNSAT,UNSAT,UNSAT,"[2, 5]",0.089042,0.094527,0.004384,False
704022,5,7,"[3,3,1,2,3]","[1,2,3,2,1,3,2]","[[0,1,2,4,5,6],[4,5,6],[0,1,2,3,4,5,6],[1,6],[0,1,2,3,4,5]]",FEASIBLE,FEASIBLE,FEASIBLE,null,0.304172,0.277114,0.005596,False
704023,3,7,"[3,1,2]","[3,1,2,3,3,2,1]","[[0,2,3,6],[0],[3,5]]",FEASIBLE,FEASIBLE,FEASIBLE,null,0.066596,0.048573,0.002157,False
704024,4,6,"[1,2,1,2]","[2,1,3,2,2,1]","[[4],[1,5],[0,2,3,4,5],[0,4]]",FEASIBLE,FEASIBLE,FEASIBLE,null,0.107024,0.042996,0.002468,False
704025,3,4,"[1,1,2]","[1,3,3,2]","[[1,2,3],[1,3],[0,1,2,3]]",FEASIBLE,FEASIBLE,FEASIBLE,null,0.031475,0.032323,0.002032,False
704026,3,6,"[2,1,3]","[1,2,2,2,1,1]","[[0,1,2,3],[2],[0,1,3,4,5]]",FEASIBLE,FEASIBLE,FEASIBLE,null,0.043533,0.043713,0.002355,False
704027,6,5,"[1,1,2,1,1,1]","[1,3,2,1,2]","[[0,2,3,4],[3,4],[1,2,3,4],[1,2],[1],[0,1,2,3,4]]",FEASIBLE,FEASIBLE,FEASIBLE,null,0.364664,0.056904,0.003733,False
704028,7,7,"[3,3,2,3,2,3,2]","[2,3,3,3,1,1,3]","[[0,3,4,6],[0,3,5],[2,4],[0,1,2,3,5,6],[0,2,4,5,6],[1,2,3,5],[0,1,2,3,4,5,6]]",UNSAT,UNSAT,UNSAT,"[0, 1, 2, 3, 4, 5]",0.902691,0.176675,0.010684,False
704029,5,1,"[1,1,1,1,1]",[1],"[[0],[0],[0],[0],[0]]",UNSAT,UNSAT,UNSAT,"[0, 1]",0.012339,0.042462,0.003234,False
704030,1,7,[1],"[2,1,1,3,1,1,2]",[[3]],FEASIBLE,FEASIBLE,FEASIBLE,null,0.008387,0.017728,0.001516,False
704031,4,6,"[1,2,1,3]","[3,3,2,3,3,3]","[[3],[0,2,3,4],[1],[0,3,5]]",FEASIBLE,FEASIBLE,FEASIBLE,null,0.08902,0.049708,0.002429,False
704032,1,6,[1],"[2,3,1,2,1,2]","[[0,1,2,3,4,5]]",FEASIBLE,FEASIBLE,FEASIBLE,null,0.007667,0.028487,0.001436,False
704033,6,7,"[1,1,1,3,1,2]","[3,2,3,2,2,3,1]","[[0,2],[2,4,6],[0,2,3,4,5],[1,2,3,4,5],[1,2,5,6],[0,2,3,4,5]]",FEASIBLE,FEASIBLE,FEASIBLE,null,0.477045,0.179495,0.004314,False
704034,1,2,[1],"[1,3]",[[0]],FEASIBLE,FEASIBLE,FEASIBLE,null,0.004915,0.013976,0.000829,False
704035,5,3,"[2,1,1,2,1]","[2,1,1]","[[0,1],[2],[2],[0,1,2],[0,1,2]]",UNSAT,UNSAT,UNSAT,"[1, 2]",0.033975,0.060873,0.003733,False
704036,4,5,"[1,1,2,3]","[2,3,2,2,3]","[[1,2,3,4],[0,4],[0,1,2,3,4],[0,1,2,3,4]]",FEASIBLE,FEASIBLE,FEASIBLE,null,0.078304,0.049828,0.003707,False
704037,6,2,"[1,2,1,1,1,1]","[2,1]","[[1],[0,1],[0,1],[0],[1],[0,1]]",UNSAT,UNSAT,UNSAT,"[0, 1]",0.018986,0.057024,0.004679,False
704038,1,4,[1],"[1,3,1,2]","[[0,1,2,3]]",FEASIBLE,FEASIBLE,FEASIBLE,null,0.006073,0.018456,0.001282,False
704039,3,3,"[2,2,2]","[1,2,1]","[[0,1],[0,2],[1,2]]",UNSAT,UNSAT,UNSAT,"[0, 1]",0.015045,0.045773,0.002825,False
704040,6,7,"[1,2,1,3,2,1]","[2,3,1,3,2,1,3]","[[1,4,5,6],[0,3,5,6],[0,2,6],[0,1,4,6],[1,2,3,4,5,6],[4]]",FEASIBLE,FEASIBLE,FEASIBLE,null,0.469714,0.06881,0.004112,False
704041,3,4,"[2,1,1]","[1,2,2,3]","[[0,1,2,3],[2],[0]]",FEASIBLE,FEASIBLE,FEASIBLE,null,0.031169,0.041699,0.002316,False
704042,2,5,"[1,3]","[1,2,1,3,1]","[[1,3,4],[0,2,3]]",FEASIBLE,FEASIBLE,FEASIBLE,null,0.016851,0.029858,0.001715,False
704043,5,5,"[1,1,3,2,1]","[3,1,2,1,2]","[[1,4],[0,1,2,3,4],[0,1,3],[0,1,2,3,4],[0,1,3,4]]",FEASIBLE,FEASIBLE,FEASIBLE,null,0.163566,0.086293,0.004882,False
704044,4,1,"[1,1,1,1]",[1],"[[0],[0],[0],[0]]",UNSAT,UNSAT,UNSAT,"[0, 1]",0.010836,0.142564,0.002275,False
704045,4,7,"[2,1,1,1]","[3,3,1,2,3,2,3]","[[0,3],[2,4],[5],[5]]",FEASIBLE,FEASIBLE,FEASIBLE,null,0.103752,0.037957,0.001984,False
704046,6,1,"[1,1,1,1,1,1]",[1],"[[0],[0],[0],[0],[0],[0]]",UNSAT,UNSAT,UNSAT,"[0, 1]",0.013318,0.046395,0.002542,False
704047,3,3,"[1,2,2]","[3,3,3]","[[0,1,2],[0,1],[1,2]]",FEASIBLE,FEASIBLE,FEASIBLE,null,0.025775,0.033817,0.001729,False
704048,2,5,"[3,2]","[2,3,3,1,1]","[[0,1,3],[1,2,3,4]]",FEASIBLE,FEASIBLE,FEASIBLE,null,0.016983,0.033171,0.001819,False
704049,3,5,"[1,2,2]","[3,1,2,1,1]","[[4],[0,1,2,3],[0,1]]",FEASIBLE,FEASIBLE,FEASIBLE,null,0.036879,0.045292,0.002445,False
704050,5,3,"[2,1,2,2,1]","[2,1,1]","[[0,2],[0,1,2],[0,1,2],[1,2],[2]]",UNSAT,UNSAT,UNSAT,"[0, 3]",0.027298,0.061925,0.003653,False
704051,7,4,"[1,3,1,1,1,1,2]","[1,3,3,3]","[[1,2],[0,1,2,3],[1,2,3],[3],[3],[2],[0,1,2,3]]",FEASIBLE,FEASIBLE,FEASIBLE,null,0.627097,0.075182,0.003417,False
704052,6,4,"[3,1,1,1,2,1]","[3,1,3,2]","[[0,1,3],[1,2],[1],[0,1,2],[0,2,3],[0,1,2,3]]",UNSAT,UNSAT,UNSAT,"[0, 2]",0.03378,0.071558,0.005077,False
704053,4,5,"[3,3,2,2]","[3,3,2,3,1]","[[0,1,2,4],[1,3,4],[1,2,3,4],[0,2,3,4]]",FEASIBLE,FEASIBLE,FEASIBLE,null,0.077077,0.056498,0.003827,False
704054,4,6,"[2,2,3,1]","[2,3,2,2,1,2]","[[3,4,5],[0,1,2,4],[0,1,2,3,4,5],[4,5]]",FEASIBLE,FEASIBLE,FEASIBLE,null,0.101556,0.055984,0.00308,False
704055,4,5,"[2,1,1,1]","[2,2,3,2,3]","[[0,2,3,4],[3],[0,3,4],[0]]",FEASIBLE,FEASIBLE,FEASIBLE,null,0.075354,0.150336,0.003111,False
704056,4,2,"[1,1,1,1]","[2,2]","[[0],[1],[1],[0]]",FEASIBLE,FEASIBLE,FEASIBLE,null,0.040967,0.030499,0.00193,False
704057,4,6,"[3,2,1,1]","[3,2,2,2,2,3]","[[0,1,3,4,5],[0,1,3,5],[1],[2]]",FEASIBLE,FEASIBLE,FEASIBLE,null,0.08859,0.056621,0.00308,False
704058,5,4,"[2,2,1,1,1]","[2,1,3,3]","[[2,3],[1,2],[1],[1],[3]]",UNSAT,UNSAT,UNSAT,"[1, 2]",0.040072,0.051908,0.003022,False
704059,1,7,[1],"[1,1,2,1,3,1,1]",[[1]],FEASIBLE,FEASIBLE,FEASIBLE,null,0.008373,0.017455,0.000999,False
704060,4,6,"[3,1,2,3]","[1,2,1,2,1,2]","[[0,1,2,3,4,5],[0,1,3,4],[0,1,2,3,4,5],[0,3,4,5]]",FEASIBLE,FEASIBLE,FEASIBLE,null,0.089072,0.079527,0.004686,False
704061,4,1,"[1,1,1,1]",[1],"[[0],[0],[0],[0]]",UNSAT,UNSAT,UNSAT,"[0, 1]",0.009897,0.036842,0.001944,False
704062,2,3,"[1,2]","[3,2,2]","[[0,1,2],[0,1]]",FEASIBLE,FEASIBLE,FEASIBLE,null,0.012077,0.025152,0.001348,False
704063,5,7,"[1,2,3,1,1]","[3,1,1,2,2,1,2]","[[1],[1,4,5],[0,1,3,4,5],[1],[1,6]]",UNSAT,UNSAT,UNSAT,"[0, 3]",0.049834,0.063627,0.003682,False
704064,4,2,"[2,1,2,1]","[3,2]","[[0,1],[0],[0,1],[0]]",UNSAT,UNSAT,UNSAT,"[0, 1, 2, 3]",0.038592,0.062926,0.002525,False
704065,5,6,"[2,1,1,1,1]","[1,2,1,3,3,1]","[[0,1,2,3,4,5],[0,4,5],[0,2,5],[3,4],[1,2,3]]",FEASIBLE,FEASIBLE,FEASIBLE,null,0.186959,0.051496,0.00313,False
704066,7,4,"[3,1,2,1,3,1,1]","[1,2,1,2]","[[0,1,2,3],[0,2],[0,1,2,3],[0],[0,1,2,3],[0,2],[1]]",UNSAT,UNSAT,UNSAT,"[0, 1, 3]",0.118145,0.088633,0.006763,False
704067,5,7,"[3,2,3,2,3]","[1,1,1,2,1,3,3]","[[0,1,3],[0,1,2,3,4,5,6],[0,1,2,3,4,5,6],[5,6],[1,3,4,6]]",UNSAT,UNSAT,UNSAT,"[0, 1, 2, 3, 4]",0.22179,0.129592,0.007945,False
704068,1,2,[2],"[1,1]","[[0,1]]",FEASIBLE,FEASIBLE,FEASIBLE,null,0.004767,0.018285,0.000925,False
704069,6,3,"[1,3,2,3,1,3]","[3,1,3]","[[1,2],[0,1,2],[1,2],[0,1,2],[1],[0,1,2]]",UNSAT,UNSAT,UNSAT,"[1, 2]",0.040268,0.074874,0.004709,False
704070,6,5,"[1,2,1,1,1,1]","[3,2,2,1,3]","[[4],[2,4],[0,2,3,4],[0,2,4],[2,3],[3]]",FEASIBLE,FEASIBLE,FEASIBLE,null,0.334455,0.049584,0.002681,False
704071,3,5,"[3,3,3]","[3,3,3,3,2]","[[0,2,3,4],[0,1,4],[0,1,2,3,4]]",FEASIBLE,FEASIBLE,FEASIBLE,null,0.084164,0.051961,0.002507,False
704072,2,4,"[1,3]","[2,2,1,3]","[[0,1,2,3],[0,1,3]]",FEASIBLE,FEASIBLE,FEASIBLE,null,0.01618,0.03178,0.00157,False
704073,7,1,"[1,1,1,1,1,1,1]",[2],"[[0],[0],[0],[0],[0],[0],[0]]",UNSAT,UNSAT,UNSAT,"[0, 1, 2]",0.04646,0.054373,0.002856,False
704074,7,2,"[1,2,2,1,1,1,2]","[2,1]","[[0,1],[0,1],[0,1],[1],[1],[0,1],[0,1]]",UNSAT,UNSAT,UNSAT,"[1, 2]",0.033912,0.063255,0.003839,False
704075,7,6,"[2,2,2,1,3,3,1]","[1,1,3,2,2,3]","[[0,1,2,3,4,5],[0,1,2,3,4,5],[0,1,2,3,4,5],[5],[0,2,3,4,5],[0,1,2,3,4,5],[0,2,3]]",UNSAT,UNSAT,UNSAT,"[0, 1, 2, 3, 4, 5]",0.750866,0.128514,0.008564,False
704076,6,6,"[1,3,1,1,3,1]","[2,1,1,2,1,3]","[[5],[1,2,3,5],[0,1,2,3,5],[1,4],[1,2,3],[1]]",UNSAT,UNSAT,UNSAT,"[1, 4]",0.076969,0.268477,0.005744,False
704077,7,3,"[2,1,1,3,2,2,1]","[1,2,1]","[[0,2],[2],[1],[0,1,2],[0,1,2],[0,1],[1]]",UNSAT,UNSAT,UNSAT,"[0, 1]",0.026934,0.070069,0.004235,False
704078,6,5,"[3,2,1,1,2,1]","[1,2,1,1,3]","[[0,1,2,3,4],[0,1,2,3,4],[0,3,4],[0,1,2,4],[0,2],[0]]",UNSAT,UNSAT,UNSAT,"[4, 5]",0.114289,0.120542,0.006968,False
704079,4,7,"[1,1,2,1]","[2,3,3,2,2,3,2]","[[0,1,2,3,4],[0,1,2,3,4,5,6],[0,1,2,3,4,5,6],[0]]",FEASIBLE,FEASIBLE,FEASIBLE,null,0.102513,0.066643,0.004011,False
704080,7,6,"[2,1,3,3,3,2,2]","[1,1,2,2,2,1]","[[0,1,2,3,4,5],[3,5],[1,3,5],[1,2,3,4],[0,1,2,3,4,5],[2,4],[0,1,3,4,5]]",UNSAT,UNSAT,UNSAT,"[1, 2, 3]",0.253378,0.111211,0.007208,False
704081,5,4,"[2,3,1,2,3]","[1,2,1,2]","[[0,1,2],[0,1,2],[3],[0,2,3],[1,2,3]]",UNSAT,UNSAT,UNSAT,"[0, 1]",0.029845,0.080981,0.004184,False
704082,5,6,"[3,3,3,1,2]","[1,3,2,3,1,2]","[[0,1,3,5],[1,2,3,4],[0,1,2],[0,3],[0,1,2,3,4,5]]",FEASIBLE,FEASIBLE,FEASIBLE,null,0.24212,0.135907,0.004908,False
704083,4,2,"[1,1,2,1]","[1,1]","[[1],[1],[0,1],[0,1]]",UNSAT,UNSAT,UNSAT,"[0, 1]",0.018583,0.055608,0.002678,False
704084,5,5,"[3,2,1,1,1]","[3,1,2,3,3]","[[0,1,2,3,4],[2,3],[0,3],[0,1,2,3,4],[1,2,3,4]]",FEASIBLE,FEASIBLE,FEASIBLE,null,0.198481,0.220343,0.003283,False
704085,4,1,"[1,1,1,1]",[1],"[[0],[0],[0],[0]]",UNSAT,UNSAT,UNSAT,"[0, 1]",0.01459,0.049912,0.001919,False
704086,7,5,"[1,3,3,3,3,2,2]","[2,2,3,3,2]","[[0,1,2,3,4],[1,2,3,4],[0,2,4],[0,1,2,3,4],[0,2,3],[1,3,4],[1,2]]",UNSAT,UNSAT,UNSAT,"[0, 1, 2, 3, 4]",0.52555,0.112746,0.006381,False
704087,5,3,"[2,2,1,2,2]","[2,2,2]","[[0,1],[1,2],[2],[0,1,2],[0,1,2]]",UNSAT,UNSAT,UNSAT,"[0, 1, 2, 3]",0.087394,0.065211,0.003573,False
704088,2,1,"[1,1]",[3],"[[0],[0]]",FEASIBLE,FEASIBLE,FEASIBLE,null,0.007903,0.020432,0.00086,False
704089,2,3,"[3,1]","[3,1,3]","[[0,1,2],[0]]",FEASIBLE,FEASIBLE,FEASIBLE,null,0.012226,0.025888,0.001439,False
704090,6,5,"[1,1,1,1,1,2]","[3,2,2,3,2]","[[2],[0,1,3,4],[0,1,2,4],[2],[0,1,3,4],[1,2,3,4]]",FEASIBLE,FEASIBLE,FEASIBLE,null,0.3737,0.054259,0.003391,False
704091,6,2,"[1,1,2,1,2,1]","[1,2]","[[0],[0],[0,1],[1],[0,1],[0,1]]",UNSAT,UNSAT,UNSAT,"[0, 1]",0.01781,0.055388,0.003378,False
704092,5,3,"[1,2,1,2,3]","[1,1,1]","[[1],[0,1],[2],[1,2],[0,1,2]]",UNSAT,UNSAT,UNSAT,"[0, 1]",0.0198,0.070314,0.003175,False
704093,1,3,[1],"[3,3,3]","[[0,1,2]]",FEASIBLE,FEASIBLE,FEASIBLE,null,0.005594,0.017235,0.001009,False
704094,7,5,"[1,1,2,2,2,2,1]","[3,3,2,3,3]","[[0,3,4],[3,4],[3,4],[0,1,2,3,4],[0,3,4],[0,1,2,3,4],[2,3,4]]",FEASIBLE,FEASIBLE,FEASIBLE,null,0.663792,0.06729,0.00396,False
704095,1,5,[2],"[2,1,2,1,1]","[[0,3]]",FEASIBLE,FEASIBLE,FEASIBLE,null,0.006608,0.018341,0.001041,False
704096,2,5,"[2,1]","[1,1,2,1,3]","[[0,2,4],[1]]",FEASIBLE,FEASIBLE,FEASIBLE,null,0.016012,0.136605,0.001353,False
704097,1,5,[3],"[2,3,2,2,1]","[[0,1,3,4]]",FEASIBLE,FEASIBLE,FEASIBLE,null,0.006498,0.021867,0.00129,False
704098,5,3,"[1,1,1,1,1]","[3,1,3]","[[1],[0],[0,1],[1],[0,1,2]]",UNSAT,UNSAT,UNSAT,"[0, 3]",0.025584,0.044775,0.002749,False
704099,6,6,"[1,2,1,2,3,3]","[1,2,1,1,3,3]","[[0,1,2,4,5],[0,1,3,4,5],[0,1,2,4],[1,4,5],[0,1,3,4,5],[0,1,2,3,4,5]]",UNSAT,UNSAT,UNSAT,"[0, 1, 2, 3, 4, 5]",0.375125,0.102404,0.007029,False
704100,7,1,"[1,1,1,1,1,1,1]",[3],"[[0],[0],[0],[0],[0],[0],[0]]",UNSAT,UNSAT,UNSAT,"[0, 1, 2, 3]",0.099785,0.066434,0.002813,False
704101,7,7,"[1,1,2,1,1,1,3]","[3,2,2,3,1,1,2]","[[0,4],[0,1,2,3,4,5],[0,6],[5],[1,2,3,4,6],[0,1,2,5,6],[0,1,2,3,4,5,6]]",FEASIBLE,FEASIBLE,FEASIBLE,null,0.903832,0.074203,0.00554,False
704102,1,2,[1],"[1,2]",[[0]],FEASIBLE,FEASIBLE,FEASIBLE,null,0.004317,0.013048,0.000903,False
704103,6,7,"[1,1,1,3,1,1]","[3,2,1,3,2,3,3]","[[3,4,5,6],[0,1,2,3,4,5,6],[4],[0,1,2,5,6],[0,1,2,3,5,6],[4]]",FEASIBLE,FEASIBLE,FEASIBLE,null,0.431629,0.060048,0.004064,False
704104,7,1,"[1,1,1,1,1,1,1]",[3],"[[0],[0],[0],[0],[0],[0],[0]]",UNSAT,UNSAT,UNSAT,"[0, 1, 2, 3]",0.101613,0.051786,0.002694,False
704105,7,3,"[2,1,3,1,1,1,2]","[1,3,3]","[[0,1,2],[1,2],[0,1,2],[1],[0,1,2],[2],[0,2]]",UNSAT,UNSAT,UNSAT,"[2, 6]",0.080971,0.076846,0.004898,False
704106,4,2,"[1,1,1,1]","[2,3]","[[0,1],[0],[1],[0]]",FEASIBLE,FEASIBLE,FEASIBLE,null,0.058216,0.143807,0.002035,False
704107,7,7,"[1,1,3,1,3,2,2]","[2,3,1,3,3,2,3]","[[0,2,3,5],[1,4,6],[0,1,2,3,4,5,6],[1,3],[0,1,2,3,4,5,6],[0,2,3,4,5,6],[0,3,5]]",FEASIBLE,FEASIBLE,FEASIBLE,null,0.925656,0.08503,0.005592,False
704108,4,3,"[3,1,1,2]","[1,2,2]","[[0,1,2],[1,2],[0,1],[0,1,2]]",UNSAT,UNSAT,UNSAT,"[0, 1, 3]",0.044317,0.054407,0.003199,False
704109,6,7,"[2,1,2,1,3,1]","[3,1,1,1,3,2,2]","[[0,1,3,5,6],[0,3,4,6],[3,4],[0,2,3,4,5,6],[0,2,3,4,5,6],[6]]",FEASIBLE,FEASIBLE,FEASIBLE,null,0.44687,0.069885,0.004169,False
704110,6,4,"[2,3,1,1,1,1]","[1,3,1,1]","[[1,2],[0,1,2,3],[0],[0],[0,1,2,3],[0,1,2,3]]",UNSAT,UNSAT,UNSAT,"[2, 3]",0.060346,0.074621,0.004674,False
704111,6,4,"[2,1,1,1,1,1]","[2,2,3,1]","[[0,1,2,3],[1,2,3],[0,2],[0,1,2,3],[2,3],[0,1,2,3]]",FEASIBLE,FEASIBLE,FEASIBLE,null,0.270697,0.057532,0.003481,False
704112,5,2,"[1,1,1,1,1]","[3,3]","[[1],[0],[1],[0],[1]]",FEASIBLE,FEASIBLE,FEASIBLE,null,0.077702,0.031601,0.001534,False
704113,5,3,"[1,1,1,1,1]","[1,1,1]","[[0,1],[0],[2],[1,2],[0]]",UNSAT,UNSAT,UNSAT,"[1, 4]",0.03756,0.047045,0.003054,False
704114,5,3,"[1,1,1,1,3]","[2,2,3]","[[0],[2],[0,1,2],[1,2],[0,1,2]]",FEASIBLE,FEASIBLE,FEASIBLE,null,0.109382,0.059341,0.002808,False
704115,4,2,"[1,1,1,1]","[3,2]","[[0,1],[1],[0],[1]]",FEASIBLE,FEASIBLE,FEASIBLE,null,0.038566,0.028024,0.001433,False
704116,7,2,"[1,1,2,2,1,1,2]","[2,3]","[[1],[0],[0,1],[0,1],[0,1],[0,1],[0,1]]",UNSAT,UNSAT,UNSAT,"[1, 2, 3]",0.101605,0.168693,0.00378,False
704117,6,6,"[2,2,1,3,3,3]","[3,1,3,1,1,1]","[[0,2],[2,3],[0],[0,1,2,3],[1,2,3],[0,3,4]]",UNSAT,UNSAT,UNSAT,"[1, 4]",0.090904,0.081079,0.005124,False
704118,2,1,"[1,1]",[1],"[[0],[0]]",UNSAT,UNSAT,UNSAT,"[0, 1]",0.007522,0.026684,0.001427,False
704119,1,1,[1],[3],[[0]],FEASIBLE,FEASIBLE,FEASIBLE,null,0.003592,0.011781,0.000672,False
704120,1,3,[1],"[3,2,1]","[[0,2]]",FEASIBLE,FEASIBLE,FEASIBLE,null,0.004836,0.013676,0.000858,False
704121,4,7,"[2,2,1,2]","[1,3,1,3,2,2,2]","[[4,6],[0,1,2,5],[0,1,2,3,4,5,6],[0,4]]",FEASIBLE,FEASIBLE,FEASIBLE,null,0.099374,0.06123,0.003817,False
704122,7,3,"[1,1,3,2,2,1,1]","[3,3,1]","[[2],[1,2],[0,1,2],[0,2],[1,2],[0,2],[0,1]]",UNSAT,UNSAT,UNSAT,"[0, 2]",0.029148,0.072238,0.004714,False
704123,7,1,"[1,1,1,1,1,1,1]",[1],"[[0],[0],[0],[0],[0],[0],[0]]",UNSAT,UNSAT,UNSAT,"[0, 1]",0.015913,0.047371,0.00237,False
704124,1,5,[2],"[3,1,2,3,2]","[[0,1,2,3,4]]",FEASIBLE,FEASIBLE,FEASIBLE,null,0.00637,0.02208,0.001331,False
704125,3,3,"[1,1,1]","[2,3,3]","[[0,1],[1],[0,1]]",FEASIBLE,FEASIBLE,FEASIBLE,null,0.023487,0.023759,0.001336,False
704126,2,5,"[3,1]","[1,2,3,2,1]","[[2,3,4],[1,2,3,4]]",FEASIBLE,FEASIBLE,FEASIBLE,null,0.015469,0.02836,0.00185,False
704127,3,6,"[2,1,1]","[3,3,1,1,1,1]","[[0,2,4,5],[1,2,3,4,5],[2,4]]",FEASIBLE,FEASIBLE,FEASIBLE,null,0.039043,0.033979,0.002236,False
704128,4,6,"[1,1,1,2]","[2,2,3,1,1,2]","[[1,2,3,4,5],[0,3,4],[0,1,2,3,4,5],[4,5]]",FEASIBLE,FEASIBLE,FEASIBLE,null,0.084151,0.152731,0.002916,False
704129,1,7,[2],"[3,1,3,1,3,1,2]","[[1,2,5,6]]",FEASIBLE,FEASIBLE,FEASIBLE,null,0.008447,0.020987,0.001347,False
704130,1,1,[1],[3],[[0]],FEASIBLE,FEASIBLE,FEASIBLE,null,0.003363,0.010991,0.000655,False
704131,5,1,"[1,1,1,1,1]",[2],"[[0],[0],[0],[0],[0]]",UNSAT,UNSAT,UNSAT,"[0, 1, 2]",0.02541,0.039237,0.002264,False
704132,6,4,"[3,1,2,1,2,2]","[3,3,3,3]","[[0,1,2,3],[1],[0,1],[0,1,2,3],[2,3],[0,1,2,3]]",FEASIBLE,FEASIBLE,FEASIBLE,null,0.295227,0.060179,0.00347,False
704133,5,4,"[3,1,2,1,1]","[2,3,3,3]","[[1,2,3],[0],[1,2,3],[1],[0,1,2]]",FEASIBLE,FEASIBLE,FEASIBLE,null,0.125625,0.055311,0.002536,False
704134,4,5,"[3,2,3,2]","[1,3,1,3,1]","[[0,1,3],[0,1,2,3,4],[0,1,2,3,4],[3,4]]",UNSAT,UNSAT,UNSAT,"[0, 1, 2, 3]",0.072058,0.071089,0.004775,False
704135,1,4,[2],"[3,3,3,2]","[[0,1,2,3]]",FEASIBLE,FEASIBLE,FEASIBLE,null,0.005573,0.019607,0.001131,False
704136,6,3,"[1,1,1,2,2,1]","[3,3,1]","[[0,1,2],[2],[0,2],[0,1,2],[0,2],[2]]",UNSAT,UNSAT,UNSAT,"[1, 4]",0.042708,0.070842,0.004075,False
704137,1,4,[1],"[1,3,3,1]",[[3]],FEASIBLE,FEASIBLE,FEASIBLE,null,0.005501,0.014091,0.000795,False
704138,7,1,"[1,1,1,1,1,1,1]",[2],"[[0],[0],[0],[0],[0],[0],[0]]",UNSAT,UNSAT,UNSAT,"[0, 1, 2]",0.04409,0.047419,0.002214,False
704139,7,4,"[2,3,1,1,1,1,2]","[1,3,3,1]","[[0,2],[0,1,2,3],[0,1,2,3],[2],[0,2,3],[0,1],[1,2]]",UNSAT,UNSAT,UNSAT,"[0, 1, 3, 4]",0.263784,0.089957,0.005378,False
704140,7,6,"[2,1,1,3,2,1,3]","[3,1,3,3,2,3]","[[0,1,3,4,5],[5],[1,5],[0,1,2,3,4],[0,1,3,4,5],[0],[0,2,3,4,5]]",FEASIBLE,FEASIBLE,FEASIBLE,null,0.779001,0.286604,0.005335,False
704141,6,7,"[2,3,1,1,3,1]","[1,1,3,3,1,2,1]","[[2,3,5,6],[1,5,6],[0,1,2,3,4,5,6],[1],[0,1,2,3,4,5,6],[0,1,2,3,4]]",UNSAT,UNSAT,UNSAT,"[1, 3]",0.098772,0.106053,0.005396,False
704142,3,4,"[1,1,2]","[1,3,1,2]","[[1],[0,2,3],[0,1,2]]",FEASIBLE,FEASIBLE,FEASIBLE,null,0.038071,0.039137,0.001772,False
704143,3,3,"[3,2,2]","[1,1,3]","[[0,1,2],[1,2],[1,2]]",UNSAT,UNSAT,UNSAT,"[0, 1]",0.018636,0.056934,0.002629,False
704144,3,4,"[1,2,1]","[1,2,2,2]","[[0,1],[2,3],[1,2]]",FEASIBLE,FEASIBLE,FEASIBLE,null,0.03763,0.046371,0.00179,False
704145,6,2,"[1,1,1,2,1,1]","[1,2]","[[1],[0,1],[1],[0,1],[1],[0]]",UNSAT,UNSAT,UNSAT,"[3, 5]",0.058649,0.06661,0.00312,False
704146,4,4,"[1,1,1,1]","[3,1,1,1]","[[3],[2,3],[0,3],[0,1,2]]",FEASIBLE,FEASIBLE,FEASIBLE,null,0.079901,0.038987,0.001936,False
704147,1,1,[1],[2],[[0]],FEASIBLE,FEASIBLE,FEASIBLE,null,0.004888,0.01571,0.000569,False
704148,5,7,"[2,1,1,1,1]","[1,3,1,2,3,3,2]","[[0,2],[1,2,3,4,5,6],[5],[6],[0,1,2,3,4,5,6]]",FEASIBLE,FEASIBLE,FEASIBLE,null,0.264091,0.059622,0.003363,False
704149,4,4,"[1,3,1,2]","[1,3,1,3]","[[0],[0,1,2,3],[0],[0,1]]",UNSAT,UNSAT,UNSAT,"[0, 2]",0.031556,0.062608,0.002979,False
704150,2,7,"[2,1]","[2,1,1,2,2,3,3]","[[1,2,3,5,6],[2,4]]",FEASIBLE,FEASIBLE,FEASIBLE,null,0.025988,0.064739,0.001985,False
704151,5,6,"[1,2,1,1,3]","[1,1,3,2,1,2]","[[0,1,2,3,4,5],[0,1,2,3,4],[1,2,3,4],[0,2,4],[1,2,3,4,5]]",FEASIBLE,FEASIBLE,FEASIBLE,null,0.237214,0.208025,0.003885,False
704152,2,3,"[1,1]","[1,1,1]","[[0,1,2],[1]]",FEASIBLE,FEASIBLE,FEASIBLE,null,0.015633,0.025248,0.001266,False
704153,5,7,"[1,2,3,3,3]","[2,3,3,2,1,2,3]","[[0,1,2,6],[0,2,3,5,6],[0,3,4,5],[0,1,3,4,5,6],[0,1,2,3,5,6]]",FEASIBLE,FEASIBLE,FEASIBLE,null,0.266655,0.090055,0.004541,False
704154,3,5,"[1,2,3]","[3,1,2,1,2]","[[0,1,2,3,4],[0,1,2,3,4],[0,1,2,4]]",FEASIBLE,FEASIBLE,FEASIBLE,null,0.044655,0.052618,0.002556,False
704155,7,4,"[1,1,3,1,1,1,3]","[3,2,3,2]","[[1],[2],[0,1,2,3],[2],[1,3],[2],[0,1,2]]",UNSAT,UNSAT,UNSAT,"[1, 3, 5, 6]",0.527753,0.122656,0.00553,False
704156,2,1,"[1,1]",[1],"[[0],[0]]",UNSAT,UNSAT,UNSAT,"[0, 1]",0.009704,0.032903,0.00131,False
704157,4,6,"[1,1,2,3]","[2,3,2,1,3,3]","[[4],[5],[0,1,2,3,4,5],[2,3,4,5]]",FEASIBLE,FEASIBLE,FEASIBLE,null,0.11153,0.063353,0.002545,False
704158,4,7,"[3,3,2,1]","[2,2,2,3,1,3,3]","[[0,3,5,6],[4,5,6],[0,1,2,3,6],[6]]",FEASIBLE,FEASIBLE,FEASIBLE,null,0.126471,0.070489,0.002804,False
704159,6,3,"[3,1,2,1,1,1]","[1,2,3]","[[0,1,2],[2],[0,2],[0,1],[1,2],[2]]",UNSAT,UNSAT,UNSAT,"[0, 2]",0.032836,0.081504,0.003894,False
704160,6,3,"[1,2,1,1,1,3]","[1,2,1]","[[0,1,2],[0,1,2],[0,2],[1,2],[0,2],[0,1,2]]",UNSAT,UNSAT,UNSAT,"[1, 5]",0.060924,0.087496,0.0044,False
704161,3,4,"[2,1,2]","[2,2,3,3]","[[0,1],[0,3],[0,3]]",FEASIBLE,FEASIBLE,FEASIBLE,null,0.038759,0.190063,0.002267,False
704162,5,1,"[1,1,1,1,1]",[1],"[[0],[0],[0],[0],[0]]",UNSAT,UNSAT,UNSAT,"[0, 1]",0.015369,0.050982,0.002248,False
704163,3,2,"[1,1,2]","[2,2]","[[1],[0],[0,1]]",FEASIBLE,FEASIBLE,FEASIBLE,null,0.025866,0.032659,0.001377,False
704164,6,4,"[1,2,1,1,1,2]","[3,3,1,3]","[[1,2,3],[0,2],[0,2],[0,1],[2,3],[0,3]]",FEASIBLE,FEASIBLE,FEASIBLE,null,0.370124,0.098472,0.003504,False
704165,3,2,"[2,1,1]","[1,2]","[[0,1],[0],[0,1]]",UNSAT,UNSAT,UNSAT,"[0, 1]",0.015943,0.047004,0.001922,False
704166,7,5,"[1,2,2,2,1,3,1]","[1,2,3,2,2]","[[0,1,2,3],[0,1,3,4],[0,1,4],[0,1,2,3,4],[0,1,4],[0,2,4],[0,3]]",UNSAT,UNSAT,UNSAT,"[1, 2, 4, 5]",0.572064,0.157848,0.007677,False
704167,3,3,"[1,1,1]","[3,1,1]","[[0,2],[0,1],[0,1,2]]",FEASIBLE,FEASIBLE,FEASIBLE,null,0.032868,0.033806,0.001599,False
704168,6,5,"[3,3,1,3,1,3]","[2,1,1,3,3]","[[0,1,4],[1,2,3,4],[0,2],[0,1,2,3,4],[0,2],[0,1,4]]",UNSAT,UNSAT,UNSAT,"[0, 5]",0.066409,0.111927,0.005424,False
704169,1,1,[1],[2],[[0]],FEASIBLE,FEASIBLE,FEASIBLE,null,0.004909,0.016766,0.000625,False
704170,5,1,"[1,1,1,1,1]",[1],"[[0],[0],[0],[0],[0]]",UNSAT,UNSAT,UNSAT,"[0, 1]",0.015224,0.049589,0.001963,False
704171,6,6,"[3,1,1,3,1,1]","[1,2,1,3,1,3]","[[0,1,3],[1,2,4],[5],[0,1,4,5],[0],[0,2,4,5]]",UNSAT,UNSAT,UNSAT,"[0, 4]",0.161266,0.135906,0.005252,False
704172,5,7,"[2,3,3,3,1]","[3,1,2,3,3,1,3]","[[0,1,2,3,4,5,6],[0,1,2,3,4,5,6],[1,2,3,5,6],[1,2,4],[0,1,2,3,4,5,6]]",FEASIBLE,FEASIBLE,FEASIBLE,null,0.284594,0.243848,0.005825,False
704173,6,7,"[1,1,2,2,2,2]","[1,3,2,2,2,1,3]","[[5],[0,1,2,3,4,5,6],[0,1,2,3,4,5,6],[1,2,3,5,6],[0,1,3,5],[3,6]]",FEASIBLE,FEASIBLE,FEASIBLE,null,0.599447,0.090017,0.004326,False
704174,7,2,"[2,1,2,1,2,2,1]","[2,3]","[[0,1],[1],[0,1],[0],[0,1],[0,1],[0]]",UNSAT,UNSAT,UNSAT,"[0, 2, 3]",0.111036,0.084621,0.003675,False
704175,7,2,"[1,1,2,1,1,1,1]","[3,3]","[[0],[0],[0,1],[0,1],[0,1],[0],[0]]",UNSAT,UNSAT,UNSAT,"[0, 1, 2, 5]",0.245628,0.085335,0.003367,False
704176,5,3,"[1,2,1,2,1]","[2,2,2]","[[2],[1,2],[0],[0,1,2],[1,2]]",UNSAT,UNSAT,UNSAT,"[0, 1, 3, 4]",0.125677,0.07157,0.0044,False
704177,3,3,"[2,1,2]","[1,1,1]","[[0,1],[0],[0,1]]",UNSAT,UNSAT,UNSAT,"[0, 1]",0.046513,0.052386,0.002592,False
704178,7,6,"[3,1,2,3,2,1,1]","[3,3,3,1,1,3]","[[0,1,2,3,4,5],[2],[0,1,2],[2,3,4,5],[0,1,2,3,4,5],[3],[0,1,2,3,4]]",FEASIBLE,FEASIBLE,FEASIBLE,null,1.081922,0.134927,0.008104,False
704179,7,1,"[1,1,1,1,1,1,1]",[1],"[[0],[0],[0],[0],[0],[0],[0]]",UNSAT,UNSAT,UNSAT,"[0, 1]",0.018666,0.085916,0.004417,False
704180,1,6,[2],"[2,3,2,1,2,1]","[[1,2,3,5]]",FEASIBLE,FEASIBLE,FEASIBLE,null,0.010133,0.043566,0.00473,False
704181,2,5,"[1,1]","[1,2,2,3,1]","[[4],[2,3]]",FEASIBLE,FEASIBLE,FEASIBLE,null,0.022358,0.03757,0.001477,False
704182,7,1,"[1,1,1,1,1,1,1]",[2],"[[0],[0],[0],[0],[0],[0],[0]]",UNSAT,UNSAT,UNSAT,"[0, 1, 2]",0.060455,0.275225,0.002955,False
704183,2,7,"[3,3]","[1,3,2,2,2,1,2]","[[0,1,2,3,5,6],[0,1,2,3,4,6]]",FEASIBLE,FEASIBLE,FEASIBLE,null,0.030039,0.053239,0.002796,False
704184,1,1,[1],[2],[[0]],FEASIBLE,FEASIBLE,FEASIBLE,null,0.005273,0.017454,0.000833,False
704185,2,7,"[2,1]","[2,2,2,2,1,1,1]","[[0,1,2,3,4,5,6],[2,4]]",FEASIBLE,FEASIBLE,FEASIBLE,null,0.028935,0.043599,0.002146,False
704186,2,6,"[1,1]","[2,1,2,3,2,2]","[[2],[1]]",FEASIBLE,FEASIBLE,FEASIBLE,null,0.025375,0.032409,0.001215,False
704187,1,2,[1],"[2,1]","[[0,1]]",FEASIBLE,FEASIBLE,FEASIBLE,null,0.006486,0.019208,0.000852,False
704188,2,7,"[1,1]","[1,1,2,3,3,1,3]","[[0,1,2,3,4,5,6],[2,3]]",FEASIBLE,FEASIBLE,FEASIBLE,null,0.028004,0.041686,0.001752,False
704189,2,6,"[1,1]","[1,3,3,1,1,1]","[[2,4],[0,1,2,3,4,5]]",FEASIBLE,FEASIBLE,FEASIBLE,null,0.026093,0.034765,0.001747,False
704190,4,3,"[1,1,1,1]","[1,1,3]","[[0],[2],[0],[2]]",UNSAT,UNSAT,UNSAT,"[0, 2]",0.027902,0.053683,0.002631,False
704191,6,2,"[1,1,1,1,1,1]","[3,1]","[[0,1],[1],[0,1],[1],[1],[0,1]]",UNSAT,UNSAT,UNSAT,"[1, 3]",0.042636,0.067487,0.003371,False
704192,1,4,[2],"[1,2,1,3]","[[2,3]]",FEASIBLE,FEASIBLE,FEASIBLE,null,0.008199,0.026995,0.001033,False
704193,6,7,"[2,1,2,3,3,2]","[2,3,1,1,1,1,1]","[[0,1,2,3,4,5,6],[3],[0,1,2,3,4],[0,1,2,3,4,5,6],[0,2,3,4,5],[0,1,2,3,4,5,6]]",UNSAT,UNSAT,UNSAT,"[0, 1, 2, 3, 4]",0.566367,0.149697,0.010323,False
704194,5,6,"[1,2,2,3,1]","[2,2,1,3,3,2]","[[0],[0,1,3,4],[0,2,3,4,5],[0,1,2,4,5],[0,1,2,3,4,5]]",FEASIBLE,FEASIBLE,FEASIBLE,null,0.252747,0.211069,0.004559,False
704195,7,3,"[1,2,3,1,1,1,1]","[2,2,1]","[[0,1],[0,1],[0,1,2],[1],[2],[0,1,2],[1]]",UNSAT,UNSAT,UNSAT,"[2, 4]",0.085655,0.195167,0.005096,False
704196,7,3,"[1,1,1,1,1,1,1]","[1,1,3]","[[0],[2],[0,1,2],[0,1,2],[0,2],[0],[0]]",UNSAT,UNSAT,UNSAT,"[0, 5]",0.054435,0.088602,0.003965,False
704197,3,1,"[1,1,1]",[1],"[[0],[0],[0]]",UNSAT,UNSAT,UNSAT,"[0, 1]",0.012227,0.04426,0.001847,False
704198,5,7,"[1,3,1,1,1]","[3,3,3,1,1,1,2]","[[1,5],[1,2,4,6],[0,2,4,6],[5],[1,2,3,5]]",FEASIBLE,FEASIBLE,FEASIBLE,null,0.311586,0.071041,0.003453,False
704199,5,4,"[1,3,1,1,1]","[2,1,2,2]","[[3],[0,1,3],[0,2],[2],[2]]",FEASIBLE,FEASIBLE,FEASIBLE,null,0.175001,0.06574,0.002145,False
704200,4,1,"[1,1,1,1]",[3],"[[0],[0],[0],[0]]",UNSAT,UNSAT,UNSAT,"[0, 1, 2, 3]",0.036678,0.05293,0.002509,False
704201,4,6,"[3,3,1,1]","[1,2,2,1,3,2]","[[0,3,4],[0,1,2,3,4],[0,1,3,4,5],[2]]",FEASIBLE,FEASIBLE,FEASIBLE,null,0.135292,0.075211,0.003321,False
704202,7,7,"[2,1,2,3,2,1,1]","[1,3,1,3,3,1,3]","[[1,3,5,6],[0],[0,1,5,6],[0,2,3,4],[0,1],[0,1,2,3,5,6],[2,3]]",UNSAT,UNSAT,UNSAT,"[1, 4]",0.13407,0.157082,0.007313,False
704203,1,7,[1],"[3,1,2,3,3,1,2]","[[0,1,2,3,4,5]]",FEASIBLE,FEASIBLE,FEASIBLE,null,0.010853,0.041926,0.001573,False
704204,1,5,[3],"[3,2,1,3,3]","[[1,2,4]]",FEASIBLE,FEASIBLE,FEASIBLE,null,0.008752,0.02879,0.001388,False
704205,6,6,"[2,2,2,1,1,1]","[2,1,3,2,2,1]","[[0,1,2,3,5],[0,1,2,3,4,5],[1,3,4],[1,2,3,5],[1,2,4],[3,4]]",FEASIBLE,FEASIBLE,FEASIBLE,null,0.652205,0.362033,0.004269,False
704206,4,2,"[1,1,1,1]","[2,1]","[[1],[0,1],[0],[1]]",UNSAT,UNSAT,UNSAT,"[0, 3]",0.025759,0.051951,0.002393,False
704207,5,6,"[1,1,1,3,1]","[3,2,2,2,1,2]","[[0,1,2,3,4,5],[1],[2],[1,2,3,4],[0,1,2,3,4,5]]",FEASIBLE,FEASIBLE,FEASIBLE,null,0.245556,0.071093,0.003443,False
704208,7,5,"[3,3,1,1,1,1,1]","[3,1,3,2,2]","[[0,1,2,3],[0,1,2,3,4],[3],[0,2,3],[0,1,2,3,4],[0],[0,2]]",FEASIBLE,FEASIBLE,FEASIBLE,null,0.956889,0.137233,0.005818,False
704209,6,5,"[2,2,3,2,1,2]","[3,2,2,1,1]","[[1,3],[1,3,4],[0,1,4],[0,1,2,3,4],[1,2,3],[0,1,2,3,4]]",UNSAT,UNSAT,UNSAT,"[0, 1, 2]",0.145684,0.127874,0.007005,False
704210,7,6,"[1,2,1,2,3,1,2]","[1,2,3,1,3,2]","[[1],[0,1,4],[1],[0,2,5],[0,1,2,3,4,5],[0,1],[0,2]]",UNSAT,UNSAT,UNSAT,"[0, 1, 2, 5]",0.524123,0.155834,0.007432,False
704211,3,3,"[3,2,1]","[3,2,1]","[[0,1,2],[0,2],[2]]",UNSAT,UNSAT,UNSAT,"[0, 1]",0.020983,0.060243,0.003043,False
704212,4,5,"[2,1,2,2]","[3,1,2,1,2]","[[1,2,3,4],[2],[1,2],[3,4]]",UNSAT,UNSAT,UNSAT,"[0, 1, 2, 3]",0.10398,0.104903,0.004793,False
704213,1,1,[1],[1],[[0]],FEASIBLE,FEASIBLE,FEASIBLE,null,0.006052,0.019645,0.000751,False
704214,5,7,"[3,2,1,3,2]","[2,1,1,1,1,3,2]","[[0,2,3,4,5,6],[0,1,2,3,4,5,6],[5],[3,5,6],[2,6]]",FEASIBLE,FEASIBLE,FEASIBLE,null,0.2963,8.294794,0.004921,False
704215,2,2,"[2,1]","[1,2]","[[0,1],[1]]",FEASIBLE,FEASIBLE,FEASIBLE,null,0.076927,0.038972,0.001282,False
704216,4,3,"[1,3,2,1]","[1,1,2]","[[0,1],[0,1,2],[0,1,2],[0,1]]",UNSAT,UNSAT,UNSAT,"[0, 1]",0.027011,0.085303,0.00385,False
704217,4,5,"[1,1,2,1]","[3,2,1,2,3]","[[0,3],[0,1,2,3,4],[0,1,2,3,4],[0,1,2,3,4]]",FEASIBLE,FEASIBLE,FEASIBLE,null,0.109744,0.079167,0.003316,False
704218,1,1,[1],[1],[[0]],FEASIBLE,FEASIBLE,FEASIBLE,null,0.00609,0.017704,0.000719,False
704219,6,1,"[1,1,1,1,1,1]",[1],"[[0],[0],[0],[0],[0],[0]]",UNSAT,UNSAT,UNSAT,"[0, 1]",0.018842,0.068206,0.002937,False
704220,1,3,[2],"[3,2,2]","[[1,2]]",FEASIBLE,FEASIBLE,FEASIBLE,null,0.007492,0.028126,0.001094,False
704221,7,3,"[1,1,2,1,1,1,2]","[1,1,2]","[[0,2],[1,2],[0,1,2],[1],[2],[0],[0,1,2]]",UNSAT,UNSAT,UNSAT,"[0, 2, 6]",0.168642,0.120387,0.004652,False
704222,1,7,[1],"[1,2,1,1,1,1,2]","[[0,4]]",FEASIBLE,FEASIBLE,FEASIBLE,null,0.012169,0.027672,0.001148,False
704223,4,2,"[2,2,2,1]","[1,1]","[[0,1],[0,1],[0,1],[1]]",UNSAT,UNSAT,UNSAT,"[0, 1]",0.020125,0.065095,0.002848,False
704224,2,6,"[1,2]","[3,2,3,3,1,2]","[[1],[2,3]]",FEASIBLE,FEASIBLE,FEASIBLE,null,0.026896,0.146854,0.001485,False
704225,6,4,"[3,1,1,1,3,2]","[2,2,1,2]","[[0,1,2],[1],[0,1,2,3],[0],[0,1,2,3],[0,1,3]]",UNSAT,UNSAT,UNSAT,"[0, 1, 4]",0.130248,0.104501,0.005195,False
704226,3,6,"[3,1,1]","[2,1,3,2,3,3]","[[0,2,3,4,5],[1,2,4,5],[0,1,2,3,4,5]]",FEASIBLE,FEASIBLE,FEASIBLE,null,0.060461,0.057906,0.003024,False
704227,4,3,"[1,1,1,1]","[2,1,2]","[[2],[0,2],[0,1,2],[0,1]]",FEASIBLE,FEASIBLE,FEASIBLE,null,0.06995,0.042938,0.001871,False
704228,7,1,"[1,1,1,1,1,1,1]",[2],"[[0],[0],[0],[0],[0],[0],[0]]",UNSAT,UNSAT,UNSAT,"[0, 1, 2]",0.064645,0.067811,0.002883,False
704229,4,1,"[1,1,1,1]",[2],"[[0],[0],[0],[0]]",UNSAT,UNSAT,UNSAT,"[0, 1, 2]",0.029998,0.049641,0.00205,False
704230,4,5,"[2,1,2,3]","[3,2,3,3,1]","[[0,2,3,4],[3],[0,1,2,3,4],[0,1,2,3,4]]",FEASIBLE,FEASIBLE,FEASIBLE,null,0.104261,0.084188,0.003042,False
704231,3,1,"[1,1,1]",[2],"[[0],[0],[0]]",UNSAT,UNSAT,UNSAT,"[0, 1, 2]",0.020039,0.054412,0.001681,False
704232,1,2,[1],"[2,2]",[[0]],FEASIBLE,FEASIBLE,FEASIBLE,null,0.008588,0.018284,0.000778,False
704233,4,5,"[1,2,2,3]","[2,1,1,1,3]","[[0,1,2,3,4],[0,1,2,4],[0,1,3,4],[1,3,4]]",FEASIBLE,FEASIBLE,FEASIBLE,null,0.107085,0.123586,0.005238,False
704234,5,3,"[1,3,1,2,1]","[3,1,3]","[[1],[0,1,2],[0,1,2],[0,1],[1,2]]",UNSAT,UNSAT,UNSAT,"[0, 1]",0.028746,0.080813,0.003533,False
704235,7,5,"[2,1,1,1,2,2,3]","[1,2,3,1,1]","[[0,1,2,3],[0],[0,1,2,3,4],[0,1,2,3,4],[0,1,2,3,4],[1,3],[1,3,4]]",UNSAT,UNSAT,UNSAT,"[5, 6]",0.179973,0.31262,0.008776,False
704236,2,2,"[1,1]","[3,2]","[[0],[0]]",FEASIBLE,FEASIBLE,FEASIBLE,null,0.013815,0.025888,0.000976,False
704237,2,3,"[1,1]","[1,2,1]","[[1,2],[0,1,2]]",FEASIBLE,FEASIBLE,FEASIBLE,null,0.016234,0.028416,0.001396,False
704238,4,7,"[2,1,2,1]","[2,3,3,1,3,2,1]","[[1,3],[2,4,5],[1,3,5,6],[1]]",FEASIBLE,FEASIBLE,FEASIBLE,null,0.137434,0.060424,0.00257,False
704239,7,7,"[2,3,1,1,2,2,1]","[3,1,3,1,1,2,2]","[[0,1,5],[0,1,4],[2,3],[1],[0,2],[0,1,2,4,5,6],[0,2,3,5,6]]",UNSAT,UNSAT,UNSAT,"[1, 3]",0.129111,0.155392,0.006759,False
704240,1,2,[1],"[1,2]","[[0,1]]",FEASIBLE,FEASIBLE,FEASIBLE,null,0.006321,0.027199,0.000817,False
704241,5,4,"[1,2,2,3,2]","[2,2,3,1]","[[0,1,2,3],[0,1,2,3],[0,3],[0,1,2,3],[0,3]]",UNSAT,UNSAT,UNSAT,"[2, 4]",0.101881,0.130006,0.005689,False
704242,2,1,"[1,1]",[3],"[[0],[0]]",FEASIBLE,FEASIBLE,FEASIBLE,null,0.010995,0.024747,0.000882,False
704243,5,3,"[1,1,1,2,2]","[1,2,3]","[[1],[0,1,2],[1],[0,1,2],[0,1,2]]",UNSAT,UNSAT,UNSAT,"[0, 2, 3, 4]",0.138075,0.104587,0.004255,False
704244,7,7,"[2,3,3,1,3,3,3]","[3,3,1,3,1,2,2]","[[0,1,2],[0,1,3,5,6],[0,1,3,4,6],[0,1,2,3,4,5,6],[0,1,2,4,5,6],[0,1,2,3,4,5,6],[0,1,2,4,5,6]]",UNSAT,UNSAT,UNSAT,"[0, 1, 2, 4, 5, 6]",1.27246,0.271427,0.010351,False
704245,7,5,"[3,2,1,3,1,2,2]","[1,1,2,2,2]","[[0,1,2],[0,2,3,4],[0,1,2,3,4],[0,1,2,3,4],[1],[0,1,2],[0,1,2,3,4]]",UNSAT,UNSAT,UNSAT,"[0, 4]",0.086411,0.334446,0.006701,False
704246,6,3,"[2,1,3,2,2,1]","[3,1,2]","[[1,2],[0,2],[0,1,2],[0,1,2],[1,2],[2]]",UNSAT,UNSAT,UNSAT,"[0, 2]",0.036803,0.097584,0.00414,False
704247,5,7,"[3,1,2,1,3]","[1,3,1,3,3,1,1]","[[0,4,5,6],[0,4],[3,4,5],[4],[0,2,3,5]]",UNSAT,UNSAT,UNSAT,"[0, 1, 2, 3, 4]",0.293863,0.12953,0.005826,False
704248,1,2,[1],"[3,3]",[[1]],FEASIBLE,FEASIBLE,FEASIBLE,null,0.006599,0.019481,0.001268,False
704249,4,5,"[3,1,3,1]","[2,1,3,2,2]","[[0,1,2,3],[1,2,4],[1,3,4],[0,2,3]]",FEASIBLE,FEASIBLE,FEASIBLE,null,0.106024,0.081245,0.004059,False
704250,1,2,[1],"[1,1]",[[1]],FEASIBLE,FEASIBLE,FEASIBLE,null,0.006215,0.018633,0.000662,False
704251,4,1,"[1,1,1,1]",[1],"[[0],[0],[0],[0]]",UNSAT,UNSAT,UNSAT,"[0, 1]",0.013556,0.094284,0.002474,False
704252,1,4,[1],"[3,2,3,3]","[[0,1,2,3]]",FEASIBLE,FEASIBLE,FEASIBLE,null,0.008664,0.025411,0.001276,False
704253,3,7,"[2,1,3]","[2,3,2,1,3,2,1]","[[0,4],[0,1,2,3,5,6],[1,2,3,4,5,6]]",FEASIBLE,FEASIBLE,FEASIBLE,null,0.066264,0.057772,0.00311,False
704254,3,2,"[1,1,1]","[1,3]","[[1],[0],[0]]",UNSAT,UNSAT,UNSAT,"[1, 2]",0.021972,0.04355,0.001983,False
704255,3,2,"[1,1,1]","[1,1]","[[0],[0],[0,1]]",UNSAT,UNSAT,UNSAT,"[0, 1]",0.015806,0.056473,0.001898,False
704256,2,4,"[2,1]","[1,3,1,2]","[[1,2,3],[0,2]]",FEASIBLE,FEASIBLE,FEASIBLE,null,0.020736,0.034053,0.001564,False
704257,6,6,"[2,2,2,1,2,2]","[1,3,2,1,1,2]","[[2,3],[0,1,2,3,4,5],[3,4],[5],[3,5],[0,1,2,3,4,5]]",UNSAT,UNSAT,UNSAT,"[0, 2]",0.063257,0.25889,0.005101,False
704258,2,1,"[1,1]",[2],"[[0],[0]]",FEASIBLE,FEASIBLE,FEASIBLE,null,0.011454,0.024615,0.000819,False
704259,5,4,"[1,2,3,3,2]","[3,2,2,1]","[[2],[0,1,2],[1,2,3],[0,1,2,3],[0,1,2,3]]",UNSAT,UNSAT,UNSAT,"[0, 2, 3]",0.105764,0.104119,0.004874,False
704260,5,4,"[1,1,2,2,1]","[3,3,1,3]","[[3],[0,3],[0,1],[2,3],[3]]",FEASIBLE,FEASIBLE,FEASIBLE,null,0.185114,0.056628,0.002149,False
704261,5,7,"[3,1,1,1,1]","[2,3,1,2,1,3,3]","[[1,2,3,4,5,6],[5],[0,1,4,5],[0,1,2,3,5,6],[3,4]]",FEASIBLE,FEASIBLE,FEASIBLE,null,0.321594,0.075312,0.003526,False
704262,5,7,"[2,1,3,2,2]","[3,2,3,3,1,3,2]","[[1,2,3,4,5,6],[0,1,2,3,4,5,6],[0,2,3,4,5,6],[1,2],[0,3,6]]",FEASIBLE,FEASIBLE,FEASIBLE,null,0.295514,0.085572,0.004138,False
704263,3,2,"[1,1,1]","[3,2]","[[0,1],[1],[0,1]]",FEASIBLE,FEASIBLE,FEASIBLE,null,0.030076,0.033709,0.001423,False
704264,5,6,"[1,3,3,3,1]","[1,2,1,1,1,1]","[[5],[0,1,2,3,4,5],[1,3,4],[0,1,2,3],[0]]",UNSAT,UNSAT,UNSAT,"[1, 2, 3]",0.176149,0.103006,0.005047,False
704265,7,3,"[1,1,2,1,1,2,2]","[1,3,3]","[[1],[0],[0,1],[1],[0,1],[0,2],[0,1,2]]",UNSAT,UNSAT,UNSAT,"[1, 2]",0.063515,0.094331,0.004228,False
704266,4,4,"[2,2,1,2]","[2,1,2,1]","[[1,2,3],[0,1],[2,3],[0,2,3]]",UNSAT,UNSAT,UNSAT,"[0, 1, 2, 3]",0.08936,0.091687,0.003507,False
704267,6,4,"[3,1,2,2,2,3]","[1,2,2,2]","[[0,2,3],[0,1,2,3],[2,3],[0,3],[0,1,2,3],[0,1,2,3]]",UNSAT,UNSAT,UNSAT,"[0, 3]",0.049729,0.308776,0.005397,False
704268,1,4,[2],"[1,3,3,2]","[[1,2,3]]",FEASIBLE,FEASIBLE,FEASIBLE,null,0.008982,0.02772,0.001075,False
704269,3,1,"[1,1,1]",[2],"[[0],[0],[0]]",UNSAT,UNSAT,UNSAT,"[0, 1, 2]",0.019402,0.044907,0.001666,False
704270,6,5,"[1,3,3,3,1,2]","[1,2,1,1,2]","[[0],[0,1,2,3,4],[0,2,3,4],[0,2,3,4],[1,2,4],[0,1,2,4]]",UNSAT,UNSAT,UNSAT,"[2, 3]",0.107693,0.128092,0.005992,False
704271,6,2,"[1,2,2,1,1,1]","[1,1]","[[0,1],[0,1],[0,1],[0],[0,1],[0,1]]",UNSAT,UNSAT,UNSAT,"[0, 1]",0.027848,0.081475,0.003498,False
704272,5,6,"[2,1,1,1,3]","[1,2,3,1,1,1]","[[0,3,4,5],[3],[2],[0,1,2,3,4,5],[0,1,2,3,4,5]]",FEASIBLE,FEASIBLE,FEASIBLE,null,0.255666,0.102043,0.004483,False
704273,7,4,"[1,1,1,3,1,1,1]","[3,2,2,3]","[[2],[2],[1,2,3],[0,1,2,3],[2],[2],[1]]",UNSAT,UNSAT,UNSAT,"[0, 1, 4]",0.165271,0.113202,0.004534,False
704274,3,2,"[2,2,1]","[1,2]","[[0,1],[0,1],[0]]",UNSAT,UNSAT,UNSAT,"[0, 1]",0.016322,0.05405,0.002175,False
704275,7,2,"[1,1,1,1,1,2,1]","[3,3]","[[1],[0,1],[0],[1],[0],[0,1],[0]]",UNSAT,UNSAT,UNSAT,"[2, 4, 5, 6]",0.367193,0.085885,0.003573,False
704276,5,2,"[1,2,1,2,1]","[1,1]","[[1],[0,1],[0],[0,1],[0]]",UNSAT,UNSAT,UNSAT,"[0, 1]",0.027222,0.065484,0.002862,False
704277,3,1,"[1,1,1]",[1],"[[0],[0],[0]]",UNSAT,UNSAT,UNSAT,"[0, 1]",0.011962,0.041749,0.001456,False
704278,3,7,"[3,2,2]","[1,3,1,2,3,1,3]","[[0,1,4],[1,6],[1,2,3,4,5]]",FEASIBLE,FEASIBLE,FEASIBLE,null,0.063392,0.280389,0.002548,False
704279,4,3,"[2,1,1,1]","[1,3,3]","[[0,1,2],[1,2],[1],[1]]",FEASIBLE,FEASIBLE,FEASIBLE,null,0.073257,0.05917,0.002252,False
704280,4,7,"[2,1,1,2]","[2,1,1,3,3,2,2]","[[2,3],[5],[0,1,2,3,4,6],[0,1,3,4]]",FEASIBLE,FEASIBLE,FEASIBLE,null,0.139942,0.05948,0.002841,False
704281,7,6,"[1,1,3,1,2,1,2]","[3,1,1,3,3,2]","[[0,1,2,3,4,5],[2,3,4,5],[0,1,4,5],[2,5],[1,2,3,4],[1,5],[2,3,4,5]]",FEASIBLE,FEASIBLE,FEASIBLE,null,1.277654,0.109427,0.004743,False
704282,4,4,"[1,3,2,1]","[2,1,2,2]","[[0],[0,1,2,3],[0,1,2,3],[0,2]]",FEASIBLE,FEASIBLE,FEASIBLE,null,0.090893,0.095321,0.002958,False
704283,6,3,"[1,1,1,1,3,1]","[3,2,1]","[[0,1],[0],[2],[0,1,2],[0,1,2],[1]]",UNSAT,UNSAT,UNSAT,"[2, 4]",0.075831,0.098179,0.003816,False
704284,2,1,"[1,1]",[1],"[[0],[0]]",UNSAT,UNSAT,UNSAT,"[0, 1]",0.010308,0.036642,0.001268,False
704285,2,1,"[1,1]",[1],"[[0],[0]]",UNSAT,UNSAT,UNSAT,"[0, 1]",0.009718,0.035136,0.001073,False
704286,7,2,"[1,1,1,1,2,1,1]","[2,3]","[[1],[0],[0],[1],[0,1],[0],[1]]",UNSAT,UNSAT,UNSAT,"[1, 2, 4]",0.151939,0.079647,0.003309,False
704287,5,7,"[3,1,1,1,2]","[1,2,2,2,3,1,3]","[[0,1,3,5],[2,5],[1,2,4,5],[1],[0,2,3,4]]",FEASIBLE,FEASIBLE,FEASIBLE,null,0.29776,0.093092,0.00391,False
704288,7,5,"[1,1,3,1,2,3,3]","[3,1,1,1,3]","[[0,1,2,3,4],[0,1,2,3],[0,2,3,4],[1,3],[0,1,3,4],[0,1,2,3,4],[2,3,4]]",UNSAT,UNSAT,UNSAT,"[2, 6]",0.141429,0.312453,0.006836,False
704289,4,1,"[1,1,1,1]",[1],"[[0],[0],[0],[0]]",UNSAT,UNSAT,UNSAT,"[0, 1]",0.015338,0.049326,0.001801,False
704290,2,4,"[1,1]","[3,2,2,3]","[[0,1,2,3],[0,1]]",FEASIBLE,FEASIBLE,FEASIBLE,null,0.020507,0.032322,0.001362,False
704291,2,4,"[1,2]","[2,3,3,1]","[[1,3],[0,1,2,3]]",FEASIBLE,FEASIBLE,FEASIBLE,null,0.020104,0.033343,0.001491,False
704292,2,3,"[1,2]","[2,2,2]","[[0],[0,1,2]]",FEASIBLE,FEASIBLE,FEASIBLE,null,0.018024,0.031656,0.00136,False
704293,5,4,"[1,1,2,1,1]","[3,2,1,1]","[[0,2],[0,1,3],[0,1,2,3],[0,1,3],[1,2]]",FEASIBLE,FEASIBLE,FEASIBLE,null,0.190414,0.070557,0.002741,False
704294,2,3,"[1,1]","[2,1,3]","[[1,2],[1]]",FEASIBLE,FEASIBLE,FEASIBLE,null,0.016481,0.038872,0.001486,False
704295,7,1,"[1,1,1,1,1,1,1]",[1],"[[0],[0],[0],[0],[0],[0],[0]]",UNSAT,UNSAT,UNSAT,"[0, 1]",0.019769,0.114793,0.002645,False
704296,7,3,"[2,1,1,1,1,3,1]","[1,2,3]","[[0,2],[1],[0,2],[1],[1,2],[0,1,2],[0]]",UNSAT,UNSAT,UNSAT,"[0, 5]",0.053492,0.093796,0.004087,False
704297,7,6,"[2,2,1,3,2,1,3]","[3,3,3,3,1,3]","[[1,2,3],[0,2,4,5],[3],[1,2,3,4,5],[0,1,4,5],[1],[2,3,5]]",FEASIBLE,FEASIBLE,FEASIBLE,null,1.145395,0.138405,0.005495,False
704298,3,6,"[3,1,1]","[3,1,2,2,2,3]","[[0,1,3,4],[4],[1,5]]",FEASIBLE,FEASIBLE,FEASIBLE,null,0.056365,0.047096,0.002044,False
704299,1,3,[1],"[2,2,2]",[[0]],FEASIBLE,FEASIBLE,FEASIBLE,null,0.012305,0.017352,0.000745,False
704300,2,6,"[3,3]","[3,3,2,2,2,1]","[[0,3,4],[1,3,4,5]]",FEASIBLE,FEASIBLE,FEASIBLE,null,0.046122,0.049026,0.001956,False
704301,1,2,[1],"[3,3]",[[1]],FEASIBLE,FEASIBLE,FEASIBLE,null,0.006313,0.020258,0.000638,False
704302,6,4,"[1,1,2,3,3,2]","[1,1,2,3]","[[3],[0,1,2],[1,2,3],[0,1,3],[0,1,2,3],[0,1,2,3]]",UNSAT,UNSAT,UNSAT,"[3, 4]",0.102231,0.106092,0.005302,False
704303,6,6,"[2,3,1,1,2,1]","[2,2,1,2,3,3]","[[3,4],[0,1,2,3,4,5],[2,4],[5],[1,2,4,5],[5]]",FEASIBLE,FEASIBLE,FEASIBLE,null,0.513272,0.089227,0.003521,False
704304,4,5,"[1,1,3,2]","[3,1,1,2,1]","[[1,2,3,4],[0,1,2,3,4],[0,1,3,4],[3,4]]",FEASIBLE,FEASIBLE,FEASIBLE,null,0.101679,0.080327,0.003801,False
704305,4,5,"[3,3,3,2]","[1,3,1,2,3]","[[0,2,3],[0,3,4],[1,2,4],[0,1,4]]",UNSAT,UNSAT,UNSAT,"[0, 1]",0.032601,0.086517,0.003756,False
704306,4,7,"[3,1,3,1]","[2,2,2,1,2,3,3]","[[3,4,5,6],[5],[1,3,4,5,6],[0,2,3,4,6]]",FEASIBLE,FEASIBLE,FEASIBLE,null,0.134217,0.066534,0.003124,False
704307,3,3,"[1,1,1]","[1,1,3]","[[0],[0,1,2],[0,2]]",FEASIBLE,FEASIBLE,FEASIBLE,null,0.035145,0.038468,0.001589,False
704308,5,2,"[1,1,1,2,2]","[2,1]","[[0,1],[0],[1],[0,1],[0,1]]",UNSAT,UNSAT,UNSAT,"[2, 3]",0.042982,0.096506,0.002915,False
704309,2,3,"[1,1]","[2,1,1]","[[2],[0,1,2]]",FEASIBLE,FEASIBLE,FEASIBLE,null,0.01643,0.027951,0.001341,False
704310,3,7,"[1,1,3]","[1,2,3,1,2,2,3]","[[4],[0,1],[0,1,3,4,5,6]]",FEASIBLE,FEASIBLE,FEASIBLE,null,0.061028,0.050496,0.002332,False
704311,6,6,"[2,3,2,2,1,1]","[3,1,1,2,2,1]","[[0,1,2,3,5],[0,1,2,5],[0,1,2,3,4,5],[0,1,3],[2,4],[0]]",UNSAT,UNSAT,UNSAT,"[0, 1, 2, 3, 5]",0.464722,0.152149,0.007004,False
704312,6,6,"[2,2,1,1,1,1]","[3,3,1,3,3,3]","[[0,1,2,3,4,5],[0,1,2,3,5],[4],[2],[1,2,5],[1]]",FEASIBLE,FEASIBLE,FEASIBLE,null,0.78044,0.096089,0.004088,False
704313,4,4,"[2,1,3,1]","[3,1,3,2]","[[1,2,3],[0,1],[0,1,2,3],[0,1,2,3]]",FEASIBLE,FEASIBLE,FEASIBLE,null,0.086181,0.062796,0.002386,False
704314,1,2,[1],"[2,3]",[[1]],FEASIBLE,FEASIBLE,FEASIBLE,null,0.006105,0.017837,0.000656,False
704315,1,1,[1],[3],[[0]],FEASIBLE,FEASIBLE,FEASIBLE,null,0.004367,0.015504,0.000577,False
704316,2,5,"[1,2]","[3,1,1,1,1]","[[3],[2,3,4]]",FEASIBLE,FEASIBLE,FEASIBLE,null,0.021808,0.033511,0.001529,False
704317,5,2,"[1,1,2,1,1]","[3,1]","[[0,1],[0],[0,1],[1],[0]]",UNSAT,UNSAT,UNSAT,"[2, 3]",0.041955,0.065179,0.002839,False
704318,7,2,"[1,2,1,1,1,1,1]","[3,3]","[[1],[0,1],[1],[0],[1],[1],[0]]",UNSAT,UNSAT,UNSAT,"[0, 1, 2, 4]",0.210679,0.091904,0.003134,False
704319,6,4,"[1,1,1,3,3,2]","[2,1,3,1]","[[0],[0,2,3],[0,3],[0,1,2,3],[0,1,2,3],[0,1]]",UNSAT,UNSAT,UNSAT,"[0, 3, 4]",0.155377,0.145694,0.005664,False
704320,3,5,"[1,2,2]","[1,3,2,3,3]","[[3,4],[0,3],[2,4]]",FEASIBLE,FEASIBLE,FEASIBLE,null,0.047081,0.04272,0.001744,False
704321,5,6,"[1,2,3,1,3]","[2,3,2,2,2,1]","[[0,1,2,3,4,5],[3,4],[0,1,2,3,4,5],[4],[0,1,2,3,4,5]]",FEASIBLE,FEASIBLE,FEASIBLE,null,0.278278,0.085242,0.003767,False
704322,1,2,[2],"[3,3]","[[0,1]]",FEASIBLE,FEASIBLE,FEASIBLE,null,0.006262,0.022966,0.000802,False
704323,2,7,"[1,1]","[1,2,2,1,3,1,3]","[[0,1,2,3,4,5,6],[1,2,5]]",FEASIBLE,FEASIBLE,FEASIBLE,null,0.028453,0.040916,0.002066,False
704324,3,6,"[1,2,2]","[1,2,3,3,3,1]","[[0,2],[1,4,5],[0,1,2,3,4,5]]",FEASIBLE,FEASIBLE,FEASIBLE,null,0.054591,0.194561,0.002479,False
704325,1,5,[1],"[3,1,2,1,3]",[[3]],FEASIBLE,FEASIBLE,FEASIBLE,null,0.00884,0.019291,0.000888,False
704326,2,5,"[1,2]","[3,1,1,1,1]","[[0,1,2,4],[1,2,3,4]]",FEASIBLE,FEASIBLE,FEASIBLE,null,0.021597,0.036212,0.001748,False
704327,4,2,"[1,1,1,1]","[2,3]","[[1],[1],[1],[0,1]]",FEASIBLE,FEASIBLE,FEASIBLE,null,0.05309,0.036693,0.00155,False
704328,3,2,"[1,1,1]","[2,3]","[[0,1],[0,1],[1]]",FEASIBLE,FEASIBLE,FEASIBLE,null,0.025536,0.03043,0.00135,False
704329,6,4,"[1,3,1,2,1,1]","[2,1,2,3]","[[2],[0,1,2,3],[1,2,3],[2,3],[1],[1,2]]",UNSAT,UNSAT,UNSAT,"[0, 1, 3, 4]",0.24995,0.118632,0.004975,False
704330,4,1,"[1,1,1,1]",[2],"[[0],[0],[0],[0]]",UNSAT,UNSAT,UNSAT,"[0, 1, 2]",0.026638,0.04879,0.001847,False
704331,2,1,"[1,1]",[1],"[[0],[0]]",UNSAT,UNSAT,UNSAT,"[0, 1]",0.009949,0.034078,0.00103,False
704332,2,3,"[1,2]","[2,1,3]","[[1],[0,2]]",FEASIBLE,FEASIBLE,FEASIBLE,null,0.015982,0.02942,0.001235,False
704333,4,4,"[1,1,1,1]","[2,1,1,1]","[[3],[0],[0,2],[3]]",UNSAT,UNSAT,UNSAT,"[0, 3]",0.037909,0.079987,0.002207,False
704334,4,6,"[1,1,1,2]","[1,1,3,1,2,2]","[[1,2,3,4],[2],[0,1,2,3,4,5],[0,3,5]]",FEASIBLE,FEASIBLE,FEASIBLE,null,0.117722,0.059397,0.002898,False
704335,7,7,"[2,2,1,1,1,1,2]","[1,2,2,3,1,2,3]","[[3,5,6],[0,1,2,3,4,5,6],[4],[2],[0,3,6],[5],[2,5]]",FEASIBLE,FEASIBLE,FEASIBLE,null,1.248413,0.109365,0.004751,False
704336,5,2,"[1,1,2,1,1]","[3,1]","[[0],[1],[0,1],[0],[0]]",UNSAT,UNSAT,UNSAT,"[1, 2]",0.034019,0.073543,0.002729,False
704337,3,7,"[2,3,1]","[1,1,3,2,3,3,1]","[[0,5],[0,1,2,5,6],[4]]",FEASIBLE,FEASIBLE,FEASIBLE,null,0.085363,0.200318,0.002211,False
704338,1,2,[1],"[3,1]","[[0,1]]",FEASIBLE,FEASIBLE,FEASIBLE,null,0.006505,0.017944,0.000728,False
704339,6,3,"[2,1,1,1,1,1]","[3,3,3]","[[0,1,2],[1,2],[2],[0,2],[0,1,2],[2]]",FEASIBLE,FEASIBLE,FEASIBLE,null,0.295825,0.061154,0.002442,False
704340,2,5,"[1,3]","[3,1,1,2,1]","[[3],[0,1,2,3,4]]",FEASIBLE,FEASIBLE,FEASIBLE,null,0.021381,0.041417,0.001643,False
704341,1,2,[1],"[2,3]",[[0]],FEASIBLE,FEASIBLE,FEASIBLE,null,0.005937,0.016313,0.000688,False
704342,6,4,"[1,1,1,1,1,3]","[1,2,1,3]","[[3],[0],[1],[3],[0,2],[0,1,2,3]]",UNSAT,UNSAT,UNSAT,"[1, 4, 5]",0.208318,0.090352,0.003523,False
704343,7,3,"[2,1,2,1,3,1,1]","[3,2,1]","[[0,1,2],[0],[0,1],[2],[0,1,2],[0,1,2],[1]]",UNSAT,UNSAT,UNSAT,"[3, 4]",0.097063,0.11551,0.004346,False
704344,1,4,[3],"[2,3,1,3]","[[0,1,2,3]]",FEASIBLE,FEASIBLE,FEASIBLE,null,0.018755,0.034589,0.043309,False
704345,5,5,"[2,2,1,2,2]","[1,2,3,2,3]","[[1,3],[0,1,2,3],[3],[1,3],[1,3]]",UNSAT,UNSAT,UNSAT,"[0, 2, 3]",0.121992,0.10544,0.00505,False
704346,3,6,"[1,2,2]","[3,2,2,2,3,1]","[[0,1,2,3,4,5],[0,1,2,3,4],[0,1,2,4,5]]",FEASIBLE,FEASIBLE,FEASIBLE,null,0.055558,0.054836,0.002963,False
704347,4,2,"[1,1,1,1]","[2,2]","[[0],[1],[0,1],[0,1]]",FEASIBLE,FEASIBLE,FEASIBLE,null,0.05335,0.040196,0.001499,False
704348,6,3,"[1,1,2,3,1,1]","[3,3,1]","[[1,2],[0,1],[0,1,2],[0,1,2],[0,1,2],[1]]",UNSAT,UNSAT,UNSAT,"[0, 2, 3, 5]",0.222317,0.098164,0.004504,False
704349,6,3,"[3,2,1,1,2,1]","[1,3,1]","[[0,1,2],[0,2],[1],[0,2],[0,2],[2]]",UNSAT,UNSAT,UNSAT,"[0, 1]",0.030515,0.320295,0.003766,False
704350,2,7,"[2,3]","[1,3,3,1,2,3,1]","[[2,4],[0,2,3,4,5,6]]",FEASIBLE,FEASIBLE,FEASIBLE,null,0.027992,0.044327,0.002055,False
704351,6,6,"[1,2,2,1,1,1]","[3,1,3,1,1,2]","[[0,4,5],[0,2,3,4,5],[0,1,2,3,4,5],[1,5],[0,1,4],[0,1]]",FEASIBLE,FEASIBLE,FEASIBLE,null,0.540391,0.105053,0.004855,False
704352,5,4,"[1,2,2,1,1]","[1,3,1,1]","[[1],[1,2],[1,2],[0,1,2],[1,2,3]]",UNSAT,UNSAT,UNSAT,"[1, 2]",0.052237,0.081428,0.003305,False
704353,7,2,"[2,1,1,2,1,1,2]","[3,3]","[[0,1],[1],[0,1],[0,1],[1],[1],[0,1]]",UNSAT,UNSAT,UNSAT,"[0, 1, 3, 4]",0.211211,0.082308,0.003857,False
704354,7,3,"[1,3,2,1,2,1,1]","[1,1,2]","[[0,2],[0,1,2],[0,2],[0,1,2],[0,1,2],[1],[1]]",UNSAT,UNSAT,UNSAT,"[1, 2]",0.058952,0.110789,0.004483,False
704355,4,1,"[1,1,1,1]",[1],"[[0],[0],[0],[0]]",UNSAT,UNSAT,UNSAT,"[0, 1]",0.013368,0.044774,0.001783,False
704356,5,7,"[1,2,1,3,3]","[2,3,3,3,1,3,1]","[[1],[0,1,2,3,4,5,6],[0,1,2,3,4,5,6],[0,1,2,3,4,5,6],[0,1,2,3,4,5,6]]",FEASIBLE,FEASIBLE,FEASIBLE,null,0.269958,0.090245,0.004799,False
704357,1,7,[1],"[2,2,2,3,2,2,3]",[[4]],FEASIBLE,FEASIBLE,FEASIBLE,null,0.010433,0.023325,0.00102,False
704358,1,5,[2],"[1,2,2,1,2]","[[2,4]]",FEASIBLE,FEASIBLE,FEASIBLE,null,0.008209,0.028311,0.001087,False
704359,6,5,"[1,1,1,2,2,1]","[3,3,3,3,2]","[[1],[0,3,4],[4],[0,2,3],[1,2],[2]]",FEASIBLE,FEASIBLE,FEASIBLE,null,0.447293,0.205066,0.00263,False
704360,4,1,"[1,1,1,1]",[2],"[[0],[0],[0],[0]]",UNSAT,UNSAT,UNSAT,"[0, 1, 2]",0.026038,0.051239,0.001675,False
704361,5,4,"[1,3,2,2,3]","[2,2,3,3]","[[0,1,3],[0,1,2,3],[2,3],[0,1],[0,1,3]]",UNSAT,UNSAT,UNSAT,"[1, 3, 4]",0.127325,0.117941,0.018093,False
704362,1,5,[2],"[1,3,1,1,3]","[[0,3]]",FEASIBLE,FEASIBLE,FEASIBLE,null,0.008418,0.025473,0.001405,False
704363,1,4,[1],"[3,3,3,2]",[[0]],FEASIBLE,FEASIBLE,FEASIBLE,null,0.007665,0.020937,0.000786,False
704364,1,7,[3],"[3,2,2,3,2,3,1]","[[1,3,4]]",FEASIBLE,FEASIBLE,FEASIBLE,null,0.01045,0.028532,0.001359,False
704365,2,6,"[2,2]","[1,2,1,2,1,2]","[[0,4],[1,3,4,5]]",FEASIBLE,FEASIBLE,FEASIBLE,null,0.024456,0.037519,0.001732,False
704366,1,2,[1],"[3,3]",[[1]],FEASIBLE,FEASIBLE,FEASIBLE,null,0.005804,0.015589,0.000639,False
704367,5,5,"[3,2,1,1,1]","[3,1,1,1,2]","[[0,1,2,3,4],[0,3],[2,3],[0,1,3],[2,4]]",FEASIBLE,FEASIBLE,FEASIBLE,null,0.261052,0.085319,0.003882,False
704368,2,3,"[1,3]","[2,3,1]","[[0],[0,1,2]]",FEASIBLE,FEASIBLE,FEASIBLE,null,0.015839,0.033026,0.001376,False
704369,4,7,"[2,2,1,3]","[2,2,1,1,2,2,2]","[[1,2,3,4,5],[2,3],[1,4],[1,2,5,6]]",FEASIBLE,FEASIBLE,FEASIBLE,null,0.130218,0.10029,0.003574,False
704370,5,3,"[2,1,1,2,1]","[2,2,3]","[[0,1,2],[2],[0,2],[0,1,2],[0,1]]",FEASIBLE,FEASIBLE,FEASIBLE,null,0.168251,0.072921,0.002775,False
704371,1,1,[1],[3],[[0]],FEASIBLE,FEASIBLE,FEASIBLE,null,0.005613,0.018105,0.000642,False
704372,2,4,"[2,2]","[1,3,1,1]","[[0,1,2],[0,1,2,3]]",FEASIBLE,FEASIBLE,FEASIBLE,null,0.022107,0.039058,0.001562,False
704373,5,1,"[1,1,1,1,1]",[3],"[[0],[0],[0],[0],[0]]",UNSAT,UNSAT,UNSAT,"[0, 1, 2, 3]",0.064791,0.222625,0.005165,False
704374,6,6,"[1,3,2,3,1,3]","[3,3,3,2,3,3]","[[1],[1,3,4],[3,4],[0,2,3,4,5],[1,2,3],[0,3,4]]",UNSAT,UNSAT,UNSAT,"[1, 2, 5]",0.249374,0.122955,0.007704,False
704375,5,6,"[2,1,1,2,3]","[2,2,3,3,1,1]","[[0,2,3],[0,1,2,3,5],[1,4],[1,2,4],[0,1,2,3,4,5]]",FEASIBLE,FEASIBLE,FEASIBLE,null,0.245183,0.082747,0.004499,False
704376,4,5,"[1,1,2,1]","[1,2,2,3,3]","[[1,2,3,4],[1,2,3,4],[0,1,2,3,4],[4]]",FEASIBLE,FEASIBLE,FEASIBLE,null,0.097599,0.053864,0.003113,False
704377,4,6,"[2,3,1,2]","[1,3,2,2,1,1]","[[2,5],[0,1,2,3,4,5],[1,2,4,5],[1,5]]",UNSAT,UNSAT,UNSAT,"[0, 3]",0.050792,0.076402,0.004055,False
704378,5,2,"[1,2,1,1,1]","[1,3]","[[0],[0,1],[0],[0],[1]]",UNSAT,UNSAT,UNSAT,"[0, 1]",0.021811,0.059747,0.003208,False
704379,6,7,"[3,1,1,3,3,2]","[3,2,2,1,2,3,2]","[[2,3,5,6],[3],[1,3,6],[0,1,2,3,4,5,6],[1,2,3,4,5,6],[0,2,4]]",FEASIBLE,FEASIBLE,FEASIBLE,null,0.584449,0.12926,0.006299,False
704380,2,2,"[1,1]","[3,1]","[[0],[0]]",FEASIBLE,FEASIBLE,FEASIBLE,null,0.012987,0.02328,0.001046,False
704381,4,1,"[1,1,1,1]",[3],"[[0],[0],[0],[0]]",UNSAT,UNSAT,UNSAT,"[0, 1, 2, 3]",0.036903,0.052173,0.002292,False
704382,3,2,"[1,1,1]","[3,2]","[[0],[1],[0,1]]",FEASIBLE,FEASIBLE,FEASIBLE,null,0.025381,0.032008,0.001319,False
704383,3,2,"[1,1,1]","[1,3]","[[0],[0],[0,1]]",UNSAT,UNSAT,UNSAT,"[0, 1]",0.014535,0.042435,0.001947,False
704384,7,3,"[1,2,1,1,1,3,1]","[3,1,3]","[[2],[0,2],[0,1,2],[0],[0,1,2],[0,1,2],[1]]",UNSAT,UNSAT,UNSAT,"[5, 6]",0.110733,0.231417,0.005713,False
704385,5,2,"[1,2,1,1,2]","[3,3]","[[1],[0,1],[0],[0,1],[0,1]]",UNSAT,UNSAT,UNSAT,"[0, 1, 2, 3, 4]",0.101492,0.092405,0.00341,False
704386,3,6,"[2,1,1]","[1,2,3,3,2,3]","[[0,1,2,3,4,5],[2],[2]]",FEASIBLE,FEASIBLE,FEASIBLE,null,0.052471,0.047162,0.002176,False
704387,5,3,"[1,1,2,1,1]","[3,2,2]","[[1],[0,1,2],[1,2],[1],[0]]",UNSAT,UNSAT,UNSAT,"[0, 2, 3]",0.080204,0.062489,0.003074,False
704388,6,7,"[1,1,2,1,2,1]","[2,2,3,3,2,1,1]","[[4],[4],[0,1,2,3,4,5,6],[0,1,2,3,4,5,6],[1,4,5],[0,1,3]]",FEASIBLE,FEASIBLE,FEASIBLE,null,0.587003,0.08263,0.00413,False
704389,3,4,"[1,1,1]","[2,2,1,1]","[[2],[0,1,2,3],[2]]",UNSAT,UNSAT,UNSAT,"[0, 2]",0.030591,0.053299,0.002313,False
704390,7,1,"[1,1,1,1,1,1,1]",[2],"[[0],[0],[0],[0],[0],[0],[0]]",UNSAT,UNSAT,UNSAT,"[0, 1, 2]",0.060608,0.125419,0.003029,False
704391,1,6,[1],"[3,1,2,1,3,2]",[[5]],FEASIBLE,FEASIBLE,FEASIBLE,null,0.010071,0.021693,0.001017,False
704392,2,2,"[2,1]","[1,3]","[[0,1],[0]]",UNSAT,UNSAT,UNSAT,"[0, 1]",0.012464,0.045118,0.001713,False
704393,2,2,"[1,2]","[2,1]","[[0],[0,1]]",FEASIBLE,FEASIBLE,FEASIBLE,null,0.012552,0.027276,0.001078,False
704394,7,3,"[2,2,1,1,2,2,1]","[3,2,1]","[[1,2],[0,1],[1],[1,2],[0,1,2],[0,1],[0,1]]",UNSAT,UNSAT,UNSAT,"[0, 1, 2]",0.116726,0.120675,0.005978,False
704395,3,5,"[1,1,1]","[3,2,2,2,2]","[[2],[0,1],[3]]",FEASIBLE,FEASIBLE,FEASIBLE,null,0.046574,0.033973,0.001687,False
704396,5,2,"[1,1,2,1,1]","[2,2]","[[0],[0,1],[0,1],[0],[0]]",UNSAT,UNSAT,UNSAT,"[0, 2, 3]",0.06537,0.19742,0.00347,False
704397,2,1,"[1,1]",[3],"[[0],[0]]",FEASIBLE,FEASIBLE,FEASIBLE,null,0.007819,0.018519,0.000838,False
704398,6,7,"[2,1,1,3,1,1]","[1,2,1,2,3,1,1]","[[0,1,3,4,6],[2,6],[4],[0,1,2,3,4],[5,6],[0,3,4]]",FEASIBLE,FEASIBLE,FEASIBLE,null,0.446998,0.061918,0.003845,False
704399,2,6,"[1,3]","[1,1,2,3,1,2]","[[1,5],[0,1,4,5]]",FEASIBLE,FEASIBLE,FEASIBLE,null,0.018898,0.031774,0.001938,False
704400,6,3,"[1,1,2,1,1,1]","[3,3,1]","[[0],[1,2],[0,1,2],[2],[1],[1]]",UNSAT,UNSAT,UNSAT,"[1, 2, 3, 4, 5]",0.216759,0.059056,0.00357,False
704401,5,4,"[1,1,1,1,3]","[2,2,1,3]","[[3],[0,3],[1,3],[0,1,2,3],[0,1,3]]",FEASIBLE,FEASIBLE,FEASIBLE,null,0.13292,0.059421,0.00325,False
704402,1,7,[1],"[2,1,3,1,3,2,1]","[[1,2,3,4,5,6]]",FEASIBLE,FEASIBLE,FEASIBLE,null,0.008438,0.021521,0.001609,False
704403,3,5,"[1,3,1]","[2,1,3,3,3]","[[0],[0,1,2,3,4],[0,2]]",FEASIBLE,FEASIBLE,FEASIBLE,null,0.059555,0.038801,0.002127,False
704404,2,3,"[1,3]","[3,1,3]","[[0,1,2],[0,1,2]]",FEASIBLE,FEASIBLE,FEASIBLE,null,0.012804,0.029286,0.001452,False
704405,7,1,"[1,1,1,1,1,1,1]",[2],"[[0],[0],[0],[0],[0],[0],[0]]",UNSAT,UNSAT,UNSAT,"[0, 1, 2]",0.047909,0.053247,0.002827,False
704406,6,4,"[2,2,3,1,2,2]","[2,2,3,3]","[[0,1,2,3],[1,3],[0,1,2,3],[0],[0,1],[1,2,3]]",UNSAT,UNSAT,UNSAT,"[1, 2, 3, 4]",0.225678,0.112659,0.006361,False
704407,3,4,"[1,3,1]","[1,1,2,3]","[[1],[0,2,3],[2]]",FEASIBLE,FEASIBLE,FEASIBLE,null,0.03138,0.035851,0.001727,False
704408,7,3,"[2,3,1,1,1,1,1]","[1,1,3]","[[0,2],[0,1,2],[0,1,2],[0],[0,2],[0,1,2],[2]]",UNSAT,UNSAT,UNSAT,"[0, 1]",0.026567,0.185871,0.004961,False
704409,7,6,"[3,2,3,3,1,2,3]","[1,3,1,1,2,3]","[[1,2,3,5],[0,1],[1,2,4,5],[0,1,2,3,4,5],[5],[1,4],[0,1,3]]",UNSAT,UNSAT,UNSAT,"[1, 6]",0.126294,0.108917,0.006837,False
704410,6,5,"[2,2,2,1,2,1]","[1,3,1,1,1]","[[2,4],[0,2,3],[0,3,4],[0,1,3,4],[0,1,3,4],[0,1,2,4]]",UNSAT,UNSAT,UNSAT,"[0, 1, 2]",0.107689,0.085648,0.005859,False
704411,1,5,[3],"[3,2,1,3,2]","[[0,2,4]]",FEASIBLE,FEASIBLE,FEASIBLE,null,0.00695,0.024215,0.001342,False
704412,5,2,"[1,1,2,1,1]","[3,2]","[[0,1],[1],[0,1],[0],[0]]",UNSAT,UNSAT,UNSAT,"[0, 1, 2, 3, 4]",0.083261,0.052427,0.002905,False
704413,5,7,"[3,1,3,3,2]","[2,1,3,3,2,2,3]","[[0,1,2,3,4,5,6],[1,2,6],[3,4,5,6],[0,2,3,4,5,6],[0,1,3,4,5]]",FEASIBLE,FEASIBLE,FEASIBLE,null,0.243711,0.077376,0.004748,False
704414,7,2,"[1,1,1,1,2,1,1]","[2,2]","[[0],[0,1],[1],[0,1],[0,1],[0,1],[0]]",UNSAT,UNSAT,UNSAT,"[0, 4, 6]",0.102702,0.064688,0.003724,False
704415,3,1,"[1,1,1]",[2],"[[0],[0],[0]]",UNSAT,UNSAT,UNSAT,"[0, 1, 2]",0.014401,0.033186,0.001782,False
704416,3,1,"[1,1,1]",[2],"[[0],[0],[0]]",UNSAT,UNSAT,UNSAT,"[0, 1, 2]",0.014611,0.032404,0.001177,False
704417,1,7,[3],"[1,1,1,2,1,3,1]","[[0,1,2,3,6]]",FEASIBLE,FEASIBLE,FEASIBLE,null,0.008352,0.030951,0.001484,False
704418,6,6,"[3,2,1,3,2,3]","[3,2,1,2,1,3]","[[0,3,4,5],[1,3,4,5],[0,1,2,3],[0,1,2,3,4,5],[0,2,3,4,5],[0,1,3,5]]",UNSAT,UNSAT,UNSAT,"[0, 1, 3, 4, 5]",0.379226,0.235947,0.009044,False
704419,1,7,[2],"[1,2,2,3,3,3,2]","[[3,4]]",FEASIBLE,FEASIBLE,FEASIBLE,null,0.008185,0.021162,0.00121,False
704420,5,5,"[3,1,1,3,1]","[2,2,1,3,1]","[[0,1,2,3,4],[0,2,3,4],[0],[1,3,4],[3]]",FEASIBLE,FEASIBLE,FEASIBLE,null,0.157649,0.070149,0.003681,False
704421,4,1,"[1,1,1,1]",[1],"[[0],[0],[0],[0]]",UNSAT,UNSAT,UNSAT,"[0, 1]",0.010233,0.035805,0.002005,False
704422,2,2,"[1,1]","[3,2]","[[0,1],[1]]",FEASIBLE,FEASIBLE,FEASIBLE,null,0.009579,0.019297,0.001168,False
704423,2,6,"[1,1]","[1,2,1,2,3,2]","[[0,1,2,3,4,5],[2,3,5]]",FEASIBLE,FEASIBLE,FEASIBLE,null,0.018383,0.027432,0.00188,False
704424,2,5,"[1,3]","[2,2,1,3,2]","[[0,1,3,4],[0,3,4]]",FEASIBLE,FEASIBLE,FEASIBLE,null,0.017247,0.031255,0.001624,False
704425,2,3,"[2,1]","[1,2,1]","[[0,1],[2]]",FEASIBLE,FEASIBLE,FEASIBLE,null,0.011872,0.022261,0.001269,False
704426,5,3,"[1,2,1,1,3]","[1,2,3]","[[0,1],[0,1,2],[1],[1],[0,1,2]]",UNSAT,UNSAT,UNSAT,"[0, 1, 4]",0.058693,0.057649,0.003536,False
704427,3,1,"[1,1,1]",[1],"[[0],[0],[0]]",UNSAT,UNSAT,UNSAT,"[0, 1]",0.008525,0.031459,0.00151,False
704428,1,1,[1],[1],[[0]],FEASIBLE,FEASIBLE,FEASIBLE,null,0.003414,0.013064,0.000701,False
704429,7,7,"[1,3,1,3,3,3,2]","[3,3,3,3,2,3,2]","[[1,3],[0,1,2,3,4,5,6],[0,2,3,4,6],[0,1,2,4,5,6],[1,4,6],[1,2,3,6],[0,1,2,3,4,5,6]]",FEASIBLE,FEASIBLE,FEASIBLE,null,0.932353,0.123727,0.007488,False
704430,4,5,"[2,1,3,2]","[3,3,3,3,2]","[[0,1,2,3,4],[2,4],[1,2,3,4],[0,1,3,4]]",FEASIBLE,FEASIBLE,FEASIBLE,null,0.076031,0.151661,0.003038,False
704431,1,6,[1],"[1,2,3,2,2,1]","[[1,2,3,4,5]]",FEASIBLE,FEASIBLE,FEASIBLE,null,0.007452,0.020048,0.001373,False
704432,2,4,"[1,1]","[3,2,2,1]","[[0,2],[0]]",FEASIBLE,FEASIBLE,FEASIBLE,null,0.014196,0.020766,0.001071,False
704433,1,4,[1],"[2,2,2,1]","[[0,1,3]]",FEASIBLE,FEASIBLE,FEASIBLE,null,0.007255,0.030714,0.001034,False
704434,2,2,"[1,2]","[1,1]","[[0],[0,1]]",UNSAT,UNSAT,UNSAT,"[0, 1]",0.010319,0.03344,0.001726,False
704435,7,3,"[1,1,1,1,1,2,1]","[2,1,3]","[[1],[0,1,2],[0],[0],[1],[1,2],[0,1,2]]",UNSAT,UNSAT,UNSAT,"[0, 4]",0.035026,0.108509,0.004541,False
704436,2,5,"[2,1]","[1,3,2,1,1]","[[0,1,2,3,4],[1,2,3,4]]",FEASIBLE,FEASIBLE,FEASIBLE,null,0.017053,0.029798,0.002,False
704437,5,5,"[2,1,1,3,1]","[3,2,1,1,3]","[[0,3],[1,2,3,4],[4],[0,2,3],[2,3,4]]",UNSAT,UNSAT,UNSAT,"[0, 3]",0.037838,0.062265,0.003736,False
704438,1,3,[1],"[2,3,2]","[[0,1,2]]",FEASIBLE,FEASIBLE,FEASIBLE,null,0.005139,0.016169,0.000916,False
704439,1,6,[2],"[2,1,2,3,1,1]","[[1,3,4]]",FEASIBLE,FEASIBLE,FEASIBLE,null,0.007249,0.020067,0.001219,False
704440,4,1,"[1,1,1,1]",[2],"[[0],[0],[0],[0]]",UNSAT,UNSAT,UNSAT,"[0, 1, 2]",0.020501,0.038257,0.001947,False
704441,1,3,[1],"[1,1,3]",[[2]],FEASIBLE,FEASIBLE,FEASIBLE,null,0.005352,0.019086,0.000797,False
704442,2,3,"[2,1]","[1,1,3]","[[0,2],[2]]",FEASIBLE,FEASIBLE,FEASIBLE,null,0.012155,0.023655,0.001163,False
704443,4,2,"[1,1,1,1]","[2,3]","[[0],[0,1],[0],[0]]",UNSAT,UNSAT,UNSAT,"[0, 2, 3]",0.033975,0.053337,0.002592,False
704444,5,3,"[1,3,1,2,3]","[3,2,3]","[[0,1,2],[0,1,2],[0,1,2],[0,1],[0,1,2]]",UNSAT,UNSAT,UNSAT,"[1, 3, 4]",0.079329,0.097133,0.005248,False
704445,6,7,"[1,1,1,1,2,1]","[2,2,1,1,2,1,2]","[[1,2,3,4,5,6],[0,1,3],[0],[3],[2,3,6],[2]]",UNSAT,UNSAT,UNSAT,"[3, 4, 5]",0.4413,0.070302,0.004643,False
704446,2,2,"[1,1]","[2,3]","[[1],[0]]",FEASIBLE,FEASIBLE,FEASIBLE,null,0.010451,0.019767,0.001066,False
704447,5,7,"[2,1,1,3,2]","[1,2,1,1,2,1,2]","[[0,1,2,3,4,5,6],[0,1,2,3,4,5,6],[0,2,3,4,5],[0,1,2,3,4,5,6],[1,4,5,6]]",FEASIBLE,FEASIBLE,FEASIBLE,null,0.236005,0.079378,0.005185,False
704448,7,4,"[3,2,1,2,1,1,3]","[1,3,2,3]","[[0,1,2,3],[0,2],[3],[0,1,2,3],[0,3],[0,2],[0,1,2,3]]",UNSAT,UNSAT,UNSAT,"[0, 1, 5]",0.130435,0.093216,0.005705,False
704449,2,2,"[1,1]","[1,1]","[[1],[1]]",UNSAT,UNSAT,UNSAT,"[0, 1]",0.010105,0.029849,0.001347,False
704450,2,3,"[1,1]","[3,2,1]","[[0],[0,2]]",FEASIBLE,FEASIBLE,FEASIBLE,null,0.011925,0.020638,0.001088,False
704451,4,5,"[1,1,1,1]","[1,1,2,1,3]","[[4],[0],[0,1,2,3,4],[2]]",FEASIBLE,FEASIBLE,FEASIBLE,null,0.074625,0.034686,0.002158,False
704452,1,1,[1],[2],[[0]],FEASIBLE,FEASIBLE,FEASIBLE,null,0.003711,0.011607,0.000615,False
704453,2,5,"[1,1]","[2,2,3,1,1]","[[0,1,2,3],[2]]",FEASIBLE,FEASIBLE,FEASIBLE,null,0.016659,0.023195,0.001341,False
704454,4,2,"[1,1,2,1]","[2,1]","[[1],[0],[0,1],[1]]",UNSAT,UNSAT,UNSAT,"[0, 2]",0.016074,0.041229,0.002231,False
704455,6,1,"[1,1,1,1,1,1]",[3],"[[0],[0],[0],[0],[0],[0]]",UNSAT,UNSAT,UNSAT,"[0, 1, 2, 3]",0.068677,0.047475,0.002573,False
704456,1,7,[3],"[1,2,1,1,2,3,3]","[[0,1,2,3,4,5,6]]",FEASIBLE,FEASIBLE,FEASIBLE,null,0.008092,0.027942,0.001618,False
704457,6,3,"[1,2,1,3,2,1]","[2,3,3]","[[0],[0,1],[2],[0,1,2],[0,2],[0,1,2]]",UNSAT,UNSAT,UNSAT,"[0, 1, 3]",0.073259,0.17088,0.003518,False
704458,1,5,[1],"[2,3,1,1,3]","[[0,1,2,3,4]]",FEASIBLE,FEASIBLE,FEASIBLE,null,0.006481,0.019347,0.001153,False
704459,5,7,"[3,1,1,1,3]","[2,1,2,1,2,1,1]","[[0,1,2,3,4,5,6],[0,1,3,4,5,6],[4],[0,1,2,3,4,5,6],[0,1,3,4,5,6]]",FEASIBLE,FEASIBLE,FEASIBLE,null,0.211183,0.068276,0.004516,False
704460,7,4,"[2,1,2,2,1,3,1]","[1,1,1,2]","[[0,1,2,3],[1,2,3],[0,2,3],[0,2],[1,3],[0,1,2,3],[0,2]]",UNSAT,UNSAT,UNSAT,"[2, 3]",0.075732,0.089553,0.005538,False
704461,6,6,"[1,1,2,2,1,1]","[1,3,3,2,3,2]","[[0],[5],[0,1,2,4,5],[0,2,3,4,5],[0,1,4],[0,1,2,3,4,5]]",FEASIBLE,FEASIBLE,FEASIBLE,null,0.382926,0.064419,0.003676,False
704462,4,5,"[1,3,2,1]","[1,2,1,2,1]","[[0,2],[0,1,2,4],[0,4],[0,1,2,3,4]]",UNSAT,UNSAT,UNSAT,"[1, 2]",0.03868,0.070433,0.003712,False
704463,4,1,"[1,1,1,1]",[1],"[[0],[0],[0],[0]]",UNSAT,UNSAT,UNSAT,"[0, 1]",0.01044,0.038648,0.001654,False
704464,3,3,"[1,1,1]","[2,3,3]","[[2],[0],[2]]",FEASIBLE,FEASIBLE,FEASIBLE,null,0.025186,0.023889,0.001305,False
704465,4,6,"[1,1,1,2]","[1,2,3,3,2,1]","[[0,1,2,3,4,5],[3],[0,5],[0,2,3,4]]",FEASIBLE,FEASIBLE,FEASIBLE,null,0.087944,0.043087,0.002573,False
704466,5,7,"[2,2,1,2,1]","[2,1,3,1,1,1,2]","[[0,1,2,3,4,5,6],[2,3,6],[0,1,3],[1,2,3,5],[0,1,4,5,6]]",FEASIBLE,FEASIBLE,FEASIBLE,null,0.21498,0.161935,0.003652,False
704467,7,7,"[2,1,3,3,1,2,1]","[2,3,1,1,2,2,2]","[[0,2,3,4,5],[1,2],[0,3,4,5],[0,1,2,3,4,5,6],[1],[1,2,3,5,6],[4]]",FEASIBLE,FEASIBLE,FEASIBLE,null,0.970142,0.122044,0.006113,False
704468,3,6,"[3,1,3]","[2,1,2,1,2,1]","[[1,4,5],[0],[1,2,5]]",UNSAT,UNSAT,UNSAT,"[0, 2]",0.030085,0.053436,0.003118,False
704469,2,6,"[2,1]","[2,2,2,1,1,2]","[[0,5],[0,1,2,3,4,5]]",FEASIBLE,FEASIBLE,FEASIBLE,null,0.019335,0.030736,0.001788,False
704470,5,7,"[1,3,3,2,1]","[3,2,2,1,3,1,3]","[[2],[1,3,4],[0,1,2,3,4,5,6],[0,2,3],[0,1,2,3,4,5,6]]",FEASIBLE,FEASIBLE,FEASIBLE,null,0.220132,0.08362,0.004639,False
704471,7,4,"[1,1,2,3,2,2,1]","[1,1,3,3]","[[0,1,2,3],[1,2,3],[1,2],[1,2,3],[0,3],[0,2],[2,3]]",UNSAT,UNSAT,UNSAT,"[2, 3]",0.077789,0.087283,0.005208,False
704472,3,2,"[2,1,1]","[1,1]","[[0,1],[1],[0]]",UNSAT,UNSAT,UNSAT,"[0, 1]",0.012381,0.037913,0.002106,False
704473,6,5,"[1,1,1,1,1,1]","[1,1,3,2,2]","[[0,4],[0,1,2,4],[1,4],[0],[2],[0]]",UNSAT,UNSAT,UNSAT,"[3, 5]",0.116817,0.092678,0.004074,False
704474,6,1,"[1,1,1,1,1,1]",[2],"[[0],[0],[0],[0],[0],[0]]",UNSAT,UNSAT,UNSAT,"[0, 1, 2]",0.038354,0.056102,0.002391,False
704475,3,2,"[1,1,1]","[2,2]","[[0,1],[0,1],[0]]",FEASIBLE,FEASIBLE,FEASIBLE,null,0.02128,0.038762,0.001741,False
704476,7,7,"[2,2,1,1,2,1,1]","[3,2,2,1,2,3,1]","[[0,1,6],[0,1,4,5,6],[2,3,6],[3,6],[0,3,4,5,6],[6],[3]]",UNSAT,UNSAT,UNSAT,"[3, 5, 6]",0.418811,0.196308,0.005102,False
704477,6,3,"[1,1,1,2,1,1]","[1,3,2]","[[2],[0,2],[0],[0,1],[1,2],[2]]",UNSAT,UNSAT,UNSAT,"[2, 3]",0.053034,0.059189,0.003328,False
704478,2,5,"[1,2]","[1,1,2,2,2]","[[3],[1,2,3,4]]",FEASIBLE,FEASIBLE,FEASIBLE,null,0.020411,0.027702,0.001534,False
704479,3,7,"[2,1,1]","[2,1,2,2,1,2,1]","[[0,1,2,3,4,5,6],[4],[2,5]]",FEASIBLE,FEASIBLE,FEASIBLE,null,0.047838,0.037037,0.00219,False
704480,2,5,"[3,1]","[1,3,1,1,3]","[[2,3,4],[3]]",UNSAT,UNSAT,UNSAT,"[0, 1]",0.016612,0.037753,0.002017,False
704481,2,7,"[2,1]","[3,3,2,1,2,2,3]","[[0,1,2,3,4,5,6],[0,2,3,5]]",FEASIBLE,FEASIBLE,FEASIBLE,null,0.021788,0.032964,0.002002,False
704482,5,1,"[1,1,1,1,1]",[2],"[[0],[0],[0],[0],[0]]",UNSAT,UNSAT,UNSAT,"[0, 1, 2]",0.028203,0.043139,0.002102,False
704483,1,1,[1],[2],[[0]],FEASIBLE,FEASIBLE,FEASIBLE,null,0.003796,0.024429,0.000604,False
704484,7,3,"[1,2,1,2,2,1,1]","[1,1,2]","[[0,1],[1,2],[0,1,2],[0,1,2],[0,1,2],[1],[2]]",UNSAT,UNSAT,UNSAT,"[1, 5]",0.054508,0.074223,0.004436,False
704485,2,3,"[2,2]","[2,2,1]","[[0,1],[0,1,2]]",FEASIBLE,FEASIBLE,FEASIBLE,null,0.012034,0.02713,0.001358,False
704486,2,7,"[1,2]","[2,2,1,2,1,2,3]","[[1,2,3,4],[0,1,2,6]]",FEASIBLE,FEASIBLE,FEASIBLE,null,0.03536,0.031621,0.001843,False
704487,5,3,"[1,1,1,1,2]","[3,2,1]","[[1,2],[0,1,2],[1,2],[0,1],[0,1]]",FEASIBLE,FEASIBLE,FEASIBLE,null,0.104853,0.053025,0.002647,False
704488,2,7,"[2,2]","[3,3,1,3,2,1,1]","[[0,1,2,3,4,5],[1,4,5]]",FEASIBLE,FEASIBLE,FEASIBLE,null,0.020913,0.210756,0.001957,False
704489,3,4,"[1,1,2]","[1,1,3,3]","[[0,1,2,3],[1,2],[0,1,2,3]]",FEASIBLE,FEASIBLE,FEASIBLE,null,0.031018,0.03583,0.001967,False
704490,6,2,"[1,1,1,1,2,1]","[1,1]","[[0],[1],[0,1],[0,1],[0,1],[0]]",UNSAT,UNSAT,UNSAT,"[0, 4]",0.025094,0.055072,0.002976,False
704491,4,3,"[1,2,1,1]","[1,1,1]","[[1],[0,2],[0],[1]]",UNSAT,UNSAT,UNSAT,"[0, 3]",0.023417,0.044103,0.002367,False
704492,4,4,"[1,2,1,2]","[2,1,2,3]","[[0,3],[0,1,2,3],[3],[0,2,3]]",FEASIBLE,FEASIBLE,FEASIBLE,null,0.066786,0.041806,0.001977,False
704493,7,1,"[1,1,1,1,1,1,1]",[2],"[[0],[0],[0],[0],[0],[0],[0]]",UNSAT,UNSAT,UNSAT,"[0, 1, 2]",0.046318,0.050357,0.00246,False
704494,5,3,"[1,1,1,1,2]","[2,2,2]","[[0,1],[1],[1],[2],[0,1]]",UNSAT,UNSAT,UNSAT,"[1, 2, 4]",0.076038,0.06409,0.002691,False
704495,4,4,"[2,2,2,1]","[3,2,3,1]","[[0,1,2,3],[1,3],[1,3],[0]]",UNSAT,UNSAT,UNSAT,"[1, 2]",0.032452,0.065023,0.003305,False
704496,6,2,"[1,1,2,1,1,1]","[3,1]","[[0],[0,1],[0,1],[1],[1],[0,1]]",UNSAT,UNSAT,UNSAT,"[2, 3]",0.03869,0.05618,0.003175,False
704497,6,7,"[2,2,2,1,1,2]","[1,2,3,3,1,3,1]","[[0,2,4,5],[0,1,2,3,4,5],[0,4],[1,3,5],[2],[0,3,5]]",FEASIBLE,FEASIBLE,FEASIBLE,null,0.473908,0.083844,0.004579,False
704498,2,3,"[1,1]","[3,1,2]","[[1],[1,2]]",FEASIBLE,FEASIBLE,FEASIBLE,null,0.012417,0.021388,0.001117,False
704499,5,2,"[1,2,1,1,1]","[3,2]","[[1],[0,1],[1],[1],[0,1]]",UNSAT,UNSAT,UNSAT,"[0, 1, 2]",0.039429,0.048047,0.002511,False
704500,1,6,[3],"[2,1,3,2,3,1]","[[0,1,3,4,5]]",FEASIBLE,FEASIBLE,FEASIBLE,null,0.007388,0.127981,0.001357,False
704501,7,6,"[1,1,3,1,3,3,2]","[3,1,1,2,3,2]","[[1,5],[1,2,3,5],[0,1,4,5],[4,5],[1,2,4],[1,3,5],[1,2,3,4]]",UNSAT,UNSAT,UNSAT,"[4, 5]",0.144478,0.09748,0.006742,False
704502,3,4,"[1,1,1]","[3,2,3,1]","[[2],[0,1,2,3],[1]]",FEASIBLE,FEASIBLE,FEASIBLE,null,0.031136,0.028706,0.001612,False
704503,4,6,"[3,1,2,2]","[3,3,2,1,3,3]","[[0,1,2,3,4,5],[1,2,4],[0,1,2,5],[0,1,2,3,4,5]]",FEASIBLE,FEASIBLE,FEASIBLE,null,0.090965,0.053298,0.003377,False
704504,1,3,[2],"[2,1,1]","[[1,2]]",FEASIBLE,FEASIBLE,FEASIBLE,null,0.005415,0.01726,0.000963,False
704505,1,3,[1],"[1,3,3]","[[0,1]]",FEASIBLE,FEASIBLE,FEASIBLE,null,0.004918,0.014228,0.000798,False
704506,1,4,[3],"[3,1,2,2]","[[0,1,3]]",FEASIBLE,FEASIBLE,FEASIBLE,null,0.005305,0.020961,0.001059,False
704507,3,1,"[1,1,1]",[1],"[[0],[0],[0]]",UNSAT,UNSAT,UNSAT,"[0, 1]",0.008627,0.031187,0.001435,False
704508,5,1,"[1,1,1,1,1]",[2],"[[0],[0],[0],[0],[0]]",UNSAT,UNSAT,UNSAT,"[0, 1, 2]",0.027067,0.041316,0.002024,False
704509,7,5,"[3,3,1,3,1,1,2]","[2,3,2,2,1]","[[2,3,4],[0,1,2,3,4],[1],[1,2,4],[3],[0],[0,2]]",UNSAT,UNSAT,UNSAT,"[0, 3]",0.047031,0.084356,0.006409,False
704510,2,5,"[2,1]","[2,1,2,1,3]","[[0,1,2,4],[1]]",FEASIBLE,FEASIBLE,FEASIBLE,null,0.016489,0.035534,0.001923,False
704511,5,5,"[3,1,2,1,1]","[3,3,1,1,1]","[[1,3,4],[0,1,3,4],[0,1,2,3,4],[0,1,2,3,4],[3]]",UNSAT,UNSAT,UNSAT,"[0, 4]",0.04237,0.081294,0.004169,False
704512,7,7,"[1,2,2,1,3,1,2]","[1,3,3,2,3,3,3]","[[0,1,2,3,4,5,6],[3,6],[0,1,2,3,4,5,6],[0,1,3,4,5,6],[0,1,2,3,4,5,6],[5,6],[0,1]]",FEASIBLE,FEASIBLE,FEASIBLE,null,0.96299,0.210593,0.006576,False
704513,6,7,"[1,2,2,1,3,1]","[3,3,3,2,1,1,3]","[[0],[0,1,4,6],[1,2,4,5,6],[4,5],[1,4,6],[2,4,5]]",FEASIBLE,FEASIBLE,FEASIBLE,null,0.469968,0.078081,0.004077,False
704514,4,5,"[1,3,1,1]","[2,3,2,1,2]","[[1,2,4],[0,1,2,3],[1],[0]]",FEASIBLE,FEASIBLE,FEASIBLE,null,0.092465,0.041311,0.00206,False
704515,2,2,"[1,2]","[1,1]","[[1],[0,1]]",UNSAT,UNSAT,UNSAT,"[0, 1]",0.009991,0.031217,0.001663,False
704516,3,1,"[1,1,1]",[1],"[[0],[0],[0]]",UNSAT,UNSAT,UNSAT,"[0, 1]",0.008335,0.030598,0.001388,False
704517,7,5,"[1,3,1,2,1,1,1]","[1,3,3,3,3]","[[0,1],[0,1,2,3],[0,1,3],[0,3],[4],[0,2,3,4],[0,1,2,3,4]]",FEASIBLE,FEASIBLE,FEASIBLE,null,0.688477,0.088372,0.004873,False
704518,2,5,"[2,1]","[3,3,2,2,1]","[[0,1,2,3,4],[0,1,3]]",FEASIBLE,FEASIBLE,FEASIBLE,null,0.016477,0.027984,0.001662,False
704519,1,4,[1],"[3,1,2,2]",[[0]],FEASIBLE,FEASIBLE,FEASIBLE,null,0.006003,0.01419,0.000775,False
704520,6,3,"[1,1,1,1,1,1]","[2,1,1]","[[1],[0,1],[0,1],[2],[0],[1]]",UNSAT,UNSAT,UNSAT,"[0, 5]",0.034833,0.053905,0.0031,False
704521,2,4,"[1,1]","[2,2,3,1]","[[2],[1,3]]",FEASIBLE,FEASIBLE,FEASIBLE,null,0.014038,0.02145,0.001177,False
704522,7,7,"[1,1,1,1,1,2,2]","[2,1,3,2,1,1,2]","[[2,3,4],[0,2,5],[0,4,5,6],[0,2,3,4,5,6],[3],[0,1,2,3,4,5,6],[1,3,4,6]]",FEASIBLE,FEASIBLE,FEASIBLE,null,0.953579,0.170519,0.004613,False
704523,7,6,"[2,3,2,2,1,2,1]","[2,3,2,3,1,3]","[[0,3,5],[1,3,5],[0,1,2,3,4,5],[1,4,5],[1,2,4],[1,3],[0,1,2,3,4,5]]",FEASIBLE,FEASIBLE,FEASIBLE,null,0.808798,0.123392,0.005438,False
704524,5,2,"[1,1,1,1,2]","[1,1]","[[0],[1],[0],[1],[0,1]]",UNSAT,UNSAT,UNSAT,"[0, 2]",0.019021,0.047025,0.002567,False
704525,7,5,"[1,2,1,1,1,1,3]","[3,1,2,1,2]","[[1,4],[0,1,2,3,4],[0,1,2,4],[0,1,3],[1,2],[1],[0,1,2,3,4]]",UNSAT,UNSAT,UNSAT,"[0, 1, 2, 3, 4, 5, 6]",0.702035,0.124717,0.007403,False
704526,7,4,"[2,2,3,3,1,3,1]","[1,1,2,1]","[[0,2,3],[0,3],[1,2,3],[0,1,3],[1],[0,2,3],[1,2]]",UNSAT,UNSAT,UNSAT,"[0, 1]",0.032187,0.080589,0.005146,False
704527,7,7,"[1,2,1,1,3,2,2]","[2,2,3,1,2,1,3]","[[2,4],[0,1,4],[1],[0,1,2,4],[0,1,2,3,6],[3,4],[0,1,2,3,4,5,6]]",FEASIBLE,FEASIBLE,FEASIBLE,null,0.958865,0.100303,0.00531,False
704528,4,5,"[2,2,2,1]","[2,3,3,2,1]","[[0,1,2,3,4],[0,1,2,3],[3,4],[2]]",FEASIBLE,FEASIBLE,FEASIBLE,null,0.090834,0.046582,0.002474,False
704529,7,2,"[1,1,1,2,1,2,2]","[1,3]","[[0],[0],[1],[0,1],[0,1],[0,1],[0,1]]",UNSAT,UNSAT,UNSAT,"[0, 1]",0.020129,0.064092,0.003654,False
704530,6,2,"[1,1,1,1,2,1]","[1,1]","[[0],[0,1],[0],[0,1],[0,1],[1]]",UNSAT,UNSAT,UNSAT,"[0, 2]",0.020035,0.058459,0.002882,False
704531,5,7,"[1,1,1,1,1]","[2,2,3,3,2,2,3]","[[2,4,5],[3],[1,2],[3],[2,4,6]]",FEASIBLE,FEASIBLE,FEASIBLE,null,0.207751,0.147363,0.00237,False
704532,6,5,"[1,1,1,1,3,1]","[3,2,3,2,1]","[[1,3,4],[2],[1],[3],[0,1,2,3,4],[0,1,4]]",FEASIBLE,FEASIBLE,FEASIBLE,null,0.326205,0.051696,0.002928,False
704533,2,7,"[2,3]","[2,1,3,2,3,1,2]","[[0,1,2,4,5,6],[0,2,3,6]]",FEASIBLE,FEASIBLE,FEASIBLE,null,0.02096,0.036465,0.002143,False
704534,3,1,"[1,1,1]",[2],"[[0],[0],[0]]",UNSAT,UNSAT,UNSAT,"[0, 1, 2]",0.013935,0.032569,0.001429,False
704535,4,1,"[1,1,1,1]",[1],"[[0],[0],[0],[0]]",UNSAT,UNSAT,UNSAT,"[0, 1]",0.014424,0.047428,0.001619,False
704536,6,6,"[1,3,2,3,1,1]","[1,3,2,3,1,1]","[[0,1,3,4,5],[0,2,5],[1,4],[1,2,5],[3],[4]]",UNSAT,UNSAT,UNSAT,"[1, 3]",0.102646,0.120617,0.005347,False
704537,7,3,"[1,1,3,1,1,2,2]","[2,1,3]","[[0,1,2],[0,1],[0,1,2],[0,1],[1],[0,1],[0,1,2]]",UNSAT,UNSAT,UNSAT,"[2, 4]",0.094873,0.130137,0.005494,False
704538,6,5,"[1,1,1,3,1,2]","[1,2,3,1,1]","[[0,3],[0,1,2,4],[0,1,2,3,4],[0,1,2,3],[0],[1,4]]",UNSAT,UNSAT,UNSAT,"[0, 3, 4]",0.183386,0.138517,0.005563,False
704539,5,5,"[2,1,1,1,1]","[1,2,1,2,2]","[[0,1,2,3],[4],[0,2,3,4],[0,1,3],[1,2]]",FEASIBLE,FEASIBLE,FEASIBLE,null,0.200059,0.073746,0.003573,False
704540,4,5,"[1,1,1,1]","[3,3,2,2,3]","[[2],[2,3],[1],[0,1,2,4]]",FEASIBLE,FEASIBLE,FEASIBLE,null,0.092693,0.040054,0.001915,False
704541,1,2,[1],"[3,2]","[[0,1]]",FEASIBLE,FEASIBLE,FEASIBLE,null,0.005711,0.017383,0.001218,False
704542,1,5,[1],"[1,3,2,3,2]",[[0]],FEASIBLE,FEASIBLE,FEASIBLE,null,0.007868,0.159465,0.000892,False
704543,5,2,"[1,2,2,2,1]","[1,1]","[[1],[0,1],[0,1],[0,1],[0]]",UNSAT,UNSAT,UNSAT,"[0, 1]",0.019753,0.063293,0.003364,False
704544,7,6,"[3,2,1,1,2,3,2]","[1,2,2,2,2,2]","[[1,3,5],[0,1,3,4,5],[2],[0,1,2,3,4],[1,3],[0,1,2,4,5],[0,1,2,3]]",UNSAT,UNSAT,UNSAT,"[0, 1, 4, 5, 6]",0.758118,0.145943,0.008596,False
704545,6,7,"[2,2,3,1,1,2]","[1,1,3,3,3,2,2]","[[0,1,2,3,4,5,6],[0,3,5,6],[1,2,4],[3],[1,3,4,5],[0,1,2,3,4,5,6]]",FEASIBLE,FEASIBLE,FEASIBLE,null,0.451244,0.098593,0.005446,False
704546,2,7,"[3,3]","[2,2,1,1,1,3,3]","[[0,1,2,3,4,6],[0,4,5]]",FEASIBLE,FEASIBLE,FEASIBLE,null,0.021904,0.041952,0.002138,False
704547,4,5,"[1,1,3,3]","[1,1,2,1,1]","[[2],[0,1,2,4],[1,2,3,4],[0,1,3,4]]",UNSAT,UNSAT,UNSAT,"[2, 3]",0.049496,0.06905,0.004205,False
704548,4,1,"[1,1,1,1]",[2],"[[0],[0],[0],[0]]",UNSAT,UNSAT,UNSAT,"[0, 1, 2]",0.025525,0.039677,0.001816,False
704549,7,6,"[3,1,3,3,1,1,3]","[1,1,3,3,2,3]","[[0,1,3,5],[1,2,5],[0,2,3,4],[0,3,5],[0,3,4],[3,5],[0,1,2,3,5]]",UNSAT,UNSAT,UNSAT,"[0, 2, 3, 6]",0.48962,0.109683,0.00625,False
704550,1,7,[3],"[3,1,2,1,3,2,2]","[[0,3,4,5,6]]",FEASIBLE,FEASIBLE,FEASIBLE,null,0.008505,0.0328,0.001341,False
704551,7,4,"[2,1,1,2,2,2,1]","[1,2,1,2]","[[0,1,2,3],[0,1,2,3],[0,2],[0,3],[0,1,2],[0,2],[0,2,3]]",UNSAT,UNSAT,UNSAT,"[2, 5]",0.083293,0.087219,0.005383,False
704552,2,3,"[1,3]","[1,2,1]","[[1,2],[0,1,2]]",FEASIBLE,FEASIBLE,FEASIBLE,null,0.013258,0.028469,0.001405,False
704553,5,5,"[2,1,1,1,2]","[1,1,1,1,1]","[[0,1,4],[0,2],[1,2,3,4],[3],[1,4]]",UNSAT,UNSAT,UNSAT,"[0, 4]",0.0455,0.068437,0.004108,False
704554,4,4,"[1,3,2,1]","[1,1,3,3]","[[1],[0,1,2,3],[0,1],[2]]",UNSAT,UNSAT,UNSAT,"[0, 2]",0.026218,0.054435,0.003151,False
704555,4,6,"[1,1,2,2]","[1,3,2,3,3,2]","[[1,4,5],[0],[1,2,3,4],[2,3,4,5]]",FEASIBLE,FEASIBLE,FEASIBLE,null,0.089417,0.043514,0.002603,False
704556,4,4,"[2,3,2,1]","[3,2,3,3]","[[0,1],[0,1,2,3],[0,3],[0]]",FEASIBLE,FEASIBLE,FEASIBLE,null,0.063505,0.0584,0.002611,False
704557,1,7,[2],"[3,2,3,1,1,1,3]","[[0,1,3,6]]",FEASIBLE,FEASIBLE,FEASIBLE,null,0.00814,0.022212,0.001237,False
704558,5,5,"[1,1,2,2,2]","[1,1,3,1,1]","[[0,1,2,3,4],[1],[0,1,2,3,4],[0,1,4],[0,1,3,4]]",UNSAT,UNSAT,UNSAT,"[1, 3, 4]",0.12151,0.10355,0.005581,False
704559,4,7,"[3,3,3,1]","[2,3,3,3,1,2,2]","[[0,1,2,3,4,5,6],[0,1,3,4,5,6],[0,1,2,3,4,6],[1,2,3,4,6]]",FEASIBLE,FEASIBLE,FEASIBLE,null,0.103566,0.065863,0.004003,False
704560,5,1,"[1,1,1,1,1]",[1],"[[0],[0],[0],[0],[0]]",UNSAT,UNSAT,UNSAT,"[0, 1]",0.012106,0.056265,0.003134,False
704561,5,3,"[1,3,2,1,3]","[3,3,2]","[[2],[0,1,2],[0,1],[1,2],[0,1,2]]",UNSAT,UNSAT,UNSAT,"[0, 1, 4]",0.061405,0.067304,0.003732,False
704562,1,4,[2],"[1,2,1,3]","[[0,1,2]]",FEASIBLE,FEASIBLE,FEASIBLE,null,0.006164,0.020338,0.001052,False
704563,6,2,"[1,2,1,1,2,1]","[3,1]","[[0],[0,1],[1],[1],[0,1],[0,1]]",UNSAT,UNSAT,UNSAT,"[1, 2]",0.030366,0.167075,0.003261,False
704564,7,3,"[1,1,2,3,1,1,1]","[2,1,2]","[[0],[0,2],[0,2],[0,1,2],[1],[0,1],[0,2]]",UNSAT,UNSAT,UNSAT,"[3, 4]",0.073589,0.073987,0.004228,False
704565,4,1,"[1,1,1,1]",[3],"[[0],[0],[0],[0]]",UNSAT,UNSAT,UNSAT,"[0, 1, 2, 3]",0.027915,0.039807,0.001901,False
704566,7,3,"[1,1,1,1,2,2,3]","[2,2,2]","[[1,2],[0],[0],[0,1],[1,2],[0,2],[0,1,2]]",UNSAT,UNSAT,UNSAT,"[0, 4, 6]",0.137433,0.073001,0.004046,False
704567,1,3,[1],"[1,1,3]","[[0,2]]",FEASIBLE,FEASIBLE,FEASIBLE,null,0.005252,0.015965,0.00082,False
704568,5,1,"[1,1,1,1,1]",[2],"[[0],[0],[0],[0],[0]]",UNSAT,UNSAT,UNSAT,"[0, 1, 2]",0.027443,0.042479,0.001885,False
704569,3,4,"[1,2,1]","[1,2,2,1]","[[1],[1,3],[2]]",FEASIBLE,FEASIBLE,FEASIBLE,null,0.031183,0.029067,0.00149,False
704570,4,7,"[1,3,3,2]","[2,2,1,2,3,3,3]","[[0],[0,1,2,4,5],[0,2,4],[0,1,3,4,5]]",FEASIBLE,FEASIBLE,FEASIBLE,null,0.102141,0.073821,0.003931,False
704571,1,1,[1],[2],[[0]],FEASIBLE,FEASIBLE,FEASIBLE,null,0.003759,0.013115,0.000581,False
704572,5,2,"[1,1,1,1,1]","[1,1]","[[1],[0,1],[0],[0],[1]]",UNSAT,UNSAT,UNSAT,"[0, 4]",0.023391,0.04526,0.002473,False
704573,3,3,"[2,3,1]","[3,3,3]","[[1,2],[0,1,2],[0,1,2]]",FEASIBLE,FEASIBLE,FEASIBLE,null,0.025583,0.036431,0.001798,False
704574,5,7,"[3,1,1,2,1]","[2,2,3,2,2,2,3]","[[0,1,3,4,5,6],[0,1],[0,1,5,6],[0,4,5,6],[0,1,2,3,4,5,6]]",FEASIBLE,FEASIBLE,FEASIBLE,null,0.23367,0.068492,0.003988,False
704575,4,7,"[1,1,3,2]","[2,1,1,1,3,1,3]","[[6],[2,4,5,6],[0,4,6],[0,1,3,4,5]]",FEASIBLE,FEASIBLE,FEASIBLE,null,0.104201,0.153334,0.002621,False
704576,4,3,"[2,1,3,1]","[1,3,1]","[[0,1,2],[0],[0,1,2],[1]]",UNSAT,UNSAT,UNSAT,"[0, 2]",0.021373,0.053431,0.002861,False
704577,2,1,"[1,1]",[2],"[[0],[0]]",FEASIBLE,FEASIBLE,FEASIBLE,null,0.007541,0.018906,0.000831,False
704578,5,1,"[1,1,1,1,1]",[2],"[[0],[0],[0],[0],[0]]",UNSAT,UNSAT,UNSAT,"[0, 1, 2]",0.027551,0.042519,0.001778,False
704579,2,6,"[2,1]","[1,3,2,3,1,3]","[[1,4,5],[1,5]]",FEASIBLE,FEASIBLE,FEASIBLE,null,0.019177,0.027335,0.001431,False
704580,4,4,"[2,1,2,1]","[2,1,2,1]","[[1,2],[2],[1,3],[0,1,2,3]]",UNSAT,UNSAT,UNSAT,"[0, 2]",0.026037,0.050981,0.002664,False
704581,1,6,[2],"[2,1,1,1,2,1]","[[1,2,3,4,5]]",FEASIBLE,FEASIBLE,FEASIBLE,null,0.007611,0.023394,0.001207,False
704582,7,4,"[1,1,3,3,3,2,1]","[3,3,3,2]","[[0],[0,1,2,3],[0,1,2,3],[0,2,3],[0,1,3],[2,3],[0,2]]",UNSAT,UNSAT,UNSAT,"[3, 4, 5]",0.25141,0.120348,0.006444,False
704583,7,2,"[2,2,1,1,1,1,1]","[2,2]","[[0,1],[0,1],[1],[0,1],[0],[0,1],[1]]",UNSAT,UNSAT,UNSAT,"[0, 1, 2]",0.070023,0.064999,0.003481,False
704584,5,4,"[1,1,2,1,2]","[2,1,3,2]","[[0,1,3],[2,3],[2,3],[3],[0,1,2,3]]",FEASIBLE,FEASIBLE,FEASIBLE,null,0.135387,0.056771,0.002434,False
704585,7,5,"[1,1,3,1,1,1,2]","[2,3,1,1,1]","[[3],[2],[1,2,4],[3],[2,3],[0,1,4],[0,1,2,3,4]]",UNSAT,UNSAT,UNSAT,"[0, 3]",0.048555,0.078263,0.004602,False
704586,5,3,"[2,2,2,1,2]","[1,2,2]","[[0,1,2],[0,1,2],[1,2],[0,1,2],[1,2]]",UNSAT,UNSAT,UNSAT,"[0, 1, 2]",0.072915,0.170869,0.003615,False
704587,3,2,"[1,1,2]","[3,1]","[[0],[1],[0,1]]",UNSAT,UNSAT,UNSAT,"[1, 2]",0.017501,0.037623,0.00206,False
704588,4,1,"[1,1,1,1]",[2],"[[0],[0],[0],[0]]",UNSAT,UNSAT,UNSAT,"[0, 1, 2]",0.020527,0.037977,0.001679,False
704589,4,4,"[1,2,2,3]","[2,3,2,1]","[[2,3],[2,3],[0,2,3],[0,1,2,3]]",UNSAT,UNSAT,UNSAT,"[0, 1, 2]",0.046453,0.063095,0.003366,False
704590,6,2,"[1,2,1,1,1,1]","[1,1]","[[0],[0,1],[0],[1],[0,1],[0,1]]",UNSAT,UNSAT,UNSAT,"[0, 1]",0.018235,0.056353,0.002762,False
704591,4,7,"[2,1,2,1]","[1,3,3,3,3,1,3]","[[0,1,2,3,5,6],[0,3],[0,2,6],[0]]",FEASIBLE,FEASIBLE,FEASIBLE,null,0.101988,0.062083,0.003031,False
704592,6,2,"[1,1,1,1,2,1]","[2,1]","[[0],[1],[0,1],[0,1],[0,1],[0,1]]",UNSAT,UNSAT,UNSAT,"[1, 4]",0.034788,0.057659,0.002896,False
704593,4,1,"[1,1,1,1]",[1],"[[0],[0],[0],[0]]",UNSAT,UNSAT,UNSAT,"[0, 1]",0.010405,0.037233,0.001499,False
704594,6,4,"[2,3,1,2,3,1]","[1,2,3,2]","[[1,3],[0,1,2,3],[0],[2,3],[0,1,2,3],[0,2,3]]",UNSAT,UNSAT,UNSAT,"[0, 1, 4]",0.097418,0.081386,0.004844,False
704595,5,1,"[1,1,1,1,1]",[2],"[[0],[0],[0],[0],[0]]",UNSAT,UNSAT,UNSAT,"[0, 1, 2]",0.027908,0.043004,0.00173,False
704596,5,6,"[1,2,2,3,3]","[3,3,1,1,3,3]","[[1],[0,1,2,3,4,5],[1,2],[0,2,3],[0,1,2,3,4,5]]",UNSAT,UNSAT,UNSAT,"[2, 3]",0.073022,0.080778,0.004336,False
704597,5,3,"[3,1,1,1,1]","[1,3,2]","[[0,1,2],[0,2],[0],[0],[1,2]]",UNSAT,UNSAT,UNSAT,"[0, 2]",0.024798,0.062319,0.002714,False
704598,6,7,"[2,3,1,2,2,1]","[1,1,2,2,2,1,2]","[[0,1,2],[0,2,4,5,6],[0,1,3,4,6],[1,5],[1,2,3,6],[2]]",UNSAT,UNSAT,UNSAT,"[0, 1, 3, 5]",0.316251,0.117135,0.006516,False
704599,5,1,"[1,1,1,1,1]",[1],"[[0],[0],[0],[0],[0]]",UNSAT,UNSAT,UNSAT,"[0, 1]",0.011991,0.043176,0.001797,False
704600,3,5,"[3,1,3]","[1,3,1,3,3]","[[0,1,2,3],[0],[0,1,2,3]]",UNSAT,UNSAT,UNSAT,"[0, 1, 2]",0.037173,0.071752,0.00365,False
704601,1,2,[1],"[2,3]",[[1]],FEASIBLE,FEASIBLE,FEASIBLE,null,0.004566,0.013925,0.000744,False
704602,7,3,"[2,1,1,1,1,2,1]","[2,2,3]","[[0,1,2],[1],[0,1,2],[1],[0,1,2],[0,1,2],[2]]",UNSAT,UNSAT,UNSAT,"[0, 1, 2, 3, 4, 5]",0.427898,0.076655,0.00451,False
704603,2,2,"[1,2]","[3,2]","[[0],[0,1]]",FEASIBLE,FEASIBLE,FEASIBLE,null,0.010272,0.022998,0.001049,False
704604,1,7,[2],"[2,2,3,2,2,3,1]","[[2,4,5]]",FEASIBLE,FEASIBLE,FEASIBLE,null,0.007927,0.020899,0.001169,False
704605,7,7,"[3,2,1,3,1,2,2]","[1,3,3,1,3,3,1]","[[0,3,5,6],[0,1,3,4,5,6],[2,3],[0,1,3,5,6],[1,2,3,4,5,6],[0,1,3,4,5,6],[0,1,2,3]]",FEASIBLE,FEASIBLE,FEASIBLE,null,1.146742,0.170892,0.007423,False
704606,4,6,"[1,2,3,3]","[2,1,1,3,2,3]","[[2],[0,1,3,4,5],[1,2,3],[1,2,3,4,5]]",UNSAT,UNSAT,UNSAT,"[0, 2]",0.046005,0.103466,0.004318,False
704607,4,1,"[1,1,1,1]",[2],"[[0],[0],[0],[0]]",UNSAT,UNSAT,UNSAT,"[0, 1, 2]",0.022543,0.041004,0.001586,False
704608,2,5,"[2,3]","[3,2,1,2,1]","[[0,2,3,4],[0,1,2,3,4]]",FEASIBLE,FEASIBLE,FEASIBLE,null,0.017413,0.037875,0.002002,False
704609,2,6,"[2,1]","[3,3,1,3,2,2]","[[0,1,4,5],[2,5]]",FEASIBLE,FEASIBLE,FEASIBLE,null,0.153488,0.029025,0.001515,False
704610,7,3,"[2,1,1,2,3,1,3]","[1,2,1]","[[0,1],[1],[0,1,2],[0,1,2],[0,1,2],[0,1],[0,1,2]]",UNSAT,UNSAT,UNSAT,"[0, 4]",0.036641,0.079992,0.004366,False
704611,7,3,"[1,1,1,2,2,2,2]","[3,3,2]","[[0],[0],[0,1],[0,2],[0,2],[0,1,2],[0,1,2]]",UNSAT,UNSAT,UNSAT,"[0, 1, 3, 4]",0.225189,0.133975,0.005383,False
704612,2,6,"[2,3]","[3,1,3,3,2,3]","[[0,3],[0,1,2,3,5]]",FEASIBLE,FEASIBLE,FEASIBLE,null,0.019491,0.035887,0.001755,False
704613,7,5,"[1,1,3,1,1,2,2]","[1,1,3,2,1]","[[3],[0,1,2,3,4],[0,1,2,4],[1],[0],[3,4],[0,2,3,4]]",UNSAT,UNSAT,UNSAT,"[2, 3, 4]",0.272026,0.115068,0.00643,False
704614,5,1,"[1,1,1,1,1]",[2],"[[0],[0],[0],[0],[0]]",UNSAT,UNSAT,UNSAT,"[0, 1, 2]",0.027914,0.043427,0.001637,False
704615,2,1,"[1,1]",[2],"[[0],[0]]",FEASIBLE,FEASIBLE,FEASIBLE,null,0.007661,0.018087,0.000802,False
704616,6,6,"[1,1,3,1,1,3]","[1,3,2,2,3,2]","[[5],[0,2,3],[1,3,5],[2],[1,2],[0,1,4]]",FEASIBLE,FEASIBLE,FEASIBLE,null,0.411234,0.07487,0.003745,False
704617,4,1,"[1,1,1,1]",[2],"[[0],[0],[0],[0]]",UNSAT,UNSAT,UNSAT,"[0, 1, 2]",0.020766,0.038043,0.001406,False
704618,2,3,"[1,1]","[2,1,2]","[[1],[0]]",FEASIBLE,FEASIBLE,FEASIBLE,null,0.012157,0.020043,0.000979,False
704619,2,6,"[3,3]","[3,1,2,2,2,1]","[[0,1,2,4,5],[0,1,2,3,4,5]]",FEASIBLE,FEASIBLE,FEASIBLE,null,0.019025,0.04453,0.002138,False
704620,5,1,"[1,1,1,1,1]",[1],"[[0],[0],[0],[0],[0]]",UNSAT,UNSAT,UNSAT,"[0, 1]",0.013893,0.211726,0.001659,False
704621,7,6,"[1,2,3,1,3,1,2]","[2,3,2,3,1,3]","[[0,3],[2,4],[0,1,4],[0],[2,3,4,5],[0,1,2,3,4,5],[0,1,2,3,4,5]]",UNSAT,UNSAT,UNSAT,"[1, 2]",0.095422,0.125612,0.006375,False
704622,4,2,"[1,2,1,1]","[2,1]","[[0,1],[0,1],[1],[1]]",UNSAT,UNSAT,UNSAT,"[1, 2]",0.021772,0.04626,0.002232,False
704623,1,2,[2],"[3,3]","[[0,1]]",FEASIBLE,FEASIBLE,FEASIBLE,null,0.004875,0.018688,0.000776,False
704624,4,5,"[2,3,1,1]","[2,1,1,1,3]","[[2,4],[0,2,4],[2],[0,1,2,3,4]]",UNSAT,UNSAT,UNSAT,"[0, 1]",0.026025,0.057634,0.003075,False
704625,7,6,"[1,3,1,2,1,2,1]","[2,3,1,1,2,1]","[[4],[0,1,2,3,4,5],[1,4],[0,1],[0,2,3,4,5],[0,1,2,3,4,5],[0,1,2,4]]",UNSAT,UNSAT,UNSAT,"[0, 1, 2, 3, 4, 5, 6]",0.865173,0.111623,0.006672,False
704626,5,3,"[2,2,1,2,1]","[3,2,2]","[[0,1,2],[0,1],[1],[1,2],[0]]",UNSAT,UNSAT,UNSAT,"[1, 2, 3]",0.077984,0.076104,0.003396,False
704627,6,4,"[2,1,2,2,1,1]","[1,1,2,1]","[[0,1],[0,1,2,3],[0,1],[0,1,2,3],[0,1],[0,1,2,3]]",UNSAT,UNSAT,UNSAT,"[0, 2]",0.034592,0.084484,0.004653,False
704628,4,2,"[1,1,1,1]","[3,3]","[[0,1],[0,1],[0],[1]]",FEASIBLE,FEASIBLE,FEASIBLE,null,0.041477,0.047814,0.001372,False
704629,4,6,"[1,2,1,2]","[3,2,1,1,2,2]","[[1,3],[1,2],[0,2,4,5],[0,3]]",FEASIBLE,FEASIBLE,FEASIBLE,null,0.095032,0.044191,0.002302,False
704630,3,5,"[2,1,2]","[1,3,2,1,1]","[[0,1,3,4],[4],[1,2,3]]",FEASIBLE,FEASIBLE,FEASIBLE,null,0.038745,0.040255,0.001938,False
704631,7,2,"[1,1,1,1,2,1,2]","[1,2]","[[1],[0],[0],[0,1],[0,1],[0],[0,1]]",UNSAT,UNSAT,UNSAT,"[1, 2]",0.036367,0.065515,0.00339,False
704632,4,6,"[2,2,3,1]","[2,1,2,1,2,3]","[[0,5],[0,1,3,4],[2,3,5],[2,5]]",FEASIBLE,FEASIBLE,FEASIBLE,null,0.0958,0.050901,0.002485,False
704633,7,2,"[1,1,1,1,1,1,1]","[1,2]","[[1],[1],[0],[0,1],[1],[0],[1]]",UNSAT,UNSAT,UNSAT,"[2, 5]",0.052995,0.063052,0.002994,False
704634,2,6,"[1,1]","[1,1,3,2,1,3]","[[3],[1,2,3,4]]",FEASIBLE,FEASIBLE,FEASIBLE,null,0.020364,0.026107,0.001378,False
704635,1,6,[1],"[2,2,3,2,3,2]",[[1]],FEASIBLE,FEASIBLE,FEASIBLE,null,0.009584,0.017268,0.000874,False
704636,3,5,"[2,1,2]","[3,1,1,1,3]","[[0,1],[0,1],[0,3]]",FEASIBLE,FEASIBLE,FEASIBLE,null,0.038064,0.061653,0.001625,False
704637,4,7,"[1,1,1,3]","[1,3,2,2,2,1,2]","[[1,3,4],[6],[5],[0,1,2,3,4,5,6]]",FEASIBLE,FEASIBLE,FEASIBLE,null,0.107251,0.047493,0.002579,False
704638,6,5,"[1,2,1,2,3,1]","[1,2,2,3,1]","[[3],[0,1,2,3,4],[4],[0,1,2],[0,1,2,3,4],[3]]",UNSAT,UNSAT,UNSAT,"[0, 1, 2, 3, 4, 5]",0.350291,0.086932,0.004936,False
704639,5,7,"[3,3,1,1,1]","[3,3,2,1,1,3,3]","[[0,2,3,4],[1,3,4],[0,3,4,6],[0,4,5],[0,1,2,3,4,5,6]]",UNSAT,UNSAT,UNSAT,"[0, 1]",0.040842,0.080965,0.004746,False
704640,5,2,"[1,1,1,1,1]","[3,1]","[[0,1],[0],[0,1],[1],[0]]",UNSAT,UNSAT,UNSAT,"[0, 1, 2, 3, 4]",0.086149,0.052206,0.002711,False
704641,3,5,"[1,1,2]","[2,3,3,3,3]","[[0],[0,4],[1,3]]",FEASIBLE,FEASIBLE,FEASIBLE,null,0.037604,0.034969,0.001629,False
704642,5,1,"[1,1,1,1,1]",[2],"[[0],[0],[0],[0],[0]]",UNSAT,UNSAT,UNSAT,"[0, 1, 2]",0.028976,0.046026,0.001615,False
704643,6,4,"[3,2,1,1,1,2]","[1,2,2,3]","[[0,1,2,3],[0,2],[1],[1,3],[3],[0,1,2]]",UNSAT,UNSAT,UNSAT,"[0, 1, 5]",0.107685,0.100137,0.004706,False
704644,4,6,"[3,1,3,1]","[2,3,1,2,1,3]","[[0,1,2,3,4,5],[0,2,3,4,5],[0,1,3],[0,1,2,3,4,5]]",FEASIBLE,FEASIBLE,FEASIBLE,null,0.094876,0.073868,0.003844,False
704645,3,2,"[1,1,1]","[1,2]","[[0],[0],[0]]",UNSAT,UNSAT,UNSAT,"[0, 1]",0.0121,0.034425,0.00163,False
704646,6,3,"[2,1,2,2,1,1]","[1,2,3]","[[0,1,2],[1,2],[0,1,2],[0,1],[0],[0,1,2]]",UNSAT,UNSAT,UNSAT,"[3, 4]",0.06318,0.098953,0.004987,False
704647,5,2,"[1,1,1,2,2]","[1,3]","[[0,1],[1],[0,1],[0,1],[0,1]]",UNSAT,UNSAT,UNSAT,"[3, 4]",0.038269,0.056841,0.002936,False
704648,1,1,[1],[1],[[0]],FEASIBLE,FEASIBLE,FEASIBLE,null,0.003915,0.01416,0.000604,False
704649,3,3,"[1,1,1]","[2,3,2]","[[1],[0,1],[0]]",FEASIBLE,FEASIBLE,FEASIBLE,null,0.026595,0.026495,0.001293,False
704650,2,5,"[2,3]","[1,1,1,1,3]","[[0,1,2,3],[0,1,3,4]]",FEASIBLE,FEASIBLE,FEASIBLE,null,0.017331,0.047172,0.002345,False
704651,6,6,"[1,1,2,1,1,1]","[2,2,2,3,3,2]","[[0,1,2,3,4],[0,1,4,5],[0,1,2,3,5],[0,2,3,5],[1,2,3,4,5],[0]]",FEASIBLE,FEASIBLE,FEASIBLE,null,0.430068,0.091933,0.005324,False
704652,2,2,"[2,1]","[3,2]","[[0,1],[0,1]]",FEASIBLE,FEASIBLE,FEASIBLE,null,0.010752,0.024659,0.001693,False
704653,4,5,"[2,1,2,2]","[1,2,3,2,3]","[[0,1,2,3,4],[1],[1,3],[0,2,3,4]]",FEASIBLE,FEASIBLE,FEASIBLE,null,0.081136,0.177694,0.003559,False
704654,4,7,"[1,1,2,2]","[1,2,3,2,3,3,1]","[[0,1,2,4,5,6],[0,2,3,4,5,6],[0,1,2,5,6],[1,2,3,5,6]]",FEASIBLE,FEASIBLE,FEASIBLE,null,0.108603,0.056667,0.004249,False
704655,1,3,[2],"[1,3,1]","[[1,2]]",FEASIBLE,FEASIBLE,FEASIBLE,null,0.005643,0.019319,0.001243,False
704656,3,2,"[1,2,2]","[3,2]","[[1],[0,1],[0,1]]",UNSAT,UNSAT,UNSAT,"[0, 1, 2]",0.020825,0.04403,0.002841,False
704657,1,1,[1],[3],[[0]],FEASIBLE,FEASIBLE,FEASIBLE,null,0.003782,0.013481,0.00083,False
704658,1,5,[3],"[1,1,3,3,1]","[[1,2,4]]",FEASIBLE,FEASIBLE,FEASIBLE,null,0.006666,0.023973,0.001563,False
704659,4,1,"[1,1,1,1]",[2],"[[0],[0],[0],[0]]",UNSAT,UNSAT,UNSAT,"[0, 1, 2]",0.02105,0.039283,0.002223,False
704660,7,5,"[1,1,2,3,1,1,2]","[3,2,1,2,2]","[[2],[1,2,4],[0,2,3,4],[0,1,2,3,4],[0,2],[1],[0,1,3]]",UNSAT,UNSAT,UNSAT,"[0, 1, 2, 3, 4, 5, 6]",0.750588,0.126187,0.00828,False
704661,2,2,"[2,1]","[1,2]","[[0,1],[1]]",FEASIBLE,FEASIBLE,FEASIBLE,null,0.010285,0.024743,0.001316,False
704662,5,7,"[1,2,2,3,2]","[3,2,3,3,2,2,2]","[[4],[0,1,3,4,5,6],[0,3,6],[0,1,2,3,4,5,6],[0,1,2,3,4,5,6]]",FEASIBLE,FEASIBLE,FEASIBLE,null,0.220546,0.068406,0.005154,False
704663,5,2,"[1,1,1,2,1]","[3,2]","[[0],[0],[0,1],[0,1],[0,1]]",UNSAT,UNSAT,UNSAT,"[0, 1, 2, 3, 4]",0.091186,0.053989,0.003981,False
704664,3,5,"[1,2,1]","[3,1,2,2,3]","[[0,1,3],[1,2],[1]]",UNSAT,UNSAT,UNSAT,"[1, 2]",0.031299,0.044503,0.002898,False
704665,5,5,"[1,1,2,1,1]","[1,2,1,1,1]","[[0],[0,1,2,3,4],[1,2,4],[0,1,2,4],[1,2,4]]",FEASIBLE,FEASIBLE,FEASIBLE,null,0.162632,0.173355,0.004469,False
704666,2,5,"[3,1]","[2,1,3,1,1]","[[0,1,2,3,4],[2]]",FEASIBLE,FEASIBLE,FEASIBLE,null,0.017405,0.030311,0.001933,False
704667,5,5,"[1,1,1,2,1]","[1,3,2,3,2]","[[4],[0,1,2,3],[1],[2,3,4],[0]]",FEASIBLE,FEASIBLE,FEASIBLE,null,0.162364,0.06024,0.003553,False
704668,3,3,"[3,3,1]","[2,2,3]","[[0,1,2],[0,1,2],[0,1,2]]",FEASIBLE,FEASIBLE,FEASIBLE,null,0.028931,0.047876,0.002421,False
704669,3,3,"[1,3,3]","[3,3,3]","[[0,2],[0,1,2],[0,1,2]]",FEASIBLE,FEASIBLE,FEASIBLE,null,0.030609,0.040758,0.002266,False
704670,4,3,"[3,1,1,1]","[1,3,2]","[[0,1,2],[0,2],[0],[0,1,2]]",UNSAT,UNSAT,UNSAT,"[0, 2]",0.021348,0.052803,0.003541,False
704671,7,4,"[2,1,1,1,1,2,2]","[3,3,3,3]","[[1,2],[1,2],[0,2,3],[0,1],[1],[0,1,2],[0,2]]",FEASIBLE,FEASIBLE,FEASIBLE,null,0.589725,0.081991,0.004642,False
704672,1,3,[1],"[3,1,2]",[[0]],FEASIBLE,FEASIBLE,FEASIBLE,null,0.005304,0.014666,0.001036,False
704673,7,5,"[3,2,2,1,1,1,3]","[2,1,2,1,3]","[[0,1,2,4],[0,1,2,3,4],[0,1,3,4],[0,1,2,3,4],[0,2],[3],[2,3,4]]",UNSAT,UNSAT,UNSAT,"[5, 6]",0.159541,0.106021,0.007962,False
704674,4,1,"[1,1,1,1]",[1],"[[0],[0],[0],[0]]",UNSAT,UNSAT,UNSAT,"[0, 1]",0.010936,0.037646,0.002214,False
704675,5,6,"[1,2,2,2,1]","[2,1,1,1,1,3]","[[1],[1,2,3,5],[0,1,2,3,4,5],[0,2],[1]]",UNSAT,UNSAT,UNSAT,"[0, 4]",0.053659,0.086195,0.005594,False
704676,4,2,"[1,1,2,1]","[2,3]","[[0],[0,1],[0,1],[0,1]]",FEASIBLE,FEASIBLE,FEASIBLE,null,0.128592,0.099876,0.002735,False
704677,4,7,"[3,3,3,3]","[2,3,2,1,3,1,3]","[[1,5,6],[0,1,2,4,5,6],[0,1,2],[1,3,6]]",FEASIBLE,FEASIBLE,FEASIBLE,null,0.298049,0.104101,0.005114,False
704678,5,4,"[1,1,1,2,3]","[3,3,2,3]","[[0],[1],[1,2],[2,3],[0,1,2,3]]",FEASIBLE,FEASIBLE,FEASIBLE,null,0.177569,0.063857,0.00292,False
704679,6,6,"[2,1,2,2,2,1]","[2,1,3,3,1,2]","[[0,1,2,3,4,5],[0,1,2,3,4,5],[0,1,3,4,5],[0,1,2,3,4],[3,5],[2]]",FEASIBLE,FEASIBLE,FEASIBLE,null,0.506372,0.08902,0.005206,False
704680,5,5,"[3,1,2,1,3]","[1,3,1,3,2]","[[0,1,2,3],[0],[0,4],[1,2],[0,1,2,4]]",UNSAT,UNSAT,UNSAT,"[1, 2]",0.066285,0.115814,0.00598,False
704681,4,2,"[1,1,1,1]","[1,1]","[[1],[0,1],[0],[0,1]]",UNSAT,UNSAT,UNSAT,"[0, 1, 2]",0.037152,0.058726,0.002887,False
704682,5,1,"[1,1,1,1,1]",[3],"[[0],[0],[0],[0],[0]]",UNSAT,UNSAT,UNSAT,"[0, 1, 2, 3]",0.057079,0.054224,0.002759,False
704683,1,4,[2],"[1,3,2,2]","[[2,3]]",FEASIBLE,FEASIBLE,FEASIBLE,null,0.007984,0.025266,0.001287,False
704684,7,3,"[2,1,2,1,1,1,2]","[3,2,2]","[[0,1],[0,1,2],[0,1,2],[0],[0,1,2],[2],[0,1,2]]",UNSAT,UNSAT,UNSAT,"[0, 1, 2, 3, 6]",0.448554,0.099605,0.007847,False
704685,5,2,"[1,1,2,1,1]","[3,2]","[[1],[0],[0,1],[0],[1]]",UNSAT,UNSAT,UNSAT,"[0, 2, 4]",0.066322,0.05985,0.003157,False
704686,4,6,"[1,2,1,2]","[2,3,1,3,2,1]","[[0],[0,1,2,4,5],[0,1,2,3,4,5],[1,3,5]]",FEASIBLE,FEASIBLE,FEASIBLE,null,0.114376,0.065135,0.003665,False
704687,7,3,"[1,2,1,1,1,2,2]","[2,2,3]","[[0,1,2],[0,2],[2],[1],[0],[1,2],[1,2]]",UNSAT,UNSAT,UNSAT,"[3, 5, 6]",0.291813,0.257573,0.005541,False
704688,7,2,"[1,1,1,1,1,1,1]","[2,1]","[[1],[1],[0,1],[0],[0],[0,1],[1]]",UNSAT,UNSAT,UNSAT,"[0, 1]",0.026971,0.071395,0.004302,False
704689,2,6,"[1,1]","[1,1,1,3,1,3]","[[1,2,4],[1,5]]",FEASIBLE,FEASIBLE,FEASIBLE,null,0.024448,0.032482,0.002403,False
704690,2,6,"[1,2]","[1,3,1,2,1,2]","[[3,4],[2,3,4]]",FEASIBLE,FEASIBLE,FEASIBLE,null,0.022867,0.031427,0.001925,False
704691,1,2,[1],"[3,2]",[[0]],FEASIBLE,FEASIBLE,FEASIBLE,null,0.005724,0.015647,0.000981,False
704692,1,1,[1],[2],[[0]],FEASIBLE,FEASIBLE,FEASIBLE,null,0.003938,0.01391,0.000766,False
704693,5,7,"[1,1,1,3,3]","[3,2,1,2,1,1,3]","[[4],[3],[0,2,4,5,6],[0,1,2,3,4,6],[1,2,3,4,5,6]]",FEASIBLE,FEASIBLE,FEASIBLE,null,0.271135,0.076402,0.004793,False
704694,4,7,"[1,3,2,3]","[1,2,1,2,1,3,2]","[[0,3,4,5],[1,2,4,5,6],[0,1,2,3,4,5],[0,1,2,3,4,5,6]]",FEASIBLE,FEASIBLE,FEASIBLE,null,0.132569,0.081914,0.004412,False
704695,7,4,"[1,1,2,3,3,1,1]","[1,1,3,2]","[[0,1,3],[0,1],[0,1,3],[1,2,3],[0,1,3],[3],[1,2,3]]",UNSAT,UNSAT,UNSAT,"[1, 4]",0.078625,0.097446,0.00694,False
704696,1,3,[1],"[1,2,2]","[[0,1,2]]",FEASIBLE,FEASIBLE,FEASIBLE,null,0.007366,0.020601,0.001099,False
704697,5,7,"[1,1,2,1,2]","[1,1,3,2,2,3,3]","[[0,1,3,4,5,6],[0],[1,4],[4],[0,1,2,3,4,5,6]]",FEASIBLE,FEASIBLE,FEASIBLE,null,0.305023,0.095389,0.005377,False
704698,3,4,"[1,1,3]","[1,2,2,2]","[[1,3],[0,2],[1,2,3]]",FEASIBLE,FEASIBLE,FEASIBLE,null,0.040602,0.053631,0.002417,False
704699,6,2,"[1,1,1,1,1,1]","[1,2]","[[0,1],[0,1],[1],[0,1],[0,1],[0]]",UNSAT,UNSAT,UNSAT,"[0, 1, 2, 3]",0.179318,0.080557,0.004033,False
704700,3,6,"[3,1,1]","[1,1,1,1,2,2]","[[0,1,2,3,4],[4],[0,1,2,3,4,5]]",FEASIBLE,FEASIBLE,FEASIBLE,null,0.056534,0.060155,0.003007,False
704701,5,1,"[1,1,1,1,1]",[3],"[[0],[0],[0],[0],[0]]",UNSAT,UNSAT,UNSAT,"[0, 1, 2, 3]",0.055678,0.053938,0.00288,False
704702,2,5,"[2,1]","[2,1,2,1,1]","[[0,1,2,4],[0,1,2,3,4]]",FEASIBLE,FEASIBLE,FEASIBLE,null,0.021049,0.035749,0.001996,False
704703,5,7,"[2,2,1,2,1]","[2,3,3,3,3,1,1]","[[2,3,5,6],[0,1,2,3,4,5,6],[0,1,2,3,4,5],[1,2,3,4,5,6],[1]]",FEASIBLE,FEASIBLE,FEASIBLE,null,0.292675,0.076036,0.005158,False
704704,7,7,"[2,3,3,2,2,3,2]","[2,2,3,1,2,1,3]","[[0,1,2,4,5],[1,3,4,5,6],[1,3,4,6],[1,2,3,4,6],[0,1,2,3,4,5,6],[0,4,6],[0,2,3,4,5,6]]",UNSAT,UNSAT,UNSAT,"[0, 1, 2, 3, 4, 5]",1.149207,0.175944,0.012275,False
704705,7,3,"[1,1,1,1,2,2,2]","[3,1,1]","[[0,1,2],[0,1,2],[0],[0,1,2],[0,2],[0,1,2],[0,1]]",UNSAT,UNSAT,UNSAT,"[4, 5, 6]",0.26032,0.095899,0.00624,False
704706,5,7,"[1,1,1,3,3]","[2,2,1,2,2,2,2]","[[2],[3],[0,2],[0,1,2,3,4,5,6],[3,4,5,6]]",FEASIBLE,FEASIBLE,FEASIBLE,null,0.297903,0.082236,0.003783,False
704707,2,7,"[3,3]","[1,2,1,3,2,2,1]","[[0,2,3,4],[0,1,4,5]]",FEASIBLE,FEASIBLE,FEASIBLE,null,0.02648,0.04782,0.002612,False
704708,2,1,"[1,1]",[1],"[[0],[0]]",UNSAT,UNSAT,UNSAT,"[0, 1]",0.009299,0.191956,0.001625,False
704709,1,3,[3],"[2,3,3]","[[0,1,2]]",FEASIBLE,FEASIBLE,FEASIBLE,null,0.007078,0.0262,0.001422,False
704710,4,6,"[1,1,3,2]","[3,3,1,2,1,2]","[[1,3],[2,3],[0,1,2,3,4,5],[1,2,4]]",FEASIBLE,FEASIBLE,FEASIBLE,null,0.111435,0.056451,0.003362,False
704711,6,3,"[1,3,3,2,1,1]","[1,3,3]","[[1,2],[0,1,2],[0,1,2],[1,2],[2],[2]]",UNSAT,UNSAT,UNSAT,"[1, 2]",0.053803,0.086218,0.005283,False
704712,7,3,"[2,2,2,1,2,2,1]","[3,3,3]","[[1,2],[1,2],[1,2],[1],[0,1,2],[1,2],[1]]",UNSAT,UNSAT,UNSAT,"[0, 1, 2, 3]",0.256722,0.086687,0.005189,False
704713,2,2,"[1,2]","[3,1]","[[0],[0,1]]",FEASIBLE,FEASIBLE,FEASIBLE,null,0.012159,0.026553,0.001422,False
704714,7,1,"[1,1,1,1,1,1,1]",[1],"[[0],[0],[0],[0],[0],[0],[0]]",UNSAT,UNSAT,UNSAT,"[0, 1]",0.017048,0.062809,0.003765,False
704715,6,7,"[3,1,2,1,1,1]","[1,1,1,3,1,3,1]","[[2,3,4,5,6],[3],[3,4,5],[3],[0,1,2,3,4,5,6],[1]]",FEASIBLE,FEASIBLE,FEASIBLE,null,0.573936,0.111643,0.005571,False
704716,2,6,"[1,1]","[2,2,2,2,2,3]","[[0,1,2,3,4,5],[2]]",FEASIBLE,FEASIBLE,FEASIBLE,null,0.02361,0.032781,0.002288,False
704717,6,6,"[3,1,1,1,2,2]","[1,2,3,3,3,1]","[[0,1,2,3,4,5],[0,4],[0,1],[0],[0,1,2,3,4],[0,1,2,3,4,5]]",FEASIBLE,FEASIBLE,FEASIBLE,null,0.471875,0.115689,0.005987,False
704718,5,3,"[3,2,2,1,2]","[1,2,2]","[[0,1,2],[0,1],[0,1,2],[0,1,2],[0,1]]",UNSAT,UNSAT,UNSAT,"[0, 1]",0.028017,0.08205,0.005085,False
704719,2,5,"[3,1]","[3,3,2,1,2]","[[1,2,4],[2]]",FEASIBLE,FEASIBLE,FEASIBLE,null,0.020123,0.179109,0.001813,False
704720,3,5,"[1,1,1]","[3,3,1,3,2]","[[0,4],[0,1,3,4],[0]]",FEASIBLE,FEASIBLE,FEASIBLE,null,0.042473,0.033339,0.002249,False
704721,7,5,"[2,1,3,3,3,2,2]","[2,3,2,3,3]","[[1,2,3,4],[1,3],[0,1,2,3,4],[0,1,2,3,4],[0,1,2,4],[0,1,3,4],[0,1,3,4]]",UNSAT,UNSAT,UNSAT,"[0, 1, 2, 3, 4, 5]",0.81287,0.142053,0.008968,False
704722,1,5,[1],"[3,3,1,3,1]","[[0,2,4]]",FEASIBLE,FEASIBLE,FEASIBLE,null,0.008508,0.021911,0.001291,False
704723,4,4,"[1,2,3,2]","[3,2,2,1]","[[3],[0,1,3],[1,2,3],[0,2]]",UNSAT,UNSAT,UNSAT,"[0, 2]",0.030437,0.063188,0.003206,False
704724,6,2,"[1,1,1,1,1,1]","[1,1]","[[1],[1],[1],[0,1],[1],[0,1]]",UNSAT,UNSAT,UNSAT,"[0, 1]",0.022294,0.061499,0.003495,False
704725,2,3,"[1,1]","[3,3,2]","[[2],[0,2]]",FEASIBLE,FEASIBLE,FEASIBLE,null,0.015059,0.024148,0.005171,False
704726,4,5,"[1,2,3,2]","[3,3,3,1,3]","[[2,3,4],[0,1,2,3,4],[0,1,2,3],[3,4]]",FEASIBLE,FEASIBLE,FEASIBLE,null,0.092733,0.055364,0.004679,False
704727,6,7,"[2,1,3,1,2,1]","[3,1,3,3,3,2,3]","[[0,1,2,3,4,5,6],[2],[0,1,3,4,5,6],[5],[0,1,2,3],[0,1,4,5,6]]",FEASIBLE,FEASIBLE,FEASIBLE,null,0.587439,0.091697,0.00513,False
704728,6,2,"[1,1,2,1,2,2]","[1,3]","[[1],[1],[0,1],[0],[0,1],[0,1]]",UNSAT,UNSAT,UNSAT,"[2, 3]",0.046999,0.074596,0.004397,False
704729,2,1,"[1,1]",[3],"[[0],[0]]",FEASIBLE,FEASIBLE,FEASIBLE,null,0.009266,0.023577,0.001325,False
704730,6,4,"[2,1,1,1,3,1]","[3,1,2,3]","[[1,2,3],[0,1,2,3],[0,1,2,3],[2],[0,1,2,3],[3]]",FEASIBLE,FEASIBLE,FEASIBLE,null,0.343078,0.226122,0.00467,False
704731,1,1,[1],[3],[[0]],FEASIBLE,FEASIBLE,FEASIBLE,null,0.005102,0.015916,0.000842,False
704732,2,7,"[1,2]","[3,1,3,3,3,3,1]","[[0,1,2,3,4,5,6],[0,1,2,3,4,5,6]]",FEASIBLE,FEASIBLE,FEASIBLE,null,0.02528,0.104989,0.003411,False
704733,1,6,[1],"[3,1,2,1,2,2]","[[0,2,3,4,5]]",FEASIBLE,FEASIBLE,FEASIBLE,null,0.0102,0.025764,0.001858,False
704734,4,6,"[3,1,3,1]","[3,2,1,2,1,2]","[[0,1,2,5],[1,2,3,4],[0,1,2,3,4,5],[1,2,3,4]]",FEASIBLE,FEASIBLE,FEASIBLE,null,0.108051,0.070143,0.003937,False
704735,2,6,"[2,1]","[2,2,2,2,2,1]","[[0,3,4],[3]]",FEASIBLE,FEASIBLE,FEASIBLE,null,0.021936,0.030008,0.001721,False
704736,6,2,"[2,1,1,1,2,2]","[2,3]","[[0,1],[0,1],[1],[0],[0,1],[0,1]]",UNSAT,UNSAT,UNSAT,"[0, 3, 4]",0.084523,0.095593,0.004111,False
704737,7,7,"[1,1,2,1,3,2,3]","[1,1,2,3,3,2,1]","[[0],[3],[0,1,2,4],[2],[0,1,2,3,4,5,6],[0,2,3,4,5],[0,1,2,4,5]]",FEASIBLE,FEASIBLE,FEASIBLE,null,1.143078,0.127959,0.006348,False
704738,1,3,[1],"[2,2,3]",[[2]],FEASIBLE,FEASIBLE,FEASIBLE,null,0.011145,0.017454,0.001039,False
704739,4,1,"[1,1,1,1]",[3],"[[0],[0],[0],[0]]",UNSAT,UNSAT,UNSAT,"[0, 1, 2, 3]",0.033019,0.046978,0.002531,False
704740,4,5,"[1,2,1,2]","[3,1,3,2,2]","[[2,3,4],[0,1,2,3,4],[0,1,2,3],[1,4]]",FEASIBLE,FEASIBLE,FEASIBLE,null,0.096576,0.07639,0.004202,False
704741,4,3,"[3,2,2,1]","[3,2,3]","[[0,1,2],[0,1],[0,2],[1]]",UNSAT,UNSAT,UNSAT,"[0, 1, 3]",0.072004,0.077901,0.003418,False
704742,4,4,"[2,1,1,2]","[1,1,3,1]","[[0,1,2,3],[0,1,2,3],[3],[2,3]]",UNSAT,UNSAT,UNSAT,"[2, 3]",0.052847,0.219426,0.003298,False
704743,5,7,"[1,1,1,1,2]","[2,2,2,3,1,3,2]","[[0,1,2,3,4,5,6],[3,5],[0,2,3,5],[0,2,3,4,6],[0,4,6]]",FEASIBLE,FEASIBLE,FEASIBLE,null,0.259602,0.062665,0.004078,False
704744,3,6,"[3,1,2]","[1,2,3,1,2,1]","[[0,2,3],[0,4,5],[2,3,5]]",FEASIBLE,FEASIBLE,FEASIBLE,null,0.058713,0.048515,0.002618,False
704745,5,1,"[1,1,1,1,1]",[1],"[[0],[0],[0],[0],[0]]",UNSAT,UNSAT,UNSAT,"[0, 1]",0.013744,0.05463,0.003033,False
704746,2,3,"[3,1]","[3,1,2]","[[0,1,2],[1]]",UNSAT,UNSAT,UNSAT,"[0, 1]",0.014601,0.04234,0.002529,False
704747,7,1,"[1,1,1,1,1,1,1]",[2],"[[0],[0],[0],[0],[0],[0],[0]]",UNSAT,UNSAT,UNSAT,"[0, 1, 2]",0.056016,0.064797,0.003491,False
704748,2,7,"[1,3]","[3,3,1,3,3,2,1]","[[1],[0,2,4,6]]",FEASIBLE,FEASIBLE,FEASIBLE,null,0.024659,0.034492,0.001956,False
704749,3,6,"[1,3,3]","[1,3,3,3,3,3]","[[1,3],[0,1,2,4,5],[1,2,3,4]]",FEASIBLE,FEASIBLE,FEASIBLE,null,0.048954,0.053877,0.002772,False
704750,3,2,"[1,1,1]","[3,2]","[[1],[1],[1]]",UNSAT,UNSAT,UNSAT,"[0, 1, 2]",0.022464,0.0378,0.00255,False
704751,4,7,"[1,1,3,1]","[3,1,2,2,3,2,1]","[[0,1,2,3,4,5],[0,1,2],[0,1,2,3,4,6],[2,4]]",FEASIBLE,FEASIBLE,FEASIBLE,null,0.141532,0.057032,0.005274,False
704752,5,4,"[1,1,1,1,1]","[1,2,3,2]","[[0,1,2,3],[3],[0,2,3],[0,1],[0,2]]",FEASIBLE,FEASIBLE,FEASIBLE,null,0.155288,0.048553,0.002986,False
704753,3,3,"[1,2,1]","[1,3,1]","[[0,1,2],[0,1,2],[1]]",FEASIBLE,FEASIBLE,FEASIBLE,null,0.029254,0.034834,0.001946,False
704754,7,3,"[1,1,1,1,1,1,1]","[1,2,2]","[[2],[0,1],[0,1,2],[1],[0,1],[0,1,2],[1,2]]",UNSAT,UNSAT,UNSAT,"[0, 1, 2, 3, 4, 5]",0.505468,0.09725,0.006396,False
704755,7,4,"[2,1,1,1,1,1,2]","[1,2,3,2]","[[0,2],[0,1,2,3],[3],[1],[1],[2],[2,3]]",UNSAT,UNSAT,UNSAT,"[0, 1, 2, 3, 4, 5, 6]",0.729676,0.090883,0.004861,False
704756,1,5,[3],"[1,1,2,2,1]","[[0,1,3,4]]",FEASIBLE,FEASIBLE,FEASIBLE,null,0.00852,0.029302,0.001592,False
704757,6,7,"[2,3,1,1,1,2]","[3,2,1,3,3,2,1]","[[1,2],[1,2,3,4,5],[1,2,3,4,5,6],[1],[0,2,3,4,5,6],[0,6]]",FEASIBLE,FEASIBLE,FEASIBLE,null,0.542376,0.10896,0.005449,False
704758,6,3,"[2,1,2,1,2,2]","[3,2,2]","[[0,1],[0,1,2],[0,1,2],[2],[0,1,2],[1,2]]",UNSAT,UNSAT,UNSAT,"[0, 2, 3, 5]",0.199973,0.083815,0.004871,False
704759,4,2,"[1,1,1,1]","[3,2]","[[0],[1],[0],[0]]",FEASIBLE,FEASIBLE,FEASIBLE,null,0.047619,0.033381,0.001444,False
704760,4,1,"[1,1,1,1]",[3],"[[0],[0],[0],[0]]",UNSAT,UNSAT,UNSAT,"[0, 1, 2, 3]",0.032466,0.044513,0.002386,False
704761,6,4,"[2,3,2,1,1,1]","[1,2,3,2]","[[0,3],[0,1,3],[0,2],[1],[0,1,2],[0,1,2,3]]",UNSAT,UNSAT,UNSAT,"[0, 1]",0.033889,0.090397,0.004556,False
704762,7,1,"[1,1,1,1,1,1,1]",[3],"[[0],[0],[0],[0],[0],[0],[0]]",UNSAT,UNSAT,UNSAT,"[0, 1, 2, 3]",0.155925,0.066,0.003303,False
704763,2,3,"[2,2]","[3,2,1]","[[0,1],[0,1]]",FEASIBLE,FEASIBLE,FEASIBLE,null,0.014933,0.030822,0.001447,False
704764,3,1,"[1,1,1]",[2],"[[0],[0],[0]]",UNSAT,UNSAT,UNSAT,"[0, 1, 2]",0.016754,0.037799,0.001705,False
704765,4,3,"[1,1,3,1]","[1,3,1]","[[1,2],[2],[0,1,2],[0,1,2]]",UNSAT,UNSAT,UNSAT,"[1, 2]",0.037437,0.190258,0.002902,False
704766,6,6,"[1,1,1,2,2,2]","[1,1,3,3,1,3]","[[2],[1,2,3,4,5],[5],[0,3,4],[1,2,3,4,5],[0,1,5]]",FEASIBLE,FEASIBLE,FEASIBLE,null,0.459345,0.08371,0.004589,False
704767,4,4,"[1,2,2,2]","[1,2,3,2]","[[0,3],[2,3],[1,2,3],[0,1,2]]",FEASIBLE,FEASIBLE,FEASIBLE,null,0.075588,0.049611,0.002148,False
704768,3,6,"[1,2,3]","[3,2,2,1,1,2]","[[5],[0,1,3,4,5],[1,3,5]]",FEASIBLE,FEASIBLE,FEASIBLE,null,0.050927,0.049031,0.002192,False
704769,5,5,"[1,1,1,3,1]","[3,1,2,2,2]","[[1],[0,2,3,4],[1],[0,2,3,4],[0,4]]",UNSAT,UNSAT,UNSAT,"[0, 2]",0.038893,0.063756,0.003337,False
704770,6,4,"[1,1,1,3,1,3]","[1,3,2,2]","[[1,3],[1],[3],[0,1,3],[2],[1,2,3]]",UNSAT,UNSAT,UNSAT,"[2, 3, 5]",0.212671,0.084094,0.004141,False
704771,7,1,"[1,1,1,1,1,1,1]",[1],"[[0],[0],[0],[0],[0],[0],[0]]",UNSAT,UNSAT,UNSAT,"[0, 1]",0.017344,0.058531,0.002756,False
704772,5,5,"[1,1,1,2,2]","[2,3,2,3,2]","[[2],[1,3],[0,3],[0,1,2,3,4],[0,2,3]]",FEASIBLE,FEASIBLE,FEASIBLE,null,0.186037,0.08472,0.002734,False
704773,5,7,"[3,2,2,1,1]","[1,1,1,2,3,1,3]","[[0,1,2,3,4,5],[1,2,3,5],[1,2,4],[0,3,5,6],[0,3,4]]",FEASIBLE,FEASIBLE,FEASIBLE,null,0.259192,0.102497,0.004912,False
704774,3,1,"[1,1,1]",[3],"[[0],[0],[0]]",FEASIBLE,FEASIBLE,FEASIBLE,null,0.040222,0.035357,0.001184,False
704775,1,7,[3],"[2,2,2,1,3,2,2]","[[0,1,2,3,4,6]]",FEASIBLE,FEASIBLE,FEASIBLE,null,0.009717,0.174581,0.001572,False
704776,2,3,"[1,2]","[1,2,2]","[[0,1],[0,1,2]]",FEASIBLE,FEASIBLE,FEASIBLE,null,0.014737,0.029686,0.001434,False
704777,5,2,"[1,1,1,2,1]","[3,3]","[[0,1],[0],[0],[0,1],[1]]",FEASIBLE,FEASIBLE,FEASIBLE,null,0.092875,0.055441,0.00236,False
704778,4,5,"[1,1,1,1]","[3,3,2,2,2]","[[0,3],[3],[4],[0,1,2,3,4]]",FEASIBLE,FEASIBLE,FEASIBLE,null,0.095993,0.041323,0.002017,False
704779,5,7,"[3,1,3,2,1]","[2,2,2,2,2,1,2]","[[0,1,2,3,4,5,6],[5],[0,1,3,4,5,6],[1,2,3,5,6],[0,1,3,4,5,6]]",FEASIBLE,FEASIBLE,FEASIBLE,null,0.262735,0.082515,0.005962,False
704780,1,4,[3],"[3,3,1,3]","[[0,1,2,3]]",FEASIBLE,FEASIBLE,FEASIBLE,null,0.013395,0.02728,0.00128,False
704781,2,2,"[2,1]","[2,1]","[[0,1],[1]]",UNSAT,UNSAT,UNSAT,"[0, 1]",0.011683,0.048363,0.001729,False
704782,1,2,[1],"[2,1]",[[0]],FEASIBLE,FEASIBLE,FEASIBLE,null,0.005011,0.018842,0.000797,False
704783,6,6,"[1,2,3,1,3,3]","[2,1,3,3,1,3]","[[0,2,3],[0,1,2,3,4,5],[1,2,3,4,5],[1,5],[1,2,3,4],[0,1,3,4,5]]",FEASIBLE,FEASIBLE,FEASIBLE,null,0.467491,0.123095,0.005953,False
704784,3,5,"[1,3,1]","[1,1,2,1,2]","[[0,1,2,3,4],[0,1,2,3,4],[1]]",FEASIBLE,FEASIBLE,FEASIBLE,null,0.041645,0.062865,0.003026,False
704785,6,4,"[1,1,1,2,3,2]","[1,3,2,2]","[[2],[1,3],[3],[0,1,2,3],[0,1,2],[0,1,2]]",UNSAT,UNSAT,UNSAT,"[0, 4, 5]",0.149874,0.11782,0.005802,False
704786,6,1,"[1,1,1,1,1,1]",[3],"[[0],[0],[0],[0],[0],[0]]",UNSAT,UNSAT,UNSAT,"[0, 1, 2, 3]",0.081778,0.059542,0.00255,False
704787,5,2,"[1,1,1,1,1]","[3,1]","[[0],[0,1],[0,1],[0,1],[0,1]]",UNSAT,UNSAT,UNSAT,"[0, 1, 2, 3, 4]",0.096903,0.20333,0.003175,False
704788,4,5,"[1,2,3,2]","[1,1,2,3,2]","[[0,1,2,4],[1,3,4],[0,1,2,3,4],[0,1,2,3,4]]",FEASIBLE,FEASIBLE,FEASIBLE,null,0.093851,0.064562,0.003191,False
704789,5,7,"[1,1,1,3,2]","[3,2,2,3,1,2,2]","[[4,6],[0,1,4],[0,2,3,4,6],[1,2,3,4,6],[0,1,3,4,5,6]]",FEASIBLE,FEASIBLE,FEASIBLE,null,0.259068,0.066231,0.003577,False
704790,6,2,"[1,1,1,1,2,1]","[1,3]","[[0],[1],[0,1],[0],[0,1],[0]]",UNSAT,UNSAT,UNSAT,"[0, 3]",0.027629,0.062793,0.00304,False
704791,3,7,"[2,1,2]","[3,1,2,3,1,3,2]","[[1,2,3],[2],[1,5]]",FEASIBLE,FEASIBLE,FEASIBLE,null,0.058166,0.053116,0.002366,False
704792,1,2,[1],"[1,1]",[[0]],FEASIBLE,FEASIBLE,FEASIBLE,null,0.005225,0.015386,0.000784,False
704793,7,4,"[2,1,1,1,2,1,1]","[1,2,2,2]","[[0,1,2],[0,2,3],[0,1,2,3],[0],[0,1,2],[2],[0,1,2]]",UNSAT,UNSAT,UNSAT,"[0, 3, 4, 5]",0.410971,0.131093,0.006474,False
704794,2,6,"[1,1]","[3,3,3,2,2,3]","[[2,3],[2,3]]",FEASIBLE,FEASIBLE,FEASIBLE,null,0.023746,0.029697,0.001345,False
704795,3,4,"[1,2,1]","[2,3,3,3]","[[0,3],[0,1,2,3],[1]]",FEASIBLE,FEASIBLE,FEASIBLE,null,0.037239,0.034985,0.001645,False
704796,7,7,"[2,2,1,2,3,1,3]","[2,2,1,3,1,2,3]","[[0,2,3,4,5,6],[0,1,2,3,4,5,6],[6],[1,2,5],[0,1,2,3,4,5,6],[0,1,2,3,4,5,6],[0,5,6]]",FEASIBLE,FEASIBLE,FEASIBLE,null,1.172961,0.151191,0.00748,False
704797,5,4,"[1,1,1,1,3]","[3,3,2,1]","[[1],[2],[0,1,2,3],[1],[0,1,2]]",FEASIBLE,FEASIBLE,FEASIBLE,null,0.164496,0.223722,0.002276,False
704798,5,1,"[1,1,1,1,1]",[3],"[[0],[0],[0],[0],[0]]",UNSAT,UNSAT,UNSAT,"[0, 1, 2, 3]",0.058759,0.058642,0.002259,False
704799,3,1,"[1,1,1]",[3],"[[0],[0],[0]]",FEASIBLE,FEASIBLE,FEASIBLE,null,0.017876,0.02646,0.000929,False
704800,2,4,"[3,1]","[1,2,2,2]","[[0,1,2,3],[2]]",FEASIBLE,FEASIBLE,FEASIBLE,null,0.017478,0.032435,0.001468,False
704801,3,1,"[1,1,1]",[1],"[[0],[0],[0]]",UNSAT,UNSAT,UNSAT,"[0, 1]",0.01061,0.037446,0.001518,False
704802,3,5,"[2,1,2]","[1,3,2,1,1]","[[0,4],[2],[0,1,2,3,4]]",FEASIBLE,FEASIBLE,FEASIBLE,null,0.042658,0.042481,0.001983,False
704803,3,3,"[1,2,3]","[2,2,2]","[[0,1],[0,1,2],[0,1,2]]",FEASIBLE,FEASIBLE,FEASIBLE,null,0.030781,0.058311,0.002337,False
704804,2,2,"[1,1]","[3,2]","[[0,1],[0,1]]",FEASIBLE,FEASIBLE,FEASIBLE,null,0.012133,0.026852,0.001087,False
704805,4,1,"[1,1,1,1]",[3],"[[0],[0],[0],[0]]",UNSAT,UNSAT,UNSAT,"[0, 1, 2, 3]",0.033788,0.04665,0.001851,False
704806,7,7,"[2,1,3,3,1,1,1]","[2,1,2,1,2,3,1]","[[0,1,6],[5,6],[1,5,6],[0,2,5],[0,3],[6],[0,1,2,5,6]]",UNSAT,UNSAT,UNSAT,"[0, 2]",0.135822,0.10412,0.005159,False
704807,5,5,"[2,2,2,1,1]","[2,3,3,2,1]","[[3,4],[0,2,3,4],[0,1,2,3,4],[0,1,2,3,4],[0,2,3]]",FEASIBLE,FEASIBLE,FEASIBLE,null,0.207041,0.067704,0.003615,False
704808,1,1,[1],[1],[[0]],FEASIBLE,FEASIBLE,FEASIBLE,null,0.004729,0.013964,0.000705,False
704809,5,5,"[1,1,2,1,1]","[1,2,2,2,3]","[[0,2,3,4],[1,3],[0,2,3,4],[0,1,2],[4]]",FEASIBLE,FEASIBLE,FEASIBLE,null,0.221721,0.058696,0.002884,False
704810,3,6,"[2,1,1]","[3,1,3,1,1,2]","[[0,1,3,4,5],[1],[1,2,3,4,5]]",FEASIBLE,FEASIBLE,FEASIBLE,null,0.051209,0.194778,0.002778,False
704811,7,1,"[1,1,1,1,1,1,1]",[1],"[[0],[0],[0],[0],[0],[0],[0]]",UNSAT,UNSAT,UNSAT,"[0, 1]",0.018135,0.060075,0.002667,False
704812,4,4,"[3,2,2,3]","[3,2,1,1]","[[0,1,2,3],[0,1,2,3],[1,2,3],[0,2,3]]",UNSAT,UNSAT,UNSAT,"[0, 3]",0.035001,0.077464,0.004173,False
704813,2,3,"[1,1]","[2,1,3]","[[0,1,2],[1,2]]",FEASIBLE,FEASIBLE,FEASIBLE,null,0.01525,0.026076,0.001259,False
704814,2,6,"[3,2]","[1,3,3,2,3,1]","[[0,1,2,3,4],[0,1,2,3,4,5]]",FEASIBLE,FEASIBLE,FEASIBLE,null,0.022597,0.043953,0.002057,False
704815,4,2,"[1,1,1,1]","[3,1]","[[0],[0,1],[0],[0]]",FEASIBLE,FEASIBLE,FEASIBLE,null,0.050735,0.045232,0.001881,False
704816,4,1,"[1,1,1,1]",[3],"[[0],[0],[0],[0]]",UNSAT,UNSAT,UNSAT,"[0, 1, 2, 3]",0.037097,0.049128,0.001752,False
704817,4,5,"[2,3,1,1]","[1,1,1,3,1]","[[0,2,3,4],[1,2,4],[2,3,4],[0,1,2,3,4]]",FEASIBLE,FEASIBLE,FEASIBLE,null,0.093378,0.087586,0.003948,False
704818,5,2,"[1,1,1,1,1]","[1,3]","[[0],[1],[0],[0,1],[1]]",UNSAT,UNSAT,UNSAT,"[0, 2]",0.022387,0.059613,0.002319,False
704819,7,1,"[1,1,1,1,1,1,1]",[1],"[[0],[0],[0],[0],[0],[0],[0]]",UNSAT,UNSAT,UNSAT,"[0, 1]",0.017272,0.063227,0.002078,False
704820,5,4,"[1,1,1,2,1]","[3,1,3,2]","[[2],[2],[0,2],[0,1,2,3],[1,2,3]]",FEASIBLE,FEASIBLE,FEASIBLE,null,0.209184,0.055851,0.002342,False
704821,4,2,"[1,1,2,2]","[1,2]","[[0],[0],[0,1],[0,1]]",UNSAT,UNSAT,UNSAT,"[0, 1]",0.017037,0.059175,0.002397,False
704822,5,1,"[1,1,1,1,1]",[2],"[[0],[0],[0],[0],[0]]",UNSAT,UNSAT,UNSAT,"[0, 1, 2]",0.032854,0.048774,0.0021,False
704823,3,7,"[2,1,3]","[2,3,3,3,3,1,3]","[[0,1,2,3,4,5,6],[1,2,3],[1,4,6]]",FEASIBLE,FEASIBLE,FEASIBLE,null,0.05772,0.196951,0.002554,False
704824,7,2,"[1,2,1,1,2,1,1]","[3,2]","[[1],[0,1],[0],[0],[0,1],[0],[0]]",UNSAT,UNSAT,UNSAT,"[0, 1, 4]",0.090058,0.072465,0.003396,False
704825,3,7,"[1,3,1]","[2,3,3,2,1,3,3]","[[0,1,2,3,4],[0,1,3,5,6],[4]]",FEASIBLE,FEASIBLE,FEASIBLE,null,0.056317,0.047986,0.002208,False
704826,7,2,"[1,1,1,2,1,1,1]","[2,3]","[[0,1],[1],[0],[0,1],[0,1],[1],[0,1]]",UNSAT,UNSAT,UNSAT,"[0, 1, 2, 3, 4]",0.30209,0.077622,0.003691,False
704827,2,2,"[1,1]","[1,3]","[[1],[1]]",FEASIBLE,FEASIBLE,FEASIBLE,null,0.012224,0.022149,0.000879,False
704828,7,7,"[1,1,2,1,3,1,1]","[1,1,3,1,1,3,2]","[[0,3,4],[1],[0,1,2,3,4,5,6],[0,1,3,4,5],[0,1,2,3,4,5,6],[0,1,2,3,4,5,6],[0,1,2,3,4,5,6]]",FEASIBLE,FEASIBLE,FEASIBLE,null,1.17803,0.110732,0.006034,False
704829,2,3,"[2,1]","[1,2,2]","[[1,2],[2]]",FEASIBLE,FEASIBLE,FEASIBLE,null,0.018727,0.027757,0.001134,False
704830,1,3,[1],"[1,1,3]",[[1]],FEASIBLE,FEASIBLE,FEASIBLE,null,0.006525,0.01735,0.000804,False
704831,6,5,"[1,2,1,2,1,2]","[3,2,3,3,1]","[[1,2,3,4],[0,1,2,3,4],[3],[1,3],[1,2],[0,1,2,3,4]]",FEASIBLE,FEASIBLE,FEASIBLE,null,0.403787,0.0902,0.004305,False
704832,7,3,"[1,2,1,1,2,1,2]","[2,1,2]","[[0,1,2],[0,1,2],[2],[0,2],[0,1,2],[2],[1,2]]",UNSAT,UNSAT,UNSAT,"[1, 2, 6]",0.21803,0.088575,0.004509,False
704833,4,1,"[1,1,1,1]",[1],"[[0],[0],[0],[0]]",UNSAT,UNSAT,UNSAT,"[0, 1]",0.012723,0.179427,0.001664,False
704834,4,4,"[1,2,1,3]","[2,3,2,2]","[[2],[0,1,2],[2],[0,1,2,3]]",FEASIBLE,FEASIBLE,FEASIBLE,null,0.080232,0.053011,0.002081,False
704835,2,1,"[1,1]",[3],"[[0],[0]]",FEASIBLE,FEASIBLE,FEASIBLE,null,0.00957,0.020335,0.00081,False
704836,3,3,"[1,3,2]","[1,3,2]","[[0,1,2],[0,1,2],[0,1,2]]",FEASIBLE,FEASIBLE,FEASIBLE,null,0.029192,0.065922,0.00315,False
704837,7,2,"[2,1,1,1,1,1,1]","[1,1]","[[0,1],[0],[0,1],[0],[1],[0,1],[1]]",UNSAT,UNSAT,UNSAT,"[0, 1]",0.024324,0.068264,0.003922,False
704838,6,7,"[2,2,3,1,1,1]","[2,2,2,1,2,1,2]","[[0,2,3,4,5,6],[2,3,5],[0,1,2,3,4,5,6],[0,2,3,5],[0,1,2,4,5,6],[0,4,6]]",FEASIBLE,FEASIBLE,FEASIBLE,null,0.565865,0.098608,0.004821,False
704839,4,3,"[2,1,1,2]","[3,3,1]","[[1,2],[0,1,2],[2],[0,1,2]]",UNSAT,UNSAT,UNSAT,"[0, 2]",0.025513,0.056985,0.002825,False
704840,1,3,[2],"[3,1,3]","[[1,2]]",FEASIBLE,FEASIBLE,FEASIBLE,null,0.006265,0.021922,0.001022,False
704841,7,6,"[3,1,1,1,1,3,2]","[2,3,3,3,3,3]","[[0,1,2,3,4],[3],[0,1,2,3,4,5],[0,1,2,4,5],[1,4],[0,3,5],[1,3]]",FEASIBLE,FEASIBLE,FEASIBLE,null,1.02112,0.119142,0.005403,False
704842,1,6,[1],"[2,2,3,2,2,2]","[[0,1,3,5]]",FEASIBLE,FEASIBLE,FEASIBLE,null,0.060777,0.026873,0.001272,False
704843,4,7,"[2,1,1,3]","[3,2,1,2,3,1,3]","[[0,2,3,4],[1,3,6],[4],[0,1,2,3,4,5,6]]",FEASIBLE,FEASIBLE,FEASIBLE,null,0.121668,0.066185,0.002971,False
704844,2,1,"[1,1]",[1],"[[0],[0]]",UNSAT,UNSAT,UNSAT,"[0, 1]",0.009729,0.036045,0.001277,False
704845,5,4,"[1,1,1,1,3]","[1,1,2,1]","[[0,2],[1,3],[0,1,2,3],[2],[0,1,2,3]]",UNSAT,UNSAT,UNSAT,"[0, 1, 2, 4]",0.13721,0.2627,0.004143,False
704846,7,7,"[3,1,3,1,2,1,2]","[3,1,2,2,1,3,1]","[[0,3,5,6],[0,1,3,4,5,6],[0,1,2,3,4,6],[6],[0,1,2,6],[6],[0,1,2,3,4,5,6]]",UNSAT,UNSAT,UNSAT,"[3, 5]",0.187112,0.155117,0.007106,False
704847,3,3,"[1,3,2]","[3,3,2]","[[0,2],[0,1,2],[0,1,2]]",FEASIBLE,FEASIBLE,FEASIBLE,null,0.03888,0.044396,0.001845,False
704848,3,2,"[2,1,2]","[2,1]","[[0,1],[0],[0,1]]",UNSAT,UNSAT,UNSAT,"[0, 2]",0.018145,0.048399,0.002236,False
704849,4,1,"[1,1,1,1]",[2],"[[0],[0],[0],[0]]",UNSAT,UNSAT,UNSAT,"[0, 1, 2]",0.024643,0.044229,0.001827,False
704850,7,1,"[1,1,1,1,1,1,1]",[3],"[[0],[0],[0],[0],[0],[0],[0]]",UNSAT,UNSAT,UNSAT,"[0, 1, 2, 3]",0.135832,0.067512,0.002371,False
704851,4,7,"[3,2,1,2]","[2,3,2,2,3,2,2]","[[0,1,2,3,5],[1,2],[0,2,5,6],[0,1,2,3,4,5,6]]",FEASIBLE,FEASIBLE,FEASIBLE,null,0.126679,0.068037,0.003382,False
704852,3,7,"[3,1,1]","[1,3,1,1,1,3,2]","[[1,2,6],[0,1,2,4],[0]]",FEASIBLE,FEASIBLE,FEASIBLE,null,0.057771,0.057686,0.002593,False
704853,2,2,"[2,1]","[3,2]","[[0,1],[0]]",FEASIBLE,FEASIBLE,FEASIBLE,null,0.012188,0.026341,0.001096,False
704854,5,4,"[2,1,1,3,1]","[1,1,3,2]","[[1,3],[0,1,2,3],[0,1,2,3],[0,2,3],[1]]",UNSAT,UNSAT,UNSAT,"[0, 4]",0.045087,0.096755,0.004341,False
704855,6,3,"[1,3,3,1,1,1]","[1,2,2]","[[0,1],[0,1,2],[0,1,2],[0,1,2],[0,2],[0,2]]",UNSAT,UNSAT,UNSAT,"[1, 2]",0.047486,0.26677,0.004703,False
704856,3,5,"[3,2,1]","[3,3,3,2,2]","[[0,2,3,4],[0,1,2,3],[0,1,3]]",FEASIBLE,FEASIBLE,FEASIBLE,null,0.050838,0.049197,0.0021,False
704857,3,4,"[2,1,2]","[3,2,1,1]","[[0,1,3],[1,3],[0,2]]",FEASIBLE,FEASIBLE,FEASIBLE,null,0.099314,0.039152,0.00177,False
704858,2,4,"[2,1]","[3,2,1,1]","[[1,3],[0]]",FEASIBLE,FEASIBLE,FEASIBLE,null,0.020012,0.034843,0.001232,False
704859,5,6,"[2,2,1,3,3]","[2,3,1,1,2,3]","[[3,4],[0,1,2,3,4,5],[0,1,2,3,4,5],[0,1,2,5],[0,1,2,3,4,5]]",FEASIBLE,FEASIBLE,FEASIBLE,null,0.231848,0.090176,0.00422,False
704860,2,7,"[2,1]","[1,3,2,3,3,2,3]","[[1,2,6],[0,2,3,4,5,6]]",FEASIBLE,FEASIBLE,FEASIBLE,null,0.026236,0.039435,0.002042,False
704861,7,6,"[1,2,3,1,2,2,2]","[2,2,1,1,3,2]","[[0,1,2,3,4,5],[1,2,4],[0,1,2,3,4,5],[0,1,2,3,4,5],[0,1,2,3,4],[0,2],[1,2,3,4,5]]",UNSAT,UNSAT,UNSAT,"[0, 1, 2, 4, 5, 6]",1.171768,0.230507,0.009793,False
704862,4,3,"[1,1,2,1]","[2,1,2]","[[0,1],[0,1,2],[0,2],[0,1]]",FEASIBLE,FEASIBLE,FEASIBLE,null,0.065196,0.064827,0.002637,False
704863,4,3,"[1,1,2,1]","[3,2,1]","[[0],[0,1],[1,2],[2]]",UNSAT,UNSAT,UNSAT,"[2, 3]",0.044433,0.052429,0.00232,False
704864,5,7,"[1,3,1,2,2]","[1,1,2,2,2,3,2]","[[0,1,2,3,4,5,6],[1,2,3],[0,1,2,3,4,5],[0,2,3],[0,1,2,4,5,6]]",FEASIBLE,FEASIBLE,FEASIBLE,null,0.268296,0.118516,0.004839,False
704865,5,6,"[3,3,3,1,2]","[3,2,3,1,2,3]","[[0,1,2,3,5],[0,1,4],[0,1,2,3,5],[2,3,4],[0,1,2,3,4,5]]",FEASIBLE,FEASIBLE,FEASIBLE,null,0.262975,0.245586,0.00391,False
704866,2,5,"[2,1]","[1,3,1,2,2]","[[1,4],[1]]",FEASIBLE,FEASIBLE,FEASIBLE,null,0.021811,0.031259,0.001311,False
704867,5,2,"[2,2,1,1,1]","[3,1]","[[0,1],[0,1],[0],[0],[1]]",UNSAT,UNSAT,UNSAT,"[0, 1]",0.020164,0.067898,0.002875,False
704868,1,2,[1],"[2,3]",[[1]],FEASIBLE,FEASIBLE,FEASIBLE,null,0.005628,0.017434,0.000731,False
704869,4,7,"[1,2,3,1]","[1,1,1,1,3,3,3]","[[0,1,2,3],[0,1,2,5],[0,1,3,4,5,6],[0,1,2]]",FEASIBLE,FEASIBLE,FEASIBLE,null,0.123213,0.091506,0.004278,False
704870,1,6,[1],"[1,2,3,2,1,1]",[[0]],FEASIBLE,FEASIBLE,FEASIBLE,null,0.009051,0.018732,0.00094,False
704871,7,3,"[3,1,2,3,1,2,1]","[2,1,3]","[[0,1,2],[0,1,2],[0,1,2],[0,1,2],[1],[1,2],[1]]",UNSAT,UNSAT,UNSAT,"[0, 3]",0.040153,0.094431,0.004673,False
704872,1,3,[3],"[3,2,3]","[[0,1,2]]",FEASIBLE,FEASIBLE,FEASIBLE,null,0.006457,0.026296,0.001104,False
704873,1,2,[1],"[3,3]",[[1]],FEASIBLE,FEASIBLE,FEASIBLE,null,0.005344,0.015461,0.00069,False
704874,3,7,"[1,2,3]","[3,3,1,2,2,1,3]","[[3],[0,2,3,5,6],[1,4,5]]",FEASIBLE,FEASIBLE,FEASIBLE,null,0.055939,0.047964,0.002241,False
704875,6,6,"[1,3,2,2,1,1]","[1,3,2,3,3,2]","[[3],[0,1,2,3,4,5],[0,3,4],[2,3,4],[0,2],[0]]",FEASIBLE,FEASIBLE,FEASIBLE,null,0.540833,0.137426,0.005383,False
704876,5,4,"[2,1,1,1,3]","[1,2,1,1]","[[1,2],[2],[0,3],[3],[1,2,3]]",UNSAT,UNSAT,UNSAT,"[0, 1]",0.031155,0.085236,0.003315,False
704877,6,2,"[1,2,1,1,1,2]","[3,2]","[[0,1],[0,1],[1],[0,1],[0,1],[0,1]]",UNSAT,UNSAT,UNSAT,"[1, 2, 5]",0.101216,0.219284,0.003534,False
704878,1,6,[2],"[3,2,3,2,1,3]","[[0,1,2,3]]",FEASIBLE,FEASIBLE,FEASIBLE,null,0.009503,0.026115,0.001311,False
704879,3,5,"[1,1,3]","[3,2,1,3,1]","[[0,1,3],[2,3,4],[0,1,2,3,4]]",FEASIBLE,FEASIBLE,FEASIBLE,null,0.044864,0.047358,0.002152,False
704880,6,2,"[1,1,1,1,1,1]","[3,3]","[[0],[0],[0,1],[0,1],[1],[0,1]]",FEASIBLE,FEASIBLE,FEASIBLE,null,0.234726,0.054345,0.001985,False
704881,5,7,"[1,1,2,3,1]","[3,2,1,2,3,2,1]","[[2,3,6],[0,1,2,3,4,6],[0,2,3,5,6],[0,1,3,5],[5]]",FEASIBLE,FEASIBLE,FEASIBLE,null,0.266914,0.071735,0.003434,False
704882,1,1,[1],[3],[[0]],FEASIBLE,FEASIBLE,FEASIBLE,null,0.004899,0.015757,0.000641,False
704883,5,1,"[1,1,1,1,1]",[3],"[[0],[0],[0],[0],[0]]",UNSAT,UNSAT,UNSAT,"[0, 1, 2, 3]",0.059979,0.07908,0.002094,False
704884,6,5,"[3,1,1,3,1,1]","[2,3,1,3,2]","[[1,2,3,4],[0,1,4],[0,1,2,3,4],[0,1,2,3,4],[0],[0,1]]",FEASIBLE,FEASIBLE,FEASIBLE,null,0.415472,0.108096,0.004692,False
704885,1,1,[1],[1],[[0]],FEASIBLE,FEASIBLE,FEASIBLE,null,0.005049,0.015375,0.000592,False
704886,6,6,"[1,3,1,1,1,2]","[1,1,1,3,3,1]","[[0],[0,1,2,3,4],[5],[1],[0,1,2,3,4],[1,4]]",UNSAT,UNSAT,UNSAT,"[3, 5]",0.134952,0.109901,0.004953,False
704887,7,4,"[2,2,3,3,1,2,2]","[3,1,1,1]","[[0,2],[2,3],[0,1,2],[1,2,3],[0,1,2,3],[0,1,2,3],[0,1,2,3]]",UNSAT,UNSAT,UNSAT,"[0, 1]",0.040113,0.112002,0.005785,False
704888,1,1,[1],[3],[[0]],FEASIBLE,FEASIBLE,FEASIBLE,null,0.004602,0.016266,0.00056,False
704889,4,5,"[2,1,3,1]","[3,3,3,3,2]","[[0,2,3,4],[0,1,3,4],[0,1,2,3,4],[1]]",FEASIBLE,FEASIBLE,FEASIBLE,null,0.093698,0.322222,0.002795,False
704890,7,6,"[1,3,3,1,1,2,2]","[1,2,1,2,2,1]","[[0],[1,3,4,5],[0,1,2,3,5],[0],[5],[1,2,3,4],[0,1,2,4]]",UNSAT,UNSAT,UNSAT,"[0, 3]",0.069336,0.146602,0.0063,False
704891,5,1,"[1,1,1,1,1]",[1],"[[0],[0],[0],[0],[0]]",UNSAT,UNSAT,UNSAT,"[0, 1]",0.015952,0.051705,0.001964,False
704892,5,6,"[2,2,2,1,1]","[1,1,2,3,1,1]","[[0,1,2,3,4,5],[0,1,2,3,5],[0,1,2,4,5],[1,2,4],[4]]",FEASIBLE,FEASIBLE,FEASIBLE,null,0.236396,0.098254,0.004445,False
704893,2,2,"[1,1]","[1,3]","[[1],[1]]",FEASIBLE,FEASIBLE,FEASIBLE,null,0.013449,0.024707,0.000845,False
704894,3,4,"[2,3,2]","[2,3,3,2]","[[1,2,3],[0,1,2],[1,3]]",FEASIBLE,FEASIBLE,FEASIBLE,null,0.038583,0.046146,0.001961,False
704895,1,6,[2],"[2,1,3,2,2,1]","[[0,1,2,4,5]]",FEASIBLE,FEASIBLE,FEASIBLE,null,0.009041,0.026611,0.001349,False
704896,1,5,[1],"[1,2,1,3,2]","[[0,1,2,3,4]]",FEASIBLE,FEASIBLE,FEASIBLE,null,0.009318,0.023743,0.001203,False
704897,6,1,"[1,1,1,1,1,1]",[3],"[[0],[0],[0],[0],[0],[0]]",UNSAT,UNSAT,UNSAT,"[0, 1, 2, 3]",0.086871,0.058167,0.002292,False
704898,7,5,"[2,1,1,3,3,1,3]","[3,1,1,2,2]","[[0,3,4],[0,2,3],[2,3,4],[0,1,2,3,4],[0,2,3,4],[0,1],[0,1,2,3,4]]",UNSAT,UNSAT,UNSAT,"[0, 3, 4, 6]",0.518066,0.12439,0.006365,False
704899,4,2,"[1,1,1,1]","[3,1]","[[0,1],[1],[0],[0]]",FEASIBLE,FEASIBLE,FEASIBLE,null,0.084614,0.036985,0.001468,False
704900,3,4,"[1,2,3]","[2,1,1,1]","[[1],[0,1,2],[1,2,3]]",UNSAT,UNSAT,UNSAT,"[0, 2]",0.02732,0.204259,0.002767,False
704901,5,4,"[1,3,1,1,1]","[2,2,2,2]","[[3],[0,1,2,3],[0,1,2,3],[0,1,2,3],[0]]",FEASIBLE,FEASIBLE,FEASIBLE,null,0.167128,0.074092,0.003432,False
704902,4,3,"[2,1,2,2]","[1,1,1]","[[1,2],[0,1],[0,1],[0,1,2]]",UNSAT,UNSAT,UNSAT,"[0, 2]",0.026002,0.062654,0.002999,False
704903,3,5,"[1,2,1]","[3,1,1,1,1]","[[2,3,4],[1,3],[0,1,2,4]]",FEASIBLE,FEASIBLE,FEASIBLE,null,0.049575,0.03975,0.002105,False
704904,4,4,"[2,1,1,2]","[2,2,1,3]","[[1,2,3],[0,3],[0,3],[2,3]]",FEASIBLE,FEASIBLE,FEASIBLE,null,0.083402,0.059593,0.002527,False
704905,2,2,"[1,2]","[2,3]","[[0,1],[0,1]]",FEASIBLE,FEASIBLE,FEASIBLE,null,0.012198,0.027519,0.001161,False
704906,4,1,"[1,1,1,1]",[3],"[[0],[0],[0],[0]]",UNSAT,UNSAT,UNSAT,"[0, 1, 2, 3]",0.034363,0.053379,0.001701,False
704907,5,1,"[1,1,1,1,1]",[2],"[[0],[0],[0],[0],[0]]",UNSAT,UNSAT,UNSAT,"[0, 1, 2]",0.035262,0.052903,0.001815,False
704908,5,6,"[1,1,1,1,1]","[3,3,2,2,3,1]","[[0,1,2,4],[4],[1,2],[0,1,2,3,4,5],[1]]",FEASIBLE,FEASIBLE,FEASIBLE,null,0.232241,0.052178,0.002754,False
704909,7,2,"[1,1,1,1,1,1,1]","[3,1]","[[0],[0,1],[0,1],[0,1],[1],[1],[1]]",UNSAT,UNSAT,UNSAT,"[4, 5]",0.111032,0.076598,0.003294,False
704910,7,1,"[1,1,1,1,1,1,1]",[1],"[[0],[0],[0],[0],[0],[0],[0]]",UNSAT,UNSAT,UNSAT,"[0, 1]",0.017878,0.059419,0.002258,False
704911,1,7,[1],"[2,3,2,3,1,3,2]",[[2]],FEASIBLE,FEASIBLE,FEASIBLE,null,0.00982,0.020405,0.000943,False
704912,5,2,"[1,1,1,1,1]","[3,1]","[[0,1],[0,1],[0,1],[1],[0,1]]",UNSAT,UNSAT,UNSAT,"[0, 1, 2, 3, 4]",0.099042,0.070063,0.002899,False
704913,1,1,[1],[2],[[0]],FEASIBLE,FEASIBLE,FEASIBLE,null,0.150697,0.021217,0.000525,False
704914,4,2,"[1,2,1,1]","[2,3]","[[0,1],[0,1],[0],[0]]",UNSAT,UNSAT,UNSAT,"[1, 2, 3]",0.04598,0.068488,0.002743,False
704915,7,1,"[1,1,1,1,1,1,1]",[1],"[[0],[0],[0],[0],[0],[0],[0]]",UNSAT,UNSAT,UNSAT,"[0, 1]",0.018046,0.065169,0.002025,False
704916,7,2,"[1,2,1,1,1,1,2]","[2,1]","[[0],[0,1],[1],[0],[0],[0],[0,1]]",UNSAT,UNSAT,UNSAT,"[1, 2]",0.043051,0.07062,0.003203,False
704917,5,1,"[1,1,1,1,1]",[2],"[[0],[0],[0],[0],[0]]",UNSAT,UNSAT,UNSAT,"[0, 1, 2]",0.03373,0.049838,0.001687,False
704918,5,6,"[2,3,3,1,2]","[2,2,1,2,3,3]","[[0,3,4,5],[1,2,3],[0,1,2,3,4,5],[0,2,3,4],[3,4]]",FEASIBLE,FEASIBLE,FEASIBLE,null,0.232688,0.107374,0.004743,False
704919,1,3,[2],"[1,3,2]","[[0,1]]",FEASIBLE,FEASIBLE,FEASIBLE,null,0.006591,0.022231,0.000891,False
704920,2,7,"[3,1]","[2,1,2,1,2,3,3]","[[0,2,4,5,6],[0,1,2,4,6]]",FEASIBLE,FEASIBLE,FEASIBLE,null,0.026917,0.043715,0.002012,False
704921,7,5,"[1,3,2,2,1,1,3]","[3,2,1,1,1]","[[1,2],[0,1,4],[0,2,3],[0,2,3,4],[2,4],[0,1,2,4],[0,1,2,3]]",UNSAT,UNSAT,UNSAT,"[0, 1, 2, 6]",0.494361,0.126111,0.006295,False
704922,7,4,"[3,2,1,2,2,1,1]","[2,1,2,1]","[[0,1,2],[2,3],[0,2,3],[0,1,2],[2,3],[2],[2]]",UNSAT,UNSAT,UNSAT,"[1, 4]",0.078546,0.115123,0.004671,False
704923,4,7,"[2,2,1,3]","[2,2,2,3,1,2,3]","[[0,2,4,5],[0,1,2,3,4,5,6],[1,4,6],[2,3,4,5]]",FEASIBLE,FEASIBLE,FEASIBLE,null,0.12871,0.077369,0.003268,False
704924,1,4,[3],"[2,3,3,3]","[[0,1,2,3]]",FEASIBLE,FEASIBLE,FEASIBLE,null,0.15937,0.029791,0.00123,False
704925,3,5,"[1,2,1]","[2,3,1,1,1]","[[0],[0,1],[1,4]]",FEASIBLE,FEASIBLE,FEASIBLE,null,0.044462,0.035421,0.001493,False
704926,6,5,"[2,1,3,2,1,1]","[2,2,3,2,1]","[[0,1,2],[0,1,3,4],[0,1,2,4],[1,2,4],[2,3,4],[0,1,2]]",FEASIBLE,FEASIBLE,FEASIBLE,null,0.449635,0.130186,0.005525,False
704927,1,2,[1],"[3,1]",[[1]],FEASIBLE,FEASIBLE,FEASIBLE,null,0.006472,0.015962,0.000673,False
704928,4,1,"[1,1,1,1]",[3],"[[0],[0],[0],[0]]",UNSAT,UNSAT,UNSAT,"[0, 1, 2, 3]",0.034115,0.048724,0.001676,False
704929,4,1,"[1,1,1,1]",[3],"[[0],[0],[0],[0]]",UNSAT,UNSAT,UNSAT,"[0, 1, 2, 3]",0.033423,0.047628,0.001522,False
704930,5,2,"[1,2,1,2,1]","[1,1]","[[1],[0,1],[0,1],[0,1],[0]]",UNSAT,UNSAT,UNSAT,"[0, 1]",0.019366,0.060744,0.002897,False
704931,5,5,"[2,2,2,1,2]","[2,1,2,3,2]","[[0,1,2,3],[1,2,3,4],[0,1,3],[0,1,2,3,4],[1,3]]",FEASIBLE,FEASIBLE,FEASIBLE,null,0.207826,0.092565,0.004037,False
704932,5,2,"[2,2,1,1,1]","[3,1]","[[0,1],[0,1],[0,1],[0],[0,1]]",UNSAT,UNSAT,UNSAT,"[0, 1]",0.020278,0.066438,0.002989,False
704933,1,3,[1],"[3,2,3]","[[0,1,2]]",FEASIBLE,FEASIBLE,FEASIBLE,null,0.006841,0.0189,0.000896,False
704934,1,7,[1],"[1,2,3,2,3,2,2]","[[1,4]]",FEASIBLE,FEASIBLE,FEASIBLE,null,0.010422,0.023511,0.001067,False
704935,5,4,"[2,3,1,3,3]","[3,2,2,1]","[[1,2,3],[0,2,3],[3],[0,1,2],[0,1,2,3]]",UNSAT,UNSAT,UNSAT,"[1, 2]",0.049481,0.088422,0.004651,False
704936,3,2,"[1,1,1]","[2,1]","[[1],[1],[1]]",UNSAT,UNSAT,UNSAT,"[0, 1]",0.014628,0.039019,0.001814,False
704937,1,1,[1],[1],[[0]],FEASIBLE,FEASIBLE,FEASIBLE,null,0.004424,0.175489,0.000544,False
704938,7,2,"[1,1,1,2,2,1,1]","[1,2]","[[0,1],[0],[0,1],[0,1],[0,1],[0,1],[0]]",UNSAT,UNSAT,UNSAT,"[1, 3]",0.046286,0.078879,0.003827,False
704939,3,2,"[1,1,1]","[1,3]","[[0],[1],[1]]",FEASIBLE,FEASIBLE,FEASIBLE,null,0.024984,0.028132,0.001323,False
704940,6,6,"[2,3,1,1,2,1]","[2,3,2,3,2,3]","[[2,3,4,5],[0,1,2,4,5],[1,3],[0,1,2,3],[1,2,4],[0,2,3,5]]",FEASIBLE,FEASIBLE,FEASIBLE,null,0.537154,0.082869,0.004047,False
704941,1,6,[1],"[1,3,3,3,3,1]",[[0]],FEASIBLE,FEASIBLE,FEASIBLE,null,0.009273,0.021333,0.000892,False
704942,5,4,"[1,1,1,1,1]","[2,3,3,3]","[[1],[2],[2],[1],[0,2,3]]",FEASIBLE,FEASIBLE,FEASIBLE,null,0.161266,0.043574,0.00191,False
704943,7,1,"[1,1,1,1,1,1,1]",[1],"[[0],[0],[0],[0],[0],[0],[0]]",UNSAT,UNSAT,UNSAT,"[0, 1]",0.022071,0.068698,0.002267,False
704944,2,5,"[3,2]","[1,2,2,2,2]","[[0,1,2,3,4],[0,4]]",FEASIBLE,FEASIBLE,FEASIBLE,null,0.021211,0.052896,0.002268,False
704945,5,5,"[1,1,2,2,2]","[1,1,1,2,1]","[[0,4],[1,3],[1,3,4],[0,4],[1,2]]",UNSAT,UNSAT,UNSAT,"[0, 3]",0.047418,0.1024,0.006038,False
704946,4,7,"[3,1,1,3]","[2,1,3,1,3,1,1]","[[0,2,3,4,5,6],[0,2,3,4,5,6],[0,2,3,4,5,6],[0,2,3,5]]",FEASIBLE,FEASIBLE,FEASIBLE,null,0.152165,0.090379,0.004792,False
704947,2,6,"[3,2]","[1,3,3,1,2,3]","[[0,1,2,3,4,5],[0,1,2,3,4,5]]",FEASIBLE,FEASIBLE,FEASIBLE,null,0.024134,0.05388,0.002269,False
704948,6,2,"[1,1,1,2,1,1]","[2,1]","[[1],[1],[0,1],[0,1],[1],[1]]",UNSAT,UNSAT,UNSAT,"[0, 1]",0.025994,0.218693,0.003184,False
704949,2,6,"[2,3]","[3,1,1,2,2,1]","[[0,1,3,4,5],[0,1,2,3,4,5]]",FEASIBLE,FEASIBLE,FEASIBLE,null,0.024299,0.051498,0.00215,False
704950,2,6,"[1,2]","[2,1,2,1,1,3]","[[0,2],[0,1,2,3]]",FEASIBLE,FEASIBLE,FEASIBLE,null,0.023247,0.031741,0.001614,False
704951,7,2,"[1,1,2,1,1,1,1]","[3,1]","[[1],[0],[0,1],[0,1],[0,1],[0],[0]]",UNSAT,UNSAT,UNSAT,"[0, 2]",0.027801,0.073698,0.00371,False
704952,3,4,"[1,1,2]","[2,1,1,3]","[[0],[1,3],[0,1,2]]",FEASIBLE,FEASIBLE,FEASIBLE,null,0.037824,0.037795,0.001589,False
704953,2,2,"[1,1]","[2,2]","[[0],[0]]",FEASIBLE,FEASIBLE,FEASIBLE,null,0.012194,0.022277,0.000853,False
704954,4,4,"[1,1,1,2]","[2,2,2,3]","[[0,1,3],[1,2,3],[3],[0,1,2,3]]",FEASIBLE,FEASIBLE,FEASIBLE,null,0.079759,0.04461,0.002204,False
704955,1,5,[1],"[2,3,3,1,2]","[[0,4]]",FEASIBLE,FEASIBLE,FEASIBLE,null,0.007958,0.02042,0.00088,False
704956,3,7,"[1,2,2]","[1,2,3,3,3,3,1]","[[1,2,3,6],[0,1,2,3,5,6],[4,6]]",FEASIBLE,FEASIBLE,FEASIBLE,null,0.060997,0.047787,0.002485,False
704957,4,3,"[3,2,2,1]","[2,1,1]","[[0,1,2],[0,1,2],[1,2],[0]]",UNSAT,UNSAT,UNSAT,"[0, 1]",0.022533,0.067949,0.003275,False
704958,2,4,"[2,2]","[2,3,1,2]","[[0,1,2,3],[0,1,2,3]]",FEASIBLE,FEASIBLE,FEASIBLE,null,0.019456,0.036657,0.001644,False
704959,1,3,[1],"[2,2,1]",[[2]],FEASIBLE,FEASIBLE,FEASIBLE,null,0.006687,0.016754,0.000773,False
704960,5,7,"[1,3,1,2,1]","[1,1,2,1,2,1,3]","[[4],[0,3,4],[0,1,2,3,4,5,6],[0,1,3,4,5,6],[0,2,4]]",FEASIBLE,FEASIBLE,FEASIBLE,null,0.290011,0.094514,0.003742,False
704961,7,4,"[2,1,2,2,1,2,1]","[2,2,3,2]","[[2,3],[0,2,3],[0,1],[0,1,2],[0],[0,1,2,3],[0,1,2,3]]",UNSAT,UNSAT,UNSAT,"[0, 1, 2, 3, 4, 5]",0.873846,0.119773,0.005653,False
704962,3,7,"[2,2,2]","[3,1,1,2,1,2,2]","[[1,2,4,5],[3,4,6],[0,1,2,3,5,6]]",FEASIBLE,FEASIBLE,FEASIBLE,null,0.065325,0.076527,0.002647,False
704963,2,1,"[1,1]",[3],"[[0],[0]]",FEASIBLE,FEASIBLE,FEASIBLE,null,0.010527,0.022898,0.000803,False
704964,4,1,"[1,1,1,1]",[2],"[[0],[0],[0],[0]]",UNSAT,UNSAT,UNSAT,"[0, 1, 2]",0.02566,0.0475,0.001968,False
704965,4,2,"[1,2,1,1]","[1,1]","[[1],[0,1],[0,1],[1]]",UNSAT,UNSAT,UNSAT,"[0, 1]",0.018913,0.056593,0.00246,False
704966,5,5,"[3,1,2,1,2]","[2,1,3,3,2]","[[0,1,2,4],[4],[0,1,2,3,4],[0,1,2,3,4],[0,1,2,3]]",FEASIBLE,FEASIBLE,FEASIBLE,null,0.204118,0.099411,0.004276,False
704967,2,6,"[1,1]","[1,3,2,2,3,3]","[[0,1,2,3,5],[2,3]]",FEASIBLE,FEASIBLE,FEASIBLE,null,0.024525,0.031178,0.001624,False
704968,4,4,"[1,1,1,2]","[2,3,2,3]","[[0],[1,2,3],[1,3],[0,1,2]]",FEASIBLE,FEASIBLE,FEASIBLE,null,0.088195,0.048647,0.001855,False
704969,5,4,"[1,1,1,2,3]","[1,3,3,3]","[[0,1,2,3],[3],[0,1,2,3],[1,2],[0,1,2]]",FEASIBLE,FEASIBLE,FEASIBLE,null,0.188931,0.090214,0.003539,False
704970,2,2,"[2,1]","[2,2]","[[0,1],[1]]",FEASIBLE,FEASIBLE,FEASIBLE,null,0.012988,0.027053,0.001104,False
704971,2,4,"[1,3]","[3,2,1,2]","[[2],[0,1,2,3]]",FEASIBLE,FEASIBLE,FEASIBLE,null,0.017986,0.039622,0.00156,False
704972,1,6,[1],"[3,2,2,1,2,1]",[[1]],FEASIBLE,FEASIBLE,FEASIBLE,null,0.008957,0.02607,0.000868,False
704973,3,2,"[1,2,2]","[1,2]","[[0],[0,1],[0,1]]",UNSAT,UNSAT,UNSAT,"[0, 1]",0.016159,0.180168,0.002267,False
704974,3,3,"[2,2,1]","[2,3,3]","[[0,2],[1,2],[0]]",FEASIBLE,FEASIBLE,FEASIBLE,null,0.026513,0.032989,0.001499,False
704975,6,7,"[1,3,3,2,1,2]","[1,3,3,1,2,2,2]","[[0,1,2],[0,1,5],[0,1,2,3,4,5,6],[4,5],[5],[0,1,2,3,4,6]]",UNSAT,UNSAT,UNSAT,"[1, 3, 4]",0.229871,0.118808,0.006496,False
704976,1,4,[1],"[3,1,1,1]","[[1,2,3]]",FEASIBLE,FEASIBLE,FEASIBLE,null,0.006179,0.018145,0.000972,False
704977,3,5,"[1,3,2]","[3,1,3,3,2]","[[2,3,4],[0,3,4],[0,2,3,4]]",FEASIBLE,FEASIBLE,FEASIBLE,null,0.036403,0.042281,0.002058,False
704978,1,1,[1],[2],[[0]],FEASIBLE,FEASIBLE,FEASIBLE,null,0.003507,0.011967,0.000578,False
704979,2,6,"[3,2]","[2,3,1,2,1,2]","[[1,2,4],[0,1,2,4,5]]",FEASIBLE,FEASIBLE,FEASIBLE,null,0.018993,0.033959,0.001814,False
704980,7,3,"[2,2,1,1,3,2,2]","[3,3,1]","[[0,1],[0,1],[0],[2],[0,1,2],[1,2],[0,2]]",UNSAT,UNSAT,UNSAT,"[3, 4]",0.073448,0.073728,0.004259,False
704981,5,4,"[1,3,2,3,1]","[2,3,3,3]","[[0],[0,2,3],[2,3],[0,1,2,3],[2]]",UNSAT,UNSAT,UNSAT,"[0, 1, 2, 3, 4]",0.135385,0.067566,0.003777,False
704982,5,5,"[1,2,1,2,2]","[1,1,2,1,2]","[[3],[0,1,4],[0],[0,4],[0,1,2,3,4]]",UNSAT,UNSAT,UNSAT,"[2, 3]",0.062545,0.094198,0.005137,False
704983,7,3,"[3,2,2,1,1,1,1]","[3,1,3]","[[0,1,2],[0,1],[0,2],[0,1,2],[0,1],[2],[0]]",UNSAT,UNSAT,UNSAT,"[0, 1]",0.026762,0.077388,0.004864,False
704984,2,6,"[3,1]","[2,1,1,2,3,2]","[[0,1,2,3,4,5],[1]]",FEASIBLE,FEASIBLE,FEASIBLE,null,0.018546,0.046112,0.002369,False
704985,7,6,"[1,3,1,2,1,2,1]","[3,1,3,2,1,3]","[[1,2,3,4],[0,1,4,5],[0,1,2,4],[0,1,2,3,4,5],[0,2,3,4,5],[0,3,4,5],[1,2,3,5]]",FEASIBLE,FEASIBLE,FEASIBLE,null,0.819435,0.081746,0.00597,False
704986,4,7,"[1,3,2,2]","[2,3,2,1,2,2,2]","[[0,1,2,3,4,5,6],[1,4,6],[1,3,4,5,6],[0,1,2,6]]",FEASIBLE,FEASIBLE,FEASIBLE,null,0.110011,0.069438,0.003358,False
704987,4,6,"[1,1,3,2]","[1,2,2,3,1,2]","[[0,1,2,4,5],[0,1,5],[0,2,5],[1,2,3,4]]",FEASIBLE,FEASIBLE,FEASIBLE,null,0.090262,0.069623,0.003726,False
704988,1,5,[1],"[2,3,1,1,3]","[[0,1,2,3,4]]",FEASIBLE,FEASIBLE,FEASIBLE,null,0.006849,0.01892,0.001256,False
704989,4,6,"[2,1,1,2]","[2,3,2,1,1,3]","[[0,1,2,3,4,5],[5],[2],[0,1,2,3,4,5]]",FEASIBLE,FEASIBLE,FEASIBLE,null,0.106505,0.045565,0.002708,False
704990,6,4,"[2,1,2,2,1,1]","[2,1,3,1]","[[1,2],[0,1,2,3],[0,1],[1,2],[2],[3]]",UNSAT,UNSAT,UNSAT,"[0, 2]",0.032836,0.08908,0.003608,False
704991,5,5,"[1,1,1,2,1]","[3,3,2,1,1]","[[0,1,3],[0,1,2,3],[0],[1,2],[2,4]]",FEASIBLE,FEASIBLE,FEASIBLE,null,0.164452,0.045145,0.002388,False
704992,6,1,"[1,1,1,1,1,1]",[2],"[[0],[0],[0],[0],[0],[0]]",UNSAT,UNSAT,UNSAT,"[0, 1, 2]",0.036815,0.047477,0.002552,False
704993,5,7,"[2,2,3,1,1]","[2,2,3,3,2,3,2]","[[0,1,2,3,4,5,6],[0,1,2,4,5,6],[0,1,2,3,4,5,6],[0,2,3,4,5,6],[4]]",FEASIBLE,FEASIBLE,FEASIBLE,null,0.212637,0.167709,0.004376,False
704994,6,6,"[1,3,1,1,2,3]","[2,1,3,2,1,2]","[[0,1,2,4,5],[0,1,2,3,4,5],[2],[0,1,2,3,4,5],[3,5],[2,4,5]]",FEASIBLE,FEASIBLE,FEASIBLE,null,0.38994,0.087113,0.00456,False
704995,1,1,[1],[1],[[0]],FEASIBLE,FEASIBLE,FEASIBLE,null,0.003838,0.01253,0.000582,False
704996,4,4,"[1,1,1,1]","[1,2,2,1]","[[0,3],[3],[0,3],[2,3]]",UNSAT,UNSAT,UNSAT,"[0, 1, 2]",0.045811,0.045721,0.002755,False
704997,6,1,"[1,1,1,1,1,1]",[1],"[[0],[0],[0],[0],[0],[0]]",UNSAT,UNSAT,UNSAT,"[0, 1]",0.013123,0.045063,0.002349,False
704998,1,6,[1],"[2,2,1,2,3,2]",[[3]],FEASIBLE,FEASIBLE,FEASIBLE,null,0.00727,0.029345,0.000965,False
704999,5,1,"[1,1,1,1,1]",[1],"[[0],[0],[0],[0],[0]]",UNSAT,UNSAT,UNSAT,"[0, 1]",0.012268,0.041815,0.001984,False
