instance,source,set,domain,path,cnf_sha256,split,stratum,stratum_reason,telemetry_status,variables,clauses,parse_ms,gate_ms,gate_decision,gate_monotone_positive,gate_monotone_negative,gate_mirror_pairs,benefit_gate_decision,recovery_ms,recovery_status,registry_ms,registry_status,registry_reason,boxes_found,capacity_groups,flow_ms,structural_result,front_end_ms,wall_ms,timing_valid,pool_workers
bmc-galileo-8.cnf,SATLIB,bmc-ibm,eda_formal_verification,/work/benchmarks/phase5/satlib/bmc-ibm/bmc-galileo-8.cnf,d4067ccc2797e13412aa3bc5b23d48a976962b558017a277950d4ca2bdad61dc,evaluation,no_useful_detected_structure,benefit gate declined: input_clause_limit;estimated_resolution_pair_limit,UNKNOWN,58074,294821,364.159,380.018,RUN_LKK,14182,9856,0,SKIP_TO_CDCL,0,COMPLETE,0,UNKNOWN,,0,0,0,UNKNOWN,859.036,920.324624,False,8
bmc-galileo-9.cnf,SATLIB,bmc-ibm,eda_formal_verification,/work/benchmarks/phase5/satlib/bmc-ibm/bmc-galileo-9.cnf,3ab82be4e836102a752bb22c419877895fb2f159ab1a3e862c116c9f9a4e8628,calibration,no_useful_detected_structure,benefit gate declined: input_clause_limit;estimated_resolution_pair_limit,UNKNOWN,63624,326999,405.659,429.163,RUN_LKK,15819,11327,0,SKIP_TO_CDCL,0,COMPLETE,0,UNKNOWN,,0,0,0,UNKNOWN,991.365,1020.699689,False,8
bmc-ibm-10.cnf,SATLIB,bmc-ibm,eda_formal_verification,/work/benchmarks/phase5/satlib/bmc-ibm/bmc-ibm-10.cnf,d7f897c54f775edcef0ea51e97034a778e4ff03b570ae87305ed50616b049a51,evaluation,no_useful_detected_structure,benefit gate declined: input_clause_limit;estimated_resolution_pair_limit,UNKNOWN,59056,323700,412.65,486.564,RUN_LKK,21330,61816,0,SKIP_TO_CDCL,0,COMPLETE,0,UNKNOWN,,0,0,0,UNKNOWN,1071.51,1121.80672,False,8
bmc-ibm-11.cnf,SATLIB,bmc-ibm,eda_formal_verification,/work/benchmarks/phase5/satlib/bmc-ibm/bmc-ibm-11.cnf,26b95b63aac1a133a263771fa6591bc0861de8335931fe55a4e2c00800b81bd0,evaluation,no_useful_detected_structure,benefit gate declined: input_clause_limit;estimated_resolution_pair_limit,UNKNOWN,32109,150027,197.75,161.283,RUN_LKK,14149,17457,120,SKIP_TO_CDCL,0,COMPLETE,0,UNKNOWN,,0,0,0,UNKNOWN,411.031,468.356892,False,8
bmc-ibm-12.cnf,SATLIB,bmc-ibm,eda_formal_verification,/work/benchmarks/phase5/satlib/bmc-ibm/bmc-ibm-12.cnf,883e1d3cf1fd2623f44bf8895e2a2f1284ff5358d6469bd10b04ab1b642dc93e,evaluation,no_useful_detected_structure,benefit gate declined: input_clause_limit;estimated_resolution_pair_limit,UNKNOWN,39598,194778,254.386,218.007,RUN_LKK,17994,25097,553,SKIP_TO_CDCL,0,COMPLETE,0,UNKNOWN,,0,0,0,UNKNOWN,572.106,620.333881,False,8
bmc-ibm-13.cnf,SATLIB,bmc-ibm,eda_formal_verification,/work/benchmarks/phase5/satlib/bmc-ibm/bmc-ibm-13.cnf,0dafcf6bcd20e453eb01cbef4c811b93d65a53d28f5087d26d79cbbe1f646919,evaluation,no_useful_detected_structure,benefit gate declined: input_clause_limit,UNKNOWN,13215,65728,88.4393,45.0619,RUN_LKK,5700,5083,0,SKIP_TO_CDCL,0,COMPLETE,0,UNKNOWN,,0,0,0,UNKNOWN,143.179,167.462976,False,8
bmc-ibm-1.cnf,SATLIB,bmc-ibm,eda_formal_verification,/work/benchmarks/phase5/satlib/bmc-ibm/bmc-ibm-1.cnf,ccfe052c64a36c820faa7f373962f9f425df540620da63ab8ba2e3047a32a959,evaluation,no_useful_detected_structure,benefit gate declined: input_clause_limit,UNKNOWN,9685,55870,75.4695,36.8241,RUN_LKK,6685,8198,52,SKIP_TO_CDCL,0,COMPLETE,0,UNKNOWN,,0,0,0,UNKNOWN,121.048,168.898389,False,8
bmc-ibm-2.cnf,SATLIB,bmc-ibm,eda_formal_verification,/work/benchmarks/phase5/satlib/bmc-ibm/bmc-ibm-2.cnf,f82d90198c950d16ca910d42fd28f3b049334785b275cd02ae6ac1c33cb597ba,evaluation,cardinality_exact_r_heavy,"1 exact-r boxes, registry UNKNOWN",UNKNOWN,2810,11683,14.6318,4.36075,RUN_LKK,896,937,16,RUN_LKK,8.17063,COMPLETE,1.59291,UNKNOWN,"incomplete_or_ambiguous_resource_mapping:[98, 2810]",1,0,0,UNKNOWN,31.6536,69.231124,False,8
bmc-ibm-3.cnf,SATLIB,bmc-ibm,eda_formal_verification,/work/benchmarks/phase5/satlib/bmc-ibm/bmc-ibm-3.cnf,400f1435b207e925c20ed27a4b2ff96ae5ef916b2f439c69fd77bd1c56ee99a3,evaluation,no_useful_detected_structure,benefit gate declined: input_clause_limit,UNKNOWN,14930,72106,85.7894,56.1343,RUN_LKK,6617,4027,0,SKIP_TO_CDCL,0,COMPLETE,0,UNKNOWN,,0,0,0,UNKNOWN,156.746,217.275979,False,8
bmc-ibm-4.cnf,SATLIB,bmc-ibm,eda_formal_verification,/work/benchmarks/phase5/satlib/bmc-ibm/bmc-ibm-4.cnf,8a3faefe7bee94fc9d7c06809f9e69feee9d9647ced0cf24f0750bb4af395699,evaluation,no_useful_detected_structure,benefit gate declined: input_clause_limit;estimated_resolution_pair_limit,UNKNOWN,28161,139716,168.414,157.608,RUN_LKK,13117,16096,1663,SKIP_TO_CDCL,0,COMPLETE,0,UNKNOWN,,0,0,0,UNKNOWN,386.964,418.71413,False,8
bmc-ibm-5.cnf,SATLIB,bmc-ibm,eda_formal_verification,/work/benchmarks/phase5/satlib/bmc-ibm/bmc-ibm-5.cnf,786a7c07afa6da37fa1baa2b50cb732731d82b404fb9e1d9e45de73588124f77,evaluation,no_useful_detected_structure,benefit gate declined: estimated_resolution_pair_limit,UNKNOWN,9396,41207,51.6671,22.21,RUN_LKK,3598,2731,0,SKIP_TO_CDCL,0,COMPLETE,0,UNKNOWN,,0,0,0,UNKNOWN,78.3602,117.268371,False,8
bmc-ibm-6.cnf,SATLIB,bmc-ibm,eda_formal_verification,/work/benchmarks/phase5/satlib/bmc-ibm/bmc-ibm-6.cnf,63ef2fd92a3992ddcca27e2f2d83527ab63b7df826578d29f2b882c4e8cea47d,evaluation,no_useful_detected_structure,benefit gate declined: input_clause_limit;estimated_resolution_pair_limit,UNKNOWN,51639,368352,475.369,713.794,RUN_LKK,26489,42704,180,SKIP_TO_CDCL,0,COMPLETE,0,UNKNOWN,,0,0,0,UNKNOWN,1419.68,1472.750819,False,8
bmc-ibm-7.cnf,SATLIB,bmc-ibm,eda_formal_verification,/work/benchmarks/phase5/satlib/bmc-ibm/bmc-ibm-7.cnf,2e4305a91ee012754d437d7121fcd701abb19e80119dce4ab5bb1800fed64734,evaluation,unknown_fallback_dominated,recovery completed but registry returned UNKNOWN: no_sound_exact_r_boxes,UNKNOWN,8710,39774,48.048,25.431,RUN_LKK,3220,3702,56,RUN_LKK,27.0229,COMPLETE,4.38118,UNKNOWN,no_sound_exact_r_boxes,0,0,0,UNKNOWN,116.363,167.018194,False,8
ssa0432-003.cnf,SATLIB,ssa,eda_circuit_fault,/work/benchmarks/phase5/satlib/ssa/ssa0432-003.cnf,6b16c38f0c39341203a641aa016b4153a9da65a28d9078d25b9d508772b7375a,evaluation,resource_allocation_like,33 exact-r boxes over 1 capacity groups,UNKNOWN,435,1027,2.76056,0.27656,RUN_LKK,190,260,0,RUN_LKK,0.551742,COMPLETE,0.822506,UNKNOWN,"incomplete_or_ambiguous_resource_mapping:[9, 13, 14, 19, 26, 27, 28, 34, 47, 48, 66, 78, 86, 95, 97, 98, 100, 106, 113, 116, 125, 126, 144, 152, 181, 182, 183, 184, 188, 204, 213, 214, 231, 232, 235, 248, 251, 253, 274, 277, 278, 281, 286, 289, 292, 307, 312, 324, 326, 331, 332, 334, 339, 340, 347, 350, 363, 374, 379, 381, 383, 384, 392, 402]",33,1,0,UNKNOWN,5.41156,18.996743,False,8
ssa2670-130.cnf,SATLIB,ssa,eda_circuit_fault,/work/benchmarks/phase5/satlib/ssa/ssa2670-130.cnf,c4a3c04cec16f2b3eeaf541b9d8ca0b5aa95ab89734f8b5230eff9c19c4092eb,evaluation,cardinality_exact_r_heavy,"94 exact-r boxes, registry UNKNOWN",UNKNOWN,1359,3321,5.87977,0.873029,RUN_LKK,804,635,0,RUN_LKK,2.18721,COMPLETE,2.03539,UNKNOWN,"incomplete_or_ambiguous_resource_mapping:[123, 125, 126, 128, 129, 131, 132, 139, 140, 145, 147, 153, 163, 170, 172, 175, 176, 178, 189, 194, 226, 244, 260, 263, 272, 277, 278, 280, 285, 286, 303, 306, 307, 314, 316, 319, 386, 393, 394, 399, 400, 411, 416, 420, 431, 435, 436, 437, 441, 450, 481, 531, 534, 538, 543, 545, 547, 556, 560, 562, 563, 565, 579, 580, 592, 602, 616, 637, 639, 647, 656, 657, 667, 671, 674, 691, 694, 695, 698, 699, 703, 731, 732, 733, 734, 736, 739, 742, 743, 750, 752, 756, 759, 763, 764, 765, 774, 789, 790, 791, 810, 811, 816, 817, 819, 824, 826, 827, 828, 829, 833, 837, 839, 840, 842, 847, 849, 856, 859, 864, 881, 894, 922, 924, 926, 930, 962, 963, 968, 978, 981, 982, 983, 989, 997, 1005, 1006, 1007, 1041, 1049, 1068, 1069, 1070, 1076, 1079, 1081, 1085, 1087, 1095, 1100, 1105, 1118, 1125, 1127, 1129, 1132, 1134, 1137, 1151, 1153, 1156, 1161, 1162, 1169, 1182, 1185, 1186, 1187, 1188, 1191, 1196, 1198, 1203, 1206, 1209, 1212, 1223, 1230, 1238, 1242, 1248, 1252, 1276, 1278, 1285, 1287, 1288, 1289]",94,0,0,UNKNOWN,12.6082,37.815231,False,8
ssa2670-141.cnf,SATLIB,ssa,eda_circuit_fault,/work/benchmarks/phase5/satlib/ssa/ssa2670-141.cnf,627518da0e2b1559a2904af801c341df66cd2a211c04f6ebded62e407ab3e545,evaluation,cardinality_exact_r_heavy,"69 exact-r boxes, registry UNKNOWN",UNKNOWN,986,2315,3.99173,0.528495,RUN_LKK,575,410,0,RUN_LKK,1.11767,COMPLETE,1.21819,UNKNOWN,"incomplete_or_ambiguous_resource_mapping:[79, 82, 89, 90, 95, 97, 103, 113, 120, 122, 125, 126, 128, 139, 144, 173, 191, 207, 210, 219, 224, 225, 227, 232, 233, 250, 253, 254, 261, 263, 266, 328, 335, 336, 341, 342, 353, 358, 362, 373, 377, 378, 379, 383, 392, 417, 467, 470, 474, 479, 481, 483, 492, 503, 508, 520, 538, 540, 548, 557, 558, 568, 572, 575, 584, 588, 610, 611, 612, 613, 615, 618, 621, 622, 629, 631, 635, 638, 660, 661, 664, 666, 667, 668, 669, 673, 677, 679, 680, 682, 687, 689, 696, 707, 718, 743, 744, 749, 759, 762, 763, 764, 770, 778, 786, 787, 788, 819, 821, 829, 830, 831, 836, 837, 839, 843, 847, 852, 865, 875, 878, 883, 884, 892, 893, 894, 895, 896, 898, 901, 904, 907, 918, 925, 933, 937, 943, 947]",69,0,0,UNKNOWN,8.19287,34.851406,False,8
ssa6288-047.cnf,SATLIB,ssa,eda_circuit_fault,/work/benchmarks/phase5/satlib/ssa/ssa6288-047.cnf,07c8a88b790c161f34ddae1ca013fb8e58854f1cf985a45c7bbfd9b3d32515b6,evaluation,cardinality_exact_r_heavy,"560 exact-r boxes, registry UNKNOWN",UNKNOWN,10410,34238,43.384,21.3925,RUN_LKK,4570,9484,0,RUN_LKK,32.8605,COMPLETE,34.2499,UNKNOWN,"incomplete_or_ambiguous_resource_mapping:[33, 35, 36, 38, 39, 41, 42, 44, 45, 47, 48, 50, 51, 53, 54, 56, 57, 59, 60, 62, 63, 65, 66, 68, 69, 71, 72, 74, 78, 80, 94, 96, 119, 121, 135, 137, 157, 159, 199, 201, 218, 220, 231, 233, 263, 265, 267, 269, 271, 292, 297, 305, 311, 313, 329, 332, 334, 345, 347, 373, 396, 398, 405, 406, 411, 413, 430, 431, 441, 442, 456, 457, 468, 477, 479, 482, 484, 517, 519, 543, 545, 552, 554, 564, 566, 588, 590, 615, 617, 618, 620, 642, 644, 645, 646, 647, 668, 677, 696, 709, 710, 711, 722, 723, 732, 733, 738, 746, 748, 756, 807, 809, 842, 844, 845, 847, 863, 866, 874, 885, 889, 897, 914, 922, 929, 957, 959, 963, 965, 969, 971, 972, 974, 975, 977, 996, 999, 1000, 1025, 1032, 1035, 1047, 1050, 1093, 1095, 1096, 1098, 1111, 1113, 1164, 1166, 1170, 1172, 1173, 1175, 1179, 1199, 1213, 1215, 1217, 1218, 1223, 1234, 1235, 1239, 1244, 1245, 1249, 1257, 1258, 1267, 1268, 1269, 1288, 1291, 1296, 1301, 1306, 1315, 1322, 1324, 1351, 1353, 1382, 1417, 1429, 1431, 1460, 1479, 1481, 1510, 1513, 1528, 1531, 1532, 1541, 1550, 1553, 1562, 1596, 1598, 1619, 1621, 1650, 1652, 1659, 1661, 1680, 1682, 1686, 1688, 1689, 1691, 1698, 1700, 1721, 1723, 1727, 1747, 1750, 1751, 1763, 1765, 1769, 1771, 1772, 1774, 1784, 1786, 1787, 1788, 1790, 1801, 1806, 1813, 1821, 1827, 1836, 1837, 1851, 1858, 1865, 1869, 1877, 1879, 1921, 1923, 1927, 1929, 1930, 1932, 1968, 1970, 1979, 1981, 2043, 2045, 2067, 2069, 2076, 2078, 2079, 2081, 2107, 2109, 2126, 2128, 2129, 2131, 2132, 2134, 2135, 2137, 2147, 2149, 2171, 2173, 2177, 2179, 2201, 2202, 2212, 2214, 2235, 2238, 2245, 2259, 2261, 2265, 2267, 2286, 2288, 2368, 2370, 2371, 2373, 2403, 2405, 2406, 2408, 2439, 2450, 2454, 2463, 2470, 2484, 2492, 2493, 2496, 2515, 2522, 2529, 2536, 2539, 2552, 2554, 2576, 2578, 2606, 2608, 2628, 2630, 2654, 2656, 2682, 2684, 2688, 2690, 2700, 2702, 2723, 2724, 2737, 2739, 2759, 2787, 2789, 2790, 2792, 2816, 2818, 2825, 2826, 2833, 2835, 2863, 2865, 2886, 2902, 2904, 2920, 2922, 2935, 2937, 3012, 3014, 3015, 3017, 3024, 3026, 3047, 3049, 3050, 3052, 3087, 3089, 3111, 3113, 3114, 3116, 3144, 3146, 3148, 3154, 3167, 3176, 3197, 3201, 3208, 3218, 3219, 3221, 3229, 3231, 3232, 3234, 3235, 3236, 3237, 3240, 3243, 3244, 3262, 3263, 3279, 3288, 3289, 3303, 3305, 3322, 3324, 3359, 3360, 3361, 3366, 3373, 3375, 3403, 3405, 3406, 3408, 3417, 3419, 3438, 3440, 3454, 3456, 3476, 3478, 3556, 3557, 3558, 3559, 3560, 3562, 3563, 3565, 3573, 3575, 3576, 3578, 3579, 3581, 3630, 3632, 3678, 3680, 3705, 3707, 3708, 3710, 3711, 3713, 3714, 3716, 3726, 3728, 3729, 3731, 3759, 3761, 3762, 3764, 3786, 3788, 3791, 3793, 3797, 3798, 3807, 3835, 3837, 3840, 3876, 3877, 3887, 3912, 3914, 3962, 3964, 3965, 3967, 3974, 3976, 3980, 3982, 4010, 4012, 4013, 4015, 4042, 4044, 4045, 4047, 4078, 4079, 4111, 4124, 4126, 4148, 4150, 4177, 4179, 4201, 4203, 4204, 4206, 4240, 4242, 4262, 4264, 4289, 4291, 4292, 4294, 4301, 4303, 4307, 4309, 4328, 4330, 4381, 4383, 4385, 4392, 4398, 4399, 4400, 4407, 4408, 4436, 4437, 4452, 4455, 4457, 4471, 4473, 4474, 4476, 4503, 4505, 4561, 4563, 4564, 4566, 4599, 4600, 4602, 4606, 4609, 4618, 4621, 4623, 4643, 4645, 4684, 4691, 4692, 4697, 4701, 4708, 4722, 4723, 4724, 4726, 4727, 4739, 4741, 4742, 4744, 4748, 4759, 4761, 4762, 4764, 4781, 4782, 4793, 4836, 4838, 4864, 4870, 4889, 4890, 4893, 4894, 4905, 4914, 4916, 4964, 4966, 4993, 4995, 5016, 5018, 5038, 5040, 5060, 5062, 5066, 5068, 5087, 5094, 5102, 5119, 5120, 5122, 5123, 5153, 5160, 5161, 5163, 5173, 5174, 5233, 5235, 5239, 5246, 5265, 5267, 5284, 5286, 5309, 5311, 5331, 5338, 5339, 5355, 5357, 5367, 5369, 5393, 5394, 5400, 5413, 5441, 5442, 5444, 5445, 5447, 5454, 5456, 5457, 5459, 5463, 5465, 5477, 5479, 5535, 5537, 5538, 5540, 5589, 5591, 5602, 5604, 5621, 5636, 5638, 5660, 5662, 5685, 5687, 5688, 5690, 5697, 5699, 5752, 5754, 5773, 5775, 5776, 5778, 5788, 5790, 5810, 5812, 5813, 5815, 5816, 5818, 5841, 5843, 5847, 5849, 5877, 5879, 5880, 5882, 5889, 5891, 5892, 5894, 5898, 5900, 5907, 5909, 5931, 5933, 5943, 5945, 5964, 5966, 5970, 5972, 5976, 5980, 5982, 6014, 6016, 6017, 6020, 6021, 6024, 6026, 6027, 6028, 6038, 6060, 6083, 6084, 6091, 6092, 6101, 6105, 6115, 6125, 6127, 6173, 6175, 6231, 6233, 6261, 6263, 6286, 6288, 6356, 6358, 6368, 6370, 6377, 6379, 6417, 6419, 6420, 6422, 6453, 6455, 6456, 6458, 6459, 6461, 6462, 6491, 6493, 6512, 6516, 6518, 6540, 6542, 6543, 6545, 6576, 6578, 6603, 6605, 6621, 6633, 6647, 6654, 6660, 6670, 6679, 6688, 6690, 6708, 6709, 6712, 6719, 6735, 6737, 6753, 6755, 6793, 6795, 6805, 6807, 6826, 6828, 6850, 6852, 6896, 6898, 6917, 6919, 6947, 6949, 6975, 6977, 6996, 6998, 7002, 7004, 7015, 7017, 7037, 7039, 7071, 7073, 7125, 7127, 7128, 7130, 7131, 7133, 7146, 7148, 7182, 7184, 7206, 7208, 7218, 7220, 7239, 7241, 7279, 7280, 7291, 7292, 7294, 7295, 7297, 7303, 7310, 7312, 7313, 7315, 7322, 7324, 7358, 7360, 7361, 7383, 7384, 7389, 7404, 7413, 7415, 7433, 7435, 7454, 7456, 7475, 7477, 7506, 7508, 7543, 7545, 7569, 7571, 7594, 7623, 7625, 7642, 7644, 7645, 7647, 7654, 7656, 7657, 7659, 7680, 7682, 7713, 7715, 7716, 7718, 7723, 7725, 7750, 7752, 7756, 7758, 7777, 7779, 7881, 7883, 7887, 7889, 7903, 7910, 7911, 7915, 7922, 7923, 7954, 7955, 7968, 7988, 7989, 7990, 8020, 8021, 8057, 8059, 8069, 8071, 8072, 8074, 8124, 8126, 8136, 8138, 8163, 8165, 8166, 8168, 8175, 8177, 8196, 8198, 8233, 8235, 8236, 8238, 8257, 8259, 8293, 8295, 8314, 8347, 8349, 8372, 8374, 8375, 8377, 8386, 8387, 8393, 8397, 8409, 8433, 8444, 8445, 8448, 8449, 8450, 8452, 8459, 8474, 8475, 8488, 8497, 8503, 8508, 8532, 8540, 8541, 8552, 8571, 8573, 8590, 8592, 8596, 8598, 8652, 8654, 8655, 8657, 8708, 8710, 8717, 8719, 8730, 8732, 8733, 8735, 8775, 8777, 8793, 8795, 8839, 8841, 8858, 8860, 8861, 8863, 8905, 8907, 8910, 8926, 8946, 8955, 8956, 8959, 8968, 8969, 8971, 8975, 8988, 8991, 9001, 9008, 9013, 9033, 9034, 9064, 9066, 9071, 9072, 9079, 9090, 9092, 9121, 9123, 9139, 9141, 9159, 9161, 9177, 9179, 9209, 9211, 9218, 9220, 9234, 9236, 9243, 9245, 9255, 9257, 9302, 9304, 9326, 9328, 9356, 9359, 9361, 9362, 9364, 9394, 9396, 9413, 9415, 9426, 9428, 9429, 9431, 9457, 9461, 9463, 9470, 9471, 9483, 9492, 9495, 9502, 9503, 9529, 9530, 9576, 9578, 9595, 9602, 9603, 9604, 9608, 9615, 9620, 9627, 9630, 9631, 9632, 9640, 9647, 9655, 9669, 9671, 9754, 9804, 9806, 9825, 9827, 9875, 9877, 9893, 9895, 9936, 9938, 9957, 9959, 9986, 9988, 10004, 10006, 10069, 10071, 10072, 10074, 10103, 10105, 10125, 10127, 10128, 10130, 10137, 10159, 10161, 10177, 10182, 10195, 10199, 10203, 10236, 10237, 10241, 10248, 10257, 10275, 10276, 10279, 10288, 10289, 10300, 10309, 10318, 10327, 10328, 10349, 10354]",560,0,0,UNKNOWN,158.976,217.793597,False,8
ssa7552-038.cnf,SATLIB,ssa,eda_circuit_fault,/work/benchmarks/phase5/satlib/ssa/ssa7552-038.cnf,e852563f9f5e615bf4a713c3aa8f7ba23a00c48b091255689156e572a06dbf23,evaluation,cardinality_exact_r_heavy,"95 exact-r boxes, registry UNKNOWN",UNKNOWN,1501,3575,5.9351,0.87574,RUN_LKK,609,700,0,RUN_LKK,2.19562,COMPLETE,2.0869,UNKNOWN,"incomplete_or_ambiguous_resource_mapping:[92, 140, 142, 143, 146, 150, 151, 152, 158, 167, 170, 236, 238, 240, 244, 245, 257, 260, 263, 268, 270, 280, 284, 302, 304, 308, 310, 320, 327, 328, 329, 332, 333, 336, 339, 342, 345, 346, 348, 349, 354, 357, 368, 370, 380, 390, 399, 402, 404, 406, 409, 411, 426, 427, 428, 429, 430, 431, 432, 436, 437, 438, 439, 449, 461, 468, 472, 473, 477, 479, 480, 488, 489, 492, 526, 527, 536, 544, 554, 556, 578, 583, 585, 613, 618, 620, 640, 642, 643, 649, 654, 659, 660, 665, 676, 683, 685, 706, 707, 725, 726, 727, 728, 736, 742, 745, 747, 750, 752, 766, 770, 774, 776, 779, 789, 792, 798, 852, 895, 896, 897, 899, 903, 906, 907, 911, 936, 940, 958, 960, 963, 965, 969, 981, 986, 987, 988, 989, 999, 1039, 1073, 1076, 1078, 1079, 1084, 1093, 1109, 1153, 1170, 1180, 1187, 1199, 1200, 1209, 1211, 1212, 1214, 1215, 1216, 1221, 1225, 1230, 1236, 1238, 1242, 1245, 1246, 1247, 1250, 1301, 1302, 1305, 1314, 1330, 1332, 1334, 1335, 1344, 1345, 1349, 1353, 1363, 1364, 1365, 1367, 1371, 1424, 1425, 1447, 1452]",95,0,0,UNKNOWN,12.8939,35.181182,False,8
ssa7552-158.cnf,SATLIB,ssa,eda_circuit_fault,/work/benchmarks/phase5/satlib/ssa/ssa7552-158.cnf,490948912a139d74e0487ea9f47e52c3ac4e70927e3f3b8577f542fca36107a6,evaluation,cardinality_exact_r_heavy,"88 exact-r boxes, registry UNKNOWN",UNKNOWN,1363,3034,6.48632,0.847388,RUN_LKK,523,493,0,RUN_LKK,1.8879,COMPLETE,2.14558,UNKNOWN,"incomplete_or_ambiguous_resource_mapping:[92, 130, 132, 133, 136, 140, 141, 142, 148, 157, 160, 226, 227, 237, 240, 246, 248, 253, 257, 275, 277, 281, 283, 293, 300, 301, 302, 305, 306, 309, 312, 315, 318, 319, 321, 322, 327, 337, 339, 344, 353, 356, 358, 360, 363, 365, 380, 381, 382, 383, 384, 385, 386, 390, 391, 392, 393, 403, 415, 422, 426, 427, 431, 433, 434, 442, 443, 446, 458, 459, 468, 476, 486, 488, 510, 515, 517, 545, 550, 552, 572, 574, 575, 581, 586, 591, 592, 597, 608, 620, 636, 637, 638, 639, 645, 651, 654, 656, 659, 661, 675, 679, 683, 685, 688, 698, 701, 707, 761, 804, 805, 806, 808, 812, 815, 816, 820, 831, 851, 854, 858, 870, 875, 876, 877, 878, 888, 928, 956, 959, 960, 963, 968, 984, 1028, 1045, 1055, 1062, 1074, 1075, 1084, 1086, 1087, 1089, 1090, 1091, 1096, 1100, 1105, 1107, 1111, 1114, 1115, 1116, 1119, 1170, 1171, 1174, 1183, 1199, 1201, 1203, 1204, 1213, 1214, 1218, 1222, 1232, 1233, 1234, 1236, 1240, 1293, 1294, 1316, 1321]",88,0,0,UNKNOWN,13.3331,34.935092,False,8
ssa7552-159.cnf,SATLIB,ssa,eda_circuit_fault,/work/benchmarks/phase5/satlib/ssa/ssa7552-159.cnf,1e405d326f0f4eab4f2667dfdc7d513f07e8842ad9b40fb27e9f83a679f86ee7,calibration,cardinality_exact_r_heavy,"88 exact-r boxes, registry UNKNOWN",UNKNOWN,1363,3032,7.07927,1.02723,RUN_LKK,523,491,0,RUN_LKK,2.22006,COMPLETE,1.84974,UNKNOWN,"incomplete_or_ambiguous_resource_mapping:[92, 132, 134, 135, 138, 142, 143, 144, 150, 159, 162, 226, 227, 237, 240, 246, 248, 253, 257, 275, 277, 281, 283, 293, 300, 301, 302, 305, 306, 309, 312, 315, 318, 319, 321, 322, 327, 337, 339, 344, 353, 356, 358, 360, 363, 365, 380, 381, 382, 383, 384, 385, 386, 390, 391, 392, 393, 403, 415, 422, 426, 427, 431, 433, 434, 442, 443, 446, 458, 459, 468, 476, 486, 488, 510, 515, 517, 545, 550, 552, 572, 574, 575, 581, 586, 591, 592, 597, 608, 620, 636, 637, 638, 639, 645, 651, 654, 656, 659, 661, 675, 679, 683, 685, 688, 698, 701, 707, 761, 804, 805, 806, 808, 812, 815, 816, 820, 831, 851, 854, 858, 870, 875, 876, 877, 878, 888, 928, 956, 959, 960, 963, 968, 984, 1028, 1045, 1055, 1062, 1074, 1075, 1084, 1086, 1087, 1089, 1090, 1091, 1096, 1100, 1105, 1107, 1111, 1114, 1115, 1116, 1119, 1170, 1171, 1174, 1183, 1199, 1201, 1203, 1204, 1213, 1214, 1218, 1222, 1232, 1233, 1234, 1236, 1240, 1293, 1294, 1316, 1321]",88,0,0,UNKNOWN,13.8392,35.81792,False,8
ssa7552-160.cnf,SATLIB,ssa,eda_circuit_fault,/work/benchmarks/phase5/satlib/ssa/ssa7552-160.cnf,3f5042acadf40e83d8288b09783eb5688a340abaeb788a4ba71ac4919e0a4098,evaluation,cardinality_exact_r_heavy,"91 exact-r boxes, registry UNKNOWN",UNKNOWN,1391,3126,6.53312,0.980525,RUN_LKK,561,485,0,RUN_LKK,1.7408,COMPLETE,2.299,UNKNOWN,"incomplete_or_ambiguous_resource_mapping:[92, 133, 134, 137, 141, 142, 143, 149, 158, 161, 227, 229, 232, 233, 241, 244, 247, 252, 254, 260, 264, 282, 284, 288, 290, 300, 307, 308, 309, 312, 313, 316, 319, 322, 325, 326, 328, 329, 334, 337, 343, 345, 360, 369, 372, 374, 376, 379, 381, 396, 397, 398, 399, 400, 401, 402, 406, 407, 408, 409, 419, 431, 438, 442, 443, 447, 449, 450, 458, 459, 462, 494, 495, 504, 512, 522, 524, 546, 551, 553, 581, 586, 588, 608, 610, 611, 617, 622, 627, 628, 633, 644, 651, 660, 661, 672, 673, 674, 675, 681, 687, 690, 692, 695, 697, 711, 715, 719, 721, 724, 734, 737, 743, 797, 840, 841, 842, 844, 848, 851, 852, 856, 866, 868, 876, 879, 883, 895, 900, 901, 902, 903, 913, 953, 981, 984, 985, 988, 993, 1009, 1053, 1070, 1080, 1087, 1099, 1100, 1109, 1111, 1112, 1114, 1115, 1116, 1121, 1125, 1130, 1132, 1136, 1139, 1140, 1141, 1144, 1195, 1196, 1199, 1208, 1224, 1226, 1228, 1229, 1238, 1239, 1243, 1247, 1257, 1258, 1259, 1261, 1265, 1318, 1319, 1341, 1346]",91,0,0,UNKNOWN,13.6656,34.669014,False,8
bf0432-007.cnf,SATLIB,bf,eda_circuit_fault,/work/benchmarks/phase5/satlib/bf/bf0432-007.cnf,ff22b8c5c381229a7ec7ff2f8d93afc7219a73034c4180b056b8a5594af1a75a,calibration,resource_allocation_like,63 exact-r boxes over 2 capacity groups,UNKNOWN,1040,3668,6.18595,1.05108,RUN_LKK,389,1196,0,RUN_LKK,1.94279,COMPLETE,2.62327,UNKNOWN,"incomplete_or_ambiguous_resource_mapping:[9, 13, 14, 19, 26, 27, 28, 34, 37, 39, 40, 42, 43, 45, 69, 71, 72, 74, 126, 128, 135, 137, 138, 140, 141, 143, 192, 194, 195, 197, 201, 203, 220, 241, 243, 247, 249, 250, 252, 256, 258, 274, 276, 291, 293, 300, 302, 327, 329, 330, 332, 342, 344, 372, 374, 387, 389, 390, 392, 396, 398, 414, 416, 461, 463, 464, 466, 467, 469, 470, 480, 482, 514, 535, 536, 558, 560, 577, 579, 580, 587, 614, 616, 623, 627, 657, 659, 663, 673, 675, 682, 684, 685, 690, 699, 711, 746, 748, 759, 761, 781, 783, 796, 797, 799, 812, 814, 815, 817, 836, 841, 868, 870, 891, 893, 904, 908, 910, 911, 913, 927, 947]",63,2,0,UNKNOWN,13.3915,34.973646,False,8
bf1355-075.cnf,SATLIB,bf,eda_circuit_fault,/work/benchmarks/phase5/satlib/bf/bf1355-075.cnf,84cbdea25943d63b9ca46f3fc86c4f5397b70e987855dcb0b7b6908915bb9325,evaluation,cardinality_exact_r_heavy,"110 exact-r boxes, registry UNKNOWN",UNKNOWN,2180,6778,9.30468,2.16864,RUN_LKK,965,1891,0,RUN_LKK,4.66319,COMPLETE,4.78244,UNKNOWN,"incomplete_or_ambiguous_resource_mapping:[11, 15, 20, 21, 40, 75, 77, 78, 80, 81, 83, 84, 86, 87, 89, 90, 92, 102, 104, 114, 116, 126, 128, 129, 131, 139, 140, 141, 148, 150, 181, 196, 197, 198, 215, 224, 225, 236, 238, 245, 247, 251, 253, 276, 277, 279, 280, 301, 318, 320, 381, 396, 404, 406, 410, 412, 419, 421, 457, 496, 503, 527, 541, 549, 550, 551, 552, 553, 558, 560, 578, 629, 631, 657, 659, 666, 704, 706, 730, 732, 756, 759, 761, 766, 798, 816, 823, 831, 833, 862, 864, 887, 889, 921, 923, 924, 953, 982, 984, 1007, 1009, 1013, 1015, 1016, 1018, 1026, 1037, 1044, 1056, 1070, 1071, 1080, 1081, 1104, 1106, 1120, 1122, 1134, 1136, 1152, 1178, 1201, 1203, 1213, 1243, 1255, 1271, 1273, 1274, 1276, 1297, 1299, 1306, 1307, 1308, 1309, 1335, 1344, 1351, 1359, 1360, 1361, 1372, 1374, 1375, 1377, 1401, 1427, 1448, 1472, 1488, 1523, 1525, 1545, 1562, 1564, 1585, 1586, 1587, 1589, 1596, 1619, 1620, 1637, 1642, 1650, 1691, 1711, 1713, 1725, 1726, 1746, 1747, 1748, 1753, 1755, 1762, 1763, 1782, 1789, 1792, 1803, 1806, 1808, 1815, 1824, 1831, 1839, 1840, 1853, 1856, 1857, 1890, 1892, 1893, 1895, 1900, 1902, 1903, 1920, 1927, 1928, 1930, 1937, 1940, 1946, 1956, 1963, 1964, 1965, 1973, 1978, 1984, 1986, 1989, 1994, 1995, 2023, 2025, 2049]",110,0,0,UNKNOWN,24.0084,67.830495,False,8
bf1355-638.cnf,SATLIB,bf,eda_circuit_fault,/work/benchmarks/phase5/satlib/bf/bf1355-638.cnf,bd8dfc4ce8796d35addb3764eed045ab36f938dff144e08dc8e901a09def9adb,evaluation,cardinality_exact_r_heavy,"110 exact-r boxes, registry UNKNOWN",UNKNOWN,2177,6768,9.45781,2.11585,RUN_LKK,947,1917,0,RUN_LKK,4.40179,COMPLETE,4.27096,UNKNOWN,"incomplete_or_ambiguous_resource_mapping:[11, 15, 20, 21, 40, 75, 77, 78, 80, 81, 83, 84, 86, 87, 89, 90, 92, 102, 104, 114, 116, 126, 128, 129, 131, 139, 140, 141, 148, 150, 181, 196, 197, 198, 215, 228, 229, 256, 258, 265, 267, 269, 292, 293, 295, 296, 317, 334, 336, 391, 402, 404, 409, 425, 478, 485, 497, 533, 541, 542, 543, 544, 545, 550, 552, 570, 617, 619, 643, 645, 652, 680, 702, 726, 729, 731, 736, 768, 788, 790, 807, 815, 817, 844, 846, 869, 871, 903, 905, 906, 935, 964, 966, 989, 991, 995, 997, 998, 1000, 1004, 1006, 1026, 1028, 1041, 1043, 1060, 1062, 1088, 1102, 1103, 1112, 1113, 1136, 1138, 1150, 1152, 1164, 1166, 1182, 1208, 1231, 1233, 1243, 1273, 1291, 1293, 1315, 1316, 1325, 1327, 1334, 1335, 1336, 1337, 1349, 1358, 1365, 1373, 1374, 1375, 1386, 1388, 1389, 1391, 1427, 1448, 1472, 1474, 1498, 1500, 1529, 1537, 1544, 1553, 1554, 1555, 1557, 1564, 1587, 1588, 1605, 1610, 1618, 1659, 1679, 1681, 1695, 1696, 1736, 1738, 1739, 1741, 1742, 1747, 1749, 1756, 1757, 1776, 1783, 1786, 1797, 1800, 1802, 1809, 1818, 1825, 1833, 1834, 1847, 1850, 1851, 1886, 1888, 1889, 1891, 1896, 1898, 1899, 1918, 1925, 1926, 1928, 1935, 1938, 1944, 1954, 1961, 1962, 1963, 1971, 1976, 1982, 1984, 1987, 1992, 1993, 2016, 2021, 2023, 2047]",110,0,0,UNKNOWN,23.0876,34.577792,False,8
bf2670-001.cnf,SATLIB,bf,eda_circuit_fault,/work/benchmarks/phase5/satlib/bf/bf2670-001.cnf,f68ef1571e8d8aea62ad6b3d369d915f2c1cec6e7e4d140157b05e543ff9ffe0,evaluation,resource_allocation_like,96 exact-r boxes over 2 capacity groups,UNKNOWN,1393,3434,5.46995,0.872915,RUN_LKK,821,678,0,RUN_LKK,1.657,COMPLETE,1.95883,UNKNOWN,"incomplete_or_ambiguous_resource_mapping:[123, 125, 126, 128, 129, 131, 132, 134, 135, 142, 143, 148, 150, 156, 166, 185, 189, 192, 193, 207, 212, 244, 262, 278, 281, 290, 295, 296, 298, 303, 304, 323, 326, 327, 414, 421, 422, 427, 428, 439, 444, 448, 459, 463, 464, 465, 469, 478, 509, 559, 562, 566, 571, 573, 575, 584, 588, 590, 591, 593, 607, 608, 620, 630, 644, 665, 667, 675, 684, 685, 695, 699, 702, 719, 722, 723, 726, 727, 731, 759, 760, 761, 762, 764, 767, 770, 771, 778, 780, 784, 787, 791, 792, 793, 802, 817, 818, 819, 838, 839, 844, 845, 847, 852, 854, 855, 856, 857, 861, 865, 867, 868, 870, 875, 877, 884, 887, 892, 909, 922, 950, 952, 954, 958, 990, 991, 996, 1006, 1009, 1010, 1011, 1017, 1025, 1033, 1034, 1035, 1069, 1077, 1096, 1097, 1098, 1104, 1107, 1109, 1113, 1115, 1123, 1128, 1133, 1146, 1153, 1155, 1157, 1160, 1162, 1165, 1179, 1181, 1184, 1189, 1190, 1194, 1196, 1199, 1212, 1215, 1216, 1217, 1218, 1221, 1226, 1228, 1233, 1236, 1239, 1242, 1253, 1260, 1268, 1272, 1278, 1282, 1306, 1308, 1315, 1317, 1318, 1319]",96,2,0,UNKNOWN,12.2245,34.552193,False,8
2bitadd_10.cnf,SATLIB,beijing,planning_scheduling,/work/benchmarks/phase5/satlib/beijing/2bitadd_10.cnf,90143db97d9e1c1cf550cd3a5ab2376c3829b4da8f77ea9ca9c02cb7282e6e0b,calibration,unknown_fallback_dominated,recovery completed but registry returned UNKNOWN: no_sound_exact_r_boxes,UNKNOWN,590,1422,2.6858,0.357818,RUN_LKK,62,260,0,RUN_LKK,0.65449,COMPLETE,0.318836,UNKNOWN,no_sound_exact_r_boxes,0,0,0,UNKNOWN,5.0737,17.827287,False,8
2bitadd_11.cnf,SATLIB,beijing,planning_scheduling,/work/benchmarks/phase5/satlib/beijing/2bitadd_11.cnf,e44f1e76529a113f562c600adae4e70822067adf4bda65f0bf447457e5b7398a,evaluation,unknown_fallback_dominated,recovery completed but registry returned UNKNOWN: no_sound_exact_r_boxes,UNKNOWN,649,1562,3.64007,0.400721,RUN_LKK,66,286,0,RUN_LKK,0.669684,COMPLETE,0.32233,UNKNOWN,no_sound_exact_r_boxes,0,0,0,UNKNOWN,6.02099,18.449419,False,8
2bitadd_12.cnf,SATLIB,beijing,planning_scheduling,/work/benchmarks/phase5/satlib/beijing/2bitadd_12.cnf,56e5ed82333d00505354ccc989712b531995c890191c9fe9dd0de9bb522393a1,calibration,unknown_fallback_dominated,recovery completed but registry returned UNKNOWN: no_sound_exact_r_boxes,UNKNOWN,708,1702,3.7852,0.468743,RUN_LKK,70,312,0,RUN_LKK,0.799513,COMPLETE,0.334953,UNKNOWN,no_sound_exact_r_boxes,0,0,0,UNKNOWN,6.07038,17.988408,False,8
2bitcomp_5.cnf,SATLIB,beijing,planning_scheduling,/work/benchmarks/phase5/satlib/beijing/2bitcomp_5.cnf,de54f317604f0d8417340897488986a4d55b26ceb54c46bc2af127f3f0cc0a77,evaluation,unknown_fallback_dominated,recovery completed but registry returned UNKNOWN: no_sound_exact_r_boxes,UNKNOWN,125,310,2.0057,0.088632,RUN_LKK,30,30,0,RUN_LKK,0.202338,COMPLETE,0.045056,UNKNOWN,no_sound_exact_r_boxes,0,0,0,UNKNOWN,2.92111,18.284358,False,8
2bitmax_6.cnf,SATLIB,beijing,planning_scheduling,/work/benchmarks/phase5/satlib/beijing/2bitmax_6.cnf,434fff529d848b08664ac7c24397b4609914151c929553fc18893448bb86be2a,evaluation,unknown_fallback_dominated,recovery completed but registry returned UNKNOWN: no_sound_exact_r_boxes,UNKNOWN,252,766,5.03189,0.220938,RUN_LKK,46,60,0,RUN_LKK,0.335535,COMPLETE,0.112937,UNKNOWN,no_sound_exact_r_boxes,0,0,0,UNKNOWN,6.58218,18.022858,False,8
3bitadd_31.cnf,SATLIB,beijing,planning_scheduling,/work/benchmarks/phase5/satlib/beijing/3bitadd_31.cnf,f8efb5753b0dd6d012a8142cf2a42f19026336aedebc8fd2c852d66f2eae5a2c,evaluation,unknown_fallback_dominated,recovery completed but registry returned UNKNOWN: no_sound_exact_r_boxes,UNKNOWN,8432,31310,33.7512,12.0083,RUN_LKK,310,4092,0,RUN_LKK,15.6125,COMPLETE,6.99627,UNKNOWN,no_sound_exact_r_boxes,0,0,0,UNKNOWN,74.2715,117.39498,False,8
3bitadd_32.cnf,SATLIB,beijing,planning_scheduling,/work/benchmarks/phase5/satlib/beijing/3bitadd_32.cnf,acd010ed164afe399b735c872936e1e9a565d269a3ee0c934fce7d7b43a74320,evaluation,unknown_fallback_dominated,recovery completed but registry returned UNKNOWN: no_sound_exact_r_boxes,UNKNOWN,8704,32316,32.4511,12.5287,RUN_LKK,316,4224,0,RUN_LKK,21.7495,COMPLETE,7.62997,UNKNOWN,no_sound_exact_r_boxes,0,0,0,UNKNOWN,80.5656,117.320822,False,8
3blocks.cnf,SATLIB,beijing,planning_scheduling,/work/benchmarks/phase5/satlib/beijing/3blocks.cnf,4cb9f6ec0c3b1854d58f321369a107d0e1cfdd17f9381829fbc30cefd6660c54,evaluation,cardinality_exact_r_heavy,"9 exact-r boxes, registry UNKNOWN",UNKNOWN,283,9690,10.6076,2.97565,RUN_LKK,9,5154,0,RUN_LKK,4.44438,COMPLETE,23.3791,UNKNOWN,"incomplete_or_ambiguous_resource_mapping:[1, 3, 4, 10, 13, 14, 15, 16, 17, 18, 19, 20, 21, 22, 23, 24, 25, 26, 27, 28, 29, 30, 55, 57, 58, 59, 60, 61, 62, 63, 64, 65, 66, 67, 68, 69, 70, 71, 72, 73, 74, 90, 92, 93, 94, 95, 96, 97, 98, 99, 100, 101, 102, 103, 104, 105, 106, 107, 108, 109, 125, 127, 128, 129, 130, 131, 132, 133, 134, 135, 136, 137, 138, 139, 140, 141, 142, 143, 144, 160, 162, 163, 164, 165, 166, 167, 168, 169, 170, 171, 172, 173, 174, 175, 176, 177, 178, 179, 195, 197, 198, 199, 200, 201, 202, 203, 204, 205, 206, 207, 208, 209, 210, 211, 212, 213, 214, 230, 232, 233, 234, 235, 236, 237, 238, 239, 240, 241, 242, 243, 244, 245, 246, 247, 248, 249, 265, 266, 267, 268, 269, 270, 271, 272, 273, 274, 275]",9,0,0,UNKNOWN,44.4026,66.272301,False,8
4blocks.cnf,SATLIB,beijing,planning_scheduling,/work/benchmarks/phase5/satlib/beijing/4blocks.cnf,2716032823c7d324ea311a2916bf79ac4da7771ea5d56b910cd6063e542a286c,evaluation,no_useful_detected_structure,benefit gate declined: estimated_resolution_pair_limit,UNKNOWN,758,47820,48.3297,19.3963,RUN_LKK,14,27202,0,SKIP_TO_CDCL,0,COMPLETE,0,UNKNOWN,,0,0,0,UNKNOWN,75.1667,116.420078,False,8
4blocksb.cnf,SATLIB,beijing,planning_scheduling,/work/benchmarks/phase5/satlib/beijing/4blocksb.cnf,a892f3d5f36bc21cf5398c062721561c4bc553527c3ed8e4fb9283c0aa04a629,calibration,cardinality_exact_r_heavy,"8 exact-r boxes, registry UNKNOWN",UNKNOWN,410,24758,26.9023,7.47386,RUN_LKK,8,14119,0,RUN_LKK,11.8739,COMPLETE,213.361,UNKNOWN,"incomplete_or_ambiguous_resource_mapping:[1, 3, 4, 11, 14, 15, 16, 17, 18, 19, 20, 21, 22, 23, 24, 25, 26, 27, 28, 29, 30, 31, 32, 33, 34, 35, 36, 37, 38, 39, 40, 41, 42, 43, 44, 45, 87, 89, 90, 91, 92, 93, 94, 95, 96, 97, 98, 99, 100, 101, 102, 103, 104, 105, 106, 107, 108, 109, 110, 111, 112, 113, 114, 115, 116, 117, 118, 119, 120, 145, 147, 148, 149, 150, 151, 152, 153, 154, 155, 156, 157, 158, 159, 160, 161, 162, 163, 164, 165, 166, 167, 168, 169, 170, 171, 172, 173, 174, 175, 176, 177, 178, 203, 205, 206, 207, 208, 209, 210, 211, 212, 213, 214, 215, 216, 217, 218, 219, 220, 221, 222, 223, 224, 225, 226, 227, 228, 229, 230, 231, 232, 233, 234, 235, 236, 261, 263, 264, 265, 266, 267, 268, 269, 270, 271, 272, 273, 274, 275, 276, 277, 278, 279, 280, 281, 282, 283, 284, 285, 286, 287, 288, 289, 290, 291, 292, 293, 294, 319, 321, 322, 323, 324, 325, 326, 327, 328, 329, 330, 331, 332, 333, 334, 335, 336, 337, 338, 339, 340, 341, 342, 343, 344, 345, 346, 347, 348, 349, 350, 351, 352, 377, 379, 380, 381, 382, 383, 384, 385, 386, 387, 388, 389, 390, 391, 392, 393, 394, 395, 396, 397, 398]",8,0,0,UNKNOWN,266.97,317.784539,False,8
e0ddr2-10-by-5-1.cnf,SATLIB,beijing,planning_scheduling,/work/benchmarks/phase5/satlib/beijing/e0ddr2-10-by-5-1.cnf,25a49f01764090ece23d8b7994e023f6ea7e52d5fc25fa067b96b8be0eb681e5,evaluation,no_useful_detected_structure,benefit gate declined: input_clause_limit,UNKNOWN,19500,103887,161.597,104.591,RUN_LKK,225,8063,0,SKIP_TO_CDCL,0,COMPLETE,0,UNKNOWN,,0,0,0,UNKNOWN,313.16,368.271137,False,8
e0ddr2-10-by-5-4.cnf,SATLIB,beijing,planning_scheduling,/work/benchmarks/phase5/satlib/beijing/e0ddr2-10-by-5-4.cnf,060a44c813935b5289a36217b0648ed2dae60b6cf0820fb985cab761a3f96d25,calibration,no_useful_detected_structure,benefit gate declined: input_clause_limit,UNKNOWN,19500,104527,173.754,104.469,RUN_LKK,225,8123,0,SKIP_TO_CDCL,0,COMPLETE,0,UNKNOWN,,0,0,0,UNKNOWN,328.957,367.718772,False,8
enddr2-10-by-5-1.cnf,SATLIB,beijing,planning_scheduling,/work/benchmarks/phase5/satlib/beijing/enddr2-10-by-5-1.cnf,1197125be54524d0f6b3dc6b9fd88f7b0f313fd8509c3bc7537e7730cfa80076,evaluation,no_useful_detected_structure,benefit gate declined: input_clause_limit,UNKNOWN,20700,111567,172.274,128.264,RUN_LKK,225,8663,0,SKIP_TO_CDCL,0,COMPLETE,0,UNKNOWN,,0,0,0,UNKNOWN,349.103,367.399177,False,8
enddr2-10-by-5-8.cnf,SATLIB,beijing,planning_scheduling,/work/benchmarks/phase5/satlib/beijing/enddr2-10-by-5-8.cnf,3e188edbc7a068703a90a865a3a7d7f2954a423d74c149b61b0719a6145d7a63,evaluation,no_useful_detected_structure,benefit gate declined: input_clause_limit,UNKNOWN,21000,113729,188.979,124.272,RUN_LKK,225,8836,0,SKIP_TO_CDCL,0,COMPLETE,0,UNKNOWN,,0,0,0,UNKNOWN,355.613,422.492472,False,8
ewddr2-10-by-5-1.cnf,SATLIB,beijing,planning_scheduling,/work/benchmarks/phase5/satlib/beijing/ewddr2-10-by-5-1.cnf,eaa482265d5188b10c8c9a45f561c26fe06b6c18d585394ccde550816b8b97c4,evaluation,no_useful_detected_structure,benefit gate declined: input_clause_limit,UNKNOWN,21800,118607,174.849,131.222,RUN_LKK,225,9213,0,SKIP_TO_CDCL,0,COMPLETE,0,UNKNOWN,,0,0,0,UNKNOWN,388.791,419.211483,False,8
ewddr2-10-by-5-8.cnf,SATLIB,beijing,planning_scheduling,/work/benchmarks/phase5/satlib/beijing/ewddr2-10-by-5-8.cnf,47f29473e786732f1466f08203d49da0a99de74fa138506f6a074632b0272d7d,evaluation,no_useful_detected_structure,benefit gate declined: input_clause_limit,UNKNOWN,22500,123329,156.105,183.415,RUN_LKK,225,9586,0,SKIP_TO_CDCL,0,COMPLETE,0,UNKNOWN,,0,0,0,UNKNOWN,393.988,419.476209,False,8
logistics.a.cnf,SATLIB,planning-logistics,planning_scheduling,/work/benchmarks/phase5/satlib/planning-logistics/logistics.a.cnf,58143abb64d57e922442a58e775a1c67f9b62435a99a200fb153237d2bf0adf4,calibration,cardinality_exact_r_heavy,"135 exact-r boxes, registry UNKNOWN",UNKNOWN,828,6718,11.1671,2.10608,RUN_LKK,135,3173,0,RUN_LKK,3.1606,COMPLETE,4.51607,UNKNOWN,"incomplete_or_ambiguous_resource_mapping:[5, 6, 16, 17, 27, 28, 38, 39, 45, 46, 56, 57, 67, 68, 80, 81, 89, 90, 91, 92, 93, 94, 95, 96, 97, 98, 99, 100, 101, 102, 103, 104, 105, 106, 107, 108, 109, 110, 111, 112, 113, 114, 115, 116, 117, 118, 119, 120, 121, 122, 123, 124, 125, 126, 127, 128, 129, 130, 131, 132, 133, 134, 135, 136, 137, 138, 139, 140, 141, 142, 143, 144, 145, 146, 147, 148, 149, 150, 151, 152, 153, 154, 155, 156, 157, 158, 159, 160, 161, 162, 163, 164, 165, 166, 167, 168, 169, 170, 171, 172, 173, 174, 175, 176, 177, 178, 179, 180, 181, 182, 183, 184, 185, 186, 187, 188, 189, 190, 191, 192, 193, 194, 195, 196, 197, 198, 199, 200, 201, 202, 203, 204, 205, 206, 207, 208, 209, 210, 211, 212, 213, 214, 215, 216, 217, 218, 219, 220, 221, 222, 223, 224, 225, 226, 227, 228, 229, 230, 231, 232, 233, 234, 235, 236, 237, 238, 239, 240, 241, 242, 243, 244, 245, 246, 247, 248, 249, 250, 251, 252, 253, 254, 255, 256, 257, 258, 259, 260, 261, 262, 263, 264, 265, 266, 267, 268, 269, 270, 271, 272, 273, 274, 275, 276, 277, 278, 279, 280, 281, 282, 283, 284, 285, 286, 287, 288, 289, 290, 291, 292, 293, 294, 295, 296, 297, 298, 299, 300, 301, 302, 303, 304, 305, 306, 307, 308, 309, 310, 311, 312, 313, 314, 315, 316, 317, 318, 319, 320, 321, 322, 323, 324, 325, 326, 327, 328, 329, 330, 331, 332, 333, 334, 335, 336, 337, 338, 339, 340, 341, 342, 343, 344, 345, 346, 347, 348, 349, 350, 351, 352, 353, 354, 355, 356, 357, 358, 359, 360, 361, 362, 363, 364, 365, 366, 367, 368, 369, 370, 371, 372, 373, 374, 375, 376, 377, 378, 379, 380, 381, 382, 383, 384, 385, 386, 387, 388, 389, 390, 391, 392, 393, 394, 395, 396, 397, 398, 399, 400, 401, 402, 403, 404, 405, 406, 407, 408, 409, 410, 411, 412, 413, 414, 415, 416, 417, 418, 419, 420, 421, 422, 423, 424, 425, 426, 427, 428, 429, 430, 431, 432, 433, 434, 435, 436, 437, 438, 439, 440, 441, 442, 443, 444, 445, 446, 447, 448, 449, 450, 451, 452, 453, 454, 455, 456, 457, 458, 459, 460, 461, 462, 463, 464, 465, 466, 467, 468, 469, 470, 471, 472, 473, 474, 475, 476, 477, 478, 479, 480, 481, 482, 483, 484, 485, 486, 487, 488, 489, 490, 491, 492, 493, 494, 495, 496, 497, 498, 499, 500, 501, 502, 503, 504, 505, 506, 507, 508, 509, 510, 511, 512, 513, 514, 515, 516, 517, 518, 519, 520, 521, 522, 523, 524, 525, 526, 527, 528, 529, 530, 531, 532, 533, 534, 535, 536, 537, 538, 539, 540, 541, 542, 543, 544, 545, 546, 547, 548, 549, 550, 551, 552, 553, 554, 555, 556, 557, 558, 559, 560, 561, 562, 563, 564, 565, 566, 567, 568, 569, 570, 571, 572, 573, 574, 575, 576, 577, 578, 579, 580, 581, 582, 583, 584, 585, 586, 587, 588, 589, 590, 591, 592, 593, 594, 595, 596, 597, 598, 599, 600, 601, 602, 603, 604, 605, 606, 607, 608, 609, 610, 611, 612, 613, 614, 615, 616, 617, 618, 619, 620, 621, 622, 623, 624, 625, 626, 627, 628, 629, 630, 631, 632, 633, 634, 635, 636, 637, 638, 639, 640, 641, 642, 643, 644, 645, 646, 647, 648, 649, 650, 651, 652, 653, 654, 655, 656, 657, 658, 659, 660, 661, 662, 663, 664, 665, 666, 667, 668, 669, 670, 671, 672, 673, 674, 675, 676, 677, 678, 679, 680, 681, 682, 683, 684, 685, 686, 687, 688, 689, 690, 691, 692, 693, 694, 695, 696, 697, 698, 699, 700, 701, 702, 703, 704, 705, 706, 707, 708, 709, 710, 711, 712, 713, 714, 715, 716, 717, 718, 719, 720, 721, 722, 723, 724, 725, 726, 727, 728, 729, 730, 731, 732, 733, 734, 735, 736, 737, 738, 739, 740, 741, 742, 743, 744, 745, 746, 747, 748, 749, 750, 751, 752, 753, 754, 755, 756, 757, 758, 759, 760, 761, 762, 763, 764, 765, 766, 767, 768, 769, 770, 771, 772, 773, 774, 775, 776, 777, 778, 779, 780, 781, 782, 783, 784, 785, 786, 787, 788, 789, 790, 791, 792, 793, 794, 795, 796, 797, 798, 799, 800, 801, 802, 803, 804, 805, 806, 807, 808, 809, 810, 811, 812, 813, 814, 815, 816, 817, 818, 819, 820, 821, 822, 823, 824, 825, 826, 827, 828]",135,0,0,UNKNOWN,23.2676,66.718249,False,8
logistics.b.cnf,SATLIB,planning-logistics,planning_scheduling,/work/benchmarks/phase5/satlib/planning-logistics/logistics.b.cnf,68103b82ea3b996eac2ec43210aa9b55bd2900311f11fe1ed33077cc3107198e,evaluation,cardinality_exact_r_heavy,"138 exact-r boxes, registry UNKNOWN",UNKNOWN,843,7301,9.49832,1.66555,RUN_LKK,138,3878,0,RUN_LKK,3.29773,COMPLETE,6.83892,UNKNOWN,"incomplete_or_ambiguous_resource_mapping:[5, 6, 19, 20, 33, 34, 43, 44, 63, 64, 71, 72, 73, 74, 75, 76, 77, 78, 79, 80, 81, 82, 83, 84, 85, 86, 87, 88, 89, 90, 91, 92, 93, 94, 95, 96, 97, 98, 99, 100, 101, 102, 103, 104, 105, 106, 107, 108, 109, 110, 111, 112, 113, 114, 115, 116, 117, 118, 119, 120, 121, 122, 123, 124, 125, 126, 127, 128, 129, 130, 131, 132, 133, 134, 135, 136, 137, 138, 139, 140, 141, 142, 143, 144, 145, 146, 147, 148, 149, 150, 151, 152, 153, 154, 155, 156, 157, 158, 159, 160, 161, 162, 163, 164, 165, 166, 167, 168, 169, 170, 171, 172, 173, 174, 175, 176, 177, 178, 179, 180, 181, 182, 183, 184, 185, 186, 187, 188, 189, 190, 191, 192, 193, 194, 195, 196, 197, 198, 199, 200, 201, 202, 203, 204, 205, 206, 207, 208, 209, 210, 211, 212, 213, 214, 215, 216, 217, 218, 219, 220, 221, 222, 223, 224, 225, 226, 227, 228, 229, 230, 231, 232, 233, 234, 235, 236, 237, 238, 239, 240, 241, 242, 243, 244, 245, 246, 247, 248, 249, 250, 251, 252, 253, 254, 255, 256, 257, 258, 259, 260, 261, 262, 263, 264, 265, 266, 267, 268, 269, 270, 271, 272, 273, 274, 275, 276, 277, 278, 279, 280, 281, 282, 283, 284, 285, 286, 287, 288, 289, 290, 291, 292, 293, 294, 295, 296, 297, 298, 299, 300, 301, 302, 303, 304, 305, 306, 307, 308, 309, 310, 311, 312, 313, 314, 315, 316, 317, 318, 319, 320, 321, 322, 323, 324, 325, 326, 327, 328, 329, 330, 331, 332, 333, 334, 335, 336, 337, 338, 339, 340, 341, 342, 343, 344, 345, 346, 347, 348, 349, 350, 351, 352, 353, 354, 355, 356, 357, 358, 359, 360, 361, 362, 363, 364, 365, 366, 367, 368, 369, 370, 371, 372, 373, 374, 375, 376, 377, 378, 379, 380, 381, 382, 383, 384, 385, 386, 387, 388, 389, 390, 391, 392, 393, 394, 395, 396, 397, 398, 399, 400, 401, 402, 403, 404, 405, 406, 407, 408, 409, 410, 411, 412, 413, 414, 415, 416, 417, 418, 419, 420, 421, 422, 423, 424, 425, 426, 427, 428, 429, 430, 431, 432, 433, 434, 435, 436, 437, 438, 439, 440, 441, 442, 443, 444, 445, 446, 447, 448, 449, 450, 451, 452, 453, 454, 455, 456, 457, 458, 459, 460, 461, 462, 463, 464, 465, 466, 467, 468, 469, 470, 471, 472, 473, 474, 475, 476, 477, 478, 479, 480, 481, 482, 483, 484, 485, 486, 487, 488, 489, 490, 491, 492, 493, 494, 495, 496, 497, 498, 499, 500, 501, 502, 503, 504, 505, 506, 507, 508, 509, 510, 511, 512, 513, 514, 515, 516, 517, 518, 519, 520, 521, 522, 523, 524, 525, 526, 527, 528, 529, 530, 531, 532, 533, 534, 535, 536, 537, 538, 539, 540, 541, 542, 543, 544, 545, 546, 547, 548, 549, 550, 551, 552, 553, 554, 555, 556, 557, 558, 559, 560, 561, 562, 563, 564, 565, 566, 567, 568, 569, 570, 571, 572, 573, 574, 575, 576, 577, 578, 579, 580, 581, 582, 583, 584, 585, 586, 587, 588, 589, 590, 591, 592, 593, 594, 595, 596, 597, 598, 599, 600, 601, 602, 603, 604, 605, 606, 607, 608, 609, 610, 611, 612, 613, 614, 615, 616, 617, 618, 619, 620, 621, 622, 623, 624, 625, 626, 627, 628, 629, 630, 631, 632, 633, 634, 635, 636, 637, 638, 639, 640, 641, 642, 643, 644, 645, 646, 647, 648, 649, 650, 651, 652, 653, 654, 655, 656, 657, 658, 659, 660, 661, 662, 663, 664, 665, 666, 667, 668, 669, 670, 671, 672, 673, 674, 675, 676, 677, 678, 679, 680, 681, 682, 683, 684, 685, 686, 687, 688, 689, 690, 691, 692, 693, 694, 695, 696, 697, 698, 699, 700, 701, 702, 703, 704, 705, 706, 707, 708, 709, 710, 711, 712, 713, 714, 715, 716, 717, 718, 719, 720, 721, 722, 723, 724, 725, 726, 727, 728, 729, 730, 731, 732, 733, 734, 735, 736, 737, 738, 739, 740, 741, 742, 743, 744, 745, 746, 747, 748, 749, 750, 751, 752, 753, 754, 755, 756, 757, 758, 759, 760, 761, 762, 763, 764, 765, 766, 767, 768, 769, 770, 771, 772, 773, 774, 775, 776, 777, 778, 779, 780, 781, 782, 783, 784, 785, 786, 787, 788, 789, 790, 791, 792, 793, 794, 795, 796, 797, 798, 799, 800, 801, 802, 803, 804, 805, 806, 807, 808, 809, 810, 811, 812, 813, 814, 815, 816, 817, 818, 819, 820, 821, 822, 823, 824, 825, 826, 827, 828, 829, 830, 831, 832, 833, 834, 835, 836, 837, 838, 839, 840, 841, 842, 843]",138,0,0,UNKNOWN,23.858,34.93472,False,8
logistics.c.cnf,SATLIB,planning-logistics,planning_scheduling,/work/benchmarks/phase5/satlib/planning-logistics/logistics.c.cnf,28b9d59a6b980762de3b6ef359b192732505d10bad2805bcca76fb56331f098f,evaluation,cardinality_exact_r_heavy,"162 exact-r boxes, registry UNKNOWN",UNKNOWN,1141,10719,13.6904,4.21671,RUN_LKK,162,5694,0,RUN_LKK,5.83085,COMPLETE,7.81673,UNKNOWN,"incomplete_or_ambiguous_resource_mapping:[5, 6, 19, 20, 33, 34, 49, 50, 57, 58, 71, 72, 91, 92, 99, 100, 101, 102, 103, 104, 105, 106, 107, 108, 109, 110, 111, 112, 113, 114, 115, 116, 117, 118, 119, 120, 121, 122, 123, 124, 125, 126, 127, 128, 129, 130, 131, 132, 133, 134, 135, 136, 137, 138, 139, 140, 141, 142, 143, 144, 145, 146, 147, 148, 149, 150, 151, 152, 153, 154, 155, 156, 157, 158, 159, 160, 161, 162, 163, 164, 165, 166, 167, 168, 169, 170, 171, 172, 173, 174, 175, 176, 177, 178, 179, 180, 181, 182, 183, 184, 185, 186, 187, 188, 189, 190, 191, 192, 193, 194, 195, 196, 197, 198, 199, 200, 201, 202, 203, 204, 205, 206, 207, 208, 209, 210, 211, 212, 213, 214, 215, 216, 217, 218, 219, 220, 221, 222, 223, 224, 225, 226, 227, 228, 229, 230, 231, 232, 233, 234, 235, 236, 237, 238, 239, 240, 241, 242, 243, 244, 245, 246, 247, 248, 249, 250, 251, 252, 253, 254, 255, 256, 257, 258, 259, 260, 261, 262, 263, 264, 265, 266, 267, 268, 269, 270, 271, 272, 273, 274, 275, 276, 277, 278, 279, 280, 281, 282, 283, 284, 285, 286, 287, 288, 289, 290, 291, 292, 293, 294, 295, 296, 297, 298, 299, 300, 301, 302, 303, 304, 305, 306, 307, 308, 309, 310, 311, 312, 313, 314, 315, 316, 317, 318, 319, 320, 321, 322, 323, 324, 325, 326, 327, 328, 329, 330, 331, 332, 333, 334, 335, 336, 337, 338, 339, 340, 341, 342, 343, 344, 345, 346, 347, 348, 349, 350, 351, 352, 353, 354, 355, 356, 357, 358, 359, 360, 361, 362, 363, 364, 365, 366, 367, 368, 369, 370, 371, 372, 373, 374, 375, 376, 377, 378, 379, 380, 381, 382, 383, 384, 385, 386, 387, 388, 389, 390, 391, 392, 393, 394, 395, 396, 397, 398, 399, 400, 401, 402, 403, 404, 405, 406, 407, 408, 409, 410, 411, 412, 413, 414, 415, 416, 417, 418, 419, 420, 421, 422, 423, 424, 425, 426, 427, 428, 429, 430, 431, 432, 433, 434, 435, 436, 437, 438, 439, 440, 441, 442, 443, 444, 445, 446, 447, 448, 449, 450, 451, 452, 453, 454, 455, 456, 457, 458, 459, 460, 461, 462, 463, 464, 465, 466, 467, 468, 469, 470, 471, 472, 473, 474, 475, 476, 477, 478, 479, 480, 481, 482, 483, 484, 485, 486, 487, 488, 489, 490, 491, 492, 493, 494, 495, 496, 497, 498, 499, 500, 501, 502, 503, 504, 505, 506, 507, 508, 509, 510, 511, 512, 513, 514, 515, 516, 517, 518, 519, 520, 521, 522, 523, 524, 525, 526, 527, 528, 529, 530, 531, 532, 533, 534, 535, 536, 537, 538, 539, 540, 541, 542, 543, 544, 545, 546, 547, 548, 549, 550, 551, 552, 553, 554, 555, 556, 557, 558, 559, 560, 561, 562, 563, 564, 565, 566, 567, 568, 569, 570, 571, 572, 573, 574, 575, 576, 577, 578, 579, 580, 581, 582, 583, 584, 585, 586, 587, 588, 589, 590, 591, 592, 593, 594, 595, 596, 597, 598, 599, 600, 601, 602, 603, 604, 605, 606, 607, 608, 609, 610, 611, 612, 613, 614, 615, 616, 617, 618, 619, 620, 621, 622, 623, 624, 625, 626, 627, 628, 629, 630, 631, 632, 633, 634, 635, 636, 637, 638, 639, 640, 641, 642, 643, 644, 645, 646, 647, 648, 649, 650, 651, 652, 653, 654, 655, 656, 657, 658, 659, 660, 661, 662, 663, 664, 665, 666, 667, 668, 669, 670, 671, 672, 673, 674, 675, 676, 677, 678, 679, 680, 681, 682, 683, 684, 685, 686, 687, 688, 689, 690, 691, 692, 693, 694, 695, 696, 697, 698, 699, 700, 701, 702, 703, 704, 705, 706, 707, 708, 709, 710, 711, 712, 713, 714, 715, 716, 717, 718, 719, 720, 721, 722, 723, 724, 725, 726, 727, 728, 729, 730, 731, 732, 733, 734, 735, 736, 737, 738, 739, 740, 741, 742, 743, 744, 745, 746, 747, 748, 749, 750, 751, 752, 753, 754, 755, 756, 757, 758, 759, 760, 761, 762, 763, 764, 765, 766, 767, 768, 769, 770, 771, 772, 773, 774, 775, 776, 777, 778, 779, 780, 781, 782, 783, 784, 785, 786, 787, 788, 789, 790, 791, 792, 793, 794, 795, 796, 797, 798, 799, 800, 801, 802, 803, 804, 805, 806, 807, 808, 809, 810, 811, 812, 813, 814, 815, 816, 817, 818, 819, 820, 821, 822, 823, 824, 825, 826, 827, 828, 829, 830, 831, 832, 833, 834, 835, 836, 837, 838, 839, 840, 841, 842, 843, 844, 845, 846, 847, 848, 849, 850, 851, 852, 853, 854, 855, 856, 857, 858, 859, 860, 861, 862, 863, 864, 865, 866, 867, 868, 869, 870, 871, 872, 873, 874, 875, 876, 877, 878, 879, 880, 881, 882, 883, 884, 885, 886, 887, 888, 889, 890, 891, 892, 893, 894, 895, 896, 897, 898, 899, 900, 901, 902, 903, 904, 905, 906, 907, 908, 909, 910, 911, 912, 913, 914, 915, 916, 917, 918, 919, 920, 921, 922, 923, 924, 925, 926, 927, 928, 929, 930, 931, 932, 933, 934, 935, 936, 937, 938, 939, 940, 941, 942, 943, 944, 945, 946, 947, 948, 949, 950, 951, 952, 953, 954, 955, 956, 957, 958, 959, 960, 961, 962, 963, 964, 965, 966, 967, 968, 969, 970, 971, 972, 973, 974, 975, 976, 977, 978, 979, 980, 981, 982, 983, 984, 985, 986, 987, 988, 989, 990, 991, 992, 993, 994, 995, 996, 997, 998, 999, 1000, 1001, 1002, 1003, 1004, 1005, 1006, 1007, 1008, 1009, 1010, 1011, 1012, 1013, 1014, 1015, 1016, 1017, 1018, 1019, 1020, 1021, 1022, 1023, 1024, 1025, 1026, 1027, 1028, 1029, 1030, 1031, 1032, 1033, 1034, 1035, 1036, 1037, 1038, 1039, 1040, 1041, 1042, 1043, 1044, 1045, 1046, 1047, 1048, 1049, 1050, 1051, 1052, 1053, 1054, 1055, 1056, 1057, 1058, 1059, 1060, 1061, 1062, 1063, 1064, 1065, 1066, 1067, 1068, 1069, 1070, 1071, 1072, 1073, 1074, 1075, 1076, 1077, 1078, 1079, 1080, 1081, 1082, 1083, 1084, 1085, 1086, 1087, 1088, 1089, 1090, 1091, 1092, 1093, 1094, 1095, 1096, 1097, 1098, 1099, 1100, 1101, 1102, 1103, 1104, 1105, 1106, 1107, 1108, 1109, 1110, 1111, 1112, 1113, 1114, 1115, 1116, 1117, 1118, 1119, 1120, 1121, 1122, 1123, 1124, 1125, 1126, 1127, 1128, 1129, 1130, 1131, 1132, 1133, 1134, 1135, 1136, 1137, 1138, 1139, 1140, 1141]",162,0,0,UNKNOWN,35.1531,69.108843,False,8
logistics.d.cnf,SATLIB,planning-logistics,planning_scheduling,/work/benchmarks/phase5/satlib/planning-logistics/logistics.d.cnf,29ef906fbc201db077488cc4f053d57218a033dba37fe112405ec20036cbea3c,evaluation,cardinality_exact_r_heavy,"207 exact-r boxes, registry UNKNOWN",UNKNOWN,4713,21991,22.9765,8.23122,RUN_LKK,233,8154,0,RUN_LKK,17.4251,COMPLETE,18.241,UNKNOWN,"incomplete_or_ambiguous_resource_mapping:[25, 26, 27, 28, 29, 30, 31, 32, 33, 34, 35, 36, 37, 38, 39, 40, 41, 42, 43, 44, 45, 46, 47, 48, 49, 50, 51, 52, 53, 54, 55, 56, 57, 58, 59, 60, 61, 144, 149, 150, 154, 155, 156, 157, 158, 159, 160, 161, 162, 163, 164, 165, 166, 167, 168, 169, 170, 171, 172, 173, 174, 175, 176, 177, 178, 179, 180, 181, 182, 183, 184, 185, 186, 187, 188, 189, 190, 191, 192, 193, 194, 195, 199, 200, 201, 202, 203, 204, 205, 206, 207, 208, 371, 372, 373, 374, 375, 376, 377, 378, 379, 380, 381, 382, 383, 384, 385, 386, 387, 388, 389, 390, 391, 392, 393, 394, 395, 396, 397, 398, 399, 400, 401, 402, 403, 404, 405, 406, 407, 408, 409, 410, 411, 412, 413, 414, 415, 416, 417, 418, 419, 420, 421, 422, 423, 424, 425, 426, 427, 428, 429, 430, 431, 432, 433, 434, 435, 436, 437, 438, 439, 440, 441, 442, 443, 444, 445, 446, 447, 448, 449, 450, 451, 452, 453, 454, 728, 729, 730, 731, 732, 733, 734, 735, 736, 737, 738, 739, 740, 741, 742, 743, 744, 745, 746, 747, 748, 749, 750, 751, 752, 753, 754, 755, 756, 757, 758, 759, 760, 761, 762, 763, 764, 765, 766, 767, 768, 769, 770, 771, 772, 773, 774, 775, 776, 777, 778, 779, 780, 781, 782, 783, 784, 785, 786, 787, 788, 789, 790, 791, 792, 793, 794, 795, 796, 797, 798, 799, 800, 801, 802, 803, 804, 805, 806, 807, 808, 809, 810, 811, 812, 813, 814, 815, 816, 817, 818, 819, 820, 821, 822, 823, 824, 825, 826, 827, 1156, 1157, 1158, 1159, 1160, 1161, 1162, 1163, 1164, 1165, 1166, 1167, 1168, 1169, 1170, 1171, 1172, 1173, 1174, 1175, 1176, 1177, 1178, 1179, 1180, 1181, 1182, 1183, 1184, 1185, 1186, 1187, 1188, 1189, 1190, 1191, 1192, 1193, 1194, 1195, 1196, 1197, 1198, 1199, 1200, 1201, 1202, 1203, 1204, 1205, 1206, 1207, 1208, 1209, 1210, 1211, 1212, 1213, 1214, 1215, 1216, 1217, 1218, 1219, 1220, 1221, 1222, 1223, 1224, 1225, 1226, 1227, 1228, 1229, 1230, 1231, 1232, 1233, 1234, 1235, 1236, 1237, 1238, 1239, 1240, 1241, 1242, 1243, 1244, 1245, 1246, 1247, 1248, 1249, 1250, 1251, 1252, 1253, 1254, 1255, 1256, 1257, 1258, 1259, 1260, 1261, 1262, 1263, 1264, 1265, 1266, 1267, 1268, 1269, 1270, 1271, 1272, 1273, 1274, 1275, 1276, 1277, 1278, 1279, 1687, 1688, 1689, 1690, 1691, 1692, 1693, 1694, 1695, 1696, 1697, 1698, 1699, 1700, 1701, 1702, 1703, 1704, 1705, 1706, 1707, 1708, 1709, 1710, 1711, 1712, 1713, 1714, 1715, 1716, 1717, 1718, 1719, 1720, 1721, 1722, 1723, 1724, 1725, 1726, 1727, 1728, 1729, 1730, 1731, 1732, 1733, 1734, 1735, 1736, 1737, 1738, 1739, 1740, 1741, 1742, 1743, 1744, 1745, 1746, 1747, 1748, 1749, 1750, 1751, 1752, 1753, 1754, 1755, 1756, 1757, 1758, 1759, 1760, 1761, 1762, 1763, 1764, 1765, 1766, 1767, 1768, 1769, 1770, 1771, 1772, 1773, 1774, 1775, 1776, 1777, 1778, 1779, 1780, 1781, 1782, 1783, 1784, 1785, 1786, 1787, 1788, 1789, 1790, 1791, 1792, 1793, 1794, 1795, 1796, 1797, 1798, 1799, 1800, 1801, 1802, 1803, 1804, 1805, 1806, 1807, 1808, 1809, 1810, 1811, 1812, 1813, 1814, 1815, 1816, 1817, 1818, 1819, 1820, 1821, 1822, 1823, 1824, 1825, 2257, 2258, 2259, 2260, 2261, 2262, 2263, 2264, 2265, 2267, 2268, 2269, 2270, 2271, 2272, 2273, 2274, 2275, 2276, 2277, 2278, 2279, 2280, 2281, 2282, 2283, 2284, 2285, 2286, 2287, 2288, 2289, 2290, 2291, 2292, 2293, 2294, 2295, 2296, 2297, 2298, 2301, 2302, 2303, 2304, 2305, 2306, 2307, 2308, 2310, 2311, 2312, 2313, 2314, 2317, 2318, 2319, 2321, 2322, 2326, 2327, 2329, 2331, 2332, 2333, 2334, 2335, 2337, 2338, 2339, 2340, 2341, 2342, 2343, 2344, 2346, 2347, 2348, 2349, 2350, 2351, 2352, 2353, 2354, 2355, 2356, 2357, 2358, 2359, 2360, 2361, 2363, 2364, 2365, 2366, 2367, 2368, 2369, 2370, 2372, 2373, 2374, 2375, 2376, 2377, 2378, 2380, 2381, 2382, 2383, 2384, 2385, 2387, 2388, 2389, 2390, 2391, 2392, 2394, 2395, 2396, 2397, 2398, 2399, 2401, 2402, 2403, 2404, 2405, 2406, 2408, 2409, 2410, 2411, 2412, 2882, 2883, 2884, 2885, 2886, 2887, 2888, 2889, 2890, 2891, 2892, 2893, 2895, 2896, 2897, 2898, 2899, 2900, 2901, 2902, 2903, 2904, 2905, 2906, 2907, 2908, 2909, 2910, 2911, 2912, 2913, 2914, 2915, 2916, 2917, 2918, 2919, 2920, 2921, 2922, 2923, 2924, 2925, 2926, 2929, 2930, 2931, 2932, 2933, 2934, 2935, 2936, 2938, 2939, 2940, 2941, 2942, 2943, 2946, 2947, 2948, 2949, 2951, 2952, 2953, 2957, 2958, 2959, 2961, 2962, 2964, 2965, 2966, 2967, 2968, 2970, 2971, 2972, 2973, 2974, 2975, 2976, 2977, 2979, 2980, 2981, 2982, 2983, 2984, 2985, 2986, 2987, 2988, 2989, 2990, 2991, 2992, 2993, 2994, 2996, 2997, 2998, 2999, 3000, 3001, 3002, 3003, 3005, 3006, 3007, 3008, 3010, 3011, 3012, 3014, 3016, 3018, 3019, 3020, 3021, 3023, 3024, 3025, 3418, 3419, 3420, 3421, 3422, 3423, 3424, 3425, 3426, 3427, 3428, 3429, 3430, 3431, 3432, 3433, 3434, 3435, 3436, 3437, 3438, 3439, 3440, 3441, 3442, 3443, 3444, 3445, 3446, 3447, 3448, 3449, 3450, 3451, 3452, 3453, 3454, 3455, 3456, 3457, 3458, 3459, 3460, 3461, 3462, 3463, 3464, 3465, 3466, 3467, 3468, 3469, 3470, 3471, 3472, 3473, 3474, 3475, 3476, 3477, 3478, 3479, 3480, 3481, 3482, 3483, 3484, 3485, 3486, 3487, 3488, 3489, 3490, 3491, 3492, 3493, 3494, 3495, 3496, 3497, 3498, 3499, 3500, 3501, 3502, 3503, 3504, 3505, 3506, 3507, 3508, 3509, 3510, 3511, 3512, 3513, 3514, 3515, 3516, 3517, 3518, 3519, 3520, 3521, 3522, 3523, 3524, 3525, 3526, 3821, 3822, 3823, 3824, 3825, 3826, 3827, 3828, 3829, 3830, 3831, 3832, 3833, 3834, 3835, 3836, 3837, 3838, 3839, 3840, 3841, 3842, 3843, 3844, 3845, 3846, 3847, 3848, 3849, 3850, 3851, 3852, 3853, 3854, 3855, 3856, 3857, 3858, 3859, 3860, 3861, 3862, 3863, 3864, 3865, 3866, 3867, 3868, 3869, 3870, 3871, 3872, 3873, 3874, 3875, 3876, 3877, 3878, 3879, 3880, 3881, 3882, 3883, 3884, 3885, 3886, 3887, 3888, 3889, 3890, 3891, 3892, 3893, 3894, 3895, 3896, 3897, 3898, 3899, 3900, 3901, 3902, 3903, 3904, 3905, 3906, 3907, 3908, 3909, 3910, 3911, 3912, 3913, 3914, 3915, 3916, 3917, 3918, 3919, 3920, 3921, 3922, 3923, 3924, 3925, 3926, 3927, 3928, 3929, 4214, 4215, 4216, 4217, 4218, 4219, 4220, 4221, 4222, 4223, 4224, 4225, 4226, 4227, 4228, 4229, 4230, 4231, 4232, 4233, 4234, 4235, 4236, 4237, 4238, 4239, 4240, 4241, 4242, 4243, 4244, 4245, 4246, 4247, 4248, 4249, 4250, 4251, 4252, 4253, 4254, 4255, 4256, 4257, 4258, 4259, 4260, 4261, 4262, 4263, 4264, 4265, 4266, 4267, 4268, 4269, 4270, 4271, 4272, 4273, 4274, 4275, 4276, 4277, 4278, 4279, 4280, 4281, 4282, 4283, 4284, 4285, 4286, 4287, 4288, 4289, 4290, 4291, 4292, 4293, 4294, 4295, 4296, 4297, 4298, 4299, 4300, 4301, 4302, 4497, 4498, 4499, 4500, 4501, 4502, 4503, 4504, 4505, 4506, 4507, 4508, 4509, 4510, 4511, 4512, 4513, 4514, 4515, 4516, 4517, 4518, 4519, 4520, 4521, 4522, 4523, 4524, 4525, 4526, 4527, 4528, 4529, 4530, 4531, 4532, 4533, 4534, 4535, 4536, 4537, 4538, 4539, 4540, 4541, 4542, 4543, 4544, 4545, 4546, 4547, 4548, 4549, 4550, 4551, 4613, 4614, 4615, 4616, 4617, 4618, 4619, 4620, 4621, 4622, 4623, 4624, 4625, 4626, 4627, 4628, 4629, 4630, 4631, 4632, 4633, 4634, 4635, 4636, 4637, 4638, 4639, 4640, 4641, 4642, 4643, 4644, 4645, 4646, 4647, 4648, 4649, 4650, 4651, 4652, 4653, 4654, 4655, 4656, 4657, 4658, 4659, 4660, 4661, 4662, 4663, 4664, 4665, 4666, 4667, 4683, 4684, 4685, 4686, 4687, 4688, 4689, 4690, 4691, 4692, 4693, 4694, 4695, 4696, 4697, 4698, 4699, 4700, 4701, 4702, 4703, 4704, 4705, 4706, 4707, 4708, 4709, 4710, 4711, 4712, 4713]",207,0,0,UNKNOWN,87.926,118.920285,False,8
bw_large.a.cnf,SATLIB,planning-blocksworld,planning_scheduling,/work/benchmarks/phase5/satlib/planning-blocksworld/bw_large.a.cnf,4818c621266c68ef3f6f37ca27652d703b6530ddbc6dcac7b42d5cc65be3b0f7,evaluation,resource_allocation_like,18 exact-r boxes over 48 capacity groups,UNKNOWN,459,4675,6.16292,0.869873,RUN_LKK,51,3127,0,RUN_LKK,2.35564,COMPLETE,2.13339,UNKNOWN,"incomplete_or_ambiguous_resource_mapping:[20, 22, 24, 88, 92, 187, 455, 456, 458, 459]",18,48,0,UNKNOWN,12.9239,35.234962,False,8
bw_large.b.cnf,SATLIB,planning-blocksworld,planning_scheduling,/work/benchmarks/phase5/satlib/planning-blocksworld/bw_large.b.cnf,5afee43155740578959da99bd35cda95ce8b931879f87588e7aa4c7cb8f775bd,calibration,resource_allocation_like,27 exact-r boxes over 91 capacity groups,UNKNOWN,1087,13772,55.3326,4.77574,RUN_LKK,66,9739,0,RUN_LKK,15.7319,COMPLETE,9.88346,UNKNOWN,"incomplete_or_ambiguous_resource_mapping:[20, 22, 24, 87, 88, 94, 208, 210, 1083, 1084, 1085, 1087]",27,91,0,UNKNOWN,100.044,167.716502,False,8
bw_large.c.cnf,SATLIB,planning-blocksworld,planning_scheduling,/work/benchmarks/phase5/satlib/planning-blocksworld/bw_large.c.cnf,a854ebc3c5486831d968c0ea66cd8840c9fbfeb1e1e792de5e2d4ff8547b5373,evaluation,no_useful_detected_structure,benefit gate declined: input_clause_limit,UNKNOWN,3016,50457,90.7394,27.3308,RUN_LKK,93,38331,0,SKIP_TO_CDCL,0,COMPLETE,0,UNKNOWN,,0,0,0,UNKNOWN,136.695,168.847698,False,8
bw_large.d.cnf,SATLIB,planning-blocksworld,planning_scheduling,/work/benchmarks/phase5/satlib/planning-blocksworld/bw_large.d.cnf,04ef41298c5ee41297669ca193516af91a2d009e3ed4b64d068ab1540d3ff1ba,evaluation,no_useful_detected_structure,benefit gate declined: input_clause_limit,UNKNOWN,6325,131973,184.358,104.828,RUN_LKK,118,105308,0,SKIP_TO_CDCL,0,COMPLETE,0,UNKNOWN,,0,0,0,UNKNOWN,345.288,369.427014,False,8
anomaly.cnf,SATLIB,planning-blocksworld,planning_scheduling,/work/benchmarks/phase5/satlib/planning-blocksworld/anomaly.cnf,a0406b6cb576486cdc724288498086fc5d1a58ebe96d92b41d78a8d8b7d59864,evaluation,resource_allocation_like,9 exact-r boxes over 9 capacity groups,UNKNOWN,48,261,5.32763,0.084286,RUN_LKK,21,159,0,RUN_LKK,0.148465,COMPLETE,0.315994,UNKNOWN,"incomplete_or_ambiguous_resource_mapping:[11, 45, 46, 47, 48]",9,9,0,UNKNOWN,8.85495,36.676107,False,8
medium.cnf,SATLIB,planning-blocksworld,planning_scheduling,/work/benchmarks/phase5/satlib/planning-blocksworld/medium.cnf,52b247973bbe7be38c4b0a890576b13489ffe0d114500f08df396b4cd6bf16c4,evaluation,resource_allocation_like,12 exact-r boxes over 19 capacity groups,UNKNOWN,116,953,3.3354,0.313192,RUN_LKK,32,648,0,RUN_LKK,0.532873,COMPLETE,1.09488,UNKNOWN,"incomplete_or_ambiguous_resource_mapping:[12, 14, 52, 113, 116]",12,19,0,UNKNOWN,6.29127,25.335238,False,8
huge.cnf,SATLIB,planning-blocksworld,planning_scheduling,/work/benchmarks/phase5/satlib/planning-blocksworld/huge.cnf,305757cd5b23959a714c37efcdb2596bde921323bbf74ee5a7ba878aff838dba,calibration,resource_allocation_like,18 exact-r boxes over 48 capacity groups,UNKNOWN,459,7054,10.0558,1.33689,RUN_LKK,51,5506,0,RUN_LKK,2.58477,COMPLETE,2.60075,UNKNOWN,"incomplete_or_ambiguous_resource_mapping:[20, 22, 24, 88, 92, 187, 455, 456, 458, 459]",18,48,0,UNKNOWN,17.9351,34.738289,False,8
hanoi4.cnf,SATLIB,hanoi,planning_scheduling,/work/benchmarks/phase5/satlib/hanoi/hanoi4.cnf,ab38df56b8ecdbe955a22df3b1b1afbd3c3f98f6c6ee33e391b3bd67db903f4d,evaluation,structural_not_closed_by_flow,registry closed but max-flow found the model feasible,UNKNOWN,718,4934,8.45538,1.28677,RUN_LKK,45,2661,0,RUN_LKK,2.47184,COMPLETE,2.93575,COMPLETE,sound_exact_r_and_capacity_families,45,105,0.215707,FEASIBLE,16.6391,34.715608,False,8
hanoi5.cnf,SATLIB,hanoi,planning_scheduling,/work/benchmarks/phase5/satlib/hanoi/hanoi5.cnf,4205042bcd7d63a57d26ba0a3e05e0c775181262838ef8286337bb1676730413,evaluation,structural_not_closed_by_flow,registry closed but max-flow found the model feasible,UNKNOWN,1931,14468,16.2853,4.16537,RUN_LKK,93,7810,0,RUN_LKK,6.56327,COMPLETE,10.0936,COMPLETE,sound_exact_r_and_capacity_families,93,248,0.513521,FEASIBLE,42.5469,66.701563,False,8
ais10.cnf,SATLIB,ais,matching_capacity,/work/benchmarks/phase5/satlib/ais/ais10.cnf,ad741512139517014389bab114087f35fb8ffc205dd4e243b2bcab28c77413fa,evaluation,structural_not_closed_by_flow,registry closed but max-flow found the model feasible,UNKNOWN,181,3151,7.46958,1.17345,RUN_LKK,19,2322,0,RUN_LKK,1.63207,COMPLETE,21.1329,COMPLETE,sound_exact_r_and_capacity_families,19,19,0.135041,FEASIBLE,33.2823,66.970217,False,8
ais12.cnf,SATLIB,ais,matching_capacity,/work/benchmarks/phase5/satlib/ais/ais12.cnf,11bf168f81fd3302eb1367d35b9cacc3459f585e080dae87aba14e69df3f727b,evaluation,structural_not_closed_by_flow,registry closed but max-flow found the model feasible,UNKNOWN,265,5666,9.9836,1.6371,RUN_LKK,23,4191,0,RUN_LKK,3.1741,COMPLETE,67.1685,COMPLETE,sound_exact_r_and_capacity_families,23,23,0.056052,FEASIBLE,84.2163,118.063346,False,8
ais6.cnf,SATLIB,ais,matching_capacity,/work/benchmarks/phase5/satlib/ais/ais6.cnf,931c7623e7b3174ff91541d30ca83a19c96036d4f99bbe65441facc3103da95e,calibration,structural_not_closed_by_flow,registry closed but max-flow found the model feasible,UNKNOWN,61,581,2.81865,0.13313,RUN_LKK,11,420,0,RUN_LKK,0.224224,COMPLETE,1.31777,COMPLETE,sound_exact_r_and_capacity_families,11,11,0.01521,FEASIBLE,5.50433,19.896349,False,8
ais8.cnf,SATLIB,ais,matching_capacity,/work/benchmarks/phase5/satlib/ais/ais8.cnf,7288722a730cd949069ac0877dcfdb9fab518185f217e8d63f1c1c29035a6ddb,evaluation,structural_not_closed_by_flow,registry closed but max-flow found the model feasible,UNKNOWN,113,1520,3.92493,0.370695,RUN_LKK,15,1113,0,RUN_LKK,0.66752,COMPLETE,5.88753,COMPLETE,sound_exact_r_and_capacity_families,15,15,0.023653,FEASIBLE,12.1231,34.926833,False,8
hole10.cnf,SATLIB,pigeon-hole,matching_capacity,/work/benchmarks/phase5/satlib/pigeon-hole/hole10.cnf,a8c786ce602fd368158c216bdf58882a3aa1b9cd844f78eb24487fc12711c56f,calibration,unknown_fallback_dominated,recovery completed but registry returned UNKNOWN: no_sound_exact_r_boxes,UNKNOWN,110,561,3.07493,0.120003,RUN_LKK,11,550,0,RUN_LKK,0.25067,COMPLETE,0.134646,UNKNOWN,no_sound_exact_r_boxes,0,0,0,UNKNOWN,4.36845,18.819819,False,8
hole6.cnf,SATLIB,pigeon-hole,matching_capacity,/work/benchmarks/phase5/satlib/pigeon-hole/hole6.cnf,1c2da59d23617fa81637a8a56c359002eaaa807a27d70fb684645f84e2361fd7,calibration,unknown_fallback_dominated,recovery completed but registry returned UNKNOWN: no_sound_exact_r_boxes,UNKNOWN,42,133,2.81156,0.040163,RUN_LKK,7,126,0,RUN_LKK,0.079976,COMPLETE,0.043466,UNKNOWN,no_sound_exact_r_boxes,0,0,0,UNKNOWN,3.86524,18.624464,False,8
hole7.cnf,SATLIB,pigeon-hole,matching_capacity,/work/benchmarks/phase5/satlib/pigeon-hole/hole7.cnf,225791cbb02429d71bae87f331460d456ee11fecc384a6af049813f42e6319ab,evaluation,unknown_fallback_dominated,recovery completed but registry returned UNKNOWN: no_sound_exact_r_boxes,UNKNOWN,56,204,2.68379,0.04935,RUN_LKK,8,196,0,RUN_LKK,0.104624,COMPLETE,0.05702,UNKNOWN,no_sound_exact_r_boxes,0,0,0,UNKNOWN,3.80395,18.705159,False,8
hole8.cnf,SATLIB,pigeon-hole,matching_capacity,/work/benchmarks/phase5/satlib/pigeon-hole/hole8.cnf,e63ad9adca73c42dab2f89a3cec77dbf7800d595f72ce740b32004431e1bfd84,evaluation,unknown_fallback_dominated,recovery completed but registry returned UNKNOWN: no_sound_exact_r_boxes,UNKNOWN,72,297,3.32663,0.065067,RUN_LKK,9,288,0,RUN_LKK,0.161097,COMPLETE,0.076731,UNKNOWN,no_sound_exact_r_boxes,0,0,0,UNKNOWN,4.41083,18.53831,False,8
hole9.cnf,SATLIB,pigeon-hole,matching_capacity,/work/benchmarks/phase5/satlib/pigeon-hole/hole9.cnf,e5821911954338bdf496866bdbdf2bab123cbc09dd8e6d19a38277f393bc30c6,evaluation,unknown_fallback_dominated,recovery completed but registry returned UNKNOWN: no_sound_exact_r_boxes,UNKNOWN,90,415,2.76587,0.129362,RUN_LKK,10,405,0,RUN_LKK,0.314205,COMPLETE,0.430175,UNKNOWN,no_sound_exact_r_boxes,0,0,0,UNKNOWN,4.74502,19.646515,False,8
flat200-1.cnf,SATLIB,flat200,matching_capacity,/work/benchmarks/phase5/satlib/flat200/flat200-1.cnf,f8516312492ea618618ffb65b0052dbfc8c3563c4ee5c341d24bf5b84e30f39f,calibration,resource_allocation_like,200 exact-r boxes over 252 capacity groups,UNKNOWN,600,2237,6.13667,0.504164,RUN_LKK,200,2037,0,RUN_LKK,1.15712,COMPLETE,7.15706,UNKNOWN,"incomplete_or_ambiguous_resource_mapping:[181, 182, 183, 208, 209, 210, 358, 359, 360, 364, 365, 366, 397, 398, 399, 415, 416, 417, 433, 434, 435, 442, 443, 444, 454, 455, 456, 457, 458, 459, 463, 464, 465, 466, 467, 468, 478, 479, 480, 481, 482, 483, 484, 485, 486, 493, 494, 495, 496, 497, 498, 502, 503, 504, 508, 509, 510, 520, 521, 522, 523, 524, 525, 526, 527, 528, 559, 560, 561, 565, 566, 567, 568, 569, 570, 589, 590, 591, 595, 596, 597]",200,252,0,UNKNOWN,16.937,34.94485,False,8
flat200-10.cnf,SATLIB,flat200,matching_capacity,/work/benchmarks/phase5/satlib/flat200/flat200-10.cnf,211ba100787590ee5694c428c6ec00a5eb41039a1fca2c97dd241b845fff8ad4,evaluation,resource_allocation_like,200 exact-r boxes over 249 capacity groups,UNKNOWN,600,2237,4.83895,0.433033,RUN_LKK,200,2037,0,RUN_LKK,0.865535,COMPLETE,5.45262,UNKNOWN,"incomplete_or_ambiguous_resource_mapping:[187, 188, 189, 229, 230, 231, 262, 263, 264, 298, 299, 300, 310, 311, 312, 316, 317, 318, 376, 377, 378, 406, 407, 408, 412, 413, 414, 451, 452, 453, 478, 479, 480, 511, 512, 513, 517, 518, 519, 526, 527, 528, 535, 536, 537, 550, 551, 552, 553, 554, 555, 556, 557, 558, 568, 569, 570, 574, 575, 576, 586, 587, 588, 589, 590, 591, 592, 593, 594, 595, 596, 597, 598, 599, 600]",200,249,0,UNKNOWN,13.7451,35.397581,False,8
flat200-100.cnf,SATLIB,flat200,matching_capacity,/work/benchmarks/phase5/satlib/flat200/flat200-100.cnf,a36dbcbb9fbc4fa7a38b006d92a90d9bb13a24ae9793bdb652df652da698d9fb,evaluation,resource_allocation_like,200 exact-r boxes over 240 capacity groups,UNKNOWN,600,2237,5.33631,0.359272,RUN_LKK,200,2037,0,RUN_LKK,0.964759,COMPLETE,5.04992,UNKNOWN,"incomplete_or_ambiguous_resource_mapping:[67, 68, 69, 127, 128, 129, 154, 155, 156, 160, 161, 162, 178, 179, 180, 211, 212, 213, 235, 236, 237, 244, 245, 246, 277, 278, 279, 283, 284, 285, 316, 317, 318, 334, 335, 336, 361, 362, 363, 430, 431, 432, 502, 503, 504, 508, 509, 510, 523, 524, 525, 526, 527, 528, 529, 530, 531, 532, 533, 534, 541, 542, 543, 550, 551, 552, 553, 554, 555, 559, 560, 561, 562, 563, 564, 571, 572, 573, 577, 578, 579, 589, 590, 591, 595, 596, 597, 598, 599, 600]",200,240,0,UNKNOWN,13.6584,34.443144,False,8
flat200-11.cnf,SATLIB,flat200,matching_capacity,/work/benchmarks/phase5/satlib/flat200/flat200-11.cnf,aff4783537aac1926a05f4d66129aa30e6e6ea254c1eb43f1aea2e38edbe2b52,evaluation,resource_allocation_like,200 exact-r boxes over 243 capacity groups,UNKNOWN,600,2237,7.87049,0.38524,RUN_LKK,200,2037,0,RUN_LKK,0.877268,COMPLETE,5.94852,UNKNOWN,"incomplete_or_ambiguous_resource_mapping:[79, 80, 81, 121, 122, 123, 187, 188, 189, 199, 200, 201, 295, 296, 297, 313, 314, 315, 322, 323, 324, 337, 338, 339, 382, 383, 384, 388, 389, 390, 415, 416, 417, 418, 419, 420, 463, 464, 465, 499, 500, 501, 520, 521, 522, 532, 533, 534, 544, 545, 546, 553, 554, 555, 556, 557, 558, 559, 560, 561, 562, 563, 564, 565, 566, 567, 577, 578, 579, 580, 581, 582, 589, 590, 591, 598, 599, 600]",200,243,0,UNKNOWN,17.021,34.191799,False,8
flat200-12.cnf,SATLIB,flat200,matching_capacity,/work/benchmarks/phase5/satlib/flat200/flat200-12.cnf,41c1b36d5f27356313a5a5600c2b04667211b7bd2021a91afd8f48f3b2b54f4b,evaluation,resource_allocation_like,200 exact-r boxes over 243 capacity groups,UNKNOWN,600,2237,6.97038,0.604362,RUN_LKK,200,2037,0,RUN_LKK,2.02171,COMPLETE,8.54133,UNKNOWN,"incomplete_or_ambiguous_resource_mapping:[10, 11, 12, 91, 92, 93, 232, 233, 234, 268, 269, 270, 352, 353, 354, 355, 356, 357, 388, 389, 390, 400, 401, 402, 403, 404, 405, 451, 452, 453, 460, 461, 462, 472, 473, 474, 478, 479, 480, 493, 494, 495, 505, 506, 507, 529, 530, 531, 544, 545, 546, 556, 557, 558, 559, 560, 561, 562, 563, 564, 571, 572, 573, 580, 581, 582]",200,243,0,UNKNOWN,20.1264,36.308448,False,8
flat200-13.cnf,SATLIB,flat200,matching_capacity,/work/benchmarks/phase5/satlib/flat200/flat200-13.cnf,9ee29df4d3137a495d9ec8a4db174cecd72382a0307316db72774c2450c6370b,evaluation,resource_allocation_like,200 exact-r boxes over 240 capacity groups,UNKNOWN,600,2237,5.764,0.527653,RUN_LKK,200,2037,0,RUN_LKK,1.36986,COMPLETE,8.3538,UNKNOWN,"incomplete_or_ambiguous_resource_mapping:[52, 53, 54, 166, 167, 168, 205, 206, 207, 220, 221, 222, 253, 254, 255, 259, 260, 261, 295, 296, 297, 301, 302, 303, 370, 371, 372, 397, 398, 399, 439, 440, 441, 445, 446, 447, 460, 461, 462, 478, 479, 480, 481, 482, 483, 493, 494, 495, 496, 497, 498, 514, 515, 516, 517, 518, 519, 553, 554, 555, 562, 563, 564, 571, 572, 573, 589, 590, 591, 592, 593, 594, 595, 596, 597]",200,240,0,UNKNOWN,18.0528,36.048398,False,8
flat200-14.cnf,SATLIB,flat200,matching_capacity,/work/benchmarks/phase5/satlib/flat200/flat200-14.cnf,e106756e606efe8519cd347abb01284676f661bfebd15b899ae80c9ed42e6d8e,calibration,resource_allocation_like,200 exact-r boxes over 252 capacity groups,UNKNOWN,600,2237,5.04583,0.510794,RUN_LKK,200,2037,0,RUN_LKK,1.32944,COMPLETE,6.6367,UNKNOWN,"incomplete_or_ambiguous_resource_mapping:[292, 293, 294, 376, 377, 378, 397, 398, 399, 409, 410, 411, 445, 446, 447, 469, 470, 471, 472, 473, 474, 475, 476, 477, 487, 488, 489, 490, 491, 492, 493, 494, 495, 496, 497, 498, 502, 503, 504, 505, 506, 507, 511, 512, 513, 514, 515, 516, 523, 524, 525, 532, 533, 534, 544, 545, 546, 547, 548, 549, 550, 551, 552, 556, 557, 558, 577, 578, 579, 580, 581, 582, 583, 584, 585, 586, 587, 588, 595, 596, 597]",200,252,0,UNKNOWN,15.1967,37.120156,False,8
flat200-15.cnf,SATLIB,flat200,matching_capacity,/work/benchmarks/phase5/satlib/flat200/flat200-15.cnf,51008ad96f2e723e606fec4aa5a98a4558fa3820d952e6d8275a468bd2b0779a,evaluation,resource_allocation_like,200 exact-r boxes over 255 capacity groups,UNKNOWN,600,2237,5.03231,0.380048,RUN_LKK,200,2037,0,RUN_LKK,0.937798,COMPLETE,6.06315,UNKNOWN,"incomplete_or_ambiguous_resource_mapping:[154, 155, 156, 226, 227, 228, 247, 248, 249, 352, 353, 354, 358, 359, 360, 364, 365, 366, 370, 371, 372, 394, 395, 396, 406, 407, 408, 448, 449, 450, 475, 476, 477, 496, 497, 498, 502, 503, 504, 505, 506, 507, 520, 521, 522, 529, 530, 531, 538, 539, 540, 565, 566, 567, 568, 569, 570, 586, 587, 588, 589, 590, 591]",200,255,0,UNKNOWN,14.0091,35.46004,False,8
flat200-16.cnf,SATLIB,flat200,matching_capacity,/work/benchmarks/phase5/satlib/flat200/flat200-16.cnf,2d9d77f4cfbc8272e78cd13bc7e5b352ee10f678c58caed3aad9d8ebd4fccc21,evaluation,resource_allocation_like,200 exact-r boxes over 246 capacity groups,UNKNOWN,600,2237,4.34899,0.520572,RUN_LKK,200,2037,0,RUN_LKK,1.52106,COMPLETE,7.99301,UNKNOWN,"incomplete_or_ambiguous_resource_mapping:[172, 173, 174, 271, 272, 273, 286, 287, 288, 325, 326, 327, 355, 356, 357, 373, 374, 375, 394, 395, 396, 418, 419, 420, 472, 473, 474, 490, 491, 492, 496, 497, 498, 505, 506, 507, 508, 509, 510, 517, 518, 519, 526, 527, 528, 541, 542, 543, 547, 548, 549, 550, 551, 552, 553, 554, 555, 556, 557, 558, 565, 566, 567, 574, 575, 576, 577, 578, 579, 598, 599, 600]",200,246,0,UNKNOWN,16.4741,34.880606,False,8
flat200-17.cnf,SATLIB,flat200,matching_capacity,/work/benchmarks/phase5/satlib/flat200/flat200-17.cnf,c421fcf1c405b4fc2e92f31a1aa1c9fb729f7877062330a7649d03216c55393e,evaluation,resource_allocation_like,200 exact-r boxes over 252 capacity groups,UNKNOWN,600,2237,7.41216,0.510701,RUN_LKK,200,2037,0,RUN_LKK,1.14868,COMPLETE,6.41298,UNKNOWN,"incomplete_or_ambiguous_resource_mapping:[55, 56, 57, 79, 80, 81, 205, 206, 207, 241, 242, 243, 316, 317, 318, 337, 338, 339, 367, 368, 369, 406, 407, 408, 415, 416, 417, 418, 419, 420, 454, 455, 456, 466, 467, 468, 478, 479, 480, 490, 491, 492, 511, 512, 513, 529, 530, 531, 541, 542, 543, 571, 572, 573, 577, 578, 579, 580, 581, 582, 589, 590, 591, 598, 599, 600]",200,252,0,UNKNOWN,17.3793,35.440348,False,8
flat200-18.cnf,SATLIB,flat200,matching_capacity,/work/benchmarks/phase5/satlib/flat200/flat200-18.cnf,8c92511ae9bce3143d4d4ecd1382a86847928ce1eaed6524a7eb6137c829bca5,evaluation,resource_allocation_like,200 exact-r boxes over 246 capacity groups,UNKNOWN,600,2237,7.32968,0.731418,RUN_LKK,200,2037,0,RUN_LKK,1.31209,COMPLETE,5.50055,UNKNOWN,"incomplete_or_ambiguous_resource_mapping:[172, 173, 174, 238, 239, 240, 307, 308, 309, 343, 344, 345, 349, 350, 351, 358, 359, 360, 367, 368, 369, 427, 428, 429, 430, 431, 432, 451, 452, 453, 454, 455, 456, 475, 476, 477, 487, 488, 489, 490, 491, 492, 514, 515, 516, 517, 518, 519, 520, 521, 522, 529, 530, 531, 538, 539, 540, 550, 551, 552, 562, 563, 564, 565, 566, 567, 580, 581, 582, 592, 593, 594, 595, 596, 597]",200,246,0,UNKNOWN,16.7099,34.935127,False,8
flat200-19.cnf,SATLIB,flat200,matching_capacity,/work/benchmarks/phase5/satlib/flat200/flat200-19.cnf,79419fc1899c90cf1de1435d9449f18d4637e3202790c80df2bad2be23bbf609,calibration,resource_allocation_like,200 exact-r boxes over 243 capacity groups,UNKNOWN,600,2237,5.52605,0.397046,RUN_LKK,200,2037,0,RUN_LKK,0.958997,COMPLETE,7.39539,UNKNOWN,"incomplete_or_ambiguous_resource_mapping:[25, 26, 27, 130, 131, 132, 238, 239, 240, 265, 266, 267, 286, 287, 288, 316, 317, 318, 349, 350, 351, 358, 359, 360, 367, 368, 369, 385, 386, 387, 400, 401, 402, 412, 413, 414, 418, 419, 420, 430, 431, 432, 457, 458, 459, 481, 482, 483, 496, 497, 498, 511, 512, 513, 514, 515, 516, 517, 518, 519, 520, 521, 522, 529, 530, 531, 532, 533, 534, 547, 548, 549, 550, 551, 552, 553, 554, 555, 577, 578, 579]",200,243,0,UNKNOWN,15.8071,37.10076,False,8
flat200-2.cnf,SATLIB,flat200,matching_capacity,/work/benchmarks/phase5/satlib/flat200/flat200-2.cnf,b48527a20b6324333fd9681e0468dc03930da4466653b2ff8782c897b2369ea7,evaluation,resource_allocation_like,200 exact-r boxes over 243 capacity groups,UNKNOWN,600,2237,4.97237,0.374617,RUN_LKK,200,2037,0,RUN_LKK,1.02165,COMPLETE,5.30091,UNKNOWN,"incomplete_or_ambiguous_resource_mapping:[13, 14, 15, 178, 179, 180, 196, 197, 198, 289, 290, 291, 313, 314, 315, 349, 350, 351, 385, 386, 387, 391, 392, 393, 400, 401, 402, 421, 422, 423, 442, 443, 444, 454, 455, 456, 466, 467, 468, 469, 470, 471, 484, 485, 486, 508, 509, 510, 511, 512, 513, 514, 515, 516, 517, 518, 519, 520, 521, 522, 526, 527, 528, 529, 530, 531, 535, 536, 537, 541, 542, 543, 583, 584, 585, 589, 590, 591, 592, 593, 594, 595, 596, 597, 598, 599, 600]",200,243,0,UNKNOWN,13.1099,38.504162,False,8
flat200-20.cnf,SATLIB,flat200,matching_capacity,/work/benchmarks/phase5/satlib/flat200/flat200-20.cnf,2b8512b2c60defceb25c1aab77c7a3fded0909de3c7df373f5bbeeca1d37a0ac,evaluation,resource_allocation_like,200 exact-r boxes over 246 capacity groups,UNKNOWN,600,2237,5.6255,0.458354,RUN_LKK,200,2037,0,RUN_LKK,1.07516,COMPLETE,10.6011,UNKNOWN,"incomplete_or_ambiguous_resource_mapping:[259, 260, 261, 271, 272, 273, 292, 293, 294, 301, 302, 303, 340, 341, 342, 346, 347, 348, 373, 374, 375, 388, 389, 390, 391, 392, 393, 400, 401, 402, 403, 404, 405, 412, 413, 414, 430, 431, 432, 466, 467, 468, 490, 491, 492, 496, 497, 498, 502, 503, 504, 514, 515, 516, 526, 527, 528, 553, 554, 555, 559, 560, 561, 568, 569, 570, 577, 578, 579, 580, 581, 582, 583, 584, 585]",200,246,0,UNKNOWN,20.0594,34.283129,False,8
flat200-21.cnf,SATLIB,flat200,matching_capacity,/work/benchmarks/phase5/satlib/flat200/flat200-21.cnf,768057fc768e6fe5a1a60838a9d0b6dd0070db93b30bc2ed0dfa1cc0898d319a,evaluation,resource_allocation_like,200 exact-r boxes over 240 capacity groups,UNKNOWN,600,2237,4.62474,0.56651,RUN_LKK,200,2037,0,RUN_LKK,1.33675,COMPLETE,7.33175,UNKNOWN,"incomplete_or_ambiguous_resource_mapping:[40, 41, 42, 139, 140, 141, 199, 200, 201, 205, 206, 207, 328, 329, 330, 334, 335, 336, 376, 377, 378, 388, 389, 390, 409, 410, 411, 412, 413, 414, 430, 431, 432, 433, 434, 435, 439, 440, 441, 448, 449, 450, 451, 452, 453, 460, 461, 462, 463, 464, 465, 472, 473, 474, 484, 485, 486, 502, 503, 504, 508, 509, 510, 514, 515, 516, 517, 518, 519, 547, 548, 549, 553, 554, 555, 565, 566, 567, 568, 569, 570, 574, 575, 576, 589, 590, 591]",200,240,0,UNKNOWN,15.7466,34.849206,False,8
flat200-22.cnf,SATLIB,flat200,matching_capacity,/work/benchmarks/phase5/satlib/flat200/flat200-22.cnf,42c7ad26c98e8b148bdb6a1310426120c369ea68e1133f166af3a800855a3275,evaluation,resource_allocation_like,200 exact-r boxes over 240 capacity groups,UNKNOWN,600,2237,5.15193,0.526349,RUN_LKK,200,2037,0,RUN_LKK,1.17153,COMPLETE,4.98288,UNKNOWN,"incomplete_or_ambiguous_resource_mapping:[127, 128, 129, 136, 137, 138, 223, 224, 225, 352, 353, 354, 355, 356, 357, 358, 359, 360, 373, 374, 375, 433, 434, 435, 454, 455, 456, 466, 467, 468, 469, 470, 471, 472, 473, 474, 478, 479, 480, 484, 485, 486, 490, 491, 492, 508, 509, 510, 514, 515, 516, 517, 518, 519, 526, 527, 528, 535, 536, 537, 538, 539, 540, 544, 545, 546, 550, 551, 552, 556, 557, 558, 565, 566, 567, 568, 569, 570, 571, 572, 573, 598, 599, 600]",200,240,0,UNKNOWN,13.6557,34.53336,False,8
flat200-23.cnf,SATLIB,flat200,matching_capacity,/work/benchmarks/phase5/satlib/flat200/flat200-23.cnf,eedc8dc1b8455cfdccc5fc295d941b3b93636aaba941ace93c115be333259f12,calibration,resource_allocation_like,200 exact-r boxes over 240 capacity groups,UNKNOWN,600,2237,6.16057,0.355057,RUN_LKK,200,2037,0,RUN_LKK,0.901795,COMPLETE,5.45155,UNKNOWN,"incomplete_or_ambiguous_resource_mapping:[286, 287, 288, 298, 299, 300, 313, 314, 315, 316, 317, 318, 331, 332, 333, 379, 380, 381, 391, 392, 393, 394, 395, 396, 412, 413, 414, 418, 419, 420, 424, 425, 426, 451, 452, 453, 454, 455, 456, 466, 467, 468, 469, 470, 471, 472, 473, 474, 481, 482, 483, 499, 500, 501, 502, 503, 504, 517, 518, 519, 523, 524, 525, 526, 527, 528, 529, 530, 531, 532, 533, 534, 547, 548, 549, 550, 551, 552, 553, 554, 555, 559, 560, 561, 568, 569, 570, 577, 578, 579, 583, 584, 585, 586, 587, 588, 589, 590, 591, 598, 599, 600]",200,240,0,UNKNOWN,14.9766,34.696762,False,8
flat200-24.cnf,SATLIB,flat200,matching_capacity,/work/benchmarks/phase5/satlib/flat200/flat200-24.cnf,4a5d42bf6b0e9a3d535f3bbae344c50145b3dd5f8e82922cdeccf549fe799c38,calibration,resource_allocation_like,200 exact-r boxes over 237 capacity groups,UNKNOWN,600,2237,5.58884,0.359298,RUN_LKK,200,2037,0,RUN_LKK,1.07685,COMPLETE,6.59104,UNKNOWN,"incomplete_or_ambiguous_resource_mapping:[337, 338, 339, 370, 371, 372, 376, 377, 378, 391, 392, 393, 397, 398, 399, 409, 410, 411, 421, 422, 423, 424, 425, 426, 448, 449, 450, 451, 452, 453, 454, 455, 456, 457, 458, 459, 475, 476, 477, 490, 491, 492, 493, 494, 495, 496, 497, 498, 508, 509, 510, 517, 518, 519, 538, 539, 540, 541, 542, 543, 544, 545, 546, 559, 560, 561, 565, 566, 567, 568, 569, 570, 574, 575, 576, 577, 578, 579, 580, 581, 582, 586, 587, 588, 589, 590, 591, 592, 593, 594]",200,237,0,UNKNOWN,15.149,35.258973,False,8
flat200-25.cnf,SATLIB,flat200,matching_capacity,/work/benchmarks/phase5/satlib/flat200/flat200-25.cnf,a9e24361d10980023fd15b9b39a04d770c33a6bdb963802acac733683870ef9a,evaluation,resource_allocation_like,200 exact-r boxes over 246 capacity groups,UNKNOWN,600,2237,4.8516,0.367678,RUN_LKK,200,2037,0,RUN_LKK,0.983384,COMPLETE,5.30945,UNKNOWN,"incomplete_or_ambiguous_resource_mapping:[79, 80, 81, 283, 284, 285, 304, 305, 306, 370, 371, 372, 373, 374, 375, 400, 401, 402, 403, 404, 405, 409, 410, 411, 418, 419, 420, 427, 428, 429, 457, 458, 459, 469, 470, 471, 478, 479, 480, 484, 485, 486, 496, 497, 498, 523, 524, 525, 532, 533, 534, 535, 536, 537, 550, 551, 552, 556, 557, 558, 562, 563, 564, 565, 566, 567, 568, 569, 570, 574, 575, 576, 583, 584, 585, 595, 596, 597, 598, 599, 600]",200,246,0,UNKNOWN,13.3275,36.218147,False,8
flat200-26.cnf,SATLIB,flat200,matching_capacity,/work/benchmarks/phase5/satlib/flat200/flat200-26.cnf,64bebc2c1c14f9d18f32bfdf29d09f70e7665931fdf3892fb0a50a06351113ef,evaluation,resource_allocation_like,200 exact-r boxes over 249 capacity groups,UNKNOWN,600,2237,4.9496,0.369121,RUN_LKK,200,2037,0,RUN_LKK,0.994919,COMPLETE,5.71865,UNKNOWN,"incomplete_or_ambiguous_resource_mapping:[331, 332, 333, 343, 344, 345, 355, 356, 357, 361, 362, 363, 385, 386, 387, 388, 389, 390, 400, 401, 402, 406, 407, 408, 445, 446, 447, 454, 455, 456, 469, 470, 471, 499, 500, 501, 508, 509, 510, 529, 530, 531, 544, 545, 546, 568, 569, 570, 574, 575, 576, 586, 587, 588, 589, 590, 591, 592, 593, 594, 595, 596, 597]",200,249,0,UNKNOWN,13.6825,36.204513,False,8
flat200-27.cnf,SATLIB,flat200,matching_capacity,/work/benchmarks/phase5/satlib/flat200/flat200-27.cnf,0c17fe858fe4a1a470706631dfcd5e56994dc46ec615c5212fc5c6ff376a1ef4,evaluation,resource_allocation_like,200 exact-r boxes over 246 capacity groups,UNKNOWN,600,2237,4.39487,0.390855,RUN_LKK,200,2037,0,RUN_LKK,1.00074,COMPLETE,7.78059,UNKNOWN,"incomplete_or_ambiguous_resource_mapping:[103, 104, 105, 112, 113, 114, 208, 209, 210, 328, 329, 330, 361, 362, 363, 409, 410, 411, 418, 419, 420, 439, 440, 441, 442, 443, 444, 460, 461, 462, 466, 467, 468, 469, 470, 471, 511, 512, 513, 514, 515, 516, 526, 527, 528, 529, 530, 531, 532, 533, 534, 535, 536, 537, 538, 539, 540, 544, 545, 546, 550, 551, 552, 556, 557, 558, 562, 563, 564, 574, 575, 576, 583, 584, 585, 598, 599, 600]",200,246,0,UNKNOWN,16.1647,35.481125,False,8
flat200-28.cnf,SATLIB,flat200,matching_capacity,/work/benchmarks/phase5/satlib/flat200/flat200-28.cnf,0fcee5d2af4c99d1b5c1135ce00f9c24057198a80ab17f97e0d5463d6825352b,evaluation,resource_allocation_like,200 exact-r boxes over 243 capacity groups,UNKNOWN,600,2237,4.67012,0.401856,RUN_LKK,200,2037,0,RUN_LKK,1.30851,COMPLETE,7.2945,UNKNOWN,"incomplete_or_ambiguous_resource_mapping:[88, 89, 90, 178, 179, 180, 280, 281, 282, 289, 290, 291, 313, 314, 315, 334, 335, 336, 355, 356, 357, 373, 374, 375, 379, 380, 381, 409, 410, 411, 418, 419, 420, 433, 434, 435, 436, 437, 438, 472, 473, 474, 478, 479, 480, 499, 500, 501, 517, 518, 519, 520, 521, 522, 523, 524, 525, 547, 548, 549, 550, 551, 552, 553, 554, 555, 559, 560, 561, 592, 593, 594]",200,243,0,UNKNOWN,15.9077,36.492513,False,8
flat200-29.cnf,SATLIB,flat200,matching_capacity,/work/benchmarks/phase5/satlib/flat200/flat200-29.cnf,81dcb56e0c003a41d95217c15b0e226764b0110c54fe5cbd0f122eaa9abfa4ec,evaluation,resource_allocation_like,200 exact-r boxes over 249 capacity groups,UNKNOWN,600,2237,4.97733,0.703575,RUN_LKK,200,2037,0,RUN_LKK,1.12499,COMPLETE,5.81301,UNKNOWN,"incomplete_or_ambiguous_resource_mapping:[130, 131, 132, 136, 137, 138, 196, 197, 198, 214, 215, 216, 307, 308, 309, 316, 317, 318, 355, 356, 357, 373, 374, 375, 400, 401, 402, 427, 428, 429, 433, 434, 435, 454, 455, 456, 472, 473, 474, 475, 476, 477, 493, 494, 495, 496, 497, 498, 514, 515, 516, 517, 518, 519, 520, 521, 522, 529, 530, 531, 547, 548, 549, 556, 557, 558, 571, 572, 573, 577, 578, 579, 580, 581, 582, 592, 593, 594]",200,249,0,UNKNOWN,14.0889,35.582726,False,8
flat200-3.cnf,SATLIB,flat200,matching_capacity,/work/benchmarks/phase5/satlib/flat200/flat200-3.cnf,647b7edb568f358ae65fe4323f496638f636fb90902dcde900793b2fe4067aff,evaluation,resource_allocation_like,200 exact-r boxes over 258 capacity groups,UNKNOWN,600,2237,5.8906,0.410784,RUN_LKK,200,2037,0,RUN_LKK,0.912986,COMPLETE,6.1901,UNKNOWN,"incomplete_or_ambiguous_resource_mapping:[298, 299, 300, 331, 332, 333, 385, 386, 387, 412, 413, 414, 424, 425, 426, 427, 428, 429, 436, 437, 438, 439, 440, 441, 442, 443, 444, 484, 485, 486, 505, 506, 507, 532, 533, 534, 547, 548, 549, 571, 572, 573, 592, 593, 594, 595, 596, 597, 598, 599, 600]",200,258,0,UNKNOWN,14.855,34.436267,False,8
flat200-30.cnf,SATLIB,flat200,matching_capacity,/work/benchmarks/phase5/satlib/flat200/flat200-30.cnf,f86fdf3c40ec8cba1930b2e911274a4234e7c71b4fa0f7abdee0279710019f0a,evaluation,resource_allocation_like,200 exact-r boxes over 255 capacity groups,UNKNOWN,600,2237,6.94492,0.499766,RUN_LKK,200,2037,0,RUN_LKK,0.938354,COMPLETE,5.58994,UNKNOWN,"incomplete_or_ambiguous_resource_mapping:[148, 149, 150, 322, 323, 324, 352, 353, 354, 364, 365, 366, 415, 416, 417, 451, 452, 453, 460, 461, 462, 469, 470, 471, 478, 479, 480, 484, 485, 486, 493, 494, 495, 502, 503, 504, 550, 551, 552, 553, 554, 555, 565, 566, 567, 583, 584, 585, 586, 587, 588, 595, 596, 597]",200,255,0,UNKNOWN,15.3874,34.358381,False,8
flat200-31.cnf,SATLIB,flat200,matching_capacity,/work/benchmarks/phase5/satlib/flat200/flat200-31.cnf,c4648f9163b028bf1c8fb428532a4016480b6af5ddb93ceefeca8c6507ca9e43,calibration,resource_allocation_like,200 exact-r boxes over 243 capacity groups,UNKNOWN,600,2237,6.74043,0.556344,RUN_LKK,200,2037,0,RUN_LKK,1.37315,COMPLETE,7.15327,UNKNOWN,"incomplete_or_ambiguous_resource_mapping:[178, 179, 180, 199, 200, 201, 310, 311, 312, 316, 317, 318, 340, 341, 342, 358, 359, 360, 382, 383, 384, 385, 386, 387, 409, 410, 411, 418, 419, 420, 430, 431, 432, 454, 455, 456, 463, 464, 465, 469, 470, 471, 472, 473, 474, 478, 479, 480, 481, 482, 483, 490, 491, 492, 505, 506, 507, 511, 512, 513, 526, 527, 528, 544, 545, 546, 547, 548, 549, 565, 566, 567, 568, 569, 570, 571, 572, 573, 574, 575, 576, 589, 590, 591, 592, 593, 594]",200,243,0,UNKNOWN,17.7822,36.379034,False,8
flat200-32.cnf,SATLIB,flat200,matching_capacity,/work/benchmarks/phase5/satlib/flat200/flat200-32.cnf,bbe44c3e9e5df91b42e85abc4432d39341da89e124a47ba2a748cd03ab3c470d,evaluation,resource_allocation_like,200 exact-r boxes over 243 capacity groups,UNKNOWN,600,2237,5.37136,0.378846,RUN_LKK,200,2037,0,RUN_LKK,0.967334,COMPLETE,7.09407,UNKNOWN,"incomplete_or_ambiguous_resource_mapping:[121, 122, 123, 247, 248, 249, 286, 287, 288, 358, 359, 360, 397, 398, 399, 400, 401, 402, 409, 410, 411, 430, 431, 432, 460, 461, 462, 463, 464, 465, 484, 485, 486, 493, 494, 495, 514, 515, 516, 520, 521, 522, 526, 527, 528, 529, 530, 531, 535, 536, 537, 544, 545, 546, 565, 566, 567, 568, 569, 570, 571, 572, 573, 577, 578, 579, 589, 590, 591, 592, 593, 594, 595, 596, 597, 598, 599, 600]",200,243,0,UNKNOWN,15.665,37.18098,False,8
flat200-33.cnf,SATLIB,flat200,matching_capacity,/work/benchmarks/phase5/satlib/flat200/flat200-33.cnf,be8f06e82426f4ab411049a2d10e0ad9b21cf173f2e79afb790acfa7ac70c4a5,evaluation,resource_allocation_like,200 exact-r boxes over 255 capacity groups,UNKNOWN,600,2237,4.68128,0.447556,RUN_LKK,200,2037,0,RUN_LKK,1.35046,COMPLETE,8.67378,UNKNOWN,"incomplete_or_ambiguous_resource_mapping:[256, 257, 258, 391, 392, 393, 394, 395, 396, 409, 410, 411, 418, 419, 420, 433, 434, 435, 469, 470, 471, 499, 500, 501, 511, 512, 513, 532, 533, 534, 535, 536, 537, 550, 551, 552, 556, 557, 558, 559, 560, 561, 577, 578, 579, 580, 581, 582, 592, 593, 594, 595, 596, 597, 598, 599, 600]",200,255,0,UNKNOWN,17.5239,35.544505,False,8
flat200-34.cnf,SATLIB,flat200,matching_capacity,/work/benchmarks/phase5/satlib/flat200/flat200-34.cnf,23d5c9de7f9e0692d4ecf0580cb40cad339b8b44e4c0a71f7d02df8a382f920e,evaluation,resource_allocation_like,200 exact-r boxes over 264 capacity groups,UNKNOWN,600,2237,4.56714,0.405068,RUN_LKK,200,2037,0,RUN_LKK,1.03771,COMPLETE,6.23257,UNKNOWN,"incomplete_or_ambiguous_resource_mapping:[208, 209, 210, 217, 218, 219, 313, 314, 315, 331, 332, 333, 364, 365, 366, 454, 455, 456, 472, 473, 474, 499, 500, 501, 511, 512, 513, 526, 527, 528, 538, 539, 540, 550, 551, 552, 553, 554, 555, 556, 557, 558, 571, 572, 573, 583, 584, 585]",200,264,0,UNKNOWN,13.887,35.442191,False,8
flat200-35.cnf,SATLIB,flat200,matching_capacity,/work/benchmarks/phase5/satlib/flat200/flat200-35.cnf,c711d16050357b65233b0e32388390fd4378c8f846bc84503e37aa8790ef35a4,evaluation,resource_allocation_like,200 exact-r boxes over 243 capacity groups,UNKNOWN,600,2237,4.70054,0.419493,RUN_LKK,200,2037,0,RUN_LKK,0.943981,COMPLETE,7.59161,UNKNOWN,"incomplete_or_ambiguous_resource_mapping:[85, 86, 87, 205, 206, 207, 220, 221, 222, 283, 284, 285, 286, 287, 288, 304, 305, 306, 331, 332, 333, 334, 335, 336, 367, 368, 369, 370, 371, 372, 382, 383, 384, 391, 392, 393, 400, 401, 402, 418, 419, 420, 454, 455, 456, 460, 461, 462, 475, 476, 477, 505, 506, 507, 517, 518, 519, 526, 527, 528, 532, 533, 534, 538, 539, 540, 553, 554, 555, 562, 563, 564, 568, 569, 570, 577, 578, 579, 583, 584, 585]",200,243,0,UNKNOWN,16.141,35.635016,False,8
flat200-36.cnf,SATLIB,flat200,matching_capacity,/work/benchmarks/phase5/satlib/flat200/flat200-36.cnf,3efa91c974eb2497c62d742e3d1a01b3c062d4fb01ae1869ff6056c168f7f20b,calibration,resource_allocation_like,200 exact-r boxes over 240 capacity groups,UNKNOWN,600,2237,7.8174,0.446248,RUN_LKK,200,2037,0,RUN_LKK,1.14183,COMPLETE,6.22829,UNKNOWN,"incomplete_or_ambiguous_resource_mapping:[193, 194, 195, 262, 263, 264, 301, 302, 303, 310, 311, 312, 313, 314, 315, 370, 371, 372, 412, 413, 414, 418, 419, 420, 439, 440, 441, 445, 446, 447, 451, 452, 453, 466, 467, 468, 472, 473, 474, 481, 482, 483, 487, 488, 489, 502, 503, 504, 508, 509, 510, 511, 512, 513, 520, 521, 522, 523, 524, 525, 544, 545, 546, 550, 551, 552, 556, 557, 558, 562, 563, 564, 568, 569, 570, 580, 581, 582, 586, 587, 588, 595, 596, 597]",200,240,0,UNKNOWN,17.5591,34.555035,False,8
flat200-37.cnf,SATLIB,flat200,matching_capacity,/work/benchmarks/phase5/satlib/flat200/flat200-37.cnf,c93f4d53252467ebf789108ca1296e27aeae791f82be7f61ae5fddeeb8eb4b6e,evaluation,resource_allocation_like,200 exact-r boxes over 252 capacity groups,UNKNOWN,600,2237,5.80654,0.524601,RUN_LKK,200,2037,0,RUN_LKK,1.21609,COMPLETE,6.23191,UNKNOWN,"incomplete_or_ambiguous_resource_mapping:[232, 233, 234, 238, 239, 240, 322, 323, 324, 331, 332, 333, 349, 350, 351, 403, 404, 405, 418, 419, 420, 457, 458, 459, 469, 470, 471, 487, 488, 489, 508, 509, 510, 514, 515, 516, 529, 530, 531, 535, 536, 537, 550, 551, 552, 562, 563, 564, 568, 569, 570, 571, 572, 573, 583, 584, 585, 592, 593, 594]",200,252,0,UNKNOWN,15.2643,34.923941,False,8
flat200-38.cnf,SATLIB,flat200,matching_capacity,/work/benchmarks/phase5/satlib/flat200/flat200-38.cnf,2f64b3872472cf8e07d9ccfa8c3f5a7a5a32a5e86a0a1936afc02ed6cc7486be,evaluation,resource_allocation_like,200 exact-r boxes over 249 capacity groups,UNKNOWN,600,2237,7.04337,0.529167,RUN_LKK,200,2037,0,RUN_LKK,1.23786,COMPLETE,6.84243,UNKNOWN,"incomplete_or_ambiguous_resource_mapping:[241, 242, 243, 286, 287, 288, 313, 314, 315, 322, 323, 324, 334, 335, 336, 373, 374, 375, 397, 398, 399, 403, 404, 405, 475, 476, 477, 484, 485, 486, 493, 494, 495, 505, 506, 507, 511, 512, 513, 514, 515, 516, 517, 518, 519, 520, 521, 522, 541, 542, 543, 556, 557, 558, 562, 563, 564, 574, 575, 576, 577, 578, 579, 580, 581, 582, 592, 593, 594]",200,249,0,UNKNOWN,18.0034,35.169593,False,8
flat200-39.cnf,SATLIB,flat200,matching_capacity,/work/benchmarks/phase5/satlib/flat200/flat200-39.cnf,e3d07612e4b276825b1ac524f3b927f7a635e4772fae7498559e97680b278898,evaluation,resource_allocation_like,200 exact-r boxes over 246 capacity groups,UNKNOWN,600,2237,6.25136,0.403773,RUN_LKK,200,2037,0,RUN_LKK,0.922885,COMPLETE,5.29024,UNKNOWN,"incomplete_or_ambiguous_resource_mapping:[169, 170, 171, 256, 257, 258, 274, 275, 276, 304, 305, 306, 328, 329, 330, 346, 347, 348, 376, 377, 378, 391, 392, 393, 403, 404, 405, 415, 416, 417, 424, 425, 426, 427, 428, 429, 445, 446, 447, 448, 449, 450, 469, 470, 471, 475, 476, 477, 496, 497, 498, 502, 503, 504, 508, 509, 510, 511, 512, 513, 517, 518, 519, 520, 521, 522, 523, 524, 525, 541, 542, 543, 550, 551, 552, 556, 557, 558, 562, 563, 564, 571, 572, 573, 583, 584, 585, 598, 599, 600]",200,246,0,UNKNOWN,14.5678,35.856761,False,8
flat200-4.cnf,SATLIB,flat200,matching_capacity,/work/benchmarks/phase5/satlib/flat200/flat200-4.cnf,6e04705af7542e0607e746ec651c07f6785612e4a3101d850854ad7eb660cd7f,evaluation,resource_allocation_like,200 exact-r boxes over 246 capacity groups,UNKNOWN,600,2237,5.57691,0.494545,RUN_LKK,200,2037,0,RUN_LKK,1.20316,COMPLETE,6.36066,UNKNOWN,"incomplete_or_ambiguous_resource_mapping:[142, 143, 144, 295, 296, 297, 352, 353, 354, 382, 383, 384, 385, 386, 387, 430, 431, 432, 433, 434, 435, 454, 455, 456, 478, 479, 480, 484, 485, 486, 490, 491, 492, 499, 500, 501, 502, 503, 504, 508, 509, 510, 514, 515, 516, 520, 521, 522, 523, 524, 525, 526, 527, 528, 535, 536, 537, 547, 548, 549, 550, 551, 552, 556, 557, 558, 568, 569, 570, 574, 575, 576, 577, 578, 579, 580, 581, 582, 586, 587, 588, 592, 593, 594, 595, 596, 597, 598, 599, 600]",200,246,0,UNKNOWN,15.3112,36.743619,False,8
flat200-40.cnf,SATLIB,flat200,matching_capacity,/work/benchmarks/phase5/satlib/flat200/flat200-40.cnf,5920670698ce539ccb1dc427670fb04a3961a6643ae1d97cf6082ffadf7a73f1,calibration,resource_allocation_like,200 exact-r boxes over 246 capacity groups,UNKNOWN,600,2237,5.27217,0.387085,RUN_LKK,200,2037,0,RUN_LKK,1.01467,COMPLETE,5.35438,UNKNOWN,"incomplete_or_ambiguous_resource_mapping:[271, 272, 273, 325, 326, 327, 337, 338, 339, 346, 347, 348, 379, 380, 381, 391, 392, 393, 400, 401, 402, 403, 404, 405, 412, 413, 414, 445, 446, 447, 451, 452, 453, 463, 464, 465, 466, 467, 468, 484, 485, 486, 493, 494, 495, 496, 497, 498, 499, 500, 501, 529, 530, 531, 538, 539, 540, 541, 542, 543, 550, 551, 552, 553, 554, 555, 556, 557, 558, 574, 575, 576, 592, 593, 594, 595, 596, 597, 598, 599, 600]",200,246,0,UNKNOWN,13.5376,37.137165,False,8
flat200-41.cnf,SATLIB,flat200,matching_capacity,/work/benchmarks/phase5/satlib/flat200/flat200-41.cnf,12a706703831a05829978b3183a57b706a2e4b281a34b036aa1962435a02a548,calibration,resource_allocation_like,200 exact-r boxes over 240 capacity groups,UNKNOWN,600,2237,4.45403,0.512439,RUN_LKK,200,2037,0,RUN_LKK,1.08856,COMPLETE,5.33918,UNKNOWN,"incomplete_or_ambiguous_resource_mapping:[103, 104, 105, 127, 128, 129, 166, 167, 168, 202, 203, 204, 319, 320, 321, 352, 353, 354, 373, 374, 375, 400, 401, 402, 430, 431, 432, 442, 443, 444, 445, 446, 447, 448, 449, 450, 478, 479, 480, 496, 497, 498, 502, 503, 504, 508, 509, 510, 514, 515, 516, 517, 518, 519, 532, 533, 534, 550, 551, 552, 565, 566, 567, 574, 575, 576, 580, 581, 582, 586, 587, 588, 589, 590, 591, 598, 599, 600]",200,240,0,UNKNOWN,13.0784,35.383119,False,8
flat200-42.cnf,SATLIB,flat200,matching_capacity,/work/benchmarks/phase5/satlib/flat200/flat200-42.cnf,35ccebb0182284a7c75783f67d864187a4b2762110920e8fca887cd1ab3478fb,calibration,resource_allocation_like,200 exact-r boxes over 243 capacity groups,UNKNOWN,600,2237,4.66475,0.39443,RUN_LKK,200,2037,0,RUN_LKK,0.959554,COMPLETE,6.12458,UNKNOWN,"incomplete_or_ambiguous_resource_mapping:[43, 44, 45, 58, 59, 60, 304, 305, 306, 346, 347, 348, 361, 362, 363, 370, 371, 372, 397, 398, 399, 409, 410, 411, 415, 416, 417, 433, 434, 435, 448, 449, 450, 463, 464, 465, 481, 482, 483, 484, 485, 486, 490, 491, 492, 496, 497, 498, 514, 515, 516, 523, 524, 525, 526, 527, 528, 535, 536, 537, 538, 539, 540, 550, 551, 552, 556, 557, 558, 565, 566, 567, 568, 569, 570, 589, 590, 591, 595, 596, 597]",200,243,0,UNKNOWN,14.162,35.373874,False,8
flat200-43.cnf,SATLIB,flat200,matching_capacity,/work/benchmarks/phase5/satlib/flat200/flat200-43.cnf,28f1a9771ccfa5e8ee99cc3ba3be619752adc694d21f6d5ce05d591f89e36696,evaluation,resource_allocation_like,200 exact-r boxes over 246 capacity groups,UNKNOWN,600,2237,5.30691,0.469416,RUN_LKK,200,2037,0,RUN_LKK,1.08736,COMPLETE,5.50855,UNKNOWN,"incomplete_or_ambiguous_resource_mapping:[151, 152, 153, 208, 209, 210, 229, 230, 231, 256, 257, 258, 274, 275, 276, 289, 290, 291, 343, 344, 345, 352, 353, 354, 379, 380, 381, 394, 395, 396, 409, 410, 411, 448, 449, 450, 460, 461, 462, 469, 470, 471, 472, 473, 474, 481, 482, 483, 499, 500, 501, 517, 518, 519, 523, 524, 525, 532, 533, 534, 547, 548, 549, 556, 557, 558, 571, 572, 573, 580, 581, 582, 583, 584, 585, 589, 590, 591, 595, 596, 597]",200,246,0,UNKNOWN,13.8577,35.488295,False,8
flat200-44.cnf,SATLIB,flat200,matching_capacity,/work/benchmarks/phase5/satlib/flat200/flat200-44.cnf,8ed5fc0a28bae0309548bb50eb44cbf16643966fe368cc89a342066b495b0540,evaluation,resource_allocation_like,200 exact-r boxes over 246 capacity groups,UNKNOWN,600,2237,6.19807,0.486239,RUN_LKK,200,2037,0,RUN_LKK,1.17755,COMPLETE,4.87895,UNKNOWN,"incomplete_or_ambiguous_resource_mapping:[25, 26, 27, 67, 68, 69, 157, 158, 159, 253, 254, 255, 283, 284, 285, 289, 290, 291, 310, 311, 312, 325, 326, 327, 337, 338, 339, 415, 416, 417, 442, 443, 444, 481, 482, 483, 484, 485, 486, 490, 491, 492, 502, 503, 504, 514, 515, 516, 517, 518, 519, 523, 524, 525, 526, 527, 528, 529, 530, 531, 535, 536, 537, 538, 539, 540, 547, 548, 549, 556, 557, 558, 571, 572, 573, 577, 578, 579, 592, 593, 594]",200,246,0,UNKNOWN,14.2742,35.931684,False,8
flat200-45.cnf,SATLIB,flat200,matching_capacity,/work/benchmarks/phase5/satlib/flat200/flat200-45.cnf,17e9903a95a5c965022e6722a8864e5bac420c1e3d73ebbbfabdf9f1e4376849,evaluation,resource_allocation_like,200 exact-r boxes over 249 capacity groups,UNKNOWN,600,2237,5.73826,0.559058,RUN_LKK,200,2037,0,RUN_LKK,1.11361,COMPLETE,5.55966,UNKNOWN,"incomplete_or_ambiguous_resource_mapping:[301, 302, 303, 334, 335, 336, 343, 344, 345, 379, 380, 381, 382, 383, 384, 397, 398, 399, 427, 428, 429, 457, 458, 459, 463, 464, 465, 472, 473, 474, 508, 509, 510, 517, 518, 519, 523, 524, 525, 529, 530, 531, 532, 533, 534, 535, 536, 537, 547, 548, 549, 550, 551, 552, 562, 563, 564, 568, 569, 570, 586, 587, 588, 595, 596, 597, 598, 599, 600]",200,249,0,UNKNOWN,14.8782,33.974437,False,8
flat200-46.cnf,SATLIB,flat200,matching_capacity,/work/benchmarks/phase5/satlib/flat200/flat200-46.cnf,beb4ed1279cb03b50cf080e2a6fc11d8a5d8be89289ef918f23a529784c4dbf0,evaluation,resource_allocation_like,200 exact-r boxes over 261 capacity groups,UNKNOWN,600,2237,7.27203,0.469559,RUN_LKK,200,2037,0,RUN_LKK,1.36675,COMPLETE,10.7616,UNKNOWN,"incomplete_or_ambiguous_resource_mapping:[55, 56, 57, 79, 80, 81, 220, 221, 222, 292, 293, 294, 322, 323, 324, 364, 365, 366, 379, 380, 381, 418, 419, 420, 454, 455, 456, 478, 479, 480, 502, 503, 504, 505, 506, 507, 529, 530, 531, 532, 533, 534, 547, 548, 549, 562, 563, 564]",200,261,0,UNKNOWN,22.5006,68.575866,False,8
flat200-47.cnf,SATLIB,flat200,matching_capacity,/work/benchmarks/phase5/satlib/flat200/flat200-47.cnf,abd0e5161a6976391c27ce66bfc66973b9c3dafb443b813d6b4f48ce71dfee48,evaluation,resource_allocation_like,200 exact-r boxes over 243 capacity groups,UNKNOWN,600,2237,4.72382,0.696089,RUN_LKK,200,2037,0,RUN_LKK,1.48045,COMPLETE,8.41048,UNKNOWN,"incomplete_or_ambiguous_resource_mapping:[175, 176, 177, 178, 179, 180, 220, 221, 222, 280, 281, 282, 289, 290, 291, 313, 314, 315, 337, 338, 339, 346, 347, 348, 373, 374, 375, 382, 383, 384, 403, 404, 405, 421, 422, 423, 427, 428, 429, 439, 440, 441, 448, 449, 450, 469, 470, 471, 475, 476, 477, 520, 521, 522, 538, 539, 540, 541, 542, 543, 556, 557, 558, 559, 560, 561, 565, 566, 567, 568, 569, 570, 580, 581, 582, 583, 584, 585, 595, 596, 597]",200,243,0,UNKNOWN,17.9739,36.84416,False,8
flat200-48.cnf,SATLIB,flat200,matching_capacity,/work/benchmarks/phase5/satlib/flat200/flat200-48.cnf,48b561ade122c54d9b90aa3c0fc06cf02b0436e2a18574a65154f4874bc5a709,evaluation,resource_allocation_like,200 exact-r boxes over 252 capacity groups,UNKNOWN,600,2237,4.93759,0.512746,RUN_LKK,200,2037,0,RUN_LKK,1.20239,COMPLETE,12.8246,UNKNOWN,"incomplete_or_ambiguous_resource_mapping:[340, 341, 342, 370, 371, 372, 391, 392, 393, 400, 401, 402, 421, 422, 423, 433, 434, 435, 451, 452, 453, 463, 464, 465, 466, 467, 468, 484, 485, 486, 502, 503, 504, 505, 506, 507, 511, 512, 513, 535, 536, 537, 544, 545, 546, 547, 548, 549, 556, 557, 558, 559, 560, 561, 562, 563, 564, 565, 566, 567, 583, 584, 585, 592, 593, 594]",200,252,0,UNKNOWN,25.1445,36.572357,False,8
flat200-49.cnf,SATLIB,flat200,matching_capacity,/work/benchmarks/phase5/satlib/flat200/flat200-49.cnf,3128a2910fbfc1cedd76854d5783b76a59dc1c83ae169edaecd34f5951ae7752,evaluation,resource_allocation_like,200 exact-r boxes over 234 capacity groups,UNKNOWN,600,2237,10.5827,0.540085,RUN_LKK,200,2037,0,RUN_LKK,1.33379,COMPLETE,9.43575,UNKNOWN,"incomplete_or_ambiguous_resource_mapping:[214, 215, 216, 265, 266, 267, 322, 323, 324, 325, 326, 327, 340, 341, 342, 376, 377, 378, 382, 383, 384, 397, 398, 399, 412, 413, 414, 418, 419, 420, 445, 446, 447, 457, 458, 459, 463, 464, 465, 466, 467, 468, 478, 479, 480, 484, 485, 486, 487, 488, 489, 511, 512, 513, 517, 518, 519, 520, 521, 522, 532, 533, 534, 535, 536, 537, 559, 560, 561, 565, 566, 567, 571, 572, 573, 580, 581, 582, 583, 584, 585, 595, 596, 597]",200,234,0,UNKNOWN,25.7691,68.676744,False,8
flat200-5.cnf,SATLIB,flat200,matching_capacity,/work/benchmarks/phase5/satlib/flat200/flat200-5.cnf,2d3084e564c9de3568933a2984ff48bf033238bc1ebf8195a1b6f999ecc95306,evaluation,resource_allocation_like,200 exact-r boxes over 252 capacity groups,UNKNOWN,600,2237,13.2116,0.753309,RUN_LKK,200,2037,0,RUN_LKK,2.00579,COMPLETE,12.3006,UNKNOWN,"incomplete_or_ambiguous_resource_mapping:[196, 197, 198, 286, 287, 288, 334, 335, 336, 382, 383, 384, 436, 437, 438, 439, 440, 441, 463, 464, 465, 472, 473, 474, 478, 479, 480, 481, 482, 483, 490, 491, 492, 493, 494, 495, 502, 503, 504, 529, 530, 531, 535, 536, 537, 538, 539, 540, 541, 542, 543, 556, 557, 558, 559, 560, 561, 562, 563, 564, 568, 569, 570, 592, 593, 594]",200,252,0,UNKNOWN,31.2328,69.19967,False,8
flat200-50.cnf,SATLIB,flat200,matching_capacity,/work/benchmarks/phase5/satlib/flat200/flat200-50.cnf,a14709485d9ce4b076d842174f249f56a879f6dcf6ed88f6b1a5b97784091a3b,calibration,resource_allocation_like,200 exact-r boxes over 240 capacity groups,UNKNOWN,600,2237,10.8496,0.548722,RUN_LKK,200,2037,0,RUN_LKK,1.41407,COMPLETE,10.1906,UNKNOWN,"incomplete_or_ambiguous_resource_mapping:[43, 44, 45, 220, 221, 222, 259, 260, 261, 271, 272, 273, 277, 278, 279, 322, 323, 324, 325, 326, 327, 340, 341, 342, 343, 344, 345, 391, 392, 393, 394, 395, 396, 409, 410, 411, 445, 446, 447, 463, 464, 465, 469, 470, 471, 472, 473, 474, 481, 482, 483, 490, 491, 492, 493, 494, 495, 496, 497, 498, 523, 524, 525, 526, 527, 528, 532, 533, 534, 547, 548, 549, 562, 563, 564, 571, 572, 573, 574, 575, 576, 583, 584, 585, 592, 593, 594]",200,240,0,UNKNOWN,24.9028,69.469173,False,8
flat200-51.cnf,SATLIB,flat200,matching_capacity,/work/benchmarks/phase5/satlib/flat200/flat200-51.cnf,5c3d52cbb793483fb1abfe54d723dde5d70a1d5f85fcba217c4e3859dd000de1,evaluation,resource_allocation_like,200 exact-r boxes over 252 capacity groups,UNKNOWN,600,2237,15.6563,1.06985,RUN_LKK,200,2037,0,RUN_LKK,1.78945,COMPLETE,10.0915,UNKNOWN,"incomplete_or_ambiguous_resource_mapping:[37, 38, 39, 43, 44, 45, 346, 347, 348, 391, 392, 393, 430, 431, 432, 433, 434, 435, 439, 440, 441, 445, 446, 447, 451, 452, 453, 475, 476, 477, 514, 515, 516, 520, 521, 522, 529, 530, 531, 535, 536, 537, 538, 539, 540, 544, 545, 546, 556, 557, 558, 571, 572, 573, 574, 575, 576, 580, 581, 582, 583, 584, 585, 592, 593, 594]",200,252,0,UNKNOWN,30.8618,74.918543,False,8
flat200-52.cnf,SATLIB,flat200,matching_capacity,/work/benchmarks/phase5/satlib/flat200/flat200-52.cnf,099540385508ba08f0394186ae853179c8a8ed1e66b5e85350fb69bd81a28601,evaluation,resource_allocation_like,200 exact-r boxes over 255 capacity groups,UNKNOWN,600,2237,8.17332,0.822172,RUN_LKK,200,2037,0,RUN_LKK,2.07798,COMPLETE,13.3516,UNKNOWN,"incomplete_or_ambiguous_resource_mapping:[295, 296, 297, 316, 317, 318, 367, 368, 369, 391, 392, 393, 412, 413, 414, 415, 416, 417, 421, 422, 423, 430, 431, 432, 439, 440, 441, 442, 443, 444, 451, 452, 453, 454, 455, 456, 469, 470, 471, 511, 512, 513, 523, 524, 525, 529, 530, 531, 547, 548, 549, 562, 563, 564, 586, 587, 588, 592, 593, 594, 595, 596, 597, 598, 599, 600]",200,255,0,UNKNOWN,26.5542,68.745093,False,8
flat200-53.cnf,SATLIB,flat200,matching_capacity,/work/benchmarks/phase5/satlib/flat200/flat200-53.cnf,b450a31ed57f8cd825d067def20efcc6bd2914ea87e362ea0949bb013a3c7528,evaluation,resource_allocation_like,200 exact-r boxes over 243 capacity groups,UNKNOWN,600,2237,9.42883,0.565581,RUN_LKK,200,2037,0,RUN_LKK,1.51762,COMPLETE,6.21978,UNKNOWN,"incomplete_or_ambiguous_resource_mapping:[139, 140, 141, 214, 215, 216, 265, 266, 267, 325, 326, 327, 349, 350, 351, 400, 401, 402, 433, 434, 435, 448, 449, 450, 466, 467, 468, 472, 473, 474, 484, 485, 486, 493, 494, 495, 502, 503, 504, 517, 518, 519, 520, 521, 522, 532, 533, 534, 541, 542, 543, 544, 545, 546, 553, 554, 555, 574, 575, 576, 580, 581, 582, 586, 587, 588, 595, 596, 597]",200,243,0,UNKNOWN,20.5608,36.632621,False,8
flat200-54.cnf,SATLIB,flat200,matching_capacity,/work/benchmarks/phase5/satlib/flat200/flat200-54.cnf,5eacd3d92e3d23e85b3c8e5aada03b1843e33089044cd0194d98175d34b45d03,evaluation,resource_allocation_like,200 exact-r boxes over 261 capacity groups,UNKNOWN,600,2237,8.89056,0.543153,RUN_LKK,200,2037,0,RUN_LKK,0.980804,COMPLETE,7.94872,UNKNOWN,"incomplete_or_ambiguous_resource_mapping:[121, 122, 123, 169, 170, 171, 343, 344, 345, 355, 356, 357, 373, 374, 375, 397, 398, 399, 412, 413, 414, 448, 449, 450, 457, 458, 459, 463, 464, 465, 469, 470, 471, 475, 476, 477, 499, 500, 501, 517, 518, 519, 523, 524, 525, 550, 551, 552, 562, 563, 564, 568, 569, 570, 577, 578, 579, 580, 581, 582]",200,261,0,UNKNOWN,21.1007,36.836434,False,8
flat200-55.cnf,SATLIB,flat200,matching_capacity,/work/benchmarks/phase5/satlib/flat200/flat200-55.cnf,aabc016af6b751a93d777f1398cf10958759c280ac1946fc04f40e1676665076,evaluation,resource_allocation_like,200 exact-r boxes over 237 capacity groups,UNKNOWN,600,2237,7.56378,0.546464,RUN_LKK,200,2037,0,RUN_LKK,0.979793,COMPLETE,5.93749,UNKNOWN,"incomplete_or_ambiguous_resource_mapping:[124, 125, 126, 163, 164, 165, 166, 167, 168, 202, 203, 204, 226, 227, 228, 340, 341, 342, 349, 350, 351, 352, 353, 354, 355, 356, 357, 376, 377, 378, 388, 389, 390, 415, 416, 417, 427, 428, 429, 430, 431, 432, 445, 446, 447, 448, 449, 450, 469, 470, 471, 481, 482, 483, 484, 485, 486, 493, 494, 495, 511, 512, 513, 517, 518, 519, 520, 521, 522, 529, 530, 531, 532, 533, 534, 550, 551, 552, 562, 563, 564, 574, 575, 576, 577, 578, 579, 580, 581, 582, 583, 584, 585, 592, 593, 594, 598, 599, 600]",200,237,0,UNKNOWN,17.1387,37.902465,False,8
flat200-56.cnf,SATLIB,flat200,matching_capacity,/work/benchmarks/phase5/satlib/flat200/flat200-56.cnf,0beb8510bf58f42d2e266bb2317d18115379ffe9bab6f3de6b3c87c44d6edb45,evaluation,resource_allocation_like,200 exact-r boxes over 249 capacity groups,UNKNOWN,600,2237,4.17945,0.518208,RUN_LKK,200,2037,0,RUN_LKK,1.01662,COMPLETE,5.78318,UNKNOWN,"incomplete_or_ambiguous_resource_mapping:[172, 173, 174, 280, 281, 282, 286, 287, 288, 325, 326, 327, 349, 350, 351, 361, 362, 363, 424, 425, 426, 430, 431, 432, 436, 437, 438, 439, 440, 441, 466, 467, 468, 472, 473, 474, 490, 491, 492, 493, 494, 495, 502, 503, 504, 529, 530, 531, 532, 533, 534, 544, 545, 546, 547, 548, 549, 553, 554, 555, 556, 557, 558, 583, 584, 585, 586, 587, 588, 595, 596, 597]",200,249,0,UNKNOWN,13.2088,37.6171,False,8
flat200-57.cnf,SATLIB,flat200,matching_capacity,/work/benchmarks/phase5/satlib/flat200/flat200-57.cnf,78e355466d574eb1529547edb2f22ebf7359248d762a1745a386ab16d9f99824,evaluation,resource_allocation_like,200 exact-r boxes over 240 capacity groups,UNKNOWN,600,2237,4.10963,0.448027,RUN_LKK,200,2037,0,RUN_LKK,1.04987,COMPLETE,6.53006,UNKNOWN,"incomplete_or_ambiguous_resource_mapping:[22, 23, 24, 151, 152, 153, 274, 275, 276, 298, 299, 300, 322, 323, 324, 331, 332, 333, 346, 347, 348, 358, 359, 360, 376, 377, 378, 382, 383, 384, 394, 395, 396, 403, 404, 405, 418, 419, 420, 445, 446, 447, 463, 464, 465, 466, 467, 468, 490, 491, 492, 508, 509, 510, 520, 521, 522, 523, 524, 525, 532, 533, 534, 544, 545, 546, 550, 551, 552, 571, 572, 573, 574, 575, 576, 577, 578, 579, 583, 584, 585, 589, 590, 591]",200,240,0,UNKNOWN,13.6853,36.728085,False,8
flat200-58.cnf,SATLIB,flat200,matching_capacity,/work/benchmarks/phase5/satlib/flat200/flat200-58.cnf,765863c57d45cb41ac7b16c4a2ba3d1d44e21ec2c07733ba1dbb14398964daf7,evaluation,resource_allocation_like,200 exact-r boxes over 240 capacity groups,UNKNOWN,600,2237,4.20686,0.503008,RUN_LKK,200,2037,0,RUN_LKK,1.28962,COMPLETE,6.40534,UNKNOWN,"incomplete_or_ambiguous_resource_mapping:[43, 44, 45, 154, 155, 156, 163, 164, 165, 244, 245, 246, 265, 266, 267, 313, 314, 315, 343, 344, 345, 367, 368, 369, 376, 377, 378, 394, 395, 396, 397, 398, 399, 415, 416, 417, 427, 428, 429, 454, 455, 456, 457, 458, 459, 475, 476, 477, 499, 500, 501, 505, 506, 507, 514, 515, 516, 517, 518, 519, 520, 521, 522, 523, 524, 525, 526, 527, 528, 538, 539, 540, 541, 542, 543, 553, 554, 555, 559, 560, 561, 568, 569, 570, 574, 575, 576, 577, 578, 579, 583, 584, 585, 589, 590, 591, 595, 596, 597]",200,240,0,UNKNOWN,14.3746,35.159072,False,8
flat200-59.cnf,SATLIB,flat200,matching_capacity,/work/benchmarks/phase5/satlib/flat200/flat200-59.cnf,727122595b1fe33c753f7213fc06c60ab5d1d1f3a7512841b09c65e8d4f62098,evaluation,resource_allocation_like,200 exact-r boxes over 234 capacity groups,UNKNOWN,600,2237,4.29238,0.434165,RUN_LKK,200,2037,0,RUN_LKK,1.16834,COMPLETE,5.58268,UNKNOWN,"incomplete_or_ambiguous_resource_mapping:[55, 56, 57, 97, 98, 99, 160, 161, 162, 268, 269, 270, 322, 323, 324, 331, 332, 333, 346, 347, 348, 397, 398, 399, 400, 401, 402, 412, 413, 414, 424, 425, 426, 448, 449, 450, 472, 473, 474, 478, 479, 480, 481, 482, 483, 484, 485, 486, 493, 494, 495, 496, 497, 498, 499, 500, 501, 502, 503, 504, 505, 506, 507, 508, 509, 510, 520, 521, 522, 541, 542, 543, 544, 545, 546, 547, 548, 549, 553, 554, 555, 562, 563, 564, 565, 566, 567, 571, 572, 573, 574, 575, 576, 592, 593, 594, 595, 596, 597]",200,234,0,UNKNOWN,13.4037,35.057133,False,8
flat200-6.cnf,SATLIB,flat200,matching_capacity,/work/benchmarks/phase5/satlib/flat200/flat200-6.cnf,5994035a9d55e44c194d8bce0c4f83a17cb63a24d1109a1b48cbbac86d22cdd1,calibration,resource_allocation_like,200 exact-r boxes over 240 capacity groups,UNKNOWN,600,2237,6.18877,0.39336,RUN_LKK,200,2037,0,RUN_LKK,0.899963,COMPLETE,4.912,UNKNOWN,"incomplete_or_ambiguous_resource_mapping:[121, 122, 123, 163, 164, 165, 217, 218, 219, 280, 281, 282, 352, 353, 354, 355, 356, 357, 388, 389, 390, 415, 416, 417, 439, 440, 441, 445, 446, 447, 466, 467, 468, 469, 470, 471, 484, 485, 486, 487, 488, 489, 490, 491, 492, 505, 506, 507, 508, 509, 510, 511, 512, 513, 514, 515, 516, 517, 518, 519, 535, 536, 537, 556, 557, 558, 559, 560, 561, 562, 563, 564, 565, 566, 567, 577, 578, 579, 592, 593, 594, 595, 596, 597, 598, 599, 600]",200,240,0,UNKNOWN,13.9162,35.080316,False,8
flat200-60.cnf,SATLIB,flat200,matching_capacity,/work/benchmarks/phase5/satlib/flat200/flat200-60.cnf,15c85f1933ee17f3556f6a9bd9576162d2eea6709a6cd0c62bb9416e32ba4fe0,calibration,resource_allocation_like,200 exact-r boxes over 255 capacity groups,UNKNOWN,600,2237,3.84601,0.441148,RUN_LKK,200,2037,0,RUN_LKK,1.63887,COMPLETE,5.68315,UNKNOWN,"incomplete_or_ambiguous_resource_mapping:[127, 128, 129, 292, 293, 294, 316, 317, 318, 370, 371, 372, 388, 389, 390, 442, 443, 444, 448, 449, 450, 451, 452, 453, 460, 461, 462, 469, 470, 471, 481, 482, 483, 484, 485, 486, 499, 500, 501, 505, 506, 507, 517, 518, 519, 520, 521, 522, 523, 524, 525, 550, 551, 552, 553, 554, 555, 589, 590, 591, 592, 593, 594, 598, 599, 600]",200,255,0,UNKNOWN,13.3517,34.120457,False,8
flat200-61.cnf,SATLIB,flat200,matching_capacity,/work/benchmarks/phase5/satlib/flat200/flat200-61.cnf,872d5f8ab4a8a4d2723a5cd645b814000a51a3a2acb944fb5497be26591cad10,calibration,resource_allocation_like,200 exact-r boxes over 234 capacity groups,UNKNOWN,600,2237,5.49598,0.48299,RUN_LKK,200,2037,0,RUN_LKK,0.888671,COMPLETE,5.40188,UNKNOWN,"incomplete_or_ambiguous_resource_mapping:[136, 137, 138, 232, 233, 234, 235, 236, 237, 298, 299, 300, 313, 314, 315, 316, 317, 318, 325, 326, 327, 364, 365, 366, 385, 386, 387, 391, 392, 393, 394, 395, 396, 403, 404, 405, 454, 455, 456, 469, 470, 471, 475, 476, 477, 481, 482, 483, 499, 500, 501, 508, 509, 510, 514, 515, 516, 520, 521, 522, 538, 539, 540, 541, 542, 543, 553, 554, 555, 559, 560, 561, 577, 578, 579, 580, 581, 582, 583, 584, 585, 589, 590, 591, 592, 593, 594, 595, 596, 597, 598, 599, 600]",200,234,0,UNKNOWN,14.5269,34.279453,False,8
flat200-62.cnf,SATLIB,flat200,matching_capacity,/work/benchmarks/phase5/satlib/flat200/flat200-62.cnf,f09ac4b7e7ba877877390e67c0b5e038d5e80222e4d3ae321ff4617201c88dad,evaluation,resource_allocation_like,200 exact-r boxes over 240 capacity groups,UNKNOWN,600,2237,6.56375,0.370552,RUN_LKK,200,2037,0,RUN_LKK,0.896926,COMPLETE,5.38123,UNKNOWN,"incomplete_or_ambiguous_resource_mapping:[283, 284, 285, 304, 305, 306, 307, 308, 309, 319, 320, 321, 334, 335, 336, 346, 347, 348, 385, 386, 387, 391, 392, 393, 394, 395, 396, 409, 410, 411, 412, 413, 414, 427, 428, 429, 439, 440, 441, 442, 443, 444, 454, 455, 456, 463, 464, 465, 475, 476, 477, 493, 494, 495, 496, 497, 498, 523, 524, 525, 535, 536, 537, 538, 539, 540, 541, 542, 543, 544, 545, 546, 553, 554, 555, 556, 557, 558, 583, 584, 585, 586, 587, 588, 592, 593, 594]",200,240,0,UNKNOWN,14.9006,34.575942,False,8
flat200-63.cnf,SATLIB,flat200,matching_capacity,/work/benchmarks/phase5/satlib/flat200/flat200-63.cnf,6b96952969395627f2eb8359caf244fc937863d74a32898aacacee03999b2709,evaluation,resource_allocation_like,200 exact-r boxes over 231 capacity groups,UNKNOWN,600,2237,6.59689,0.383314,RUN_LKK,200,2037,0,RUN_LKK,0.855942,COMPLETE,4.9644,UNKNOWN,"incomplete_or_ambiguous_resource_mapping:[187, 188, 189, 205, 206, 207, 262, 263, 264, 346, 347, 348, 352, 353, 354, 358, 359, 360, 364, 365, 366, 385, 386, 387, 400, 401, 402, 403, 404, 405, 418, 419, 420, 436, 437, 438, 439, 440, 441, 445, 446, 447, 448, 449, 450, 463, 464, 465, 466, 467, 468, 472, 473, 474, 475, 476, 477, 487, 488, 489, 493, 494, 495, 514, 515, 516, 517, 518, 519, 526, 527, 528, 532, 533, 534, 535, 536, 537, 538, 539, 540, 547, 548, 549, 550, 551, 552, 556, 557, 558, 562, 563, 564, 565, 566, 567, 580, 581, 582, 583, 584, 585, 592, 593, 594, 595, 596, 597, 598, 599, 600]",200,231,0,UNKNOWN,14.5844,35.75234,False,8
flat200-64.cnf,SATLIB,flat200,matching_capacity,/work/benchmarks/phase5/satlib/flat200/flat200-64.cnf,35b81504c10dbde4b913818881fe84ff51bb55dca452fb4346db14e9351d0505,evaluation,resource_allocation_like,200 exact-r boxes over 249 capacity groups,UNKNOWN,600,2237,5.40412,0.363204,RUN_LKK,200,2037,0,RUN_LKK,0.865296,COMPLETE,5.42102,UNKNOWN,"incomplete_or_ambiguous_resource_mapping:[208, 209, 210, 253, 254, 255, 325, 326, 327, 328, 329, 330, 388, 389, 390, 403, 404, 405, 433, 434, 435, 451, 452, 453, 454, 455, 456, 487, 488, 489, 505, 506, 507, 523, 524, 525, 526, 527, 528, 529, 530, 531, 547, 548, 549, 553, 554, 555, 556, 557, 558, 571, 572, 573, 574, 575, 576, 577, 578, 579, 583, 584, 585, 586, 587, 588, 595, 596, 597, 598, 599, 600]",200,249,0,UNKNOWN,14.0442,34.594943,False,8
flat200-65.cnf,SATLIB,flat200,matching_capacity,/work/benchmarks/phase5/satlib/flat200/flat200-65.cnf,e88a9cc8be790cf8e038643237cec91eaf548a59c21ef316693e99c46b8b5dbc,evaluation,resource_allocation_like,200 exact-r boxes over 243 capacity groups,UNKNOWN,600,2237,4.9219,0.365649,RUN_LKK,200,2037,0,RUN_LKK,1.01186,COMPLETE,6.09489,UNKNOWN,"incomplete_or_ambiguous_resource_mapping:[148, 149, 150, 181, 182, 183, 202, 203, 204, 286, 287, 288, 295, 296, 297, 319, 320, 321, 328, 329, 330, 370, 371, 372, 388, 389, 390, 400, 401, 402, 412, 413, 414, 436, 437, 438, 442, 443, 444, 448, 449, 450, 454, 455, 456, 457, 458, 459, 469, 470, 471, 475, 476, 477, 481, 482, 483, 523, 524, 525, 526, 527, 528, 529, 530, 531, 547, 548, 549, 556, 557, 558, 562, 563, 564, 568, 569, 570, 580, 581, 582, 586, 587, 588, 589, 590, 591]",200,243,0,UNKNOWN,13.8204,34.91033,False,8
flat200-66.cnf,SATLIB,flat200,matching_capacity,/work/benchmarks/phase5/satlib/flat200/flat200-66.cnf,74b0ccaf8cfaf6f76d887d1bfdfa7739488d8018ba9f8516b83e5278c663faca,evaluation,resource_allocation_like,200 exact-r boxes over 252 capacity groups,UNKNOWN,600,2237,4.51262,0.480967,RUN_LKK,200,2037,0,RUN_LKK,1.05128,COMPLETE,6.54229,UNKNOWN,"incomplete_or_ambiguous_resource_mapping:[10, 11, 12, 142, 143, 144, 202, 203, 204, 253, 254, 255, 265, 266, 267, 352, 353, 354, 361, 362, 363, 370, 371, 372, 400, 401, 402, 442, 443, 444, 445, 446, 447, 457, 458, 459, 490, 491, 492, 493, 494, 495, 499, 500, 501, 502, 503, 504, 508, 509, 510, 514, 515, 516, 538, 539, 540, 544, 545, 546, 550, 551, 552, 568, 569, 570, 586, 587, 588]",200,252,0,UNKNOWN,13.9669,35.546267,False,8
flat200-67.cnf,SATLIB,flat200,matching_capacity,/work/benchmarks/phase5/satlib/flat200/flat200-67.cnf,c82881c44c6b0dfe4a30236725e4bb7255b5b828d3e518902f5d6e404a6bece4,evaluation,resource_allocation_like,200 exact-r boxes over 243 capacity groups,UNKNOWN,600,2237,5.65462,0.379566,RUN_LKK,200,2037,0,RUN_LKK,0.90081,COMPLETE,6.48806,UNKNOWN,"incomplete_or_ambiguous_resource_mapping:[148, 149, 150, 202, 203, 204, 211, 212, 213, 259, 260, 261, 322, 323, 324, 340, 341, 342, 358, 359, 360, 361, 362, 363, 388, 389, 390, 403, 404, 405, 421, 422, 423, 427, 428, 429, 439, 440, 441, 457, 458, 459, 466, 467, 468, 490, 491, 492, 511, 512, 513, 535, 536, 537, 550, 551, 552, 568, 569, 570, 580, 581, 582, 586, 587, 588, 589, 590, 591, 598, 599, 600]",200,243,0,UNKNOWN,15.352,34.394522,False,8
flat200-68.cnf,SATLIB,flat200,matching_capacity,/work/benchmarks/phase5/satlib/flat200/flat200-68.cnf,8385c705a2bc3281c6f252eea2398e6aec71d1e717d765319a0303a447a8775a,calibration,resource_allocation_like,200 exact-r boxes over 243 capacity groups,UNKNOWN,600,2237,5.74271,0.379858,RUN_LKK,200,2037,0,RUN_LKK,0.983282,COMPLETE,5.40423,UNKNOWN,"incomplete_or_ambiguous_resource_mapping:[217, 218, 219, 313, 314, 315, 364, 365, 366, 370, 371, 372, 382, 383, 384, 394, 395, 396, 409, 410, 411, 421, 422, 423, 436, 437, 438, 457, 458, 459, 481, 482, 483, 484, 485, 486, 496, 497, 498, 502, 503, 504, 514, 515, 516, 520, 521, 522, 532, 533, 534, 535, 536, 537, 538, 539, 540, 556, 557, 558, 577, 578, 579, 589, 590, 591, 592, 593, 594, 595, 596, 597, 598, 599, 600]",200,243,0,UNKNOWN,14.021,34.868847,False,8
flat200-69.cnf,SATLIB,flat200,matching_capacity,/work/benchmarks/phase5/satlib/flat200/flat200-69.cnf,a5b9e6c57d1d24f36a62bd3c813abaceb7c124616b130e0160ae9d63cfd02596,evaluation,resource_allocation_like,200 exact-r boxes over 255 capacity groups,UNKNOWN,600,2237,7.50732,0.550794,RUN_LKK,200,2037,0,RUN_LKK,1.402,COMPLETE,6.92163,UNKNOWN,"incomplete_or_ambiguous_resource_mapping:[241, 242, 243, 334, 335, 336, 340, 341, 342, 382, 383, 384, 388, 389, 390, 421, 422, 423, 427, 428, 429, 442, 443, 444, 454, 455, 456, 457, 458, 459, 469, 470, 471, 472, 473, 474, 484, 485, 486, 502, 503, 504, 517, 518, 519, 529, 530, 531, 538, 539, 540, 541, 542, 543, 568, 569, 570, 574, 575, 576, 583, 584, 585, 586, 587, 588, 592, 593, 594]",200,255,0,UNKNOWN,18.7394,34.258403,False,8
flat200-7.cnf,SATLIB,flat200,matching_capacity,/work/benchmarks/phase5/satlib/flat200/flat200-7.cnf,c40913c31ea3992c5853e97e185d0fab92119e3a1b89642e1d73fda74950eded,evaluation,resource_allocation_like,200 exact-r boxes over 252 capacity groups,UNKNOWN,600,2237,7.35395,0.469604,RUN_LKK,200,2037,0,RUN_LKK,1.18875,COMPLETE,7.26691,UNKNOWN,"incomplete_or_ambiguous_resource_mapping:[283, 284, 285, 304, 305, 306, 373, 374, 375, 385, 386, 387, 403, 404, 405, 418, 419, 420, 463, 464, 465, 472, 473, 474, 481, 482, 483, 505, 506, 507, 514, 515, 516, 517, 518, 519, 523, 524, 525, 532, 533, 534, 535, 536, 537, 544, 545, 546, 556, 557, 558, 559, 560, 561, 565, 566, 567, 583, 584, 585, 586, 587, 588, 589, 590, 591, 595, 596, 597]",200,252,0,UNKNOWN,18.5467,36.271557,False,8
flat200-70.cnf,SATLIB,flat200,matching_capacity,/work/benchmarks/phase5/satlib/flat200/flat200-70.cnf,30e38d0219320eca8afa72d4cfdcffe78821e12370252e66a8a2ad4a6d149bdb,calibration,resource_allocation_like,200 exact-r boxes over 237 capacity groups,UNKNOWN,600,2237,7.50304,0.522298,RUN_LKK,200,2037,0,RUN_LKK,1.43419,COMPLETE,7.89489,UNKNOWN,"incomplete_or_ambiguous_resource_mapping:[67, 68, 69, 253, 254, 255, 337, 338, 339, 364, 365, 366, 379, 380, 381, 388, 389, 390, 400, 401, 402, 403, 404, 405, 421, 422, 423, 424, 425, 426, 433, 434, 435, 439, 440, 441, 442, 443, 444, 448, 449, 450, 451, 452, 453, 463, 464, 465, 469, 470, 471, 481, 482, 483, 502, 503, 504, 508, 509, 510, 514, 515, 516, 517, 518, 519, 526, 527, 528, 538, 539, 540, 541, 542, 543, 547, 548, 549, 574, 575, 576, 577, 578, 579, 592, 593, 594]",200,237,0,UNKNOWN,19.3337,35.044616,False,8
flat200-71.cnf,SATLIB,flat200,matching_capacity,/work/benchmarks/phase5/satlib/flat200/flat200-71.cnf,d877292fef5b181106d7e342268af0c93c5ca4ae7f0df10dadb335ca7c7dfcee,evaluation,resource_allocation_like,200 exact-r boxes over 243 capacity groups,UNKNOWN,600,2237,6.70672,0.43597,RUN_LKK,200,2037,0,RUN_LKK,1.42862,COMPLETE,7.90254,UNKNOWN,"incomplete_or_ambiguous_resource_mapping:[217, 218, 219, 268, 269, 270, 274, 275, 276, 301, 302, 303, 331, 332, 333, 373, 374, 375, 400, 401, 402, 406, 407, 408, 412, 413, 414, 439, 440, 441, 445, 446, 447, 454, 455, 456, 457, 458, 459, 484, 485, 486, 502, 503, 504, 508, 509, 510, 514, 515, 516, 526, 527, 528, 535, 536, 537, 550, 551, 552, 571, 572, 573, 574, 575, 576, 577, 578, 579, 580, 581, 582, 586, 587, 588, 589, 590, 591]",200,243,0,UNKNOWN,18.5225,35.433079,False,8
flat200-72.cnf,SATLIB,flat200,matching_capacity,/work/benchmarks/phase5/satlib/flat200/flat200-72.cnf,ca7f210e1eafa2c8a3db0638a6d7df81ee002c1a214c137dba4047986723b189,evaluation,resource_allocation_like,200 exact-r boxes over 249 capacity groups,UNKNOWN,600,2237,5.57607,0.483827,RUN_LKK,200,2037,0,RUN_LKK,1.85216,COMPLETE,6.59405,UNKNOWN,"incomplete_or_ambiguous_resource_mapping:[151, 152, 153, 313, 314, 315, 337, 338, 339, 376, 377, 378, 388, 389, 390, 409, 410, 411, 421, 422, 423, 436, 437, 438, 448, 449, 450, 457, 458, 459, 475, 476, 477, 484, 485, 486, 487, 488, 489, 502, 503, 504, 514, 515, 516, 517, 518, 519, 523, 524, 525, 532, 533, 534, 547, 548, 549, 550, 551, 552, 562, 563, 564, 565, 566, 567, 571, 572, 573, 574, 575, 576, 577, 578, 579, 592, 593, 594]",200,249,0,UNKNOWN,16.3917,35.502908,False,8
flat200-73.cnf,SATLIB,flat200,matching_capacity,/work/benchmarks/phase5/satlib/flat200/flat200-73.cnf,085508c142791efb023f4f67d3f41bd832f554477365d7d12b4753f0793868f1,evaluation,resource_allocation_like,200 exact-r boxes over 234 capacity groups,UNKNOWN,600,2237,5.74961,0.548335,RUN_LKK,200,2037,0,RUN_LKK,1.25057,COMPLETE,6.36371,UNKNOWN,"incomplete_or_ambiguous_resource_mapping:[88, 89, 90, 112, 113, 114, 226, 227, 228, 280, 281, 282, 289, 290, 291, 307, 308, 309, 313, 314, 315, 337, 338, 339, 346, 347, 348, 355, 356, 357, 370, 371, 372, 373, 374, 375, 382, 383, 384, 385, 386, 387, 409, 410, 411, 436, 437, 438, 442, 443, 444, 469, 470, 471, 475, 476, 477, 481, 482, 483, 514, 515, 516, 520, 521, 522, 532, 533, 534, 538, 539, 540, 547, 548, 549, 550, 551, 552, 568, 569, 570, 583, 584, 585, 595, 596, 597]",200,234,0,UNKNOWN,16.1922,36.367161,False,8
flat200-74.cnf,SATLIB,flat200,matching_capacity,/work/benchmarks/phase5/satlib/flat200/flat200-74.cnf,23ff80118c9f6a1e37914c455b91cfe887135b8a35fc565f726f478023a386d0,calibration,resource_allocation_like,200 exact-r boxes over 237 capacity groups,UNKNOWN,600,2237,4.8684,0.425879,RUN_LKK,200,2037,0,RUN_LKK,1.03693,COMPLETE,6.03965,UNKNOWN,"incomplete_or_ambiguous_resource_mapping:[163, 164, 165, 211, 212, 213, 232, 233, 234, 238, 239, 240, 250, 251, 252, 301, 302, 303, 307, 308, 309, 328, 329, 330, 340, 341, 342, 349, 350, 351, 403, 404, 405, 421, 422, 423, 430, 431, 432, 436, 437, 438, 439, 440, 441, 445, 446, 447, 457, 458, 459, 463, 464, 465, 466, 467, 468, 496, 497, 498, 505, 506, 507, 508, 509, 510, 523, 524, 525, 526, 527, 528, 535, 536, 537, 571, 572, 573, 598, 599, 600]",200,237,0,UNKNOWN,14.5238,35.412628,False,8
flat200-75.cnf,SATLIB,flat200,matching_capacity,/work/benchmarks/phase5/satlib/flat200/flat200-75.cnf,fecf6f10809016d6db6ddbe693f1d0db6cf7f2e47cfdf6f9463770977a9c5bc8,evaluation,resource_allocation_like,200 exact-r boxes over 240 capacity groups,UNKNOWN,600,2237,6.3253,0.427537,RUN_LKK,200,2037,0,RUN_LKK,0.981812,COMPLETE,6.22687,UNKNOWN,"incomplete_or_ambiguous_resource_mapping:[127, 128, 129, 169, 170, 171, 295, 296, 297, 301, 302, 303, 343, 344, 345, 355, 356, 357, 379, 380, 381, 382, 383, 384, 388, 389, 390, 397, 398, 399, 400, 401, 402, 421, 422, 423, 439, 440, 441, 457, 458, 459, 460, 461, 462, 463, 464, 465, 472, 473, 474, 487, 488, 489, 505, 506, 507, 541, 542, 543, 547, 548, 549, 559, 560, 561, 562, 563, 564, 574, 575, 576, 589, 590, 591, 598, 599, 600]",200,240,0,UNKNOWN,16.4534,35.638578,False,8
flat200-76.cnf,SATLIB,flat200,matching_capacity,/work/benchmarks/phase5/satlib/flat200/flat200-76.cnf,2d30820cbf9bb61848477bea09aec93303b59713b5cfffe7d04894a431b3fc30,evaluation,resource_allocation_like,200 exact-r boxes over 243 capacity groups,UNKNOWN,600,2237,8.40501,0.408588,RUN_LKK,200,2037,0,RUN_LKK,1.01278,COMPLETE,5.21756,UNKNOWN,"incomplete_or_ambiguous_resource_mapping:[34, 35, 36, 157, 158, 159, 199, 200, 201, 283, 284, 285, 319, 320, 321, 337, 338, 339, 391, 392, 393, 400, 401, 402, 403, 404, 405, 463, 464, 465, 469, 470, 471, 484, 485, 486, 490, 491, 492, 499, 500, 501, 514, 515, 516, 523, 524, 525, 529, 530, 531, 538, 539, 540, 547, 548, 549, 553, 554, 555, 556, 557, 558, 565, 566, 567, 571, 572, 573, 589, 590, 591, 595, 596, 597, 598, 599, 600]",200,243,0,UNKNOWN,17.1306,35.404397,False,8
flat200-77.cnf,SATLIB,flat200,matching_capacity,/work/benchmarks/phase5/satlib/flat200/flat200-77.cnf,0c65c506d970994cce4f84c41602cce9494090a8f66b83aa7e59205d3663959f,calibration,resource_allocation_like,200 exact-r boxes over 258 capacity groups,UNKNOWN,600,2237,8.25371,0.875452,RUN_LKK,200,2037,0,RUN_LKK,1.51343,COMPLETE,8.88464,UNKNOWN,"incomplete_or_ambiguous_resource_mapping:[145, 146, 147, 169, 170, 171, 286, 287, 288, 355, 356, 357, 376, 377, 378, 397, 398, 399, 409, 410, 411, 427, 428, 429, 463, 464, 465, 493, 494, 495, 520, 521, 522, 523, 524, 525, 532, 533, 534, 562, 563, 564, 577, 578, 579, 586, 587, 588, 592, 593, 594, 595, 596, 597]",200,258,0,UNKNOWN,22.5054,35.107036,False,8
flat200-78.cnf,SATLIB,flat200,matching_capacity,/work/benchmarks/phase5/satlib/flat200/flat200-78.cnf,064cda2f870edd09c0be97b7e89cd12c0bb6cfd50f840b9a7edb263450da62b6,calibration,resource_allocation_like,200 exact-r boxes over 252 capacity groups,UNKNOWN,600,2237,7.00613,0.588965,RUN_LKK,200,2037,0,RUN_LKK,1.61217,COMPLETE,8.47363,UNKNOWN,"incomplete_or_ambiguous_resource_mapping:[133, 134, 135, 202, 203, 204, 268, 269, 270, 274, 275, 276, 379, 380, 381, 412, 413, 414, 427, 428, 429, 451, 452, 453, 499, 500, 501, 505, 506, 507, 541, 542, 543, 550, 551, 552, 553, 554, 555, 562, 563, 564, 568, 569, 570, 571, 572, 573, 580, 581, 582, 586, 587, 588, 589, 590, 591, 592, 593, 594, 595, 596, 597, 598, 599, 600]",200,252,0,UNKNOWN,19.7581,35.361406,False,8
flat200-79.cnf,SATLIB,flat200,matching_capacity,/work/benchmarks/phase5/satlib/flat200/flat200-79.cnf,0777f0b8cd82605d4501bc339b4af3c647877a7953987209d670958ac094540e,evaluation,resource_allocation_like,200 exact-r boxes over 237 capacity groups,UNKNOWN,600,2237,5.29095,0.495907,RUN_LKK,200,2037,0,RUN_LKK,1.33654,COMPLETE,8.38641,UNKNOWN,"incomplete_or_ambiguous_resource_mapping:[94, 95, 96, 154, 155, 156, 247, 248, 249, 271, 272, 273, 283, 284, 285, 298, 299, 300, 343, 344, 345, 352, 353, 354, 373, 374, 375, 388, 389, 390, 397, 398, 399, 415, 416, 417, 433, 434, 435, 442, 443, 444, 448, 449, 450, 451, 452, 453, 469, 470, 471, 484, 485, 486, 499, 500, 501, 511, 512, 513, 517, 518, 519, 523, 524, 525, 538, 539, 540, 547, 548, 549, 553, 554, 555, 559, 560, 561, 571, 572, 573, 574, 575, 576, 577, 578, 579, 583, 584, 585, 586, 587, 588, 589, 590, 591, 598, 599, 600]",200,237,0,UNKNOWN,18.1769,35.060698,False,8
flat200-8.cnf,SATLIB,flat200,matching_capacity,/work/benchmarks/phase5/satlib/flat200/flat200-8.cnf,ad98e4a216afa4dea80baca382080d90bffd98353686f81c10410ce4ebe9404f,evaluation,resource_allocation_like,200 exact-r boxes over 252 capacity groups,UNKNOWN,600,2237,5.11678,0.491828,RUN_LKK,200,2037,0,RUN_LKK,1.29236,COMPLETE,7.48615,UNKNOWN,"incomplete_or_ambiguous_resource_mapping:[142, 143, 144, 277, 278, 279, 313, 314, 315, 325, 326, 327, 346, 347, 348, 361, 362, 363, 367, 368, 369, 379, 380, 381, 382, 383, 384, 430, 431, 432, 466, 467, 468, 505, 506, 507, 529, 530, 531, 547, 548, 549, 553, 554, 555, 556, 557, 558, 565, 566, 567, 568, 569, 570, 586, 587, 588, 592, 593, 594, 598, 599, 600]",200,252,0,UNKNOWN,16.2592,35.114595,False,8
flat200-80.cnf,SATLIB,flat200,matching_capacity,/work/benchmarks/phase5/satlib/flat200/flat200-80.cnf,e8da5bd94805bd9ecb6333eddef02a379947025f88c4bfa8c7df73aa3d096dd7,evaluation,resource_allocation_like,200 exact-r boxes over 258 capacity groups,UNKNOWN,600,2237,6.68603,0.461364,RUN_LKK,200,2037,0,RUN_LKK,1.20487,COMPLETE,7.2265,UNKNOWN,"incomplete_or_ambiguous_resource_mapping:[259, 260, 261, 298, 299, 300, 304, 305, 306, 307, 308, 309, 337, 338, 339, 388, 389, 390, 412, 413, 414, 421, 422, 423, 442, 443, 444, 463, 464, 465, 469, 470, 471, 487, 488, 489, 511, 512, 513, 520, 521, 522, 529, 530, 531, 538, 539, 540, 571, 572, 573, 574, 575, 576, 589, 590, 591]",200,258,0,UNKNOWN,18.0135,37.35538,False,8
flat200-81.cnf,SATLIB,flat200,matching_capacity,/work/benchmarks/phase5/satlib/flat200/flat200-81.cnf,6e64d35f8677aed3107349f2d2ad0035790add265acc07152d64017b3eca54c0,calibration,resource_allocation_like,200 exact-r boxes over 237 capacity groups,UNKNOWN,600,2237,6.09229,0.475293,RUN_LKK,200,2037,0,RUN_LKK,0.927604,COMPLETE,7.4817,UNKNOWN,"incomplete_or_ambiguous_resource_mapping:[28, 29, 30, 154, 155, 156, 280, 281, 282, 376, 377, 378, 391, 392, 393, 397, 398, 399, 412, 413, 414, 415, 416, 417, 421, 422, 423, 436, 437, 438, 466, 467, 468, 478, 479, 480, 487, 488, 489, 490, 491, 492, 499, 500, 501, 505, 506, 507, 514, 515, 516, 523, 524, 525, 526, 527, 528, 541, 542, 543, 547, 548, 549, 550, 551, 552, 556, 557, 558, 559, 560, 561, 562, 563, 564, 565, 566, 567, 571, 572, 573, 577, 578, 579, 580, 581, 582, 583, 584, 585, 589, 590, 591, 595, 596, 597, 598, 599, 600]",200,237,0,UNKNOWN,17.6873,34.327882,False,8
flat200-82.cnf,SATLIB,flat200,matching_capacity,/work/benchmarks/phase5/satlib/flat200/flat200-82.cnf,4a41b7407d3a701cd175bbb81581e75c5056c3304aea6b602e559948b353c434,evaluation,resource_allocation_like,200 exact-r boxes over 252 capacity groups,UNKNOWN,600,2237,5.43899,0.435782,RUN_LKK,200,2037,0,RUN_LKK,1.28163,COMPLETE,9.79895,UNKNOWN,"incomplete_or_ambiguous_resource_mapping:[67, 68, 69, 238, 239, 240, 289, 290, 291, 370, 371, 372, 400, 401, 402, 418, 419, 420, 439, 440, 441, 448, 449, 450, 451, 452, 453, 469, 470, 471, 475, 476, 477, 478, 479, 480, 487, 488, 489, 496, 497, 498, 517, 518, 519, 547, 548, 549, 553, 554, 555, 556, 557, 558, 562, 563, 564, 571, 572, 573, 589, 590, 591, 595, 596, 597, 598, 599, 600]",200,252,0,UNKNOWN,18.7418,35.070082,False,8
flat200-83.cnf,SATLIB,flat200,matching_capacity,/work/benchmarks/phase5/satlib/flat200/flat200-83.cnf,3c66b717116452a2ba6a98d0ed3c17f5aa5e2ee979f29f526c88f88ddae3f0f8,evaluation,resource_allocation_like,200 exact-r boxes over 246 capacity groups,UNKNOWN,600,2237,8.87435,0.519854,RUN_LKK,200,2037,0,RUN_LKK,1.19458,COMPLETE,8.85173,UNKNOWN,"incomplete_or_ambiguous_resource_mapping:[79, 80, 81, 133, 134, 135, 235, 236, 237, 301, 302, 303, 304, 305, 306, 382, 383, 384, 430, 431, 432, 478, 479, 480, 481, 482, 483, 484, 485, 486, 493, 494, 495, 502, 503, 504, 505, 506, 507, 526, 527, 528, 532, 533, 534, 547, 548, 549, 553, 554, 555, 556, 557, 558, 562, 563, 564, 565, 566, 567, 574, 575, 576, 580, 581, 582, 595, 596, 597]",200,246,0,UNKNOWN,21.7931,35.278622,False,8
flat200-84.cnf,SATLIB,flat200,matching_capacity,/work/benchmarks/phase5/satlib/flat200/flat200-84.cnf,0531e4a3ae0eabf6db5c4d52655cbd4171420eb188ac9c0a32c07e5e85a0266c,evaluation,resource_allocation_like,200 exact-r boxes over 240 capacity groups,UNKNOWN,600,2237,9.03076,0.555148,RUN_LKK,200,2037,0,RUN_LKK,1.43019,COMPLETE,11.8979,UNKNOWN,"incomplete_or_ambiguous_resource_mapping:[97, 98, 99, 148, 149, 150, 157, 158, 159, 235, 236, 237, 349, 350, 351, 379, 380, 381, 388, 389, 390, 421, 422, 423, 433, 434, 435, 448, 449, 450, 454, 455, 456, 466, 467, 468, 475, 476, 477, 490, 491, 492, 493, 494, 495, 496, 497, 498, 499, 500, 501, 508, 509, 510, 517, 518, 519, 520, 521, 522, 526, 527, 528, 535, 536, 537, 541, 542, 543, 547, 548, 549, 553, 554, 555, 556, 557, 558, 565, 566, 567, 577, 578, 579, 595, 596, 597, 598, 599, 600]",200,240,0,UNKNOWN,25.3418,67.716059,False,8
flat200-85.cnf,SATLIB,flat200,matching_capacity,/work/benchmarks/phase5/satlib/flat200/flat200-85.cnf,85e173c64653334f373d500e90ddaaeb046ad99d429c8493e88d7ca5650b1e27,calibration,resource_allocation_like,200 exact-r boxes over 255 capacity groups,UNKNOWN,600,2237,7.62184,0.639449,RUN_LKK,200,2037,0,RUN_LKK,1.30574,COMPLETE,9.31898,UNKNOWN,"incomplete_or_ambiguous_resource_mapping:[190, 191, 192, 265, 266, 267, 283, 284, 285, 292, 293, 294, 307, 308, 309, 316, 317, 318, 340, 341, 342, 406, 407, 408, 421, 422, 423, 451, 452, 453, 520, 521, 522, 544, 545, 546, 550, 551, 552, 553, 554, 555, 556, 557, 558, 562, 563, 564, 571, 572, 573, 577, 578, 579, 580, 581, 582, 583, 584, 585, 586, 587, 588, 598, 599, 600]",200,255,0,UNKNOWN,20.7258,36.507552,False,8
flat200-86.cnf,SATLIB,flat200,matching_capacity,/work/benchmarks/phase5/satlib/flat200/flat200-86.cnf,3561132323d57e7e62a95429685bd04abfb76a3b77bb47fa640321dc696deba0,evaluation,resource_allocation_like,200 exact-r boxes over 246 capacity groups,UNKNOWN,600,2237,7.19616,0.551003,RUN_LKK,200,2037,0,RUN_LKK,1.37049,COMPLETE,8.48146,UNKNOWN,"incomplete_or_ambiguous_resource_mapping:[46, 47, 48, 229, 230, 231, 265, 266, 267, 316, 317, 318, 397, 398, 399, 418, 419, 420, 430, 431, 432, 439, 440, 441, 448, 449, 450, 469, 470, 471, 478, 479, 480, 490, 491, 492, 499, 500, 501, 511, 512, 513, 520, 521, 522, 523, 524, 525, 526, 527, 528, 532, 533, 534, 541, 542, 543, 544, 545, 546, 568, 569, 570, 574, 575, 576, 577, 578, 579, 580, 581, 582, 598, 599, 600]",200,246,0,UNKNOWN,19.7938,36.69468,False,8
flat200-87.cnf,SATLIB,flat200,matching_capacity,/work/benchmarks/phase5/satlib/flat200/flat200-87.cnf,3632eb948adf8c9b11db94a125cc49b8316e636104649e55d0b80b8174ef2d98,evaluation,resource_allocation_like,200 exact-r boxes over 252 capacity groups,UNKNOWN,600,2237,6.57932,0.58879,RUN_LKK,200,2037,0,RUN_LKK,1.41316,COMPLETE,7.80692,UNKNOWN,"incomplete_or_ambiguous_resource_mapping:[268, 269, 270, 286, 287, 288, 301, 302, 303, 304, 305, 306, 376, 377, 378, 442, 443, 444, 445, 446, 447, 478, 479, 480, 496, 497, 498, 502, 503, 504, 523, 524, 525, 532, 533, 534, 535, 536, 537, 538, 539, 540, 541, 542, 543, 544, 545, 546, 556, 557, 558, 559, 560, 561, 562, 563, 564, 568, 569, 570, 589, 590, 591, 598, 599, 600]",200,252,0,UNKNOWN,18.4706,36.338599,False,8
flat200-88.cnf,SATLIB,flat200,matching_capacity,/work/benchmarks/phase5/satlib/flat200/flat200-88.cnf,ecb8fd6a6784f001dcd86c19d6264137f95e6cfc2b1513630f7a9813e6106f5c,evaluation,resource_allocation_like,200 exact-r boxes over 261 capacity groups,UNKNOWN,600,2237,7.16714,0.402397,RUN_LKK,200,2037,0,RUN_LKK,1.28599,COMPLETE,10.3625,UNKNOWN,"incomplete_or_ambiguous_resource_mapping:[148, 149, 150, 208, 209, 210, 241, 242, 243, 268, 269, 270, 340, 341, 342, 349, 350, 351, 367, 368, 369, 370, 371, 372, 409, 410, 411, 451, 452, 453, 463, 464, 465, 511, 512, 513, 514, 515, 516, 529, 530, 531, 532, 533, 534, 598, 599, 600]",200,261,0,UNKNOWN,21.4866,35.28781,False,8
flat200-89.cnf,SATLIB,flat200,matching_capacity,/work/benchmarks/phase5/satlib/flat200/flat200-89.cnf,7eafdf8a26204430cc478305cfd3b31d3447b1604dc806874ce40f353e21c81e,evaluation,resource_allocation_like,200 exact-r boxes over 252 capacity groups,UNKNOWN,600,2237,6.10876,0.472729,RUN_LKK,200,2037,0,RUN_LKK,1.30747,COMPLETE,8.71736,UNKNOWN,"incomplete_or_ambiguous_resource_mapping:[178, 179, 180, 190, 191, 192, 202, 203, 204, 250, 251, 252, 352, 353, 354, 370, 371, 372, 454, 455, 456, 463, 464, 465, 469, 470, 471, 526, 527, 528, 529, 530, 531, 532, 533, 534, 538, 539, 540, 547, 548, 549, 556, 557, 558, 559, 560, 561, 571, 572, 573, 577, 578, 579, 580, 581, 582, 583, 584, 585, 586, 587, 588, 595, 596, 597, 598, 599, 600]",200,252,0,UNKNOWN,19.1309,36.091962,False,8
flat200-9.cnf,SATLIB,flat200,matching_capacity,/work/benchmarks/phase5/satlib/flat200/flat200-9.cnf,c630bdfd19aa055ddb79aabeadb8e485b80272613e27d4eb962d6fdcbe1910a9,evaluation,resource_allocation_like,200 exact-r boxes over 240 capacity groups,UNKNOWN,600,2237,5.79783,0.522237,RUN_LKK,200,2037,0,RUN_LKK,1.35246,COMPLETE,10.3855,UNKNOWN,"incomplete_or_ambiguous_resource_mapping:[133, 134, 135, 199, 200, 201, 226, 227, 228, 262, 263, 264, 277, 278, 279, 298, 299, 300, 301, 302, 303, 367, 368, 369, 376, 377, 378, 424, 425, 426, 457, 458, 459, 463, 464, 465, 466, 467, 468, 475, 476, 477, 481, 482, 483, 487, 488, 489, 499, 500, 501, 502, 503, 504, 508, 509, 510, 511, 512, 513, 514, 515, 516, 529, 530, 531, 532, 533, 534, 535, 536, 537, 541, 542, 543, 556, 557, 558, 586, 587, 588, 595, 596, 597]",200,240,0,UNKNOWN,20.1943,35.099586,False,8
flat200-90.cnf,SATLIB,flat200,matching_capacity,/work/benchmarks/phase5/satlib/flat200/flat200-90.cnf,a26ce4e84ee5eaa89eb2dedb2ed03e6978a6f2502d8db5eaf1037454770ad259,evaluation,resource_allocation_like,200 exact-r boxes over 243 capacity groups,UNKNOWN,600,2237,8.64392,0.565492,RUN_LKK,200,2037,0,RUN_LKK,1.39166,COMPLETE,8.55743,UNKNOWN,"incomplete_or_ambiguous_resource_mapping:[127, 128, 129, 271, 272, 273, 334, 335, 336, 352, 353, 354, 358, 359, 360, 361, 362, 363, 376, 377, 378, 397, 398, 399, 412, 413, 414, 421, 422, 423, 424, 425, 426, 427, 428, 429, 442, 443, 444, 457, 458, 459, 469, 470, 471, 481, 482, 483, 484, 485, 486, 499, 500, 501, 508, 509, 510, 511, 512, 513, 514, 515, 516, 529, 530, 531, 538, 539, 540, 550, 551, 552, 559, 560, 561, 568, 569, 570, 574, 575, 576, 577, 578, 579, 586, 587, 588]",200,243,0,UNKNOWN,22.3706,67.123097,False,8
flat200-91.cnf,SATLIB,flat200,matching_capacity,/work/benchmarks/phase5/satlib/flat200/flat200-91.cnf,6d7160590639fc8429a3d9d4406f154b94c9c0070a0baf29137d5c9864d217fc,evaluation,resource_allocation_like,200 exact-r boxes over 228 capacity groups,UNKNOWN,600,2237,7.45032,0.470017,RUN_LKK,200,2037,0,RUN_LKK,1.0746,COMPLETE,6.68657,UNKNOWN,"incomplete_or_ambiguous_resource_mapping:[31, 32, 33, 106, 107, 108, 166, 167, 168, 211, 212, 213, 214, 215, 216, 229, 230, 231, 268, 269, 270, 280, 281, 282, 313, 314, 315, 325, 326, 327, 400, 401, 402, 403, 404, 405, 427, 428, 429, 430, 431, 432, 442, 443, 444, 457, 458, 459, 463, 464, 465, 478, 479, 480, 484, 485, 486, 490, 491, 492, 508, 509, 510, 532, 533, 534, 535, 536, 537, 538, 539, 540, 541, 542, 543, 544, 545, 546, 550, 551, 552, 556, 557, 558, 568, 569, 570, 574, 575, 576, 577, 578, 579, 580, 581, 582, 589, 590, 591, 592, 593, 594, 595, 596, 597]",200,228,0,UNKNOWN,17.8176,36.671641,False,8
flat200-92.cnf,SATLIB,flat200,matching_capacity,/work/benchmarks/phase5/satlib/flat200/flat200-92.cnf,a60fcf1e7bdedf4f00a51603beb61535dfc161e2758d7a8857576d7d81ce2e44,evaluation,resource_allocation_like,200 exact-r boxes over 249 capacity groups,UNKNOWN,600,2237,7.38781,0.412267,RUN_LKK,200,2037,0,RUN_LKK,1.08077,COMPLETE,7.30206,UNKNOWN,"incomplete_or_ambiguous_resource_mapping:[316, 317, 318, 322, 323, 324, 331, 332, 333, 361, 362, 363, 364, 365, 366, 406, 407, 408, 442, 443, 444, 466, 467, 468, 469, 470, 471, 475, 476, 477, 478, 479, 480, 481, 482, 483, 487, 488, 489, 499, 500, 501, 505, 506, 507, 526, 527, 528, 541, 542, 543, 544, 545, 546, 559, 560, 561, 562, 563, 564, 565, 566, 567, 568, 569, 570, 580, 581, 582, 586, 587, 588]",200,249,0,UNKNOWN,18.1246,36.906757,False,8
flat200-93.cnf,SATLIB,flat200,matching_capacity,/work/benchmarks/phase5/satlib/flat200/flat200-93.cnf,7a3ea17e5c3ac831a1b746ea21a0073f4e399cba6c51b3763fe38ffb255cb429,evaluation,resource_allocation_like,200 exact-r boxes over 243 capacity groups,UNKNOWN,600,2237,6.91648,0.5341,RUN_LKK,200,2037,0,RUN_LKK,1.34703,COMPLETE,6.36549,UNKNOWN,"incomplete_or_ambiguous_resource_mapping:[88, 89, 90, 142, 143, 144, 169, 170, 171, 322, 323, 324, 325, 326, 327, 358, 359, 360, 406, 407, 408, 415, 416, 417, 424, 425, 426, 427, 428, 429, 439, 440, 441, 475, 476, 477, 487, 488, 489, 490, 491, 492, 505, 506, 507, 508, 509, 510, 514, 515, 516, 517, 518, 519, 526, 527, 528, 532, 533, 534, 538, 539, 540, 544, 545, 546, 553, 554, 555, 571, 572, 573, 574, 575, 576, 580, 581, 582, 583, 584, 585, 586, 587, 588, 592, 593, 594]",200,243,0,UNKNOWN,16.6198,35.832847,False,8
flat200-94.cnf,SATLIB,flat200,matching_capacity,/work/benchmarks/phase5/satlib/flat200/flat200-94.cnf,8fcae475619ec0ba3bccf20abaf8ccdc63f1389f3e2c0a4b2b25b008065020ab,calibration,resource_allocation_like,200 exact-r boxes over 255 capacity groups,UNKNOWN,600,2237,4.83445,0.426056,RUN_LKK,200,2037,0,RUN_LKK,1.10994,COMPLETE,6.02044,UNKNOWN,"incomplete_or_ambiguous_resource_mapping:[331, 332, 333, 343, 344, 345, 388, 389, 390, 394, 395, 396, 397, 398, 399, 439, 440, 441, 442, 443, 444, 469, 470, 471, 487, 488, 489, 502, 503, 504, 523, 524, 525, 526, 527, 528, 532, 533, 534, 535, 536, 537, 538, 539, 540, 574, 575, 576, 583, 584, 585, 589, 590, 591, 595, 596, 597]",200,255,0,UNKNOWN,13.812,35.820111,False,8
flat200-95.cnf,SATLIB,flat200,matching_capacity,/work/benchmarks/phase5/satlib/flat200/flat200-95.cnf,5afa735289702a7bee236cfb0eaf0327beded2a11ce8f9a0a33e1d74c2677e3a,calibration,resource_allocation_like,200 exact-r boxes over 255 capacity groups,UNKNOWN,600,2237,5.0891,0.421767,RUN_LKK,200,2037,0,RUN_LKK,1.30035,COMPLETE,5.75885,UNKNOWN,"incomplete_or_ambiguous_resource_mapping:[226, 227, 228, 241, 242, 243, 346, 347, 348, 376, 377, 378, 454, 455, 456, 460, 461, 462, 481, 482, 483, 517, 518, 519, 520, 521, 522, 532, 533, 534, 538, 539, 540, 553, 554, 555, 556, 557, 558, 562, 563, 564, 568, 569, 570, 571, 572, 573, 583, 584, 585, 589, 590, 591, 592, 593, 594, 598, 599, 600]",200,255,0,UNKNOWN,14.346,35.283541,False,8
flat200-96.cnf,SATLIB,flat200,matching_capacity,/work/benchmarks/phase5/satlib/flat200/flat200-96.cnf,0ccdac7a665d8bd322b516c5458d3ce1a9a05e63fadf8dd582b0f55d49d70b37,calibration,resource_allocation_like,200 exact-r boxes over 252 capacity groups,UNKNOWN,600,2237,4.78265,0.517081,RUN_LKK,200,2037,0,RUN_LKK,1.39422,COMPLETE,8.18461,UNKNOWN,"incomplete_or_ambiguous_resource_mapping:[109, 110, 111, 163, 164, 165, 223, 224, 225, 310, 311, 312, 349, 350, 351, 367, 368, 369, 370, 371, 372, 382, 383, 384, 403, 404, 405, 421, 422, 423, 433, 434, 435, 466, 467, 468, 502, 503, 504, 511, 512, 513, 517, 518, 519, 520, 521, 522, 523, 524, 525, 526, 527, 528, 529, 530, 531, 538, 539, 540, 562, 563, 564, 580, 581, 582, 586, 587, 588, 589, 590, 591]",200,252,0,UNKNOWN,16.7369,35.493782,False,8
flat200-97.cnf,SATLIB,flat200,matching_capacity,/work/benchmarks/phase5/satlib/flat200/flat200-97.cnf,c79ac4d3a8a4120f02242466e9da62fe99e4ae176abf8035ca6639017b03bc79,evaluation,resource_allocation_like,200 exact-r boxes over 237 capacity groups,UNKNOWN,600,2237,5.04452,0.404194,RUN_LKK,200,2037,0,RUN_LKK,0.987776,COMPLETE,6.40253,UNKNOWN,"incomplete_or_ambiguous_resource_mapping:[184, 185, 186, 196, 197, 198, 238, 239, 240, 271, 272, 273, 316, 317, 318, 325, 326, 327, 340, 341, 342, 355, 356, 357, 376, 377, 378, 409, 410, 411, 418, 419, 420, 421, 422, 423, 442, 443, 444, 445, 446, 447, 466, 467, 468, 469, 470, 471, 484, 485, 486, 487, 488, 489, 490, 491, 492, 499, 500, 501, 508, 509, 510, 520, 521, 522, 523, 524, 525, 526, 527, 528, 544, 545, 546, 559, 560, 561, 562, 563, 564, 580, 581, 582, 583, 584, 585, 586, 587, 588, 595, 596, 597]",200,237,0,UNKNOWN,15.0859,35.077544,False,8
flat200-98.cnf,SATLIB,flat200,matching_capacity,/work/benchmarks/phase5/satlib/flat200/flat200-98.cnf,9f54fa0985423cbc4f3b2b4eaa539b8bcf385f4e69438ea87d4a67b9c775c560,evaluation,resource_allocation_like,200 exact-r boxes over 240 capacity groups,UNKNOWN,600,2237,9.94157,0.518335,RUN_LKK,200,2037,0,RUN_LKK,1.35745,COMPLETE,9.29026,UNKNOWN,"incomplete_or_ambiguous_resource_mapping:[211, 212, 213, 253, 254, 255, 289, 290, 291, 319, 320, 321, 325, 326, 327, 346, 347, 348, 355, 356, 357, 367, 368, 369, 376, 377, 378, 412, 413, 414, 436, 437, 438, 460, 461, 462, 478, 479, 480, 481, 482, 483, 496, 497, 498, 511, 512, 513, 517, 518, 519, 532, 533, 534, 562, 563, 564, 568, 569, 570, 574, 575, 576, 586, 587, 588, 589, 590, 591, 595, 596, 597, 598, 599, 600]",200,240,0,UNKNOWN,23.1926,36.988279,False,8
flat200-99.cnf,SATLIB,flat200,matching_capacity,/work/benchmarks/phase5/satlib/flat200/flat200-99.cnf,7a4ae4e81c5bf4c6b3e8dcc5af753288fd5b27e004e72d28713da7878c9af0bf,evaluation,resource_allocation_like,200 exact-r boxes over 240 capacity groups,UNKNOWN,600,2237,5.84203,0.503167,RUN_LKK,200,2037,0,RUN_LKK,1.28969,COMPLETE,10.2786,UNKNOWN,"incomplete_or_ambiguous_resource_mapping:[7, 8, 9, 220, 221, 222, 235, 236, 237, 271, 272, 273, 274, 275, 276, 295, 296, 297, 313, 314, 315, 334, 335, 336, 349, 350, 351, 439, 440, 441, 457, 458, 459, 460, 461, 462, 469, 470, 471, 478, 479, 480, 481, 482, 483, 490, 491, 492, 496, 497, 498, 505, 506, 507, 508, 509, 510, 511, 512, 513, 517, 518, 519, 520, 521, 522, 526, 527, 528, 535, 536, 537, 553, 554, 555, 568, 569, 570, 571, 572, 573, 583, 584, 585, 586, 587, 588, 589, 590, 591]",200,240,0,UNKNOWN,20.5773,36.251613,False,8
flat100-1.cnf,SATLIB,flat100,matching_capacity,/work/benchmarks/phase5/satlib/flat100/flat100-1.cnf,d67e170ea088e1d825f99f324a26663ec49711c71925d366b5550f6f7f4d0b5f,evaluation,resource_allocation_like,100 exact-r boxes over 111 capacity groups,UNKNOWN,300,1117,4.96891,0.286826,RUN_LKK,100,1017,0,RUN_LKK,0.582309,COMPLETE,4.96643,UNKNOWN,"incomplete_or_ambiguous_resource_mapping:[37, 38, 39, 97, 98, 99, 160, 161, 162, 208, 209, 210, 211, 212, 213, 214, 215, 216, 217, 218, 219, 235, 236, 237, 241, 242, 243, 244, 245, 246, 247, 248, 249, 256, 257, 258, 259, 260, 261, 274, 275, 276, 277, 278, 279, 286, 287, 288, 289, 290, 291, 295, 296, 297, 298, 299, 300]",100,111,0,UNKNOWN,12.5919,35.194658,False,8
flat100-10.cnf,SATLIB,flat100,matching_capacity,/work/benchmarks/phase5/satlib/flat100/flat100-10.cnf,55cc040aa425ac4b61427acf522c26c2e20f41e9ed82b51cf1c36995e2ae93e4,evaluation,resource_allocation_like,100 exact-r boxes over 114 capacity groups,UNKNOWN,300,1117,6.28228,0.301301,RUN_LKK,100,1017,0,RUN_LKK,0.490498,COMPLETE,3.41143,UNKNOWN,"incomplete_or_ambiguous_resource_mapping:[37, 38, 39, 82, 83, 84, 172, 173, 174, 178, 179, 180, 190, 191, 192, 211, 212, 213, 223, 224, 225, 226, 227, 228, 229, 230, 231, 235, 236, 237, 238, 239, 240, 241, 242, 243, 247, 248, 249, 256, 257, 258, 262, 263, 264, 277, 278, 279, 289, 290, 291, 298, 299, 300]",100,114,0,UNKNOWN,11.6593,36.339355,False,8
flat100-100.cnf,SATLIB,flat100,matching_capacity,/work/benchmarks/phase5/satlib/flat100/flat100-100.cnf,e02e920bc457dbcb1ff18b48dbd7fd3dffccb79b716906c9bddf43c6d0d2d67f,evaluation,resource_allocation_like,100 exact-r boxes over 114 capacity groups,UNKNOWN,300,1117,3.49888,0.312035,RUN_LKK,100,1017,0,RUN_LKK,0.61806,COMPLETE,3.12879,UNKNOWN,"incomplete_or_ambiguous_resource_mapping:[103, 104, 105, 133, 134, 135, 142, 143, 144, 169, 170, 171, 181, 182, 183, 214, 215, 216, 220, 221, 222, 223, 224, 225, 229, 230, 231, 232, 233, 234, 250, 251, 252, 253, 254, 255, 256, 257, 258, 277, 278, 279, 280, 281, 282, 289, 290, 291, 292, 293, 294, 298, 299, 300]",100,114,0,UNKNOWN,8.61169,35.405276,False,8
flat100-11.cnf,SATLIB,flat100,matching_capacity,/work/benchmarks/phase5/satlib/flat100/flat100-11.cnf,12fe3948f7bad9f25ef67023d0817d85ea88dd8440f320deaeace21a690bc3f1,evaluation,resource_allocation_like,100 exact-r boxes over 120 capacity groups,UNKNOWN,300,1117,4.462,0.223485,RUN_LKK,100,1017,0,RUN_LKK,0.62868,COMPLETE,3.16513,UNKNOWN,"incomplete_or_ambiguous_resource_mapping:[67, 68, 69, 79, 80, 81, 175, 176, 177, 178, 179, 180, 232, 233, 234, 238, 239, 240, 247, 248, 249, 253, 254, 255, 274, 275, 276, 280, 281, 282, 289, 290, 291, 292, 293, 294]",100,120,0,UNKNOWN,9.95379,35.228808,False,8
flat100-12.cnf,SATLIB,flat100,matching_capacity,/work/benchmarks/phase5/satlib/flat100/flat100-12.cnf,9d47b69577da15cfa8e0921a9a8302d172c9dc9c32228232579bb5960fdca4f1,evaluation,resource_allocation_like,100 exact-r boxes over 111 capacity groups,UNKNOWN,300,1117,3.30045,0.24631,RUN_LKK,100,1017,0,RUN_LKK,0.656231,COMPLETE,3.49198,UNKNOWN,"incomplete_or_ambiguous_resource_mapping:[13, 14, 15, 40, 41, 42, 151, 152, 153, 166, 167, 168, 169, 170, 171, 181, 182, 183, 184, 185, 186, 214, 215, 216, 223, 224, 225, 247, 248, 249, 253, 254, 255, 256, 257, 258, 265, 266, 267, 268, 269, 270, 274, 275, 276, 277, 278, 279, 292, 293, 294, 295, 296, 297, 298, 299, 300]",100,111,0,UNKNOWN,8.93999,35.567893,False,8
flat100-13.cnf,SATLIB,flat100,matching_capacity,/work/benchmarks/phase5/satlib/flat100/flat100-13.cnf,5f7b5d146d57b8202538b0d6c68297c26f6984219eecaa24a6b5d629a483d953,calibration,resource_allocation_like,100 exact-r boxes over 105 capacity groups,UNKNOWN,300,1117,5.82745,0.406847,RUN_LKK,100,1017,0,RUN_LKK,0.738126,COMPLETE,4.14743,UNKNOWN,"incomplete_or_ambiguous_resource_mapping:[79, 80, 81, 85, 86, 87, 94, 95, 96, 133, 134, 135, 157, 158, 159, 187, 188, 189, 208, 209, 210, 220, 221, 222, 229, 230, 231, 232, 233, 234, 250, 251, 252, 256, 257, 258, 259, 260, 261, 265, 266, 267, 271, 272, 273, 277, 278, 279, 283, 284, 285, 286, 287, 288, 289, 290, 291, 298, 299, 300]",100,105,0,UNKNOWN,12.9294,34.913148,False,8
flat100-14.cnf,SATLIB,flat100,matching_capacity,/work/benchmarks/phase5/satlib/flat100/flat100-14.cnf,7b69968a4bd5953490426582c49c27e7bf50bad68d20a43c1f646ca9571d7e45,evaluation,resource_allocation_like,100 exact-r boxes over 114 capacity groups,UNKNOWN,300,1117,5.57704,0.289167,RUN_LKK,100,1017,0,RUN_LKK,0.645493,COMPLETE,3.72177,UNKNOWN,"incomplete_or_ambiguous_resource_mapping:[49, 50, 51, 130, 131, 132, 175, 176, 177, 208, 209, 210, 214, 215, 216, 232, 233, 234, 235, 236, 237, 259, 260, 261, 262, 263, 264, 265, 266, 267, 268, 269, 270, 277, 278, 279, 280, 281, 282, 289, 290, 291, 295, 296, 297]",100,114,0,UNKNOWN,11.9115,36.109447,False,8
flat100-15.cnf,SATLIB,flat100,matching_capacity,/work/benchmarks/phase5/satlib/flat100/flat100-15.cnf,aedde1ec30dd747e22250efff67d1fc6f5cff3fdbae8b83071045343bf0afd00,evaluation,resource_allocation_like,100 exact-r boxes over 120 capacity groups,UNKNOWN,300,1117,4.82247,0.272609,RUN_LKK,100,1017,0,RUN_LKK,0.861238,COMPLETE,3.63896,UNKNOWN,"incomplete_or_ambiguous_resource_mapping:[34, 35, 36, 73, 74, 75, 205, 206, 207, 217, 218, 219, 244, 245, 246, 262, 263, 264, 265, 266, 267, 271, 272, 273, 277, 278, 279, 286, 287, 288, 289, 290, 291, 295, 296, 297, 298, 299, 300]",100,120,0,UNKNOWN,11.464,38.220515,False,8
flat100-16.cnf,SATLIB,flat100,matching_capacity,/work/benchmarks/phase5/satlib/flat100/flat100-16.cnf,374088a0684ae98e9d76c3c298f3e359ebdd8de1ca296753308ad20429a59f02,evaluation,resource_allocation_like,100 exact-r boxes over 117 capacity groups,UNKNOWN,300,1117,4.76207,0.239291,RUN_LKK,100,1017,0,RUN_LKK,0.638123,COMPLETE,3.87414,UNKNOWN,"incomplete_or_ambiguous_resource_mapping:[160, 161, 162, 163, 164, 165, 184, 185, 186, 187, 188, 189, 214, 215, 216, 235, 236, 237, 247, 248, 249, 256, 257, 258, 265, 266, 267, 274, 275, 276, 280, 281, 282, 283, 284, 285, 292, 293, 294, 298, 299, 300]",100,117,0,UNKNOWN,11.348,36.044948,False,8
flat100-17.cnf,SATLIB,flat100,matching_capacity,/work/benchmarks/phase5/satlib/flat100/flat100-17.cnf,ee25a8a55cdabc8720be4d3a050963b2452e7d5ebb18988368f0429f1ed384a6,evaluation,resource_allocation_like,100 exact-r boxes over 111 capacity groups,UNKNOWN,300,1117,10.0257,0.31988,RUN_LKK,100,1017,0,RUN_LKK,0.662382,COMPLETE,3.97536,UNKNOWN,"incomplete_or_ambiguous_resource_mapping:[34, 35, 36, 58, 59, 60, 88, 89, 90, 100, 101, 102, 133, 134, 135, 157, 158, 159, 181, 182, 183, 190, 191, 192, 217, 218, 219, 229, 230, 231, 244, 245, 246, 247, 248, 249, 259, 260, 261, 262, 263, 264, 274, 275, 276, 277, 278, 279, 286, 287, 288, 292, 293, 294, 295, 296, 297]",100,111,0,UNKNOWN,16.508,35.888973,False,8
flat100-18.cnf,SATLIB,flat100,matching_capacity,/work/benchmarks/phase5/satlib/flat100/flat100-18.cnf,6a05c149d9d765bc65bff7aec6b7ddae28377566da3944235417668c95b6ec22,calibration,resource_allocation_like,100 exact-r boxes over 111 capacity groups,UNKNOWN,300,1117,9.32392,0.297113,RUN_LKK,100,1017,0,RUN_LKK,0.73551,COMPLETE,4.08519,UNKNOWN,"incomplete_or_ambiguous_resource_mapping:[76, 77, 78, 97, 98, 99, 169, 170, 171, 172, 173, 174, 175, 176, 177, 214, 215, 216, 217, 218, 219, 241, 242, 243, 244, 245, 246, 256, 257, 258, 259, 260, 261, 262, 263, 264, 268, 269, 270, 274, 275, 276, 277, 278, 279, 280, 281, 282, 283, 284, 285, 289, 290, 291]",100,111,0,UNKNOWN,16.0478,37.173979,False,8
flat100-19.cnf,SATLIB,flat100,matching_capacity,/work/benchmarks/phase5/satlib/flat100/flat100-19.cnf,2812efc0e3c3a2d2a4db9628f57151bd0a7e03ae3389d22e214e6b02414d4f55,evaluation,resource_allocation_like,100 exact-r boxes over 114 capacity groups,UNKNOWN,300,1117,6.76347,0.302284,RUN_LKK,100,1017,0,RUN_LKK,0.674597,COMPLETE,4.55455,UNKNOWN,"incomplete_or_ambiguous_resource_mapping:[61, 62, 63, 79, 80, 81, 115, 116, 117, 154, 155, 156, 160, 161, 162, 184, 185, 186, 208, 209, 210, 220, 221, 222, 229, 230, 231, 232, 233, 234, 247, 248, 249, 256, 257, 258, 262, 263, 264, 271, 272, 273, 298, 299, 300]",100,114,0,UNKNOWN,13.9876,38.760654,False,8
flat100-2.cnf,SATLIB,flat100,matching_capacity,/work/benchmarks/phase5/satlib/flat100/flat100-2.cnf,4db1e3d8c71014453eaddf3d9cdbf03bdf39205a77d85f7deeaee3cab29da798,evaluation,resource_allocation_like,100 exact-r boxes over 120 capacity groups,UNKNOWN,300,1117,5.84742,0.299781,RUN_LKK,100,1017,0,RUN_LKK,0.593867,COMPLETE,3.86879,UNKNOWN,"incomplete_or_ambiguous_resource_mapping:[202, 203, 204, 214, 215, 216, 235, 236, 237, 244, 245, 246, 247, 248, 249, 250, 251, 252, 256, 257, 258, 259, 260, 261, 262, 263, 264, 268, 269, 270, 271, 272, 273, 277, 278, 279, 280, 281, 282, 283, 284, 285, 289, 290, 291, 295, 296, 297, 298, 299, 300]",100,120,0,UNKNOWN,12.0461,36.233886,False,8
flat100-20.cnf,SATLIB,flat100,matching_capacity,/work/benchmarks/phase5/satlib/flat100/flat100-20.cnf,0f49aff4cff5cec229dbbaeaa7859113baa81b2e99b7cd17c024c10c30a23b3d,evaluation,resource_allocation_like,100 exact-r boxes over 108 capacity groups,UNKNOWN,300,1117,7.22113,0.324242,RUN_LKK,100,1017,0,RUN_LKK,0.62988,COMPLETE,4.59534,UNKNOWN,"incomplete_or_ambiguous_resource_mapping:[58, 59, 60, 73, 74, 75, 94, 95, 96, 154, 155, 156, 163, 164, 165, 196, 197, 198, 199, 200, 201, 205, 206, 207, 214, 215, 216, 226, 227, 228, 250, 251, 252, 262, 263, 264, 265, 266, 267, 271, 272, 273, 277, 278, 279, 280, 281, 282, 283, 284, 285, 292, 293, 294]",100,108,0,UNKNOWN,13.9812,36.014023,False,8
flat100-21.cnf,SATLIB,flat100,matching_capacity,/work/benchmarks/phase5/satlib/flat100/flat100-21.cnf,a53316c4209e2085e58decd0a9d8a5220a60c5bb5f3342ca248a0205d5e1202b,evaluation,resource_allocation_like,100 exact-r boxes over 114 capacity groups,UNKNOWN,300,1117,6.50757,0.4134,RUN_LKK,100,1017,0,RUN_LKK,0.597948,COMPLETE,3.18273,UNKNOWN,"incomplete_or_ambiguous_resource_mapping:[97, 98, 99, 100, 101, 102, 205, 206, 207, 208, 209, 210, 217, 218, 219, 220, 221, 222, 235, 236, 237, 238, 239, 240, 244, 245, 246, 256, 257, 258, 286, 287, 288, 292, 293, 294, 298, 299, 300]",100,114,0,UNKNOWN,11.8916,35.020917,False,8
flat100-22.cnf,SATLIB,flat100,matching_capacity,/work/benchmarks/phase5/satlib/flat100/flat100-22.cnf,9ceb2efd2e5e41303b2180642decb0c0d70b8768d87a5019d543d9a54fb86b03,evaluation,resource_allocation_like,100 exact-r boxes over 114 capacity groups,UNKNOWN,300,1117,4.7274,0.315435,RUN_LKK,100,1017,0,RUN_LKK,0.522223,COMPLETE,3.24656,UNKNOWN,"incomplete_or_ambiguous_resource_mapping:[88, 89, 90, 94, 95, 96, 154, 155, 156, 184, 185, 186, 229, 230, 231, 232, 233, 234, 256, 257, 258, 259, 260, 261, 268, 269, 270, 271, 272, 273, 274, 275, 276, 295, 296, 297, 298, 299, 300]",100,114,0,UNKNOWN,10.0561,34.164245,False,8
flat100-23.cnf,SATLIB,flat100,matching_capacity,/work/benchmarks/phase5/satlib/flat100/flat100-23.cnf,68ddc95a207dd10021279bf0a348b303895234e391799133a5158fd751b597ad,evaluation,resource_allocation_like,100 exact-r boxes over 111 capacity groups,UNKNOWN,300,1117,6.60314,0.444589,RUN_LKK,100,1017,0,RUN_LKK,0.663691,COMPLETE,5.4767,UNKNOWN,"incomplete_or_ambiguous_resource_mapping:[64, 65, 66, 121, 122, 123, 187, 188, 189, 190, 191, 192, 193, 194, 195, 208, 209, 210, 211, 212, 213, 220, 221, 222, 223, 224, 225, 226, 227, 228, 241, 242, 243, 247, 248, 249, 250, 251, 252, 253, 254, 255, 268, 269, 270, 274, 275, 276, 283, 284, 285, 295, 296, 297]",100,111,0,UNKNOWN,14.362,35.573899,False,8
flat100-24.cnf,SATLIB,flat100,matching_capacity,/work/benchmarks/phase5/satlib/flat100/flat100-24.cnf,9c01480fa79696c8e18374c1f97edb86f5616cec5e7a069961837ce4c6832663,evaluation,resource_allocation_like,100 exact-r boxes over 111 capacity groups,UNKNOWN,300,1117,3.63051,0.280803,RUN_LKK,100,1017,0,RUN_LKK,0.558042,COMPLETE,3.73937,UNKNOWN,"incomplete_or_ambiguous_resource_mapping:[79, 80, 81, 124, 125, 126, 151, 152, 153, 181, 182, 183, 223, 224, 225, 235, 236, 237, 238, 239, 240, 241, 242, 243, 244, 245, 246, 247, 248, 249, 259, 260, 261, 271, 272, 273, 274, 275, 276, 286, 287, 288, 298, 299, 300]",100,111,0,UNKNOWN,9.52075,34.927161,False,8
flat100-25.cnf,SATLIB,flat100,matching_capacity,/work/benchmarks/phase5/satlib/flat100/flat100-25.cnf,03874b3b6e44524bef2c5f840f96c5a3837a6f43b458755aec743f97e153e293,evaluation,resource_allocation_like,100 exact-r boxes over 117 capacity groups,UNKNOWN,300,1117,4.92576,0.230471,RUN_LKK,100,1017,0,RUN_LKK,0.530915,COMPLETE,3.02673,UNKNOWN,"incomplete_or_ambiguous_resource_mapping:[4, 5, 6, 10, 11, 12, 127, 128, 129, 163, 164, 165, 229, 230, 231, 238, 239, 240, 253, 254, 255, 256, 257, 258, 262, 263, 264, 274, 275, 276, 280, 281, 282, 292, 293, 294, 295, 296, 297]",100,117,0,UNKNOWN,9.93696,35.168775,False,8
flat100-26.cnf,SATLIB,flat100,matching_capacity,/work/benchmarks/phase5/satlib/flat100/flat100-26.cnf,071bca9da2c5046ae0cea6202a36af326ef2ff99d88bf86afc5036f44cf830c0,evaluation,resource_allocation_like,100 exact-r boxes over 99 capacity groups,UNKNOWN,300,1117,3.74293,0.228964,RUN_LKK,100,1017,0,RUN_LKK,0.451034,COMPLETE,2.6783,UNKNOWN,"incomplete_or_ambiguous_resource_mapping:[49, 50, 51, 73, 74, 75, 91, 92, 93, 136, 137, 138, 154, 155, 156, 160, 161, 162, 169, 170, 171, 172, 173, 174, 190, 191, 192, 202, 203, 204, 211, 212, 213, 214, 215, 216, 226, 227, 228, 229, 230, 231, 235, 236, 237, 244, 245, 246, 247, 248, 249, 250, 251, 252, 253, 254, 255, 271, 272, 273, 274, 275, 276, 283, 284, 285, 286, 287, 288, 289, 290, 291, 292, 293, 294]",100,99,0,UNKNOWN,8.26155,20.054037,False,8
flat100-27.cnf,SATLIB,flat100,matching_capacity,/work/benchmarks/phase5/satlib/flat100/flat100-27.cnf,849c10cdb1a17b1d3f8ae626d4db2cae0e30804586cc8dee130c1abcafbd5bea,calibration,resource_allocation_like,100 exact-r boxes over 102 capacity groups,UNKNOWN,300,1117,2.94184,0.248147,RUN_LKK,100,1017,0,RUN_LKK,0.495507,COMPLETE,3.40673,UNKNOWN,"incomplete_or_ambiguous_resource_mapping:[34, 35, 36, 58, 59, 60, 61, 62, 63, 73, 74, 75, 85, 86, 87, 160, 161, 162, 187, 188, 189, 196, 197, 198, 199, 200, 201, 211, 212, 213, 217, 218, 219, 223, 224, 225, 229, 230, 231, 235, 236, 237, 256, 257, 258, 259, 260, 261, 265, 266, 267, 271, 272, 273, 286, 287, 288, 289, 290, 291, 295, 296, 297, 298, 299, 300]",100,102,0,UNKNOWN,8.25584,18.497883,False,8
flat100-28.cnf,SATLIB,flat100,matching_capacity,/work/benchmarks/phase5/satlib/flat100/flat100-28.cnf,66302ac8b1e860fd2721fb96fe16915409a3d78ce6e0cf9068d07c45729195f6,evaluation,resource_allocation_like,100 exact-r boxes over 111 capacity groups,UNKNOWN,300,1117,3.46058,0.273502,RUN_LKK,100,1017,0,RUN_LKK,0.548778,COMPLETE,3.73153,UNKNOWN,"incomplete_or_ambiguous_resource_mapping:[85, 86, 87, 100, 101, 102, 121, 122, 123, 139, 140, 141, 172, 173, 174, 196, 197, 198, 208, 209, 210, 211, 212, 213, 214, 215, 216, 217, 218, 219, 265, 266, 267, 274, 275, 276, 277, 278, 279, 286, 287, 288, 289, 290, 291, 292, 293, 294, 298, 299, 300]",100,111,0,UNKNOWN,10.2416,35.361255,False,8
flat100-29.cnf,SATLIB,flat100,matching_capacity,/work/benchmarks/phase5/satlib/flat100/flat100-29.cnf,58c73ea4e5d7794c4f25360d5f3a403ecf2a4d6a7ab54ce1e1cb283149e80bce,evaluation,resource_allocation_like,100 exact-r boxes over 117 capacity groups,UNKNOWN,300,1117,5.11833,0.320839,RUN_LKK,100,1017,0,RUN_LKK,0.56359,COMPLETE,2.92869,UNKNOWN,"incomplete_or_ambiguous_resource_mapping:[52, 53, 54, 67, 68, 69, 70, 71, 72, 172, 173, 174, 175, 176, 177, 187, 188, 189, 220, 221, 222, 238, 239, 240, 256, 257, 258, 259, 260, 261, 280, 281, 282, 289, 290, 291, 295, 296, 297]",100,117,0,UNKNOWN,10.1748,36.319702,False,8
flat100-3.cnf,SATLIB,flat100,matching_capacity,/work/benchmarks/phase5/satlib/flat100/flat100-3.cnf,3fff7ee21e8cf1a68323b720c05e94d7875c73b1da1aa9583c3e4822897ea208,evaluation,resource_allocation_like,100 exact-r boxes over 111 capacity groups,UNKNOWN,300,1117,3.63267,0.235588,RUN_LKK,100,1017,0,RUN_LKK,0.993839,COMPLETE,5.81074,UNKNOWN,"incomplete_or_ambiguous_resource_mapping:[85, 86, 87, 136, 137, 138, 175, 176, 177, 184, 185, 186, 190, 191, 192, 214, 215, 216, 232, 233, 234, 244, 245, 246, 253, 254, 255, 256, 257, 258, 274, 275, 276, 277, 278, 279, 280, 281, 282, 283, 284, 285, 286, 287, 288, 289, 290, 291, 292, 293, 294, 295, 296, 297]",100,111,0,UNKNOWN,11.8714,35.873164,False,8
flat100-30.cnf,SATLIB,flat100,matching_capacity,/work/benchmarks/phase5/satlib/flat100/flat100-30.cnf,d3bc2ceae013452ce244fce581e0006b56b59b736c6b6974a61823b0fb08a9d9,evaluation,resource_allocation_like,100 exact-r boxes over 120 capacity groups,UNKNOWN,300,1117,2.73492,0.290391,RUN_LKK,100,1017,0,RUN_LKK,0.623008,COMPLETE,3.48662,UNKNOWN,"incomplete_or_ambiguous_resource_mapping:[178, 179, 180, 199, 200, 201, 223, 224, 225, 238, 239, 240, 250, 251, 252, 256, 257, 258, 268, 269, 270, 274, 275, 276, 277, 278, 279, 280, 281, 282, 283, 284, 285, 286, 287, 288, 289, 290, 291]",100,120,0,UNKNOWN,8.2452,19.859712,False,8
flat100-31.cnf,SATLIB,flat100,matching_capacity,/work/benchmarks/phase5/satlib/flat100/flat100-31.cnf,1a5270c56f222ebcf69158568102f359cfbc6e04ccdfa849f5a476948d1bd5c1,evaluation,resource_allocation_like,100 exact-r boxes over 120 capacity groups,UNKNOWN,300,1117,2.83147,0.22526,RUN_LKK,100,1017,0,RUN_LKK,0.476997,COMPLETE,3.71888,UNKNOWN,"incomplete_or_ambiguous_resource_mapping:[61, 62, 63, 94, 95, 96, 103, 104, 105, 211, 212, 213, 226, 227, 228, 229, 230, 231, 232, 233, 234, 250, 251, 252, 256, 257, 258, 259, 260, 261, 262, 263, 264, 271, 272, 273]",100,120,0,UNKNOWN,8.49057,35.529517,False,8
flat100-32.cnf,SATLIB,flat100,matching_capacity,/work/benchmarks/phase5/satlib/flat100/flat100-32.cnf,96c065124dbe67597525f80f90bbb883bc9aa530ad2e21f3a3a768fa42d36a3a,evaluation,resource_allocation_like,100 exact-r boxes over 114 capacity groups,UNKNOWN,300,1117,2.95952,0.248959,RUN_LKK,100,1017,0,RUN_LKK,0.609481,COMPLETE,3.52392,UNKNOWN,"incomplete_or_ambiguous_resource_mapping:[61, 62, 63, 64, 65, 66, 172, 173, 174, 208, 209, 210, 247, 248, 249, 253, 254, 255, 256, 257, 258, 259, 260, 261, 262, 263, 264, 271, 272, 273, 274, 275, 276, 277, 278, 279, 280, 281, 282, 289, 290, 291]",100,114,0,UNKNOWN,8.64032,35.132996,False,8
flat100-33.cnf,SATLIB,flat100,matching_capacity,/work/benchmarks/phase5/satlib/flat100/flat100-33.cnf,554838505328b267bb0429a86831d2ccc5c196af24c3439ce3ac09a2cce5c214,evaluation,resource_allocation_like,100 exact-r boxes over 117 capacity groups,UNKNOWN,300,1117,4.32612,0.288275,RUN_LKK,100,1017,0,RUN_LKK,0.559927,COMPLETE,5.59888,UNKNOWN,"incomplete_or_ambiguous_resource_mapping:[94, 95, 96, 136, 137, 138, 169, 170, 171, 172, 173, 174, 208, 209, 210, 217, 218, 219, 244, 245, 246, 247, 248, 249, 259, 260, 261, 265, 266, 267, 271, 272, 273, 283, 284, 285, 286, 287, 288]",100,117,0,UNKNOWN,12.1393,35.219307,False,8
flat100-34.cnf,SATLIB,flat100,matching_capacity,/work/benchmarks/phase5/satlib/flat100/flat100-34.cnf,74799ff6069534ec675f893790a953f6bb26cc7b99dc804f4644d66484cb3214,calibration,resource_allocation_like,100 exact-r boxes over 111 capacity groups,UNKNOWN,300,1117,7.44046,0.239366,RUN_LKK,100,1017,0,RUN_LKK,0.517606,COMPLETE,2.57662,UNKNOWN,"incomplete_or_ambiguous_resource_mapping:[97, 98, 99, 109, 110, 111, 148, 149, 150, 163, 164, 165, 196, 197, 198, 199, 200, 201, 202, 203, 204, 220, 221, 222, 241, 242, 243, 262, 263, 264, 265, 266, 267, 274, 275, 276, 277, 278, 279, 280, 281, 282, 283, 284, 285, 289, 290, 291, 295, 296, 297, 298, 299, 300]",100,111,0,UNKNOWN,11.9335,35.063216,False,8
flat100-35.cnf,SATLIB,flat100,matching_capacity,/work/benchmarks/phase5/satlib/flat100/flat100-35.cnf,0433a04795a48473c618de9b3b26aa294786f2020d68f94314d7f3f17a78bc4c,evaluation,resource_allocation_like,100 exact-r boxes over 114 capacity groups,UNKNOWN,300,1117,3.05785,0.256128,RUN_LKK,100,1017,0,RUN_LKK,0.514834,COMPLETE,2.71048,UNKNOWN,"incomplete_or_ambiguous_resource_mapping:[16, 17, 18, 91, 92, 93, 100, 101, 102, 193, 194, 195, 202, 203, 204, 220, 221, 222, 226, 227, 228, 232, 233, 234, 256, 257, 258, 259, 260, 261, 262, 263, 264, 265, 266, 267, 271, 272, 273, 289, 290, 291, 295, 296, 297, 298, 299, 300]",100,114,0,UNKNOWN,7.76944,35.038703,False,8
flat100-36.cnf,SATLIB,flat100,matching_capacity,/work/benchmarks/phase5/satlib/flat100/flat100-36.cnf,6aebe11106e4f1a4175d5582ab37b194ed8e8575be19bd740786ac3f8b21af4f,calibration,resource_allocation_like,100 exact-r boxes over 111 capacity groups,UNKNOWN,300,1117,5.60291,0.476557,RUN_LKK,100,1017,0,RUN_LKK,0.506491,COMPLETE,3.19634,UNKNOWN,"incomplete_or_ambiguous_resource_mapping:[22, 23, 24, 73, 74, 75, 124, 125, 126, 193, 194, 195, 196, 197, 198, 211, 212, 213, 229, 230, 231, 232, 233, 234, 238, 239, 240, 250, 251, 252, 259, 260, 261, 265, 266, 267, 274, 275, 276, 277, 278, 279, 289, 290, 291, 292, 293, 294, 295, 296, 297]",100,111,0,UNKNOWN,11.3929,34.768646,False,8
flat100-37.cnf,SATLIB,flat100,matching_capacity,/work/benchmarks/phase5/satlib/flat100/flat100-37.cnf,985c755cb83e755a7f897204e996eda1b76c0e503a0ad7b7f00cd9e2b9d5b9ce,evaluation,resource_allocation_like,100 exact-r boxes over 114 capacity groups,UNKNOWN,300,1117,6.38812,0.27992,RUN_LKK,100,1017,0,RUN_LKK,0.964877,COMPLETE,4.22675,UNKNOWN,"incomplete_or_ambiguous_resource_mapping:[46, 47, 48, 169, 170, 171, 193, 194, 195, 196, 197, 198, 199, 200, 201, 202, 203, 204, 205, 206, 207, 217, 218, 219, 235, 236, 237, 250, 251, 252, 253, 254, 255, 262, 263, 264, 265, 266, 267, 271, 272, 273, 283, 284, 285, 289, 290, 291, 295, 296, 297, 298, 299, 300]",100,114,0,UNKNOWN,13.1965,36.422333,False,8
flat100-38.cnf,SATLIB,flat100,matching_capacity,/work/benchmarks/phase5/satlib/flat100/flat100-38.cnf,3a5c21b8884dd9281fdbaf7ccf326cb3a05302762795232290fb3289f3c60a16,evaluation,resource_allocation_like,100 exact-r boxes over 111 capacity groups,UNKNOWN,300,1117,4.83523,0.311717,RUN_LKK,100,1017,0,RUN_LKK,0.881231,COMPLETE,3.72145,UNKNOWN,"incomplete_or_ambiguous_resource_mapping:[76, 77, 78, 151, 152, 153, 166, 167, 168, 193, 194, 195, 202, 203, 204, 217, 218, 219, 232, 233, 234, 235, 236, 237, 250, 251, 252, 268, 269, 270, 271, 272, 273, 277, 278, 279, 283, 284, 285, 286, 287, 288, 295, 296, 297]",100,111,0,UNKNOWN,11.4417,35.005819,False,8
flat100-39.cnf,SATLIB,flat100,matching_capacity,/work/benchmarks/phase5/satlib/flat100/flat100-39.cnf,4f6155b779193e94ed31d468cacba833b70df52bf37b80e7ed520298afe212ae,evaluation,resource_allocation_like,100 exact-r boxes over 108 capacity groups,UNKNOWN,300,1117,7.78394,0.296487,RUN_LKK,100,1017,0,RUN_LKK,0.604229,COMPLETE,4.82879,UNKNOWN,"incomplete_or_ambiguous_resource_mapping:[31, 32, 33, 64, 65, 66, 91, 92, 93, 166, 167, 168, 169, 170, 171, 187, 188, 189, 211, 212, 213, 217, 218, 219, 220, 221, 222, 235, 236, 237, 250, 251, 252, 256, 257, 258, 265, 266, 267, 268, 269, 270, 271, 272, 273, 274, 275, 276, 277, 278, 279, 286, 287, 288, 292, 293, 294, 298, 299, 300]",100,108,0,UNKNOWN,14.7878,36.336906,False,8
flat100-4.cnf,SATLIB,flat100,matching_capacity,/work/benchmarks/phase5/satlib/flat100/flat100-4.cnf,bcca19e641fd5cae197003af2d80411714350b7dc9547cf3c59071b3f8b44923,evaluation,resource_allocation_like,100 exact-r boxes over 117 capacity groups,UNKNOWN,300,1117,6.40545,0.318473,RUN_LKK,100,1017,0,RUN_LKK,0.732531,COMPLETE,4.08763,UNKNOWN,"incomplete_or_ambiguous_resource_mapping:[43, 44, 45, 133, 134, 135, 151, 152, 153, 232, 233, 234, 241, 242, 243, 244, 245, 246, 250, 251, 252, 253, 254, 255, 256, 257, 258, 259, 260, 261, 262, 263, 264, 268, 269, 270, 277, 278, 279, 280, 281, 282, 283, 284, 285, 289, 290, 291, 295, 296, 297, 298, 299, 300]",100,117,0,UNKNOWN,12.9818,35.366349,False,8
flat100-40.cnf,SATLIB,flat100,matching_capacity,/work/benchmarks/phase5/satlib/flat100/flat100-40.cnf,75ed5c541fdaf816317755b0006cc43aec7ed25f9048347903e3f0409542737e,calibration,resource_allocation_like,100 exact-r boxes over 114 capacity groups,UNKNOWN,300,1117,5.69386,0.320769,RUN_LKK,100,1017,0,RUN_LKK,0.724153,COMPLETE,7.25366,UNKNOWN,"incomplete_or_ambiguous_resource_mapping:[40, 41, 42, 139, 140, 141, 208, 209, 210, 220, 221, 222, 247, 248, 249, 256, 257, 258, 259, 260, 261, 265, 266, 267, 268, 269, 270, 271, 272, 273, 277, 278, 279, 280, 281, 282, 289, 290, 291, 292, 293, 294, 298, 299, 300]",100,114,0,UNKNOWN,15.3087,36.010793,False,8
flat100-41.cnf,SATLIB,flat100,matching_capacity,/work/benchmarks/phase5/satlib/flat100/flat100-41.cnf,d8ad20445f747cbdadc4974dc736adaf32403208438750a6670c339d588c237a,evaluation,resource_allocation_like,100 exact-r boxes over 108 capacity groups,UNKNOWN,300,1117,7.09819,0.310005,RUN_LKK,100,1017,0,RUN_LKK,0.598976,COMPLETE,4.12243,UNKNOWN,"incomplete_or_ambiguous_resource_mapping:[73, 74, 75, 91, 92, 93, 130, 131, 132, 151, 152, 153, 154, 155, 156, 184, 185, 186, 199, 200, 201, 208, 209, 210, 220, 221, 222, 229, 230, 231, 232, 233, 234, 238, 239, 240, 247, 248, 249, 250, 251, 252, 256, 257, 258, 274, 275, 276, 277, 278, 279, 283, 284, 285, 286, 287, 288, 295, 296, 297, 298, 299, 300]",100,108,0,UNKNOWN,13.5899,34.941059,False,8
flat100-42.cnf,SATLIB,flat100,matching_capacity,/work/benchmarks/phase5/satlib/flat100/flat100-42.cnf,14df3963cbd1b9130ee808f55eef5ab9ca14801c283eaddc8a34d4ddabc57b34,evaluation,resource_allocation_like,100 exact-r boxes over 108 capacity groups,UNKNOWN,300,1117,7.62394,0.220764,RUN_LKK,100,1017,0,RUN_LKK,0.568633,COMPLETE,3.05136,UNKNOWN,"incomplete_or_ambiguous_resource_mapping:[16, 17, 18, 91, 92, 93, 118, 119, 120, 127, 128, 129, 133, 134, 135, 157, 158, 159, 184, 185, 186, 196, 197, 198, 211, 212, 213, 226, 227, 228, 238, 239, 240, 250, 251, 252, 253, 254, 255, 256, 257, 258, 259, 260, 261, 262, 263, 264, 268, 269, 270, 274, 275, 276, 280, 281, 282, 283, 284, 285, 295, 296, 297, 298, 299, 300]",100,108,0,UNKNOWN,12.9629,35.994589,False,8
flat100-43.cnf,SATLIB,flat100,matching_capacity,/work/benchmarks/phase5/satlib/flat100/flat100-43.cnf,8f9748ab91ee4d47731f3abf7fe5f2587566caf2e2b0f6c9858567acd0bf50f2,evaluation,resource_allocation_like,100 exact-r boxes over 120 capacity groups,UNKNOWN,300,1117,6.7509,0.311894,RUN_LKK,100,1017,0,RUN_LKK,0.616837,COMPLETE,4.60895,UNKNOWN,"incomplete_or_ambiguous_resource_mapping:[154, 155, 156, 172, 173, 174, 214, 215, 216, 226, 227, 228, 247, 248, 249, 259, 260, 261, 274, 275, 276, 280, 281, 282, 289, 290, 291, 292, 293, 294, 298, 299, 300]",100,120,0,UNKNOWN,13.7377,36.222515,False,8
flat100-44.cnf,SATLIB,flat100,matching_capacity,/work/benchmarks/phase5/satlib/flat100/flat100-44.cnf,aa1a9d80b5a478da9c2bc10be73570fda0e36f8ea5f12b7c163665817f2290fc,evaluation,resource_allocation_like,100 exact-r boxes over 117 capacity groups,UNKNOWN,300,1117,6.15066,0.29891,RUN_LKK,100,1017,0,RUN_LKK,0.658691,COMPLETE,4.06261,UNKNOWN,"incomplete_or_ambiguous_resource_mapping:[91, 92, 93, 133, 134, 135, 139, 140, 141, 154, 155, 156, 175, 176, 177, 193, 194, 195, 211, 212, 213, 214, 215, 216, 265, 266, 267, 268, 269, 270, 280, 281, 282, 286, 287, 288, 298, 299, 300]",100,117,0,UNKNOWN,12.5705,35.630867,False,8
flat100-45.cnf,SATLIB,flat100,matching_capacity,/work/benchmarks/phase5/satlib/flat100/flat100-45.cnf,aadb873f6210fb18d5701160591cb124b6278cf8ea4445a13c82292622dc6cb9,calibration,resource_allocation_like,100 exact-r boxes over 117 capacity groups,UNKNOWN,300,1117,5.49878,0.299863,RUN_LKK,100,1017,0,RUN_LKK,0.716293,COMPLETE,4.34636,UNKNOWN,"incomplete_or_ambiguous_resource_mapping:[109, 110, 111, 151, 152, 153, 175, 176, 177, 178, 179, 180, 199, 200, 201, 205, 206, 207, 220, 221, 222, 238, 239, 240, 253, 254, 255, 262, 263, 264, 268, 269, 270, 280, 281, 282, 292, 293, 294, 298, 299, 300]",100,117,0,UNKNOWN,12.7768,35.706656,False,8
flat100-46.cnf,SATLIB,flat100,matching_capacity,/work/benchmarks/phase5/satlib/flat100/flat100-46.cnf,7871fd6614fc6c521df6e5def12556e124e34f030acfc90995513e441b2b486a,evaluation,resource_allocation_like,100 exact-r boxes over 114 capacity groups,UNKNOWN,300,1117,7.69711,0.304656,RUN_LKK,100,1017,0,RUN_LKK,0.642558,COMPLETE,3.70393,UNKNOWN,"incomplete_or_ambiguous_resource_mapping:[100, 101, 102, 124, 125, 126, 151, 152, 153, 187, 188, 189, 214, 215, 216, 229, 230, 231, 247, 248, 249, 259, 260, 261, 268, 269, 270, 271, 272, 273, 277, 278, 279, 283, 284, 285, 286, 287, 288, 292, 293, 294]",100,114,0,UNKNOWN,13.8311,35.948827,False,8
flat100-47.cnf,SATLIB,flat100,matching_capacity,/work/benchmarks/phase5/satlib/flat100/flat100-47.cnf,55703824b63a9c2386f59aa20f659fceaa77fcc312168a4f76a3f7e52e635864,evaluation,resource_allocation_like,100 exact-r boxes over 111 capacity groups,UNKNOWN,300,1117,6.51193,0.329749,RUN_LKK,100,1017,0,RUN_LKK,0.63865,COMPLETE,3.41905,UNKNOWN,"incomplete_or_ambiguous_resource_mapping:[100, 101, 102, 139, 140, 141, 184, 185, 186, 217, 218, 219, 226, 227, 228, 232, 233, 234, 235, 236, 237, 241, 242, 243, 244, 245, 246, 247, 248, 249, 250, 251, 252, 253, 254, 255, 256, 257, 258, 265, 266, 267, 274, 275, 276, 283, 284, 285, 292, 293, 294, 295, 296, 297, 298, 299, 300]",100,111,0,UNKNOWN,11.9303,36.091566,False,8
flat100-48.cnf,SATLIB,flat100,matching_capacity,/work/benchmarks/phase5/satlib/flat100/flat100-48.cnf,0415d5a809de123f825afa67abe734b0a8a8393206ccf30323633acaab485cd0,evaluation,resource_allocation_like,100 exact-r boxes over 111 capacity groups,UNKNOWN,300,1117,6.99082,0.300731,RUN_LKK,100,1017,0,RUN_LKK,0.641861,COMPLETE,3.6756,UNKNOWN,"incomplete_or_ambiguous_resource_mapping:[34, 35, 36, 46, 47, 48, 178, 179, 180, 193, 194, 195, 211, 212, 213, 229, 230, 231, 235, 236, 237, 247, 248, 249, 253, 254, 255, 259, 260, 261, 274, 275, 276, 283, 284, 285, 286, 287, 288, 289, 290, 291, 298, 299, 300]",100,111,0,UNKNOWN,12.831,36.691042,False,8
flat100-49.cnf,SATLIB,flat100,matching_capacity,/work/benchmarks/phase5/satlib/flat100/flat100-49.cnf,fb2f01259510762eb2492286cb965a0a787d967baf9174faf79c7ff89ab69ce5,evaluation,resource_allocation_like,100 exact-r boxes over 117 capacity groups,UNKNOWN,300,1117,5.55953,0.299811,RUN_LKK,100,1017,0,RUN_LKK,0.615882,COMPLETE,3.20041,UNKNOWN,"incomplete_or_ambiguous_resource_mapping:[76, 77, 78, 82, 83, 84, 163, 164, 165, 196, 197, 198, 202, 203, 204, 214, 215, 216, 226, 227, 228, 235, 236, 237, 238, 239, 240, 244, 245, 246, 247, 248, 249, 250, 251, 252, 253, 254, 255, 265, 266, 267, 280, 281, 282, 289, 290, 291, 295, 296, 297]",100,117,0,UNKNOWN,11.2691,36.3615,False,8
flat100-5.cnf,SATLIB,flat100,matching_capacity,/work/benchmarks/phase5/satlib/flat100/flat100-5.cnf,4f154e611550b9d4db740872b94561a907a80462df4197e42e6ea09c770fc71f,evaluation,resource_allocation_like,100 exact-r boxes over 99 capacity groups,UNKNOWN,300,1117,4.78864,0.308762,RUN_LKK,100,1017,0,RUN_LKK,0.672357,COMPLETE,3.15724,UNKNOWN,"incomplete_or_ambiguous_resource_mapping:[46, 47, 48, 85, 86, 87, 145, 146, 147, 169, 170, 171, 172, 173, 174, 187, 188, 189, 193, 194, 195, 202, 203, 204, 232, 233, 234, 235, 236, 237, 241, 242, 243, 247, 248, 249, 250, 251, 252, 253, 254, 255, 259, 260, 261, 262, 263, 264, 265, 266, 267, 274, 275, 276, 277, 278, 279, 280, 281, 282, 292, 293, 294, 298, 299, 300]",100,99,0,UNKNOWN,10.4134,35.972775,False,8
flat100-50.cnf,SATLIB,flat100,matching_capacity,/work/benchmarks/phase5/satlib/flat100/flat100-50.cnf,40067c79aa08e4f38336b2cc87e27cc92c2d54a0ab905f349fee2fa3ca95a6ef,evaluation,resource_allocation_like,100 exact-r boxes over 117 capacity groups,UNKNOWN,300,1117,7.32784,0.525034,RUN_LKK,100,1017,0,RUN_LKK,0.708428,COMPLETE,7.7568,UNKNOWN,"incomplete_or_ambiguous_resource_mapping:[49, 50, 51, 205, 206, 207, 211, 212, 213, 229, 230, 231, 232, 233, 234, 241, 242, 243, 256, 257, 258, 274, 275, 276, 280, 281, 282, 283, 284, 285, 295, 296, 297, 298, 299, 300]",100,117,0,UNKNOWN,18.3979,36.055622,False,8
flat100-51.cnf,SATLIB,flat100,matching_capacity,/work/benchmarks/phase5/satlib/flat100/flat100-51.cnf,75c2e5f3d6fd5277e9bfce8ad51b12862ffd6bdfaf3d7838dd8ba2bac6cd41ac,evaluation,resource_allocation_like,100 exact-r boxes over 117 capacity groups,UNKNOWN,300,1117,7.41446,0.266302,RUN_LKK,100,1017,0,RUN_LKK,0.72193,COMPLETE,3.85421,UNKNOWN,"incomplete_or_ambiguous_resource_mapping:[64, 65, 66, 70, 71, 72, 73, 74, 75, 160, 161, 162, 202, 203, 204, 220, 221, 222, 238, 239, 240, 241, 242, 243, 262, 263, 264, 265, 266, 267, 277, 278, 279, 298, 299, 300]",100,117,0,UNKNOWN,13.9971,39.317074,False,8
flat100-52.cnf,SATLIB,flat100,matching_capacity,/work/benchmarks/phase5/satlib/flat100/flat100-52.cnf,7042afb3661edab3db5c0af0719bad11486833de44d1db5a9904e4dc05707c2e,evaluation,resource_allocation_like,100 exact-r boxes over 117 capacity groups,UNKNOWN,300,1117,7.6594,0.297746,RUN_LKK,100,1017,0,RUN_LKK,0.652114,COMPLETE,3.9332,UNKNOWN,"incomplete_or_ambiguous_resource_mapping:[31, 32, 33, 64, 65, 66, 67, 68, 69, 154, 155, 156, 196, 197, 198, 208, 209, 210, 214, 215, 216, 244, 245, 246, 256, 257, 258, 283, 284, 285, 286, 287, 288, 292, 293, 294, 295, 296, 297]",100,117,0,UNKNOWN,13.8302,39.658923,False,8
flat100-53.cnf,SATLIB,flat100,matching_capacity,/work/benchmarks/phase5/satlib/flat100/flat100-53.cnf,e1a9655251e7ac50ed3200ec1fc8889f1916a749142f3e1ee951049314c27dd6,calibration,resource_allocation_like,100 exact-r boxes over 114 capacity groups,UNKNOWN,300,1117,4.15468,0.256237,RUN_LKK,100,1017,0,RUN_LKK,0.596039,COMPLETE,3.59068,UNKNOWN,"incomplete_or_ambiguous_resource_mapping:[40, 41, 42, 88, 89, 90, 100, 101, 102, 106, 107, 108, 172, 173, 174, 190, 191, 192, 205, 206, 207, 208, 209, 210, 229, 230, 231, 232, 233, 234, 241, 242, 243, 244, 245, 246, 262, 263, 264, 268, 269, 270, 277, 278, 279, 292, 293, 294, 295, 296, 297, 298, 299, 300]",100,114,0,UNKNOWN,10.0021,39.807664,False,8
flat100-54.cnf,SATLIB,flat100,matching_capacity,/work/benchmarks/phase5/satlib/flat100/flat100-54.cnf,9f55f256d7bbdafb19bd06455583064910f4f203c5c266254b5fa459aa52308e,evaluation,resource_allocation_like,100 exact-r boxes over 111 capacity groups,UNKNOWN,300,1117,3.96732,0.295641,RUN_LKK,100,1017,0,RUN_LKK,0.66272,COMPLETE,3.66383,UNKNOWN,"incomplete_or_ambiguous_resource_mapping:[40, 41, 42, 70, 71, 72, 91, 92, 93, 190, 191, 192, 211, 212, 213, 223, 224, 225, 232, 233, 234, 235, 236, 237, 250, 251, 252, 256, 257, 258, 259, 260, 261, 274, 275, 276, 277, 278, 279, 283, 284, 285, 292, 293, 294, 295, 296, 297, 298, 299, 300]",100,111,0,UNKNOWN,10.1227,37.590997,False,8
flat100-55.cnf,SATLIB,flat100,matching_capacity,/work/benchmarks/phase5/satlib/flat100/flat100-55.cnf,8c0bbc8a977398367e77921873003422ca196c7c25150b6aaf0bc99118bac577,evaluation,resource_allocation_like,100 exact-r boxes over 99 capacity groups,UNKNOWN,300,1117,4.46826,0.333772,RUN_LKK,100,1017,0,RUN_LKK,0.892967,COMPLETE,4.19886,UNKNOWN,"incomplete_or_ambiguous_resource_mapping:[28, 29, 30, 40, 41, 42, 55, 56, 57, 67, 68, 69, 100, 101, 102, 139, 140, 141, 154, 155, 156, 172, 173, 174, 175, 176, 177, 199, 200, 201, 202, 203, 204, 226, 227, 228, 232, 233, 234, 235, 236, 237, 244, 245, 246, 247, 248, 249, 253, 254, 255, 274, 275, 276, 280, 281, 282, 289, 290, 291, 295, 296, 297, 298, 299, 300]",100,99,0,UNKNOWN,11.9119,37.269955,False,8
flat100-56.cnf,SATLIB,flat100,matching_capacity,/work/benchmarks/phase5/satlib/flat100/flat100-56.cnf,88bb3c6f6407b3e6e34d80c57ce0c9802f8d35fd68a42de8ab6e254a2451302d,evaluation,resource_allocation_like,100 exact-r boxes over 114 capacity groups,UNKNOWN,300,1117,7.23956,0.291936,RUN_LKK,100,1017,0,RUN_LKK,0.67822,COMPLETE,3.67205,UNKNOWN,"incomplete_or_ambiguous_resource_mapping:[127, 128, 129, 160, 161, 162, 184, 185, 186, 205, 206, 207, 211, 212, 213, 235, 236, 237, 244, 245, 246, 247, 248, 249, 256, 257, 258, 265, 266, 267, 268, 269, 270, 271, 272, 273, 274, 275, 276, 277, 278, 279, 286, 287, 288, 295, 296, 297]",100,114,0,UNKNOWN,13.1517,36.196132,False,8
flat100-57.cnf,SATLIB,flat100,matching_capacity,/work/benchmarks/phase5/satlib/flat100/flat100-57.cnf,d800e7302f882fefcb641cd7c618f2130fe79ce05a764d9317bab9f49e676e7e,evaluation,resource_allocation_like,100 exact-r boxes over 120 capacity groups,UNKNOWN,300,1117,4.53871,0.348913,RUN_LKK,100,1017,0,RUN_LKK,0.685097,COMPLETE,3.91722,UNKNOWN,"incomplete_or_ambiguous_resource_mapping:[16, 17, 18, 82, 83, 84, 118, 119, 120, 184, 185, 186, 193, 194, 195, 217, 218, 219, 226, 227, 228, 265, 266, 267, 268, 269, 270, 274, 275, 276, 277, 278, 279, 289, 290, 291, 298, 299, 300]",100,120,0,UNKNOWN,10.841,34.771628,False,8
flat100-58.cnf,SATLIB,flat100,matching_capacity,/work/benchmarks/phase5/satlib/flat100/flat100-58.cnf,749b0dfa37a09b109719733d16fd1a94b011f21eaa20ac6bd8b8057523be8800,evaluation,resource_allocation_like,100 exact-r boxes over 111 capacity groups,UNKNOWN,300,1117,5.86668,0.325714,RUN_LKK,100,1017,0,RUN_LKK,0.673479,COMPLETE,3.89302,UNKNOWN,"incomplete_or_ambiguous_resource_mapping:[31, 32, 33, 85, 86, 87, 103, 104, 105, 175, 176, 177, 184, 185, 186, 196, 197, 198, 205, 206, 207, 211, 212, 213, 220, 221, 222, 253, 254, 255, 256, 257, 258, 259, 260, 261, 262, 263, 264, 265, 266, 267, 274, 275, 276, 286, 287, 288]",100,111,0,UNKNOWN,12.617,34.909944,False,8
flat100-59.cnf,SATLIB,flat100,matching_capacity,/work/benchmarks/phase5/satlib/flat100/flat100-59.cnf,e4d97a4575998dae54314ad4f661594716df3e28120677af3978296df4a78cd8,evaluation,resource_allocation_like,100 exact-r boxes over 117 capacity groups,UNKNOWN,300,1117,8.07329,0.291451,RUN_LKK,100,1017,0,RUN_LKK,0.529572,COMPLETE,3.06338,UNKNOWN,"incomplete_or_ambiguous_resource_mapping:[46, 47, 48, 85, 86, 87, 157, 158, 159, 208, 209, 210, 238, 239, 240, 241, 242, 243, 256, 257, 258, 271, 272, 273, 280, 281, 282, 286, 287, 288]",100,117,0,UNKNOWN,13.4674,35.451499,False,8
flat100-6.cnf,SATLIB,flat100,matching_capacity,/work/benchmarks/phase5/satlib/flat100/flat100-6.cnf,3436ad1187f0fdd49d0cb67b6c07363d2402277cd246fb178a937bb5a84cf7b0,calibration,resource_allocation_like,100 exact-r boxes over 111 capacity groups,UNKNOWN,300,1117,6.92169,0.255795,RUN_LKK,100,1017,0,RUN_LKK,0.517513,COMPLETE,2.64748,UNKNOWN,"incomplete_or_ambiguous_resource_mapping:[22, 23, 24, 55, 56, 57, 133, 134, 135, 154, 155, 156, 175, 176, 177, 202, 203, 204, 226, 227, 228, 232, 233, 234, 235, 236, 237, 244, 245, 246, 247, 248, 249, 259, 260, 261, 271, 272, 273, 286, 287, 288, 289, 290, 291, 292, 293, 294]",100,111,0,UNKNOWN,11.7505,37.400404,False,8
flat100-60.cnf,SATLIB,flat100,matching_capacity,/work/benchmarks/phase5/satlib/flat100/flat100-60.cnf,f0b883eb84cff3a5cbabc934410ee69f458dc22d64e89f41b8706f5f0b8a78c3,evaluation,resource_allocation_like,100 exact-r boxes over 117 capacity groups,UNKNOWN,300,1117,5.14647,0.303285,RUN_LKK,100,1017,0,RUN_LKK,0.570655,COMPLETE,3.05298,UNKNOWN,"incomplete_or_ambiguous_resource_mapping:[142, 143, 144, 187, 188, 189, 190, 191, 192, 217, 218, 219, 220, 221, 222, 253, 254, 255, 265, 266, 267, 271, 272, 273, 277, 278, 279, 280, 281, 282, 283, 284, 285, 286, 287, 288, 289, 290, 291, 295, 296, 297, 298, 299, 300]",100,117,0,UNKNOWN,10.3038,36.055373,False,8
flat100-61.cnf,SATLIB,flat100,matching_capacity,/work/benchmarks/phase5/satlib/flat100/flat100-61.cnf,3637c88e422edb9126abfac0ad2316f8dc4c9aa8178f5c8eaf55a27f35a2771a,evaluation,resource_allocation_like,100 exact-r boxes over 108 capacity groups,UNKNOWN,300,1117,5.28938,0.295293,RUN_LKK,100,1017,0,RUN_LKK,0.680572,COMPLETE,3.81258,UNKNOWN,"incomplete_or_ambiguous_resource_mapping:[97, 98, 99, 100, 101, 102, 196, 197, 198, 205, 206, 207, 211, 212, 213, 220, 221, 222, 235, 236, 237, 238, 239, 240, 244, 245, 246, 247, 248, 249, 250, 251, 252, 253, 254, 255, 259, 260, 261, 262, 263, 264, 265, 266, 267, 268, 269, 270, 283, 284, 285, 286, 287, 288, 289, 290, 291, 292, 293, 294, 295, 296, 297]",100,108,0,UNKNOWN,11.5392,36.602625,False,8
flat100-62.cnf,SATLIB,flat100,matching_capacity,/work/benchmarks/phase5/satlib/flat100/flat100-62.cnf,f6eddbe00dab7c56b3b1480a1ff0eb5377258e7242ad0c253855e19d5a3ef6b0,evaluation,resource_allocation_like,100 exact-r boxes over 105 capacity groups,UNKNOWN,300,1117,4.21853,0.318872,RUN_LKK,100,1017,0,RUN_LKK,0.649714,COMPLETE,4.23464,UNKNOWN,"incomplete_or_ambiguous_resource_mapping:[73, 74, 75, 79, 80, 81, 91, 92, 93, 148, 149, 150, 160, 161, 162, 193, 194, 195, 196, 197, 198, 202, 203, 204, 223, 224, 225, 226, 227, 228, 229, 230, 231, 232, 233, 234, 238, 239, 240, 244, 245, 246, 247, 248, 249, 256, 257, 258, 262, 263, 264, 271, 272, 273, 274, 275, 276, 283, 284, 285, 298, 299, 300]",100,105,0,UNKNOWN,11.4354,35.383337,False,8
flat100-63.cnf,SATLIB,flat100,matching_capacity,/work/benchmarks/phase5/satlib/flat100/flat100-63.cnf,f016ad2da84fbeb6152aac498935298f7185cad729bf78f15d6f8b90ca4141d4,evaluation,resource_allocation_like,100 exact-r boxes over 126 capacity groups,UNKNOWN,300,1117,5.39013,0.298784,RUN_LKK,100,1017,0,RUN_LKK,0.619747,COMPLETE,3.03391,UNKNOWN,"incomplete_or_ambiguous_resource_mapping:[67, 68, 69, 85, 86, 87, 193, 194, 195, 259, 260, 261, 271, 272, 273, 280, 281, 282, 295, 296, 297]",100,126,0,UNKNOWN,10.5125,34.658163,False,8
flat100-64.cnf,SATLIB,flat100,matching_capacity,/work/benchmarks/phase5/satlib/flat100/flat100-64.cnf,e1f94ed76f0baff174297c773ed956a1f13bc75ccaa5d8281c596691a7cc2a40,evaluation,resource_allocation_like,100 exact-r boxes over 108 capacity groups,UNKNOWN,300,1117,4.39619,0.247567,RUN_LKK,100,1017,0,RUN_LKK,0.480649,COMPLETE,4.00892,UNKNOWN,"incomplete_or_ambiguous_resource_mapping:[94, 95, 96, 97, 98, 99, 148, 149, 150, 160, 161, 162, 199, 200, 201, 202, 203, 204, 217, 218, 219, 229, 230, 231, 235, 236, 237, 238, 239, 240, 241, 242, 243, 244, 245, 246, 259, 260, 261, 262, 263, 264, 265, 266, 267, 274, 275, 276, 283, 284, 285, 286, 287, 288, 292, 293, 294, 295, 296, 297, 298, 299, 300]",100,108,0,UNKNOWN,10.4733,35.988243,False,8
flat100-65.cnf,SATLIB,flat100,matching_capacity,/work/benchmarks/phase5/satlib/flat100/flat100-65.cnf,d3e2faacea19aa5fb2b81fb7ed683a36f4d9aafa2fedcac5fcc691f4eec1b803,evaluation,resource_allocation_like,100 exact-r boxes over 114 capacity groups,UNKNOWN,300,1117,6.16846,0.30124,RUN_LKK,100,1017,0,RUN_LKK,0.622681,COMPLETE,3.08255,UNKNOWN,"incomplete_or_ambiguous_resource_mapping:[91, 92, 93, 97, 98, 99, 130, 131, 132, 139, 140, 141, 205, 206, 207, 226, 227, 228, 250, 251, 252, 253, 254, 255, 256, 257, 258, 271, 272, 273, 274, 275, 276, 277, 278, 279, 283, 284, 285, 289, 290, 291, 292, 293, 294, 295, 296, 297, 298, 299, 300]",100,114,0,UNKNOWN,11.2528,34.615886,False,8
flat100-66.cnf,SATLIB,flat100,matching_capacity,/work/benchmarks/phase5/satlib/flat100/flat100-66.cnf,01a7305a7986b8619e14803831cc9db735a9a69b4b7806311f96f0ca2c1139e0,evaluation,resource_allocation_like,100 exact-r boxes over 123 capacity groups,UNKNOWN,300,1117,5.61055,0.336387,RUN_LKK,100,1017,0,RUN_LKK,0.666003,COMPLETE,2.85697,UNKNOWN,"incomplete_or_ambiguous_resource_mapping:[40, 41, 42, 85, 86, 87, 94, 95, 96, 145, 146, 147, 226, 227, 228, 235, 236, 237, 247, 248, 249, 250, 251, 252, 277, 278, 279, 292, 293, 294, 298, 299, 300]",100,123,0,UNKNOWN,10.602,35.559689,False,8
flat100-67.cnf,SATLIB,flat100,matching_capacity,/work/benchmarks/phase5/satlib/flat100/flat100-67.cnf,f4c412a859976df6ea1c2b595b6acc74cacd4d50aca9a5f9255b0a5a27051e44,calibration,resource_allocation_like,100 exact-r boxes over 117 capacity groups,UNKNOWN,300,1117,4.70925,0.259414,RUN_LKK,100,1017,0,RUN_LKK,0.590691,COMPLETE,3.01591,UNKNOWN,"incomplete_or_ambiguous_resource_mapping:[43, 44, 45, 112, 113, 114, 130, 131, 132, 199, 200, 201, 202, 203, 204, 211, 212, 213, 217, 218, 219, 232, 233, 234, 241, 242, 243, 244, 245, 246, 253, 254, 255, 259, 260, 261, 262, 263, 264, 265, 266, 267, 274, 275, 276, 277, 278, 279, 289, 290, 291, 298, 299, 300]",100,117,0,UNKNOWN,9.77725,35.76743,False,8
flat100-68.cnf,SATLIB,flat100,matching_capacity,/work/benchmarks/phase5/satlib/flat100/flat100-68.cnf,96392a3a6cb2c7d3305e0b4c441840de9a872b12badaac5d916769492faf9795,evaluation,resource_allocation_like,100 exact-r boxes over 108 capacity groups,UNKNOWN,300,1117,4.06805,0.240913,RUN_LKK,100,1017,0,RUN_LKK,0.457082,COMPLETE,3.45781,UNKNOWN,"incomplete_or_ambiguous_resource_mapping:[7, 8, 9, 55, 56, 57, 85, 86, 87, 91, 92, 93, 154, 155, 156, 184, 185, 186, 187, 188, 189, 211, 212, 213, 220, 221, 222, 223, 224, 225, 259, 260, 261, 268, 269, 270, 271, 272, 273, 283, 284, 285, 286, 287, 288, 292, 293, 294, 298, 299, 300]",100,108,0,UNKNOWN,9.42309,34.698389,False,8
flat100-69.cnf,SATLIB,flat100,matching_capacity,/work/benchmarks/phase5/satlib/flat100/flat100-69.cnf,567f4e424b1ea28c4fd3e3d11d12dbc6e694d0d4fee65a349c5a046bf921e483,evaluation,resource_allocation_like,100 exact-r boxes over 111 capacity groups,UNKNOWN,300,1117,3.47373,0.227104,RUN_LKK,100,1017,0,RUN_LKK,0.513423,COMPLETE,3.05621,UNKNOWN,"incomplete_or_ambiguous_resource_mapping:[82, 83, 84, 172, 173, 174, 181, 182, 183, 190, 191, 192, 211, 212, 213, 220, 221, 222, 226, 227, 228, 229, 230, 231, 238, 239, 240, 247, 248, 249, 250, 251, 252, 253, 254, 255, 262, 263, 264, 268, 269, 270, 274, 275, 276, 280, 281, 282, 283, 284, 285, 289, 290, 291, 295, 296, 297]",100,111,0,UNKNOWN,8.4328,18.7143,False,8
flat100-7.cnf,SATLIB,flat100,matching_capacity,/work/benchmarks/phase5/satlib/flat100/flat100-7.cnf,f0efaae8056f75e46d02fb0e03f5bd53ebd2c984b98075b88eb7da7a0b7cae39,evaluation,resource_allocation_like,100 exact-r boxes over 117 capacity groups,UNKNOWN,300,1117,3.7357,0.28116,RUN_LKK,100,1017,0,RUN_LKK,0.653754,COMPLETE,3.81632,UNKNOWN,"incomplete_or_ambiguous_resource_mapping:[85, 86, 87, 94, 95, 96, 166, 167, 168, 220, 221, 222, 235, 236, 237, 241, 242, 243, 250, 251, 252, 253, 254, 255, 256, 257, 258, 262, 263, 264, 271, 272, 273, 274, 275, 276, 277, 278, 279, 292, 293, 294, 295, 296, 297, 298, 299, 300]",100,117,0,UNKNOWN,9.91227,35.74492,False,8
flat100-70.cnf,SATLIB,flat100,matching_capacity,/work/benchmarks/phase5/satlib/flat100/flat100-70.cnf,0052896383472bbd00ba8318927e709d807cbf006d1d3a4e4faf9fb333b82b26,evaluation,resource_allocation_like,100 exact-r boxes over 114 capacity groups,UNKNOWN,300,1117,5.50581,0.300026,RUN_LKK,100,1017,0,RUN_LKK,0.635868,COMPLETE,3.36135,UNKNOWN,"incomplete_or_ambiguous_resource_mapping:[181, 182, 183, 190, 191, 192, 214, 215, 216, 223, 224, 225, 226, 227, 228, 238, 239, 240, 244, 245, 246, 250, 251, 252, 253, 254, 255, 256, 257, 258, 262, 263, 264, 268, 269, 270, 277, 278, 279, 280, 281, 282, 283, 284, 285, 289, 290, 291, 292, 293, 294, 295, 296, 297, 298, 299, 300]",100,114,0,UNKNOWN,10.8029,34.818573,False,8
flat100-71.cnf,SATLIB,flat100,matching_capacity,/work/benchmarks/phase5/satlib/flat100/flat100-71.cnf,348f2bf052a12e3e725767f944cb6daf3248241d67c03bcf565fe5ba2d65a79a,calibration,resource_allocation_like,100 exact-r boxes over 105 capacity groups,UNKNOWN,300,1117,3.4287,0.22426,RUN_LKK,100,1017,0,RUN_LKK,0.455176,COMPLETE,2.60474,UNKNOWN,"incomplete_or_ambiguous_resource_mapping:[25, 26, 27, 58, 59, 60, 73, 74, 75, 82, 83, 84, 97, 98, 99, 193, 194, 195, 199, 200, 201, 205, 206, 207, 211, 212, 213, 226, 227, 228, 247, 248, 249, 271, 272, 273, 277, 278, 279, 280, 281, 282, 286, 287, 288, 289, 290, 291, 295, 296, 297, 298, 299, 300]",100,105,0,UNKNOWN,7.68569,18.884653,False,8
flat100-72.cnf,SATLIB,flat100,matching_capacity,/work/benchmarks/phase5/satlib/flat100/flat100-72.cnf,d87d5d8f0438b70e66ef8b0228d92a2e4b8bd5ff627d3e32bac4c3bc574c3d7f,evaluation,resource_allocation_like,100 exact-r boxes over 117 capacity groups,UNKNOWN,300,1117,6.2087,0.246484,RUN_LKK,100,1017,0,RUN_LKK,0.44207,COMPLETE,2.73052,UNKNOWN,"incomplete_or_ambiguous_resource_mapping:[133, 134, 135, 148, 149, 150, 175, 176, 177, 193, 194, 195, 196, 197, 198, 223, 224, 225, 226, 227, 228, 250, 251, 252, 253, 254, 255, 259, 260, 261, 277, 278, 279, 280, 281, 282, 289, 290, 291, 292, 293, 294, 298, 299, 300]",100,117,0,UNKNOWN,10.8632,34.519338,False,8
flat100-73.cnf,SATLIB,flat100,matching_capacity,/work/benchmarks/phase5/satlib/flat100/flat100-73.cnf,b4e83ee104160e6a7e5d60c3e563c77dcef79cdd6cb648ad605c3e29d5121841,calibration,resource_allocation_like,100 exact-r boxes over 114 capacity groups,UNKNOWN,300,1117,6.49692,0.290728,RUN_LKK,100,1017,0,RUN_LKK,0.579044,COMPLETE,2.96997,UNKNOWN,"incomplete_or_ambiguous_resource_mapping:[34, 35, 36, 55, 56, 57, 97, 98, 99, 214, 215, 216, 217, 218, 219, 238, 239, 240, 244, 245, 246, 247, 248, 249, 250, 251, 252, 256, 257, 258, 259, 260, 261, 268, 269, 270, 277, 278, 279, 280, 281, 282, 289, 290, 291, 292, 293, 294]",100,114,0,UNKNOWN,11.4669,36.522229,False,8
flat100-74.cnf,SATLIB,flat100,matching_capacity,/work/benchmarks/phase5/satlib/flat100/flat100-74.cnf,c5988aec77683618be98b7dde6b0cf31ea05bfc9497d4505e60fce50d0dc7439,evaluation,resource_allocation_like,100 exact-r boxes over 111 capacity groups,UNKNOWN,300,1117,3.96134,0.287573,RUN_LKK,100,1017,0,RUN_LKK,0.620332,COMPLETE,3.62249,UNKNOWN,"incomplete_or_ambiguous_resource_mapping:[142, 143, 144, 163, 164, 165, 190, 191, 192, 196, 197, 198, 205, 206, 207, 217, 218, 219, 220, 221, 222, 232, 233, 234, 238, 239, 240, 244, 245, 246, 262, 263, 264, 265, 266, 267, 274, 275, 276, 280, 281, 282, 295, 296, 297]",100,111,0,UNKNOWN,9.82996,34.545052,False,8
flat100-75.cnf,SATLIB,flat100,matching_capacity,/work/benchmarks/phase5/satlib/flat100/flat100-75.cnf,3653ddb9576e0965a2e27c17565988b2e2fab9c1083524ee555ed5831d4149d8,evaluation,resource_allocation_like,100 exact-r boxes over 108 capacity groups,UNKNOWN,300,1117,4.72536,0.225507,RUN_LKK,100,1017,0,RUN_LKK,0.489092,COMPLETE,3.06657,UNKNOWN,"incomplete_or_ambiguous_resource_mapping:[100, 101, 102, 118, 119, 120, 133, 134, 135, 214, 215, 216, 220, 221, 222, 223, 224, 225, 232, 233, 234, 238, 239, 240, 244, 245, 246, 247, 248, 249, 250, 251, 252, 256, 257, 258, 259, 260, 261, 262, 263, 264, 265, 266, 267, 271, 272, 273, 277, 278, 279, 280, 281, 282, 283, 284, 285, 286, 287, 288, 289, 290, 291, 298, 299, 300]",100,108,0,UNKNOWN,9.77199,36.290002,False,8
flat100-76.cnf,SATLIB,flat100,matching_capacity,/work/benchmarks/phase5/satlib/flat100/flat100-76.cnf,8a6570349fe94400e77430737257aced4f0d83358383e2f8b12e19def091d616,evaluation,resource_allocation_like,100 exact-r boxes over 114 capacity groups,UNKNOWN,300,1117,3.04459,0.279627,RUN_LKK,100,1017,0,RUN_LKK,0.555457,COMPLETE,2.41535,UNKNOWN,"incomplete_or_ambiguous_resource_mapping:[34, 35, 36, 172, 173, 174, 217, 218, 219, 226, 227, 228, 247, 248, 249, 253, 254, 255, 262, 263, 264, 268, 269, 270, 271, 272, 273, 277, 278, 279, 280, 281, 282, 283, 284, 285, 289, 290, 291, 298, 299, 300]",100,114,0,UNKNOWN,7.35454,19.898115,False,8
flat100-77.cnf,SATLIB,flat100,matching_capacity,/work/benchmarks/phase5/satlib/flat100/flat100-77.cnf,001da849d962fe615e9131d5118e398ba0d8e5403a07f97a8ec47cfb09fba407,evaluation,resource_allocation_like,100 exact-r boxes over 111 capacity groups,UNKNOWN,300,1117,2.82755,0.276529,RUN_LKK,100,1017,0,RUN_LKK,0.577093,COMPLETE,2.90845,UNKNOWN,"incomplete_or_ambiguous_resource_mapping:[52, 53, 54, 76, 77, 78, 178, 179, 180, 208, 209, 210, 220, 221, 222, 235, 236, 237, 244, 245, 246, 253, 254, 255, 268, 269, 270, 271, 272, 273, 280, 281, 282, 283, 284, 285, 292, 293, 294, 298, 299, 300]",100,111,0,UNKNOWN,7.66384,18.838098,False,8
flat100-78.cnf,SATLIB,flat100,matching_capacity,/work/benchmarks/phase5/satlib/flat100/flat100-78.cnf,951d6730a9f10ac5d5cba7e0f5f955d70bd6a73f709bc0c0ed4e0a4a167d2d19,evaluation,resource_allocation_like,100 exact-r boxes over 114 capacity groups,UNKNOWN,300,1117,3.84858,0.262292,RUN_LKK,100,1017,0,RUN_LKK,0.480857,COMPLETE,2.51714,UNKNOWN,"incomplete_or_ambiguous_resource_mapping:[88, 89, 90, 100, 101, 102, 148, 149, 150, 172, 173, 174, 187, 188, 189, 205, 206, 207, 220, 221, 222, 226, 227, 228, 229, 230, 231, 250, 251, 252, 265, 266, 267, 274, 275, 276, 280, 281, 282, 286, 287, 288, 292, 293, 294, 298, 299, 300]",100,114,0,UNKNOWN,8.36937,18.601483,False,8
flat100-79.cnf,SATLIB,flat100,matching_capacity,/work/benchmarks/phase5/satlib/flat100/flat100-79.cnf,cccf7b2db8b19f4cf106fbde256d0c592401269d6e419326291fc287d6b8c9fa,evaluation,resource_allocation_like,100 exact-r boxes over 108 capacity groups,UNKNOWN,300,1117,6.43211,0.352204,RUN_LKK,100,1017,0,RUN_LKK,0.616027,COMPLETE,3.88687,UNKNOWN,"incomplete_or_ambiguous_resource_mapping:[43, 44, 45, 73, 74, 75, 79, 80, 81, 121, 122, 123, 148, 149, 150, 157, 158, 159, 196, 197, 198, 202, 203, 204, 205, 206, 207, 217, 218, 219, 244, 245, 246, 247, 248, 249, 250, 251, 252, 253, 254, 255, 259, 260, 261, 274, 275, 276, 277, 278, 279, 283, 284, 285, 286, 287, 288, 292, 293, 294, 298, 299, 300]",100,108,0,UNKNOWN,12.9208,34.50676,False,8
flat100-8.cnf,SATLIB,flat100,matching_capacity,/work/benchmarks/phase5/satlib/flat100/flat100-8.cnf,e742b72cbd89a202eada5612cc5517d99c2bc757de664d1c62b52f5390659faf,evaluation,resource_allocation_like,100 exact-r boxes over 105 capacity groups,UNKNOWN,300,1117,6.83844,0.253576,RUN_LKK,100,1017,0,RUN_LKK,0.511125,COMPLETE,3.19423,UNKNOWN,"incomplete_or_ambiguous_resource_mapping:[88, 89, 90, 115, 116, 117, 124, 125, 126, 133, 134, 135, 202, 203, 204, 208, 209, 210, 229, 230, 231, 235, 236, 237, 259, 260, 261, 274, 275, 276, 277, 278, 279, 280, 281, 282, 283, 284, 285, 289, 290, 291, 292, 293, 294, 295, 296, 297, 298, 299, 300]",100,105,0,UNKNOWN,12.1063,35.161791,False,8
flat100-80.cnf,SATLIB,flat100,matching_capacity,/work/benchmarks/phase5/satlib/flat100/flat100-80.cnf,c333743d3a733f46ff64831f59d0dafb60e75b900a7f8ba64243865226f8dc91,evaluation,resource_allocation_like,100 exact-r boxes over 111 capacity groups,UNKNOWN,300,1117,5.44892,0.301561,RUN_LKK,100,1017,0,RUN_LKK,0.705931,COMPLETE,3.33721,UNKNOWN,"incomplete_or_ambiguous_resource_mapping:[4, 5, 6, 142, 143, 144, 208, 209, 210, 214, 215, 216, 217, 218, 219, 223, 224, 225, 232, 233, 234, 235, 236, 237, 244, 245, 246, 247, 248, 249, 253, 254, 255, 259, 260, 261, 268, 269, 270, 271, 272, 273, 283, 284, 285, 286, 287, 288, 289, 290, 291, 295, 296, 297]",100,111,0,UNKNOWN,11.0297,35.734971,False,8
flat100-81.cnf,SATLIB,flat100,matching_capacity,/work/benchmarks/phase5/satlib/flat100/flat100-81.cnf,aa653651661ea06470a95ed08c1d576816149f561d64cbce3ecfdbdd44641b26,evaluation,resource_allocation_like,100 exact-r boxes over 105 capacity groups,UNKNOWN,300,1117,4.10307,0.271155,RUN_LKK,100,1017,0,RUN_LKK,0.99706,COMPLETE,3.94024,UNKNOWN,"incomplete_or_ambiguous_resource_mapping:[13, 14, 15, 82, 83, 84, 154, 155, 156, 160, 161, 162, 166, 167, 168, 190, 191, 192, 193, 194, 195, 229, 230, 231, 232, 233, 234, 241, 242, 243, 244, 245, 246, 250, 251, 252, 253, 254, 255, 256, 257, 258, 259, 260, 261, 268, 269, 270, 277, 278, 279, 280, 281, 282, 289, 290, 291]",100,105,0,UNKNOWN,10.4581,35.566427,False,8
flat100-82.cnf,SATLIB,flat100,matching_capacity,/work/benchmarks/phase5/satlib/flat100/flat100-82.cnf,c18539f2de104728637766ebfef5c7c1b531a46cdb19bfa007d7bc5406344840,evaluation,resource_allocation_like,100 exact-r boxes over 120 capacity groups,UNKNOWN,300,1117,3.87374,0.27396,RUN_LKK,100,1017,0,RUN_LKK,0.876765,COMPLETE,3.46633,UNKNOWN,"incomplete_or_ambiguous_resource_mapping:[130, 131, 132, 160, 161, 162, 199, 200, 201, 205, 206, 207, 238, 239, 240, 259, 260, 261, 268, 269, 270, 274, 275, 276, 286, 287, 288, 295, 296, 297]",100,120,0,UNKNOWN,9.74552,35.534223,False,8
flat100-83.cnf,SATLIB,flat100,matching_capacity,/work/benchmarks/phase5/satlib/flat100/flat100-83.cnf,f15abe5ec5e57e671d39684392f71f4aebe3940f2bdf432861aea76bb395e594,evaluation,resource_allocation_like,100 exact-r boxes over 117 capacity groups,UNKNOWN,300,1117,3.92614,0.53366,RUN_LKK,100,1017,0,RUN_LKK,0.661426,COMPLETE,3.80425,UNKNOWN,"incomplete_or_ambiguous_resource_mapping:[124, 125, 126, 211, 212, 213, 220, 221, 222, 226, 227, 228, 238, 239, 240, 247, 248, 249, 250, 251, 252, 253, 254, 255, 262, 263, 264, 265, 266, 267, 271, 272, 273, 277, 278, 279, 280, 281, 282, 286, 287, 288, 292, 293, 294, 295, 296, 297]",100,117,0,UNKNOWN,10.2929,35.582772,False,8
flat100-84.cnf,SATLIB,flat100,matching_capacity,/work/benchmarks/phase5/satlib/flat100/flat100-84.cnf,432cadd636b56463dbd60d2f2ffef85433c1038101687f0aa69ba14ddfb3711c,evaluation,resource_allocation_like,100 exact-r boxes over 111 capacity groups,UNKNOWN,300,1117,4.9731,0.315811,RUN_LKK,100,1017,0,RUN_LKK,0.663327,COMPLETE,3.70046,UNKNOWN,"incomplete_or_ambiguous_resource_mapping:[76, 77, 78, 94, 95, 96, 136, 137, 138, 148, 149, 150, 226, 227, 228, 229, 230, 231, 232, 233, 234, 241, 242, 243, 244, 245, 246, 247, 248, 249, 265, 266, 267, 271, 272, 273, 274, 275, 276, 277, 278, 279, 286, 287, 288, 289, 290, 291, 292, 293, 294]",100,111,0,UNKNOWN,11.3105,35.283717,False,8
flat100-85.cnf,SATLIB,flat100,matching_capacity,/work/benchmarks/phase5/satlib/flat100/flat100-85.cnf,7a809dad8098b465633ff28c7742d03a4589cd094c1476b2180cbaf3639886ca,evaluation,resource_allocation_like,100 exact-r boxes over 108 capacity groups,UNKNOWN,300,1117,5.93459,0.379852,RUN_LKK,100,1017,0,RUN_LKK,0.955936,COMPLETE,3.82184,UNKNOWN,"incomplete_or_ambiguous_resource_mapping:[85, 86, 87, 94, 95, 96, 184, 185, 186, 196, 197, 198, 199, 200, 201, 205, 206, 207, 211, 212, 213, 214, 215, 216, 238, 239, 240, 256, 257, 258, 259, 260, 261, 262, 263, 264, 265, 266, 267, 268, 269, 270, 274, 275, 276, 277, 278, 279, 280, 281, 282, 283, 284, 285, 286, 287, 288, 289, 290, 291]",100,108,0,UNKNOWN,12.5345,34.739079,False,8
flat100-86.cnf,SATLIB,flat100,matching_capacity,/work/benchmarks/phase5/satlib/flat100/flat100-86.cnf,32ca7221b0e9a02098f5b255174b8ee3dd6463ee25ee13f22ace686342452b67,evaluation,resource_allocation_like,100 exact-r boxes over 114 capacity groups,UNKNOWN,300,1117,7.02051,0.27343,RUN_LKK,100,1017,0,RUN_LKK,0.629608,COMPLETE,4.40458,UNKNOWN,"incomplete_or_ambiguous_resource_mapping:[91, 92, 93, 139, 140, 141, 151, 152, 153, 199, 200, 201, 205, 206, 207, 223, 224, 225, 226, 227, 228, 238, 239, 240, 241, 242, 243, 247, 248, 249, 256, 257, 258, 262, 263, 264, 268, 269, 270, 277, 278, 279, 283, 284, 285, 292, 293, 294, 295, 296, 297]",100,114,0,UNKNOWN,13.6819,35.435706,False,8
flat100-87.cnf,SATLIB,flat100,matching_capacity,/work/benchmarks/phase5/satlib/flat100/flat100-87.cnf,088519a1d9385d1ae4084db91017851751dd387d849d9ce1e23740bd595e31b4,evaluation,resource_allocation_like,100 exact-r boxes over 108 capacity groups,UNKNOWN,300,1117,7.6442,0.316427,RUN_LKK,100,1017,0,RUN_LKK,0.523994,COMPLETE,3.14142,UNKNOWN,"incomplete_or_ambiguous_resource_mapping:[115, 116, 117, 118, 119, 120, 121, 122, 123, 172, 173, 174, 175, 176, 177, 184, 185, 186, 196, 197, 198, 226, 227, 228, 235, 236, 237, 262, 263, 264, 265, 266, 267, 268, 269, 270, 274, 275, 276, 280, 281, 282, 286, 287, 288, 298, 299, 300]",100,108,0,UNKNOWN,12.9293,36.109072,False,8
flat100-88.cnf,SATLIB,flat100,matching_capacity,/work/benchmarks/phase5/satlib/flat100/flat100-88.cnf,9de3939b0d32ddfadac3b56e902f6208b2d2f9355a131dea0d98817a4f0a6534,evaluation,resource_allocation_like,100 exact-r boxes over 111 capacity groups,UNKNOWN,300,1117,4.12345,0.279458,RUN_LKK,100,1017,0,RUN_LKK,0.649208,COMPLETE,3.0387,UNKNOWN,"incomplete_or_ambiguous_resource_mapping:[73, 74, 75, 97, 98, 99, 112, 113, 114, 124, 125, 126, 145, 146, 147, 202, 203, 204, 205, 206, 207, 208, 209, 210, 214, 215, 216, 223, 224, 225, 232, 233, 234, 256, 257, 258, 262, 263, 264, 265, 266, 267, 268, 269, 270, 280, 281, 282, 286, 287, 288]",100,111,0,UNKNOWN,9.44098,36.917878,False,8
flat100-89.cnf,SATLIB,flat100,matching_capacity,/work/benchmarks/phase5/satlib/flat100/flat100-89.cnf,05d3503583a9174290d440f2026b48265776cfbe655028ccab6ade2a4db050d1,evaluation,resource_allocation_like,100 exact-r boxes over 111 capacity groups,UNKNOWN,300,1117,5.30755,0.231119,RUN_LKK,100,1017,0,RUN_LKK,0.535345,COMPLETE,2.99069,UNKNOWN,"incomplete_or_ambiguous_resource_mapping:[1, 2, 3, 76, 77, 78, 85, 86, 87, 91, 92, 93, 181, 182, 183, 193, 194, 195, 199, 200, 201, 220, 221, 222, 226, 227, 228, 235, 236, 237, 256, 257, 258, 262, 263, 264, 274, 275, 276, 283, 284, 285, 286, 287, 288, 295, 296, 297]",100,111,0,UNKNOWN,10.4688,36.471249,False,8
flat100-9.cnf,SATLIB,flat100,matching_capacity,/work/benchmarks/phase5/satlib/flat100/flat100-9.cnf,eb9cb6d79042a058dbf0a870b75fbe3d0fd0df87110eb925db85dabeb3cf5608,evaluation,resource_allocation_like,100 exact-r boxes over 114 capacity groups,UNKNOWN,300,1117,4.37301,0.220142,RUN_LKK,100,1017,0,RUN_LKK,0.510375,COMPLETE,3.18414,UNKNOWN,"incomplete_or_ambiguous_resource_mapping:[76, 77, 78, 202, 203, 204, 226, 227, 228, 229, 230, 231, 244, 245, 246, 247, 248, 249, 250, 251, 252, 253, 254, 255, 259, 260, 261, 265, 266, 267, 277, 278, 279, 280, 281, 282, 283, 284, 285, 289, 290, 291, 295, 296, 297, 298, 299, 300]",100,114,0,UNKNOWN,9.68875,36.852682,False,8
flat100-90.cnf,SATLIB,flat100,matching_capacity,/work/benchmarks/phase5/satlib/flat100/flat100-90.cnf,b7314938df4dbdc3f540c8d9c362ca1e6afba8ffae7b61f854f54f259b39391a,calibration,resource_allocation_like,100 exact-r boxes over 117 capacity groups,UNKNOWN,300,1117,4.10985,0.227307,RUN_LKK,100,1017,0,RUN_LKK,0.477791,COMPLETE,2.66349,UNKNOWN,"incomplete_or_ambiguous_resource_mapping:[199, 200, 201, 202, 203, 204, 226, 227, 228, 229, 230, 231, 238, 239, 240, 241, 242, 243, 244, 245, 246, 253, 254, 255, 256, 257, 258, 259, 260, 261, 262, 263, 264, 265, 266, 267, 277, 278, 279, 280, 281, 282, 286, 287, 288, 292, 293, 294, 298, 299, 300]",100,117,0,UNKNOWN,8.76137,36.804675,False,8
flat100-91.cnf,SATLIB,flat100,matching_capacity,/work/benchmarks/phase5/satlib/flat100/flat100-91.cnf,3cc399e5f6c3a00878ffe0a9371687913d445b91e599c4d221e455a9d90291fa,evaluation,resource_allocation_like,100 exact-r boxes over 105 capacity groups,UNKNOWN,300,1117,4.32154,0.295023,RUN_LKK,100,1017,0,RUN_LKK,0.471934,COMPLETE,3.26177,UNKNOWN,"incomplete_or_ambiguous_resource_mapping:[61, 62, 63, 76, 77, 78, 109, 110, 111, 175, 176, 177, 178, 179, 180, 181, 182, 183, 202, 203, 204, 208, 209, 210, 211, 212, 213, 214, 215, 216, 217, 218, 219, 229, 230, 231, 238, 239, 240, 244, 245, 246, 256, 257, 258, 268, 269, 270, 274, 275, 276, 283, 284, 285, 286, 287, 288, 298, 299, 300]",100,105,0,UNKNOWN,9.8459,37.057437,False,8
flat100-92.cnf,SATLIB,flat100,matching_capacity,/work/benchmarks/phase5/satlib/flat100/flat100-92.cnf,48e213e251c830e907748d79e49d39b5fa17eedae73cedadaef28698df3ebdac,evaluation,resource_allocation_like,100 exact-r boxes over 108 capacity groups,UNKNOWN,300,1117,6.3523,0.26678,RUN_LKK,100,1017,0,RUN_LKK,0.578067,COMPLETE,2.74106,UNKNOWN,"incomplete_or_ambiguous_resource_mapping:[43, 44, 45, 46, 47, 48, 64, 65, 66, 91, 92, 93, 160, 161, 162, 169, 170, 171, 196, 197, 198, 214, 215, 216, 223, 224, 225, 235, 236, 237, 241, 242, 243, 244, 245, 246, 253, 254, 255, 259, 260, 261, 268, 269, 270, 283, 284, 285, 295, 296, 297, 298, 299, 300]",100,108,0,UNKNOWN,11.0535,34.508669,False,8
flat100-93.cnf,SATLIB,flat100,matching_capacity,/work/benchmarks/phase5/satlib/flat100/flat100-93.cnf,7d2ef638a2df42ee41fbc81d0b320735baec518787320b74ebd3704f02cb785f,evaluation,resource_allocation_like,100 exact-r boxes over 117 capacity groups,UNKNOWN,300,1117,5.24959,0.230798,RUN_LKK,100,1017,0,RUN_LKK,0.447179,COMPLETE,2.62891,UNKNOWN,"incomplete_or_ambiguous_resource_mapping:[7, 8, 9, 154, 155, 156, 172, 173, 174, 178, 179, 180, 190, 191, 192, 208, 209, 210, 226, 227, 228, 238, 239, 240, 241, 242, 243, 259, 260, 261, 268, 269, 270, 280, 281, 282, 283, 284, 285, 286, 287, 288, 295, 296, 297]",100,117,0,UNKNOWN,9.84168,36.093792,False,8
flat100-94.cnf,SATLIB,flat100,matching_capacity,/work/benchmarks/phase5/satlib/flat100/flat100-94.cnf,4d668eb871c2a2351d8fb5f04aa3239a4a89d64f07a9eea6e154db4954992c2b,evaluation,resource_allocation_like,100 exact-r boxes over 111 capacity groups,UNKNOWN,300,1117,4.39119,0.247603,RUN_LKK,100,1017,0,RUN_LKK,0.494321,COMPLETE,3.25822,UNKNOWN,"incomplete_or_ambiguous_resource_mapping:[100, 101, 102, 133, 134, 135, 172, 173, 174, 178, 179, 180, 205, 206, 207, 211, 212, 213, 217, 218, 219, 226, 227, 228, 232, 233, 234, 235, 236, 237, 238, 239, 240, 262, 263, 264, 268, 269, 270, 277, 278, 279, 292, 293, 294, 295, 296, 297, 298, 299, 300]",100,111,0,UNKNOWN,9.56839,34.939288,False,8
flat100-95.cnf,SATLIB,flat100,matching_capacity,/work/benchmarks/phase5/satlib/flat100/flat100-95.cnf,7efff1c0eb9b93e392d0614924b25e04518b52f888f3696533fc5a835317af78,evaluation,resource_allocation_like,100 exact-r boxes over 108 capacity groups,UNKNOWN,300,1117,4.94252,0.278215,RUN_LKK,100,1017,0,RUN_LKK,0.620183,COMPLETE,2.92076,UNKNOWN,"incomplete_or_ambiguous_resource_mapping:[91, 92, 93, 94, 95, 96, 154, 155, 156, 163, 164, 165, 181, 182, 183, 190, 191, 192, 199, 200, 201, 217, 218, 219, 238, 239, 240, 253, 254, 255, 265, 266, 267, 271, 272, 273, 274, 275, 276, 283, 284, 285, 286, 287, 288, 289, 290, 291]",100,108,0,UNKNOWN,9.95106,35.621491,False,8
flat100-96.cnf,SATLIB,flat100,matching_capacity,/work/benchmarks/phase5/satlib/flat100/flat100-96.cnf,e8241b883605c104f7f15bc5c38b1ca23bb4450e77f39b6d599abbd582b1d793,evaluation,resource_allocation_like,100 exact-r boxes over 117 capacity groups,UNKNOWN,300,1117,3.6841,0.460966,RUN_LKK,100,1017,0,RUN_LKK,0.517449,COMPLETE,3.44836,UNKNOWN,"incomplete_or_ambiguous_resource_mapping:[58, 59, 60, 94, 95, 96, 172, 173, 174, 205, 206, 207, 208, 209, 210, 250, 251, 252, 253, 254, 255, 262, 263, 264, 274, 275, 276, 280, 281, 282, 283, 284, 285, 289, 290, 291]",100,117,0,UNKNOWN,9.20692,36.383745,False,8
flat100-97.cnf,SATLIB,flat100,matching_capacity,/work/benchmarks/phase5/satlib/flat100/flat100-97.cnf,52c3cefd4fc861199469603c9161b5d7440502edcbb68f020f1fae608357205b,evaluation,resource_allocation_like,100 exact-r boxes over 114 capacity groups,UNKNOWN,300,1117,3.83046,0.410209,RUN_LKK,100,1017,0,RUN_LKK,0.691536,COMPLETE,5.08028,UNKNOWN,"incomplete_or_ambiguous_resource_mapping:[25, 26, 27, 64, 65, 66, 97, 98, 99, 142, 143, 144, 205, 206, 207, 220, 221, 222, 226, 227, 228, 232, 233, 234, 241, 242, 243, 253, 254, 255, 262, 263, 264, 268, 269, 270, 271, 272, 273, 274, 275, 276, 283, 284, 285, 292, 293, 294]",100,114,0,UNKNOWN,11.5468,35.259278,False,8
flat100-98.cnf,SATLIB,flat100,matching_capacity,/work/benchmarks/phase5/satlib/flat100/flat100-98.cnf,fe75a823952d5bcfb9ddb95b4239cb955b5f62958923b05283ed64cd8f19d868,evaluation,resource_allocation_like,100 exact-r boxes over 108 capacity groups,UNKNOWN,300,1117,3.18005,0.213389,RUN_LKK,100,1017,0,RUN_LKK,0.556622,COMPLETE,2.70953,UNKNOWN,"incomplete_or_ambiguous_resource_mapping:[85, 86, 87, 88, 89, 90, 169, 170, 171, 184, 185, 186, 187, 188, 189, 199, 200, 201, 205, 206, 207, 208, 209, 210, 211, 212, 213, 220, 221, 222, 238, 239, 240, 244, 245, 246, 247, 248, 249, 253, 254, 255, 271, 272, 273, 274, 275, 276, 277, 278, 279, 289, 290, 291]",100,108,0,UNKNOWN,7.72911,18.962796,False,8
flat100-99.cnf,SATLIB,flat100,matching_capacity,/work/benchmarks/phase5/satlib/flat100/flat100-99.cnf,8934de433d97313accb2327f34e9b177527f469791284d10923b95bee7d4b120,calibration,resource_allocation_like,100 exact-r boxes over 114 capacity groups,UNKNOWN,300,1117,4.95701,0.28431,RUN_LKK,100,1017,0,RUN_LKK,0.490513,COMPLETE,3.49233,UNKNOWN,"incomplete_or_ambiguous_resource_mapping:[67, 68, 69, 100, 101, 102, 106, 107, 108, 199, 200, 201, 202, 203, 204, 223, 224, 225, 232, 233, 234, 241, 242, 243, 253, 254, 255, 268, 269, 270, 277, 278, 279, 283, 284, 285, 286, 287, 288, 289, 290, 291, 292, 293, 294]",100,114,0,UNKNOWN,11.0133,36.615909,False,8
flat75-1.cnf,SATLIB,flat75,matching_capacity,/work/benchmarks/phase5/satlib/flat75/flat75-1.cnf,39dcabaa371dd3bfebe952132cf5aaa0c93e761b1ef1fc1205be2397f244eadd,evaluation,resource_allocation_like,75 exact-r boxes over 84 capacity groups,UNKNOWN,225,840,4.53174,0.175475,RUN_LKK,75,765,0,RUN_LKK,0.413734,COMPLETE,3.8278,UNKNOWN,"incomplete_or_ambiguous_resource_mapping:[85, 86, 87, 97, 98, 99, 148, 149, 150, 175, 176, 177, 178, 179, 180, 181, 182, 183, 202, 203, 204, 211, 212, 213, 214, 215, 216, 220, 221, 222]",75,84,0,UNKNOWN,10.1565,34.426816,False,8
flat75-10.cnf,SATLIB,flat75,matching_capacity,/work/benchmarks/phase5/satlib/flat75/flat75-10.cnf,969dab3495acfa7b2dcd8af9c9204f772a9310f5c8b1ee59ef1e43f1c01389b2,evaluation,resource_allocation_like,75 exact-r boxes over 81 capacity groups,UNKNOWN,225,840,6.08235,0.181454,RUN_LKK,75,765,0,RUN_LKK,0.481055,COMPLETE,2.80151,UNKNOWN,"incomplete_or_ambiguous_resource_mapping:[46, 47, 48, 115, 116, 117, 142, 143, 144, 163, 164, 165, 166, 167, 168, 172, 173, 174, 187, 188, 189, 193, 194, 195, 202, 203, 204, 205, 206, 207, 208, 209, 210, 211, 212, 213, 220, 221, 222]",75,81,0,UNKNOWN,10.6041,36.075751,False,8
flat75-100.cnf,SATLIB,flat75,matching_capacity,/work/benchmarks/phase5/satlib/flat75/flat75-100.cnf,5813b624406a4e9fc3230d02db07c62276300e7bab65416f5993126d2ea7c171,evaluation,resource_allocation_like,75 exact-r boxes over 93 capacity groups,UNKNOWN,225,840,6.90313,0.243578,RUN_LKK,75,765,0,RUN_LKK,0.512657,COMPLETE,3.66966,UNKNOWN,"incomplete_or_ambiguous_resource_mapping:[61, 62, 63, 109, 110, 111, 124, 125, 126, 172, 173, 174, 175, 176, 177, 181, 182, 183, 184, 185, 186, 202, 203, 204]",75,93,0,UNKNOWN,12.6657,35.034993,False,8
flat75-11.cnf,SATLIB,flat75,matching_capacity,/work/benchmarks/phase5/satlib/flat75/flat75-11.cnf,532e04420f5c12995d6cd5d9f855badc82614ff8a33a01dc12407246bd2489a8,evaluation,resource_allocation_like,75 exact-r boxes over 81 capacity groups,UNKNOWN,225,840,7.06903,0.272275,RUN_LKK,75,765,0,RUN_LKK,0.486016,COMPLETE,2.88558,UNKNOWN,"incomplete_or_ambiguous_resource_mapping:[49, 50, 51, 70, 71, 72, 139, 140, 141, 154, 155, 156, 166, 167, 168, 172, 173, 174, 175, 176, 177, 187, 188, 189, 190, 191, 192, 193, 194, 195, 205, 206, 207, 214, 215, 216, 217, 218, 219, 220, 221, 222]",75,81,0,UNKNOWN,11.9945,34.582577,False,8
flat75-12.cnf,SATLIB,flat75,matching_capacity,/work/benchmarks/phase5/satlib/flat75/flat75-12.cnf,25c364709409ab770770ed804a062893cd1425ff3097f44edc9d176c4e3d33a4,calibration,resource_allocation_like,75 exact-r boxes over 81 capacity groups,UNKNOWN,225,840,5.07378,0.228214,RUN_LKK,75,765,0,RUN_LKK,0.66215,COMPLETE,2.34266,UNKNOWN,"incomplete_or_ambiguous_resource_mapping:[28, 29, 30, 64, 65, 66, 82, 83, 84, 130, 131, 132, 175, 176, 177, 184, 185, 186, 193, 194, 195, 205, 206, 207, 214, 215, 216, 223, 224, 225]",75,81,0,UNKNOWN,9.22182,35.393846,False,8
flat75-13.cnf,SATLIB,flat75,matching_capacity,/work/benchmarks/phase5/satlib/flat75/flat75-13.cnf,500b73907adddd6986434b96dfb1c1d5a45337d061846955b75b19bb070865b0,evaluation,resource_allocation_like,75 exact-r boxes over 87 capacity groups,UNKNOWN,225,840,4.23393,0.196061,RUN_LKK,75,765,0,RUN_LKK,0.505653,COMPLETE,2.07613,UNKNOWN,"incomplete_or_ambiguous_resource_mapping:[52, 53, 54, 145, 146, 147, 154, 155, 156, 169, 170, 171, 187, 188, 189, 199, 200, 201, 208, 209, 210, 223, 224, 225]",75,87,0,UNKNOWN,8.03411,19.75653,False,8
flat75-14.cnf,SATLIB,flat75,matching_capacity,/work/benchmarks/phase5/satlib/flat75/flat75-14.cnf,da5d2b79c908ee63507fa45326a8abab75f9688ec9786b0ddca892849bc0ade5,calibration,resource_allocation_like,75 exact-r boxes over 84 capacity groups,UNKNOWN,225,840,3.77393,0.160409,RUN_LKK,75,765,0,RUN_LKK,0.357585,COMPLETE,1.96756,UNKNOWN,"incomplete_or_ambiguous_resource_mapping:[100, 101, 102, 130, 131, 132, 133, 134, 135, 151, 152, 153, 172, 173, 174, 175, 176, 177, 190, 191, 192, 193, 194, 195, 202, 203, 204, 211, 212, 213]",75,84,0,UNKNOWN,7.05546,18.746192,False,8
flat75-15.cnf,SATLIB,flat75,matching_capacity,/work/benchmarks/phase5/satlib/flat75/flat75-15.cnf,75014f7176650f009606ff795950b6a7ab768c931cc181a9045e2a570d1ed3fb,evaluation,resource_allocation_like,75 exact-r boxes over 96 capacity groups,UNKNOWN,225,840,5.73564,0.202569,RUN_LKK,75,765,0,RUN_LKK,0.393863,COMPLETE,2.44141,UNKNOWN,"incomplete_or_ambiguous_resource_mapping:[109, 110, 111, 127, 128, 129, 130, 131, 132, 178, 179, 180, 202, 203, 204, 217, 218, 219]",75,96,0,UNKNOWN,9.82139,35.002401,False,8
flat75-16.cnf,SATLIB,flat75,matching_capacity,/work/benchmarks/phase5/satlib/flat75/flat75-16.cnf,bb8f77fbb6f850edce2901b3b468cccfccd94d9da462034e77de2f7b3e2b5a92,evaluation,resource_allocation_like,75 exact-r boxes over 90 capacity groups,UNKNOWN,225,840,5.45669,0.206975,RUN_LKK,75,765,0,RUN_LKK,0.371016,COMPLETE,2.24397,UNKNOWN,"incomplete_or_ambiguous_resource_mapping:[94, 95, 96, 118, 119, 120, 148, 149, 150, 151, 152, 153, 181, 182, 183, 184, 185, 186, 205, 206, 207, 211, 212, 213, 217, 218, 219]",75,90,0,UNKNOWN,9.83137,34.371216,False,8
flat75-17.cnf,SATLIB,flat75,matching_capacity,/work/benchmarks/phase5/satlib/flat75/flat75-17.cnf,1229de1ef149337e8f2fd828caefc1c32b2f05b193e14731a45a2b65ad42cbe0,evaluation,resource_allocation_like,75 exact-r boxes over 84 capacity groups,UNKNOWN,225,840,7.58973,0.242525,RUN_LKK,75,765,0,RUN_LKK,0.452709,COMPLETE,2.55111,UNKNOWN,"incomplete_or_ambiguous_resource_mapping:[4, 5, 6, 91, 92, 93, 97, 98, 99, 124, 125, 126, 142, 143, 144, 145, 146, 147, 184, 185, 186, 193, 194, 195, 196, 197, 198, 211, 212, 213]",75,84,0,UNKNOWN,11.9856,35.482507,False,8
flat75-18.cnf,SATLIB,flat75,matching_capacity,/work/benchmarks/phase5/satlib/flat75/flat75-18.cnf,1d26723267b153273a67a671a6abaea858a7b242093a679cf394a19c7becd56c,evaluation,resource_allocation_like,75 exact-r boxes over 84 capacity groups,UNKNOWN,225,840,4.78377,0.195065,RUN_LKK,75,765,0,RUN_LKK,0.491974,COMPLETE,2.4939,UNKNOWN,"incomplete_or_ambiguous_resource_mapping:[55, 56, 57, 94, 95, 96, 115, 116, 117, 118, 119, 120, 148, 149, 150, 172, 173, 174, 187, 188, 189, 196, 197, 198, 199, 200, 201, 205, 206, 207, 208, 209, 210]",75,84,0,UNKNOWN,9.19773,35.491657,False,8
flat75-19.cnf,SATLIB,flat75,matching_capacity,/work/benchmarks/phase5/satlib/flat75/flat75-19.cnf,4a8880fec15401a80e8a73b4a7612aa3b0bb95ebe1c2d6c7816b85bbc166757f,evaluation,resource_allocation_like,75 exact-r boxes over 84 capacity groups,UNKNOWN,225,840,4.01936,0.17761,RUN_LKK,75,765,0,RUN_LKK,0.419634,COMPLETE,2.85552,UNKNOWN,"incomplete_or_ambiguous_resource_mapping:[133, 134, 135, 145, 146, 147, 169, 170, 171, 178, 179, 180, 181, 182, 183, 187, 188, 189, 202, 203, 204, 217, 218, 219, 220, 221, 222, 223, 224, 225]",75,84,0,UNKNOWN,8.61225,35.555667,False,8
flat75-2.cnf,SATLIB,flat75,matching_capacity,/work/benchmarks/phase5/satlib/flat75/flat75-2.cnf,dc8e95204a753ca011658fc39b00f04f857c2242a4b879937817bf2bf41626c4,evaluation,resource_allocation_like,75 exact-r boxes over 84 capacity groups,UNKNOWN,225,840,4.60248,0.154552,RUN_LKK,75,765,0,RUN_LKK,0.342689,COMPLETE,2.34954,UNKNOWN,"incomplete_or_ambiguous_resource_mapping:[85, 86, 87, 97, 98, 99, 136, 137, 138, 145, 146, 147, 166, 167, 168, 181, 182, 183, 187, 188, 189, 193, 194, 195, 199, 200, 201, 208, 209, 210, 214, 215, 216, 220, 221, 222, 223, 224, 225]",75,84,0,UNKNOWN,8.56167,18.712602,False,8
flat75-20.cnf,SATLIB,flat75,matching_capacity,/work/benchmarks/phase5/satlib/flat75/flat75-20.cnf,396d9c2591825efafa813450297ad33eb44c8739a06b8b73aaa271b2e5fb0df4,evaluation,resource_allocation_like,75 exact-r boxes over 93 capacity groups,UNKNOWN,225,840,5.7393,0.214603,RUN_LKK,75,765,0,RUN_LKK,0.495544,COMPLETE,2.86441,UNKNOWN,"incomplete_or_ambiguous_resource_mapping:[97, 98, 99, 124, 125, 126, 175, 176, 177, 199, 200, 201, 214, 215, 216, 220, 221, 222]",75,93,0,UNKNOWN,10.4112,34.307021,False,8
flat75-21.cnf,SATLIB,flat75,matching_capacity,/work/benchmarks/phase5/satlib/flat75/flat75-21.cnf,1a778e696ee6a331ae901de9117e7d7f41c4aba64d958af2be27eafaa04abb7c,evaluation,resource_allocation_like,75 exact-r boxes over 96 capacity groups,UNKNOWN,225,840,4.7532,0.207574,RUN_LKK,75,765,0,RUN_LKK,0.348318,COMPLETE,1.92421,UNKNOWN,"incomplete_or_ambiguous_resource_mapping:[118, 119, 120, 130, 131, 132, 148, 149, 150, 187, 188, 189, 202, 203, 204, 211, 212, 213, 220, 221, 222]",75,96,0,UNKNOWN,8.17488,19.04699,False,8
flat75-22.cnf,SATLIB,flat75,matching_capacity,/work/benchmarks/phase5/satlib/flat75/flat75-22.cnf,762459b7670f9e487b39fdf94a1dfc863ee6893055777f5e3ff1c7683f373d70,evaluation,resource_allocation_like,75 exact-r boxes over 90 capacity groups,UNKNOWN,225,840,4.87271,0.161659,RUN_LKK,75,765,0,RUN_LKK,0.349051,COMPLETE,2.02307,UNKNOWN,"incomplete_or_ambiguous_resource_mapping:[7, 8, 9, 172, 173, 174, 175, 176, 177, 181, 182, 183, 205, 206, 207, 211, 212, 213, 214, 215, 216, 217, 218, 219, 223, 224, 225]",75,90,0,UNKNOWN,8.42721,34.69629,False,8
flat75-23.cnf,SATLIB,flat75,matching_capacity,/work/benchmarks/phase5/satlib/flat75/flat75-23.cnf,df6ad522f82e74b3230957db989afb54324671f461aed7afd57738378564330a,calibration,resource_allocation_like,75 exact-r boxes over 84 capacity groups,UNKNOWN,225,840,5.51899,0.229528,RUN_LKK,75,765,0,RUN_LKK,0.486157,COMPLETE,2.74867,UNKNOWN,"incomplete_or_ambiguous_resource_mapping:[82, 83, 84, 85, 86, 87, 106, 107, 108, 130, 131, 132, 133, 134, 135, 142, 143, 144, 169, 170, 171, 190, 191, 192, 199, 200, 201, 208, 209, 210, 211, 212, 213, 214, 215, 216]",75,84,0,UNKNOWN,10.2656,35.325713,False,8
flat75-24.cnf,SATLIB,flat75,matching_capacity,/work/benchmarks/phase5/satlib/flat75/flat75-24.cnf,6eb94638edc39cbc2a7c2f3f2f734a43aba8bd76107d3b1fb6abb136a4c642be,evaluation,resource_allocation_like,75 exact-r boxes over 90 capacity groups,UNKNOWN,225,840,3.3236,0.218353,RUN_LKK,75,765,0,RUN_LKK,0.440805,COMPLETE,2.93426,UNKNOWN,"incomplete_or_ambiguous_resource_mapping:[64, 65, 66, 88, 89, 90, 115, 116, 117, 145, 146, 147, 172, 173, 174, 187, 188, 189, 202, 203, 204, 217, 218, 219]",75,90,0,UNKNOWN,8.0387,18.479832,False,8
flat75-25.cnf,SATLIB,flat75,matching_capacity,/work/benchmarks/phase5/satlib/flat75/flat75-25.cnf,016086acd71f07458e33c8aa912c13d41dd1015e671e67a11eddf2702b8424c1,evaluation,resource_allocation_like,75 exact-r boxes over 87 capacity groups,UNKNOWN,225,840,6.00159,0.179133,RUN_LKK,75,765,0,RUN_LKK,0.391996,COMPLETE,2.34428,UNKNOWN,"incomplete_or_ambiguous_resource_mapping:[16, 17, 18, 37, 38, 39, 136, 137, 138, 139, 140, 141, 181, 182, 183, 199, 200, 201, 205, 206, 207, 208, 209, 210, 211, 212, 213, 214, 215, 216, 223, 224, 225]",75,87,0,UNKNOWN,10.0206,34.933468,False,8
flat75-26.cnf,SATLIB,flat75,matching_capacity,/work/benchmarks/phase5/satlib/flat75/flat75-26.cnf,6829604dfe01dcbb25a876114bcc5b16f4bef46a3611517f7a78cc7ebde43963,evaluation,resource_allocation_like,75 exact-r boxes over 81 capacity groups,UNKNOWN,225,840,4.43439,0.197548,RUN_LKK,75,765,0,RUN_LKK,0.480809,COMPLETE,2.90876,UNKNOWN,"incomplete_or_ambiguous_resource_mapping:[22, 23, 24, 64, 65, 66, 109, 110, 111, 112, 113, 114, 139, 140, 141, 142, 143, 144, 175, 176, 177, 178, 179, 180, 181, 182, 183, 187, 188, 189, 208, 209, 210, 211, 212, 213, 220, 221, 222]",75,81,0,UNKNOWN,9.12286,46.209466,False,8
flat75-27.cnf,SATLIB,flat75,matching_capacity,/work/benchmarks/phase5/satlib/flat75/flat75-27.cnf,02d2f1e3e9c081911ce759b737e618d965cc204d9340b69337ab48edc6351658,evaluation,resource_allocation_like,75 exact-r boxes over 84 capacity groups,UNKNOWN,225,840,2.88241,0.203288,RUN_LKK,75,765,0,RUN_LKK,0.483416,COMPLETE,3.09075,UNKNOWN,"incomplete_or_ambiguous_resource_mapping:[31, 32, 33, 94, 95, 96, 109, 110, 111, 136, 137, 138, 142, 143, 144, 166, 167, 168, 199, 200, 201, 205, 206, 207, 208, 209, 210, 220, 221, 222]",75,84,0,UNKNOWN,7.5554,20.413871,False,8
flat75-28.cnf,SATLIB,flat75,matching_capacity,/work/benchmarks/phase5/satlib/flat75/flat75-28.cnf,d5a7ae35d7e66225ff5755d4717f6c11f20dea6cdb476fed9ca30af5fe9a0383,calibration,resource_allocation_like,75 exact-r boxes over 84 capacity groups,UNKNOWN,225,840,2.5729,0.180305,RUN_LKK,75,765,0,RUN_LKK,0.367882,COMPLETE,2.58012,UNKNOWN,"incomplete_or_ambiguous_resource_mapping:[100, 101, 102, 106, 107, 108, 112, 113, 114, 127, 128, 129, 157, 158, 159, 178, 179, 180, 181, 182, 183, 190, 191, 192, 202, 203, 204, 208, 209, 210, 217, 218, 219, 223, 224, 225]",75,84,0,UNKNOWN,6.87246,19.527239,False,8
flat75-29.cnf,SATLIB,flat75,matching_capacity,/work/benchmarks/phase5/satlib/flat75/flat75-29.cnf,1e1d7b0e8b3dba339786eda1d53e451fd2a1aeb33a9b9436b88b60ce19e15f5f,evaluation,resource_allocation_like,75 exact-r boxes over 84 capacity groups,UNKNOWN,225,840,3.30817,0.161269,RUN_LKK,75,765,0,RUN_LKK,0.382136,COMPLETE,4.82758,UNKNOWN,"incomplete_or_ambiguous_resource_mapping:[79, 80, 81, 103, 104, 105, 124, 125, 126, 139, 140, 141, 145, 146, 147, 151, 152, 153, 178, 179, 180, 196, 197, 198, 208, 209, 210, 211, 212, 213, 220, 221, 222, 223, 224, 225]",75,84,0,UNKNOWN,11.0487,39.971098,False,8
flat75-3.cnf,SATLIB,flat75,matching_capacity,/work/benchmarks/phase5/satlib/flat75/flat75-3.cnf,1f262b447972157f9aadb8d6087b412af900232f2896dbc553ad3fd5af6929d9,evaluation,resource_allocation_like,75 exact-r boxes over 90 capacity groups,UNKNOWN,225,840,5.15146,0.243701,RUN_LKK,75,765,0,RUN_LKK,0.691468,COMPLETE,2.08722,UNKNOWN,"incomplete_or_ambiguous_resource_mapping:[124, 125, 126, 133, 134, 135, 163, 164, 165, 181, 182, 183, 202, 203, 204, 211, 212, 213, 214, 215, 216, 220, 221, 222]",75,90,0,UNKNOWN,17.4505,36.527351,False,8
flat75-30.cnf,SATLIB,flat75,matching_capacity,/work/benchmarks/phase5/satlib/flat75/flat75-30.cnf,b27448a34af79dab174f1e1570fc291b2c231b3de046e0f1d55f8bb50dce9790,calibration,resource_allocation_like,75 exact-r boxes over 87 capacity groups,UNKNOWN,225,840,6.44361,0.200668,RUN_LKK,75,765,0,RUN_LKK,0.526604,COMPLETE,2.6745,UNKNOWN,"incomplete_or_ambiguous_resource_mapping:[82, 83, 84, 85, 86, 87, 91, 92, 93, 166, 167, 168, 172, 173, 174, 175, 176, 177, 190, 191, 192, 193, 194, 195, 205, 206, 207]",75,87,0,UNKNOWN,11.2996,50.552547,False,8
flat75-31.cnf,SATLIB,flat75,matching_capacity,/work/benchmarks/phase5/satlib/flat75/flat75-31.cnf,5ef7e258c49a2894e2bc1397d9a965b8d2d936feb22bdf129b9cc38784c436d1,evaluation,resource_allocation_like,75 exact-r boxes over 84 capacity groups,UNKNOWN,225,840,3.63943,0.202123,RUN_LKK,75,765,0,RUN_LKK,0.431467,COMPLETE,2.6106,UNKNOWN,"incomplete_or_ambiguous_resource_mapping:[22, 23, 24, 28, 29, 30, 31, 32, 33, 37, 38, 39, 55, 56, 57, 61, 62, 63, 166, 167, 168, 178, 179, 180, 187, 188, 189, 196, 197, 198, 199, 200, 201, 205, 206, 207, 208, 209, 210, 214, 215, 216]",75,84,0,UNKNOWN,8.30299,21.680938,False,8
flat75-32.cnf,SATLIB,flat75,matching_capacity,/work/benchmarks/phase5/satlib/flat75/flat75-32.cnf,37dd9c923dcf305a4fbdb89229f2da06ffb1202fb2c2d0c8eace7a3e8b6a05a0,evaluation,resource_allocation_like,75 exact-r boxes over 90 capacity groups,UNKNOWN,225,840,4.66962,0.183669,RUN_LKK,75,765,0,RUN_LKK,0.468975,COMPLETE,2.82648,UNKNOWN,"incomplete_or_ambiguous_resource_mapping:[124, 125, 126, 130, 131, 132, 142, 143, 144, 151, 152, 153, 196, 197, 198, 214, 215, 216, 220, 221, 222, 223, 224, 225]",75,90,0,UNKNOWN,9.42635,36.781793,False,8
flat75-33.cnf,SATLIB,flat75,matching_capacity,/work/benchmarks/phase5/satlib/flat75/flat75-33.cnf,98037c3010194530de06ea6b4b363d954d65c8fac3d2869d18266f0c097e7246,evaluation,resource_allocation_like,75 exact-r boxes over 90 capacity groups,UNKNOWN,225,840,4.36104,0.199922,RUN_LKK,75,765,0,RUN_LKK,0.587239,COMPLETE,2.67685,UNKNOWN,"incomplete_or_ambiguous_resource_mapping:[106, 107, 108, 124, 125, 126, 145, 146, 147, 157, 158, 159, 163, 164, 165, 166, 167, 168, 202, 203, 204, 205, 206, 207, 211, 212, 213, 214, 215, 216]",75,90,0,UNKNOWN,9.00086,36.346141,False,8
flat75-34.cnf,SATLIB,flat75,matching_capacity,/work/benchmarks/phase5/satlib/flat75/flat75-34.cnf,960b803aca12e89e0fdcf5879855185ba14c093dde3eeb9bc98d86df8dfa7159,evaluation,resource_allocation_like,75 exact-r boxes over 75 capacity groups,UNKNOWN,225,840,4.00674,0.179924,RUN_LKK,75,765,0,RUN_LKK,0.525593,COMPLETE,2.3916,UNKNOWN,"incomplete_or_ambiguous_resource_mapping:[97, 98, 99, 100, 101, 102, 103, 104, 105, 133, 134, 135, 136, 137, 138, 139, 140, 141, 175, 176, 177, 178, 179, 180, 190, 191, 192, 193, 194, 195, 202, 203, 204, 205, 206, 207, 211, 212, 213, 214, 215, 216, 217, 218, 219]",75,75,0,UNKNOWN,8.31125,19.750201,False,8
flat75-35.cnf,SATLIB,flat75,matching_capacity,/work/benchmarks/phase5/satlib/flat75/flat75-35.cnf,47a7b92a5ffc6f423df48323e3b795682cbd99b92c29b1e40ec54d039e8dc86e,evaluation,resource_allocation_like,75 exact-r boxes over 84 capacity groups,UNKNOWN,225,840,4.47264,0.161126,RUN_LKK,75,765,0,RUN_LKK,0.405559,COMPLETE,2.33447,UNKNOWN,"incomplete_or_ambiguous_resource_mapping:[73, 74, 75, 82, 83, 84, 88, 89, 90, 100, 101, 102, 139, 140, 141, 148, 149, 150, 151, 152, 153, 172, 173, 174, 202, 203, 204, 220, 221, 222]",75,84,0,UNKNOWN,8.61751,35.420339,False,8
flat75-36.cnf,SATLIB,flat75,matching_capacity,/work/benchmarks/phase5/satlib/flat75/flat75-36.cnf,bae2e332983199834925b4e405aca5dc0728c283c06ae9c4df05ed292cc9b9c4,evaluation,resource_allocation_like,75 exact-r boxes over 81 capacity groups,UNKNOWN,225,840,4.73051,0.168381,RUN_LKK,75,765,0,RUN_LKK,0.353218,COMPLETE,2.23947,UNKNOWN,"incomplete_or_ambiguous_resource_mapping:[16, 17, 18, 58, 59, 60, 136, 137, 138, 139, 140, 141, 148, 149, 150, 154, 155, 156, 187, 188, 189, 196, 197, 198, 199, 200, 201, 202, 203, 204, 205, 206, 207, 211, 212, 213, 217, 218, 219]",75,81,0,UNKNOWN,8.73793,35.659544,False,8
flat75-37.cnf,SATLIB,flat75,matching_capacity,/work/benchmarks/phase5/satlib/flat75/flat75-37.cnf,6bcfeb2acc11c3ad8fd5e0dd81b843db5e417f2ef64f348b7abb28d18da94783,evaluation,resource_allocation_like,75 exact-r boxes over 78 capacity groups,UNKNOWN,225,840,5.1314,0.186047,RUN_LKK,75,765,0,RUN_LKK,0.77104,COMPLETE,2.85292,UNKNOWN,"incomplete_or_ambiguous_resource_mapping:[70, 71, 72, 94, 95, 96, 97, 98, 99, 112, 113, 114, 127, 128, 129, 148, 149, 150, 154, 155, 156, 172, 173, 174, 175, 176, 177, 178, 179, 180, 187, 188, 189, 196, 197, 198, 220, 221, 222]",75,78,0,UNKNOWN,10.3079,36.023559,False,8
flat75-38.cnf,SATLIB,flat75,matching_capacity,/work/benchmarks/phase5/satlib/flat75/flat75-38.cnf,7f44e07740037fe2bab86251f3f72f9731ec1f5cdcb4e551251f498b4c77a3db,evaluation,resource_allocation_like,75 exact-r boxes over 90 capacity groups,UNKNOWN,225,840,5.06477,0.21675,RUN_LKK,75,765,0,RUN_LKK,0.490753,COMPLETE,2.71357,UNKNOWN,"incomplete_or_ambiguous_resource_mapping:[46, 47, 48, 130, 131, 132, 148, 149, 150, 154, 155, 156, 178, 179, 180, 196, 197, 198, 205, 206, 207, 208, 209, 210, 214, 215, 216]",75,90,0,UNKNOWN,9.57563,35.087953,False,8
flat75-39.cnf,SATLIB,flat75,matching_capacity,/work/benchmarks/phase5/satlib/flat75/flat75-39.cnf,a7959a29f9fe7540f6ad848fab5710eb0d278bb661eebe1566f8166823862f82,evaluation,resource_allocation_like,75 exact-r boxes over 87 capacity groups,UNKNOWN,225,840,3.54358,0.208504,RUN_LKK,75,765,0,RUN_LKK,0.546948,COMPLETE,2.68519,UNKNOWN,"incomplete_or_ambiguous_resource_mapping:[64, 65, 66, 109, 110, 111, 118, 119, 120, 142, 143, 144, 169, 170, 171, 175, 176, 177, 187, 188, 189, 199, 200, 201, 214, 215, 216, 217, 218, 219]",75,87,0,UNKNOWN,8.35412,34.737265,False,8
flat75-4.cnf,SATLIB,flat75,matching_capacity,/work/benchmarks/phase5/satlib/flat75/flat75-4.cnf,46d7a18cf5f7763279d4f8cbfc41180e9d98524bbf9f2a6cf3266817fdf09267,evaluation,resource_allocation_like,75 exact-r boxes over 87 capacity groups,UNKNOWN,225,840,5.92469,0.250605,RUN_LKK,75,765,0,RUN_LKK,0.439594,COMPLETE,2.61079,UNKNOWN,"incomplete_or_ambiguous_resource_mapping:[127, 128, 129, 148, 149, 150, 151, 152, 153, 160, 161, 162, 208, 209, 210, 211, 212, 213, 214, 215, 216, 217, 218, 219, 220, 221, 222]",75,87,0,UNKNOWN,10.3672,35.202942,False,8
flat75-40.cnf,SATLIB,flat75,matching_capacity,/work/benchmarks/phase5/satlib/flat75/flat75-40.cnf,d8916ad6606dac2c971884e23e8822f5823d91f4f081f710541c378dd3bf89dd,evaluation,resource_allocation_like,75 exact-r boxes over 93 capacity groups,UNKNOWN,225,840,5.57187,0.22887,RUN_LKK,75,765,0,RUN_LKK,0.509272,COMPLETE,3.19598,UNKNOWN,"incomplete_or_ambiguous_resource_mapping:[52, 53, 54, 121, 122, 123, 142, 143, 144, 169, 170, 171, 181, 182, 183, 202, 203, 204, 217, 218, 219, 223, 224, 225]",75,93,0,UNKNOWN,10.6937,35.562179,False,8
flat75-41.cnf,SATLIB,flat75,matching_capacity,/work/benchmarks/phase5/satlib/flat75/flat75-41.cnf,5a74d9c8387a504e82d1d4a73ef829a3f87d9c7adf792fafca44448bb3209615,calibration,resource_allocation_like,75 exact-r boxes over 84 capacity groups,UNKNOWN,225,840,4.97307,0.184476,RUN_LKK,75,765,0,RUN_LKK,0.463202,COMPLETE,2.95034,UNKNOWN,"incomplete_or_ambiguous_resource_mapping:[58, 59, 60, 118, 119, 120, 124, 125, 126, 145, 146, 147, 163, 164, 165, 169, 170, 171, 181, 182, 183, 187, 188, 189, 196, 197, 198, 214, 215, 216, 217, 218, 219, 223, 224, 225]",75,84,0,UNKNOWN,9.77832,35.405111,False,8
flat75-42.cnf,SATLIB,flat75,matching_capacity,/work/benchmarks/phase5/satlib/flat75/flat75-42.cnf,00ca6bdf9644b37c9f5dc8316d9cd6dd451c40840bfdfb3401d6d4f6395a43ae,evaluation,resource_allocation_like,75 exact-r boxes over 87 capacity groups,UNKNOWN,225,840,4.61606,0.234462,RUN_LKK,75,765,0,RUN_LKK,0.527576,COMPLETE,2.55482,UNKNOWN,"incomplete_or_ambiguous_resource_mapping:[1, 2, 3, 115, 116, 117, 121, 122, 123, 127, 128, 129, 181, 182, 183, 193, 194, 195, 196, 197, 198, 199, 200, 201, 205, 206, 207, 208, 209, 210]",75,87,0,UNKNOWN,8.86433,35.344965,False,8
flat75-43.cnf,SATLIB,flat75,matching_capacity,/work/benchmarks/phase5/satlib/flat75/flat75-43.cnf,ed88835beb9b6f301111fb8fa083c09e020d7e1a8c77e0890299b08580669727,calibration,resource_allocation_like,75 exact-r boxes over 93 capacity groups,UNKNOWN,225,840,4.3597,0.17057,RUN_LKK,75,765,0,RUN_LKK,0.380883,COMPLETE,2.94754,UNKNOWN,"incomplete_or_ambiguous_resource_mapping:[82, 83, 84, 160, 161, 162, 187, 188, 189, 193, 194, 195, 217, 218, 219]",75,93,0,UNKNOWN,9.03505,35.288864,False,8
flat75-44.cnf,SATLIB,flat75,matching_capacity,/work/benchmarks/phase5/satlib/flat75/flat75-44.cnf,c113f13774ef64803f9f0e3162a32760af0fb1205c1efff98fb73062a5aec217,evaluation,resource_allocation_like,75 exact-r boxes over 81 capacity groups,UNKNOWN,225,840,5.76332,0.172742,RUN_LKK,75,765,0,RUN_LKK,0.363381,COMPLETE,2.15875,UNKNOWN,"incomplete_or_ambiguous_resource_mapping:[64, 65, 66, 70, 71, 72, 91, 92, 93, 103, 104, 105, 106, 107, 108, 136, 137, 138, 166, 167, 168, 175, 176, 177, 187, 188, 189, 190, 191, 192, 217, 218, 219, 220, 221, 222]",75,81,0,UNKNOWN,9.64302,35.0621,False,8
flat75-45.cnf,SATLIB,flat75,matching_capacity,/work/benchmarks/phase5/satlib/flat75/flat75-45.cnf,fac40fe0f4098b08cac9f795100c6eb9aa00df3efcf1f69126636c8317ae9209,evaluation,resource_allocation_like,75 exact-r boxes over 87 capacity groups,UNKNOWN,225,840,4.39805,0.213927,RUN_LKK,75,765,0,RUN_LKK,0.3954,COMPLETE,2.72822,UNKNOWN,"incomplete_or_ambiguous_resource_mapping:[118, 119, 120, 127, 128, 129, 154, 155, 156, 181, 182, 183, 193, 194, 195, 202, 203, 204, 208, 209, 210, 211, 212, 213, 220, 221, 222]",75,87,0,UNKNOWN,8.74562,34.988561,False,8
flat75-46.cnf,SATLIB,flat75,matching_capacity,/work/benchmarks/phase5/satlib/flat75/flat75-46.cnf,51818f4f4aedce2fa229e0bbb8dc00681b43974c8b866107de368c79f9735bbc,evaluation,resource_allocation_like,75 exact-r boxes over 90 capacity groups,UNKNOWN,225,840,3.80115,0.209745,RUN_LKK,75,765,0,RUN_LKK,0.490621,COMPLETE,2.72749,UNKNOWN,"incomplete_or_ambiguous_resource_mapping:[130, 131, 132, 136, 137, 138, 160, 161, 162, 181, 182, 183, 184, 185, 186, 196, 197, 198, 211, 212, 213, 220, 221, 222]",75,90,0,UNKNOWN,8.57154,35.12686,False,8
flat75-47.cnf,SATLIB,flat75,matching_capacity,/work/benchmarks/phase5/satlib/flat75/flat75-47.cnf,4abdd5bd67415734b80f999195498f7ef2c5d4d61959eb04a992cfa61617c1a9,calibration,resource_allocation_like,75 exact-r boxes over 75 capacity groups,UNKNOWN,225,840,6.53841,0.178851,RUN_LKK,75,765,0,RUN_LKK,0.405492,COMPLETE,2.56679,UNKNOWN,"incomplete_or_ambiguous_resource_mapping:[16, 17, 18, 46, 47, 48, 94, 95, 96, 121, 122, 123, 136, 137, 138, 145, 146, 147, 154, 155, 156, 163, 164, 165, 172, 173, 174, 178, 179, 180, 181, 182, 183, 184, 185, 186, 190, 191, 192, 196, 197, 198, 211, 212, 213, 214, 215, 216, 217, 218, 219]",75,75,0,UNKNOWN,10.8398,35.591021,False,8
flat75-48.cnf,SATLIB,flat75,matching_capacity,/work/benchmarks/phase5/satlib/flat75/flat75-48.cnf,e3ea96494bd31c955863ed0091386c47ba6159e3cdc83b2980173f8a15beb81b,evaluation,resource_allocation_like,75 exact-r boxes over 87 capacity groups,UNKNOWN,225,840,5.49456,0.152503,RUN_LKK,75,765,0,RUN_LKK,0.346504,COMPLETE,1.90082,UNKNOWN,"incomplete_or_ambiguous_resource_mapping:[82, 83, 84, 91, 92, 93, 109, 110, 111, 118, 119, 120, 184, 185, 186, 193, 194, 195, 196, 197, 198, 208, 209, 210, 217, 218, 219]",75,87,0,UNKNOWN,8.76453,19.857143,False,8
flat75-49.cnf,SATLIB,flat75,matching_capacity,/work/benchmarks/phase5/satlib/flat75/flat75-49.cnf,3e815e35664ba0445386cdfec9a0fb0c0b5cd3ce81547a2812cc3c6ffaa50819,evaluation,resource_allocation_like,75 exact-r boxes over 87 capacity groups,UNKNOWN,225,840,3.48702,0.169848,RUN_LKK,75,765,0,RUN_LKK,0.386325,COMPLETE,1.8936,UNKNOWN,"incomplete_or_ambiguous_resource_mapping:[154, 155, 156, 160, 161, 162, 172, 173, 174, 175, 176, 177, 193, 194, 195, 199, 200, 201, 208, 209, 210, 211, 212, 213, 217, 218, 219]",75,87,0,UNKNOWN,6.90765,19.512619,False,8
flat75-5.cnf,SATLIB,flat75,matching_capacity,/work/benchmarks/phase5/satlib/flat75/flat75-5.cnf,9a814b1e8aba6875fd4f043fe553fc5602d6d4ff864cde9758838a0e7a1284f1,evaluation,resource_allocation_like,75 exact-r boxes over 90 capacity groups,UNKNOWN,225,840,6.07647,0.21268,RUN_LKK,75,765,0,RUN_LKK,0.490091,COMPLETE,2.80288,UNKNOWN,"incomplete_or_ambiguous_resource_mapping:[97, 98, 99, 118, 119, 120, 172, 173, 174, 181, 182, 183, 199, 200, 201, 214, 215, 216, 220, 221, 222]",75,90,0,UNKNOWN,11.0079,35.878188,False,8
flat75-50.cnf,SATLIB,flat75,matching_capacity,/work/benchmarks/phase5/satlib/flat75/flat75-50.cnf,492d40045a763f487de06e6a9d60bf9686eecde7c891a23e87acf99a9a6b8f75,evaluation,resource_allocation_like,75 exact-r boxes over 84 capacity groups,UNKNOWN,225,840,4.12865,0.161798,RUN_LKK,75,765,0,RUN_LKK,0.358992,COMPLETE,2.0134,UNKNOWN,"incomplete_or_ambiguous_resource_mapping:[103, 104, 105, 127, 128, 129, 133, 134, 135, 145, 146, 147, 148, 149, 150, 184, 185, 186, 187, 188, 189, 196, 197, 198, 205, 206, 207, 211, 212, 213, 220, 221, 222]",75,84,0,UNKNOWN,7.6902,18.83821,False,8
flat75-51.cnf,SATLIB,flat75,matching_capacity,/work/benchmarks/phase5/satlib/flat75/flat75-51.cnf,8692c626977a6c6370017d3b2cb43ba07534971b74d41dbb1995ab2a2688618d,evaluation,resource_allocation_like,75 exact-r boxes over 81 capacity groups,UNKNOWN,225,840,6.74971,0.17373,RUN_LKK,75,765,0,RUN_LKK,0.352785,COMPLETE,1.95203,UNKNOWN,"incomplete_or_ambiguous_resource_mapping:[49, 50, 51, 112, 113, 114, 118, 119, 120, 139, 140, 141, 142, 143, 144, 160, 161, 162, 166, 167, 168, 172, 173, 174, 190, 191, 192, 196, 197, 198, 205, 206, 207, 208, 209, 210]",75,81,0,UNKNOWN,10.28,34.478786,False,8
flat75-52.cnf,SATLIB,flat75,matching_capacity,/work/benchmarks/phase5/satlib/flat75/flat75-52.cnf,35e6f6bfa7602faf44d3d035f554d776ba1daa5599e2ff9d054005b697f9f309,evaluation,resource_allocation_like,75 exact-r boxes over 93 capacity groups,UNKNOWN,225,840,6.25568,0.167311,RUN_LKK,75,765,0,RUN_LKK,0.381714,COMPLETE,2.05319,UNKNOWN,"incomplete_or_ambiguous_resource_mapping:[73, 74, 75, 115, 116, 117, 142, 143, 144, 172, 173, 174]",75,93,0,UNKNOWN,9.97268,35.886481,False,8
flat75-53.cnf,SATLIB,flat75,matching_capacity,/work/benchmarks/phase5/satlib/flat75/flat75-53.cnf,d1a64ab9fd6776e2b7b0418a01122250be9bf9fbc4d10d14f1579598f066270b,calibration,resource_allocation_like,75 exact-r boxes over 84 capacity groups,UNKNOWN,225,840,4.59334,0.183011,RUN_LKK,75,765,0,RUN_LKK,0.348869,COMPLETE,2.54132,UNKNOWN,"incomplete_or_ambiguous_resource_mapping:[118, 119, 120, 148, 149, 150, 154, 155, 156, 169, 170, 171, 178, 179, 180, 181, 182, 183, 193, 194, 195, 196, 197, 198, 217, 218, 219, 220, 221, 222, 223, 224, 225]",75,84,0,UNKNOWN,8.80302,20.50756,False,8
flat75-54.cnf,SATLIB,flat75,matching_capacity,/work/benchmarks/phase5/satlib/flat75/flat75-54.cnf,dffa6eb529961dcb8e9243a8ae399e279dcc61bb7c74089a6c973218a95430d7,evaluation,resource_allocation_like,75 exact-r boxes over 78 capacity groups,UNKNOWN,225,840,4.91065,0.173844,RUN_LKK,75,765,0,RUN_LKK,0.456947,COMPLETE,2.43176,UNKNOWN,"incomplete_or_ambiguous_resource_mapping:[16, 17, 18, 70, 71, 72, 88, 89, 90, 109, 110, 111, 148, 149, 150, 151, 152, 153, 154, 155, 156, 157, 158, 159, 184, 185, 186, 187, 188, 189, 190, 191, 192, 199, 200, 201, 214, 215, 216]",75,78,0,UNKNOWN,9.06545,35.806198,False,8
flat75-55.cnf,SATLIB,flat75,matching_capacity,/work/benchmarks/phase5/satlib/flat75/flat75-55.cnf,b7bc604edaeec0a7086d838032e79341ebabb12e26501b0888c7bd39d0408294,calibration,resource_allocation_like,75 exact-r boxes over 87 capacity groups,UNKNOWN,225,840,3.84001,0.213254,RUN_LKK,75,765,0,RUN_LKK,0.438164,COMPLETE,2.19865,UNKNOWN,"incomplete_or_ambiguous_resource_mapping:[43, 44, 45, 124, 125, 126, 139, 140, 141, 148, 149, 150, 178, 179, 180, 181, 182, 183, 184, 185, 186, 193, 194, 195, 208, 209, 210, 211, 212, 213]",75,87,0,UNKNOWN,7.87068,19.357964,False,8
flat75-56.cnf,SATLIB,flat75,matching_capacity,/work/benchmarks/phase5/satlib/flat75/flat75-56.cnf,fc3ea8d1f41318de80c250ee15456b0eda1bf2d95522241856f816faeaf70f6f,evaluation,resource_allocation_like,75 exact-r boxes over 87 capacity groups,UNKNOWN,225,840,4.89161,0.211405,RUN_LKK,75,765,0,RUN_LKK,0.513358,COMPLETE,2.41509,UNKNOWN,"incomplete_or_ambiguous_resource_mapping:[16, 17, 18, 52, 53, 54, 103, 104, 105, 127, 128, 129, 139, 140, 141, 148, 149, 150, 166, 167, 168, 169, 170, 171, 172, 173, 174, 175, 176, 177, 184, 185, 186, 217, 218, 219, 220, 221, 222]",75,87,0,UNKNOWN,9.0988,35.584943,False,8
flat75-57.cnf,SATLIB,flat75,matching_capacity,/work/benchmarks/phase5/satlib/flat75/flat75-57.cnf,16937f96eaf803ae31df7ed255a5a90136e70281ca9e9bdc234792ec43ce850a,evaluation,resource_allocation_like,75 exact-r boxes over 90 capacity groups,UNKNOWN,225,840,3.72152,0.364465,RUN_LKK,75,765,0,RUN_LKK,0.46769,COMPLETE,2.82585,UNKNOWN,"incomplete_or_ambiguous_resource_mapping:[97, 98, 99, 112, 113, 114, 154, 155, 156, 178, 179, 180, 187, 188, 189, 193, 194, 195, 202, 203, 204, 211, 212, 213, 223, 224, 225]",75,90,0,UNKNOWN,8.6212,34.622527,False,8
flat75-58.cnf,SATLIB,flat75,matching_capacity,/work/benchmarks/phase5/satlib/flat75/flat75-58.cnf,3c0976c3d00a47e6d5407aab8f394548dae75079e455f6212b1dcb31e340b90a,evaluation,resource_allocation_like,75 exact-r boxes over 90 capacity groups,UNKNOWN,225,840,6.18868,0.184027,RUN_LKK,75,765,0,RUN_LKK,0.391615,COMPLETE,2.89808,UNKNOWN,"incomplete_or_ambiguous_resource_mapping:[157, 158, 159, 178, 179, 180, 187, 188, 189, 190, 191, 192, 196, 197, 198, 199, 200, 201, 211, 212, 213, 220, 221, 222, 223, 224, 225]",75,90,0,UNKNOWN,10.8141,34.936969,False,8
flat75-59.cnf,SATLIB,flat75,matching_capacity,/work/benchmarks/phase5/satlib/flat75/flat75-59.cnf,a8d5671b35c12654615152039832dc7ceebcd47bd52d0b055478bfe63854655e,evaluation,resource_allocation_like,75 exact-r boxes over 84 capacity groups,UNKNOWN,225,840,6.74718,0.199778,RUN_LKK,75,765,0,RUN_LKK,0.438888,COMPLETE,2.69021,UNKNOWN,"incomplete_or_ambiguous_resource_mapping:[82, 83, 84, 124, 125, 126, 148, 149, 150, 154, 155, 156, 184, 185, 186, 187, 188, 189, 196, 197, 198, 205, 206, 207, 208, 209, 210, 223, 224, 225]",75,84,0,UNKNOWN,11.5524,35.058572,False,8
flat75-6.cnf,SATLIB,flat75,matching_capacity,/work/benchmarks/phase5/satlib/flat75/flat75-6.cnf,0d4923a0584be170e20aa0c7818bdfc1a6c3fce713ee4c1fec3a2b917a0d8adc,evaluation,resource_allocation_like,75 exact-r boxes over 84 capacity groups,UNKNOWN,225,840,7.42659,0.171052,RUN_LKK,75,765,0,RUN_LKK,0.400606,COMPLETE,3.00876,UNKNOWN,"incomplete_or_ambiguous_resource_mapping:[43, 44, 45, 76, 77, 78, 163, 164, 165, 181, 182, 183, 184, 185, 186, 190, 191, 192, 193, 194, 195, 208, 209, 210, 214, 215, 216, 223, 224, 225]",75,84,0,UNKNOWN,12.1519,34.805658,False,8
flat75-60.cnf,SATLIB,flat75,matching_capacity,/work/benchmarks/phase5/satlib/flat75/flat75-60.cnf,8be6d6e9850e06bf6e190532dd66ee1b6a04502187bdc47439273d5f458f674c,evaluation,resource_allocation_like,75 exact-r boxes over 81 capacity groups,UNKNOWN,225,840,6.44625,0.217424,RUN_LKK,75,765,0,RUN_LKK,0.468892,COMPLETE,2.49567,UNKNOWN,"incomplete_or_ambiguous_resource_mapping:[82, 83, 84, 109, 110, 111, 121, 122, 123, 139, 140, 141, 142, 143, 144, 151, 152, 153, 175, 176, 177, 190, 191, 192, 193, 194, 195, 208, 209, 210, 223, 224, 225]",75,81,0,UNKNOWN,11.2039,35.809916,False,8
flat75-61.cnf,SATLIB,flat75,matching_capacity,/work/benchmarks/phase5/satlib/flat75/flat75-61.cnf,69e6361a346d2d672349f452240e8869ce1a5cde8e929739c2c8c4e815908647,calibration,resource_allocation_like,75 exact-r boxes over 84 capacity groups,UNKNOWN,225,840,5.80332,0.223117,RUN_LKK,75,765,0,RUN_LKK,0.45546,COMPLETE,2.73264,UNKNOWN,"incomplete_or_ambiguous_resource_mapping:[76, 77, 78, 124, 125, 126, 145, 146, 147, 178, 179, 180, 184, 185, 186, 187, 188, 189, 196, 197, 198, 211, 212, 213, 214, 215, 216, 217, 218, 219, 220, 221, 222]",75,84,0,UNKNOWN,10.2854,35.511694,False,8
flat75-62.cnf,SATLIB,flat75,matching_capacity,/work/benchmarks/phase5/satlib/flat75/flat75-62.cnf,27906a88e0590111e2bcdb4fbd219e2d170987c0bd7a857e9bd8e3ad8117a37a,evaluation,resource_allocation_like,75 exact-r boxes over 81 capacity groups,UNKNOWN,225,840,5.17942,0.17795,RUN_LKK,75,765,0,RUN_LKK,0.374448,COMPLETE,2.11813,UNKNOWN,"incomplete_or_ambiguous_resource_mapping:[58, 59, 60, 82, 83, 84, 133, 134, 135, 148, 149, 150, 151, 152, 153, 157, 158, 159, 160, 161, 162, 163, 164, 165, 187, 188, 189, 205, 206, 207, 208, 209, 210, 211, 212, 213, 217, 218, 219, 220, 221, 222, 223, 224, 225]",75,81,0,UNKNOWN,8.94171,35.261055,False,8
flat75-63.cnf,SATLIB,flat75,matching_capacity,/work/benchmarks/phase5/satlib/flat75/flat75-63.cnf,460b3cba1273166f12018f683c9da5db5e17c447cf3c1520e4f4412d19af7c4f,evaluation,resource_allocation_like,75 exact-r boxes over 84 capacity groups,UNKNOWN,225,840,5.70302,0.22861,RUN_LKK,75,765,0,RUN_LKK,0.480794,COMPLETE,2.59073,UNKNOWN,"incomplete_or_ambiguous_resource_mapping:[52, 53, 54, 133, 134, 135, 145, 146, 147, 154, 155, 156, 160, 161, 162, 163, 164, 165, 175, 176, 177, 181, 182, 183, 202, 203, 204, 205, 206, 207, 214, 215, 216, 217, 218, 219, 223, 224, 225]",75,84,0,UNKNOWN,9.92215,36.317501,False,8
flat75-64.cnf,SATLIB,flat75,matching_capacity,/work/benchmarks/phase5/satlib/flat75/flat75-64.cnf,310b54310c345df193abcc18124b64e6b4ccbf4e02a37696fcdc39822392cb75,evaluation,resource_allocation_like,75 exact-r boxes over 81 capacity groups,UNKNOWN,225,840,3.95934,0.212428,RUN_LKK,75,765,0,RUN_LKK,0.503801,COMPLETE,3.44957,UNKNOWN,"incomplete_or_ambiguous_resource_mapping:[94, 95, 96, 109, 110, 111, 118, 119, 120, 139, 140, 141, 145, 146, 147, 151, 152, 153, 169, 170, 171, 175, 176, 177, 193, 194, 195, 196, 197, 198, 214, 215, 216, 220, 221, 222]",75,81,0,UNKNOWN,9.53192,39.747097,False,8
flat75-65.cnf,SATLIB,flat75,matching_capacity,/work/benchmarks/phase5/satlib/flat75/flat75-65.cnf,daafa8ebbaf399ba8c0ea2d0a042f9c4e522cec4eaebeca56d0b3ba457214806,evaluation,resource_allocation_like,75 exact-r boxes over 84 capacity groups,UNKNOWN,225,840,21.7965,0.287565,RUN_LKK,75,765,0,RUN_LKK,0.518197,COMPLETE,3.10936,UNKNOWN,"incomplete_or_ambiguous_resource_mapping:[49, 50, 51, 109, 110, 111, 112, 113, 114, 130, 131, 132, 145, 146, 147, 175, 176, 177, 202, 203, 204, 214, 215, 216, 223, 224, 225]",75,84,0,UNKNOWN,27.8703,68.858769,False,8
flat75-66.cnf,SATLIB,flat75,matching_capacity,/work/benchmarks/phase5/satlib/flat75/flat75-66.cnf,4d0a97640335804cd1925ff7a99d2bead130ca984837425b15c76939c9c599df,evaluation,resource_allocation_like,75 exact-r boxes over 90 capacity groups,UNKNOWN,225,840,10.3698,0.215677,RUN_LKK,75,765,0,RUN_LKK,0.504833,COMPLETE,2.8858,UNKNOWN,"incomplete_or_ambiguous_resource_mapping:[10, 11, 12, 91, 92, 93, 130, 131, 132, 172, 173, 174, 181, 182, 183, 190, 191, 192, 205, 206, 207, 217, 218, 219]",75,90,0,UNKNOWN,15.9227,69.756872,False,8
flat75-67.cnf,SATLIB,flat75,matching_capacity,/work/benchmarks/phase5/satlib/flat75/flat75-67.cnf,9b5fb77e2617043177821d13b5f30a1b43fac9bfad2942085199ab234b9f62a6,evaluation,resource_allocation_like,75 exact-r boxes over 90 capacity groups,UNKNOWN,225,840,8.9178,0.215596,RUN_LKK,75,765,0,RUN_LKK,0.504799,COMPLETE,2.80776,UNKNOWN,"incomplete_or_ambiguous_resource_mapping:[10, 11, 12, 112, 113, 114, 151, 152, 153, 169, 170, 171, 178, 179, 180, 184, 185, 186, 187, 188, 189, 205, 206, 207, 214, 215, 216, 223, 224, 225]",75,90,0,UNKNOWN,16.5389,72.017214,False,8
flat75-68.cnf,SATLIB,flat75,matching_capacity,/work/benchmarks/phase5/satlib/flat75/flat75-68.cnf,cc8e44ea84b78db1d14ad9dba28e9daa84ce5ef6a43c64c97f6f12d403352fe3,evaluation,resource_allocation_like,75 exact-r boxes over 81 capacity groups,UNKNOWN,225,840,5.78931,0.216361,RUN_LKK,75,765,0,RUN_LKK,0.480758,COMPLETE,2.94707,UNKNOWN,"incomplete_or_ambiguous_resource_mapping:[10, 11, 12, 73, 74, 75, 94, 95, 96, 97, 98, 99, 127, 128, 129, 151, 152, 153, 187, 188, 189, 193, 194, 195, 196, 197, 198, 202, 203, 204, 208, 209, 210, 220, 221, 222]",75,81,0,UNKNOWN,10.7971,39.182277,False,8
flat75-69.cnf,SATLIB,flat75,matching_capacity,/work/benchmarks/phase5/satlib/flat75/flat75-69.cnf,1248711f722ed488115310712bc350403be29ae92f1c866b033511b5e9258790,evaluation,resource_allocation_like,75 exact-r boxes over 87 capacity groups,UNKNOWN,225,840,7.63657,0.228434,RUN_LKK,75,765,0,RUN_LKK,0.509841,COMPLETE,3.82959,UNKNOWN,"incomplete_or_ambiguous_resource_mapping:[139, 140, 141, 142, 143, 144, 154, 155, 156, 175, 176, 177, 196, 197, 198, 205, 206, 207, 214, 215, 216, 223, 224, 225]",75,87,0,UNKNOWN,15.7492,38.593582,False,8
flat75-7.cnf,SATLIB,flat75,matching_capacity,/work/benchmarks/phase5/satlib/flat75/flat75-7.cnf,ca268548bbd2acf0593add77e776f0333c2edbbe461467c7edd8ba5dec1334d5,evaluation,resource_allocation_like,75 exact-r boxes over 75 capacity groups,UNKNOWN,225,840,10.3115,0.228572,RUN_LKK,75,765,0,RUN_LKK,0.507965,COMPLETE,3.09186,UNKNOWN,"incomplete_or_ambiguous_resource_mapping:[79, 80, 81, 97, 98, 99, 109, 110, 111, 112, 113, 114, 157, 158, 159, 172, 173, 174, 190, 191, 192, 193, 194, 195, 196, 197, 198, 199, 200, 201, 205, 206, 207, 208, 209, 210, 214, 215, 216, 217, 218, 219, 220, 221, 222, 223, 224, 225]",75,75,0,UNKNOWN,15.4475,37.4526,False,8
flat75-70.cnf,SATLIB,flat75,matching_capacity,/work/benchmarks/phase5/satlib/flat75/flat75-70.cnf,e94f38155dc6fdacb2f60da62d71ad14430d6a1d6e1e4d0c212e1ad1fa87c110,calibration,resource_allocation_like,75 exact-r boxes over 78 capacity groups,UNKNOWN,225,840,6.69335,0.239068,RUN_LKK,75,765,0,RUN_LKK,0.513187,COMPLETE,4.98165,UNKNOWN,"incomplete_or_ambiguous_resource_mapping:[4, 5, 6, 13, 14, 15, 43, 44, 45, 49, 50, 51, 133, 134, 135, 145, 146, 147, 169, 170, 171, 175, 176, 177, 181, 182, 183, 187, 188, 189, 193, 194, 195, 196, 197, 198, 202, 203, 204]",75,78,0,UNKNOWN,16.0786,37.354289,False,8
flat75-71.cnf,SATLIB,flat75,matching_capacity,/work/benchmarks/phase5/satlib/flat75/flat75-71.cnf,5de8a0c4b39505454ddd2a79c8f5aaa9175b046f452f28192b01948bb479e405,evaluation,resource_allocation_like,75 exact-r boxes over 87 capacity groups,UNKNOWN,225,840,3.31016,0.216606,RUN_LKK,75,765,0,RUN_LKK,0.483417,COMPLETE,3.30292,UNKNOWN,"incomplete_or_ambiguous_resource_mapping:[10, 11, 12, 91, 92, 93, 121, 122, 123, 124, 125, 126, 169, 170, 171, 175, 176, 177, 205, 206, 207, 208, 209, 210, 217, 218, 219]",75,87,0,UNKNOWN,10.8827,41.78342,False,8
flat75-72.cnf,SATLIB,flat75,matching_capacity,/work/benchmarks/phase5/satlib/flat75/flat75-72.cnf,a5990ed1156cf5d4729a0f5a9abcc0ea41914b4c654293148cbb7b7b429d2fe1,evaluation,resource_allocation_like,75 exact-r boxes over 75 capacity groups,UNKNOWN,225,840,7.29097,0.224432,RUN_LKK,75,765,0,RUN_LKK,0.510021,COMPLETE,2.99741,UNKNOWN,"incomplete_or_ambiguous_resource_mapping:[67, 68, 69, 70, 71, 72, 112, 113, 114, 124, 125, 126, 127, 128, 129, 142, 143, 144, 145, 146, 147, 163, 164, 165, 166, 167, 168, 190, 191, 192, 193, 194, 195, 196, 197, 198, 205, 206, 207, 208, 209, 210, 223, 224, 225]",75,75,0,UNKNOWN,12.4135,37.914159,False,8
flat75-73.cnf,SATLIB,flat75,matching_capacity,/work/benchmarks/phase5/satlib/flat75/flat75-73.cnf,440088a4e83bb369d954b3307c08d0cf9f36cbd9f37b1e6f94edd5e6f3c3b14a,calibration,resource_allocation_like,75 exact-r boxes over 84 capacity groups,UNKNOWN,225,840,5.81526,0.222378,RUN_LKK,75,765,0,RUN_LKK,0.496578,COMPLETE,3.00038,UNKNOWN,"incomplete_or_ambiguous_resource_mapping:[52, 53, 54, 103, 104, 105, 130, 131, 132, 160, 161, 162, 169, 170, 171, 175, 176, 177, 187, 188, 189, 190, 191, 192, 193, 194, 195, 208, 209, 210, 211, 212, 213, 217, 218, 219, 220, 221, 222]",75,84,0,UNKNOWN,11.0553,38.2333,False,8
flat75-74.cnf,SATLIB,flat75,matching_capacity,/work/benchmarks/phase5/satlib/flat75/flat75-74.cnf,c5caf43904184546fde3fc168288ad5e38e27fe9721c5fef438d7cf45eebb4fc,evaluation,resource_allocation_like,75 exact-r boxes over 87 capacity groups,UNKNOWN,225,840,3.86795,0.212159,RUN_LKK,75,765,0,RUN_LKK,0.541262,COMPLETE,3.02046,UNKNOWN,"incomplete_or_ambiguous_resource_mapping:[145, 146, 147, 157, 158, 159, 163, 164, 165, 166, 167, 168, 169, 170, 171, 178, 179, 180, 190, 191, 192, 193, 194, 195, 199, 200, 201, 202, 203, 204, 205, 206, 207]",75,87,0,UNKNOWN,9.09692,36.980708,False,8
flat75-75.cnf,SATLIB,flat75,matching_capacity,/work/benchmarks/phase5/satlib/flat75/flat75-75.cnf,d4f6650195fc5e1c522993f126cdcd8e6aac08107a7fc285dff89b3fe61fda13,evaluation,resource_allocation_like,75 exact-r boxes over 90 capacity groups,UNKNOWN,225,840,5.26731,0.385566,RUN_LKK,75,765,0,RUN_LKK,0.568155,COMPLETE,2.81782,UNKNOWN,"incomplete_or_ambiguous_resource_mapping:[70, 71, 72, 88, 89, 90, 148, 149, 150, 175, 176, 177, 205, 206, 207, 208, 209, 210, 223, 224, 225]",75,90,0,UNKNOWN,10.4984,36.080677,False,8
flat75-76.cnf,SATLIB,flat75,matching_capacity,/work/benchmarks/phase5/satlib/flat75/flat75-76.cnf,2a599e1b0a9564bb8c668c6f18c242cebd8f931f045261141c9fd2d05ab55d4e,evaluation,resource_allocation_like,75 exact-r boxes over 87 capacity groups,UNKNOWN,225,840,6.27075,0.1938,RUN_LKK,75,765,0,RUN_LKK,0.431855,COMPLETE,2.43295,UNKNOWN,"incomplete_or_ambiguous_resource_mapping:[70, 71, 72, 136, 137, 138, 166, 167, 168, 181, 182, 183, 184, 185, 186, 196, 197, 198, 208, 209, 210, 211, 212, 213, 214, 215, 216]",75,87,0,UNKNOWN,10.4736,35.366575,False,8
flat75-77.cnf,SATLIB,flat75,matching_capacity,/work/benchmarks/phase5/satlib/flat75/flat75-77.cnf,deb67b7b7e942d6711ec4acd38600a14e2bf4d5945522836df3dfc72c6836cf6,evaluation,resource_allocation_like,75 exact-r boxes over 78 capacity groups,UNKNOWN,225,840,2.73772,0.176528,RUN_LKK,75,765,0,RUN_LKK,0.449117,COMPLETE,3.15742,UNKNOWN,"incomplete_or_ambiguous_resource_mapping:[1, 2, 3, 112, 113, 114, 121, 122, 123, 124, 125, 126, 130, 131, 132, 136, 137, 138, 139, 140, 141, 169, 170, 171, 172, 173, 174, 175, 176, 177, 187, 188, 189, 220, 221, 222]",75,78,0,UNKNOWN,7.52818,35.31606,False,8
flat75-78.cnf,SATLIB,flat75,matching_capacity,/work/benchmarks/phase5/satlib/flat75/flat75-78.cnf,93cf31cea97fedbaa3ef375a07edd10fa84154bf948d6f9b284d7597c7f9737e,evaluation,resource_allocation_like,75 exact-r boxes over 93 capacity groups,UNKNOWN,225,840,2.6488,0.20676,RUN_LKK,75,765,0,RUN_LKK,0.474584,COMPLETE,2.98651,UNKNOWN,"incomplete_or_ambiguous_resource_mapping:[112, 113, 114, 118, 119, 120, 142, 143, 144, 175, 176, 177, 181, 182, 183, 187, 188, 189, 211, 212, 213]",75,93,0,UNKNOWN,7.43164,19.179506,False,8
flat75-79.cnf,SATLIB,flat75,matching_capacity,/work/benchmarks/phase5/satlib/flat75/flat75-79.cnf,3a1ef7a740fe011069b182f3945649059de4d7777130ad102fbc2ae22b5fb339,evaluation,resource_allocation_like,75 exact-r boxes over 84 capacity groups,UNKNOWN,225,840,3.73564,0.17601,RUN_LKK,75,765,0,RUN_LKK,0.741489,COMPLETE,2.82387,UNKNOWN,"incomplete_or_ambiguous_resource_mapping:[64, 65, 66, 94, 95, 96, 112, 113, 114, 127, 128, 129, 130, 131, 132, 136, 137, 138, 145, 146, 147, 166, 167, 168, 187, 188, 189, 202, 203, 204, 211, 212, 213, 217, 218, 219]",75,84,0,UNKNOWN,8.64126,19.302944,False,8
flat75-8.cnf,SATLIB,flat75,matching_capacity,/work/benchmarks/phase5/satlib/flat75/flat75-8.cnf,963ee0a8a6506311b53132d5464fbe3198d5373b06373d46e4c913232951e8c7,evaluation,resource_allocation_like,75 exact-r boxes over 90 capacity groups,UNKNOWN,225,840,5.86638,0.22287,RUN_LKK,75,765,0,RUN_LKK,0.547817,COMPLETE,2.96475,UNKNOWN,"incomplete_or_ambiguous_resource_mapping:[49, 50, 51, 58, 59, 60, 112, 113, 114, 115, 116, 117, 136, 137, 138, 166, 167, 168, 175, 176, 177]",75,90,0,UNKNOWN,10.9738,34.230226,False,8
flat75-80.cnf,SATLIB,flat75,matching_capacity,/work/benchmarks/phase5/satlib/flat75/flat75-80.cnf,55f050078757a86eab955b39f1d0c8af91f786c037267b4988b1865b9f1183ee,evaluation,resource_allocation_like,75 exact-r boxes over 93 capacity groups,UNKNOWN,225,840,5.79875,0.189126,RUN_LKK,75,765,0,RUN_LKK,0.348589,COMPLETE,2.07012,UNKNOWN,"incomplete_or_ambiguous_resource_mapping:[25, 26, 27, 103, 104, 105, 148, 149, 150, 151, 152, 153, 175, 176, 177, 190, 191, 192, 199, 200, 201, 208, 209, 210]",75,93,0,UNKNOWN,9.33301,34.458816,False,8
flat75-81.cnf,SATLIB,flat75,matching_capacity,/work/benchmarks/phase5/satlib/flat75/flat75-81.cnf,93f4960ea5bd5fd4a8ee4476b2a228bb01b06a8b1f01489b5298f3ea1dd5a259,evaluation,resource_allocation_like,75 exact-r boxes over 81 capacity groups,UNKNOWN,225,840,3.98942,0.173894,RUN_LKK,75,765,0,RUN_LKK,0.431799,COMPLETE,2.28799,UNKNOWN,"incomplete_or_ambiguous_resource_mapping:[1, 2, 3, 37, 38, 39, 118, 119, 120, 142, 143, 144, 160, 161, 162, 163, 164, 165, 169, 170, 171, 172, 173, 174, 190, 191, 192, 214, 215, 216]",75,81,0,UNKNOWN,7.91215,19.828081,False,8
flat75-82.cnf,SATLIB,flat75,matching_capacity,/work/benchmarks/phase5/satlib/flat75/flat75-82.cnf,da542d4015a77ae4c239d9ffee4420c56b11d97946fcccd36bf1d0fad3e916bb,evaluation,resource_allocation_like,75 exact-r boxes over 84 capacity groups,UNKNOWN,225,840,3.85987,0.158662,RUN_LKK,75,765,0,RUN_LKK,0.402445,COMPLETE,2.11428,UNKNOWN,"incomplete_or_ambiguous_resource_mapping:[73, 74, 75, 97, 98, 99, 112, 113, 114, 121, 122, 123, 154, 155, 156, 160, 161, 162, 187, 188, 189, 193, 194, 195, 208, 209, 210, 211, 212, 213, 223, 224, 225]",75,84,0,UNKNOWN,7.70162,36.434741,False,8
flat75-83.cnf,SATLIB,flat75,matching_capacity,/work/benchmarks/phase5/satlib/flat75/flat75-83.cnf,01477cb7acd34383e11e11beb8ae8afa82e5c4f9c91b060dfa90bed1fc80da6c,evaluation,resource_allocation_like,75 exact-r boxes over 84 capacity groups,UNKNOWN,225,840,6.11446,0.179688,RUN_LKK,75,765,0,RUN_LKK,0.389435,COMPLETE,2.40775,UNKNOWN,"incomplete_or_ambiguous_resource_mapping:[112, 113, 114, 130, 131, 132, 133, 134, 135, 157, 158, 159, 172, 173, 174, 178, 179, 180, 181, 182, 183, 187, 188, 189, 193, 194, 195, 199, 200, 201, 205, 206, 207, 214, 215, 216, 220, 221, 222, 223, 224, 225]",75,84,0,UNKNOWN,10.1843,36.152241,False,8
flat75-84.cnf,SATLIB,flat75,matching_capacity,/work/benchmarks/phase5/satlib/flat75/flat75-84.cnf,4b86230a216c82556f29737718edbf5b2c93dac06c72251c7bb954092566baed,evaluation,resource_allocation_like,75 exact-r boxes over 90 capacity groups,UNKNOWN,225,840,3.93836,0.181761,RUN_LKK,75,765,0,RUN_LKK,0.416614,COMPLETE,3.15306,UNKNOWN,"incomplete_or_ambiguous_resource_mapping:[76, 77, 78, 94, 95, 96, 142, 143, 144, 151, 152, 153, 169, 170, 171, 193, 194, 195]",75,90,0,UNKNOWN,8.7972,18.657146,False,8
flat75-85.cnf,SATLIB,flat75,matching_capacity,/work/benchmarks/phase5/satlib/flat75/flat75-85.cnf,adea3ccff964c49ea83958959efa604acdda4ec2ace0a537f4ba5104eaae46a8,evaluation,resource_allocation_like,75 exact-r boxes over 81 capacity groups,UNKNOWN,225,840,4.35943,0.199844,RUN_LKK,75,765,0,RUN_LKK,0.445443,COMPLETE,2.55781,UNKNOWN,"incomplete_or_ambiguous_resource_mapping:[91, 92, 93, 127, 128, 129, 133, 134, 135, 139, 140, 141, 151, 152, 153, 172, 173, 174, 175, 176, 177, 187, 188, 189, 199, 200, 201, 205, 206, 207, 208, 209, 210, 217, 218, 219, 220, 221, 222]",75,81,0,UNKNOWN,8.58317,19.560787,False,8
flat75-86.cnf,SATLIB,flat75,matching_capacity,/work/benchmarks/phase5/satlib/flat75/flat75-86.cnf,e8e6a86138bb793a11f1989357f1f2bb90b9097b577be0c531620d5549fb6c4d,evaluation,resource_allocation_like,75 exact-r boxes over 84 capacity groups,UNKNOWN,225,840,3.28375,0.210358,RUN_LKK,75,765,0,RUN_LKK,0.492782,COMPLETE,2.76051,UNKNOWN,"incomplete_or_ambiguous_resource_mapping:[49, 50, 51, 91, 92, 93, 145, 146, 147, 151, 152, 153, 157, 158, 159, 169, 170, 171, 175, 176, 177, 178, 179, 180, 187, 188, 189, 193, 194, 195, 208, 209, 210, 211, 212, 213, 223, 224, 225]",75,84,0,UNKNOWN,7.70693,18.672469,False,8
flat75-87.cnf,SATLIB,flat75,matching_capacity,/work/benchmarks/phase5/satlib/flat75/flat75-87.cnf,4d2b24657e6f165fa64135c864968f187772ca0da26aa5d275b774808d06ea8c,evaluation,resource_allocation_like,75 exact-r boxes over 84 capacity groups,UNKNOWN,225,840,5.20221,0.215145,RUN_LKK,75,765,0,RUN_LKK,0.587564,COMPLETE,2.05344,UNKNOWN,"incomplete_or_ambiguous_resource_mapping:[67, 68, 69, 94, 95, 96, 124, 125, 126, 130, 131, 132, 178, 179, 180, 181, 182, 183, 187, 188, 189, 190, 191, 192, 205, 206, 207, 208, 209, 210, 217, 218, 219]",75,84,0,UNKNOWN,9.1594,35.555281,False,8
flat75-88.cnf,SATLIB,flat75,matching_capacity,/work/benchmarks/phase5/satlib/flat75/flat75-88.cnf,e0ace3dbbd8f9d578f3180f4ceeb3d1862aac9c7fd31b27db7deb1642fb68121,calibration,resource_allocation_like,75 exact-r boxes over 93 capacity groups,UNKNOWN,225,840,4.82238,0.193585,RUN_LKK,75,765,0,RUN_LKK,0.453803,COMPLETE,2.84351,UNKNOWN,"incomplete_or_ambiguous_resource_mapping:[79, 80, 81, 97, 98, 99, 109, 110, 111, 166, 167, 168, 169, 170, 171, 202, 203, 204]",75,93,0,UNKNOWN,9.688,34.976073,False,8
flat75-89.cnf,SATLIB,flat75,matching_capacity,/work/benchmarks/phase5/satlib/flat75/flat75-89.cnf,9cee50ab32c46507c4dd6b91574b5915ad1779b17ce47e904c37a83b721587a6,evaluation,resource_allocation_like,75 exact-r boxes over 81 capacity groups,UNKNOWN,225,840,5.39744,0.208967,RUN_LKK,75,765,0,RUN_LKK,0.49402,COMPLETE,3.07593,UNKNOWN,"incomplete_or_ambiguous_resource_mapping:[49, 50, 51, 58, 59, 60, 64, 65, 66, 67, 68, 69, 100, 101, 102, 118, 119, 120, 130, 131, 132, 160, 161, 162, 181, 182, 183, 187, 188, 189, 190, 191, 192, 220, 221, 222]",75,81,0,UNKNOWN,10.5227,35.343371,False,8
flat75-9.cnf,SATLIB,flat75,matching_capacity,/work/benchmarks/phase5/satlib/flat75/flat75-9.cnf,d5c936bd0a5f368e6b71c8f52e3234d06930250fd7d9b2c01eb9710297a9bfb2,evaluation,resource_allocation_like,75 exact-r boxes over 81 capacity groups,UNKNOWN,225,840,6.71418,0.209662,RUN_LKK,75,765,0,RUN_LKK,0.464037,COMPLETE,2.93955,UNKNOWN,"incomplete_or_ambiguous_resource_mapping:[31, 32, 33, 97, 98, 99, 112, 113, 114, 118, 119, 120, 130, 131, 132, 148, 149, 150, 169, 170, 171, 175, 176, 177, 178, 179, 180, 184, 185, 186, 187, 188, 189, 190, 191, 192, 199, 200, 201, 205, 206, 207, 217, 218, 219]",75,81,0,UNKNOWN,11.981,35.702819,False,8
flat75-90.cnf,SATLIB,flat75,matching_capacity,/work/benchmarks/phase5/satlib/flat75/flat75-90.cnf,3912c5b34efc76b8176314a22591bbb07a3ed5d39fdfbde1624cb195f8478bfd,evaluation,resource_allocation_like,75 exact-r boxes over 87 capacity groups,UNKNOWN,225,840,5.03967,0.200843,RUN_LKK,75,765,0,RUN_LKK,0.443501,COMPLETE,2.45751,UNKNOWN,"incomplete_or_ambiguous_resource_mapping:[82, 83, 84, 154, 155, 156, 166, 167, 168, 169, 170, 171, 181, 182, 183, 196, 197, 198, 199, 200, 201, 208, 209, 210, 214, 215, 216]",75,87,0,UNKNOWN,9.14265,37.141541,False,8
flat75-91.cnf,SATLIB,flat75,matching_capacity,/work/benchmarks/phase5/satlib/flat75/flat75-91.cnf,dc4f674c60b1b59550c4dc6ee12e139d08d0109f5e722eeecb9340dd5eb24703,evaluation,resource_allocation_like,75 exact-r boxes over 87 capacity groups,UNKNOWN,225,840,4.35107,0.208578,RUN_LKK,75,765,0,RUN_LKK,0.513049,COMPLETE,2.76998,UNKNOWN,"incomplete_or_ambiguous_resource_mapping:[46, 47, 48, 115, 116, 117, 124, 125, 126, 136, 137, 138, 148, 149, 150, 175, 176, 177, 181, 182, 183, 202, 203, 204, 205, 206, 207, 214, 215, 216]",75,87,0,UNKNOWN,8.91664,36.852204,False,8
flat75-92.cnf,SATLIB,flat75,matching_capacity,/work/benchmarks/phase5/satlib/flat75/flat75-92.cnf,99df0794a2dcc96fbe30d4e3d85069f585806eda9439cfaf49b583684887d077,evaluation,resource_allocation_like,75 exact-r boxes over 84 capacity groups,UNKNOWN,225,840,5.55083,0.378252,RUN_LKK,75,765,0,RUN_LKK,0.395983,COMPLETE,2.20346,UNKNOWN,"incomplete_or_ambiguous_resource_mapping:[82, 83, 84, 130, 131, 132, 151, 152, 153, 160, 161, 162, 193, 194, 195, 202, 203, 204, 205, 206, 207, 220, 221, 222, 223, 224, 225]",75,84,0,UNKNOWN,9.62218,35.071744,False,8
flat75-93.cnf,SATLIB,flat75,matching_capacity,/work/benchmarks/phase5/satlib/flat75/flat75-93.cnf,1a07da9d8e44c0a6215d7c7a4e75e502bbe29ed56ad162d95e5cfdf0d2c38448,calibration,resource_allocation_like,75 exact-r boxes over 78 capacity groups,UNKNOWN,225,840,5.00779,0.16985,RUN_LKK,75,765,0,RUN_LKK,0.476363,COMPLETE,2.40325,UNKNOWN,"incomplete_or_ambiguous_resource_mapping:[85, 86, 87, 97, 98, 99, 148, 149, 150, 151, 152, 153, 157, 158, 159, 166, 167, 168, 169, 170, 171, 181, 182, 183, 184, 185, 186, 193, 194, 195, 196, 197, 198, 217, 218, 219, 220, 221, 222]",75,78,0,UNKNOWN,8.95142,35.610068,False,8
flat75-94.cnf,SATLIB,flat75,matching_capacity,/work/benchmarks/phase5/satlib/flat75/flat75-94.cnf,560eabeb2739b9b9e1728a701ba3aff403963868f7790b44c6ca8cbd84226c48,evaluation,resource_allocation_like,75 exact-r boxes over 87 capacity groups,UNKNOWN,225,840,7.13767,0.232368,RUN_LKK,75,765,0,RUN_LKK,0.503118,COMPLETE,4.33437,UNKNOWN,"incomplete_or_ambiguous_resource_mapping:[85, 86, 87, 112, 113, 114, 187, 188, 189, 190, 191, 192, 196, 197, 198, 208, 209, 210, 217, 218, 219, 223, 224, 225]",75,87,0,UNKNOWN,13.6825,35.547472,False,8
flat75-95.cnf,SATLIB,flat75,matching_capacity,/work/benchmarks/phase5/satlib/flat75/flat75-95.cnf,f0600cb9c9c2ce1266d58a280341f6d04a401888efc31c253d90777ed909a8ca,calibration,resource_allocation_like,75 exact-r boxes over 93 capacity groups,UNKNOWN,225,840,3.49821,0.237188,RUN_LKK,75,765,0,RUN_LKK,0.561709,COMPLETE,3.19139,UNKNOWN,"incomplete_or_ambiguous_resource_mapping:[172, 173, 174, 181, 182, 183, 199, 200, 201, 214, 215, 216, 220, 221, 222]",75,93,0,UNKNOWN,9.24724,35.219251,False,8
flat75-96.cnf,SATLIB,flat75,matching_capacity,/work/benchmarks/phase5/satlib/flat75/flat75-96.cnf,608e047f67190af7845c5d75e719f70c3ed0196e43dbe1dc2acb4768ebd3b2c3,evaluation,resource_allocation_like,75 exact-r boxes over 81 capacity groups,UNKNOWN,225,840,5.76473,0.226706,RUN_LKK,75,765,0,RUN_LKK,0.531149,COMPLETE,3.01746,UNKNOWN,"incomplete_or_ambiguous_resource_mapping:[1, 2, 3, 13, 14, 15, 28, 29, 30, 67, 68, 69, 73, 74, 75, 112, 113, 114, 133, 134, 135, 136, 137, 138, 160, 161, 162, 163, 164, 165, 172, 173, 174, 175, 176, 177, 208, 209, 210, 217, 218, 219]",75,81,0,UNKNOWN,11.8407,35.492196,False,8
flat75-97.cnf,SATLIB,flat75,matching_capacity,/work/benchmarks/phase5/satlib/flat75/flat75-97.cnf,41e8fed77f11b4d28a951848982f0f11530e4d108c7d628ad8dc5700feb34b76,evaluation,resource_allocation_like,75 exact-r boxes over 84 capacity groups,UNKNOWN,225,840,5.73654,0.22344,RUN_LKK,75,765,0,RUN_LKK,0.488881,COMPLETE,2.89188,UNKNOWN,"incomplete_or_ambiguous_resource_mapping:[73, 74, 75, 76, 77, 78, 88, 89, 90, 94, 95, 96, 97, 98, 99, 124, 125, 126, 136, 137, 138, 175, 176, 177, 184, 185, 186, 208, 209, 210]",75,84,0,UNKNOWN,10.5287,37.371743,False,8
flat75-98.cnf,SATLIB,flat75,matching_capacity,/work/benchmarks/phase5/satlib/flat75/flat75-98.cnf,16f81045756bf8fe693f57c24fe5f62ba51ef18efd37d8cfdf4e35482aeef339,evaluation,resource_allocation_like,75 exact-r boxes over 84 capacity groups,UNKNOWN,225,840,3.20098,0.221165,RUN_LKK,75,765,0,RUN_LKK,0.621127,COMPLETE,3.05139,UNKNOWN,"incomplete_or_ambiguous_resource_mapping:[1, 2, 3, 76, 77, 78, 103, 104, 105, 118, 119, 120, 148, 149, 150, 169, 170, 171, 205, 206, 207, 208, 209, 210, 214, 215, 216, 220, 221, 222]",75,84,0,UNKNOWN,8.17063,38.839566,False,8
flat75-99.cnf,SATLIB,flat75,matching_capacity,/work/benchmarks/phase5/satlib/flat75/flat75-99.cnf,8cbfe6ee9f5b7caff8341558db0cfbd98ec3e2262153f0800148f57ddf2520bd,evaluation,resource_allocation_like,75 exact-r boxes over 81 capacity groups,UNKNOWN,225,840,4.19045,0.211269,RUN_LKK,75,765,0,RUN_LKK,0.488131,COMPLETE,2.98107,UNKNOWN,"incomplete_or_ambiguous_resource_mapping:[13, 14, 15, 79, 80, 81, 97, 98, 99, 124, 125, 126, 133, 134, 135, 136, 137, 138, 154, 155, 156, 187, 188, 189, 202, 203, 204, 208, 209, 210, 211, 212, 213, 220, 221, 222, 223, 224, 225]",75,81,0,UNKNOWN,9.15865,38.035472,False,8
g125.17.cnf,SATLIB,gcp-large,matching_capacity,/work/benchmarks/phase5/satlib/gcp-large/g125.17.cnf,369534077b929ef56081b5efdf62231939c81401138e87b36532ddfcdfb880a7,evaluation,no_useful_detected_structure,benefit gate declined: input_clause_limit,UNKNOWN,2125,66272,106.709,28.5156,RUN_LKK,125,66147,0,SKIP_TO_CDCL,0,COMPLETE,0,UNKNOWN,,0,0,0,UNKNOWN,157.869,218.589889,False,8
g125.18.cnf,SATLIB,gcp-large,matching_capacity,/work/benchmarks/phase5/satlib/gcp-large/g125.18.cnf,2f8144fac3c3770fce6f07377a011ef9d50ecdef5ff59c1c5653700ed2c9737e,evaluation,no_useful_detected_structure,benefit gate declined: input_clause_limit,UNKNOWN,2250,70163,118.948,33.6593,RUN_LKK,125,70038,0,SKIP_TO_CDCL,0,COMPLETE,0,UNKNOWN,,0,0,0,UNKNOWN,176.498,218.737487,False,8
g250.15.cnf,SATLIB,gcp-large,matching_capacity,/work/benchmarks/phase5/satlib/gcp-large/g250.15.cnf,c1371cdc112dbc0fe4a5915a6caf805815f9e56e5b7e10ce7a27314220482f92,evaluation,no_useful_detected_structure,benefit gate declined: input_clause_limit,UNKNOWN,3750,233965,335.28,179.33,RUN_LKK,250,233715,0,SKIP_TO_CDCL,0,COMPLETE,0,UNKNOWN,,0,0,0,UNKNOWN,629.9,670.631288,False,8
g250.29.cnf,SATLIB,gcp-large,matching_capacity,/work/benchmarks/phase5/satlib/gcp-large/g250.29.cnf,9f793e477680f1c76e569462f19de7f1e40c6614ba2058206cd7a61538f7b0e2,evaluation,no_useful_detected_structure,benefit gate declined: input_clause_limit,UNKNOWN,7250,454622,654.996,561.906,RUN_LKK,250,454372,0,SKIP_TO_CDCL,0,COMPLETE,0,UNKNOWN,,0,0,0,UNKNOWN,1529.79,1577.621817,False,8
par16-1-c.cnf,SATLIB,parity,crafted_parity,/work/benchmarks/phase5/satlib/parity/par16-1-c.cnf,33691e8d6a59db323b77240ae6319353f3adc0738c36e7a3e1e9f3efaa182d8a,evaluation,unknown_fallback_dominated,recovery completed but registry returned UNKNOWN: no_sound_exact_r_boxes,UNKNOWN,317,1264,6.04821,0.508841,RUN_LKK,17,283,0,RUN_LKK,0.899673,COMPLETE,0.326287,UNKNOWN,no_sound_exact_r_boxes,0,0,0,UNKNOWN,9.03753,36.19414,False,8
par16-1.cnf,SATLIB,parity,crafted_parity,/work/benchmarks/phase5/satlib/parity/par16-1.cnf,21e9cfbf8803679170ce49ccd099eb0d1df86ef27559b2c058507bd56922a3f9,evaluation,no_useful_detected_structure,cheap gate declined: no_cheap_structural_signal,UNKNOWN,1015,3310,11.4314,1.35673,SKIP_TO_CDCL,0,465,0,NOT_RUN,0,COMPLETE,0,UNKNOWN,,0,0,0,UNKNOWN,15.0738,35.700845,False,8
par16-2-c.cnf,SATLIB,parity,crafted_parity,/work/benchmarks/phase5/satlib/parity/par16-2-c.cnf,d85df8f9275977bbeb1e50fb2a3b8bce59fb6e0158dbde0b0ec33fb8faa30560,evaluation,unknown_fallback_dominated,recovery completed but registry returned UNKNOWN: no_sound_exact_r_boxes,UNKNOWN,349,1392,8.02489,0.5185,RUN_LKK,18,314,0,RUN_LKK,0.858273,COMPLETE,0.369264,UNKNOWN,no_sound_exact_r_boxes,0,0,0,UNKNOWN,11.0422,34.954211,False,8
par16-2.cnf,SATLIB,parity,crafted_parity,/work/benchmarks/phase5/satlib/parity/par16-2.cnf,814bd8b56da173082122b08a01eca678a0cbdafd380563968d37ad17073e2202,evaluation,no_useful_detected_structure,cheap gate declined: no_cheap_structural_signal,UNKNOWN,1015,3374,10.2955,1.53046,SKIP_TO_CDCL,0,497,0,NOT_RUN,0,COMPLETE,0,UNKNOWN,,0,0,0,UNKNOWN,12.9577,38.352743,False,8
par16-3-c.cnf,SATLIB,parity,crafted_parity,/work/benchmarks/phase5/satlib/parity/par16-3-c.cnf,aa0cdb92b18e3097f60ae2b8bc32d40afefcce703a8d7ffc4383c5c98c8926c3,evaluation,unknown_fallback_dominated,recovery completed but registry returned UNKNOWN: no_sound_exact_r_boxes,UNKNOWN,334,1332,7.47779,0.576469,RUN_LKK,14,303,0,RUN_LKK,0.906628,COMPLETE,0.294158,UNKNOWN,no_sound_exact_r_boxes,0,0,0,UNKNOWN,10.5774,36.715293,False,8
par16-3.cnf,SATLIB,parity,crafted_parity,/work/benchmarks/phase5/satlib/parity/par16-3.cnf,bfcd69db765ab3b828d22edee3d2f84bbb54bdee1baef8aa80c8fa6a6321972f,evaluation,no_useful_detected_structure,cheap gate declined: no_cheap_structural_signal,UNKNOWN,1015,3344,10.5065,1.31471,SKIP_TO_CDCL,0,482,0,NOT_RUN,0,COMPLETE,0,UNKNOWN,,0,0,0,UNKNOWN,12.8035,36.228321,False,8
par16-4-c.cnf,SATLIB,parity,crafted_parity,/work/benchmarks/phase5/satlib/parity/par16-4-c.cnf,e9caba5b46351faec8919b234aa974f22a97a93f1ce8aaa83f17530fa401436f,calibration,unknown_fallback_dominated,recovery completed but registry returned UNKNOWN: no_sound_exact_r_boxes,UNKNOWN,324,1292,5.20435,0.712468,RUN_LKK,17,290,0,RUN_LKK,0.894963,COMPLETE,0.2889,UNKNOWN,no_sound_exact_r_boxes,0,0,0,UNKNOWN,8.07765,36.903892,False,8
par16-4.cnf,SATLIB,parity,crafted_parity,/work/benchmarks/phase5/satlib/parity/par16-4.cnf,147cb73fd47b76c91881ffcec76fdd7080a99dc5fb3cec0f4237ebbe7160bb25,evaluation,no_useful_detected_structure,cheap gate declined: no_cheap_structural_signal,UNKNOWN,1015,3324,9.43106,1.4221,SKIP_TO_CDCL,0,472,0,NOT_RUN,0,COMPLETE,0,UNKNOWN,,0,0,0,UNKNOWN,11.732,35.367844,False,8
par16-5-c.cnf,SATLIB,parity,crafted_parity,/work/benchmarks/phase5/satlib/parity/par16-5-c.cnf,99a4e16a6214e5cc971b00ce2fbb51feee47519c0f4398c3c8c772f24ddc3daf,evaluation,unknown_fallback_dominated,recovery completed but registry returned UNKNOWN: no_sound_exact_r_boxes,UNKNOWN,341,1360,5.10841,0.672604,RUN_LKK,18,306,0,RUN_LKK,0.853581,COMPLETE,0.213218,UNKNOWN,no_sound_exact_r_boxes,0,0,0,UNKNOWN,8.32993,36.12307,False,8
par16-5.cnf,SATLIB,parity,crafted_parity,/work/benchmarks/phase5/satlib/parity/par16-5.cnf,58e5e3a6e4c4b4c96a89089b6fe7c51ac1d366413a13b75ff50c33a728f4e1c6,evaluation,no_useful_detected_structure,cheap gate declined: no_cheap_structural_signal,UNKNOWN,1015,3358,10.9172,1.40847,SKIP_TO_CDCL,0,489,0,NOT_RUN,0,COMPLETE,0,UNKNOWN,,0,0,0,UNKNOWN,13.3875,35.070247,False,8
par32-1-c.cnf,SATLIB,parity,crafted_parity,/work/benchmarks/phase5/satlib/parity/par32-1-c.cnf,5e3253738e729c3fda8cde22e67b6d8bae0df6d53e9afabb6bd74d5ceb700312,calibration,unknown_fallback_dominated,recovery completed but registry returned UNKNOWN: no_sound_exact_r_boxes,UNKNOWN,1315,5254,12.2774,2.36427,RUN_LKK,30,1189,0,RUN_LKK,3.50928,COMPLETE,1.01272,UNKNOWN,no_sound_exact_r_boxes,0,0,0,UNKNOWN,21.019,35.610967,False,8
par32-1.cnf,SATLIB,parity,crafted_parity,/work/benchmarks/phase5/satlib/parity/par32-1.cnf,9e57d4a71c76c189fceedfd61f8786fbb6e30818b1ee61bcaa12199513bfc293,evaluation,no_useful_detected_structure,cheap gate declined: no_cheap_structural_signal,UNKNOWN,3176,10277,26.0085,5.25938,SKIP_TO_CDCL,0,1548,0,NOT_RUN,0,COMPLETE,0,UNKNOWN,,0,0,0,UNKNOWN,33.4138,67.153019,False,8
par32-2-c.cnf,SATLIB,parity,crafted_parity,/work/benchmarks/phase5/satlib/parity/par32-2-c.cnf,bc94a298db22f71a8b03d9804267e4361c78b028073b6c60e3625d4d25cf17ef,calibration,unknown_fallback_dominated,recovery completed but registry returned UNKNOWN: no_sound_exact_r_boxes,UNKNOWN,1303,5206,15.1466,2.29698,RUN_LKK,37,1170,0,RUN_LKK,3.90048,COMPLETE,0.960133,UNKNOWN,no_sound_exact_r_boxes,0,0,0,UNKNOWN,24.5271,68.207198,False,8
par32-2.cnf,SATLIB,parity,crafted_parity,/work/benchmarks/phase5/satlib/parity/par32-2.cnf,c073497abbc8b481e111192111b42cf76f94b6141582cb7372283da5542b2c9e,evaluation,no_useful_detected_structure,cheap gate declined: no_cheap_structural_signal,UNKNOWN,3176,10253,23.5492,4.72747,SKIP_TO_CDCL,0,1536,0,NOT_RUN,0,COMPLETE,0,UNKNOWN,,0,0,0,UNKNOWN,30.029,68.627652,False,8
par32-3-c.cnf,SATLIB,parity,crafted_parity,/work/benchmarks/phase5/satlib/parity/par32-3-c.cnf,fe096410a048413b6279239143bab90bb5fb54037f7ac38d431cf81e892c12b6,evaluation,unknown_fallback_dominated,recovery completed but registry returned UNKNOWN: no_sound_exact_r_boxes,UNKNOWN,1325,5294,13.2159,1.80486,RUN_LKK,34,1195,0,RUN_LKK,3.66574,COMPLETE,1.1964,UNKNOWN,no_sound_exact_r_boxes,0,0,0,UNKNOWN,21.6411,35.833643,False,8
par32-3.cnf,SATLIB,parity,crafted_parity,/work/benchmarks/phase5/satlib/parity/par32-3.cnf,44b9dabdbdd579d12e7cfa91b367fb2f2fb50dd7a7a3fef385c035327d4dcc68,calibration,no_useful_detected_structure,cheap gate declined: no_cheap_structural_signal,UNKNOWN,3176,10297,22.14,4.82217,SKIP_TO_CDCL,0,1558,0,NOT_RUN,0,COMPLETE,0,UNKNOWN,,0,0,0,UNKNOWN,29.0958,67.722083,False,8
par32-4-c.cnf,SATLIB,parity,crafted_parity,/work/benchmarks/phase5/satlib/parity/par32-4-c.cnf,fc94a60586d86c705914d16c8a6d8e77375bc61d0b5724386701bf2e8da36b2b,evaluation,unknown_fallback_dominated,recovery completed but registry returned UNKNOWN: no_sound_exact_r_boxes,UNKNOWN,1333,5326,11.9657,1.89475,RUN_LKK,42,1195,0,RUN_LKK,3.85887,COMPLETE,1.01188,UNKNOWN,no_sound_exact_r_boxes,0,0,0,UNKNOWN,20.5408,34.912223,False,8
par32-4.cnf,SATLIB,parity,crafted_parity,/work/benchmarks/phase5/satlib/parity/par32-4.cnf,c8b751575eaeaa3c19827116b171a2e8d693ef12a232aeb560b75f73200b2970,calibration,no_useful_detected_structure,cheap gate declined: no_cheap_structural_signal,UNKNOWN,3176,10313,25.7279,5.24703,SKIP_TO_CDCL,0,1566,0,NOT_RUN,0,COMPLETE,0,UNKNOWN,,0,0,0,UNKNOWN,33.1059,67.769958,False,8
par32-5-c.cnf,SATLIB,parity,crafted_parity,/work/benchmarks/phase5/satlib/parity/par32-5-c.cnf,e38d5ae7a2ed8a9f45620e5c256f98ecb6649d3fc3fc82f6597255f09d3c3d17,calibration,unknown_fallback_dominated,recovery completed but registry returned UNKNOWN: no_sound_exact_r_boxes,UNKNOWN,1339,5350,14.2851,2.6492,RUN_LKK,36,1207,0,RUN_LKK,3.62123,COMPLETE,1.10446,UNKNOWN,no_sound_exact_r_boxes,0,0,0,UNKNOWN,23.3382,36.869864,False,8
par32-5.cnf,SATLIB,parity,crafted_parity,/work/benchmarks/phase5/satlib/parity/par32-5.cnf,9fc09da69b6694bcad4dbc5efd6a4fad9dbddeda2239d1b8255bbfd4d3454b54,evaluation,no_useful_detected_structure,cheap gate declined: no_cheap_structural_signal,UNKNOWN,3176,10325,23.8572,5.34118,SKIP_TO_CDCL,0,1572,0,NOT_RUN,0,COMPLETE,0,UNKNOWN,,0,0,0,UNKNOWN,30.8445,68.462496,False,8
par8-1-c.cnf,SATLIB,parity,crafted_parity,/work/benchmarks/phase5/satlib/parity/par8-1-c.cnf,6aefe62063ac9db5c0646e36c673fcb14bfcc10aa80fa2a63dccf57517c0fe69,evaluation,unknown_fallback_dominated,recovery completed but registry returned UNKNOWN: no_sound_exact_r_boxes,UNKNOWN,64,254,3.2998,0.10448,RUN_LKK,12,59,0,RUN_LKK,0.167843,COMPLETE,0.067656,UNKNOWN,no_sound_exact_r_boxes,0,0,0,UNKNOWN,4.56323,19.19448,False,8
par8-1.cnf,SATLIB,parity,crafted_parity,/work/benchmarks/phase5/satlib/parity/par8-1.cnf,a7eccfea7ce54392fdb4511abcec42350a0a6a2baa866bb773eed5d6d7c829bf,evaluation,no_useful_detected_structure,cheap gate declined: no_cheap_structural_signal,UNKNOWN,350,1149,4.55767,0.402201,SKIP_TO_CDCL,0,153,0,NOT_RUN,0,COMPLETE,0,UNKNOWN,,0,0,0,UNKNOWN,6.19121,18.705022,False,8
par8-2-c.cnf,SATLIB,parity,crafted_parity,/work/benchmarks/phase5/satlib/parity/par8-2-c.cnf,ef25a881e989edccc18980b42e4a3d21bd52f7bed8f2239cc2c53df6c964091f,evaluation,unknown_fallback_dominated,recovery completed but registry returned UNKNOWN: no_sound_exact_r_boxes,UNKNOWN,68,270,2.82683,0.128759,RUN_LKK,11,64,0,RUN_LKK,0.212996,COMPLETE,0.082331,UNKNOWN,no_sound_exact_r_boxes,0,0,0,UNKNOWN,4.33716,18.591669,False,8
par8-2.cnf,SATLIB,parity,crafted_parity,/work/benchmarks/phase5/satlib/parity/par8-2.cnf,27ce92885c98ea70114dd72e191fe56021433c25fe200903b1a5848dece42092,evaluation,no_useful_detected_structure,cheap gate declined: no_cheap_structural_signal,UNKNOWN,350,1157,4.94759,0.388522,SKIP_TO_CDCL,0,157,0,NOT_RUN,0,COMPLETE,0,UNKNOWN,,0,0,0,UNKNOWN,6.4151,19.184323,False,8
par8-3-c.cnf,SATLIB,parity,crafted_parity,/work/benchmarks/phase5/satlib/parity/par8-3-c.cnf,50748f338e39ad96d9e64fd22b76df59d9b402bbbbb7fe0cd7533d038b079a02,evaluation,unknown_fallback_dominated,recovery completed but registry returned UNKNOWN: no_sound_exact_r_boxes,UNKNOWN,75,298,3.12701,0.131902,RUN_LKK,9,73,0,RUN_LKK,0.234681,COMPLETE,0.077394,UNKNOWN,no_sound_exact_r_boxes,0,0,0,UNKNOWN,4.31802,19.046757,False,8
par8-3.cnf,SATLIB,parity,crafted_parity,/work/benchmarks/phase5/satlib/parity/par8-3.cnf,a12e607de7884ae690e9470262a91d8a959a91e76a9616e4bc9a98f9b7e7065d,evaluation,no_useful_detected_structure,cheap gate declined: no_cheap_structural_signal,UNKNOWN,350,1171,5.18255,0.405943,SKIP_TO_CDCL,0,164,0,NOT_RUN,0,COMPLETE,0,UNKNOWN,,0,0,0,UNKNOWN,6.76959,19.451272,False,8
par8-4-c.cnf,SATLIB,parity,crafted_parity,/work/benchmarks/phase5/satlib/parity/par8-4-c.cnf,514d999116b35abb2df659bafaf6b5ca7205ea0855ae4ae99646e56da298dba2,evaluation,unknown_fallback_dominated,recovery completed but registry returned UNKNOWN: no_sound_exact_r_boxes,UNKNOWN,67,266,3.61046,0.114921,RUN_LKK,6,68,0,RUN_LKK,0.209577,COMPLETE,0.070955,UNKNOWN,no_sound_exact_r_boxes,0,0,0,UNKNOWN,4.84549,19.162169,False,8
par8-4.cnf,SATLIB,parity,crafted_parity,/work/benchmarks/phase5/satlib/parity/par8-4.cnf,610c938acfc3d3aceba2698ff9deedbdfbac121e9d3debf20681fafbb5194d32,evaluation,no_useful_detected_structure,cheap gate declined: no_cheap_structural_signal,UNKNOWN,350,1155,5.61975,0.448609,SKIP_TO_CDCL,0,156,0,NOT_RUN,0,COMPLETE,0,UNKNOWN,,0,0,0,UNKNOWN,7.32184,19.784622,False,8
par8-5-c.cnf,SATLIB,parity,crafted_parity,/work/benchmarks/phase5/satlib/parity/par8-5-c.cnf,43decab5a22998cd7b8ed76525a1c53c073ade11723cb68329bc01a863bff938,evaluation,unknown_fallback_dominated,recovery completed but registry returned UNKNOWN: no_sound_exact_r_boxes,UNKNOWN,75,298,3.39394,0.10725,RUN_LKK,8,74,0,RUN_LKK,0.179844,COMPLETE,0.073592,UNKNOWN,no_sound_exact_r_boxes,0,0,0,UNKNOWN,4.84784,19.38189,False,8
par8-5.cnf,SATLIB,parity,crafted_parity,/work/benchmarks/phase5/satlib/parity/par8-5.cnf,a284a1a704a87a2a7689332620105d9a8674c97fa4247aa869a70e304e51e34f,evaluation,no_useful_detected_structure,cheap gate declined: no_cheap_structural_signal,UNKNOWN,350,1171,5.46668,0.50339,SKIP_TO_CDCL,0,164,0,NOT_RUN,0,COMPLETE,0,UNKNOWN,,0,0,0,UNKNOWN,6.82773,20.773446,False,8
pret150_25.cnf,SATLIB,pret,crafted_parity,/work/benchmarks/phase5/satlib/pret/pret150_25.cnf,b52d0f8985d25a26728b03f2d1390677ffceb2b7241ae6d5170011734a4f017b,evaluation,unknown_fallback_dominated,recovery completed but registry returned UNKNOWN: no_sound_exact_r_boxes,UNKNOWN,150,400,4.3069,0.164075,RUN_LKK,1,99,0,RUN_LKK,0.271117,COMPLETE,0.091915,UNKNOWN,no_sound_exact_r_boxes,0,0,0,UNKNOWN,5.64852,20.082788,False,8
pret150_40.cnf,SATLIB,pret,crafted_parity,/work/benchmarks/phase5/satlib/pret/pret150_40.cnf,523f438264e67340c212f8e6250d32bdf17494ecf54890fa01e73c62ea00888f,evaluation,unknown_fallback_dominated,recovery completed but registry returned UNKNOWN: no_sound_exact_r_boxes,UNKNOWN,150,400,3.64662,0.157193,RUN_LKK,31,69,0,RUN_LKK,0.270122,COMPLETE,0.070724,UNKNOWN,no_sound_exact_r_boxes,0,0,0,UNKNOWN,5.04364,20.344143,False,8
pret150_60.cnf,SATLIB,pret,crafted_parity,/work/benchmarks/phase5/satlib/pret/pret150_60.cnf,6945ddc43ad28f90d4dbc1ded6ca838a2a88dae79c271cbf0eb5801877320fca,evaluation,unknown_fallback_dominated,recovery completed but registry returned UNKNOWN: no_sound_exact_r_boxes,UNKNOWN,150,400,2.527,0.117695,RUN_LKK,71,29,0,RUN_LKK,0.274575,COMPLETE,0.067631,UNKNOWN,no_sound_exact_r_boxes,0,0,0,UNKNOWN,3.88524,18.966528,False,8
pret150_75.cnf,SATLIB,pret,crafted_parity,/work/benchmarks/phase5/satlib/pret/pret150_75.cnf,c947b58d6dcac13305e8572764a592b721c7203452db153a8d42ed1e263059f2,calibration,unknown_fallback_dominated,recovery completed but registry returned UNKNOWN: no_sound_exact_r_boxes,UNKNOWN,150,400,4.38421,0.16386,RUN_LKK,99,1,0,RUN_LKK,0.263123,COMPLETE,0.027747,UNKNOWN,no_sound_exact_r_boxes,0,0,0,UNKNOWN,6.02951,19.006314,False,8
pret60_25.cnf,SATLIB,pret,crafted_parity,/work/benchmarks/phase5/satlib/pret/pret60_25.cnf,a62c960d89de0bbf1e6e3f894d1ab2a7acf0b60d1765413facff639899fb2770,evaluation,unknown_fallback_dominated,recovery completed but registry returned UNKNOWN: no_sound_exact_r_boxes,UNKNOWN,60,160,2.906,0.07631,RUN_LKK,1,39,0,RUN_LKK,0.126467,COMPLETE,0.027728,UNKNOWN,no_sound_exact_r_boxes,0,0,0,UNKNOWN,4.11739,19.689331,False,8
pret60_40.cnf,SATLIB,pret,crafted_parity,/work/benchmarks/phase5/satlib/pret/pret60_40.cnf,9ed34260070aa4145fc86cac7af1e250c586806aea98ebd94aec1edde0b0123d,evaluation,unknown_fallback_dominated,recovery completed but registry returned UNKNOWN: no_sound_exact_r_boxes,UNKNOWN,60,160,2.80758,0.073782,RUN_LKK,13,27,0,RUN_LKK,0.122845,COMPLETE,0.023532,UNKNOWN,no_sound_exact_r_boxes,0,0,0,UNKNOWN,4.00381,19.040693,False,8
pret60_60.cnf,SATLIB,pret,crafted_parity,/work/benchmarks/phase5/satlib/pret/pret60_60.cnf,4369e739d0e28b48047a121bd745e1a97cc89ba714fe008118b257871ae7e129,evaluation,unknown_fallback_dominated,recovery completed but registry returned UNKNOWN: no_sound_exact_r_boxes,UNKNOWN,60,160,3.08091,0.075632,RUN_LKK,29,11,0,RUN_LKK,0.095493,COMPLETE,0.015462,UNKNOWN,no_sound_exact_r_boxes,0,0,0,UNKNOWN,4.1056,19.790082,False,8
pret60_75.cnf,SATLIB,pret,crafted_parity,/work/benchmarks/phase5/satlib/pret/pret60_75.cnf,767efdcbd7af12062f6d59546cfca3ec9590259eadf3b9ac3b42cc3d77b5b131,evaluation,unknown_fallback_dominated,recovery completed but registry returned UNKNOWN: no_sound_exact_r_boxes,UNKNOWN,60,160,3.64006,0.074454,RUN_LKK,39,1,0,RUN_LKK,0.092606,COMPLETE,0.011829,UNKNOWN,no_sound_exact_r_boxes,0,0,0,UNKNOWN,4.80561,19.537467,False,8
dubois100.cnf,SATLIB,dubois,crafted_parity,/work/benchmarks/phase5/satlib/dubois/dubois100.cnf,c3c45967ab3a1ee3cc8cd09454bcbc95e33539ad6af29f3c08c4fcefd13d0964,calibration,no_useful_detected_structure,cheap gate declined: None,ERROR,,,,,,,,,,,,,,,,,,,,18.944982,False,8
dubois20.cnf,SATLIB,dubois,crafted_parity,/work/benchmarks/phase5/satlib/dubois/dubois20.cnf,82059aba0e5773644b386eb6bcbe53680655390cb041873a3cb3e93f7bd896a7,evaluation,unknown_fallback_dominated,recovery completed but registry returned UNKNOWN: no_sound_exact_r_boxes,UNKNOWN,60,160,3.3685,0.079702,RUN_LKK,39,1,0,RUN_LKK,0.142741,COMPLETE,0.029676,UNKNOWN,no_sound_exact_r_boxes,0,0,0,UNKNOWN,6.04234,19.085957,False,8
dubois21.cnf,SATLIB,dubois,crafted_parity,/work/benchmarks/phase5/satlib/dubois/dubois21.cnf,6989eedd78392551b0a2b4fe97de968bdb190c3806b32cbc9171f0747eb0f3d3,evaluation,unknown_fallback_dominated,recovery completed but registry returned UNKNOWN: no_sound_exact_r_boxes,UNKNOWN,63,168,3.59745,0.072476,RUN_LKK,41,1,0,RUN_LKK,0.120858,COMPLETE,0.018939,UNKNOWN,no_sound_exact_r_boxes,0,0,0,UNKNOWN,5.41759,19.75274,False,8
dubois22.cnf,SATLIB,dubois,crafted_parity,/work/benchmarks/phase5/satlib/dubois/dubois22.cnf,ced29f39ae3ceb0d56bbe5d6f68a1d0b58560a171677234bd5f9a04a2444aee9,evaluation,unknown_fallback_dominated,recovery completed but registry returned UNKNOWN: no_sound_exact_r_boxes,UNKNOWN,66,176,3.92037,0.074644,RUN_LKK,43,1,0,RUN_LKK,0.126723,COMPLETE,0.01616,UNKNOWN,no_sound_exact_r_boxes,0,0,0,UNKNOWN,5.79732,21.10181,False,8
dubois23.cnf,SATLIB,dubois,crafted_parity,/work/benchmarks/phase5/satlib/dubois/dubois23.cnf,8e40b75d1c8e4ec86aa6538d871cbfe6435c6b50f8128f9e7cb9b727a2b905cb,evaluation,unknown_fallback_dominated,recovery completed but registry returned UNKNOWN: no_sound_exact_r_boxes,UNKNOWN,69,184,3.27461,0.082377,RUN_LKK,45,1,0,RUN_LKK,0.158251,COMPLETE,0.022091,UNKNOWN,no_sound_exact_r_boxes,0,0,0,UNKNOWN,4.98405,20.508776,False,8
dubois24.cnf,SATLIB,dubois,crafted_parity,/work/benchmarks/phase5/satlib/dubois/dubois24.cnf,b85663a68ec76c176d1f8678cb8406216c5e539a976e741012b5adc7ad70aaca,evaluation,unknown_fallback_dominated,recovery completed but registry returned UNKNOWN: no_sound_exact_r_boxes,UNKNOWN,72,192,3.44748,0.112578,RUN_LKK,47,1,0,RUN_LKK,0.124543,COMPLETE,0.015987,UNKNOWN,no_sound_exact_r_boxes,0,0,0,UNKNOWN,4.80698,19.558022,False,8
dubois25.cnf,SATLIB,dubois,crafted_parity,/work/benchmarks/phase5/satlib/dubois/dubois25.cnf,82ded7ea789cb2aca4110512730ad9eb1e0261f91cc6caf02d227d3b2f812e0c,calibration,unknown_fallback_dominated,recovery completed but registry returned UNKNOWN: no_sound_exact_r_boxes,UNKNOWN,75,200,3.25527,0.097223,RUN_LKK,49,1,0,RUN_LKK,0.156627,COMPLETE,0.018232,UNKNOWN,no_sound_exact_r_boxes,0,0,0,UNKNOWN,4.7087,20.528206,False,8
dubois26.cnf,SATLIB,dubois,crafted_parity,/work/benchmarks/phase5/satlib/dubois/dubois26.cnf,c00826a01ddc332f7886017e2e2af31114c92ae97cd8e420cbe3fe543e4ed60c,evaluation,unknown_fallback_dominated,recovery completed but registry returned UNKNOWN: no_sound_exact_r_boxes,UNKNOWN,78,208,4.21713,0.104969,RUN_LKK,51,1,0,RUN_LKK,0.195723,COMPLETE,0.027459,UNKNOWN,no_sound_exact_r_boxes,0,0,0,UNKNOWN,6.02298,18.689318,False,8
dubois27.cnf,SATLIB,dubois,crafted_parity,/work/benchmarks/phase5/satlib/dubois/dubois27.cnf,4fbcf8ecca5cc8bf5822599c86c63227b08460e35a876bb0230c2439cbc81a80,evaluation,unknown_fallback_dominated,recovery completed but registry returned UNKNOWN: no_sound_exact_r_boxes,UNKNOWN,81,216,4.13658,0.107057,RUN_LKK,53,1,0,RUN_LKK,0.1614,COMPLETE,0.028346,UNKNOWN,no_sound_exact_r_boxes,0,0,0,UNKNOWN,5.73487,19.803038,False,8
dubois28.cnf,SATLIB,dubois,crafted_parity,/work/benchmarks/phase5/satlib/dubois/dubois28.cnf,f2da676017587d0d900a504b465da30624867ae7e879f93fedf329af50cf9a71,evaluation,unknown_fallback_dominated,recovery completed but registry returned UNKNOWN: no_sound_exact_r_boxes,UNKNOWN,84,224,4.73931,0.106493,RUN_LKK,55,1,0,RUN_LKK,0.158371,COMPLETE,0.022794,UNKNOWN,no_sound_exact_r_boxes,0,0,0,UNKNOWN,6.34425,19.953593,False,8
dubois29.cnf,SATLIB,dubois,crafted_parity,/work/benchmarks/phase5/satlib/dubois/dubois29.cnf,e84e30ebcb47fca67551bab6e26f5f4e4e5a04bb1924008b24081ea441d24883,evaluation,unknown_fallback_dominated,recovery completed but registry returned UNKNOWN: no_sound_exact_r_boxes,UNKNOWN,87,232,4.14312,0.106927,RUN_LKK,57,1,0,RUN_LKK,0.152141,COMPLETE,0.027653,UNKNOWN,no_sound_exact_r_boxes,0,0,0,UNKNOWN,5.54196,19.450265,False,8
dubois30.cnf,SATLIB,dubois,crafted_parity,/work/benchmarks/phase5/satlib/dubois/dubois30.cnf,5ab95e48051afa9d7410d52fb07ead3e8a4ec97243d9f9c3f36aa0ebe78d4059,evaluation,unknown_fallback_dominated,recovery completed but registry returned UNKNOWN: no_sound_exact_r_boxes,UNKNOWN,90,240,2.89348,0.11705,RUN_LKK,59,1,0,RUN_LKK,0.174623,COMPLETE,0.023434,UNKNOWN,no_sound_exact_r_boxes,0,0,0,UNKNOWN,4.39681,20.541415,False,8
dubois50.cnf,SATLIB,dubois,crafted_parity,/work/benchmarks/phase5/satlib/dubois/dubois50.cnf,417ea88d5df96c7e6da2250cbe6da7effd012d7de0b0e037ee086254e4e2fc59,evaluation,unknown_fallback_dominated,recovery completed but registry returned UNKNOWN: no_sound_exact_r_boxes,UNKNOWN,150,400,3.74136,0.170232,RUN_LKK,99,1,0,RUN_LKK,0.25878,COMPLETE,0.031294,UNKNOWN,no_sound_exact_r_boxes,0,0,0,UNKNOWN,5.17367,20.243147,False,8
aim-100-1_6-no-1.cnf,SATLIB,aim,crafted_structured,/work/benchmarks/phase5/satlib/aim/aim-100-1_6-no-1.cnf,42058adae7534bb0613399393b369724c172055a0056a433ddc82cd6512545e2,evaluation,unknown_fallback_dominated,recovery completed but registry returned UNKNOWN: no_sound_exact_r_boxes,UNKNOWN,100,160,6.11159,0.075233,RUN_LKK,13,18,3,RUN_LKK,0.14987,COMPLETE,0.018702,UNKNOWN,no_sound_exact_r_boxes,0,0,0,UNKNOWN,7.67927,19.506765,False,8
aim-100-1_6-no-2.cnf,SATLIB,aim,crafted_structured,/work/benchmarks/phase5/satlib/aim/aim-100-1_6-no-2.cnf,c7a787035bfb27d7b15dbb05ad2fbd558fb1fb58a6106980c16719c3d925dac9,evaluation,unknown_fallback_dominated,recovery completed but registry returned UNKNOWN: no_sound_exact_r_boxes,UNKNOWN,100,160,3.63538,0.086659,RUN_LKK,23,21,10,RUN_LKK,0.138367,COMPLETE,0.02734,UNKNOWN,no_sound_exact_r_boxes,0,0,0,UNKNOWN,5.13907,21.756083,False,8
aim-100-1_6-no-3.cnf,SATLIB,aim,crafted_structured,/work/benchmarks/phase5/satlib/aim/aim-100-1_6-no-3.cnf,6b68655073b4516a75f8ac0158955bc5e83d177f67707b9186eb677b16145c83,evaluation,unknown_fallback_dominated,recovery completed but registry returned UNKNOWN: no_sound_exact_r_boxes,UNKNOWN,100,160,3.02919,0.083405,RUN_LKK,21,21,5,RUN_LKK,0.141168,COMPLETE,0.031702,UNKNOWN,no_sound_exact_r_boxes,0,0,0,UNKNOWN,4.35012,19.390265,False,8
aim-100-1_6-no-4.cnf,SATLIB,aim,crafted_structured,/work/benchmarks/phase5/satlib/aim/aim-100-1_6-no-4.cnf,3d4f79f02573f3122d3114d2a2d0a557667e01c0942eb2e8103790c1a0790079,calibration,unknown_fallback_dominated,recovery completed but registry returned UNKNOWN: no_sound_exact_r_boxes,UNKNOWN,100,160,2.58168,0.077075,RUN_LKK,18,23,3,RUN_LKK,0.140995,COMPLETE,0.023153,UNKNOWN,no_sound_exact_r_boxes,0,0,0,UNKNOWN,3.68846,19.711941,False,8
aim-100-1_6-yes1-1.cnf,SATLIB,aim,crafted_structured,/work/benchmarks/phase5/satlib/aim/aim-100-1_6-yes1-1.cnf,74560a84735393495e1665fb2999f6b7948fb7f12b11c23e530aedccbf8cbbec,evaluation,unknown_fallback_dominated,recovery completed but registry returned UNKNOWN: no_sound_exact_r_boxes,UNKNOWN,100,160,2.6624,0.074261,RUN_LKK,22,20,6,RUN_LKK,0.142767,COMPLETE,0.024152,UNKNOWN,no_sound_exact_r_boxes,0,0,0,UNKNOWN,3.87016,19.429045,False,8
aim-100-1_6-yes1-2.cnf,SATLIB,aim,crafted_structured,/work/benchmarks/phase5/satlib/aim/aim-100-1_6-yes1-2.cnf,36724f19cc67f2ed90154dc6f863eddae69f3c9b7c19677fa367f55359e9c859,evaluation,unknown_fallback_dominated,recovery completed but registry returned UNKNOWN: no_sound_exact_r_boxes,UNKNOWN,100,160,2.3806,0.089577,RUN_LKK,26,21,4,RUN_LKK,0.145068,COMPLETE,0.032691,UNKNOWN,no_sound_exact_r_boxes,0,0,0,UNKNOWN,3.55301,19.197344,False,8
aim-100-1_6-yes1-3.cnf,SATLIB,aim,crafted_structured,/work/benchmarks/phase5/satlib/aim/aim-100-1_6-yes1-3.cnf,de0aff20107169ba4d169c7eec5d592eeabd4b0121f69472595f4fc87176b52c,evaluation,unknown_fallback_dominated,recovery completed but registry returned UNKNOWN: no_sound_exact_r_boxes,UNKNOWN,100,160,2.67634,0.102597,RUN_LKK,20,20,4,RUN_LKK,0.133461,COMPLETE,0.020687,UNKNOWN,no_sound_exact_r_boxes,0,0,0,UNKNOWN,3.80124,18.451032,False,8
aim-100-1_6-yes1-4.cnf,SATLIB,aim,crafted_structured,/work/benchmarks/phase5/satlib/aim/aim-100-1_6-yes1-4.cnf,9769c011731f00bd7b8e9fc30e84b6434a863653889531cbf97ccc1af6fa7a7b,evaluation,unknown_fallback_dominated,recovery completed but registry returned UNKNOWN: no_sound_exact_r_boxes,UNKNOWN,100,160,2.99774,0.077822,RUN_LKK,24,24,3,RUN_LKK,0.133465,COMPLETE,0.023985,UNKNOWN,no_sound_exact_r_boxes,0,0,0,UNKNOWN,3.94984,18.543358,False,8
aim-100-2_0-no-1.cnf,SATLIB,aim,crafted_structured,/work/benchmarks/phase5/satlib/aim/aim-100-2_0-no-1.cnf,b603147fd98006d1cadc57821296bb760744fec03a1b7ddc88bd4a2b4333fb36,evaluation,unknown_fallback_dominated,recovery completed but registry returned UNKNOWN: no_sound_exact_r_boxes,UNKNOWN,100,200,2.3873,0.070869,RUN_LKK,26,28,4,RUN_LKK,0.122594,COMPLETE,0.021188,UNKNOWN,no_sound_exact_r_boxes,0,0,0,UNKNOWN,3.30205,18.808895,False,8
aim-100-2_0-no-2.cnf,SATLIB,aim,crafted_structured,/work/benchmarks/phase5/satlib/aim/aim-100-2_0-no-2.cnf,6abe060edf22b2639c408ad891266cf7c33135d796105b1c31e8023638ee6cd4,evaluation,unknown_fallback_dominated,recovery completed but registry returned UNKNOWN: no_sound_exact_r_boxes,UNKNOWN,100,200,2.08621,0.086347,RUN_LKK,26,24,7,RUN_LKK,0.189275,COMPLETE,0.019093,UNKNOWN,no_sound_exact_r_boxes,0,0,0,UNKNOWN,3.27495,17.987394,False,8
aim-100-2_0-no-3.cnf,SATLIB,aim,crafted_structured,/work/benchmarks/phase5/satlib/aim/aim-100-2_0-no-3.cnf,b1e0c7b2e42f7c04cda89803ebfa492c6e2572faf0814bc042ffb4ae489a9c60,evaluation,unknown_fallback_dominated,recovery completed but registry returned UNKNOWN: no_sound_exact_r_boxes,UNKNOWN,100,200,2.11044,0.084261,RUN_LKK,27,21,5,RUN_LKK,0.148293,COMPLETE,0.023256,UNKNOWN,no_sound_exact_r_boxes,0,0,0,UNKNOWN,3.17252,20.548573,False,8
aim-100-2_0-no-4.cnf,SATLIB,aim,crafted_structured,/work/benchmarks/phase5/satlib/aim/aim-100-2_0-no-4.cnf,a2882a6249cede130072501fae59c0e74a975401a44d07a1f225de1daa8d127e,evaluation,unknown_fallback_dominated,recovery completed but registry returned UNKNOWN: no_sound_exact_r_boxes,UNKNOWN,100,200,2.1188,0.094221,RUN_LKK,22,23,8,RUN_LKK,0.153263,COMPLETE,0.022503,UNKNOWN,no_sound_exact_r_boxes,0,0,0,UNKNOWN,3.34332,19.023112,False,8
aim-100-2_0-yes1-1.cnf,SATLIB,aim,crafted_structured,/work/benchmarks/phase5/satlib/aim/aim-100-2_0-yes1-1.cnf,c2d8d8d1a0723ed0502b185b757a068b4df088e059bd51e39a0837579fe15114,evaluation,unknown_fallback_dominated,recovery completed but registry returned UNKNOWN: no_sound_exact_r_boxes,UNKNOWN,100,200,2.71345,0.102565,RUN_LKK,33,36,4,RUN_LKK,0.160636,COMPLETE,0.04076,UNKNOWN,no_sound_exact_r_boxes,0,0,0,UNKNOWN,4.06203,19.532439,False,8
aim-100-2_0-yes1-2.cnf,SATLIB,aim,crafted_structured,/work/benchmarks/phase5/satlib/aim/aim-100-2_0-yes1-2.cnf,b9009d68e6cb4ce01bd92de354c7cd28176f9adc464a75b8b69b3e563ca86c1c,evaluation,unknown_fallback_dominated,recovery completed but registry returned UNKNOWN: no_sound_exact_r_boxes,UNKNOWN,100,200,3.04045,0.108186,RUN_LKK,30,29,2,RUN_LKK,0.216974,COMPLETE,0.047925,UNKNOWN,no_sound_exact_r_boxes,0,0,0,UNKNOWN,4.80612,19.381367,False,8
aim-100-2_0-yes1-3.cnf,SATLIB,aim,crafted_structured,/work/benchmarks/phase5/satlib/aim/aim-100-2_0-yes1-3.cnf,282e53bfa4375709700f3cc12be8c63ccf0a88cc53cacdb614690c5a937927f6,evaluation,unknown_fallback_dominated,recovery completed but registry returned UNKNOWN: no_sound_exact_r_boxes,UNKNOWN,100,200,2.69748,0.106367,RUN_LKK,29,29,8,RUN_LKK,0.159492,COMPLETE,0.027261,UNKNOWN,no_sound_exact_r_boxes,0,0,0,UNKNOWN,4.10329,19.856675,False,8
aim-100-2_0-yes1-4.cnf,SATLIB,aim,crafted_structured,/work/benchmarks/phase5/satlib/aim/aim-100-2_0-yes1-4.cnf,0fae4e8ba360cc4508546b7230fdec14f859eb7de47b6a84ce82fea90f0b1b81,evaluation,unknown_fallback_dominated,recovery completed but registry returned UNKNOWN: no_sound_exact_r_boxes,UNKNOWN,100,200,2.34731,0.08725,RUN_LKK,24,32,3,RUN_LKK,0.13955,COMPLETE,0.032175,UNKNOWN,no_sound_exact_r_boxes,0,0,0,UNKNOWN,3.49434,20.359322,False,8
aim-100-3_4-yes1-1.cnf,SATLIB,aim,crafted_structured,/work/benchmarks/phase5/satlib/aim/aim-100-3_4-yes1-1.cnf,28bed18fc63fc15ddd8d7d6de295d5dd50933346e901594d8fc0429bf50a0b9c,evaluation,unknown_fallback_dominated,recovery completed but registry returned UNKNOWN: no_sound_exact_r_boxes,UNKNOWN,100,340,3.22546,0.116596,RUN_LKK,49,50,20,RUN_LKK,0.198502,COMPLETE,0.068464,UNKNOWN,no_sound_exact_r_boxes,0,0,0,UNKNOWN,4.416,18.478262,False,8
aim-100-3_4-yes1-2.cnf,SATLIB,aim,crafted_structured,/work/benchmarks/phase5/satlib/aim/aim-100-3_4-yes1-2.cnf,0709c8a6a342e86c07f73b650bc504a93571a0641598a49c8392e9692419d314,evaluation,unknown_fallback_dominated,recovery completed but registry returned UNKNOWN: no_sound_exact_r_boxes,UNKNOWN,100,340,2.16022,0.125564,RUN_LKK,43,40,24,RUN_LKK,0.186439,COMPLETE,0.036444,UNKNOWN,no_sound_exact_r_boxes,0,0,0,UNKNOWN,3.22698,18.623968,False,8
aim-100-3_4-yes1-3.cnf,SATLIB,aim,crafted_structured,/work/benchmarks/phase5/satlib/aim/aim-100-3_4-yes1-3.cnf,3d630d367acf82e488b54bd0c880553c2284e8cc836164675a8a7efc77dcad64,evaluation,unknown_fallback_dominated,recovery completed but registry returned UNKNOWN: no_sound_exact_r_boxes,UNKNOWN,100,340,3.82352,0.163515,RUN_LKK,43,41,27,RUN_LKK,0.265529,COMPLETE,0.046771,UNKNOWN,no_sound_exact_r_boxes,0,0,0,UNKNOWN,5.25567,19.225444,False,8
aim-100-3_4-yes1-4.cnf,SATLIB,aim,crafted_structured,/work/benchmarks/phase5/satlib/aim/aim-100-3_4-yes1-4.cnf,81b521bad4394bbac016f323d5ea18e2795d370f335f3f9000661e15d9f61ffd,evaluation,unknown_fallback_dominated,recovery completed but registry returned UNKNOWN: no_sound_exact_r_boxes,UNKNOWN,100,340,3.90232,0.155656,RUN_LKK,40,49,22,RUN_LKK,0.251633,COMPLETE,0.068096,UNKNOWN,no_sound_exact_r_boxes,0,0,0,UNKNOWN,5.67657,18.778958,False,8
aim-100-6_0-yes1-1.cnf,SATLIB,aim,crafted_structured,/work/benchmarks/phase5/satlib/aim/aim-100-6_0-yes1-1.cnf,6b38243f35dc58c6b93e29d0fc9279378eb9dc3c6a6f3d79b231806847e14c1b,evaluation,unknown_fallback_dominated,recovery completed but registry returned UNKNOWN: no_sound_exact_r_boxes,UNKNOWN,100,600,3.83171,0.228986,RUN_LKK,78,69,40,RUN_LKK,0.340701,COMPLETE,0.078594,UNKNOWN,no_sound_exact_r_boxes,0,0,0,UNKNOWN,5.44538,22.129006,False,8
aim-100-6_0-yes1-2.cnf,SATLIB,aim,crafted_structured,/work/benchmarks/phase5/satlib/aim/aim-100-6_0-yes1-2.cnf,d7c724e0d895fc9b638d23feb0e46314a362efb544f2cf67e4e38ff72c2bb178,calibration,unknown_fallback_dominated,recovery completed but registry returned UNKNOWN: no_sound_exact_r_boxes,UNKNOWN,100,600,3.78895,0.260375,RUN_LKK,75,80,41,RUN_LKK,0.591335,COMPLETE,0.121349,UNKNOWN,no_sound_exact_r_boxes,0,0,0,UNKNOWN,5.73874,19.873768,False,8
aim-100-6_0-yes1-3.cnf,SATLIB,aim,crafted_structured,/work/benchmarks/phase5/satlib/aim/aim-100-6_0-yes1-3.cnf,cfff265b00bbdf36f1b21f5abe2b5651a608123a4f60d771cb358f612dec912d,evaluation,unknown_fallback_dominated,recovery completed but registry returned UNKNOWN: no_sound_exact_r_boxes,UNKNOWN,100,600,2.6123,0.18824,RUN_LKK,74,72,39,RUN_LKK,0.313404,COMPLETE,0.082962,UNKNOWN,no_sound_exact_r_boxes,0,0,0,UNKNOWN,4.21051,19.488337,False,8
aim-100-6_0-yes1-4.cnf,SATLIB,aim,crafted_structured,/work/benchmarks/phase5/satlib/aim/aim-100-6_0-yes1-4.cnf,e44655bdab896c1410f569a594fcf8e33e08587cffa66b91a98215e60064a056,evaluation,unknown_fallback_dominated,recovery completed but registry returned UNKNOWN: no_sound_exact_r_boxes,UNKNOWN,100,600,3.44435,0.268849,RUN_LKK,72,66,27,RUN_LKK,0.417436,COMPLETE,0.096163,UNKNOWN,no_sound_exact_r_boxes,0,0,0,UNKNOWN,5.08027,18.27269,False,8
aim-200-1_6-no-1.cnf,SATLIB,aim,crafted_structured,/work/benchmarks/phase5/satlib/aim/aim-200-1_6-no-1.cnf,8dd8d8f1311dbb924feec992351d46a26eb55b61f2f167023e425c8a6d4fe992,evaluation,unknown_fallback_dominated,recovery completed but registry returned UNKNOWN: no_sound_exact_r_boxes,UNKNOWN,200,320,2.7727,0.130217,RUN_LKK,38,43,12,RUN_LKK,0.26724,COMPLETE,0.05044,UNKNOWN,no_sound_exact_r_boxes,0,0,0,UNKNOWN,4.19874,19.217006,False,8
aim-200-1_6-no-2.cnf,SATLIB,aim,crafted_structured,/work/benchmarks/phase5/satlib/aim/aim-200-1_6-no-2.cnf,94a57fc9d0d0eb1bf99f734ce144f5aceeaec933a39b28af808029437c130150,calibration,unknown_fallback_dominated,recovery completed but registry returned UNKNOWN: no_sound_exact_r_boxes,UNKNOWN,200,320,5.04234,0.143629,RUN_LKK,38,39,15,RUN_LKK,0.259983,COMPLETE,0.034792,UNKNOWN,no_sound_exact_r_boxes,0,0,0,UNKNOWN,7.05448,19.08901,False,8
aim-200-1_6-no-3.cnf,SATLIB,aim,crafted_structured,/work/benchmarks/phase5/satlib/aim/aim-200-1_6-no-3.cnf,df960ed505574b0c30a32ee2f40169d1ca1b3b6e2e864bc50fafc16bbe4b590a,evaluation,unknown_fallback_dominated,recovery completed but registry returned UNKNOWN: no_sound_exact_r_boxes,UNKNOWN,200,320,5.24605,0.146257,RUN_LKK,48,44,11,RUN_LKK,0.292137,COMPLETE,0.074128,UNKNOWN,no_sound_exact_r_boxes,0,0,0,UNKNOWN,6.78336,36.238487,False,8
aim-200-1_6-no-4.cnf,SATLIB,aim,crafted_structured,/work/benchmarks/phase5/satlib/aim/aim-200-1_6-no-4.cnf,0af71bc6e8893dc6514fb8848139ea27b94a3d8ae8334f5e23b94abfbda6ecd1,evaluation,unknown_fallback_dominated,recovery completed but registry returned UNKNOWN: no_sound_exact_r_boxes,UNKNOWN,200,320,6.02098,0.160545,RUN_LKK,41,45,4,RUN_LKK,0.291164,COMPLETE,0.080993,UNKNOWN,no_sound_exact_r_boxes,0,0,0,UNKNOWN,8.3732,36.528954,False,8
aim-200-1_6-yes1-1.cnf,SATLIB,aim,crafted_structured,/work/benchmarks/phase5/satlib/aim/aim-200-1_6-yes1-1.cnf,8b8cace803201c59258bc3066e13deeeacb87f612651fede8baf96a4effe93d7,evaluation,unknown_fallback_dominated,recovery completed but registry returned UNKNOWN: no_sound_exact_r_boxes,UNKNOWN,200,320,3.66473,0.122459,RUN_LKK,50,45,5,RUN_LKK,0.222397,COMPLETE,0.054071,UNKNOWN,no_sound_exact_r_boxes,0,0,0,UNKNOWN,5.03315,19.610235,False,8
aim-200-1_6-yes1-2.cnf,SATLIB,aim,crafted_structured,/work/benchmarks/phase5/satlib/aim/aim-200-1_6-yes1-2.cnf,eaffd737fc26f475ea376d0e3189e07a1581f7ca66f07b06c6dfb84f9a6beb3d,calibration,unknown_fallback_dominated,recovery completed but registry returned UNKNOWN: no_sound_exact_r_boxes,UNKNOWN,200,320,3.88636,0.117174,RUN_LKK,45,38,4,RUN_LKK,0.28453,COMPLETE,0.037714,UNKNOWN,no_sound_exact_r_boxes,0,0,0,UNKNOWN,5.28439,20.543209,False,8
aim-200-1_6-yes1-3.cnf,SATLIB,aim,crafted_structured,/work/benchmarks/phase5/satlib/aim/aim-200-1_6-yes1-3.cnf,845cb97fcfb081d38ffb96ac97f0ab69203521ffd59052b9355f61f52010efca,evaluation,unknown_fallback_dominated,recovery completed but registry returned UNKNOWN: no_sound_exact_r_boxes,UNKNOWN,200,320,4.28475,0.106878,RUN_LKK,44,48,8,RUN_LKK,0.229906,COMPLETE,0.062605,UNKNOWN,no_sound_exact_r_boxes,0,0,0,UNKNOWN,5.56755,19.844957,False,8
aim-200-1_6-yes1-4.cnf,SATLIB,aim,crafted_structured,/work/benchmarks/phase5/satlib/aim/aim-200-1_6-yes1-4.cnf,2eb91adea9d2022773193772d6ee4c0e294f871781a7579c4be1f1c5c4f0d0d2,evaluation,unknown_fallback_dominated,recovery completed but registry returned UNKNOWN: no_sound_exact_r_boxes,UNKNOWN,200,320,4.71939,0.114586,RUN_LKK,51,50,2,RUN_LKK,0.226927,COMPLETE,0.067924,UNKNOWN,no_sound_exact_r_boxes,0,0,0,UNKNOWN,5.86853,18.420695,False,8
aim-200-2_0-no-1.cnf,SATLIB,aim,crafted_structured,/work/benchmarks/phase5/satlib/aim/aim-200-2_0-no-1.cnf,4bf68984da5f2954f795b0326d5aca22969595ddd14d4b6b588b3828d48634cf,evaluation,unknown_fallback_dominated,recovery completed but registry returned UNKNOWN: no_sound_exact_r_boxes,UNKNOWN,200,400,3.52693,0.152939,RUN_LKK,50,47,10,RUN_LKK,0.236138,COMPLETE,0.060642,UNKNOWN,no_sound_exact_r_boxes,0,0,0,UNKNOWN,4.70822,18.256333,False,8
aim-200-2_0-no-2.cnf,SATLIB,aim,crafted_structured,/work/benchmarks/phase5/satlib/aim/aim-200-2_0-no-2.cnf,3c9d24b4ae71e91a6207e1efc8d14516aecd62d2a3807d730eff139d3d539174,evaluation,unknown_fallback_dominated,recovery completed but registry returned UNKNOWN: no_sound_exact_r_boxes,UNKNOWN,200,400,5.11955,0.180185,RUN_LKK,41,47,16,RUN_LKK,0.317966,COMPLETE,0.072861,UNKNOWN,no_sound_exact_r_boxes,0,0,0,UNKNOWN,7.16932,18.55389,False,8
aim-200-2_0-no-3.cnf,SATLIB,aim,crafted_structured,/work/benchmarks/phase5/satlib/aim/aim-200-2_0-no-3.cnf,99ec5da685fb5cc9c9b172badeb3e5829b8b3fc366156529ef1e6850ac700c1b,evaluation,unknown_fallback_dominated,recovery completed but registry returned UNKNOWN: no_sound_exact_r_boxes,UNKNOWN,200,400,4.65228,0.155465,RUN_LKK,55,55,11,RUN_LKK,0.286217,COMPLETE,0.063959,UNKNOWN,no_sound_exact_r_boxes,0,0,0,UNKNOWN,6.52716,19.151434,False,8
aim-200-2_0-no-4.cnf,SATLIB,aim,crafted_structured,/work/benchmarks/phase5/satlib/aim/aim-200-2_0-no-4.cnf,b6dd7acba5b142ebc60dafdfb9115085d88d02d8f6af0f175e84efd3e72b5430,evaluation,unknown_fallback_dominated,recovery completed but registry returned UNKNOWN: no_sound_exact_r_boxes,UNKNOWN,200,400,5.18218,0.170583,RUN_LKK,55,52,8,RUN_LKK,0.292513,COMPLETE,0.076277,UNKNOWN,no_sound_exact_r_boxes,0,0,0,UNKNOWN,6.46002,19.639792,False,8
aim-200-2_0-yes1-1.cnf,SATLIB,aim,crafted_structured,/work/benchmarks/phase5/satlib/aim/aim-200-2_0-yes1-1.cnf,1e933c104a814ddcb7eb8bc49f3d96b018d6e82fec4c7c9acad2951c96a64255,evaluation,unknown_fallback_dominated,recovery completed but registry returned UNKNOWN: no_sound_exact_r_boxes,UNKNOWN,200,400,4.46491,0.172171,RUN_LKK,59,60,10,RUN_LKK,0.307404,COMPLETE,0.080278,UNKNOWN,no_sound_exact_r_boxes,0,0,0,UNKNOWN,6.13388,19.227575,False,8
aim-200-2_0-yes1-2.cnf,SATLIB,aim,crafted_structured,/work/benchmarks/phase5/satlib/aim/aim-200-2_0-yes1-2.cnf,ce13c0d07ed62bb16bf57c317c02a410c805ab639024043d9a7f95ad5aa056ac,evaluation,unknown_fallback_dominated,recovery completed but registry returned UNKNOWN: no_sound_exact_r_boxes,UNKNOWN,200,400,2.96892,0.161736,RUN_LKK,63,59,16,RUN_LKK,0.289068,COMPLETE,0.074768,UNKNOWN,no_sound_exact_r_boxes,0,0,0,UNKNOWN,4.70908,19.263863,False,8
aim-200-2_0-yes1-3.cnf,SATLIB,aim,crafted_structured,/work/benchmarks/phase5/satlib/aim/aim-200-2_0-yes1-3.cnf,c8efe63e4409000dee460e7afd14fcd3a5f8ffb909dc1a3cb5fddb2e377c8935,calibration,unknown_fallback_dominated,recovery completed but registry returned UNKNOWN: no_sound_exact_r_boxes,UNKNOWN,200,400,3.66765,0.162956,RUN_LKK,63,63,12,RUN_LKK,0.276788,COMPLETE,0.071614,UNKNOWN,no_sound_exact_r_boxes,0,0,0,UNKNOWN,5.90316,20.024721,False,8
aim-200-2_0-yes1-4.cnf,SATLIB,aim,crafted_structured,/work/benchmarks/phase5/satlib/aim/aim-200-2_0-yes1-4.cnf,1e4fc24ee154bc252d47eb139e5ec715e9590821a2aa5db7195726947cd2ca7c,evaluation,unknown_fallback_dominated,recovery completed but registry returned UNKNOWN: no_sound_exact_r_boxes,UNKNOWN,200,400,5.98368,0.250835,RUN_LKK,65,63,10,RUN_LKK,0.312967,COMPLETE,0.089943,UNKNOWN,no_sound_exact_r_boxes,0,0,0,UNKNOWN,7.87157,36.718865,False,8
aim-200-3_4-yes1-1.cnf,SATLIB,aim,crafted_structured,/work/benchmarks/phase5/satlib/aim/aim-200-3_4-yes1-1.cnf,1be1422d3c96d3c648f37842c9bf1d77e7d04422f88b2bb123376302621d55c5,calibration,unknown_fallback_dominated,recovery completed but registry returned UNKNOWN: no_sound_exact_r_boxes,UNKNOWN,200,680,8.5605,0.305184,RUN_LKK,76,82,33,RUN_LKK,0.520596,COMPLETE,0.14743,UNKNOWN,no_sound_exact_r_boxes,0,0,0,UNKNOWN,11.1333,38.623974,False,8
aim-200-3_4-yes1-2.cnf,SATLIB,aim,crafted_structured,/work/benchmarks/phase5/satlib/aim/aim-200-3_4-yes1-2.cnf,ba29d92681833ac0de43fb19e7fd4b525fd1c32c5b6029b9e04e7881560eeb22,evaluation,unknown_fallback_dominated,recovery completed but registry returned UNKNOWN: no_sound_exact_r_boxes,UNKNOWN,200,680,8.68152,0.286169,RUN_LKK,89,86,42,RUN_LKK,0.542944,COMPLETE,0.110072,UNKNOWN,no_sound_exact_r_boxes,0,0,0,UNKNOWN,11.2906,37.402388,False,8
aim-200-3_4-yes1-3.cnf,SATLIB,aim,crafted_structured,/work/benchmarks/phase5/satlib/aim/aim-200-3_4-yes1-3.cnf,ad7eb1cd08d3d0e044cfe0ff5c6c16e9b965f8286580ec1087b9ba6492958e9d,evaluation,unknown_fallback_dominated,recovery completed but registry returned UNKNOWN: no_sound_exact_r_boxes,UNKNOWN,200,680,6.57569,0.280233,RUN_LKK,91,75,37,RUN_LKK,0.463719,COMPLETE,0.106697,UNKNOWN,no_sound_exact_r_boxes,0,0,0,UNKNOWN,10.1327,36.464879,False,8
aim-200-3_4-yes1-4.cnf,SATLIB,aim,crafted_structured,/work/benchmarks/phase5/satlib/aim/aim-200-3_4-yes1-4.cnf,69fa85ba631884f7a07f9370604dd78b38499c5969bed2c776de2fdbaf124dc6,evaluation,unknown_fallback_dominated,recovery completed but registry returned UNKNOWN: no_sound_exact_r_boxes,UNKNOWN,200,680,6.01702,0.278977,RUN_LKK,91,80,32,RUN_LKK,0.483341,COMPLETE,0.095256,UNKNOWN,no_sound_exact_r_boxes,0,0,0,UNKNOWN,8.4708,36.033804,False,8
aim-200-6_0-yes1-1.cnf,SATLIB,aim,crafted_structured,/work/benchmarks/phase5/satlib/aim/aim-200-6_0-yes1-1.cnf,9d6e633a05f2e00fe86963c5343d68d9c0172d40ebbc0fa6c97f8053d86dba4e,evaluation,unknown_fallback_dominated,recovery completed but registry returned UNKNOWN: no_sound_exact_r_boxes,UNKNOWN,200,1200,7.56138,0.978311,RUN_LKK,148,149,23,RUN_LKK,0.792932,COMPLETE,0.154177,UNKNOWN,no_sound_exact_r_boxes,0,0,0,UNKNOWN,10.981,37.436408,False,8
aim-200-6_0-yes1-2.cnf,SATLIB,aim,crafted_structured,/work/benchmarks/phase5/satlib/aim/aim-200-6_0-yes1-2.cnf,2c1cee4d8f2b500c0a4dfaf54b34157ae7958139074b3323ef4feefcc98ae95e,evaluation,unknown_fallback_dominated,recovery completed but registry returned UNKNOWN: no_sound_exact_r_boxes,UNKNOWN,200,1200,9.53411,0.516797,RUN_LKK,151,145,21,RUN_LKK,0.834576,COMPLETE,0.274733,UNKNOWN,no_sound_exact_r_boxes,0,0,0,UNKNOWN,12.2887,38.307153,False,8
aim-200-6_0-yes1-3.cnf,SATLIB,aim,crafted_structured,/work/benchmarks/phase5/satlib/aim/aim-200-6_0-yes1-3.cnf,e55d0ccb9da3f988f487a14a07a49a8f7295d31af1c2bc113c650a6f8b44dfa7,evaluation,unknown_fallback_dominated,recovery completed but registry returned UNKNOWN: no_sound_exact_r_boxes,UNKNOWN,200,1200,10.5419,0.524858,RUN_LKK,143,139,32,RUN_LKK,0.766449,COMPLETE,0.178457,UNKNOWN,no_sound_exact_r_boxes,0,0,0,UNKNOWN,13.0844,39.546611,False,8
aim-200-6_0-yes1-4.cnf,SATLIB,aim,crafted_structured,/work/benchmarks/phase5/satlib/aim/aim-200-6_0-yes1-4.cnf,a45e471f297365c8d79636daa0a766c78b0cf2e4602ff92e49f55ee5c3bd0d20,evaluation,unknown_fallback_dominated,recovery completed but registry returned UNKNOWN: no_sound_exact_r_boxes,UNKNOWN,200,1200,8.58118,0.618623,RUN_LKK,134,142,28,RUN_LKK,0.766213,COMPLETE,0.179325,UNKNOWN,no_sound_exact_r_boxes,0,0,0,UNKNOWN,12.7022,36.782822,False,8
aim-50-1_6-no-1.cnf,SATLIB,aim,crafted_structured,/work/benchmarks/phase5/satlib/aim/aim-50-1_6-no-1.cnf,17d42ca0ef48f3a0523a4a9f0a9f683da9acdc9a61f175dc9e143398e6532a86,calibration,unknown_fallback_dominated,recovery completed but registry returned UNKNOWN: no_sound_exact_r_boxes,UNKNOWN,50,80,2.84605,0.062422,RUN_LKK,10,9,7,RUN_LKK,0.062935,COMPLETE,0.011577,UNKNOWN,no_sound_exact_r_boxes,0,0,0,UNKNOWN,4.56958,36.061802,False,8
aim-50-1_6-no-2.cnf,SATLIB,aim,crafted_structured,/work/benchmarks/phase5/satlib/aim/aim-50-1_6-no-2.cnf,643cb64c8ca29a2d675c55e92a5c5e21b8e28942b6ff2a59546741da9bcef738,evaluation,unknown_fallback_dominated,recovery completed but registry returned UNKNOWN: no_sound_exact_r_boxes,UNKNOWN,50,80,7.44754,0.04659,RUN_LKK,8,14,3,RUN_LKK,0.065158,COMPLETE,0.014137,UNKNOWN,no_sound_exact_r_boxes,0,0,0,UNKNOWN,8.51381,36.259221,False,8
aim-50-1_6-no-3.cnf,SATLIB,aim,crafted_structured,/work/benchmarks/phase5/satlib/aim/aim-50-1_6-no-3.cnf,333822ad95baf32762a3aca8dca83c6075af460ab6a7a8502c2526553b862fcf,calibration,unknown_fallback_dominated,recovery completed but registry returned UNKNOWN: no_sound_exact_r_boxes,UNKNOWN,50,80,5.49495,0.043086,RUN_LKK,12,10,10,RUN_LKK,0.113447,COMPLETE,0.026654,UNKNOWN,no_sound_exact_r_boxes,0,0,0,UNKNOWN,6.53663,37.601386,False,8
aim-50-1_6-no-4.cnf,SATLIB,aim,crafted_structured,/work/benchmarks/phase5/satlib/aim/aim-50-1_6-no-4.cnf,f91126309de99027091fec88ec253725c5cd6fbc0f4fe9299263c91356123df0,evaluation,unknown_fallback_dominated,recovery completed but registry returned UNKNOWN: no_sound_exact_r_boxes,UNKNOWN,50,80,5.10893,0.044927,RUN_LKK,14,13,4,RUN_LKK,0.060407,COMPLETE,0.016857,UNKNOWN,no_sound_exact_r_boxes,0,0,0,UNKNOWN,6.07822,21.242649,False,8
aim-50-1_6-yes1-1.cnf,SATLIB,aim,crafted_structured,/work/benchmarks/phase5/satlib/aim/aim-50-1_6-yes1-1.cnf,d96f1edb1db3d0e55a3ff0f7707517e41a79374acbb857df051e5441ab27657d,evaluation,unknown_fallback_dominated,recovery completed but registry returned UNKNOWN: no_sound_exact_r_boxes,UNKNOWN,50,80,5.60294,0.045294,RUN_LKK,11,9,3,RUN_LKK,0.076432,COMPLETE,0.012211,UNKNOWN,no_sound_exact_r_boxes,0,0,0,UNKNOWN,6.66055,21.083863,False,8
aim-50-1_6-yes1-2.cnf,SATLIB,aim,crafted_structured,/work/benchmarks/phase5/satlib/aim/aim-50-1_6-yes1-2.cnf,17859c4aacfb1e1bbb263c355c5566ac08414b24e28bb740059517d942148396,evaluation,unknown_fallback_dominated,recovery completed but registry returned UNKNOWN: no_sound_exact_r_boxes,UNKNOWN,50,80,6.69225,0.068664,RUN_LKK,16,8,3,RUN_LKK,0.088226,COMPLETE,0.013445,UNKNOWN,no_sound_exact_r_boxes,0,0,0,UNKNOWN,9.72726,37.191313,False,8
aim-50-1_6-yes1-3.cnf,SATLIB,aim,crafted_structured,/work/benchmarks/phase5/satlib/aim/aim-50-1_6-yes1-3.cnf,395f665ead93b51107fb12041b4cc868a193af0c9f914f8b2e50c4b134758ff1,evaluation,unknown_fallback_dominated,recovery completed but registry returned UNKNOWN: no_sound_exact_r_boxes,UNKNOWN,50,80,5.81176,0.047876,RUN_LKK,8,9,2,RUN_LKK,0.073116,COMPLETE,0.011842,UNKNOWN,no_sound_exact_r_boxes,0,0,0,UNKNOWN,7.61714,41.51001,False,8
aim-50-1_6-yes1-4.cnf,SATLIB,aim,crafted_structured,/work/benchmarks/phase5/satlib/aim/aim-50-1_6-yes1-4.cnf,2896e9abbbb3c0531ef72dde496e857812956d89768b42bf00f18ec4e9456941,evaluation,unknown_fallback_dominated,recovery completed but registry returned UNKNOWN: no_sound_exact_r_boxes,UNKNOWN,50,80,5.42025,0.050716,RUN_LKK,10,7,3,RUN_LKK,0.070906,COMPLETE,0.009964,UNKNOWN,no_sound_exact_r_boxes,0,0,0,UNKNOWN,7.12548,21.111318,False,8
aim-50-2_0-no-1.cnf,SATLIB,aim,crafted_structured,/work/benchmarks/phase5/satlib/aim/aim-50-2_0-no-1.cnf,44f315ec066bda038eefdce2fa25267cd9fe188b2afa99570accf60dde57900a,evaluation,unknown_fallback_dominated,recovery completed but registry returned UNKNOWN: no_sound_exact_r_boxes,UNKNOWN,50,100,4.46768,0.084313,RUN_LKK,13,14,3,RUN_LKK,0.079699,COMPLETE,0.035947,UNKNOWN,no_sound_exact_r_boxes,0,0,0,UNKNOWN,6.03156,20.052834,False,8
aim-50-2_0-no-2.cnf,SATLIB,aim,crafted_structured,/work/benchmarks/phase5/satlib/aim/aim-50-2_0-no-2.cnf,3a9810e07f4df2e3d458d6c89bf4f4c289f9c868cade44dc09444f2d0a77fedc,evaluation,unknown_fallback_dominated,recovery completed but registry returned UNKNOWN: no_sound_exact_r_boxes,UNKNOWN,50,100,4.79,0.062476,RUN_LKK,12,11,6,RUN_LKK,0.088336,COMPLETE,0.01517,UNKNOWN,no_sound_exact_r_boxes,0,0,0,UNKNOWN,6.14141,19.874553,False,8
aim-50-2_0-no-3.cnf,SATLIB,aim,crafted_structured,/work/benchmarks/phase5/satlib/aim/aim-50-2_0-no-3.cnf,d2af23c0482ae82f33cff2e8d68d0c1709c1ba4864b02368197a6bf6dc60a2e5,evaluation,unknown_fallback_dominated,recovery completed but registry returned UNKNOWN: no_sound_exact_r_boxes,UNKNOWN,50,100,3.62421,0.06849,RUN_LKK,14,12,8,RUN_LKK,0.098201,COMPLETE,0.017321,UNKNOWN,no_sound_exact_r_boxes,0,0,0,UNKNOWN,4.87865,19.873207,False,8
aim-50-2_0-no-4.cnf,SATLIB,aim,crafted_structured,/work/benchmarks/phase5/satlib/aim/aim-50-2_0-no-4.cnf,8a3a923e43963e5a81ab3a2440e4a6650d15b213adb09d2d1d77d67367f8b07e,evaluation,unknown_fallback_dominated,recovery completed but registry returned UNKNOWN: no_sound_exact_r_boxes,UNKNOWN,50,100,5.08259,0.061955,RUN_LKK,11,15,3,RUN_LKK,0.075701,COMPLETE,0.038669,UNKNOWN,no_sound_exact_r_boxes,0,0,0,UNKNOWN,6.80469,20.202181,False,8
aim-50-2_0-yes1-1.cnf,SATLIB,aim,crafted_structured,/work/benchmarks/phase5/satlib/aim/aim-50-2_0-yes1-1.cnf,8be83f79b0f6ab10366d2f64d60c7a619654d108155091fe97167b931ba44784,evaluation,unknown_fallback_dominated,recovery completed but registry returned UNKNOWN: no_sound_exact_r_boxes,UNKNOWN,50,100,20.6109,0.142336,RUN_LKK,14,16,5,RUN_LKK,0.089029,COMPLETE,0.025402,UNKNOWN,no_sound_exact_r_boxes,0,0,0,UNKNOWN,23.2116,72.400087,False,8
aim-50-2_0-yes1-2.cnf,SATLIB,aim,crafted_structured,/work/benchmarks/phase5/satlib/aim/aim-50-2_0-yes1-2.cnf,9c0e996a4c8c3a71fa34ed4451e358c87c8777d45675ad50c71e9a7d5a59661e,evaluation,unknown_fallback_dominated,recovery completed but registry returned UNKNOWN: no_sound_exact_r_boxes,UNKNOWN,50,100,15.247,0.156525,RUN_LKK,10,16,4,RUN_LKK,0.090481,COMPLETE,0.139724,UNKNOWN,no_sound_exact_r_boxes,0,0,0,UNKNOWN,17.9604,78.797604,False,8
aim-50-2_0-yes1-3.cnf,SATLIB,aim,crafted_structured,/work/benchmarks/phase5/satlib/aim/aim-50-2_0-yes1-3.cnf,5e9723b6ebe23d1a435555ba7d7785bb64d1fd5d67f5618a148eedac2f51cbd8,evaluation,unknown_fallback_dominated,recovery completed but registry returned UNKNOWN: no_sound_exact_r_boxes,UNKNOWN,50,100,22.2185,0.064809,RUN_LKK,17,16,4,RUN_LKK,0.08508,COMPLETE,0.027486,UNKNOWN,no_sound_exact_r_boxes,0,0,0,UNKNOWN,26.5868,79.243229,False,8
aim-50-2_0-yes1-4.cnf,SATLIB,aim,crafted_structured,/work/benchmarks/phase5/satlib/aim/aim-50-2_0-yes1-4.cnf,748fe1ea9bcf40656bc6c0c31cc5e25f010393af839e249753a4ccc574d44f80,calibration,unknown_fallback_dominated,recovery completed but registry returned UNKNOWN: no_sound_exact_r_boxes,UNKNOWN,50,100,8.54784,0.096445,RUN_LKK,13,17,6,RUN_LKK,0.130998,COMPLETE,0.023363,UNKNOWN,no_sound_exact_r_boxes,0,0,0,UNKNOWN,11.1386,74.832339,False,8
aim-50-3_4-yes1-1.cnf,SATLIB,aim,crafted_structured,/work/benchmarks/phase5/satlib/aim/aim-50-3_4-yes1-1.cnf,34a3aa8968f9f75f98cf140c6d498eeba411fcf0309b019b73d5d0c1e347cb8e,evaluation,unknown_fallback_dominated,recovery completed but registry returned UNKNOWN: no_sound_exact_r_boxes,UNKNOWN,50,170,26.6485,0.245086,RUN_LKK,22,17,13,RUN_LKK,0.328646,COMPLETE,0.034362,UNKNOWN,no_sound_exact_r_boxes,0,0,0,UNKNOWN,29.9942,81.615466,False,8
aim-50-3_4-yes1-2.cnf,SATLIB,aim,crafted_structured,/work/benchmarks/phase5/satlib/aim/aim-50-3_4-yes1-2.cnf,7f7db5a89f45981633ca62ccc690470fb7553e57f6ef996cb3a78cc15235fb5d,calibration,unknown_fallback_dominated,recovery completed but registry returned UNKNOWN: no_sound_exact_r_boxes,UNKNOWN,50,170,26.4143,0.096195,RUN_LKK,20,21,9,RUN_LKK,0.147836,COMPLETE,0.034574,UNKNOWN,no_sound_exact_r_boxes,0,0,0,UNKNOWN,27.8024,82.397476,False,8
aim-50-3_4-yes1-3.cnf,SATLIB,aim,crafted_structured,/work/benchmarks/phase5/satlib/aim/aim-50-3_4-yes1-3.cnf,6b17b7be91e557fbd577c7eda1d3da2e7e4615acb1d14eba7c0f91f199c937dd,evaluation,unknown_fallback_dominated,recovery completed but registry returned UNKNOWN: no_sound_exact_r_boxes,UNKNOWN,50,170,7.04415,0.238003,RUN_LKK,24,24,8,RUN_LKK,0.345816,COMPLETE,0.124258,UNKNOWN,no_sound_exact_r_boxes,0,0,0,UNKNOWN,16.7198,54.957845,False,8
aim-50-3_4-yes1-4.cnf,SATLIB,aim,crafted_structured,/work/benchmarks/phase5/satlib/aim/aim-50-3_4-yes1-4.cnf,baa823e93d9247d67046995a9d36e5521848f0305864bc6d551bd4218bf7e065,calibration,unknown_fallback_dominated,recovery completed but registry returned UNKNOWN: no_sound_exact_r_boxes,UNKNOWN,50,170,6.35964,0.088064,RUN_LKK,24,26,10,RUN_LKK,0.121304,COMPLETE,0.039908,UNKNOWN,no_sound_exact_r_boxes,0,0,0,UNKNOWN,8.11886,36.616216,False,8
aim-50-6_0-yes1-1.cnf,SATLIB,aim,crafted_structured,/work/benchmarks/phase5/satlib/aim/aim-50-6_0-yes1-1.cnf,f914ea474f3dbd26023e4bc7ac6fc91355a6f4f2dc1b300b801971e6894acfb6,evaluation,unknown_fallback_dominated,recovery completed but registry returned UNKNOWN: no_sound_exact_r_boxes,UNKNOWN,50,300,6.11213,0.142235,RUN_LKK,33,42,9,RUN_LKK,0.212398,COMPLETE,0.075387,UNKNOWN,no_sound_exact_r_boxes,0,0,0,UNKNOWN,7.80646,36.367421,False,8
aim-50-6_0-yes1-2.cnf,SATLIB,aim,crafted_structured,/work/benchmarks/phase5/satlib/aim/aim-50-6_0-yes1-2.cnf,a3c4735b2552e88578d132666ef3e16b336d6a66d9b99e39794c883e50f357de,evaluation,unknown_fallback_dominated,recovery completed but registry returned UNKNOWN: no_sound_exact_r_boxes,UNKNOWN,50,300,5.82218,0.196131,RUN_LKK,44,38,14,RUN_LKK,0.232281,COMPLETE,0.068475,UNKNOWN,no_sound_exact_r_boxes,0,0,0,UNKNOWN,8.16086,23.079889,False,8
aim-50-6_0-yes1-3.cnf,SATLIB,aim,crafted_structured,/work/benchmarks/phase5/satlib/aim/aim-50-6_0-yes1-3.cnf,666bf8876c55be2a0523d9021a54140ab3c00dab3a936dc105f92e11ba33501c,evaluation,unknown_fallback_dominated,recovery completed but registry returned UNKNOWN: no_sound_exact_r_boxes,UNKNOWN,50,300,3.45126,0.129805,RUN_LKK,32,40,28,RUN_LKK,0.205573,COMPLETE,0.076607,UNKNOWN,no_sound_exact_r_boxes,0,0,0,UNKNOWN,5.09255,22.025258,False,8
aim-50-6_0-yes1-4.cnf,SATLIB,aim,crafted_structured,/work/benchmarks/phase5/satlib/aim/aim-50-6_0-yes1-4.cnf,9afea2388b715d82eaf567c76418a44c9d65ff1648d27266db100272098ef328,evaluation,unknown_fallback_dominated,recovery completed but registry returned UNKNOWN: no_sound_exact_r_boxes,UNKNOWN,50,300,5.72367,0.13239,RUN_LKK,38,37,23,RUN_LKK,0.248798,COMPLETE,0.05686,UNKNOWN,no_sound_exact_r_boxes,0,0,0,UNKNOWN,7.4203,20.800058,False,8
jnh1.cnf,SATLIB,jnh,crafted_structured,/work/benchmarks/phase5/satlib/jnh/jnh1.cnf,59bb51f11ea36e0262ada113fb4120c11786e14b8d03979970efc580a80fd16e,evaluation,unknown_fallback_dominated,recovery completed but registry returned UNKNOWN: no_sound_exact_r_boxes,UNKNOWN,100,850,5.1735,0.663222,RUN_LKK,38,68,0,RUN_LKK,0.676306,COMPLETE,0.344008,UNKNOWN,no_sound_exact_r_boxes,0,0,0,UNKNOWN,8.4392,37.4604,False,8
jnh10.cnf,SATLIB,jnh,crafted_structured,/work/benchmarks/phase5/satlib/jnh/jnh10.cnf,08f38ec474ac112c2be38b8102a5945e84de8533029be6ef04bf76229ec5b08a,evaluation,unknown_fallback_dominated,recovery completed but registry returned UNKNOWN: no_sound_exact_r_boxes,UNKNOWN,100,850,5.75966,0.720567,RUN_LKK,61,59,3,RUN_LKK,0.658725,COMPLETE,0.134178,UNKNOWN,no_sound_exact_r_boxes,0,0,0,UNKNOWN,8.46031,37.0449,False,8
jnh11.cnf,SATLIB,jnh,crafted_structured,/work/benchmarks/phase5/satlib/jnh/jnh11.cnf,c92180afef4528e9f23fdab789624b46ee7668ae2247fddb79e8951b4733a79e,evaluation,cardinality_exact_r_heavy,"1 exact-r boxes, registry UNKNOWN",UNKNOWN,100,850,8.98457,0.944835,RUN_LKK,72,54,0,RUN_LKK,0.818689,COMPLETE,1.10671,UNKNOWN,"incomplete_or_ambiguous_resource_mapping:[41, 96]",1,0,0,UNKNOWN,13.5956,37.410654,False,8
jnh12.cnf,SATLIB,jnh,crafted_structured,/work/benchmarks/phase5/satlib/jnh/jnh12.cnf,d0c8a5a63a480735ccb4b5c36c9b4048186594077a2384a16ac7d8a19e48ca62,calibration,unknown_fallback_dominated,recovery completed but registry returned UNKNOWN: no_sound_exact_r_boxes,UNKNOWN,100,850,9.52367,0.709255,RUN_LKK,69,48,2,RUN_LKK,0.704109,COMPLETE,0.121864,UNKNOWN,no_sound_exact_r_boxes,0,0,0,UNKNOWN,12.3258,37.339517,False,8
jnh13.cnf,SATLIB,jnh,crafted_structured,/work/benchmarks/phase5/satlib/jnh/jnh13.cnf,203e5c70323c5ff6a22bcaea74205b40d8eb4a63f8740997d26091ce9ab7a351,evaluation,unknown_fallback_dominated,recovery completed but registry returned UNKNOWN: no_sound_exact_r_boxes,UNKNOWN,100,850,7.82073,0.637164,RUN_LKK,66,63,1,RUN_LKK,0.659847,COMPLETE,0.170653,UNKNOWN,no_sound_exact_r_boxes,0,0,0,UNKNOWN,11.4914,37.284828,False,8
jnh14.cnf,SATLIB,jnh,crafted_structured,/work/benchmarks/phase5/satlib/jnh/jnh14.cnf,a21d439d9e859c2cd15ed3672620a70bf9e63cbc873fe08060b8dbfd2bb21eb8,evaluation,cardinality_exact_r_heavy,"1 exact-r boxes, registry UNKNOWN",UNKNOWN,100,850,6.25087,0.684521,RUN_LKK,74,46,0,RUN_LKK,0.74542,COMPLETE,0.181884,UNKNOWN,"incomplete_or_ambiguous_resource_mapping:[24, 79]",1,0,0,UNKNOWN,8.84822,39.25991,False,8
jnh15.cnf,SATLIB,jnh,crafted_structured,/work/benchmarks/phase5/satlib/jnh/jnh15.cnf,76138c7e2cdc4612582b4b45acffe852937a2846e77e090b678cfdc2d092dbad,evaluation,unknown_fallback_dominated,recovery completed but registry returned UNKNOWN: no_sound_exact_r_boxes,UNKNOWN,100,850,3.99075,0.631904,RUN_LKK,57,61,3,RUN_LKK,0.649763,COMPLETE,0.148694,UNKNOWN,no_sound_exact_r_boxes,0,0,0,UNKNOWN,6.24215,20.009122,False,8
jnh16.cnf,SATLIB,jnh,crafted_structured,/work/benchmarks/phase5/satlib/jnh/jnh16.cnf,60217887b85fc64a1821de535cb5ddeeef6a04ffd13232e81a52d3537cb089c9,evaluation,cardinality_exact_r_heavy,"1 exact-r boxes, registry UNKNOWN",UNKNOWN,100,850,4.15448,0.617103,RUN_LKK,72,51,0,RUN_LKK,0.698713,COMPLETE,0.225174,UNKNOWN,"incomplete_or_ambiguous_resource_mapping:[43, 98]",1,0,0,UNKNOWN,6.60801,20.297269,False,8
jnh17.cnf,SATLIB,jnh,crafted_structured,/work/benchmarks/phase5/satlib/jnh/jnh17.cnf,a8198abcbfa914305a81b3d8d38479723074a1ac94a461800e88fd9385c0e223,evaluation,unknown_fallback_dominated,recovery completed but registry returned UNKNOWN: no_sound_exact_r_boxes,UNKNOWN,100,850,4.54089,0.661409,RUN_LKK,71,49,2,RUN_LKK,0.768534,COMPLETE,0.333615,UNKNOWN,no_sound_exact_r_boxes,0,0,0,UNKNOWN,7.42302,34.812626,False,8
jnh18.cnf,SATLIB,jnh,crafted_structured,/work/benchmarks/phase5/satlib/jnh/jnh18.cnf,75bc17e725c18d3ffccfb89b07b7b0c30e6c10c11d0f2f928f5661f8b1af0a9d,evaluation,unknown_fallback_dominated,recovery completed but registry returned UNKNOWN: no_sound_exact_r_boxes,UNKNOWN,100,850,6.99371,0.682163,RUN_LKK,62,62,1,RUN_LKK,0.643427,COMPLETE,0.178678,UNKNOWN,no_sound_exact_r_boxes,0,0,0,UNKNOWN,10.9763,40.22024,False,8
jnh19.cnf,SATLIB,jnh,crafted_structured,/work/benchmarks/phase5/satlib/jnh/jnh19.cnf,e38e1dee051b928dee79857a934502e7cef732820cf817f1b7aca8610fa7c238,evaluation,unknown_fallback_dominated,recovery completed but registry returned UNKNOWN: no_sound_exact_r_boxes,UNKNOWN,100,850,10.6195,1.28924,RUN_LKK,75,50,0,RUN_LKK,0.751171,COMPLETE,0.180964,UNKNOWN,no_sound_exact_r_boxes,0,0,0,UNKNOWN,14.3863,36.022662,False,8
jnh2.cnf,SATLIB,jnh,crafted_structured,/work/benchmarks/phase5/satlib/jnh/jnh2.cnf,153bbf42c89758c8bc4bc9a9b99bfa63bda76a8a76ea7b1d3a846904e26c1738,evaluation,unknown_fallback_dominated,recovery completed but registry returned UNKNOWN: no_sound_exact_r_boxes,UNKNOWN,100,850,5.23798,0.623267,RUN_LKK,63,55,1,RUN_LKK,0.683923,COMPLETE,0.152713,UNKNOWN,no_sound_exact_r_boxes,0,0,0,UNKNOWN,10.4562,40.223047,False,8
jnh20.cnf,SATLIB,jnh,crafted_structured,/work/benchmarks/phase5/satlib/jnh/jnh20.cnf,a9181730b8692e56e6e823a2376fe3246f9d3bb62bd0a5c3435492b3eb66124b,evaluation,cardinality_exact_r_heavy,"1 exact-r boxes, registry UNKNOWN",UNKNOWN,100,850,7.40309,0.674471,RUN_LKK,59,59,3,RUN_LKK,0.720539,COMPLETE,0.181555,UNKNOWN,"incomplete_or_ambiguous_resource_mapping:[23, 55]",1,0,0,UNKNOWN,9.98577,42.499239,False,8
jnh201.cnf,SATLIB,jnh,crafted_structured,/work/benchmarks/phase5/satlib/jnh/jnh201.cnf,16758d80c349872a6ea45a663899d331c6677bda80b2bc65ec28f7b886a712cf,evaluation,unknown_fallback_dominated,recovery completed but registry returned UNKNOWN: no_sound_exact_r_boxes,UNKNOWN,100,800,6.0521,0.626951,RUN_LKK,35,62,0,RUN_LKK,0.702376,COMPLETE,0.452243,UNKNOWN,no_sound_exact_r_boxes,0,0,0,UNKNOWN,9.12018,42.723938,False,8
jnh202.cnf,SATLIB,jnh,crafted_structured,/work/benchmarks/phase5/satlib/jnh/jnh202.cnf,e43c52ec70ab115afc0d55b7559ee7641625fcab025fab70e9cad03510eba489,evaluation,unknown_fallback_dominated,recovery completed but registry returned UNKNOWN: no_sound_exact_r_boxes,UNKNOWN,100,800,30.8776,0.721963,RUN_LKK,57,54,1,RUN_LKK,0.797779,COMPLETE,0.125289,UNKNOWN,no_sound_exact_r_boxes,0,0,0,UNKNOWN,33.861,70.791246,False,8
jnh203.cnf,SATLIB,jnh,crafted_structured,/work/benchmarks/phase5/satlib/jnh/jnh203.cnf,0f8ca301d8677cf415d500ac23e9281e18ce5a1c38036ba7d309c514c627e69a,calibration,unknown_fallback_dominated,recovery completed but registry returned UNKNOWN: no_sound_exact_r_boxes,UNKNOWN,100,800,8.71641,0.581781,RUN_LKK,57,58,2,RUN_LKK,0.671212,COMPLETE,0.134933,UNKNOWN,no_sound_exact_r_boxes,0,0,0,UNKNOWN,25.165,76.436539,False,8
jnh204.cnf,SATLIB,jnh,crafted_structured,/work/benchmarks/phase5/satlib/jnh/jnh204.cnf,a1b72d5a54d358f238bd4b648d3ee1dea750a7b4118e577fdb983466f71fb3bd,evaluation,unknown_fallback_dominated,recovery completed but registry returned UNKNOWN: no_sound_exact_r_boxes,UNKNOWN,100,800,5.11297,0.763255,RUN_LKK,69,52,0,RUN_LKK,0.901931,COMPLETE,0.304708,UNKNOWN,no_sound_exact_r_boxes,0,0,0,UNKNOWN,9.58743,38.488734,False,8
jnh205.cnf,SATLIB,jnh,crafted_structured,/work/benchmarks/phase5/satlib/jnh/jnh205.cnf,431d5009f524496106347c56373aa4f423ece65e17031cc765dd074f5bdb2b6b,evaluation,cardinality_exact_r_heavy,"1 exact-r boxes, registry UNKNOWN",UNKNOWN,100,800,3.86462,0.686062,RUN_LKK,63,48,2,RUN_LKK,0.791479,COMPLETE,0.411691,UNKNOWN,"incomplete_or_ambiguous_resource_mapping:[26, 58]",1,0,0,UNKNOWN,8.68807,38.041379,False,8
jnh206.cnf,SATLIB,jnh,crafted_structured,/work/benchmarks/phase5/satlib/jnh/jnh206.cnf,d9475e7aa49e15b128caaeb45c97343b8f198d68fd49b848f9980c389100da64,evaluation,unknown_fallback_dominated,recovery completed but registry returned UNKNOWN: no_sound_exact_r_boxes,UNKNOWN,100,800,4.70535,0.63433,RUN_LKK,62,59,1,RUN_LKK,0.647985,COMPLETE,0.134426,UNKNOWN,no_sound_exact_r_boxes,0,0,0,UNKNOWN,9.90451,37.439269,False,8
jnh207.cnf,SATLIB,jnh,crafted_structured,/work/benchmarks/phase5/satlib/jnh/jnh207.cnf,9f0c4a07b5f9306156e44fbe664c45c46a34bb4d703e899eb8d559604777fa89,evaluation,unknown_fallback_dominated,recovery completed but registry returned UNKNOWN: no_sound_exact_r_boxes,UNKNOWN,100,800,5.44514,0.649662,RUN_LKK,68,43,0,RUN_LKK,0.650615,COMPLETE,0.128408,UNKNOWN,no_sound_exact_r_boxes,0,0,0,UNKNOWN,10.5014,37.251252,False,8
jnh208.cnf,SATLIB,jnh,crafted_structured,/work/benchmarks/phase5/satlib/jnh/jnh208.cnf,c9da7b3822dd9f961c8d8503d8cea415ae5167721ed4560efc219a1bf676f55e,evaluation,unknown_fallback_dominated,recovery completed but registry returned UNKNOWN: no_sound_exact_r_boxes,UNKNOWN,100,800,9.22471,0.650721,RUN_LKK,60,55,3,RUN_LKK,0.616017,COMPLETE,0.144323,UNKNOWN,no_sound_exact_r_boxes,0,0,0,UNKNOWN,12.8977,35.273645,False,8
jnh209.cnf,SATLIB,jnh,crafted_structured,/work/benchmarks/phase5/satlib/jnh/jnh209.cnf,0a100441796fac58d89f787e0b07232f77559be2f0554b37b85092e7aa080f2d,evaluation,unknown_fallback_dominated,recovery completed but registry returned UNKNOWN: no_sound_exact_r_boxes,UNKNOWN,100,800,7.3875,0.601037,RUN_LKK,67,51,0,RUN_LKK,0.653833,COMPLETE,0.139096,UNKNOWN,no_sound_exact_r_boxes,0,0,0,UNKNOWN,9.89349,36.072984,False,8
jnh210.cnf,SATLIB,jnh,crafted_structured,/work/benchmarks/phase5/satlib/jnh/jnh210.cnf,23b29c59ace9fdb63763e7e59f7d0fef5d7ed216fee15e56bf4b382744230348,evaluation,unknown_fallback_dominated,recovery completed but registry returned UNKNOWN: no_sound_exact_r_boxes,UNKNOWN,100,800,7.54465,0.577515,RUN_LKK,62,47,1,RUN_LKK,0.654224,COMPLETE,0.102385,UNKNOWN,no_sound_exact_r_boxes,0,0,0,UNKNOWN,10.1312,35.793061,False,8
jnh211.cnf,SATLIB,jnh,crafted_structured,/work/benchmarks/phase5/satlib/jnh/jnh211.cnf,77a90952737709dd56d6a21d62605cf916958ccb07135887b13884316a734ea9,evaluation,unknown_fallback_dominated,recovery completed but registry returned UNKNOWN: no_sound_exact_r_boxes,UNKNOWN,100,800,6.08051,0.597363,RUN_LKK,58,58,2,RUN_LKK,0.649586,COMPLETE,0.12658,UNKNOWN,no_sound_exact_r_boxes,0,0,0,UNKNOWN,8.78557,35.331609,False,8
jnh212.cnf,SATLIB,jnh,crafted_structured,/work/benchmarks/phase5/satlib/jnh/jnh212.cnf,c3a3b53990fe6a9ceddd45f54f2b0eb9e79455359aaa947fe6d34627dea6d92f,calibration,unknown_fallback_dominated,recovery completed but registry returned UNKNOWN: no_sound_exact_r_boxes,UNKNOWN,100,800,6.81741,0.607273,RUN_LKK,72,44,0,RUN_LKK,0.672179,COMPLETE,0.127853,UNKNOWN,no_sound_exact_r_boxes,0,0,0,UNKNOWN,9.49051,35.980499,False,8
jnh213.cnf,SATLIB,jnh,crafted_structured,/work/benchmarks/phase5/satlib/jnh/jnh213.cnf,ee2ed1fef6143d9ad27af18460f43f9c9c373e3f6e99d5812c09d92833493ad6,evaluation,unknown_fallback_dominated,recovery completed but registry returned UNKNOWN: no_sound_exact_r_boxes,UNKNOWN,100,800,5.02582,0.524697,RUN_LKK,61,51,3,RUN_LKK,0.66764,COMPLETE,0.10805,UNKNOWN,no_sound_exact_r_boxes,0,0,0,UNKNOWN,7.9189,36.479982,False,8
jnh214.cnf,SATLIB,jnh,crafted_structured,/work/benchmarks/phase5/satlib/jnh/jnh214.cnf,6ccecc97eb99c4cfbdf615202c229115e2b0689022d135306c7355cef75227b4,calibration,unknown_fallback_dominated,recovery completed but registry returned UNKNOWN: no_sound_exact_r_boxes,UNKNOWN,100,800,4.85245,0.562951,RUN_LKK,63,57,1,RUN_LKK,0.621707,COMPLETE,0.144168,UNKNOWN,no_sound_exact_r_boxes,0,0,0,UNKNOWN,7.44,19.658705,False,8
jnh215.cnf,SATLIB,jnh,crafted_structured,/work/benchmarks/phase5/satlib/jnh/jnh215.cnf,804d8e72312ba1d8de2d397b30f53cfae8db9ad897b430bd1c6b3819e2b472e7,evaluation,unknown_fallback_dominated,recovery completed but registry returned UNKNOWN: no_sound_exact_r_boxes,UNKNOWN,100,800,4.36684,0.713154,RUN_LKK,72,44,0,RUN_LKK,0.744905,COMPLETE,0.100559,UNKNOWN,no_sound_exact_r_boxes,0,0,0,UNKNOWN,7.40875,20.428314,False,8
jnh216.cnf,SATLIB,jnh,crafted_structured,/work/benchmarks/phase5/satlib/jnh/jnh216.cnf,be10f43879405d56a9d7675b8e60677ac0f3157824975743f9814e2449d4765d,evaluation,unknown_fallback_dominated,recovery completed but registry returned UNKNOWN: no_sound_exact_r_boxes,UNKNOWN,100,800,6.65928,0.589123,RUN_LKK,51,58,3,RUN_LKK,0.607831,COMPLETE,0.112535,UNKNOWN,no_sound_exact_r_boxes,0,0,0,UNKNOWN,9.37978,34.545464,False,8
jnh217.cnf,SATLIB,jnh,crafted_structured,/work/benchmarks/phase5/satlib/jnh/jnh217.cnf,9b1d21fdbe1d7b441b2e9c4105e64501b441e3e5b87425488631d8dee38a374c,calibration,unknown_fallback_dominated,recovery completed but registry returned UNKNOWN: no_sound_exact_r_boxes,UNKNOWN,100,800,7.54643,0.598668,RUN_LKK,69,47,0,RUN_LKK,0.591292,COMPLETE,0.135238,UNKNOWN,no_sound_exact_r_boxes,0,0,0,UNKNOWN,10.0542,35.310062,False,8
jnh218.cnf,SATLIB,jnh,crafted_structured,/work/benchmarks/phase5/satlib/jnh/jnh218.cnf,e830c89b8e4431a49065b65d99f3ade6ea8d9c4c69b2f756709d7d79b2c41f00,evaluation,unknown_fallback_dominated,recovery completed but registry returned UNKNOWN: no_sound_exact_r_boxes,UNKNOWN,100,800,5.48853,0.426277,RUN_LKK,68,45,2,RUN_LKK,0.560614,COMPLETE,0.076376,UNKNOWN,no_sound_exact_r_boxes,0,0,0,UNKNOWN,7.54835,37.369194,False,8
jnh219.cnf,SATLIB,jnh,crafted_structured,/work/benchmarks/phase5/satlib/jnh/jnh219.cnf,5075be1b2153a0614a4640c3e25e5389f2256e2b98dd4a40a6cc86651eedbf4a,evaluation,unknown_fallback_dominated,recovery completed but registry returned UNKNOWN: no_sound_exact_r_boxes,UNKNOWN,100,800,5.18046,0.539398,RUN_LKK,58,61,1,RUN_LKK,0.589023,COMPLETE,0.141352,UNKNOWN,no_sound_exact_r_boxes,0,0,0,UNKNOWN,7.48477,18.924749,False,8
jnh220.cnf,SATLIB,jnh,crafted_structured,/work/benchmarks/phase5/satlib/jnh/jnh220.cnf,2695124d24dad1e87f6bbf22bd6fbb8280c78f64536090abfc41acbb1c3fb466,evaluation,unknown_fallback_dominated,recovery completed but registry returned UNKNOWN: no_sound_exact_r_boxes,UNKNOWN,100,800,5.77404,0.491453,RUN_LKK,70,46,0,RUN_LKK,0.541515,COMPLETE,0.122351,UNKNOWN,no_sound_exact_r_boxes,0,0,0,UNKNOWN,7.96425,37.150672,False,8
jnh3.cnf,SATLIB,jnh,crafted_structured,/work/benchmarks/phase5/satlib/jnh/jnh3.cnf,81b2f1e0d92b0df45bb0aa1c9af136dd635dd94286d1a4109e303092f7297833,evaluation,unknown_fallback_dominated,recovery completed but registry returned UNKNOWN: no_sound_exact_r_boxes,UNKNOWN,100,850,3.98999,0.605437,RUN_LKK,60,64,2,RUN_LKK,0.596509,COMPLETE,0.147933,UNKNOWN,no_sound_exact_r_boxes,0,0,0,UNKNOWN,6.50934,20.553042,False,8
jnh301.cnf,SATLIB,jnh,crafted_structured,/work/benchmarks/phase5/satlib/jnh/jnh301.cnf,3fb160c2089e929056f9212838076565d1557deedcc7e767aa6b5b923e4e3ba8,calibration,unknown_fallback_dominated,recovery completed but registry returned UNKNOWN: no_sound_exact_r_boxes,UNKNOWN,100,900,4.97072,0.705047,RUN_LKK,41,73,0,RUN_LKK,0.676969,COMPLETE,0.451561,UNKNOWN,no_sound_exact_r_boxes,0,0,0,UNKNOWN,9.76724,35.074792,False,8
jnh302.cnf,SATLIB,jnh,crafted_structured,/work/benchmarks/phase5/satlib/jnh/jnh302.cnf,8a80746dc2c6e2c5ddf20a810135aed3ca1180cd998c6e16ef560e6d782bed6c,evaluation,unknown_fallback_dominated,recovery completed but registry returned UNKNOWN: no_sound_exact_r_boxes,UNKNOWN,100,900,6.43776,0.877956,RUN_LKK,64,57,2,RUN_LKK,0.713964,COMPLETE,0.139008,UNKNOWN,no_sound_exact_r_boxes,0,0,0,UNKNOWN,9.60774,36.642677,False,8
jnh303.cnf,SATLIB,jnh,crafted_structured,/work/benchmarks/phase5/satlib/jnh/jnh303.cnf,4c6ca522a8ba072545bec483384ffd4f43fcd1a1dc0a784c001d3886b923bab5,evaluation,unknown_fallback_dominated,recovery completed but registry returned UNKNOWN: no_sound_exact_r_boxes,UNKNOWN,100,900,5.86017,0.633322,RUN_LKK,71,69,1,RUN_LKK,0.683225,COMPLETE,0.261529,UNKNOWN,no_sound_exact_r_boxes,0,0,0,UNKNOWN,8.49329,20.665079,False,8
jnh304.cnf,SATLIB,jnh,crafted_structured,/work/benchmarks/phase5/satlib/jnh/jnh304.cnf,5ad8ecd185009fd2c880be555a66714d0b6ffcc93c188dee5f44f2ec56d7b40e,evaluation,unknown_fallback_dominated,recovery completed but registry returned UNKNOWN: no_sound_exact_r_boxes,UNKNOWN,100,900,5.60874,0.614992,RUN_LKK,75,50,0,RUN_LKK,0.736449,COMPLETE,0.150051,UNKNOWN,no_sound_exact_r_boxes,0,0,0,UNKNOWN,9.46507,35.038489,False,8
jnh305.cnf,SATLIB,jnh,crafted_structured,/work/benchmarks/phase5/satlib/jnh/jnh305.cnf,588bda970c88fcf67365886cf965aa6360c013395342e60b72c8dba24093649b,evaluation,unknown_fallback_dominated,recovery completed but registry returned UNKNOWN: no_sound_exact_r_boxes,UNKNOWN,100,900,8.73225,0.599036,RUN_LKK,65,63,4,RUN_LKK,0.599817,COMPLETE,0.143499,UNKNOWN,no_sound_exact_r_boxes,0,0,0,UNKNOWN,11.0447,36.842766,False,8
jnh306.cnf,SATLIB,jnh,crafted_structured,/work/benchmarks/phase5/satlib/jnh/jnh306.cnf,293e73279e53bc33c47776545408680981baec68ce2c889e80157abd52101c06,evaluation,cardinality_exact_r_heavy,"1 exact-r boxes, registry UNKNOWN",UNKNOWN,100,900,7.13432,0.864803,RUN_LKK,78,52,0,RUN_LKK,0.810063,COMPLETE,0.306389,UNKNOWN,"incomplete_or_ambiguous_resource_mapping:[30, 85]",1,0,0,UNKNOWN,10.1546,36.936983,False,8
jnh307.cnf,SATLIB,jnh,crafted_structured,/work/benchmarks/phase5/satlib/jnh/jnh307.cnf,778ace0e4674969df5acaa6a52cb4787893464721feb49909e1aa8f7e271a823,calibration,unknown_fallback_dominated,recovery completed but registry returned UNKNOWN: no_sound_exact_r_boxes,UNKNOWN,100,900,5.93962,0.762961,RUN_LKK,70,61,3,RUN_LKK,0.648811,COMPLETE,0.097824,UNKNOWN,no_sound_exact_r_boxes,0,0,0,UNKNOWN,8.43145,36.168078,False,8
jnh308.cnf,SATLIB,jnh,crafted_structured,/work/benchmarks/phase5/satlib/jnh/jnh308.cnf,e77376ba5558adf899bd2a2af6e348b8498af6ac55efb299753edba9bf935b7e,evaluation,unknown_fallback_dominated,recovery completed but registry returned UNKNOWN: no_sound_exact_r_boxes,UNKNOWN,100,900,8.14026,0.54478,RUN_LKK,74,57,0,RUN_LKK,0.867982,COMPLETE,0.15252,UNKNOWN,no_sound_exact_r_boxes,0,0,0,UNKNOWN,11.0426,35.979799,False,8
jnh309.cnf,SATLIB,jnh,crafted_structured,/work/benchmarks/phase5/satlib/jnh/jnh309.cnf,ba66a076501847c05fc5b75cd13dece0f88a6cf98cd34a88dc4b1d3d0d45ef1b,evaluation,unknown_fallback_dominated,recovery completed but registry returned UNKNOWN: no_sound_exact_r_boxes,UNKNOWN,100,900,6.51844,0.615396,RUN_LKK,69,52,2,RUN_LKK,0.656421,COMPLETE,0.110766,UNKNOWN,no_sound_exact_r_boxes,0,0,0,UNKNOWN,8.80423,35.610307,False,8
jnh310.cnf,SATLIB,jnh,crafted_structured,/work/benchmarks/phase5/satlib/jnh/jnh310.cnf,1a60e7a01c35222e2679abc6f4dcdffc9c6d4034ac0438a16947e8e0320aa0df,calibration,unknown_fallback_dominated,recovery completed but registry returned UNKNOWN: no_sound_exact_r_boxes,UNKNOWN,100,900,6.01595,0.782563,RUN_LKK,70,65,1,RUN_LKK,0.913773,COMPLETE,0.227781,UNKNOWN,no_sound_exact_r_boxes,0,0,0,UNKNOWN,9.61623,35.605432,False,8
jnh4.cnf,SATLIB,jnh,crafted_structured,/work/benchmarks/phase5/satlib/jnh/jnh4.cnf,2f6e36e4b0f872f0407e57d9dd2836d59d0f8265c65b626b9ab66883db8c0fac,evaluation,unknown_fallback_dominated,recovery completed but registry returned UNKNOWN: no_sound_exact_r_boxes,UNKNOWN,100,850,5.91764,0.629735,RUN_LKK,73,49,0,RUN_LKK,0.622046,COMPLETE,0.162769,UNKNOWN,no_sound_exact_r_boxes,0,0,0,UNKNOWN,8.3618,34.650073,False,8
jnh5.cnf,SATLIB,jnh,crafted_structured,/work/benchmarks/phase5/satlib/jnh/jnh5.cnf,ba70f21b5cfd40dab1d6acf8676c78cffdc1b50375758f0b8ba903a2402d22c5,evaluation,cardinality_exact_r_heavy,"1 exact-r boxes, registry UNKNOWN",UNKNOWN,100,850,5.87545,0.563822,RUN_LKK,62,58,4,RUN_LKK,0.72689,COMPLETE,0.161501,UNKNOWN,"incomplete_or_ambiguous_resource_mapping:[26, 58]",1,0,0,UNKNOWN,8.2752,20.191763,False,8
jnh6.cnf,SATLIB,jnh,crafted_structured,/work/benchmarks/phase5/satlib/jnh/jnh6.cnf,5c00974bd5cca8d4eceafe68f16afd91005d7c520980e7e1c43d34b19c0c7c95,calibration,unknown_fallback_dominated,recovery completed but registry returned UNKNOWN: no_sound_exact_r_boxes,UNKNOWN,100,850,4.39576,0.672776,RUN_LKK,73,55,0,RUN_LKK,0.644572,COMPLETE,0.125312,UNKNOWN,no_sound_exact_r_boxes,0,0,0,UNKNOWN,6.68828,19.317122,False,8
jnh7.cnf,SATLIB,jnh,crafted_structured,/work/benchmarks/phase5/satlib/jnh/jnh7.cnf,a7a3cf1925ae30c34ad1d5195b8082ef30bb1ab5d93d46e33617392caad2693f,evaluation,unknown_fallback_dominated,recovery completed but registry returned UNKNOWN: no_sound_exact_r_boxes,UNKNOWN,100,850,6.60729,0.623971,RUN_LKK,68,50,2,RUN_LKK,0.691245,COMPLETE,0.147671,UNKNOWN,no_sound_exact_r_boxes,0,0,0,UNKNOWN,9.19738,37.277442,False,8
jnh8.cnf,SATLIB,jnh,crafted_structured,/work/benchmarks/phase5/satlib/jnh/jnh8.cnf,dc8512d3de7f23768c58095f0863defe5bd5987127a207e92172430bfe5cd7be,evaluation,unknown_fallback_dominated,recovery completed but registry returned UNKNOWN: no_sound_exact_r_boxes,UNKNOWN,100,850,4.61689,0.638739,RUN_LKK,66,58,1,RUN_LKK,0.737051,COMPLETE,0.148573,UNKNOWN,no_sound_exact_r_boxes,0,0,0,UNKNOWN,7.59125,36.556895,False,8
jnh9.cnf,SATLIB,jnh,crafted_structured,/work/benchmarks/phase5/satlib/jnh/jnh9.cnf,eb21e1c2a4c88f4d80351f36c9beb2fa6ece3fe5c8fe8bbaeeb8c160fef78365,evaluation,cardinality_exact_r_heavy,"1 exact-r boxes, registry UNKNOWN",UNKNOWN,100,850,7.52588,0.595455,RUN_LKK,72,49,0,RUN_LKK,0.660443,COMPLETE,0.197454,UNKNOWN,"incomplete_or_ambiguous_resource_mapping:[22, 77]",1,0,0,UNKNOWN,10.0567,36.219519,False,8
f1000.cnf,SATLIB,lran,random_control,/work/benchmarks/phase5/satlib/lran/f1000.cnf,c722620eb5d54842006ffaf6133a00bb6fd83c98fc4b355c41a5cdce6c00e93f,evaluation,unknown_fallback_dominated,recovery completed but registry returned UNKNOWN: no_sound_exact_r_boxes,UNKNOWN,1000,4250,10.371,1.87464,RUN_LKK,508,527,0,RUN_LKK,3.16506,COMPLETE,0.504837,UNKNOWN,no_sound_exact_r_boxes,0,0,0,UNKNOWN,17.2102,36.309403,False,8
f2000.cnf,SATLIB,lran,random_control,/work/benchmarks/phase5/satlib/lran/f2000.cnf,b19c2c248e122c70e158fc951974912b4f9059f34c03435c9a538192053c2f7a,evaluation,unknown_fallback_dominated,recovery completed but registry returned UNKNOWN: no_sound_exact_r_boxes,UNKNOWN,2000,8500,19.1682,3.98484,RUN_LKK,1094,1114,0,RUN_LKK,10.3094,COMPLETE,2.14101,UNKNOWN,no_sound_exact_r_boxes,0,0,0,UNKNOWN,38.6278,68.246432,False,8
f600.cnf,SATLIB,lran,random_control,/work/benchmarks/phase5/satlib/lran/f600.cnf,4a56a74dc94a050b0c89de6219946ce43ad3c69f2f70132e9a2079ef19008e65,evaluation,unknown_fallback_dominated,recovery completed but registry returned UNKNOWN: no_sound_exact_r_boxes,UNKNOWN,600,2550,7.21528,1.05161,RUN_LKK,321,298,0,RUN_LKK,2.0009,COMPLETE,0.383841,UNKNOWN,no_sound_exact_r_boxes,0,0,0,UNKNOWN,12.1279,35.311903,False,8
uf250-01.cnf,SATLIB,uf250,random_control,/work/benchmarks/phase5/satlib/uf250/uf250-01.cnf,3594d8a83c34352dc6aa0993d150ed9b7bbea7ec7ac53e3780215c148725cce2,evaluation,unknown_fallback_dominated,recovery completed but registry returned UNKNOWN: no_sound_exact_r_boxes,UNKNOWN,250,1065,4.06395,0.465492,RUN_LKK,144,129,0,RUN_LKK,0.792697,COMPLETE,0.131384,UNKNOWN,no_sound_exact_r_boxes,0,0,0,UNKNOWN,6.35335,18.941155,False,8
uf250-010.cnf,SATLIB,uf250,random_control,/work/benchmarks/phase5/satlib/uf250/uf250-010.cnf,735aae87ee4bda4dbeab996472ed1af95b3694ccba87b72990b48fb7b9e091c9,evaluation,unknown_fallback_dominated,recovery completed but registry returned UNKNOWN: no_sound_exact_r_boxes,UNKNOWN,250,1065,5.81695,0.406834,RUN_LKK,134,137,0,RUN_LKK,0.690203,COMPLETE,0.131835,UNKNOWN,no_sound_exact_r_boxes,0,0,0,UNKNOWN,8.05176,35.663155,False,8
uf250-0100.cnf,SATLIB,uf250,random_control,/work/benchmarks/phase5/satlib/uf250/uf250-0100.cnf,d518bb7da769344c922fcf6d98cdb3c95f90e407a7fca37b4ca8514346e03ff9,evaluation,unknown_fallback_dominated,recovery completed but registry returned UNKNOWN: no_sound_exact_r_boxes,UNKNOWN,250,1065,6.16039,0.413075,RUN_LKK,152,143,0,RUN_LKK,0.7008,COMPLETE,0.173775,UNKNOWN,no_sound_exact_r_boxes,0,0,0,UNKNOWN,8.7256,36.292118,False,8
uf250-011.cnf,SATLIB,uf250,random_control,/work/benchmarks/phase5/satlib/uf250/uf250-011.cnf,af56962376ca568b2b882e5a785b3a1cbd36cf21216d4c940a16d0a30c90ae2c,calibration,unknown_fallback_dominated,recovery completed but registry returned UNKNOWN: no_sound_exact_r_boxes,UNKNOWN,250,1065,6.13632,0.468361,RUN_LKK,147,127,0,RUN_LKK,0.739033,COMPLETE,0.167981,UNKNOWN,no_sound_exact_r_boxes,0,0,0,UNKNOWN,8.61493,36.098361,False,8
uf250-012.cnf,SATLIB,uf250,random_control,/work/benchmarks/phase5/satlib/uf250/uf250-012.cnf,fcc9bbe20270b01e49f7e0ccadbd6622192df61ed4bcd184500d89e028de91de,calibration,unknown_fallback_dominated,recovery completed but registry returned UNKNOWN: no_sound_exact_r_boxes,UNKNOWN,250,1065,7.17438,0.358925,RUN_LKK,135,133,0,RUN_LKK,0.686833,COMPLETE,0.119435,UNKNOWN,no_sound_exact_r_boxes,0,0,0,UNKNOWN,9.30853,36.153438,False,8
uf250-013.cnf,SATLIB,uf250,random_control,/work/benchmarks/phase5/satlib/uf250/uf250-013.cnf,6b41e928f7472c3a3c473f8032d0848f1e19a4fda0ce95c6c891baeacfe757ce,evaluation,unknown_fallback_dominated,recovery completed but registry returned UNKNOWN: no_sound_exact_r_boxes,UNKNOWN,250,1065,5.52826,0.43243,RUN_LKK,125,122,0,RUN_LKK,0.666616,COMPLETE,0.141548,UNKNOWN,no_sound_exact_r_boxes,0,0,0,UNKNOWN,7.89313,19.204871,False,8
uf250-014.cnf,SATLIB,uf250,random_control,/work/benchmarks/phase5/satlib/uf250/uf250-014.cnf,6633f05c6424b1aea758ac2d063d3a200b9e86c2ea1d48b43d3d0b6a27d0165c,calibration,unknown_fallback_dominated,recovery completed but registry returned UNKNOWN: no_sound_exact_r_boxes,UNKNOWN,250,1065,4.26955,0.425346,RUN_LKK,139,113,1,RUN_LKK,0.758435,COMPLETE,0.176764,UNKNOWN,no_sound_exact_r_boxes,0,0,0,UNKNOWN,6.73879,18.765394,False,8
uf250-015.cnf,SATLIB,uf250,random_control,/work/benchmarks/phase5/satlib/uf250/uf250-015.cnf,6aa63112814a1adb52a3031f8f511129a3d33cb61debe5454815534ea605ccb4,evaluation,unknown_fallback_dominated,recovery completed but registry returned UNKNOWN: no_sound_exact_r_boxes,UNKNOWN,250,1065,7.19803,0.451542,RUN_LKK,123,136,0,RUN_LKK,0.740558,COMPLETE,0.165478,UNKNOWN,no_sound_exact_r_boxes,0,0,0,UNKNOWN,9.72723,35.394872,False,8
uf250-016.cnf,SATLIB,uf250,random_control,/work/benchmarks/phase5/satlib/uf250/uf250-016.cnf,1c410b18e91510e2352d3c6189c450615bfc104424263f7cedbdd4d473201810,calibration,unknown_fallback_dominated,recovery completed but registry returned UNKNOWN: no_sound_exact_r_boxes,UNKNOWN,250,1065,6.98694,0.503575,RUN_LKK,135,115,0,RUN_LKK,0.78864,COMPLETE,0.152491,UNKNOWN,no_sound_exact_r_boxes,0,0,0,UNKNOWN,9.56411,36.177046,False,8
uf250-017.cnf,SATLIB,uf250,random_control,/work/benchmarks/phase5/satlib/uf250/uf250-017.cnf,05e799ed39c540c92e8d8ed07a8e29c23e30be6bc32ac0f0b8231f4a05bf7395,evaluation,unknown_fallback_dominated,recovery completed but registry returned UNKNOWN: no_sound_exact_r_boxes,UNKNOWN,250,1065,6.25291,0.845685,RUN_LKK,148,121,0,RUN_LKK,0.798947,COMPLETE,0.153563,UNKNOWN,no_sound_exact_r_boxes,0,0,0,UNKNOWN,9.26245,35.993617,False,8
uf250-018.cnf,SATLIB,uf250,random_control,/work/benchmarks/phase5/satlib/uf250/uf250-018.cnf,9ffc39788fcbbebeca3ad5785788ea7ec3e3597c6b5f29e4c2e582d56477f082,evaluation,unknown_fallback_dominated,recovery completed but registry returned UNKNOWN: no_sound_exact_r_boxes,UNKNOWN,250,1065,7.132,0.491006,RUN_LKK,143,115,0,RUN_LKK,0.79415,COMPLETE,0.147499,UNKNOWN,no_sound_exact_r_boxes,0,0,0,UNKNOWN,9.96924,35.660536,False,8
uf250-019.cnf,SATLIB,uf250,random_control,/work/benchmarks/phase5/satlib/uf250/uf250-019.cnf,2c9b2977edad4ad0e534565d5a4cb1ff6008db731a336888040bdcc2cdd14a21,evaluation,unknown_fallback_dominated,recovery completed but registry returned UNKNOWN: no_sound_exact_r_boxes,UNKNOWN,250,1065,5.53924,0.397745,RUN_LKK,139,127,0,RUN_LKK,0.739671,COMPLETE,0.13053,UNKNOWN,no_sound_exact_r_boxes,0,0,0,UNKNOWN,7.9219,36.631016,False,8
uf250-02.cnf,SATLIB,uf250,random_control,/work/benchmarks/phase5/satlib/uf250/uf250-02.cnf,a3fe49cad4dae624669c9579b7ab7493ee6da68b443086aef26de903eec309f9,evaluation,unknown_fallback_dominated,recovery completed but registry returned UNKNOWN: no_sound_exact_r_boxes,UNKNOWN,250,1065,3.77604,0.380006,RUN_LKK,133,119,0,RUN_LKK,0.767054,COMPLETE,0.1197,UNKNOWN,no_sound_exact_r_boxes,0,0,0,UNKNOWN,5.95502,21.086519,False,8
uf250-020.cnf,SATLIB,uf250,random_control,/work/benchmarks/phase5/satlib/uf250/uf250-020.cnf,8a5a04d1b4f99b3c22cd3141f307aa8e02f49dc0d88d3639ce099113e8073253,calibration,unknown_fallback_dominated,recovery completed but registry returned UNKNOWN: no_sound_exact_r_boxes,UNKNOWN,250,1065,4.56841,0.427823,RUN_LKK,127,133,0,RUN_LKK,0.727236,COMPLETE,0.140694,UNKNOWN,no_sound_exact_r_boxes,0,0,0,UNKNOWN,6.84759,36.267918,False,8
uf250-021.cnf,SATLIB,uf250,random_control,/work/benchmarks/phase5/satlib/uf250/uf250-021.cnf,35d5f8bf2c498ab8832fda7b558f6062044dd75af50202719c21ef9131822439,evaluation,unknown_fallback_dominated,recovery completed but registry returned UNKNOWN: no_sound_exact_r_boxes,UNKNOWN,250,1065,7.12593,0.472908,RUN_LKK,136,114,0,RUN_LKK,0.777971,COMPLETE,0.150651,UNKNOWN,no_sound_exact_r_boxes,0,0,0,UNKNOWN,9.52746,35.780935,False,8
uf250-022.cnf,SATLIB,uf250,random_control,/work/benchmarks/phase5/satlib/uf250/uf250-022.cnf,b93ffe2a24c919ff6eddafa80ed639361beb0ce835079436bb7d350a0d1d32fa,evaluation,unknown_fallback_dominated,recovery completed but registry returned UNKNOWN: no_sound_exact_r_boxes,UNKNOWN,250,1065,7.17404,0.531935,RUN_LKK,150,128,0,RUN_LKK,0.84738,COMPLETE,0.187344,UNKNOWN,no_sound_exact_r_boxes,0,0,0,UNKNOWN,11.7717,38.275839,False,8
uf250-023.cnf,SATLIB,uf250,random_control,/work/benchmarks/phase5/satlib/uf250/uf250-023.cnf,51ddc2a8c64c2a3d8bf6f8e202ec0ac055c528ca71673b2eea9c09aac91c2540,evaluation,unknown_fallback_dominated,recovery completed but registry returned UNKNOWN: no_sound_exact_r_boxes,UNKNOWN,250,1065,9.85094,0.473296,RUN_LKK,159,138,0,RUN_LKK,0.88673,COMPLETE,0.167572,UNKNOWN,no_sound_exact_r_boxes,0,0,0,UNKNOWN,12.7825,36.331007,False,8
uf250-024.cnf,SATLIB,uf250,random_control,/work/benchmarks/phase5/satlib/uf250/uf250-024.cnf,0f9d1b299214ad5d1cc3d85ca9fb7461254560ae3a32b8c33dabf92f9d43ebca,evaluation,unknown_fallback_dominated,recovery completed but registry returned UNKNOWN: no_sound_exact_r_boxes,UNKNOWN,250,1065,8.13103,0.487091,RUN_LKK,130,114,0,RUN_LKK,0.782068,COMPLETE,0.151485,UNKNOWN,no_sound_exact_r_boxes,0,0,0,UNKNOWN,11.2967,36.163509,False,8
uf250-025.cnf,SATLIB,uf250,random_control,/work/benchmarks/phase5/satlib/uf250/uf250-025.cnf,52a635bc4f6de79f5d4aa293d9a97641fa9b4dcc98c3159cdcbb47a6d8b4a0ce,evaluation,unknown_fallback_dominated,recovery completed but registry returned UNKNOWN: no_sound_exact_r_boxes,UNKNOWN,250,1065,5.13995,0.437795,RUN_LKK,144,142,0,RUN_LKK,0.819051,COMPLETE,0.213525,UNKNOWN,no_sound_exact_r_boxes,0,0,0,UNKNOWN,8.19835,35.575643,False,8
uf250-026.cnf,SATLIB,uf250,random_control,/work/benchmarks/phase5/satlib/uf250/uf250-026.cnf,b1e2527e90dfcf18b752199cd41c5d6862b785938eb62aa0cee916bd6325cbd0,evaluation,unknown_fallback_dominated,recovery completed but registry returned UNKNOWN: no_sound_exact_r_boxes,UNKNOWN,250,1065,5.24322,0.461351,RUN_LKK,140,147,0,RUN_LKK,0.796341,COMPLETE,0.20106,UNKNOWN,no_sound_exact_r_boxes,0,0,0,UNKNOWN,7.90916,37.725176,False,8
uf250-027.cnf,SATLIB,uf250,random_control,/work/benchmarks/phase5/satlib/uf250/uf250-027.cnf,c27bcf1d5bedb9ba5d66095dc122a74da690efcc3f2e67530400fbf510607da8,evaluation,unknown_fallback_dominated,recovery completed but registry returned UNKNOWN: no_sound_exact_r_boxes,UNKNOWN,250,1065,3.05341,0.472689,RUN_LKK,144,138,0,RUN_LKK,0.808059,COMPLETE,0.195332,UNKNOWN,no_sound_exact_r_boxes,0,0,0,UNKNOWN,5.84598,22.736782,False,8
uf250-028.cnf,SATLIB,uf250,random_control,/work/benchmarks/phase5/satlib/uf250/uf250-028.cnf,644d95ef3e2cbbfe06b36260e91ca9ec30be91e0a9f7a425932f68c1a0f9716b,calibration,unknown_fallback_dominated,recovery completed but registry returned UNKNOWN: no_sound_exact_r_boxes,UNKNOWN,250,1065,4.12505,0.425951,RUN_LKK,125,122,0,RUN_LKK,0.758898,COMPLETE,0.165702,UNKNOWN,no_sound_exact_r_boxes,0,0,0,UNKNOWN,6.49284,22.610121,False,8
uf250-029.cnf,SATLIB,uf250,random_control,/work/benchmarks/phase5/satlib/uf250/uf250-029.cnf,00dfc294b36cd4f33209ddc00783129ead68578fbf4936304bae40001ef1f051,calibration,unknown_fallback_dominated,recovery completed but registry returned UNKNOWN: no_sound_exact_r_boxes,UNKNOWN,250,1065,6.40878,0.421025,RUN_LKK,136,130,1,RUN_LKK,0.821148,COMPLETE,0.164126,UNKNOWN,no_sound_exact_r_boxes,0,0,0,UNKNOWN,8.83961,36.872134,False,8
uf250-03.cnf,SATLIB,uf250,random_control,/work/benchmarks/phase5/satlib/uf250/uf250-03.cnf,0022237576c67588663920d463870e7b96fefe4c65055fd18538b7f311303817,evaluation,unknown_fallback_dominated,recovery completed but registry returned UNKNOWN: no_sound_exact_r_boxes,UNKNOWN,250,1065,8.02751,0.489145,RUN_LKK,144,142,0,RUN_LKK,1.63525,COMPLETE,1.25317,UNKNOWN,no_sound_exact_r_boxes,0,0,0,UNKNOWN,13.7664,35.632523,False,8
uf250-030.cnf,SATLIB,uf250,random_control,/work/benchmarks/phase5/satlib/uf250/uf250-030.cnf,92e9aa74d0fa1e3d2a6f68a7d5de17c3c8dac232faa914a3cc7002bc7245b9fe,calibration,unknown_fallback_dominated,recovery completed but registry returned UNKNOWN: no_sound_exact_r_boxes,UNKNOWN,250,1065,6.05815,0.447376,RUN_LKK,131,126,0,RUN_LKK,0.769543,COMPLETE,0.155205,UNKNOWN,no_sound_exact_r_boxes,0,0,0,UNKNOWN,9.25287,36.378718,False,8
uf250-031.cnf,SATLIB,uf250,random_control,/work/benchmarks/phase5/satlib/uf250/uf250-031.cnf,e0e23d9e9642afedcecefbe5f9a8d2627b4a4c38b9f757494308157f978235a6,evaluation,unknown_fallback_dominated,recovery completed but registry returned UNKNOWN: no_sound_exact_r_boxes,UNKNOWN,250,1065,5.09595,0.437952,RUN_LKK,126,154,0,RUN_LKK,0.700544,COMPLETE,0.191719,UNKNOWN,no_sound_exact_r_boxes,0,0,0,UNKNOWN,8.5043,40.139896,False,8
uf250-032.cnf,SATLIB,uf250,random_control,/work/benchmarks/phase5/satlib/uf250/uf250-032.cnf,3979be25f6537ae99fa31d199faf1f2e9a678bf8d1d6e9bf6c338080d0b0623a,evaluation,unknown_fallback_dominated,recovery completed but registry returned UNKNOWN: no_sound_exact_r_boxes,UNKNOWN,250,1065,3.87708,0.422959,RUN_LKK,123,126,0,RUN_LKK,0.717357,COMPLETE,0.176814,UNKNOWN,no_sound_exact_r_boxes,0,0,0,UNKNOWN,6.42956,39.082711,False,8
uf250-033.cnf,SATLIB,uf250,random_control,/work/benchmarks/phase5/satlib/uf250/uf250-033.cnf,4452bb3d74712b557f34abb7e46b018a2736369f7e78fc6caa3b68ea37ec571d,calibration,unknown_fallback_dominated,recovery completed but registry returned UNKNOWN: no_sound_exact_r_boxes,UNKNOWN,250,1065,5.83578,0.431696,RUN_LKK,131,123,0,RUN_LKK,0.770119,COMPLETE,0.14494,UNKNOWN,no_sound_exact_r_boxes,0,0,0,UNKNOWN,9.98375,39.256621,False,8
uf250-034.cnf,SATLIB,uf250,random_control,/work/benchmarks/phase5/satlib/uf250/uf250-034.cnf,a7be31ab97b8d5ea7c0180a912592dbbf8dc729632b7b91af19aabab2461a922,evaluation,unknown_fallback_dominated,recovery completed but registry returned UNKNOWN: no_sound_exact_r_boxes,UNKNOWN,250,1065,4.041,0.451931,RUN_LKK,143,129,0,RUN_LKK,0.727313,COMPLETE,0.15292,UNKNOWN,no_sound_exact_r_boxes,0,0,0,UNKNOWN,8.50405,38.719585,False,8
uf250-035.cnf,SATLIB,uf250,random_control,/work/benchmarks/phase5/satlib/uf250/uf250-035.cnf,433015450296f7b62b863c809eec6a882c17e34a3df96cb9c164668d09370a0e,evaluation,unknown_fallback_dominated,recovery completed but registry returned UNKNOWN: no_sound_exact_r_boxes,UNKNOWN,250,1065,9.28666,0.430465,RUN_LKK,124,124,0,RUN_LKK,0.731532,COMPLETE,0.141344,UNKNOWN,no_sound_exact_r_boxes,0,0,0,UNKNOWN,11.5018,37.530802,False,8
uf250-036.cnf,SATLIB,uf250,random_control,/work/benchmarks/phase5/satlib/uf250/uf250-036.cnf,b638ede6b4d41c222bcedb053c31af4f3f92dd38c712c6e95193ca13b712ca8a,evaluation,unknown_fallback_dominated,recovery completed but registry returned UNKNOWN: no_sound_exact_r_boxes,UNKNOWN,250,1065,6.9178,0.461525,RUN_LKK,131,157,0,RUN_LKK,0.826226,COMPLETE,0.185816,UNKNOWN,no_sound_exact_r_boxes,0,0,0,UNKNOWN,9.78033,37.709458,False,8
uf250-037.cnf,SATLIB,uf250,random_control,/work/benchmarks/phase5/satlib/uf250/uf250-037.cnf,efe6a12fbf70d24c1104648cf7a4674dc634c622a7781f1e275f9137e55bbb32,evaluation,unknown_fallback_dominated,recovery completed but registry returned UNKNOWN: no_sound_exact_r_boxes,UNKNOWN,250,1065,7.90337,0.480154,RUN_LKK,136,125,0,RUN_LKK,0.813617,COMPLETE,0.202319,UNKNOWN,no_sound_exact_r_boxes,0,0,0,UNKNOWN,10.5338,36.927397,False,8
uf250-038.cnf,SATLIB,uf250,random_control,/work/benchmarks/phase5/satlib/uf250/uf250-038.cnf,7bb2d51b42574047df1e517d444291dbefe43304a565ed4bfea12c3ca2bf4304,evaluation,unknown_fallback_dominated,recovery completed but registry returned UNKNOWN: no_sound_exact_r_boxes,UNKNOWN,250,1065,10.1748,0.483577,RUN_LKK,127,144,0,RUN_LKK,0.806679,COMPLETE,0.24785,UNKNOWN,no_sound_exact_r_boxes,0,0,0,UNKNOWN,13.197,37.740091,False,8
uf250-039.cnf,SATLIB,uf250,random_control,/work/benchmarks/phase5/satlib/uf250/uf250-039.cnf,16404460a8974c06ab9862971a9710580255b3a95d93a6d6233fe3a22a0d1d79,evaluation,unknown_fallback_dominated,recovery completed but registry returned UNKNOWN: no_sound_exact_r_boxes,UNKNOWN,250,1065,4.95074,0.574871,RUN_LKK,131,132,0,RUN_LKK,0.922603,COMPLETE,0.192614,UNKNOWN,no_sound_exact_r_boxes,0,0,0,UNKNOWN,8.43604,36.174648,False,8
uf250-04.cnf,SATLIB,uf250,random_control,/work/benchmarks/phase5/satlib/uf250/uf250-04.cnf,3b3ad65d2f108bd14139364fef4ce7acc6003940243a73901aeb66e1c12971b0,evaluation,unknown_fallback_dominated,recovery completed but registry returned UNKNOWN: no_sound_exact_r_boxes,UNKNOWN,250,1065,6.21523,0.506576,RUN_LKK,140,127,0,RUN_LKK,0.853126,COMPLETE,0.181151,UNKNOWN,no_sound_exact_r_boxes,0,0,0,UNKNOWN,9.0074,35.792313,False,8
uf250-040.cnf,SATLIB,uf250,random_control,/work/benchmarks/phase5/satlib/uf250/uf250-040.cnf,3cb3748469d788cd04dd847d5f1ff21a4bc06fd1b830ea4d92e0ea7db35cf7cb,evaluation,unknown_fallback_dominated,recovery completed but registry returned UNKNOWN: no_sound_exact_r_boxes,UNKNOWN,250,1065,5.673,0.701127,RUN_LKK,130,149,0,RUN_LKK,1.50765,COMPLETE,0.385504,UNKNOWN,no_sound_exact_r_boxes,0,0,0,UNKNOWN,9.43116,36.352983,False,8
uf250-041.cnf,SATLIB,uf250,random_control,/work/benchmarks/phase5/satlib/uf250/uf250-041.cnf,b4220200aa5fc1070bc37cbdf5b3038f5a626d52fdb0270d5db5ffd71ee484df,evaluation,unknown_fallback_dominated,recovery completed but registry returned UNKNOWN: no_sound_exact_r_boxes,UNKNOWN,250,1065,5.68307,0.493626,RUN_LKK,122,143,0,RUN_LKK,0.81828,COMPLETE,0.168986,UNKNOWN,no_sound_exact_r_boxes,0,0,0,UNKNOWN,8.06175,35.671342,False,8
uf250-042.cnf,SATLIB,uf250,random_control,/work/benchmarks/phase5/satlib/uf250/uf250-042.cnf,d881f80a7a1eaaf5bb5da68ac337cd806d04b90b64011db698acddf2a1e2c80f,evaluation,unknown_fallback_dominated,recovery completed but registry returned UNKNOWN: no_sound_exact_r_boxes,UNKNOWN,250,1065,6.66869,0.507346,RUN_LKK,145,115,0,RUN_LKK,0.771657,COMPLETE,0.168702,UNKNOWN,no_sound_exact_r_boxes,0,0,0,UNKNOWN,9.11547,35.303791,False,8
uf250-043.cnf,SATLIB,uf250,random_control,/work/benchmarks/phase5/satlib/uf250/uf250-043.cnf,514294406937d44bec0c763260d81d564e7b11cb63adab279154c14773621512,evaluation,unknown_fallback_dominated,recovery completed but registry returned UNKNOWN: no_sound_exact_r_boxes,UNKNOWN,250,1065,6.84938,0.578257,RUN_LKK,119,139,0,RUN_LKK,0.821064,COMPLETE,0.16437,UNKNOWN,no_sound_exact_r_boxes,0,0,0,UNKNOWN,9.56428,36.094373,False,8
uf250-044.cnf,SATLIB,uf250,random_control,/work/benchmarks/phase5/satlib/uf250/uf250-044.cnf,6deedc39175853227f7e4bc7fe939bfc0229561ba7c2d29fbb2c0047b19b88d8,evaluation,unknown_fallback_dominated,recovery completed but registry returned UNKNOWN: no_sound_exact_r_boxes,UNKNOWN,250,1065,6.83347,0.475648,RUN_LKK,124,121,0,RUN_LKK,0.777852,COMPLETE,0.160551,UNKNOWN,no_sound_exact_r_boxes,0,0,0,UNKNOWN,9.5066,35.701553,False,8
uf250-045.cnf,SATLIB,uf250,random_control,/work/benchmarks/phase5/satlib/uf250/uf250-045.cnf,b9e6eb680b8b63867cd6ae5e486f278da2666114d1d5406c7f4f2976c1c0887a,calibration,unknown_fallback_dominated,recovery completed but registry returned UNKNOWN: no_sound_exact_r_boxes,UNKNOWN,250,1065,7.84859,0.489536,RUN_LKK,136,134,0,RUN_LKK,0.813998,COMPLETE,0.177044,UNKNOWN,no_sound_exact_r_boxes,0,0,0,UNKNOWN,10.7509,37.619807,False,8
uf250-046.cnf,SATLIB,uf250,random_control,/work/benchmarks/phase5/satlib/uf250/uf250-046.cnf,9e690f52f4f860f6644c85d17b551c1b3ebff54c047e1d6f68f5ff89ce02b8c1,calibration,unknown_fallback_dominated,recovery completed but registry returned UNKNOWN: no_sound_exact_r_boxes,UNKNOWN,250,1065,5.32073,0.405592,RUN_LKK,131,124,0,RUN_LKK,0.718321,COMPLETE,0.123264,UNKNOWN,no_sound_exact_r_boxes,0,0,0,UNKNOWN,7.78194,20.292797,False,8
uf250-047.cnf,SATLIB,uf250,random_control,/work/benchmarks/phase5/satlib/uf250/uf250-047.cnf,93522eea085fc05a6592a65d355356eb25f8125de8ff5f972e24b81dfcab3cdf,evaluation,unknown_fallback_dominated,recovery completed but registry returned UNKNOWN: no_sound_exact_r_boxes,UNKNOWN,250,1065,4.80378,0.449973,RUN_LKK,137,124,0,RUN_LKK,0.811756,COMPLETE,0.155238,UNKNOWN,no_sound_exact_r_boxes,0,0,0,UNKNOWN,7.33334,20.792521,False,8
uf250-048.cnf,SATLIB,uf250,random_control,/work/benchmarks/phase5/satlib/uf250/uf250-048.cnf,8e428e23f8e1de245d12ce672ab0b8f5d939dc7e84207a0cc4d3126a4da2d608,calibration,unknown_fallback_dominated,recovery completed but registry returned UNKNOWN: no_sound_exact_r_boxes,UNKNOWN,250,1065,4.0133,0.438928,RUN_LKK,129,140,0,RUN_LKK,0.720363,COMPLETE,0.157064,UNKNOWN,no_sound_exact_r_boxes,0,0,0,UNKNOWN,6.38071,36.626269,False,8
uf250-049.cnf,SATLIB,uf250,random_control,/work/benchmarks/phase5/satlib/uf250/uf250-049.cnf,8fbbb4ce1d18f75a961aa8db9d32cffde2636d90cdcc52f9e155015cd748e199,evaluation,unknown_fallback_dominated,recovery completed but registry returned UNKNOWN: no_sound_exact_r_boxes,UNKNOWN,250,1065,5.51433,0.434842,RUN_LKK,137,139,1,RUN_LKK,0.764399,COMPLETE,0.181022,UNKNOWN,no_sound_exact_r_boxes,0,0,0,UNKNOWN,7.94231,35.617897,False,8
uf250-05.cnf,SATLIB,uf250,random_control,/work/benchmarks/phase5/satlib/uf250/uf250-05.cnf,63d5c4c44ab91af5da04a88c3d20d91aa3e5e5aff51d8fb89238b6bc97196d43,evaluation,unknown_fallback_dominated,recovery completed but registry returned UNKNOWN: no_sound_exact_r_boxes,UNKNOWN,250,1065,5.24327,0.444261,RUN_LKK,144,119,0,RUN_LKK,0.964698,COMPLETE,0.148684,UNKNOWN,no_sound_exact_r_boxes,0,0,0,UNKNOWN,7.86181,36.07417,False,8
uf250-050.cnf,SATLIB,uf250,random_control,/work/benchmarks/phase5/satlib/uf250/uf250-050.cnf,ca8f2cc6196b9baa34f1bf5a2a4bb2d343686fe50153c6cf3c07bf687c6a7fca,evaluation,unknown_fallback_dominated,recovery completed but registry returned UNKNOWN: no_sound_exact_r_boxes,UNKNOWN,250,1065,3.44868,0.501917,RUN_LKK,144,139,0,RUN_LKK,0.71393,COMPLETE,0.177408,UNKNOWN,no_sound_exact_r_boxes,0,0,0,UNKNOWN,5.81869,19.207851,False,8
uf250-051.cnf,SATLIB,uf250,random_control,/work/benchmarks/phase5/satlib/uf250/uf250-051.cnf,62b3d30f379af42dc1122ed0e3fb71659178b80bb09b98be3f3903c74c9ed339,evaluation,unknown_fallback_dominated,recovery completed but registry returned UNKNOWN: no_sound_exact_r_boxes,UNKNOWN,250,1065,5.981,0.436684,RUN_LKK,131,133,2,RUN_LKK,0.767233,COMPLETE,0.139246,UNKNOWN,no_sound_exact_r_boxes,0,0,0,UNKNOWN,8.51473,35.45425,False,8
uf250-052.cnf,SATLIB,uf250,random_control,/work/benchmarks/phase5/satlib/uf250/uf250-052.cnf,4be74fe4c6835f07b52a58769bcfe52ac1a1648dd49126781ed51eb04ec38ea1,evaluation,unknown_fallback_dominated,recovery completed but registry returned UNKNOWN: no_sound_exact_r_boxes,UNKNOWN,250,1065,7.23067,0.600662,RUN_LKK,124,141,0,RUN_LKK,1.09855,COMPLETE,0.221069,UNKNOWN,no_sound_exact_r_boxes,0,0,0,UNKNOWN,11.1476,35.427206,False,8
uf250-053.cnf,SATLIB,uf250,random_control,/work/benchmarks/phase5/satlib/uf250/uf250-053.cnf,88f243116e770963bc1ea7de64e6b52dbd36b979a65509a46fc27d00771a235a,evaluation,unknown_fallback_dominated,recovery completed but registry returned UNKNOWN: no_sound_exact_r_boxes,UNKNOWN,250,1065,5.57923,0.497965,RUN_LKK,127,137,0,RUN_LKK,0.781787,COMPLETE,0.180759,UNKNOWN,no_sound_exact_r_boxes,0,0,0,UNKNOWN,8.01167,19.406295,False,8
uf250-054.cnf,SATLIB,uf250,random_control,/work/benchmarks/phase5/satlib/uf250/uf250-054.cnf,064780f6a457684d959647d426779bc226838ef1cf4cec509da6a9d1876e04db,evaluation,unknown_fallback_dominated,recovery completed but registry returned UNKNOWN: no_sound_exact_r_boxes,UNKNOWN,250,1065,6.67441,0.505071,RUN_LKK,136,128,0,RUN_LKK,0.809653,COMPLETE,0.180306,UNKNOWN,no_sound_exact_r_boxes,0,0,0,UNKNOWN,9.70695,38.24021,False,8
uf250-055.cnf,SATLIB,uf250,random_control,/work/benchmarks/phase5/satlib/uf250/uf250-055.cnf,a44dccc3bd15a9207c6cd9c06816140a32f50d0885816cad76b7f1f19453e72c,calibration,unknown_fallback_dominated,recovery completed but registry returned UNKNOWN: no_sound_exact_r_boxes,UNKNOWN,250,1065,5.35086,0.453198,RUN_LKK,114,135,0,RUN_LKK,0.750188,COMPLETE,0.134694,UNKNOWN,no_sound_exact_r_boxes,0,0,0,UNKNOWN,8.0874,38.330637,False,8
uf250-056.cnf,SATLIB,uf250,random_control,/work/benchmarks/phase5/satlib/uf250/uf250-056.cnf,b421c2db6f7fa0ecdec2666ad60c09f7e934ef3bc5fd6062dec3c8f97e7e4015,evaluation,unknown_fallback_dominated,recovery completed but registry returned UNKNOWN: no_sound_exact_r_boxes,UNKNOWN,250,1065,5.67363,0.509275,RUN_LKK,118,143,0,RUN_LKK,1.30966,COMPLETE,0.163907,UNKNOWN,no_sound_exact_r_boxes,0,0,0,UNKNOWN,9.06205,36.336589,False,8
uf250-057.cnf,SATLIB,uf250,random_control,/work/benchmarks/phase5/satlib/uf250/uf250-057.cnf,10bdae5f67aa4f2c6fdb1f68ee8032f1e292d42d3f832f3c8db98044be9e4b00,evaluation,unknown_fallback_dominated,recovery completed but registry returned UNKNOWN: no_sound_exact_r_boxes,UNKNOWN,250,1065,5.54372,0.44774,RUN_LKK,142,138,0,RUN_LKK,0.780307,COMPLETE,0.176715,UNKNOWN,no_sound_exact_r_boxes,0,0,0,UNKNOWN,8.31657,35.897007,False,8
uf250-058.cnf,SATLIB,uf250,random_control,/work/benchmarks/phase5/satlib/uf250/uf250-058.cnf,24fb7aebd41b2ebe911a9011de1e7639185253aee47bcf3a7f47245f693c211d,evaluation,unknown_fallback_dominated,recovery completed but registry returned UNKNOWN: no_sound_exact_r_boxes,UNKNOWN,250,1065,5.87336,0.483471,RUN_LKK,152,127,0,RUN_LKK,1.41025,COMPLETE,0.184003,UNKNOWN,no_sound_exact_r_boxes,0,0,0,UNKNOWN,8.9259,36.330693,False,8
uf250-059.cnf,SATLIB,uf250,random_control,/work/benchmarks/phase5/satlib/uf250/uf250-059.cnf,096a94560c9edfab2becccb7ea84de4e1a74d423fcf1e304ce338ca88173cc2c,calibration,unknown_fallback_dominated,recovery completed but registry returned UNKNOWN: no_sound_exact_r_boxes,UNKNOWN,250,1065,8.99062,0.528384,RUN_LKK,130,148,1,RUN_LKK,0.801036,COMPLETE,0.166766,UNKNOWN,no_sound_exact_r_boxes,0,0,0,UNKNOWN,11.4857,35.426449,False,8
uf250-06.cnf,SATLIB,uf250,random_control,/work/benchmarks/phase5/satlib/uf250/uf250-06.cnf,158cc0eb6fc1fd63e4d9b075496f0446101093508bb9eb27e36903d065789a77,calibration,unknown_fallback_dominated,recovery completed but registry returned UNKNOWN: no_sound_exact_r_boxes,UNKNOWN,250,1065,6.07723,0.434331,RUN_LKK,129,130,0,RUN_LKK,0.852599,COMPLETE,0.154838,UNKNOWN,no_sound_exact_r_boxes,0,0,0,UNKNOWN,8.96642,37.042007,False,8
uf250-060.cnf,SATLIB,uf250,random_control,/work/benchmarks/phase5/satlib/uf250/uf250-060.cnf,a422a369cc1de067b6bd8996e56cf9d21a4d725a958b435456ecba87fea0a1b9,evaluation,unknown_fallback_dominated,recovery completed but registry returned UNKNOWN: no_sound_exact_r_boxes,UNKNOWN,250,1065,7.80346,0.42549,RUN_LKK,124,132,1,RUN_LKK,0.793247,COMPLETE,0.166752,UNKNOWN,no_sound_exact_r_boxes,0,0,0,UNKNOWN,10.3166,36.788029,False,8
uf250-061.cnf,SATLIB,uf250,random_control,/work/benchmarks/phase5/satlib/uf250/uf250-061.cnf,69700a3e86c65cb74b964a4e2046a95d527a21b13500de8ca16bd81fde9f8c1a,evaluation,unknown_fallback_dominated,recovery completed but registry returned UNKNOWN: no_sound_exact_r_boxes,UNKNOWN,250,1065,7.14547,0.454528,RUN_LKK,131,143,0,RUN_LKK,0.801337,COMPLETE,0.175652,UNKNOWN,no_sound_exact_r_boxes,0,0,0,UNKNOWN,9.47125,35.515957,False,8
uf250-062.cnf,SATLIB,uf250,random_control,/work/benchmarks/phase5/satlib/uf250/uf250-062.cnf,8294b5c44776a62c04496804b2edb8cd90e0527386c9ff7e79e9f56f0d49d116,evaluation,unknown_fallback_dominated,recovery completed but registry returned UNKNOWN: no_sound_exact_r_boxes,UNKNOWN,250,1065,6.43701,0.377226,RUN_LKK,148,148,0,RUN_LKK,0.588183,COMPLETE,0.137879,UNKNOWN,no_sound_exact_r_boxes,0,0,0,UNKNOWN,8.67901,36.187129,False,8
uf250-063.cnf,SATLIB,uf250,random_control,/work/benchmarks/phase5/satlib/uf250/uf250-063.cnf,7db761ac923f8891eaa5afbbab4ecf4d31429a20cbc863cdb63785dd3032f23f,evaluation,unknown_fallback_dominated,recovery completed but registry returned UNKNOWN: no_sound_exact_r_boxes,UNKNOWN,250,1065,5.72312,0.332035,RUN_LKK,141,143,0,RUN_LKK,0.649881,COMPLETE,0.136029,UNKNOWN,no_sound_exact_r_boxes,0,0,0,UNKNOWN,7.89333,20.38182,False,8
uf250-064.cnf,SATLIB,uf250,random_control,/work/benchmarks/phase5/satlib/uf250/uf250-064.cnf,ba609656a19baa7238b95a9bc76ac0847ddb6fcd0503309fbb3d8b1912c4ac92,evaluation,unknown_fallback_dominated,recovery completed but registry returned UNKNOWN: no_sound_exact_r_boxes,UNKNOWN,250,1065,4.2381,0.461519,RUN_LKK,139,131,0,RUN_LKK,0.777306,COMPLETE,0.168427,UNKNOWN,no_sound_exact_r_boxes,0,0,0,UNKNOWN,6.72688,21.152656,False,8
uf250-065.cnf,SATLIB,uf250,random_control,/work/benchmarks/phase5/satlib/uf250/uf250-065.cnf,2457766381a6fbde688d9f592d8b0cfe7754449737e703a9a6deabb5fa2090f2,evaluation,unknown_fallback_dominated,recovery completed but registry returned UNKNOWN: no_sound_exact_r_boxes,UNKNOWN,250,1065,6.58781,0.403392,RUN_LKK,126,116,0,RUN_LKK,1.03279,COMPLETE,0.159777,UNKNOWN,no_sound_exact_r_boxes,0,0,0,UNKNOWN,9.51389,36.160602,False,8
uf250-066.cnf,SATLIB,uf250,random_control,/work/benchmarks/phase5/satlib/uf250/uf250-066.cnf,c44c5f13c4a8a0e9a70c6d6710bb3ff1f7299c9347e0cebf1a1b1f8b6e58a806,evaluation,unknown_fallback_dominated,recovery completed but registry returned UNKNOWN: no_sound_exact_r_boxes,UNKNOWN,250,1065,7.19643,0.449481,RUN_LKK,121,136,0,RUN_LKK,0.75128,COMPLETE,0.161476,UNKNOWN,no_sound_exact_r_boxes,0,0,0,UNKNOWN,9.65934,34.96728,False,8
uf250-067.cnf,SATLIB,uf250,random_control,/work/benchmarks/phase5/satlib/uf250/uf250-067.cnf,2056700691aec6d6b72129454e3cc32af84800a16792419ce53036b59e5dcf49,evaluation,unknown_fallback_dominated,recovery completed but registry returned UNKNOWN: no_sound_exact_r_boxes,UNKNOWN,250,1065,7.9208,0.422541,RUN_LKK,133,135,0,RUN_LKK,0.765707,COMPLETE,0.177197,UNKNOWN,no_sound_exact_r_boxes,0,0,0,UNKNOWN,10.9698,35.215578,False,8
uf250-068.cnf,SATLIB,uf250,random_control,/work/benchmarks/phase5/satlib/uf250/uf250-068.cnf,84c8de390451c4a9009560f409415d188ffc77c6a1f4ed8a0e05c95cfd5932d2,calibration,unknown_fallback_dominated,recovery completed but registry returned UNKNOWN: no_sound_exact_r_boxes,UNKNOWN,250,1065,7.05055,0.491276,RUN_LKK,150,143,0,RUN_LKK,0.847891,COMPLETE,0.205127,UNKNOWN,no_sound_exact_r_boxes,0,0,0,UNKNOWN,10.1647,36.678509,False,8
uf250-069.cnf,SATLIB,uf250,random_control,/work/benchmarks/phase5/satlib/uf250/uf250-069.cnf,fcedcf3cab6ec86d58feac0b501564304d2c47090e59d353c45b34d10228daf9,evaluation,unknown_fallback_dominated,recovery completed but registry returned UNKNOWN: no_sound_exact_r_boxes,UNKNOWN,250,1065,5.03932,0.644448,RUN_LKK,143,129,0,RUN_LKK,1.86567,COMPLETE,0.254482,UNKNOWN,no_sound_exact_r_boxes,0,0,0,UNKNOWN,9.02581,38.199322,False,8
uf250-07.cnf,SATLIB,uf250,random_control,/work/benchmarks/phase5/satlib/uf250/uf250-07.cnf,7d3ae29364c3206fefa133e93fe0eeaf4a89ca32fa79f82f90a0125dfcb07cc6,evaluation,unknown_fallback_dominated,recovery completed but registry returned UNKNOWN: no_sound_exact_r_boxes,UNKNOWN,250,1065,3.84422,0.477386,RUN_LKK,127,134,0,RUN_LKK,0.882917,COMPLETE,0.175269,UNKNOWN,no_sound_exact_r_boxes,0,0,0,UNKNOWN,6.71711,19.744496,False,8
uf250-070.cnf,SATLIB,uf250,random_control,/work/benchmarks/phase5/satlib/uf250/uf250-070.cnf,b35ee3f8bab7c20acdbcd7d1b78664232d423a1bdcbe106aad4c589f3fc262fe,evaluation,unknown_fallback_dominated,recovery completed but registry returned UNKNOWN: no_sound_exact_r_boxes,UNKNOWN,250,1065,5.20935,0.479619,RUN_LKK,125,149,0,RUN_LKK,0.930778,COMPLETE,0.242516,UNKNOWN,no_sound_exact_r_boxes,0,0,0,UNKNOWN,8.00461,35.127819,False,8
uf250-071.cnf,SATLIB,uf250,random_control,/work/benchmarks/phase5/satlib/uf250/uf250-071.cnf,ab11d31f67dcb67042de3299d39a7ce41026af68d1f1348d4965252ea4a34e5e,evaluation,unknown_fallback_dominated,recovery completed but registry returned UNKNOWN: no_sound_exact_r_boxes,UNKNOWN,250,1065,6.48673,0.457557,RUN_LKK,125,130,1,RUN_LKK,0.829287,COMPLETE,0.173628,UNKNOWN,no_sound_exact_r_boxes,0,0,0,UNKNOWN,8.98974,36.333225,False,8
uf250-072.cnf,SATLIB,uf250,random_control,/work/benchmarks/phase5/satlib/uf250/uf250-072.cnf,6eaf1667a5f4553ecf63f0b4f202b85858e98bdd70bad40e49580f7bf33e2dce,evaluation,unknown_fallback_dominated,recovery completed but registry returned UNKNOWN: no_sound_exact_r_boxes,UNKNOWN,250,1065,7.84236,0.432938,RUN_LKK,155,124,0,RUN_LKK,0.734648,COMPLETE,0.158529,UNKNOWN,no_sound_exact_r_boxes,0,0,0,UNKNOWN,10.3356,35.580954,False,8
uf250-073.cnf,SATLIB,uf250,random_control,/work/benchmarks/phase5/satlib/uf250/uf250-073.cnf,70c6bf493b6cfe12d1517840abd74947535507de5cb915d8953462494ff994c0,calibration,unknown_fallback_dominated,recovery completed but registry returned UNKNOWN: no_sound_exact_r_boxes,UNKNOWN,250,1065,6.85097,0.450864,RUN_LKK,135,118,0,RUN_LKK,0.762069,COMPLETE,0.155639,UNKNOWN,no_sound_exact_r_boxes,0,0,0,UNKNOWN,9.56678,36.623248,False,8
uf250-074.cnf,SATLIB,uf250,random_control,/work/benchmarks/phase5/satlib/uf250/uf250-074.cnf,6526a8f5498c0582a1df6181a33ac9a3966820fb43625d248869af29b4201efe,evaluation,unknown_fallback_dominated,recovery completed but registry returned UNKNOWN: no_sound_exact_r_boxes,UNKNOWN,250,1065,7.00241,0.530069,RUN_LKK,120,131,0,RUN_LKK,1.03861,COMPLETE,0.188796,UNKNOWN,no_sound_exact_r_boxes,0,0,0,UNKNOWN,9.92489,35.948643,False,8
uf250-075.cnf,SATLIB,uf250,random_control,/work/benchmarks/phase5/satlib/uf250/uf250-075.cnf,38327cbaa2fbfb60dd15495cc3ee9fd32c0589d2b73ed6d099af289bded2850f,evaluation,unknown_fallback_dominated,recovery completed but registry returned UNKNOWN: no_sound_exact_r_boxes,UNKNOWN,250,1065,5.29832,0.446839,RUN_LKK,148,111,0,RUN_LKK,0.768422,COMPLETE,0.126794,UNKNOWN,no_sound_exact_r_boxes,0,0,0,UNKNOWN,7.98806,19.285491,False,8
uf250-076.cnf,SATLIB,uf250,random_control,/work/benchmarks/phase5/satlib/uf250/uf250-076.cnf,156618274524861da7e8c78dab20a2191e1d00bf2fb38c36f0823080c01b6c7f,evaluation,unknown_fallback_dominated,recovery completed but registry returned UNKNOWN: no_sound_exact_r_boxes,UNKNOWN,250,1065,5.87743,0.402042,RUN_LKK,146,147,0,RUN_LKK,0.763219,COMPLETE,0.175019,UNKNOWN,no_sound_exact_r_boxes,0,0,0,UNKNOWN,8.29444,18.828102,False,8
uf250-077.cnf,SATLIB,uf250,random_control,/work/benchmarks/phase5/satlib/uf250/uf250-077.cnf,4db1cb1c555e10e4f23a40834fda315c8367528eabcedaa98e138a1d967579f3,evaluation,unknown_fallback_dominated,recovery completed but registry returned UNKNOWN: no_sound_exact_r_boxes,UNKNOWN,250,1065,3.70949,0.443896,RUN_LKK,144,124,0,RUN_LKK,0.822848,COMPLETE,0.182484,UNKNOWN,no_sound_exact_r_boxes,0,0,0,UNKNOWN,6.16346,20.046999,False,8
uf250-078.cnf,SATLIB,uf250,random_control,/work/benchmarks/phase5/satlib/uf250/uf250-078.cnf,3cea2e3af7bb6e5136f4542471a0725bdca2a5635ca1accd2bce0b28309a1183,evaluation,unknown_fallback_dominated,recovery completed but registry returned UNKNOWN: no_sound_exact_r_boxes,UNKNOWN,250,1065,5.79186,0.478199,RUN_LKK,138,136,0,RUN_LKK,0.793732,COMPLETE,0.175952,UNKNOWN,no_sound_exact_r_boxes,0,0,0,UNKNOWN,8.60212,34.90533,False,8
uf250-079.cnf,SATLIB,uf250,random_control,/work/benchmarks/phase5/satlib/uf250/uf250-079.cnf,e49ad4d07271d18eb109eae5e515501ff3c91d117779093ad9585edffa2667cb,evaluation,unknown_fallback_dominated,recovery completed but registry returned UNKNOWN: no_sound_exact_r_boxes,UNKNOWN,250,1065,7.38742,1.74508,RUN_LKK,131,139,0,RUN_LKK,0.828608,COMPLETE,0.145476,UNKNOWN,no_sound_exact_r_boxes,0,0,0,UNKNOWN,11.5032,35.123926,False,8
uf250-08.cnf,SATLIB,uf250,random_control,/work/benchmarks/phase5/satlib/uf250/uf250-08.cnf,7534c83caa856e3faa5af1122b0429e728ece19fb4e5e57aadd8e9fe0aec7251,evaluation,unknown_fallback_dominated,recovery completed but registry returned UNKNOWN: no_sound_exact_r_boxes,UNKNOWN,250,1065,6.60997,0.424438,RUN_LKK,126,134,1,RUN_LKK,0.612974,COMPLETE,0.116142,UNKNOWN,no_sound_exact_r_boxes,0,0,0,UNKNOWN,8.80866,36.645885,False,8
uf250-080.cnf,SATLIB,uf250,random_control,/work/benchmarks/phase5/satlib/uf250/uf250-080.cnf,3e8d89ab97219bd1893d56e17687876d47b905b768df74d209d494b50ceddc86,evaluation,unknown_fallback_dominated,recovery completed but registry returned UNKNOWN: no_sound_exact_r_boxes,UNKNOWN,250,1065,6.05755,0.380057,RUN_LKK,142,140,0,RUN_LKK,0.606332,COMPLETE,0.13758,UNKNOWN,no_sound_exact_r_boxes,0,0,0,UNKNOWN,8.14291,36.723144,False,8
uf250-081.cnf,SATLIB,uf250,random_control,/work/benchmarks/phase5/satlib/uf250/uf250-081.cnf,040eecf60505f51bc30b515260ced0be6b99cfc7ea659d1d393c5313fdb16c09,evaluation,unknown_fallback_dominated,recovery completed but registry returned UNKNOWN: no_sound_exact_r_boxes,UNKNOWN,250,1065,6.1534,0.480032,RUN_LKK,137,147,0,RUN_LKK,0.728587,COMPLETE,0.137838,UNKNOWN,no_sound_exact_r_boxes,0,0,0,UNKNOWN,8.608,36.454604,False,8
uf250-082.cnf,SATLIB,uf250,random_control,/work/benchmarks/phase5/satlib/uf250/uf250-082.cnf,95ebb85d9fda9dec9600274e7aad18b9d72851c068e2a849f161d65fa43bfc75,calibration,unknown_fallback_dominated,recovery completed but registry returned UNKNOWN: no_sound_exact_r_boxes,UNKNOWN,250,1065,4.88525,0.350841,RUN_LKK,143,131,0,RUN_LKK,0.615061,COMPLETE,0.145752,UNKNOWN,no_sound_exact_r_boxes,0,0,0,UNKNOWN,7.06907,20.393502,False,8
uf250-083.cnf,SATLIB,uf250,random_control,/work/benchmarks/phase5/satlib/uf250/uf250-083.cnf,f41b54ed8aaa9d4fbf67d149a8484a61db42dea487e63224fe289552bbe254c7,calibration,unknown_fallback_dominated,recovery completed but registry returned UNKNOWN: no_sound_exact_r_boxes,UNKNOWN,250,1065,3.6765,0.454146,RUN_LKK,134,151,0,RUN_LKK,0.697479,COMPLETE,0.175581,UNKNOWN,no_sound_exact_r_boxes,0,0,0,UNKNOWN,5.86482,18.549093,False,8
uf250-084.cnf,SATLIB,uf250,random_control,/work/benchmarks/phase5/satlib/uf250/uf250-084.cnf,64d83fa5bb4e992111abb30ccafdabfb1146813d7b76d6d1f54b641b15d07e90,evaluation,unknown_fallback_dominated,recovery completed but registry returned UNKNOWN: no_sound_exact_r_boxes,UNKNOWN,250,1065,4.23839,0.325568,RUN_LKK,141,130,0,RUN_LKK,0.567526,COMPLETE,0.11994,UNKNOWN,no_sound_exact_r_boxes,0,0,0,UNKNOWN,6.08808,19.352974,False,8
uf250-085.cnf,SATLIB,uf250,random_control,/work/benchmarks/phase5/satlib/uf250/uf250-085.cnf,4bbf6503ccc9c4024e8a7171a9cade8ad929e619c7b5e90fefd47778b6205d1d,evaluation,unknown_fallback_dominated,recovery completed but registry returned UNKNOWN: no_sound_exact_r_boxes,UNKNOWN,250,1065,6.32102,0.390587,RUN_LKK,123,127,0,RUN_LKK,0.807664,COMPLETE,0.143485,UNKNOWN,no_sound_exact_r_boxes,0,0,0,UNKNOWN,8.80866,35.307359,False,8
uf250-086.cnf,SATLIB,uf250,random_control,/work/benchmarks/phase5/satlib/uf250/uf250-086.cnf,0efeacb4649f9573a6df4a7db7436bd13d20538ea1f15b35831cec459c028358,calibration,unknown_fallback_dominated,recovery completed but registry returned UNKNOWN: no_sound_exact_r_boxes,UNKNOWN,250,1065,6.33003,0.442858,RUN_LKK,131,122,0,RUN_LKK,0.86377,COMPLETE,0.142001,UNKNOWN,no_sound_exact_r_boxes,0,0,0,UNKNOWN,9.91185,35.918726,False,8
uf250-087.cnf,SATLIB,uf250,random_control,/work/benchmarks/phase5/satlib/uf250/uf250-087.cnf,8b62e1edd1c32cce569850e7d625d1a675b0e3e41e269354c07826e8ec204612,calibration,unknown_fallback_dominated,recovery completed but registry returned UNKNOWN: no_sound_exact_r_boxes,UNKNOWN,250,1065,5.77714,0.424449,RUN_LKK,145,119,0,RUN_LKK,0.863433,COMPLETE,0.220045,UNKNOWN,no_sound_exact_r_boxes,0,0,0,UNKNOWN,8.39383,21.218975,False,8
uf250-088.cnf,SATLIB,uf250,random_control,/work/benchmarks/phase5/satlib/uf250/uf250-088.cnf,d7ce1b784dd7c4b1674630500b9e32eace50f269fa9a2dcc0ea920b3664bc091,evaluation,unknown_fallback_dominated,recovery completed but registry returned UNKNOWN: no_sound_exact_r_boxes,UNKNOWN,250,1065,6.27861,0.46133,RUN_LKK,145,115,0,RUN_LKK,0.80242,COMPLETE,0.16305,UNKNOWN,no_sound_exact_r_boxes,0,0,0,UNKNOWN,8.66514,22.145666,False,8
uf250-089.cnf,SATLIB,uf250,random_control,/work/benchmarks/phase5/satlib/uf250/uf250-089.cnf,2e5866802e102c9d8cfc187267df90343bc269b6e5e9f79c8031f993d355cde6,evaluation,unknown_fallback_dominated,recovery completed but registry returned UNKNOWN: no_sound_exact_r_boxes,UNKNOWN,250,1065,4.1571,0.479265,RUN_LKK,130,128,0,RUN_LKK,0.794772,COMPLETE,0.154849,UNKNOWN,no_sound_exact_r_boxes,0,0,0,UNKNOWN,6.67635,21.113098,False,8
uf250-09.cnf,SATLIB,uf250,random_control,/work/benchmarks/phase5/satlib/uf250/uf250-09.cnf,39a356cbfb76a8fdbd6918cc91ae62ef6c6846aa6b5bfa3401cf81a05bc8e609,calibration,unknown_fallback_dominated,recovery completed but registry returned UNKNOWN: no_sound_exact_r_boxes,UNKNOWN,250,1065,9.96455,0.456236,RUN_LKK,141,123,0,RUN_LKK,0.797673,COMPLETE,0.144682,UNKNOWN,no_sound_exact_r_boxes,0,0,0,UNKNOWN,12.5334,36.434993,False,8
uf250-090.cnf,SATLIB,uf250,random_control,/work/benchmarks/phase5/satlib/uf250/uf250-090.cnf,21161012cc89b0b6f580de47cf1f413c01a176a5516b5b4776d1cd2a37c5fe17,evaluation,unknown_fallback_dominated,recovery completed but registry returned UNKNOWN: no_sound_exact_r_boxes,UNKNOWN,250,1065,7.75791,0.943961,RUN_LKK,127,126,0,RUN_LKK,1.44057,COMPLETE,0.254665,UNKNOWN,no_sound_exact_r_boxes,0,0,0,UNKNOWN,11.7295,35.895407,False,8
uf250-091.cnf,SATLIB,uf250,random_control,/work/benchmarks/phase5/satlib/uf250/uf250-091.cnf,a9200d6e376cb76e24e3e774c31052d56b245a9d81a5192685e69ce3e31c161e,evaluation,unknown_fallback_dominated,recovery completed but registry returned UNKNOWN: no_sound_exact_r_boxes,UNKNOWN,250,1065,9.6261,0.457924,RUN_LKK,133,139,0,RUN_LKK,0.773091,COMPLETE,0.178365,UNKNOWN,no_sound_exact_r_boxes,0,0,0,UNKNOWN,12.8394,36.151853,False,8
uf250-092.cnf,SATLIB,uf250,random_control,/work/benchmarks/phase5/satlib/uf250/uf250-092.cnf,b53c6f06df89c03f81b6f145ae3bc4f9639b7dafacd0295ee8683844778f437f,calibration,unknown_fallback_dominated,recovery completed but registry returned UNKNOWN: no_sound_exact_r_boxes,UNKNOWN,250,1065,6.7049,0.482428,RUN_LKK,141,147,0,RUN_LKK,0.797474,COMPLETE,0.203918,UNKNOWN,no_sound_exact_r_boxes,0,0,0,UNKNOWN,9.59348,37.874481,False,8
uf250-093.cnf,SATLIB,uf250,random_control,/work/benchmarks/phase5/satlib/uf250/uf250-093.cnf,d920cf8457b8d92b22e106fc344acac9436803cd229e61ff327d008325e69693,evaluation,unknown_fallback_dominated,recovery completed but registry returned UNKNOWN: no_sound_exact_r_boxes,UNKNOWN,250,1065,6.52497,0.366818,RUN_LKK,122,137,0,RUN_LKK,0.644058,COMPLETE,0.126804,UNKNOWN,no_sound_exact_r_boxes,0,0,0,UNKNOWN,8.9103,35.958967,False,8
uf250-094.cnf,SATLIB,uf250,random_control,/work/benchmarks/phase5/satlib/uf250/uf250-094.cnf,6b15495516833984ddf70f403f43267163b1721d783871fcf2bf7e8ef9478983,calibration,unknown_fallback_dominated,recovery completed but registry returned UNKNOWN: no_sound_exact_r_boxes,UNKNOWN,250,1065,5.77984,0.336707,RUN_LKK,146,120,0,RUN_LKK,0.590567,COMPLETE,0.124947,UNKNOWN,no_sound_exact_r_boxes,0,0,0,UNKNOWN,8.15527,19.996557,False,8
uf250-095.cnf,SATLIB,uf250,random_control,/work/benchmarks/phase5/satlib/uf250/uf250-095.cnf,d1dc92a4318fb41d240bd12f87ac22ba4b5abb89a8126e3cfbfc0a7c28861671,evaluation,unknown_fallback_dominated,recovery completed but registry returned UNKNOWN: no_sound_exact_r_boxes,UNKNOWN,250,1065,4.1276,0.398079,RUN_LKK,114,157,0,RUN_LKK,0.809474,COMPLETE,0.157601,UNKNOWN,no_sound_exact_r_boxes,0,0,0,UNKNOWN,6.84902,21.817064,False,8
uf250-096.cnf,SATLIB,uf250,random_control,/work/benchmarks/phase5/satlib/uf250/uf250-096.cnf,9a25ec74cdf49267f3724063bc3a0399bf41e048788f1a3a0d145220be918e26,evaluation,unknown_fallback_dominated,recovery completed but registry returned UNKNOWN: no_sound_exact_r_boxes,UNKNOWN,250,1065,5.6731,0.397564,RUN_LKK,150,127,0,RUN_LKK,0.718641,COMPLETE,0.173161,UNKNOWN,no_sound_exact_r_boxes,0,0,0,UNKNOWN,8.11669,18.656124,False,8
uf250-097.cnf,SATLIB,uf250,random_control,/work/benchmarks/phase5/satlib/uf250/uf250-097.cnf,fff67514b8614edf01cd7edc9769f71f2a944c9f8bf1dbb60d284e5c4e525c20,evaluation,unknown_fallback_dominated,recovery completed but registry returned UNKNOWN: no_sound_exact_r_boxes,UNKNOWN,250,1065,6.13628,0.467819,RUN_LKK,136,118,0,RUN_LKK,0.788044,COMPLETE,0.158126,UNKNOWN,no_sound_exact_r_boxes,0,0,0,UNKNOWN,8.92198,36.142998,False,8
uf250-098.cnf,SATLIB,uf250,random_control,/work/benchmarks/phase5/satlib/uf250/uf250-098.cnf,f57d54f5ea6b989f3e50a90be35fb8f95e2cdbd9f0e7a73dd040bb412f7ba254,evaluation,unknown_fallback_dominated,recovery completed but registry returned UNKNOWN: no_sound_exact_r_boxes,UNKNOWN,250,1065,5.17298,0.434177,RUN_LKK,136,141,0,RUN_LKK,0.76862,COMPLETE,0.168852,UNKNOWN,no_sound_exact_r_boxes,0,0,0,UNKNOWN,8.01353,35.814138,False,8
uf250-099.cnf,SATLIB,uf250,random_control,/work/benchmarks/phase5/satlib/uf250/uf250-099.cnf,41291bf176a9ef1905ed4ae285682aebb3316e356574abe8c52f00ad36a3773a,evaluation,unknown_fallback_dominated,recovery completed but registry returned UNKNOWN: no_sound_exact_r_boxes,UNKNOWN,250,1065,4.81079,0.430935,RUN_LKK,127,124,0,RUN_LKK,0.8501,COMPLETE,0.187635,UNKNOWN,no_sound_exact_r_boxes,0,0,0,UNKNOWN,7.67761,18.893008,False,8
uuf250-01.cnf,SATLIB,uuf250,random_control,/work/benchmarks/phase5/satlib/uuf250/uuf250-01.cnf,5eca65eed2f222ad79fe3f2ef81fbc4f4d4cf387afacef7e23217798dbd172d9,evaluation,unknown_fallback_dominated,recovery completed but registry returned UNKNOWN: no_sound_exact_r_boxes,UNKNOWN,250,1065,5.9198,0.473017,RUN_LKK,142,125,0,RUN_LKK,0.782257,COMPLETE,0.163473,UNKNOWN,no_sound_exact_r_boxes,0,0,0,UNKNOWN,8.36179,40.738114,False,8
uuf250-010.cnf,SATLIB,uuf250,random_control,/work/benchmarks/phase5/satlib/uuf250/uuf250-010.cnf,bafe88eee815aefb231056e12a3b993cca3518317672a94d5ce410077f2b12c6,evaluation,unknown_fallback_dominated,recovery completed but registry returned UNKNOWN: no_sound_exact_r_boxes,UNKNOWN,250,1065,3.8105,0.456725,RUN_LKK,118,131,0,RUN_LKK,0.873076,COMPLETE,0.168665,UNKNOWN,no_sound_exact_r_boxes,0,0,0,UNKNOWN,6.47595,19.523354,False,8
uuf250-0100.cnf,SATLIB,uuf250,random_control,/work/benchmarks/phase5/satlib/uuf250/uuf250-0100.cnf,0f6566373a5082450068344bb837003fb19b88c0e13c5eed04745b0cc365ef00,evaluation,unknown_fallback_dominated,recovery completed but registry returned UNKNOWN: no_sound_exact_r_boxes,UNKNOWN,250,1065,5.59972,0.598893,RUN_LKK,137,113,0,RUN_LKK,1.35343,COMPLETE,0.198342,UNKNOWN,no_sound_exact_r_boxes,0,0,0,UNKNOWN,8.92848,35.476618,False,8
uuf250-011.cnf,SATLIB,uuf250,random_control,/work/benchmarks/phase5/satlib/uuf250/uuf250-011.cnf,c9de0c97c667ef35e2e8b80e8f4d982374c5ac89319c5d7d7d23a357377998a2,evaluation,unknown_fallback_dominated,recovery completed but registry returned UNKNOWN: no_sound_exact_r_boxes,UNKNOWN,250,1065,5.87136,0.459688,RUN_LKK,131,142,0,RUN_LKK,0.773101,COMPLETE,0.168181,UNKNOWN,no_sound_exact_r_boxes,0,0,0,UNKNOWN,8.31486,35.384265,False,8
uuf250-012.cnf,SATLIB,uuf250,random_control,/work/benchmarks/phase5/satlib/uuf250/uuf250-012.cnf,e94e6272437a368a19d0f2ee331857de00332bdd0f5ede1b35a501765f0d51ca,evaluation,unknown_fallback_dominated,recovery completed but registry returned UNKNOWN: no_sound_exact_r_boxes,UNKNOWN,250,1065,6.06229,0.510946,RUN_LKK,135,115,1,RUN_LKK,0.993246,COMPLETE,0.137124,UNKNOWN,no_sound_exact_r_boxes,0,0,0,UNKNOWN,14.79,36.518979,False,8
uuf250-013.cnf,SATLIB,uuf250,random_control,/work/benchmarks/phase5/satlib/uuf250/uuf250-013.cnf,6e792bc59d613895b96f5e660cfbca2187f24db30eff76901cc44496c1e72037,evaluation,unknown_fallback_dominated,recovery completed but registry returned UNKNOWN: no_sound_exact_r_boxes,UNKNOWN,250,1065,14.3393,0.480056,RUN_LKK,133,128,0,RUN_LKK,1.12699,COMPLETE,0.164006,UNKNOWN,no_sound_exact_r_boxes,0,0,0,UNKNOWN,18.046,36.109318,False,8
uuf250-014.cnf,SATLIB,uuf250,random_control,/work/benchmarks/phase5/satlib/uuf250/uuf250-014.cnf,0e5e1c40126059b660b04175c9d63aa89f188f69ff083b3c718f4c5efbfa6deb,evaluation,unknown_fallback_dominated,recovery completed but registry returned UNKNOWN: no_sound_exact_r_boxes,UNKNOWN,250,1065,8.67929,0.418699,RUN_LKK,134,151,0,RUN_LKK,0.779249,COMPLETE,0.166414,UNKNOWN,no_sound_exact_r_boxes,0,0,0,UNKNOWN,11.6587,37.357007,False,8
uuf250-015.cnf,SATLIB,uuf250,random_control,/work/benchmarks/phase5/satlib/uuf250/uuf250-015.cnf,b6f571b6ef004b86374a30a46c41fa6c2029bad1e2859bbc8747a045ec80cf3c,evaluation,unknown_fallback_dominated,recovery completed but registry returned UNKNOWN: no_sound_exact_r_boxes,UNKNOWN,250,1065,5.48923,0.437685,RUN_LKK,151,129,0,RUN_LKK,0.74067,COMPLETE,0.169796,UNKNOWN,no_sound_exact_r_boxes,0,0,0,UNKNOWN,9.15709,38.168861,False,8
uuf250-016.cnf,SATLIB,uuf250,random_control,/work/benchmarks/phase5/satlib/uuf250/uuf250-016.cnf,7778597c58a11d5dd00d0bf5a3a3833dc05176806d5bb63de202752515ea4d41,calibration,unknown_fallback_dominated,recovery completed but registry returned UNKNOWN: no_sound_exact_r_boxes,UNKNOWN,250,1065,8.37425,0.613559,RUN_LKK,140,135,0,RUN_LKK,1.12192,COMPLETE,0.24953,UNKNOWN,no_sound_exact_r_boxes,0,0,0,UNKNOWN,12.6516,39.468282,False,8
uuf250-017.cnf,SATLIB,uuf250,random_control,/work/benchmarks/phase5/satlib/uuf250/uuf250-017.cnf,c34a52e86857cddff1b2ee431343df1cb9a43e5ac8f6661be591a38c505b4742,calibration,unknown_fallback_dominated,recovery completed but registry returned UNKNOWN: no_sound_exact_r_boxes,UNKNOWN,250,1065,8.4581,0.536742,RUN_LKK,132,130,0,RUN_LKK,0.902328,COMPLETE,0.164608,UNKNOWN,no_sound_exact_r_boxes,0,0,0,UNKNOWN,11.3343,37.50637,False,8
uuf250-018.cnf,SATLIB,uuf250,random_control,/work/benchmarks/phase5/satlib/uuf250/uuf250-018.cnf,b75226be58154b726974277be31d5e045fad4cb07dcc021f9489932acd328080,calibration,unknown_fallback_dominated,recovery completed but registry returned UNKNOWN: no_sound_exact_r_boxes,UNKNOWN,250,1065,8.69774,0.46109,RUN_LKK,139,115,0,RUN_LKK,0.764126,COMPLETE,0.138876,UNKNOWN,no_sound_exact_r_boxes,0,0,0,UNKNOWN,11.0875,38.290907,False,8
uuf250-019.cnf,SATLIB,uuf250,random_control,/work/benchmarks/phase5/satlib/uuf250/uuf250-019.cnf,b597759f7d6612278a4fd9d1aad6f7099ae34ccaa10b2788992651b060a486af,evaluation,unknown_fallback_dominated,recovery completed but registry returned UNKNOWN: no_sound_exact_r_boxes,UNKNOWN,250,1065,6.73163,0.413622,RUN_LKK,139,122,0,RUN_LKK,0.800029,COMPLETE,0.163246,UNKNOWN,no_sound_exact_r_boxes,0,0,0,UNKNOWN,9.32799,37.367359,False,8
uuf250-02.cnf,SATLIB,uuf250,random_control,/work/benchmarks/phase5/satlib/uuf250/uuf250-02.cnf,0463949c6f1146a62a0023b1c4b9611103cb676c01387053a5b7900386009cb0,evaluation,unknown_fallback_dominated,recovery completed but registry returned UNKNOWN: no_sound_exact_r_boxes,UNKNOWN,250,1065,4.94944,0.526228,RUN_LKK,129,125,0,RUN_LKK,0.897525,COMPLETE,0.175627,UNKNOWN,no_sound_exact_r_boxes,0,0,0,UNKNOWN,7.57407,22.271604,False,8
uuf250-020.cnf,SATLIB,uuf250,random_control,/work/benchmarks/phase5/satlib/uuf250/uuf250-020.cnf,e3960747ce4f64de0866847387ec042a74df5774a52a46788ef432514af147f5,calibration,unknown_fallback_dominated,recovery completed but registry returned UNKNOWN: no_sound_exact_r_boxes,UNKNOWN,250,1065,5.46001,0.382537,RUN_LKK,130,110,0,RUN_LKK,0.919337,COMPLETE,0.171878,UNKNOWN,no_sound_exact_r_boxes,0,0,0,UNKNOWN,9.38297,35.97018,False,8
uuf250-021.cnf,SATLIB,uuf250,random_control,/work/benchmarks/phase5/satlib/uuf250/uuf250-021.cnf,c60ffcd79986c8563de97221cc96f2c8e8a7acc39b2f5b9aed8a42f0e69d2659,calibration,unknown_fallback_dominated,recovery completed but registry returned UNKNOWN: no_sound_exact_r_boxes,UNKNOWN,250,1065,5.73951,0.471048,RUN_LKK,125,145,1,RUN_LKK,0.823878,COMPLETE,0.173453,UNKNOWN,no_sound_exact_r_boxes,0,0,0,UNKNOWN,8.76729,35.206211,False,8
uuf250-022.cnf,SATLIB,uuf250,random_control,/work/benchmarks/phase5/satlib/uuf250/uuf250-022.cnf,8af9cfbbe5c115ab98c2c78a18efafd5ae4a6c5974455c32ff775f06cf32dfec,evaluation,unknown_fallback_dominated,recovery completed but registry returned UNKNOWN: no_sound_exact_r_boxes,UNKNOWN,250,1065,5.4223,0.461132,RUN_LKK,124,139,0,RUN_LKK,0.95123,COMPLETE,0.155097,UNKNOWN,no_sound_exact_r_boxes,0,0,0,UNKNOWN,8.80715,35.465072,False,8
uuf250-023.cnf,SATLIB,uuf250,random_control,/work/benchmarks/phase5/satlib/uuf250/uuf250-023.cnf,d1ef09095f9be773d21675d18595b6fcba5d8b13e58dd9a7386f3af61bface17,evaluation,unknown_fallback_dominated,recovery completed but registry returned UNKNOWN: no_sound_exact_r_boxes,UNKNOWN,250,1065,7.58846,0.464974,RUN_LKK,122,146,0,RUN_LKK,0.878726,COMPLETE,0.490225,UNKNOWN,no_sound_exact_r_boxes,0,0,0,UNKNOWN,10.8186,35.579596,False,8
uuf250-024.cnf,SATLIB,uuf250,random_control,/work/benchmarks/phase5/satlib/uuf250/uuf250-024.cnf,39d3642ec6d632459f7ad0123bef8817a301e6f4a2976509c486c9b78086d44e,calibration,unknown_fallback_dominated,recovery completed but registry returned UNKNOWN: no_sound_exact_r_boxes,UNKNOWN,250,1065,7.4866,0.428687,RUN_LKK,138,158,0,RUN_LKK,0.808828,COMPLETE,0.197409,UNKNOWN,no_sound_exact_r_boxes,0,0,0,UNKNOWN,10.1616,36.043385,False,8
uuf250-025.cnf,SATLIB,uuf250,random_control,/work/benchmarks/phase5/satlib/uuf250/uuf250-025.cnf,3fdd8461f0276cacda33bd2ed6adcf5601559cb808183475ad1093e74e6f6438,calibration,unknown_fallback_dominated,recovery completed but registry returned UNKNOWN: no_sound_exact_r_boxes,UNKNOWN,250,1065,7.16812,0.3744,RUN_LKK,134,150,1,RUN_LKK,0.776546,COMPLETE,0.186277,UNKNOWN,no_sound_exact_r_boxes,0,0,0,UNKNOWN,9.76961,36.089748,False,8
uuf250-026.cnf,SATLIB,uuf250,random_control,/work/benchmarks/phase5/satlib/uuf250/uuf250-026.cnf,0fbb57da53d3148e503f3226547eaed62bf45f140a141470145ae0b3af261598,calibration,unknown_fallback_dominated,recovery completed but registry returned UNKNOWN: no_sound_exact_r_boxes,UNKNOWN,250,1065,7.73793,0.492335,RUN_LKK,148,111,1,RUN_LKK,0.810675,COMPLETE,0.139915,UNKNOWN,no_sound_exact_r_boxes,0,0,0,UNKNOWN,10.5874,36.028636,False,8
uuf250-027.cnf,SATLIB,uuf250,random_control,/work/benchmarks/phase5/satlib/uuf250/uuf250-027.cnf,2d0491f7c8d05452dc12dfa04ef9eabcf0eb524c1a0887274d1271306d59e3db,evaluation,unknown_fallback_dominated,recovery completed but registry returned UNKNOWN: no_sound_exact_r_boxes,UNKNOWN,250,1065,6.07777,0.439582,RUN_LKK,123,159,0,RUN_LKK,0.760983,COMPLETE,0.19397,UNKNOWN,no_sound_exact_r_boxes,0,0,0,UNKNOWN,9.13697,36.445961,False,8
uuf250-028.cnf,SATLIB,uuf250,random_control,/work/benchmarks/phase5/satlib/uuf250/uuf250-028.cnf,4b19d17502ba04c011489813e2fb1a4e0be49717a43cf7df993c21af1da455ec,evaluation,unknown_fallback_dominated,recovery completed but registry returned UNKNOWN: no_sound_exact_r_boxes,UNKNOWN,250,1065,8.03429,0.44688,RUN_LKK,134,130,0,RUN_LKK,0.87565,COMPLETE,0.148213,UNKNOWN,no_sound_exact_r_boxes,0,0,0,UNKNOWN,10.7424,34.97187,False,8
uuf250-029.cnf,SATLIB,uuf250,random_control,/work/benchmarks/phase5/satlib/uuf250/uuf250-029.cnf,730962ffe3d4befbd0fa1fbb9d78963177b0edd8b965d8916d4e00f5098afb0a,calibration,unknown_fallback_dominated,recovery completed but registry returned UNKNOWN: no_sound_exact_r_boxes,UNKNOWN,250,1065,5.38905,0.798805,RUN_LKK,136,122,0,RUN_LKK,1.00905,COMPLETE,0.228273,UNKNOWN,no_sound_exact_r_boxes,0,0,0,UNKNOWN,8.46542,36.121324,False,8
uuf250-03.cnf,SATLIB,uuf250,random_control,/work/benchmarks/phase5/satlib/uuf250/uuf250-03.cnf,71406693b300a9ba30cddfb5eb2977dfd80e5edc77b075002d4e6cccdce2c70c,evaluation,unknown_fallback_dominated,recovery completed but registry returned UNKNOWN: no_sound_exact_r_boxes,UNKNOWN,250,1065,5.94542,0.379973,RUN_LKK,128,131,0,RUN_LKK,0.641246,COMPLETE,0.152094,UNKNOWN,no_sound_exact_r_boxes,0,0,0,UNKNOWN,8.2381,35.395246,False,8
uuf250-030.cnf,SATLIB,uuf250,random_control,/work/benchmarks/phase5/satlib/uuf250/uuf250-030.cnf,65b0ed455020340f236b6caf1519a6ac2c2cc43756273794e5f0d6af5cd8203c,evaluation,unknown_fallback_dominated,recovery completed but registry returned UNKNOWN: no_sound_exact_r_boxes,UNKNOWN,250,1065,7.45674,0.474348,RUN_LKK,136,154,0,RUN_LKK,0.797891,COMPLETE,0.175626,UNKNOWN,no_sound_exact_r_boxes,0,0,0,UNKNOWN,10.879,35.089046,False,8
uuf250-031.cnf,SATLIB,uuf250,random_control,/work/benchmarks/phase5/satlib/uuf250/uuf250-031.cnf,0925c2d943b8013442a5b3b6883bb5b53f6a0d1fd98ca591727991ebd30feea2,evaluation,unknown_fallback_dominated,recovery completed but registry returned UNKNOWN: no_sound_exact_r_boxes,UNKNOWN,250,1065,7.23079,0.464398,RUN_LKK,142,117,0,RUN_LKK,0.923131,COMPLETE,0.162276,UNKNOWN,no_sound_exact_r_boxes,0,0,0,UNKNOWN,9.87508,36.050448,False,8
uuf250-032.cnf,SATLIB,uuf250,random_control,/work/benchmarks/phase5/satlib/uuf250/uuf250-032.cnf,8beeabf3fc0e04dd19bf10907dc571cbdfe658046cc3ef3d2e3d7bdf2f88a0a1,evaluation,unknown_fallback_dominated,recovery completed but registry returned UNKNOWN: no_sound_exact_r_boxes,UNKNOWN,250,1065,6.11263,0.53774,RUN_LKK,119,138,0,RUN_LKK,0.76234,COMPLETE,0.155035,UNKNOWN,no_sound_exact_r_boxes,0,0,0,UNKNOWN,8.71727,36.227487,False,8
uuf250-033.cnf,SATLIB,uuf250,random_control,/work/benchmarks/phase5/satlib/uuf250/uuf250-033.cnf,181a723daccd9c77299ff1e50e25f3c91801d4bb71a96e57f8f15beec766493a,calibration,unknown_fallback_dominated,recovery completed but registry returned UNKNOWN: no_sound_exact_r_boxes,UNKNOWN,250,1065,5.12683,0.481845,RUN_LKK,129,142,1,RUN_LKK,0.782318,COMPLETE,0.176802,UNKNOWN,no_sound_exact_r_boxes,0,0,0,UNKNOWN,7.54947,37.117149,False,8
uuf250-034.cnf,SATLIB,uuf250,random_control,/work/benchmarks/phase5/satlib/uuf250/uuf250-034.cnf,a15f4a3d09a7d6c8f5d7bd7e8475d8f63a64b5083c91a30d96dd569da7c5aad9,evaluation,unknown_fallback_dominated,recovery completed but registry returned UNKNOWN: no_sound_exact_r_boxes,UNKNOWN,250,1065,6.22487,0.465787,RUN_LKK,103,137,0,RUN_LKK,0.853552,COMPLETE,0.159587,UNKNOWN,no_sound_exact_r_boxes,0,0,0,UNKNOWN,8.56445,35.904735,False,8
uuf250-035.cnf,SATLIB,uuf250,random_control,/work/benchmarks/phase5/satlib/uuf250/uuf250-035.cnf,2b3fe9603427aa513703fd65175afb9925d3ab6dbc38b5c42553107fc43248fc,evaluation,unknown_fallback_dominated,recovery completed but registry returned UNKNOWN: no_sound_exact_r_boxes,UNKNOWN,250,1065,4.25637,0.450183,RUN_LKK,135,129,0,RUN_LKK,0.824266,COMPLETE,0.213525,UNKNOWN,no_sound_exact_r_boxes,0,0,0,UNKNOWN,6.91108,18.910099,False,8
uuf250-036.cnf,SATLIB,uuf250,random_control,/work/benchmarks/phase5/satlib/uuf250/uuf250-036.cnf,5d5685260b1bf25f3e4918605fd08db49dc9701b15d8a4ab7b5aa44897868a85,evaluation,unknown_fallback_dominated,recovery completed but registry returned UNKNOWN: no_sound_exact_r_boxes,UNKNOWN,250,1065,7.86961,0.454632,RUN_LKK,133,134,0,RUN_LKK,0.794853,COMPLETE,0.160807,UNKNOWN,no_sound_exact_r_boxes,0,0,0,UNKNOWN,10.4884,36.081955,False,8
uuf250-037.cnf,SATLIB,uuf250,random_control,/work/benchmarks/phase5/satlib/uuf250/uuf250-037.cnf,d464e27ffa2da072a830041ee2f04907788b866fc524349479fa37c3321167a9,calibration,unknown_fallback_dominated,recovery completed but registry returned UNKNOWN: no_sound_exact_r_boxes,UNKNOWN,250,1065,5.531,0.478433,RUN_LKK,138,128,0,RUN_LKK,0.838828,COMPLETE,0.159275,UNKNOWN,no_sound_exact_r_boxes,0,0,0,UNKNOWN,8.09648,35.746502,False,8
uuf250-038.cnf,SATLIB,uuf250,random_control,/work/benchmarks/phase5/satlib/uuf250/uuf250-038.cnf,a8d4992f558030d91f4ce0bbb2e6ac047239db87d38b5019854f6d15f27d7b06,evaluation,unknown_fallback_dominated,recovery completed but registry returned UNKNOWN: no_sound_exact_r_boxes,UNKNOWN,250,1065,8.39791,0.441031,RUN_LKK,148,138,0,RUN_LKK,0.780745,COMPLETE,0.172827,UNKNOWN,no_sound_exact_r_boxes,0,0,0,UNKNOWN,11.0193,35.414273,False,8
uuf250-039.cnf,SATLIB,uuf250,random_control,/work/benchmarks/phase5/satlib/uuf250/uuf250-039.cnf,52ac20d8ba5f8bf225da56d1434af2b84df6962ae6fa2fd37d7335bf9ffd14cd,evaluation,unknown_fallback_dominated,recovery completed but registry returned UNKNOWN: no_sound_exact_r_boxes,UNKNOWN,250,1065,6.3531,0.490153,RUN_LKK,141,138,0,RUN_LKK,0.894368,COMPLETE,0.183124,UNKNOWN,no_sound_exact_r_boxes,0,0,0,UNKNOWN,9.11207,37.102394,False,8
uuf250-04.cnf,SATLIB,uuf250,random_control,/work/benchmarks/phase5/satlib/uuf250/uuf250-04.cnf,0518647868a1fef8faeb403492779d668dd1b85695ffe96903970811384ed45e,evaluation,unknown_fallback_dominated,recovery completed but registry returned UNKNOWN: no_sound_exact_r_boxes,UNKNOWN,250,1065,6.62869,0.80806,RUN_LKK,129,141,0,RUN_LKK,1.43271,COMPLETE,0.383563,UNKNOWN,no_sound_exact_r_boxes,0,0,0,UNKNOWN,10.2782,36.960268,False,8
uuf250-040.cnf,SATLIB,uuf250,random_control,/work/benchmarks/phase5/satlib/uuf250/uuf250-040.cnf,16e40634ea6f7053de447f15ee6096e40afe810555a7d5418934342fb4f6ffc1,evaluation,unknown_fallback_dominated,recovery completed but registry returned UNKNOWN: no_sound_exact_r_boxes,UNKNOWN,250,1065,5.22439,0.477806,RUN_LKK,138,125,1,RUN_LKK,0.885655,COMPLETE,0.196425,UNKNOWN,no_sound_exact_r_boxes,0,0,0,UNKNOWN,7.94379,20.594008,False,8
uuf250-041.cnf,SATLIB,uuf250,random_control,/work/benchmarks/phase5/satlib/uuf250/uuf250-041.cnf,3ee14163c6fc384497facd604f7aaef590cfa0f73094aa442e46f6ae31a31e2a,evaluation,unknown_fallback_dominated,recovery completed but registry returned UNKNOWN: no_sound_exact_r_boxes,UNKNOWN,250,1065,6.41914,0.569254,RUN_LKK,132,139,0,RUN_LKK,0.806862,COMPLETE,0.177315,UNKNOWN,no_sound_exact_r_boxes,0,0,0,UNKNOWN,9.51172,35.063359,False,8
uuf250-042.cnf,SATLIB,uuf250,random_control,/work/benchmarks/phase5/satlib/uuf250/uuf250-042.cnf,432d91aa8b5039767c28a4fa4966ba3328143b7b0c6518228a76ad9c53266ce9,evaluation,unknown_fallback_dominated,recovery completed but registry returned UNKNOWN: no_sound_exact_r_boxes,UNKNOWN,250,1065,7.14833,0.495775,RUN_LKK,143,137,0,RUN_LKK,0.821387,COMPLETE,0.195655,UNKNOWN,no_sound_exact_r_boxes,0,0,0,UNKNOWN,9.71942,35.446362,False,8
uuf250-043.cnf,SATLIB,uuf250,random_control,/work/benchmarks/phase5/satlib/uuf250/uuf250-043.cnf,fe3697e0c3e87d9801449c413d45ef7521aebd1be6babe17e0778d8a78a44df5,evaluation,unknown_fallback_dominated,recovery completed but registry returned UNKNOWN: no_sound_exact_r_boxes,UNKNOWN,250,1065,5.85223,0.475093,RUN_LKK,133,135,0,RUN_LKK,0.805093,COMPLETE,0.17425,UNKNOWN,no_sound_exact_r_boxes,0,0,0,UNKNOWN,8.29079,36.154105,False,8
uuf250-044.cnf,SATLIB,uuf250,random_control,/work/benchmarks/phase5/satlib/uuf250/uuf250-044.cnf,dc39bab904e2b0b34bcdf8b9b91f1b3cc4ab20c1f535790ab899d19ea27aae91,calibration,unknown_fallback_dominated,recovery completed but registry returned UNKNOWN: no_sound_exact_r_boxes,UNKNOWN,250,1065,4.05427,0.466729,RUN_LKK,135,131,0,RUN_LKK,0.75569,COMPLETE,0.176719,UNKNOWN,no_sound_exact_r_boxes,0,0,0,UNKNOWN,6.89496,37.623257,False,8
uuf250-045.cnf,SATLIB,uuf250,random_control,/work/benchmarks/phase5/satlib/uuf250/uuf250-045.cnf,90e1722e167f9422bfa4827ad32b0eae1682ff31ba956b64c3caae6e2847a801,evaluation,unknown_fallback_dominated,recovery completed but registry returned UNKNOWN: no_sound_exact_r_boxes,UNKNOWN,250,1065,8.13412,0.419035,RUN_LKK,146,132,0,RUN_LKK,0.68451,COMPLETE,0.141742,UNKNOWN,no_sound_exact_r_boxes,0,0,0,UNKNOWN,10.4483,35.199704,False,8
uuf250-046.cnf,SATLIB,uuf250,random_control,/work/benchmarks/phase5/satlib/uuf250/uuf250-046.cnf,90b17e95b43f57391a17ca2c7b3b235240f56852e81a8492b59e97da9f6fa7b0,evaluation,unknown_fallback_dominated,recovery completed but registry returned UNKNOWN: no_sound_exact_r_boxes,UNKNOWN,250,1065,6.85719,0.38879,RUN_LKK,141,136,0,RUN_LKK,0.665557,COMPLETE,0.160254,UNKNOWN,no_sound_exact_r_boxes,0,0,0,UNKNOWN,9.0169,35.498697,False,8
uuf250-047.cnf,SATLIB,uuf250,random_control,/work/benchmarks/phase5/satlib/uuf250/uuf250-047.cnf,fdced3de83b28d273ca5d8f093f2249234b3a414427d63d8e80ff3691f603690,evaluation,unknown_fallback_dominated,recovery completed but registry returned UNKNOWN: no_sound_exact_r_boxes,UNKNOWN,250,1065,6.48455,0.407002,RUN_LKK,154,123,0,RUN_LKK,0.592813,COMPLETE,0.13067,UNKNOWN,no_sound_exact_r_boxes,0,0,0,UNKNOWN,8.54958,36.180286,False,8
uuf250-048.cnf,SATLIB,uuf250,random_control,/work/benchmarks/phase5/satlib/uuf250/uuf250-048.cnf,beee0f13a08e502e6ea20501a4428604af1a4412811d20ae25cd6b0f251b3c5b,evaluation,unknown_fallback_dominated,recovery completed but registry returned UNKNOWN: no_sound_exact_r_boxes,UNKNOWN,250,1065,5.22065,0.363321,RUN_LKK,137,119,0,RUN_LKK,0.637567,COMPLETE,0.149101,UNKNOWN,no_sound_exact_r_boxes,0,0,0,UNKNOWN,7.35641,19.37205,False,8
uuf250-049.cnf,SATLIB,uuf250,random_control,/work/benchmarks/phase5/satlib/uuf250/uuf250-049.cnf,d3a5ed0332facaa291f0dda89f045838c3e62c702c0a5e7e8333a93de2e3a6f5,evaluation,unknown_fallback_dominated,recovery completed but registry returned UNKNOWN: no_sound_exact_r_boxes,UNKNOWN,250,1065,4.31944,0.531093,RUN_LKK,142,130,0,RUN_LKK,0.838385,COMPLETE,0.169093,UNKNOWN,no_sound_exact_r_boxes,0,0,0,UNKNOWN,6.78032,19.720183,False,8
uuf250-05.cnf,SATLIB,uuf250,random_control,/work/benchmarks/phase5/satlib/uuf250/uuf250-05.cnf,39ac1a24d09477873946094b81ede09a4f6f4a5b70abeac8c05537df43ca09a4,evaluation,unknown_fallback_dominated,recovery completed but registry returned UNKNOWN: no_sound_exact_r_boxes,UNKNOWN,250,1065,7.03262,0.427544,RUN_LKK,127,125,1,RUN_LKK,0.636111,COMPLETE,0.122038,UNKNOWN,no_sound_exact_r_boxes,0,0,0,UNKNOWN,9.20796,35.320511,False,8
uuf250-050.cnf,SATLIB,uuf250,random_control,/work/benchmarks/phase5/satlib/uuf250/uuf250-050.cnf,d73dd5875898b88d5c7940e387441a38dee3ea9744c81c3986bf001bd456bc60,evaluation,unknown_fallback_dominated,recovery completed but registry returned UNKNOWN: no_sound_exact_r_boxes,UNKNOWN,250,1065,8.3252,0.472519,RUN_LKK,134,142,0,RUN_LKK,0.843005,COMPLETE,0.250963,UNKNOWN,no_sound_exact_r_boxes,0,0,0,UNKNOWN,11.0355,35.92078,False,8
uuf250-051.cnf,SATLIB,uuf250,random_control,/work/benchmarks/phase5/satlib/uuf250/uuf250-051.cnf,dbfd1755883e7a7ac50d98351908b8b6bee493c5180d92944630c4335a2cebd9,evaluation,unknown_fallback_dominated,recovery completed but registry returned UNKNOWN: no_sound_exact_r_boxes,UNKNOWN,250,1065,4.20707,0.484739,RUN_LKK,133,141,0,RUN_LKK,0.761894,COMPLETE,0.22678,UNKNOWN,no_sound_exact_r_boxes,0,0,0,UNKNOWN,7.01788,22.118949,False,8
uuf250-052.cnf,SATLIB,uuf250,random_control,/work/benchmarks/phase5/satlib/uuf250/uuf250-052.cnf,c0333989d57eea6ba43aa37d97c48e0f34eed92f2b4e73ffc44ead4f651d7aaf,evaluation,unknown_fallback_dominated,recovery completed but registry returned UNKNOWN: no_sound_exact_r_boxes,UNKNOWN,250,1065,6.41164,0.596604,RUN_LKK,126,137,0,RUN_LKK,1.13617,COMPLETE,0.26739,UNKNOWN,no_sound_exact_r_boxes,0,0,0,UNKNOWN,9.58178,36.003466,False,8
uuf250-053.cnf,SATLIB,uuf250,random_control,/work/benchmarks/phase5/satlib/uuf250/uuf250-053.cnf,ba344226775c4913a308bb6a542a31d2cc8326b2d1212ab344db2d7827e11259,evaluation,unknown_fallback_dominated,recovery completed but registry returned UNKNOWN: no_sound_exact_r_boxes,UNKNOWN,250,1065,5.44554,0.345852,RUN_LKK,133,147,1,RUN_LKK,0.674629,COMPLETE,0.130661,UNKNOWN,no_sound_exact_r_boxes,0,0,0,UNKNOWN,7.34352,19.480365,False,8
uuf250-054.cnf,SATLIB,uuf250,random_control,/work/benchmarks/phase5/satlib/uuf250/uuf250-054.cnf,e31c49078efe230ddc084673bb8c8cb810b572c92ae167f67b2e1ce60fc6d080,evaluation,unknown_fallback_dominated,recovery completed but registry returned UNKNOWN: no_sound_exact_r_boxes,UNKNOWN,250,1065,4.36187,0.334038,RUN_LKK,123,118,0,RUN_LKK,0.796775,COMPLETE,0.109207,UNKNOWN,no_sound_exact_r_boxes,0,0,0,UNKNOWN,6.41353,19.017631,False,8
uuf250-055.cnf,SATLIB,uuf250,random_control,/work/benchmarks/phase5/satlib/uuf250/uuf250-055.cnf,e0763fefc03a842c5b1bbed490056d9cace5f02e138cff74a270c59c665bbcf7,evaluation,unknown_fallback_dominated,recovery completed but registry returned UNKNOWN: no_sound_exact_r_boxes,UNKNOWN,250,1065,4.33823,0.465854,RUN_LKK,114,137,0,RUN_LKK,0.988707,COMPLETE,0.137776,UNKNOWN,no_sound_exact_r_boxes,0,0,0,UNKNOWN,6.7023,19.2213,False,8
uuf250-056.cnf,SATLIB,uuf250,random_control,/work/benchmarks/phase5/satlib/uuf250/uuf250-056.cnf,ff613ea82e6f09b7fc75ce2811b559d468b4a674d4c609dda73698a85ad47b29,evaluation,unknown_fallback_dominated,recovery completed but registry returned UNKNOWN: no_sound_exact_r_boxes,UNKNOWN,250,1065,6.31364,0.332719,RUN_LKK,125,117,0,RUN_LKK,0.740337,COMPLETE,0.118113,UNKNOWN,no_sound_exact_r_boxes,0,0,0,UNKNOWN,8.59512,34.519583,False,8
uuf250-057.cnf,SATLIB,uuf250,random_control,/work/benchmarks/phase5/satlib/uuf250/uuf250-057.cnf,43a2edb75ac19d783d46be597437fd3741981649eea2d59dae1e3423a8d48724,evaluation,unknown_fallback_dominated,recovery completed but registry returned UNKNOWN: no_sound_exact_r_boxes,UNKNOWN,250,1065,7.84022,0.441826,RUN_LKK,145,114,0,RUN_LKK,0.793395,COMPLETE,0.149979,UNKNOWN,no_sound_exact_r_boxes,0,0,0,UNKNOWN,10.2585,35.606123,False,8
uuf250-058.cnf,SATLIB,uuf250,random_control,/work/benchmarks/phase5/satlib/uuf250/uuf250-058.cnf,c259c25cf4837c927f50db165b669a9219c115631bafae03bdc01aa3e60b924d,evaluation,unknown_fallback_dominated,recovery completed but registry returned UNKNOWN: no_sound_exact_r_boxes,UNKNOWN,250,1065,5.92295,0.705852,RUN_LKK,117,137,0,RUN_LKK,1.45847,COMPLETE,0.203939,UNKNOWN,no_sound_exact_r_boxes,0,0,0,UNKNOWN,9.66098,37.062047,False,8
uuf250-059.cnf,SATLIB,uuf250,random_control,/work/benchmarks/phase5/satlib/uuf250/uuf250-059.cnf,652d94c6b2be14c7c6e562e831781f19d75326de507b626688d254813387db2a,evaluation,unknown_fallback_dominated,recovery completed but registry returned UNKNOWN: no_sound_exact_r_boxes,UNKNOWN,250,1065,3.37682,0.45883,RUN_LKK,137,119,0,RUN_LKK,0.795018,COMPLETE,0.119754,UNKNOWN,no_sound_exact_r_boxes,0,0,0,UNKNOWN,6.17798,19.807904,False,8
uuf250-06.cnf,SATLIB,uuf250,random_control,/work/benchmarks/phase5/satlib/uuf250/uuf250-06.cnf,819eb734d0d2c871d323fcc8fd8b62d670469eefa501865b3a1ab7b3bab8c7a7,evaluation,unknown_fallback_dominated,recovery completed but registry returned UNKNOWN: no_sound_exact_r_boxes,UNKNOWN,250,1065,3.47473,0.498806,RUN_LKK,124,148,0,RUN_LKK,0.717834,COMPLETE,0.161576,UNKNOWN,no_sound_exact_r_boxes,0,0,0,UNKNOWN,5.85581,19.209457,False,8
uuf250-060.cnf,SATLIB,uuf250,random_control,/work/benchmarks/phase5/satlib/uuf250/uuf250-060.cnf,b27fa10111eeedd38794dad2ca991fd27cf3de2ad7ccad1ae7ea509a8d473f15,evaluation,unknown_fallback_dominated,recovery completed but registry returned UNKNOWN: no_sound_exact_r_boxes,UNKNOWN,250,1065,3.50958,0.413412,RUN_LKK,140,117,0,RUN_LKK,0.728016,COMPLETE,0.128109,UNKNOWN,no_sound_exact_r_boxes,0,0,0,UNKNOWN,5.69047,18.899711,False,8
uuf250-061.cnf,SATLIB,uuf250,random_control,/work/benchmarks/phase5/satlib/uuf250/uuf250-061.cnf,7a1d1b1f84d51c49da9cb31e1469e9db1897abb1a36ccd02b35645828bbf71b4,evaluation,unknown_fallback_dominated,recovery completed but registry returned UNKNOWN: no_sound_exact_r_boxes,UNKNOWN,250,1065,4.16607,0.6642,RUN_LKK,138,132,0,RUN_LKK,0.842295,COMPLETE,0.130458,UNKNOWN,no_sound_exact_r_boxes,0,0,0,UNKNOWN,6.92115,19.822834,False,8
uuf250-062.cnf,SATLIB,uuf250,random_control,/work/benchmarks/phase5/satlib/uuf250/uuf250-062.cnf,68efafe5e05f79513adb6b58bce9da9b5e53f67089466eed6838ed5ae84cb34f,calibration,unknown_fallback_dominated,recovery completed but registry returned UNKNOWN: no_sound_exact_r_boxes,UNKNOWN,250,1065,6.0641,0.467718,RUN_LKK,127,149,0,RUN_LKK,0.803968,COMPLETE,0.184688,UNKNOWN,no_sound_exact_r_boxes,0,0,0,UNKNOWN,8.5168,35.924895,False,8
uuf250-063.cnf,SATLIB,uuf250,random_control,/work/benchmarks/phase5/satlib/uuf250/uuf250-063.cnf,521e42f54e181f6b9f5b0517243e35680a99db1c3fe3fc62a0c8adf5b69e8325,calibration,unknown_fallback_dominated,recovery completed but registry returned UNKNOWN: no_sound_exact_r_boxes,UNKNOWN,250,1065,7.64563,0.458609,RUN_LKK,141,132,0,RUN_LKK,0.789029,COMPLETE,0.219288,UNKNOWN,no_sound_exact_r_boxes,0,0,0,UNKNOWN,10.15,36.023312,False,8
uuf250-064.cnf,SATLIB,uuf250,random_control,/work/benchmarks/phase5/satlib/uuf250/uuf250-064.cnf,80518422c1cc1e71f38461f5cd44b89eb35f69f61565ed759853bf122942b2ac,evaluation,unknown_fallback_dominated,recovery completed but registry returned UNKNOWN: no_sound_exact_r_boxes,UNKNOWN,250,1065,7.09471,0.443224,RUN_LKK,131,141,0,RUN_LKK,0.812455,COMPLETE,0.170337,UNKNOWN,no_sound_exact_r_boxes,0,0,0,UNKNOWN,9.92191,36.776043,False,8
uuf250-065.cnf,SATLIB,uuf250,random_control,/work/benchmarks/phase5/satlib/uuf250/uuf250-065.cnf,108b58d7a2c3496eb3a9ff8299fbaf6cfe8e8393d03cc3d749b82834ad3f61ee,evaluation,unknown_fallback_dominated,recovery completed but registry returned UNKNOWN: no_sound_exact_r_boxes,UNKNOWN,250,1065,4.94216,0.466893,RUN_LKK,141,145,0,RUN_LKK,0.778992,COMPLETE,0.173635,UNKNOWN,no_sound_exact_r_boxes,0,0,0,UNKNOWN,7.67164,39.360586,False,8
uuf250-066.cnf,SATLIB,uuf250,random_control,/work/benchmarks/phase5/satlib/uuf250/uuf250-066.cnf,c4dc5677e4804ffdcc281818a7a19fcd86f8706a5951cc56539cceab9b9a6895,evaluation,unknown_fallback_dominated,recovery completed but registry returned UNKNOWN: no_sound_exact_r_boxes,UNKNOWN,250,1065,6.03569,0.450357,RUN_LKK,144,156,0,RUN_LKK,0.769782,COMPLETE,0.18817,UNKNOWN,no_sound_exact_r_boxes,0,0,0,UNKNOWN,8.73143,37.404406,False,8
uuf250-067.cnf,SATLIB,uuf250,random_control,/work/benchmarks/phase5/satlib/uuf250/uuf250-067.cnf,530595cf57535156cd82ca19a2a5b6eaf663b86a920f5df4ea98a5b4e9ad9f57,evaluation,unknown_fallback_dominated,recovery completed but registry returned UNKNOWN: no_sound_exact_r_boxes,UNKNOWN,250,1065,4.42645,0.463329,RUN_LKK,124,149,0,RUN_LKK,0.821411,COMPLETE,0.177064,UNKNOWN,no_sound_exact_r_boxes,0,0,0,UNKNOWN,7.12021,36.092302,False,8
uuf250-068.cnf,SATLIB,uuf250,random_control,/work/benchmarks/phase5/satlib/uuf250/uuf250-068.cnf,51ad65dead06b750214105dc70ded252d7732a27428aae4c33abb8057056f14e,evaluation,unknown_fallback_dominated,recovery completed but registry returned UNKNOWN: no_sound_exact_r_boxes,UNKNOWN,250,1065,7.36806,1.04327,RUN_LKK,133,135,0,RUN_LKK,1.24072,COMPLETE,0.17112,UNKNOWN,no_sound_exact_r_boxes,0,0,0,UNKNOWN,10.6824,36.318005,False,8
uuf250-069.cnf,SATLIB,uuf250,random_control,/work/benchmarks/phase5/satlib/uuf250/uuf250-069.cnf,999402713378295e83090af7447257b6fe7f5bb1b937a89287540d9675e3e0be,evaluation,unknown_fallback_dominated,recovery completed but registry returned UNKNOWN: no_sound_exact_r_boxes,UNKNOWN,250,1065,5.43446,0.368912,RUN_LKK,114,126,0,RUN_LKK,0.612997,COMPLETE,0.113236,UNKNOWN,no_sound_exact_r_boxes,0,0,0,UNKNOWN,7.3731,36.225028,False,8
uuf250-07.cnf,SATLIB,uuf250,random_control,/work/benchmarks/phase5/satlib/uuf250/uuf250-07.cnf,ec7f2b3208a05887aad2446430701e44c6dbf0afaaae3ab897471bdbaed81703,evaluation,unknown_fallback_dominated,recovery completed but registry returned UNKNOWN: no_sound_exact_r_boxes,UNKNOWN,250,1065,5.99298,0.421031,RUN_LKK,125,138,0,RUN_LKK,0.699935,COMPLETE,0.169975,UNKNOWN,no_sound_exact_r_boxes,0,0,0,UNKNOWN,8.38801,19.078046,False,8
uuf250-070.cnf,SATLIB,uuf250,random_control,/work/benchmarks/phase5/satlib/uuf250/uuf250-070.cnf,04eb1fb038c4cb692d7ce6085e98f92e813d185e147c062fc82e442794b3e4ba,evaluation,unknown_fallback_dominated,recovery completed but registry returned UNKNOWN: no_sound_exact_r_boxes,UNKNOWN,250,1065,6.04627,0.472508,RUN_LKK,144,126,0,RUN_LKK,0.772713,COMPLETE,0.177772,UNKNOWN,no_sound_exact_r_boxes,0,0,0,UNKNOWN,8.67456,37.7235,False,8
uuf250-071.cnf,SATLIB,uuf250,random_control,/work/benchmarks/phase5/satlib/uuf250/uuf250-071.cnf,3b90124ff21d4b431d2c8985a8c96a7fc4de70be8d3de37d0430ac450d792b13,evaluation,unknown_fallback_dominated,recovery completed but registry returned UNKNOWN: no_sound_exact_r_boxes,UNKNOWN,250,1065,6.83795,0.432606,RUN_LKK,146,124,1,RUN_LKK,0.765086,COMPLETE,0.150157,UNKNOWN,no_sound_exact_r_boxes,0,0,0,UNKNOWN,9.5499,38.726504,False,8
uuf250-072.cnf,SATLIB,uuf250,random_control,/work/benchmarks/phase5/satlib/uuf250/uuf250-072.cnf,6c4414f99e27e46f8866e48118644802865eb692768af93189d41b5798074cb3,calibration,unknown_fallback_dominated,recovery completed but registry returned UNKNOWN: no_sound_exact_r_boxes,UNKNOWN,250,1065,6.29411,0.512312,RUN_LKK,122,132,0,RUN_LKK,1.20603,COMPLETE,0.143509,UNKNOWN,no_sound_exact_r_boxes,0,0,0,UNKNOWN,9.27497,38.005958,False,8
uuf250-073.cnf,SATLIB,uuf250,random_control,/work/benchmarks/phase5/satlib/uuf250/uuf250-073.cnf,41b4955cb43c8bf2e44129a2cccc600cb4a554431fa41ae47341cf7c08b4ef2a,evaluation,unknown_fallback_dominated,recovery completed but registry returned UNKNOWN: no_sound_exact_r_boxes,UNKNOWN,250,1065,5.03094,0.43352,RUN_LKK,133,127,0,RUN_LKK,0.784011,COMPLETE,0.169407,UNKNOWN,no_sound_exact_r_boxes,0,0,0,UNKNOWN,7.88193,22.741707,False,8
uuf250-074.cnf,SATLIB,uuf250,random_control,/work/benchmarks/phase5/satlib/uuf250/uuf250-074.cnf,ad2965f0ff42cd2c790ef27112b844143306f7e3a1b31a50f4befe296c16a173,evaluation,unknown_fallback_dominated,recovery completed but registry returned UNKNOWN: no_sound_exact_r_boxes,UNKNOWN,250,1065,5.7252,0.389707,RUN_LKK,120,131,0,RUN_LKK,0.774251,COMPLETE,0.156516,UNKNOWN,no_sound_exact_r_boxes,0,0,0,UNKNOWN,8.44185,19.251164,False,8
uuf250-075.cnf,SATLIB,uuf250,random_control,/work/benchmarks/phase5/satlib/uuf250/uuf250-075.cnf,c2d774fe624572c394a8b35caa26e0a874aea541c9f1b93b371faca3a8d4db96,calibration,unknown_fallback_dominated,recovery completed but registry returned UNKNOWN: no_sound_exact_r_boxes,UNKNOWN,250,1065,5.52564,0.403057,RUN_LKK,123,122,1,RUN_LKK,0.756921,COMPLETE,0.14625,UNKNOWN,no_sound_exact_r_boxes,0,0,0,UNKNOWN,8.40428,39.65047,False,8
uuf250-076.cnf,SATLIB,uuf250,random_control,/work/benchmarks/phase5/satlib/uuf250/uuf250-076.cnf,dda24536062e840329df672d0ea0501c8b1bd9d7e776a2c04c20283897021f90,evaluation,unknown_fallback_dominated,recovery completed but registry returned UNKNOWN: no_sound_exact_r_boxes,UNKNOWN,250,1065,8.62988,0.429626,RUN_LKK,113,133,0,RUN_LKK,0.819826,COMPLETE,0.303894,UNKNOWN,no_sound_exact_r_boxes,0,0,0,UNKNOWN,11.0775,37.718121,False,8
uuf250-077.cnf,SATLIB,uuf250,random_control,/work/benchmarks/phase5/satlib/uuf250/uuf250-077.cnf,b86b552ad41422fcf5d84080ba5b56a3b9e64862699ddf78d39656bb553b0c13,calibration,unknown_fallback_dominated,recovery completed but registry returned UNKNOWN: no_sound_exact_r_boxes,UNKNOWN,250,1065,8.15041,0.440876,RUN_LKK,143,131,0,RUN_LKK,0.799345,COMPLETE,0.124641,UNKNOWN,no_sound_exact_r_boxes,0,0,0,UNKNOWN,10.3366,35.671877,False,8
uuf250-078.cnf,SATLIB,uuf250,random_control,/work/benchmarks/phase5/satlib/uuf250/uuf250-078.cnf,e93de7e035f88cca9e16e6ff907d6827fd0a49940e0db5f46e04aa07725e7df9,evaluation,unknown_fallback_dominated,recovery completed but registry returned UNKNOWN: no_sound_exact_r_boxes,UNKNOWN,250,1065,5.10613,0.451473,RUN_LKK,135,134,1,RUN_LKK,0.703107,COMPLETE,0.204962,UNKNOWN,no_sound_exact_r_boxes,0,0,0,UNKNOWN,7.61855,19.865883,False,8
uuf250-079.cnf,SATLIB,uuf250,random_control,/work/benchmarks/phase5/satlib/uuf250/uuf250-079.cnf,7be06b1bfecb6c628027b562b20f1e291ceb86c27e61b524a0516c5594d40679,evaluation,unknown_fallback_dominated,recovery completed but registry returned UNKNOWN: no_sound_exact_r_boxes,UNKNOWN,250,1065,3.99665,0.335837,RUN_LKK,122,139,0,RUN_LKK,0.653394,COMPLETE,0.119052,UNKNOWN,no_sound_exact_r_boxes,0,0,0,UNKNOWN,6.09359,19.65497,False,8
uuf250-08.cnf,SATLIB,uuf250,random_control,/work/benchmarks/phase5/satlib/uuf250/uuf250-08.cnf,c8cb9aedb824d94b6b57f51d70b888927e97dab9df94311f53e5ec98a7477da2,evaluation,unknown_fallback_dominated,recovery completed but registry returned UNKNOWN: no_sound_exact_r_boxes,UNKNOWN,250,1065,4.60439,0.351901,RUN_LKK,134,120,0,RUN_LKK,0.713501,COMPLETE,0.137066,UNKNOWN,no_sound_exact_r_boxes,0,0,0,UNKNOWN,7.09588,18.153615,False,8
uuf250-080.cnf,SATLIB,uuf250,random_control,/work/benchmarks/phase5/satlib/uuf250/uuf250-080.cnf,ed6c9b8073fbb7b3607ccd611713d38f7b514c8c693c2bef48fbb94485bdf478,evaluation,unknown_fallback_dominated,recovery completed but registry returned UNKNOWN: no_sound_exact_r_boxes,UNKNOWN,250,1065,8.34047,0.483864,RUN_LKK,131,120,0,RUN_LKK,0.802464,COMPLETE,0.162856,UNKNOWN,no_sound_exact_r_boxes,0,0,0,UNKNOWN,10.854,36.357469,False,8
uuf250-081.cnf,SATLIB,uuf250,random_control,/work/benchmarks/phase5/satlib/uuf250/uuf250-081.cnf,ca9cfa464c9c519463ce67dfb80a0f73a2ed1feb3c163e5fd7d9c7bd14725aa7,evaluation,unknown_fallback_dominated,recovery completed but registry returned UNKNOWN: no_sound_exact_r_boxes,UNKNOWN,250,1065,8.37186,0.419354,RUN_LKK,123,141,0,RUN_LKK,0.61004,COMPLETE,0.136193,UNKNOWN,no_sound_exact_r_boxes,0,0,0,UNKNOWN,10.3988,35.473654,False,8
uuf250-082.cnf,SATLIB,uuf250,random_control,/work/benchmarks/phase5/satlib/uuf250/uuf250-082.cnf,7dbc28640b5849335c8e4c6a73d0267c8f2ad7915e262d6d183cd21da2cb9263,evaluation,unknown_fallback_dominated,recovery completed but registry returned UNKNOWN: no_sound_exact_r_boxes,UNKNOWN,250,1065,6.80156,0.435967,RUN_LKK,128,127,0,RUN_LKK,0.723529,COMPLETE,0.131271,UNKNOWN,no_sound_exact_r_boxes,0,0,0,UNKNOWN,9.19717,39.030786,False,8
uuf250-083.cnf,SATLIB,uuf250,random_control,/work/benchmarks/phase5/satlib/uuf250/uuf250-083.cnf,d205aacdce7ca7d35db38514d3d0105f8a92fb089342359021fd715b829f9634,evaluation,unknown_fallback_dominated,recovery completed but registry returned UNKNOWN: no_sound_exact_r_boxes,UNKNOWN,250,1065,6.45622,0.400082,RUN_LKK,135,130,0,RUN_LKK,0.719856,COMPLETE,0.158322,UNKNOWN,no_sound_exact_r_boxes,0,0,0,UNKNOWN,8.8742,36.335818,False,8
uuf250-084.cnf,SATLIB,uuf250,random_control,/work/benchmarks/phase5/satlib/uuf250/uuf250-084.cnf,e1e02a4ae246083777a3b3abdc143dab0a0fc8405bd3acea21fccf3adcaf89df,evaluation,unknown_fallback_dominated,recovery completed but registry returned UNKNOWN: no_sound_exact_r_boxes,UNKNOWN,250,1065,6.56557,0.449828,RUN_LKK,131,144,0,RUN_LKK,1.35786,COMPLETE,0.261261,UNKNOWN,no_sound_exact_r_boxes,0,0,0,UNKNOWN,9.81639,38.706671,False,8
uuf250-085.cnf,SATLIB,uuf250,random_control,/work/benchmarks/phase5/satlib/uuf250/uuf250-085.cnf,1026e03b998cdfee07a99b700a589fe1e162a43e60a561a2a0cb5be5e29fe40c,evaluation,unknown_fallback_dominated,recovery completed but registry returned UNKNOWN: no_sound_exact_r_boxes,UNKNOWN,250,1065,4.31345,0.438935,RUN_LKK,120,128,0,RUN_LKK,0.752812,COMPLETE,0.160542,UNKNOWN,no_sound_exact_r_boxes,0,0,0,UNKNOWN,6.64563,19.241974,False,8
uuf250-086.cnf,SATLIB,uuf250,random_control,/work/benchmarks/phase5/satlib/uuf250/uuf250-086.cnf,03c2634da8bb59a76838683aeb76247d692a622ca721b04e87997b7a92d38ae8,evaluation,unknown_fallback_dominated,recovery completed but registry returned UNKNOWN: no_sound_exact_r_boxes,UNKNOWN,250,1065,6.44059,0.449749,RUN_LKK,127,127,0,RUN_LKK,0.76714,COMPLETE,0.148697,UNKNOWN,no_sound_exact_r_boxes,0,0,0,UNKNOWN,8.68273,35.29634,False,8
uuf250-087.cnf,SATLIB,uuf250,random_control,/work/benchmarks/phase5/satlib/uuf250/uuf250-087.cnf,9cd29b14557317cee107b60c5127f0296f188391f7ca85ad53ea5b949b6af00f,evaluation,unknown_fallback_dominated,recovery completed but registry returned UNKNOWN: no_sound_exact_r_boxes,UNKNOWN,250,1065,5.12364,0.453064,RUN_LKK,131,132,0,RUN_LKK,0.757449,COMPLETE,0.193347,UNKNOWN,no_sound_exact_r_boxes,0,0,0,UNKNOWN,7.66697,18.874696,False,8
uuf250-088.cnf,SATLIB,uuf250,random_control,/work/benchmarks/phase5/satlib/uuf250/uuf250-088.cnf,318be84a9495fc6564c39617c386eefbc16e9060d6db5ff1f2e6758c4120c121,evaluation,unknown_fallback_dominated,recovery completed but registry returned UNKNOWN: no_sound_exact_r_boxes,UNKNOWN,250,1065,6.25759,0.447917,RUN_LKK,151,131,0,RUN_LKK,0.832306,COMPLETE,0.161064,UNKNOWN,no_sound_exact_r_boxes,0,0,0,UNKNOWN,8.96593,36.452898,False,8
uuf250-089.cnf,SATLIB,uuf250,random_control,/work/benchmarks/phase5/satlib/uuf250/uuf250-089.cnf,36a083d00f60ab7d2e045ef001ed0357818b239a27af225a7b3b39b47c65102e,evaluation,unknown_fallback_dominated,recovery completed but registry returned UNKNOWN: no_sound_exact_r_boxes,UNKNOWN,250,1065,3.66841,0.422955,RUN_LKK,128,127,1,RUN_LKK,0.82767,COMPLETE,0.165879,UNKNOWN,no_sound_exact_r_boxes,0,0,0,UNKNOWN,6.43803,19.766412,False,8
uuf250-09.cnf,SATLIB,uuf250,random_control,/work/benchmarks/phase5/satlib/uuf250/uuf250-09.cnf,65da3eb68e31cf3395cf8cfe52398a90dbb1dc1565e43480b343d606f6b8ce80,evaluation,unknown_fallback_dominated,recovery completed but registry returned UNKNOWN: no_sound_exact_r_boxes,UNKNOWN,250,1065,6.12786,0.35046,RUN_LKK,154,121,0,RUN_LKK,0.676894,COMPLETE,0.150574,UNKNOWN,no_sound_exact_r_boxes,0,0,0,UNKNOWN,8.80486,35.765895,False,8
uuf250-090.cnf,SATLIB,uuf250,random_control,/work/benchmarks/phase5/satlib/uuf250/uuf250-090.cnf,2bcb9c4a8c0db5aff3e7b77f9d6d756165f98e003b43690eb1be7c72f947dbed,evaluation,unknown_fallback_dominated,recovery completed but registry returned UNKNOWN: no_sound_exact_r_boxes,UNKNOWN,250,1065,4.06165,0.398889,RUN_LKK,124,128,0,RUN_LKK,0.65168,COMPLETE,0.129786,UNKNOWN,no_sound_exact_r_boxes,0,0,0,UNKNOWN,6.73801,20.36762,False,8
uuf250-091.cnf,SATLIB,uuf250,random_control,/work/benchmarks/phase5/satlib/uuf250/uuf250-091.cnf,bc3506e0a39cd4983cb48cf3326af60674427ca2be6f0cb6e15d3faad4718c5b,evaluation,unknown_fallback_dominated,recovery completed but registry returned UNKNOWN: no_sound_exact_r_boxes,UNKNOWN,250,1065,5.45927,0.381685,RUN_LKK,136,118,0,RUN_LKK,0.738844,COMPLETE,0.135735,UNKNOWN,no_sound_exact_r_boxes,0,0,0,UNKNOWN,7.78148,19.482384,False,8
uuf250-092.cnf,SATLIB,uuf250,random_control,/work/benchmarks/phase5/satlib/uuf250/uuf250-092.cnf,eaa1e518aafd9fe457a6e3764fca08caf27144db37ca84871164f8c44e8b3523,calibration,unknown_fallback_dominated,recovery completed but registry returned UNKNOWN: no_sound_exact_r_boxes,UNKNOWN,250,1065,5.29884,0.544521,RUN_LKK,148,133,0,RUN_LKK,0.846957,COMPLETE,0.20145,UNKNOWN,no_sound_exact_r_boxes,0,0,0,UNKNOWN,7.89784,36.295153,False,8
uuf250-093.cnf,SATLIB,uuf250,random_control,/work/benchmarks/phase5/satlib/uuf250/uuf250-093.cnf,98b542c0c53bc3fc2fe22ea81234bd500923a80ea63f26e408a33c3d64be95a1,evaluation,unknown_fallback_dominated,recovery completed but registry returned UNKNOWN: no_sound_exact_r_boxes,UNKNOWN,250,1065,4.69166,0.451898,RUN_LKK,150,147,0,RUN_LKK,0.766666,COMPLETE,0.178472,UNKNOWN,no_sound_exact_r_boxes,0,0,0,UNKNOWN,7.08794,20.012239,False,8
uuf250-094.cnf,SATLIB,uuf250,random_control,/work/benchmarks/phase5/satlib/uuf250/uuf250-094.cnf,b9e4e8e077695b55e38cb7ea75a9c409f1e1e09b10bd35f3f06959ebf13914ef,calibration,unknown_fallback_dominated,recovery completed but registry returned UNKNOWN: no_sound_exact_r_boxes,UNKNOWN,250,1065,6.38731,0.43425,RUN_LKK,131,145,0,RUN_LKK,0.714234,COMPLETE,0.171104,UNKNOWN,no_sound_exact_r_boxes,0,0,0,UNKNOWN,8.60156,35.431589,False,8
uuf250-095.cnf,SATLIB,uuf250,random_control,/work/benchmarks/phase5/satlib/uuf250/uuf250-095.cnf,3c986fc7010084bf94efb8ff3e2c610366f7e570d86fd58f3ce18c8bcc879d99,evaluation,unknown_fallback_dominated,recovery completed but registry returned UNKNOWN: no_sound_exact_r_boxes,UNKNOWN,250,1065,6.64453,0.440415,RUN_LKK,134,144,1,RUN_LKK,1.17064,COMPLETE,0.196427,UNKNOWN,no_sound_exact_r_boxes,0,0,0,UNKNOWN,9.579,35.229875,False,8
uuf250-096.cnf,SATLIB,uuf250,random_control,/work/benchmarks/phase5/satlib/uuf250/uuf250-096.cnf,8c65c2253e51b3e7a2bf6d7fc208b60283e2b64e8d3e43fd992c8a0e87e8c932,evaluation,unknown_fallback_dominated,recovery completed but registry returned UNKNOWN: no_sound_exact_r_boxes,UNKNOWN,250,1065,5.38673,0.375374,RUN_LKK,141,116,0,RUN_LKK,0.778101,COMPLETE,0.193909,UNKNOWN,no_sound_exact_r_boxes,0,0,0,UNKNOWN,7.98871,35.743375,False,8
uuf250-097.cnf,SATLIB,uuf250,random_control,/work/benchmarks/phase5/satlib/uuf250/uuf250-097.cnf,be8002911de805a2496652997fffdba6717efcd38f2bd8d5359650314f731ded,evaluation,unknown_fallback_dominated,recovery completed but registry returned UNKNOWN: no_sound_exact_r_boxes,UNKNOWN,250,1065,4.09514,0.547268,RUN_LKK,128,138,0,RUN_LKK,1.15027,COMPLETE,0.125178,UNKNOWN,no_sound_exact_r_boxes,0,0,0,UNKNOWN,7.32603,19.183043,False,8
uuf250-098.cnf,SATLIB,uuf250,random_control,/work/benchmarks/phase5/satlib/uuf250/uuf250-098.cnf,4fa4629f1354c2a2ea0992c18a41eefa92f22ffc3147a2d21d9f522df5f02ff7,calibration,unknown_fallback_dominated,recovery completed but registry returned UNKNOWN: no_sound_exact_r_boxes,UNKNOWN,250,1065,4.29647,0.367396,RUN_LKK,120,126,0,RUN_LKK,0.749786,COMPLETE,0.16023,UNKNOWN,no_sound_exact_r_boxes,0,0,0,UNKNOWN,6.72924,19.667054,False,8
uuf250-099.cnf,SATLIB,uuf250,random_control,/work/benchmarks/phase5/satlib/uuf250/uuf250-099.cnf,b1c6936f3d18de547d3a385f3004f3ad3eb5d4640ba75468a1b485d80c6b3f2d,evaluation,unknown_fallback_dominated,recovery completed but registry returned UNKNOWN: no_sound_exact_r_boxes,UNKNOWN,250,1065,4.68182,0.462205,RUN_LKK,141,131,0,RUN_LKK,0.818376,COMPLETE,0.164436,UNKNOWN,no_sound_exact_r_boxes,0,0,0,UNKNOWN,7.08587,18.940643,False,8
uf200-01.cnf,SATLIB,uf200,random_control,/work/benchmarks/phase5/satlib/uf200/uf200-01.cnf,8f5b229572f5b99ae9a317f3c147fb2c3430685b861d91ee77d0acc5e1381c5d,evaluation,unknown_fallback_dominated,recovery completed but registry returned UNKNOWN: no_sound_exact_r_boxes,UNKNOWN,200,860,4.62191,0.356474,RUN_LKK,105,99,0,RUN_LKK,0.602384,COMPLETE,0.132713,UNKNOWN,no_sound_exact_r_boxes,0,0,0,UNKNOWN,6.5595,35.714126,False,8
uf200-010.cnf,SATLIB,uf200,random_control,/work/benchmarks/phase5/satlib/uf200/uf200-010.cnf,1ce97de27a50e3de01cdee2a2f4fe747a6b3c675cd2676b27beca17d8861ef64,evaluation,unknown_fallback_dominated,recovery completed but registry returned UNKNOWN: no_sound_exact_r_boxes,UNKNOWN,200,860,6.34886,0.297786,RUN_LKK,106,128,0,RUN_LKK,0.452401,COMPLETE,0.131338,UNKNOWN,no_sound_exact_r_boxes,0,0,0,UNKNOWN,8.45953,35.235546,False,8
uf200-0100.cnf,SATLIB,uf200,random_control,/work/benchmarks/phase5/satlib/uf200/uf200-0100.cnf,e6628041124718954745ad024a86edbcfc07926676acf335d3d7f9a9b7262c75,evaluation,unknown_fallback_dominated,recovery completed but registry returned UNKNOWN: no_sound_exact_r_boxes,UNKNOWN,200,860,6.16365,0.35871,RUN_LKK,99,107,0,RUN_LKK,0.627557,COMPLETE,0.149925,UNKNOWN,no_sound_exact_r_boxes,0,0,0,UNKNOWN,8.43725,37.376099,False,8
uf200-011.cnf,SATLIB,uf200,random_control,/work/benchmarks/phase5/satlib/uf200/uf200-011.cnf,bcb10897b0c80dd30e15deeb2393405442f19e3b2948fd9d5037dce797580702,calibration,unknown_fallback_dominated,recovery completed but registry returned UNKNOWN: no_sound_exact_r_boxes,UNKNOWN,200,860,3.88648,0.41657,RUN_LKK,129,100,0,RUN_LKK,0.757328,COMPLETE,0.156522,UNKNOWN,no_sound_exact_r_boxes,0,0,0,UNKNOWN,6.23632,20.001575,False,8
uf200-012.cnf,SATLIB,uf200,random_control,/work/benchmarks/phase5/satlib/uf200/uf200-012.cnf,660d9cdf8241b30db1ebede3604d724069ff2369c1a2aeb7cdcad9990195e92f,evaluation,unknown_fallback_dominated,recovery completed but registry returned UNKNOWN: no_sound_exact_r_boxes,UNKNOWN,200,860,6.20059,0.379592,RUN_LKK,106,85,1,RUN_LKK,0.579246,COMPLETE,0.122935,UNKNOWN,no_sound_exact_r_boxes,0,0,0,UNKNOWN,8.61431,21.407281,False,8
uf200-013.cnf,SATLIB,uf200,random_control,/work/benchmarks/phase5/satlib/uf200/uf200-013.cnf,e122c88795edbef805aafbf499215858a989fd93714ed3ce162f64aa1f5be216,calibration,unknown_fallback_dominated,recovery completed but registry returned UNKNOWN: no_sound_exact_r_boxes,UNKNOWN,200,860,5.24594,0.43649,RUN_LKK,125,104,0,RUN_LKK,0.629418,COMPLETE,0.136705,UNKNOWN,no_sound_exact_r_boxes,0,0,0,UNKNOWN,7.73688,18.78584,False,8
uf200-014.cnf,SATLIB,uf200,random_control,/work/benchmarks/phase5/satlib/uf200/uf200-014.cnf,e37169b4c96a4bc4ffd5159d319b412c56b6cbb381fd28da27374af48e9aa02b,evaluation,unknown_fallback_dominated,recovery completed but registry returned UNKNOWN: no_sound_exact_r_boxes,UNKNOWN,200,860,4.5898,0.385717,RUN_LKK,110,95,0,RUN_LKK,0.627297,COMPLETE,0.134409,UNKNOWN,no_sound_exact_r_boxes,0,0,0,UNKNOWN,6.61348,18.657056,False,8
uf200-015.cnf,SATLIB,uf200,random_control,/work/benchmarks/phase5/satlib/uf200/uf200-015.cnf,f6be32408ba7dd648abbaf55e9043ece4d1502a42ba85555455e3901b309d2db,evaluation,unknown_fallback_dominated,recovery completed but registry returned UNKNOWN: no_sound_exact_r_boxes,UNKNOWN,200,860,6.9511,0.520308,RUN_LKK,111,104,0,RUN_LKK,0.589377,COMPLETE,0.136889,UNKNOWN,no_sound_exact_r_boxes,0,0,0,UNKNOWN,9.46744,35.463672,False,8
uf200-016.cnf,SATLIB,uf200,random_control,/work/benchmarks/phase5/satlib/uf200/uf200-016.cnf,5967d2f7b396288f5759173c7d748c66d391edbafc7d2276c16b12a287fb19f0,evaluation,unknown_fallback_dominated,recovery completed but registry returned UNKNOWN: no_sound_exact_r_boxes,UNKNOWN,200,860,5.84914,0.324126,RUN_LKK,100,88,0,RUN_LKK,0.581118,COMPLETE,0.126952,UNKNOWN,no_sound_exact_r_boxes,0,0,0,UNKNOWN,8.12533,20.283739,False,8
uf200-017.cnf,SATLIB,uf200,random_control,/work/benchmarks/phase5/satlib/uf200/uf200-017.cnf,f767fb8a0fe9a0f80fe9d2b3dda7f33ebe1c0f5565c89ad4ea481f42d0422a2a,calibration,unknown_fallback_dominated,recovery completed but registry returned UNKNOWN: no_sound_exact_r_boxes,UNKNOWN,200,860,3.39883,0.309033,RUN_LKK,103,115,0,RUN_LKK,0.466404,COMPLETE,0.116668,UNKNOWN,no_sound_exact_r_boxes,0,0,0,UNKNOWN,5.61478,20.955932,False,8
uf200-018.cnf,SATLIB,uf200,random_control,/work/benchmarks/phase5/satlib/uf200/uf200-018.cnf,f98a669dca0801426bec819631dda651b2e880e82b7d2d3e23474c412129e55d,evaluation,unknown_fallback_dominated,recovery completed but registry returned UNKNOWN: no_sound_exact_r_boxes,UNKNOWN,200,860,5.3005,0.367366,RUN_LKK,100,106,0,RUN_LKK,0.618445,COMPLETE,0.134909,UNKNOWN,no_sound_exact_r_boxes,0,0,0,UNKNOWN,7.60389,20.794316,False,8
uf200-019.cnf,SATLIB,uf200,random_control,/work/benchmarks/phase5/satlib/uf200/uf200-019.cnf,493e834a73bd37209b63eb7fa2cbb6e6c831927ae3854fd531bfd82821891731,evaluation,unknown_fallback_dominated,recovery completed but registry returned UNKNOWN: no_sound_exact_r_boxes,UNKNOWN,200,860,6.94744,0.357267,RUN_LKK,112,110,0,RUN_LKK,0.626126,COMPLETE,0.146448,UNKNOWN,no_sound_exact_r_boxes,0,0,0,UNKNOWN,9.17934,20.924822,False,8
uf200-02.cnf,SATLIB,uf200,random_control,/work/benchmarks/phase5/satlib/uf200/uf200-02.cnf,64c5462278b331edac601fe27a36e24cb6ee0b06f11093f33d28a6d607809a98,evaluation,unknown_fallback_dominated,recovery completed but registry returned UNKNOWN: no_sound_exact_r_boxes,UNKNOWN,200,860,4.72858,0.613593,RUN_LKK,103,107,0,RUN_LKK,0.612157,COMPLETE,0.178368,UNKNOWN,no_sound_exact_r_boxes,0,0,0,UNKNOWN,7.29019,20.829222,False,8
uf200-020.cnf,SATLIB,uf200,random_control,/work/benchmarks/phase5/satlib/uf200/uf200-020.cnf,49fb1f74429cb15a11d6a6fddde5c8b2d99defb5269ff83fd3af03325adf9295,calibration,unknown_fallback_dominated,recovery completed but registry returned UNKNOWN: no_sound_exact_r_boxes,UNKNOWN,200,860,4.96784,0.381691,RUN_LKK,115,102,1,RUN_LKK,0.598581,COMPLETE,0.139202,UNKNOWN,no_sound_exact_r_boxes,0,0,0,UNKNOWN,7.18526,35.909254,False,8
uf200-021.cnf,SATLIB,uf200,random_control,/work/benchmarks/phase5/satlib/uf200/uf200-021.cnf,9a23ebb9821b53c8e58aff2750b47058496cd1b3588cd20559bcc9bd88b5a993,evaluation,unknown_fallback_dominated,recovery completed but registry returned UNKNOWN: no_sound_exact_r_boxes,UNKNOWN,200,860,7.78166,0.427248,RUN_LKK,115,102,0,RUN_LKK,0.606628,COMPLETE,0.170391,UNKNOWN,no_sound_exact_r_boxes,0,0,0,UNKNOWN,10.2101,35.963652,False,8
uf200-022.cnf,SATLIB,uf200,random_control,/work/benchmarks/phase5/satlib/uf200/uf200-022.cnf,8c89b10735dd2d6ae0e007394e385024564642ee84ff84664da45a311be6ca42,evaluation,unknown_fallback_dominated,recovery completed but registry returned UNKNOWN: no_sound_exact_r_boxes,UNKNOWN,200,860,8.11942,0.378396,RUN_LKK,111,97,0,RUN_LKK,0.619917,COMPLETE,0.128733,UNKNOWN,no_sound_exact_r_boxes,0,0,0,UNKNOWN,10.4014,36.768986,False,8
uf200-023.cnf,SATLIB,uf200,random_control,/work/benchmarks/phase5/satlib/uf200/uf200-023.cnf,c4307f2eab07073165998926a403604c54fa73cc6b290ec8beb75d1f6a64b666,evaluation,unknown_fallback_dominated,recovery completed but registry returned UNKNOWN: no_sound_exact_r_boxes,UNKNOWN,200,860,5.50739,0.408456,RUN_LKK,118,106,0,RUN_LKK,0.637714,COMPLETE,0.152582,UNKNOWN,no_sound_exact_r_boxes,0,0,0,UNKNOWN,7.69125,22.153841,False,8
uf200-024.cnf,SATLIB,uf200,random_control,/work/benchmarks/phase5/satlib/uf200/uf200-024.cnf,c5bb76df8120e5302e83af8b527a8d3ede2da5318f813aeb95dbd2d5dfb8ded9,calibration,unknown_fallback_dominated,recovery completed but registry returned UNKNOWN: no_sound_exact_r_boxes,UNKNOWN,200,860,8.59634,0.394566,RUN_LKK,111,97,0,RUN_LKK,0.621134,COMPLETE,0.200955,UNKNOWN,no_sound_exact_r_boxes,0,0,0,UNKNOWN,13.2684,36.063944,False,8
uf200-025.cnf,SATLIB,uf200,random_control,/work/benchmarks/phase5/satlib/uf200/uf200-025.cnf,2a632da9b00dca95f1ede0f106e27bbd05ee1c10f0e1c5375ab1c67e66c61865,evaluation,unknown_fallback_dominated,recovery completed but registry returned UNKNOWN: no_sound_exact_r_boxes,UNKNOWN,200,860,6.29765,0.428006,RUN_LKK,113,116,0,RUN_LKK,0.607706,COMPLETE,0.194153,UNKNOWN,no_sound_exact_r_boxes,0,0,0,UNKNOWN,8.7351,36.489169,False,8
uf200-026.cnf,SATLIB,uf200,random_control,/work/benchmarks/phase5/satlib/uf200/uf200-026.cnf,5e0336144cff047256b38bb80d1575f52cfe4263ec209694ffb606b9239dd385,evaluation,unknown_fallback_dominated,recovery completed but registry returned UNKNOWN: no_sound_exact_r_boxes,UNKNOWN,200,860,5.24928,0.384308,RUN_LKK,122,101,0,RUN_LKK,0.605348,COMPLETE,0.134583,UNKNOWN,no_sound_exact_r_boxes,0,0,0,UNKNOWN,7.80101,35.109482,False,8
uf200-027.cnf,SATLIB,uf200,random_control,/work/benchmarks/phase5/satlib/uf200/uf200-027.cnf,60917f8093f97713446d2039010882a8fedad673561809c0eb04bb82412439a1,evaluation,unknown_fallback_dominated,recovery completed but registry returned UNKNOWN: no_sound_exact_r_boxes,UNKNOWN,200,860,7.20089,1.25075,RUN_LKK,83,109,1,RUN_LKK,0.759006,COMPLETE,0.142708,UNKNOWN,no_sound_exact_r_boxes,0,0,0,UNKNOWN,10.4522,36.507929,False,8
uf200-028.cnf,SATLIB,uf200,random_control,/work/benchmarks/phase5/satlib/uf200/uf200-028.cnf,cf04c3ef6a63d3df36ede9980f9b611486156986f80789853b70e7784fea67fb,evaluation,unknown_fallback_dominated,recovery completed but registry returned UNKNOWN: no_sound_exact_r_boxes,UNKNOWN,200,860,5.06813,0.358146,RUN_LKK,105,115,0,RUN_LKK,0.607548,COMPLETE,0.150004,UNKNOWN,no_sound_exact_r_boxes,0,0,0,UNKNOWN,7.8062,36.289611,False,8
uf200-029.cnf,SATLIB,uf200,random_control,/work/benchmarks/phase5/satlib/uf200/uf200-029.cnf,5ffbc7d9c5b76061365ef01fe2c6671d40f4485eec52d9d2743d777180f867dc,calibration,unknown_fallback_dominated,recovery completed but registry returned UNKNOWN: no_sound_exact_r_boxes,UNKNOWN,200,860,5.02737,0.396801,RUN_LKK,115,126,0,RUN_LKK,0.659426,COMPLETE,0.185712,UNKNOWN,no_sound_exact_r_boxes,0,0,0,UNKNOWN,8.2939,19.605958,False,8
uf200-03.cnf,SATLIB,uf200,random_control,/work/benchmarks/phase5/satlib/uf200/uf200-03.cnf,9ac541b05e1984675d80ed1498470a6222c8ce9b8c193bf877a1e528a54967a8,evaluation,unknown_fallback_dominated,recovery completed but registry returned UNKNOWN: no_sound_exact_r_boxes,UNKNOWN,200,860,5.47621,0.391984,RUN_LKK,124,103,0,RUN_LKK,0.840707,COMPLETE,0.162487,UNKNOWN,no_sound_exact_r_boxes,0,0,0,UNKNOWN,7.98823,35.697782,False,8
uf200-030.cnf,SATLIB,uf200,random_control,/work/benchmarks/phase5/satlib/uf200/uf200-030.cnf,cb9c0c7214a21c969deb2656de783770ffe16f5fbdc453000dbbf8cd970f0b80,evaluation,unknown_fallback_dominated,recovery completed but registry returned UNKNOWN: no_sound_exact_r_boxes,UNKNOWN,200,860,8.48328,0.513753,RUN_LKK,101,121,0,RUN_LKK,0.813379,COMPLETE,0.297776,UNKNOWN,no_sound_exact_r_boxes,0,0,0,UNKNOWN,13.4544,36.483537,False,8
uf200-031.cnf,SATLIB,uf200,random_control,/work/benchmarks/phase5/satlib/uf200/uf200-031.cnf,a542ea9207023b8ec76bd1394884a6b782a5bcecc4a9ff0b897e606b335c1307,evaluation,unknown_fallback_dominated,recovery completed but registry returned UNKNOWN: no_sound_exact_r_boxes,UNKNOWN,200,860,6.35636,0.376524,RUN_LKK,97,110,0,RUN_LKK,0.589577,COMPLETE,0.132296,UNKNOWN,no_sound_exact_r_boxes,0,0,0,UNKNOWN,8.74484,37.545244,False,8
uf200-032.cnf,SATLIB,uf200,random_control,/work/benchmarks/phase5/satlib/uf200/uf200-032.cnf,370c6e744d63c4ee58417f472052cbc063d70b5ce6d9d05b131903ebe527a0a6,evaluation,unknown_fallback_dominated,recovery completed but registry returned UNKNOWN: no_sound_exact_r_boxes,UNKNOWN,200,860,6.72782,0.358105,RUN_LKK,109,102,0,RUN_LKK,0.575097,COMPLETE,0.128825,UNKNOWN,no_sound_exact_r_boxes,0,0,0,UNKNOWN,8.88922,38.3116,False,8
uf200-033.cnf,SATLIB,uf200,random_control,/work/benchmarks/phase5/satlib/uf200/uf200-033.cnf,b452f942a24675cd84a07b9cdca0d924902f3f817d63f81642638b584bf7e86a,calibration,unknown_fallback_dominated,recovery completed but registry returned UNKNOWN: no_sound_exact_r_boxes,UNKNOWN,200,860,3.86817,0.336966,RUN_LKK,111,107,0,RUN_LKK,0.540204,COMPLETE,0.105381,UNKNOWN,no_sound_exact_r_boxes,0,0,0,UNKNOWN,5.91544,21.136782,False,8
uf200-034.cnf,SATLIB,uf200,random_control,/work/benchmarks/phase5/satlib/uf200/uf200-034.cnf,ce7280194f031a2cd18b3cb54362d6ecfb7590853765aa14cd4cfac047bdb6bb,evaluation,unknown_fallback_dominated,recovery completed but registry returned UNKNOWN: no_sound_exact_r_boxes,UNKNOWN,200,860,4.90629,0.300066,RUN_LKK,123,88,0,RUN_LKK,0.517664,COMPLETE,0.118402,UNKNOWN,no_sound_exact_r_boxes,0,0,0,UNKNOWN,7.07825,20.325276,False,8
uf200-035.cnf,SATLIB,uf200,random_control,/work/benchmarks/phase5/satlib/uf200/uf200-035.cnf,21e31f90fcbd8113972f7d29426c632b9619d327757ca737b660604ee4208a6f,calibration,unknown_fallback_dominated,recovery completed but registry returned UNKNOWN: no_sound_exact_r_boxes,UNKNOWN,200,860,5.35376,0.465582,RUN_LKK,103,101,0,RUN_LKK,0.634993,COMPLETE,0.140269,UNKNOWN,no_sound_exact_r_boxes,0,0,0,UNKNOWN,7.82437,36.626918,False,8
uf200-036.cnf,SATLIB,uf200,random_control,/work/benchmarks/phase5/satlib/uf200/uf200-036.cnf,75fc61dfef9defbd7703ac67817be8ede6a860f3ec79d96af04e2874c4040e3b,evaluation,unknown_fallback_dominated,recovery completed but registry returned UNKNOWN: no_sound_exact_r_boxes,UNKNOWN,200,860,5.20686,0.398229,RUN_LKK,115,103,0,RUN_LKK,0.615215,COMPLETE,0.147205,UNKNOWN,no_sound_exact_r_boxes,0,0,0,UNKNOWN,8.54983,36.55108,False,8
uf200-037.cnf,SATLIB,uf200,random_control,/work/benchmarks/phase5/satlib/uf200/uf200-037.cnf,18a57fff9c121f3bbb7b75c0520fca37e598e2b527819769f1e0d93e0bd17d91,calibration,unknown_fallback_dominated,recovery completed but registry returned UNKNOWN: no_sound_exact_r_boxes,UNKNOWN,200,860,6.82509,0.383026,RUN_LKK,96,128,0,RUN_LKK,0.67804,COMPLETE,0.163008,UNKNOWN,no_sound_exact_r_boxes,0,0,0,UNKNOWN,9.13178,38.122465,False,8
uf200-038.cnf,SATLIB,uf200,random_control,/work/benchmarks/phase5/satlib/uf200/uf200-038.cnf,89998b7a5006fcd2253bc6d4cc1ae18b3149f93f003140c6e27b231823381936,calibration,unknown_fallback_dominated,recovery completed but registry returned UNKNOWN: no_sound_exact_r_boxes,UNKNOWN,200,860,6.26801,0.410387,RUN_LKK,104,92,0,RUN_LKK,0.545385,COMPLETE,0.126983,UNKNOWN,no_sound_exact_r_boxes,0,0,0,UNKNOWN,8.60751,36.882872,False,8
uf200-039.cnf,SATLIB,uf200,random_control,/work/benchmarks/phase5/satlib/uf200/uf200-039.cnf,7ed259487fadb1aa6317a9e016fad69128e9d45418e6a525cd7648c947cc99d4,evaluation,unknown_fallback_dominated,recovery completed but registry returned UNKNOWN: no_sound_exact_r_boxes,UNKNOWN,200,860,6.89966,0.353803,RUN_LKK,108,109,0,RUN_LKK,0.502291,COMPLETE,0.103719,UNKNOWN,no_sound_exact_r_boxes,0,0,0,UNKNOWN,8.82403,37.771891,False,8
uf200-04.cnf,SATLIB,uf200,random_control,/work/benchmarks/phase5/satlib/uf200/uf200-04.cnf,6f6ad046df30422731eeb16aa69c9f056d21bb87749d033a4084ce965aced747,evaluation,unknown_fallback_dominated,recovery completed but registry returned UNKNOWN: no_sound_exact_r_boxes,UNKNOWN,200,860,7.08849,0.34968,RUN_LKK,108,111,0,RUN_LKK,0.560754,COMPLETE,0.12219,UNKNOWN,no_sound_exact_r_boxes,0,0,0,UNKNOWN,9.14769,35.469013,False,8
uf200-040.cnf,SATLIB,uf200,random_control,/work/benchmarks/phase5/satlib/uf200/uf200-040.cnf,0aa72653c0203750ab5b6149a36185700716a79bc2df888ff3015274fc61c9e7,evaluation,unknown_fallback_dominated,recovery completed but registry returned UNKNOWN: no_sound_exact_r_boxes,UNKNOWN,200,860,4.99308,0.365477,RUN_LKK,79,105,0,RUN_LKK,0.663187,COMPLETE,0.135134,UNKNOWN,no_sound_exact_r_boxes,0,0,0,UNKNOWN,7.12303,19.884843,False,8
uf200-041.cnf,SATLIB,uf200,random_control,/work/benchmarks/phase5/satlib/uf200/uf200-041.cnf,bc55da22a74e4ac41176b7bca8a8c420196acccb5d8fecd3ff4738c824dc0d1f,evaluation,unknown_fallback_dominated,recovery completed but registry returned UNKNOWN: no_sound_exact_r_boxes,UNKNOWN,200,860,6.18448,0.317046,RUN_LKK,100,118,0,RUN_LKK,0.546011,COMPLETE,0.137675,UNKNOWN,no_sound_exact_r_boxes,0,0,0,UNKNOWN,8.43805,20.343967,False,8
uf200-042.cnf,SATLIB,uf200,random_control,/work/benchmarks/phase5/satlib/uf200/uf200-042.cnf,7b4530eaf75f339216704823d15f92ed9e9419f43c54e3266bb48e3503d05a4a,evaluation,unknown_fallback_dominated,recovery completed but registry returned UNKNOWN: no_sound_exact_r_boxes,UNKNOWN,200,860,6.23007,0.609876,RUN_LKK,117,103,0,RUN_LKK,0.592065,COMPLETE,0.158955,UNKNOWN,no_sound_exact_r_boxes,0,0,0,UNKNOWN,8.79871,35.894967,False,8
uf200-043.cnf,SATLIB,uf200,random_control,/work/benchmarks/phase5/satlib/uf200/uf200-043.cnf,79453abac59d199c69cc6a65312de91896bebe587ef59515023f0114f21a1bb2,evaluation,unknown_fallback_dominated,recovery completed but registry returned UNKNOWN: no_sound_exact_r_boxes,UNKNOWN,200,860,7.14064,0.361861,RUN_LKK,116,96,0,RUN_LKK,0.589805,COMPLETE,0.139919,UNKNOWN,no_sound_exact_r_boxes,0,0,0,UNKNOWN,17.1878,37.223155,False,8
uf200-044.cnf,SATLIB,uf200,random_control,/work/benchmarks/phase5/satlib/uf200/uf200-044.cnf,83c348d01d52a879b31c69ec3789415cc60667876e2b6fb6445472911923adc9,calibration,unknown_fallback_dominated,recovery completed but registry returned UNKNOWN: no_sound_exact_r_boxes,UNKNOWN,200,860,33.0048,0.402458,RUN_LKK,100,109,0,RUN_LKK,0.653857,COMPLETE,0.155423,UNKNOWN,no_sound_exact_r_boxes,0,0,0,UNKNOWN,39.8914,70.601469,False,8
uf200-045.cnf,SATLIB,uf200,random_control,/work/benchmarks/phase5/satlib/uf200/uf200-045.cnf,875d0d1cb2bdfd645a158876ec826b65f2239fedefd242266bf42493372df9d4,evaluation,unknown_fallback_dominated,recovery completed but registry returned UNKNOWN: no_sound_exact_r_boxes,UNKNOWN,200,860,19.822,0.463213,RUN_LKK,110,85,0,RUN_LKK,1.43973,COMPLETE,0.121243,UNKNOWN,no_sound_exact_r_boxes,0,0,0,UNKNOWN,23.8759,86.063886,False,8
uf200-046.cnf,SATLIB,uf200,random_control,/work/benchmarks/phase5/satlib/uf200/uf200-046.cnf,4c8de4ca3641c44d6aa7adcd5f8cb74a3b25c5bdce66ba88b81dcc09b452338d,evaluation,unknown_fallback_dominated,recovery completed but registry returned UNKNOWN: no_sound_exact_r_boxes,UNKNOWN,200,860,8.63173,0.325711,RUN_LKK,119,95,0,RUN_LKK,0.515242,COMPLETE,0.117722,UNKNOWN,no_sound_exact_r_boxes,0,0,0,UNKNOWN,10.817,53.531208,False,8
uf200-047.cnf,SATLIB,uf200,random_control,/work/benchmarks/phase5/satlib/uf200/uf200-047.cnf,cd1c5726d404ef3579b526c67497e76c3ebb7d1693b4af60e301d7e35e06e7e3,evaluation,unknown_fallback_dominated,recovery completed but registry returned UNKNOWN: no_sound_exact_r_boxes,UNKNOWN,200,860,5.22007,0.390049,RUN_LKK,101,101,0,RUN_LKK,0.585952,COMPLETE,0.136409,UNKNOWN,no_sound_exact_r_boxes,0,0,0,UNKNOWN,7.5782,54.338737,False,8
uf200-048.cnf,SATLIB,uf200,random_control,/work/benchmarks/phase5/satlib/uf200/uf200-048.cnf,fee3a8d9a9015ceb04ad7ff596dc0b708f8cdc80f8416d8291ebe0f9aae464bc,evaluation,unknown_fallback_dominated,recovery completed but registry returned UNKNOWN: no_sound_exact_r_boxes,UNKNOWN,200,860,5.00822,0.347126,RUN_LKK,114,117,0,RUN_LKK,0.586621,COMPLETE,0.117537,UNKNOWN,no_sound_exact_r_boxes,0,0,0,UNKNOWN,7.25812,51.241691,False,8
uf200-049.cnf,SATLIB,uf200,random_control,/work/benchmarks/phase5/satlib/uf200/uf200-049.cnf,90281819cba523397a70bba77bc2bc42e24c732e5a54a0bede3f0183496840be,evaluation,unknown_fallback_dominated,recovery completed but registry returned UNKNOWN: no_sound_exact_r_boxes,UNKNOWN,200,860,5.28863,0.294448,RUN_LKK,141,99,0,RUN_LKK,0.50971,COMPLETE,0.141443,UNKNOWN,no_sound_exact_r_boxes,0,0,0,UNKNOWN,7.41899,43.350346,False,8
uf200-05.cnf,SATLIB,uf200,random_control,/work/benchmarks/phase5/satlib/uf200/uf200-05.cnf,180b926d062abf529e4670470a87ac68305f363e3b10e12c0d6bb144cb2c9240,calibration,unknown_fallback_dominated,recovery completed but registry returned UNKNOWN: no_sound_exact_r_boxes,UNKNOWN,200,860,4.97134,0.315217,RUN_LKK,126,110,0,RUN_LKK,0.669224,COMPLETE,0.277981,UNKNOWN,no_sound_exact_r_boxes,0,0,0,UNKNOWN,7.56741,42.252926,False,8
uf200-050.cnf,SATLIB,uf200,random_control,/work/benchmarks/phase5/satlib/uf200/uf200-050.cnf,1cf5d95af0d9bc3e79dcfac89eca6c156ed3329511a391e216b5571e8b2bdf6f,calibration,unknown_fallback_dominated,recovery completed but registry returned UNKNOWN: no_sound_exact_r_boxes,UNKNOWN,200,860,10.7984,0.428471,RUN_LKK,116,113,0,RUN_LKK,0.628878,COMPLETE,0.136744,UNKNOWN,no_sound_exact_r_boxes,0,0,0,UNKNOWN,19.1668,35.884493,False,8
uf200-051.cnf,SATLIB,uf200,random_control,/work/benchmarks/phase5/satlib/uf200/uf200-051.cnf,5715c99304a55357d05e1399ddb5b07ab1fa50422de77599e92d0c8b29480fa0,calibration,unknown_fallback_dominated,recovery completed but registry returned UNKNOWN: no_sound_exact_r_boxes,UNKNOWN,200,860,9.20441,0.439081,RUN_LKK,113,100,0,RUN_LKK,0.620666,COMPLETE,0.171557,UNKNOWN,no_sound_exact_r_boxes,0,0,0,UNKNOWN,11.7614,36.458469,False,8
uf200-052.cnf,SATLIB,uf200,random_control,/work/benchmarks/phase5/satlib/uf200/uf200-052.cnf,42280614473ac510d208bfaaffa37440e5b9e4f650ab35ab7c444c940e5836f0,evaluation,unknown_fallback_dominated,recovery completed but registry returned UNKNOWN: no_sound_exact_r_boxes,UNKNOWN,200,860,7.90545,0.367446,RUN_LKK,113,114,2,RUN_LKK,0.594752,COMPLETE,0.145698,UNKNOWN,no_sound_exact_r_boxes,0,0,0,UNKNOWN,10.3005,37.928191,False,8
uf200-053.cnf,SATLIB,uf200,random_control,/work/benchmarks/phase5/satlib/uf200/uf200-053.cnf,c2b0dd1fc2cadce3145ab361e78a6170a0f7c3353800994c41271a454fab12b1,evaluation,unknown_fallback_dominated,recovery completed but registry returned UNKNOWN: no_sound_exact_r_boxes,UNKNOWN,200,860,6.04636,0.340439,RUN_LKK,96,125,0,RUN_LKK,0.563346,COMPLETE,0.134226,UNKNOWN,no_sound_exact_r_boxes,0,0,0,UNKNOWN,8.53014,36.542955,False,8
uf200-054.cnf,SATLIB,uf200,random_control,/work/benchmarks/phase5/satlib/uf200/uf200-054.cnf,421464f1dcffe08461c8d24190968795ee18a94d5ea01660074cae03c7ae2f70,evaluation,unknown_fallback_dominated,recovery completed but registry returned UNKNOWN: no_sound_exact_r_boxes,UNKNOWN,200,860,4.68773,0.380772,RUN_LKK,111,104,0,RUN_LKK,0.621901,COMPLETE,0.147399,UNKNOWN,no_sound_exact_r_boxes,0,0,0,UNKNOWN,6.8487,19.985528,False,8
uf200-055.cnf,SATLIB,uf200,random_control,/work/benchmarks/phase5/satlib/uf200/uf200-055.cnf,d875673002982336d93e79e85c1c04d1b0302da7143192b41be67c753d490c09,evaluation,unknown_fallback_dominated,recovery completed but registry returned UNKNOWN: no_sound_exact_r_boxes,UNKNOWN,200,860,4.52266,0.375903,RUN_LKK,108,114,0,RUN_LKK,0.594531,COMPLETE,0.1263,UNKNOWN,no_sound_exact_r_boxes,0,0,0,UNKNOWN,6.60046,20.647081,False,8
uf200-056.cnf,SATLIB,uf200,random_control,/work/benchmarks/phase5/satlib/uf200/uf200-056.cnf,9acaa8488dbafc7942a9e7ab566acfe719e8e61751ef4ad0a5570d00a7aee562,evaluation,unknown_fallback_dominated,recovery completed but registry returned UNKNOWN: no_sound_exact_r_boxes,UNKNOWN,200,860,4.14018,0.375083,RUN_LKK,110,100,0,RUN_LKK,0.651701,COMPLETE,0.148254,UNKNOWN,no_sound_exact_r_boxes,0,0,0,UNKNOWN,6.14364,19.540915,False,8
uf200-057.cnf,SATLIB,uf200,random_control,/work/benchmarks/phase5/satlib/uf200/uf200-057.cnf,70f7d21ca0b3203d214a5ccb41f9a7793ff5be2fd9cb556990464bf484dd34a7,evaluation,unknown_fallback_dominated,recovery completed but registry returned UNKNOWN: no_sound_exact_r_boxes,UNKNOWN,200,860,4.78684,0.29175,RUN_LKK,124,109,0,RUN_LKK,0.582162,COMPLETE,0.134679,UNKNOWN,no_sound_exact_r_boxes,0,0,0,UNKNOWN,7.04293,36.4854,False,8
uf200-058.cnf,SATLIB,uf200,random_control,/work/benchmarks/phase5/satlib/uf200/uf200-058.cnf,a09735ddd5499172d97f8180c284cbbf5a74b277f79c5077bc8db5ae194e1eb2,evaluation,unknown_fallback_dominated,recovery completed but registry returned UNKNOWN: no_sound_exact_r_boxes,UNKNOWN,200,860,5.60384,0.321006,RUN_LKK,114,129,0,RUN_LKK,0.540087,COMPLETE,0.127893,UNKNOWN,no_sound_exact_r_boxes,0,0,0,UNKNOWN,7.54664,20.025066,False,8
uf200-059.cnf,SATLIB,uf200,random_control,/work/benchmarks/phase5/satlib/uf200/uf200-059.cnf,61e54eca5637eb5048004dba3a2324adf9f386ed7bc0ea6788131a503269f352,evaluation,unknown_fallback_dominated,recovery completed but registry returned UNKNOWN: no_sound_exact_r_boxes,UNKNOWN,200,860,7.57104,0.378105,RUN_LKK,122,103,0,RUN_LKK,0.58204,COMPLETE,0.151421,UNKNOWN,no_sound_exact_r_boxes,0,0,0,UNKNOWN,9.66779,35.420432,False,8
uf200-06.cnf,SATLIB,uf200,random_control,/work/benchmarks/phase5/satlib/uf200/uf200-06.cnf,7bf03d878acce98100b6eeb0d31918de72710c984111bd67cc75c24ad93a3ca3,evaluation,unknown_fallback_dominated,recovery completed but registry returned UNKNOWN: no_sound_exact_r_boxes,UNKNOWN,200,860,6.53658,0.369935,RUN_LKK,106,113,0,RUN_LKK,0.57409,COMPLETE,0.144319,UNKNOWN,no_sound_exact_r_boxes,0,0,0,UNKNOWN,9.11849,23.274039,False,8
uf200-060.cnf,SATLIB,uf200,random_control,/work/benchmarks/phase5/satlib/uf200/uf200-060.cnf,d0853f93c009354c5537d274ec189d7950469a4d303edf45bd84538ab9bbf9b1,evaluation,unknown_fallback_dominated,recovery completed but registry returned UNKNOWN: no_sound_exact_r_boxes,UNKNOWN,200,860,6.05158,0.326789,RUN_LKK,114,105,0,RUN_LKK,0.498612,COMPLETE,0.100894,UNKNOWN,no_sound_exact_r_boxes,0,0,0,UNKNOWN,8.05442,20.749845,False,8
uf200-061.cnf,SATLIB,uf200,random_control,/work/benchmarks/phase5/satlib/uf200/uf200-061.cnf,c9c1da59903a9a3254af4c64fe66d92a449e78127236b0de64dceb80d908954c,calibration,unknown_fallback_dominated,recovery completed but registry returned UNKNOWN: no_sound_exact_r_boxes,UNKNOWN,200,860,6.42094,0.415623,RUN_LKK,103,98,0,RUN_LKK,0.547725,COMPLETE,0.132322,UNKNOWN,no_sound_exact_r_boxes,0,0,0,UNKNOWN,8.44338,36.451369,False,8
uf200-062.cnf,SATLIB,uf200,random_control,/work/benchmarks/phase5/satlib/uf200/uf200-062.cnf,00977c4fb171d4533c0db1f320261584d3d25f43d04fc161f76ccdb8ec2b85c2,evaluation,unknown_fallback_dominated,recovery completed but registry returned UNKNOWN: no_sound_exact_r_boxes,UNKNOWN,200,860,4.12404,0.355302,RUN_LKK,106,116,0,RUN_LKK,0.598809,COMPLETE,0.166806,UNKNOWN,no_sound_exact_r_boxes,0,0,0,UNKNOWN,6.07944,35.819928,False,8
uf200-063.cnf,SATLIB,uf200,random_control,/work/benchmarks/phase5/satlib/uf200/uf200-063.cnf,91f21fdadb7a929e88fa813855bbb588b9c1cdfc7a055f96c40c456c2ee8e022,evaluation,unknown_fallback_dominated,recovery completed but registry returned UNKNOWN: no_sound_exact_r_boxes,UNKNOWN,200,860,4.00657,0.328158,RUN_LKK,111,92,0,RUN_LKK,0.552278,COMPLETE,0.102639,UNKNOWN,no_sound_exact_r_boxes,0,0,0,UNKNOWN,5.82998,35.597108,False,8
uf200-064.cnf,SATLIB,uf200,random_control,/work/benchmarks/phase5/satlib/uf200/uf200-064.cnf,1d5d8f27fee9940c5aae27daf692d7fa3259d3748a9a56e08d4597602dc745f4,evaluation,unknown_fallback_dominated,recovery completed but registry returned UNKNOWN: no_sound_exact_r_boxes,UNKNOWN,200,860,3.68481,0.351286,RUN_LKK,96,103,0,RUN_LKK,0.631108,COMPLETE,0.170785,UNKNOWN,no_sound_exact_r_boxes,0,0,0,UNKNOWN,7.28982,19.825569,False,8
uf200-065.cnf,SATLIB,uf200,random_control,/work/benchmarks/phase5/satlib/uf200/uf200-065.cnf,156478c2ac02d3b245b72501ee4faab79b0078321d2537066e6a1848ff2031cc,evaluation,unknown_fallback_dominated,recovery completed but registry returned UNKNOWN: no_sound_exact_r_boxes,UNKNOWN,200,860,6.19552,0.381137,RUN_LKK,94,108,0,RUN_LKK,0.59848,COMPLETE,0.127599,UNKNOWN,no_sound_exact_r_boxes,0,0,0,UNKNOWN,8.34527,35.963448,False,8
uf200-066.cnf,SATLIB,uf200,random_control,/work/benchmarks/phase5/satlib/uf200/uf200-066.cnf,fbd8003f4eb88c99ac77a2458fd6f435cc5766d9bc69acd6d997fce5de36b297,evaluation,unknown_fallback_dominated,recovery completed but registry returned UNKNOWN: no_sound_exact_r_boxes,UNKNOWN,200,860,5.98088,0.300742,RUN_LKK,103,96,0,RUN_LKK,0.60007,COMPLETE,0.110087,UNKNOWN,no_sound_exact_r_boxes,0,0,0,UNKNOWN,7.89346,20.247839,False,8
uf200-067.cnf,SATLIB,uf200,random_control,/work/benchmarks/phase5/satlib/uf200/uf200-067.cnf,7d2849e0d7de344ea8f8dd4b6425f66095f420faea3d71fd3ec2edb810833465,evaluation,unknown_fallback_dominated,recovery completed but registry returned UNKNOWN: no_sound_exact_r_boxes,UNKNOWN,200,860,4.44602,0.373703,RUN_LKK,108,104,0,RUN_LKK,0.651407,COMPLETE,0.152947,UNKNOWN,no_sound_exact_r_boxes,0,0,0,UNKNOWN,6.61105,19.861275,False,8
uf200-068.cnf,SATLIB,uf200,random_control,/work/benchmarks/phase5/satlib/uf200/uf200-068.cnf,6d3494505873a4feabd9519073b18d44641c5222633f0430537e2e2f9bafb888,evaluation,unknown_fallback_dominated,recovery completed but registry returned UNKNOWN: no_sound_exact_r_boxes,UNKNOWN,200,860,3.84322,0.370783,RUN_LKK,111,119,0,RUN_LKK,0.657576,COMPLETE,0.149693,UNKNOWN,no_sound_exact_r_boxes,0,0,0,UNKNOWN,6.27749,19.711235,False,8
uf200-069.cnf,SATLIB,uf200,random_control,/work/benchmarks/phase5/satlib/uf200/uf200-069.cnf,0ab38df19982d103d7e9c3a5ed5bf1723278b4b5694abef6239d9a115741978f,evaluation,unknown_fallback_dominated,recovery completed but registry returned UNKNOWN: no_sound_exact_r_boxes,UNKNOWN,200,860,5.84023,0.310416,RUN_LKK,88,110,0,RUN_LKK,0.528211,COMPLETE,0.111111,UNKNOWN,no_sound_exact_r_boxes,0,0,0,UNKNOWN,7.62997,36.102359,False,8
uf200-07.cnf,SATLIB,uf200,random_control,/work/benchmarks/phase5/satlib/uf200/uf200-07.cnf,16a58504b7b44975dfed1f1c7307143a8c2b58c65abc4eaac7fb453a88d69760,evaluation,unknown_fallback_dominated,recovery completed but registry returned UNKNOWN: no_sound_exact_r_boxes,UNKNOWN,200,860,5.83546,0.377549,RUN_LKK,91,98,0,RUN_LKK,0.615848,COMPLETE,0.136362,UNKNOWN,no_sound_exact_r_boxes,0,0,0,UNKNOWN,8.27111,35.595678,False,8
uf200-070.cnf,SATLIB,uf200,random_control,/work/benchmarks/phase5/satlib/uf200/uf200-070.cnf,a00b1b5d289bbd92381f28a6f531509d2a1afb3b1045842e4ea074390816df4d,evaluation,unknown_fallback_dominated,recovery completed but registry returned UNKNOWN: no_sound_exact_r_boxes,UNKNOWN,200,860,4.00389,0.304193,RUN_LKK,103,108,0,RUN_LKK,0.577087,COMPLETE,0.146077,UNKNOWN,no_sound_exact_r_boxes,0,0,0,UNKNOWN,6.04703,19.015755,False,8
uf200-071.cnf,SATLIB,uf200,random_control,/work/benchmarks/phase5/satlib/uf200/uf200-071.cnf,3165db94bd8b58fbf1b2d38b6cb36916fe62c0f5418feb4a644f46eee97f6f5e,calibration,unknown_fallback_dominated,recovery completed but registry returned UNKNOWN: no_sound_exact_r_boxes,UNKNOWN,200,860,4.45044,0.288092,RUN_LKK,116,100,0,RUN_LKK,0.468755,COMPLETE,0.108907,UNKNOWN,no_sound_exact_r_boxes,0,0,0,UNKNOWN,6.25863,19.694745,False,8
uf200-072.cnf,SATLIB,uf200,random_control,/work/benchmarks/phase5/satlib/uf200/uf200-072.cnf,c47c11d3dbcc6f439995df2216e843f7bee8311debcc7c448687407ab4e82c79,evaluation,unknown_fallback_dominated,recovery completed but registry returned UNKNOWN: no_sound_exact_r_boxes,UNKNOWN,200,860,7.3327,0.362558,RUN_LKK,115,120,0,RUN_LKK,0.612223,COMPLETE,0.144468,UNKNOWN,no_sound_exact_r_boxes,0,0,0,UNKNOWN,9.49573,36.544885,False,8
uf200-073.cnf,SATLIB,uf200,random_control,/work/benchmarks/phase5/satlib/uf200/uf200-073.cnf,2ce98bbc03eecf8a7e9721bea2da6d89c9d2d50db234fe0cd8b241377598816c,evaluation,unknown_fallback_dominated,recovery completed but registry returned UNKNOWN: no_sound_exact_r_boxes,UNKNOWN,200,860,7.59681,0.360023,RUN_LKK,113,107,0,RUN_LKK,0.588366,COMPLETE,0.109798,UNKNOWN,no_sound_exact_r_boxes,0,0,0,UNKNOWN,9.73965,36.684974,False,8
uf200-074.cnf,SATLIB,uf200,random_control,/work/benchmarks/phase5/satlib/uf200/uf200-074.cnf,dc2f2cbe2d7587b70449f1fddb55dda8a3ce1323d012ec9a7f7a04587daae407,evaluation,unknown_fallback_dominated,recovery completed but registry returned UNKNOWN: no_sound_exact_r_boxes,UNKNOWN,200,860,4.17701,0.346357,RUN_LKK,94,115,0,RUN_LKK,1.02333,COMPLETE,0.320007,UNKNOWN,no_sound_exact_r_boxes,0,0,0,UNKNOWN,7.03605,18.959183,False,8
uf200-075.cnf,SATLIB,uf200,random_control,/work/benchmarks/phase5/satlib/uf200/uf200-075.cnf,a2725e83b8024983563de9a939ccd8687c05162ebf3da4554669b5f8cfaa77c2,evaluation,unknown_fallback_dominated,recovery completed but registry returned UNKNOWN: no_sound_exact_r_boxes,UNKNOWN,200,860,5.54205,0.340621,RUN_LKK,91,114,0,RUN_LKK,0.625628,COMPLETE,0.151055,UNKNOWN,no_sound_exact_r_boxes,0,0,0,UNKNOWN,7.5876,19.052706,False,8
uf200-076.cnf,SATLIB,uf200,random_control,/work/benchmarks/phase5/satlib/uf200/uf200-076.cnf,8e9682170a9838b5c8d5ee36b9e5f7b5b61fda01216076a9f3ecc02f3a699d34,evaluation,unknown_fallback_dominated,recovery completed but registry returned UNKNOWN: no_sound_exact_r_boxes,UNKNOWN,200,860,7.41498,0.370214,RUN_LKK,107,119,0,RUN_LKK,0.570393,COMPLETE,0.169885,UNKNOWN,no_sound_exact_r_boxes,0,0,0,UNKNOWN,9.47257,36.53853,False,8
uf200-077.cnf,SATLIB,uf200,random_control,/work/benchmarks/phase5/satlib/uf200/uf200-077.cnf,21034cb3f7041296c17c446d0e692e97dbbd10b760ef2b87fe3fc9fbb9306e18,calibration,unknown_fallback_dominated,recovery completed but registry returned UNKNOWN: no_sound_exact_r_boxes,UNKNOWN,200,860,7.02409,0.384972,RUN_LKK,120,90,0,RUN_LKK,0.643213,COMPLETE,0.131656,UNKNOWN,no_sound_exact_r_boxes,0,0,0,UNKNOWN,9.23237,35.183925,False,8
uf200-078.cnf,SATLIB,uf200,random_control,/work/benchmarks/phase5/satlib/uf200/uf200-078.cnf,d5a8187208117acdebd0aaae234c95dadf1c7961a22a4496dd5ed3092a553931,evaluation,unknown_fallback_dominated,recovery completed but registry returned UNKNOWN: no_sound_exact_r_boxes,UNKNOWN,200,860,5.90672,0.366683,RUN_LKK,116,120,1,RUN_LKK,0.647102,COMPLETE,0.153705,UNKNOWN,no_sound_exact_r_boxes,0,0,0,UNKNOWN,8.16105,20.837366,False,8
uf200-079.cnf,SATLIB,uf200,random_control,/work/benchmarks/phase5/satlib/uf200/uf200-079.cnf,ab3719377c73402f6d94d5574abcbcf228dbeba7df9250b04ad9fe08d7225223,calibration,unknown_fallback_dominated,recovery completed but registry returned UNKNOWN: no_sound_exact_r_boxes,UNKNOWN,200,860,5.8701,0.587003,RUN_LKK,101,109,0,RUN_LKK,0.591048,COMPLETE,0.449476,UNKNOWN,no_sound_exact_r_boxes,0,0,0,UNKNOWN,8.55856,36.373445,False,8
uf200-08.cnf,SATLIB,uf200,random_control,/work/benchmarks/phase5/satlib/uf200/uf200-08.cnf,6b264de53e61ad8e3f23df5f9d93c5247de08208cb40abc83b91aa57b229dc91,evaluation,unknown_fallback_dominated,recovery completed but registry returned UNKNOWN: no_sound_exact_r_boxes,UNKNOWN,200,860,3.56747,0.275984,RUN_LKK,106,111,0,RUN_LKK,0.466646,COMPLETE,0.104639,UNKNOWN,no_sound_exact_r_boxes,0,0,0,UNKNOWN,5.40121,18.458295,False,8
uf200-080.cnf,SATLIB,uf200,random_control,/work/benchmarks/phase5/satlib/uf200/uf200-080.cnf,9e2fedc1caf3137087d29495c91d4b604a5ffe64c47ad1c8c2ff7949182401cc,evaluation,unknown_fallback_dominated,recovery completed but registry returned UNKNOWN: no_sound_exact_r_boxes,UNKNOWN,200,860,4.04025,0.36685,RUN_LKK,118,107,0,RUN_LKK,0.613397,COMPLETE,0.145636,UNKNOWN,no_sound_exact_r_boxes,0,0,0,UNKNOWN,5.97983,19.556506,False,8
uf200-081.cnf,SATLIB,uf200,random_control,/work/benchmarks/phase5/satlib/uf200/uf200-081.cnf,2dbfb7e7143d428182b7fb6797af41a8b6dd87b063f315c59604ad8620b1d6b8,evaluation,unknown_fallback_dominated,recovery completed but registry returned UNKNOWN: no_sound_exact_r_boxes,UNKNOWN,200,860,5.88794,0.307382,RUN_LKK,101,110,0,RUN_LKK,0.504675,COMPLETE,0.143964,UNKNOWN,no_sound_exact_r_boxes,0,0,0,UNKNOWN,7.71394,18.688276,False,8
uf200-082.cnf,SATLIB,uf200,random_control,/work/benchmarks/phase5/satlib/uf200/uf200-082.cnf,050c53924c787350d1f8f23549ed39ec9a76c3d4775205c236d80057dd270d6e,evaluation,unknown_fallback_dominated,recovery completed but registry returned UNKNOWN: no_sound_exact_r_boxes,UNKNOWN,200,860,6.48402,0.351284,RUN_LKK,104,109,0,RUN_LKK,0.512935,COMPLETE,0.096281,UNKNOWN,no_sound_exact_r_boxes,0,0,0,UNKNOWN,8.34756,18.878092,False,8
uf200-083.cnf,SATLIB,uf200,random_control,/work/benchmarks/phase5/satlib/uf200/uf200-083.cnf,6862b8ea731b16a7ba7f96128c50dff50944e66f0c2cc246fa063315da77d8eb,evaluation,unknown_fallback_dominated,recovery completed but registry returned UNKNOWN: no_sound_exact_r_boxes,UNKNOWN,200,860,6.64494,0.380992,RUN_LKK,103,111,0,RUN_LKK,0.623992,COMPLETE,0.147439,UNKNOWN,no_sound_exact_r_boxes,0,0,0,UNKNOWN,8.8812,34.831045,False,8
uf200-084.cnf,SATLIB,uf200,random_control,/work/benchmarks/phase5/satlib/uf200/uf200-084.cnf,fb075d0b99906b02fd52baa1c2fd6b9a6d9406743b43f776868babf347d2d3e0,evaluation,unknown_fallback_dominated,recovery completed but registry returned UNKNOWN: no_sound_exact_r_boxes,UNKNOWN,200,860,5.79397,0.344951,RUN_LKK,117,105,0,RUN_LKK,0.556387,COMPLETE,0.14343,UNKNOWN,no_sound_exact_r_boxes,0,0,0,UNKNOWN,7.91149,19.369137,False,8
uf200-085.cnf,SATLIB,uf200,random_control,/work/benchmarks/phase5/satlib/uf200/uf200-085.cnf,ae056a036fb944c77de0049dd7e241cb341a9af2cf1d072e053e8166b06b83fc,evaluation,unknown_fallback_dominated,recovery completed but registry returned UNKNOWN: no_sound_exact_r_boxes,UNKNOWN,200,860,5.38882,0.613806,RUN_LKK,117,110,0,RUN_LKK,0.899084,COMPLETE,0.227201,UNKNOWN,no_sound_exact_r_boxes,0,0,0,UNKNOWN,8.4759,20.426977,False,8
uf200-086.cnf,SATLIB,uf200,random_control,/work/benchmarks/phase5/satlib/uf200/uf200-086.cnf,5b6273ab1beb807e904a39d6267e7a102b8559f63b3fd88b16dfe6a2ee7eb4da,calibration,unknown_fallback_dominated,recovery completed but registry returned UNKNOWN: no_sound_exact_r_boxes,UNKNOWN,200,860,3.78146,0.363513,RUN_LKK,109,106,0,RUN_LKK,0.56107,COMPLETE,0.13059,UNKNOWN,no_sound_exact_r_boxes,0,0,0,UNKNOWN,5.8268,22.638541,False,8
uf200-087.cnf,SATLIB,uf200,random_control,/work/benchmarks/phase5/satlib/uf200/uf200-087.cnf,7139e24aadbbc96e64ceddb2096b071b541adced839b423f767c4020e11d43c3,evaluation,unknown_fallback_dominated,recovery completed but registry returned UNKNOWN: no_sound_exact_r_boxes,UNKNOWN,200,860,4.4517,0.383355,RUN_LKK,114,116,0,RUN_LKK,0.543011,COMPLETE,0.127141,UNKNOWN,no_sound_exact_r_boxes,0,0,0,UNKNOWN,6.57006,22.667142,False,8
uf200-088.cnf,SATLIB,uf200,random_control,/work/benchmarks/phase5/satlib/uf200/uf200-088.cnf,49a71c43116bfe48b95e5afa4988b28d065f89517efbfd5982b3d15aa95cf36a,evaluation,unknown_fallback_dominated,recovery completed but registry returned UNKNOWN: no_sound_exact_r_boxes,UNKNOWN,200,860,6.32855,0.486426,RUN_LKK,103,124,0,RUN_LKK,0.872024,COMPLETE,0.158033,UNKNOWN,no_sound_exact_r_boxes,0,0,0,UNKNOWN,8.7507,20.940146,False,8
uf200-089.cnf,SATLIB,uf200,random_control,/work/benchmarks/phase5/satlib/uf200/uf200-089.cnf,e3ecff43e9769e248cbffde5b57368e96b2c31eec5d515509ed1d9c5d8616ffa,evaluation,unknown_fallback_dominated,recovery completed but registry returned UNKNOWN: no_sound_exact_r_boxes,UNKNOWN,200,860,4.03633,0.35617,RUN_LKK,109,111,0,RUN_LKK,0.589029,COMPLETE,0.152932,UNKNOWN,no_sound_exact_r_boxes,0,0,0,UNKNOWN,6.01183,20.408285,False,8
uf200-09.cnf,SATLIB,uf200,random_control,/work/benchmarks/phase5/satlib/uf200/uf200-09.cnf,41108e5396c38ebd2b019d8c32523791e3cf6a5e59b2a2dbc1e6629e4068e54e,evaluation,unknown_fallback_dominated,recovery completed but registry returned UNKNOWN: no_sound_exact_r_boxes,UNKNOWN,200,860,4.69962,0.276391,RUN_LKK,101,108,1,RUN_LKK,0.475201,COMPLETE,0.129377,UNKNOWN,no_sound_exact_r_boxes,0,0,0,UNKNOWN,6.58145,36.179587,False,8
uf200-090.cnf,SATLIB,uf200,random_control,/work/benchmarks/phase5/satlib/uf200/uf200-090.cnf,67ffe2ecd4123ee1b183581e7af682b961f3dcf0ea9fd665a1ef923ed5e659f9,calibration,unknown_fallback_dominated,recovery completed but registry returned UNKNOWN: no_sound_exact_r_boxes,UNKNOWN,200,860,7.7198,0.359202,RUN_LKK,84,107,0,RUN_LKK,0.637496,COMPLETE,0.142459,UNKNOWN,no_sound_exact_r_boxes,0,0,0,UNKNOWN,10.2275,42.238365,False,8
uf200-091.cnf,SATLIB,uf200,random_control,/work/benchmarks/phase5/satlib/uf200/uf200-091.cnf,3852c0581d1ab380ff31588ad08969dea8d247d8e43b21757a65275459b724f6,calibration,unknown_fallback_dominated,recovery completed but registry returned UNKNOWN: no_sound_exact_r_boxes,UNKNOWN,200,860,4.29945,0.44096,RUN_LKK,104,91,1,RUN_LKK,0.793818,COMPLETE,0.17357,UNKNOWN,no_sound_exact_r_boxes,0,0,0,UNKNOWN,7.19096,40.998055,False,8
uf200-092.cnf,SATLIB,uf200,random_control,/work/benchmarks/phase5/satlib/uf200/uf200-092.cnf,8ec9e14b8489d884c5e961411b190ff47b13a10f72ce0fdf54d45d4dc66e7f63,evaluation,unknown_fallback_dominated,recovery completed but registry returned UNKNOWN: no_sound_exact_r_boxes,UNKNOWN,200,860,6.02908,0.333628,RUN_LKK,101,103,0,RUN_LKK,0.578391,COMPLETE,0.14511,UNKNOWN,no_sound_exact_r_boxes,0,0,0,UNKNOWN,8.36082,38.603222,False,8
uf200-093.cnf,SATLIB,uf200,random_control,/work/benchmarks/phase5/satlib/uf200/uf200-093.cnf,70e9ae3d7906910ae9fd43fbfc94ce699c45f103bf454a4ddc8cbc5ebe6449b4,evaluation,unknown_fallback_dominated,recovery completed but registry returned UNKNOWN: no_sound_exact_r_boxes,UNKNOWN,200,860,4.34768,0.407852,RUN_LKK,114,125,0,RUN_LKK,0.592653,COMPLETE,0.253315,UNKNOWN,no_sound_exact_r_boxes,0,0,0,UNKNOWN,6.74983,21.658423,False,8
uf200-094.cnf,SATLIB,uf200,random_control,/work/benchmarks/phase5/satlib/uf200/uf200-094.cnf,291f8b3cb2d58c58984eaa89b9b82e9c501f90551358292a5962316063b7e2bb,evaluation,unknown_fallback_dominated,recovery completed but registry returned UNKNOWN: no_sound_exact_r_boxes,UNKNOWN,200,860,4.02846,0.36953,RUN_LKK,88,118,0,RUN_LKK,0.588444,COMPLETE,0.14818,UNKNOWN,no_sound_exact_r_boxes,0,0,0,UNKNOWN,7.05539,21.014662,False,8
uf200-095.cnf,SATLIB,uf200,random_control,/work/benchmarks/phase5/satlib/uf200/uf200-095.cnf,f028a26d71b4f6b8ec5ab88c042790cbdeedab5f7bf7d1560bcc8cf33df565cd,evaluation,unknown_fallback_dominated,recovery completed but registry returned UNKNOWN: no_sound_exact_r_boxes,UNKNOWN,200,860,6.79621,0.386449,RUN_LKK,107,122,0,RUN_LKK,0.594455,COMPLETE,0.13027,UNKNOWN,no_sound_exact_r_boxes,0,0,0,UNKNOWN,9.44614,37.249802,False,8
uf200-096.cnf,SATLIB,uf200,random_control,/work/benchmarks/phase5/satlib/uf200/uf200-096.cnf,ab4a574659c8a8eb121477c73172faf49eea5bb465dfa806cf5d4f323a984141,evaluation,unknown_fallback_dominated,recovery completed but registry returned UNKNOWN: no_sound_exact_r_boxes,UNKNOWN,200,860,4.38945,0.362985,RUN_LKK,108,123,0,RUN_LKK,0.672816,COMPLETE,0.155612,UNKNOWN,no_sound_exact_r_boxes,0,0,0,UNKNOWN,7.7111,21.131971,False,8
uf200-097.cnf,SATLIB,uf200,random_control,/work/benchmarks/phase5/satlib/uf200/uf200-097.cnf,9f869f20e9d9c8c330c1da978063b688f68a3b1723d479a8c1dd717b33472874,evaluation,unknown_fallback_dominated,recovery completed but registry returned UNKNOWN: no_sound_exact_r_boxes,UNKNOWN,200,860,6.71542,0.412436,RUN_LKK,114,88,0,RUN_LKK,0.678572,COMPLETE,0.125853,UNKNOWN,no_sound_exact_r_boxes,0,0,0,UNKNOWN,8.96593,37.018008,False,8
uf200-098.cnf,SATLIB,uf200,random_control,/work/benchmarks/phase5/satlib/uf200/uf200-098.cnf,87ce00c4f3f11584d8117ce63fc3baeb7f94c391932c09f20ff7b305495a36c4,evaluation,unknown_fallback_dominated,recovery completed but registry returned UNKNOWN: no_sound_exact_r_boxes,UNKNOWN,200,860,5.81792,0.299422,RUN_LKK,107,112,1,RUN_LKK,0.573726,COMPLETE,0.15009,UNKNOWN,no_sound_exact_r_boxes,0,0,0,UNKNOWN,8.06131,35.758123,False,8
uf200-099.cnf,SATLIB,uf200,random_control,/work/benchmarks/phase5/satlib/uf200/uf200-099.cnf,dce26ddc18aaed7bf4366ba90a3d8680c58d6a241dd38c801b20948c9a067b72,evaluation,unknown_fallback_dominated,recovery completed but registry returned UNKNOWN: no_sound_exact_r_boxes,UNKNOWN,200,860,4.38096,0.398451,RUN_LKK,123,105,0,RUN_LKK,0.569666,COMPLETE,0.140155,UNKNOWN,no_sound_exact_r_boxes,0,0,0,UNKNOWN,6.7238,19.93068,False,8
uuf200-01.cnf,SATLIB,uuf200,random_control,/work/benchmarks/phase5/satlib/uuf200/uuf200-01.cnf,371122644c8627b9bb8b651a4879493ae0afe05d8555071415e5cea34ff221b1,evaluation,unknown_fallback_dominated,recovery completed but registry returned UNKNOWN: no_sound_exact_r_boxes,UNKNOWN,200,860,6.25331,0.397559,RUN_LKK,119,103,0,RUN_LKK,0.518865,COMPLETE,0.138143,UNKNOWN,no_sound_exact_r_boxes,0,0,0,UNKNOWN,8.80847,37.371043,False,8
uuf200-02.cnf,SATLIB,uuf200,random_control,/work/benchmarks/phase5/satlib/uuf200/uuf200-02.cnf,2b67cf7662c78de8fe5d595322539230817006e5de9bd762667388434610ae91,calibration,unknown_fallback_dominated,recovery completed but registry returned UNKNOWN: no_sound_exact_r_boxes,UNKNOWN,200,860,6.22876,0.372712,RUN_LKK,104,96,0,RUN_LKK,0.646736,COMPLETE,0.131658,UNKNOWN,no_sound_exact_r_boxes,0,0,0,UNKNOWN,8.72886,37.870222,False,8
uuf200-03.cnf,SATLIB,uuf200,random_control,/work/benchmarks/phase5/satlib/uuf200/uuf200-03.cnf,69267bce54ca019003be192b7f3d904dbf0e1c8e4ae4ce1c56ba576365e2cd21,calibration,unknown_fallback_dominated,recovery completed but registry returned UNKNOWN: no_sound_exact_r_boxes,UNKNOWN,200,860,3.99004,0.315214,RUN_LKK,114,101,0,RUN_LKK,0.579876,COMPLETE,0.144979,UNKNOWN,no_sound_exact_r_boxes,0,0,0,UNKNOWN,6.26391,19.631359,False,8
uuf200-04.cnf,SATLIB,uuf200,random_control,/work/benchmarks/phase5/satlib/uuf200/uuf200-04.cnf,269848b0c0ba549dbfe3e59499e226dec89c42e62bc0135a54f32c768be79880,evaluation,unknown_fallback_dominated,recovery completed but registry returned UNKNOWN: no_sound_exact_r_boxes,UNKNOWN,200,860,4.39318,0.409296,RUN_LKK,120,107,0,RUN_LKK,0.547553,COMPLETE,0.159106,UNKNOWN,no_sound_exact_r_boxes,0,0,0,UNKNOWN,6.3018,18.788227,False,8
uuf200-05.cnf,SATLIB,uuf200,random_control,/work/benchmarks/phase5/satlib/uuf200/uuf200-05.cnf,7a2c9ba3c523517799104056e436516ee616e219f118198fa16c352f77cd0cfb,evaluation,unknown_fallback_dominated,recovery completed but registry returned UNKNOWN: no_sound_exact_r_boxes,UNKNOWN,200,860,6.91644,0.341727,RUN_LKK,112,101,0,RUN_LKK,0.528645,COMPLETE,0.134919,UNKNOWN,no_sound_exact_r_boxes,0,0,0,UNKNOWN,8.8727,35.237857,False,8
uuf200-06.cnf,SATLIB,uuf200,random_control,/work/benchmarks/phase5/satlib/uuf200/uuf200-06.cnf,039b32ed6a364146b71d057924cdd6a6d963bb908961c3eaa2652fd5eb951b2a,evaluation,unknown_fallback_dominated,recovery completed but registry returned UNKNOWN: no_sound_exact_r_boxes,UNKNOWN,200,860,6.74842,0.382605,RUN_LKK,108,105,0,RUN_LKK,0.613336,COMPLETE,0.143161,UNKNOWN,no_sound_exact_r_boxes,0,0,0,UNKNOWN,9.8226,36.885998,False,8
uuf200-07.cnf,SATLIB,uuf200,random_control,/work/benchmarks/phase5/satlib/uuf200/uuf200-07.cnf,0a1c4567e471777c9a5834e1066d1c386bd0a270be537f2ad93c3cc5beb5a3a5,calibration,unknown_fallback_dominated,recovery completed but registry returned UNKNOWN: no_sound_exact_r_boxes,UNKNOWN,200,860,5.83587,0.379092,RUN_LKK,98,134,1,RUN_LKK,0.603647,COMPLETE,0.150928,UNKNOWN,no_sound_exact_r_boxes,0,0,0,UNKNOWN,7.98745,36.225447,False,8
uuf200-08.cnf,SATLIB,uuf200,random_control,/work/benchmarks/phase5/satlib/uuf200/uuf200-08.cnf,36b5073ff1ffee0e7a0e213be4c93fca8dac729e22d55b921792e21e45f9c2ee,evaluation,unknown_fallback_dominated,recovery completed but registry returned UNKNOWN: no_sound_exact_r_boxes,UNKNOWN,200,860,7.01841,0.31641,RUN_LKK,95,104,1,RUN_LKK,0.469225,COMPLETE,0.100888,UNKNOWN,no_sound_exact_r_boxes,0,0,0,UNKNOWN,8.9064,21.640433,False,8
uuf200-09.cnf,SATLIB,uuf200,random_control,/work/benchmarks/phase5/satlib/uuf200/uuf200-09.cnf,a03feee5c9869a67d3db871e72c60c8170be1afcd7eec7a6a8092a8809884192,evaluation,unknown_fallback_dominated,recovery completed but registry returned UNKNOWN: no_sound_exact_r_boxes,UNKNOWN,200,860,5.82513,0.371622,RUN_LKK,118,93,0,RUN_LKK,0.600937,COMPLETE,0.125411,UNKNOWN,no_sound_exact_r_boxes,0,0,0,UNKNOWN,7.93479,22.294773,False,8
uuf200-010.cnf,SATLIB,uuf200,random_control,/work/benchmarks/phase5/satlib/uuf200/uuf200-010.cnf,4784c304467918126a9ac0c7f1cea9eff9eb9c7f6977594bf3e3c7c2bed51998,evaluation,unknown_fallback_dominated,recovery completed but registry returned UNKNOWN: no_sound_exact_r_boxes,UNKNOWN,200,860,3.66574,0.306786,RUN_LKK,114,93,0,RUN_LKK,0.46189,COMPLETE,0.107547,UNKNOWN,no_sound_exact_r_boxes,0,0,0,UNKNOWN,5.50384,18.440706,False,8
uuf200-011.cnf,SATLIB,uuf200,random_control,/work/benchmarks/phase5/satlib/uuf200/uuf200-011.cnf,8a8d76e3668838622ba4e243d4454c9a5fc755482db96c6a362494b8e9cedf74,evaluation,unknown_fallback_dominated,recovery completed but registry returned UNKNOWN: no_sound_exact_r_boxes,UNKNOWN,200,860,6.88863,0.426277,RUN_LKK,120,124,0,RUN_LKK,0.629879,COMPLETE,0.166248,UNKNOWN,no_sound_exact_r_boxes,0,0,0,UNKNOWN,11.3476,36.403587,False,8
uuf200-012.cnf,SATLIB,uuf200,random_control,/work/benchmarks/phase5/satlib/uuf200/uuf200-012.cnf,95b8e1f92f3329212af0323eeb5fdfaee4fb7aa6ba29aeb291197ea314558529,evaluation,unknown_fallback_dominated,recovery completed but registry returned UNKNOWN: no_sound_exact_r_boxes,UNKNOWN,200,860,7.51389,0.401761,RUN_LKK,99,101,0,RUN_LKK,0.604719,COMPLETE,0.137575,UNKNOWN,no_sound_exact_r_boxes,0,0,0,UNKNOWN,9.83256,37.215188,False,8
uuf200-013.cnf,SATLIB,uuf200,random_control,/work/benchmarks/phase5/satlib/uuf200/uuf200-013.cnf,91435f7a500fe345298d47824091b424abf7b57cbd4d5ad9c408175be5f64318,evaluation,unknown_fallback_dominated,recovery completed but registry returned UNKNOWN: no_sound_exact_r_boxes,UNKNOWN,200,860,7.9512,0.391203,RUN_LKK,109,122,1,RUN_LKK,0.682222,COMPLETE,0.172028,UNKNOWN,no_sound_exact_r_boxes,0,0,0,UNKNOWN,10.178,71.07632,False,8
uuf200-014.cnf,SATLIB,uuf200,random_control,/work/benchmarks/phase5/satlib/uuf200/uuf200-014.cnf,fd4bc4345768f1943556ef23a52eab13cec9e6dec1df2cfebe374ce25f0a8deb,evaluation,unknown_fallback_dominated,recovery completed but registry returned UNKNOWN: no_sound_exact_r_boxes,UNKNOWN,200,860,3.82968,0.379163,RUN_LKK,89,108,0,RUN_LKK,0.655194,COMPLETE,0.146643,UNKNOWN,no_sound_exact_r_boxes,0,0,0,UNKNOWN,22.6503,37.403189,False,8
uuf200-015.cnf,SATLIB,uuf200,random_control,/work/benchmarks/phase5/satlib/uuf200/uuf200-015.cnf,edca63cd5e6c5e69dc04575f80be3700e5991ed65f235cd19749201598eb94ca,evaluation,unknown_fallback_dominated,recovery completed but registry returned UNKNOWN: no_sound_exact_r_boxes,UNKNOWN,200,860,3.43014,0.273461,RUN_LKK,95,111,0,RUN_LKK,0.464495,COMPLETE,0.09988,UNKNOWN,no_sound_exact_r_boxes,0,0,0,UNKNOWN,21.8877,37.357044,False,8
uuf200-016.cnf,SATLIB,uuf200,random_control,/work/benchmarks/phase5/satlib/uuf200/uuf200-016.cnf,dacd62c9d57ecaf5044cb2cdbf7f8eb9245a0e894a2803a57a72713388f0cf10,evaluation,unknown_fallback_dominated,recovery completed but registry returned UNKNOWN: no_sound_exact_r_boxes,UNKNOWN,200,860,21.4682,0.347835,RUN_LKK,82,115,0,RUN_LKK,0.566791,COMPLETE,0.149142,UNKNOWN,no_sound_exact_r_boxes,0,0,0,UNKNOWN,24.435,71.279118,False,8
uuf200-017.cnf,SATLIB,uuf200,random_control,/work/benchmarks/phase5/satlib/uuf200/uuf200-017.cnf,62de8c6d11e57b2b00b6ed2123d41c16b9ecc2f9dc3cf73a31d23c8c9e9756fc,calibration,unknown_fallback_dominated,recovery completed but registry returned UNKNOWN: no_sound_exact_r_boxes,UNKNOWN,200,860,21.1906,0.391412,RUN_LKK,107,112,1,RUN_LKK,0.597851,COMPLETE,0.154146,UNKNOWN,no_sound_exact_r_boxes,0,0,0,UNKNOWN,24.0901,36.392731,False,8
uuf200-018.cnf,SATLIB,uuf200,random_control,/work/benchmarks/phase5/satlib/uuf200/uuf200-018.cnf,d8388b3aeb5fbd0dcc2cbbfd36b8a447c8804cf921bca2d9a4f0d215811418ef,evaluation,unknown_fallback_dominated,recovery completed but registry returned UNKNOWN: no_sound_exact_r_boxes,UNKNOWN,200,860,6.01195,0.367502,RUN_LKK,112,109,0,RUN_LKK,0.629444,COMPLETE,0.13789,UNKNOWN,no_sound_exact_r_boxes,0,0,0,UNKNOWN,8.23835,69.854121,False,8
uuf200-019.cnf,SATLIB,uuf200,random_control,/work/benchmarks/phase5/satlib/uuf200/uuf200-019.cnf,9d5bcc05d74a78c05b714725b739567f73eb5036db7c5a3ef5a3e299a12389a9,calibration,unknown_fallback_dominated,recovery completed but registry returned UNKNOWN: no_sound_exact_r_boxes,UNKNOWN,200,860,6.53162,0.317129,RUN_LKK,111,103,0,RUN_LKK,0.537808,COMPLETE,0.130811,UNKNOWN,no_sound_exact_r_boxes,0,0,0,UNKNOWN,8.49674,35.509205,False,8
uuf200-020.cnf,SATLIB,uuf200,random_control,/work/benchmarks/phase5/satlib/uuf200/uuf200-020.cnf,027d1df0fa026ac839b87a1cb7201016425f3e81bfd65ad67dcf7cefc4a3b72c,evaluation,unknown_fallback_dominated,recovery completed but registry returned UNKNOWN: no_sound_exact_r_boxes,UNKNOWN,200,860,5.68418,0.351386,RUN_LKK,108,122,0,RUN_LKK,0.604048,COMPLETE,0.136098,UNKNOWN,no_sound_exact_r_boxes,0,0,0,UNKNOWN,7.74416,19.664158,False,8
uuf200-021.cnf,SATLIB,uuf200,random_control,/work/benchmarks/phase5/satlib/uuf200/uuf200-021.cnf,a4f0be34abfcefe1f36762a1922af1d84952a6986928f157224bf1efff5705db,evaluation,unknown_fallback_dominated,recovery completed but registry returned UNKNOWN: no_sound_exact_r_boxes,UNKNOWN,200,860,4.7402,0.343793,RUN_LKK,114,112,0,RUN_LKK,0.596487,COMPLETE,0.138937,UNKNOWN,no_sound_exact_r_boxes,0,0,0,UNKNOWN,6.93083,19.900388,False,8
uuf200-022.cnf,SATLIB,uuf200,random_control,/work/benchmarks/phase5/satlib/uuf200/uuf200-022.cnf,372cb737832452f33b466b12b6c07d25936bcb3c18e0a27c4bc501fcd11e19c3,evaluation,unknown_fallback_dominated,recovery completed but registry returned UNKNOWN: no_sound_exact_r_boxes,UNKNOWN,200,860,3.32474,0.376965,RUN_LKK,104,102,0,RUN_LKK,0.606114,COMPLETE,0.139223,UNKNOWN,no_sound_exact_r_boxes,0,0,0,UNKNOWN,5.94417,19.316736,False,8
uuf200-023.cnf,SATLIB,uuf200,random_control,/work/benchmarks/phase5/satlib/uuf200/uuf200-023.cnf,c5a1eecbe9b7d531b1518d9f920bb65aa3e69d56d4dfebe41bec21d46b2ddd95,calibration,unknown_fallback_dominated,recovery completed but registry returned UNKNOWN: no_sound_exact_r_boxes,UNKNOWN,200,860,4.85336,0.403427,RUN_LKK,116,103,0,RUN_LKK,0.615024,COMPLETE,0.143226,UNKNOWN,no_sound_exact_r_boxes,0,0,0,UNKNOWN,7.48993,18.84838,False,8
uuf200-024.cnf,SATLIB,uuf200,random_control,/work/benchmarks/phase5/satlib/uuf200/uuf200-024.cnf,32439b2adbc8cee72a4eafd9524485e974493c144d1e17e86994cf5c5c80102e,evaluation,unknown_fallback_dominated,recovery completed but registry returned UNKNOWN: no_sound_exact_r_boxes,UNKNOWN,200,860,7.5753,0.329728,RUN_LKK,99,92,0,RUN_LKK,0.574053,COMPLETE,0.126191,UNKNOWN,no_sound_exact_r_boxes,0,0,0,UNKNOWN,10.0113,35.657714,False,8
uuf200-025.cnf,SATLIB,uuf200,random_control,/work/benchmarks/phase5/satlib/uuf200/uuf200-025.cnf,7404b7bbdb960f05dae642dcedb3d81c8d78e036d99231d925c9b803026f0796,evaluation,unknown_fallback_dominated,recovery completed but registry returned UNKNOWN: no_sound_exact_r_boxes,UNKNOWN,200,860,7.07402,0.313393,RUN_LKK,106,120,0,RUN_LKK,0.582816,COMPLETE,0.144251,UNKNOWN,no_sound_exact_r_boxes,0,0,0,UNKNOWN,9.5761,35.089595,False,8
uuf200-026.cnf,SATLIB,uuf200,random_control,/work/benchmarks/phase5/satlib/uuf200/uuf200-026.cnf,c75b881f0974ff19c8f50860262d68d5ad8c7ddf7794a9e1bfddb6f4cc9fc65d,evaluation,unknown_fallback_dominated,recovery completed but registry returned UNKNOWN: no_sound_exact_r_boxes,UNKNOWN,200,860,5.96214,0.378901,RUN_LKK,106,113,0,RUN_LKK,0.620938,COMPLETE,0.111004,UNKNOWN,no_sound_exact_r_boxes,0,0,0,UNKNOWN,8.55543,21.659112,False,8
uuf200-027.cnf,SATLIB,uuf200,random_control,/work/benchmarks/phase5/satlib/uuf200/uuf200-027.cnf,824d98f7abdddd7f2581040c6f5597a096ac222e242ca5ba15c0334b8733ed4f,evaluation,unknown_fallback_dominated,recovery completed but registry returned UNKNOWN: no_sound_exact_r_boxes,UNKNOWN,200,860,3.87165,0.378062,RUN_LKK,111,106,0,RUN_LKK,0.632837,COMPLETE,0.138129,UNKNOWN,no_sound_exact_r_boxes,0,0,0,UNKNOWN,6.16321,23.109086,False,8
uuf200-028.cnf,SATLIB,uuf200,random_control,/work/benchmarks/phase5/satlib/uuf200/uuf200-028.cnf,f4833f0a06f7672d7d0aab3711f5918c62186b354d0da4ec95b7cfd5b16d5738,evaluation,unknown_fallback_dominated,recovery completed but registry returned UNKNOWN: no_sound_exact_r_boxes,UNKNOWN,200,860,3.28766,0.31935,RUN_LKK,126,101,0,RUN_LKK,0.554023,COMPLETE,0.130335,UNKNOWN,no_sound_exact_r_boxes,0,0,0,UNKNOWN,5.88589,20.368803,False,8
uuf200-029.cnf,SATLIB,uuf200,random_control,/work/benchmarks/phase5/satlib/uuf200/uuf200-029.cnf,6c70896c9831445e1a9804559f87a441d5ad09174fdc311325879b90ec5969f7,evaluation,unknown_fallback_dominated,recovery completed but registry returned UNKNOWN: no_sound_exact_r_boxes,UNKNOWN,200,860,4.03551,0.465156,RUN_LKK,114,108,0,RUN_LKK,0.769037,COMPLETE,0.183512,UNKNOWN,no_sound_exact_r_boxes,0,0,0,UNKNOWN,7.36483,19.531899,False,8
uuf200-030.cnf,SATLIB,uuf200,random_control,/work/benchmarks/phase5/satlib/uuf200/uuf200-030.cnf,b00237f162b5a2caf909e955a13f8f1f14e240c65f36852b55dfef93bd8ba06b,evaluation,unknown_fallback_dominated,recovery completed but registry returned UNKNOWN: no_sound_exact_r_boxes,UNKNOWN,200,860,4.23485,0.349343,RUN_LKK,94,103,0,RUN_LKK,0.713335,COMPLETE,0.138184,UNKNOWN,no_sound_exact_r_boxes,0,0,0,UNKNOWN,7.30561,19.695138,False,8
uuf200-031.cnf,SATLIB,uuf200,random_control,/work/benchmarks/phase5/satlib/uuf200/uuf200-031.cnf,2364f4b71e7dcc2dad0ac0cd0173ceb8b088461b3644e50b822422c8de6179e5,evaluation,unknown_fallback_dominated,recovery completed but registry returned UNKNOWN: no_sound_exact_r_boxes,UNKNOWN,200,860,6.24402,0.372712,RUN_LKK,118,93,0,RUN_LKK,0.61135,COMPLETE,0.138509,UNKNOWN,no_sound_exact_r_boxes,0,0,0,UNKNOWN,8.4209,18.82724,False,8
uuf200-032.cnf,SATLIB,uuf200,random_control,/work/benchmarks/phase5/satlib/uuf200/uuf200-032.cnf,4e9588f10fa83444d89e8254cdc1fcc06b1d955f77ab6828a25029b9c07c4a81,evaluation,unknown_fallback_dominated,recovery completed but registry returned UNKNOWN: no_sound_exact_r_boxes,UNKNOWN,200,860,6.2722,0.357111,RUN_LKK,107,93,0,RUN_LKK,0.638901,COMPLETE,0.132193,UNKNOWN,no_sound_exact_r_boxes,0,0,0,UNKNOWN,8.63531,22.918318,False,8
uuf200-033.cnf,SATLIB,uuf200,random_control,/work/benchmarks/phase5/satlib/uuf200/uuf200-033.cnf,46e1d49152d1849b14b4b4172f0d6202a024989138cc15f83559b1857db305f9,evaluation,unknown_fallback_dominated,recovery completed but registry returned UNKNOWN: no_sound_exact_r_boxes,UNKNOWN,200,860,5.07687,0.366509,RUN_LKK,112,106,0,RUN_LKK,0.611895,COMPLETE,0.135341,UNKNOWN,no_sound_exact_r_boxes,0,0,0,UNKNOWN,7.41688,20.524271,False,8
uuf200-034.cnf,SATLIB,uuf200,random_control,/work/benchmarks/phase5/satlib/uuf200/uuf200-034.cnf,4573aec149d4d7079c175d170ddbe25b914bc03c7939452810ebb5e7824bb0e8,evaluation,unknown_fallback_dominated,recovery completed but registry returned UNKNOWN: no_sound_exact_r_boxes,UNKNOWN,200,860,4.21053,0.362673,RUN_LKK,105,96,0,RUN_LKK,0.608135,COMPLETE,0.123261,UNKNOWN,no_sound_exact_r_boxes,0,0,0,UNKNOWN,6.31553,19.310024,False,8
uuf200-035.cnf,SATLIB,uuf200,random_control,/work/benchmarks/phase5/satlib/uuf200/uuf200-035.cnf,31180c5edaf8e5beeb3fd367777d6bc1661c73d18805e646cd119074456a7503,evaluation,unknown_fallback_dominated,recovery completed but registry returned UNKNOWN: no_sound_exact_r_boxes,UNKNOWN,200,860,4.09614,0.382689,RUN_LKK,114,101,0,RUN_LKK,0.602651,COMPLETE,0.138553,UNKNOWN,no_sound_exact_r_boxes,0,0,0,UNKNOWN,6.24805,22.126877,False,8
uuf200-036.cnf,SATLIB,uuf200,random_control,/work/benchmarks/phase5/satlib/uuf200/uuf200-036.cnf,83a65483cd1052298ec47248e6411df192e91878946d958595a986b1de787161,calibration,unknown_fallback_dominated,recovery completed but registry returned UNKNOWN: no_sound_exact_r_boxes,UNKNOWN,200,860,4.06255,0.325298,RUN_LKK,95,123,1,RUN_LKK,0.506775,COMPLETE,0.156769,UNKNOWN,no_sound_exact_r_boxes,0,0,0,UNKNOWN,6.14029,20.563026,False,8
uuf200-037.cnf,SATLIB,uuf200,random_control,/work/benchmarks/phase5/satlib/uuf200/uuf200-037.cnf,4c268c4ba30da614504486eb99d7425dbe64aefb744b065eaf8ccfe846ec452b,evaluation,unknown_fallback_dominated,recovery completed but registry returned UNKNOWN: no_sound_exact_r_boxes,UNKNOWN,200,860,4.19041,0.376086,RUN_LKK,85,89,0,RUN_LKK,0.593529,COMPLETE,0.123073,UNKNOWN,no_sound_exact_r_boxes,0,0,0,UNKNOWN,6.25273,20.13732,False,8
uuf200-038.cnf,SATLIB,uuf200,random_control,/work/benchmarks/phase5/satlib/uuf200/uuf200-038.cnf,9636f5cb3c58f58a86e9088efc6baeb6e37e204539d5e7d4b8f15b7ee3605c76,evaluation,unknown_fallback_dominated,recovery completed but registry returned UNKNOWN: no_sound_exact_r_boxes,UNKNOWN,200,860,4.89116,0.380279,RUN_LKK,110,92,0,RUN_LKK,0.522566,COMPLETE,0.128211,UNKNOWN,no_sound_exact_r_boxes,0,0,0,UNKNOWN,6.95136,20.675612,False,8
uuf200-039.cnf,SATLIB,uuf200,random_control,/work/benchmarks/phase5/satlib/uuf200/uuf200-039.cnf,05855b0c4dbee05dbd9d549ca9510d87d7eae64d6556f1739c5f1c2907c6a6c9,evaluation,unknown_fallback_dominated,recovery completed but registry returned UNKNOWN: no_sound_exact_r_boxes,UNKNOWN,200,860,6.33256,0.380782,RUN_LKK,108,109,0,RUN_LKK,0.65097,COMPLETE,0.19472,UNKNOWN,no_sound_exact_r_boxes,0,0,0,UNKNOWN,8.79669,37.14697,False,8
uuf200-040.cnf,SATLIB,uuf200,random_control,/work/benchmarks/phase5/satlib/uuf200/uuf200-040.cnf,7e7ef777b866aa69044ebfb62cfc02131b16383facbf4c49a617bdcc8661799a,evaluation,unknown_fallback_dominated,recovery completed but registry returned UNKNOWN: no_sound_exact_r_boxes,UNKNOWN,200,860,7.06725,0.423855,RUN_LKK,136,106,0,RUN_LKK,0.63676,COMPLETE,0.165685,UNKNOWN,no_sound_exact_r_boxes,0,0,0,UNKNOWN,10.1048,38.167925,False,8
uuf200-041.cnf,SATLIB,uuf200,random_control,/work/benchmarks/phase5/satlib/uuf200/uuf200-041.cnf,90489a9169425284d845b3ff2af9ce693591a2773fd6d78e79dc09ba9aaae482,evaluation,unknown_fallback_dominated,recovery completed but registry returned UNKNOWN: no_sound_exact_r_boxes,UNKNOWN,200,860,5.75476,0.361341,RUN_LKK,110,123,0,RUN_LKK,0.616541,COMPLETE,0.148993,UNKNOWN,no_sound_exact_r_boxes,0,0,0,UNKNOWN,8.81771,36.173814,False,8
uuf200-042.cnf,SATLIB,uuf200,random_control,/work/benchmarks/phase5/satlib/uuf200/uuf200-042.cnf,9a8bcb0ffb2ea421291b9ed2fe90ad2e370fe3264dc3a579798dac5e8097b9c4,evaluation,unknown_fallback_dominated,recovery completed but registry returned UNKNOWN: no_sound_exact_r_boxes,UNKNOWN,200,860,8.12608,0.390225,RUN_LKK,114,93,1,RUN_LKK,0.5757,COMPLETE,0.136524,UNKNOWN,no_sound_exact_r_boxes,0,0,0,UNKNOWN,10.4605,37.760402,False,8
uuf200-043.cnf,SATLIB,uuf200,random_control,/work/benchmarks/phase5/satlib/uuf200/uuf200-043.cnf,f37694bb6d9af9d3f73936af5d4451b2c1a4a05f6adfe38501bf40b34a948a92,evaluation,unknown_fallback_dominated,recovery completed but registry returned UNKNOWN: no_sound_exact_r_boxes,UNKNOWN,200,860,7.13946,0.449411,RUN_LKK,107,105,0,RUN_LKK,1.12546,COMPLETE,0.151909,UNKNOWN,no_sound_exact_r_boxes,0,0,0,UNKNOWN,9.92268,37.31133,False,8
uuf200-044.cnf,SATLIB,uuf200,random_control,/work/benchmarks/phase5/satlib/uuf200/uuf200-044.cnf,f04f294e105a9b4f3f61e747d232e0137f7faab5513d39c28d3164e79702efc0,evaluation,unknown_fallback_dominated,recovery completed but registry returned UNKNOWN: no_sound_exact_r_boxes,UNKNOWN,200,860,3.75274,0.431829,RUN_LKK,118,100,0,RUN_LKK,0.637378,COMPLETE,0.139301,UNKNOWN,no_sound_exact_r_boxes,0,0,0,UNKNOWN,6.51763,39.304184,False,8
uuf200-045.cnf,SATLIB,uuf200,random_control,/work/benchmarks/phase5/satlib/uuf200/uuf200-045.cnf,be2d6ca23cd51e109218923aa136ac01b929499bf104401e522339f238166dc8,evaluation,unknown_fallback_dominated,recovery completed but registry returned UNKNOWN: no_sound_exact_r_boxes,UNKNOWN,200,860,7.50719,0.411355,RUN_LKK,105,109,0,RUN_LKK,0.661371,COMPLETE,0.139748,UNKNOWN,no_sound_exact_r_boxes,0,0,0,UNKNOWN,9.86558,37.433219,False,8
uuf200-046.cnf,SATLIB,uuf200,random_control,/work/benchmarks/phase5/satlib/uuf200/uuf200-046.cnf,0b2e7ee4da2244ec222979d2031f71aaef84736b2f9ac8ab09542168c28c4bfa,evaluation,unknown_fallback_dominated,recovery completed but registry returned UNKNOWN: no_sound_exact_r_boxes,UNKNOWN,200,860,3.52096,0.386972,RUN_LKK,112,94,0,RUN_LKK,0.592777,COMPLETE,0.147884,UNKNOWN,no_sound_exact_r_boxes,0,0,0,UNKNOWN,6.62666,36.647398,False,8
uuf200-047.cnf,SATLIB,uuf200,random_control,/work/benchmarks/phase5/satlib/uuf200/uuf200-047.cnf,7ba87fcaa1bec643435f5115a88f66e3191753639ebd4705117b9b88c037278e,evaluation,unknown_fallback_dominated,recovery completed but registry returned UNKNOWN: no_sound_exact_r_boxes,UNKNOWN,200,860,6.23879,0.683339,RUN_LKK,98,105,0,RUN_LKK,0.62362,COMPLETE,0.161201,UNKNOWN,no_sound_exact_r_boxes,0,0,0,UNKNOWN,8.78545,39.746049,False,8
uuf200-048.cnf,SATLIB,uuf200,random_control,/work/benchmarks/phase5/satlib/uuf200/uuf200-048.cnf,14d732e8b40238af1ed2fb193066bf7dc9453c75be950745d52ddec23d3ba8fd,evaluation,unknown_fallback_dominated,recovery completed but registry returned UNKNOWN: no_sound_exact_r_boxes,UNKNOWN,200,860,7.73461,0.422684,RUN_LKK,94,117,0,RUN_LKK,0.648108,COMPLETE,0.147444,UNKNOWN,no_sound_exact_r_boxes,0,0,0,UNKNOWN,10.1282,38.763265,False,8
uuf200-049.cnf,SATLIB,uuf200,random_control,/work/benchmarks/phase5/satlib/uuf200/uuf200-049.cnf,d8f55067ebde6af1484d6a362345addd8b22dc102a95e94d5801500a75758a33,evaluation,unknown_fallback_dominated,recovery completed but registry returned UNKNOWN: no_sound_exact_r_boxes,UNKNOWN,200,860,5.83893,0.37027,RUN_LKK,100,108,0,RUN_LKK,0.637753,COMPLETE,0.231464,UNKNOWN,no_sound_exact_r_boxes,0,0,0,UNKNOWN,8.46205,37.437296,False,8
uuf200-050.cnf,SATLIB,uuf200,random_control,/work/benchmarks/phase5/satlib/uuf200/uuf200-050.cnf,08e33dbac56f5db7edb3f8b51b262d9a0cbce4668c78d27e8b5f56dd6437ed81,evaluation,unknown_fallback_dominated,recovery completed but registry returned UNKNOWN: no_sound_exact_r_boxes,UNKNOWN,200,860,4.22843,0.376715,RUN_LKK,96,98,0,RUN_LKK,0.656443,COMPLETE,0.131838,UNKNOWN,no_sound_exact_r_boxes,0,0,0,UNKNOWN,6.40839,22.486332,False,8
uuf200-051.cnf,SATLIB,uuf200,random_control,/work/benchmarks/phase5/satlib/uuf200/uuf200-051.cnf,0738b4c3f72e9235083c47ad97ae3fce1f2d9ac16474042feb27f59e8836fd14,calibration,unknown_fallback_dominated,recovery completed but registry returned UNKNOWN: no_sound_exact_r_boxes,UNKNOWN,200,860,4.27171,0.384311,RUN_LKK,104,112,0,RUN_LKK,0.635908,COMPLETE,0.137938,UNKNOWN,no_sound_exact_r_boxes,0,0,0,UNKNOWN,6.42242,20.139873,False,8
uuf200-052.cnf,SATLIB,uuf200,random_control,/work/benchmarks/phase5/satlib/uuf200/uuf200-052.cnf,3d48e0e67028867e0eebe1220dba8e0385902a712dde13bcc6e862ea996fbfdc,evaluation,unknown_fallback_dominated,recovery completed but registry returned UNKNOWN: no_sound_exact_r_boxes,UNKNOWN,200,860,6.2405,0.501674,RUN_LKK,109,106,0,RUN_LKK,0.745303,COMPLETE,0.174969,UNKNOWN,no_sound_exact_r_boxes,0,0,0,UNKNOWN,8.81924,23.270663,False,8
uuf200-053.cnf,SATLIB,uuf200,random_control,/work/benchmarks/phase5/satlib/uuf200/uuf200-053.cnf,c27430d191e1b93aa3f6a93301f73be6581135a3756aeabcf4804968b70d0274,evaluation,unknown_fallback_dominated,recovery completed but registry returned UNKNOWN: no_sound_exact_r_boxes,UNKNOWN,200,860,3.71821,0.321593,RUN_LKK,93,99,0,RUN_LKK,0.563038,COMPLETE,0.123697,UNKNOWN,no_sound_exact_r_boxes,0,0,0,UNKNOWN,6.60487,21.232728,False,8
uuf200-054.cnf,SATLIB,uuf200,random_control,/work/benchmarks/phase5/satlib/uuf200/uuf200-054.cnf,2c5f289eef0334034748c6e889b03ba20f3a3d6c78bba9d7597623bb931928f4,evaluation,unknown_fallback_dominated,recovery completed but registry returned UNKNOWN: no_sound_exact_r_boxes,UNKNOWN,200,860,6.64222,0.379843,RUN_LKK,95,101,0,RUN_LKK,0.62368,COMPLETE,0.145493,UNKNOWN,no_sound_exact_r_boxes,0,0,0,UNKNOWN,8.82751,35.807645,False,8
uuf200-055.cnf,SATLIB,uuf200,random_control,/work/benchmarks/phase5/satlib/uuf200/uuf200-055.cnf,ef7608aed4c15134c9a066f8f021590c27586e671bda4f41c0eb35e4cb83cd32,evaluation,unknown_fallback_dominated,recovery completed but registry returned UNKNOWN: no_sound_exact_r_boxes,UNKNOWN,200,860,7.2212,0.391532,RUN_LKK,98,100,0,RUN_LKK,0.613757,COMPLETE,0.144386,UNKNOWN,no_sound_exact_r_boxes,0,0,0,UNKNOWN,9.76217,36.564509,False,8
uuf200-056.cnf,SATLIB,uuf200,random_control,/work/benchmarks/phase5/satlib/uuf200/uuf200-056.cnf,0e040136bc0487c869b92dd07ea0d63f5b98a5caa62fab964959305631b75a6e,evaluation,unknown_fallback_dominated,recovery completed but registry returned UNKNOWN: no_sound_exact_r_boxes,UNKNOWN,200,860,6.52337,0.325929,RUN_LKK,103,120,1,RUN_LKK,0.551933,COMPLETE,0.149058,UNKNOWN,no_sound_exact_r_boxes,0,0,0,UNKNOWN,8.66293,20.272205,False,8
uuf200-057.cnf,SATLIB,uuf200,random_control,/work/benchmarks/phase5/satlib/uuf200/uuf200-057.cnf,15abf9ed7159fb086ba05edba7b8ae716df6553851c1201d677a10251f6f2b7c,evaluation,unknown_fallback_dominated,recovery completed but registry returned UNKNOWN: no_sound_exact_r_boxes,UNKNOWN,200,860,5.53907,0.384632,RUN_LKK,104,103,0,RUN_LKK,0.649583,COMPLETE,0.131798,UNKNOWN,no_sound_exact_r_boxes,0,0,0,UNKNOWN,7.97037,35.550361,False,8
uuf200-058.cnf,SATLIB,uuf200,random_control,/work/benchmarks/phase5/satlib/uuf200/uuf200-058.cnf,8e1c408031e545337b638c22f50a8ba52c0b0fd793fd68c51ace43c7bfb13c46,evaluation,unknown_fallback_dominated,recovery completed but registry returned UNKNOWN: no_sound_exact_r_boxes,UNKNOWN,200,860,4.06744,0.364606,RUN_LKK,88,97,0,RUN_LKK,0.590436,COMPLETE,0.147468,UNKNOWN,no_sound_exact_r_boxes,0,0,0,UNKNOWN,6.54212,21.076037,False,8
uuf200-059.cnf,SATLIB,uuf200,random_control,/work/benchmarks/phase5/satlib/uuf200/uuf200-059.cnf,ad146ac0a41309166db31efd6312b9ece78187e01484bae621f1e7d6d270abac,evaluation,unknown_fallback_dominated,recovery completed but registry returned UNKNOWN: no_sound_exact_r_boxes,UNKNOWN,200,860,5.85139,0.368546,RUN_LKK,107,118,0,RUN_LKK,0.675415,COMPLETE,0.150727,UNKNOWN,no_sound_exact_r_boxes,0,0,0,UNKNOWN,8.31703,36.351114,False,8
uuf200-060.cnf,SATLIB,uuf200,random_control,/work/benchmarks/phase5/satlib/uuf200/uuf200-060.cnf,866be5c2e04463e3c4b13371b85fc9901e7ba2733f5640f234b088df9836ac56,calibration,unknown_fallback_dominated,recovery completed but registry returned UNKNOWN: no_sound_exact_r_boxes,UNKNOWN,200,860,4.06484,0.481447,RUN_LKK,106,100,0,RUN_LKK,0.775177,COMPLETE,0.195891,UNKNOWN,no_sound_exact_r_boxes,0,0,0,UNKNOWN,7.00506,20.868886,False,8
uuf200-061.cnf,SATLIB,uuf200,random_control,/work/benchmarks/phase5/satlib/uuf200/uuf200-061.cnf,f80111fcf1404229a932fe53eed7307b7eb9e6411a6a2745dcd8e7358cffc780,calibration,unknown_fallback_dominated,recovery completed but registry returned UNKNOWN: no_sound_exact_r_boxes,UNKNOWN,200,860,6.76678,0.360519,RUN_LKK,93,102,0,RUN_LKK,0.695474,COMPLETE,0.141051,UNKNOWN,no_sound_exact_r_boxes,0,0,0,UNKNOWN,8.91714,36.261265,False,8
uuf200-062.cnf,SATLIB,uuf200,random_control,/work/benchmarks/phase5/satlib/uuf200/uuf200-062.cnf,f75ec3fe6c3cb513d172082eeb5f85b5d90296ab643ea260408c710571c15a6f,evaluation,unknown_fallback_dominated,recovery completed but registry returned UNKNOWN: no_sound_exact_r_boxes,UNKNOWN,200,860,6.78319,0.392626,RUN_LKK,108,106,0,RUN_LKK,0.673342,COMPLETE,0.149413,UNKNOWN,no_sound_exact_r_boxes,0,0,0,UNKNOWN,9.15028,35.78272,False,8
uuf200-063.cnf,SATLIB,uuf200,random_control,/work/benchmarks/phase5/satlib/uuf200/uuf200-063.cnf,c264e7518f71381d94095bbbdd42c77baea51d2e0d19981c63160c581fb211d2,evaluation,unknown_fallback_dominated,recovery completed but registry returned UNKNOWN: no_sound_exact_r_boxes,UNKNOWN,200,860,7.73336,1.18686,RUN_LKK,108,84,0,RUN_LKK,1.44695,COMPLETE,0.232629,UNKNOWN,no_sound_exact_r_boxes,0,0,0,UNKNOWN,12.0862,35.333618,False,8
uuf200-064.cnf,SATLIB,uuf200,random_control,/work/benchmarks/phase5/satlib/uuf200/uuf200-064.cnf,4ffa20885701f773340402c5a6c3b1341aa6734e98d9eaa98341b7b96cf2c493,evaluation,unknown_fallback_dominated,recovery completed but registry returned UNKNOWN: no_sound_exact_r_boxes,UNKNOWN,200,860,7.33002,0.393607,RUN_LKK,98,103,1,RUN_LKK,0.648968,COMPLETE,0.152536,UNKNOWN,no_sound_exact_r_boxes,0,0,0,UNKNOWN,9.78594,35.520752,False,8
uuf200-065.cnf,SATLIB,uuf200,random_control,/work/benchmarks/phase5/satlib/uuf200/uuf200-065.cnf,71701b3802e4bdca8f20b01800fdf75464394de2a991624078b6699f84979f42,evaluation,unknown_fallback_dominated,recovery completed but registry returned UNKNOWN: no_sound_exact_r_boxes,UNKNOWN,200,860,5.23912,0.390782,RUN_LKK,112,111,0,RUN_LKK,0.623866,COMPLETE,0.143222,UNKNOWN,no_sound_exact_r_boxes,0,0,0,UNKNOWN,7.44145,20.431708,False,8
uuf200-066.cnf,SATLIB,uuf200,random_control,/work/benchmarks/phase5/satlib/uuf200/uuf200-066.cnf,ddb1114ff5c2f5341e4197e46f73d20152515743df4f6391cc7ed0384b9be8b6,evaluation,unknown_fallback_dominated,recovery completed but registry returned UNKNOWN: no_sound_exact_r_boxes,UNKNOWN,200,860,5.37614,0.374767,RUN_LKK,109,112,0,RUN_LKK,0.658544,COMPLETE,0.153234,UNKNOWN,no_sound_exact_r_boxes,0,0,0,UNKNOWN,7.79369,19.648145,False,8
uuf200-067.cnf,SATLIB,uuf200,random_control,/work/benchmarks/phase5/satlib/uuf200/uuf200-067.cnf,69ed53a5c6248aa57d5092961104496b719e47d51c6ef2d30f60408cf49762b7,evaluation,unknown_fallback_dominated,recovery completed but registry returned UNKNOWN: no_sound_exact_r_boxes,UNKNOWN,200,860,5.9542,0.412809,RUN_LKK,103,115,0,RUN_LKK,0.660287,COMPLETE,0.14612,UNKNOWN,no_sound_exact_r_boxes,0,0,0,UNKNOWN,8.36547,37.544958,False,8
uuf200-068.cnf,SATLIB,uuf200,random_control,/work/benchmarks/phase5/satlib/uuf200/uuf200-068.cnf,b05ae3008471d0ddce9e80a61cf6e50a327a8293533be2f740f6cbcb0728218d,calibration,unknown_fallback_dominated,recovery completed but registry returned UNKNOWN: no_sound_exact_r_boxes,UNKNOWN,200,860,5.51465,0.436539,RUN_LKK,104,110,0,RUN_LKK,0.633374,COMPLETE,0.164884,UNKNOWN,no_sound_exact_r_boxes,0,0,0,UNKNOWN,7.93173,19.232122,False,8
uuf200-069.cnf,SATLIB,uuf200,random_control,/work/benchmarks/phase5/satlib/uuf200/uuf200-069.cnf,e14ed11ed03153678929dc8338037d52e1c322b9559311676cf0ca20f76fe0d0,evaluation,unknown_fallback_dominated,recovery completed but registry returned UNKNOWN: no_sound_exact_r_boxes,UNKNOWN,200,860,8.01425,0.668122,RUN_LKK,114,94,0,RUN_LKK,0.67026,COMPLETE,0.160509,UNKNOWN,no_sound_exact_r_boxes,0,0,0,UNKNOWN,10.7505,37.706149,False,8
uuf200-070.cnf,SATLIB,uuf200,random_control,/work/benchmarks/phase5/satlib/uuf200/uuf200-070.cnf,455412867eecb72ca254cfb3385a5ac8ae5a9c57ea50f0f6398f2b812cd144f6,evaluation,unknown_fallback_dominated,recovery completed but registry returned UNKNOWN: no_sound_exact_r_boxes,UNKNOWN,200,860,6.99396,0.38878,RUN_LKK,93,112,0,RUN_LKK,0.621378,COMPLETE,0.165449,UNKNOWN,no_sound_exact_r_boxes,0,0,0,UNKNOWN,9.09665,21.081064,False,8
uuf200-071.cnf,SATLIB,uuf200,random_control,/work/benchmarks/phase5/satlib/uuf200/uuf200-071.cnf,2532bbe611020cd33b56c1c93ef198d390fade5633418be2e4fe11b57b332f9a,evaluation,unknown_fallback_dominated,recovery completed but registry returned UNKNOWN: no_sound_exact_r_boxes,UNKNOWN,200,860,3.71681,0.376281,RUN_LKK,103,111,0,RUN_LKK,0.633055,COMPLETE,0.149593,UNKNOWN,no_sound_exact_r_boxes,0,0,0,UNKNOWN,6.07253,36.911845,False,8
uuf200-072.cnf,SATLIB,uuf200,random_control,/work/benchmarks/phase5/satlib/uuf200/uuf200-072.cnf,1502926cce863197669ce96b322a2f52eca8ab2d366e143a1d0a9514d1bf0793,evaluation,unknown_fallback_dominated,recovery completed but registry returned UNKNOWN: no_sound_exact_r_boxes,UNKNOWN,200,860,4.26601,0.380073,RUN_LKK,148,110,0,RUN_LKK,0.673718,COMPLETE,0.310831,UNKNOWN,no_sound_exact_r_boxes,0,0,0,UNKNOWN,10.1236,38.908171,False,8
uuf200-073.cnf,SATLIB,uuf200,random_control,/work/benchmarks/phase5/satlib/uuf200/uuf200-073.cnf,89a624cdd4e35e0ba101171bfefbfcaddd4fa86ab2b30ff9ad448d8447697101,evaluation,unknown_fallback_dominated,recovery completed but registry returned UNKNOWN: no_sound_exact_r_boxes,UNKNOWN,200,860,9.12465,0.680043,RUN_LKK,96,109,0,RUN_LKK,0.784473,COMPLETE,0.13827,UNKNOWN,no_sound_exact_r_boxes,0,0,0,UNKNOWN,11.7086,36.985326,False,8
uuf200-074.cnf,SATLIB,uuf200,random_control,/work/benchmarks/phase5/satlib/uuf200/uuf200-074.cnf,e617f9f7f82f3230199db5fbce97598137509bfcaff935b760f7795beb21e56a,evaluation,unknown_fallback_dominated,recovery completed but registry returned UNKNOWN: no_sound_exact_r_boxes,UNKNOWN,200,860,7.49652,0.349531,RUN_LKK,99,110,0,RUN_LKK,0.773697,COMPLETE,0.338651,UNKNOWN,no_sound_exact_r_boxes,0,0,0,UNKNOWN,10.2747,38.54623,False,8
uuf200-075.cnf,SATLIB,uuf200,random_control,/work/benchmarks/phase5/satlib/uuf200/uuf200-075.cnf,7d6b2683c1368c42cacc2957901f05ccdab8c82efb3231abc23a4b66e25d7fc2,evaluation,unknown_fallback_dominated,recovery completed but registry returned UNKNOWN: no_sound_exact_r_boxes,UNKNOWN,200,860,5.78883,0.354188,RUN_LKK,117,92,0,RUN_LKK,0.533145,COMPLETE,0.095783,UNKNOWN,no_sound_exact_r_boxes,0,0,0,UNKNOWN,7.9471,39.434489,False,8
uuf200-076.cnf,SATLIB,uuf200,random_control,/work/benchmarks/phase5/satlib/uuf200/uuf200-076.cnf,4f9e7dfc8721587bae7cd3560c081fcd2ba1a80f89f6c4bff13dd05fbe67e64b,evaluation,unknown_fallback_dominated,recovery completed but registry returned UNKNOWN: no_sound_exact_r_boxes,UNKNOWN,200,860,6.06789,0.444642,RUN_LKK,105,109,0,RUN_LKK,0.619935,COMPLETE,0.143794,UNKNOWN,no_sound_exact_r_boxes,0,0,0,UNKNOWN,9.57226,34.918805,False,8
uuf200-077.cnf,SATLIB,uuf200,random_control,/work/benchmarks/phase5/satlib/uuf200/uuf200-077.cnf,092d429e4959b887b2cc99692b33ce9c72d336c84000d6f721fcdf6b515344d7,evaluation,unknown_fallback_dominated,recovery completed but registry returned UNKNOWN: no_sound_exact_r_boxes,UNKNOWN,200,860,7.05479,0.400756,RUN_LKK,108,93,0,RUN_LKK,0.586671,COMPLETE,0.122201,UNKNOWN,no_sound_exact_r_boxes,0,0,0,UNKNOWN,9.23158,35.316597,False,8
uuf200-078.cnf,SATLIB,uuf200,random_control,/work/benchmarks/phase5/satlib/uuf200/uuf200-078.cnf,b8ad7e240793372d77b29089795369277daf3fdc06b38b33c08518556d30c8ba,evaluation,unknown_fallback_dominated,recovery completed but registry returned UNKNOWN: no_sound_exact_r_boxes,UNKNOWN,200,860,7.07651,0.38074,RUN_LKK,110,116,0,RUN_LKK,0.650951,COMPLETE,0.161765,UNKNOWN,no_sound_exact_r_boxes,0,0,0,UNKNOWN,9.26327,35.888716,False,8
uuf200-079.cnf,SATLIB,uuf200,random_control,/work/benchmarks/phase5/satlib/uuf200/uuf200-079.cnf,fd4624b6a96e51b5263f59587da52dbc2b0adecf38d7981f2ee6562e1ba3b3c4,calibration,unknown_fallback_dominated,recovery completed but registry returned UNKNOWN: no_sound_exact_r_boxes,UNKNOWN,200,860,6.13899,0.378847,RUN_LKK,112,121,0,RUN_LKK,0.642292,COMPLETE,0.143557,UNKNOWN,no_sound_exact_r_boxes,0,0,0,UNKNOWN,8.20506,36.427775,False,8
uuf200-080.cnf,SATLIB,uuf200,random_control,/work/benchmarks/phase5/satlib/uuf200/uuf200-080.cnf,78c518d612ccf2d5c4da95615ea2ac42915f7428cace2ac2b5dc6b2bcb259656,evaluation,unknown_fallback_dominated,recovery completed but registry returned UNKNOWN: no_sound_exact_r_boxes,UNKNOWN,200,860,5.28487,0.337257,RUN_LKK,123,97,0,RUN_LKK,0.57744,COMPLETE,0.133823,UNKNOWN,no_sound_exact_r_boxes,0,0,0,UNKNOWN,7.52958,20.858931,False,8
uuf200-081.cnf,SATLIB,uuf200,random_control,/work/benchmarks/phase5/satlib/uuf200/uuf200-081.cnf,4bab991cf9e7f943f867071f733f0294eaf8985b7f551e850aedc75fdb709ca9,evaluation,unknown_fallback_dominated,recovery completed but registry returned UNKNOWN: no_sound_exact_r_boxes,UNKNOWN,200,860,7.28928,0.383324,RUN_LKK,104,124,0,RUN_LKK,0.693756,COMPLETE,0.162184,UNKNOWN,no_sound_exact_r_boxes,0,0,0,UNKNOWN,9.86411,35.591886,False,8
uuf200-082.cnf,SATLIB,uuf200,random_control,/work/benchmarks/phase5/satlib/uuf200/uuf200-082.cnf,bdce5c166d4f88d357c7e713b536ced61a7aa145f94ecd27f72a499f62819641,calibration,unknown_fallback_dominated,recovery completed but registry returned UNKNOWN: no_sound_exact_r_boxes,UNKNOWN,200,860,6.79739,0.353489,RUN_LKK,101,103,0,RUN_LKK,0.622092,COMPLETE,0.153128,UNKNOWN,no_sound_exact_r_boxes,0,0,0,UNKNOWN,9.15974,36.16744,False,8
uuf200-083.cnf,SATLIB,uuf200,random_control,/work/benchmarks/phase5/satlib/uuf200/uuf200-083.cnf,e3349287c2e8c1d11e9a7334449168d886a2f11bf518e877eff344ecdd18333a,calibration,unknown_fallback_dominated,recovery completed but registry returned UNKNOWN: no_sound_exact_r_boxes,UNKNOWN,200,860,6.87409,0.375599,RUN_LKK,101,122,0,RUN_LKK,0.633382,COMPLETE,0.171096,UNKNOWN,no_sound_exact_r_boxes,0,0,0,UNKNOWN,9.27636,35.291114,False,8
uuf200-084.cnf,SATLIB,uuf200,random_control,/work/benchmarks/phase5/satlib/uuf200/uuf200-084.cnf,81a923d77267269ee27ad89b1718aabf7235b5cdb55a03648572117c8fa64c95,evaluation,unknown_fallback_dominated,recovery completed but registry returned UNKNOWN: no_sound_exact_r_boxes,UNKNOWN,200,860,7.89739,0.393256,RUN_LKK,92,112,0,RUN_LKK,0.619786,COMPLETE,0.181352,UNKNOWN,no_sound_exact_r_boxes,0,0,0,UNKNOWN,10.1281,35.878805,False,8
uuf200-085.cnf,SATLIB,uuf200,random_control,/work/benchmarks/phase5/satlib/uuf200/uuf200-085.cnf,fd430cb064f53c29eff57008ea7927c37d267080a486b984280c8e206c1366af,calibration,unknown_fallback_dominated,recovery completed but registry returned UNKNOWN: no_sound_exact_r_boxes,UNKNOWN,200,860,6.43408,0.38328,RUN_LKK,102,97,0,RUN_LKK,0.65502,COMPLETE,0.14033,UNKNOWN,no_sound_exact_r_boxes,0,0,0,UNKNOWN,8.6476,35.343602,False,8
uuf200-086.cnf,SATLIB,uuf200,random_control,/work/benchmarks/phase5/satlib/uuf200/uuf200-086.cnf,6c51809d6c11df2ec5c2d8010aaece4a9e69f374634f14582aac582872116646,evaluation,unknown_fallback_dominated,recovery completed but registry returned UNKNOWN: no_sound_exact_r_boxes,UNKNOWN,200,860,6.72218,0.378684,RUN_LKK,120,114,0,RUN_LKK,0.636728,COMPLETE,0.167237,UNKNOWN,no_sound_exact_r_boxes,0,0,0,UNKNOWN,9.20196,36.278865,False,8
uuf200-087.cnf,SATLIB,uuf200,random_control,/work/benchmarks/phase5/satlib/uuf200/uuf200-087.cnf,f620309e2e5729f0cf0a4ef4e1687bbe1e6137f90040accf02466fc9cc92ab6f,evaluation,unknown_fallback_dominated,recovery completed but registry returned UNKNOWN: no_sound_exact_r_boxes,UNKNOWN,200,860,7.50848,0.299234,RUN_LKK,100,89,0,RUN_LKK,0.482673,COMPLETE,0.107487,UNKNOWN,no_sound_exact_r_boxes,0,0,0,UNKNOWN,9.49947,35.475384,False,8
uuf200-088.cnf,SATLIB,uuf200,random_control,/work/benchmarks/phase5/satlib/uuf200/uuf200-088.cnf,32d88d451dc21d5629800d8e570baa5850be04988946f817143a7423dd16f8e2,evaluation,unknown_fallback_dominated,recovery completed but registry returned UNKNOWN: no_sound_exact_r_boxes,UNKNOWN,200,860,6.02185,0.26827,RUN_LKK,113,122,0,RUN_LKK,0.480284,COMPLETE,0.178301,UNKNOWN,no_sound_exact_r_boxes,0,0,0,UNKNOWN,7.77006,19.604218,False,8
uuf200-089.cnf,SATLIB,uuf200,random_control,/work/benchmarks/phase5/satlib/uuf200/uuf200-089.cnf,47c45802c03d3496f83a70861d730825d326fa31d89bc6a16416af0bcf1eb554,calibration,unknown_fallback_dominated,recovery completed but registry returned UNKNOWN: no_sound_exact_r_boxes,UNKNOWN,200,860,5.55642,0.271509,RUN_LKK,99,109,0,RUN_LKK,0.443881,COMPLETE,0.098142,UNKNOWN,no_sound_exact_r_boxes,0,0,0,UNKNOWN,7.29625,19.717712,False,8
uuf200-090.cnf,SATLIB,uuf200,random_control,/work/benchmarks/phase5/satlib/uuf200/uuf200-090.cnf,981f59f084d5778c140c05e877e20fbcd3b13a494a0bb98393cd1296d23994fe,evaluation,unknown_fallback_dominated,recovery completed but registry returned UNKNOWN: no_sound_exact_r_boxes,UNKNOWN,200,860,5.67471,0.368278,RUN_LKK,107,110,0,RUN_LKK,0.589792,COMPLETE,0.142102,UNKNOWN,no_sound_exact_r_boxes,0,0,0,UNKNOWN,8.51201,37.581263,False,8
uuf200-091.cnf,SATLIB,uuf200,random_control,/work/benchmarks/phase5/satlib/uuf200/uuf200-091.cnf,5504aaa56caffa2ac91adaf15de9e32cb82e37cd198316c6041c92282207ea5b,evaluation,unknown_fallback_dominated,recovery completed but registry returned UNKNOWN: no_sound_exact_r_boxes,UNKNOWN,200,860,3.99413,0.377744,RUN_LKK,106,116,0,RUN_LKK,0.905278,COMPLETE,0.170546,UNKNOWN,no_sound_exact_r_boxes,0,0,0,UNKNOWN,6.60438,18.320244,False,8
uuf200-092.cnf,SATLIB,uuf200,random_control,/work/benchmarks/phase5/satlib/uuf200/uuf200-092.cnf,0e3db0aa4c34a177a8094223722543ff37d50747f34b36c47a6200427955630a,evaluation,unknown_fallback_dominated,recovery completed but registry returned UNKNOWN: no_sound_exact_r_boxes,UNKNOWN,200,860,5.98256,0.289793,RUN_LKK,101,99,0,RUN_LKK,0.488796,COMPLETE,0.103058,UNKNOWN,no_sound_exact_r_boxes,0,0,0,UNKNOWN,7.80317,34.99086,False,8
uuf200-093.cnf,SATLIB,uuf200,random_control,/work/benchmarks/phase5/satlib/uuf200/uuf200-093.cnf,91b6a2052f3b0bcf01f7f427cab3574259557abd2c239ec912be339b49f9db82,evaluation,unknown_fallback_dominated,recovery completed but registry returned UNKNOWN: no_sound_exact_r_boxes,UNKNOWN,200,860,4.76307,0.307733,RUN_LKK,106,121,0,RUN_LKK,0.504402,COMPLETE,0.122909,UNKNOWN,no_sound_exact_r_boxes,0,0,0,UNKNOWN,6.71824,19.075478,False,8
uuf200-094.cnf,SATLIB,uuf200,random_control,/work/benchmarks/phase5/satlib/uuf200/uuf200-094.cnf,c0b6fa7c26b79e604419a23e51b536325101d51b2ab7f6a3b8650ba1cd445374,evaluation,unknown_fallback_dominated,recovery completed but registry returned UNKNOWN: no_sound_exact_r_boxes,UNKNOWN,200,860,6.00296,0.3577,RUN_LKK,93,120,0,RUN_LKK,0.584953,COMPLETE,0.147753,UNKNOWN,no_sound_exact_r_boxes,0,0,0,UNKNOWN,8.20901,36.404194,False,8
uuf200-095.cnf,SATLIB,uuf200,random_control,/work/benchmarks/phase5/satlib/uuf200/uuf200-095.cnf,9712beb318e7ffa7d3e81b67537a6d3047006bacdc75fce115d7c491a9249912,evaluation,unknown_fallback_dominated,recovery completed but registry returned UNKNOWN: no_sound_exact_r_boxes,UNKNOWN,200,860,5.51767,0.298522,RUN_LKK,99,121,0,RUN_LKK,0.52414,COMPLETE,0.138094,UNKNOWN,no_sound_exact_r_boxes,0,0,0,UNKNOWN,7.50065,34.690228,False,8
uuf200-096.cnf,SATLIB,uuf200,random_control,/work/benchmarks/phase5/satlib/uuf200/uuf200-096.cnf,a25f902c8b3c9cd6b87485c651ef0364d43fc9803e0817778790b9d7cbee6ef9,calibration,unknown_fallback_dominated,recovery completed but registry returned UNKNOWN: no_sound_exact_r_boxes,UNKNOWN,200,860,2.87261,0.319137,RUN_LKK,111,105,0,RUN_LKK,0.518086,COMPLETE,0.10137,UNKNOWN,no_sound_exact_r_boxes,0,0,0,UNKNOWN,4.80035,20.406227,False,8
uuf200-097.cnf,SATLIB,uuf200,random_control,/work/benchmarks/phase5/satlib/uuf200/uuf200-097.cnf,4e1106242ea92965f77bbc2b718467c63f9f2b4d327fdab9f28a80024ddb8f31,evaluation,unknown_fallback_dominated,recovery completed but registry returned UNKNOWN: no_sound_exact_r_boxes,UNKNOWN,200,860,4.01445,0.393532,RUN_LKK,97,109,1,RUN_LKK,0.643684,COMPLETE,0.140936,UNKNOWN,no_sound_exact_r_boxes,0,0,0,UNKNOWN,6.35734,20.234991,False,8
uuf200-098.cnf,SATLIB,uuf200,random_control,/work/benchmarks/phase5/satlib/uuf200/uuf200-098.cnf,3c6a9993290d977f11b7128c057da2ff6d4eabacee16dbd2ba7d4ec80e7c01ff,evaluation,unknown_fallback_dominated,recovery completed but registry returned UNKNOWN: no_sound_exact_r_boxes,UNKNOWN,200,860,5.95855,0.345842,RUN_LKK,91,119,0,RUN_LKK,0.60939,COMPLETE,0.140606,UNKNOWN,no_sound_exact_r_boxes,0,0,0,UNKNOWN,8.07516,18.760419,False,8
uuf200-099.cnf,SATLIB,uuf200,random_control,/work/benchmarks/phase5/satlib/uuf200/uuf200-099.cnf,9cc7797e3d19d9ffa4e682e8dfc454987f4800a19fb7b8ab9fb0ea8752ead7c6,evaluation,unknown_fallback_dominated,recovery completed but registry returned UNKNOWN: no_sound_exact_r_boxes,UNKNOWN,200,860,5.84311,0.387503,RUN_LKK,114,122,0,RUN_LKK,0.680531,COMPLETE,0.172527,UNKNOWN,no_sound_exact_r_boxes,0,0,0,UNKNOWN,8.26299,20.612842,False,8
002.cnf,SATComp2024,main2024,competition_main,/work/benchmarks/phase5/sc2024/002.cnf,d349391f5804d8ef1db50e3c11841619a430b1767456b25a234890169178703a,evaluation,no_useful_detected_structure,cheap gate declined: no_cheap_structural_signal,UNKNOWN,4128,126564,431.465,269.434,SKIP_TO_CDCL,0,373,0,NOT_RUN,0,COMPLETE,0,UNKNOWN,,0,0,0,UNKNOWN,750.264,769.614175,False,8
004.cnf,SATComp2024,main2024,competition_main,/work/benchmarks/phase5/sc2024/004.cnf,065ffd0cbdebb593293c8c1dd1a9d311067c65daa20d092711514d2128468b37,evaluation,no_useful_detected_structure,cheap gate declined: no_cheap_structural_signal,UNKNOWN,4288,132576,452.23,284.767,SKIP_TO_CDCL,0,413,0,NOT_RUN,0,COMPLETE,0,UNKNOWN,,0,0,0,UNKNOWN,806.481,871.140331,False,8
1-ET-256-K-55.sanitized.cnf,SATComp2024,main2024,competition_main,/work/benchmarks/phase5/sc2024/1-ET-256-K-55.sanitized.cnf,d16de17aa95a6b48cf1bd4e4ebd7ad8094dd6ed296330a61d9799fa388916375,evaluation,no_useful_detected_structure,benefit gate declined: input_clause_limit;estimated_resolution_pair_limit,UNKNOWN,13107,362052,590.408,355.555,RUN_LKK,256,296480,0,SKIP_TO_CDCL,0,COMPLETE,0,UNKNOWN,,0,0,0,UNKNOWN,1147.73,1172.387793,False,8
1-ET-256-K-70.sanitized.cnf,SATComp2024,main2024,competition_main,/work/benchmarks/phase5/sc2024/1-ET-256-K-70.sanitized.cnf,433205713840cf659c1540da8a59e72ef5c0c0c184adb84998e7336871ba1848,evaluation,no_useful_detected_structure,benefit gate declined: input_clause_limit;estimated_resolution_pair_limit,UNKNOWN,16017,503602,869.354,469.991,RUN_LKK,256,422595,0,SKIP_TO_CDCL,0,COMPLETE,0,UNKNOWN,,0,0,0,UNKNOWN,1574.38,1624.041868,False,8
1-ET-512-K-110.sanitized.cnf,SATComp2024,main2024,competition_main,/work/benchmarks/phase5/sc2024/1-ET-512-K-110.sanitized.cnf,78af56da663e6102837ab9cb383871f063eae5367f1ab73083f3ed24748d3362,evaluation,no_useful_detected_structure,benefit gate declined: input_clause_limit;estimated_resolution_pair_limit,UNKNOWN,51349,2547402,3640.17,2644.29,RUN_LKK,512,2287555,0,SKIP_TO_CDCL,0,COMPLETE,0,UNKNOWN,,0,0,0,UNKNOWN,7762.42,7904.692199,False,8
1-ET-512-K-96.sanitized.cnf,SATComp2024,main2024,competition_main,/work/benchmarks/phase5/sc2024/1-ET-512-K-96.sanitized.cnf,7fc79978bee7343d4a998e6e3d21a216185d28eaacb3b6e0f386d2b487455f93,evaluation,no_useful_detected_structure,benefit gate declined: input_clause_limit;estimated_resolution_pair_limit,UNKNOWN,45616,2068700,3046.61,2208.98,RUN_LKK,512,1838911,0,SKIP_TO_CDCL,0,COMPLETE,0,UNKNOWN,,0,0,0,UNKNOWN,6431.82,6591.309534,False,8
1-TC-256-K-64.sanitized.cnf,SATComp2024,main2024,competition_main,/work/benchmarks/phase5/sc2024/1-TC-256-K-64.sanitized.cnf,15ee7f15c261239784b41c2476da690c6350913719b78e8c4d8d0045f3c56913,evaluation,no_useful_detected_structure,benefit gate declined: input_clause_limit;estimated_resolution_pair_limit,UNKNOWN,14880,446684,715.837,496.443,RUN_LKK,256,371743,0,SKIP_TO_CDCL,0,COMPLETE,0,UNKNOWN,,0,0,0,UNKNOWN,1409.31,1473.740519,False,8
1-TC-256-K-68.sanitized.cnf,SATComp2024,main2024,competition_main,/work/benchmarks/phase5/sc2024/1-TC-256-K-68.sanitized.cnf,2f8e1f598b570f86b84994e6a9d9df66d0452708cf0fef069dd477ef7d6a767e,evaluation,no_useful_detected_structure,benefit gate declined: input_clause_limit;estimated_resolution_pair_limit,UNKNOWN,15642,484472,833.381,471.868,RUN_LKK,256,405471,0,SKIP_TO_CDCL,0,COMPLETE,0,UNKNOWN,,0,0,0,UNKNOWN,1528.79,1572.108209,False,8
1-TC-256-K-71.sanitized.cnf,SATComp2024,main2024,competition_main,/work/benchmarks/phase5/sc2024/1-TC-256-K-71.sanitized.cnf,859e23561b64651ef155c73f116a89802dc9a8ce1e28783d257b3c3d60904bb9,calibration,no_useful_detected_structure,benefit gate declined: input_clause_limit;estimated_resolution_pair_limit,UNKNOWN,16203,512596,717.429,412.014,RUN_LKK,256,430592,0,SKIP_TO_CDCL,0,COMPLETE,0,UNKNOWN,,0,0,0,UNKNOWN,1345.76,1435.480215,False,8
1-ZC-512-K-60.sanitized.cnf,SATComp2024,main2024,competition_main,/work/benchmarks/phase5/sc2024/1-ZC-512-K-60.sanitized.cnf,40556bcafab63ef64f401e454cfa7ab02e4a7a4be3ea7ca59960b11e5768949c,evaluation,no_useful_detected_structure,benefit gate declined: input_clause_limit;estimated_resolution_pair_limit,UNKNOWN,29974,976832,1358.5,845.344,RUN_LKK,512,827935,0,SKIP_TO_CDCL,0,COMPLETE,0,UNKNOWN,,0,0,0,UNKNOWN,2710.06,2777.499529,False,8
1-ZC-512-K-61.sanitized.cnf,SATComp2024,main2024,competition_main,/work/benchmarks/phase5/sc2024/1-ZC-512-K-61.sanitized.cnf,286cf4f2a2514d8425bfcdd1f3f9e16e091c83a05f3aaf8b7438c160c2d73193,evaluation,no_useful_detected_structure,benefit gate declined: input_clause_limit;estimated_resolution_pair_limit,UNKNOWN,30426,1003450,1399.76,937.646,RUN_LKK,512,852236,0,SKIP_TO_CDCL,0,COMPLETE,0,UNKNOWN,,0,0,0,UNKNOWN,2909.28,2978.227192,False,8
1-ZC-512-K-63.sanitized.cnf,SATComp2024,main2024,competition_main,/work/benchmarks/phase5/sc2024/1-ZC-512-K-63.sanitized.cnf,faefca60e7514b0eb52403aa41cbfb1f35b6aa383004b2dcc2d1138737342335,evaluation,no_useful_detected_structure,benefit gate declined: input_clause_limit;estimated_resolution_pair_limit,UNKNOWN,31327,1057468,1473.39,1073.22,RUN_LKK,512,901632,0,SKIP_TO_CDCL,0,COMPLETE,0,UNKNOWN,,0,0,0,UNKNOWN,3140.92,3229.029101,False,8
1-ZC-512-K-64.sanitized.cnf,SATComp2024,main2024,competition_main,/work/benchmarks/phase5/sc2024/1-ZC-512-K-64.sanitized.cnf,1cc75582eac0952a43da60738bc3d85cc25255bceaa7db2737e762afcc58ac2b,evaluation,no_useful_detected_structure,benefit gate declined: input_clause_limit;estimated_resolution_pair_limit,UNKNOWN,31776,1084860,1544.33,1089.8,RUN_LKK,512,926719,0,SKIP_TO_CDCL,0,COMPLETE,0,UNKNOWN,,0,0,0,UNKNOWN,3266.52,3332.611452,False,8
1-ZC-512-K-65.sanitized.cnf,SATComp2024,main2024,competition_main,/work/benchmarks/phase5/sc2024/1-ZC-512-K-65.sanitized.cnf,b633e9bd19bdf9634382a31ba44ed9ea27fcb58730635fcb2939e1bde7086e62,evaluation,no_useful_detected_structure,benefit gate declined: input_clause_limit;estimated_resolution_pair_limit,UNKNOWN,32224,1112502,1568.76,1121.22,RUN_LKK,512,952060,0,SKIP_TO_CDCL,0,COMPLETE,0,UNKNOWN,,0,0,0,UNKNOWN,3331.81,3431.028586,False,8
1-ZC-512-K-67.sanitized.cnf,SATComp2024,main2024,competition_main,/work/benchmarks/phase5/sc2024/1-ZC-512-K-67.sanitized.cnf,ce95cc615b14895f3785b1b097ed938bfa800b0fed93610d7ba5b22f4d4df83f,evaluation,no_useful_detected_structure,benefit gate declined: input_clause_limit;estimated_resolution_pair_limit,UNKNOWN,33117,1168520,1493.45,1184.58,RUN_LKK,512,1003488,0,SKIP_TO_CDCL,0,COMPLETE,0,UNKNOWN,,0,0,0,UNKNOWN,3303.54,3381.616218,False,8
170058440.cnf,SATComp2024,main2024,competition_main,/work/benchmarks/phase5/sc2024/170058440.cnf,3bb04cc0e949fef4d2de76228b4980fb2f91da14cf819ce394c94e1fc1e87dc0,evaluation,unknown_fallback_dominated,recovery completed but registry returned UNKNOWN: no_sound_exact_r_boxes,UNKNOWN,320,1120,3.90485,0.583503,RUN_LKK,136,128,0,RUN_LKK,1.07738,COMPLETE,0.192016,UNKNOWN,no_sound_exact_r_boxes,0,0,0,UNKNOWN,6.96719,19.028251,False,8
2dlx_ca_bp_f_liveness.cnf,SATComp2024,main2024,competition_main,/work/benchmarks/phase5/sc2024/2dlx_ca_bp_f_liveness.cnf,2bd42992b9096bb83b0051559968f8c7b4a1eeb33e6b0fb62637c0e9653a58c4,evaluation,no_useful_detected_structure,benefit gate declined: input_clause_limit;estimated_resolution_pair_limit,UNKNOWN,202253,4313014,7174.26,11519.6,RUN_LKK,421,2930314,0,SKIP_TO_CDCL,0,COMPLETE,0,UNKNOWN,,0,0,0,UNKNOWN,19860.5,20006.73523,False,8
6s130-opt.cnf,SATComp2024,main2024,competition_main,/work/benchmarks/phase5/sc2024/6s130-opt.cnf,23b57bb29aadbd48157686c7ddc0f5f2172a0fe1e9b42a82fc5b6fb010ffd422,evaluation,no_useful_detected_structure,benefit gate declined: input_clause_limit;estimated_resolution_pair_limit,UNKNOWN,49370,144361,177.15,186.634,RUN_LKK,19225,56643,0,SKIP_TO_CDCL,0,COMPLETE,0,UNKNOWN,,0,0,0,UNKNOWN,436.899,469.757737,False,8
6s167-opt.cnf,SATComp2024,main2024,competition_main,/work/benchmarks/phase5/sc2024/6s167-opt.cnf,aa4e60999169807861cc464d809d6f9aab6547d8096c56cfb18f90ea7869bf3b,calibration,unknown_fallback_dominated,recovery completed but registry returned UNKNOWN: no_sound_exact_r_boxes,UNKNOWN,4640,13523,20.1376,6.33261,RUN_LKK,2253,5513,0,RUN_LKK,10.8686,COMPLETE,7.93175,UNKNOWN,no_sound_exact_r_boxes,0,0,0,UNKNOWN,51.4002,68.336032,False,8
Break_08_24.xml.cnf,SATComp2024,main2024,competition_main,/work/benchmarks/phase5/sc2024/Break_08_24.xml.cnf,07bd5783f72508875b81075784d0e7e8b21ac5b375c7883ae4c9805f2458ff5a,calibration,unknown_fallback_dominated,recovery completed but registry returned UNKNOWN: no_sound_exact_r_boxes,UNKNOWN,3890,14188,18.7016,5.71866,RUN_LKK,1504,6104,0,RUN_LKK,7.61433,COMPLETE,7.44563,UNKNOWN,no_sound_exact_r_boxes,0,0,0,UNKNOWN,44.2072,67.997838,False,8
Break_18_32.xml.cnf,SATComp2024,main2024,competition_main,/work/benchmarks/phase5/sc2024/Break_18_32.xml.cnf,73c7ea409341ef013874307f6456114e7063b5e2ee8d9ac57ef59b8ca44827df,evaluation,no_useful_detected_structure,benefit gate declined: input_clause_limit,UNKNOWN,37028,187772,239.223,270.155,RUN_LKK,2124,56304,0,SKIP_TO_CDCL,0,COMPLETE,0,UNKNOWN,,0,0,0,UNKNOWN,632.953,669.5195,False,8
Break_20_72.xml.cnf,SATComp2024,main2024,competition_main,/work/benchmarks/phase5/sc2024/Break_20_72.xml.cnf,7d33557db97e477229eaee5f188305550e5eb4f071a430964df191921abd1488,evaluation,no_useful_detected_structure,benefit gate declined: input_clause_limit;estimated_resolution_pair_limit,UNKNOWN,53844,270142,367.397,435.093,RUN_LKK,2640,82840,0,SKIP_TO_CDCL,0,COMPLETE,0,UNKNOWN,,0,0,0,UNKNOWN,938.249,970.528746,False,8
Break_triple_20_36.xml.cnf,SATComp2024,main2024,competition_main,/work/benchmarks/phase5/sc2024/Break_triple_20_36.xml.cnf,8a7c11bb85cfcf01fd8e45be24d3244087b9437334ca6bca3222ec46a0b44564,calibration,no_useful_detected_structure,benefit gate declined: input_clause_limit;estimated_resolution_pair_limit,UNKNOWN,49869,264806,383.297,425.246,RUN_LKK,2640,82875,0,SKIP_TO_CDCL,0,COMPLETE,0,UNKNOWN,,0,0,0,UNKNOWN,943.972,970.928009,False,8
Break_unsat_04_03.xml.cnf,SATComp2024,main2024,competition_main,/work/benchmarks/phase5/sc2024/Break_unsat_04_03.xml.cnf,aed7edcd62b4d925b1f84c3cbe025a079ff7713eea1cc8c4fdce78ed519cd3f1,evaluation,unknown_fallback_dominated,recovery completed but registry returned UNKNOWN: no_sound_exact_r_boxes,UNKNOWN,221,1085,3.87565,0.341291,RUN_LKK,80,612,0,RUN_LKK,0.653611,COMPLETE,0.43639,UNKNOWN,no_sound_exact_r_boxes,0,0,0,UNKNOWN,6.60063,35.984686,False,8
Break_unsat_06_07.xml.cnf,SATComp2024,main2024,competition_main,/work/benchmarks/phase5/sc2024/Break_unsat_06_07.xml.cnf,8c94b7be135467462330cd4819c1d2acdbabd2c7f9290a6c53409186021a4bbf,calibration,unknown_fallback_dominated,recovery completed but registry returned UNKNOWN: no_sound_exact_r_boxes,UNKNOWN,1101,5037,8.25722,1.44647,RUN_LKK,354,2700,0,RUN_LKK,2.47149,COMPLETE,2.32411,UNKNOWN,no_sound_exact_r_boxes,0,0,0,UNKNOWN,16.144,35.765233,False,8
Break_unsat_14_23.xml.cnf,SATComp2024,main2024,competition_main,/work/benchmarks/phase5/sc2024/Break_unsat_14_23.xml.cnf,16bb46179f714b6174a1c6c3144adce31cec2719a17693a1748318c91a58945a,evaluation,no_useful_detected_structure,benefit gate declined: input_clause_limit,UNKNOWN,22365,83897,120.61,111.916,RUN_LKK,11270,39312,0,SKIP_TO_CDCL,0,COMPLETE,0,UNKNOWN,,0,0,0,UNKNOWN,261.104,319.177068,False,8
Break_unsat_16_27.xml.cnf,SATComp2024,main2024,competition_main,/work/benchmarks/phase5/sc2024/Break_unsat_16_27.xml.cnf,04ff7b5d94be1ccbff07e4108287b439ec0f2976b9a8e9ad7a653665207988b8,evaluation,no_useful_detected_structure,benefit gate declined: input_clause_limit,UNKNOWN,31113,127845,162.659,136.952,RUN_LKK,14864,67200,0,SKIP_TO_CDCL,0,COMPLETE,0,UNKNOWN,,0,0,0,UNKNOWN,357.952,418.500756,False,8
Break_unsat_18_31.xml.cnf,SATComp2024,main2024,competition_main,/work/benchmarks/phase5/sc2024/Break_unsat_18_31.xml.cnf,29c539f0d8e4d5b38405c8ef52319cea2d195c89375fd78d7240908e774cd274,evaluation,no_useful_detected_structure,benefit gate declined: input_clause_limit,UNKNOWN,37005,187727,231.247,279.632,RUN_LKK,2124,56304,0,SKIP_TO_CDCL,0,COMPLETE,0,UNKNOWN,,0,0,0,UNKNOWN,610.781,670.238695,False,8
Circuit_multiplier22.cnf,SATComp2024,main2024,competition_main,/work/benchmarks/phase5/sc2024/Circuit_multiplier22.cnf,6daa489c3fff5f3319822b8195dc6e1c4e1ed20246c8190b969f322df84f4ee7,evaluation,no_useful_detected_structure,benefit gate declined: estimated_resolution_pair_limit,UNKNOWN,1013,18793,40.5091,25.6238,RUN_LKK,220,278,2,SKIP_TO_CDCL,0,COMPLETE,0,UNKNOWN,,0,0,0,UNKNOWN,69.6065,118.193624,False,8
DLTM_twitter774_83_17.cnf,SATComp2024,main2024,competition_main,/work/benchmarks/phase5/sc2024/DLTM_twitter774_83_17.cnf,d9a175de15fb7e0315c7e6115b2430166b3e376c3db9b61356550f3f27f51929,evaluation,no_useful_detected_structure,cheap gate declined: no_cheap_structural_signal,UNKNOWN,21208,122064,203.342,163.356,SKIP_TO_CDCL,0,0,0,NOT_RUN,0,COMPLETE,0,UNKNOWN,,0,0,0,UNKNOWN,416.17,468.597127,False,8
Dodecahedron-k7.cnf,SATComp2024,main2024,competition_main,/work/benchmarks/phase5/sc2024/Dodecahedron-k7.cnf,38eb4adc813cf17df040afa06a582ad0924c00e162b50873a43bf17fd0cd7e44,calibration,no_useful_detected_structure,benefit gate declined: input_clause_limit;estimated_resolution_pair_limit,UNKNOWN,17600,215290,342.959,242.063,RUN_LKK,380,7600,0,SKIP_TO_CDCL,0,COMPLETE,0,UNKNOWN,,0,0,0,UNKNOWN,719.299,769.922949,False,8
EDP3-11000.cnf,SATComp2024,main2024,competition_main,/work/benchmarks/phase5/sc2024/EDP3-11000.cnf,b34a5eb5648c869292f956733bd3fe26550456e7ead96da55d00bc188c69c557,calibration,no_useful_detected_structure,benefit gate declined: input_clause_limit;estimated_resolution_pair_limit,UNKNOWN,90956,679628,1144.36,1404.79,RUN_LKK,42728,42728,0,SKIP_TO_CDCL,0,COMPLETE,0,UNKNOWN,,0,0,0,UNKNOWN,2939.63,2977.753816,False,8
ER_400_20_4.apx_1_DC-AD.cnf,SATComp2024,main2024,competition_main,/work/benchmarks/phase5/sc2024/ER_400_20_4.apx_1_DC-AD.cnf,f0c541a1fa7ff82765218c09c825eb1df6c050b1ddafa637ce80218767e2aef1,calibration,no_useful_detected_structure,cheap gate declined: no_cheap_structural_signal,UNKNOWN,802,49151,68.4052,52.6495,SKIP_TO_CDCL,0,16517,0,NOT_RUN,0,COMPLETE,0,UNKNOWN,,0,0,0,UNKNOWN,130.414,168.761252,False,8
ER_400_20_4.apx_2_DC-AD.cnf,SATComp2024,main2024,competition_main,/work/benchmarks/phase5/sc2024/ER_400_20_4.apx_2_DC-AD.cnf,aa81edfd81cbca8cbab9c9e090333b95a823836cd0c2e3455cf04a1d5df965d6,evaluation,no_useful_detected_structure,cheap gate declined: no_cheap_structural_signal,UNKNOWN,802,49151,61.8408,52.95,SKIP_TO_CDCL,0,16517,0,NOT_RUN,0,COMPLETE,0,UNKNOWN,,0,0,0,UNKNOWN,123.287,167.414901,False,8
ER_400_20_4.apx_2_DC-ST.cnf,SATComp2024,main2024,competition_main,/work/benchmarks/phase5/sc2024/ER_400_20_4.apx_2_DC-ST.cnf,be688a85d2971733acd1d3cfa3dec587070d57b2a3f7180e6367142680596396,evaluation,no_useful_detected_structure,benefit gate declined: estimated_resolution_pair_limit,UNKNOWN,802,49552,55.6086,54.8019,RUN_LKK,401,16517,0,SKIP_TO_CDCL,0,COMPLETE,0,UNKNOWN,,0,0,0,UNKNOWN,118.73,167.970673,False,8
ER_400_20_7.apx_1_DC-AD.cnf,SATComp2024,main2024,competition_main,/work/benchmarks/phase5/sc2024/ER_400_20_7.apx_1_DC-AD.cnf,9f0d08c9b77c9e63ec1ddc6f1bf49eb29fa0d0e5e185d00b8c5cf231a4cec842,evaluation,no_useful_detected_structure,cheap gate declined: no_cheap_structural_signal,UNKNOWN,802,48038,56.7932,48.3444,SKIP_TO_CDCL,0,16146,0,NOT_RUN,0,COMPLETE,0,UNKNOWN,,0,0,0,UNKNOWN,123.61,167.383826,False,8
ER_400_20_7.apx_2_DC-AD.cnf,SATComp2024,main2024,competition_main,/work/benchmarks/phase5/sc2024/ER_400_20_7.apx_2_DC-AD.cnf,b62464f3875846657c697c82cfdd1acc4c8561e2a6a370e52bd1252ea5ca1d8e,evaluation,no_useful_detected_structure,cheap gate declined: no_cheap_structural_signal,UNKNOWN,802,48038,56.3248,58.9476,SKIP_TO_CDCL,0,16146,0,NOT_RUN,0,COMPLETE,0,UNKNOWN,,0,0,0,UNKNOWN,131.002,167.551602,False,8
ER_400_20_7.apx_2_DC-ST.cnf,SATComp2024,main2024,competition_main,/work/benchmarks/phase5/sc2024/ER_400_20_7.apx_2_DC-ST.cnf,93043cc152e65a20284b7141f9276d59632bfdc1047de15c3b01e1724ccff35d,evaluation,no_useful_detected_structure,benefit gate declined: estimated_resolution_pair_limit,UNKNOWN,802,48439,74.0262,55.5091,RUN_LKK,401,16146,0,SKIP_TO_CDCL,0,COMPLETE,0,UNKNOWN,,0,0,0,UNKNOWN,140.779,168.549615,False,8
ER_500_30_3.apx_1_DC-ST.cnf,SATComp2024,main2024,competition_main,/work/benchmarks/phase5/sc2024/ER_500_30_3.apx_1_DC-ST.cnf,f12afa8f3d3d3f91d526b4563608061c1f1531cc02b61844597d2d379a4f7f9c,evaluation,no_useful_detected_structure,benefit gate declined: input_clause_limit;estimated_resolution_pair_limit,UNKNOWN,1002,113965,172.462,190.121,RUN_LKK,501,37988,0,SKIP_TO_CDCL,0,COMPLETE,0,UNKNOWN,,0,0,0,UNKNOWN,414.174,469.253932,False,8
ER_500_30_3.apx_2_DC-AD.cnf,SATComp2024,main2024,competition_main,/work/benchmarks/phase5/sc2024/ER_500_30_3.apx_2_DC-AD.cnf,dc85602884b659d5c9278b63b3f724ccfba8a63d2e26f8d0209885c7ebdbac31,calibration,no_useful_detected_structure,cheap gate declined: no_cheap_structural_signal,UNKNOWN,1002,113464,178.483,195.814,SKIP_TO_CDCL,0,37988,0,NOT_RUN,0,COMPLETE,0,UNKNOWN,,0,0,0,UNKNOWN,419.104,470.288927,False,8
FmlaEquivChain_4_6_6.sanitized.cnf,SATComp2024,main2024,competition_main,/work/benchmarks/phase5/sc2024/FmlaEquivChain_4_6_6.sanitized.cnf,476dff1a32c119467e51d108cb733cb93a57fb9716b6ae0b7d50697bcb3a6004,evaluation,no_useful_detected_structure,benefit gate declined: input_clause_limit;estimated_resolution_pair_limit,UNKNOWN,54411,437952,754.281,511.06,RUN_LKK,7770,116550,0,SKIP_TO_CDCL,0,COMPLETE,0,UNKNOWN,,0,0,0,UNKNOWN,1477.91,1523.084605,False,8
FmlaEquivChain_4_8_8.sanitized.cnf,SATComp2024,main2024,competition_main,/work/benchmarks/phase5/sc2024/FmlaEquivChain_4_8_8.sanitized.cnf,7a8630a6d7cfb83916914e84fa2eeabf799aac981518b7e6aa4844e44ee34ffb,calibration,no_useful_detected_structure,benefit gate declined: input_clause_limit;estimated_resolution_pair_limit,UNKNOWN,266204,2793240,4768.54,3862.5,RUN_LKK,32760,917280,0,SKIP_TO_CDCL,0,COMPLETE,0,UNKNOWN,,0,0,0,UNKNOWN,10555.6,10709.497687,False,8
FmlaImplyChain_3_7_7.sanitized.cnf,SATComp2024,main2024,competition_main,/work/benchmarks/phase5/sc2024/FmlaImplyChain_3_7_7.sanitized.cnf,17ce2b8ff886510c7b4f8fdbdb2c385eb0de539d5aae15a35d0212b1bf45b6db,evaluation,no_useful_detected_structure,benefit gate declined: input_clause_limit,UNKNOWN,16093,95942,167.023,95.0778,RUN_LKK,2394,50274,0,SKIP_TO_CDCL,0,COMPLETE,0,UNKNOWN,,0,0,0,UNKNOWN,299.364,318.062831,False,8
FmlaImplyChain_3_7_8.sanitized.cnf,SATComp2024,main2024,competition_main,/work/benchmarks/phase5/sc2024/FmlaImplyChain_3_7_8.sanitized.cnf,89d2c28ed9ea8f162692c1a008fffca4bdd88580716d9419bcbdcfb30aedfe4c,evaluation,no_useful_detected_structure,benefit gate declined: input_clause_limit,UNKNOWN,18718,111923,188.842,120.858,RUN_LKK,2793,58653,0,SKIP_TO_CDCL,0,COMPLETE,0,UNKNOWN,,0,0,0,UNKNOWN,352.689,368.513294,False,8
Folkman-175-1251868.sanitized.cnf,SATComp2024,main2024,competition_main,/work/benchmarks/phase5/sc2024/Folkman-175-1251868.sanitized.cnf,ae0b99d37d69510dfae2a276d128c1cbd3fff53306a4f3fae73237e163d5877a,evaluation,unknown_fallback_dominated,recovery completed but registry returned UNKNOWN: no_sound_exact_r_boxes,UNKNOWN,15225,18038,31.6089,14.7443,RUN_LKK,9019,9019,0,RUN_LKK,19.2827,COMPLETE,18.1237,UNKNOWN,no_sound_exact_r_boxes,0,0,0,UNKNOWN,97.1245,118.016762,False,8
Folkman-175-7416734.sanitized.cnf,SATComp2024,main2024,competition_main,/work/benchmarks/phase5/sc2024/Folkman-175-7416734.sanitized.cnf,68e88852758ffa36e39b09d7bef0451b12250990e6323e058bbf915972ecf2ee,evaluation,unknown_fallback_dominated,recovery completed but registry returned UNKNOWN: no_sound_exact_r_boxes,UNKNOWN,15222,18688,35.5163,9.55774,RUN_LKK,9344,9344,0,RUN_LKK,15.1331,COMPLETE,16.3883,UNKNOWN,no_sound_exact_r_boxes,0,0,0,UNKNOWN,92.8299,117.45031,False,8
Folkman-175-9054056.sanitized.cnf,SATComp2024,main2024,competition_main,/work/benchmarks/phase5/sc2024/Folkman-175-9054056.sanitized.cnf,937788dfec7b2b6cbc54841c5f301252b91864553e75b51818dc13611098069d,calibration,unknown_fallback_dominated,recovery completed but registry returned UNKNOWN: no_sound_exact_r_boxes,UNKNOWN,15215,18908,51.3223,14.2273,RUN_LKK,9454,9454,0,RUN_LKK,17.6265,COMPLETE,21.3669,UNKNOWN,no_sound_exact_r_boxes,0,0,0,UNKNOWN,120.008,169.019922,False,8
Folkman-180-11710376.sanitized.cnf,SATComp2024,main2024,competition_main,/work/benchmarks/phase5/sc2024/Folkman-180-11710376.sanitized.cnf,27640eed957a02fbe063d61094ace9678701c70dcd29a8b09a4fc466d64ff80f,evaluation,unknown_fallback_dominated,recovery completed but registry returned UNKNOWN: no_sound_exact_r_boxes,UNKNOWN,16092,19102,38.8749,12.5867,RUN_LKK,9551,9551,0,RUN_LKK,18.4382,COMPLETE,17.7889,UNKNOWN,no_sound_exact_r_boxes,0,0,0,UNKNOWN,100.266,168.542001,False,8
Folkman-180-5383714.sanitized.cnf,SATComp2024,main2024,competition_main,/work/benchmarks/phase5/sc2024/Folkman-180-5383714.sanitized.cnf,c2787ba7ae21a9717a9c6d6602feae27472e41c2025446186b679e198e91f938,calibration,unknown_fallback_dominated,recovery completed but registry returned UNKNOWN: no_sound_exact_r_boxes,UNKNOWN,16109,19268,39.173,16.7825,RUN_LKK,9634,9634,0,RUN_LKK,23.7085,COMPLETE,32.6094,UNKNOWN,no_sound_exact_r_boxes,0,0,0,UNKNOWN,134.343,168.212487,False,8
Folkman-185-152478531.sanitized.cnf,SATComp2024,main2024,competition_main,/work/benchmarks/phase5/sc2024/Folkman-185-152478531.sanitized.cnf,eea7d82da5659537462c92383138afa160334e263fb43779a00b4bfa8dddf0e5,evaluation,unknown_fallback_dominated,recovery completed but registry returned UNKNOWN: no_sound_exact_r_boxes,UNKNOWN,17014,21018,33.6661,14.2343,RUN_LKK,10509,10509,0,RUN_LKK,24.3873,COMPLETE,24.4844,UNKNOWN,no_sound_exact_r_boxes,0,0,0,UNKNOWN,120.281,167.093588,False,8
Folkman-185-19924337.sanitized.cnf,SATComp2024,main2024,competition_main,/work/benchmarks/phase5/sc2024/Folkman-185-19924337.sanitized.cnf,2fc3bb6463e7325185d54b800a8f9784037bcf91a3eb69f7eda06bd0d775147f,evaluation,unknown_fallback_dominated,recovery completed but registry returned UNKNOWN: no_sound_exact_r_boxes,UNKNOWN,17019,19874,32.2077,13.227,RUN_LKK,9937,9937,0,RUN_LKK,19.0472,COMPLETE,23.7861,UNKNOWN,no_sound_exact_r_boxes,0,0,0,UNKNOWN,106.508,167.413584,False,8
Folkman-185-75415683.sanitized.cnf,SATComp2024,main2024,competition_main,/work/benchmarks/phase5/sc2024/Folkman-185-75415683.sanitized.cnf,0a2380005ce7cf0b725c9bc87b84e10538338c47b747b95044bba7d713fa5a3b,evaluation,unknown_fallback_dominated,recovery completed but registry returned UNKNOWN: no_sound_exact_r_boxes,UNKNOWN,17020,20444,31.0183,14.8048,RUN_LKK,10222,10222,0,RUN_LKK,17.4148,COMPLETE,27.8366,UNKNOWN,no_sound_exact_r_boxes,0,0,0,UNKNOWN,106.952,168.304351,False,8
Folkman-190-104806020.sanitized.cnf,SATComp2024,main2024,competition_main,/work/benchmarks/phase5/sc2024/Folkman-190-104806020.sanitized.cnf,27c52fc07668baeef97ebd8ef614a5d5b572376343dd01be35822954d6e6283b,evaluation,unknown_fallback_dominated,recovery completed but registry returned UNKNOWN: no_sound_exact_r_boxes,UNKNOWN,17955,22138,35.8869,13.4069,RUN_LKK,11069,11069,0,RUN_LKK,21.3567,COMPLETE,26.1149,UNKNOWN,no_sound_exact_r_boxes,0,0,0,UNKNOWN,113.613,169.752815,False,8
Folkman-190-358004741.sanitized.cnf,SATComp2024,main2024,competition_main,/work/benchmarks/phase5/sc2024/Folkman-190-358004741.sanitized.cnf,43fa8c69e9ab6b9459b1c212cf3dc3c6b5f1e1e904f8741f874a7025c39fd968,evaluation,unknown_fallback_dominated,recovery completed but registry returned UNKNOWN: no_sound_exact_r_boxes,UNKNOWN,17937,22134,36.953,15.8942,RUN_LKK,11067,11067,0,RUN_LKK,21.4665,COMPLETE,24.4661,UNKNOWN,no_sound_exact_r_boxes,0,0,0,UNKNOWN,115.401,169.536696,False,8
Folkman-190-66337703.sanitized.cnf,SATComp2024,main2024,competition_main,/work/benchmarks/phase5/sc2024/Folkman-190-66337703.sanitized.cnf,4d38277f91da60468dd900a99e613f37d2c38ce37757b695d3dd3a66d46c51eb,evaluation,unknown_fallback_dominated,recovery completed but registry returned UNKNOWN: no_sound_exact_r_boxes,UNKNOWN,17947,22008,30.0895,12.5757,RUN_LKK,11004,11004,0,RUN_LKK,17.8861,COMPLETE,19.3359,UNKNOWN,no_sound_exact_r_boxes,0,0,0,UNKNOWN,93.3035,117.08825,False,8
GracefulGraph-K05-P02_c18.cnf,SATComp2024,main2024,competition_main,/work/benchmarks/phase5/sc2024/GracefulGraph-K05-P02_c18.cnf,1e6205a3adda8af2c0277c374d63c8b0ee1c39b64858a35a6fdc8c09e77a20fe,evaluation,matching_hall_like,"27 boxes found, registry abandoned at the family-check budget",UNKNOWN,1385,27650,35.5523,12.3065,RUN_LKK,177,21673,50,RUN_LKK,17.8175,COMPLETE,117.823,UNKNOWN,family_check_budget,27,0,0,UNKNOWN,197.999,217.659017,False,8
HCP-446-105.cnf,SATComp2024,main2024,competition_main,/work/benchmarks/phase5/sc2024/HCP-446-105.cnf,bea38a58bbae66f071a82e4140a23df3bc37b41904085e66e5fd53f78aaa2892,evaluation,no_useful_detected_structure,benefit gate declined: input_clause_limit;estimated_resolution_pair_limit,UNKNOWN,29934,247657,448.344,290.246,RUN_LKK,10229,69240,0,SKIP_TO_CDCL,0,COMPLETE,0,UNKNOWN,,0,0,0,UNKNOWN,866.178,919.454761,False,8
IBM_FV_2004_rule_batch_1_31_1_SAT_dat.k40.debugged.cnf,SATComp2024,main2024,competition_main,/work/benchmarks/phase5/sc2024/IBM_FV_2004_rule_batch_1_31_1_SAT_dat.k40.debugged.cnf,89c7d5cda7fff12db8817325c987cc15c7494b7ae0fd78a81232fff98e17d2ca,evaluation,no_useful_detected_structure,benefit gate declined: input_clause_limit;estimated_resolution_pair_limit,UNKNOWN,52444,217642,330.588,292.019,RUN_LKK,17660,15466,452,SKIP_TO_CDCL,0,COMPLETE,0,UNKNOWN,,0,0,0,UNKNOWN,729.518,769.528845,False,8
ITC2021_Early_10.xml.cnf,SATComp2024,main2024,competition_main,/work/benchmarks/phase5/sc2024/ITC2021_Early_10.xml.cnf,17621bb8949c2d82c06a84f47d2563af16544f2eac922fb8e373a8bfa4f811a2,evaluation,no_useful_detected_structure,benefit gate declined: input_clause_limit;estimated_resolution_pair_limit,UNKNOWN,249117,778566,1241.4,1155.47,RUN_LKK,2758,84482,0,SKIP_TO_CDCL,0,COMPLETE,0,UNKNOWN,,0,0,0,UNKNOWN,2871.38,2928.256516,False,8
ITC2021_Early_3.xml.cnf,SATComp2024,main2024,competition_main,/work/benchmarks/phase5/sc2024/ITC2021_Early_3.xml.cnf,15872c7e09964533ca139d769b14563c8a8d2d863fc9995b829ff89bd44742cb,evaluation,no_useful_detected_structure,benefit gate declined: input_clause_limit,UNKNOWN,29478,125980,183.239,143.512,RUN_LKK,14941,67830,0,SKIP_TO_CDCL,0,COMPLETE,0,UNKNOWN,,0,0,0,UNKNOWN,371.325,419.134008,False,8
ITC2021_Middle_1.xml.cnf,SATComp2024,main2024,competition_main,/work/benchmarks/phase5/sc2024/ITC2021_Middle_1.xml.cnf,33ce271d07d2cd2e04525b587cda9dbb0eb3c3a3ae14914832e45e0ba1c39653,evaluation,no_useful_detected_structure,benefit gate declined: input_clause_limit,UNKNOWN,58907,193745,265.96,245.013,RUN_LKK,15139,68528,0,SKIP_TO_CDCL,0,COMPLETE,0,UNKNOWN,,0,0,0,UNKNOWN,609.33,669.449719,False,8
MASG0_72_keystream76_0.cnf,SATComp2024,main2024,competition_main,/work/benchmarks/phase5/sc2024/MASG0_72_keystream76_0.cnf,0a116e4c85a9238896008c20896336bacdc495cc5fa2a5202056b7a864543fbc,evaluation,no_useful_detected_structure,benefit gate declined: estimated_resolution_pair_limit,UNKNOWN,3426,20834,43.3661,13.078,RUN_LKK,180,310,0,SKIP_TO_CDCL,0,COMPLETE,0,UNKNOWN,,0,0,0,UNKNOWN,59.619,117.086164,False,8
Ptn-7824-b18.cnf,SATComp2024,main2024,competition_main,/work/benchmarks/phase5/sc2024/Ptn-7824-b18.cnf,6190906c7a9bb95a2940804a10040b6e9685ddf8cb53be44fd4a3c79263c16ac,evaluation,unknown_fallback_dominated,recovery completed but registry returned UNKNOWN: no_sound_exact_r_boxes,UNKNOWN,3692,13727,22.5788,5.90669,RUN_LKK,6873,6854,0,RUN_LKK,10.3472,COMPLETE,10.659,UNKNOWN,no_sound_exact_r_boxes,0,0,0,UNKNOWN,58.6139,118.066409,False,8
REGRandom-K3-L3-Seed25.sanitized.cnf,SATComp2024,main2024,competition_main,/work/benchmarks/phase5/sc2024/REGRandom-K3-L3-Seed25.sanitized.cnf,870f1087b3ff65a82d5afad8f376f7d8583a82fa8013c9dfd16eeee967c0c20c,calibration,no_useful_detected_structure,benefit gate declined: input_clause_limit;estimated_resolution_pair_limit,UNKNOWN,4608,474496,917.571,5014.5,RUN_LKK,512,473088,0,SKIP_TO_CDCL,0,COMPLETE,0,UNKNOWN,,0,0,0,UNKNOWN,6170.66,6236.917378,False,8
REGRandom-K4-L1-Seed30.sanitized.cnf,SATComp2024,main2024,competition_main,/work/benchmarks/phase5/sc2024/REGRandom-K4-L1-Seed30.sanitized.cnf,8ffc5f78cd44773ad16b5b5ea7a7835e4a56bdbab68e98cb551e98ea40e7a188,evaluation,no_useful_detected_structure,benefit gate declined: input_clause_limit;estimated_resolution_pair_limit,UNKNOWN,4608,825728,1581.93,9937.86,RUN_LKK,512,823296,0,SKIP_TO_CDCL,0,COMPLETE,0,UNKNOWN,,0,0,0,UNKNOWN,11960,12016.495388,False,8
REGRandom-K4-L2-Seed35.sanitized.cnf,SATComp2024,main2024,competition_main,/work/benchmarks/phase5/sc2024/REGRandom-K4-L2-Seed35.sanitized.cnf,68e652b2af5a58e56cc27a421d2e6d08a265fbbf8f42e5ef229abdb96a79d17c,evaluation,no_useful_detected_structure,cheap gate declined: None,TIMEOUT,,,,,,,,,,,,,,,,,,,,60051.949788,False,8
SGI_30_60_19_60_6-dir.shuffled-as.sat03-112.cnf,SATComp2024,main2024,competition_main,/work/benchmarks/phase5/sc2024/SGI_30_60_19_60_6-dir.shuffled-as.sat03-112.cnf,ebbd85727f9641ea6bcff24d45f97665ade37222065a4c2785940ceb738d5092,evaluation,unknown_fallback_dominated,recovery completed but registry returned UNKNOWN: no_sound_exact_r_boxes,UNKNOWN,570,45688,62.1672,29.3554,RUN_LKK,10248,12587,0,RUN_LKK,28.4981,COMPLETE,10.1322,UNKNOWN,no_sound_exact_r_boxes,0,0,0,UNKNOWN,141.733,219.483458,False,8
SGI_30_80_26_70_4-log.shuffled-as.sat03-208.cnf,SATComp2024,main2024,competition_main,/work/benchmarks/phase5/sc2024/SGI_30_80_26_70_4-log.shuffled-as.sat03-208.cnf,7ccd40d91fd22d01ba4e90ad4a529d5f6a84a06fa47103fd2c3d027bc038a502,calibration,no_useful_detected_structure,benefit gate declined: input_clause_limit;estimated_resolution_pair_limit,UNKNOWN,130,53458,217.544,185.972,RUN_LKK,53,41,57806,SKIP_TO_CDCL,0,COMPLETE,0,UNKNOWN,,0,0,0,UNKNOWN,416.093,469.405576,False,8
Schur_161_5_d38.cnf,SATComp2024,main2024,competition_main,/work/benchmarks/phase5/sc2024/Schur_161_5_d38.cnf,9230b684884e94853964144d0a9dbc18d8d85b1c16769ec38e85f8fbaa4be1fa,calibration,matching_hall_like,"159 boxes found, registry abandoned at the family-check budget",UNKNOWN,757,27689,50.2384,7.2756,RUN_LKK,160,27528,0,RUN_LKK,19.5712,COMPLETE,134.944,UNKNOWN,family_check_budget,159,0,0,UNKNOWN,236.306,268.751417,False,8
StConn_7_128.sanitized.cnf,SATComp2024,main2024,competition_main,/work/benchmarks/phase5/sc2024/StConn_7_128.sanitized.cnf,00e59e5b2577dc6d5479843ab15133135afccff24a93014a201a69dea7374b59,evaluation,cardinality_exact_r_heavy,"4 exact-r boxes, registry UNKNOWN",UNKNOWN,3306,22933,36.3371,11.8747,RUN_LKK,4,16325,0,RUN_LKK,15.0238,COMPLETE,10.5201,UNKNOWN,"incomplete_or_ambiguous_resource_mapping:[126, 762, 1014, 1527, 1779, 2415, 2667, 3180]",4,0,0,UNKNOWN,84.0324,117.232283,False,8
StConn_8_32.sanitized.cnf,SATComp2024,main2024,competition_main,/work/benchmarks/phase5/sc2024/StConn_8_32.sanitized.cnf,662388659da4d5d1c587a78550030eef0d6d645715958073dbe39cb19a7e7c1c,evaluation,cardinality_exact_r_heavy,"4 exact-r boxes, registry UNKNOWN",UNKNOWN,936,6488,12.0221,3.12366,RUN_LKK,4,4620,0,RUN_LKK,3.60154,COMPLETE,1.9834,UNKNOWN,"incomplete_or_ambiguous_resource_mapping:[30, 217, 277, 438, 498, 685, 745, 906]",4,0,0,UNKNOWN,23.081,67.320837,False,8
Timetable_C_392_E_62_Cl_26_S_28.cnf,SATComp2024,main2024,competition_main,/work/benchmarks/phase5/sc2024/Timetable_C_392_E_62_Cl_26_S_28.cnf,857fceefffc52321a4de8c00008fad515d63e9399587f2edaccb95f77a299556,calibration,no_useful_detected_structure,benefit gate declined: input_clause_limit;estimated_resolution_pair_limit,UNKNOWN,282525,1748363,2966.31,2718.09,RUN_LKK,1208,179607,0,SKIP_TO_CDCL,0,COMPLETE,0,UNKNOWN,,0,0,0,UNKNOWN,6814.88,6893.064537,False,8
VanDerWaerden_2-3-14_186.cnf,SATComp2024,main2024,competition_main,/work/benchmarks/phase5/sc2024/VanDerWaerden_2-3-14_186.cnf,bb3dbc7f24b165bd27de88dd773f78f9b03a8ac0c7251468d52c1f7bed3ecd61,evaluation,no_useful_detected_structure,benefit gate declined: estimated_resolution_pair_limit,UNKNOWN,186,9795,19.7497,5.13449,RUN_LKK,8556,1239,0,SKIP_TO_CDCL,0,COMPLETE,0,UNKNOWN,,0,0,0,UNKNOWN,26.6008,68.168692,False,8
WS_500_16_70_10.apx_1_DC-ST.cnf,SATComp2024,main2024,competition_main,/work/benchmarks/phase5/sc2024/WS_500_16_70_10.apx_1_DC-ST.cnf,ae21487262c41b976e9ba12f6c5461788cfcdc88bb4b63cada822a96f4b0810b,evaluation,resource_allocation_like,500 exact-r boxes over 169 capacity groups,UNKNOWN,1000,13501,18.3963,5.74401,RUN_LKK,500,4500,0,RUN_LKK,7.43722,COMPLETE,28.253,UNKNOWN,"incomplete_or_ambiguous_resource_mapping:[107, 206, 277, 285, 308, 320, 322, 323, 331, 357, 361, 380, 386, 388, 391, 400, 412, 418, 430, 432, 436, 437, 439, 442, 443, 445, 462, 464, 474, 477, 481, 484, 496, 498, 499, 501, 502, 503, 504, 505, 506, 507, 508, 509, 510, 511, 512, 513, 514, 515, 516, 517, 518, 519, 520, 521, 522, 523, 524, 525, 526, 527, 528, 529, 530, 531, 532, 533, 534, 535, 536, 537, 538, 539, 540, 541, 542, 543, 544, 545, 546, 547, 548, 549, 550, 551, 552, 553, 554, 555, 556, 557, 558, 559, 560, 561, 562, 563, 564, 565, 566, 567, 568, 569, 570, 571, 572, 573, 574, 575, 576, 577, 578, 579, 580, 581, 582, 583, 584, 585, 586, 587, 588, 589, 590, 591, 592, 593, 594, 595, 596, 597, 598, 599, 600, 601, 602, 603, 604, 605, 606, 607, 608, 609, 610, 611, 612, 613, 614, 615, 616, 617, 618, 619, 620, 621, 622, 623, 624, 625, 626, 627, 628, 629, 630, 631, 632, 633, 634, 635, 636, 637, 638, 639, 640, 641, 642, 643, 644, 645, 646, 647, 648, 649, 650, 651, 652, 653, 654, 655, 656, 657, 658, 659, 660, 661, 662, 663, 664, 665, 666, 667, 668, 669, 670, 671, 672, 673, 674, 675, 676, 677, 678, 679, 680, 681, 682, 683, 684, 685, 686, 687, 688, 689, 690, 691, 692, 693, 694, 695, 696, 697, 698, 699, 700, 701, 702, 703, 704, 705, 706, 707, 708, 709, 710, 711, 712, 713, 714, 715, 716, 717, 718, 719, 720, 721, 722, 723, 724, 725, 726, 727, 728, 729, 730, 731, 732, 733, 734, 735, 736, 737, 738, 739, 740, 741, 742, 743, 744, 745, 746, 747, 748, 749, 750, 751, 752, 753, 754, 755, 756, 757, 758, 759, 760, 761, 762, 763, 764, 765, 766, 767, 768, 769, 770, 771, 772, 773, 774, 775, 776, 777, 778, 779, 780, 781, 782, 783, 784, 785, 786, 787, 788, 789, 790, 791, 792, 793, 794, 795, 796, 797, 798, 799, 800, 801, 802, 803, 804, 805, 806, 807, 808, 809, 810, 811, 812, 813, 814, 815, 816, 817, 818, 819, 820, 821, 822, 823, 824, 825, 826, 827, 828, 829, 830, 831, 832, 833, 834, 835, 836, 837, 838, 839, 840, 841, 842, 843, 844, 845, 846, 847, 848, 849, 850, 851, 852, 853, 854, 855, 856, 857, 858, 859, 860, 861, 862, 863, 864, 865, 866, 867, 868, 869, 870, 871, 872, 873, 874, 875, 876, 877, 878, 879, 880, 881, 882, 883, 884, 885, 886, 887, 888, 889, 890, 891, 892, 893, 894, 895, 896, 897, 898, 899, 900, 901, 902, 903, 904, 905, 906, 907, 908, 909, 910, 911, 912, 913, 914, 915, 916, 917, 918, 919, 920, 921, 922, 923, 924, 925, 926, 927, 928, 929, 930, 931, 932, 933, 934, 935, 936, 937, 938, 939, 940, 941, 942, 943, 944, 945, 946, 947, 948, 949, 950, 951, 952, 953, 954, 955, 956, 957, 958, 959, 960, 961, 962, 963, 964, 965, 966, 967, 968, 969, 970, 971, 972, 973, 974, 975, 976, 977, 978, 979, 980, 981, 982, 983, 984, 985, 986, 987, 988, 989, 990, 991, 992, 993, 994, 995, 996, 997, 998, 999, 1000]",500,169,0,UNKNOWN,64.9349,117.482218,False,8
WS_500_16_70_10.apx_2_DC-AD.cnf,SATComp2024,main2024,competition_main,/work/benchmarks/phase5/sc2024/WS_500_16_70_10.apx_2_DC-AD.cnf,bb2df6a172eaab865e2c5534603f9a3e65d650cddaafc1f8b804e82d5bb2e9c2,evaluation,no_useful_detected_structure,cheap gate declined: no_cheap_structural_signal,UNKNOWN,1000,13001,18.8017,7.88882,SKIP_TO_CDCL,0,4500,0,NOT_RUN,0,COMPLETE,0,UNKNOWN,,0,0,0,UNKNOWN,30.1336,67.958684,False,8
WS_500_16_90_70.apx_2_DC-AD.cnf,SATComp2024,main2024,competition_main,/work/benchmarks/phase5/sc2024/WS_500_16_90_70.apx_2_DC-AD.cnf,e4f0635d2319293a9510d44a37c3fa49a9c99689edfe5de3a944ffeb069bfcc1,evaluation,no_useful_detected_structure,cheap gate declined: no_cheap_structural_signal,UNKNOWN,1000,13001,16.4898,5.31855,SKIP_TO_CDCL,0,4500,0,NOT_RUN,0,COMPLETE,0,UNKNOWN,,0,0,0,UNKNOWN,23.9244,66.848473,False,8
af-synthesis_stb_50_100_4_sat.cnf,SATComp2024,main2024,competition_main,/work/benchmarks/phase5/sc2024/af-synthesis_stb_50_100_4_sat.cnf,dc62e4f9e31cc94f7d7e1df65b74fdff36086418488e2f98a225a9c10bda871f,evaluation,no_useful_detected_structure,benefit gate declined: input_clause_limit;estimated_resolution_pair_limit,UNKNOWN,21888,253853,464.915,2821.69,RUN_LKK,7762,226219,0,SKIP_TO_CDCL,0,COMPLETE,0,UNKNOWN,,0,0,0,UNKNOWN,3399.9,3428.681756,False,8
af-synthesis_stb_50_100_9_sat.cnf,SATComp2024,main2024,competition_main,/work/benchmarks/phase5/sc2024/af-synthesis_stb_50_100_9_sat.cnf,24e42e11ad95d3e31c55932d6bbfeb8ec6846a6ff2193dcff23dae6bdc7a6bd1,evaluation,no_useful_detected_structure,benefit gate declined: input_clause_limit;estimated_resolution_pair_limit,UNKNOWN,21894,248470,421.238,2627.26,RUN_LKK,7803,221906,0,SKIP_TO_CDCL,0,COMPLETE,0,UNKNOWN,,0,0,0,UNKNOWN,3158.8,3178.020921,False,8
af-synthesis_stb_50_100_9_unsat.cnf,SATComp2024,main2024,competition_main,/work/benchmarks/phase5/sc2024/af-synthesis_stb_50_100_9_unsat.cnf,8840c67dfce1b8ac566b8085ba799e54fcb535ab572585aaa05ac72239c395e0,evaluation,no_useful_detected_structure,benefit gate declined: input_clause_limit;estimated_resolution_pair_limit,UNKNOWN,21894,248471,405.759,2530.75,RUN_LKK,7803,221907,0,SKIP_TO_CDCL,0,COMPLETE,0,UNKNOWN,,0,0,0,UNKNOWN,3054.04,3078.413609,False,8
af-synthesis_stb_50_120_4_sat.cnf,SATComp2024,main2024,competition_main,/work/benchmarks/phase5/sc2024/af-synthesis_stb_50_120_4_sat.cnf,b5e89af2b87bc5943cf2337a095d5feb26b6376720214e4d4bcaeac8e8bab8c2,evaluation,no_useful_detected_structure,benefit gate declined: input_clause_limit;estimated_resolution_pair_limit,UNKNOWN,23931,298758,447.662,3430.16,RUN_LKK,9186,268171,0,SKIP_TO_CDCL,0,COMPLETE,0,UNKNOWN,,0,0,0,UNKNOWN,4025.32,4080.549944,False,8
af-synthesis_stb_50_140_0_unsat.cnf,SATComp2024,main2024,competition_main,/work/benchmarks/phase5/sc2024/af-synthesis_stb_50_140_0_unsat.cnf,b77ab86f3afdc33372eb56bca21fa4b64f11494e21a6b6a68bcee196d84d30e1,calibration,no_useful_detected_structure,benefit gate declined: input_clause_limit;estimated_resolution_pair_limit,UNKNOWN,26277,323431,464.975,3155.43,RUN_LKK,10982,288550,0,SKIP_TO_CDCL,0,COMPLETE,0,UNKNOWN,,0,0,0,UNKNOWN,3762.15,3833.789076,False,8
af-synthesis_stb_50_140_1_unsat.cnf,SATComp2024,main2024,competition_main,/work/benchmarks/phase5/sc2024/af-synthesis_stb_50_140_1_unsat.cnf,b508f9a2746884853f1804aa4feebd021590f51ab735168fe0c7026f563ae296,evaluation,no_useful_detected_structure,benefit gate declined: input_clause_limit;estimated_resolution_pair_limit,UNKNOWN,26390,316876,502.748,2864.18,RUN_LKK,11094,281202,0,SKIP_TO_CDCL,0,COMPLETE,0,UNKNOWN,,0,0,0,UNKNOWN,3496.65,3529.763663,False,8
af-synthesis_stb_50_140_3_unsat.cnf,SATComp2024,main2024,competition_main,/work/benchmarks/phase5/sc2024/af-synthesis_stb_50_140_3_unsat.cnf,5df7c68cd8d8a7a25b4d7a3be73d926424c62c4ec9d5b97174ef420382d391af,evaluation,no_useful_detected_structure,benefit gate declined: input_clause_limit;estimated_resolution_pair_limit,UNKNOWN,25851,326840,501.496,3358.31,RUN_LKK,10843,294204,0,SKIP_TO_CDCL,0,COMPLETE,0,UNKNOWN,,0,0,0,UNKNOWN,4008.87,4031.945558,False,8
af-synthesis_stb_50_200_0_sat.cnf,SATComp2024,main2024,competition_main,/work/benchmarks/phase5/sc2024/af-synthesis_stb_50_200_0_sat.cnf,f670fefbefc578853341d43db65c44fc367f8e4da5770de010052ba3c130e45e,calibration,no_useful_detected_structure,benefit gate declined: input_clause_limit;estimated_resolution_pair_limit,UNKNOWN,32717,462721,786.433,4906.83,RUN_LKK,15335,414277,0,SKIP_TO_CDCL,0,COMPLETE,0,UNKNOWN,,0,0,0,UNKNOWN,5962.02,6036.010611,False,8
af-synthesis_stb_50_200_0_unsat.cnf,SATComp2024,main2024,competition_main,/work/benchmarks/phase5/sc2024/af-synthesis_stb_50_200_0_unsat.cnf,a7cede2ef15633bab18002598023302a20bf4553a07bf3aef7a2d9abe8dfce49,evaluation,no_useful_detected_structure,benefit gate declined: input_clause_limit;estimated_resolution_pair_limit,UNKNOWN,32717,462722,708.454,4902.08,RUN_LKK,15335,414278,0,SKIP_TO_CDCL,0,COMPLETE,0,UNKNOWN,,0,0,0,UNKNOWN,5860.39,5888.202083,False,8
af-synthesis_stb_50_200_4_unsat.cnf,SATComp2024,main2024,competition_main,/work/benchmarks/phase5/sc2024/af-synthesis_stb_50_200_4_unsat.cnf,9981cb92007cab72b065b3e5511b3abfcfc98d34c1a3859593a5e9cb6b39b78c,evaluation,no_useful_detected_structure,benefit gate declined: input_clause_limit;estimated_resolution_pair_limit,UNKNOWN,32365,447805,604.246,4610.11,RUN_LKK,15475,402947,0,SKIP_TO_CDCL,0,COMPLETE,0,UNKNOWN,,0,0,0,UNKNOWN,5460.33,5485.961801,False,8
af-synthesis_stb_50_40_2_unsat.cnf,SATComp2024,main2024,competition_main,/work/benchmarks/phase5/sc2024/af-synthesis_stb_50_40_2_unsat.cnf,2cf5df7fbe06bdc9396352ac1f097ae47c958fdd90fe4a40802cfc7c97e1e104,evaluation,no_useful_detected_structure,benefit gate declined: input_clause_limit;estimated_resolution_pair_limit,UNKNOWN,15397,126194,192.906,1115.1,RUN_LKK,3205,111398,0,SKIP_TO_CDCL,0,COMPLETE,0,UNKNOWN,,0,0,0,UNKNOWN,1343.96,1374.187127,False,8
af-synthesis_stb_50_40_9_sat.cnf,SATComp2024,main2024,competition_main,/work/benchmarks/phase5/sc2024/af-synthesis_stb_50_40_9_sat.cnf,a7a601e461998e38b0e9ae7f5e115106129b28079b8ed52fe8cff46b7e8b713d,calibration,no_useful_detected_structure,benefit gate declined: input_clause_limit;estimated_resolution_pair_limit,UNKNOWN,15981,124882,209.165,1011.47,RUN_LKK,3330,107079,0,SKIP_TO_CDCL,0,COMPLETE,0,UNKNOWN,,0,0,0,UNKNOWN,1282.71,1321.614372,False,8
af-synthesis_stb_50_40_9_unsat.cnf,SATComp2024,main2024,competition_main,/work/benchmarks/phase5/sc2024/af-synthesis_stb_50_40_9_unsat.cnf,34978ec2c8478aa1e2c1e95b1ad65d6e33f7f7429e4e4a6babc390829647d2bc,evaluation,no_useful_detected_structure,benefit gate declined: input_clause_limit;estimated_resolution_pair_limit,UNKNOWN,15978,124822,206.249,1022.95,RUN_LKK,3330,107090,0,SKIP_TO_CDCL,0,COMPLETE,0,UNKNOWN,,0,0,0,UNKNOWN,1271.76,1321.445542,False,8
apn-sbox5-cut3-symmbreak.cnf,SATComp2024,main2024,competition_main,/work/benchmarks/phase5/sc2024/apn-sbox5-cut3-symmbreak.cnf,bbbd2888e978dd292e2622964ea9e6ba6900672a366d7dc517a6373132454ac3,evaluation,no_useful_detected_structure,benefit gate declined: input_clause_limit;estimated_resolution_pair_limit,UNKNOWN,21240,86081,124.304,61.117,RUN_LKK,1736,21080,0,SKIP_TO_CDCL,0,COMPLETE,0,UNKNOWN,,0,0,0,UNKNOWN,208.652,267.730024,False,8
asconhashv12_opt64_H11_M2-MxJOnbQIXNd_m5_6.c.cnf,SATComp2024,main2024,competition_main,/work/benchmarks/phase5/sc2024/asconhashv12_opt64_H11_M2-MxJOnbQIXNd_m5_6.c.cnf,fe6d420f8cae4327b3661f1175c1ec04a177a65c33f87150ca4991e4b5546025,evaluation,no_useful_detected_structure,benefit gate declined: input_clause_limit;estimated_resolution_pair_limit,UNKNOWN,158794,373520,630.034,444.8,RUN_LKK,3798,95250,37,SKIP_TO_CDCL,0,COMPLETE,0,UNKNOWN,,0,0,0,UNKNOWN,1277.63,1321.052802,False,8
asconhashv12_opt64_H11_M2-fCHjS2L0du5_m2_4.c.cnf,SATComp2024,main2024,competition_main,/work/benchmarks/phase5/sc2024/asconhashv12_opt64_H11_M2-fCHjS2L0du5_m2_4.c.cnf,c97722441c8eb6b101bf4d13607ab9f1978c7836f9b69bcc97e2b61c38fabc8c,calibration,no_useful_detected_structure,benefit gate declined: input_clause_limit;estimated_resolution_pair_limit,UNKNOWN,158749,373345,608.846,447.963,RUN_LKK,3776,95232,34,SKIP_TO_CDCL,0,COMPLETE,0,UNKNOWN,,0,0,0,UNKNOWN,1257.43,1322.389617,False,8
asconhashv12_opt64_H11_M2-tBi5i1RIgRz_m0_1_U23.c.cnf,SATComp2024,main2024,competition_main,/work/benchmarks/phase5/sc2024/asconhashv12_opt64_H11_M2-tBi5i1RIgRz_m0_1_U23.c.cnf,72efa56c80174513cffdd0e0ece5b839e6282d451c26a60d566f7659250baecd,evaluation,no_useful_detected_structure,benefit gate declined: input_clause_limit;estimated_resolution_pair_limit,UNKNOWN,158698,373165,572.856,478.058,RUN_LKK,3800,95155,29,SKIP_TO_CDCL,0,COMPLETE,0,UNKNOWN,,0,0,0,UNKNOWN,1261.14,1321.816533,False,8
asconhashv12_opt64_H5_M2-xEJ8F_m0_3_U5.c.cnf,SATComp2024,main2024,competition_main,/work/benchmarks/phase5/sc2024/asconhashv12_opt64_H5_M2-xEJ8F_m0_3_U5.c.cnf,e789f2a90e857bd26bbc9db1dea6d7e509e1391de3f7335e959f93c4fa57b9fc,evaluation,no_useful_detected_structure,benefit gate declined: input_clause_limit;estimated_resolution_pair_limit,UNKNOWN,126961,297019,437.147,351.577,RUN_LKK,3063,75917,32,SKIP_TO_CDCL,0,COMPLETE,0,UNKNOWN,,0,0,0,UNKNOWN,934.402,970.734142,False,8
asconhashv12_opt64_H6_M2-PgbpwX_m0_4_U1.c.cnf,SATComp2024,main2024,competition_main,/work/benchmarks/phase5/sc2024/asconhashv12_opt64_H6_M2-PgbpwX_m0_4_U1.c.cnf,95ad2982de832de5b47f0c6dbe6be62bca36e809b2fa1d6b977770e123e4f455,evaluation,no_useful_detected_structure,benefit gate declined: input_clause_limit;estimated_resolution_pair_limit,UNKNOWN,127008,297144,460.72,394.218,RUN_LKK,3094,75914,36,SKIP_TO_CDCL,0,COMPLETE,0,UNKNOWN,,0,0,0,UNKNOWN,1005.79,1072.154108,False,8
asconhashv12_opt64_H9_M2-MIC4kfhiA_m0_6_U2.c.cnf,SATComp2024,main2024,competition_main,/work/benchmarks/phase5/sc2024/asconhashv12_opt64_H9_M2-MIC4kfhiA_m0_6_U2.c.cnf,ad25842e7b9cdf767fb0f132d5b020d220c6b7f3a10ed84ecec1e26692019e8f,calibration,no_useful_detected_structure,benefit gate declined: input_clause_limit;estimated_resolution_pair_limit,UNKNOWN,158748,373459,594.512,505.074,RUN_LKK,3797,95256,38,SKIP_TO_CDCL,0,COMPLETE,0,UNKNOWN,,0,0,0,UNKNOWN,1360.67,1421.767623,False,8
atco_enc1_opt1_10_15.cnf,SATComp2024,main2024,competition_main,/work/benchmarks/phase5/sc2024/atco_enc1_opt1_10_15.cnf,af8212710377018a97896baa1c7c729435e7a4eab8f7b131279a49d992c7fe99,calibration,no_useful_detected_structure,benefit gate declined: input_clause_limit;estimated_resolution_pair_limit,UNKNOWN,46759,261059,413.596,465.934,RUN_LKK,51534,28395,7,SKIP_TO_CDCL,0,COMPLETE,0,UNKNOWN,,0,0,0,UNKNOWN,999.456,1069.731996,False,8
barman-pfile06-022.sas.ex.7.cnf,SATComp2024,main2024,competition_main,/work/benchmarks/phase5/sc2024/barman-pfile06-022.sas.ex.7.cnf,9af88721ac53ed21dd207abaa6146a664eb36f6571595e8d0c6b13524edb910e,evaluation,no_useful_detected_structure,cheap gate declined: None,TIMEOUT,,,,,,,,,,,,,,,,,,,,60010.254581,False,8
battleship-14-26-sat.cnf,SATComp2024,main2024,competition_main,/work/benchmarks/phase5/sc2024/battleship-14-26-sat.cnf,78a7c3f9948b8ede6dff67049cc44c162686cc45aebd0c07e7d3ca4343ba9a38,evaluation,unknown_fallback_dominated,recovery completed but registry returned UNKNOWN: no_sound_exact_r_boxes,UNKNOWN,364,2562,6.12055,2.63432,RUN_LKK,196,2366,0,RUN_LKK,1.76243,COMPLETE,1.96915,UNKNOWN,no_sound_exact_r_boxes,0,0,0,UNKNOWN,14.2933,35.483187,False,8
bphp_p23_h22.sanitized.cnf,SATComp2024,main2024,competition_main,/work/benchmarks/phase5/sc2024/bphp_p23_h22.sanitized.cnf,035dfcd140d0abcdbcc82a44672cd0aa7c1eba25749d79808941d20aab4d49b4,evaluation,no_useful_detected_structure,benefit gate declined: estimated_resolution_pair_limit,UNKNOWN,115,5796,14.9374,9.49352,RUN_LKK,253,23,345,SKIP_TO_CDCL,0,COMPLETE,0,UNKNOWN,,0,0,0,UNKNOWN,26.9404,66.814441,False,8
bvsub_19952.smt2.cnf,SATComp2024,main2024,competition_main,/work/benchmarks/phase5/sc2024/bvsub_19952.smt2.cnf,0316a6a8134c8623443dc50d62a465f16894c6dc7d0c6cd073c75f7a75041bf8,evaluation,no_useful_detected_structure,benefit gate declined: input_clause_limit;estimated_resolution_pair_limit,UNKNOWN,598533,1616038,2782.94,2627.63,RUN_LKK,239415,518725,0,SKIP_TO_CDCL,0,COMPLETE,0,UNKNOWN,,0,0,0,UNKNOWN,6443.76,6539.843961,False,8
circuit_32in32out_with_350gates_6in6out_dist64_seed1.sanitized.cnf,SATComp2024,main2024,competition_main,/work/benchmarks/phase5/sc2024/circuit_32in32out_with_350gates_6in6out_dist64_seed1.sanitized.cnf,ea4874292c9856b0d750fd887511be90215a6adb3302feb511593a34c95092a7,evaluation,no_useful_detected_structure,benefit gate declined: input_clause_limit;estimated_resolution_pair_limit,UNKNOWN,2132,1411232,5735.3,4846.34,RUN_LKK,348,343,8333836,SKIP_TO_CDCL,0,COMPLETE,0,UNKNOWN,,0,0,0,UNKNOWN,11516.6,11609.804897,False,8
circuit_32in32out_with_64gates_8in6out_dist128_seed2.sanitized.cnf,SATComp2024,main2024,competition_main,/work/benchmarks/phase5/sc2024/circuit_32in32out_with_64gates_8in6out_dist128_seed2.sanitized.cnf,11a0f7270ddedf250ca488d8d294b1030b751b634aa5da6f0699ead0473e06cb,evaluation,no_useful_detected_structure,benefit gate declined: input_clause_limit;estimated_resolution_pair_limit,UNKNOWN,416,1032224,4411.76,4320.39,RUN_LKK,63,64,7111682,SKIP_TO_CDCL,0,COMPLETE,0,UNKNOWN,,0,0,0,UNKNOWN,9406.56,9501.401271,False,8
circuit_32in32out_with_70gates_7in7out_dist128_seed1.sanitized.cnf,SATComp2024,main2024,competition_main,/work/benchmarks/phase5/sc2024/circuit_32in32out_with_70gates_7in7out_dist128_seed1.sanitized.cnf,dc019de8189e7f6eaf17a2b645a779fd93ba46a7d21b2b3b01ee1dfd9d1f50d6,evaluation,no_useful_detected_structure,benefit gate declined: input_clause_limit;estimated_resolution_pair_limit,UNKNOWN,522,1137952,4945.82,4978.17,RUN_LKK,68,70,7902973,SKIP_TO_CDCL,0,COMPLETE,0,UNKNOWN,,0,0,0,UNKNOWN,10636.7,10707.533465,False,8
circuit_32in32out_with_80gates_7in7out_dist128_seed1.sanitized.cnf,SATComp2024,main2024,competition_main,/work/benchmarks/phase5/sc2024/circuit_32in32out_with_80gates_7in7out_dist128_seed1.sanitized.cnf,2abe94942fb233c55f358687c1bb88363678e59164b01bf9762c53b7df172f5c,evaluation,no_useful_detected_structure,benefit gate declined: input_clause_limit;estimated_resolution_pair_limit,UNKNOWN,592,1300512,5518.56,5883.21,RUN_LKK,78,79,9031929,SKIP_TO_CDCL,0,COMPLETE,0,UNKNOWN,,0,0,0,UNKNOWN,12250.7,12358.402553,False,8
circuit_32in32out_with_96gates_7in7out_dist128_seed1.sanitized.cnf,SATComp2024,main2024,competition_main,/work/benchmarks/phase5/sc2024/circuit_32in32out_with_96gates_7in7out_dist128_seed1.sanitized.cnf,df49b48dddc01709f7636a755de4d2d643619834e978eafe7c04ba4a3d15e30d,calibration,no_useful_detected_structure,benefit gate declined: input_clause_limit;estimated_resolution_pair_limit,UNKNOWN,704,1560608,6362.72,7302.76,RUN_LKK,96,96,10838365,SKIP_TO_CDCL,0,COMPLETE,0,UNKNOWN,,0,0,0,UNKNOWN,14652.2,14723.65827,False,8
circuit_32in64out_with_150gates_6in6out_dist256_seed1.sanitized.cnf,SATComp2024,main2024,competition_main,/work/benchmarks/phase5/sc2024/circuit_32in64out_with_150gates_6in6out_dist256_seed1.sanitized.cnf,6c4aacc4a2db4926060d539c04549e5912f79abdf807bc4850cc21ee268f0cd8,evaluation,no_useful_detected_structure,benefit gate declined: input_clause_limit;estimated_resolution_pair_limit,UNKNOWN,932,604864,1973.65,1924.44,RUN_LKK,147,149,3571678,SKIP_TO_CDCL,0,COMPLETE,0,UNKNOWN,,0,0,0,UNKNOWN,4246.97,4331.089903,False,8
circuit_48in64out_with_1000gates_4in4out_dist128_seed4.sanitized.cnf,SATComp2024,main2024,competition_main,/work/benchmarks/phase5/sc2024/circuit_48in64out_with_1000gates_4in4out_dist128_seed4.sanitized.cnf,9ed5f26df4ea919eb8f44cd5efd29b2614efb62afaff55334c6c897957620231,evaluation,no_useful_detected_structure,benefit gate declined: input_clause_limit;estimated_resolution_pair_limit,UNKNOWN,4048,240064,622.934,444.949,RUN_LKK,935,949,898020,SKIP_TO_CDCL,0,COMPLETE,0,UNKNOWN,,0,0,0,UNKNOWN,1168.31,1221.245398,False,8
circuit_48in64out_with_700gates_4in4out_dist128_seed1.sanitized.cnf,SATComp2024,main2024,competition_main,/work/benchmarks/phase5/sc2024/circuit_48in64out_with_700gates_4in4out_dist128_seed1.sanitized.cnf,d3338c04e29f5c8b7e75686fa30fd9927babb7b34b9f7c87785397662f59d8e2,evaluation,no_useful_detected_structure,benefit gate declined: input_clause_limit;estimated_resolution_pair_limit,UNKNOWN,2848,168064,481.901,285.106,RUN_LKK,649,657,628588,SKIP_TO_CDCL,0,COMPLETE,0,UNKNOWN,,0,0,0,UNKNOWN,817.214,869.76096,False,8
circuit_48in64out_with_800gates_4in4out_dist128_seed1.sanitized.cnf,SATComp2024,main2024,competition_main,/work/benchmarks/phase5/sc2024/circuit_48in64out_with_800gates_4in4out_dist128_seed1.sanitized.cnf,dafa6355d341920dc19a83208c1c94b08f3eaf49f51b0c7f590e124184cded64,calibration,no_useful_detected_structure,benefit gate declined: input_clause_limit;estimated_resolution_pair_limit,UNKNOWN,3248,192064,535.001,325.239,RUN_LKK,745,761,718418,SKIP_TO_CDCL,0,COMPLETE,0,UNKNOWN,,0,0,0,UNKNOWN,935.125,970.880901,False,8
circuit_48in64out_with_800gates_4in4out_dist128_seed4.sanitized.cnf,SATComp2024,main2024,competition_main,/work/benchmarks/phase5/sc2024/circuit_48in64out_with_800gates_4in4out_dist128_seed4.sanitized.cnf,23811780dda3fcac09d6860938c2bcc3ed6d2679f2519d1ef6b99b9ec771873f,evaluation,no_useful_detected_structure,benefit gate declined: input_clause_limit;estimated_resolution_pair_limit,UNKNOWN,3248,192064,545.676,316.812,RUN_LKK,747,755,718426,SKIP_TO_CDCL,0,COMPLETE,0,UNKNOWN,,0,0,0,UNKNOWN,929.959,970.044745,False,8
circuit_64in64out_with_64gates_8in5out_dist256_seed1.sanitized.cnf,SATComp2024,main2024,competition_main,/work/benchmarks/phase5/sc2024/circuit_64in64out_with_64gates_8in5out_dist256_seed1.sanitized.cnf,120a3c545b58ea245e3503a2e565a74053ba36582f44c07d311c5b235696ac80,evaluation,no_useful_detected_structure,benefit gate declined: input_clause_limit;estimated_resolution_pair_limit,UNKNOWN,384,507968,1901.31,1607.5,RUN_LKK,62,62,3196879,SKIP_TO_CDCL,0,COMPLETE,0,UNKNOWN,,0,0,0,UNKNOWN,3772.52,3828.526032,False,8
clique_n2_k10.sanitized.cnf,SATComp2024,main2024,competition_main,/work/benchmarks/phase5/sc2024/clique_n2_k10.sanitized.cnf,6cb31572fb53de68cf16049961c43364a5c4bb789cfd4a876a94320996f3edc1,evaluation,resource_allocation_like,10 exact-r boxes over 9 capacity groups,UNKNOWN,180,3160,4.62283,0.754059,RUN_LKK,10,3150,0,RUN_LKK,1.36935,COMPLETE,43.8506,UNKNOWN,"incomplete_or_ambiguous_resource_mapping:[2, 4, 6, 8, 10, 12, 14, 16, 18, 20, 22, 24, 26, 28, 30, 32, 34, 36, 38, 40, 42, 44, 46, 48, 50, 52, 54, 56, 58, 60, 62, 64, 66, 68, 70, 72, 74, 76, 78, 80, 82, 84, 86, 88, 90, 92, 94, 96, 98, 100, 102, 104, 106, 108, 110, 112, 114, 116, 118, 120, 122, 124, 126, 128, 130, 132, 134, 136, 138, 140, 142, 144, 146, 148, 150, 152, 154, 156, 158, 160, 162, 164, 166, 168, 170, 172, 174, 176, 178, 180]",10,9,0,UNKNOWN,52.5049,67.155521,False,8
cliquecolouring_n13_k8_c7.sanitized.cnf,SATComp2024,main2024,competition_main,/work/benchmarks/phase5/sc2024/cliquecolouring_n13_k8_c7.sanitized.cnf,e0d659649b599dec34dd890661f027c72f77bfa0f65d2d5f3a9a4f2e98eb8b09,calibration,resource_allocation_like,21 exact-r boxes over 13 capacity groups,UNKNOWN,273,6196,9.4885,1.47774,RUN_LKK,21,1807,0,RUN_LKK,2.9186,COMPLETE,5.91575,UNKNOWN,"incomplete_or_ambiguous_resource_mapping:[183, 184, 185, 186, 187, 188, 189, 190, 191, 192, 193, 194, 195, 196, 197, 198, 199, 200, 201, 202, 203, 204, 205, 206, 207, 208, 209, 210, 211, 212, 213, 214, 215, 216, 217, 218, 219, 220, 221, 222, 223, 224, 225, 226, 227, 228, 229, 230, 231, 232, 233, 234, 235, 236, 237, 238, 239, 240, 241, 242, 243, 244, 245, 246, 247, 248, 249, 250, 251, 252, 253, 254, 255, 256, 257, 258, 259, 260, 261, 262, 263, 264, 265, 266, 267, 268, 269, 270, 271, 272, 273]",21,13,0,UNKNOWN,21.5629,34.956575,False,8
cliquecolouring_n13_k9_c8.sanitized.cnf,SATComp2024,main2024,competition_main,/work/benchmarks/phase5/sc2024/cliquecolouring_n13_k9_c8.sanitized.cnf,0e2a24465d1f39d7f9a92f46128b0bf6827359bc8523123c47c703f5e303f7c6,evaluation,resource_allocation_like,22 exact-r boxes over 13 capacity groups,UNKNOWN,299,7796,12.2718,2.76803,RUN_LKK,22,2158,0,RUN_LKK,4.8933,COMPLETE,10.5456,UNKNOWN,"incomplete_or_ambiguous_resource_mapping:[196, 197, 198, 199, 200, 201, 202, 203, 204, 205, 206, 207, 208, 209, 210, 211, 212, 213, 214, 215, 216, 217, 218, 219, 220, 221, 222, 223, 224, 225, 226, 227, 228, 229, 230, 231, 232, 233, 234, 235, 236, 237, 238, 239, 240, 241, 242, 243, 244, 245, 246, 247, 248, 249, 250, 251, 252, 253, 254, 255, 256, 257, 258, 259, 260, 261, 262, 263, 264, 265, 266, 267, 268, 269, 270, 271, 272, 273, 274, 275, 276, 277, 278, 279, 280, 281, 282, 283, 284, 285, 286, 287, 288, 289, 290, 291, 292, 293, 294, 295, 296, 297, 298, 299]",22,13,0,UNKNOWN,33.1369,67.634576,False,8
cliquecolouring_n15_k9_c8.sanitized.cnf,SATComp2024,main2024,competition_main,/work/benchmarks/phase5/sc2024/cliquecolouring_n15_k9_c8.sanitized.cnf,d1b17ebf2d1fd2db3bca63d63e65b6a1364a57251e58803b60704b588d35e019,evaluation,resource_allocation_like,24 exact-r boxes over 15 capacity groups,UNKNOWN,360,10329,13.0914,4.49368,RUN_LKK,24,2745,0,RUN_LKK,5.72337,COMPLETE,14.2964,UNKNOWN,"incomplete_or_ambiguous_resource_mapping:[241, 242, 243, 244, 245, 246, 247, 248, 249, 250, 251, 252, 253, 254, 255, 256, 257, 258, 259, 260, 261, 262, 263, 264, 265, 266, 267, 268, 269, 270, 271, 272, 273, 274, 275, 276, 277, 278, 279, 280, 281, 282, 283, 284, 285, 286, 287, 288, 289, 290, 291, 292, 293, 294, 295, 296, 297, 298, 299, 300, 301, 302, 303, 304, 305, 306, 307, 308, 309, 310, 311, 312, 313, 314, 315, 316, 317, 318, 319, 320, 321, 322, 323, 324, 325, 326, 327, 328, 329, 330, 331, 332, 333, 334, 335, 336, 337, 338, 339, 340, 341, 342, 343, 344, 345, 346, 347, 348, 349, 350, 351, 352, 353, 354, 355, 356, 357, 358, 359, 360]",24,15,0,UNKNOWN,40.4049,67.159185,False,8
cliquecolouring_n21_k6_c5.sanitized.cnf,SATComp2024,main2024,competition_main,/work/benchmarks/phase5/sc2024/cliquecolouring_n21_k6_c5.sanitized.cnf,6601be30be454a0154b9aac13585eebe7040a8ab97d581ce7696511ef771206a,evaluation,resource_allocation_like,27 exact-r boxes over 21 capacity groups,UNKNOWN,441,9162,12.2853,3.58601,RUN_LKK,27,2835,0,RUN_LKK,5.48038,COMPLETE,6.66637,UNKNOWN,"incomplete_or_ambiguous_resource_mapping:[337, 338, 339, 340, 341, 342, 343, 344, 345, 346, 347, 348, 349, 350, 351, 352, 353, 354, 355, 356, 357, 358, 359, 360, 361, 362, 363, 364, 365, 366, 367, 368, 369, 370, 371, 372, 373, 374, 375, 376, 377, 378, 379, 380, 381, 382, 383, 384, 385, 386, 387, 388, 389, 390, 391, 392, 393, 394, 395, 396, 397, 398, 399, 400, 401, 402, 403, 404, 405, 406, 407, 408, 409, 410, 411, 412, 413, 414, 415, 416, 417, 418, 419, 420, 421, 422, 423, 424, 425, 426, 427, 428, 429, 430, 431, 432, 433, 434, 435, 436, 437, 438, 439, 440, 441]",27,21,0,UNKNOWN,30.8726,66.986319,False,8
cliquecolouring_n31_k5_c4.sanitized.cnf,SATComp2024,main2024,competition_main,/work/benchmarks/phase5/sc2024/cliquecolouring_n31_k5_c4.sanitized.cnf,892587fe1d925452b27606c695632fa161e702f7e45dda9e7a69bdc982ac6434,evaluation,resource_allocation_like,36 exact-r boxes over 31 capacity groups,UNKNOWN,744,14017,18.3098,5.04234,RUN_LKK,36,4681,0,RUN_LKK,7.78922,COMPLETE,8.22719,UNKNOWN,"incomplete_or_ambiguous_resource_mapping:[621, 622, 623, 624, 625, 626, 627, 628, 629, 630, 631, 632, 633, 634, 635, 636, 637, 638, 639, 640, 641, 642, 643, 644, 645, 646, 647, 648, 649, 650, 651, 652, 653, 654, 655, 656, 657, 658, 659, 660, 661, 662, 663, 664, 665, 666, 667, 668, 669, 670, 671, 672, 673, 674, 675, 676, 677, 678, 679, 680, 681, 682, 683, 684, 685, 686, 687, 688, 689, 690, 691, 692, 693, 694, 695, 696, 697, 698, 699, 700, 701, 702, 703, 704, 705, 706, 707, 708, 709, 710, 711, 712, 713, 714, 715, 716, 717, 718, 719, 720, 721, 722, 723, 724, 725, 726, 727, 728, 729, 730, 731, 732, 733, 734, 735, 736, 737, 738, 739, 740, 741, 742, 743, 744]",36,31,0,UNKNOWN,43.3658,67.010156,False,8
cliquecolouring_n41_k5_c4.sanitized.cnf,SATComp2024,main2024,competition_main,/work/benchmarks/phase5/sc2024/cliquecolouring_n41_k5_c4.sanitized.cnf,d1754f478f03cdd37aef85d403658c49c13f57aa54cd3398281ee2a44b9e700d,calibration,resource_allocation_like,46 exact-r boxes over 41 capacity groups,UNKNOWN,1189,24482,30.3743,9.80005,RUN_LKK,46,8036,0,RUN_LKK,15.3558,COMPLETE,13.1364,UNKNOWN,"incomplete_or_ambiguous_resource_mapping:[1026, 1027, 1028, 1029, 1030, 1031, 1032, 1033, 1034, 1035, 1036, 1037, 1038, 1039, 1040, 1041, 1042, 1043, 1044, 1045, 1046, 1047, 1048, 1049, 1050, 1051, 1052, 1053, 1054, 1055, 1056, 1057, 1058, 1059, 1060, 1061, 1062, 1063, 1064, 1065, 1066, 1067, 1068, 1069, 1070, 1071, 1072, 1073, 1074, 1075, 1076, 1077, 1078, 1079, 1080, 1081, 1082, 1083, 1084, 1085, 1086, 1087, 1088, 1089, 1090, 1091, 1092, 1093, 1094, 1095, 1096, 1097, 1098, 1099, 1100, 1101, 1102, 1103, 1104, 1105, 1106, 1107, 1108, 1109, 1110, 1111, 1112, 1113, 1114, 1115, 1116, 1117, 1118, 1119, 1120, 1121, 1122, 1123, 1124, 1125, 1126, 1127, 1128, 1129, 1130, 1131, 1132, 1133, 1134, 1135, 1136, 1137, 1138, 1139, 1140, 1141, 1142, 1143, 1144, 1145, 1146, 1147, 1148, 1149, 1150, 1151, 1152, 1153, 1154, 1155, 1156, 1157, 1158, 1159, 1160, 1161, 1162, 1163, 1164, 1165, 1166, 1167, 1168, 1169, 1170, 1171, 1172, 1173, 1174, 1175, 1176, 1177, 1178, 1179, 1180, 1181, 1182, 1183, 1184, 1185, 1186, 1187, 1188, 1189]",46,41,0,UNKNOWN,75.7744,117.108116,False,8
combined-crypto1-wff-seed-1-wffvars-450-cryptocplx-40-overlap-2.cnf,SATComp2024,main2024,competition_main,/work/benchmarks/phase5/sc2024/combined-crypto1-wff-seed-1-wffvars-450-cryptocplx-40-overlap-2.cnf,0934cc6e41aed3f23a1fbf0c4cc80036bef4a5c0dc5158c0baf9b0821efc945e,calibration,no_useful_detected_structure,benefit gate declined: estimated_resolution_pair_limit,UNKNOWN,1729,21718,39.3252,18.9484,RUN_LKK,398,1027,0,SKIP_TO_CDCL,0,COMPLETE,0,UNKNOWN,,0,0,0,UNKNOWN,62.6282,117.411952,False,8
combined-crypto1-wff-seed-102-wffvars-500-cryptocplx-31-overlap-2.cnf,SATComp2024,main2024,competition_main,/work/benchmarks/phase5/sc2024/combined-crypto1-wff-seed-102-wffvars-500-cryptocplx-31-overlap-2.cnf,089bd7ffee6b8a052a97f27d3588ec1434ae122d99ae7a4c092f61c95e79f769,evaluation,no_useful_detected_structure,benefit gate declined: estimated_resolution_pair_limit,UNKNOWN,1545,17584,27.032,11.8861,RUN_LKK,363,944,0,SKIP_TO_CDCL,0,COMPLETE,0,UNKNOWN,,0,0,0,UNKNOWN,42.2701,66.938408,False,8
constraints_16_0.3_1.sanitized.cnf,SATComp2024,main2024,competition_main,/work/benchmarks/phase5/sc2024/constraints_16_0.3_1.sanitized.cnf,405b50caa71da5bb5c967593e8f147f3938517709c39ae2c08ea56824322c662,evaluation,no_useful_detected_structure,benefit gate declined: estimated_resolution_pair_limit,UNKNOWN,2240,21080,372.927,8945.11,RUN_LKK,8700,5460,0,SKIP_TO_CDCL,0,COMPLETE,0,UNKNOWN,,0,0,0,UNKNOWN,9322.98,9355.035999,False,8
constraints_16_0.4_1.sanitized.cnf,SATComp2024,main2024,competition_main,/work/benchmarks/phase5/sc2024/constraints_16_0.4_1.sanitized.cnf,c78b3778c602f7e8fd0d76a6feb3c4dea5a0f321a5db874930dd811396b3b297,evaluation,no_useful_detected_structure,benefit gate declined: estimated_resolution_pair_limit,UNKNOWN,2240,40528,1011.64,17578.3,RUN_LKK,28148,5460,0,SKIP_TO_CDCL,0,COMPLETE,0,UNKNOWN,,0,0,0,UNKNOWN,18601.1,18643.222962,False,8
constraints_16_0.5_1.sanitized.cnf,SATComp2024,main2024,competition_main,/work/benchmarks/phase5/sc2024/constraints_16_0.5_1.sanitized.cnf,793460247ba1b94e07daa63730b5e8ea4437674bc10b97c70fbff142a9144a73,evaluation,no_useful_detected_structure,benefit gate declined: input_clause_limit;estimated_resolution_pair_limit,UNKNOWN,2240,53398,1246.37,19684.6,RUN_LKK,41018,5460,0,SKIP_TO_CDCL,0,COMPLETE,0,UNKNOWN,,0,0,0,UNKNOWN,20956.5,21002.149533,False,8
constraints_17_0.3_2.sanitized.cnf,SATComp2024,main2024,competition_main,/work/benchmarks/phase5/sc2024/constraints_17_0.3_2.sanitized.cnf,4eb005738e94284da3eda63b61ca6c780ecbf1c2f6b737dc0ae69cb63b4dcbab,evaluation,no_useful_detected_structure,benefit gate declined: estimated_resolution_pair_limit,UNKNOWN,2720,37638,1031.07,31378.4,RUN_LKK,21930,7140,0,SKIP_TO_CDCL,0,COMPLETE,0,UNKNOWN,,0,0,0,UNKNOWN,32419.5,32441.711735,False,8
constraints_17_0.4_1.sanitized.cnf,SATComp2024,main2024,competition_main,/work/benchmarks/phase5/sc2024/constraints_17_0.4_1.sanitized.cnf,c6cf6b1b83ab83cf92e35590b12c9739fa1d606acc8fa4d0bad6ee01703d1892,evaluation,no_useful_detected_structure,benefit gate declined: input_clause_limit;estimated_resolution_pair_limit,UNKNOWN,2720,58990,1625.94,42250.7,RUN_LKK,43418,7140,0,SKIP_TO_CDCL,0,COMPLETE,0,UNKNOWN,,0,0,0,UNKNOWN,43902.4,43942.667831,False,8
constraints_17_0.4_2.sanitized.cnf,SATComp2024,main2024,competition_main,/work/benchmarks/phase5/sc2024/constraints_17_0.4_2.sanitized.cnf,5c4d6b11ddf7bfc784db9350dde9e24b548a5f330ac48cfd48c09a5a8759cff5,evaluation,no_useful_detected_structure,benefit gate declined: input_clause_limit;estimated_resolution_pair_limit,UNKNOWN,2720,57086,1631.44,41873.6,RUN_LKK,41378,7140,0,SKIP_TO_CDCL,0,COMPLETE,0,UNKNOWN,,0,0,0,UNKNOWN,43522.5,43594.50449,False,8
constraints_17_0.5_2.sanitized.cnf,SATComp2024,main2024,competition_main,/work/benchmarks/phase5/sc2024/constraints_17_0.5_2.sanitized.cnf,7f6511446111c07b14a6a8f68d591e94c806e15cfac33fb3dc4aa284937ce684,evaluation,no_useful_detected_structure,benefit gate declined: input_clause_limit;estimated_resolution_pair_limit,UNKNOWN,2720,105706,2571.37,56979.7,RUN_LKK,89998,7140,0,SKIP_TO_CDCL,0,COMPLETE,0,UNKNOWN,,0,0,0,UNKNOWN,59603.2,59648.326465,False,8
constraints_18_0.3_2.sanitized.cnf,SATComp2024,main2024,competition_main,/work/benchmarks/phase5/sc2024/constraints_18_0.3_2.sanitized.cnf,276f69acee28cdbe46c8533e3afaf958ef55306acf9944f86ed31dcbf864d3fb,evaluation,no_useful_detected_structure,cheap gate declined: None,TIMEOUT,,,,,,,,,,,,,,,,,,,,60053.076672,False,8
constraints_18_0.4_2.sanitized.cnf,SATComp2024,main2024,competition_main,/work/benchmarks/phase5/sc2024/constraints_18_0.4_2.sanitized.cnf,d8b0b509f653cdfa9aa3eb493723ec1f93d8ea984e0f3df01f84e1b0076f821d,evaluation,no_useful_detected_structure,cheap gate declined: None,TIMEOUT,,,,,,,,,,,,,,,,,,,,60054.417188,False,8
constraints_25_4_5_12_12_0_0_0.sanitized.cnf,SATComp2024,main2024,competition_main,/work/benchmarks/phase5/sc2024/constraints_25_4_5_12_12_0_0_0.sanitized.cnf,32262664ee4cb3cc963eb19b5ad56cd91ef1de819c402b103250d84b30e73b02,evaluation,no_useful_detected_structure,benefit gate declined: input_clause_limit;estimated_resolution_pair_limit,UNKNOWN,14650,115755,212.398,341.828,RUN_LKK,53455,12675,0,SKIP_TO_CDCL,0,COMPLETE,0,UNKNOWN,,0,0,0,UNKNOWN,586.601,617.84076,False,8
crn_11_99_u.cnf,SATComp2024,main2024,competition_main,/work/benchmarks/phase5/sc2024/crn_11_99_u.cnf,301a5351b7cec4bbc27bf066df769db2870c1e3f3948d6c2ff0b7a9f6bab52eb,evaluation,unknown_fallback_dominated,recovery completed but registry returned UNKNOWN: no_sound_exact_r_boxes,UNKNOWN,1287,2332,5.45997,0.621551,RUN_LKK,99,55,0,RUN_LKK,1.18974,COMPLETE,0.122738,UNKNOWN,no_sound_exact_r_boxes,0,0,0,UNKNOWN,8.44343,34.632516,False,8
ctl_4201_555_unsat_pre.cnf,SATComp2024,main2024,competition_main,/work/benchmarks/phase5/sc2024/ctl_4201_555_unsat_pre.cnf,49ae4fd19662b634ac62138fc974db55c8606c8571bf23783a19f6bbe0c5f290,evaluation,no_useful_detected_structure,benefit gate declined: input_clause_limit;estimated_resolution_pair_limit,UNKNOWN,14756,141683,190.623,189.984,RUN_LKK,3492,3496,0,SKIP_TO_CDCL,0,COMPLETE,0,UNKNOWN,,0,0,0,UNKNOWN,431.069,467.864878,False,8
ctl_4291_567_2_unsat-sc2013.cnf,SATComp2024,main2024,competition_main,/work/benchmarks/phase5/sc2024/ctl_4291_567_2_unsat-sc2013.cnf,2d64d2d305a90302a52c1a0b616202c44c848581262f8f6005933fee2053d18f,evaluation,no_useful_detected_structure,benefit gate declined: input_clause_limit;estimated_resolution_pair_limit,UNKNOWN,17850,149132,206.583,199.886,RUN_LKK,3849,3862,0,SKIP_TO_CDCL,0,COMPLETE,0,UNKNOWN,,0,0,0,UNKNOWN,457.255,518.195969,False,8
ctl_4291_567_9_unsat.cnf,SATComp2024,main2024,competition_main,/work/benchmarks/phase5/sc2024/ctl_4291_567_9_unsat.cnf,3b585614b18743c6a3f9aef289a8172a48feb82d6ffb70c5cacbeca86808783c,evaluation,no_useful_detected_structure,benefit gate declined: input_clause_limit;estimated_resolution_pair_limit,UNKNOWN,17850,154655,216.422,202.329,RUN_LKK,3661,3672,0,SKIP_TO_CDCL,0,COMPLETE,0,UNKNOWN,,0,0,0,UNKNOWN,464.318,518.153338,False,8
ecarev-110-4099-22-30-7.cnf,SATComp2024,main2024,competition_main,/work/benchmarks/phase5/sc2024/ecarev-110-4099-22-30-7.cnf,977679611cf708e2fb5ca0cbcfcae34c06219dea35ebede971e16d7d60348ba6,evaluation,no_useful_detected_structure,cheap gate declined: no_cheap_structural_signal,UNKNOWN,127069,741919,1062.71,1056.56,SKIP_TO_CDCL,0,122970,0,NOT_RUN,0,COMPLETE,0,UNKNOWN,,0,0,0,UNKNOWN,2510.71,2574.0155,False,8
ex065_25.cnf,SATComp2024,main2024,competition_main,/work/benchmarks/phase5/sc2024/ex065_25.cnf,7b14ad5e6cfa866c6e85211964a75ca611f0ceda45c9290b29b38323be38cd8d,evaluation,no_useful_detected_structure,benefit gate declined: input_clause_limit;estimated_resolution_pair_limit,UNKNOWN,74804,393322,521.129,427.646,RUN_LKK,175,15925,0,SKIP_TO_CDCL,0,COMPLETE,0,UNKNOWN,,0,0,0,UNKNOWN,1046.38,1070.808578,False,8
exam_flat_0.04_2018_3.cnf,SATComp2024,main2024,competition_main,/work/benchmarks/phase5/sc2024/exam_flat_0.04_2018_3.cnf,3cce4fbc435ad6ab604f53abdcd58a303f3d812f65d086374174957396d6abd1,evaluation,no_useful_detected_structure,benefit gate declined: input_clause_limit;estimated_resolution_pair_limit,UNKNOWN,1275631,1994905,2486.4,3063.26,RUN_LKK,133512,583148,0,SKIP_TO_CDCL,0,COMPLETE,0,UNKNOWN,,0,0,0,UNKNOWN,6735.39,6842.860401,False,8
f9idw.cnf,SATComp2024,main2024,competition_main,/work/benchmarks/phase5/sc2024/f9idw.cnf,29a1ff60c401474886e6f689befebd03f00b817b9a33b692910b77b7efb54c91,evaluation,no_useful_detected_structure,benefit gate declined: input_clause_limit;estimated_resolution_pair_limit,UNKNOWN,526651,1570021,2049.14,2381.86,RUN_LKK,78897,236744,0,SKIP_TO_CDCL,0,COMPLETE,0,UNKNOWN,,0,0,0,UNKNOWN,5371.08,5437.138093,False,8
fermat-931960058139995587.cnf,SATComp2024,main2024,competition_main,/work/benchmarks/phase5/sc2024/fermat-931960058139995587.cnf,cb7eb3ed79bb2ca42c0993d83f2d3e7fad60d852e09c0ad23cd057e98e28c5d1,evaluation,no_useful_detected_structure,benefit gate declined: input_clause_limit,UNKNOWN,12257,69473,108.373,81.1105,RUN_LKK,125,4442,6,SKIP_TO_CDCL,0,COMPLETE,0,UNKNOWN,,0,0,0,UNKNOWN,209.757,267.933098,False,8
fixedbandwidth-eq-31_shuffled.cnf,SATComp2024,main2024,competition_main,/work/benchmarks/phase5/sc2024/fixedbandwidth-eq-31_shuffled.cnf,4c397e90b59fac8f85093724abb90e3894531426b495c47a569dab80fddc4122,evaluation,cardinality_exact_r_heavy,"4 exact-r boxes, registry UNKNOWN",UNKNOWN,125,510,5.24805,0.20293,RUN_LKK,53,57,0,RUN_LKK,0.299366,COMPLETE,0.148732,UNKNOWN,"incomplete_or_ambiguous_resource_mapping:[13, 27, 32, 37, 38, 49, 78, 79, 88, 93, 95, 97, 111, 119, 120, 123]",4,0,0,UNKNOWN,6.82611,18.762218,False,8
frb45-21-2.used-as.sat04-884.cnf,SATComp2024,main2024,competition_main,/work/benchmarks/phase5/sc2024/frb45-21-2.used-as.sat04-884.cnf,035bf8198383efda95da0c76eac41369b9360357da6a00f224b9afd7594a533d,evaluation,no_useful_detected_structure,benefit gate declined: input_clause_limit,UNKNOWN,945,61855,62.7487,18.2998,RUN_LKK,45,61810,0,SKIP_TO_CDCL,0,COMPLETE,0,UNKNOWN,,0,0,0,UNKNOWN,91.2012,117.243562,False,8
frb65-12-2.used-as.sat04-874.cnf,SATComp2024,main2024,competition_main,/work/benchmarks/phase5/sc2024/frb65-12-2.used-as.sat04-874.cnf,0eeeaf2be26de553c8597d518ee8addca2856f9bbb8078c36342cca971213fac,evaluation,resource_allocation_like,65 exact-r boxes over 229 capacity groups,UNKNOWN,780,24731,30.9366,6.05753,RUN_LKK,65,24666,0,RUN_LKK,18.5845,COMPLETE,297.35,UNKNOWN,"incomplete_or_ambiguous_resource_mapping:[17, 27, 180, 186, 297, 335, 339, 357, 360, 397, 402, 403, 426, 431, 437, 450, 503, 530, 534, 569, 581, 582, 583, 592, 594, 609, 612, 623, 624, 633, 634, 635, 636, 640, 692, 704, 705, 711, 733, 735, 736, 744, 746, 750, 752, 753, 754, 757, 761, 780]",65,229,0,UNKNOWN,368.693,419.458034,False,8
g2-ak128boothbg2msaig.cnf,SATComp2024,main2024,competition_main,/work/benchmarks/phase5/sc2024/g2-ak128boothbg2msaig.cnf,aef63f58074fcf8cfefd4762419c4926594fd450fa93a20fce2776bcb0196153,evaluation,no_useful_detected_structure,benefit gate declined: input_clause_limit;estimated_resolution_pair_limit,UNKNOWN,572519,1715262,2737.1,2616.59,RUN_LKK,292610,813937,0,SKIP_TO_CDCL,0,COMPLETE,0,UNKNOWN,,0,0,0,UNKNOWN,6372.04,6438.956701,False,8
g2-ak128boothbg2msisc.cnf,SATComp2024,main2024,competition_main,/work/benchmarks/phase5/sc2024/g2-ak128boothbg2msisc.cnf,a07ee77a42d3895ae634989bdb1d3440485104397f8f6308e3c7442d7ded4978,calibration,no_useful_detected_structure,benefit gate declined: input_clause_limit;estimated_resolution_pair_limit,UNKNOWN,377084,1227753,2109.92,1847.08,RUN_LKK,386,98559,0,SKIP_TO_CDCL,0,COMPLETE,0,UNKNOWN,,0,0,0,UNKNOWN,4655.12,4733.939871,False,8
g2-hwmcc15deep-6s161-k17.cnf,SATComp2024,main2024,competition_main,/work/benchmarks/phase5/sc2024/g2-hwmcc15deep-6s161-k17.cnf,0cf55d3192967179a75977ed50d5ea707051fc8c87dd07ddd2892fa0a06abab0,calibration,no_useful_detected_structure,benefit gate declined: input_clause_limit,UNKNOWN,44195,128349,158.651,126.065,RUN_LKK,18027,50634,0,SKIP_TO_CDCL,0,COMPLETE,0,UNKNOWN,,0,0,0,UNKNOWN,329.815,367.861695,False,8
g2-hwmcc15deep-bob12s02-k16.cnf,SATComp2024,main2024,competition_main,/work/benchmarks/phase5/sc2024/g2-hwmcc15deep-bob12s02-k16.cnf,0ed7f040a62c77be66d903ac49f6e437b8182180ace352e3d343b6db372ef4e3,evaluation,no_useful_detected_structure,benefit gate declined: input_clause_limit;estimated_resolution_pair_limit,UNKNOWN,203492,602145,902.99,820.52,RUN_LKK,85931,251628,0,SKIP_TO_CDCL,0,COMPLETE,0,UNKNOWN,,0,0,0,UNKNOWN,2027.51,2074.076239,False,8
g2-slp-synthesis-aes-top30.cnf,SATComp2024,main2024,competition_main,/work/benchmarks/phase5/sc2024/g2-slp-synthesis-aes-top30.cnf,67ee094770a2c735c05a0cadf79e7127c4294a9deeab72a6101b3e9e48a0ac0d,calibration,no_useful_detected_structure,benefit gate declined: input_clause_limit;estimated_resolution_pair_limit,UNKNOWN,101451,323566,486.736,441.484,RUN_LKK,5195,9110,0,SKIP_TO_CDCL,0,COMPLETE,0,UNKNOWN,,0,0,0,UNKNOWN,1076.69,1121.015506,False,8
g2-test_v5_r10_vr10_c1_s21502.smt2-cvc4.cnf,SATComp2024,main2024,competition_main,/work/benchmarks/phase5/sc2024/g2-test_v5_r10_vr10_c1_s21502.smt2-cvc4.cnf,e9080cb0778e14817f51c5a0e09899b21ce4fdff43f954a7db0271312e517c67,calibration,no_useful_detected_structure,benefit gate declined: input_clause_limit;estimated_resolution_pair_limit,UNKNOWN,245249,1089831,1764.6,1660,RUN_LKK,38605,156110,0,SKIP_TO_CDCL,0,COMPLETE,0,UNKNOWN,,0,0,0,UNKNOWN,4081.48,4129.077882,False,8
goldcrest-and-9.cnf,SATComp2024,main2024,competition_main,/work/benchmarks/phase5/sc2024/goldcrest-and-9.cnf,7fa243a5f707443743ea9f8ae5c436a09bdc354ceac99cf57e8f9e880b8254c1,calibration,no_useful_detected_structure,benefit gate declined: input_clause_limit;estimated_resolution_pair_limit,UNKNOWN,370674,1133240,1662.51,1680.85,RUN_LKK,19863,342702,0,SKIP_TO_CDCL,0,COMPLETE,0,UNKNOWN,,0,0,0,UNKNOWN,4023.06,4081.792525,False,8
grs-64-128.cnf,SATComp2024,main2024,competition_main,/work/benchmarks/phase5/sc2024/grs-64-128.cnf,26068a551866a1b722e24f8d3d09ee3120fcdc2de7894aee0794b687a4f434a4,evaluation,no_useful_detected_structure,benefit gate declined: input_clause_limit;estimated_resolution_pair_limit,UNKNOWN,320192,924894,1330.65,1271.05,RUN_LKK,114767,51773,0,SKIP_TO_CDCL,0,COMPLETE,0,UNKNOWN,,0,0,0,UNKNOWN,3182.67,3228.523452,False,8
grs-64-64.cnf,SATComp2024,main2024,competition_main,/work/benchmarks/phase5/sc2024/grs-64-64.cnf,01d44aa0adabb95c40cf04676b96ed86e7aeaab910b3288b70fe621ed863e26a,evaluation,no_useful_detected_structure,benefit gate declined: input_clause_limit;estimated_resolution_pair_limit,UNKNOWN,124070,361780,533.488,461.352,RUN_LKK,43023,28735,0,SKIP_TO_CDCL,0,COMPLETE,0,UNKNOWN,,0,0,0,UNKNOWN,1184.38,1221.495936,False,8
hcp_CP18_18.cnf,SATComp2024,main2024,competition_main,/work/benchmarks/phase5/sc2024/hcp_CP18_18.cnf,b2c187f8e740554d6efb22ad8b6a575425dfc555525b945a12acd5e0328c5dac,calibration,no_useful_detected_structure,benefit gate declined: input_clause_limit;estimated_resolution_pair_limit,UNKNOWN,122472,442903,636.275,1582.85,RUN_LKK,2507,125206,0,SKIP_TO_CDCL,0,COMPLETE,0,UNKNOWN,,0,0,0,UNKNOWN,2417.89,2476.276508,False,8
hwb-n24-02-S786928571.shuffled-as.sat03-1618.cnf,SATComp2024,main2024,competition_main,/work/benchmarks/phase5/sc2024/hwb-n24-02-S786928571.shuffled-as.sat03-1618.cnf,c8683e770d270661e08219fd2b791a6fabb6d4cce2c9d0ace1638b99f3192937,evaluation,cardinality_exact_r_heavy,"1 exact-r boxes, registry UNKNOWN",UNKNOWN,162,774,3.21991,0.468336,RUN_LKK,81,88,0,RUN_LKK,0.541463,COMPLETE,0.224093,UNKNOWN,"incomplete_or_ambiguous_resource_mapping:[1, 36]",1,0,0,UNKNOWN,5.38264,18.949734,False,8
hwmcc12miters-xits-iso-6s111.sanitized.cnf,SATComp2024,main2024,competition_main,/work/benchmarks/phase5/sc2024/hwmcc12miters-xits-iso-6s111.sanitized.cnf,39cff79631098f9d2396ca190ce81bfcb56e080bc1d121aae57e04e89c0fd1f6,evaluation,no_useful_detected_structure,benefit gate declined: input_clause_limit;estimated_resolution_pair_limit,UNKNOWN,689179,2102486,3246.33,3380.08,RUN_LKK,192248,610052,0,SKIP_TO_CDCL,0,COMPLETE,0,UNKNOWN,,0,0,0,UNKNOWN,7967.28,8094.639026,False,8
hwmcc17miters-xits-iso-bobsmfpu.sanitized.cnf,SATComp2024,main2024,competition_main,/work/benchmarks/phase5/sc2024/hwmcc17miters-xits-iso-bobsmfpu.sanitized.cnf,3406f2546021e23fec5838524107e45fd5df0de84ec27dde866b7874f8308703,evaluation,no_useful_detected_structure,benefit gate declined: input_clause_limit;estimated_resolution_pair_limit,UNKNOWN,62500,204019,275.043,231.618,RUN_LKK,22033,59266,0,SKIP_TO_CDCL,0,COMPLETE,0,UNKNOWN,,0,0,0,UNKNOWN,585.122,618.592971,False,8
hwmcc17miters-xits-iso-oski15a08b00s.sanitized.cnf,SATComp2024,main2024,competition_main,/work/benchmarks/phase5/sc2024/hwmcc17miters-xits-iso-oski15a08b00s.sanitized.cnf,09a00f733caf42827b00f7cba4e607eaaeb943ce7be98141fa47a1fba66bc44a,calibration,no_useful_detected_structure,benefit gate declined: input_clause_limit;estimated_resolution_pair_limit,UNKNOWN,1454067,4368063,6401.19,9892.79,RUN_LKK,89119,712828,0,SKIP_TO_CDCL,0,COMPLETE,0,UNKNOWN,,0,0,0,UNKNOWN,17430.7,17581.049276,False,8
hwmcc17miters-xits-iso-oski15a08b08s.sanitized.cnf,SATComp2024,main2024,competition_main,/work/benchmarks/phase5/sc2024/hwmcc17miters-xits-iso-oski15a08b08s.sanitized.cnf,7e9194d155393d5b0ed126c0081a58c28d196c438fe2d7144c948cb74ba10cb9,evaluation,no_useful_detected_structure,benefit gate declined: input_clause_limit;estimated_resolution_pair_limit,UNKNOWN,1454447,4369241,6277.05,9917.49,RUN_LKK,89427,713324,0,SKIP_TO_CDCL,0,COMPLETE,0,UNKNOWN,,0,0,0,UNKNOWN,17316.6,17483.701724,False,8
hwmcc20miters-iso-mul2.sanitized.cnf,SATComp2024,main2024,competition_main,/work/benchmarks/phase5/sc2024/hwmcc20miters-iso-mul2.sanitized.cnf,9131d5025160978bdd555c8af4cf75a23a5f7c75ef9eac1fdb78d7cb0a1a61c3,evaluation,no_useful_detected_structure,benefit gate declined: input_clause_limit;estimated_resolution_pair_limit,UNKNOWN,100238,332317,565.484,480.048,RUN_LKK,34051,66314,0,SKIP_TO_CDCL,0,COMPLETE,0,UNKNOWN,,0,0,0,UNKNOWN,1189.51,1221.966974,False,8
hwmcc20miters-iso-mul3.sanitized.cnf,SATComp2024,main2024,competition_main,/work/benchmarks/phase5/sc2024/hwmcc20miters-iso-mul3.sanitized.cnf,596605d27fc01b7d168cb539d7dc0df279f801c5479b7463e4fefdc95434aea5,evaluation,no_useful_detected_structure,benefit gate declined: input_clause_limit;estimated_resolution_pair_limit,UNKNOWN,397070,1319965,2285.13,1970.48,RUN_LKK,133635,263690,0,SKIP_TO_CDCL,0,COMPLETE,0,UNKNOWN,,0,0,0,UNKNOWN,4961.34,5035.62814,False,8
hwmcc20miters-iso-mul7.sanitized.cnf,SATComp2024,main2024,competition_main,/work/benchmarks/phase5/sc2024/hwmcc20miters-iso-mul7.sanitized.cnf,01606e995acfc61256bb4595b692e0e7dc4a02674fb539c32c7bfb0de3066fde,evaluation,no_useful_detected_structure,benefit gate declined: input_clause_limit;estimated_resolution_pair_limit,UNKNOWN,398684,1325289,2033.12,1962.62,RUN_LKK,132133,262428,0,SKIP_TO_CDCL,0,COMPLETE,0,UNKNOWN,,0,0,0,UNKNOWN,4768.5,4832.839271,False,8
hwmcc20miters-iso-rast-p06.sanitized.cnf,SATComp2024,main2024,competition_main,/work/benchmarks/phase5/sc2024/hwmcc20miters-iso-rast-p06.sanitized.cnf,fd6e0be18272ea5b045e4925c5760542869d38ee75bf9cf473e0e919d377e734,evaluation,no_useful_detected_structure,benefit gate declined: input_clause_limit;estimated_resolution_pair_limit,UNKNOWN,85230,276273,360.434,411.515,RUN_LKK,35125,73080,0,SKIP_TO_CDCL,0,COMPLETE,0,UNKNOWN,,0,0,0,UNKNOWN,906.916,969.643408,False,8
hwmcc20miters-iso-rast-p11.sanitized.cnf,SATComp2024,main2024,competition_main,/work/benchmarks/phase5/sc2024/hwmcc20miters-iso-rast-p11.sanitized.cnf,54f333093bc86d2c4600866b657b79d7bc2ff92a1904f4722f16174a8fc992cf,calibration,no_useful_detected_structure,benefit gate declined: input_clause_limit;estimated_resolution_pair_limit,UNKNOWN,85224,276257,438.576,412.279,RUN_LKK,35121,73074,0,SKIP_TO_CDCL,0,COMPLETE,0,UNKNOWN,,0,0,0,UNKNOWN,999.17,1071.60919,False,8
j3037_10_mdd_b.cnf,SATComp2024,main2024,competition_main,/work/benchmarks/phase5/sc2024/j3037_10_mdd_b.cnf,2e82871ace95843096b0fa83361e47d7d5e8b78e2582170fe4c9d89f032913fe,calibration,no_useful_detected_structure,benefit gate declined: input_clause_limit,UNKNOWN,14945,66598,103.868,65.9897,RUN_LKK,282,14606,0,SKIP_TO_CDCL,0,COMPLETE,0,UNKNOWN,,0,0,0,UNKNOWN,188.388,217.862443,False,8
j3037_10_mdd_bm1.cnf,SATComp2024,main2024,competition_main,/work/benchmarks/phase5/sc2024/j3037_10_mdd_bm1.cnf,7672cb34e4b32cf83292630f1155b7e564bdcf4b2eedd60f7f25cf59b4b5bcc7,calibration,no_useful_detected_structure,benefit gate declined: input_clause_limit,UNKNOWN,14400,63952,96.7025,46.2354,RUN_LKK,282,14041,0,SKIP_TO_CDCL,0,COMPLETE,0,UNKNOWN,,0,0,0,UNKNOWN,156.236,218.444376,False,8
j3037_10_rggt_b.cnf,SATComp2024,main2024,competition_main,/work/benchmarks/phase5/sc2024/j3037_10_rggt_b.cnf,c85a8a9821086fe45843de52a0fc8c014c924e0c272901e26dabb6cb3b6b5b9b,evaluation,no_useful_detected_structure,benefit gate declined: input_clause_limit,UNKNOWN,14174,66784,100.963,50.3273,RUN_LKK,282,5395,0,SKIP_TO_CDCL,0,COMPLETE,0,UNKNOWN,,0,0,0,UNKNOWN,170.121,218.47961,False,8
j3037_1_gmto_b.cnf,SATComp2024,main2024,competition_main,/work/benchmarks/phase5/sc2024/j3037_1_gmto_b.cnf,b4448cba9856411f364caa1769c8b0b96a11962eef288aa8c0570923a81fb304,calibration,no_useful_detected_structure,benefit gate declined: input_clause_limit,UNKNOWN,21015,70775,116.985,75.1982,RUN_LKK,262,7607,0,SKIP_TO_CDCL,0,COMPLETE,0,UNKNOWN,,0,0,0,UNKNOWN,226.238,268.248582,False,8
j3037_1_mdd_b.cnf,SATComp2024,main2024,competition_main,/work/benchmarks/phase5/sc2024/j3037_1_mdd_b.cnf,aea2267d98d035453d8d3b5261fbb83bc43dae00ab4bea0e6f549149d274168b,evaluation,no_useful_detected_structure,benefit gate declined: input_clause_limit,UNKNOWN,21288,87354,178.973,86.3341,RUN_LKK,262,20677,0,SKIP_TO_CDCL,0,COMPLETE,0,UNKNOWN,,0,0,0,UNKNOWN,293.121,319.077588,False,8
j3037_9_mdd_bm1.cnf,SATComp2024,main2024,competition_main,/work/benchmarks/phase5/sc2024/j3037_9_mdd_bm1.cnf,221947a8403609a73ce7a1aee0620bfa3322064839e77134984b1cd7dd559f37,evaluation,no_useful_detected_structure,benefit gate declined: input_clause_limit,UNKNOWN,19502,82467,124.262,90.4287,RUN_LKK,218,18892,0,SKIP_TO_CDCL,0,COMPLETE,0,UNKNOWN,,0,0,0,UNKNOWN,246.926,268.525577,False,8
j3037_9_rggt_b.cnf,SATComp2024,main2024,competition_main,/work/benchmarks/phase5/sc2024/j3037_9_rggt_b.cnf,c2dc3947b36d6c3432064af6ada7423167cfbd24b825609069cad7e55bf43ced,evaluation,no_useful_detected_structure,benefit gate declined: input_clause_limit,UNKNOWN,18913,85707,155.911,93.4767,RUN_LKK,218,7152,0,SKIP_TO_CDCL,0,COMPLETE,0,UNKNOWN,,0,0,0,UNKNOWN,273.126,317.941832,False,8
j3045_10_gmto_b.cnf,SATComp2024,main2024,competition_main,/work/benchmarks/phase5/sc2024/j3045_10_gmto_b.cnf,f555ce9b743f7041f3ce96737e93c09c6b4dd75871bc78e4e5eabb76c70f3193,evaluation,cardinality_exact_r_heavy,"56 exact-r boxes, registry UNKNOWN",UNKNOWN,14560,48881,73.3814,31.5246,RUN_LKK,206,5236,0,RUN_LKK,49.8414,COMPLETE,4.8884,UNKNOWN,"incomplete_or_ambiguous_resource_mapping:[687, 690, 694, 697, 700, 702, 705, 708, 711, 714, 717, 720, 723, 726, 730, 732, 734, 737, 739, 740, 742, 745, 747, 749, 751, 754, 3039, 3040, 3041, 3042, 3043, 3044, 3045, 3046, 3047, 3048, 3049, 3050, 3051, 3052, 3053, 3054, 3055, 3056, 3057, 3058, 3059, 3060, 3061, 3062, 3063, 3064, 3065, 3066, 3067, 3068, 3069, 3070, 3071, 3072, 3073, 3074, 3075, 3076, 3077, 3078, 3079, 3080, 3081, 3082, 3083, 3084, 3085, 3086, 3087, 3088, 3089, 3090, 3091, 3092, 3093, 3094, 3095, 3096, 3097, 3098, 3099, 3100, 3101, 3102, 3103, 3104, 3105, 3106, 3107, 3108, 3109, 3110, 3111, 3112, 3113, 3114, 3115, 3116, 3117, 3118, 3119, 3120, 3121, 3122, 3123, 3124, 3125, 3126, 3127, 3128, 14473, 14476, 14482, 14485, 14489, 14494, 14497, 14500, 14503, 14506, 14509, 14512, 14515, 14518, 14524, 14525, 14530, 14533, 14534, 14537, 14542, 14545, 14546, 14551, 14552, 14560]",56,0,0,UNKNOWN,182.039,219.168394,False,8
j3045_10_rggt_b.cnf,SATComp2024,main2024,competition_main,/work/benchmarks/phase5/sc2024/j3045_10_rggt_b.cnf,f8c521dfdafecc0f6a66f06cbaf67f2aa2e64790039041a9b964ebcd0985a81e,evaluation,no_useful_detected_structure,benefit gate declined: input_clause_limit,UNKNOWN,14751,63197,86.5155,55.6519,RUN_LKK,206,5024,0,SKIP_TO_CDCL,0,COMPLETE,0,UNKNOWN,,0,0,0,UNKNOWN,156.091,218.528091,False,8
j3045_4_gmto_b.cnf,SATComp2024,main2024,competition_main,/work/benchmarks/phase5/sc2024/j3045_4_gmto_b.cnf,b741767b6df658b169ac66f24b6003a525d03ec482941f10c1f933fa79ac210c,evaluation,cardinality_exact_r_heavy,"55 exact-r boxes, registry UNKNOWN",UNKNOWN,14128,47374,68.6078,36.2491,RUN_LKK,235,5305,0,RUN_LKK,51.9823,COMPLETE,8.34903,UNKNOWN,"incomplete_or_ambiguous_resource_mapping:[715, 719, 722, 725, 728, 731, 734, 738, 741, 745, 748, 752, 754, 757, 760, 763, 766, 769, 772, 775, 778, 781, 783, 785, 788, 3133, 3134, 3135, 3136, 3137, 3138, 3139, 3140, 3141, 3142, 3143, 3144, 3145, 3146, 3147, 3148, 3149, 3150, 3151, 3152, 3153, 3154, 3155, 3156, 3157, 3158, 3159, 3160, 3161, 3162, 3163, 3164, 3165, 3166, 3167, 3168, 3169, 3170, 3171, 3172, 3173, 3174, 3175, 3176, 3177, 3178, 3179, 3180, 3181, 3182, 3183, 3184, 3185, 3186, 3187, 3188, 3189, 3190, 3191, 3192, 3193, 3194, 3195, 3196, 3197, 3198, 3199, 3200, 3201, 3202, 3203, 3204, 3205, 3206, 3207, 3208, 3209, 3210, 3211, 3212, 3213, 3214, 3215, 3216, 3217, 3218, 3219, 3220, 3221, 3222, 14041, 14047, 14050, 14053, 14056, 14059, 14062, 14068, 14071, 14077, 14080, 14086, 14087, 14095, 14098, 14101, 14104, 14107, 14110, 14113, 14116, 14119, 14120, 14125, 14128]",55,0,0,UNKNOWN,186.165,268.619239,False,8
j3045_4_mdd_bm1.cnf,SATComp2024,main2024,competition_main,/work/benchmarks/phase5/sc2024/j3045_4_mdd_bm1.cnf,e88e5517cecfd110226b162ca4f29c13b4a63d652ea7df8cc005df41a92b6ff7,evaluation,no_useful_detected_structure,benefit gate declined: input_clause_limit,UNKNOWN,13043,52096,84.67,40.2838,RUN_LKK,235,11800,0,SKIP_TO_CDCL,0,COMPLETE,0,UNKNOWN,,0,0,0,UNKNOWN,137.108,167.511897,False,8
jgiraldezlevy.2200.9086.08.40.41.cnf,SATComp2024,main2024,competition_main,/work/benchmarks/phase5/sc2024/jgiraldezlevy.2200.9086.08.40.41.cnf,3fa5951daf74b8f29774f2606ea2f536d8d9dcae5844a3d1d8faa025d24b5b23,evaluation,unknown_fallback_dominated,recovery completed but registry returned UNKNOWN: no_sound_exact_r_boxes,UNKNOWN,2200,9086,18.8766,4.5251,RUN_LKK,1158,1102,3,RUN_LKK,7.59929,COMPLETE,1.64691,UNKNOWN,no_sound_exact_r_boxes,0,0,0,UNKNOWN,34.9636,67.68942,False,8
lec_mult_CvD_11x11.sanitized.cnf,SATComp2024,main2024,competition_main,/work/benchmarks/phase5/sc2024/lec_mult_CvD_11x11.sanitized.cnf,671f9481a333857b0c9f644694c7223479a4f1d94d26e08b476512bd0c189710,evaluation,unknown_fallback_dominated,recovery completed but registry returned UNKNOWN: no_sound_exact_r_boxes,UNKNOWN,2780,8297,13.9602,4.25311,RUN_LKK,985,3025,0,RUN_LKK,4.77589,COMPLETE,3.14159,UNKNOWN,no_sound_exact_r_boxes,0,0,0,UNKNOWN,29.3547,68.196065,False,8
lec_mult_CvK_11x10.sanitized.cnf,SATComp2024,main2024,competition_main,/work/benchmarks/phase5/sc2024/lec_mult_CvK_11x10.sanitized.cnf,cc569348008a12cd050ed6810f14113bd13fc4f265698001a012091a1722a979,calibration,unknown_fallback_dominated,recovery completed but registry returned UNKNOWN: no_sound_exact_r_boxes,UNKNOWN,4745,14194,20.397,7.29588,RUN_LKK,1992,5913,0,RUN_LKK,12.4069,COMPLETE,11.3375,UNKNOWN,no_sound_exact_r_boxes,0,0,0,UNKNOWN,58.2371,118.668997,False,8
lec_mult_CvK_11x11.sanitized.cnf,SATComp2024,main2024,competition_main,/work/benchmarks/phase5/sc2024/lec_mult_CvK_11x11.sanitized.cnf,41727ece882ca2da0f3b45ec257f65e159611cd24fd0b297c9ec04595c20aac1,calibration,unknown_fallback_dominated,recovery completed but registry returned UNKNOWN: no_sound_exact_r_boxes,UNKNOWN,5061,15140,25.9295,9.06204,RUN_LKK,2115,6283,0,RUN_LKK,13.7996,COMPLETE,12.8957,UNKNOWN,no_sound_exact_r_boxes,0,0,0,UNKNOWN,71.7676,117.115769,False,8
lec_mult_CvK_12x11.sanitized.cnf,SATComp2024,main2024,competition_main,/work/benchmarks/phase5/sc2024/lec_mult_CvK_12x11.sanitized.cnf,e60c188faa1ce01c14f9c3b0824c26aef72dae6f3b10eba3a0584c1f99e11405,evaluation,unknown_fallback_dominated,recovery completed but registry returned UNKNOWN: no_sound_exact_r_boxes,UNKNOWN,5253,15714,31.3757,9.55617,RUN_LKK,2179,6491,0,RUN_LKK,14.7076,COMPLETE,11.4299,UNKNOWN,no_sound_exact_r_boxes,0,0,0,UNKNOWN,76.2387,118.369306,False,8
lec_mult_CvK_12x12.sanitized.cnf,SATComp2024,main2024,competition_main,/work/benchmarks/phase5/sc2024/lec_mult_CvK_12x12.sanitized.cnf,121ce8a9d5fb09c2f0890f8200e50a8415d525a3709579735d26ae1c3f0dfc53,evaluation,unknown_fallback_dominated,recovery completed but registry returned UNKNOWN: no_sound_exact_r_boxes,UNKNOWN,5462,16339,30.8337,8.38015,RUN_LKK,2251,6723,0,RUN_LKK,11.0351,COMPLETE,9.51423,UNKNOWN,no_sound_exact_r_boxes,0,0,0,UNKNOWN,67.2472,117.488322,False,8
lec_mult_CvW_12x11.sanitized.cnf,SATComp2024,main2024,competition_main,/work/benchmarks/phase5/sc2024/lec_mult_CvW_12x11.sanitized.cnf,c14cd48c2b99572775444de77ad7f5c420f7d2748c6797af5934b598d8236b67,calibration,unknown_fallback_dominated,recovery completed but registry returned UNKNOWN: no_sound_exact_r_boxes,UNKNOWN,3111,9288,17.2829,3.91614,RUN_LKK,1143,3393,0,RUN_LKK,7.32864,COMPLETE,4.76579,UNKNOWN,no_sound_exact_r_boxes,0,0,0,UNKNOWN,36.8789,67.521836,False,8
lec_mult_CvW_12x12.sanitized.cnf,SATComp2024,main2024,competition_main,/work/benchmarks/phase5/sc2024/lec_mult_CvW_12x12.sanitized.cnf,06d08c3b44a98a2eea13d37b2bb5fe60913fc1d38989997595ddedbcb10b1d9b,calibration,unknown_fallback_dominated,recovery completed but registry returned UNKNOWN: no_sound_exact_r_boxes,UNKNOWN,3426,10231,14.1664,3.32418,RUN_LKK,1272,3748,0,RUN_LKK,8.54677,COMPLETE,3.02661,UNKNOWN,no_sound_exact_r_boxes,0,0,0,UNKNOWN,32.8642,67.687513,False,8
lec_mult_DvK_11x10.sanitized.cnf,SATComp2024,main2024,competition_main,/work/benchmarks/phase5/sc2024/lec_mult_DvK_11x10.sanitized.cnf,28782f1e904753db5b60c5faaa9796e7f45c524968f4fd4e8399f293373a3635,evaluation,unknown_fallback_dominated,recovery completed but registry returned UNKNOWN: no_sound_exact_r_boxes,UNKNOWN,4538,13573,20.11,6.69792,RUN_LKK,1980,5918,0,RUN_LKK,10.0407,COMPLETE,9.54312,UNKNOWN,no_sound_exact_r_boxes,0,0,0,UNKNOWN,54.4033,117.525125,False,8
lec_mult_DvK_12x12.sanitized.cnf,SATComp2024,main2024,competition_main,/work/benchmarks/phase5/sc2024/lec_mult_DvK_12x12.sanitized.cnf,4dfb0df5b9d12eac1dfad5f674f4bb97cc8790ca4f24582ce0a572c1813c84e0,calibration,unknown_fallback_dominated,recovery completed but registry returned UNKNOWN: no_sound_exact_r_boxes,UNKNOWN,5189,15520,25.409,6.72767,RUN_LKK,2233,6728,0,RUN_LKK,17.8909,COMPLETE,14.7489,UNKNOWN,no_sound_exact_r_boxes,0,0,0,UNKNOWN,72.8226,117.34196,False,8
lec_mult_DvW_11x10.sanitized.cnf,SATComp2024,main2024,competition_main,/work/benchmarks/phase5/sc2024/lec_mult_DvW_11x10.sanitized.cnf,a7434ba2191d98ce8e90d028db8063142cfdbd44a66e1adca0fc4eeac83f0188,evaluation,unknown_fallback_dominated,recovery completed but registry returned UNKNOWN: no_sound_exact_r_boxes,UNKNOWN,2357,7030,10.6219,2.41166,RUN_LKK,926,2785,0,RUN_LKK,7.38992,COMPLETE,4.05824,UNKNOWN,no_sound_exact_r_boxes,0,0,0,UNKNOWN,27.3352,67.130841,False,8
lec_mult_DvW_12x11.sanitized.cnf,SATComp2024,main2024,competition_main,/work/benchmarks/phase5/sc2024/lec_mult_DvW_12x11.sanitized.cnf,8566e068b331406d5b3d3c1409babffaf21a1c33f66fd708a34bdfbb292df1d2,evaluation,unknown_fallback_dominated,recovery completed but registry returned UNKNOWN: no_sound_exact_r_boxes,UNKNOWN,2861,8538,18.3858,6.15711,RUN_LKK,1129,3398,0,RUN_LKK,7.79939,COMPLETE,5.01267,UNKNOWN,no_sound_exact_r_boxes,0,0,0,UNKNOWN,40.9978,67.281356,False,8
lec_mult_DvW_12x12.sanitized.cnf,SATComp2024,main2024,competition_main,/work/benchmarks/phase5/sc2024/lec_mult_DvW_12x12.sanitized.cnf,a0e041da2c4fb22d1da2549ca71192f18f6b4eb3220664089b8147defc28d6c9,evaluation,unknown_fallback_dominated,recovery completed but registry returned UNKNOWN: no_sound_exact_r_boxes,UNKNOWN,3153,9412,20.1684,4.8749,RUN_LKK,1254,3753,0,RUN_LKK,8.80059,COMPLETE,5.21395,UNKNOWN,no_sound_exact_r_boxes,0,0,0,UNKNOWN,42.8233,68.168012,False,8
lec_mult_KvW_10x10.sanitized.cnf,SATComp2024,main2024,competition_main,/work/benchmarks/phase5/sc2024/lec_mult_KvW_10x10.sanitized.cnf,ead2a1c2fb44d173d3a24bab1212f07adf571f4fc7563392d434e0f58386939b,evaluation,unknown_fallback_dominated,recovery completed but registry returned UNKNOWN: no_sound_exact_r_boxes,UNKNOWN,3790,11331,23.4961,6.43258,RUN_LKK,1661,4882,0,RUN_LKK,7.65439,COMPLETE,6.43499,UNKNOWN,no_sound_exact_r_boxes,0,0,0,UNKNOWN,48.4072,67.919847,False,8
lec_mult_KvW_11x10.sanitized.cnf,SATComp2024,main2024,competition_main,/work/benchmarks/phase5/sc2024/lec_mult_KvW_11x10.sanitized.cnf,32e97e28a698c7de79b2343e6f4fe6cecba97832564391a714377959a45d41ed,evaluation,unknown_fallback_dominated,recovery completed but registry returned UNKNOWN: no_sound_exact_r_boxes,UNKNOWN,4595,13744,24.5053,8.36597,RUN_LKK,2035,5980,0,RUN_LKK,9.92195,COMPLETE,7.81996,UNKNOWN,no_sound_exact_r_boxes,0,0,0,UNKNOWN,55.5675,117.948869,False,8
lec_mult_KvW_12x11.sanitized.cnf,SATComp2024,main2024,competition_main,/work/benchmarks/phase5/sc2024/lec_mult_KvW_12x11.sanitized.cnf,d5b1b36f3b8222714ac8e8e0997d56c35335a9dc7b8966f762cd98283fabd707,evaluation,unknown_fallback_dominated,recovery completed but registry returned UNKNOWN: no_sound_exact_r_boxes,UNKNOWN,5068,15159,23.2971,6.29202,RUN_LKK,2227,6567,0,RUN_LKK,10.391,COMPLETE,9.03494,UNKNOWN,no_sound_exact_r_boxes,0,0,0,UNKNOWN,54.3636,117.552133,False,8
manol-pipe-g10bid_i.cnf,SATComp2024,main2024,competition_main,/work/benchmarks/phase5/sc2024/manol-pipe-g10bid_i.cnf,bdc665211deac07cda04407a73128d5829bbab8448cb39f609ca1bcf45ef4123,evaluation,no_useful_detected_structure,benefit gate declined: input_clause_limit;estimated_resolution_pair_limit,UNKNOWN,266405,792175,1264.72,1538.7,RUN_LKK,33559,116954,0,SKIP_TO_CDCL,0,COMPLETE,0,UNKNOWN,,0,0,0,UNKNOWN,3336.95,3379.62845,False,8
marg5x5.shuffled-as.sat03-1455.cnf,SATComp2024,main2024,competition_main,/work/benchmarks/phase5/sc2024/marg5x5.shuffled-as.sat03-1455.cnf,c6e93b07d65c7e344164cee4b55785f415e904aff804d62aec359495145fa41c,evaluation,unknown_fallback_dominated,recovery completed but registry returned UNKNOWN: no_sound_exact_r_boxes,UNKNOWN,105,512,2.79339,0.324735,RUN_LKK,25,25,0,RUN_LKK,0.333975,COMPLETE,0.052645,UNKNOWN,no_sound_exact_r_boxes,0,0,0,UNKNOWN,4.53394,19.035047,False,8
mchess_15.cnf,SATComp2024,main2024,competition_main,/work/benchmarks/phase5/sc2024/mchess_15.cnf,ad363515b966933631b60a87dc93ec0a926f645ef7a8c00dca188f70bcf17d8f,evaluation,structural_not_closed_by_flow,registry closed but max-flow found the model feasible,UNKNOWN,420,1391,4.59989,0.433208,RUN_LKK,223,1164,0,RUN_LKK,0.789819,COMPLETE,5.13353,COMPLETE,sound_exact_r_and_capacity_families,111,112,0.251956,FEASIBLE,12.493,35.156581,False,8
mchess_16.cnf,SATComp2024,main2024,competition_main,/work/benchmarks/phase5/sc2024/mchess_16.cnf,3c82a9302fec0366a10231fc82a920d24c995654696798a7fbc303c3551e226b,evaluation,structural_not_closed_by_flow,registry closed but max-flow found the model feasible,UNKNOWN,480,1596,4.59199,0.541248,RUN_LKK,254,1338,0,RUN_LKK,1.41563,COMPLETE,7.28537,COMPLETE,sound_exact_r_and_capacity_families,126,128,0.2733,FEASIBLE,15.53,34.985375,False,8
mchess_17.cnf,SATComp2024,main2024,competition_main,/work/benchmarks/phase5/sc2024/mchess_17.cnf,e685f84ec835685a26fef1f97dc728f1b5d4d0e99a9f54cedebc15eec8732158,calibration,structural_not_closed_by_flow,registry closed but max-flow found the model feasible,UNKNOWN,544,1815,4.43325,0.537574,RUN_LKK,287,1524,0,RUN_LKK,1.01494,COMPLETE,8.19716,COMPLETE,sound_exact_r_and_capacity_families,143,144,0.346811,FEASIBLE,15.8918,35.298178,False,8
md5_48_1.cnf,SATComp2024,main2024,competition_main,/work/benchmarks/phase5/sc2024/md5_48_1.cnf,c3e2ac82ab613b6c6d5d605820046f600d4c8cc35b123e1885e37c2a2f89b0a7,evaluation,no_useful_detected_structure,benefit gate declined: input_clause_limit;estimated_resolution_pair_limit,UNKNOWN,66892,279248,479.573,382.417,RUN_LKK,1861,7623,64,SKIP_TO_CDCL,0,COMPLETE,0,UNKNOWN,,0,0,0,UNKNOWN,1062.3,1123.262202,False,8
mdp-28-10-unsat.cnf,SATComp2024,main2024,competition_main,/work/benchmarks/phase5/sc2024/mdp-28-10-unsat.cnf,732145a705686c5e303fd54b8fbd4370c5f7abc083e2c4320ac375ef4c7d1b0f,evaluation,unknown_fallback_dominated,recovery completed but registry returned UNKNOWN: no_sound_exact_r_boxes,UNKNOWN,761,4322,8.47658,2.21786,RUN_LKK,30,84,0,RUN_LKK,3.26645,COMPLETE,0.178382,UNKNOWN,no_sound_exact_r_boxes,0,0,0,UNKNOWN,15.5281,34.818856,False,8
mdp-28-11-sat.cnf,SATComp2024,main2024,competition_main,/work/benchmarks/phase5/sc2024/mdp-28-11-sat.cnf,b508cb1101569392349305dcc8c8bb82d3503e552c367f3a3d41ae6165959186,calibration,unknown_fallback_dominated,recovery completed but registry returned UNKNOWN: no_sound_exact_r_boxes,UNKNOWN,799,4438,9.5541,1.83475,RUN_LKK,36,71,0,RUN_LKK,3.31874,COMPLETE,0.186632,UNKNOWN,no_sound_exact_r_boxes,0,0,0,UNKNOWN,16.4826,35.523687,False,8
mdp-28-14-sat.cnf,SATComp2024,main2024,competition_main,/work/benchmarks/phase5/sc2024/mdp-28-14-sat.cnf,36033ba18998469176f2e656c2cb595d9dba4ad9affd81acec7416625c8948dd,evaluation,unknown_fallback_dominated,recovery completed but registry returned UNKNOWN: no_sound_exact_r_boxes,UNKNOWN,792,4386,8.76549,2.11817,RUN_LKK,37,81,0,RUN_LKK,2.84793,COMPLETE,0.228501,UNKNOWN,no_sound_exact_r_boxes,0,0,0,UNKNOWN,15.6819,35.496389,False,8
mdp-28-14-unsat.cnf,SATComp2024,main2024,competition_main,/work/benchmarks/phase5/sc2024/mdp-28-14-unsat.cnf,59b6bbcec2d0513be1534788a2f8bbf5b9281b8efb80eb2377b55363d0d8aaad,evaluation,unknown_fallback_dominated,recovery completed but registry returned UNKNOWN: no_sound_exact_r_boxes,UNKNOWN,750,4218,10.7413,1.92756,RUN_LKK,36,82,0,RUN_LKK,3.51791,COMPLETE,0.332605,UNKNOWN,no_sound_exact_r_boxes,0,0,0,UNKNOWN,17.9005,35.728539,False,8
mdp-28-16-unsat.cnf,SATComp2024,main2024,competition_main,/work/benchmarks/phase5/sc2024/mdp-28-16-unsat.cnf,59fc581976c699598b4db63ee68bce49e614ba4869ffc52b0e944c1e735d7daa,evaluation,unknown_fallback_dominated,recovery completed but registry returned UNKNOWN: no_sound_exact_r_boxes,UNKNOWN,750,4218,8.65336,1.86322,RUN_LKK,32,76,0,RUN_LKK,3.54494,COMPLETE,0.181343,UNKNOWN,no_sound_exact_r_boxes,0,0,0,UNKNOWN,15.4162,35.231444,False,8
mdp-32-10-sat.cnf,SATComp2024,main2024,competition_main,/work/benchmarks/phase5/sc2024/mdp-32-10-sat.cnf,8b4ae75c6ce6122a700c656b23e06f514a493ae086a96d0a7d379b17c5f7440a,evaluation,unknown_fallback_dominated,recovery completed but registry returned UNKNOWN: no_sound_exact_r_boxes,UNKNOWN,1042,5874,10.5274,3.0619,RUN_LKK,46,90,0,RUN_LKK,4.19307,COMPLETE,0.229112,UNKNOWN,no_sound_exact_r_boxes,0,0,0,UNKNOWN,19.8249,35.342898,False,8
mdp-32-10-unsat.cnf,SATComp2024,main2024,competition_main,/work/benchmarks/phase5/sc2024/mdp-32-10-unsat.cnf,f6c41ce960d27309de64dc235fa8afee7a4bf308227d25312206fa7f9aa48ce1,evaluation,unknown_fallback_dominated,recovery completed but registry returned UNKNOWN: no_sound_exact_r_boxes,UNKNOWN,994,5682,10.6386,2.22096,RUN_LKK,45,91,0,RUN_LKK,4.01462,COMPLETE,0.284363,UNKNOWN,no_sound_exact_r_boxes,0,0,0,UNKNOWN,18.8882,34.971538,False,8
mdp-32-11-sat.cnf,SATComp2024,main2024,competition_main,/work/benchmarks/phase5/sc2024/mdp-32-11-sat.cnf,e20d242c194f2e62a0a0028ddfaaaed2cb1aaf0fa90932efcf80282c8b386079,evaluation,unknown_fallback_dominated,recovery completed but registry returned UNKNOWN: no_sound_exact_r_boxes,UNKNOWN,1038,5842,11.0366,2.80345,RUN_LKK,44,88,0,RUN_LKK,3.78983,COMPLETE,0.225186,UNKNOWN,no_sound_exact_r_boxes,0,0,0,UNKNOWN,19.5237,35.757287,False,8
mdp-32-11-unsat.cnf,SATComp2024,main2024,competition_main,/work/benchmarks/phase5/sc2024/mdp-32-11-unsat.cnf,3f68f9cda67965eda897b956cddeb783db12f2599c9c8530bd23136f13a5e06c,evaluation,unknown_fallback_dominated,recovery completed but registry returned UNKNOWN: no_sound_exact_r_boxes,UNKNOWN,990,5650,11.7105,3.71525,RUN_LKK,43,89,0,RUN_LKK,3.67382,COMPLETE,0.253311,UNKNOWN,no_sound_exact_r_boxes,0,0,0,UNKNOWN,21.1097,34.962976,False,8
mdp-32-12-unsat.cnf,SATComp2024,main2024,competition_main,/work/benchmarks/phase5/sc2024/mdp-32-12-unsat.cnf,dcd25a9b86c28bbc788f2f2aff7393cd4f0c91b7104dfeb30ce604bef9c3d906,evaluation,unknown_fallback_dominated,recovery completed but registry returned UNKNOWN: no_sound_exact_r_boxes,UNKNOWN,985,5614,12.5547,3.65851,RUN_LKK,36,91,0,RUN_LKK,3.74995,COMPLETE,0.213364,UNKNOWN,no_sound_exact_r_boxes,0,0,0,UNKNOWN,21.6435,35.14137,False,8
mdp-32-14-sat.cnf,SATComp2024,main2024,competition_main,/work/benchmarks/phase5/sc2024/mdp-32-14-sat.cnf,c4dc940a8ed4fed8d536c8d35fffca0a76eaf4cd8a478d08763d6d3107cf4bf2,calibration,unknown_fallback_dominated,recovery completed but registry returned UNKNOWN: no_sound_exact_r_boxes,UNKNOWN,1027,5750,8.66482,2.14154,RUN_LKK,31,90,0,RUN_LKK,4.33592,COMPLETE,0.28763,UNKNOWN,no_sound_exact_r_boxes,0,0,0,UNKNOWN,16.7823,34.477708,False,8
mdp-32-14-unsat.cnf,SATComp2024,main2024,competition_main,/work/benchmarks/phase5/sc2024/mdp-32-14-unsat.cnf,3ae9d1ca45c27984493a530f594a29ba39c21edca28bf05b9a3851ac7b732c92,evaluation,unknown_fallback_dominated,recovery completed but registry returned UNKNOWN: no_sound_exact_r_boxes,UNKNOWN,979,5557,9.01982,2.46696,RUN_LKK,30,91,0,RUN_LKK,3.62996,COMPLETE,0.215858,UNKNOWN,no_sound_exact_r_boxes,0,0,0,UNKNOWN,16.782,34.985428,False,8
mdp-32-16-sat.cnf,SATComp2024,main2024,competition_main,/work/benchmarks/phase5/sc2024/mdp-32-16-sat.cnf,29d80bd287dfedfe5aef72da28feb59b4a722002125be3e7453515a849339a2f,calibration,unknown_fallback_dominated,recovery completed but registry returned UNKNOWN: no_sound_exact_r_boxes,UNKNOWN,1021,5726,7.81939,2.60809,RUN_LKK,47,98,0,RUN_LKK,3.12438,COMPLETE,0.203271,UNKNOWN,no_sound_exact_r_boxes,0,0,0,UNKNOWN,15.0424,34.215527,False,8
mdp-36-10-sat.cnf,SATComp2024,main2024,competition_main,/work/benchmarks/phase5/sc2024/mdp-36-10-sat.cnf,a87470928ba35bddb08d833c5802f6576568795c119ae5aa058aa6e1d0383e22,calibration,unknown_fallback_dominated,recovery completed but registry returned UNKNOWN: no_sound_exact_r_boxes,UNKNOWN,1304,7406,9.29142,4.04389,RUN_LKK,45,102,0,RUN_LKK,3.9697,COMPLETE,0.222472,UNKNOWN,no_sound_exact_r_boxes,0,0,0,UNKNOWN,18.9782,34.62211,False,8
mdp-36-10-unsat.cnf,SATComp2024,main2024,competition_main,/work/benchmarks/phase5/sc2024/mdp-36-10-unsat.cnf,6e054967f4c71d900b2bba2508fea2054ac13de78fa0b0b6a94753f66e9e95fc,evaluation,unknown_fallback_dominated,recovery completed but registry returned UNKNOWN: no_sound_exact_r_boxes,UNKNOWN,1250,7190,10.0733,2.7755,RUN_LKK,44,104,0,RUN_LKK,5.16023,COMPLETE,0.303012,UNKNOWN,no_sound_exact_r_boxes,0,0,0,UNKNOWN,19.7883,34.532342,False,8
mdp-36-12-unsat.cnf,SATComp2024,main2024,competition_main,/work/benchmarks/phase5/sc2024/mdp-36-12-unsat.cnf,adcaaafceb3900ec170b58774f50a9101a76942b9fdc29db7168b75a0cc47f93,evaluation,unknown_fallback_dominated,recovery completed but registry returned UNKNOWN: no_sound_exact_r_boxes,UNKNOWN,1246,7174,16.7113,4.10397,RUN_LKK,49,108,0,RUN_LKK,4.91344,COMPLETE,0.575239,UNKNOWN,no_sound_exact_r_boxes,0,0,0,UNKNOWN,28.3451,67.677278,False,8
mdp-36-14-sat.cnf,SATComp2024,main2024,competition_main,/work/benchmarks/phase5/sc2024/mdp-36-14-sat.cnf,bea05a068fac0c80b91bb09152f6dcdc3f750d359e76e7058ef54a6622e98542,evaluation,unknown_fallback_dominated,recovery completed but registry returned UNKNOWN: no_sound_exact_r_boxes,UNKNOWN,1294,7346,23.0767,13.6239,RUN_LKK,46,108,0,RUN_LKK,14.7731,COMPLETE,0.528147,UNKNOWN,no_sound_exact_r_boxes,0,0,0,UNKNOWN,54.5761,119.270496,False,8
mp1-Nb5T15.cnf,SATComp2024,main2024,competition_main,/work/benchmarks/phase5/sc2024/mp1-Nb5T15.cnf,9bf4304bcaba2f720f46c1b27354ef77053e5d140422dd248bad9b1be34b6f8b,calibration,unknown_fallback_dominated,recovery completed but registry returned UNKNOWN: no_sound_exact_r_boxes,UNKNOWN,6360,25200,86.7893,28.4622,RUN_LKK,25,2900,0,RUN_LKK,19.3542,COMPLETE,2.18262,UNKNOWN,no_sound_exact_r_boxes,0,0,0,UNKNOWN,144.622,168.477923,False,8
mp1-Nb7T42.cnf,SATComp2024,main2024,competition_main,/work/benchmarks/phase5/sc2024/mp1-Nb7T42.cnf,7097725c5326fbddc5be940fa322338d6bd14e30a382f53842f39c58a9664326,calibration,no_useful_detected_structure,benefit gate declined: input_clause_limit;estimated_resolution_pair_limit,UNKNOWN,52731,208936,388.209,328.582,RUN_LKK,49,25431,0,SKIP_TO_CDCL,0,COMPLETE,0,UNKNOWN,,0,0,0,UNKNOWN,854.913,921.485485,False,8
mp1-blockpuzzle_5x10_s7_free4.cnf,SATComp2024,main2024,competition_main,/work/benchmarks/phase5/sc2024/mp1-blockpuzzle_5x10_s7_free4.cnf,3b2b3c429773ce2cb2bcb415d87efc150fef6a37b6044dad9beb4e07756b8334,evaluation,no_useful_detected_structure,benefit gate declined: input_clause_limit,UNKNOWN,2700,279150,392.11,129.178,RUN_LKK,50,275400,0,SKIP_TO_CDCL,0,COMPLETE,0,UNKNOWN,,0,0,0,UNKNOWN,570.931,620.125725,False,8
mp1-klieber2017s-0500-023-t12.cnf,SATComp2024,main2024,competition_main,/work/benchmarks/phase5/sc2024/mp1-klieber2017s-0500-023-t12.cnf,9393c755ea428b704e28893fb6431573fbb0097e4a3473cd3383b746038b3efe,calibration,no_useful_detected_structure,benefit gate declined: input_clause_limit;estimated_resolution_pair_limit,UNKNOWN,30587,91703,161.584,108.646,RUN_LKK,8325,8769,0,SKIP_TO_CDCL,0,COMPLETE,0,UNKNOWN,,0,0,0,UNKNOWN,303.313,369.537694,False,8
mp1-ps_5000_21250_3_0_0.8_0_1.50_6.cnf,SATComp2024,main2024,competition_main,/work/benchmarks/phase5/sc2024/mp1-ps_5000_21250_3_0_0.8_0_1.50_6.cnf,663541ef98464f9cc9a65e86a012c7246870682523b2c3bfca31ac9cf57c1c41,evaluation,unknown_fallback_dominated,recovery completed but registry returned UNKNOWN: no_sound_exact_r_boxes,UNKNOWN,5000,21250,40.3592,12.6486,RUN_LKK,2734,2738,0,RUN_LKK,24.358,COMPLETE,4.4974,UNKNOWN,no_sound_exact_r_boxes,0,0,0,UNKNOWN,89.3037,118.171806,False,8
mrpp_4x4#12_12.cnf,SATComp2024,main2024,competition_main,/work/benchmarks/phase5/sc2024/mrpp_4x4#12_12.cnf,506d2496b260896d510a9fbbb4cd2f332478a49cd7efb9548db6b7830b10c2f8,calibration,unknown_fallback_dominated,recovery completed but registry returned UNKNOWN: no_sound_exact_r_boxes,UNKNOWN,2672,16408,29.4853,7.09924,RUN_LKK,176,6792,1662,RUN_LKK,17.7317,COMPLETE,3.1073,UNKNOWN,no_sound_exact_r_boxes,0,0,0,UNKNOWN,64.0556,118.136693,False,8
mulhs016-sc2009.cnf,SATComp2024,main2024,competition_main,/work/benchmarks/phase5/sc2024/mulhs016-sc2009.cnf,af4e4f2be769547122db7ccff4c15cc33a09093f4f8f34d57fd6a4a1d476f2f1,calibration,unknown_fallback_dominated,recovery completed but registry returned UNKNOWN: no_sound_exact_r_boxes,UNKNOWN,4656,13871,28.9764,9.65361,RUN_LKK,2484,6033,0,RUN_LKK,12.9606,COMPLETE,11.6517,UNKNOWN,no_sound_exact_r_boxes,0,0,0,UNKNOWN,70.5408,117.617936,False,8
noL-11-0.sanitized.cnf,SATComp2024,main2024,competition_main,/work/benchmarks/phase5/sc2024/noL-11-0.sanitized.cnf,899bc10a4a763ab6f521eed9210802924c93d56ac5df59efff6350c5fb61459a,evaluation,unknown_fallback_dominated,recovery completed but registry returned UNKNOWN: no_sound_exact_r_boxes,UNKNOWN,1419,7821,16.4363,1.86225,RUN_LKK,363,7458,0,RUN_LKK,58.8779,COMPLETE,6.87594,UNKNOWN,no_sound_exact_r_boxes,0,0,0,UNKNOWN,90.6384,118.087531,False,8
noL-11-10.sanitized.cnf,SATComp2024,main2024,competition_main,/work/benchmarks/phase5/sc2024/noL-11-10.sanitized.cnf,61fc24ce538074e3e1d3a02f8e5286708b0e769d43e866b5d7f0eff7b2787665,evaluation,unknown_fallback_dominated,recovery completed but registry returned UNKNOWN: no_sound_exact_r_boxes,UNKNOWN,1419,7831,17.3322,2.3157,RUN_LKK,363,7458,0,RUN_LKK,79.6847,COMPLETE,6.53756,UNKNOWN,no_sound_exact_r_boxes,0,0,0,UNKNOWN,112.844,167.790903,False,8
noL-11-12.sanitized.cnf,SATComp2024,main2024,competition_main,/work/benchmarks/phase5/sc2024/noL-11-12.sanitized.cnf,8c8e0e8aec6cf1d53dc2ba87d8a05c739a84bc545b90fdece4e16f89636c280b,evaluation,unknown_fallback_dominated,recovery completed but registry returned UNKNOWN: no_sound_exact_r_boxes,UNKNOWN,1419,7833,17.249,2.16747,RUN_LKK,363,7458,0,RUN_LKK,64.2094,COMPLETE,8.37446,UNKNOWN,no_sound_exact_r_boxes,0,0,0,UNKNOWN,100.197,118.077003,False,8
noL-11-14.sanitized.cnf,SATComp2024,main2024,competition_main,/work/benchmarks/phase5/sc2024/noL-11-14.sanitized.cnf,04fa242c31eb4b487c776adb647f03cc2486afbc7a4bbdc902b227ba96dc8b68,evaluation,unknown_fallback_dominated,recovery completed but registry returned UNKNOWN: no_sound_exact_r_boxes,UNKNOWN,1419,7835,15.8914,1.70507,RUN_LKK,363,7458,0,RUN_LKK,67.9823,COMPLETE,6.54978,UNKNOWN,no_sound_exact_r_boxes,0,0,0,UNKNOWN,99.2014,118.361314,False,8
noL-11-16.sanitized.cnf,SATComp2024,main2024,competition_main,/work/benchmarks/phase5/sc2024/noL-11-16.sanitized.cnf,ac6db654d4234532285b256732cbe65c140714b23c4827b7c62daf0cd39119d9,calibration,unknown_fallback_dominated,recovery completed but registry returned UNKNOWN: no_sound_exact_r_boxes,UNKNOWN,1419,7837,14.0379,1.78164,RUN_LKK,363,7458,0,RUN_LKK,62.3872,COMPLETE,6.80326,UNKNOWN,no_sound_exact_r_boxes,0,0,0,UNKNOWN,91.3498,118.217627,False,8
noL-11-18.sanitized.cnf,SATComp2024,main2024,competition_main,/work/benchmarks/phase5/sc2024/noL-11-18.sanitized.cnf,1e7f4596ef879cbb66419a0fd3e944477bef34048427b2f7d421f1d6d3a1f917,evaluation,unknown_fallback_dominated,recovery completed but registry returned UNKNOWN: no_sound_exact_r_boxes,UNKNOWN,1419,7839,19.7717,2.14864,RUN_LKK,363,7458,0,RUN_LKK,5.2981,COMPLETE,9.81933,UNKNOWN,no_sound_exact_r_boxes,0,0,0,UNKNOWN,46.0415,68.243148,False,8
noL-11-2.sanitized.cnf,SATComp2024,main2024,competition_main,/work/benchmarks/phase5/sc2024/noL-11-2.sanitized.cnf,be5b6d7ad2bfbeded78b464550d21062d8636c82a1de03859f308d46ad846fe6,evaluation,unknown_fallback_dominated,recovery completed but registry returned UNKNOWN: no_sound_exact_r_boxes,UNKNOWN,1419,7823,19.5281,2.15871,RUN_LKK,363,7458,0,RUN_LKK,86.3296,COMPLETE,9.4787,UNKNOWN,no_sound_exact_r_boxes,0,0,0,UNKNOWN,124.642,168.552117,False,8
noL-11-20.sanitized.cnf,SATComp2024,main2024,competition_main,/work/benchmarks/phase5/sc2024/noL-11-20.sanitized.cnf,6582502357d5960da9e8059fc1211e82d821944cae07d22ebef91509af7909ba,calibration,unknown_fallback_dominated,recovery completed but registry returned UNKNOWN: no_sound_exact_r_boxes,UNKNOWN,1419,7841,21.1506,1.63726,RUN_LKK,363,7458,0,RUN_LKK,72.9274,COMPLETE,25.1193,UNKNOWN,no_sound_exact_r_boxes,0,0,0,UNKNOWN,133.037,168.622175,False,8
noL-11-4.sanitized.cnf,SATComp2024,main2024,competition_main,/work/benchmarks/phase5/sc2024/noL-11-4.sanitized.cnf,53b9c9f887bb63d46dab89c0a6740844bb70fc5ab5c0cd013f46062f75871ee7,calibration,unknown_fallback_dominated,recovery completed but registry returned UNKNOWN: no_sound_exact_r_boxes,UNKNOWN,1419,7825,26.0608,2.88461,RUN_LKK,363,7458,0,RUN_LKK,74.2535,COMPLETE,7.14043,UNKNOWN,no_sound_exact_r_boxes,0,0,0,UNKNOWN,117.713,169.010108,False,8
noL-11-6.sanitized.cnf,SATComp2024,main2024,competition_main,/work/benchmarks/phase5/sc2024/noL-11-6.sanitized.cnf,0562157958c4f5d5d3bd6199d0d613cfa1c7059f697f05ab424a192cb1169cbd,evaluation,unknown_fallback_dominated,recovery completed but registry returned UNKNOWN: no_sound_exact_r_boxes,UNKNOWN,1419,7827,17.7044,1.41864,RUN_LKK,363,7458,0,RUN_LKK,74.2778,COMPLETE,10.2282,UNKNOWN,no_sound_exact_r_boxes,0,0,0,UNKNOWN,109.972,167.824408,False,8
noL-11-8.sanitized.cnf,SATComp2024,main2024,competition_main,/work/benchmarks/phase5/sc2024/noL-11-8.sanitized.cnf,e356fe4a897c859a3f2e40acefcdfa568d914b5a6fe6ff2d9968dcef8318a4c1,evaluation,unknown_fallback_dominated,recovery completed but registry returned UNKNOWN: no_sound_exact_r_boxes,UNKNOWN,1419,7829,17.487,2.06953,RUN_LKK,363,7458,0,RUN_LKK,68.711,COMPLETE,7.21099,UNKNOWN,no_sound_exact_r_boxes,0,0,0,UNKNOWN,102.075,117.913304,False,8
openstacks-sequencedstrips-nonadl-nonnegated-os-sequencedstrips-p30_3.025-NOTKNOWN.cnf,SATComp2024,main2024,competition_main,/work/benchmarks/phase5/sc2024/openstacks-sequencedstrips-nonadl-nonnegated-os-sequencedstrips-p30_3.025-NOTKNOWN.cnf,533763170fc9f774c971f3bb45e3995c85f1a72d40c3ad439b3cc19cc087fc6e,evaluation,no_useful_detected_structure,benefit gate declined: input_clause_limit;estimated_resolution_pair_limit,UNKNOWN,95456,483561,675.735,821.941,RUN_LKK,750,155025,0,SKIP_TO_CDCL,0,COMPLETE,0,UNKNOWN,,0,0,0,UNKNOWN,1715.78,1774.357253,False,8
or_randxor_k3_n510_m510.sanitized.cnf,SATComp2024,main2024,competition_main,/work/benchmarks/phase5/sc2024/or_randxor_k3_n510_m510.sanitized.cnf,33873d4df74c058381c9518cb79ce39279b2156d99be781f4de6e750ab813531,evaluation,unknown_fallback_dominated,recovery completed but registry returned UNKNOWN: no_sound_exact_r_boxes,UNKNOWN,1020,6888,12.5623,4.0112,RUN_LKK,252,2064,0,RUN_LKK,5.17884,COMPLETE,1.50866,UNKNOWN,no_sound_exact_r_boxes,0,0,0,UNKNOWN,25.3172,67.257236,False,8
pb_300_05_lb_17.cnf,SATComp2024,main2024,competition_main,/work/benchmarks/phase5/sc2024/pb_300_05_lb_17.cnf,f4821201992abd99cc16429a61826af62525b98bbd559238e47218f2f3160f2f,calibration,no_useful_detected_structure,benefit gate declined: input_clause_limit;estimated_resolution_pair_limit,UNKNOWN,145862,654003,932.19,1021.89,RUN_LKK,317,26909,0,SKIP_TO_CDCL,0,COMPLETE,0,UNKNOWN,,0,0,0,UNKNOWN,2291.82,2326.715032,False,8
pb_300_09_lb_07.cnf,SATComp2024,main2024,competition_main,/work/benchmarks/phase5/sc2024/pb_300_09_lb_07.cnf,59da09d4996e551f5cce9498de15d5817d997f39ae866d965fa1fea3d252c9ad,evaluation,no_useful_detected_structure,benefit gate declined: input_clause_limit;estimated_resolution_pair_limit,UNKNOWN,145943,654778,914.016,1011.21,RUN_LKK,307,29129,0,SKIP_TO_CDCL,0,COMPLETE,0,UNKNOWN,,0,0,0,UNKNOWN,2273.37,2325.895057,False,8
pcmax-scheduling-m11-1517-6802-UNSAT.sanitized.cnf,SATComp2024,main2024,competition_main,/work/benchmarks/phase5/sc2024/pcmax-scheduling-m11-1517-6802-UNSAT.sanitized.cnf,c55ab8fe2c9e10f0579f806802bc32d04913f12cd6ce28e6662b8d59d114c174,evaluation,resource_allocation_like,21 exact-r boxes over 40 capacity groups,UNKNOWN,1516,6802,9.38269,1.82834,RUN_LKK,21,4229,0,RUN_LKK,2.79088,COMPLETE,3.50307,UNKNOWN,"incomplete_or_ambiguous_resource_mapping:[17, 18, 19, 20, 21, 25, 26, 27, 28, 29, 30, 31, 32, 33, 34, 35, 36, 37, 38, 39, 40, 41, 42, 43, 44, 45, 46, 47, 48, 49, 50, 51, 52, 53, 54, 55, 56, 57, 58, 79, 80, 81, 82, 83, 84, 85, 86, 87, 88, 89, 90, 91, 92, 93, 94, 95, 96, 97, 98, 99, 100, 101, 102, 123, 124, 145, 146, 147, 148, 149, 150, 151, 152, 153, 154, 155, 156, 157, 178, 179, 180, 181, 182, 183, 184, 185, 186, 187, 188, 189, 190, 191, 192, 193, 194, 195, 196, 197, 198, 199, 200, 201, 202, 203, 204, 205, 206, 207, 208, 209, 210, 211, 212, 213, 214, 215, 216, 217, 218, 219, 220, 221, 222, 223, 224, 225, 226, 227, 228, 229, 230, 231, 232, 233, 234, 235, 236, 237, 238, 239, 240, 241, 242, 243, 244]",21,40,0,UNKNOWN,20.4214,34.314699,False,8
pcmax-scheduling-m12-8049-55035-SAT.sanitized.cnf,SATComp2024,main2024,competition_main,/work/benchmarks/phase5/sc2024/pcmax-scheduling-m12-8049-55035-SAT.sanitized.cnf,7e8d285df68bba81a439cf2ddc9670e1cde3254c0f1a13b7ef90f2dc535ecfca,calibration,no_useful_detected_structure,benefit gate declined: input_clause_limit,UNKNOWN,8048,55035,56.7478,19.8983,RUN_LKK,35,39647,0,SKIP_TO_CDCL,0,COMPLETE,0,UNKNOWN,,0,0,0,UNKNOWN,85.8723,117.153057,False,8
pcmax-scheduling-m13-1655-9604-UNSAT.sanitized.cnf,SATComp2024,main2024,competition_main,/work/benchmarks/phase5/sc2024/pcmax-scheduling-m13-1655-9604-UNSAT.sanitized.cnf,a13f835135bbc3b9f719b513abab7c313e61a72df30049373725193232ebbbfd,evaluation,resource_allocation_like,25 exact-r boxes over 56 capacity groups,UNKNOWN,1654,9604,12.3405,2.60217,RUN_LKK,25,6857,0,RUN_LKK,5.51165,COMPLETE,8.29009,UNKNOWN,"incomplete_or_ambiguous_resource_mapping:[9, 10, 11, 12, 13, 14, 15, 16, 17, 18, 19, 20, 21, 22, 23, 25, 26, 27, 28, 29, 30, 31, 32, 33, 34, 35, 36, 37, 38, 39, 40, 41, 42, 43, 44, 45, 46, 47, 48, 49, 50, 51, 52, 53, 54, 55, 56, 57, 58, 59, 60, 61, 62, 63, 64, 65, 88, 89, 112, 113, 136, 137, 160, 161, 162, 163, 164, 165, 166, 167, 168, 169, 170, 171, 172, 173, 174, 175, 176, 177, 178, 179, 180, 181, 182, 183, 184, 185, 186, 188, 213, 214, 215, 216, 217, 218, 219, 220, 221, 222, 223, 224, 225, 226, 227, 228, 229, 230, 231, 232, 233, 234, 235, 236, 237, 238, 239, 241, 242, 243, 244, 245, 246, 247, 248, 249, 250, 251, 252, 253, 254, 255, 256, 257, 258, 259, 260, 261, 262, 263, 264, 265, 266, 267, 268, 269, 270, 271, 272, 273, 274, 275, 276, 277, 278, 279, 280, 281, 282, 283, 284, 285, 286, 287, 288, 289, 290, 291, 292]",25,56,0,UNKNOWN,34.8697,66.948479,False,8
pcmax-scheduling-m13-2011-12813-UNSAT.sanitized.cnf,SATComp2024,main2024,competition_main,/work/benchmarks/phase5/sc2024/pcmax-scheduling-m13-2011-12813-UNSAT.sanitized.cnf,1270004fd247f55c6dc67c9f8d6ecf2628ea7144ed71d3ac1c581c59161d8d55,calibration,resource_allocation_like,27 exact-r boxes over 57 capacity groups,UNKNOWN,2010,12813,14.6894,3.40984,RUN_LKK,27,9380,0,RUN_LKK,7.15709,COMPLETE,9.34552,UNKNOWN,"incomplete_or_ambiguous_resource_mapping:[7, 8, 9, 14, 15, 19, 20, 21, 22, 23, 24, 25, 26, 27, 28, 29, 30, 31, 32, 33, 34, 35, 36, 37, 38, 39, 40, 41, 42, 43, 44, 45, 46, 47, 48, 49, 72, 73, 96, 97, 120, 121, 122, 123, 124, 125, 126, 127, 128, 129, 130, 131, 132, 133, 134, 135, 136, 137, 138, 139, 140, 141, 142, 143, 144, 145, 168, 169, 170, 171, 172, 173, 174, 175, 176, 177, 178, 179, 180, 181, 182, 183, 184, 185, 186, 187, 188, 189, 190, 191, 192, 193, 194, 195, 196, 197, 198, 199, 200, 201, 202, 203, 204, 205, 228, 229, 230, 231, 232, 233, 234, 235, 236, 237, 238, 239, 240, 241, 242, 243, 244, 245, 246, 247, 248, 249, 250, 251, 252, 253, 254, 255, 256, 257, 258, 259, 260, 261, 262, 263, 264, 265, 266, 267, 268, 269, 270, 271, 272, 273, 274, 275, 276, 277, 278, 279, 280, 281, 282, 283, 284, 285, 286, 287, 288, 289, 290, 291, 292, 293, 294, 295, 296, 297, 298, 299, 300, 301, 302, 303, 304, 305]",27,57,0,UNKNOWN,42.1119,66.714334,False,8
pcmax-scheduling-m15-2352-13561-SAT.sanitized.cnf,SATComp2024,main2024,competition_main,/work/benchmarks/phase5/sc2024/pcmax-scheduling-m15-2352-13561-SAT.sanitized.cnf,588b7cd3d99a54cabded1abd7657d212bb9fe248307a38fb34717e602001e143,evaluation,resource_allocation_like,28 exact-r boxes over 76 capacity groups,UNKNOWN,2351,13561,16.8287,3.3051,RUN_LKK,28,9598,0,RUN_LKK,8.02656,COMPLETE,11.5614,UNKNOWN,"incomplete_or_ambiguous_resource_mapping:[12, 13, 14, 15, 16, 17, 18, 19, 32, 33, 34, 35, 36, 37, 38, 39, 40, 41, 42, 44, 45, 46, 47, 48, 49, 50, 51, 52, 53, 54, 55, 56, 57, 58, 59, 60, 61, 62, 63, 64, 65, 66, 67, 68, 69, 70, 71, 72, 113, 114, 115, 116, 117, 118, 119, 120, 121, 122, 123, 124, 125, 126, 127, 128, 157, 158, 159, 160, 161, 162, 163, 164, 165, 166, 167, 168, 169, 170, 171, 172, 173, 174, 175, 176, 177, 178, 179, 180, 181, 182, 183, 184, 185, 186, 187, 188, 189, 190, 191, 192, 193, 194, 195, 196, 197, 198, 199, 200, 201, 202, 203, 204, 205, 206, 207, 208, 209, 210, 211, 212, 213, 214, 215, 216, 217, 218, 219, 220, 221, 222, 223, 224, 225, 226, 227, 228, 229, 230, 231, 232, 233, 234, 235, 236, 237, 238, 239, 240, 241, 242, 243, 244, 245, 246, 247, 248, 249, 250, 251, 252, 253, 254, 255, 256, 257, 258, 259, 260, 261, 262, 263, 264, 265, 266, 267, 268, 269, 270, 271, 272, 273, 274, 275, 276, 277, 278, 307, 308, 337, 338, 339, 340, 341, 342, 343, 344, 345, 346, 347, 348, 349, 350, 351, 352, 353, 382]",28,76,0,UNKNOWN,47.049,66.903748,False,8
pcmax-scheduling-m19-10199-62102-UNSAT.sanitized.cnf,SATComp2024,main2024,competition_main,/work/benchmarks/phase5/sc2024/pcmax-scheduling-m19-10199-62102-UNSAT.sanitized.cnf,a96a2b429de5a560f42e114e990da71caeb8191f056a47f419a4bbd93d83bbad,evaluation,no_useful_detected_structure,benefit gate declined: input_clause_limit;estimated_resolution_pair_limit,UNKNOWN,10198,62102,75.5246,40.1028,RUN_LKK,36,42729,0,SKIP_TO_CDCL,0,COMPLETE,0,UNKNOWN,,0,0,0,UNKNOWN,129.282,168.22851,False,8
pcmax-scheduling-m19-2974-16501-UNSAT.sanitized.cnf,SATComp2024,main2024,competition_main,/work/benchmarks/phase5/sc2024/pcmax-scheduling-m19-2974-16501-UNSAT.sanitized.cnf,0ffb4d4caba517f75bf54fd62154e5931c16747fca234fc77c776488e7e6314f,evaluation,resource_allocation_like,27 exact-r boxes over 24 capacity groups,UNKNOWN,2973,16501,28.1885,11.7206,RUN_LKK,27,11306,0,RUN_LKK,20.7645,COMPLETE,13.9541,UNKNOWN,"incomplete_or_ambiguous_resource_mapping:[24, 25, 28, 29, 30, 31, 32, 33, 34, 35, 36, 37, 38, 39, 40, 41, 42, 43, 44, 45, 46, 47, 48, 49, 50, 51, 52, 53, 54, 55, 56, 57, 76, 77, 78, 79, 80, 81, 82, 83, 84, 85, 86, 87, 88, 89, 90, 91, 92, 93, 94, 95, 96, 97, 98, 99, 100, 101, 102, 103, 104, 105, 106, 107, 108, 109, 110, 111, 112, 113, 114, 115, 116, 117, 118, 119, 120, 121, 122, 123, 124, 125, 126, 127, 128, 129, 130, 131, 132, 133, 134, 135, 136, 139, 140, 141, 142, 143, 144, 145, 146, 147, 148, 149, 150, 151, 152, 153, 154, 155, 156, 157, 158, 159, 160, 161, 162, 163, 164, 165, 166, 167, 168, 169, 170, 171, 172, 173, 174, 175, 176, 177, 178, 179, 180, 181, 182, 183, 184, 185, 186, 187, 188, 189, 190, 191, 192, 193, 194, 195, 196, 197, 198, 199, 200, 201, 202, 203, 204, 205, 206, 207, 208, 209, 210, 211, 212, 213, 214, 215, 246, 247, 248, 249, 250, 251, 252, 253, 254, 255, 256, 257, 258, 259, 260, 261, 262, 263, 264, 265, 266, 267, 268, 269, 270, 271, 272, 273, 274, 275, 276, 277, 278, 279, 280, 281, 282, 283, 284, 285, 286, 287, 288, 289, 290, 291, 292, 293, 294, 295, 296, 297, 298, 299, 300, 301, 302, 303, 304, 305, 306, 307, 308, 309, 310, 311, 312, 313, 314, 315, 316, 317, 318, 319, 320, 321, 322, 323, 324, 325, 326, 327, 328, 329, 330, 331, 332, 333, 334, 335, 336, 337, 338, 339, 340, 341, 342, 343, 344, 345, 346, 347, 348, 349, 350, 351, 352, 353, 354, 355, 356, 357, 358, 359, 360, 361, 362, 363, 364, 365, 366, 367, 368, 369, 370, 371, 372, 373, 374, 375, 376, 377, 378, 379, 380, 381, 382, 383, 384, 385, 386, 387, 388, 389, 390, 391, 392, 393]",27,24,0,UNKNOWN,85.5237,117.310341,False,8
pcmax-scheduling-m24-17855-226744-SAT.sanitized.cnf,SATComp2024,main2024,competition_main,/work/benchmarks/phase5/sc2024/pcmax-scheduling-m24-17855-226744-SAT.sanitized.cnf,c6e9cfaeed4a0718e93aa2284f6760a71e6d8ae499043ebeefc5cd7e129ba801,evaluation,no_useful_detected_structure,benefit gate declined: input_clause_limit;estimated_resolution_pair_limit,UNKNOWN,17854,226744,340.162,177.763,RUN_LKK,65,193610,0,SKIP_TO_CDCL,0,COMPLETE,0,UNKNOWN,,0,0,0,UNKNOWN,632.466,676.14509,False,8
pcmax-scheduling-m24-24102-255206-SAT.sanitized.cnf,SATComp2024,main2024,competition_main,/work/benchmarks/phase5/sc2024/pcmax-scheduling-m24-24102-255206-SAT.sanitized.cnf,a8db593056c6fe4445d6f81b232bc781c1917cd624fefff5b33bd818cd44a123,evaluation,no_useful_detected_structure,benefit gate declined: input_clause_limit;estimated_resolution_pair_limit,UNKNOWN,24101,255206,397.521,220.634,RUN_LKK,64,209576,0,SKIP_TO_CDCL,0,COMPLETE,0,UNKNOWN,,0,0,0,UNKNOWN,763.883,819.869665,False,8
pcmax-scheduling-m26-6398-62377-UNSAT.sanitized.cnf,SATComp2024,main2024,competition_main,/work/benchmarks/phase5/sc2024/pcmax-scheduling-m26-6398-62377-UNSAT.sanitized.cnf,86550b7f3a692f7c6f671a7a4a12bb4e745cdc87038c4d1c75eed2d51f2db150,calibration,no_useful_detected_structure,benefit gate declined: input_clause_limit,UNKNOWN,6397,62377,100.223,24.7798,RUN_LKK,36,50987,0,SKIP_TO_CDCL,0,COMPLETE,0,UNKNOWN,,0,0,0,UNKNOWN,137.029,167.772076,False,8
pcmax-scheduling-m30-14113-167638-UNSAT.sanitized.cnf,SATComp2024,main2024,competition_main,/work/benchmarks/phase5/sc2024/pcmax-scheduling-m30-14113-167638-UNSAT.sanitized.cnf,7cc73d81dbac7c8680cb7c5f6805e6e4d6aa101e5466771d5ce7aacee78d6472,evaluation,no_useful_detected_structure,benefit gate declined: input_clause_limit;estimated_resolution_pair_limit,UNKNOWN,14112,167638,242.776,143.81,RUN_LKK,46,141382,0,SKIP_TO_CDCL,0,COMPLETE,0,UNKNOWN,,0,0,0,UNKNOWN,474.942,519.327238,False,8
pcmax-scheduling-m35-32274-371389-SAT.sanitized.cnf,SATComp2024,main2024,competition_main,/work/benchmarks/phase5/sc2024/pcmax-scheduling-m35-32274-371389-SAT.sanitized.cnf,4b85d00c5cf13164eb20dde3de3271a60ee7bb9d221c896f29863acce6fdbecf,evaluation,no_useful_detected_structure,benefit gate declined: input_clause_limit;estimated_resolution_pair_limit,UNKNOWN,32273,371389,672.394,372.396,RUN_LKK,69,310910,0,SKIP_TO_CDCL,0,COMPLETE,0,UNKNOWN,,0,0,0,UNKNOWN,1249.06,1323.004573,False,8
pcmax-scheduling-m37-28831-324346-SAT.sanitized.cnf,SATComp2024,main2024,competition_main,/work/benchmarks/phase5/sc2024/pcmax-scheduling-m37-28831-324346-SAT.sanitized.cnf,45c3d81cfe2b42ee5d8a45fec5c18173e5977779e700b35adf2d70223cf8c678,evaluation,no_useful_detected_structure,benefit gate declined: input_clause_limit;estimated_resolution_pair_limit,UNKNOWN,28830,324346,530.932,283.798,RUN_LKK,67,271029,0,SKIP_TO_CDCL,0,COMPLETE,0,UNKNOWN,,0,0,0,UNKNOWN,976.885,1021.422974,False,8
pcmax-scheduling-m40-26287-324155-SAT.sanitized.cnf,SATComp2024,main2024,competition_main,/work/benchmarks/phase5/sc2024/pcmax-scheduling-m40-26287-324155-SAT.sanitized.cnf,1db0610cbe403fba88e53e0af5384c7be62d69e643ef68830554b1af987fe780,evaluation,no_useful_detected_structure,benefit gate declined: input_clause_limit;estimated_resolution_pair_limit,UNKNOWN,26286,324155,531.709,285.425,RUN_LKK,66,275749,0,SKIP_TO_CDCL,0,COMPLETE,0,UNKNOWN,,0,0,0,UNKNOWN,973.372,1020.976735,False,8
pcmax-scheduling-m43-38782-385402-SAT.sanitized.cnf,SATComp2024,main2024,competition_main,/work/benchmarks/phase5/sc2024/pcmax-scheduling-m43-38782-385402-SAT.sanitized.cnf,fed5c56d366a71833c3b94c8a85698843db542763c91cf3c5d2424476535f4d9,evaluation,no_useful_detected_structure,benefit gate declined: input_clause_limit;estimated_resolution_pair_limit,UNKNOWN,38781,385402,455.277,332.933,RUN_LKK,68,312369,0,SKIP_TO_CDCL,0,COMPLETE,0,UNKNOWN,,0,0,0,UNKNOWN,950.263,1021.281891,False,8
