seed,boxes,resources,demands,capacities,reachable,exhaustive_result,python_flow_result,native_flow_result,exhaustive_subset,exhaustive_ms,python_flow_ms,native_flow_ms,mismatch
700000,3,5,"[1,2,1]","[3,2,3,2,2]","[[3,4],[3,4],[1,2,3]]",FEASIBLE,FEASIBLE,FEASIBLE,null,0.059909,0.063072,0.007783,False
700001,4,4,"[3,2,2,1]","[1,3,2,2]","[[0,1,2],[0,2],[0,2,3],[3]]",UNSAT,UNSAT,UNSAT,"[0, 1]",0.020504,0.064383,0.017808,False
700002,3,7,"[2,2,1]","[2,2,3,1,2,3,2]","[[5,6],[0,1,2,4,5,6],[0,1,2,3,4,5,6]]",FEASIBLE,FEASIBLE,FEASIBLE,null,0.044336,0.044752,0.004486,False
700003,3,1,"[1,1,1]",[3],"[[0],[0],[0]]",FEASIBLE,FEASIBLE,FEASIBLE,null,0.012797,0.020814,0.001291,False
700004,2,2,"[1,1]","[3,3]","[[0,1],[1]]",FEASIBLE,FEASIBLE,FEASIBLE,null,0.008921,0.018247,0.001186,False
700005,6,1,"[1,1,1,1,1,1]",[2],"[[0],[0],[0],[0],[0],[0]]",UNSAT,UNSAT,UNSAT,"[0, 1, 2]",0.033356,0.044566,0.003363,False
700006,4,1,"[1,1,1,1]",[2],"[[0],[0],[0],[0]]",UNSAT,UNSAT,UNSAT,"[0, 1, 2]",0.018254,0.035674,0.002201,False
700007,3,5,"[1,1,1]","[3,1,1,1,2]","[[0,1,2,3,4],[2,4],[1]]",FEASIBLE,FEASIBLE,FEASIBLE,null,0.03305,0.028295,0.002011,False
700008,7,3,"[1,2,1,1,2,2,1]","[1,2,2]","[[2],[0,1,2],[1],[2],[1,2],[0,1,2],[1]]",UNSAT,UNSAT,UNSAT,"[0, 3, 4]",0.112423,0.159186,0.004768,False
700009,5,1,"[1,1,1,1,1]",[2],"[[0],[0],[0],[0],[0]]",UNSAT,UNSAT,UNSAT,"[0, 1, 2]",0.025269,0.038032,0.002314,False
700010,7,1,"[1,1,1,1,1,1,1]",[2],"[[0],[0],[0],[0],[0],[0],[0]]",UNSAT,UNSAT,UNSAT,"[0, 1, 2]",0.04365,0.04561,0.002514,False
700011,2,2,"[1,2]","[2,2]","[[0,1],[0,1]]",FEASIBLE,FEASIBLE,FEASIBLE,null,0.009062,0.021402,0.00121,False
700012,1,2,[1],"[3,1]","[[0,1]]",FEASIBLE,FEASIBLE,FEASIBLE,null,0.003959,0.01272,0.000829,False
700013,6,2,"[1,1,1,2,1,2]","[2,3]","[[0],[0],[0],[0,1],[1],[0,1]]",UNSAT,UNSAT,UNSAT,"[0, 1, 2]",0.048057,0.073399,0.00286,False
700014,2,5,"[1,1]","[2,3,3,1,2]","[[2],[0,1]]",FEASIBLE,FEASIBLE,FEASIBLE,null,0.015376,0.020215,0.001217,False
700015,3,7,"[1,1,3]","[2,3,1,2,2,3,2]","[[1],[4,5,6],[1,3,4,5]]",FEASIBLE,FEASIBLE,FEASIBLE,null,0.0416,0.031522,0.00215,False
700016,6,4,"[1,2,2,1,1,2]","[2,1,1,1]","[[1],[1,2,3],[0,1,2,3],[0,1],[1,2,3],[0,1,2,3]]",UNSAT,UNSAT,UNSAT,"[0, 1, 2]",0.078796,0.069913,0.005922,False
700017,2,6,"[1,1]","[3,2,1,3,3,1]","[[0],[1,2,3,4,5]]",FEASIBLE,FEASIBLE,FEASIBLE,null,0.016852,0.023042,0.001474,False
700018,4,1,"[1,1,1,1]",[1],"[[0],[0],[0],[0]]",UNSAT,UNSAT,UNSAT,"[0, 1]",0.009064,0.03272,0.00189,False
700019,2,2,"[1,1]","[3,2]","[[0],[0,1]]",FEASIBLE,FEASIBLE,FEASIBLE,null,0.008962,0.017445,0.000945,False
700020,6,5,"[1,1,2,1,2,1]","[3,1,3,3,1]","[[0,1,2,4],[0,4],[1,2,3,4],[0],[0,4],[3]]",FEASIBLE,FEASIBLE,FEASIBLE,null,0.295209,0.133453,0.004049,False
700021,5,6,"[1,1,1,3,3]","[2,2,1,2,3,2]","[[0,1,2,3,4,5],[1,4,5],[0,3,5],[0,3,5],[0,3,4]]",FEASIBLE,FEASIBLE,FEASIBLE,null,0.165952,0.068631,0.004409,False
700022,7,6,"[2,1,1,2,1,1,1]","[3,2,3,2,2,1]","[[1,2],[0,1,2,3,5],[0,2],[0,1,2,3,4,5],[3],[1,4],[3]]",FEASIBLE,FEASIBLE,FEASIBLE,null,0.743313,0.055311,0.003667,False
700023,2,6,"[1,3]","[3,3,2,3,1,3]","[[0,3],[0,1,2,3,4]]",FEASIBLE,FEASIBLE,FEASIBLE,null,0.016919,0.026769,0.001697,False
700024,7,1,"[1,1,1,1,1,1,1]",[1],"[[0],[0],[0],[0],[0],[0],[0]]",UNSAT,UNSAT,UNSAT,"[0, 1]",0.01265,0.045177,0.0024,False
700025,1,6,[1],"[3,3,2,1,2,3]","[[1,3,5]]",FEASIBLE,FEASIBLE,FEASIBLE,null,0.006524,0.015526,0.001207,False
700026,7,3,"[2,2,2,1,1,1,2]","[3,3,2]","[[0,1],[0,1,2],[0,1,2],[2],[0,1,2],[1],[1,2]]",UNSAT,UNSAT,UNSAT,"[0, 1, 2, 3, 6]",0.329353,0.069888,0.004767,False
700027,5,2,"[1,2,1,1,2]","[3,3]","[[0,1],[0,1],[0,1],[0,1],[0,1]]",UNSAT,UNSAT,UNSAT,"[0, 1, 2, 3, 4]",0.068789,0.049613,0.003456,False
700028,6,7,"[3,1,2,1,1,2]","[3,2,1,1,3,2,2]","[[1,2,3,5],[0,1,2,4,5,6],[0,2,3,4,5,6],[6],[0,1,2,3,4,5,6],[1,2,3,4,5,6]]",FEASIBLE,FEASIBLE,FEASIBLE,null,0.397387,0.06666,0.005167,False
700029,3,5,"[1,1,1]","[3,3,1,1,1]","[[1,2],[3],[0]]",FEASIBLE,FEASIBLE,FEASIBLE,null,0.031202,0.023724,0.001342,False
700030,7,3,"[2,1,1,2,2,1,1]","[3,1,2]","[[0,1,2],[2],[0,1,2],[0,2],[0,1,2],[1],[0,1,2]]",UNSAT,UNSAT,UNSAT,"[0, 1, 3, 4]",0.299313,0.066747,0.004468,False
700031,3,3,"[1,1,2]","[3,2,3]","[[1],[0,1,2],[0,1,2]]",FEASIBLE,FEASIBLE,FEASIBLE,null,0.022028,0.025663,0.001642,False
700032,6,3,"[2,1,2,1,1,3]","[3,2,1]","[[0,1],[2],[0,2],[0,1,2],[1],[0,1,2]]",UNSAT,UNSAT,UNSAT,"[1, 2]",0.033886,0.056631,0.003984,False
700033,5,1,"[1,1,1,1,1]",[2],"[[0],[0],[0],[0],[0]]",UNSAT,UNSAT,UNSAT,"[0, 1, 2]",0.023766,0.036175,0.002031,False
700034,6,5,"[1,1,3,1,1,1]","[3,3,3,1,2]","[[0],[0,1,3,4],[0,1,3,4],[3],[0,1,2,3,4],[0,1,2,3]]",FEASIBLE,FEASIBLE,FEASIBLE,null,0.290832,0.063374,0.004107,False
700035,4,2,"[1,1,1,1]","[1,3]","[[0,1],[1],[0],[1]]",FEASIBLE,FEASIBLE,FEASIBLE,null,0.034897,0.034596,0.001892,False
700036,1,4,[2],"[3,1,2,1]","[[2,3]]",FEASIBLE,FEASIBLE,FEASIBLE,null,0.005391,0.01646,0.001016,False
700037,4,3,"[1,3,1,2]","[3,3,2]","[[0],[0,1,2],[0],[0,1]]",UNSAT,UNSAT,UNSAT,"[0, 1, 2, 3]",0.043152,0.04252,0.002611,False
700038,3,7,"[2,2,1]","[2,3,1,1,1,2,2]","[[0,1,2,3,4,5,6],[1,4,5],[0,5]]",FEASIBLE,FEASIBLE,FEASIBLE,null,0.040696,0.033179,0.002454,False
700039,6,7,"[1,2,1,2,2,1]","[3,1,1,1,2,3,3]","[[1,2,6],[0,1,2,4,5,6],[2],[0,2,4],[1,2,3,4],[6]]",FEASIBLE,FEASIBLE,FEASIBLE,null,0.39054,0.072108,0.004573,False
700040,5,3,"[1,2,3,2,1]","[3,2,3]","[[0,2],[1,2],[0,1,2],[0,2],[0]]",UNSAT,UNSAT,UNSAT,"[0, 1, 2, 3, 4]",0.092653,0.052494,0.003305,False
700041,1,6,[2],"[1,3,2,1,3,2]","[[0,1,2,3,4,5]]",FEASIBLE,FEASIBLE,FEASIBLE,null,0.018014,0.103761,0.001315,False
700042,2,1,"[1,1]",[2],"[[0],[0]]",FEASIBLE,FEASIBLE,FEASIBLE,null,0.007084,0.014391,0.000791,False
700043,4,2,"[2,1,1,1]","[2,2]","[[0,1],[0],[0],[0]]",UNSAT,UNSAT,UNSAT,"[0, 1, 2]",0.024332,0.034825,0.002037,False
700044,5,1,"[1,1,1,1,1]",[2],"[[0],[0],[0],[0],[0]]",UNSAT,UNSAT,UNSAT,"[0, 1, 2]",0.023244,0.035053,0.001796,False
700045,4,1,"[1,1,1,1]",[2],"[[0],[0],[0],[0]]",UNSAT,UNSAT,UNSAT,"[0, 1, 2]",0.016803,0.030437,0.001536,False
700046,3,7,"[3,1,2]","[3,3,1,2,2,1,1]","[[1,2,4,5,6],[1,3],[0,2,3,4,5,6]]",FEASIBLE,FEASIBLE,FEASIBLE,null,0.041033,0.036492,0.002507,False
700047,5,2,"[1,1,1,1,1]","[2,2]","[[0,1],[1],[1],[0],[1]]",UNSAT,UNSAT,UNSAT,"[1, 2, 4]",0.049788,0.03594,0.002221,False
700048,7,1,"[1,1,1,1,1,1,1]",[3],"[[0],[0],[0],[0],[0],[0],[0]]",UNSAT,UNSAT,UNSAT,"[0, 1, 2, 3]",0.088851,0.041562,0.002296,False
700049,3,2,"[2,2,1]","[1,1]","[[0,1],[0,1],[0]]",UNSAT,UNSAT,UNSAT,"[0, 1]",0.015209,0.037911,0.002089,False
700050,2,2,"[1,1]","[1,2]","[[1],[0]]",FEASIBLE,FEASIBLE,FEASIBLE,null,0.008255,0.015773,0.0009,False
700051,3,1,"[1,1,1]",[3],"[[0],[0],[0]]",FEASIBLE,FEASIBLE,FEASIBLE,null,0.011722,0.017874,0.000991,False
700052,5,6,"[2,3,3,3,3]","[2,3,2,2,1,3]","[[0,1,2,3,4,5],[1,2,3,4,5],[1,2,3,4,5],[0,2,3,5],[0,1,2,3,4,5]]",UNSAT,UNSAT,UNSAT,"[0, 1, 2, 3, 4]",0.155676,0.113884,0.008415,False
700053,3,7,"[1,1,2]","[3,3,3,2,2,3,2]","[[1,2,5],[0,4,5],[1,2,3,6]]",FEASIBLE,FEASIBLE,FEASIBLE,null,0.03873,0.029374,0.001988,False
700054,3,3,"[3,1,2]","[3,1,1]","[[0,1,2],[0],[0,2]]",UNSAT,UNSAT,UNSAT,"[0, 2]",0.014694,0.114843,0.002297,False
700055,4,7,"[2,1,2,1]","[2,2,2,3,1,3,3]","[[0,1,2,3,4,5,6],[3],[1,2,3,5],[2]]",FEASIBLE,FEASIBLE,FEASIBLE,null,0.083518,0.035699,0.002432,False
700056,3,5,"[3,3,3]","[3,1,3,3,1]","[[0,1,3,4],[0,1,2,3,4],[0,1,2]]",FEASIBLE,FEASIBLE,FEASIBLE,null,0.029826,0.04885,0.003024,False
700057,1,7,[2],"[1,1,1,3,1,2,3]","[[2,3]]",FEASIBLE,FEASIBLE,FEASIBLE,null,0.006776,0.016399,0.001121,False
700058,2,2,"[2,1]","[1,1]","[[0,1],[0,1]]",UNSAT,UNSAT,UNSAT,"[0, 1]",0.009026,0.029045,0.001797,False
700059,2,7,"[3,2]","[1,1,3,3,2,1,2]","[[1,3,6],[0,1,2,4,5]]",FEASIBLE,FEASIBLE,FEASIBLE,null,0.017449,0.030236,0.002054,False
700060,6,4,"[2,2,1,1,1,1]","[2,1,2,1]","[[1,2,3],[0,1,2,3],[3],[1,2],[3],[0,2]]",UNSAT,UNSAT,UNSAT,"[2, 4]",0.056308,0.054801,0.004034,False
700061,6,3,"[1,1,3,2,1,2]","[1,1,3]","[[2],[0,1],[0,1,2],[0,2],[1,2],[0,1]]",UNSAT,UNSAT,UNSAT,"[1, 2]",0.032163,0.053727,0.003967,False
700062,4,2,"[1,1,2,2]","[3,3]","[[0,1],[0],[0,1],[0,1]]",FEASIBLE,FEASIBLE,FEASIBLE,null,0.032603,0.037303,0.001995,False
700063,4,7,"[1,1,3,1]","[3,1,2,1,1,2,1]","[[6],[1,4],[1,2,3,4,5],[1,6]]",FEASIBLE,FEASIBLE,FEASIBLE,null,0.08461,0.046895,0.00293,False
700064,5,6,"[3,2,1,1,1]","[3,1,3,2,3,1]","[[0,1,3,4,5],[0,2,3],[2,5],[0,1,2,3,5],[0,1,2,3,4,5]]",FEASIBLE,FEASIBLE,FEASIBLE,null,0.16216,0.057397,0.003686,False
700065,1,5,[2],"[3,3,2,3,2]","[[0,2,3,4]]",FEASIBLE,FEASIBLE,FEASIBLE,null,0.005813,0.093326,0.001197,False
700066,6,3,"[2,1,1,2,1,2]","[2,3,2]","[[0,2],[1],[2],[0,1],[0,1,2],[0,1,2]]",UNSAT,UNSAT,UNSAT,"[0, 2, 3, 5]",0.137822,0.055623,0.003708,False
700067,2,2,"[1,2]","[2,2]","[[1],[0,1]]",FEASIBLE,FEASIBLE,FEASIBLE,null,0.008315,0.018119,0.001,False
700068,5,1,"[1,1,1,1,1]",[1],"[[0],[0],[0],[0],[0]]",UNSAT,UNSAT,UNSAT,"[0, 1]",0.009043,0.032673,0.001919,False
700069,1,4,[1],"[2,1,2,2]",[[2]],FEASIBLE,FEASIBLE,FEASIBLE,null,0.004839,0.011987,0.00078,False
700070,7,3,"[1,2,1,1,3,1,1]","[2,3,2]","[[0,1,2],[0,1,2],[0,1,2],[0,2],[0,1,2],[0,1],[1,2]]",UNSAT,UNSAT,UNSAT,"[0, 1, 2, 3, 4]",0.276428,0.064402,0.00473,False
700071,5,3,"[1,2,1,1,1]","[3,3,2]","[[2],[0,1],[2],[1],[0,1,2]]",FEASIBLE,FEASIBLE,FEASIBLE,null,0.100451,0.031391,0.001898,False
700072,2,2,"[2,1]","[3,2]","[[0,1],[1]]",FEASIBLE,FEASIBLE,FEASIBLE,null,0.008241,0.017,0.001041,False
700073,4,4,"[1,1,1,1]","[1,1,1,2]","[[1,3],[0],[1],[0]]",UNSAT,UNSAT,UNSAT,"[1, 3]",0.030437,0.041029,0.002706,False
700074,1,3,[1],"[3,1,1]",[[1]],FEASIBLE,FEASIBLE,FEASIBLE,null,0.0041,0.011179,0.000747,False
700075,2,1,"[1,1]",[2],"[[0],[0]]",FEASIBLE,FEASIBLE,FEASIBLE,null,0.006189,0.013834,0.000745,False
700076,6,6,"[2,1,1,2,2,1]","[2,2,1,1,1,3]","[[2,3],[1,2,3,4,5],[0,1,3],[0,1,2,3],[0,2,3],[2]]",UNSAT,UNSAT,UNSAT,"[0, 4]",0.053081,0.078314,0.005327,False
700077,4,3,"[2,1,1,1]","[1,3,3]","[[0,1,2],[1,2],[0,1,2],[0]]",FEASIBLE,FEASIBLE,FEASIBLE,null,0.042242,0.03743,0.002189,False
700078,3,6,"[3,1,1]","[2,1,2,2,2,1]","[[0,2,4,5],[5],[3]]",FEASIBLE,FEASIBLE,FEASIBLE,null,0.037368,0.027282,0.00174,False
700079,3,6,"[1,2,1]","[3,1,3,1,2,2]","[[3,4,5],[2,5],[0]]",FEASIBLE,FEASIBLE,FEASIBLE,null,0.110005,0.025146,0.001596,False
700080,5,7,"[1,3,1,2,1]","[3,1,3,3,1,1,1]","[[0,2,6],[0,1,2,3,4,5],[2],[1,3,4,5,6],[0,1,3,4,6]]",FEASIBLE,FEASIBLE,FEASIBLE,null,0.171988,0.04466,0.003313,False
700081,5,5,"[3,3,1,2,1]","[2,2,1,3,1]","[[0,1,2,3,4],[0,1,3,4],[1,3],[0,1,2],[0,4]]",UNSAT,UNSAT,UNSAT,"[0, 1, 3, 4]",0.113342,0.079694,0.005655,False
700082,1,7,[1],"[2,2,3,3,2,1,3]",[[6]],FEASIBLE,FEASIBLE,FEASIBLE,null,0.006435,0.013281,0.000953,False
700083,5,2,"[1,2,1,1,1]","[2,3]","[[0,1],[0,1],[1],[0,1],[1]]",UNSAT,UNSAT,UNSAT,"[0, 1, 2, 3, 4]",0.064793,0.040369,0.002838,False
700084,3,6,"[1,1,3]","[2,2,1,1,1,3]","[[0,1,3,5],[0,1,2,4,5],[0,1,2,3,4,5]]",FEASIBLE,FEASIBLE,FEASIBLE,null,0.032281,0.032362,0.00261,False
700085,3,7,"[3,1,1]","[1,3,1,2,2,3,3]","[[0,1,2,4,5,6],[2,4],[1,3,5,6]]",FEASIBLE,FEASIBLE,FEASIBLE,null,0.036417,0.030831,0.00229,False
700086,1,5,[3],"[2,2,2,1,2]","[[1,2,3]]",FEASIBLE,FEASIBLE,FEASIBLE,null,0.005291,0.016893,0.001215,False
700087,7,4,"[3,2,1,3,1,2,1]","[3,3,3,3]","[[0,1,2,3],[1,2],[0,1],[0,1,2,3],[0,1,3],[0,1,2,3],[2]]",UNSAT,UNSAT,UNSAT,"[0, 1, 2, 3, 4, 5, 6]",0.462309,0.092267,0.006638,False
700088,1,4,[2],"[3,3,2,3]","[[2,3]]",FEASIBLE,FEASIBLE,FEASIBLE,null,0.004822,0.015265,0.000916,False
700089,3,7,"[2,1,1]","[2,2,2,2,2,1,2]","[[0,1,2,3,4,5,6],[1,3],[6]]",FEASIBLE,FEASIBLE,FEASIBLE,null,0.036965,0.099503,0.002084,False
700090,1,2,[1],"[1,1]",[[0]],FEASIBLE,FEASIBLE,FEASIBLE,null,0.003494,0.009943,0.000643,False
700091,4,3,"[2,1,2,2]","[1,1,1]","[[0,1,2],[0],[0,1,2],[1,2]]",UNSAT,UNSAT,UNSAT,"[0, 2]",0.016238,0.039564,0.002847,False
700092,7,2,"[1,1,1,2,1,1,1]","[1,1]","[[0],[1],[0],[0,1],[0,1],[1],[0]]",UNSAT,UNSAT,UNSAT,"[0, 2]",0.018819,0.042879,0.003052,False
700093,2,7,"[1,1]","[3,2,2,3,2,2,1]","[[1,2,3,4,5],[2,5]]",FEASIBLE,FEASIBLE,FEASIBLE,null,0.015834,0.019718,0.001572,False
700094,6,3,"[2,1,1,1,3,1]","[1,3,2]","[[1,2],[0],[0,2],[0],[0,1,2],[0,1]]",UNSAT,UNSAT,UNSAT,"[1, 3]",0.032096,0.047444,0.003439,False
700095,4,4,"[1,3,2,1]","[1,1,1,2]","[[1,2],[0,1,2,3],[0,1,3],[0,2]]",UNSAT,UNSAT,UNSAT,"[0, 1, 2]",0.035608,0.044581,0.003354,False
700096,6,6,"[1,1,2,1,1,1]","[1,1,2,2,2,2]","[[1],[2],[2,4],[1,3],[1,5],[0,1,2,3,4]]",FEASIBLE,FEASIBLE,FEASIBLE,null,0.292624,0.038029,0.002651,False
700097,2,5,"[3,1]","[3,1,1,1,2]","[[0,1,4],[3,4]]",FEASIBLE,FEASIBLE,FEASIBLE,null,0.012757,0.02127,0.00151,False
700098,4,6,"[1,1,3,3]","[2,1,3,2,1,3]","[[1,3,4,5],[0,1,2,3,4,5],[0,1,2,3,5],[0,1,2,3,5]]",FEASIBLE,FEASIBLE,FEASIBLE,null,0.06905,0.043028,0.003351,False
700099,5,7,"[2,3,2,3,2]","[2,3,2,3,3,2,1]","[[1,2,3,4,5],[0,1,2,3,4,5],[0,1,4,5,6],[0,4,5,6],[0,1,4,5,6]]",FEASIBLE,FEASIBLE,FEASIBLE,null,0.160851,0.056816,0.00401,False
700100,2,1,"[1,1]",[3],"[[0],[0]]",FEASIBLE,FEASIBLE,FEASIBLE,null,0.034114,0.101008,0.000746,False
700101,6,3,"[1,3,1,3,2,2]","[2,2,2]","[[0],[0,1,2],[0],[0,1,2],[1,2],[1,2]]",UNSAT,UNSAT,UNSAT,"[0, 1, 2]",0.053822,0.056803,0.003508,False
700102,6,3,"[1,1,1,2,1,1]","[2,2,2]","[[0,1],[2],[0,2],[0,1,2],[2],[0,2]]",UNSAT,UNSAT,UNSAT,"[1, 2, 3, 4, 5]",0.166979,0.061554,0.004165,False
700103,6,2,"[1,1,1,1,1,1]","[1,2]","[[1],[1],[0,1],[0,1],[0,1],[1]]",UNSAT,UNSAT,UNSAT,"[0, 1, 5]",0.047024,0.041244,0.00297,False
700104,2,6,"[2,1]","[3,3,3,1,3,3]","[[0,1,2,3,4,5],[3]]",FEASIBLE,FEASIBLE,FEASIBLE,null,0.014403,0.021735,0.001593,False
700105,3,2,"[1,1,1]","[1,3]","[[0],[0],[0,1]]",UNSAT,UNSAT,UNSAT,"[0, 1]",0.008801,0.025508,0.001803,False
700106,7,2,"[1,1,2,2,1,1,1]","[1,2]","[[0,1],[0,1],[0,1],[0,1],[0],[0,1],[0,1]]",UNSAT,UNSAT,UNSAT,"[2, 3]",0.033706,0.048937,0.003677,False
700107,4,1,"[1,1,1,1]",[3],"[[0],[0],[0],[0]]",UNSAT,UNSAT,UNSAT,"[0, 1, 2, 3]",0.020733,0.028736,0.001787,False
700108,2,2,"[1,1]","[1,1]","[[0],[1]]",FEASIBLE,FEASIBLE,FEASIBLE,null,0.007589,0.013966,0.00082,False
700109,3,5,"[1,2,1]","[2,3,1,2,1]","[[0,1,2,3,4],[0,1,2,3,4],[1,4]]",FEASIBLE,FEASIBLE,FEASIBLE,null,0.027469,0.026304,0.002058,False
700110,7,7,"[3,3,2,2,1,1,1]","[2,2,2,1,2,3,3]","[[0,1,2,3,4,5],[0,1,2,3,5,6],[1,2,3,4,5,6],[0,1,2,4,5,6],[0,1,2,3,4,5,6],[1,2,3,4,6],[0]]",FEASIBLE,FEASIBLE,FEASIBLE,null,0.710994,0.11488,0.00861,False
700111,4,3,"[2,1,3,2]","[2,2,1]","[[1,2],[2],[0,1,2],[0,1,2]]",UNSAT,UNSAT,UNSAT,"[0, 1]",0.014073,0.117055,0.003106,False
700112,3,3,"[1,1,1]","[2,3,3]","[[1,2],[0,2],[2]]",FEASIBLE,FEASIBLE,FEASIBLE,null,0.019782,0.020314,0.001383,False
700113,7,4,"[2,1,2,1,1,1,1]","[1,3,3,3]","[[0,3],[0,1,3],[2,3],[0,1,2,3],[0,1,2,3],[2],[0,1,2]]",FEASIBLE,FEASIBLE,FEASIBLE,null,0.443885,0.048452,0.003353,False
700114,4,5,"[1,3,2,1]","[2,3,2,2,1]","[[0],[0,1,2,4],[0,1,4],[3,4]]",FEASIBLE,FEASIBLE,FEASIBLE,null,0.064161,0.037384,0.002108,False
700115,6,1,"[1,1,1,1,1,1]",[2],"[[0],[0],[0],[0],[0],[0]]",UNSAT,UNSAT,UNSAT,"[0, 1, 2]",0.027837,0.037101,0.002207,False
700116,1,5,[2],"[2,2,3,3,2]","[[0,1,3]]",FEASIBLE,FEASIBLE,FEASIBLE,null,0.005003,0.015007,0.001041,False
700117,1,3,[1],"[3,2,2]","[[0,1]]",FEASIBLE,FEASIBLE,FEASIBLE,null,0.003522,0.010505,0.000722,False
700118,7,3,"[2,1,1,3,1,2,1]","[2,1,3]","[[1,2],[0],[0,2],[0,1,2],[1],[1,2],[1,2]]",UNSAT,UNSAT,UNSAT,"[0, 3]",0.023813,0.053868,0.003956,False
700119,6,7,"[3,1,2,2,1,3]","[2,3,3,1,2,3,2]","[[0,1,2,3,4,5,6],[6],[5,6],[2,6],[1,2,5,6],[0,1,2,3,4,5,6]]",UNSAT,UNSAT,UNSAT,"[1, 2, 3]",0.156646,0.061207,0.004916,False
700120,7,3,"[1,1,1,1,1,1,1]","[1,1,1]","[[1],[2],[0,1,2],[0,1],[0,2],[0,1,2],[0,1,2]]",UNSAT,UNSAT,UNSAT,"[0, 1, 2, 3]",0.172983,0.053319,0.004061,False
700121,3,5,"[1,1,2]","[3,2,2,2,1]","[[1,2,3],[3],[0,1,3,4]]",FEASIBLE,FEASIBLE,FEASIBLE,null,0.027288,0.024681,0.001858,False
700122,3,7,"[2,2,1]","[3,2,3,3,3,3,1]","[[0,1,3,5,6],[0,3,4],[1]]",FEASIBLE,FEASIBLE,FEASIBLE,null,0.034321,0.115769,0.002076,False
700123,3,1,"[1,1,1]",[2],"[[0],[0],[0]]",UNSAT,UNSAT,UNSAT,"[0, 1, 2]",0.010743,0.024403,0.001497,False
700124,3,6,"[2,1,3]","[2,2,3,3,2,2]","[[0,1,2,3,4,5],[4],[2,3,4,5]]",FEASIBLE,FEASIBLE,FEASIBLE,null,0.030979,0.02973,0.002182,False
700125,2,6,"[3,2]","[3,2,1,2,2,1]","[[1,2,3,5],[2,4]]",FEASIBLE,FEASIBLE,FEASIBLE,null,0.013957,0.031586,0.002083,False
700126,6,7,"[2,1,1,1,1,2]","[2,2,3,1,2,1,2]","[[0,1,2,3,5],[0,1],[3],[4],[1,2,5,6],[3,4]]",UNSAT,UNSAT,UNSAT,"[2, 5]",0.083026,0.04658,0.004152,False
700127,6,2,"[2,1,1,1,1,1]","[3,3]","[[0,1],[0],[0,1],[0],[0],[0]]",UNSAT,UNSAT,UNSAT,"[0, 1, 3, 4]",0.083267,0.051653,0.003265,False
700128,2,5,"[2,1]","[2,1,1,1,1]","[[1,2],[0,2]]",FEASIBLE,FEASIBLE,FEASIBLE,null,0.012284,0.018575,0.001319,False
700129,7,5,"[2,1,1,1,1,3,2]","[1,3,3,1,1]","[[0,1,2,3,4],[3],[0,1,2,3,4],[2],[2],[0,2,3,4],[0,4]]",UNSAT,UNSAT,UNSAT,"[5, 6]",0.097708,0.061202,0.005474,False
700130,6,5,"[2,2,3,1,1,1]","[1,2,2,2,3]","[[1,2,3,4],[0,3],[0,1,2,3,4],[3],[0],[0,3]]",UNSAT,UNSAT,UNSAT,"[1, 4]",0.050125,0.068313,0.004782,False
700131,1,2,[1],"[3,2]",[[0]],FEASIBLE,FEASIBLE,FEASIBLE,null,0.003422,0.009944,0.00065,False
700132,6,4,"[1,3,1,3,3,1]","[2,1,1,3]","[[2],[0,1,2,3],[0,2],[0,1,2,3],[0,1,3],[1]]",UNSAT,UNSAT,UNSAT,"[4, 5]",0.060631,0.055124,0.004326,False
700133,5,4,"[1,3,1,2,3]","[2,2,2,2]","[[1,2,3],[0,1,2,3],[1,3],[0,1,2,3],[0,1,2,3]]",UNSAT,UNSAT,UNSAT,"[0, 1, 3, 4]",0.086858,0.245161,0.004621,False
700134,4,1,"[1,1,1,1]",[1],"[[0],[0],[0],[0]]",UNSAT,UNSAT,UNSAT,"[0, 1]",0.008244,0.026659,0.001639,False
700135,1,4,[3],"[1,2,3,2]","[[0,1,3]]",FEASIBLE,FEASIBLE,FEASIBLE,null,0.013419,0.017714,0.001013,False
700136,2,6,"[2,1]","[1,1,3,3,1,1]","[[0,1,3,4],[1,5]]",FEASIBLE,FEASIBLE,FEASIBLE,null,0.014436,0.021208,0.001442,False
700137,3,6,"[1,3,1]","[2,3,2,3,2,3]","[[0,1,3,4],[0,1,2,3,4,5],[2]]",FEASIBLE,FEASIBLE,FEASIBLE,null,0.03124,0.027666,0.002141,False
700138,6,1,"[1,1,1,1,1,1]",[1],"[[0],[0],[0],[0],[0],[0]]",UNSAT,UNSAT,UNSAT,"[0, 1]",0.009794,0.032562,0.002151,False
700139,7,4,"[1,3,1,1,2,2,1]","[1,1,2,3]","[[3],[0,1,2,3],[0,1,2,3],[0],[1,3],[0,1],[0,2]]",UNSAT,UNSAT,UNSAT,"[1, 5]",0.048839,0.079495,0.005781,False
700140,3,6,"[1,2,1]","[1,3,3,1,1,1]","[[3,4],[0,1,3,4,5],[4]]",FEASIBLE,FEASIBLE,FEASIBLE,null,0.030928,0.024736,0.001735,False
700141,6,5,"[3,3,2,1,1,1]","[2,1,3,1,2]","[[0,1,2],[0,1,3,4],[3,4],[0,1,3],[2],[0,3,4]]",UNSAT,UNSAT,UNSAT,"[0, 1, 2]",0.07781,0.058815,0.004629,False
700142,1,1,[1],[1],[[0]],FEASIBLE,FEASIBLE,FEASIBLE,null,0.002828,0.009713,0.000587,False
700143,4,6,"[1,2,1,3]","[1,3,3,1,2,1]","[[3],[3,4,5],[0,2,5],[1,3,5]]",UNSAT,UNSAT,UNSAT,"[0, 3]",0.029856,0.040829,0.003163,False
700144,3,6,"[3,2,1]","[3,3,3,2,3,1]","[[0,1,2,3,4,5],[0,1],[0,2]]",FEASIBLE,FEASIBLE,FEASIBLE,null,0.029907,0.029046,0.001895,False
700145,6,2,"[1,1,1,1,1,2]","[2,1]","[[1],[0],[0],[1],[0],[0,1]]",UNSAT,UNSAT,UNSAT,"[0, 3]",0.016826,0.109476,0.002715,False
700146,4,3,"[2,2,1,1]","[1,3,3]","[[0,2],[1,2],[1],[1]]",FEASIBLE,FEASIBLE,FEASIBLE,null,0.03842,0.025797,0.002244,False
700147,1,5,[1],"[3,1,3,1,2]",[[1]],FEASIBLE,FEASIBLE,FEASIBLE,null,0.008925,0.011023,0.000865,False
700148,7,3,"[1,1,2,1,1,1,1]","[2,2,3]","[[1],[2],[0,1,2],[0],[0,1],[1],[0,1]]",UNSAT,UNSAT,UNSAT,"[0, 2, 3, 4, 5]",0.278163,0.063586,0.004847,False
700149,3,4,"[3,1,2]","[3,3,3,2]","[[0,2,3],[1],[1,2]]",FEASIBLE,FEASIBLE,FEASIBLE,null,0.022747,0.025508,0.001659,False
700150,2,6,"[2,1]","[1,3,3,3,3,3]","[[0,1,2,3,4,5],[0,1,2,3,4,5]]",FEASIBLE,FEASIBLE,FEASIBLE,null,0.014052,0.023702,0.001941,False
700151,6,4,"[2,2,2,1,3,3]","[1,1,3,3]","[[0,2,3],[2,3],[0,1,2,3],[3],[0,1,3],[0,1,2,3]]",UNSAT,UNSAT,UNSAT,"[4, 5]",0.061528,0.058803,0.00492,False
700152,3,4,"[1,1,3]","[2,3,3,3]","[[1],[0,1,3],[0,1,2,3]]",FEASIBLE,FEASIBLE,FEASIBLE,null,0.02239,0.024775,0.001816,False
700153,3,5,"[2,1,1]","[1,3,3,3,1]","[[1,3,4],[3,4],[0,1,3,4]]",FEASIBLE,FEASIBLE,FEASIBLE,null,0.027411,0.025122,0.001745,False
700154,2,2,"[1,1]","[2,3]","[[0,1],[0,1]]",FEASIBLE,FEASIBLE,FEASIBLE,null,0.007603,0.014657,0.000994,False
700155,4,4,"[2,1,1,3]","[1,3,2,2]","[[1,3],[0,1,2,3],[0,2],[0,1,2]]",FEASIBLE,FEASIBLE,FEASIBLE,null,0.048238,0.040868,0.00263,False
700156,3,7,"[1,2,1]","[2,3,1,1,2,3,2]","[[0,1,6],[0,1,2,3,4,5,6],[0,5,6]]",FEASIBLE,FEASIBLE,FEASIBLE,null,0.035289,0.027957,0.002242,False
700157,5,2,"[2,1,2,1,1]","[1,3]","[[0,1],[0],[0,1],[0],[0]]",UNSAT,UNSAT,UNSAT,"[0, 1]",0.011881,0.036496,0.002598,False
700158,3,7,"[3,3,3]","[2,3,1,1,2,3,2]","[[0,1,2,3,4,5,6],[1,2,3,5,6],[0,1,2,4,5,6]]",FEASIBLE,FEASIBLE,FEASIBLE,null,0.036871,0.041048,0.003081,False
700159,6,4,"[2,1,1,2,1,2]","[3,2,2,2]","[[0,1,3],[0,2],[3],[1,3],[0,1,2],[0,1]]",UNSAT,UNSAT,UNSAT,"[0, 2, 3, 5]",0.158387,0.062784,0.004387,False
700160,7,2,"[1,1,2,1,2,1,1]","[3,3]","[[0],[1],[0,1],[0],[0,1],[1],[0]]",UNSAT,UNSAT,UNSAT,"[0, 2, 3, 4]",0.136852,0.046324,0.003114,False
700161,7,6,"[3,3,3,2,1,1,3]","[3,2,3,2,2,3]","[[0,1,3,4],[0,1,3,4,5],[0,1,2,3,4,5],[1,2,3,5],[0,1],[2,3,4],[0,1,2,5]]",UNSAT,UNSAT,UNSAT,"[0, 1, 2, 3, 4, 5, 6]",0.610631,0.113484,0.008834,False
700162,3,1,"[1,1,1]",[2],"[[0],[0],[0]]",UNSAT,UNSAT,UNSAT,"[0, 1, 2]",0.01038,0.023664,0.001669,False
700163,4,7,"[3,2,2,2]","[2,2,1,1,2,3,1]","[[0,1,2,3,4,5,6],[0,1,2,5,6],[3,6],[0,1,4,6]]",FEASIBLE,FEASIBLE,FEASIBLE,null,0.089423,0.054646,0.004014,False
700164,5,5,"[3,1,3,1,2]","[3,2,2,2,1]","[[0,1,2,3,4],[0,1,2,4],[0,1,2,3,4],[0,2,3],[0,1]]",FEASIBLE,FEASIBLE,FEASIBLE,null,0.118304,0.057713,0.004159,False
700165,6,7,"[1,1,1,1,2,3]","[1,1,1,1,1,3,2]","[[0,1,2,3,4,5,6],[3],[2],[0,1,2,3,5,6],[1,3],[1,3,4,5,6]]",UNSAT,UNSAT,UNSAT,"[1, 4]",0.065612,0.076874,0.005656,False
700166,1,7,[2],"[3,1,1,1,2,3,2]","[[0,1]]",FEASIBLE,FEASIBLE,FEASIBLE,null,0.005959,0.015874,0.001061,False
700167,7,7,"[2,3,3,2,1,2,1]","[2,3,3,1,1,2,2]","[[0,4,5],[0,2,3,4,5],[0,1,2,3,5,6],[0,4,5],[0],[0,1,2,3,4,5],[2]]",UNSAT,UNSAT,UNSAT,"[0, 1, 3, 4]",0.340682,0.101221,0.007756,False
700168,4,5,"[1,2,1,1]","[1,2,3,1,1]","[[1],[0,1,2,3,4],[0,1],[0]]",FEASIBLE,FEASIBLE,FEASIBLE,null,0.056998,0.048948,0.003065,False
700169,1,7,[2],"[1,1,3,2,3,2,2]","[[0,1,2,3,4,5,6]]",FEASIBLE,FEASIBLE,FEASIBLE,null,0.006171,0.01804,0.001443,False
700170,2,3,"[2,1]","[2,3,2]","[[1,2],[0,1,2]]",FEASIBLE,FEASIBLE,FEASIBLE,null,0.008766,0.017775,0.001341,False
700171,2,6,"[1,3]","[1,3,2,1,3,3]","[[1,2],[0,2,4,5]]",FEASIBLE,FEASIBLE,FEASIBLE,null,0.013868,0.021886,0.001532,False
700172,1,5,[2],"[1,2,1,1,1]","[[0,1,2,3,4]]",FEASIBLE,FEASIBLE,FEASIBLE,null,0.004932,0.015232,0.00117,False
700173,6,3,"[2,1,1,2,1,2]","[3,3,1]","[[0,2],[0],[2],[1,2],[0,1],[1,2]]",UNSAT,UNSAT,UNSAT,"[0, 2]",0.019709,0.043724,0.003191,False
700174,1,3,[2],"[3,1,1]","[[0,2]]",FEASIBLE,FEASIBLE,FEASIBLE,null,0.003793,0.013166,0.000823,False
700175,1,2,[2],"[3,1]","[[0,1]]",FEASIBLE,FEASIBLE,FEASIBLE,null,0.003042,0.011783,0.000731,False
700176,4,7,"[1,1,1,1]","[3,1,3,2,1,3,2]","[[0,1,3,4],[0,1,4,6],[1],[0,1,2,3,4,5,6]]",FEASIBLE,FEASIBLE,FEASIBLE,null,0.074472,0.030161,0.003563,False
700177,6,1,"[1,1,1,1,1,1]",[3],"[[0],[0],[0],[0],[0],[0]]",UNSAT,UNSAT,UNSAT,"[0, 1, 2, 3]",0.05339,0.034861,0.002681,False
700178,3,2,"[1,1,1]","[3,3]","[[0],[0],[1]]",FEASIBLE,FEASIBLE,FEASIBLE,null,0.015165,0.017035,0.001243,False
700179,2,6,"[3,2]","[1,2,2,3,2,3]","[[0,1,2],[0,1,5]]",FEASIBLE,FEASIBLE,FEASIBLE,null,0.023901,0.098739,0.001548,False
700180,6,2,"[1,2,1,2,2,2]","[2,1]","[[0],[0,1],[0,1],[0,1],[0,1],[0,1]]",UNSAT,UNSAT,UNSAT,"[1, 3]",0.023865,0.043354,0.003147,False
700181,5,7,"[1,2,3,2,3]","[3,1,3,3,3,1,2]","[[0,5,6],[0,1,2,3,4,5],[2,3,4],[1,2,6],[0,1,2,3,4]]",FEASIBLE,FEASIBLE,FEASIBLE,null,0.159639,0.048263,0.003601,False
700182,7,1,"[1,1,1,1,1,1,1]",[1],"[[0],[0],[0],[0],[0],[0],[0]]",UNSAT,UNSAT,UNSAT,"[0, 1]",0.010764,0.036232,0.002297,False
700183,7,1,"[1,1,1,1,1,1,1]",[1],"[[0],[0],[0],[0],[0],[0],[0]]",UNSAT,UNSAT,UNSAT,"[0, 1]",0.010398,0.035849,0.002097,False
700184,7,6,"[2,3,1,3,1,2,1]","[3,1,2,1,3,1]","[[0,4],[0,1,2,3,5],[5],[0,1,2,3,4,5],[0,2,3,5],[2,4],[0,1,3,4,5]]",UNSAT,UNSAT,UNSAT,"[0, 1, 2, 3, 4, 5]",0.600805,0.078648,0.006668,False
700185,7,5,"[3,2,1,1,1,2,1]","[2,2,1,2,3]","[[0,1,2],[0,1,2,3,4],[2],[0,1,4],[0,1,2,3,4],[0,1,2,3],[0,1,2,4]]",UNSAT,UNSAT,UNSAT,"[0, 2]",0.030633,0.08415,0.006044,False
700186,1,1,[1],[3],[[0]],FEASIBLE,FEASIBLE,FEASIBLE,null,0.002605,0.00943,0.011443,False
700187,3,3,"[2,2,1]","[1,1,3]","[[0,1],[0,1],[0,1,2]]",UNSAT,UNSAT,UNSAT,"[0, 1]",0.010565,0.031196,0.003087,False
700188,5,2,"[1,1,1,1,2]","[2,1]","[[0],[0],[1],[0,1],[0,1]]",UNSAT,UNSAT,UNSAT,"[2, 4]",0.024784,0.035159,0.002835,False
700189,4,3,"[2,2,1,1]","[2,2,3]","[[0,1],[0,1],[0,1,2],[0,2]]",FEASIBLE,FEASIBLE,FEASIBLE,null,0.038129,0.029784,0.001911,False
700190,5,4,"[2,3,1,1,2]","[1,2,2,1]","[[1,3],[0,1,2,3],[0,2],[0,2],[0,2,3]]",UNSAT,UNSAT,UNSAT,"[0, 1, 4]",0.052889,0.059609,0.003955,False
700191,7,4,"[1,1,1,2,1,1,1]","[2,2,2,2]","[[1],[2],[0,1,2],[0,1],[1],[1],[2,3]]",UNSAT,UNSAT,UNSAT,"[0, 3, 4]",0.113225,0.044829,0.003245,False
700192,1,4,[1],"[3,1,3,2]","[[0,1,2,3]]",FEASIBLE,FEASIBLE,FEASIBLE,null,0.004376,0.013137,0.001004,False
700193,1,3,[1],"[3,1,2]",[[0]],FEASIBLE,FEASIBLE,FEASIBLE,null,0.003508,0.009267,0.000662,False
700194,3,6,"[1,1,2]","[2,1,2,3,2,2]","[[0,1,3,4,5],[0,1,2,4,5],[3,5]]",FEASIBLE,FEASIBLE,FEASIBLE,null,0.030882,0.026392,0.002194,False
700195,6,5,"[3,1,3,1,2,1]","[2,3,3,3,3]","[[0,2,3],[0],[0,1,2],[4],[0,3],[0,2,4]]",UNSAT,UNSAT,UNSAT,"[0, 1, 2]",0.077385,0.051352,0.025152,False
700196,6,4,"[1,1,1,2,2,1]","[1,1,3,2]","[[2],[2,3],[1,2,3],[0,2],[0,1,2,3],[0,2,3]]",UNSAT,UNSAT,UNSAT,"[0, 1, 2, 3, 4, 5]",0.204038,0.054538,0.007751,False
700197,2,5,"[3,1]","[1,3,2,1,3]","[[0,1,2,3,4],[2]]",FEASIBLE,FEASIBLE,FEASIBLE,null,0.012175,0.021599,0.002388,False
700198,5,5,"[2,2,2,3,1]","[1,3,1,3,2]","[[1,3,4],[0,4],[0,2,3,4],[0,2,3,4],[1,2,3,4]]",UNSAT,UNSAT,UNSAT,"[1, 2, 3]",0.080877,0.0549,0.008938,False
700199,3,3,"[2,1,2]","[1,2,1]","[[0,1],[1,2],[0,1,2]]",UNSAT,UNSAT,UNSAT,"[0, 1, 2]",0.01897,0.034003,0.003706,False
700200,4,4,"[1,1,1,1]","[3,2,3,2]","[[1,2,3],[2],[0],[0,1]]",FEASIBLE,FEASIBLE,FEASIBLE,null,0.04759,0.023523,0.00243,False
700201,6,4,"[1,1,2,2,1,1]","[1,1,3,2]","[[2],[0,2,3],[2,3],[0,1,3],[0,1,2,3],[2]]",UNSAT,UNSAT,UNSAT,"[0, 1, 2, 3, 4, 5]",0.203823,0.127882,0.005665,False
700202,4,5,"[1,2,2,1]","[1,2,3,1,1]","[[4],[0,1,2,3],[0,1,3,4],[0]]",FEASIBLE,FEASIBLE,FEASIBLE,null,0.05556,0.038646,0.00382,False
700203,5,3,"[1,1,2,1,1]","[3,3,1]","[[2],[1],[0,1,2],[0],[1,2]]",FEASIBLE,FEASIBLE,FEASIBLE,null,0.078308,0.027974,0.002656,False
700204,5,7,"[2,3,2,3,1]","[2,2,3,2,1,1,1]","[[1,4],[0,1,2,5],[5,6],[0,1,2,3,4,6],[0,1,2,3,4,5,6]]",FEASIBLE,FEASIBLE,FEASIBLE,null,0.170712,0.050825,0.00817,False
700205,7,5,"[3,3,3,2,1,1,1]","[1,1,2,3,1]","[[0,1,2,4],[0,1,2,4],[0,1,2,3,4],[2,3],[2],[1],[0,1,2,3,4]]",UNSAT,UNSAT,UNSAT,"[0, 1]",0.028036,0.088671,0.033055,False
700206,1,6,[2],"[1,1,1,2,1,1]","[[1,2,3,5]]",FEASIBLE,FEASIBLE,FEASIBLE,null,0.005646,0.016318,0.002686,False
700207,2,2,"[1,2]","[2,3]","[[0],[0,1]]",FEASIBLE,FEASIBLE,FEASIBLE,null,0.007226,0.016161,0.001727,False
700208,6,7,"[1,1,2,1,2,1]","[1,2,2,1,2,3,3]","[[0,1,2,5],[1,5],[0,3,4,6],[0,1,2,3,4,5,6],[0,1,2,3,4,5,6],[2,3]]",FEASIBLE,FEASIBLE,FEASIBLE,null,0.336373,0.066862,0.006069,False
700209,6,7,"[2,1,1,3,3,2]","[3,1,2,1,2,3,2]","[[0,3,5],[3],[0,1,2,3,4,5,6],[0,2,4,5],[0,1,2,3,4,5,6],[1,2,3,4,6]]",FEASIBLE,FEASIBLE,FEASIBLE,null,0.342723,0.077863,0.006511,False
700210,1,5,[3],"[3,3,2,1,2]","[[2,3,4]]",FEASIBLE,FEASIBLE,FEASIBLE,null,0.005214,0.089163,0.001915,False
700211,6,5,"[2,3,1,2,3,1]","[2,3,1,1,1]","[[0,2],[0,1,2,3,4],[1,2,3],[1,2],[0,1,2,3],[1,3,4]]",UNSAT,UNSAT,UNSAT,"[0, 3]",0.0323,0.062145,0.007906,False
700212,6,7,"[1,1,2,3,1,2]","[2,3,2,1,2,1,1]","[[2],[0,2,4,5,6],[0,3,5],[0,1,4,5,6],[3],[1,3,5]]",UNSAT,UNSAT,UNSAT,"[2, 4, 5]",0.215674,0.078557,0.007895,False
700213,3,4,"[1,1,3]","[1,2,3,1]","[[1,3],[0,1,2,3],[0,2,3]]",FEASIBLE,FEASIBLE,FEASIBLE,null,0.022861,0.035242,0.003293,False
700214,6,2,"[2,1,2,1,1,1]","[1,3]","[[0,1],[0],[0,1],[1],[0],[0]]",UNSAT,UNSAT,UNSAT,"[0, 1]",0.013676,0.039323,0.004236,False
700215,4,6,"[1,2,1,3]","[1,3,3,2,1,2]","[[1],[0,1,2,3,4,5],[2],[2,3,4]]",FEASIBLE,FEASIBLE,FEASIBLE,null,0.067839,0.033065,0.002972,False
700216,3,7,"[1,1,3]","[1,3,2,3,1,3,3]","[[0,3],[2],[0,1,2,3,4,5]]",FEASIBLE,FEASIBLE,FEASIBLE,null,0.035536,0.028177,0.002826,False
700217,6,4,"[1,1,1,1,3,1]","[2,1,3,2]","[[3],[1],[3],[2],[0,1,3],[0]]",UNSAT,UNSAT,UNSAT,"[1, 4]",0.041074,0.04163,0.004151,False
700218,3,6,"[2,2,3]","[3,1,3,3,1,3]","[[0,1,2,3,4],[0,1],[0,1,2,3,4,5]]",FEASIBLE,FEASIBLE,FEASIBLE,null,0.030793,0.045286,0.023668,False
700219,1,3,[2],"[1,3,3]","[[1,2]]",FEASIBLE,FEASIBLE,FEASIBLE,null,0.003855,0.012757,0.001867,False
700220,4,1,"[1,1,1,1]",[2],"[[0],[0],[0],[0]]",UNSAT,UNSAT,UNSAT,"[0, 1, 2]",0.015453,0.027126,0.0033,False
700221,5,2,"[1,1,2,1,2]","[3,2]","[[0,1],[1],[0,1],[0],[0,1]]",UNSAT,UNSAT,UNSAT,"[1, 2, 4]",0.041274,0.111909,0.004178,False
700222,7,3,"[2,1,3,1,3,1,1]","[2,3,2]","[[0,1,2],[2],[0,1,2],[1],[0,1,2],[0,1,2],[0]]",UNSAT,UNSAT,UNSAT,"[0, 2, 4]",0.083567,0.055886,0.005995,False
700223,1,7,[2],"[1,2,3,3,3,1,3]","[[0,3,5,6]]",FEASIBLE,FEASIBLE,FEASIBLE,null,0.005954,0.016468,0.001589,False
700224,2,7,"[2,3]","[1,3,1,3,1,2,2]","[[0,3,4,6],[0,2,3,4]]",FEASIBLE,FEASIBLE,FEASIBLE,null,0.015556,0.026368,0.002315,False
700225,5,5,"[1,2,2,2,1]","[1,1,3,2,2]","[[0,2,3,4],[0,1,3,4],[0,1,2,3,4],[2,4],[0,1,4]]",FEASIBLE,FEASIBLE,FEASIBLE,null,0.120364,0.04258,0.004003,False
700226,6,1,"[1,1,1,1,1,1]",[3],"[[0],[0],[0],[0],[0],[0]]",UNSAT,UNSAT,UNSAT,"[0, 1, 2, 3]",0.051468,0.034771,0.003557,False
700227,6,7,"[3,2,1,1,3,1]","[1,1,1,1,2,3,1]","[[0,1,2,4],[3,4,5,6],[1],[0,1,2,3,4,5,6],[0,5,6],[0,3,4,5,6]]",UNSAT,UNSAT,UNSAT,"[0, 2, 4]",0.131166,0.097482,0.008455,False
700228,1,6,[1],"[1,1,3,2,2,3]","[[0,4]]",FEASIBLE,FEASIBLE,FEASIBLE,null,0.005595,0.012936,0.001507,False
700229,1,6,[2],"[1,1,1,1,3,2]","[[1,4]]",FEASIBLE,FEASIBLE,FEASIBLE,null,0.005336,0.014228,0.001283,False
700230,6,4,"[1,2,2,1,1,1]","[3,3,2,3]","[[0],[0,1,2,3],[0,1,2],[0,1,2],[1],[0,1,2,3]]",FEASIBLE,FEASIBLE,FEASIBLE,null,0.203987,0.051272,0.004558,False
700231,4,3,"[1,1,1,1]","[2,1,3]","[[0,1,2],[2],[1,2],[0,1,2]]",FEASIBLE,FEASIBLE,FEASIBLE,null,0.0392,0.024193,0.00225,False
700232,1,6,[2],"[1,3,3,1,1,3]","[[1,3,5]]",FEASIBLE,FEASIBLE,FEASIBLE,null,0.005288,0.014771,0.001489,False
700233,3,3,"[1,2,1]","[3,3,2]","[[1,2],[0,1,2],[0]]",FEASIBLE,FEASIBLE,FEASIBLE,null,0.019099,0.094584,0.001982,False
700234,2,1,"[1,1]",[3],"[[0],[0]]",FEASIBLE,FEASIBLE,FEASIBLE,null,0.005781,0.012722,0.001535,False
700235,6,5,"[1,3,3,1,3,1]","[3,2,2,2,3]","[[0,1,3],[0,2,4],[1,2,3,4],[2,3,4],[0,2,3,4],[0]]",FEASIBLE,FEASIBLE,FEASIBLE,null,0.248019,0.064126,0.006013,False
700236,6,1,"[1,1,1,1,1,1]",[3],"[[0],[0],[0],[0],[0],[0]]",UNSAT,UNSAT,UNSAT,"[0, 1, 2, 3]",0.051221,0.034964,0.003609,False
700237,4,3,"[1,2,1,1]","[2,2,1]","[[2],[0,1,2],[1,2],[1]]",UNSAT,UNSAT,UNSAT,"[0, 1, 2, 3]",0.038642,0.034275,0.00331,False
700238,4,4,"[1,3,1,1]","[1,3,3,2]","[[0,1,2,3],[1,2,3],[2],[0,3]]",FEASIBLE,FEASIBLE,FEASIBLE,null,0.047298,0.02975,0.002741,False
700239,7,5,"[1,3,1,2,2,1,1]","[3,1,1,3,1]","[[2],[0,1,2,3,4],[0],[2,3],[0,1,3],[1,3],[1,4]]",UNSAT,UNSAT,UNSAT,"[0, 3]",0.034503,0.079588,0.006531,False
700240,4,5,"[1,1,3,2]","[2,2,3,3,2]","[[0,2],[1,2],[0,1,2,3,4],[0,1,2,3,4]]",FEASIBLE,FEASIBLE,FEASIBLE,null,0.056653,0.035549,0.006757,False
700241,1,1,[1],[2],[[0]],FEASIBLE,FEASIBLE,FEASIBLE,null,0.003256,0.010812,0.000948,False
700242,6,1,"[1,1,1,1,1,1]",[3],"[[0],[0],[0],[0],[0],[0]]",UNSAT,UNSAT,UNSAT,"[0, 1, 2, 3]",0.05161,0.035117,0.00282,False
700243,5,3,"[1,2,1,3,2]","[1,1,3]","[[0,2],[0,1],[0,1],[0,1,2],[0,1,2]]",UNSAT,UNSAT,UNSAT,"[1, 2]",0.024754,0.06043,0.005111,False
700244,7,7,"[1,2,2,3,2,2,2]","[2,3,3,1,2,2,2]","[[0,1,2,3,5,6],[1,2,4,5,6],[0,1,2,3,4,6],[0,2,5,6],[2,4,6],[0,2],[1,2,4,5,6]]",FEASIBLE,FEASIBLE,FEASIBLE,null,0.699577,0.152608,0.008221,False
700245,6,4,"[1,1,3,1,1,2]","[1,2,1,1]","[[0],[2],[0,1,3],[1,2,3],[0,1],[1,2]]",UNSAT,UNSAT,UNSAT,"[0, 2]",0.024163,0.048318,0.004954,False
700246,2,6,"[3,2]","[1,1,1,3,1,2]","[[0,1,2],[0,1,2,5]]",UNSAT,UNSAT,UNSAT,"[0, 1]",0.013651,0.034544,0.00359,False
700247,7,6,"[3,2,1,3,2,1,3]","[1,1,3,3,3,2]","[[0,1,2,3,4],[0,1,2,3,4,5],[0,1,3,4,5],[0,2,3,4],[0,1,3,4,5],[0],[0,1,2,3,4,5]]",UNSAT,UNSAT,UNSAT,"[0, 1, 2, 3, 4, 6]",0.649891,0.095758,0.010646,False
700248,2,4,"[1,2]","[3,1,3,3]","[[0,2,3],[1,3]]",FEASIBLE,FEASIBLE,FEASIBLE,null,0.010964,0.019205,0.001914,False
700249,6,2,"[1,1,1,1,1,1]","[3,1]","[[0,1],[0,1],[0,1],[0],[0,1],[0,1]]",UNSAT,UNSAT,UNSAT,"[0, 1, 2, 3, 4]",0.107371,0.043509,0.004217,False
700250,5,6,"[1,1,3,3,1]","[1,1,2,3,2,2]","[[0,1,4,5],[0,5],[0,2,4,5],[0,1,2,3,4],[0,2,3]]",FEASIBLE,FEASIBLE,FEASIBLE,null,0.139999,0.046139,0.004071,False
700251,1,7,[1],"[2,3,2,1,1,1,1]","[[0,2,3,4,5,6]]",FEASIBLE,FEASIBLE,FEASIBLE,null,0.005898,0.015704,0.001379,False
700252,2,1,"[1,1]",[3],"[[0],[0]]",FEASIBLE,FEASIBLE,FEASIBLE,null,0.005394,0.012973,0.000803,False
700253,3,6,"[1,1,1]","[1,3,3,1,1,3]","[[0,1,3,4,5],[1,2,4,5],[0,1,3,5]]",FEASIBLE,FEASIBLE,FEASIBLE,null,0.030621,0.029458,0.002224,False
700254,4,2,"[2,1,2,1]","[3,1]","[[0,1],[0],[0,1],[0]]",UNSAT,UNSAT,UNSAT,"[0, 2]",0.011935,0.111145,0.002522,False
700255,6,2,"[1,1,2,2,1,2]","[3,1]","[[0],[1],[0,1],[0,1],[0],[0,1]]",UNSAT,UNSAT,UNSAT,"[1, 2]",0.022142,0.042098,0.00301,False
700256,3,4,"[3,1,1]","[1,2,1,2]","[[1,2,3],[0,1,3],[2]]",UNSAT,UNSAT,UNSAT,"[0, 2]",0.016147,0.031708,0.002475,False
700257,1,3,[3],"[1,1,1]","[[0,1,2]]",FEASIBLE,FEASIBLE,FEASIBLE,null,0.003771,0.016051,0.001028,False
700258,6,7,"[3,2,1,1,1,3]","[3,2,3,1,2,2,2]","[[0,3,4,5,6],[0,1,2,3,4,6],[5],[6],[2,4],[0,2,3,5]]",FEASIBLE,FEASIBLE,FEASIBLE,null,0.335418,0.047865,0.003509,False
700259,7,6,"[2,1,1,3,1,1,1]","[1,1,3,3,1,2]","[[0,1,4],[1,2],[1,2,3,4,5],[0,2,3],[0,1,2,3,4],[4],[0,2,3]]",UNSAT,UNSAT,UNSAT,"[0, 3, 5]",0.164673,0.062252,0.005593,False
700260,3,2,"[1,1,1]","[1,2]","[[0],[0],[0,1]]",UNSAT,UNSAT,UNSAT,"[0, 1]",0.008525,0.02496,0.001969,False
700261,2,1,"[1,1]",[2],"[[0],[0]]",FEASIBLE,FEASIBLE,FEASIBLE,null,0.005493,0.01289,0.000764,False
700262,5,7,"[2,3,1,2,2]","[3,1,2,3,3,3,1]","[[0,1,2,3,4,5,6],[0,1,2,3,4,5,6],[0,1,2,4,6],[0,2,3,4],[1,2,3,4,5,6]]",FEASIBLE,FEASIBLE,FEASIBLE,null,0.160919,0.054074,0.00439,False
700263,7,2,"[1,2,1,1,1,1,1]","[1,1]","[[0,1],[0,1],[0,1],[1],[0,1],[1],[0]]",UNSAT,UNSAT,UNSAT,"[0, 1]",0.014984,0.044515,0.003384,False
700264,6,1,"[1,1,1,1,1,1]",[2],"[[0],[0],[0],[0],[0],[0]]",UNSAT,UNSAT,UNSAT,"[0, 1, 2]",0.026862,0.033827,0.002214,False
700265,3,7,"[1,1,2]","[3,2,3,2,2,2,1]","[[6],[0,1,2,4,5,6],[1,2,3,5,6]]",FEASIBLE,FEASIBLE,FEASIBLE,null,0.034473,0.142901,0.002299,False
700266,2,1,"[1,1]",[1],"[[0],[0]]",UNSAT,UNSAT,UNSAT,"[0, 1]",0.005608,0.019553,0.001212,False
700267,6,4,"[1,2,1,3,1,2]","[2,2,3,3]","[[0,1,2,3],[0,2],[3],[0,1,2,3],[1],[2,3]]",FEASIBLE,FEASIBLE,FEASIBLE,null,0.205771,0.04127,0.002792,False
700268,6,6,"[1,1,1,2,3,1]","[2,2,3,2,2,3]","[[1,2,3],[1],[1,2,3],[1,4,5],[1,4,5],[2,3]]",FEASIBLE,FEASIBLE,FEASIBLE,null,0.286611,0.054997,0.003684,False
700269,7,6,"[3,2,1,3,2,1,1]","[1,3,1,3,2,1]","[[1,2,4,5],[2,3,5],[5],[0,1,4],[0,2,3,4,5],[1,3,4],[0]]",UNSAT,UNSAT,UNSAT,"[3, 6]",0.105759,0.068878,0.005511,False
700270,5,3,"[2,1,1,1,2]","[2,1,3]","[[1,2],[0,1],[0],[1],[0,1]]",UNSAT,UNSAT,UNSAT,"[0, 3]",0.020363,0.038955,0.003079,False
700271,2,7,"[2,1]","[1,3,2,1,1,3,3]","[[0,2,3,4,5,6],[1,2,3,4,5,6]]",FEASIBLE,FEASIBLE,FEASIBLE,null,0.016106,0.024642,0.002058,False
700272,7,4,"[2,1,2,3,1,2,1]","[3,3,2,2]","[[0,1],[0],[0,3],[0,1,3],[0,1,2,3],[1,2,3],[0]]",UNSAT,UNSAT,UNSAT,"[0, 1, 2, 3]",0.215679,0.077904,0.005515,False
700273,1,2,[1],"[1,2]",[[1]],FEASIBLE,FEASIBLE,FEASIBLE,null,0.003682,0.010803,0.000741,False
700274,4,2,"[1,1,1,1]","[2,3]","[[0],[0],[1],[0]]",UNSAT,UNSAT,UNSAT,"[0, 1, 3]",0.023445,0.029068,0.001962,False
700275,6,7,"[2,1,1,1,1,1]","[2,2,2,3,2,2,3]","[[0,3],[1,3],[6],[3],[0,2,3,4,5,6],[2]]",FEASIBLE,FEASIBLE,FEASIBLE,null,0.331659,0.040106,0.002733,False
700276,7,7,"[1,1,2,2,2,1,3]","[3,3,1,1,3,1,3]","[[1,3],[2,5,6],[0,1,3,5],[1,2,3,4,5],[1,2,3,4,6],[1,3],[3,4,6]]",FEASIBLE,FEASIBLE,FEASIBLE,null,0.718815,0.157501,0.005491,False
700277,4,1,"[1,1,1,1]",[2],"[[0],[0],[0],[0]]",UNSAT,UNSAT,UNSAT,"[0, 1, 2]",0.015517,0.028535,0.002416,False
700278,3,2,"[1,1,2]","[2,1]","[[1],[0],[0,1]]",UNSAT,UNSAT,UNSAT,"[0, 2]",0.010907,0.026977,0.00212,False
700279,5,1,"[1,1,1,1,1]",[1],"[[0],[0],[0],[0],[0]]",UNSAT,UNSAT,UNSAT,"[0, 1]",0.009084,0.030267,0.002335,False
700280,2,5,"[2,2]","[2,3,2,1,2]","[[1,4],[0,3,4]]",FEASIBLE,FEASIBLE,FEASIBLE,null,0.01255,0.021624,0.001856,False
700281,2,7,"[1,2]","[2,2,3,2,1,1,1]","[[0,1,3,4,5],[1,2,4,6]]",FEASIBLE,FEASIBLE,FEASIBLE,null,0.015893,0.023123,0.002026,False
700282,1,2,[2],"[1,1]","[[0,1]]",FEASIBLE,FEASIBLE,FEASIBLE,null,0.003359,0.012264,0.000869,False
700283,6,6,"[1,3,1,1,1,1]","[2,3,1,2,2,1]","[[0,1,2,3,4,5],[0,1,2,3,4],[4],[4],[0,1,2,3,4,5],[1,3]]",FEASIBLE,FEASIBLE,FEASIBLE,null,0.31257,0.045062,0.003698,False
700284,2,7,"[1,3]","[1,2,2,3,1,3,1]","[[5],[0,3,6]]",FEASIBLE,FEASIBLE,FEASIBLE,null,0.016405,0.021774,0.001663,False
700285,4,6,"[2,1,1,2]","[1,2,2,3,1,1]","[[0,1,2,3,5],[0,1,2,3,4],[2,5],[1,3,5]]",FEASIBLE,FEASIBLE,FEASIBLE,null,0.06755,0.035853,0.003044,False
700286,1,7,[1],"[1,1,3,2,1,1,1]","[[2,4,6]]",FEASIBLE,FEASIBLE,FEASIBLE,null,0.006201,0.013882,0.001193,False
700287,4,2,"[1,1,1,1]","[1,1]","[[1],[0],[1],[0,1]]",UNSAT,UNSAT,UNSAT,"[0, 2]",0.012536,0.030408,0.002401,False
700288,7,2,"[1,1,1,2,1,1,1]","[3,2]","[[0,1],[1],[1],[0,1],[0,1],[0],[0,1]]",UNSAT,UNSAT,UNSAT,"[1, 2, 3]",0.080961,0.121374,0.003916,False
700289,1,2,[1],"[2,1]","[[0,1]]",FEASIBLE,FEASIBLE,FEASIBLE,null,0.003475,0.011041,0.000866,False
700290,2,5,"[3,1]","[2,2,3,2,1]","[[0,3,4],[3]]",FEASIBLE,FEASIBLE,FEASIBLE,null,0.012378,0.020063,0.001585,False
700291,1,6,[3],"[3,2,1,3,1,1]","[[0,1,2,3,4,5]]",FEASIBLE,FEASIBLE,FEASIBLE,null,0.005382,0.019042,0.001282,False
700292,2,1,"[1,1]",[2],"[[0],[0]]",FEASIBLE,FEASIBLE,FEASIBLE,null,0.005545,0.013099,0.000656,False
700293,7,3,"[1,1,3,1,2,3,1]","[1,3,1]","[[0],[0,1,2],[0,1,2],[2],[1,2],[0,1,2],[0,1]]",UNSAT,UNSAT,UNSAT,"[0, 2]",0.021988,0.05666,0.005374,False
700294,5,1,"[1,1,1,1,1]",[1],"[[0],[0],[0],[0],[0]]",UNSAT,UNSAT,UNSAT,"[0, 1]",0.00867,0.030212,0.002196,False
700295,6,1,"[1,1,1,1,1,1]",[1],"[[0],[0],[0],[0],[0],[0]]",UNSAT,UNSAT,UNSAT,"[0, 1]",0.009748,0.033647,0.002029,False
700296,2,6,"[2,2]","[1,2,1,1,3,3]","[[0,3,5],[0,1,2,3,4,5]]",FEASIBLE,FEASIBLE,FEASIBLE,null,0.014926,0.025506,0.001973,False
700297,4,2,"[1,1,1,1]","[1,1]","[[0,1],[1],[0],[0,1]]",UNSAT,UNSAT,UNSAT,"[0, 1, 2]",0.023073,0.031593,0.002258,False
700298,6,5,"[1,1,1,1,1,2]","[2,2,3,1,2]","[[0,1],[0,3],[0,4],[2],[1,2],[0,1,2,3,4]]",FEASIBLE,FEASIBLE,FEASIBLE,null,0.247784,0.037908,0.002836,False
700299,2,2,"[1,1]","[3,1]","[[1],[0]]",FEASIBLE,FEASIBLE,FEASIBLE,null,0.007331,0.014125,0.000825,False
700300,2,6,"[3,3]","[2,3,1,1,2,2]","[[0,1,2,3,4,5],[2,4,5]]",FEASIBLE,FEASIBLE,FEASIBLE,null,0.01378,0.035814,0.00245,False
700301,7,1,"[1,1,1,1,1,1,1]",[3],"[[0],[0],[0],[0],[0],[0],[0]]",UNSAT,UNSAT,UNSAT,"[0, 1, 2, 3]",0.090496,0.115352,0.002585,False
700302,2,3,"[1,2]","[1,1,2]","[[0,2],[0,1,2]]",FEASIBLE,FEASIBLE,FEASIBLE,null,0.009156,0.019886,0.001251,False
700303,4,4,"[1,1,1,3]","[1,3,3,3]","[[0],[1,2],[0],[0,1,2,3]]",UNSAT,UNSAT,UNSAT,"[0, 2]",0.01859,0.127591,0.002538,False
700304,6,3,"[1,3,1,2,1,1]","[3,3,1]","[[2],[0,1,2],[1,2],[0,2],[0],[0,1,2]]",UNSAT,UNSAT,UNSAT,"[0, 1]",0.030292,0.056944,0.003301,False
700305,3,6,"[2,1,1]","[2,3,3,2,2,2]","[[0,2],[0],[4]]",FEASIBLE,FEASIBLE,FEASIBLE,null,0.031441,0.029132,0.001354,False
700306,6,6,"[2,2,1,3,3,2]","[2,1,3,2,1,3]","[[3,5],[0,1,4,5],[1,2,3,5],[0,2,5],[2,3,4,5],[0,1,2,3,4,5]]",UNSAT,UNSAT,UNSAT,"[0, 1, 2, 3, 4, 5]",0.305083,0.08782,0.006212,False
700307,6,1,"[1,1,1,1,1,1]",[3],"[[0],[0],[0],[0],[0],[0]]",UNSAT,UNSAT,UNSAT,"[0, 1, 2, 3]",0.053379,0.037238,0.002191,False
700308,4,5,"[2,1,3,1]","[3,3,2,2,1]","[[2,4],[0,1,2,4],[2,3,4],[0,2]]",UNSAT,UNSAT,UNSAT,"[0, 2]",0.022783,0.051014,0.002834,False
700309,4,1,"[1,1,1,1]",[2],"[[0],[0],[0],[0]]",UNSAT,UNSAT,UNSAT,"[0, 1, 2]",0.01537,0.029129,0.001839,False
700310,1,1,[1],[2],[[0]],FEASIBLE,FEASIBLE,FEASIBLE,null,0.003344,0.010199,0.000671,False
700311,2,4,"[1,2]","[3,1,3,2]","[[0,1,2],[0,2]]",FEASIBLE,FEASIBLE,FEASIBLE,null,0.011241,0.019429,0.001256,False
700312,2,7,"[1,2]","[2,1,3,1,1,3,2]","[[2],[0,2,3,4,5,6]]",FEASIBLE,FEASIBLE,FEASIBLE,null,0.016462,0.030766,0.001761,False
700313,7,6,"[2,2,3,1,3,2,3]","[2,1,3,1,3,2]","[[0,1,5],[2,5],[0,2,4,5],[0,2,3],[1,2,3,5],[1,3,4],[1,2,3,4,5]]",UNSAT,UNSAT,UNSAT,"[0, 1, 4, 5]",0.334531,0.164507,0.006907,False
700314,7,3,"[2,1,1,2,1,3,1]","[3,1,1]","[[0,1,2],[1],[0,1,2],[0,1,2],[2],[0,1,2],[0,1,2]]",UNSAT,UNSAT,UNSAT,"[0, 5]",0.029373,0.05773,0.004617,False
700315,1,7,[2],"[1,2,1,1,3,2,3]","[[0,1,2,5,6]]",FEASIBLE,FEASIBLE,FEASIBLE,null,0.006218,0.018266,0.001306,False
700316,6,7,"[3,1,1,1,1,3]","[2,3,3,3,3,2,3]","[[1,2,3,4],[1,6],[0,3,4,5,6],[0],[2,3,4,5],[0,1,3,4,6]]",FEASIBLE,FEASIBLE,FEASIBLE,null,0.359296,0.050098,0.003618,False
700317,7,5,"[3,1,1,2,3,1,1]","[2,3,3,1,1]","[[0,1,4],[0,1,2,3],[2,4],[0,2,3,4],[0,1,2,3,4],[4],[0,1,2,3,4]]",UNSAT,UNSAT,UNSAT,"[0, 5]",0.04346,0.075752,0.005893,False
700318,6,5,"[2,2,2,2,1,1]","[3,2,2,3,2]","[[0,1,4],[0,4],[0,3],[1,4],[1],[1]]",UNSAT,UNSAT,UNSAT,"[3, 4, 5]",0.148903,0.050196,0.003584,False
700319,4,1,"[1,1,1,1]",[2],"[[0],[0],[0],[0]]",UNSAT,UNSAT,UNSAT,"[0, 1, 2]",0.015264,0.02757,0.001669,False
700320,4,1,"[1,1,1,1]",[1],"[[0],[0],[0],[0]]",UNSAT,UNSAT,UNSAT,"[0, 1]",0.00754,0.026652,0.001527,False
700321,5,2,"[1,2,1,1,1]","[1,3]","[[0],[0,1],[1],[0,1],[1]]",UNSAT,UNSAT,UNSAT,"[0, 1]",0.012118,0.039824,0.002731,False
700322,7,4,"[3,1,2,1,2,1,1]","[2,3,1,2]","[[0,1,2,3],[0],[0,1,2,3],[2],[0,1],[1],[2]]",UNSAT,UNSAT,UNSAT,"[3, 6]",0.071396,0.080232,0.005348,False
700323,1,2,[1],"[3,3]",[[0]],FEASIBLE,FEASIBLE,FEASIBLE,null,0.003445,0.085236,0.000769,False
700324,6,5,"[1,1,2,2,1,1]","[3,1,2,3,2]","[[0],[0,3],[0,1,4],[0,1],[2],[0,1,2,3,4]]",FEASIBLE,FEASIBLE,FEASIBLE,null,0.30013,0.051979,0.003691,False
700325,7,5,"[1,1,2,1,2,3,1]","[2,3,3,1,3]","[[1,2,4],[0,1,2,3,4],[0,4],[0,4],[0,1],[0,1,2,3,4],[0,1,2]]",FEASIBLE,FEASIBLE,FEASIBLE,null,0.509969,0.09805,0.004841,False
700326,4,6,"[1,1,1,2]","[3,3,1,2,1,3]","[[0,1,2,3,4,5],[0,1,5],[0,1,2,3,4,5],[1,2,3,5]]",FEASIBLE,FEASIBLE,FEASIBLE,null,0.070167,0.033081,0.003019,False
700327,5,6,"[1,3,2,1,1]","[3,1,2,1,1,2]","[[0,5],[0,1,2,3,4,5],[0,1,2,4],[1,2,3,4,5],[5]]",FEASIBLE,FEASIBLE,FEASIBLE,null,0.136551,0.056682,0.003074,False
700328,2,2,"[1,1]","[1,1]","[[1],[0,1]]",FEASIBLE,FEASIBLE,FEASIBLE,null,0.007114,0.014101,0.001,False
700329,3,6,"[1,1,2]","[1,3,3,1,2,2]","[[1],[1,2,3,4,5],[1,2,3,5]]",FEASIBLE,FEASIBLE,FEASIBLE,null,0.030312,0.025719,0.001974,False
700330,7,6,"[1,1,3,2,2,1,2]","[3,3,3,2,1,2]","[[2,3],[0,3],[0,1,2,3,5],[0,1,3,4,5],[0,1,2,3,4,5],[0],[2,3,4,5]]",FEASIBLE,FEASIBLE,FEASIBLE,null,0.595306,0.122164,0.004995,False
700331,7,3,"[1,3,1,1,2,2,3]","[1,2,3]","[[2],[0,1,2],[1,2],[2],[0,1,2],[0,1],[0,1,2]]",UNSAT,UNSAT,UNSAT,"[1, 5]",0.040467,0.05693,0.004243,False
700332,1,4,[2],"[3,3,2,3]","[[0,1,2,3]]",FEASIBLE,FEASIBLE,FEASIBLE,null,0.004799,0.015349,0.001208,False
700333,7,6,"[1,2,3,2,2,2,1]","[3,1,2,1,1,1]","[[2,4],[0,1,4],[0,1,2,4,5],[0,4],[0,2,4,5],[0,2,3,4,5],[0,1,2,3,4,5]]",UNSAT,UNSAT,UNSAT,"[1, 2, 3, 4]",0.365233,0.150649,0.006777,False
700334,4,7,"[1,1,3,2]","[3,1,1,1,1,1,3]","[[3,6],[0],[0,2,4,5,6],[0,1,2,3,4,5,6]]",FEASIBLE,FEASIBLE,FEASIBLE,null,0.072121,0.035206,0.002809,False
700335,1,3,[2],"[3,3,1]","[[0,1,2]]",FEASIBLE,FEASIBLE,FEASIBLE,null,0.003745,0.013047,0.00143,False
700336,1,4,[2],"[3,1,3,3]","[[0,1,3]]",FEASIBLE,FEASIBLE,FEASIBLE,null,0.004004,0.012656,0.001112,False
700337,3,6,"[2,3,1]","[2,2,3,3,3,2]","[[0,1,2,3,4,5],[0,1,2,4,5],[5]]",FEASIBLE,FEASIBLE,FEASIBLE,null,0.029195,0.029063,0.002339,False
700338,1,4,[3],"[2,2,3,2]","[[0,2,3]]",FEASIBLE,FEASIBLE,FEASIBLE,null,0.004204,0.014583,0.000943,False
700339,6,7,"[1,1,2,1,2,2]","[3,2,3,3,1,1,2]","[[4],[2,3,5,6],[0,1,2,3,4],[0,1,2,3,4],[0,2,3],[0,4,5,6]]",FEASIBLE,FEASIBLE,FEASIBLE,null,0.317984,0.045188,0.003935,False
700340,6,1,"[1,1,1,1,1,1]",[3],"[[0],[0],[0],[0],[0],[0]]",UNSAT,UNSAT,UNSAT,"[0, 1, 2, 3]",0.049201,0.034003,0.002639,False
700341,6,2,"[1,1,1,1,2,2]","[3,2]","[[1],[0,1],[1],[1],[0,1],[0,1]]",UNSAT,UNSAT,UNSAT,"[0, 2, 3]",0.047007,0.041756,0.002855,False
700342,1,6,[1],"[1,2,2,3,1,1]",[[1]],FEASIBLE,FEASIBLE,FEASIBLE,null,0.00529,0.011738,0.000875,False
700343,4,3,"[2,1,3,1]","[1,1,2]","[[1,2],[1],[0,1,2],[0]]",UNSAT,UNSAT,UNSAT,"[0, 1]",0.012578,0.035986,0.002685,False
700344,4,6,"[1,1,3,3]","[2,2,1,3,2,2]","[[0],[2],[2,3,4],[1,2,3,4]]",UNSAT,UNSAT,UNSAT,"[1, 2]",0.043795,0.113577,0.003086,False
700345,6,6,"[3,1,2,1,3,1]","[3,1,1,3,2,2]","[[1,2,3,4,5],[0,1,2,4],[0,3,4],[0,1,2,3,5],[1,3,4],[3,5]]",FEASIBLE,FEASIBLE,FEASIBLE,null,0.289089,0.060938,0.004463,False
700346,7,7,"[2,2,3,1,3,1,3]","[3,1,3,2,2,3,2]","[[0,1,2,3,4,6],[0,2,3,4,5,6],[0,1,2,3,4,5,6],[0,1,2,5,6],[0,1,2,3,4,5,6],[0,2,5],[0,1,2,6]]",FEASIBLE,FEASIBLE,FEASIBLE,null,0.697384,0.092515,0.007267,False
700347,1,4,[1],"[3,2,2,1]","[[0,1,2,3]]",FEASIBLE,FEASIBLE,FEASIBLE,null,0.004494,0.012476,0.00109,False
700348,2,6,"[1,2]","[3,2,2,1,1,1]","[[5],[0,1,2,3,4,5]]",FEASIBLE,FEASIBLE,FEASIBLE,null,0.013702,0.020894,0.001647,False
700349,2,1,"[1,1]",[2],"[[0],[0]]",FEASIBLE,FEASIBLE,FEASIBLE,null,0.005432,0.01241,0.000798,False
700350,4,2,"[1,1,1,1]","[2,3]","[[0,1],[1],[0],[0]]",FEASIBLE,FEASIBLE,FEASIBLE,null,0.028818,0.028357,0.001877,False
700351,5,3,"[1,2,1,1,2]","[2,1,3]","[[0,1],[0,1],[1],[0,1,2],[1,2]]",UNSAT,UNSAT,UNSAT,"[1, 2]",0.023788,0.039805,0.002935,False
700352,2,5,"[1,1]","[2,2,3,3,1]","[[4],[0,1]]",FEASIBLE,FEASIBLE,FEASIBLE,null,0.011912,0.025282,0.001102,False
700353,7,5,"[1,3,1,2,1,1,1]","[2,2,1,1,3]","[[0,1,2],[0,2,3,4],[0,1,2,3,4],[0,1,3,4],[0,1,2,3,4],[3],[0,1,2,3,4]]",UNSAT,UNSAT,UNSAT,"[0, 1, 2, 3, 4, 5, 6]",0.523129,0.076314,0.006542,False
700354,7,2,"[1,1,1,1,1,1,1]","[1,2]","[[0],[1],[1],[0,1],[0],[0,1],[0]]",UNSAT,UNSAT,UNSAT,"[0, 4]",0.020072,0.044845,0.003099,False
700355,6,6,"[2,1,3,1,1,1]","[2,3,3,2,2,1]","[[2,3,4],[1],[0,1,3,5],[0,1,2,3,4,5],[2,5],[1,3,4,5]]",FEASIBLE,FEASIBLE,FEASIBLE,null,0.283711,0.118389,0.003455,False
700356,5,7,"[1,1,1,3,2]","[2,2,1,2,3,3,2]","[[4],[0,1,2,3,4,5,6],[0,2,3,6],[0,1,2,3,4,6],[1,2,3,4,5,6]]",FEASIBLE,FEASIBLE,FEASIBLE,null,0.159571,0.051911,0.00363,False
700357,3,3,"[1,2,1]","[1,1,2]","[[1],[0,1],[0,1,2]]",UNSAT,UNSAT,UNSAT,"[0, 1]",0.01089,0.041174,0.00215,False
700358,6,1,"[1,1,1,1,1,1]",[3],"[[0],[0],[0],[0],[0],[0]]",UNSAT,UNSAT,UNSAT,"[0, 1, 2, 3]",0.052845,0.046577,0.002047,False
700359,2,4,"[1,2]","[1,1,2,2]","[[0,1,3],[0,1,2,3]]",FEASIBLE,FEASIBLE,FEASIBLE,null,0.0124,0.023269,0.001446,False
700360,3,4,"[1,1,2]","[1,1,1,2]","[[1],[2,3],[0,2]]",FEASIBLE,FEASIBLE,FEASIBLE,null,0.022732,0.02829,0.001906,False
700361,7,4,"[3,1,2,1,1,3,1]","[1,1,2,2]","[[0,1,2,3],[1],[1,3],[1,2],[3],[0,1,2,3],[1]]",UNSAT,UNSAT,UNSAT,"[1, 2]",0.040065,0.057229,0.004554,False
700362,1,3,[1],"[3,3,3]",[[0]],FEASIBLE,FEASIBLE,FEASIBLE,null,0.004006,0.010548,0.000702,False
700363,6,2,"[2,1,1,1,2,1]","[1,2]","[[0,1],[0],[1],[0,1],[0,1],[0,1]]",UNSAT,UNSAT,UNSAT,"[0, 1]",0.012974,0.043976,0.002901,False
700364,2,4,"[1,1]","[1,1,3,3]","[[0,2],[0,1,2,3]]",FEASIBLE,FEASIBLE,FEASIBLE,null,0.01037,0.017852,0.001328,False
700365,6,6,"[1,1,2,1,2,1]","[1,3,3,2,3,3]","[[0,1,2,4,5],[0,3,4],[0,1,2],[3,5],[2,3,4],[5]]",FEASIBLE,FEASIBLE,FEASIBLE,null,0.282051,0.057792,0.003008,False
700366,4,2,"[2,1,2,1]","[2,1]","[[0,1],[1],[0,1],[1]]",UNSAT,UNSAT,UNSAT,"[0, 1]",0.087568,0.038534,0.002158,False
700367,4,4,"[2,2,2,1]","[2,3,3,3]","[[2,3],[0,2,3],[0,1],[1]]",FEASIBLE,FEASIBLE,FEASIBLE,null,0.047826,0.029142,0.00202,False
700368,2,1,"[1,1]",[1],"[[0],[0]]",UNSAT,UNSAT,UNSAT,"[0, 1]",0.007651,0.019125,0.001235,False
700369,7,3,"[1,1,1,3,2,1,2]","[2,2,2]","[[2],[0,1],[0],[0,1,2],[0,2],[0,1,2],[0,2]]",UNSAT,UNSAT,UNSAT,"[0, 3, 4]",0.09158,0.069741,0.004137,False
700370,3,5,"[2,1,3]","[1,2,2,1,1]","[[1,2,3,4],[1],[0,1,2]]",FEASIBLE,FEASIBLE,FEASIBLE,null,0.026437,0.035341,0.002354,False
700371,7,6,"[2,3,2,1,3,2,2]","[2,3,3,1,1,1]","[[1,3],[1,2,3,5],[0,1,2,3,4,5],[3,4],[0,3,4],[4,5],[0,1,3,4,5]]",UNSAT,UNSAT,UNSAT,"[0, 4]",0.044372,0.104552,0.00714,False
700372,4,6,"[1,1,3,1]","[1,2,3,1,3,2]","[[1],[0,1,3,4,5],[0,3,4],[0,1,2,3,4,5]]",FEASIBLE,FEASIBLE,FEASIBLE,null,0.065157,0.048266,0.003495,False
700373,6,1,"[1,1,1,1,1,1]",[1],"[[0],[0],[0],[0],[0],[0]]",UNSAT,UNSAT,UNSAT,"[0, 1]",0.009658,0.032046,0.002067,False
700374,1,5,[2],"[2,2,1,2,2]","[[0,3,4]]",FEASIBLE,FEASIBLE,FEASIBLE,null,0.004793,0.014636,0.001089,False
700375,2,7,"[2,1]","[1,3,3,2,3,3,1]","[[2,5],[0,4,5,6]]",FEASIBLE,FEASIBLE,FEASIBLE,null,0.015983,0.021075,0.001567,False
700376,7,7,"[1,3,1,3,3,1,2]","[3,3,2,3,3,2,1]","[[2,6],[0,2,5],[0,1,3,5],[0,2,3,4],[0,1,2,3,4,5,6],[0],[0,5]]",FEASIBLE,FEASIBLE,FEASIBLE,null,0.688278,0.170531,0.006089,False
700377,7,4,"[3,1,1,3,2,1,2]","[2,1,1,2]","[[0,2,3],[2],[0,2],[0,2,3],[1,2,3],[1],[1,3]]",UNSAT,UNSAT,UNSAT,"[0, 1]",0.023783,0.058161,0.004407,False
700378,5,3,"[1,1,1,2,2]","[2,3,2]","[[1,2],[1,2],[0,1,2],[0,1,2],[0,2]]",FEASIBLE,FEASIBLE,FEASIBLE,null,0.078823,0.045548,0.002839,False
700379,4,4,"[1,1,2,1]","[3,3,2,1]","[[3],[0,1,2,3],[1,3],[2,3]]",UNSAT,UNSAT,UNSAT,"[0, 2]",0.018847,0.034295,0.003514,False
700380,6,3,"[1,2,1,3,1,2]","[1,1,2]","[[0,1,2],[0,1],[0],[0,1,2],[0,1,2],[0,1]]",UNSAT,UNSAT,UNSAT,"[1, 2]",0.029081,0.04957,0.004149,False
700381,2,5,"[3,2]","[3,2,2,2,1]","[[0,1,2,3,4],[0,4]]",FEASIBLE,FEASIBLE,FEASIBLE,null,0.012371,0.024225,0.001688,False
700382,5,5,"[1,2,2,1,1]","[3,3,3,1,3]","[[0,2],[1,2,3,4],[0,4],[2,3],[0]]",FEASIBLE,FEASIBLE,FEASIBLE,null,0.119447,0.034492,0.002416,False
700383,1,4,[2],"[2,2,3,2]","[[1,2,3]]",FEASIBLE,FEASIBLE,FEASIBLE,null,0.005617,0.013508,0.000993,False
700384,1,6,[1],"[2,2,2,2,3,3]",[[3]],FEASIBLE,FEASIBLE,FEASIBLE,null,0.005172,0.011146,0.000887,False
700385,1,1,[1],[1],[[0]],FEASIBLE,FEASIBLE,FEASIBLE,null,0.002597,0.008763,0.00065,False
700386,5,7,"[2,2,1,1,2]","[3,3,3,3,3,1,1]","[[1,2,3,5],[1,3,4,5,6],[6],[3],[3,4,6]]",FEASIBLE,FEASIBLE,FEASIBLE,null,0.168105,0.040099,0.00277,False
700387,1,7,[3],"[1,2,1,2,1,2,2]","[[0,4,5]]",FEASIBLE,FEASIBLE,FEASIBLE,null,0.006377,0.020776,0.001207,False
700388,5,4,"[1,1,2,2,3]","[2,3,3,3]","[[0,3],[2,3],[0,2,3],[0,1,2],[0,1,2,3]]",FEASIBLE,FEASIBLE,FEASIBLE,null,0.099746,0.123805,0.003203,False
700389,4,6,"[1,2,3,3]","[1,1,2,3,1,2]","[[0,1,2,3,4,5],[1,2,3,5],[0,1,2,5],[0,1,2,3,4,5]]",FEASIBLE,FEASIBLE,FEASIBLE,null,0.157037,0.074377,0.004077,False
700390,7,3,"[2,2,3,3,1,1,2]","[3,2,1]","[[0,1,2],[0,2],[0,1,2],[0,1,2],[1],[2],[0,1,2]]",UNSAT,UNSAT,UNSAT,"[1, 2]",0.033536,0.062472,0.004389,False
700391,2,7,"[1,1]","[1,2,1,3,2,3,3]","[[4],[4]]",FEASIBLE,FEASIBLE,FEASIBLE,null,0.015323,0.016784,0.001094,False
700392,7,6,"[3,1,2,2,1,2,1]","[3,1,1,2,2,3]","[[1,2,4,5],[2,3,5],[0,1,2,3,4,5],[0,1,3],[1,2],[0,1,2,3,5],[0,1,2,4,5]]",FEASIBLE,FEASIBLE,FEASIBLE,null,0.612763,0.098155,0.006437,False
700393,1,1,[1],[1],[[0]],FEASIBLE,FEASIBLE,FEASIBLE,null,0.00269,0.009755,0.000609,False
700394,5,2,"[1,1,2,1,2]","[3,3]","[[1],[0],[0,1],[1],[0,1]]",UNSAT,UNSAT,UNSAT,"[0, 2, 3, 4]",0.056014,0.03805,0.002622,False
700395,3,3,"[1,1,2]","[2,2,2]","[[1],[2],[1,2]]",FEASIBLE,FEASIBLE,FEASIBLE,null,0.018983,0.030628,0.001256,False
700396,4,3,"[3,1,3,1]","[3,1,2]","[[0,1,2],[0,1],[0,1,2],[1]]",UNSAT,UNSAT,UNSAT,"[0, 2]",0.015854,0.048449,0.002704,False
700397,1,5,[2],"[1,1,1,1,3]","[[0,1,2,3,4]]",FEASIBLE,FEASIBLE,FEASIBLE,null,0.004975,0.016203,0.001185,False
700398,2,3,"[1,1]","[3,3,3]","[[0,1],[2]]",FEASIBLE,FEASIBLE,FEASIBLE,null,0.00895,0.015493,0.001109,False
700399,4,7,"[1,2,3,2]","[2,2,1,2,3,2,1]","[[3],[0,2,5],[0,1,2,3,4,6],[2,6]]",FEASIBLE,FEASIBLE,FEASIBLE,null,0.076045,0.060754,0.003103,False
700400,6,1,"[1,1,1,1,1,1]",[2],"[[0],[0],[0],[0],[0],[0]]",UNSAT,UNSAT,UNSAT,"[0, 1, 2]",0.027173,0.164165,0.002065,False
700401,7,1,"[1,1,1,1,1,1,1]",[1],"[[0],[0],[0],[0],[0],[0],[0]]",UNSAT,UNSAT,UNSAT,"[0, 1]",0.010894,0.036536,0.002292,False
700402,1,4,[1],"[1,2,1,1]","[[0,1,2]]",FEASIBLE,FEASIBLE,FEASIBLE,null,0.004476,0.012469,0.000837,False
700403,2,4,"[3,3]","[2,1,1,1]","[[0,1,2,3],[0,1,2,3]]",UNSAT,UNSAT,UNSAT,"[0, 1]",0.010519,0.036128,0.002637,False
700404,2,2,"[1,1]","[1,3]","[[0,1],[1]]",FEASIBLE,FEASIBLE,FEASIBLE,null,0.007442,0.014338,0.001032,False
700405,1,6,[1],"[1,3,3,3,2,1]","[[0,1,5]]",FEASIBLE,FEASIBLE,FEASIBLE,null,0.005268,0.013131,0.000983,False
700406,2,4,"[1,1]","[2,3,2,2]","[[0,1,2,3],[0,1,2]]",FEASIBLE,FEASIBLE,FEASIBLE,null,0.010392,0.016966,0.001293,False
700407,1,3,[1],"[3,3,1]","[[0,1,2]]",FEASIBLE,FEASIBLE,FEASIBLE,null,0.003724,0.011417,0.000767,False
700408,7,3,"[1,2,3,2,1,2,1]","[1,2,2]","[[1],[0,1,2],[0,1,2],[0,1,2],[0],[0,2],[0]]",UNSAT,UNSAT,UNSAT,"[2, 4]",0.046545,0.053322,0.004061,False
700409,5,7,"[1,2,1,1,2]","[1,2,2,3,1,2,3]","[[0,1,2,3,4,6],[0,1,3,4,5],[0,1,2,3,4,5,6],[0],[2,5]]",FEASIBLE,FEASIBLE,FEASIBLE,null,0.159331,0.059801,0.004178,False
700410,5,5,"[1,1,2,2,2]","[2,1,1,3,3]","[[0],[1,3],[0,1,2,3,4],[2,3,4],[0,2,4]]",FEASIBLE,FEASIBLE,FEASIBLE,null,0.118878,0.051841,0.003488,False
700411,2,4,"[2,1]","[2,3,1,3]","[[1,3],[0]]",FEASIBLE,FEASIBLE,FEASIBLE,null,0.01055,0.017254,0.001155,False
700412,6,6,"[1,3,1,3,3,1]","[3,1,2,1,3,1]","[[5],[1,2,4],[1,2,3,4,5],[0,1,2,3,4,5],[0,2,3,4,5],[4,5]]",UNSAT,UNSAT,UNSAT,"[0, 1, 2, 3, 4]",0.25742,0.141827,0.005693,False
700413,3,6,"[1,3,1]","[3,1,2,2,2,3]","[[3],[1,2,3,5],[4]]",FEASIBLE,FEASIBLE,FEASIBLE,null,0.030699,0.02888,0.001789,False
700414,6,2,"[1,1,2,1,1,1]","[3,2]","[[1],[0,1],[0,1],[1],[0,1],[0,1]]",UNSAT,UNSAT,UNSAT,"[0, 2, 3]",0.0476,0.043424,0.003143,False
700415,1,4,[2],"[3,1,2,1]","[[0,2]]",FEASIBLE,FEASIBLE,FEASIBLE,null,0.004737,0.025911,0.0008,False
700416,7,6,"[2,2,2,3,1,2,3]","[3,3,1,3,3,3]","[[0,1,3,4],[0,5],[0,1,3,4],[0,1,4],[4],[0,1,2,3,4],[0,1,2,4,5]]",FEASIBLE,FEASIBLE,FEASIBLE,null,0.655228,0.078794,0.004922,False
700417,4,1,"[1,1,1,1]",[1],"[[0],[0],[0],[0]]",UNSAT,UNSAT,UNSAT,"[0, 1]",0.009049,0.027762,0.001635,False
700418,4,2,"[1,1,1,1]","[3,3]","[[1],[1],[0,1],[0]]",FEASIBLE,FEASIBLE,FEASIBLE,null,0.030032,0.021446,0.001433,False
700419,7,2,"[1,1,2,1,2,2,2]","[2,2]","[[0,1],[1],[0,1],[0],[0,1],[0,1],[0,1]]",UNSAT,UNSAT,UNSAT,"[0, 2, 4]",0.064013,0.047767,0.003281,False
700420,6,6,"[1,1,3,2,2,1]","[2,2,3,2,1,3]","[[5],[4],[0,2,4,5],[2,5],[2,3,4],[0,3,4,5]]",FEASIBLE,FEASIBLE,FEASIBLE,null,0.288414,0.044372,0.002898,False
700421,7,7,"[2,2,2,2,2,1,3]","[1,3,3,1,1,2,2]","[[1,5],[0,1,3,4,5,6],[0,1,3,4,5,6],[0,2,3,4,6],[4,5,6],[0,3,5,6],[0,2,3,4,6]]",UNSAT,UNSAT,UNSAT,"[0, 1, 2, 3, 4, 6]",0.715577,0.092102,0.007409,False
700422,2,4,"[1,3]","[2,2,1,3]","[[1,2],[0,1,2]]",FEASIBLE,FEASIBLE,FEASIBLE,null,0.011237,0.103798,0.001376,False
700423,3,6,"[1,3,1]","[2,2,1,3,3,3]","[[0,1,2,3,4,5],[0,1,2,3,4,5],[0,1,2,4]]",FEASIBLE,FEASIBLE,FEASIBLE,null,0.031378,0.031331,0.002567,False
700424,6,1,"[1,1,1,1,1,1]",[3],"[[0],[0],[0],[0],[0],[0]]",UNSAT,UNSAT,UNSAT,"[0, 1, 2, 3]",0.051749,0.03514,0.001933,False
700425,6,6,"[1,2,2,1,2,3]","[1,1,3,1,2,2]","[[4],[0,1,2,4,5],[0,1,2,3,4],[0],[0,1,2,4,5],[0,1,2,3,4,5]]",UNSAT,UNSAT,UNSAT,"[0, 1, 2, 3, 4, 5]",0.290188,0.09474,0.007009,False
700426,7,7,"[2,3,3,3,2,3,3]","[1,2,1,2,3,3,3]","[[0,1,2,3,4,5,6],[0,1,4],[0,1,2,3,4],[0,2,6],[2,3,4,5,6],[1,2,6],[0,1,2,3,4,5,6]]",UNSAT,UNSAT,UNSAT,"[1, 3]",0.070649,0.121511,0.008997,False
700427,7,2,"[1,1,1,2,1,2,1]","[3,2]","[[0,1],[1],[0],[0,1],[0,1],[0,1],[0,1]]",UNSAT,UNSAT,UNSAT,"[1, 3, 5]",0.08894,0.049376,0.003215,False
700428,7,3,"[1,1,2,2,1,1,1]","[2,1,1]","[[0],[0],[0,1,2],[1,2],[0,1],[1],[0]]",UNSAT,UNSAT,UNSAT,"[2, 3]",0.044756,0.047799,0.003295,False
700429,6,5,"[1,2,2,1,1,3]","[2,3,1,3,2]","[[3],[0,2,3],[2,3,4],[0,1,2,3],[1],[0,2,3,4]]",FEASIBLE,FEASIBLE,FEASIBLE,null,0.2446,0.072167,0.00376,False
700430,6,2,"[2,1,1,1,1,1]","[1,2]","[[0,1],[0,1],[0],[1],[1],[1]]",UNSAT,UNSAT,UNSAT,"[0, 2]",0.015355,0.039661,0.002725,False
700431,5,3,"[3,2,1,3,1]","[2,1,3]","[[0,1,2],[0,2],[1],[0,1,2],[0]]",UNSAT,UNSAT,UNSAT,"[0, 2]",0.018538,0.117821,0.003127,False
700432,2,7,"[2,3]","[1,1,2,3,1,3,3]","[[0,4,5],[0,4,5,6]]",FEASIBLE,FEASIBLE,FEASIBLE,null,0.015629,0.033062,0.002082,False
700433,7,7,"[1,2,1,2,1,3,2]","[3,1,1,2,2,2,3]","[[1,2,3,4,5],[0,2,3,4,5,6],[1,2,3,5,6],[0,1,5],[2],[0,3,4,6],[1,2,5]]",FEASIBLE,FEASIBLE,FEASIBLE,null,0.697686,0.105654,0.006332,False
700434,1,2,[2],"[2,3]","[[0,1]]",FEASIBLE,FEASIBLE,FEASIBLE,null,0.003818,0.012979,0.000741,False
700435,5,5,"[1,2,2,2,1]","[2,2,2,2,1]","[[3],[0,1,3],[0,2,3,4],[0,1,3],[0,1,2,3,4]]",FEASIBLE,FEASIBLE,FEASIBLE,null,0.12001,0.040197,0.002937,False
700436,4,6,"[3,2,1,1]","[1,3,2,1,1,1]","[[0,1,2,3,4],[0,1,2,3,4,5],[0,3],[0,1,2,4,5]]",FEASIBLE,FEASIBLE,FEASIBLE,null,0.066975,0.038136,0.002841,False
700437,5,6,"[1,1,1,3,1]","[2,3,3,1,3,2]","[[2],[3],[2],[0,2,4,5],[2,3,4]]",FEASIBLE,FEASIBLE,FEASIBLE,null,0.137305,0.034295,0.002329,False
700438,3,4,"[1,2,1]","[3,2,3,3]","[[1],[1,3],[0,1,2,3]]",FEASIBLE,FEASIBLE,FEASIBLE,null,0.022111,0.022576,0.001582,False
700439,1,1,[1],[2],[[0]],FEASIBLE,FEASIBLE,FEASIBLE,null,0.002746,0.008892,0.000953,False
700440,3,3,"[3,1,3]","[1,1,2]","[[0,1,2],[1,2],[0,1,2]]",UNSAT,UNSAT,UNSAT,"[0, 2]",0.012816,0.045542,0.003239,False
700441,6,6,"[2,2,1,1,1,3]","[3,1,1,1,2,3]","[[1,5],[0,1,2,3],[4],[0,1,2,3,4,5],[2],[1,2,3,4,5]]",UNSAT,UNSAT,UNSAT,"[0, 1, 4, 5]",0.204766,0.066561,0.004772,False
700442,5,4,"[1,1,1,2,3]","[2,2,3,3]","[[0,1,2,3],[1],[0],[1,2,3],[0,2,3]]",FEASIBLE,FEASIBLE,FEASIBLE,null,0.096497,0.123322,0.00274,False
700443,2,7,"[2,1]","[3,2,2,2,2,2,2]","[[0,3,6],[1,2,3,4,5,6]]",FEASIBLE,FEASIBLE,FEASIBLE,null,0.015812,0.024109,0.001755,False
700444,7,4,"[2,1,1,3,1,2,1]","[1,3,3,3]","[[0,1,3],[2,3],[0,1,2,3],[0,1,2,3],[0,1,3],[0,1,2,3],[1]]",UNSAT,UNSAT,UNSAT,"[0, 1, 2, 3, 4, 5, 6]",0.432035,0.070339,0.005409,False
700445,6,5,"[1,2,1,1,2,1]","[1,2,2,2,1]","[[4],[0,2,3,4],[1,2],[0,1,2,3,4],[1,4],[1,4]]",UNSAT,UNSAT,UNSAT,"[0, 4]",0.035848,0.067973,0.004397,False
700446,6,2,"[1,1,2,2,1,1]","[2,1]","[[0,1],[1],[0,1],[0,1],[0,1],[0]]",UNSAT,UNSAT,UNSAT,"[1, 2]",0.022506,0.042792,0.002889,False
700447,1,1,[1],[2],[[0]],FEASIBLE,FEASIBLE,FEASIBLE,null,0.002785,0.009904,0.000542,False
700448,7,4,"[3,3,1,2,2,3,3]","[1,2,1,3]","[[0,1,2,3],[1,2,3],[3],[0,2,3],[0,1,3],[0,1,2,3],[0,1,2,3]]",UNSAT,UNSAT,UNSAT,"[0, 1, 3]",0.089013,0.069522,0.004967,False
700449,3,2,"[1,1,2]","[1,2]","[[0],[1],[0,1]]",UNSAT,UNSAT,UNSAT,"[0, 2]",0.010673,0.039973,0.001798,False
700450,4,3,"[1,1,1,1]","[1,2,2]","[[0,1],[2],[2],[0,1,2]]",FEASIBLE,FEASIBLE,FEASIBLE,null,0.039637,0.026503,0.001565,False
700451,3,1,"[1,1,1]",[2],"[[0],[0],[0]]",UNSAT,UNSAT,UNSAT,"[0, 1, 2]",0.010548,0.024412,0.001591,False
700452,3,2,"[1,1,2]","[1,1]","[[0,1],[0],[0,1]]",UNSAT,UNSAT,UNSAT,"[0, 2]",0.010472,0.028491,0.001954,False
700453,2,1,"[1,1]",[2],"[[0],[0]]",FEASIBLE,FEASIBLE,FEASIBLE,null,0.005647,0.013353,0.000659,False
700454,3,3,"[1,1,1]","[1,2,3]","[[0,1,2],[1],[0,1]]",FEASIBLE,FEASIBLE,FEASIBLE,null,0.018167,0.022622,0.001262,False
700455,1,4,[2],"[1,3,1,3]","[[0,2,3]]",FEASIBLE,FEASIBLE,FEASIBLE,null,0.004622,0.014666,0.000872,False
700456,7,4,"[1,1,1,2,1,1,1]","[3,2,2,3]","[[2],[1],[2,3],[0,1,2,3],[1],[2],[2]]",UNSAT,UNSAT,UNSAT,"[0, 5, 6]",0.128824,0.061018,0.003706,False
700457,2,2,"[1,1]","[1,1]","[[0],[0,1]]",FEASIBLE,FEASIBLE,FEASIBLE,null,0.007448,0.015636,0.000958,False
700458,7,1,"[1,1,1,1,1,1,1]",[1],"[[0],[0],[0],[0],[0],[0],[0]]",UNSAT,UNSAT,UNSAT,"[0, 1]",0.010702,0.036957,0.002322,False
700459,2,4,"[3,1]","[1,3,2,3]","[[0,2,3],[2]]",FEASIBLE,FEASIBLE,FEASIBLE,null,0.010745,0.020081,0.001215,False
700460,3,3,"[1,2,2]","[1,1,3]","[[1,2],[0,1,2],[0,1,2]]",FEASIBLE,FEASIBLE,FEASIBLE,null,0.019154,0.035654,0.002011,False
700461,2,7,"[3,2]","[2,2,1,3,1,1,1]","[[0,1,2,3,4,5,6],[2,3]]",FEASIBLE,FEASIBLE,FEASIBLE,null,0.016109,0.048506,0.002244,False
700462,6,5,"[1,1,1,3,3,1]","[2,3,3,1,1]","[[2],[0,1],[4],[0,1,2,3,4],[0,1,2,4],[2]]",FEASIBLE,FEASIBLE,FEASIBLE,null,0.252416,0.056909,0.003406,False
700463,2,2,"[1,2]","[3,1]","[[0,1],[0,1]]",FEASIBLE,FEASIBLE,FEASIBLE,null,0.007447,0.017218,0.00103,False
700464,1,6,[1],"[3,2,3,1,1,3]",[[0]],FEASIBLE,FEASIBLE,FEASIBLE,null,0.005349,0.011572,0.000811,False
700465,3,2,"[2,1,1]","[1,2]","[[0,1],[0,1],[0]]",UNSAT,UNSAT,UNSAT,"[0, 2]",0.010362,0.027721,0.00175,False
700466,1,5,[2],"[1,3,3,1,2]","[[0,2,3,4]]",FEASIBLE,FEASIBLE,FEASIBLE,null,0.004976,0.015658,0.001099,False
700467,3,1,"[1,1,1]",[1],"[[0],[0],[0]]",UNSAT,UNSAT,UNSAT,"[0, 1]",0.0064,0.024945,0.001408,False
700468,2,5,"[1,1]","[3,1,1,3,3]","[[1,2],[3]]",FEASIBLE,FEASIBLE,FEASIBLE,null,0.012025,0.01632,0.001139,False
700469,7,5,"[1,1,2,3,2,3,3]","[2,2,1,3,2]","[[0,1,2,4],[2],[0,1,2,3,4],[0,1,2,3,4],[0,1,2,4],[0,1,2,3,4],[0,1,2,3,4]]",UNSAT,UNSAT,UNSAT,"[2, 3, 5, 6]",0.379499,0.158286,0.006444,False
700470,7,2,"[1,1,1,1,1,1,1]","[1,1]","[[0],[0],[1],[0],[0,1],[0,1],[0]]",UNSAT,UNSAT,UNSAT,"[0, 1]",0.015578,0.043151,0.002784,False
700471,5,6,"[2,1,2,3,1]","[2,3,1,3,2,3]","[[0,3,5],[4],[0,1,2,4,5],[0,2,3],[2]]",UNSAT,UNSAT,UNSAT,"[3, 4]",0.062999,0.058475,0.003909,False
700472,7,1,"[1,1,1,1,1,1,1]",[3],"[[0],[0],[0],[0],[0],[0],[0]]",UNSAT,UNSAT,UNSAT,"[0, 1, 2, 3]",0.079447,0.038945,0.002164,False
700473,7,5,"[2,3,1,1,1,3,2]","[1,1,3,3,3]","[[0,1,2,3,4],[0,1,2,3,4],[3,4],[0,1,2],[2],[0,1,3,4],[2,3]]",UNSAT,UNSAT,UNSAT,"[0, 1, 2, 3, 5, 6]",0.495565,0.094008,0.006454,False
700474,1,2,[1],"[2,3]",[[1]],FEASIBLE,FEASIBLE,FEASIBLE,null,0.003492,0.010504,0.000669,False
700475,7,1,"[1,1,1,1,1,1,1]",[2],"[[0],[0],[0],[0],[0],[0],[0]]",UNSAT,UNSAT,UNSAT,"[0, 1, 2]",0.034605,0.037848,0.00195,False
700476,1,1,[1],[3],[[0]],FEASIBLE,FEASIBLE,FEASIBLE,null,0.002662,0.00954,0.000522,False
700477,1,5,[2],"[3,3,2,1,2]","[[2,3,4]]",FEASIBLE,FEASIBLE,FEASIBLE,null,0.004818,0.014546,0.000975,False
700478,5,2,"[2,1,1,2,1]","[1,1]","[[0,1],[0],[0],[0,1],[0]]",UNSAT,UNSAT,UNSAT,"[0, 1]",0.011932,0.035483,0.002359,False
700479,7,1,"[1,1,1,1,1,1,1]",[1],"[[0],[0],[0],[0],[0],[0],[0]]",UNSAT,UNSAT,UNSAT,"[0, 1]",0.010787,0.038635,0.001822,False
700480,6,3,"[2,1,3,1,3,3]","[1,1,1]","[[0,1,2],[1],[0,1,2],[2],[0,1,2],[0,1,2]]",UNSAT,UNSAT,UNSAT,"[0, 2]",0.019665,0.119341,0.003649,False
700481,7,7,"[3,2,3,1,3,1,3]","[3,3,2,3,2,1,3]","[[0,1,3],[0,1,2,3,4,5,6],[0,1,2,3,4,6],[0,1,3,5,6],[1,4,5],[0,1,3,4,5,6],[0,3,5]]",UNSAT,UNSAT,UNSAT,"[4, 6]",0.176519,0.105626,0.006925,False
700482,3,2,"[2,2,1]","[3,3]","[[0,1],[0,1],[1]]",FEASIBLE,FEASIBLE,FEASIBLE,null,0.015116,0.022596,0.001252,False
700483,1,6,[1],"[1,3,3,2,1,2]","[[1,2,3,5]]",FEASIBLE,FEASIBLE,FEASIBLE,null,0.005576,0.014031,0.001092,False
700484,5,7,"[1,2,3,3,2]","[1,1,1,1,3,3,1]","[[1,3,4],[1,3],[0,1,2,3,5],[0,1,2,3,4,5,6],[0,1,2,4,5]]",FEASIBLE,FEASIBLE,FEASIBLE,null,0.184106,0.084231,0.004591,False
700485,2,2,"[1,1]","[1,3]","[[0],[0,1]]",FEASIBLE,FEASIBLE,FEASIBLE,null,0.009531,0.01955,0.000936,False
700486,5,7,"[1,2,3,1,2]","[3,3,1,2,1,2,3]","[[2,3,4,5,6],[0,1,2,3,4,5,6],[0,1,2,3,4,5,6],[3,5],[1,3,4]]",FEASIBLE,FEASIBLE,FEASIBLE,null,0.206574,0.057178,0.003627,False
700487,2,3,"[1,1]","[1,3,1]","[[0],[2]]",FEASIBLE,FEASIBLE,FEASIBLE,null,0.009076,0.015534,0.00093,False
700488,6,5,"[1,1,1,1,3,2]","[1,1,2,1,1]","[[0,1,4],[1,3],[2],[1,2],[0,2,4],[0,1,2,3,4]]",UNSAT,UNSAT,UNSAT,"[0, 1, 4, 5]",0.178799,0.067201,0.004356,False
700489,6,5,"[1,1,1,1,2,3]","[1,2,2,2,3]","[[2],[0,1,3],[0,1,2,3,4],[0],[3,4],[0,1,2,3,4]]",FEASIBLE,FEASIBLE,FEASIBLE,null,0.25058,0.16395,0.003682,False
700490,5,6,"[2,1,3,2,1]","[1,3,2,2,2,3]","[[0,2,3,4,5],[3],[0,1,2,3,5],[0,1,2,3,4],[3]]",FEASIBLE,FEASIBLE,FEASIBLE,null,0.17178,0.062378,0.003756,False
700491,7,5,"[1,1,2,1,2,1,1]","[1,3,1,3,2]","[[0,1,2,3,4],[0,1,3,4],[0,1,2,3,4],[0,1,2,3,4],[0,1,2,3,4],[2],[2]]",UNSAT,UNSAT,UNSAT,"[5, 6]",0.098165,0.084985,0.0054,False
700492,6,7,"[3,2,2,1,1,2]","[1,1,3,1,3,2,2]","[[1,2,3,4,5,6],[0,1,2],[0,1,2,3,4,6],[3],[0,1,3],[0,3,6]]",UNSAT,UNSAT,UNSAT,"[1, 3, 4, 5]",0.304436,0.09066,0.00588,False
700493,3,4,"[3,1,1]","[1,1,2,1]","[[0,1,2,3],[0,3],[0]]",UNSAT,UNSAT,UNSAT,"[0, 1, 2]",0.024916,0.035503,0.002452,False
700494,2,6,"[2,1]","[2,1,1,3,3,1]","[[0,2,4],[0,1,3,4,5]]",FEASIBLE,FEASIBLE,FEASIBLE,null,0.014275,0.022163,0.0017,False
700495,5,1,"[1,1,1,1,1]",[2],"[[0],[0],[0],[0],[0]]",UNSAT,UNSAT,UNSAT,"[0, 1, 2]",0.020665,0.031249,0.001892,False
700496,7,4,"[3,1,1,1,2,1,2]","[1,1,1,3]","[[0,1,3],[2,3],[0,1,2,3],[1],[0,1,2,3],[0,1,2,3],[0,2]]",UNSAT,UNSAT,UNSAT,"[0, 3]",0.029872,0.064985,0.004676,False
700497,1,2,[1],"[3,3]",[[0]],FEASIBLE,FEASIBLE,FEASIBLE,null,0.00479,0.010491,0.000648,False
700498,7,4,"[3,2,1,1,2,2,1]","[3,2,1,3]","[[0,1,2,3],[0,2],[1],[0],[0,1],[0,2,3],[0,2,3]]",UNSAT,UNSAT,UNSAT,"[0, 1, 2, 4]",0.201138,0.08469,0.005395,False
700499,7,5,"[1,1,2,1,2,1,1]","[1,1,1,3,3]","[[4],[0],[1,2,3,4],[4],[0,1,3,4],[0,1,3],[1]]",FEASIBLE,FEASIBLE,FEASIBLE,null,0.537665,0.140922,0.003575,False
700500,2,6,"[1,1]","[1,3,2,1,1,3]","[[3,5],[2,3,4]]",FEASIBLE,FEASIBLE,FEASIBLE,null,0.01469,0.018397,0.001424,False
700501,2,3,"[2,1]","[2,2,1]","[[0,1,2],[0,1,2]]",FEASIBLE,FEASIBLE,FEASIBLE,null,0.009538,0.0192,0.001241,False
700502,6,4,"[1,1,1,1,1,1]","[2,3,3,2]","[[0,1,2,3],[1,3],[1,3],[0],[0],[3]]",FEASIBLE,FEASIBLE,FEASIBLE,null,0.205357,0.044027,0.002554,False
700503,7,2,"[1,1,1,1,1,2,1]","[1,3]","[[1],[1],[0,1],[1],[0],[0,1],[0]]",UNSAT,UNSAT,UNSAT,"[4, 5]",0.047207,0.044556,0.002818,False
700504,5,4,"[2,3,1,3,3]","[2,2,1,3]","[[0,2,3],[0,1,2],[0,3],[0,1,2,3],[1,2,3]]",UNSAT,UNSAT,UNSAT,"[1, 4]",0.036321,0.056996,0.004144,False
700505,7,6,"[1,1,3,3,2,2,2]","[1,3,1,3,3,2]","[[4],[0],[0,2,4,5],[1,3,4,5],[0,1,2,3,4,5],[0,1,5],[0,1,2,3,5]]",UNSAT,UNSAT,UNSAT,"[0, 1, 2, 3, 4, 5, 6]",0.62531,0.079843,0.005876,False
700506,7,7,"[2,2,2,2,3,1,1]","[2,3,1,3,1,3,2]","[[0,1,3,4,5],[0,1,2,3,5,6],[0,1,2,3,4,5,6],[1,4,6],[1,3,5],[1,3,5,6],[0,1,3,5]]",FEASIBLE,FEASIBLE,FEASIBLE,null,0.725336,0.086666,0.005961,False
700507,4,1,"[1,1,1,1]",[3],"[[0],[0],[0],[0]]",UNSAT,UNSAT,UNSAT,"[0, 1, 2, 3]",0.020894,0.02887,0.001872,False
700508,4,6,"[2,2,2,2]","[1,2,3,3,3,3]","[[0,1,2,3,4,5],[0,1],[1,2,3,5],[0,2,5]]",FEASIBLE,FEASIBLE,FEASIBLE,null,0.068192,0.053841,0.003225,False
700509,6,3,"[2,2,1,1,1,2]","[3,2,2]","[[1,2],[0,1,2],[0,1,2],[2],[0,2],[0,2]]",UNSAT,UNSAT,UNSAT,"[0, 3, 5]",0.074352,0.050422,0.003429,False
700510,1,6,[3],"[2,1,1,1,3,1]","[[1,2,3]]",FEASIBLE,FEASIBLE,FEASIBLE,null,0.005553,0.017602,0.001064,False
700511,1,5,[3],"[1,2,3,3,2]","[[0,2,4]]",FEASIBLE,FEASIBLE,FEASIBLE,null,0.004978,0.016439,0.001046,False
700512,5,3,"[2,1,2,1,2]","[3,2,3]","[[1,2],[0,1,2],[0,1],[0,1,2],[0,1,2]]",FEASIBLE,FEASIBLE,FEASIBLE,null,0.081168,0.045654,0.00266,False
700513,4,7,"[2,2,2,1]","[2,1,1,3,3,1,3]","[[0,4,5,6],[0,1],[2,6],[0,1,2,3,4,5,6]]",FEASIBLE,FEASIBLE,FEASIBLE,null,0.07873,0.039017,0.002705,False
700514,4,6,"[2,2,2,1]","[2,3,1,2,3,2]","[[1,3],[0,1,2,3,4,5],[0,1,3,4,5],[0,1,3,5]]",FEASIBLE,FEASIBLE,FEASIBLE,null,0.067365,0.038747,0.002785,False
700515,4,7,"[1,1,1,3]","[2,3,3,1,3,2,2]","[[0,1,2,3,5,6],[3],[1],[0,1,3,4,5,6]]",FEASIBLE,FEASIBLE,FEASIBLE,null,0.077907,0.035454,0.002593,False
700516,1,4,[3],"[2,1,3,2]","[[1,2,3]]",FEASIBLE,FEASIBLE,FEASIBLE,null,0.004636,0.016762,0.000886,False
700517,1,2,[2],"[1,3]","[[0,1]]",FEASIBLE,FEASIBLE,FEASIBLE,null,0.003168,0.012252,0.000709,False
700518,3,7,"[2,2,3]","[3,3,1,3,2,2,2]","[[0,2,3],[4,5],[0,1,2,3,4,5,6]]",FEASIBLE,FEASIBLE,FEASIBLE,null,0.034806,0.034066,0.002431,False
700519,7,2,"[1,1,1,1,2,1,1]","[3,2]","[[1],[1],[0],[0,1],[0,1],[0,1],[0]]",UNSAT,UNSAT,UNSAT,"[0, 1, 4]",0.055602,0.047474,0.003151,False
700520,6,5,"[2,1,2,3,1,1]","[3,1,3,2,1]","[[0,1,2,3],[0,1,3],[0,1,2,3],[0,1,3],[0,2,3],[0,3,4]]",FEASIBLE,FEASIBLE,FEASIBLE,null,0.245538,0.159124,0.005045,False
700521,5,6,"[3,2,1,1,2]","[2,2,3,3,1,2]","[[2,4,5],[1,2,5],[1],[0],[0,1]]",FEASIBLE,FEASIBLE,FEASIBLE,null,0.139759,0.048188,0.002869,False
700522,5,1,"[1,1,1,1,1]",[2],"[[0],[0],[0],[0],[0]]",UNSAT,UNSAT,UNSAT,"[0, 1, 2]",0.020508,0.031335,0.001958,False
700523,3,4,"[1,2,1]","[1,2,2,1]","[[0,1,2,3],[1,2],[0,1,2]]",FEASIBLE,FEASIBLE,FEASIBLE,null,0.022953,0.025227,0.001597,False
700524,7,7,"[2,1,2,3,2,1,2]","[2,3,3,2,1,3,3]","[[1,4,5],[1,2,3,4,5,6],[0,1,2,3,4,5,6],[0,1,2,3,4,5,6],[1,4,5,6],[2,3,4],[0,2,3,4,5,6]]",FEASIBLE,FEASIBLE,FEASIBLE,null,0.733274,0.068617,0.005387,False
700525,4,7,"[1,2,1,2]","[1,2,3,1,2,3,2]","[[0,5],[3,4,5],[0,2,3,5],[0,1,3,4]]",FEASIBLE,FEASIBLE,FEASIBLE,null,0.159907,0.036463,0.002324,False
700526,3,6,"[3,1,1]","[2,3,3,1,3,1]","[[0,4,5],[0,1,2,4,5],[0,1,4]]",FEASIBLE,FEASIBLE,FEASIBLE,null,0.032024,0.029796,0.001991,False
700527,2,1,"[1,1]",[2],"[[0],[0]]",FEASIBLE,FEASIBLE,FEASIBLE,null,0.005613,0.013152,0.000765,False
700528,3,3,"[1,2,1]","[3,2,3]","[[1],[0,1],[1]]",UNSAT,UNSAT,UNSAT,"[0, 1, 2]",0.018663,0.032111,0.001932,False
700529,1,5,[3],"[3,3,2,3,1]","[[0,1,2,3,4]]",FEASIBLE,FEASIBLE,FEASIBLE,null,0.004952,0.018646,0.001178,False
700530,1,3,[1],"[2,1,1]","[[0,2]]",FEASIBLE,FEASIBLE,FEASIBLE,null,0.003628,0.010763,0.000761,False
700531,6,1,"[1,1,1,1,1,1]",[2],"[[0],[0],[0],[0],[0],[0]]",UNSAT,UNSAT,UNSAT,"[0, 1, 2]",0.026903,0.036216,0.002045,False
700532,2,7,"[1,1]","[2,3,3,1,2,3,3]","[[5],[5]]",FEASIBLE,FEASIBLE,FEASIBLE,null,0.015552,0.150297,0.000997,False
700533,5,5,"[1,3,1,2,1]","[1,2,3,1,3]","[[3],[0,1,3,4],[0,1,2,3,4],[0,1,2,3,4],[1,3,4]]",FEASIBLE,FEASIBLE,FEASIBLE,null,0.119331,0.045711,0.003148,False
700534,1,2,[2],"[3,3]","[[0,1]]",FEASIBLE,FEASIBLE,FEASIBLE,null,0.003524,0.012337,0.000668,False
700535,4,2,"[1,2,1,2]","[1,1]","[[1],[0,1],[1],[0,1]]",UNSAT,UNSAT,UNSAT,"[0, 1]",0.01055,0.032861,0.002416,False
700536,7,5,"[3,2,2,2,2,1,1]","[3,3,1,1,3]","[[0,1,2,3,4],[1,2,4],[2,4],[0,2],[0,1,2,3,4],[0,3],[1]]",UNSAT,UNSAT,UNSAT,"[2, 3]",0.071661,0.094152,0.006663,False
700537,4,7,"[3,2,1,2]","[3,3,1,1,1,3,3]","[[0,1,2,3,4,5],[0,1,2,3,4,5,6],[0],[0,1,5,6]]",FEASIBLE,FEASIBLE,FEASIBLE,null,0.076703,0.041148,0.002975,False
700538,1,3,[1],"[1,2,2]",[[1]],FEASIBLE,FEASIBLE,FEASIBLE,null,0.004087,0.010422,0.000685,False
700539,1,4,[1],"[3,3,1,1]","[[0,1,2,3]]",FEASIBLE,FEASIBLE,FEASIBLE,null,0.004539,0.012925,0.000978,False
700540,6,5,"[3,2,3,1,3,1]","[1,3,1,1,2]","[[0,1,3,4],[0,1,3,4],[0,1,2,4],[2],[0,1,2,3,4],[0,1,3]]",UNSAT,UNSAT,UNSAT,"[0, 2, 4]",0.098351,0.068602,0.005135,False
700541,6,6,"[2,3,2,1,2,1]","[2,3,3,3,2,3]","[[2,3,4,5],[0,1,2,3,4,5],[2,3,4,5],[0],[0,1,2],[3,5]]",FEASIBLE,FEASIBLE,FEASIBLE,null,0.295561,0.063021,0.00401,False
700542,3,7,"[1,2,1]","[1,3,3,2,2,1,3]","[[0,1,2,3,4,5,6],[0,2,4,5],[0,1,5]]",FEASIBLE,FEASIBLE,FEASIBLE,null,0.035461,0.030378,0.002473,False
700543,3,3,"[2,1,2]","[3,2,1]","[[0,2],[2],[0,2]]",UNSAT,UNSAT,UNSAT,"[0, 1]",0.011047,0.112306,0.00206,False
700544,7,6,"[1,1,1,1,1,1,1]","[3,3,2,2,1,1]","[[3],[0,1,3,4,5],[1,2,5],[1,2,3,4,5],[1,2,3,4,5],[0,1,2,3,4],[2,4]]",FEASIBLE,FEASIBLE,FEASIBLE,null,0.651405,0.047611,0.003576,False
700545,6,6,"[1,3,1,2,1,1]","[1,2,3,2,2,1]","[[2,3,4],[1,2,3,4,5],[2],[3,5],[0],[3,4]]",FEASIBLE,FEASIBLE,FEASIBLE,null,0.299174,0.043514,0.002807,False
700546,3,6,"[3,1,1]","[3,1,2,2,1,3]","[[0,1,3,4,5],[3,4,5],[0,1,4,5]]",FEASIBLE,FEASIBLE,FEASIBLE,null,0.03241,0.029572,0.002057,False
700547,1,3,[2],"[2,1,3]","[[0,1,2]]",FEASIBLE,FEASIBLE,FEASIBLE,null,0.004139,0.014298,0.000793,False
700548,6,6,"[2,1,1,1,2,1]","[1,1,2,2,2,3]","[[1,2,3,5],[0,2,4],[0,4,5],[1,3,4],[0,5],[4]]",FEASIBLE,FEASIBLE,FEASIBLE,null,0.320301,0.059449,0.003702,False
700549,4,5,"[1,2,1,1]","[3,1,2,2,2]","[[0,1,2,3,4],[0,1,2,3],[0,3,4],[1,2]]",FEASIBLE,FEASIBLE,FEASIBLE,null,0.061007,0.032032,0.002387,False
700550,2,6,"[3,1]","[1,3,2,2,3,3]","[[0,1,2,3,5],[0,1,2,4,5]]",FEASIBLE,FEASIBLE,FEASIBLE,null,0.014846,0.026676,0.001802,False
700551,2,2,"[1,1]","[3,2]","[[0],[0]]",FEASIBLE,FEASIBLE,FEASIBLE,null,0.007859,0.013951,0.000805,False
700552,2,7,"[1,2]","[1,1,3,2,2,2,3]","[[0],[1,3,6]]",FEASIBLE,FEASIBLE,FEASIBLE,null,0.015536,0.020242,0.001367,False
700553,7,4,"[1,1,3,1,1,1,2]","[3,2,3,2]","[[0],[0,1,2,3],[0,1,2,3],[0,3],[2],[1],[2,3]]",FEASIBLE,FEASIBLE,FEASIBLE,null,0.436991,0.046522,0.002865,False
700554,6,7,"[2,2,3,1,3,2]","[3,1,3,3,3,1,2]","[[0,1,2,3,4,5,6],[0,1,3,4,6],[0,1,2,3,4,5,6],[0],[0,1,2,3,4,5,6],[0,2,3]]",FEASIBLE,FEASIBLE,FEASIBLE,null,0.345783,0.082989,0.005748,False
700555,4,7,"[2,3,2,3]","[3,2,1,3,3,3,2]","[[0,1,2,3,5,6],[0,1,2,3,4,5,6],[1,2,5],[0,3,4]]",FEASIBLE,FEASIBLE,FEASIBLE,null,0.078591,0.058973,0.003759,False
700556,4,7,"[2,3,2,1]","[1,3,1,1,2,1,2]","[[0,3],[0,1,2,3,4,5,6],[0,1,2,3,4,5,6],[1]]",FEASIBLE,FEASIBLE,FEASIBLE,null,0.091056,0.045601,0.002913,False
700557,2,7,"[2,2]","[1,2,1,2,1,1,1]","[[0,1,2,3,4,5,6],[0,2,5]]",FEASIBLE,FEASIBLE,FEASIBLE,null,0.01754,0.027055,0.001886,False
700558,2,6,"[3,3]","[1,3,1,1,3,2]","[[0,1,4],[0,1,2,4,5]]",FEASIBLE,FEASIBLE,FEASIBLE,null,0.014824,0.028593,0.001762,False
700559,3,1,"[1,1,1]",[1],"[[0],[0],[0]]",UNSAT,UNSAT,UNSAT,"[0, 1]",0.007086,0.026537,0.001529,False
700560,3,1,"[1,1,1]",[1],"[[0],[0],[0]]",UNSAT,UNSAT,UNSAT,"[0, 1]",0.00834,0.027248,0.001365,False
700561,4,4,"[2,2,2,1]","[3,3,1,2]","[[0,1,3],[0,2],[0,2,3],[3]]",FEASIBLE,FEASIBLE,FEASIBLE,null,0.049599,0.035366,0.001837,False
700562,7,5,"[3,1,1,1,1,2,3]","[2,2,2,1,1]","[[0,1,2,4],[3],[1],[0,1,2],[0],[0,2,3],[0,1,2,3]]",UNSAT,UNSAT,UNSAT,"[0, 1, 5, 6]",0.283988,0.096524,0.006931,False
700563,7,4,"[1,3,1,3,1,2,1]","[1,3,2,2]","[[1,2],[0,1,2],[1],[0,1,2,3],[0,1,2,3],[0,1,2],[2]]",UNSAT,UNSAT,UNSAT,"[1, 3, 5]",0.152887,0.143977,0.004826,False
700564,2,4,"[1,2]","[3,1,2,3]","[[1],[1,2]]",UNSAT,UNSAT,UNSAT,"[0, 1]",0.011469,0.025429,0.001854,False
700565,1,2,[1],"[2,2]",[[1]],FEASIBLE,FEASIBLE,FEASIBLE,null,0.003557,0.010479,0.000701,False
700566,2,5,"[3,1]","[2,1,3,1,3]","[[0,1,2,4],[0,2]]",FEASIBLE,FEASIBLE,FEASIBLE,null,0.013648,0.022501,0.001508,False
700567,3,7,"[1,1,1]","[3,2,2,2,3,2,3]","[[2,4,6],[0,1,2,3,4,5,6],[0,1,2,3,4,5,6]]",FEASIBLE,FEASIBLE,FEASIBLE,null,0.037103,0.028768,0.002609,False
700568,1,1,[1],[1],[[0]],FEASIBLE,FEASIBLE,FEASIBLE,null,0.002796,0.009476,0.000594,False
700569,5,5,"[1,2,1,1,1]","[2,1,3,2,3]","[[1,2],[0,1,2],[2],[0],[0,1,2,4]]",FEASIBLE,FEASIBLE,FEASIBLE,null,0.125965,0.036528,0.002166,False
700570,5,5,"[3,3,1,1,1]","[3,2,1,2,3]","[[0,1,2,3,4],[0,1,3,4],[4],[3],[1]]",FEASIBLE,FEASIBLE,FEASIBLE,null,0.123097,0.051344,0.002908,False
700571,7,6,"[3,1,1,1,1,1,1]","[2,1,3,3,3,3]","[[0,1,3,4],[0,1,2,3,4],[3],[1],[0,1,2,3],[2],[0,4]]",FEASIBLE,FEASIBLE,FEASIBLE,null,0.65744,0.082563,0.003978,False
700572,3,2,"[1,1,1]","[3,1]","[[0],[0,1],[1]]",FEASIBLE,FEASIBLE,FEASIBLE,null,0.015887,0.019486,0.001191,False
700573,5,5,"[2,1,2,3,1]","[1,3,3,2,2]","[[0,1,2,3,4],[0,2,3,4],[0,3],[1,2,3],[0,1,2,3]]",FEASIBLE,FEASIBLE,FEASIBLE,null,0.126177,0.057382,0.003772,False
700574,4,1,"[1,1,1,1]",[1],"[[0],[0],[0],[0]]",UNSAT,UNSAT,UNSAT,"[0, 1]",0.008122,0.028998,0.001756,False
700575,3,5,"[2,1,3]","[3,2,1,3,2]","[[0,3,4],[2],[0,2,4]]",UNSAT,UNSAT,UNSAT,"[1, 2]",0.023891,0.039194,0.002444,False
700576,3,1,"[1,1,1]",[3],"[[0],[0],[0]]",FEASIBLE,FEASIBLE,FEASIBLE,null,0.092617,0.017571,0.000927,False
700577,5,2,"[1,1,1,1,1]","[3,1]","[[0],[1],[1],[0,1],[0,1]]",UNSAT,UNSAT,UNSAT,"[1, 2]",0.019795,0.033745,0.002263,False
700578,3,1,"[1,1,1]",[1],"[[0],[0],[0]]",UNSAT,UNSAT,UNSAT,"[0, 1]",0.006668,0.024224,0.001186,False
700579,7,4,"[1,1,1,2,2,1,1]","[3,2,3,1]","[[2],[0,1],[0,1,2,3],[0,3],[0,1,2,3],[0],[0]]",FEASIBLE,FEASIBLE,FEASIBLE,null,0.441967,0.062353,0.003538,False
700580,5,7,"[3,3,1,3,1]","[1,2,1,2,2,1,1]","[[0,1,2,3,4,5,6],[0,2,3,4],[0,1,4,5,6],[0,1,2,3,4,5],[2]]",UNSAT,UNSAT,UNSAT,"[0, 1, 2, 3, 4]",0.210433,0.098231,0.006859,False
700581,3,4,"[1,3,1]","[3,2,3,2]","[[1,3],[0,1,2,3],[0,3]]",FEASIBLE,FEASIBLE,FEASIBLE,null,0.024591,0.026428,0.001675,False
700582,7,5,"[3,3,3,1,2,1,1]","[2,1,3,3,1]","[[0,1,2,3,4],[0,1,2,3,4],[0,1,2,3,4],[1],[0,1,2,3,4],[2,4],[0,1,2,3,4]]",UNSAT,UNSAT,UNSAT,"[0, 1, 2, 4]",0.250332,0.083827,0.006072,False
700583,3,6,"[1,3,1]","[2,2,2,1,1,3]","[[0,1,2,5],[1,2,3,4],[4]]",FEASIBLE,FEASIBLE,FEASIBLE,null,0.032118,0.028642,0.001806,False
700584,5,3,"[1,1,1,1,1]","[2,3,3]","[[1],[2],[0],[0,1,2],[0]]",FEASIBLE,FEASIBLE,FEASIBLE,null,0.081782,0.036802,0.002077,False
700585,3,7,"[3,3,1]","[1,3,1,2,1,1,1]","[[0,2,6],[0,1,3,4,6],[0,3]]",FEASIBLE,FEASIBLE,FEASIBLE,null,0.036352,0.033973,0.002674,False
700586,2,4,"[1,1]","[2,2,1,3]","[[1,3],[0,1,2,3]]",FEASIBLE,FEASIBLE,FEASIBLE,null,0.011225,0.017673,0.001358,False
700587,2,5,"[2,3]","[3,3,1,1,2]","[[0,2,3],[0,1,2,3]]",FEASIBLE,FEASIBLE,FEASIBLE,null,0.012321,0.105987,0.001533,False
700588,2,7,"[3,1]","[1,2,3,2,1,2,3]","[[0,4,5],[3,5]]",FEASIBLE,FEASIBLE,FEASIBLE,null,0.016336,0.022847,0.001448,False
700589,5,6,"[1,2,1,1,2]","[3,1,2,2,2,2]","[[0,1,2,3],[0,1,2,3,4],[2],[1,5],[0,1,2,3,4,5]]",FEASIBLE,FEASIBLE,FEASIBLE,null,0.145228,0.041389,0.002922,False
700590,6,2,"[1,1,1,2,1,2]","[3,1]","[[1],[0,1],[0],[0,1],[0],[0,1]]",UNSAT,UNSAT,UNSAT,"[0, 3]",0.017915,0.043894,0.003362,False
700591,3,6,"[3,1,3]","[3,1,2,3,3,1]","[[0,3,5],[3],[1,2,5]]",UNSAT,UNSAT,UNSAT,"[0, 2]",0.022531,0.038672,0.002649,False
700592,2,7,"[2,3]","[1,1,2,3,3,3,3]","[[1,4],[1,2,4,5]]",FEASIBLE,FEASIBLE,FEASIBLE,null,0.016508,0.038146,0.001531,False
700593,2,4,"[1,1]","[1,2,1,3]","[[0,1,2,3],[3]]",FEASIBLE,FEASIBLE,FEASIBLE,null,0.011553,0.01808,0.001132,False
700594,4,4,"[2,1,2,1]","[2,3,3,1]","[[0,1,2,3],[3],[0,2],[1,3]]",FEASIBLE,FEASIBLE,FEASIBLE,null,0.049893,0.030036,0.001762,False
700595,7,4,"[1,2,2,1,1,1,1]","[2,1,3,1]","[[0],[0,2,3],[2,3],[2],[0,1,3],[0,3],[0]]",UNSAT,UNSAT,UNSAT,"[0, 1, 2, 5]",0.21337,0.054244,0.003614,False
700596,4,3,"[1,1,1,1]","[2,3,2]","[[0],[0,1],[2],[0,1]]",FEASIBLE,FEASIBLE,FEASIBLE,null,0.040208,0.027465,0.001466,False
700597,3,5,"[3,1,1]","[2,2,2,3,1]","[[0,1,2,3,4],[0,1],[1]]",FEASIBLE,FEASIBLE,FEASIBLE,null,0.027638,0.032077,0.001735,False
700598,5,3,"[1,2,1,2,1]","[1,2,2]","[[1],[0,2],[0,1,2],[0,1,2],[2]]",UNSAT,UNSAT,UNSAT,"[1, 3, 4]",0.061736,0.125612,0.003003,False
700599,5,6,"[2,1,2,1,2]","[1,3,3,2,3,3]","[[2,3,4,5],[3],[0,5],[4],[1,2,4,5]]",FEASIBLE,FEASIBLE,FEASIBLE,null,0.145314,0.038069,0.002322,False
700600,7,6,"[2,2,1,1,3,3,2]","[2,2,1,2,3,1]","[[0,4,5],[0,2,3],[0,1,2,4,5],[3],[3,4,5],[0,1,2,3,4,5],[2,4]]",UNSAT,UNSAT,UNSAT,"[1, 3, 4, 6]",0.432917,0.077091,0.005819,False
700601,3,5,"[1,1,1]","[1,1,3,2,1]","[[1,4],[0,3,4],[1,3]]",FEASIBLE,FEASIBLE,FEASIBLE,null,0.028245,0.023387,0.001507,False
700602,6,4,"[2,1,1,1,1,2]","[3,3,1,1]","[[0,3],[2],[1],[1],[2],[0,1,2]]",UNSAT,UNSAT,UNSAT,"[1, 4]",0.043179,0.042842,0.00275,False
700603,2,2,"[2,2]","[3,1]","[[0,1],[0,1]]",UNSAT,UNSAT,UNSAT,"[0, 1]",0.007509,0.036867,0.00164,False
700604,4,2,"[1,1,1,1]","[2,2]","[[0],[1],[0,1],[0,1]]",FEASIBLE,FEASIBLE,FEASIBLE,null,0.032474,0.024557,0.001296,False
700605,1,3,[1],"[3,1,3]",[[2]],FEASIBLE,FEASIBLE,FEASIBLE,null,0.004112,0.010685,0.000698,False
700606,5,3,"[1,1,1,1,2]","[1,3,3]","[[0,1,2],[2],[2],[0,1],[0,1,2]]",FEASIBLE,FEASIBLE,FEASIBLE,null,0.084541,0.032095,0.001668,False
700607,5,5,"[2,3,1,2,3]","[3,2,3,2,1]","[[0,1,2,3,4],[1,2,3,4],[1],[0,1,3],[0,1,2,3,4]]",FEASIBLE,FEASIBLE,FEASIBLE,null,0.125006,0.060609,0.003598,False
700608,7,4,"[1,2,2,1,2,1,1]","[2,2,1,1]","[[0,1],[0,1,2,3],[0,1,2],[0,1,2,3],[0,1],[1,2,3],[0]]",UNSAT,UNSAT,UNSAT,"[0, 1, 2, 4]",0.208424,0.063819,0.004644,False
700609,5,7,"[1,1,3,3,1]","[3,2,1,2,3,1,3]","[[0,1,2,3,4,5,6],[0],[0,1,3,4,5],[1,3,4,5,6],[1,4]]",FEASIBLE,FEASIBLE,FEASIBLE,null,0.164795,0.124013,0.003045,False
700610,7,3,"[1,1,1,2,1,3,1]","[2,1,1]","[[0,1],[2],[0],[1,2],[0,1],[0,1,2],[0]]",UNSAT,UNSAT,UNSAT,"[1, 3]",0.037403,0.050502,0.003439,False
700611,3,6,"[3,3,3]","[3,1,2,1,1,3]","[[0,1,2,3,4,5],[0,1,2,3,4,5],[1,2,3,4,5]]",FEASIBLE,FEASIBLE,FEASIBLE,null,0.03266,0.055084,0.003384,False
700612,3,5,"[3,3,1]","[2,2,3,1,3]","[[0,3,4],[0,1,2],[4]]",FEASIBLE,FEASIBLE,FEASIBLE,null,0.027868,0.029629,0.001812,False
700613,7,5,"[2,1,2,1,1,1,3]","[1,3,3,2,1]","[[0,3],[0,2,4],[1,2,3,4],[0,2,3],[3],[0],[1,2,3,4]]",UNSAT,UNSAT,UNSAT,"[0, 5]",0.044193,0.066125,0.004931,False
700614,5,7,"[1,1,1,2,2]","[3,2,2,3,3,2,2]","[[2,3,4],[1,2,3,4,5,6],[0,2],[0,1,2,4],[4,5,6]]",FEASIBLE,FEASIBLE,FEASIBLE,null,0.170249,0.040824,0.002972,False
700615,3,6,"[1,3,3]","[1,3,2,3,3,2]","[[2,4,5],[0,1,2,3,4,5],[1,4,5]]",FEASIBLE,FEASIBLE,FEASIBLE,null,0.033011,0.042381,0.002161,False
700616,6,7,"[1,3,1,1,3,1]","[3,1,2,1,2,3,1]","[[0,1,2,3,4,5,6],[3,4,6],[0,2,4,5,6],[1,2,6],[2,3,4,5],[0]]",FEASIBLE,FEASIBLE,FEASIBLE,null,0.351457,0.052921,0.003566,False
700617,1,5,[1],"[1,1,2,3,3]",[[0]],FEASIBLE,FEASIBLE,FEASIBLE,null,0.005177,0.012119,0.000763,False
700618,6,6,"[3,3,2,1,2,2]","[1,1,3,3,1,3]","[[0,1,2,3,4,5],[1,2,4,5],[1,2,3,4],[0,1,2,3,4,5],[0,3],[0,1,2,3]]",UNSAT,UNSAT,UNSAT,"[0, 1, 2, 4, 5]",0.280901,0.180368,0.007347,False
700619,3,2,"[2,1,2]","[1,1]","[[0,1],[1],[0,1]]",UNSAT,UNSAT,UNSAT,"[0, 1]",0.009208,0.029989,0.001977,False
700620,2,7,"[1,3]","[3,2,2,2,2,1,2]","[[1,3,6],[0,2,3,4,5,6]]",FEASIBLE,FEASIBLE,FEASIBLE,null,0.016291,0.026019,0.001738,False
700621,2,4,"[1,1]","[2,2,3,1]","[[0],[0,1,2,3]]",FEASIBLE,FEASIBLE,FEASIBLE,null,0.01091,0.017256,0.001166,False
700622,3,1,"[1,1,1]",[2],"[[0],[0],[0]]",UNSAT,UNSAT,UNSAT,"[0, 1, 2]",0.010972,0.024952,0.001343,False
700623,6,6,"[2,2,1,3,1,2]","[1,2,1,2,2,2]","[[1,2,3,4,5],[0,4,5],[4],[1,3,4,5],[0,1,2,3,4,5],[0,1,2,4,5]]",UNSAT,UNSAT,UNSAT,"[0, 1, 2, 3, 4, 5]",0.30979,0.075237,0.005405,False
700624,5,5,"[2,1,2,1,3]","[2,2,2,2,1]","[[1,2],[2,3,4],[0,1,2,3,4],[1],[1,3,4]]",UNSAT,UNSAT,UNSAT,"[0, 3, 4]",0.08108,0.064904,0.004152,False
700625,4,6,"[3,1,1,3]","[2,2,2,2,3,1]","[[1,4,5],[0,1,2,3,4,5],[1,2,3,4,5],[0,2,3,5]]",FEASIBLE,FEASIBLE,FEASIBLE,null,0.069371,0.051382,0.002838,False
700626,7,2,"[1,1,1,1,1,2,1]","[3,3]","[[1],[0,1],[0,1],[0],[0],[0,1],[1]]",UNSAT,UNSAT,UNSAT,"[0, 1, 2, 3, 4, 5]",0.242844,0.048137,0.003134,False
700627,2,6,"[3,3]","[2,3,1,3,2,2]","[[3,4,5],[1,2,3,4]]",FEASIBLE,FEASIBLE,FEASIBLE,null,0.014881,0.02826,0.001644,False
700628,1,1,[1],[2],[[0]],FEASIBLE,FEASIBLE,FEASIBLE,null,0.002822,0.009269,0.000578,False
700629,1,6,[1],"[2,2,2,1,3,1]","[[3,5]]",FEASIBLE,FEASIBLE,FEASIBLE,null,0.005565,0.013077,0.000939,False
700630,7,5,"[1,2,3,2,1,3,1]","[2,3,3,3,3]","[[0],[0,1,2,3],[0,2,3,4],[1,4],[3],[0,1,4],[3]]",FEASIBLE,FEASIBLE,FEASIBLE,null,0.62699,0.065976,0.003761,False
700631,4,2,"[2,1,1,2]","[2,1]","[[0,1],[1],[0,1],[0,1]]",UNSAT,UNSAT,UNSAT,"[0, 1]",0.011196,0.035924,0.002296,False
700632,2,5,"[3,2]","[1,1,2,2,2]","[[0,2,3,4],[0,1,4]]",FEASIBLE,FEASIBLE,FEASIBLE,null,0.012989,0.025846,0.00158,False
700633,2,7,"[2,1]","[2,3,2,2,1,1,3]","[[0,1],[1,4,5,6]]",FEASIBLE,FEASIBLE,FEASIBLE,null,0.01615,0.021547,0.001451,False
700634,7,5,"[2,1,3,1,3,3,1]","[2,2,1,3,2]","[[2,3,4],[0,1,2,3,4],[1,2,3,4],[0,3,4],[1,3,4],[0,2,4],[3]]",UNSAT,UNSAT,UNSAT,"[0, 2, 5]",0.135834,0.072757,0.005008,False
700635,3,7,"[2,3,2]","[1,3,1,3,2,2,3]","[[0,1,3,4,5],[2,3,4,5,6],[0,5]]",FEASIBLE,FEASIBLE,FEASIBLE,null,0.037859,0.046858,0.00285,False
700636,5,4,"[1,1,3,1,1]","[3,1,3,1]","[[1],[3],[0,2,3],[2],[2]]",UNSAT,UNSAT,UNSAT,"[1, 2]",0.031535,0.039497,0.002447,False
700637,1,4,[2],"[3,3,3,1]","[[0,1]]",FEASIBLE,FEASIBLE,FEASIBLE,null,0.004858,0.024606,0.00079,False
700638,1,7,[1],"[1,1,1,2,1,1,1]","[[1,6]]",FEASIBLE,FEASIBLE,FEASIBLE,null,0.006826,0.014227,0.000899,False
700639,3,6,"[1,2,2]","[2,2,1,1,3,2]","[[3,5],[0,1,3,4,5],[4,5]]",FEASIBLE,FEASIBLE,FEASIBLE,null,0.032151,0.028194,0.001808,False
700640,7,1,"[1,1,1,1,1,1,1]",[1],"[[0],[0],[0],[0],[0],[0],[0]]",UNSAT,UNSAT,UNSAT,"[0, 1]",0.011768,0.041549,0.002398,False
700641,1,3,[2],"[3,2,3]","[[0,1,2]]",FEASIBLE,FEASIBLE,FEASIBLE,null,0.004036,0.014582,0.000802,False
700642,6,4,"[2,2,1,1,1,2]","[1,1,3,1]","[[0,1,2,3],[0,2,3],[0,1,2,3],[1],[0],[0,2]]",UNSAT,UNSAT,UNSAT,"[4, 5]",0.145317,0.056748,0.003916,False
700643,4,4,"[2,2,1,3]","[2,2,3,3]","[[0,1,2,3],[0,2],[1],[0,1,2,3]]",FEASIBLE,FEASIBLE,FEASIBLE,null,0.049728,0.04539,0.002427,False
700644,3,1,"[1,1,1]",[3],"[[0],[0],[0]]",FEASIBLE,FEASIBLE,FEASIBLE,null,0.01112,0.016972,0.000842,False
700645,1,7,[2],"[1,1,1,1,1,3,3]","[[0,1,2,3,4,5,6]]",FEASIBLE,FEASIBLE,FEASIBLE,null,0.006244,0.018769,0.001361,False
700646,6,1,"[1,1,1,1,1,1]",[2],"[[0],[0],[0],[0],[0],[0]]",UNSAT,UNSAT,UNSAT,"[0, 1, 2]",0.027779,0.035304,0.002021,False
700647,1,6,[2],"[2,1,3,3,1,2]","[[1,2,3,5]]",FEASIBLE,FEASIBLE,FEASIBLE,null,0.005762,0.016557,0.00108,False
700648,2,3,"[1,2]","[1,1,2]","[[2],[0,1,2]]",FEASIBLE,FEASIBLE,FEASIBLE,null,0.009126,0.01765,0.001218,False
700649,4,4,"[1,3,2,1]","[1,3,3,1]","[[0,1],[0,1,2,3],[0,1],[0,3]]",UNSAT,UNSAT,UNSAT,"[1, 2, 3]",0.04545,0.056343,0.003524,False
700650,3,3,"[1,1,1]","[1,3,3]","[[0],[1],[0]]",UNSAT,UNSAT,UNSAT,"[0, 2]",0.013499,0.027101,0.001645,False
700651,1,6,[1],"[3,2,1,3,1,3]","[[0,1,2,3,5]]",FEASIBLE,FEASIBLE,FEASIBLE,null,0.005746,0.015347,0.001052,False
700652,7,5,"[1,2,3,1,1,1,1]","[3,1,3,2,2]","[[1,2],[0,4],[0,1,2,3,4],[2,3],[1,2,4],[1,2,4],[0]]",FEASIBLE,FEASIBLE,FEASIBLE,null,0.566855,0.053968,0.003194,False
700653,6,3,"[1,1,2,2,1,1]","[1,1,3]","[[0,1,2],[2],[1,2],[1,2],[0,1,2],[0]]",UNSAT,UNSAT,UNSAT,"[2, 3]",0.054093,0.054891,0.00342,False
700654,7,5,"[1,1,1,1,3,2,2]","[2,3,2,2,1]","[[0,4],[3],[1,2],[0,1,2,3,4],[0,2,3],[0,1,2,3,4],[0,2,4]]",UNSAT,UNSAT,UNSAT,"[0, 1, 4, 5, 6]",0.440592,0.173484,0.005914,False
700655,2,6,"[3,1]","[1,3,3,3,3,2]","[[0,1,2,4,5],[3]]",FEASIBLE,FEASIBLE,FEASIBLE,null,0.016355,0.025097,0.001371,False
700656,1,1,[1],[3],[[0]],FEASIBLE,FEASIBLE,FEASIBLE,null,0.00293,0.009649,0.000555,False
700657,1,3,[2],"[2,1,1]","[[0,1,2]]",FEASIBLE,FEASIBLE,FEASIBLE,null,0.003973,0.013984,0.00076,False
700658,2,5,"[2,3]","[1,3,2,1,1]","[[0,1,2,3,4],[1,2,3,4]]",FEASIBLE,FEASIBLE,FEASIBLE,null,0.012719,0.026213,0.001685,False
700659,7,4,"[3,2,2,1,3,1,1]","[2,3,2,2]","[[0,1,2,3],[1,2],[1,2],[0,2],[0,1,2,3],[1,2,3],[2]]",UNSAT,UNSAT,UNSAT,"[1, 2, 6]",0.154146,0.0674,0.004604,False
700660,7,4,"[1,2,1,2,1,2,1]","[1,3,2,1]","[[0,1,3],[2,3],[3],[0,1,2,3],[1,2],[0,2],[2]]",UNSAT,UNSAT,UNSAT,"[1, 2]",0.043038,0.074958,0.004843,False
700661,2,7,"[2,2]","[2,2,1,3,2,2,3]","[[1,3,5],[0,1,2,6]]",FEASIBLE,FEASIBLE,FEASIBLE,null,0.016263,0.024669,0.001615,False
700662,1,7,[1],"[1,3,2,1,1,3,1]","[[1,2,3,5,6]]",FEASIBLE,FEASIBLE,FEASIBLE,null,0.006054,0.015574,0.001062,False
700663,7,6,"[2,2,2,3,1,3,1]","[1,1,2,3,3,3]","[[0,5],[0,4],[0,2,3,4,5],[1,3,4,5],[0],[1,2,3,4,5],[0,2,5]]",UNSAT,UNSAT,UNSAT,"[0, 1]",0.03319,0.06966,0.004618,False
700664,5,1,"[1,1,1,1,1]",[2],"[[0],[0],[0],[0],[0]]",UNSAT,UNSAT,UNSAT,"[0, 1, 2]",0.02273,0.033213,0.001798,False
700665,6,7,"[1,1,2,2,3,1]","[1,3,1,2,2,3,2]","[[1,2,4,5,6],[4],[0,1,2,3,4,5,6],[0,1,2,3,5,6],[0,2,5,6],[0,1,2,3,4,5,6]]",FEASIBLE,FEASIBLE,FEASIBLE,null,0.364691,0.197203,0.005709,False
700666,2,5,"[1,3]","[2,2,2,2,2]","[[0,3],[0,1,2,3,4]]",FEASIBLE,FEASIBLE,FEASIBLE,null,0.01336,0.036499,0.001539,False
700667,2,7,"[1,2]","[3,1,3,3,3,3,1]","[[1],[0,3,5]]",FEASIBLE,FEASIBLE,FEASIBLE,null,0.016456,0.021947,0.001228,False
700668,7,3,"[1,1,2,2,2,1,1]","[1,3,2]","[[0,2],[0],[0,2],[1,2],[1,2],[1,2],[1]]",UNSAT,UNSAT,UNSAT,"[1, 2]",0.035828,0.053467,0.003795,False
700669,4,5,"[1,3,2,1]","[1,2,3,3,2]","[[4],[0,1,4],[1,3],[0,1,2,3,4]]",FEASIBLE,FEASIBLE,FEASIBLE,null,0.059905,0.035426,0.002172,False
700670,7,4,"[2,3,1,3,2,3,1]","[2,3,1,2]","[[0,1,2,3],[0,1,2,3],[0,1,2,3],[0,1,2,3],[0,1,2,3],[0,1,2,3],[1]]",UNSAT,UNSAT,UNSAT,"[1, 3, 5]",0.15383,0.075278,0.005421,False
700671,5,2,"[1,1,2,1,2]","[2,3]","[[1],[0,1],[0,1],[0],[0,1]]",UNSAT,UNSAT,UNSAT,"[2, 3, 4]",0.048705,0.040644,0.002715,False
700672,7,7,"[2,1,3,2,1,3,2]","[2,1,1,3,3,3,3]","[[5,6],[2],[0,1,3,4,5,6],[3,4,6],[0,2,3,4,6],[0,1,2,4,5,6],[3,4]]",FEASIBLE,FEASIBLE,FEASIBLE,null,0.719982,0.074854,0.004086,False
700673,6,5,"[1,1,1,3,2,2]","[3,1,1,3,3]","[[0],[2,4],[1,4],[0,1,2,3,4],[1,3,4],[0,1,2,3,4]]",FEASIBLE,FEASIBLE,FEASIBLE,null,0.259173,0.127303,0.003412,False
700674,2,7,"[1,1]","[2,3,3,1,2,2,1]","[[0,1,3],[0,3,4,5]]",FEASIBLE,FEASIBLE,FEASIBLE,null,0.016484,0.020322,0.001482,False
700675,4,7,"[3,1,2,1]","[2,3,2,2,3,2,1]","[[0,1,2,3,4,5,6],[0,1,2,5],[2,4],[0,1,5]]",FEASIBLE,FEASIBLE,FEASIBLE,null,0.077803,0.038425,0.002701,False
700676,1,3,[2],"[3,3,3]","[[0,1]]",FEASIBLE,FEASIBLE,FEASIBLE,null,0.004088,0.013218,0.00072,False
700677,5,1,"[1,1,1,1,1]",[3],"[[0],[0],[0],[0],[0]]",UNSAT,UNSAT,UNSAT,"[0, 1, 2, 3]",0.034518,0.033168,0.001873,False
700678,5,7,"[1,1,1,2,2]","[2,3,1,2,1,1,1]","[[3,4,6],[6],[0,2,4,6],[0,1,2,3,4,5],[0,6]]",UNSAT,UNSAT,UNSAT,"[1, 4]",0.05889,0.059928,0.004207,False
700679,2,1,"[1,1]",[3],"[[0],[0]]",FEASIBLE,FEASIBLE,FEASIBLE,null,0.006183,0.013796,0.000723,False
700680,5,6,"[1,3,1,2,1]","[2,2,2,2,3,1]","[[5],[0,2,3,4,5],[5],[0,1,5],[0,2,3,4,5]]",UNSAT,UNSAT,UNSAT,"[0, 2]",0.029566,0.050056,0.003188,False
700681,5,6,"[1,3,1,2,1]","[1,2,1,2,3,3]","[[5],[0,1,2],[2,3,4,5],[1,2,3,4,5],[0,1,2,4,5]]",FEASIBLE,FEASIBLE,FEASIBLE,null,0.146453,0.045928,0.003089,False
700682,4,2,"[1,1,1,2]","[1,1]","[[1],[1],[1],[0,1]]",UNSAT,UNSAT,UNSAT,"[0, 1]",0.010821,0.031681,0.002015,False
700683,3,3,"[1,1,2]","[2,1,2]","[[2],[0],[0,1,2]]",FEASIBLE,FEASIBLE,FEASIBLE,null,0.019442,0.02179,0.001276,False
700684,6,1,"[1,1,1,1,1,1]",[2],"[[0],[0],[0],[0],[0],[0]]",UNSAT,UNSAT,UNSAT,"[0, 1, 2]",0.02817,0.038447,0.001928,False
700685,7,7,"[1,3,1,2,2,3,2]","[2,1,1,2,3,3,2]","[[0,1,2,3,4,5,6],[0,2,3,5,6],[0,2,3,6],[0,3,4],[4,5,6],[0,2,3,4,5,6],[0,1,2,3,4,5,6]]",FEASIBLE,FEASIBLE,FEASIBLE,null,0.75341,0.179962,0.006423,False
700686,6,4,"[2,1,3,3,1,1]","[1,3,1,1]","[[1,3],[1],[0,1,2,3],[1,2,3],[0,2,3],[2]]",UNSAT,UNSAT,UNSAT,"[0, 3]",0.029094,0.057512,0.003898,False
700687,7,5,"[3,1,1,3,1,2,1]","[1,3,2,2,3]","[[0,1,2,3,4],[3],[3],[0,1,2,3,4],[0,2,3,4],[0,1,2,3,4],[0,2]]",UNSAT,UNSAT,UNSAT,"[0, 1, 2, 3, 4, 5, 6]",0.539625,0.085592,0.005233,False
700688,2,2,"[1,2]","[3,2]","[[0],[0,1]]",FEASIBLE,FEASIBLE,FEASIBLE,null,0.008219,0.017346,0.000929,False
700689,5,7,"[3,3,2,3,2]","[1,2,2,3,3,3,1]","[[0,1,2,3,4,5,6],[0,4,6],[0,3,4,5,6],[0,1,3,4,5,6],[0,1,2,3,4,5,6]]",FEASIBLE,FEASIBLE,FEASIBLE,null,0.170616,0.083793,0.005147,False
700690,3,7,"[1,3,3]","[1,2,2,3,2,2,1]","[[5],[3,4,5,6],[2,3,4,5,6]]",FEASIBLE,FEASIBLE,FEASIBLE,null,0.037727,0.03298,0.00218,False
700691,1,4,[2],"[3,3,3,2]","[[0,1,2,3]]",FEASIBLE,FEASIBLE,FEASIBLE,null,0.004679,0.015255,0.000987,False
700692,3,5,"[1,1,1]","[1,3,2,1,3]","[[0,1,2,3,4],[0,1,3],[0,1,2,3,4]]",FEASIBLE,FEASIBLE,FEASIBLE,null,0.027957,0.03839,0.001932,False
700693,1,7,[1],"[1,1,3,3,3,2,3]",[[3]],FEASIBLE,FEASIBLE,FEASIBLE,null,0.006648,0.01664,0.000824,False
700694,6,6,"[1,1,2,2,1,2]","[1,3,3,2,2,3]","[[0,3,4],[2,4],[0,1,2,3,4,5],[0,2],[1,4],[0,1,3,4,5]]",FEASIBLE,FEASIBLE,FEASIBLE,null,0.343533,0.136381,0.003801,False
700695,3,2,"[2,1,2]","[3,3]","[[0,1],[1],[0,1]]",FEASIBLE,FEASIBLE,FEASIBLE,null,0.01607,0.022994,0.001264,False
700696,2,7,"[2,2]","[3,1,3,1,2,3,1]","[[0,2,3,4],[0,1,3,5]]",FEASIBLE,FEASIBLE,FEASIBLE,null,0.016735,0.024687,0.001667,False
700697,5,6,"[1,1,3,3,2]","[3,3,2,3,1,3]","[[0,1,3,4],[5],[0,2,3,4,5],[1,2,3,5],[1,2,3]]",FEASIBLE,FEASIBLE,FEASIBLE,null,0.145817,0.045563,0.002962,False
700698,7,4,"[2,1,2,2,3,1,1]","[2,1,2,3]","[[0,1,2,3],[0,2,3],[0,1,2,3],[0,1,2,3],[0,1,2,3],[0,1,2,3],[1,3]]",UNSAT,UNSAT,UNSAT,"[0, 2, 3, 4]",0.241154,0.075903,0.00506,False
700699,3,4,"[1,2,2]","[1,3,3,2]","[[2],[2,3],[0,2]]",FEASIBLE,FEASIBLE,FEASIBLE,null,0.023905,0.024393,0.001395,False
700700,4,1,"[1,1,1,1]",[1],"[[0],[0],[0],[0]]",UNSAT,UNSAT,UNSAT,"[0, 1]",0.00777,0.028018,0.001618,False
700701,4,6,"[1,1,1,1]","[1,2,3,3,2,3]","[[0,1,3,4,5],[0,1,2,3,4,5],[0,2,3,4],[0,5]]",FEASIBLE,FEASIBLE,FEASIBLE,null,0.069435,0.033738,0.002654,False
700702,3,4,"[2,1,3]","[3,2,1,2]","[[0,1,2],[2],[0,1,3]]",FEASIBLE,FEASIBLE,FEASIBLE,null,0.026067,0.027401,0.002218,False
700703,1,6,[1],"[2,1,1,3,3,3]",[[0]],FEASIBLE,FEASIBLE,FEASIBLE,null,0.005585,0.012035,0.000773,False
700704,7,6,"[1,3,1,1,1,1,1]","[1,2,1,3,3,3]","[[1],[0,1,5],[5],[3,5],[1,5],[2,3],[0,2]]",FEASIBLE,FEASIBLE,FEASIBLE,null,0.633898,0.063325,0.00364,False
700705,6,5,"[1,1,1,2,2,1]","[3,3,1,3,3]","[[1],[0,1,2,3,4],[4],[0,1,2,3],[0,1,3],[0,1,2,3,4]]",FEASIBLE,FEASIBLE,FEASIBLE,null,0.256867,0.124384,0.002996,False
700706,1,3,[2],"[2,1,2]","[[0,1,2]]",FEASIBLE,FEASIBLE,FEASIBLE,null,0.004231,0.013673,0.000787,False
700707,2,4,"[1,1]","[3,2,2,1]","[[0,3],[0,1,2,3]]",FEASIBLE,FEASIBLE,FEASIBLE,null,0.011294,0.018144,0.001204,False
700708,4,4,"[1,2,1,2]","[3,3,1,2]","[[0,1,2,3],[0,3],[2],[0,1,2,3]]",FEASIBLE,FEASIBLE,FEASIBLE,null,0.04947,0.031257,0.00186,False
700709,4,1,"[1,1,1,1]",[1],"[[0],[0],[0],[0]]",UNSAT,UNSAT,UNSAT,"[0, 1]",0.007904,0.027538,0.001774,False
700710,4,6,"[1,2,1,1]","[1,1,1,1,2,2]","[[0,1,2,3,4],[0,1,2,3,4,5],[1],[1]]",UNSAT,UNSAT,UNSAT,"[2, 3]",0.043008,0.055347,0.003566,False
700711,1,5,[1],"[2,3,2,2,1]",[[2]],FEASIBLE,FEASIBLE,FEASIBLE,null,0.005011,0.012183,0.000791,False
700712,5,4,"[1,3,3,2,1]","[3,2,1,1]","[[0,1,3],[0,1,2,3],[0,1,2,3],[0,2,3],[0]]",UNSAT,UNSAT,UNSAT,"[1, 2, 3]",0.069898,0.0555,0.003822,False
700713,7,2,"[1,2,2,1,1,1,1]","[3,2]","[[1],[0,1],[0,1],[1],[0],[0],[0,1]]",UNSAT,UNSAT,UNSAT,"[0, 1, 2]",0.054353,0.048672,0.003065,False
700714,2,6,"[1,3]","[1,3,2,1,3,3]","[[1,5],[0,2,3,5]]",FEASIBLE,FEASIBLE,FEASIBLE,null,0.014614,0.023191,0.001432,False
700715,2,7,"[2,3]","[2,3,1,3,1,3,1]","[[0,1,5,6],[0,1,2,3,4,5,6]]",FEASIBLE,FEASIBLE,FEASIBLE,null,0.017268,0.030739,0.001952,False
700716,5,5,"[1,2,2,1,3]","[1,2,3,2,3]","[[0],[0,1,2,3,4],[0,1,2,3],[0,1,2,3,4],[1,2,3,4]]",FEASIBLE,FEASIBLE,FEASIBLE,null,0.121419,0.070667,0.00375,False
700717,1,5,[2],"[2,3,2,3,2]","[[0,1,3]]",FEASIBLE,FEASIBLE,FEASIBLE,null,0.005491,0.093414,0.000915,False
700718,7,6,"[1,1,3,2,1,1,1]","[2,1,2,1,2,2]","[[4],[1,4],[0,1,2,3,4,5],[1,3,4],[0,1,2,4,5],[5],[0]]",FEASIBLE,FEASIBLE,FEASIBLE,null,0.640417,0.072607,0.004193,False
700719,1,5,[1],"[3,2,1,2,1]","[[0,1,2,3,4]]",FEASIBLE,FEASIBLE,FEASIBLE,null,0.005245,0.015213,0.001017,False
700720,1,7,[2],"[3,2,3,3,1,1,3]","[[0,2,3,4,5,6]]",FEASIBLE,FEASIBLE,FEASIBLE,null,0.00617,0.018144,0.001228,False
700721,7,1,"[1,1,1,1,1,1,1]",[1],"[[0],[0],[0],[0],[0],[0],[0]]",UNSAT,UNSAT,UNSAT,"[0, 1]",0.011445,0.03823,0.002174,False
700722,5,1,"[1,1,1,1,1]",[3],"[[0],[0],[0],[0],[0]]",UNSAT,UNSAT,UNSAT,"[0, 1, 2, 3]",0.034598,0.03284,0.001786,False
700723,6,6,"[3,1,2,1,1,1]","[1,3,1,3,3,3]","[[0,1,2],[2],[0,1,2,3,4],[0,3,4,5],[1,2,3,4,5],[1,2,3,4,5]]",UNSAT,UNSAT,UNSAT,"[0, 1]",0.029551,0.059107,0.004192,False
700724,4,5,"[1,1,3,1]","[2,3,1,3,1]","[[1,4],[1],[0,1,2],[0,1,2,3,4]]",FEASIBLE,FEASIBLE,FEASIBLE,null,0.059044,0.031521,0.002037,False
700725,2,5,"[1,1]","[3,1,3,3,1]","[[0,1,2,3,4],[2]]",FEASIBLE,FEASIBLE,FEASIBLE,null,0.012431,0.018256,0.001323,False
700726,3,1,"[1,1,1]",[3],"[[0],[0],[0]]",FEASIBLE,FEASIBLE,FEASIBLE,null,0.010664,0.017151,0.000841,False
700727,2,5,"[2,1]","[2,1,2,2,2]","[[3,4],[0,1,2,4]]",FEASIBLE,FEASIBLE,FEASIBLE,null,0.012131,0.021907,0.001385,False
700728,2,3,"[2,1]","[1,2,3]","[[0,1],[0,1,2]]",FEASIBLE,FEASIBLE,FEASIBLE,null,0.009171,0.020619,0.001282,False
700729,4,2,"[2,1,2,1]","[3,3]","[[0,1],[1],[0,1],[1]]",UNSAT,UNSAT,UNSAT,"[0, 1, 2, 3]",0.030701,0.035659,0.002176,False
700730,4,5,"[1,3,2,1]","[1,2,1,3,1]","[[0,4],[0,2,4],[0,2,3,4],[4]]",UNSAT,UNSAT,UNSAT,"[0, 1]",0.098685,0.044535,0.003781,False
700731,5,5,"[1,2,1,2,1]","[3,1,2,1,3]","[[1],[0,1,3,4],[4],[1,4],[1,2]]",UNSAT,UNSAT,UNSAT,"[0, 3]",0.03065,0.044695,0.002846,False
700732,5,7,"[3,1,2,1,1]","[1,1,3,1,2,2,2]","[[2,3,5,6],[1,3,4,5,6],[0,1],[6],[3,4,6]]",FEASIBLE,FEASIBLE,FEASIBLE,null,0.166693,0.056314,0.003664,False
700733,1,1,[1],[2],[[0]],FEASIBLE,FEASIBLE,FEASIBLE,null,0.002812,0.009323,0.000568,False
700734,5,1,"[1,1,1,1,1]",[1],"[[0],[0],[0],[0],[0]]",UNSAT,UNSAT,UNSAT,"[0, 1]",0.009158,0.030826,0.00174,False
700735,4,4,"[1,2,3,3]","[1,2,1,3]","[[1],[0,1,2,3],[0,1,2,3],[1,2,3]]",UNSAT,UNSAT,UNSAT,"[0, 2, 3]",0.042037,0.063178,0.003836,False
700736,2,3,"[2,1]","[2,3,2]","[[0,1,2],[0,1]]",FEASIBLE,FEASIBLE,FEASIBLE,null,0.009355,0.019172,0.001119,False
700737,7,4,"[1,2,2,1,3,1,1]","[1,1,3,2]","[[1,2,3],[0,1,2,3],[0,2],[0],[1,2,3],[3],[0]]",UNSAT,UNSAT,UNSAT,"[2, 3]",0.058147,0.059423,0.004289,False
700738,7,1,"[1,1,1,1,1,1,1]",[2],"[[0],[0],[0],[0],[0],[0],[0]]",UNSAT,UNSAT,UNSAT,"[0, 1, 2]",0.036875,0.038978,0.002141,False
700739,5,3,"[2,2,2,1,1]","[2,3,3]","[[0,1],[1,2],[1,2],[0,1,2],[1]]",UNSAT,UNSAT,UNSAT,"[0, 1, 2, 4]",0.07256,0.044518,0.002787,False
700740,6,4,"[1,1,3,1,3,3]","[1,2,1,2]","[[0,1,2,3],[1,2,3],[0,1,2,3],[0],[1,2,3],[0,2,3]]",UNSAT,UNSAT,UNSAT,"[2, 5]",0.05491,0.059901,0.004359,False
700741,2,3,"[1,1]","[1,1,3]","[[0],[2]]",FEASIBLE,FEASIBLE,FEASIBLE,null,0.009088,0.093216,0.000895,False
700742,3,3,"[3,1,1]","[3,2,3]","[[0,1,2],[2],[1]]",FEASIBLE,FEASIBLE,FEASIBLE,null,0.019804,0.023329,0.001281,False
700743,7,4,"[1,2,1,1,1,1,1]","[2,1,1,2]","[[2],[0,3],[2],[1],[0,1,3],[0,1,3],[0,1,3]]",UNSAT,UNSAT,UNSAT,"[0, 2]",0.027652,0.055872,0.004073,False
700744,1,2,[2],"[1,1]","[[0,1]]",FEASIBLE,FEASIBLE,FEASIBLE,null,0.003489,0.013468,0.000685,False
700745,1,1,[1],[1],[[0]],FEASIBLE,FEASIBLE,FEASIBLE,null,0.002662,0.00914,0.000498,False
700746,1,6,[3],"[3,2,1,3,2,1]","[[0,1,2,3,4,5]]",FEASIBLE,FEASIBLE,FEASIBLE,null,0.005576,0.019674,0.001169,False
700747,6,2,"[1,1,1,2,1,2]","[3,1]","[[1],[0],[0,1],[0,1],[0,1],[0,1]]",UNSAT,UNSAT,UNSAT,"[0, 3]",0.017602,0.045465,0.002851,False
700748,4,2,"[1,2,1,1]","[1,2]","[[0],[0,1],[1],[0,1]]",UNSAT,UNSAT,UNSAT,"[0, 1]",0.01442,0.044129,0.002116,False
700749,1,4,[1],"[3,1,2,2]","[[0,1,2,3]]",FEASIBLE,FEASIBLE,FEASIBLE,null,0.004674,0.014625,0.000928,False
700750,5,2,"[1,2,1,1,2]","[2,3]","[[0,1],[0,1],[0,1],[1],[0,1]]",UNSAT,UNSAT,UNSAT,"[0, 1, 2, 4]",0.053426,0.043656,0.003766,False
700751,7,5,"[2,2,1,1,2,3,1]","[1,3,2,3,3]","[[3,4],[0,1,2,3],[3],[4],[0,2],[0,1,2,3,4],[1]]",FEASIBLE,FEASIBLE,FEASIBLE,null,0.534542,0.065937,0.004018,False
700752,4,7,"[3,2,3,1]","[2,1,1,1,2,3,1]","[[3,4,5,6],[0,1,2,3,4,5,6],[0,4,5],[0,1,3,4,5,6]]",FEASIBLE,FEASIBLE,FEASIBLE,null,0.079978,0.048774,0.003296,False
700753,7,1,"[1,1,1,1,1,1,1]",[1],"[[0],[0],[0],[0],[0],[0],[0]]",UNSAT,UNSAT,UNSAT,"[0, 1]",0.011289,0.040296,0.002061,False
700754,5,5,"[1,1,3,3,1]","[1,2,3,2,1]","[[2],[0,2],[0,1,2,3,4],[1,2,3],[1,2,3]]",FEASIBLE,FEASIBLE,FEASIBLE,null,0.136917,0.055203,0.0032,False
700755,5,1,"[1,1,1,1,1]",[3],"[[0],[0],[0],[0],[0]]",UNSAT,UNSAT,UNSAT,"[0, 1, 2, 3]",0.035236,0.033247,0.001763,False
700756,3,3,"[2,3,1]","[1,2,3]","[[0,1],[0,1,2],[2]]",UNSAT,UNSAT,UNSAT,"[0, 1]",0.011715,0.034608,0.002083,False
700757,1,1,[1],[1],[[0]],FEASIBLE,FEASIBLE,FEASIBLE,null,0.002751,0.010195,0.000547,False
700758,4,2,"[2,1,1,1]","[2,2]","[[0,1],[0,1],[1],[0,1]]",UNSAT,UNSAT,UNSAT,"[0, 1, 2, 3]",0.031651,0.036495,0.002214,False
700759,1,4,[1],"[2,2,3,3]","[[0,1,2,3]]",FEASIBLE,FEASIBLE,FEASIBLE,null,0.004663,0.013783,0.000915,False
700760,7,7,"[2,1,3,3,1,1,1]","[3,1,2,1,1,3,2]","[[1,2,3,4,5,6],[3],[0,1,2,3,4,5,6],[0,1,2,3,4,5,6],[3],[2],[3]]",UNSAT,UNSAT,UNSAT,"[1, 4]",0.078624,0.08802,0.005692,False
700761,5,5,"[2,2,1,1,2]","[2,2,1,2,3]","[[0,1,3],[1,2,3,4],[0,1,2,3,4],[2,4],[2,4]]",FEASIBLE,FEASIBLE,FEASIBLE,null,0.13754,0.073906,0.003261,False
700762,4,3,"[1,2,2,2]","[1,3,3]","[[0,2],[0,1,2],[0,1,2],[1,2]]",FEASIBLE,FEASIBLE,FEASIBLE,null,0.040634,0.033678,0.001822,False
700763,2,7,"[3,3]","[3,1,3,1,3,3,1]","[[0,1,2,3,4,5,6],[1,2,4,5,6]]",FEASIBLE,FEASIBLE,FEASIBLE,null,0.016369,0.032044,0.002026,False
700764,2,3,"[1,1]","[2,3,2]","[[0,1,2],[2]]",FEASIBLE,FEASIBLE,FEASIBLE,null,0.009232,0.015863,0.001118,False
700765,1,2,[1],"[1,2]",[[1]],FEASIBLE,FEASIBLE,FEASIBLE,null,0.003278,0.010718,0.000625,False
700766,4,4,"[1,1,1,3]","[1,2,2,1]","[[0,1,2,3],[2],[0,2],[0,1,2,3]]",FEASIBLE,FEASIBLE,FEASIBLE,null,0.048771,0.120996,0.002415,False
700767,5,2,"[1,1,1,1,1]","[3,3]","[[0,1],[0],[0,1],[0],[0,1]]",FEASIBLE,FEASIBLE,FEASIBLE,null,0.062878,0.036878,0.002095,False
700768,4,5,"[3,1,1,2]","[2,3,2,3,1]","[[0,1,2,3,4],[0,1,2,3,4],[1,3,4],[0,1,2,3]]",FEASIBLE,FEASIBLE,FEASIBLE,null,0.06177,0.038062,0.002698,False
700769,7,3,"[1,2,1,2,1,2,1]","[3,1,2]","[[2],[0,1],[2],[1,2],[1,2],[0,1,2],[0,1,2]]",UNSAT,UNSAT,UNSAT,"[1, 3]",0.037502,0.060644,0.00384,False
700770,3,2,"[1,1,2]","[3,1]","[[0,1],[1],[0,1]]",UNSAT,UNSAT,UNSAT,"[1, 2]",0.013776,0.028673,0.00174,False
700771,1,7,[1],"[2,1,3,2,3,1,2]",[[4]],FEASIBLE,FEASIBLE,FEASIBLE,null,0.006004,0.013164,0.000859,False
700772,1,4,[1],"[2,2,1,1]",[[1]],FEASIBLE,FEASIBLE,FEASIBLE,null,0.003925,0.010651,0.000662,False
700773,4,3,"[2,1,1,2]","[3,3,2]","[[1,2],[0],[1,2],[1,2]]",FEASIBLE,FEASIBLE,FEASIBLE,null,0.039914,0.02745,0.001627,False
700774,4,6,"[2,3,1,2]","[3,2,1,1,1,2]","[[0,2,3,5],[1,2,4,5],[5],[0,2,3,5]]",FEASIBLE,FEASIBLE,FEASIBLE,null,0.070043,0.038724,0.002296,False
700775,2,2,"[1,1]","[3,2]","[[0,1],[0]]",FEASIBLE,FEASIBLE,FEASIBLE,null,0.007543,0.014605,0.000908,False
700776,5,3,"[1,3,1,3,1]","[1,3,1]","[[1],[0,1,2],[1],[0,1,2],[0]]",UNSAT,UNSAT,UNSAT,"[1, 3]",0.026615,0.046598,0.002765,False
700777,3,7,"[2,2,1]","[3,2,2,3,1,3,2]","[[0,1,3,4],[1,3,4,5,6],[0,2,3,4,5,6]]",FEASIBLE,FEASIBLE,FEASIBLE,null,0.035875,0.032237,0.002466,False
700778,5,6,"[1,2,1,1,2]","[2,2,2,2,2,3]","[[0,2,3,5],[0,3,5],[0],[0,1,2,3,4,5],[0,1,2,3,4,5]]",FEASIBLE,FEASIBLE,FEASIBLE,null,0.141669,0.148901,0.003687,False
700779,4,2,"[1,1,2,2]","[2,3]","[[1],[1],[0,1],[0,1]]",UNSAT,UNSAT,UNSAT,"[0, 1, 2, 3]",0.031252,0.036498,0.002124,False
700780,7,7,"[1,2,3,1,1,3,2]","[1,1,2,2,3,3,2]","[[1],[1,6],[0,1,2,3,6],[6],[0,1,3,6],[0,1,2,3,4,5,6],[2,4]]",UNSAT,UNSAT,UNSAT,"[0, 1]",0.038488,0.076938,0.005636,False
700781,7,1,"[1,1,1,1,1,1,1]",[1],"[[0],[0],[0],[0],[0],[0],[0]]",UNSAT,UNSAT,UNSAT,"[0, 1]",0.011386,0.038646,0.001916,False
700782,1,1,[1],[1],[[0]],FEASIBLE,FEASIBLE,FEASIBLE,null,0.002844,0.009944,0.000477,False
700783,5,6,"[2,2,1,1,1]","[2,2,3,3,1,3]","[[0,1,2,3,5],[0,2,4],[0,2,3,5],[0],[2]]",FEASIBLE,FEASIBLE,FEASIBLE,null,0.141046,0.050749,0.003182,False
700784,4,7,"[3,1,1,1]","[3,1,3,2,2,1,1]","[[0,1,2,3,4,6],[0,2,4,5],[0,1,2,3,4,5,6],[3]]",FEASIBLE,FEASIBLE,FEASIBLE,null,0.076905,0.036866,0.002626,False
700785,3,5,"[3,3,2]","[1,3,2,3,2]","[[0,1,3,4],[0,1,2,3,4],[2,3]]",FEASIBLE,FEASIBLE,FEASIBLE,null,0.02747,0.035967,0.002023,False
700786,2,2,"[1,1]","[2,1]","[[0,1],[0]]",FEASIBLE,FEASIBLE,FEASIBLE,null,0.007527,0.014484,0.000902,False
700787,3,3,"[3,1,3]","[1,1,3]","[[0,1,2],[0,1,2],[0,1,2]]",UNSAT,UNSAT,UNSAT,"[0, 2]",0.013611,0.037997,0.002287,False
700788,4,3,"[1,2,3,2]","[3,3,1]","[[0],[0,1,2],[0,1,2],[0,2]]",UNSAT,UNSAT,UNSAT,"[2, 3]",0.025194,0.043634,0.002572,False
700789,1,2,[1],"[3,1]","[[0,1]]",FEASIBLE,FEASIBLE,FEASIBLE,null,0.003406,0.013499,0.000608,False
700790,3,2,"[1,1,2]","[3,3]","[[1],[1],[0,1]]",FEASIBLE,FEASIBLE,FEASIBLE,null,0.01539,0.02069,0.001222,False
700791,7,4,"[2,1,1,1,1,1,1]","[1,2,1,1]","[[2,3],[1],[3],[0,3],[2],[1,3],[3]]",UNSAT,UNSAT,UNSAT,"[0, 2]",0.027285,0.046346,0.003135,False
700792,5,3,"[1,1,1,1,1]","[1,3,2]","[[0,1,2],[2],[0,1,2],[0,2],[0,2]]",FEASIBLE,FEASIBLE,FEASIBLE,null,0.081576,0.042093,0.002247,False
700793,4,5,"[1,2,2,2]","[3,1,2,3,2]","[[1,2,3],[0,1,2,3,4],[0,1,2,3,4],[3,4]]",FEASIBLE,FEASIBLE,FEASIBLE,null,0.059595,0.037829,0.00254,False
700794,3,4,"[2,2,2]","[2,3,2,3]","[[0,1,2],[0,3],[0,1]]",FEASIBLE,FEASIBLE,FEASIBLE,null,0.023893,0.03522,0.002004,False
700795,1,1,[1],[3],[[0]],FEASIBLE,FEASIBLE,FEASIBLE,null,0.002659,0.009218,0.000479,False
700796,2,3,"[2,3]","[1,1,1]","[[1,2],[0,1,2]]",UNSAT,UNSAT,UNSAT,"[0, 1]",0.009125,0.029022,0.002029,False
700797,1,1,[1],[2],[[0]],FEASIBLE,FEASIBLE,FEASIBLE,null,0.002803,0.009472,0.000474,False
700798,5,7,"[2,1,3,3,1]","[3,3,1,2,3,3,3]","[[1,5],[5],[0,1,2,5,6],[1,2,3,5,6],[5,6]]",FEASIBLE,FEASIBLE,FEASIBLE,null,0.179176,0.046855,0.002823,False
700799,6,1,"[1,1,1,1,1,1]",[3],"[[0],[0],[0],[0],[0],[0]]",UNSAT,UNSAT,UNSAT,"[0, 1, 2, 3]",0.053362,0.036872,0.001998,False
700800,5,5,"[2,1,2,1,1]","[1,2,3,1,3]","[[0,1],[0,1],[0,2,3,4],[0,1],[4]]",UNSAT,UNSAT,UNSAT,"[0, 1, 3]",0.063051,0.046424,0.003107,False
700801,2,1,"[1,1]",[2],"[[0],[0]]",FEASIBLE,FEASIBLE,FEASIBLE,null,0.00575,0.014038,0.000718,False
700802,6,6,"[1,1,3,1,3,3]","[2,3,2,3,3,3]","[[1],[0,3,4,5],[1,2,4],[3],[0,1,2,3,4,5],[0,1,2,3,4,5]]",FEASIBLE,FEASIBLE,FEASIBLE,null,0.296615,0.181822,0.003228,False
700803,5,4,"[1,1,1,1,1]","[3,3,2,2]","[[0],[0,1,2,3],[1,2,3],[1],[3]]",FEASIBLE,FEASIBLE,FEASIBLE,null,0.102316,0.029441,0.001764,False
700804,1,2,[2],"[3,3]","[[0,1]]",FEASIBLE,FEASIBLE,FEASIBLE,null,0.003257,0.012598,0.000658,False
700805,4,3,"[1,1,1,2]","[2,1,2]","[[1,2],[1],[0,2],[0,1,2]]",FEASIBLE,FEASIBLE,FEASIBLE,null,0.03985,0.036038,0.00207,False
700806,2,1,"[1,1]",[1],"[[0],[0]]",UNSAT,UNSAT,UNSAT,"[0, 1]",0.006061,0.019957,0.001139,False
700807,4,5,"[1,2,1,2]","[1,2,1,3,1]","[[0,1,3],[1,2,3,4],[0,1,3,4],[0,1,2,3,4]]",FEASIBLE,FEASIBLE,FEASIBLE,null,0.058481,0.037877,0.002568,False
700808,3,3,"[3,1,2]","[1,2,3]","[[0,1,2],[1,2],[0,2]]",UNSAT,UNSAT,UNSAT,"[0, 2]",0.013409,0.034366,0.001975,False
700809,3,5,"[1,1,3]","[1,2,3,3,2]","[[2,4],[3],[0,1,2,3,4]]",FEASIBLE,FEASIBLE,FEASIBLE,null,0.039243,0.028136,0.00179,False
700810,2,5,"[1,1]","[3,2,1,3,2]","[[0,1,4],[0]]",FEASIBLE,FEASIBLE,FEASIBLE,null,0.013066,0.017333,0.001144,False
700811,2,5,"[1,1]","[3,2,1,2,1]","[[0,1,2,3,4],[0,2,3,4]]",FEASIBLE,FEASIBLE,FEASIBLE,null,0.012327,0.019779,0.001481,False
700812,7,7,"[2,3,2,3,1,2,1]","[2,1,1,3,2,2,2]","[[0,1,2,5],[1,2,3,4,5,6],[0,1,4,5,6],[2,4,5,6],[0],[0,3,4,6],[1,3,5]]",UNSAT,UNSAT,UNSAT,"[0, 1, 2, 3, 4, 5]",0.665893,0.105318,0.00776,False
700813,5,3,"[3,1,1,1,2]","[2,1,3]","[[0,1,2],[0],[2],[0],[0,1,2]]",UNSAT,UNSAT,UNSAT,"[0, 1, 3]",0.042487,0.04373,0.002606,False
700814,7,5,"[1,1,2,1,2,2,1]","[3,2,2,1,1]","[[0,1,2,3,4],[1],[1,2,3,4],[0,1],[0,1,2,3],[1,2,3,4],[0,4]]",UNSAT,UNSAT,UNSAT,"[0, 1, 2, 3, 4, 5, 6]",0.520793,0.163592,0.00523,False
700815,4,2,"[1,1,1,1]","[2,2]","[[1],[1],[0,1],[1]]",UNSAT,UNSAT,UNSAT,"[0, 1, 3]",0.023885,0.029821,0.001861,False
700816,6,4,"[1,3,1,2,2,2]","[1,3,1,1]","[[0,1,2,3],[0,2,3],[0,2],[0,1,2,3],[0,1,2,3],[0,1,3]]",UNSAT,UNSAT,UNSAT,"[1, 2]",0.064957,0.065144,0.004668,False
700817,1,6,[1],"[2,1,1,3,1,1]",[[5]],FEASIBLE,FEASIBLE,FEASIBLE,null,0.00555,0.01264,0.000745,False
700818,3,4,"[1,2,1]","[3,2,1,1]","[[3],[0,3],[1]]",UNSAT,UNSAT,UNSAT,"[0, 1]",0.013509,0.028424,0.001812,False
700819,4,6,"[1,2,2,2]","[3,3,1,3,3,2]","[[0,1,2],[0,1,2,3,5],[0,2,3,5],[0,2]]",FEASIBLE,FEASIBLE,FEASIBLE,null,0.06616,0.047156,0.002906,False
700820,6,6,"[1,3,1,1,2,1]","[1,1,2,3,2,1]","[[0,1,5],[3,4,5],[0],[0,1,2,4,5],[0,2,4,5],[2]]",UNSAT,UNSAT,UNSAT,"[0, 1, 2, 3, 4, 5]",0.290267,0.060044,0.004818,False
700821,4,2,"[1,1,1,1]","[1,3]","[[0],[0,1],[1],[0]]",UNSAT,UNSAT,UNSAT,"[0, 3]",0.013903,0.029775,0.001722,False
700822,6,1,"[1,1,1,1,1,1]",[3],"[[0],[0],[0],[0],[0],[0]]",UNSAT,UNSAT,UNSAT,"[0, 1, 2, 3]",0.053456,0.036305,0.001851,False
700823,2,7,"[1,1]","[1,3,2,3,3,2,1]","[[0,2,3,4,6],[2,4]]",FEASIBLE,FEASIBLE,FEASIBLE,null,0.016101,0.019823,0.001437,False
700824,2,5,"[2,1]","[1,3,3,3,1]","[[1,3],[0,1,2,3,4]]",FEASIBLE,FEASIBLE,FEASIBLE,null,0.012446,0.020383,0.001433,False
700825,6,6,"[2,1,1,2,1,2]","[2,1,2,3,1,3]","[[2,4],[0,1,3,4,5],[1,2,3,4],[1,3],[0,1,2,3,4,5],[0,1,2,3,4,5]]",FEASIBLE,FEASIBLE,FEASIBLE,null,0.312711,0.161609,0.004607,False
700826,4,6,"[2,3,1,2]","[3,2,3,1,1,3]","[[0,2,3,4],[0,1,2],[1,2,5],[0,2,3,4]]",FEASIBLE,FEASIBLE,FEASIBLE,null,0.067556,0.036675,0.00245,False
700827,2,4,"[1,2]","[3,2,2,1]","[[2],[0,1,2,3]]",FEASIBLE,FEASIBLE,FEASIBLE,null,0.010694,0.018932,0.001217,False
700828,5,1,"[1,1,1,1,1]",[2],"[[0],[0],[0],[0],[0]]",UNSAT,UNSAT,UNSAT,"[0, 1, 2]",0.020807,0.031412,0.001673,False
700829,3,4,"[3,2,1]","[1,2,1,2]","[[0,1,2,3],[1,2,3],[1,2,3]]",FEASIBLE,FEASIBLE,FEASIBLE,null,0.023236,0.03055,0.001764,False
700830,5,3,"[2,1,1,2,1]","[3,1,2]","[[0,1],[0,2],[0,1,2],[0,1,2],[2]]",UNSAT,UNSAT,UNSAT,"[0, 1, 2, 3, 4]",0.079396,0.046879,0.002948,False
700831,6,1,"[1,1,1,1,1,1]",[3],"[[0],[0],[0],[0],[0],[0]]",UNSAT,UNSAT,UNSAT,"[0, 1, 2, 3]",0.052077,0.035674,0.001631,False
700832,5,5,"[1,1,1,1,1]","[3,3,1,1,2]","[[0,1,2,3,4],[1,2],[1],[0,1,2,3],[0,2,3]]",FEASIBLE,FEASIBLE,FEASIBLE,null,0.135992,0.031917,0.002356,False
700833,3,4,"[1,1,2]","[3,2,3,2]","[[2],[2],[0,1,2]]",FEASIBLE,FEASIBLE,FEASIBLE,null,0.023018,0.021689,0.001288,False
700834,5,6,"[3,2,3,1,3]","[3,2,3,1,2,1]","[[0,1,2,3,4,5],[1,2,4,5],[0,3,4,5],[0,1,2,3,4,5],[0,1,2,3,4,5]]",FEASIBLE,FEASIBLE,FEASIBLE,null,0.143422,0.055208,0.003802,False
700835,1,5,[3],"[2,2,1,2,2]","[[0,1,4]]",FEASIBLE,FEASIBLE,FEASIBLE,null,0.008948,0.026414,0.000918,False
700836,1,1,[1],[1],[[0]],FEASIBLE,FEASIBLE,FEASIBLE,null,0.002804,0.013722,0.000457,False
700837,7,6,"[1,1,2,2,2,1,1]","[3,2,2,2,1,2]","[[2,3],[0,4,5],[0,1,4,5],[0,1,2,4,5],[1,2,4],[2,3],[1,5]]",FEASIBLE,FEASIBLE,FEASIBLE,null,0.713095,0.051477,0.003289,False
700838,2,6,"[1,1]","[3,3,1,3,1,3]","[[1],[2]]",FEASIBLE,FEASIBLE,FEASIBLE,null,0.014543,0.016347,0.000964,False
700839,4,6,"[1,1,1,1]","[3,2,1,3,2,1]","[[1,2,4,5],[4],[0,1,2,4,5],[0,3]]",FEASIBLE,FEASIBLE,FEASIBLE,null,0.068863,0.028322,0.002041,False
700840,1,5,[2],"[1,3,1,1,2]","[[1,2,3,4]]",FEASIBLE,FEASIBLE,FEASIBLE,null,0.00511,0.015026,0.00104,False
700841,6,2,"[1,1,1,1,2,1]","[2,3]","[[0],[0],[0],[1],[0,1],[1]]",UNSAT,UNSAT,UNSAT,"[0, 1, 2]",0.042949,0.041964,0.002368,False
700842,4,6,"[2,1,1,2]","[3,2,1,2,3,3]","[[2,4],[0,1,2,3,4,5],[0,2,5],[1,2,3,4]]",FEASIBLE,FEASIBLE,FEASIBLE,null,0.070193,0.036547,0.002514,False
700843,2,6,"[2,1]","[2,3,1,1,2,3]","[[0,2,4,5],[1,5]]",FEASIBLE,FEASIBLE,FEASIBLE,null,0.015071,0.02093,0.001363,False
700844,2,3,"[1,2]","[3,1,2]","[[0,2],[0,2]]",FEASIBLE,FEASIBLE,FEASIBLE,null,0.008891,0.017688,0.001056,False
700845,6,5,"[3,1,1,2,2,1]","[1,1,2,2,3]","[[0,1,2,4],[1,3],[1,2,3],[0,1,3,4],[0,2,3],[0,2,4]]",UNSAT,UNSAT,UNSAT,"[0, 1, 2, 3, 4]",0.229551,0.086295,0.005609,False
700846,1,2,[1],"[2,1]","[[0,1]]",FEASIBLE,FEASIBLE,FEASIBLE,null,0.003479,0.011617,0.000522,False
700847,1,6,[3],"[1,3,3,1,1,1]","[[0,1,3,4]]",FEASIBLE,FEASIBLE,FEASIBLE,null,0.005707,0.018702,0.00108,False
700848,5,7,"[3,3,3,1,3]","[3,2,3,3,1,1,1]","[[0,2,3],[0,1,2,3,5,6],[0,1,2,3,4],[6],[0,1,2,3,4,5,6]]",FEASIBLE,FEASIBLE,FEASIBLE,null,0.166401,0.131623,0.003422,False
700849,3,2,"[1,1,1]","[1,3]","[[0],[0,1],[1]]",FEASIBLE,FEASIBLE,FEASIBLE,null,0.015632,0.018983,0.001079,False
700850,1,3,[2],"[2,3,1]","[[0,1,2]]",FEASIBLE,FEASIBLE,FEASIBLE,null,0.003976,0.013818,0.00073,False
700851,2,1,"[1,1]",[1],"[[0],[0]]",UNSAT,UNSAT,UNSAT,"[0, 1]",0.005706,0.020448,0.001049,False
700852,2,3,"[2,3]","[3,3,1]","[[0,1],[0,1,2]]",FEASIBLE,FEASIBLE,FEASIBLE,null,0.0111,0.022739,0.00124,False
700853,6,4,"[3,2,2,1,1,1]","[1,2,2,1]","[[0,1,2,3],[0,1],[0,1,2,3],[0,3],[0,1,2,3],[0,2,3]]",UNSAT,UNSAT,UNSAT,"[0, 1, 2]",0.06782,0.063816,0.004423,False
700854,6,4,"[1,1,2,1,1,1]","[1,3,1,1]","[[1],[2],[1,3],[0,3],[1,2,3],[0,2]]",UNSAT,UNSAT,UNSAT,"[1, 2, 3, 5]",0.233692,0.049391,0.003135,False
700855,7,6,"[3,3,1,1,1,2,1]","[1,1,1,3,3,3]","[[0,3,4,5],[2,3,4],[2,3,4,5],[0],[0],[0,1,2,3,4,5],[5]]",UNSAT,UNSAT,UNSAT,"[3, 4]",0.110858,0.107397,0.004739,False
700856,3,7,"[1,1,1]","[1,1,2,2,1,2,2]","[[1,2,3,4,5,6],[3],[0,1,2,3,4,5,6]]",FEASIBLE,FEASIBLE,FEASIBLE,null,0.037901,0.029819,0.002249,False
700857,1,5,[3],"[2,2,1,1,2]","[[0,1,2,3,4]]",FEASIBLE,FEASIBLE,FEASIBLE,null,0.005161,0.018679,0.001077,False
700858,5,1,"[1,1,1,1,1]",[3],"[[0],[0],[0],[0],[0]]",UNSAT,UNSAT,UNSAT,"[0, 1, 2, 3]",0.037052,0.036681,0.001699,False
700859,7,5,"[1,3,2,2,2,1,1]","[2,2,2,1,2]","[[2],[0,1,2,3,4],[0,3],[0,2,3,4],[0,1,2,3,4],[0,1,2,3,4],[2,4]]",UNSAT,UNSAT,UNSAT,"[0, 1, 2, 3, 4]",0.3944,0.161962,0.005631,False
700860,5,6,"[1,1,3,1,2]","[1,1,1,3,3,3]","[[1,2,3],[1],[0,2,3,4,5],[0,1,2,3,4],[0,1,2,3,4,5]]",FEASIBLE,FEASIBLE,FEASIBLE,null,0.144191,0.0595,0.003644,False
700861,4,2,"[1,1,2,2]","[1,1]","[[0,1],[1],[0,1],[0,1]]",UNSAT,UNSAT,UNSAT,"[0, 2]",0.012689,0.034087,0.002092,False
700862,1,5,[3],"[2,1,3,2,2]","[[0,1,2,4]]",FEASIBLE,FEASIBLE,FEASIBLE,null,0.005165,0.018206,0.00101,False
700863,4,1,"[1,1,1,1]",[2],"[[0],[0],[0],[0]]",UNSAT,UNSAT,UNSAT,"[0, 1, 2]",0.015669,0.028709,0.001511,False
700864,5,7,"[2,1,2,2,2]","[1,3,1,2,2,2,1]","[[0,1,2,5],[0,6],[1,3,4,5,6],[1,6],[0,2,3,4,6]]",FEASIBLE,FEASIBLE,FEASIBLE,null,0.183321,0.069638,0.003824,False
700865,7,6,"[1,1,3,1,3,2,2]","[2,1,1,3,2,2]","[[0,1,2,4,5],[0,1,3],[0,1,2,3,4,5],[0,1,4,5],[1,2,3,4,5],[0,1,2,3,4,5],[0,1]]",UNSAT,UNSAT,UNSAT,"[0, 1, 2, 4, 5, 6]",0.624194,0.094278,0.006697,False
700866,4,4,"[1,1,1,1]","[3,3,3,1]","[[0,2],[3],[2],[0,1,2,3]]",FEASIBLE,FEASIBLE,FEASIBLE,null,0.049289,0.028427,0.00159,False
700867,1,7,[2],"[2,2,1,1,2,1,1]","[[0,2,4]]",FEASIBLE,FEASIBLE,FEASIBLE,null,0.006279,0.016283,0.000994,False
700868,5,7,"[2,3,1,2,3]","[2,2,2,3,2,3,1]","[[3,4,5,6],[0,1,2,3,4,5,6],[0,2,4,5,6],[1,2,4,6],[0,1,2,3,4,5,6]]",FEASIBLE,FEASIBLE,FEASIBLE,null,0.166096,0.06344,0.003621,False
700869,2,4,"[1,1]","[3,2,3,1]","[[0,1,2,3],[2]]",FEASIBLE,FEASIBLE,FEASIBLE,null,0.011078,0.112807,0.001155,False
700870,5,7,"[3,2,3,1,1]","[2,3,2,3,1,1,2]","[[0,1,2,4,6],[0,1,2,3,4,5,6],[0,2,4,5,6],[2,5],[5,6]]",FEASIBLE,FEASIBLE,FEASIBLE,null,0.165899,0.064954,0.004001,False
700871,3,3,"[1,2,2]","[1,2,2]","[[1,2],[0,1,2],[0,2]]",FEASIBLE,FEASIBLE,FEASIBLE,null,0.019874,0.032565,0.001849,False
700872,3,2,"[2,1,1]","[3,3]","[[0,1],[0],[1]]",FEASIBLE,FEASIBLE,FEASIBLE,null,0.015316,0.020164,0.001117,False
700873,6,4,"[1,3,3,1,1,1]","[3,3,2,2]","[[0,2],[1,2,3],[0,1,2,3],[2],[1],[3]]",UNSAT,UNSAT,UNSAT,"[1, 2, 3, 5]",0.175466,0.052706,0.003257,False
700874,3,4,"[1,3,1]","[1,1,1,1]","[[1,2],[0,1,2,3],[0,3]]",UNSAT,UNSAT,UNSAT,"[0, 1, 2]",0.023859,0.039216,0.002671,False
700875,2,1,"[1,1]",[3],"[[0],[0]]",FEASIBLE,FEASIBLE,FEASIBLE,null,0.006477,0.014801,0.000661,False
700876,1,2,[1],"[2,1]","[[0,1]]",FEASIBLE,FEASIBLE,FEASIBLE,null,0.005418,0.011578,0.001043,False
700877,2,7,"[2,2]","[1,2,1,1,2,1,3]","[[0,1,2,3,4,5,6],[2,3,4,6]]",FEASIBLE,FEASIBLE,FEASIBLE,null,0.017405,0.027001,0.001914,False
700878,6,7,"[3,2,3,2,1,2]","[3,2,1,2,2,2,2]","[[0,1,2,3,4,5,6],[0,1,2,3,4,5],[0,1,2,3,5,6],[0,4,5],[0],[0,1,2,3,4,5,6]]",FEASIBLE,FEASIBLE,FEASIBLE,null,0.34503,0.084676,0.007032,False
700879,1,2,[1],"[1,2]","[[0,1]]",FEASIBLE,FEASIBLE,FEASIBLE,null,0.003649,0.010582,0.000586,False
700880,7,1,"[1,1,1,1,1,1,1]",[1],"[[0],[0],[0],[0],[0],[0],[0]]",UNSAT,UNSAT,UNSAT,"[0, 1]",0.01095,0.038248,0.002491,False
700881,4,5,"[3,1,3,1]","[3,2,1,1,1]","[[0,1,2,3,4],[3,4],[0,1,2,3,4],[1,3,4]]",UNSAT,UNSAT,UNSAT,"[0, 1, 2, 3]",0.059041,0.139902,0.004185,False
700882,1,4,[1],"[1,3,3,3]","[[0,1,2,3]]",FEASIBLE,FEASIBLE,FEASIBLE,null,0.004866,0.013827,0.000952,False
700883,7,2,"[2,1,1,1,2,1,1]","[2,1]","[[0,1],[0],[0,1],[0,1],[0,1],[1],[1]]",UNSAT,UNSAT,UNSAT,"[0, 4]",0.020929,0.047423,0.003246,False
700884,4,7,"[2,3,2,2]","[1,3,1,1,1,2,2]","[[0,1,2,3,4,5,6],[0,1,2,3,5,6],[5,6],[3,4,5]]",FEASIBLE,FEASIBLE,FEASIBLE,null,0.078226,0.044798,0.002992,False
700885,6,5,"[1,1,1,2,2,2]","[3,2,1,3,3]","[[0,1,2,3,4],[0,1,2,3],[0,1,4],[0,1,2,3,4],[1,2,3],[3,4]]",FEASIBLE,FEASIBLE,FEASIBLE,null,0.259789,0.04928,0.0032,False
700886,3,2,"[1,1,1]","[1,3]","[[0],[0,1],[0]]",UNSAT,UNSAT,UNSAT,"[0, 2]",0.01099,0.026234,0.001705,False
700887,5,7,"[2,2,3,2,3]","[3,3,1,2,1,2,3]","[[1,2],[5,6],[0,1,2,3,4,5,6],[2,3,6],[1,4,5,6]]",FEASIBLE,FEASIBLE,FEASIBLE,null,0.167561,0.051207,0.003264,False
700888,3,1,"[1,1,1]",[3],"[[0],[0],[0]]",FEASIBLE,FEASIBLE,FEASIBLE,null,0.011487,0.018226,0.000948,False
700889,4,1,"[1,1,1,1]",[3],"[[0],[0],[0],[0]]",UNSAT,UNSAT,UNSAT,"[0, 1, 2, 3]",0.021598,0.030151,0.001582,False
700890,4,3,"[1,1,2,1]","[1,3,3]","[[2],[0],[0,2],[2]]",UNSAT,UNSAT,UNSAT,"[1, 2]",0.022958,0.032756,0.001873,False
700891,7,6,"[2,1,3,2,1,2,1]","[3,1,2,1,2,2]","[[1,2,4],[2],[0,1,2,3,4,5],[0,1,2,3,4,5],[3,4],[0,2,3],[1]]",UNSAT,UNSAT,UNSAT,"[0, 1, 2, 4, 5, 6]",0.650903,0.118207,0.007216,False
700892,2,2,"[1,2]","[2,2]","[[1],[0,1]]",FEASIBLE,FEASIBLE,FEASIBLE,null,0.007662,0.021034,0.000969,False
700893,5,6,"[1,3,2,1,2]","[2,1,2,1,2,2]","[[4],[1,2,3,4,5],[0,1,3,4],[0],[0,3,4,5]]",FEASIBLE,FEASIBLE,FEASIBLE,null,0.243228,0.063431,0.003782,False
700894,6,4,"[2,1,3,1,2,2]","[1,2,3,3]","[[1,3],[0,3],[0,2,3],[0,1],[0,1,2],[2,3]]",UNSAT,UNSAT,UNSAT,"[0, 1, 2, 5]",0.147976,0.061708,0.004218,False
700895,4,7,"[3,2,3,3]","[3,3,3,1,3,1,1]","[[1,2,3,5,6],[5,6],[0,1,5],[0,2,3,5,6]]",UNSAT,UNSAT,UNSAT,"[1, 2]",0.040592,0.059485,0.003957,False
700896,4,4,"[2,1,3,2]","[1,1,3,2]","[[1,3],[3],[0,1,2,3],[0,1]]",UNSAT,UNSAT,UNSAT,"[0, 3]",0.023453,0.04399,0.00283,False
700897,4,7,"[3,2,3,3]","[2,3,3,1,2,3,1]","[[0,1,2,3,4,6],[0,1,2,3,4,5,6],[0,1,2,3,4,5,6],[3,4,6]]",FEASIBLE,FEASIBLE,FEASIBLE,null,0.081204,0.074993,0.004266,False
700898,7,7,"[3,2,2,3,1,1,1]","[1,3,1,2,1,1,3]","[[1,3,4,5],[0,1,2,5,6],[3,6],[0,1,2],[0,1,2,3,4,5,6],[5],[1,2,3]]",UNSAT,UNSAT,UNSAT,"[0, 1, 2, 3, 5, 6]",0.93823,0.141255,0.007013,False
700899,3,2,"[1,1,2]","[3,3]","[[0,1],[0],[0,1]]",FEASIBLE,FEASIBLE,FEASIBLE,null,0.015444,0.021193,0.001217,False
700900,6,3,"[1,2,1,1,1,1]","[2,2,1]","[[2],[0,1,2],[1],[1,2],[0],[0,2]]",UNSAT,UNSAT,UNSAT,"[0, 1, 2, 3]",0.108393,0.047412,0.002956,False
700901,3,7,"[2,1,2]","[3,2,2,2,1,2,1]","[[0,1],[0,4,6],[0,3]]",FEASIBLE,FEASIBLE,FEASIBLE,null,0.035766,0.027036,0.001713,False
700902,7,2,"[2,1,1,1,1,2,1]","[2,3]","[[0,1],[0],[0],[0,1],[0],[0,1],[1]]",UNSAT,UNSAT,UNSAT,"[0, 1, 2]",0.053644,0.146553,0.003204,False
700903,3,2,"[2,1,1]","[2,1]","[[0,1],[0,1],[0]]",UNSAT,UNSAT,UNSAT,"[0, 1, 2]",0.015488,0.031055,0.001796,False
700904,1,6,[2],"[2,3,3,3,2,1]","[[0,1,2,3,4]]",FEASIBLE,FEASIBLE,FEASIBLE,null,0.006733,0.018377,0.001191,False
700905,2,4,"[2,1]","[1,1,3,3]","[[0,1,2],[0,1]]",FEASIBLE,FEASIBLE,FEASIBLE,null,0.011225,0.026436,0.001523,False
700906,3,4,"[1,1,1]","[2,2,3,2]","[[0],[2],[2]]",FEASIBLE,FEASIBLE,FEASIBLE,null,0.023589,0.018976,0.001187,False
700907,6,6,"[3,1,2,1,1,3]","[2,2,1,1,1,1]","[[1,2,3,4,5],[0,1,2,3,4],[0,3,4],[1,4,5],[1,3,5],[0,1,2]]",UNSAT,UNSAT,UNSAT,"[0, 1, 2, 5]",0.200418,0.069546,0.005141,False
700908,1,2,[2],"[2,1]","[[0,1]]",FEASIBLE,FEASIBLE,FEASIBLE,null,0.003606,0.014622,0.000633,False
700909,4,2,"[1,1,1,1]","[1,2]","[[0],[1],[0],[0]]",UNSAT,UNSAT,UNSAT,"[0, 2]",0.012595,0.028692,0.001761,False
700910,3,2,"[1,1,1]","[2,3]","[[0,1],[0],[1]]",FEASIBLE,FEASIBLE,FEASIBLE,null,0.014968,0.018587,0.001024,False
700911,6,6,"[2,3,1,1,1,2]","[2,3,3,3,2,1]","[[1,2,5],[1,2,4,5],[0,1],[3,4],[0,2,3,4,5],[0,1,2,3]]",FEASIBLE,FEASIBLE,FEASIBLE,null,0.303406,0.048272,0.003128,False
700912,6,3,"[1,1,1,2,1,1]","[2,3,3]","[[1],[0,1,2],[1],[0,1],[1,2],[0,1,2]]",FEASIBLE,FEASIBLE,FEASIBLE,null,0.17452,0.036775,0.002199,False
700913,1,5,[1],"[1,3,3,2,2]","[[0,1,2,3,4]]",FEASIBLE,FEASIBLE,FEASIBLE,null,0.005283,0.014191,0.00107,False
700914,1,2,[1],"[2,1]",[[1]],FEASIBLE,FEASIBLE,FEASIBLE,null,0.00327,0.009546,0.00062,False
700915,5,7,"[1,1,2,3,3]","[1,3,3,1,2,3,1]","[[0,3,6],[0,1,3,4,5,6],[0,1,2,3,4],[0,2,3,4,6],[0,1,2,3,4,5,6]]",FEASIBLE,FEASIBLE,FEASIBLE,null,0.164581,0.133792,0.003676,False
700916,3,3,"[2,1,1]","[1,2,3]","[[0,1],[1],[0]]",UNSAT,UNSAT,UNSAT,"[0, 2]",0.014497,0.0283,0.001582,False
700917,3,6,"[2,1,3]","[1,1,3,1,2,2]","[[0,1,2,3,4],[0,1,3,4,5],[0,1,2,3,4,5]]",FEASIBLE,FEASIBLE,FEASIBLE,null,0.032327,0.038538,0.002576,False
700918,1,5,[1],"[1,3,1,2,2]",[[0]],FEASIBLE,FEASIBLE,FEASIBLE,null,0.005126,0.011476,0.000727,False
700919,7,1,"[1,1,1,1,1,1,1]",[3],"[[0],[0],[0],[0],[0],[0],[0]]",UNSAT,UNSAT,UNSAT,"[0, 1, 2, 3]",0.083106,0.041852,0.002258,False
700920,4,3,"[1,1,3,1]","[3,3,1]","[[0],[2],[0,1,2],[2]]",UNSAT,UNSAT,UNSAT,"[1, 2]",0.020949,0.034858,0.00214,False
700921,7,3,"[1,3,1,1,1,1,1]","[3,3,1]","[[0],[0,1,2],[1],[0],[0,1,2],[2],[0,1]]",UNSAT,UNSAT,UNSAT,"[1, 5]",0.040873,0.053288,0.003519,False
700922,4,3,"[1,1,3,2]","[3,3,1]","[[2],[1],[0,1,2],[0,1]]",UNSAT,UNSAT,UNSAT,"[0, 2]",0.015959,0.037349,0.002159,False
700923,1,1,[1],[2],[[0]],FEASIBLE,FEASIBLE,FEASIBLE,null,0.002794,0.010006,0.000544,False
700924,2,2,"[2,1]","[3,2]","[[0,1],[1]]",FEASIBLE,FEASIBLE,FEASIBLE,null,0.007469,0.016788,0.000982,False
700925,7,5,"[1,1,1,1,2,2,1]","[2,2,3,1,1]","[[1,2,3,4],[0,1,2,3,4],[0,4],[0,1,2],[0,1,2,3,4],[0,1,2,4],[0,1]]",FEASIBLE,FEASIBLE,FEASIBLE,null,0.533818,0.069383,0.004234,False
700926,3,1,"[1,1,1]",[3],"[[0],[0],[0]]",FEASIBLE,FEASIBLE,FEASIBLE,null,0.011234,0.017157,0.000918,False
700927,3,5,"[2,3,2]","[2,2,3,1,1]","[[0,1,2,3,4],[0,1,2,3,4],[0,1]]",FEASIBLE,FEASIBLE,FEASIBLE,null,0.027426,0.118143,0.002449,False
700928,2,3,"[1,1]","[2,1,1]","[[2],[0,2]]",FEASIBLE,FEASIBLE,FEASIBLE,null,0.009497,0.015655,0.000932,False
700929,6,7,"[1,1,1,2,2,3]","[1,1,3,2,3,1,3]","[[3],[0,3,4,6],[1,2],[3,4,5,6],[1,3,4,5,6],[0,1,3,4,5,6]]",FEASIBLE,FEASIBLE,FEASIBLE,null,0.351726,0.066435,0.004266,False
700930,7,5,"[2,1,1,1,2,1,3]","[3,3,2,1,1]","[[0,3],[0],[0,2],[2],[1,2,3],[0],[0,1,2,3,4]]",UNSAT,UNSAT,UNSAT,"[0, 1, 2, 3, 4, 5]",0.609907,0.087765,0.004268,False
700931,3,1,"[1,1,1]",[1],"[[0],[0],[0]]",UNSAT,UNSAT,UNSAT,"[0, 1]",0.00734,0.026511,0.0013,False
700932,4,7,"[3,2,2,3]","[1,2,3,3,3,1,2]","[[0,1,2],[0,1,2,3,4,5,6],[0,1,2,4,5,6],[0,1,2,3,4,5,6]]",FEASIBLE,FEASIBLE,FEASIBLE,null,0.088201,0.056497,0.00343,False
700933,6,7,"[2,3,3,1,1,3]","[3,1,1,2,1,3,3]","[[0,2,3,4,5,6],[0,2,4,5],[0,2,3,6],[0],[3],[0,2,3,5,6]]",FEASIBLE,FEASIBLE,FEASIBLE,null,0.35049,0.080315,0.004338,False
700934,3,7,"[1,1,1]","[2,1,3,3,2,2,2]","[[0,1,2,3,4,5,6],[0,1,3,4,5,6],[2]]",FEASIBLE,FEASIBLE,FEASIBLE,null,0.036752,0.02808,0.00219,False
700935,4,2,"[1,1,1,1]","[2,2]","[[0,1],[0],[1],[0,1]]",FEASIBLE,FEASIBLE,FEASIBLE,null,0.030485,0.024145,0.001295,False
700936,4,6,"[1,1,1,1]","[1,2,2,3,2,1]","[[1],[0,1,3,5],[1],[3,5]]",FEASIBLE,FEASIBLE,FEASIBLE,null,0.067884,0.028967,0.00174,False
700937,5,3,"[2,2,3,1,2]","[3,2,1]","[[0,2],[0,1,2],[0,1,2],[0,1,2],[0,1]]",UNSAT,UNSAT,UNSAT,"[0, 2]",0.018885,0.217446,0.003399,False
700938,6,1,"[1,1,1,1,1,1]",[3],"[[0],[0],[0],[0],[0],[0]]",UNSAT,UNSAT,UNSAT,"[0, 1, 2, 3]",0.055114,0.037216,0.002085,False
700939,1,6,[3],"[3,2,2,1,2,1]","[[0,2,3]]",FEASIBLE,FEASIBLE,FEASIBLE,null,0.005964,0.017963,0.001117,False
700940,1,7,[2],"[3,1,2,1,2,3,1]","[[0,5]]",FEASIBLE,FEASIBLE,FEASIBLE,null,0.005897,0.015128,0.000912,False
700941,1,2,[2],"[2,1]","[[0,1]]",FEASIBLE,FEASIBLE,FEASIBLE,null,0.003415,0.012285,0.00062,False
700942,4,2,"[1,1,1,1]","[2,3]","[[1],[0,1],[0],[0]]",FEASIBLE,FEASIBLE,FEASIBLE,null,0.05106,0.030554,0.001561,False
700943,2,4,"[3,1]","[3,3,3,1]","[[0,1,3],[3]]",UNSAT,UNSAT,UNSAT,"[0, 1]",0.010962,0.028152,0.001748,False
700944,2,2,"[1,1]","[2,1]","[[0,1],[0,1]]",FEASIBLE,FEASIBLE,FEASIBLE,null,0.007695,0.015748,0.002417,False
700945,4,3,"[2,1,2,1]","[1,3,3]","[[1,2],[1,2],[1,2],[2]]",FEASIBLE,FEASIBLE,FEASIBLE,null,0.039498,0.027627,0.002007,False
700946,3,6,"[2,1,2]","[1,2,1,1,1,3]","[[2,3],[0,1,2,3,5],[0,1]]",FEASIBLE,FEASIBLE,FEASIBLE,null,0.032329,0.037135,0.002847,False
700947,5,3,"[2,1,1,2,2]","[2,2,1]","[[1,2],[0,2],[0],[0,1,2],[0,2]]",UNSAT,UNSAT,UNSAT,"[0, 4]",0.022625,0.044635,0.004268,False
700948,1,2,[1],"[3,2]","[[0,1]]",FEASIBLE,FEASIBLE,FEASIBLE,null,0.003412,0.011181,0.000865,False
700949,4,3,"[3,1,1,1]","[1,3,2]","[[0,1,2],[0,2],[1],[0,1,2]]",FEASIBLE,FEASIBLE,FEASIBLE,null,0.040143,0.030379,0.001891,False
700950,2,4,"[1,2]","[1,3,1,1]","[[1,2],[0,1]]",FEASIBLE,FEASIBLE,FEASIBLE,null,0.010955,0.019763,0.001313,False
700951,5,5,"[1,1,2,2,1]","[3,3,3,2,3]","[[1,4],[0,1,2,4],[1,2,4],[0,1,2,3],[0,1,3,4]]",FEASIBLE,FEASIBLE,FEASIBLE,null,0.124668,0.110866,0.003275,False
700952,7,1,"[1,1,1,1,1,1,1]",[2],"[[0],[0],[0],[0],[0],[0],[0]]",UNSAT,UNSAT,UNSAT,"[0, 1, 2]",0.036882,0.039072,0.003239,False
700953,1,4,[3],"[3,2,3,2]","[[0,1,2,3]]",FEASIBLE,FEASIBLE,FEASIBLE,null,0.004497,0.017775,0.001332,False
700954,7,4,"[1,3,1,1,2,1,1]","[2,1,3,3]","[[0,1,3],[0,1,2],[0,1,3],[0,1,2,3],[1,3],[3],[0,1,2,3]]",UNSAT,UNSAT,UNSAT,"[1, 4]",0.049124,0.060454,0.004565,False
700955,4,2,"[2,1,1,2]","[1,1]","[[0,1],[1],[0],[0,1]]",UNSAT,UNSAT,UNSAT,"[0, 1]",0.011258,0.033934,0.002499,False
700956,4,6,"[2,2,2,1]","[2,1,1,2,3,3]","[[0,1,2,3,4,5],[3,5],[2,4],[1,3,5]]",FEASIBLE,FEASIBLE,FEASIBLE,null,0.068907,0.037259,0.002484,False
700957,3,1,"[1,1,1]",[3],"[[0],[0],[0]]",FEASIBLE,FEASIBLE,FEASIBLE,null,0.010768,0.017484,0.001059,False
700958,1,5,[1],"[2,1,1,3,3]","[[0,1,3]]",FEASIBLE,FEASIBLE,FEASIBLE,null,0.005974,0.014755,0.001056,False
700959,7,7,"[1,3,1,2,1,2,2]","[2,1,2,2,3,3,1]","[[1,2,4,5],[0,1,2,3,4,5,6],[5],[0,1,3,4,5,6],[3],[0,1,2,3,4,5,6],[1,2]]",FEASIBLE,FEASIBLE,FEASIBLE,null,0.728955,0.094274,0.005783,False
700960,2,5,"[3,3]","[3,1,3,1,3]","[[0,2,3,4],[1,2,3,4]]",FEASIBLE,FEASIBLE,FEASIBLE,null,0.013058,0.029117,0.001934,False
700961,2,3,"[1,3]","[2,1,2]","[[1,2],[0,1,2]]",FEASIBLE,FEASIBLE,FEASIBLE,null,0.009446,0.028214,0.001804,False
700962,1,5,[2],"[1,3,2,1,1]","[[0,1,3]]",FEASIBLE,FEASIBLE,FEASIBLE,null,0.005327,0.017089,0.000879,False
700963,2,2,"[1,1]","[3,1]","[[0],[0]]",FEASIBLE,FEASIBLE,FEASIBLE,null,0.007885,0.021547,0.000828,False
700964,4,2,"[1,2,2,2]","[1,3]","[[0],[0,1],[0,1],[0,1]]",UNSAT,UNSAT,UNSAT,"[0, 1]",0.021364,0.143619,0.002537,False
700965,7,7,"[1,2,2,2,2,1,1]","[2,1,2,2,2,1,1]","[[0,1,4],[2,4],[0,1,2,3,4,5,6],[2,4],[1,5,6],[2],[4]]",UNSAT,UNSAT,UNSAT,"[1, 3, 5]",0.249948,0.062726,0.004883,False
700966,3,6,"[2,1,1]","[2,1,3,3,1,2]","[[0,2,3,4],[1,2,3,4],[0,2]]",FEASIBLE,FEASIBLE,FEASIBLE,null,0.033234,0.026808,0.00191,False
700967,7,5,"[2,2,3,3,1,3,1]","[1,3,2,1,3]","[[1,2],[3,4],[0,1,3],[1,2,3,4],[0,1,2,3,4],[0,1,2,3],[0,4]]",UNSAT,UNSAT,UNSAT,"[1, 2]",0.051494,0.128659,0.006428,False
700968,2,2,"[1,1]","[2,2]","[[1],[1]]",FEASIBLE,FEASIBLE,FEASIBLE,null,0.008585,0.015284,0.000845,False
700969,5,1,"[1,1,1,1,1]",[3],"[[0],[0],[0],[0],[0]]",UNSAT,UNSAT,UNSAT,"[0, 1, 2, 3]",0.034245,0.03305,0.02684,False
700970,1,5,[1],"[2,1,3,3,1]","[[1,2,3,4]]",FEASIBLE,FEASIBLE,FEASIBLE,null,0.005192,0.014071,0.001215,False
700971,7,6,"[1,2,3,1,1,1,1]","[1,1,1,2,3,3]","[[0,1,2,4,5],[0,2],[0,1,3,4,5],[0,1,2,3,4,5],[5],[0,1],[2]]",UNSAT,UNSAT,UNSAT,"[1, 6]",0.076321,0.083951,0.00537,False
700972,4,7,"[1,2,2,3]","[2,1,1,3,1,2,2]","[[3],[0,2,4],[0,2],[1,4,6]]",UNSAT,UNSAT,UNSAT,"[1, 2, 3]",0.071433,0.045402,0.00326,False
700973,6,6,"[2,1,1,2,1,2]","[1,1,2,3,2,2]","[[0,1,2,3,4,5],[3],[1],[0,1,2,3,4],[2],[0,1,5]]",FEASIBLE,FEASIBLE,FEASIBLE,null,0.303972,0.062119,0.00423,False
700974,5,1,"[1,1,1,1,1]",[3],"[[0],[0],[0],[0],[0]]",UNSAT,UNSAT,UNSAT,"[0, 1, 2, 3]",0.034439,0.111098,0.001835,False
700975,6,1,"[1,1,1,1,1,1]",[2],"[[0],[0],[0],[0],[0],[0]]",UNSAT,UNSAT,UNSAT,"[0, 1, 2]",0.02823,0.035189,0.00221,False
700976,6,7,"[3,2,2,2,1,1]","[2,2,3,2,3,3,1]","[[1,2,4,6],[1,2,3,4,5,6],[0,1,2,3],[3,5,6],[0,4],[1,2,3,4,5,6]]",FEASIBLE,FEASIBLE,FEASIBLE,null,0.362542,0.071856,0.004169,False
700977,5,7,"[2,2,1,1,1]","[3,2,2,1,2,2,3]","[[0,1],[0,1,3,4,5,6],[0,1,3,5],[0,1,2,3,4,5,6],[1]]",FEASIBLE,FEASIBLE,FEASIBLE,null,0.201694,0.055174,0.003764,False
700978,1,4,[3],"[3,2,3,2]","[[0,1,2]]",FEASIBLE,FEASIBLE,FEASIBLE,null,0.004979,0.016085,0.00103,False
700979,4,3,"[2,1,1,1]","[1,1,3]","[[0,1,2],[0,1],[0],[0]]",UNSAT,UNSAT,UNSAT,"[2, 3]",0.025135,0.047646,0.003036,False
700980,7,5,"[3,1,3,1,1,1,1]","[3,1,2,2,2]","[[0,1,2,3,4],[0,1,2,3,4],[1,2,4],[1],[3],[0,2,3,4],[0,4]]",UNSAT,UNSAT,UNSAT,"[2, 3]",0.075294,0.07387,0.005013,False
700981,2,2,"[1,1]","[3,3]","[[0,1],[0]]",FEASIBLE,FEASIBLE,FEASIBLE,null,0.007466,0.014997,0.001022,False
700982,2,2,"[2,1]","[3,2]","[[0,1],[0,1]]",FEASIBLE,FEASIBLE,FEASIBLE,null,0.007237,0.01678,0.001041,False
700983,2,6,"[1,2]","[3,3,1,1,3,1]","[[0,1,2,3,4,5],[1,2]]",FEASIBLE,FEASIBLE,FEASIBLE,null,0.014093,0.023341,0.001627,False
700984,1,6,[2],"[2,3,3,1,2,2]","[[0,1]]",FEASIBLE,FEASIBLE,FEASIBLE,null,0.005479,0.023622,0.000959,False
700985,1,4,[1],"[2,1,3,1]","[[1,2]]",FEASIBLE,FEASIBLE,FEASIBLE,null,0.005119,0.013081,0.000879,False
700986,6,7,"[2,1,3,2,3,1]","[3,2,2,3,3,1,1]","[[1,2,5,6],[0,1,2,3,4,5,6],[2,3,6],[0,1,3,4,6],[0,1,2,6],[0,2,4]]",FEASIBLE,FEASIBLE,FEASIBLE,null,0.337671,0.170098,0.005905,False
700987,6,4,"[1,1,2,2,2,1]","[2,3,1,2]","[[1],[2],[1,2,3],[0,1,2],[0,1,3],[0,1,2]]",UNSAT,UNSAT,UNSAT,"[0, 1, 2, 3, 4, 5]",0.205868,0.05633,0.004534,False
700988,4,1,"[1,1,1,1]",[1],"[[0],[0],[0],[0]]",UNSAT,UNSAT,UNSAT,"[0, 1]",0.00775,0.027012,0.001773,False
700989,5,3,"[1,3,2,1,1]","[1,1,3]","[[2],[0,1,2],[0,1,2],[2],[0,1]]",UNSAT,UNSAT,UNSAT,"[1, 2]",0.024831,0.05809,0.003138,False
700990,1,3,[2],"[3,3,2]","[[0,2]]",FEASIBLE,FEASIBLE,FEASIBLE,null,0.004247,0.01411,0.00078,False
700991,3,6,"[2,2,1]","[2,3,2,1,2,2]","[[0,1,2,3],[0,1,2,5],[1,4,5]]",FEASIBLE,FEASIBLE,FEASIBLE,null,0.0324,0.02792,0.002023,False
700992,2,5,"[3,1]","[3,1,2,3,2]","[[0,2,3,4],[0,1,2,3,4]]",FEASIBLE,FEASIBLE,FEASIBLE,null,0.012834,0.023557,0.001691,False
700993,1,7,[3],"[1,2,3,2,3,3,2]","[[0,4,5]]",FEASIBLE,FEASIBLE,FEASIBLE,null,0.006272,0.016918,0.001141,False
700994,5,2,"[1,2,1,2,1]","[2,1]","[[0],[0,1],[0,1],[0,1],[1]]",UNSAT,UNSAT,UNSAT,"[1, 3]",0.021025,0.038534,0.002619,False
700995,3,1,"[1,1,1]",[2],"[[0],[0],[0]]",UNSAT,UNSAT,UNSAT,"[0, 1, 2]",0.010624,0.024517,0.001529,False
700996,2,1,"[1,1]",[1],"[[0],[0]]",UNSAT,UNSAT,UNSAT,"[0, 1]",0.005442,0.019381,0.00122,False
700997,2,2,"[1,1]","[3,1]","[[0],[0,1]]",FEASIBLE,FEASIBLE,FEASIBLE,null,0.007074,0.014361,0.00091,False
700998,4,3,"[1,1,1,1]","[2,3,2]","[[2],[0,2],[0,1,2],[0,1]]",FEASIBLE,FEASIBLE,FEASIBLE,null,0.038638,0.025009,0.001635,False
700999,4,7,"[1,1,3,2]","[3,3,2,2,1,3,3]","[[1,2,3,4,5,6],[2],[1,2,4,6],[0,1,2,3,4,5,6]]",FEASIBLE,FEASIBLE,FEASIBLE,null,0.076224,0.11449,0.002885,False
701000,2,2,"[1,2]","[3,1]","[[1],[0,1]]",UNSAT,UNSAT,UNSAT,"[0, 1]",0.007501,0.023931,0.001498,False
701001,4,1,"[1,1,1,1]",[2],"[[0],[0],[0],[0]]",UNSAT,UNSAT,UNSAT,"[0, 1, 2]",0.015487,0.028362,0.00164,False
701002,1,5,[2],"[3,2,3,2,3]","[[2,3,4]]",FEASIBLE,FEASIBLE,FEASIBLE,null,0.005132,0.015398,0.001028,False
701003,4,5,"[3,2,3,3]","[2,3,1,3,3]","[[1,2,4],[1,2],[0,1,2,4],[0,1,3,4]]",UNSAT,UNSAT,UNSAT,"[0, 1]",0.019718,0.051853,0.003046,False
701004,7,5,"[2,2,1,1,3,3,2]","[1,3,2,3,2]","[[1,3],[0,1,2,3,4],[2],[0,2,4],[0,1,2],[0,1,2,4],[0,4]]",UNSAT,UNSAT,UNSAT,"[4, 6]",0.098739,0.095356,0.006929,False
701005,7,6,"[3,3,1,1,2,1,1]","[2,3,3,3,1,2]","[[0,1,3,4],[0,4,5],[0,3],[2],[0,1,2,3,4,5],[3],[3,4]]",UNSAT,UNSAT,UNSAT,"[0, 1, 2, 5, 6]",0.492528,0.067337,0.004963,False
701006,6,3,"[2,1,1,1,1,1]","[3,1,2]","[[0,1],[1],[1],[0],[0],[1,2]]",UNSAT,UNSAT,UNSAT,"[0, 1]",0.018423,0.042153,0.00258,False
701007,5,7,"[2,1,1,3,1]","[3,2,2,3,3,3,1]","[[0,3],[0,1,3,4,5,6],[1,3],[0,1,2,3,4,6],[2,4]]",FEASIBLE,FEASIBLE,FEASIBLE,null,0.165107,0.042153,0.002985,False
701008,7,2,"[1,2,2,1,2,1,2]","[2,3]","[[0,1],[0,1],[0,1],[1],[0,1],[0,1],[0,1]]",UNSAT,UNSAT,UNSAT,"[1, 2, 4]",0.081804,0.053206,0.003757,False
701009,7,1,"[1,1,1,1,1,1,1]",[2],"[[0],[0],[0],[0],[0],[0],[0]]",UNSAT,UNSAT,UNSAT,"[0, 1, 2]",0.050504,0.116096,0.00233,False
701010,6,2,"[1,1,1,1,1,1]","[3,3]","[[0],[0,1],[0,1],[0],[0],[0,1]]",FEASIBLE,FEASIBLE,FEASIBLE,null,0.12509,0.04445,0.002396,False
701011,1,6,[1],"[3,3,2,1,2,1]","[[1,2,5]]",FEASIBLE,FEASIBLE,FEASIBLE,null,0.005895,0.014076,0.000996,False
701012,7,6,"[2,2,3,1,2,1,1]","[1,3,3,2,3,2]","[[0,1,2,3,4],[1,2,3,4],[0,2,3,4,5],[0,1,2,3,4,5],[1,2,4,5],[2,3,4,5],[3]]",FEASIBLE,FEASIBLE,FEASIBLE,null,0.643895,0.078571,0.005035,False
701013,4,2,"[2,1,1,1]","[2,3]","[[0,1],[0],[1],[1]]",FEASIBLE,FEASIBLE,FEASIBLE,null,0.031384,0.023896,0.001364,False
701014,1,7,[3],"[1,2,1,3,3,2,1]","[[0,1,2,3,4,5,6]]",FEASIBLE,FEASIBLE,FEASIBLE,null,0.006402,0.020962,0.001494,False
701015,2,7,"[2,2]","[1,3,2,2,3,1,1]","[[1,2,6],[0,1,2,3,4,5,6]]",FEASIBLE,FEASIBLE,FEASIBLE,null,0.016307,0.025982,0.00186,False
701016,2,1,"[1,1]",[1],"[[0],[0]]",UNSAT,UNSAT,UNSAT,"[0, 1]",0.006309,0.021837,0.001136,False
701017,6,5,"[2,1,2,1,1,1]","[2,1,3,3,1]","[[0,1],[0,1,2,3,4],[0,1,2,3,4],[3],[0,1,2,3,4],[1,2,4]]",FEASIBLE,FEASIBLE,FEASIBLE,null,0.255152,0.047291,0.003258,False
701018,4,7,"[3,1,2,1]","[3,2,2,2,3,3,1]","[[0,1,2,3,4,5],[0,1,2,3,4,5,6],[0,1,2,3,4,5],[2]]",FEASIBLE,FEASIBLE,FEASIBLE,null,0.077801,0.039355,0.002761,False
701019,3,2,"[2,1,1]","[2,3]","[[0,1],[0,1],[1]]",FEASIBLE,FEASIBLE,FEASIBLE,null,0.014928,0.020491,0.001209,False
701020,2,6,"[3,2]","[1,3,1,1,2,3]","[[0,1,2,3,4,5],[2,3,4,5]]",FEASIBLE,FEASIBLE,FEASIBLE,null,0.014101,0.123166,0.0018,False
701021,7,3,"[1,1,2,1,1,1,1]","[2,3,3]","[[2],[0,1,2],[0,1,2],[0],[0],[2],[0]]",UNSAT,UNSAT,UNSAT,"[3, 4, 6]",0.153162,0.063085,0.003776,False
701022,2,3,"[2,1]","[3,1,3]","[[0,1,2],[1]]",FEASIBLE,FEASIBLE,FEASIBLE,null,0.009843,0.025667,0.001578,False
701023,6,3,"[1,1,1,1,1,1]","[2,2,2]","[[1],[2],[0,1,2],[0],[0,1],[1,2]]",FEASIBLE,FEASIBLE,FEASIBLE,null,0.167962,0.034193,0.002446,False
701024,4,1,"[1,1,1,1]",[1],"[[0],[0],[0],[0]]",UNSAT,UNSAT,UNSAT,"[0, 1]",0.008046,0.027645,0.001907,False
701025,7,2,"[1,1,1,1,1,1,2]","[2,3]","[[0,1],[1],[0],[0,1],[1],[1],[0,1]]",UNSAT,UNSAT,UNSAT,"[1, 4, 5, 6]",0.181457,0.050659,0.003285,False
701026,3,5,"[1,1,2]","[2,1,2,1,2]","[[0,1,2,3,4],[1],[0,1,2,3]]",FEASIBLE,FEASIBLE,FEASIBLE,null,0.027329,0.027367,0.0019,False
701027,3,4,"[3,1,1]","[3,2,1,3]","[[0,1,3],[0,1,2,3],[0,3]]",FEASIBLE,FEASIBLE,FEASIBLE,null,0.023274,0.026549,0.001763,False
701028,4,2,"[1,2,1,2]","[1,3]","[[0,1],[0,1],[1],[0,1]]",UNSAT,UNSAT,UNSAT,"[1, 3]",0.017912,0.036834,0.002426,False
701029,3,2,"[2,1,1]","[2,2]","[[0,1],[0,1],[0,1]]",FEASIBLE,FEASIBLE,FEASIBLE,null,0.026494,0.023568,0.001261,False
701030,7,3,"[1,1,1,2,2,1,1]","[1,3,3]","[[1,2],[0],[0,1,2],[0,2],[0,2],[1],[2]]",UNSAT,UNSAT,UNSAT,"[1, 3]",0.057038,0.049182,0.003207,False
701031,7,5,"[2,1,3,1,3,1,1]","[2,2,2,3,2]","[[0,1,3,4],[2,3,4],[0,2,3,4],[0],[1,2,3],[1,2],[2]]",UNSAT,UNSAT,UNSAT,"[0, 1, 2, 3, 4, 5, 6]",0.570122,0.093471,0.006304,False
701032,2,3,"[1,1]","[1,1,2]","[[0,1],[1]]",FEASIBLE,FEASIBLE,FEASIBLE,null,0.009596,0.103847,0.001019,False
701033,4,3,"[2,2,1,1]","[2,3,1]","[[1,2],[0,1,2],[0,1,2],[0,1,2]]",FEASIBLE,FEASIBLE,FEASIBLE,null,0.041409,0.031951,0.00184,False
701034,1,2,[1],"[2,3]",[[0]],FEASIBLE,FEASIBLE,FEASIBLE,null,0.003501,0.010157,0.000665,False
701035,6,2,"[1,1,1,1,2,1]","[3,2]","[[0,1],[0,1],[1],[1],[0,1],[1]]",UNSAT,UNSAT,UNSAT,"[2, 3, 4]",0.073505,0.042604,0.002653,False
701036,7,7,"[1,2,1,3,2,1,1]","[2,3,3,1,2,2,1]","[[5],[3,5,6],[0,1,3,5],[1,3,4,6],[3,5],[1,2,6],[1]]",UNSAT,UNSAT,UNSAT,"[0, 1, 4]",0.15737,0.064562,0.004876,False
701037,7,4,"[1,1,1,1,1,1,1]","[1,3,2,3]","[[1],[0,1,2,3],[2],[0],[0],[2,3],[0,3]]",UNSAT,UNSAT,UNSAT,"[3, 4]",0.070955,0.05962,0.003533,False
701038,3,7,"[2,2,3]","[3,1,1,3,3,3,2]","[[0,1,2,3,4,5,6],[2,6],[0,1,2,3,4]]",FEASIBLE,FEASIBLE,FEASIBLE,null,0.037545,0.038895,0.002667,False
701039,2,2,"[1,1]","[1,1]","[[0,1],[1]]",FEASIBLE,FEASIBLE,FEASIBLE,null,0.007874,0.017077,0.000915,False
701040,1,5,[1],"[3,3,1,2,3]","[[0,1,2,3,4]]",FEASIBLE,FEASIBLE,FEASIBLE,null,0.005097,0.014711,0.00113,False
701041,1,3,[3],"[3,1,2]","[[0,1,2]]",FEASIBLE,FEASIBLE,FEASIBLE,null,0.004701,0.019507,0.000921,False
701042,3,6,"[3,3,1]","[3,3,1,1,1,1]","[[0,1,3],[1,3,5],[0,1,3,5]]",UNSAT,UNSAT,UNSAT,"[0, 1]",0.020624,0.042033,0.002634,False
701043,6,3,"[3,1,1,1,1,1]","[3,1,3]","[[0,1,2],[0],[0],[1],[0],[1,2]]",UNSAT,UNSAT,UNSAT,"[0, 3]",0.024668,0.047423,0.002955,False
701044,2,5,"[3,1]","[2,1,3,1,3]","[[0,1,2,3,4],[0,1,2,3,4]]",FEASIBLE,FEASIBLE,FEASIBLE,null,0.012901,0.028235,0.001637,False
701045,2,2,"[1,2]","[3,1]","[[0,1],[0,1]]",FEASIBLE,FEASIBLE,FEASIBLE,null,0.00782,0.018068,0.000979,False
701046,1,1,[1],[3],[[0]],FEASIBLE,FEASIBLE,FEASIBLE,null,0.002949,0.009866,0.000585,False
701047,1,5,[1],"[1,3,2,3,1]",[[1]],FEASIBLE,FEASIBLE,FEASIBLE,null,0.004909,0.011612,0.000816,False
701048,2,3,"[1,1]","[2,2,3]","[[0],[0,1,2]]",FEASIBLE,FEASIBLE,FEASIBLE,null,0.009379,0.016303,0.001148,False
701049,7,6,"[3,1,1,2,3,1,1]","[1,2,2,1,3,3]","[[1,2,3,4,5],[0],[0,2,3],[0,2],[0,1,3,5],[4],[1]]",UNSAT,UNSAT,UNSAT,"[1, 3]",0.066422,0.088881,0.006021,False
701050,3,3,"[1,3,1]","[2,2,1]","[[0,1,2],[0,1,2],[0,2]]",FEASIBLE,FEASIBLE,FEASIBLE,null,0.020107,0.035345,0.002046,False
701051,6,5,"[1,1,2,2,2,3]","[2,2,3,2,1]","[[0,1,2,3,4],[0,4],[0,1,2,4],[2,3],[1,2,4],[0,1,2,3]]",UNSAT,UNSAT,UNSAT,"[0, 1, 2, 3, 4, 5]",0.275401,0.092901,0.006539,False
701052,2,4,"[2,1]","[3,1,2,1]","[[0,1,2,3],[2,3]]",FEASIBLE,FEASIBLE,FEASIBLE,null,0.011906,0.0212,0.001309,False
701053,6,4,"[3,1,1,1,1,1]","[3,3,2,3]","[[0,1,2,3],[0,1,2,3],[2],[0,1,2,3],[0,1,3],[2]]",FEASIBLE,FEASIBLE,FEASIBLE,null,0.22374,0.053774,0.003271,False
701054,1,4,[1],"[1,1,3,2]",[[0]],FEASIBLE,FEASIBLE,FEASIBLE,null,0.004896,0.012098,0.000676,False
701055,1,2,[1],"[1,3]",[[1]],FEASIBLE,FEASIBLE,FEASIBLE,null,0.003337,0.010156,0.000597,False
701056,6,7,"[3,3,1,3,1,1]","[3,1,2,3,3,2,2]","[[0,1,2,3,5,6],[1,3,4],[1,5],[0,1,3,4,5,6],[3,4],[3,5,6]]",FEASIBLE,FEASIBLE,FEASIBLE,null,0.384535,0.082167,0.00469,False
701057,6,4,"[3,1,1,1,3,3]","[2,3,3,3]","[[0,1,2,3],[0,1,2,3],[1,3],[2,3],[0,2,3],[0,1,2,3]]",UNSAT,UNSAT,UNSAT,"[0, 1, 2, 3, 4, 5]",0.225031,0.175517,0.005951,False
701058,4,4,"[1,1,2,1]","[3,1,3,2]","[[0,1,2,3],[3],[1,2],[2]]",FEASIBLE,FEASIBLE,FEASIBLE,null,0.054424,0.029693,0.001651,False
701059,6,1,"[1,1,1,1,1,1]",[3],"[[0],[0],[0],[0],[0],[0]]",UNSAT,UNSAT,UNSAT,"[0, 1, 2, 3]",0.058829,0.039822,0.002178,False
701060,1,7,[1],"[2,1,2,2,2,2,3]","[[5,6]]",FEASIBLE,FEASIBLE,FEASIBLE,null,0.006682,0.014958,0.000987,False
701061,4,2,"[2,1,1,1]","[2,2]","[[0,1],[1],[1],[1]]",UNSAT,UNSAT,UNSAT,"[0, 1, 2]",0.024166,0.034744,0.001884,False
701062,2,2,"[1,1]","[2,2]","[[1],[0,1]]",FEASIBLE,FEASIBLE,FEASIBLE,null,0.008368,0.016463,0.000895,False
701063,4,4,"[1,2,3,2]","[2,2,2,1]","[[0],[2,3],[1,2,3],[0,1,2,3]]",UNSAT,UNSAT,UNSAT,"[1, 2]",0.027167,0.046189,0.002664,False
701064,3,1,"[1,1,1]",[3],"[[0],[0],[0]]",FEASIBLE,FEASIBLE,FEASIBLE,null,0.011895,0.018665,0.000909,False
701065,5,7,"[1,2,1,1,1]","[2,3,2,3,2,1,3]","[[2,3,4,5],[2,3,4,6],[0,1,3,4,5],[3,6],[0,2]]",FEASIBLE,FEASIBLE,FEASIBLE,null,0.177953,0.040184,0.00291,False
701066,5,1,"[1,1,1,1,1]",[1],"[[0],[0],[0],[0],[0]]",UNSAT,UNSAT,UNSAT,"[0, 1]",0.009565,0.033256,0.001842,False
701067,4,7,"[2,1,1,3]","[1,3,1,3,2,3,1]","[[0,1,2,3,4,5,6],[5],[0,1,2,5],[0,2,3,5,6]]",FEASIBLE,FEASIBLE,FEASIBLE,null,0.085079,0.043041,0.002776,False
701068,5,3,"[1,1,1,1,2]","[3,2,3]","[[0,1,2],[0],[0,1,2],[0,1,2],[0,1,2]]",FEASIBLE,FEASIBLE,FEASIBLE,null,0.087791,0.055094,0.002088,False
701069,5,3,"[2,1,1,1,2]","[2,2,3]","[[0,2],[0,1,2],[2],[1,2],[1,2]]",FEASIBLE,FEASIBLE,FEASIBLE,null,0.09033,0.12048,0.001885,False
701070,6,6,"[3,1,1,2,1,3]","[3,2,2,1,2,1]","[[1,2,3,4,5],[4],[4],[0,2],[5],[0,1,2,3,4,5]]",UNSAT,UNSAT,UNSAT,"[0, 1, 2, 3, 4, 5]",0.371655,0.071294,0.004536,False
701071,7,7,"[3,3,2,1,1,2,1]","[1,2,1,3,2,3,3]","[[1,3,4,6],[0,1,2,3,4,5,6],[0,1,2,3,4,6],[3,4],[1,6],[2,5,6],[1,2,3]]",FEASIBLE,FEASIBLE,FEASIBLE,null,0.807005,0.090186,0.005112,False
701072,3,7,"[1,2,1]","[1,1,1,3,3,1,3]","[[3,4,5,6],[1,2,3,4,6],[2,3,4]]",FEASIBLE,FEASIBLE,FEASIBLE,null,0.04102,0.032337,0.002125,False
701073,2,3,"[1,1]","[1,2,1]","[[0,1],[1,2]]",FEASIBLE,FEASIBLE,FEASIBLE,null,0.010989,0.017798,0.001083,False
701074,1,4,[2],"[3,3,3,3]","[[0,1,2,3]]",FEASIBLE,FEASIBLE,FEASIBLE,null,0.004941,0.016603,0.001062,False
701075,4,1,"[1,1,1,1]",[2],"[[0],[0],[0],[0]]",UNSAT,UNSAT,UNSAT,"[0, 1, 2]",0.017274,0.043735,0.001574,False
701076,6,7,"[2,1,1,2,2,2]","[3,1,1,1,1,2,2]","[[0,1],[0,1,2,3,4,5,6],[3],[0,1,2,3,4,5,6],[0,5],[0,1,6]]",FEASIBLE,FEASIBLE,FEASIBLE,null,0.401255,0.085122,0.004326,False
701077,2,3,"[2,2]","[1,1,3]","[[0,2],[0,1]]",UNSAT,UNSAT,UNSAT,"[0, 1]",0.010878,0.032619,0.001851,False
701078,3,7,"[1,2,1]","[2,1,2,2,2,3,3]","[[0,1,2,3,4,5,6],[0,2,3,4,5,6],[1]]",FEASIBLE,FEASIBLE,FEASIBLE,null,0.042902,0.035213,0.002382,False
701079,5,5,"[1,3,1,3,1]","[2,2,2,2,2]","[[1],[2,3,4],[3],[0,1,3,4],[0,1,4]]",FEASIBLE,FEASIBLE,FEASIBLE,null,0.152899,0.203132,0.002437,False
701080,5,4,"[2,1,1,1,2]","[3,1,3,3]","[[0,1,2,3],[2],[0],[0,2],[0,1,2,3]]",FEASIBLE,FEASIBLE,FEASIBLE,null,0.128464,0.043914,0.002042,False
701081,5,1,"[1,1,1,1,1]",[2],"[[0],[0],[0],[0],[0]]",UNSAT,UNSAT,UNSAT,"[0, 1, 2]",0.026099,0.039042,0.001882,False
701082,7,3,"[1,1,1,3,1,1,3]","[3,1,1]","[[0,1],[1],[1],[0,1,2],[2],[0],[0,1,2]]",UNSAT,UNSAT,UNSAT,"[1, 2]",0.042269,0.064613,0.003814,False
701083,2,4,"[2,2]","[3,3,2,3]","[[0,1,2],[0,3]]",FEASIBLE,FEASIBLE,FEASIBLE,null,0.013737,0.027522,0.001321,False
701084,3,2,"[1,1,2]","[2,2]","[[1],[0],[0,1]]",FEASIBLE,FEASIBLE,FEASIBLE,null,0.019262,0.025449,0.0012,False
701085,5,2,"[2,1,2,2,1]","[1,2]","[[0,1],[0],[0,1],[0,1],[1]]",UNSAT,UNSAT,UNSAT,"[0, 1]",0.015613,0.049556,0.002693,False
701086,7,6,"[2,1,1,1,2,2,1]","[3,3,1,3,3,1]","[[0,1,2,3,4,5],[0,1,3,4,5],[4],[0,1,3,5],[4,5],[0,1,2,3,4,5],[0,1]]",FEASIBLE,FEASIBLE,FEASIBLE,null,0.811809,0.070341,0.003975,False
701087,5,5,"[3,3,2,2,3]","[2,1,3,2,1]","[[0,1,2,3,4],[0,1,2,3],[0,1,2,4],[1,3,4],[0,1,2,3,4]]",UNSAT,UNSAT,UNSAT,"[0, 1, 2, 3]",0.131281,0.0896,0.005206,False
701088,4,2,"[1,1,1,2]","[3,2]","[[0],[0],[0],[0,1]]",UNSAT,UNSAT,UNSAT,"[0, 1, 2, 3]",0.038937,0.043767,0.001945,False
701089,6,4,"[2,2,1,3,2,1]","[1,2,3,1]","[[1,3],[0,1,2,3],[3],[0,2,3],[0,1,3],[3]]",UNSAT,UNSAT,UNSAT,"[0, 2]",0.031831,0.099037,0.004962,False
701090,7,1,"[1,1,1,1,1,1,1]",[3],"[[0],[0],[0],[0],[0],[0],[0]]",UNSAT,UNSAT,UNSAT,"[0, 1, 2, 3]",0.104659,3.782966,0.002471,False
701091,6,4,"[2,1,2,1,2,3]","[2,1,3,1]","[[1,3],[2],[0,1],[2],[0,2,3],[0,1,3]]",UNSAT,UNSAT,UNSAT,"[0, 2]",0.041316,0.080073,0.003483,False
701092,7,7,"[2,2,3,2,2,2,2]","[1,3,1,1,1,1,3]","[[0,2,5],[1,3],[0,3,4],[2,5],[2,4,5],[1,2],[0,1,4]]",UNSAT,UNSAT,UNSAT,"[0, 3]",0.068334,0.099538,0.00539,False
701093,3,6,"[2,2,3]","[2,2,1,2,2,2]","[[0,1,3,5],[0,1,2,3,4,5],[0,1,2,3,4]]",FEASIBLE,FEASIBLE,FEASIBLE,null,0.044508,0.069525,0.017,False
701094,1,2,[2],"[2,1]","[[0,1]]",FEASIBLE,FEASIBLE,FEASIBLE,null,0.005609,0.020082,0.000986,False
701095,2,1,"[1,1]",[3],"[[0],[0]]",FEASIBLE,FEASIBLE,FEASIBLE,null,0.008233,0.018686,0.000851,False
701096,3,4,"[1,2,3]","[2,2,1,1]","[[2,3],[0,1,2,3],[0,2,3]]",UNSAT,UNSAT,UNSAT,"[0, 2]",0.023183,0.054648,0.003018,False
701097,3,5,"[1,2,2]","[1,3,1,2,1]","[[4],[0,1,2,3,4],[1,4]]",UNSAT,UNSAT,UNSAT,"[0, 2]",0.027681,0.048415,0.002441,False
701098,6,2,"[1,1,1,2,1,1]","[1,2]","[[0],[1],[0],[0,1],[1],[1]]",UNSAT,UNSAT,UNSAT,"[0, 2]",0.02195,0.162405,0.002726,False
701099,5,7,"[1,1,3,2,2]","[1,3,3,1,2,1,3]","[[0,1,2,3,4,6],[3],[1,2,4,5],[1,4],[1,2,5]]",FEASIBLE,FEASIBLE,FEASIBLE,null,0.230721,0.059781,0.002931,False
701100,7,6,"[1,1,2,2,2,1,1]","[2,2,1,2,3,3]","[[2],[0,1,3,4,5],[0,1,2,3],[0,2,5],[0,4],[4,5],[1]]",FEASIBLE,FEASIBLE,FEASIBLE,null,0.874505,0.095261,0.003972,False
701101,2,4,"[1,1]","[3,2,1,3]","[[0],[1]]",FEASIBLE,FEASIBLE,FEASIBLE,null,0.015939,0.023093,0.000978,False
701102,5,1,"[1,1,1,1,1]",[3],"[[0],[0],[0],[0],[0]]",UNSAT,UNSAT,UNSAT,"[0, 1, 2, 3]",0.049033,0.04602,0.001792,False
701103,1,5,[2],"[1,3,1,1,2]","[[0,1,3,4]]",FEASIBLE,FEASIBLE,FEASIBLE,null,0.00757,0.022807,0.001129,False
701104,3,3,"[1,1,3]","[3,1,3]","[[2],[1,2],[0,1,2]]",FEASIBLE,FEASIBLE,FEASIBLE,null,0.027066,0.045575,0.001898,False
701105,2,1,"[1,1]",[1],"[[0],[0]]",UNSAT,UNSAT,UNSAT,"[0, 1]",0.007987,0.028397,0.001163,False
701106,4,6,"[1,1,1,1]","[2,3,1,1,2,2]","[[4,5],[5],[0,2,4,5],[1,4]]",FEASIBLE,FEASIBLE,FEASIBLE,null,0.096394,0.037958,0.001779,False
701107,2,3,"[2,1]","[2,2,2]","[[0,1,2],[0]]",FEASIBLE,FEASIBLE,FEASIBLE,null,0.012639,0.028254,0.001129,False
701108,2,2,"[1,2]","[1,1]","[[0],[0,1]]",UNSAT,UNSAT,UNSAT,"[0, 1]",0.009673,0.033066,0.001319,False
701109,1,5,[3],"[1,2,1,2,1]","[[0,1,2,3,4]]",FEASIBLE,FEASIBLE,FEASIBLE,null,0.006776,0.025898,0.001195,False
701110,7,2,"[1,1,1,1,1,1,2]","[2,1]","[[1],[1],[0,1],[1],[1],[0],[0,1]]",UNSAT,UNSAT,UNSAT,"[0, 1]",0.021233,0.164629,0.002917,False
701111,2,7,"[3,3]","[2,2,2,1,1,1,3]","[[0,1,4,6],[0,1,2,3,5,6]]",FEASIBLE,FEASIBLE,FEASIBLE,null,0.021976,0.040427,0.001963,False
701112,7,7,"[2,1,1,3,2,2,1]","[3,2,3,2,3,3,2]","[[1,2,5],[0],[2],[0,3,5,6],[3,6],[0,1,2,4,5,6],[0,1,2,3,4,5,6]]",FEASIBLE,FEASIBLE,FEASIBLE,null,0.99052,0.079866,0.00399,False
701113,5,1,"[1,1,1,1,1]",[1],"[[0],[0],[0],[0],[0]]",UNSAT,UNSAT,UNSAT,"[0, 1]",0.012026,0.049792,0.001711,False
701114,2,3,"[1,2]","[1,1,3]","[[0,2],[1,2]]",FEASIBLE,FEASIBLE,FEASIBLE,null,0.012998,0.024851,0.001149,False
701115,5,2,"[2,1,1,1,1]","[2,3]","[[0,1],[0],[0],[1],[0]]",UNSAT,UNSAT,UNSAT,"[0, 1, 2]",0.041043,0.047765,0.002098,False
701116,1,4,[1],"[3,3,2,2]",[[2]],FEASIBLE,FEASIBLE,FEASIBLE,null,0.006299,0.015627,0.000721,False
701117,6,2,"[1,1,1,2,1,2]","[3,3]","[[1],[1],[0],[0,1],[0],[0,1]]",UNSAT,UNSAT,UNSAT,"[0, 1, 3, 5]",0.117288,0.058771,0.002688,False
701118,3,4,"[1,1,3]","[1,1,3,1]","[[1,3],[3],[0,1,2,3]]",UNSAT,UNSAT,UNSAT,"[0, 1, 2]",0.031172,0.051035,0.002369,False
701119,7,2,"[2,1,2,1,1,1,1]","[1,1]","[[0,1],[0],[0,1],[0],[0],[0],[1]]",UNSAT,UNSAT,UNSAT,"[0, 1]",0.020684,0.058998,0.002607,False
701120,7,3,"[2,2,3,2,2,1,1]","[3,1,2]","[[0,1,2],[0,1,2],[0,1,2],[0,2],[0,2],[0],[1]]",UNSAT,UNSAT,UNSAT,"[2, 6]",0.070255,0.078409,0.00412,False
701121,6,1,"[1,1,1,1,1,1]",[1],"[[0],[0],[0],[0],[0],[0]]",UNSAT,UNSAT,UNSAT,"[0, 1]",0.013234,0.047821,0.0018,False
701122,5,6,"[3,3,1,2,2]","[3,1,3,3,1,3]","[[0,1,2],[0,2,4,5],[0],[0,1,2,4,5],[0,1,2,3,4,5]]",FEASIBLE,FEASIBLE,FEASIBLE,null,0.188817,0.198964,0.003227,False
701123,2,4,"[1,1]","[1,3,1,1]","[[0,1],[3]]",FEASIBLE,FEASIBLE,FEASIBLE,null,0.016165,0.022371,0.001008,False
701124,7,6,"[1,2,1,2,2,1,1]","[2,1,2,1,2,2]","[[1],[0,1,2,3,4,5],[3],[0,2,3,4,5],[0,1,2,3,4,5],[0],[0,2,3]]",FEASIBLE,FEASIBLE,FEASIBLE,null,0.870594,0.103747,0.004658,False
701125,6,7,"[1,1,1,2,3,3]","[1,2,2,2,2,3,3]","[[0,4],[1,2,3,4,6],[0,1,2,3,4,5,6],[1,2,3,4,5,6],[0,1,2,3,4,5],[0,1,2,3,4,5,6]]",FEASIBLE,FEASIBLE,FEASIBLE,null,0.475981,0.087237,0.005313,False
701126,6,3,"[2,2,1,1,1,2]","[3,2,2]","[[0,2],[1,2],[2],[1],[0,2],[1,2]]",UNSAT,UNSAT,UNSAT,"[0, 1, 2]",0.073408,0.079183,0.003074,False
701127,4,6,"[1,3,2,2]","[2,3,1,3,3,3]","[[2,4],[1,2,3],[0,5],[0,1,2,3,4,5]]",FEASIBLE,FEASIBLE,FEASIBLE,null,0.091501,0.064226,0.00288,False
701128,7,4,"[1,1,1,1,1,3,2]","[1,3,3,2]","[[0,1,3],[1],[3],[0,2],[2],[0,1,2,3],[0,1,2,3]]",UNSAT,UNSAT,UNSAT,"[0, 1, 2, 3, 4, 5, 6]",0.580538,0.084178,0.004497,False
701129,2,2,"[1,2]","[3,1]","[[0],[0,1]]",FEASIBLE,FEASIBLE,FEASIBLE,null,0.010273,0.026616,0.000882,False
701130,7,6,"[1,2,1,3,3,2,1]","[1,2,1,2,3,2]","[[3],[1,2],[0,5],[1,2,3,5],[0,1,2,3,4,5],[0,2,3],[0,1,5]]",UNSAT,UNSAT,UNSAT,"[0, 1, 3, 5]",0.404639,0.192214,0.005469,False
701131,2,1,"[1,1]",[1],"[[0],[0]]",UNSAT,UNSAT,UNSAT,"[0, 1]",0.007377,0.026623,0.001058,False
701132,4,3,"[1,1,1,2]","[2,2,1]","[[1,2],[2],[0,1],[0,1]]",FEASIBLE,FEASIBLE,FEASIBLE,null,0.0508,0.033254,0.001521,False
701133,2,5,"[2,1]","[1,1,1,1,3]","[[2,3,4],[1,3,4]]",FEASIBLE,FEASIBLE,FEASIBLE,null,0.016497,0.040943,0.001419,False
701134,5,3,"[2,3,2,1,2]","[2,2,1]","[[0,1,2],[0,1,2],[1,2],[0,1],[0,1,2]]",UNSAT,UNSAT,UNSAT,"[1, 2]",0.034139,0.066512,0.003362,False
701135,1,2,[1],"[3,1]",[[1]],FEASIBLE,FEASIBLE,FEASIBLE,null,0.004538,0.013684,0.000654,False
701136,5,7,"[2,2,1,2,2]","[3,3,3,3,1,2,1]","[[0,1,2,4,5,6],[1,2],[4],[0,1,3,4,5],[0,1,2,3,4,5,6]]",FEASIBLE,FEASIBLE,FEASIBLE,null,0.238619,0.061387,0.003173,False
701137,6,1,"[1,1,1,1,1,1]",[2],"[[0],[0],[0],[0],[0],[0]]",UNSAT,UNSAT,UNSAT,"[0, 1, 2]",0.036123,0.046252,0.00189,False
701138,3,6,"[1,2,1]","[2,2,3,2,1,3]","[[0,1,2,3,4,5],[0,1,2,4],[0,2,5]]",FEASIBLE,FEASIBLE,FEASIBLE,null,0.041032,0.038224,0.002088,False
701139,5,1,"[1,1,1,1,1]",[2],"[[0],[0],[0],[0],[0]]",UNSAT,UNSAT,UNSAT,"[0, 1, 2]",0.027162,0.041175,0.001588,False
701140,2,1,"[1,1]",[3],"[[0],[0]]",FEASIBLE,FEASIBLE,FEASIBLE,null,0.009786,0.017705,0.00064,False
701141,1,5,[1],"[3,3,3,2,2]",[[2]],FEASIBLE,FEASIBLE,FEASIBLE,null,0.006624,0.015179,0.001218,False
701142,4,7,"[1,1,3,2]","[3,1,3,2,3,2,2]","[[5],[2,4],[0,1,3,5],[1,2]]",FEASIBLE,FEASIBLE,FEASIBLE,null,0.102673,0.058809,0.002822,False
701143,5,5,"[2,3,1,1,2]","[1,3,2,1,3]","[[0,1],[2,3,4],[4],[1],[0,1]]",UNSAT,UNSAT,UNSAT,"[0, 4]",0.042308,0.161915,0.003113,False
701144,1,6,[1],"[1,1,2,3,2,3]",[[4]],FEASIBLE,FEASIBLE,FEASIBLE,null,0.007459,0.015875,0.000844,False
701145,1,2,[2],"[2,1]","[[0,1]]",FEASIBLE,FEASIBLE,FEASIBLE,null,0.004416,0.015982,0.000761,False
701146,5,5,"[3,1,1,1,2]","[1,2,2,2,3]","[[0,1,2,3,4],[0,3],[3,4],[2,3],[2,3]]",FEASIBLE,FEASIBLE,FEASIBLE,null,0.160218,0.067648,0.003075,False
701147,5,5,"[3,1,2,1,2]","[1,2,3,3,1]","[[0,1,2,3],[4],[1,2,3,4],[0,1,2,3,4],[0,1]]",FEASIBLE,FEASIBLE,FEASIBLE,null,0.180142,0.07419,0.003431,False
701148,6,3,"[1,2,1,2,1,1]","[2,3,2]","[[2],[0,1,2],[1,2],[0,1,2],[0,1],[2]]",UNSAT,UNSAT,UNSAT,"[0, 1, 2, 3, 4, 5]",0.222794,0.066897,0.003561,False
701149,7,7,"[1,1,2,1,1,2,1]","[2,1,1,2,1,2,2]","[[1,2,5,6],[1,2,3,4,5],[0,1,3,4,6],[4],[0],[1,2,3,4,5,6],[4]]",UNSAT,UNSAT,UNSAT,"[3, 6]",0.156801,0.078574,0.004398,False
701150,7,7,"[3,1,2,1,3,2,2]","[3,1,1,2,1,2,2]","[[0,1,4,6],[1,2,4],[1,3,4,5],[0,1,2,3,4,5,6],[1,2,4,5,6],[0,1,2,4,6],[0,1,2,3,4,5,6]]",UNSAT,UNSAT,UNSAT,"[0, 1, 4, 5]",0.486708,0.187022,0.008133,False
701151,5,6,"[2,2,1,1,1]","[3,3,3,3,2,3]","[[2,3],[0,1,2,3,4],[2,4,5],[5],[5]]",FEASIBLE,FEASIBLE,FEASIBLE,null,0.182246,0.046601,0.002199,False
701152,7,5,"[1,1,3,2,3,1,1]","[1,1,3,2,2]","[[0,1,2,3,4],[4],[0,1,2,4],[1,2],[0,2,3],[0,1,2,3,4],[0,1,2,3,4]]",UNSAT,UNSAT,UNSAT,"[2, 3, 4]",0.28105,0.2093,0.005801,False
701153,5,5,"[2,2,2,2,3]","[3,3,1,1,3]","[[0,1,2],[1,4],[0,2],[0,2],[0,3,4]]",UNSAT,UNSAT,UNSAT,"[2, 3]",0.061073,0.068418,0.003482,False
701154,7,4,"[3,2,1,1,3,3,3]","[2,3,2,3]","[[0,1,2,3],[1,2],[1],[2,3],[1,2,3],[0,1,2,3],[0,2,3]]",UNSAT,UNSAT,UNSAT,"[1, 4, 6]",0.21377,0.091047,0.004937,False
701155,4,3,"[1,1,2,2]","[1,1,2]","[[0,1],[0,1],[0,1,2],[1,2]]",UNSAT,UNSAT,UNSAT,"[0, 1, 2]",0.045082,0.057236,0.002745,False
701156,6,6,"[2,1,2,1,1,1]","[3,2,1,3,3,2]","[[0,2,4,5],[0,2,3,4,5],[0,1,2,3,4,5],[3],[2,3],[3]]",FEASIBLE,FEASIBLE,FEASIBLE,null,0.390361,0.054925,0.003082,False
701157,6,5,"[2,1,1,3,3,2]","[3,3,1,1,1]","[[0,1],[2,3,4],[0,1],[0,1,2,3,4],[0,1,2,4],[0,1,2,3,4]]",UNSAT,UNSAT,UNSAT,"[0, 3, 4, 5]",0.251552,0.10341,0.005034,False
701158,6,6,"[1,2,2,1,3,1]","[2,3,1,3,2,3]","[[0,2,3,4],[3,4],[0,5],[3],[0,1,2,3],[5]]",FEASIBLE,FEASIBLE,FEASIBLE,null,0.395476,0.062335,0.002794,False
701159,6,1,"[1,1,1,1,1,1]",[2],"[[0],[0],[0],[0],[0],[0]]",UNSAT,UNSAT,UNSAT,"[0, 1, 2]",0.034949,0.044903,0.001907,False
701160,4,6,"[2,1,1,1]","[1,2,3,3,2,3]","[[0,1,2,3,4,5],[0,1,2,3,4,5],[1],[4]]",FEASIBLE,FEASIBLE,FEASIBLE,null,0.084544,0.061875,0.00303,False
701161,2,1,"[1,1]",[2],"[[0],[0]]",FEASIBLE,FEASIBLE,FEASIBLE,null,0.007297,0.017068,0.000665,False
701162,6,7,"[1,2,1,3,3,2]","[1,1,2,3,2,3,2]","[[0,2,3,4,6],[0,1,3,4,6],[0,1,3,5,6],[0,1,2,3,4,6],[1,2,5,6],[0,5,6]]",FEASIBLE,FEASIBLE,FEASIBLE,null,0.53556,0.078254,0.004087,False
701163,6,1,"[1,1,1,1,1,1]",[2],"[[0],[0],[0],[0],[0],[0]]",UNSAT,UNSAT,UNSAT,"[0, 1, 2]",0.035594,0.044895,0.001752,False
701164,4,2,"[1,1,1,2]","[2,1]","[[1],[0,1],[0,1],[0,1]]",UNSAT,UNSAT,UNSAT,"[0, 3]",0.017977,0.042602,0.002202,False
701165,3,7,"[3,3,1]","[1,1,1,1,2,1,3]","[[1,2,3,4,5,6],[2,4,5],[5]]",UNSAT,UNSAT,UNSAT,"[1, 2]",0.038713,0.065706,0.003202,False
701166,3,1,"[1,1,1]",[1],"[[0],[0],[0]]",UNSAT,UNSAT,UNSAT,"[0, 1]",0.02377,0.032942,0.001433,False
701167,3,4,"[1,2,3]","[3,1,3,1]","[[0,1,2],[1,2,3],[0,1,2,3]]",FEASIBLE,FEASIBLE,FEASIBLE,null,0.029826,0.037999,0.001846,False
701168,5,5,"[3,1,1,1,3]","[3,2,1,3,1]","[[0,1,2,4],[4],[0,1,3,4],[0,2,3],[0,2,3,4]]",UNSAT,UNSAT,UNSAT,"[0, 1, 4]",0.086245,0.086415,0.004326,False
701169,3,1,"[1,1,1]",[2],"[[0],[0],[0]]",UNSAT,UNSAT,UNSAT,"[0, 1, 2]",0.01359,0.035964,0.001438,False
701170,4,1,"[1,1,1,1]",[2],"[[0],[0],[0],[0]]",UNSAT,UNSAT,UNSAT,"[0, 1, 2]",0.018932,0.035684,0.002464,False
701171,3,1,"[1,1,1]",[1],"[[0],[0],[0]]",UNSAT,UNSAT,UNSAT,"[0, 1]",0.008182,0.029185,0.001306,False
701172,7,3,"[1,2,2,1,1,2,1]","[1,2,1]","[[0],[0,1],[0,1,2],[1],[2],[0,2],[1]]",UNSAT,UNSAT,UNSAT,"[0, 1]",0.025043,0.063618,0.003624,False
701173,6,5,"[2,1,2,3,2,1]","[3,3,1,3,1]","[[0,1,2,3,4],[0,3,4],[0,1,2,3,4],[0,1,3,4],[0,1,2,3,4],[4]]",FEASIBLE,FEASIBLE,FEASIBLE,null,0.318575,0.18194,0.004418,False
701174,2,2,"[1,1]","[3,3]","[[0,1],[0]]",FEASIBLE,FEASIBLE,FEASIBLE,null,0.009816,0.018973,0.000908,False
701175,2,2,"[2,1]","[3,2]","[[0,1],[0]]",FEASIBLE,FEASIBLE,FEASIBLE,null,0.009054,0.020579,0.000876,False
701176,5,7,"[1,2,1,2,1]","[2,3,2,2,3,3,3]","[[0,1,2,3,4,5,6],[0,1,2,3,4,6],[0,2],[3,5,6],[3,6]]",FEASIBLE,FEASIBLE,FEASIBLE,null,0.208157,0.052971,0.002991,False
701177,2,1,"[1,1]",[3],"[[0],[0]]",FEASIBLE,FEASIBLE,FEASIBLE,null,0.007426,0.017191,0.000611,False
701178,6,7,"[1,3,1,3,1,2]","[3,2,3,1,3,1,2]","[[2],[0,2,3,4,5,6],[0,2],[0,1,3,4,6],[1,3,6],[0,1,2,4,6]]",FEASIBLE,FEASIBLE,FEASIBLE,null,0.449107,0.067974,0.003474,False
701179,1,6,[2],"[3,2,3,1,1,2]","[[0,2,4,5]]",FEASIBLE,FEASIBLE,FEASIBLE,null,0.007295,0.037214,0.001131,False
701180,6,1,"[1,1,1,1,1,1]",[2],"[[0],[0],[0],[0],[0],[0]]",UNSAT,UNSAT,UNSAT,"[0, 1, 2]",0.035929,0.045147,0.001661,False
701181,4,1,"[1,1,1,1]",[1],"[[0],[0],[0],[0]]",UNSAT,UNSAT,UNSAT,"[0, 1]",0.01006,0.034919,0.001552,False
701182,6,5,"[3,3,2,3,1,3]","[2,1,3,1,1]","[[0,2,3,4],[0,1,2,3,4],[0,1,2,3],[0,1,2,4],[3],[0,1,2,3]]",UNSAT,UNSAT,UNSAT,"[0, 1, 3]",0.108682,0.089038,0.005016,False
701183,4,5,"[2,3,2,1]","[2,1,2,1,1]","[[0,1,2,3,4],[0,1,2,4],[0,1,3],[0,1]]",UNSAT,UNSAT,UNSAT,"[0, 1, 2, 3]",0.073738,0.088705,0.004391,False
701184,7,3,"[1,2,1,1,3,3,2]","[3,2,3]","[[0,1,2],[0,2],[1,2],[2],[0,1,2],[0,1,2],[0,1,2]]",UNSAT,UNSAT,UNSAT,"[0, 1, 4, 5]",0.227268,0.174908,0.00406,False
701185,1,2,[1],"[1,2]","[[0,1]]",FEASIBLE,FEASIBLE,FEASIBLE,null,0.004277,0.014252,0.000622,False
701186,7,6,"[3,3,1,3,1,3,3]","[2,1,3,2,2,3]","[[1,2,3],[1,2,3],[0,2],[2,3,4],[0],[0,1,2,4,5],[0,1,2,3,4,5]]",UNSAT,UNSAT,UNSAT,"[0, 1]",0.042009,0.102416,0.005589,False
701187,2,5,"[2,1]","[1,1,3,2,2]","[[0,1,3,4],[1]]",FEASIBLE,FEASIBLE,FEASIBLE,null,0.016827,0.063119,0.001581,False
701188,3,5,"[2,1,1]","[2,1,2,2,3]","[[3,4],[4],[3]]",FEASIBLE,FEASIBLE,FEASIBLE,null,0.034373,0.028007,0.001267,False
701189,3,1,"[1,1,1]",[1],"[[0],[0],[0]]",UNSAT,UNSAT,UNSAT,"[0, 1]",0.008438,0.029731,0.001214,False
701190,1,4,[2],"[2,2,3,2]","[[0,1,2]]",FEASIBLE,FEASIBLE,FEASIBLE,null,0.005461,0.017628,0.000896,False
701191,1,1,[1],[1],[[0]],FEASIBLE,FEASIBLE,FEASIBLE,null,0.003057,0.011243,0.000584,False
701192,6,7,"[2,1,2,2,2,1]","[2,2,3,2,1,2,1]","[[0,1,2,3,4,5,6],[3],[0,2,3,4,5,6],[0,2,4,5],[0,1,4,5,6],[2]]",FEASIBLE,FEASIBLE,FEASIBLE,null,0.419281,0.067767,0.00346,False
701193,1,6,[1],"[3,3,2,1,1,3]","[[0,1,2,4,5]]",FEASIBLE,FEASIBLE,FEASIBLE,null,0.007215,0.018658,0.001078,False
701194,1,3,[2],"[3,1,2]","[[1,2]]",FEASIBLE,FEASIBLE,FEASIBLE,null,0.00465,0.016059,0.000801,False
701195,1,6,[3],"[3,3,3,1,1,2]","[[1,3,5]]",FEASIBLE,FEASIBLE,FEASIBLE,null,0.006662,0.021126,0.001079,False
701196,5,6,"[1,1,2,3,1]","[1,1,2,3,3,1]","[[0,1,3,5],[0,1,2,3,4,5],[1,4,5],[0,1,2,4,5],[0,3,5]]",FEASIBLE,FEASIBLE,FEASIBLE,null,0.180473,0.073845,0.003794,False
701197,6,5,"[2,3,2,3,2,1]","[2,2,3,2,1]","[[0,1,3],[0,2,3],[1,4],[0,1,2,3,4],[0,1,2,4],[4]]",UNSAT,UNSAT,UNSAT,"[2, 5]",0.0805,0.177518,0.004397,False
701198,6,3,"[1,2,1,2,1,2]","[2,1,1]","[[0,1,2],[1,2],[0,2],[0,1],[0],[0,1,2]]",UNSAT,UNSAT,UNSAT,"[1, 3]",0.039242,0.060846,0.003204,False
701199,1,7,[3],"[3,1,3,2,1,1,2]","[[0,1,3,4,5,6]]",FEASIBLE,FEASIBLE,FEASIBLE,null,0.007692,0.025232,0.001268,False
701200,2,4,"[2,1]","[3,3,1,2]","[[0,1,2,3],[0,1,2,3]]",FEASIBLE,FEASIBLE,FEASIBLE,null,0.01355,0.024973,0.001402,False
701201,1,7,[3],"[3,3,3,3,2,3,2]","[[0,1,2,4,6]]",FEASIBLE,FEASIBLE,FEASIBLE,null,0.007339,0.023204,0.001138,False
701202,3,5,"[1,1,1]","[1,2,2,1,1]","[[0,1,3,4],[0,1,2,3],[1,3,4]]",FEASIBLE,FEASIBLE,FEASIBLE,null,0.033687,0.042823,0.001707,False
701203,7,5,"[1,3,2,1,2,2,3]","[3,2,3,3,3]","[[4],[1,2,4],[0,1,2,3,4],[0,1,4],[2,4],[0,1,3,4],[0,3,4]]",UNSAT,UNSAT,UNSAT,"[0, 1, 4, 6]",0.343363,0.107201,0.005158,False
701204,6,4,"[2,1,2,1,1,1]","[1,1,3,3]","[[1,2,3],[1,2,3],[1,2],[0],[0,1,2,3],[2]]",FEASIBLE,FEASIBLE,FEASIBLE,null,0.257402,0.070644,0.003186,False
701205,4,1,"[1,1,1,1]",[1],"[[0],[0],[0],[0]]",UNSAT,UNSAT,UNSAT,"[0, 1]",0.009369,0.033484,0.001357,False
701206,6,7,"[1,3,2,1,1,2]","[3,2,3,3,2,1,2]","[[1,2,4],[0,1,3,4,5,6],[0,1,2,3,4,5,6],[4],[0],[0,5]]",FEASIBLE,FEASIBLE,FEASIBLE,null,0.413794,0.075162,0.003872,False
701207,6,6,"[1,1,3,2,1,2]","[3,3,1,3,2,3]","[[3],[0,1,2,4,5],[0,1,2,5],[1,2,3,4,5],[1,2,3,4,5],[2,4]]",FEASIBLE,FEASIBLE,FEASIBLE,null,0.363111,0.183375,0.003813,False
701208,2,5,"[2,3]","[1,3,2,2,2]","[[1,2,3],[0,1,2,3,4]]",FEASIBLE,FEASIBLE,FEASIBLE,null,0.016336,0.03086,0.001573,False
701209,4,4,"[1,1,2,2]","[3,1,1,1]","[[1],[2],[0,1,2,3],[0,3]]",UNSAT,UNSAT,UNSAT,"[0, 1, 2, 3]",0.063745,0.051612,0.002708,False
701210,3,7,"[1,1,1]","[1,1,3,1,2,1,2]","[[0,1,2,3,5,6],[1,2,3,5],[0,1,2,3,4,5,6]]",FEASIBLE,FEASIBLE,FEASIBLE,null,0.046424,0.038105,0.002471,False
701211,3,5,"[1,2,1]","[1,3,1,3,2]","[[0,1,2,3,4],[0,4],[4]]",FEASIBLE,FEASIBLE,FEASIBLE,null,0.03481,0.039714,0.002034,False
701212,7,5,"[1,2,1,2,1,1,2]","[2,1,1,1,1]","[[1],[2,3,4],[3],[0,1,2,3,4],[3],[1],[0,1,4]]",UNSAT,UNSAT,UNSAT,"[0, 5]",0.053662,0.074304,0.004237,False
701213,5,7,"[3,1,2,1,3]","[3,3,1,1,3,2,3]","[[0,1,2,5,6],[3,5],[0,2,3,4,6],[0],[0,3,4]]",FEASIBLE,FEASIBLE,FEASIBLE,null,0.19779,0.070893,0.003348,False
701214,5,6,"[1,1,1,2,2]","[1,3,3,2,1,1]","[[3,4,5],[0,1,2,3,4,5],[0,1,4,5],[1,3,4,5],[0,1,3]]",FEASIBLE,FEASIBLE,FEASIBLE,null,0.180898,0.068995,0.003705,False
701215,1,3,[1],"[1,1,3]",[[0]],FEASIBLE,FEASIBLE,FEASIBLE,null,0.004999,0.012975,0.000714,False
701216,3,5,"[2,2,3]","[3,3,2,2,3]","[[0,1,2,4],[3,4],[0,1,3]]",FEASIBLE,FEASIBLE,FEASIBLE,null,0.033738,0.037787,0.00181,False
701217,1,7,[1],"[2,1,1,3,2,1,1]",[[2]],FEASIBLE,FEASIBLE,FEASIBLE,null,0.007321,0.018744,0.000811,False
701218,6,3,"[1,1,1,1,1,1]","[3,2,3]","[[2],[0,2],[1,2],[2],[0],[0,1,2]]",FEASIBLE,FEASIBLE,FEASIBLE,null,0.22329,0.199292,0.001883,False
701219,2,6,"[1,2]","[2,2,1,1,1,1]","[[0,1,2,3],[0,1]]",FEASIBLE,FEASIBLE,FEASIBLE,null,0.018291,0.026329,0.001337,False
701220,5,7,"[1,1,2,2,3]","[3,2,2,3,3,2,2]","[[0,1,2,3,4,5],[0],[2,3,5,6],[0,1,2,3,6],[2,5,6]]",FEASIBLE,FEASIBLE,FEASIBLE,null,0.202432,0.056323,0.002946,False
701221,4,6,"[1,1,1,1]","[1,2,2,3,2,1]","[[0,1,3],[0,1,2,3,4,5],[5],[0,1]]",FEASIBLE,FEASIBLE,FEASIBLE,null,0.135304,0.039517,0.001976,False
701222,7,6,"[1,2,2,2,2,3,1]","[3,1,2,2,2,2]","[[0],[0,1,2],[0,2,3,4,5],[0,1,5],[0,1,2,4],[0,2,3,5],[4]]",UNSAT,UNSAT,UNSAT,"[0, 1, 2, 3, 4, 5, 6]",0.765395,0.118369,0.006305,False
701223,2,5,"[3,2]","[2,3,3,1,1]","[[0,1,3,4],[1,2,4]]",FEASIBLE,FEASIBLE,FEASIBLE,null,0.015525,0.044082,0.001555,False
701224,2,4,"[1,1]","[3,3,2,1]","[[0,1,2,3],[0,1,2,3]]",FEASIBLE,FEASIBLE,FEASIBLE,null,0.013438,0.022597,0.001307,False
701225,2,6,"[3,2]","[1,1,3,3,3,3]","[[0,1,2,3,4,5],[0,1,3,4,5]]",FEASIBLE,FEASIBLE,FEASIBLE,null,0.017314,0.035881,0.001838,False
701226,5,6,"[1,1,3,1,2]","[3,3,3,2,2,1]","[[0,1,3,4,5],[0,3],[0,1,2,3,5],[0],[0,3,4,5]]",FEASIBLE,FEASIBLE,FEASIBLE,null,0.169293,0.061118,0.003375,False
701227,1,2,[2],"[3,3]","[[0,1]]",FEASIBLE,FEASIBLE,FEASIBLE,null,0.004048,0.018137,0.000629,False
701228,5,5,"[1,2,2,3,1]","[2,3,2,3,1]","[[0,2,3,4],[0,1,2,3,4],[1,4],[0,2,3,4],[4]]",UNSAT,UNSAT,UNSAT,"[2, 4]",0.060665,0.084945,0.003957,False
701229,1,2,[1],"[1,3]",[[1]],FEASIBLE,FEASIBLE,FEASIBLE,null,0.101523,0.013123,0.00059,False
701230,1,4,[1],"[1,3,3,2]","[[0,1,2,3]]",FEASIBLE,FEASIBLE,FEASIBLE,null,0.049974,0.027412,0.000967,False
701231,3,1,"[1,1,1]",[2],"[[0],[0],[0]]",UNSAT,UNSAT,UNSAT,"[0, 1, 2]",0.014784,0.030991,0.00133,False
701232,4,5,"[2,2,1,1]","[3,3,1,1,3]","[[0,4],[0,1,2,3,4],[2],[0,1,3,4]]",FEASIBLE,FEASIBLE,FEASIBLE,null,0.0705,0.038696,0.002098,False
701233,6,2,"[1,1,1,2,2,2]","[3,1]","[[0,1],[0],[0,1],[0,1],[0,1],[0,1]]",UNSAT,UNSAT,UNSAT,"[3, 4]",0.041694,0.05526,0.002934,False
701234,5,7,"[2,1,2,1,1]","[1,1,2,1,1,3,3]","[[0,5],[2,6],[0,2,6],[0,3,4,5,6],[0,6]]",FEASIBLE,FEASIBLE,FEASIBLE,null,0.194158,0.047471,0.002619,False
701235,3,7,"[2,3,2]","[1,1,3,2,2,3,1]","[[1,4,5,6],[0,2,6],[2,4]]",FEASIBLE,FEASIBLE,FEASIBLE,null,0.042951,0.04574,0.001969,False
701236,6,3,"[1,1,2,1,2,1]","[2,1,2]","[[0],[0],[0,1,2],[0,2],[0,1],[0,1]]",UNSAT,UNSAT,UNSAT,"[0, 1, 4]",0.070161,0.056466,0.002972,False
701237,4,7,"[1,3,1,1]","[1,1,3,3,1,2,1]","[[3,4,5,6],[1,2,5,6],[3],[5]]",FEASIBLE,FEASIBLE,FEASIBLE,null,0.091704,0.038286,0.001996,False
701238,5,7,"[1,1,1,1,2]","[2,3,2,1,2,1,2]","[[4],[0,1,2,3,4,5,6],[0,1,2,3,4,5,6],[0,3,4,5,6],[0,1,2,3,4,5,6]]",FEASIBLE,FEASIBLE,FEASIBLE,null,0.19983,0.05456,0.003584,False
701239,6,3,"[1,1,3,1,3,2]","[1,2,2]","[[0,1,2],[2],[0,1,2],[0],[0,1,2],[0,1]]",UNSAT,UNSAT,UNSAT,"[2, 3]",0.046606,0.061081,0.00328,False
701240,7,1,"[1,1,1,1,1,1,1]",[1],"[[0],[0],[0],[0],[0],[0],[0]]",UNSAT,UNSAT,UNSAT,"[0, 1]",0.014186,0.046824,0.002122,False
701241,2,1,"[1,1]",[3],"[[0],[0]]",FEASIBLE,FEASIBLE,FEASIBLE,null,0.006937,0.016235,0.000587,False
701242,5,7,"[3,1,2,1,2]","[3,2,2,2,3,1,3]","[[0,1,2,3,6],[2,3],[0,2,3],[6],[1,2,3,5]]",FEASIBLE,FEASIBLE,FEASIBLE,null,0.197766,0.051621,0.002667,False
701243,4,4,"[2,1,1,1]","[3,1,2,2]","[[0,3],[0],[0,1,3],[1]]",FEASIBLE,FEASIBLE,FEASIBLE,null,0.060355,0.03173,0.001508,False
701244,6,2,"[1,2,2,1,1,1]","[3,2]","[[0,1],[0,1],[0,1],[1],[0,1],[1]]",UNSAT,UNSAT,UNSAT,"[1, 2, 3]",0.072466,0.054258,0.002836,False
701245,5,6,"[1,3,1,3,1]","[3,1,1,2,2,2]","[[3],[0,4,5],[0,3,4],[2,3,4,5],[5]]",FEASIBLE,FEASIBLE,FEASIBLE,null,0.172865,0.046968,0.00219,False
701246,7,7,"[3,1,1,3,1,1,3]","[3,1,2,2,2,2,2]","[[2,5,6],[5,6],[4],[1,2,3,4,5],[1,3],[0],[0,1,3,4]]",FEASIBLE,FEASIBLE,FEASIBLE,null,0.874851,0.089477,0.00411,False
701247,6,3,"[1,1,1,3,1,1]","[1,2,3]","[[0,1,2],[0,1],[0],[0,1,2],[0],[1,2]]",UNSAT,UNSAT,UNSAT,"[2, 3]",0.047474,0.075779,0.003617,False
701248,5,5,"[1,1,1,1,2]","[2,3,3,1,2]","[[2,3,4],[0,1,2,3,4],[3],[3],[1,2]]",UNSAT,UNSAT,UNSAT,"[2, 3]",0.057059,0.052268,0.002685,False
701249,5,7,"[2,1,1,2,3]","[2,2,3,2,3,3,2]","[[0,1,2,3,6],[2,5],[1],[0,6],[0,1,4,5,6]]",FEASIBLE,FEASIBLE,FEASIBLE,null,0.195674,0.05178,0.00258,False
701250,5,6,"[2,1,3,2,2]","[2,3,1,1,1,1]","[[1,2,4],[1,2],[0,1,2,3,4,5],[0,1,2,3,4,5],[1,2,3,4]]",UNSAT,UNSAT,UNSAT,"[0, 1, 2, 3, 4]",0.170785,0.198268,0.005758,False
701251,6,3,"[1,2,3,1,2,2]","[1,2,1]","[[0,1],[0,1],[0,1,2],[2],[0,1],[0,1,2]]",UNSAT,UNSAT,UNSAT,"[1, 2]",0.035689,0.061814,0.003189,False
701252,2,7,"[1,2]","[1,3,2,1,2,3,2]","[[0,1,3,5,6],[1,2,4]]",FEASIBLE,FEASIBLE,FEASIBLE,null,0.019482,0.028014,0.001552,False
701253,6,6,"[2,1,2,1,2,2]","[3,2,3,2,1,3]","[[1,2,3,4,5],[5],[0,1,2,3],[0,1,2,3,4,5],[0,2,3],[0,2,3,5]]",FEASIBLE,FEASIBLE,FEASIBLE,null,0.360981,0.059578,0.003328,False
701254,6,4,"[1,3,3,1,3,1]","[3,3,3,1]","[[0,1],[0,1,2,3],[1,2,3],[2,3],[1,2,3],[0,1,2,3]]",UNSAT,UNSAT,UNSAT,"[2, 4]",0.062946,0.085923,0.003975,False
701255,2,3,"[1,1]","[3,1,1]","[[1,2],[2]]",FEASIBLE,FEASIBLE,FEASIBLE,null,0.011669,0.019391,0.000963,False
701256,3,3,"[2,2,1]","[2,2,1]","[[0,1,2],[0,1],[1]]",FEASIBLE,FEASIBLE,FEASIBLE,null,0.023508,0.03787,0.001704,False
701257,3,7,"[2,1,1]","[1,3,3,2,1,2,2]","[[0,1,2,3,4,6],[1,2],[3]]",FEASIBLE,FEASIBLE,FEASIBLE,null,0.041789,0.03041,0.001744,False
701258,4,3,"[2,1,1,2]","[2,3,2]","[[0,2],[0],[1],[1,2]]",FEASIBLE,FEASIBLE,FEASIBLE,null,0.045707,0.030396,0.001441,False
701259,5,4,"[1,1,3,3,1]","[3,2,2,3]","[[0,1,2,3],[3],[0,1,2,3],[0,1,2,3],[1]]",FEASIBLE,FEASIBLE,FEASIBLE,null,0.11739,0.061459,0.002867,False
701260,4,4,"[1,3,3,1]","[1,3,1,3]","[[1,2],[0,1,2,3],[0,2,3],[0,1,2]]",UNSAT,UNSAT,UNSAT,"[1, 2]",0.029182,0.151035,0.003408,False
701261,4,3,"[2,3,1,1]","[3,2,1]","[[0,1],[0,1,2],[0],[1]]",UNSAT,UNSAT,UNSAT,"[0, 1, 3]",0.036238,0.043816,0.002212,False
701262,7,4,"[1,1,1,2,3,1,1]","[3,2,2,3]","[[0,3],[0,1,2,3],[2,3],[0,2],[0,1,2],[0],[1]]",FEASIBLE,FEASIBLE,FEASIBLE,null,0.512026,0.070913,0.003466,False
701263,1,3,[1],"[3,3,2]",[[0]],FEASIBLE,FEASIBLE,FEASIBLE,null,0.004611,0.012188,0.000645,False
701264,3,2,"[1,1,2]","[1,3]","[[0],[0],[0,1]]",UNSAT,UNSAT,UNSAT,"[0, 1]",0.010742,0.031349,0.001764,False
701265,3,2,"[1,1,1]","[1,3]","[[0,1],[0],[0,1]]",FEASIBLE,FEASIBLE,FEASIBLE,null,0.017421,0.031732,0.001496,False
701266,7,7,"[2,1,3,1,3,3,1]","[2,2,2,2,2,1,2]","[[0,2,3],[0,1,2,3,4,5,6],[0,3,6],[0],[0,2,4,5],[0,1,2,3,4,6],[2]]",UNSAT,UNSAT,UNSAT,"[0, 2, 3, 4, 6]",0.719429,0.135767,0.007178,False
701267,5,7,"[1,2,2,1,1]","[3,3,2,3,1,3,2]","[[0,1,2,3,4,5,6],[0,3],[1,6],[1,2,4],[1,2,3,4,5]]",FEASIBLE,FEASIBLE,FEASIBLE,null,0.193379,0.046451,0.002745,False
701268,4,6,"[2,1,2,1]","[1,1,2,1,1,1]","[[0,1,2,3,4],[2,5],[1,2,3,5],[0,1,2,4,5]]",FEASIBLE,FEASIBLE,FEASIBLE,null,0.079384,0.043571,0.002623,False
701269,2,1,"[1,1]",[1],"[[0],[0]]",UNSAT,UNSAT,UNSAT,"[0, 1]",0.006659,0.023224,0.000948,False
701270,1,3,[1],"[3,1,3]",[[1]],FEASIBLE,FEASIBLE,FEASIBLE,null,0.004494,0.01273,0.000641,False
701271,7,1,"[1,1,1,1,1,1,1]",[3],"[[0],[0],[0],[0],[0],[0],[0]]",UNSAT,UNSAT,UNSAT,"[0, 1, 2, 3]",0.091859,0.046234,0.002089,False
701272,3,5,"[1,1,1]","[2,3,2,3,2]","[[0,1,2,3,4],[0,1,2,3],[1]]",FEASIBLE,FEASIBLE,FEASIBLE,null,0.031497,0.13782,0.0017,False
701273,4,1,"[1,1,1,1]",[1],"[[0],[0],[0],[0]]",UNSAT,UNSAT,UNSAT,"[0, 1]",0.00964,0.032479,0.001315,False
701274,4,4,"[1,1,3,1]","[2,1,2,1]","[[2],[0,1],[1,2,3],[1,2]]",UNSAT,UNSAT,UNSAT,"[0, 2, 3]",0.048973,0.045861,0.002461,False
701275,5,1,"[1,1,1,1,1]",[2],"[[0],[0],[0],[0],[0]]",UNSAT,UNSAT,UNSAT,"[0, 1, 2]",0.024666,0.050412,0.001546,False
701276,1,5,[1],"[1,2,2,1,1]","[[0,2,3]]",FEASIBLE,FEASIBLE,FEASIBLE,null,0.00672,0.017155,0.000955,False
701277,6,5,"[1,1,2,1,3,1]","[3,2,2,2,2]","[[0,1,2,3,4],[1,3,4],[3,4],[1,4],[1,3,4],[0,3]]",UNSAT,UNSAT,UNSAT,"[1, 2, 3, 4]",0.237734,0.067968,0.004046,False
701278,6,3,"[1,1,1,1,3,1]","[1,1,2]","[[0,1],[1],[1],[1],[0,1,2],[1]]",UNSAT,UNSAT,UNSAT,"[0, 4]",0.029023,0.049823,0.002725,False
701279,5,4,"[2,1,2,3,1]","[3,3,2,1]","[[0,1,2,3],[3],[0,1,2,3],[0,1,2,3],[0,1,2,3]]",FEASIBLE,FEASIBLE,FEASIBLE,null,0.11844,0.049872,0.002639,False
701280,2,2,"[1,1]","[2,1]","[[0],[0,1]]",FEASIBLE,FEASIBLE,FEASIBLE,null,0.008656,0.01719,0.000796,False
701281,5,7,"[3,2,3,1,1]","[1,3,1,2,1,2,2]","[[0,2,3,4,5,6],[2,4,5],[0,1,2,3,4,5],[0,6],[0,3,4,5,6]]",FEASIBLE,FEASIBLE,FEASIBLE,null,0.190621,0.06422,0.003426,False
701282,2,5,"[2,3]","[2,1,3,3,2]","[[2,3],[1,2,3,4]]",FEASIBLE,FEASIBLE,FEASIBLE,null,0.014674,0.029234,0.001471,False
701283,7,1,"[1,1,1,1,1,1,1]",[1],"[[0],[0],[0],[0],[0],[0],[0]]",UNSAT,UNSAT,UNSAT,"[0, 1]",0.012826,0.043569,0.002002,False
701284,1,4,[2],"[1,3,1,3]","[[0,1,2,3]]",FEASIBLE,FEASIBLE,FEASIBLE,null,0.005286,0.10901,0.000964,False
701285,4,6,"[2,1,3,1]","[2,1,2,3,2,2]","[[0,1,2,3,5],[0,4],[0,2,3,4,5],[0,1,2,3,4]]",FEASIBLE,FEASIBLE,FEASIBLE,null,0.07967,0.045988,0.002696,False
701286,5,6,"[2,3,2,1,3]","[3,1,3,2,1,2]","[[0,1,2],[1,2,3,4,5],[1,4],[5],[0,2,4]]",UNSAT,UNSAT,UNSAT,"[2, 4]",0.069343,0.080579,0.00406,False
701287,3,4,"[2,1,1]","[2,3,2,2]","[[2,3],[0,2],[0,1,2,3]]",FEASIBLE,FEASIBLE,FEASIBLE,null,0.027214,0.028327,0.001557,False
701288,3,3,"[1,1,1]","[3,1,1]","[[0],[1],[0,1,2]]",FEASIBLE,FEASIBLE,FEASIBLE,null,0.022843,0.022658,0.00119,False
701289,6,7,"[2,3,3,1,1,2]","[3,1,3,2,2,3,3]","[[1,3],[1,2,3,4],[1,2,4,6],[0,1,2,3,4,5,6],[0],[0,4,5]]",FEASIBLE,FEASIBLE,FEASIBLE,null,0.400017,0.064176,0.003423,False
701290,2,7,"[1,1]","[3,3,2,1,2,3,2]","[[1],[0,1,4,5,6]]",FEASIBLE,FEASIBLE,FEASIBLE,null,0.018596,0.023087,0.001326,False
701291,3,5,"[3,1,3]","[1,2,1,1,3]","[[0,1,2,3,4],[0,1,2,3,4],[0,2,3,4]]",FEASIBLE,FEASIBLE,FEASIBLE,null,0.031714,0.05318,0.002702,False
701292,2,5,"[2,2]","[3,2,2,1,1]","[[0,1,4],[0,1,2,3,4]]",FEASIBLE,FEASIBLE,FEASIBLE,null,0.014353,0.028192,0.001499,False
701293,2,3,"[1,1]","[1,1,2]","[[1,2],[0,1]]",FEASIBLE,FEASIBLE,FEASIBLE,null,0.010658,0.018118,0.001016,False
701294,1,3,[3],"[2,1,2]","[[0,1,2]]",FEASIBLE,FEASIBLE,FEASIBLE,null,0.004496,0.017646,0.000879,False
701295,5,3,"[1,2,1,1,2]","[2,2,2]","[[1,2],[0,1,2],[0],[0,2],[0,1]]",UNSAT,UNSAT,UNSAT,"[0, 1, 2, 3, 4]",0.09351,0.067247,0.003479,False
701296,4,2,"[1,1,2,2]","[3,3]","[[0,1],[1],[0,1],[0,1]]",FEASIBLE,FEASIBLE,FEASIBLE,null,0.124184,0.031854,0.001395,False
701297,3,2,"[1,1,1]","[1,3]","[[0],[1],[1]]",FEASIBLE,FEASIBLE,FEASIBLE,null,0.056216,0.022498,0.001083,False
701298,4,5,"[1,2,3,3]","[1,1,1,2,2]","[[3],[1,2],[0,1,2,3,4],[0,1,2,4]]",UNSAT,UNSAT,UNSAT,"[1, 3]",0.039228,0.06033,0.003189,False
701299,2,2,"[1,2]","[1,2]","[[1],[0,1]]",FEASIBLE,FEASIBLE,FEASIBLE,null,0.008698,0.01937,0.000858,False
701300,4,3,"[1,2,1,2]","[3,2,3]","[[0],[0,1],[0],[0,1,2]]",FEASIBLE,FEASIBLE,FEASIBLE,null,0.046565,0.032724,0.001569,False
701301,6,5,"[3,2,1,2,1,1]","[2,3,2,3,1]","[[0,1,2],[2,4],[4],[0,1,2,3,4],[0,1,2,3,4],[1]]",UNSAT,UNSAT,UNSAT,"[1, 2]",0.050582,0.081627,0.004229,False
701302,6,2,"[1,2,2,1,1,1]","[3,3]","[[1],[0,1],[0,1],[0],[0],[0,1]]",UNSAT,UNSAT,UNSAT,"[1, 2, 3, 4]",0.129447,0.054611,0.002623,False
701303,3,4,"[1,1,1]","[3,3,3,1]","[[2,3],[2],[3]]",FEASIBLE,FEASIBLE,FEASIBLE,null,0.027609,0.02249,0.001102,False
701304,5,2,"[1,1,1,1,1]","[1,2]","[[1],[0],[1],[0,1],[1]]",UNSAT,UNSAT,UNSAT,"[0, 2, 4]",0.044266,0.04096,0.002191,False
701305,2,3,"[1,2]","[3,1,1]","[[1],[0,1]]",UNSAT,UNSAT,UNSAT,"[0, 1]",0.010575,0.029566,0.001446,False
701306,5,1,"[1,1,1,1,1]",[1],"[[0],[0],[0],[0],[0]]",UNSAT,UNSAT,UNSAT,"[0, 1]",0.01033,0.035428,0.00153,False
701307,1,3,[3],"[3,3,1]","[[0,1,2]]",FEASIBLE,FEASIBLE,FEASIBLE,null,0.004639,0.020473,0.000874,False
701308,3,2,"[1,2,1]","[2,1]","[[1],[0,1],[0]]",UNSAT,UNSAT,UNSAT,"[0, 1]",0.010725,0.03168,0.001614,False
701309,2,6,"[3,1]","[1,1,2,1,1,1]","[[0,1,5],[1,5]]",UNSAT,UNSAT,UNSAT,"[0, 1]",0.016903,0.120419,0.001936,False
701310,5,7,"[1,2,1,1,2]","[1,1,1,1,3,3,3]","[[0,1,2,4,5],[1,2,4,5],[0,2,3,6],[0],[0,1,4]]",FEASIBLE,FEASIBLE,FEASIBLE,null,0.189247,0.06763,0.003626,False
701311,5,2,"[1,1,1,2,1]","[1,2]","[[1],[0],[0,1],[0,1],[0]]",UNSAT,UNSAT,UNSAT,"[1, 3]",0.024712,0.042978,0.002266,False
701312,6,6,"[3,1,1,1,2,1]","[3,1,1,3,2,2]","[[0,2,4,5],[1,3,4],[0,1,2,3,4,5],[4],[0,1,2,4,5],[0,2,3,4,5]]",FEASIBLE,FEASIBLE,FEASIBLE,null,0.349962,0.059932,0.003453,False
701313,3,2,"[1,1,1]","[3,3]","[[1],[0],[1]]",FEASIBLE,FEASIBLE,FEASIBLE,null,0.018111,0.020491,0.001063,False
701314,6,7,"[3,1,2,1,1,1]","[2,2,1,2,1,2,3]","[[0,1,2,3,4,5,6],[3],[1,3],[0,1,2,3,4,5,6],[6],[1,5]]",FEASIBLE,FEASIBLE,FEASIBLE,null,0.411187,0.055882,0.003214,False
701315,6,7,"[3,3,1,1,2,2]","[2,1,1,3,1,3,3]","[[0,2,3,4,5],[0,1,2,3,4,5,6],[0,1,3,4,6],[1,2,3,4,5,6],[0,1,2,3,4,5,6],[2,3,4,5]]",FEASIBLE,FEASIBLE,FEASIBLE,null,0.536996,0.109009,0.006665,False
701316,5,3,"[1,1,1,2,1]","[3,1,3]","[[1],[0],[0],[1,2],[0,1,2]]",UNSAT,UNSAT,UNSAT,"[0, 3]",0.02385,0.045453,0.002491,False
701317,1,5,[3],"[1,3,3,2,2]","[[0,3,4]]",FEASIBLE,FEASIBLE,FEASIBLE,null,0.00578,0.026996,0.001106,False
701318,2,2,"[1,2]","[3,1]","[[1],[0,1]]",UNSAT,UNSAT,UNSAT,"[0, 1]",0.009163,0.028789,0.001272,False
701319,3,5,"[3,1,1]","[1,1,2,1,2]","[[0,1,3,4],[0,2,3],[0,1,2,3,4]]",FEASIBLE,FEASIBLE,FEASIBLE,null,0.032335,0.135922,0.001887,False
701320,1,6,[1],"[1,2,1,3,1,1]","[[0,2,5]]",FEASIBLE,FEASIBLE,FEASIBLE,null,0.00702,0.017132,0.000867,False
701321,1,4,[1],"[3,3,1,1]","[[0,2]]",FEASIBLE,FEASIBLE,FEASIBLE,null,0.005457,0.013403,0.000688,False
701322,2,2,"[1,2]","[3,3]","[[0,1],[0,1]]",FEASIBLE,FEASIBLE,FEASIBLE,null,0.00924,0.020124,0.000964,False
701323,1,5,[1],"[2,3,3,1,2]","[[0,1,2,3,4]]",FEASIBLE,FEASIBLE,FEASIBLE,null,0.00556,0.016513,0.000989,False
701324,2,4,"[2,2]","[3,3,2,2]","[[0,2],[1,3]]",FEASIBLE,FEASIBLE,FEASIBLE,null,0.013084,0.023022,0.00119,False
701325,6,5,"[1,2,1,1,1,1]","[1,1,2,1,2]","[[0,2],[2,3,4],[0,1,2],[1],[4],[0,1,2,3,4]]",FEASIBLE,FEASIBLE,FEASIBLE,null,0.299911,0.079848,0.003167,False
701326,7,2,"[1,1,1,1,2,1,2]","[2,3]","[[0,1],[1],[1],[0],[0,1],[1],[0,1]]",UNSAT,UNSAT,UNSAT,"[3, 4, 6]",0.132873,0.059921,0.003854,False
701327,6,1,"[1,1,1,1,1,1]",[1],"[[0],[0],[0],[0],[0],[0]]",UNSAT,UNSAT,UNSAT,"[0, 1]",0.011732,0.040155,0.001946,False
701328,7,2,"[1,1,2,1,1,1,2]","[1,2]","[[1],[0,1],[0,1],[0],[0,1],[0,1],[0,1]]",UNSAT,UNSAT,UNSAT,"[2, 3]",0.039418,0.05632,0.00307,False
701329,2,5,"[1,2]","[3,1,1,1,3]","[[0,1],[1,2,3,4]]",FEASIBLE,FEASIBLE,FEASIBLE,null,0.014849,0.024399,0.001385,False
701330,3,6,"[1,1,2]","[1,1,3,1,2,3]","[[0,4,5],[1],[1,5]]",UNSAT,UNSAT,UNSAT,"[1, 2]",0.030543,0.035678,0.002078,False
701331,7,4,"[1,3,2,2,3,1,3]","[2,1,1,1]","[[1],[0,2,3],[1,2],[2,3],[0,2,3],[0,1],[0,1,2,3]]",UNSAT,UNSAT,UNSAT,"[0, 2]",0.031485,0.071943,0.004335,False
701332,5,1,"[1,1,1,1,1]",[1],"[[0],[0],[0],[0],[0]]",UNSAT,UNSAT,UNSAT,"[0, 1]",0.105647,0.036138,0.001537,False
701333,3,7,"[1,3,1]","[1,1,1,2,1,3,2]","[[4,6],[0,1,3,4,5,6],[2]]",FEASIBLE,FEASIBLE,FEASIBLE,null,0.042062,0.032871,0.001781,False
701334,1,3,[2],"[2,3,1]","[[0,2]]",FEASIBLE,FEASIBLE,FEASIBLE,null,0.004836,0.015085,0.000743,False
701335,5,6,"[1,1,1,2,1]","[1,1,2,3,2,3]","[[1,3,5],[0,1,3,4],[0],[0,1,3],[0,1,2,3,4,5]]",FEASIBLE,FEASIBLE,FEASIBLE,null,0.173051,0.063401,0.003371,False
701336,5,5,"[3,3,1,1,2]","[3,3,3,2,1]","[[1,2,3],[0,1,2,3,4],[3],[2],[0,1,2,3,4]]",FEASIBLE,FEASIBLE,FEASIBLE,null,0.144606,0.048705,0.002537,False
701337,5,4,"[1,1,1,1,3]","[3,1,3,2]","[[0],[0,1,2,3],[0,1,2,3],[1],[0,1,2,3]]",FEASIBLE,FEASIBLE,FEASIBLE,null,0.115804,0.077455,0.002783,False
701338,3,6,"[2,2,1]","[2,1,2,2,3,1]","[[1,3],[0,1,2,3,4,5],[0,1,2,3,4,5]]",FEASIBLE,FEASIBLE,FEASIBLE,null,0.037451,0.038502,0.002304,False
701339,2,3,"[1,1]","[3,3,3]","[[1],[0,1,2]]",FEASIBLE,FEASIBLE,FEASIBLE,null,0.010561,0.01852,0.001013,False
701340,7,1,"[1,1,1,1,1,1,1]",[3],"[[0],[0],[0],[0],[0],[0],[0]]",UNSAT,UNSAT,UNSAT,"[0, 1, 2, 3]",0.092331,0.04601,0.001891,False
701341,4,7,"[1,1,1,2]","[1,1,3,3,3,1,3]","[[0,2,3,6],[0,5],[2,4,5,6],[0,5]]",UNSAT,UNSAT,UNSAT,"[1, 3]",0.050219,0.063521,0.003515,False
701342,7,2,"[2,1,1,1,2,1,2]","[2,3]","[[0,1],[0],[1],[0,1],[0,1],[0],[0,1]]",UNSAT,UNSAT,UNSAT,"[0, 1, 4]",0.063879,0.058278,0.00294,False
701343,4,6,"[1,1,2,1]","[1,1,1,2,2,2]","[[0,1,3],[4],[1,3,5],[3]]",FEASIBLE,FEASIBLE,FEASIBLE,null,0.169225,0.033245,0.001676,False
701344,6,5,"[3,2,1,1,1,3]","[3,3,1,2,1]","[[0,1,2,3],[1,2,4],[1],[1,2,3,4],[1],[0,1,2,3,4]]",UNSAT,UNSAT,UNSAT,"[0, 1, 2, 3, 5]",0.276408,0.075673,0.004368,False
701345,5,2,"[1,2,2,1,1]","[3,1]","[[1],[0,1],[0,1],[0],[1]]",UNSAT,UNSAT,UNSAT,"[0, 1]",0.014718,0.043524,0.00223,False
701346,5,6,"[1,1,3,1,1]","[1,3,3,1,1,3]","[[2],[1,2,3,4,5],[1,3,4],[4],[2,4]]",UNSAT,UNSAT,UNSAT,"[2, 3]",0.064725,0.050588,0.002736,False
701347,7,6,"[1,1,1,1,1,1,1]","[3,2,1,3,3,1]","[[1],[2],[4],[0,1,2,3,4,5],[1],[0,1,3,4,5],[0,1,2,3,4,5]]",FEASIBLE,FEASIBLE,FEASIBLE,null,0.723077,0.05155,0.003017,False
701348,1,7,[2],"[1,3,3,1,2,3,1]","[[0,1,3,4,5,6]]",FEASIBLE,FEASIBLE,FEASIBLE,null,0.00739,0.021586,0.001168,False
701349,3,2,"[1,1,1]","[1,3]","[[0],[0,1],[0]]",UNSAT,UNSAT,UNSAT,"[0, 2]",0.022354,0.032411,0.001603,False
701350,4,6,"[3,2,1,1]","[2,3,3,2,1,1]","[[0,1,2,3,5],[1,3],[5],[3]]",FEASIBLE,FEASIBLE,FEASIBLE,null,0.077186,0.037393,0.001787,False
701351,6,4,"[1,1,1,1,1,3]","[3,2,1,2]","[[0,1,2,3],[0,1,2,3],[1],[1,2,3],[1,2,3],[1,2,3]]",UNSAT,UNSAT,UNSAT,"[2, 3, 4, 5]",0.209272,0.080723,0.004673,False
701352,6,1,"[1,1,1,1,1,1]",[2],"[[0],[0],[0],[0],[0],[0]]",UNSAT,UNSAT,UNSAT,"[0, 1, 2]",0.0322,0.042705,0.001734,False
701353,5,3,"[1,1,3,3,1]","[1,1,2]","[[0,2],[2],[0,1,2],[0,1,2],[0,1,2]]",UNSAT,UNSAT,UNSAT,"[2, 3]",0.036662,0.200671,0.00302,False
701354,3,6,"[2,2,3]","[1,3,3,1,1,1]","[[1,2,3,4,5],[0,1,2,4,5],[0,2,3,4,5]]",FEASIBLE,FEASIBLE,FEASIBLE,null,0.037865,0.042155,0.002377,False
701355,7,7,"[3,1,3,1,3,3,2]","[1,2,2,1,1,2,2]","[[0,3,4],[1,2,3,4],[0,1,2,4,5,6],[6],[0,1,3,6],[0,1,2,4,5,6],[2,3,6]]",UNSAT,UNSAT,UNSAT,"[0, 4]",0.061836,0.097901,0.006405,False
701356,4,7,"[2,1,1,1]","[1,3,2,1,2,2,1]","[[0,1,2,3,6],[5,6],[1],[5]]",FEASIBLE,FEASIBLE,FEASIBLE,null,0.088532,0.033284,0.001845,False
701357,5,2,"[1,1,1,1,1]","[2,2]","[[1],[0],[1],[0],[0]]",UNSAT,UNSAT,UNSAT,"[1, 3, 4]",0.068243,0.0402,0.00197,False
701358,7,6,"[2,3,1,3,1,3,1]","[3,3,3,3,2,1]","[[0,1,2,5],[0,1,2,4,5],[4],[0,1,2,4,5],[0,2],[0,2,3,4,5],[2,3]]",FEASIBLE,FEASIBLE,FEASIBLE,null,0.713501,0.07141,0.003736,False
701359,1,2,[1],"[3,1]",[[1]],FEASIBLE,FEASIBLE,FEASIBLE,null,0.003903,0.011457,0.000582,False
701360,1,6,[3],"[2,3,3,1,2,2]","[[0,2,3,4,5]]",FEASIBLE,FEASIBLE,FEASIBLE,null,0.006034,0.021192,0.001146,False
701361,3,2,"[1,1,1]","[2,2]","[[0],[0,1],[0,1]]",FEASIBLE,FEASIBLE,FEASIBLE,null,0.017581,0.022563,0.001152,False
701362,5,1,"[1,1,1,1,1]",[3],"[[0],[0],[0],[0],[0]]",UNSAT,UNSAT,UNSAT,"[0, 1, 2, 3]",0.03917,0.038846,0.001621,False
701363,4,7,"[1,1,1,1]","[3,2,1,1,3,1,1]","[[0],[3,4,5,6],[1,4],[0]]",FEASIBLE,FEASIBLE,FEASIBLE,null,0.089974,0.030807,0.001736,False
701364,5,7,"[1,3,1,3,2]","[2,3,3,3,1,3,3]","[[6],[1,3,5,6],[1],[1,2,3,4,5],[0,1,2,6]]",FEASIBLE,FEASIBLE,FEASIBLE,null,0.18829,0.142923,0.002781,False
701365,4,5,"[2,2,2,1]","[1,2,1,2,1]","[[0,2,4],[0,1],[0,1,2],[0,2]]",UNSAT,UNSAT,UNSAT,"[0, 1, 2]",0.048049,0.066731,0.003408,False
701366,7,6,"[3,1,3,1,1,2,3]","[2,2,2,2,3,1]","[[1,2,5],[0,1,3,5],[0,1,2,3,4,5],[3],[0,1,4],[0,2],[0,1,2,3,4,5]]",UNSAT,UNSAT,UNSAT,"[0, 1, 2, 5, 6]",0.604665,0.124681,0.006981,False
701367,3,5,"[1,1,1]","[3,3,3,3,2]","[[1,2,4],[2],[0,1,3]]",FEASIBLE,FEASIBLE,FEASIBLE,null,0.032826,0.026499,0.001549,False
701368,2,1,"[1,1]",[2],"[[0],[0]]",FEASIBLE,FEASIBLE,FEASIBLE,null,0.007007,0.015363,0.000716,False
701369,5,6,"[1,1,2,1,1]","[3,2,1,2,3,1]","[[4],[2],[0,1,2,3,4,5],[4],[0,2]]",FEASIBLE,FEASIBLE,FEASIBLE,null,0.162975,0.038195,0.002152,False
701370,6,2,"[1,1,2,1,1,2]","[1,1]","[[0],[0],[0,1],[0],[0],[0,1]]",UNSAT,UNSAT,UNSAT,"[0, 1]",0.016045,0.046375,0.002501,False
701371,4,6,"[2,1,1,2]","[3,3,3,3,3,1]","[[0,1,2,3,4],[4],[1,3],[0,1,2,3,4,5]]",FEASIBLE,FEASIBLE,FEASIBLE,null,0.077601,0.038149,0.002425,False
701372,5,2,"[1,1,1,1,1]","[3,1]","[[0,1],[0],[0],[0,1],[0,1]]",UNSAT,UNSAT,UNSAT,"[0, 1, 2, 3, 4]",0.07027,0.044741,0.00227,False
701373,1,1,[1],[3],[[0]],FEASIBLE,FEASIBLE,FEASIBLE,null,0.003282,0.011516,0.000556,False
701374,6,2,"[1,1,1,1,1,2]","[3,2]","[[1],[1],[0],[0],[1],[0,1]]",UNSAT,UNSAT,UNSAT,"[0, 1, 4]",0.051481,0.072228,0.002183,False
701375,3,5,"[1,1,2]","[1,1,3,3,2]","[[1],[3,4],[1,4]]",UNSAT,UNSAT,UNSAT,"[0, 2]",0.0226,0.122102,0.001928,False
701376,2,1,"[1,1]",[2],"[[0],[0]]",FEASIBLE,FEASIBLE,FEASIBLE,null,0.006768,0.015666,0.000634,False
701377,7,4,"[3,3,1,1,1,1,2]","[3,2,1,2]","[[0,1,2,3],[0,1,2,3],[0],[3],[0,1,2,3],[1],[0,1,2]]",UNSAT,UNSAT,UNSAT,"[0, 1, 2, 6]",0.261815,0.096078,0.004436,False
701378,5,2,"[1,1,1,2,2]","[3,1]","[[1],[0,1],[0],[0,1],[0,1]]",UNSAT,UNSAT,UNSAT,"[0, 3]",0.019078,0.071418,0.002392,False
701379,7,4,"[3,2,1,1,1,1,1]","[3,2,1,1]","[[0,1,2],[1,3],[1],[0,1,2,3],[1,2,3],[1],[0,2,3]]",UNSAT,UNSAT,UNSAT,"[0, 1, 2]",0.104503,0.069266,0.004047,False
701380,6,6,"[1,1,3,3,2,1]","[1,2,3,3,3,2]","[[0,1,4],[0,1,5],[1,2,4],[0,1,3,4],[1,3,4],[1,2,3]]",FEASIBLE,FEASIBLE,FEASIBLE,null,0.343082,0.077888,0.00406,False
701381,4,2,"[1,1,1,1]","[1,1]","[[0,1],[1],[0],[0]]",UNSAT,UNSAT,UNSAT,"[2, 3]",0.022839,0.035129,0.001867,False
701382,3,2,"[1,2,2]","[1,1]","[[0,1],[0,1],[0,1]]",UNSAT,UNSAT,UNSAT,"[0, 1]",0.010236,0.03511,0.001901,False
701383,4,1,"[1,1,1,1]",[1],"[[0],[0],[0],[0]]",UNSAT,UNSAT,UNSAT,"[0, 1]",0.008803,0.031459,0.001488,False
701384,5,3,"[1,1,2,2,1]","[3,2,2]","[[2],[2],[0,1,2],[0,1,2],[1]]",UNSAT,UNSAT,UNSAT,"[0, 1, 2, 3, 4]",0.094118,0.049025,0.002592,False
701385,3,7,"[1,1,2]","[3,2,3,2,1,3,1]","[[0,1,2,3,4,5,6],[6],[0,1,2,4,5,6]]",FEASIBLE,FEASIBLE,FEASIBLE,null,0.04225,0.035498,0.002375,False
701386,5,3,"[2,1,1,1,1]","[2,2,1]","[[1,2],[0],[0],[0,2],[2]]",UNSAT,UNSAT,UNSAT,"[0, 4]",0.026043,0.141202,0.002411,False
701387,4,3,"[1,2,1,1]","[3,1,3]","[[0],[0,1,2],[1],[2]]",FEASIBLE,FEASIBLE,FEASIBLE,null,0.062374,0.040464,0.001803,False
701388,3,2,"[1,1,1]","[1,3]","[[1],[1],[1]]",FEASIBLE,FEASIBLE,FEASIBLE,null,0.017895,0.020289,0.000943,False
701389,6,1,"[1,1,1,1,1,1]",[1],"[[0],[0],[0],[0],[0],[0]]",UNSAT,UNSAT,UNSAT,"[0, 1]",0.011593,0.040231,0.00176,False
701390,3,5,"[1,1,1]","[2,3,1,2,2]","[[0,4],[0,1,3,4],[1,2,4]]",FEASIBLE,FEASIBLE,FEASIBLE,null,0.032486,0.026955,0.001582,False
701391,1,6,[3],"[2,3,2,1,1,3]","[[1,2,3,4,5]]",FEASIBLE,FEASIBLE,FEASIBLE,null,0.006784,0.022071,0.001126,False
701392,1,1,[1],[3],[[0]],FEASIBLE,FEASIBLE,FEASIBLE,null,0.003101,0.010213,0.000562,False
701393,2,7,"[2,1]","[2,1,2,2,3,3,3]","[[0,1,2,3,4,6],[0,1,2,3,4,5,6]]",FEASIBLE,FEASIBLE,FEASIBLE,null,0.018424,0.029064,0.001814,False
701394,3,1,"[1,1,1]",[1],"[[0],[0],[0]]",UNSAT,UNSAT,UNSAT,"[0, 1]",0.007658,0.026965,0.001304,False
701395,3,5,"[2,1,1]","[2,2,2,2,3]","[[0,3],[0,3,4],[0,1,2,3,4]]",FEASIBLE,FEASIBLE,FEASIBLE,null,0.031801,0.030722,0.00172,False
701396,5,4,"[1,1,1,2,1]","[3,3,3,2]","[[0,1,2,3],[2],[0,1,2,3],[0,3],[2]]",FEASIBLE,FEASIBLE,FEASIBLE,null,0.120327,0.036817,0.001914,False
701397,6,1,"[1,1,1,1,1,1]",[3],"[[0],[0],[0],[0],[0],[0]]",UNSAT,UNSAT,UNSAT,"[0, 1, 2, 3]",0.062372,0.041296,0.00166,False
701398,3,1,"[1,1,1]",[3],"[[0],[0],[0]]",FEASIBLE,FEASIBLE,FEASIBLE,null,0.012275,0.019488,0.000846,False
701399,3,7,"[2,1,3]","[2,2,1,1,1,1,3]","[[3,6],[0,2,3,4,5,6],[4,5,6]]",FEASIBLE,FEASIBLE,FEASIBLE,null,0.042056,0.037137,0.002114,False
701400,3,4,"[2,1,1]","[3,1,3,2]","[[2,3],[0,3],[0,1,2,3]]",FEASIBLE,FEASIBLE,FEASIBLE,null,0.027123,0.113487,0.001507,False
701401,6,3,"[1,3,1,3,1,2]","[3,1,1]","[[1],[0,1,2],[1],[0,1,2],[2],[0,1]]",UNSAT,UNSAT,UNSAT,"[0, 1]",0.021024,0.056912,0.003073,False
701402,6,2,"[2,1,2,2,1,1]","[3,3]","[[0,1],[1],[0,1],[0,1],[0],[0,1]]",UNSAT,UNSAT,UNSAT,"[0, 1, 2, 3]",0.094713,0.055179,0.00274,False
701403,4,5,"[1,1,3,1]","[1,2,2,1,3]","[[0,2,3,4],[2],[0,1,2],[0,1,2,3]]",FEASIBLE,FEASIBLE,FEASIBLE,null,0.068205,0.051695,0.002551,False
701404,1,1,[1],[1],[[0]],FEASIBLE,FEASIBLE,FEASIBLE,null,0.003442,0.010454,0.00048,False
701405,5,7,"[3,1,3,3,1]","[3,1,3,3,2,3,1]","[[2,4,5,6],[2],[0,1,3,5,6],[0,1,2,3,4,5,6],[0,3]]",FEASIBLE,FEASIBLE,FEASIBLE,null,0.207044,0.057194,0.003048,False
701406,1,2,[1],"[3,2]","[[0,1]]",FEASIBLE,FEASIBLE,FEASIBLE,null,0.00409,0.012661,0.000592,False
701407,2,1,"[1,1]",[3],"[[0],[0]]",FEASIBLE,FEASIBLE,FEASIBLE,null,0.024769,0.024006,0.000602,False
701408,2,5,"[2,2]","[3,2,2,2,3]","[[3,4],[2,3]]",FEASIBLE,FEASIBLE,FEASIBLE,null,0.020984,0.025931,0.00131,False
701409,7,2,"[2,1,1,2,2,1,1]","[1,2]","[[0,1],[0,1],[0],[0,1],[0,1],[0],[0]]",UNSAT,UNSAT,UNSAT,"[0, 2]",0.02038,0.058102,0.003033,False
701410,4,4,"[1,1,2,1]","[2,1,1,3]","[[0,1,2,3],[0,1,3],[0,3],[2]]",FEASIBLE,FEASIBLE,FEASIBLE,null,0.056882,0.043693,0.002072,False
701411,2,2,"[1,2]","[3,2]","[[0],[0,1]]",FEASIBLE,FEASIBLE,FEASIBLE,null,0.009064,0.019695,0.000932,False
701412,3,5,"[1,2,3]","[2,2,2,3,3]","[[0],[0,3,4],[0,1,2,3,4]]",FEASIBLE,FEASIBLE,FEASIBLE,null,0.04378,0.039488,0.001803,False
701413,3,3,"[2,1,1]","[2,2,3]","[[0,2],[1],[0,1]]",FEASIBLE,FEASIBLE,FEASIBLE,null,0.022046,0.11564,0.001232,False
701414,6,3,"[3,2,1,1,1,3]","[3,2,1]","[[0,1,2],[0,1,2],[0,1,2],[0,1,2],[0,1,2],[0,1,2]]",UNSAT,UNSAT,UNSAT,"[0, 5]",0.031425,0.067527,0.003894,False
701415,2,5,"[2,1]","[1,3,2,3,3]","[[0,3],[0,1,2,4]]",FEASIBLE,FEASIBLE,FEASIBLE,null,0.014806,0.025426,0.001333,False
701416,3,6,"[3,2,3]","[2,3,3,3,3,2]","[[0,3,5],[0,1,3,4,5],[1,3,4]]",FEASIBLE,FEASIBLE,FEASIBLE,null,0.036613,0.040566,0.002095,False
701417,6,5,"[3,2,2,1,2,1]","[1,2,1,3,3]","[[0,1,4],[0,1,2,4],[0,1,2,3,4],[1],[0,2,3],[0,1,2,3,4]]",UNSAT,UNSAT,UNSAT,"[0, 1, 3, 4]",0.20482,0.100158,0.005323,False
701418,4,7,"[3,2,2,2]","[2,1,1,1,3,1,1]","[[0,1,2,4,6],[2,4,6],[0,3,5],[0,1]]",FEASIBLE,FEASIBLE,FEASIBLE,null,0.0905,0.077135,0.003593,False
701419,5,4,"[1,2,1,2,1]","[3,1,2,2]","[[1,3],[0,1,2,3],[0,1,2,3],[0,1,2,3],[0]]",FEASIBLE,FEASIBLE,FEASIBLE,null,0.117301,0.057874,0.002972,False
701420,2,7,"[3,1]","[1,2,2,2,3,3,2]","[[1,3,6],[4]]",FEASIBLE,FEASIBLE,FEASIBLE,null,0.018933,0.025023,0.001224,False
701421,3,4,"[1,2,1]","[2,1,3,2]","[[0],[0,3],[0]]",UNSAT,UNSAT,UNSAT,"[0, 1, 2]",0.026278,0.033809,0.001811,False
701422,5,4,"[1,1,2,3,2]","[2,3,1,3]","[[1],[0,2,3],[0,1,2,3],[1,2,3],[0,1,2,3]]",FEASIBLE,FEASIBLE,FEASIBLE,null,0.119205,0.060187,0.002989,False
701423,3,4,"[3,3,3]","[3,1,2,3]","[[0,1,2,3],[0,1,2,3],[0,1,2,3]]",FEASIBLE,FEASIBLE,FEASIBLE,null,0.026169,0.141295,0.002403,False
701424,3,1,"[1,1,1]",[2],"[[0],[0],[0]]",UNSAT,UNSAT,UNSAT,"[0, 1, 2]",0.012692,0.028717,0.001243,False
701425,2,5,"[2,2]","[3,3,3,3,3]","[[0,2],[1,3,4]]",FEASIBLE,FEASIBLE,FEASIBLE,null,0.014869,0.025722,0.001265,False
701426,7,3,"[1,1,1,1,1,2,1]","[1,2,2]","[[2],[0],[2],[0,1],[0,1],[0,2],[1]]",UNSAT,UNSAT,UNSAT,"[1, 5]",0.048372,0.056025,0.003122,False
701427,2,1,"[1,1]",[1],"[[0],[0]]",UNSAT,UNSAT,UNSAT,"[0, 1]",0.006888,0.023662,0.000988,False
701428,4,6,"[3,1,2,1]","[1,3,3,1,2,2]","[[0,1,4,5],[3,4],[0,1,2,3,4,5],[1,2,4,5]]",FEASIBLE,FEASIBLE,FEASIBLE,null,0.080356,0.044372,0.002669,False
701429,5,7,"[3,2,1,1,3]","[1,1,2,1,1,1,3]","[[0,1,2,3,4,5,6],[1,2,3,4,5,6],[0,1,2,3,4,6],[0,1,2,3,5,6],[1,2,4,5,6]]",FEASIBLE,FEASIBLE,FEASIBLE,null,0.19116,0.093788,0.005541,False
701430,2,2,"[2,1]","[3,1]","[[0,1],[0]]",FEASIBLE,FEASIBLE,FEASIBLE,null,0.009024,0.019088,0.001074,False
701431,6,6,"[2,1,2,2,1,2]","[3,3,1,1,2,2]","[[0,1,2,4,5],[3],[3,4],[0,1,2,3,4,5],[0,1,3,4,5],[0,1,2,3]]",UNSAT,UNSAT,UNSAT,"[1, 2]",0.058427,0.067358,0.004314,False
701432,2,1,"[1,1]",[1],"[[0],[0]]",UNSAT,UNSAT,UNSAT,"[0, 1]",0.00669,0.022976,0.000962,False
701433,6,4,"[3,1,3,1,1,2]","[1,2,2,1]","[[1,2,3],[3],[0,1,2,3],[1,3],[0,1,2,3],[0,1,2,3]]",UNSAT,UNSAT,UNSAT,"[0, 1]",0.02546,0.072214,0.004334,False
701434,4,3,"[1,3,3,1]","[3,3,3]","[[1],[0,1,2],[0,1,2],[1,2]]",FEASIBLE,FEASIBLE,FEASIBLE,null,0.04585,0.127251,0.001714,False
701435,6,7,"[3,1,2,1,3,3]","[3,1,1,3,3,2,1]","[[0,1,2,3,5,6],[1,2,3,6],[0,1,4,5,6],[1,2],[0,1,2,3,4,5,6],[0,3,4]]",FEASIBLE,FEASIBLE,FEASIBLE,null,0.408589,0.094861,0.004855,False
701436,3,2,"[2,2,1]","[1,2]","[[0,1],[0,1],[0]]",UNSAT,UNSAT,UNSAT,"[0, 1]",0.011003,0.035218,0.00188,False
701437,5,5,"[3,3,1,1,1]","[3,3,1,1,3]","[[1,2,3,4],[0,1,2,3,4],[0,1,2,3,4],[0],[1,3,4]]",FEASIBLE,FEASIBLE,FEASIBLE,null,0.143933,0.050959,0.002877,False
701438,4,3,"[2,1,1,1]","[1,1,2]","[[0,2],[2],[0,2],[0,2]]",UNSAT,UNSAT,UNSAT,"[0, 1, 2]",0.033782,0.041807,0.002096,False
701439,4,7,"[3,3,3,3]","[1,2,1,2,2,1,3]","[[0,1,3,4,5],[0,2,3,4,5],[1,2,3,4,5,6],[0,1,2,3,4,6]]",UNSAT,UNSAT,UNSAT,"[0, 1, 2, 3]",0.090787,0.110535,0.006385,False
701440,3,7,"[2,3,1]","[2,3,2,1,1,3,2]","[[2,3,4,5,6],[0,1,2,3,4,5,6],[4]]",FEASIBLE,FEASIBLE,FEASIBLE,null,0.041936,0.038334,0.002129,False
701441,6,7,"[1,1,1,1,1,2]","[1,2,3,2,1,3,2]","[[1],[0,5,6],[6],[0,1,2,3,4,5,6],[0,1,2,3,5],[1,3]]",FEASIBLE,FEASIBLE,FEASIBLE,null,0.402948,0.070268,0.003779,False
701442,1,1,[1],[3],[[0]],FEASIBLE,FEASIBLE,FEASIBLE,null,0.003494,0.011635,0.000511,False
701443,5,5,"[1,2,2,2,2]","[1,2,2,2,1]","[[0,2,4],[2,3,4],[0,1,2,3,4],[0,4],[0,1,2,4]]",UNSAT,UNSAT,UNSAT,"[0, 1, 3, 4]",0.124284,0.089194,0.004812,False
701444,6,7,"[1,2,1,3,1,2]","[3,3,2,1,3,2,1]","[[0],[0,1,2,3,4],[3,4],[0,1,4],[1],[0,1,2,3,4,5,6]]",FEASIBLE,FEASIBLE,FEASIBLE,null,0.386207,0.14696,0.003252,False
701445,5,3,"[1,1,2,3,1]","[3,2,3]","[[1],[0,1,2],[0,1],[0,1,2],[1]]",UNSAT,UNSAT,UNSAT,"[0, 2, 3]",0.056144,0.050672,0.002748,False
701446,4,1,"[1,1,1,1]",[2],"[[0],[0],[0],[0]]",UNSAT,UNSAT,UNSAT,"[0, 1, 2]",0.017574,0.03357,0.001553,False
701447,4,2,"[1,1,1,1]","[3,2]","[[0],[0,1],[0,1],[0]]",FEASIBLE,FEASIBLE,FEASIBLE,null,0.036835,0.035474,0.001694,False
701448,5,1,"[1,1,1,1,1]",[2],"[[0],[0],[0],[0],[0]]",UNSAT,UNSAT,UNSAT,"[0, 1, 2]",0.023939,0.036347,0.00174,False
701449,5,4,"[1,3,3,1,1]","[2,3,1,3]","[[2],[0,1,2,3],[1,2,3],[0],[0,2]]",UNSAT,UNSAT,UNSAT,"[0, 2]",0.025217,0.056733,0.003454,False
701450,6,6,"[2,3,3,2,3,2]","[1,3,2,3,1,2]","[[1,2,3,4,5],[0,1,2,3,4,5],[0,4,5],[0,1,2,3,5],[1,2,3,4],[0,1,4,5]]",UNSAT,UNSAT,UNSAT,"[0, 1, 2, 3, 4]",0.331855,0.128676,0.007422,False
701451,5,4,"[1,2,3,2,1]","[1,3,2,2]","[[0,2],[2,3],[0,1,2,3],[1,2,3],[0]]",UNSAT,UNSAT,UNSAT,"[0, 1, 2, 3]",0.096957,0.059127,0.003358,False
701452,1,5,[1],"[3,1,3,1,2]","[[0,1,4]]",FEASIBLE,FEASIBLE,FEASIBLE,null,0.005911,0.015938,0.000889,False
701453,1,5,[1],"[1,1,3,3,3]","[[0,2,3]]",FEASIBLE,FEASIBLE,FEASIBLE,null,0.005563,0.015032,0.000966,False
701454,1,2,[2],"[1,2]","[[0,1]]",FEASIBLE,FEASIBLE,FEASIBLE,null,0.003563,0.013832,0.000673,False
701455,7,1,"[1,1,1,1,1,1,1]",[1],"[[0],[0],[0],[0],[0],[0],[0]]",UNSAT,UNSAT,UNSAT,"[0, 1]",0.012736,0.045609,0.002286,False
701456,6,7,"[1,1,2,1,1,3]","[3,2,2,2,3,1,1]","[[0],[0,1,2,3,4,5,6],[0,2],[0,2,4,5],[0,1,2,3,4,5,6],[0,1,2,4,5,6]]",FEASIBLE,FEASIBLE,FEASIBLE,null,0.486052,0.061224,0.003709,False
701457,7,5,"[3,1,3,1,1,1,1]","[1,2,3,1,2]","[[0,1,2],[1],[2,3,4],[0,3],[0,3],[3],[3]]",UNSAT,UNSAT,UNSAT,"[2, 5]",0.088349,0.064585,0.003567,False
701458,3,7,"[1,3,3]","[3,2,2,3,1,2,3]","[[0,2,3],[2,4,5,6],[0,2,4,5,6]]",FEASIBLE,FEASIBLE,FEASIBLE,null,0.042098,0.039982,0.002204,False
701459,3,4,"[1,2,1]","[2,2,2,2]","[[0,1,3],[1,2,3],[3]]",FEASIBLE,FEASIBLE,FEASIBLE,null,0.02856,0.027372,0.001491,False
701460,3,5,"[2,1,1]","[1,3,2,3,3]","[[0,2,3],[3],[0,1,2,3,4]]",FEASIBLE,FEASIBLE,FEASIBLE,null,0.031247,0.030585,0.001737,False
701461,6,4,"[1,1,1,2,3,2]","[1,3,1,3]","[[1],[0,1,2,3],[2],[0,1,3],[0,1,2,3],[0,1,2]]",UNSAT,UNSAT,UNSAT,"[2, 4, 5]",0.15443,0.110982,0.00485,False
701462,3,6,"[1,3,2]","[1,1,3,1,2,3]","[[2,3],[0,1,3,4,5],[0,5]]",FEASIBLE,FEASIBLE,FEASIBLE,null,0.037269,0.044843,0.002779,False
701463,7,7,"[3,2,3,3,1,1,3]","[1,2,3,3,2,3,3]","[[1,2,3,6],[0,1,2,3,5],[0,1,2,3,4,5],[0,1,2,3,4,6],[4,5],[0,1,2,3,4,5],[0,1,2,3,4,5,6]]",FEASIBLE,FEASIBLE,FEASIBLE,null,0.822418,0.115333,0.006497,False
701464,4,7,"[1,3,1,3]","[3,2,1,2,1,1,1]","[[0,1,3,5],[0,1,3],[3,6],[0,1,2,3,4,5,6]]",FEASIBLE,FEASIBLE,FEASIBLE,null,0.125967,0.136538,0.002769,False
701465,6,7,"[1,1,3,1,3,3]","[2,3,3,1,3,3,2]","[[0,2,5,6],[3,4,5],[0,1,2,3,5,6],[0,2,6],[0,1,2,6],[0,1,2,3,4,5,6]]",FEASIBLE,FEASIBLE,FEASIBLE,null,0.403715,0.083944,0.003916,False
701466,3,3,"[3,1,1]","[1,1,2]","[[0,1,2],[2],[1,2]]",UNSAT,UNSAT,UNSAT,"[0, 1, 2]",0.023554,0.041877,0.002361,False
701467,7,2,"[1,1,1,1,2,1,1]","[3,1]","[[1],[0,1],[0],[0,1],[0,1],[1],[1]]",UNSAT,UNSAT,UNSAT,"[0, 4]",0.024917,0.054387,0.002968,False
701468,5,1,"[1,1,1,1,1]",[1],"[[0],[0],[0],[0],[0]]",UNSAT,UNSAT,UNSAT,"[0, 1]",0.010697,0.036407,0.001604,False
701469,1,1,[1],[3],[[0]],FEASIBLE,FEASIBLE,FEASIBLE,null,0.00328,0.011536,0.000575,False
701470,7,3,"[1,1,3,1,3,1,1]","[3,1,2]","[[0,1,2],[0],[0,1,2],[0,1,2],[0,1,2],[1],[0,1,2]]",UNSAT,UNSAT,UNSAT,"[2, 4]",0.056367,0.069972,0.004039,False
701471,2,1,"[1,1]",[1],"[[0],[0]]",UNSAT,UNSAT,UNSAT,"[0, 1]",0.00658,0.025005,0.000959,False
701472,7,3,"[2,2,1,1,1,2,1]","[2,1,1]","[[0,1,2],[0,1,2],[0,1,2],[1],[0,2],[0,1],[2]]",UNSAT,UNSAT,UNSAT,"[3, 5]",0.067682,0.065951,0.003713,False
701473,1,5,[3],"[3,1,1,2,2]","[[0,1,2,3,4]]",FEASIBLE,FEASIBLE,FEASIBLE,null,0.006056,0.022466,0.001123,False
701474,3,6,"[1,1,3]","[1,3,1,1,3,1]","[[3],[0,1,2,3,4,5],[1,2,5]]",FEASIBLE,FEASIBLE,FEASIBLE,null,0.037766,0.034218,0.001906,False
701475,1,3,[1],"[1,2,3]",[[2]],FEASIBLE,FEASIBLE,FEASIBLE,null,0.004742,0.012698,0.000672,False
701476,6,2,"[1,1,2,1,1,1]","[2,2]","[[0,1],[0,1],[0,1],[0],[0,1],[0]]",UNSAT,UNSAT,UNSAT,"[2, 3, 5]",0.087329,0.145945,0.002862,False
701477,7,5,"[1,1,2,3,2,1,3]","[3,2,2,2,2]","[[4],[1],[0,3],[0,1,2,3,4],[0,3],[0,1,2,3,4],[0,3,4]]",UNSAT,UNSAT,UNSAT,"[2, 4, 6]",0.260167,0.078603,0.004435,False
701478,5,5,"[1,1,1,1,3]","[1,2,3,3,1]","[[0,2,3,4],[0,1,2],[1,4],[2],[0,1,2,3,4]]",FEASIBLE,FEASIBLE,FEASIBLE,null,0.146358,0.047705,0.002596,False
701479,1,6,[3],"[1,3,2,2,3,2]","[[0,1,2,4,5]]",FEASIBLE,FEASIBLE,FEASIBLE,null,0.006906,0.036247,0.001179,False
701480,3,5,"[3,1,1]","[1,1,2,2,1]","[[0,1,2,3,4],[1,3],[1,3,4]]",FEASIBLE,FEASIBLE,FEASIBLE,null,0.033156,0.035627,0.00183,False
701481,4,3,"[1,1,1,1]","[1,2,3]","[[0,1,2],[0],[0],[2]]",UNSAT,UNSAT,UNSAT,"[1, 2]",0.024072,0.047278,0.002436,False
701482,6,1,"[1,1,1,1,1,1]",[1],"[[0],[0],[0],[0],[0],[0]]",UNSAT,UNSAT,UNSAT,"[0, 1]",0.011776,0.04098,0.001737,False
701483,2,6,"[1,3]","[1,3,2,3,2,1]","[[1,2,3,4,5],[0,1,2,3,4,5]]",FEASIBLE,FEASIBLE,FEASIBLE,null,0.017484,0.053025,0.001837,False
701484,1,6,[1],"[3,2,1,3,3,2]","[[2,4,5]]",FEASIBLE,FEASIBLE,FEASIBLE,null,0.007264,0.01754,0.000983,False
701485,4,5,"[3,3,2,2]","[1,3,1,1,1]","[[0,1,2,3],[0,1,3,4],[0,3],[0,1,2,3,4]]",UNSAT,UNSAT,UNSAT,"[0, 2]",0.027124,0.066201,0.003891,False
701486,1,1,[1],[2],[[0]],FEASIBLE,FEASIBLE,FEASIBLE,null,0.003128,0.012047,0.000514,False
701487,3,6,"[1,2,2]","[2,1,1,3,1,3]","[[0,1,2,3,4],[1,3,4,5],[1,3,5]]",FEASIBLE,FEASIBLE,FEASIBLE,null,0.038603,0.036726,0.002139,False
701488,6,7,"[1,3,2,3,1,2]","[1,2,3,3,1,3,3]","[[0,1,2,3,4,5,6],[1,3,5,6],[1,2,3,5,6],[0,1,2,3,4,5,6],[0,1,2,4],[0,1,2,3,4,5,6]]",FEASIBLE,FEASIBLE,FEASIBLE,null,0.408451,0.258442,0.004986,False
701489,3,6,"[2,2,2]","[3,3,2,3,1,3]","[[0,1],[2,3,4,5],[0,1,2,3,4,5]]",FEASIBLE,FEASIBLE,FEASIBLE,null,0.039688,0.03774,0.002139,False
701490,1,3,[1],"[1,3,2]","[[0,1,2]]",FEASIBLE,FEASIBLE,FEASIBLE,null,0.004898,0.014014,0.000795,False
701491,4,4,"[2,2,3,1]","[3,2,2,3]","[[0,3],[0,1,2,3],[0,1,2],[0,1,2,3]]",FEASIBLE,FEASIBLE,FEASIBLE,null,0.060276,0.04428,0.002185,False
701492,2,3,"[2,2]","[1,3,1]","[[0,1,2],[0,1]]",FEASIBLE,FEASIBLE,FEASIBLE,null,0.011387,0.032068,0.001542,False
701493,2,3,"[1,1]","[3,2,1]","[[2],[2]]",UNSAT,UNSAT,UNSAT,"[0, 1]",0.010931,0.025046,0.001254,False
701494,2,3,"[1,1]","[3,1,2]","[[1],[0,1,2]]",FEASIBLE,FEASIBLE,FEASIBLE,null,0.012229,0.020715,0.000993,False
701495,6,2,"[1,1,1,2,2,1]","[2,2]","[[0],[0],[0],[0,1],[0,1],[0,1]]",UNSAT,UNSAT,UNSAT,"[0, 1, 2]",0.048433,0.052474,0.002651,False
701496,2,7,"[2,2]","[3,1,3,2,1,3,2]","[[2,4,6],[0,1,2,3,4,5,6]]",FEASIBLE,FEASIBLE,FEASIBLE,null,0.019832,0.03425,0.001832,False
701497,5,6,"[2,3,1,2,1]","[2,2,1,2,3,1]","[[0,3,4,5],[0,1,2,3,4,5],[2],[0,1,2],[0,2]]",FEASIBLE,FEASIBLE,FEASIBLE,null,0.171135,0.075139,0.003567,False
701498,7,4,"[1,1,1,2,2,2,1]","[1,1,1,3]","[[2],[0],[1,2,3],[1,2],[0,2],[0,1,2],[0,1,2]]",UNSAT,UNSAT,UNSAT,"[0, 3]",0.036387,0.089685,0.004715,False
701499,7,3,"[2,1,2,1,1,1,1]","[2,3,1]","[[0,1,2],[1],[0,2],[0],[1],[0,1,2],[0,1,2]]",UNSAT,UNSAT,UNSAT,"[0, 2, 3]",0.098922,0.170522,0.003697,False
701500,6,2,"[1,2,2,1,2,2]","[2,3]","[[1],[0,1],[0,1],[1],[0,1],[0,1]]",UNSAT,UNSAT,UNSAT,"[1, 2, 4]",0.072872,0.053351,0.002704,False
701501,6,1,"[1,1,1,1,1,1]",[1],"[[0],[0],[0],[0],[0],[0]]",UNSAT,UNSAT,UNSAT,"[0, 1]",0.011419,0.039969,0.00166,False
701502,7,3,"[1,1,1,2,1,1,1]","[2,1,1]","[[0,1],[2],[0,1,2],[0,1],[1],[2],[0,2]]",UNSAT,UNSAT,UNSAT,"[1, 5]",0.049744,0.057167,0.003378,False
701503,7,7,"[1,1,1,2,1,1,2]","[2,1,2,2,3,1,2]","[[1],[0,1,2,3,4,6],[1],[1,5,6],[0,1,2,3,4,5,6],[1,2,3,4,6],[0,1,2,3,4,5,6]]",UNSAT,UNSAT,UNSAT,"[0, 2]",0.048707,0.074039,0.005149,False
701504,5,2,"[1,1,2,1,1]","[2,1]","[[0],[0,1],[0,1],[0,1],[0,1]]",UNSAT,UNSAT,UNSAT,"[0, 1, 2]",0.073806,0.048002,0.002527,False
701505,3,3,"[1,1,1]","[1,3,2]","[[0,2],[0],[0,2]]",FEASIBLE,FEASIBLE,FEASIBLE,null,0.022239,0.048215,0.001609,False
701506,5,2,"[1,2,1,1,1]","[2,3]","[[0,1],[0,1],[0],[1],[0,1]]",UNSAT,UNSAT,UNSAT,"[0, 1, 2, 3, 4]",0.073756,0.049047,0.002506,False
701507,1,2,[1],"[2,3]",[[0]],FEASIBLE,FEASIBLE,FEASIBLE,null,0.003827,0.012168,0.00063,False
701508,2,6,"[1,1]","[2,1,2,2,3,1]","[[0,1,2,3,4,5],[1]]",FEASIBLE,FEASIBLE,FEASIBLE,null,0.016603,0.02315,0.001452,False
701509,2,1,"[1,1]",[3],"[[0],[0]]",FEASIBLE,FEASIBLE,FEASIBLE,null,0.006621,0.015916,0.000622,False
701510,5,5,"[1,3,1,1,1]","[1,1,1,3,3]","[[2],[0,2,4],[0,1,2,3,4],[2],[0,4]]",UNSAT,UNSAT,UNSAT,"[0, 1]",0.025467,0.05183,0.002975,False
701511,3,4,"[1,1,1]","[1,1,1,1]","[[3],[0,1,2,3],[3]]",UNSAT,UNSAT,UNSAT,"[0, 2]",0.018938,0.126246,0.001842,False
701512,7,5,"[1,1,1,2,3,2,2]","[2,1,2,2,2]","[[2,4],[1,2,3,4],[1],[0,1,2,3,4],[0,1,4],[2,4],[0,1,2,3,4]]",UNSAT,UNSAT,UNSAT,"[2, 4]",0.083796,0.112484,0.006466,False
701513,6,2,"[1,1,1,2,2,1]","[2,2]","[[0],[1],[0,1],[0,1],[0,1],[0,1]]",UNSAT,UNSAT,UNSAT,"[0, 3, 4]",0.075062,0.054076,0.0026,False
701514,7,6,"[3,2,3,1,1,3,1]","[2,1,2,1,2,2]","[[0,2,3,5],[0,1,2,3,5],[0,1,2,3,5],[1,2,3],[5],[0,1,4,5],[5]]",UNSAT,UNSAT,UNSAT,"[0, 1, 2, 3]",0.339256,0.087763,0.006936,False
701515,5,6,"[1,3,1,1,3]","[1,2,3,2,1,2]","[[0,1,2,3,4,5],[0,1,2,3,4,5],[0,3],[1,2,3,5],[0,1,2,3,4,5]]",FEASIBLE,FEASIBLE,FEASIBLE,null,0.165017,0.062192,0.003671,False
701516,6,6,"[2,1,1,1,1,1]","[2,1,3,1,3,3]","[[1,4,5],[4],[0,1,2,3,4,5],[0,1,3,4],[0,1,2,3,4,5],[0,5]]",FEASIBLE,FEASIBLE,FEASIBLE,null,0.360022,0.053714,0.003192,False
701517,5,7,"[1,2,2,2,1]","[1,3,1,1,3,2,1]","[[1,2,6],[0,2,3,5,6],[3,5],[2,4],[1,5]]",FEASIBLE,FEASIBLE,FEASIBLE,null,0.186089,0.06031,0.00338,False
701518,7,2,"[1,1,2,1,1,1,1]","[1,3]","[[1],[0],[0,1],[0],[0,1],[0],[1]]",UNSAT,UNSAT,UNSAT,"[1, 2]",0.030724,0.053112,0.002983,False
701519,5,1,"[1,1,1,1,1]",[1],"[[0],[0],[0],[0],[0]]",UNSAT,UNSAT,UNSAT,"[0, 1]",0.010211,0.038481,0.001678,False
701520,6,5,"[1,2,1,2,1,1]","[3,3,1,2,2]","[[2],[0,1,2,3,4],[1,3,4],[0,1,2,3,4],[1,2],[0,1,2,3,4]]",FEASIBLE,FEASIBLE,FEASIBLE,null,0.388362,0.065193,0.003708,False
701521,4,4,"[1,2,3,1]","[1,3,3,2]","[[0,1,2,3],[0,1],[0,1,2,3],[1]]",FEASIBLE,FEASIBLE,FEASIBLE,null,0.057874,0.053116,0.002415,False
701522,5,5,"[1,1,2,3,3]","[3,1,1,2,2]","[[1,2],[1],[1,2,3,4],[0,1,2,4],[0,1,2,3]]",UNSAT,UNSAT,UNSAT,"[0, 1, 3]",0.074609,0.083101,0.004515,False
701523,2,5,"[1,3]","[2,2,2,3,2]","[[1,4],[0,2,3]]",FEASIBLE,FEASIBLE,FEASIBLE,null,0.015096,0.025433,0.001365,False
701524,3,1,"[1,1,1]",[3],"[[0],[0],[0]]",FEASIBLE,FEASIBLE,FEASIBLE,null,0.012594,0.019126,0.000865,False
701525,2,1,"[1,1]",[1],"[[0],[0]]",UNSAT,UNSAT,UNSAT,"[0, 1]",0.006293,0.023328,0.00091,False
701526,3,7,"[1,3,1]","[1,1,3,3,2,3,2]","[[5],[1,2,3,4,5,6],[0,1,2,3,4,5,6]]",FEASIBLE,FEASIBLE,FEASIBLE,null,0.041939,0.036674,0.002377,False
701527,2,2,"[1,1]","[3,2]","[[0,1],[0]]",FEASIBLE,FEASIBLE,FEASIBLE,null,0.009285,0.01849,0.000891,False
701528,6,7,"[1,2,1,2,1,3]","[3,1,1,1,1,2,3]","[[6],[0,1,3,5,6],[1,5],[0,5],[1,3],[0,1,2,3,4,5,6]]",FEASIBLE,FEASIBLE,FEASIBLE,null,0.394942,0.058723,0.003147,False
701529,7,2,"[1,1,1,2,1,1,1]","[2,1]","[[0,1],[0],[1],[0,1],[1],[1],[0]]",UNSAT,UNSAT,UNSAT,"[2, 3]",0.041348,0.050562,0.002719,False
701530,3,6,"[2,1,2]","[3,1,3,3,2,2]","[[0,1,3,4,5],[1,3],[1,3,4,5]]",FEASIBLE,FEASIBLE,FEASIBLE,null,0.036941,0.03512,0.001812,False
701531,5,3,"[1,2,1,1,1]","[3,2,2]","[[0,1],[0,1],[0,1,2],[1,2],[0,1,2]]",FEASIBLE,FEASIBLE,FEASIBLE,null,0.093756,0.130246,0.00191,False
701532,4,2,"[2,1,1,1]","[3,1]","[[0,1],[1],[0,1],[0]]",UNSAT,UNSAT,UNSAT,"[0, 1]",0.012314,0.037052,0.001922,False
701533,4,5,"[3,2,3,1]","[1,1,1,3,1]","[[0,1,2,3,4],[0,1,4],[0,3,4],[2]]",UNSAT,UNSAT,UNSAT,"[1, 2]",0.03444,0.076599,0.003987,False
701534,3,6,"[2,3,2]","[2,1,3,1,3,2]","[[0,4,5],[0,1,2,3,4,5],[0,5]]",FEASIBLE,FEASIBLE,FEASIBLE,null,0.036566,0.047815,0.002381,False
701535,6,7,"[1,1,1,2,2,2]","[1,3,2,3,3,3,3]","[[0,1,2,4],[5],[0],[0,2,5,6],[0,1,2,3,4,5,6],[0,1,3,4,6]]",FEASIBLE,FEASIBLE,FEASIBLE,null,0.386345,0.076485,0.004198,False
701536,7,3,"[1,1,1,2,2,1,2]","[1,2,1]","[[1,2],[1],[0,1,2],[1,2],[1,2],[1,2],[1,2]]",UNSAT,UNSAT,UNSAT,"[3, 4]",0.063774,0.058891,0.003551,False
701537,6,3,"[1,1,1,1,1,1]","[2,1,3]","[[0],[2],[0,1],[2],[1],[2]]",FEASIBLE,FEASIBLE,FEASIBLE,null,0.193628,0.033506,0.001626,False
701538,6,2,"[2,1,2,1,1,1]","[1,1]","[[0,1],[0,1],[0,1],[1],[0,1],[0]]",UNSAT,UNSAT,UNSAT,"[0, 1]",0.01599,0.048342,0.002437,False
701539,2,7,"[1,3]","[3,3,1,2,2,1,2]","[[0,1,2,3,4,5,6],[0,1,2,3,4]]",FEASIBLE,FEASIBLE,FEASIBLE,null,0.018554,0.032443,0.001842,False
701540,2,1,"[1,1]",[3],"[[0],[0]]",FEASIBLE,FEASIBLE,FEASIBLE,null,0.00644,0.014911,0.000572,False
701541,6,5,"[3,1,1,1,1,3]","[3,3,3,1,1]","[[1,3,4],[1,3],[0,1,2,3,4],[0],[2],[0,1,2,3,4]]",FEASIBLE,FEASIBLE,FEASIBLE,null,0.283333,0.053331,0.002745,False
701542,3,1,"[1,1,1]",[2],"[[0],[0],[0]]",UNSAT,UNSAT,UNSAT,"[0, 1, 2]",0.012301,0.028682,0.001306,False
701543,6,6,"[1,2,1,3,1,3]","[3,2,2,3,1,3]","[[0,1,4],[0,2,3,5],[2],[0,1,2,3,4,5],[2,3,5],[1,2,3,4]]",FEASIBLE,FEASIBLE,FEASIBLE,null,0.342201,0.057308,0.003262,False
701544,5,1,"[1,1,1,1,1]",[1],"[[0],[0],[0],[0],[0]]",UNSAT,UNSAT,UNSAT,"[0, 1]",0.010411,0.034978,0.001518,False
701545,4,7,"[2,3,3,2]","[2,1,1,2,1,3,2]","[[0,1,2,3,4,5,6],[1,2,5,6],[0,1,2,3,5,6],[2,3,4,5,6]]",FEASIBLE,FEASIBLE,FEASIBLE,null,0.133512,0.057309,0.003319,False
701546,4,4,"[2,2,2,2]","[2,2,3,1]","[[0,1,3],[0,1],[0,2],[1,3]]",UNSAT,UNSAT,UNSAT,"[0, 1, 3]",0.043403,0.050201,0.002733,False
701547,5,5,"[2,2,1,3,1]","[2,1,2,1,3]","[[0,1,2,4],[0,2,3,4],[2,3,4],[0,1,2,3],[0,1,2,4]]",FEASIBLE,FEASIBLE,FEASIBLE,null,0.135618,0.071917,0.003893,False
701548,5,6,"[3,3,3,1,1]","[2,3,3,3,1,3]","[[0,1,2,3,4,5],[0,1,2,3,4,5],[0,1,2,4],[1,3],[0,4]]",FEASIBLE,FEASIBLE,FEASIBLE,null,0.159767,0.074199,0.00372,False
701549,2,1,"[1,1]",[2],"[[0],[0]]",FEASIBLE,FEASIBLE,FEASIBLE,null,0.006419,0.015227,0.000575,False
701550,2,7,"[2,2]","[1,2,1,3,2,1,2]","[[0,4,6],[0,4,5,6]]",FEASIBLE,FEASIBLE,FEASIBLE,null,0.017944,0.027578,0.001423,False
701551,5,5,"[2,2,2,1,1]","[3,3,3,3,2]","[[1,3],[0,2,3,4],[1,2,3,4],[1],[0,1,2,3,4]]",FEASIBLE,FEASIBLE,FEASIBLE,null,0.144815,0.043066,0.002504,False
701552,1,5,[1],"[2,3,1,1,3]","[[0,1,2,3,4]]",FEASIBLE,FEASIBLE,FEASIBLE,null,0.005845,0.104403,0.00098,False
701553,5,6,"[1,3,3,3,1]","[2,3,1,1,1,1]","[[0,2,3,4,5],[0,2,4,5],[0,1,2,3,4,5],[0,2,5],[1,3]]",UNSAT,UNSAT,UNSAT,"[1, 3]",0.054468,0.071012,0.004599,False
701554,1,3,[1],"[1,1,3]","[[0,2]]",FEASIBLE,FEASIBLE,FEASIBLE,null,0.004818,0.013087,0.000683,False
701555,4,2,"[1,2,2,1]","[1,1]","[[0,1],[0,1],[0,1],[1]]",UNSAT,UNSAT,UNSAT,"[0, 1]",0.01249,0.038233,0.001968,False
701556,2,5,"[1,1]","[1,1,3,1,1]","[[0,2,3,4],[3]]",FEASIBLE,FEASIBLE,FEASIBLE,null,0.01381,0.020399,0.00124,False
701557,1,6,[1],"[1,1,2,1,3,3]","[[0,1,2]]",FEASIBLE,FEASIBLE,FEASIBLE,null,0.00607,0.014976,0.000896,False
701558,4,3,"[1,2,1,1]","[2,2,3]","[[2],[1,2],[0],[0]]",FEASIBLE,FEASIBLE,FEASIBLE,null,0.043838,0.026361,0.001396,False
701559,6,3,"[3,1,3,1,2,1]","[2,2,2]","[[0,1,2],[2],[0,1,2],[0],[0,2],[1]]",UNSAT,UNSAT,UNSAT,"[0, 1, 2]",0.059487,0.068238,0.003048,False
701560,3,1,"[1,1,1]",[1],"[[0],[0],[0]]",UNSAT,UNSAT,UNSAT,"[0, 1]",0.007753,0.028509,0.001194,False
701561,5,7,"[2,1,3,1,3]","[1,3,3,3,1,2,1]","[[2,3,4,5],[6],[3,4,6],[4],[0,3,4,6]]",UNSAT,UNSAT,UNSAT,"[1, 2]",0.075652,0.060558,0.003348,False
701562,6,6,"[3,1,3,2,1,1]","[2,1,1,3,1,2]","[[0,1,2,3,5],[2],[1,2,3,4,5],[2,3],[3],[3,5]]",UNSAT,UNSAT,UNSAT,"[1, 3]",0.061009,0.07183,0.004381,False
701563,3,1,"[1,1,1]",[2],"[[0],[0],[0]]",UNSAT,UNSAT,UNSAT,"[0, 1, 2]",0.012044,0.027718,0.001175,False
701564,7,6,"[2,3,3,3,1,1,3]","[1,3,3,3,1,3]","[[1,2,3,4,5],[1,2,3,4],[0,3,5],[0,1,2,3,4,5],[2],[3],[0,1,3,4]]",UNSAT,UNSAT,UNSAT,"[1, 2, 5, 6]",0.460922,0.208042,0.006793,False
701565,5,7,"[2,2,2,2,1]","[2,2,3,2,2,1,2]","[[0,1,2,3,4,5,6],[0,4],[0,1,4,5,6],[0,5,6],[0,1]]",FEASIBLE,FEASIBLE,FEASIBLE,null,0.183993,0.064172,0.003537,False
701566,2,6,"[2,1]","[2,1,2,1,1,3]","[[1,2,3],[0,1,2]]",FEASIBLE,FEASIBLE,FEASIBLE,null,0.016394,0.023719,0.001268,False
701567,2,6,"[3,1]","[2,1,1,1,2,3]","[[0,1,2,3,4,5],[2,3,4]]",FEASIBLE,FEASIBLE,FEASIBLE,null,0.01681,0.028749,0.00162,False
701568,7,7,"[2,3,3,2,3,1,1]","[3,1,1,1,1,2,2]","[[0,1,2,5,6],[0,3,4,5],[1,2,3,5,6],[0,4,6],[0,1,2,4,6],[0,1],[1,2,3]]",UNSAT,UNSAT,UNSAT,"[0, 1, 2, 3, 4]",0.618568,0.131651,0.007252,False
701569,5,3,"[2,1,2,2,1]","[3,2,2]","[[0,1,2],[1,2],[0,1,2],[0,1,2],[2]]",UNSAT,UNSAT,UNSAT,"[0, 1, 2, 3, 4]",0.091789,0.054821,0.003049,False
701570,2,2,"[2,1]","[2,2]","[[0,1],[0,1]]",FEASIBLE,FEASIBLE,FEASIBLE,null,0.00833,0.019801,0.000978,False
701571,3,3,"[1,1,1]","[1,3,2]","[[2],[0],[0]]",UNSAT,UNSAT,UNSAT,"[1, 2]",0.017784,0.027968,0.001529,False
701572,5,1,"[1,1,1,1,1]",[2],"[[0],[0],[0],[0],[0]]",UNSAT,UNSAT,UNSAT,"[0, 1, 2]",0.023125,0.035773,0.001588,False
701573,1,7,[2],"[1,1,3,1,1,3,2]","[[4,5]]",FEASIBLE,FEASIBLE,FEASIBLE,null,0.006885,0.017692,0.000901,False
701574,2,1,"[1,1]",[3],"[[0],[0]]",FEASIBLE,FEASIBLE,FEASIBLE,null,0.006406,0.015333,0.00053,False
701575,7,3,"[3,1,2,1,2,1,2]","[1,2,1]","[[0,1,2],[2],[0,1],[0],[0,1,2],[0],[0,1,2]]",UNSAT,UNSAT,UNSAT,"[0, 1]",0.02201,0.146871,0.00356,False
701576,5,2,"[1,2,1,1,1]","[1,3]","[[0,1],[0,1],[0,1],[1],[0]]",UNSAT,UNSAT,UNSAT,"[1, 4]",0.025471,0.044115,0.002426,False
701577,5,5,"[1,1,3,1,2]","[2,2,3,3,3]","[[0,1,4],[2],[0,1,3,4],[0,1,2,4],[0,1,3]]",FEASIBLE,FEASIBLE,FEASIBLE,null,0.136267,0.058578,0.003046,False
701578,5,4,"[3,1,2,2,1]","[3,3,2,2]","[[0,1,2,3],[2,3],[0,1],[0,1,2,3],[3]]",FEASIBLE,FEASIBLE,FEASIBLE,null,0.116484,0.04507,0.002126,False
701579,4,6,"[1,1,1,1]","[2,3,1,3,1,3]","[[3],[2,5],[2,3],[1]]",FEASIBLE,FEASIBLE,FEASIBLE,null,0.074535,0.030837,0.001626,False
701580,4,7,"[2,2,3,2]","[2,2,1,3,2,1,1]","[[0,1,2,3],[0,6],[0,1,3,4,5],[0,1,2,4,5,6]]",FEASIBLE,FEASIBLE,FEASIBLE,null,0.086559,0.049762,0.002799,False
701581,2,2,"[1,1]","[3,2]","[[0,1],[0]]",FEASIBLE,FEASIBLE,FEASIBLE,null,0.008285,0.016337,0.000871,False
701582,2,7,"[1,1]","[2,1,3,3,1,2,1]","[[1,2,3,4,5,6],[0,1,3,4,5]]",FEASIBLE,FEASIBLE,FEASIBLE,null,0.019347,0.026218,0.001624,False
701583,5,5,"[1,1,2,1,3]","[1,3,3,3,2]","[[2],[0,1,2,3,4],[2,3],[3],[0,1,2,3]]",FEASIBLE,FEASIBLE,FEASIBLE,null,0.135827,0.043143,0.002314,False
701584,7,4,"[2,3,1,1,3,1,2]","[1,1,1,1]","[[1,2,3],[0,1,2,3],[0],[2,3],[0,1,2,3],[0],[0,2,3]]",UNSAT,UNSAT,UNSAT,"[0, 1]",0.027904,0.069368,0.004115,False
701585,6,3,"[1,1,1,1,1,1]","[3,1,3]","[[0,1,2],[0,1,2],[0,1,2],[0,2],[1],[1]]",UNSAT,UNSAT,UNSAT,"[4, 5]",0.056363,0.049911,0.002698,False
701586,4,7,"[1,2,1,1]","[1,3,1,2,1,3,2]","[[1,3,4],[0,1,2,3,4,6],[1,2,3,5,6],[5]]",FEASIBLE,FEASIBLE,FEASIBLE,null,0.195781,0.037571,0.002389,False
701587,7,5,"[1,3,1,2,3,1,3]","[1,3,3,3,3]","[[2,3,4],[0,1,2,3,4],[0],[0,2,3,4],[0,1,2,3,4],[3],[2,3,4]]",UNSAT,UNSAT,UNSAT,"[0, 1, 2, 3, 4, 6]",0.570892,0.111997,0.006011,False
701588,4,7,"[1,1,2,2]","[2,2,3,1,2,3,1]","[[1],[0,1,2,3,5,6],[1,2],[0,1,2,5,6]]",FEASIBLE,FEASIBLE,FEASIBLE,null,0.089799,0.040591,0.002433,False
701589,6,5,"[2,3,1,3,1,2]","[2,2,1,3,1]","[[0,1,2,3,4],[1,2,4],[0,4],[0,1,3,4],[1,2],[0,1,3,4]]",UNSAT,UNSAT,UNSAT,"[1, 3, 4]",0.154342,0.125908,0.005631,False
701590,2,3,"[1,1]","[2,2,1]","[[0,2],[1]]",FEASIBLE,FEASIBLE,FEASIBLE,null,0.011022,0.018363,0.000999,False
701591,4,3,"[1,2,1,1]","[2,2,3]","[[0,1],[1,2],[0],[0,1,2]]",FEASIBLE,FEASIBLE,FEASIBLE,null,0.045974,0.031688,0.001549,False
701592,6,4,"[1,2,1,3,1,3]","[3,1,2,1]","[[2,3],[0,1,2,3],[0,1],[1,2,3],[0,1,2,3],[0,1,2]]",UNSAT,UNSAT,UNSAT,"[3, 5]",0.069454,0.06892,0.00416,False
701593,2,5,"[1,1]","[1,2,2,2,2]","[[1,2],[1,3,4]]",FEASIBLE,FEASIBLE,FEASIBLE,null,0.014564,0.020361,0.001201,False
701594,3,4,"[3,2,1]","[3,1,1,3]","[[0,1,2,3],[1,2],[0]]",UNSAT,UNSAT,UNSAT,"[0, 1]",0.015786,0.05363,0.002665,False
701595,2,2,"[1,1]","[3,1]","[[0],[0,1]]",FEASIBLE,FEASIBLE,FEASIBLE,null,0.008607,0.017415,0.000821,False
701596,5,5,"[3,1,3,2,2]","[1,3,3,3,1]","[[0,1,2,3],[1,2,4],[1,3,4],[1,2],[0,1,2,4]]",UNSAT,UNSAT,UNSAT,"[0, 1, 2, 3, 4]",0.140865,0.181033,0.004907,False
701597,5,1,"[1,1,1,1,1]",[3],"[[0],[0],[0],[0],[0]]",UNSAT,UNSAT,UNSAT,"[0, 1, 2, 3]",0.03975,0.038525,0.001685,False
701598,2,7,"[2,1]","[3,3,2,2,3,3,1]","[[0,1,3,6],[5,6]]",FEASIBLE,FEASIBLE,FEASIBLE,null,0.018485,0.024779,0.001381,False
701599,2,1,"[1,1]",[1],"[[0],[0]]",UNSAT,UNSAT,UNSAT,"[0, 1]",0.00666,0.023058,0.000833,False
701600,5,1,"[1,1,1,1,1]",[2],"[[0],[0],[0],[0],[0]]",UNSAT,UNSAT,UNSAT,"[0, 1, 2]",0.023826,0.036548,0.001476,False
701601,3,3,"[1,1,2]","[3,3,2]","[[0],[2],[1,2]]",FEASIBLE,FEASIBLE,FEASIBLE,null,0.021845,0.024188,0.001243,False
701602,1,4,[2],"[3,2,3,3]","[[1,3]]",FEASIBLE,FEASIBLE,FEASIBLE,null,0.00528,0.015794,0.000851,False
701603,3,6,"[1,1,3]","[1,1,2,1,3,2]","[[4,5],[0,4],[0,1,2,3,4,5]]",FEASIBLE,FEASIBLE,FEASIBLE,null,0.037061,0.033855,0.001805,False
701604,5,1,"[1,1,1,1,1]",[3],"[[0],[0],[0],[0],[0]]",UNSAT,UNSAT,UNSAT,"[0, 1, 2, 3]",0.039036,0.036814,0.001532,False
701605,6,6,"[3,1,1,1,3,3]","[2,1,2,2,3,2]","[[0,1,2,4],[0,1,2,3,4,5],[0,1,2,3,4,5],[0,1,2,3,4,5],[0,1,2,3,5],[0,1,3,4,5]]",FEASIBLE,FEASIBLE,FEASIBLE,null,0.356249,0.09481,0.005339,False
701606,5,5,"[1,3,1,3,2]","[1,1,3,1,2]","[[0,1,2,3,4],[0,1,2,3,4],[0,3],[1,2,3,4],[1,2]]",UNSAT,UNSAT,UNSAT,"[0, 1, 3, 4]",0.124893,0.092955,0.005153,False
701607,1,5,[3],"[2,1,2,1,3]","[[2,3,4]]",FEASIBLE,FEASIBLE,FEASIBLE,null,0.005836,0.0209,0.000992,False
701608,2,5,"[1,3]","[3,3,2,2,3]","[[1,3,4],[0,1,2,3,4]]",FEASIBLE,FEASIBLE,FEASIBLE,null,0.014565,0.027295,0.001508,False
701609,1,2,[1],"[1,2]",[[0]],FEASIBLE,FEASIBLE,FEASIBLE,null,0.09463,0.012231,0.001005,False
701610,5,7,"[3,2,2,2,1]","[1,2,3,3,1,3,3]","[[0,1,3,4,5,6],[0,3,4,5,6],[0,1,2,3,4,5,6],[0,1,2,3,4],[2,3,4,5]]",FEASIBLE,FEASIBLE,FEASIBLE,null,0.191764,0.061295,0.003923,False
701611,4,4,"[1,2,1,2]","[1,1,3,3]","[[3],[0,1,3],[0,1,2],[0,1,2,3]]",FEASIBLE,FEASIBLE,FEASIBLE,null,0.057754,0.03872,0.00183,False
701612,6,5,"[1,1,2,3,1,3]","[1,1,2,3,3]","[[3],[2],[0,1,2,3,4],[0,1,2,4],[1,2,3],[0,1,2]]",UNSAT,UNSAT,UNSAT,"[3, 5]",0.085907,0.090151,0.005061,False
701613,6,7,"[1,3,1,1,1,3]","[2,3,1,2,2,3,2]","[[0,1,2,3,4,5,6],[0,1,2,4,5,6],[2],[2,3],[1,4,6],[0,1,2,3,4,6]]",FEASIBLE,FEASIBLE,FEASIBLE,null,0.414908,0.096301,0.004532,False
701614,4,3,"[3,2,1,1]","[3,3,1]","[[0,1,2],[0,1,2],[0,1,2],[0,2]]",FEASIBLE,FEASIBLE,FEASIBLE,null,0.046963,0.050755,0.002289,False
701615,4,3,"[3,1,1,1]","[3,2,3]","[[0,1,2],[0,2],[1],[1]]",UNSAT,UNSAT,UNSAT,"[0, 2, 3]",0.039264,0.04112,0.00222,False
701616,2,3,"[1,1]","[3,3,3]","[[0,1],[0]]",FEASIBLE,FEASIBLE,FEASIBLE,null,0.010828,0.017472,0.000911,False
701617,5,1,"[1,1,1,1,1]",[1],"[[0],[0],[0],[0],[0]]",UNSAT,UNSAT,UNSAT,"[0, 1]",0.010143,0.035612,0.001545,False
701618,3,4,"[1,1,1]","[2,2,1,3]","[[1],[0,3],[0,1,2,3]]",FEASIBLE,FEASIBLE,FEASIBLE,null,0.027308,0.024426,0.001387,False
701619,6,2,"[1,1,1,1,1,1]","[3,2]","[[1],[0,1],[0],[0],[0],[1]]",UNSAT,UNSAT,UNSAT,"[0, 1, 2, 3, 4, 5]",0.145947,0.046973,0.002462,False
701620,2,5,"[2,1]","[2,3,3,1,2]","[[0,4],[2,4]]",FEASIBLE,FEASIBLE,FEASIBLE,null,0.154956,0.022505,0.001158,False
701621,5,1,"[1,1,1,1,1]",[2],"[[0],[0],[0],[0],[0]]",UNSAT,UNSAT,UNSAT,"[0, 1, 2]",0.024196,0.047429,0.001411,False
701622,1,5,[2],"[1,1,1,2,1]","[[0,1]]",FEASIBLE,FEASIBLE,FEASIBLE,null,0.006095,0.01778,0.000829,False
701623,1,5,[3],"[3,3,1,3,2]","[[1,2,3,4]]",FEASIBLE,FEASIBLE,FEASIBLE,null,0.006088,0.020492,0.001052,False
701624,6,7,"[2,1,2,3,1,3]","[2,2,2,1,3,3,2]","[[0,1,2,3,4,5,6],[1,3,4,5],[0,1,2,5,6],[0,1,2,6],[1,4,5,6],[0,1,2,4,5,6]]",FEASIBLE,FEASIBLE,FEASIBLE,null,0.397804,0.088557,0.005314,False
701625,1,4,[2],"[3,3,2,2]","[[0,3]]",FEASIBLE,FEASIBLE,FEASIBLE,null,0.005164,0.016089,0.000739,False
701626,3,3,"[1,3,1]","[2,3,3]","[[1,2],[0,1,2],[1]]",FEASIBLE,FEASIBLE,FEASIBLE,null,0.021919,0.027022,0.001328,False
701627,7,1,"[1,1,1,1,1,1,1]",[1],"[[0],[0],[0],[0],[0],[0],[0]]",UNSAT,UNSAT,UNSAT,"[0, 1]",0.012915,0.043055,0.002149,False
701628,4,4,"[1,2,3,2]","[2,2,3,1]","[[2],[0,1,2,3],[0,1,2,3],[0,1,3]]",FEASIBLE,FEASIBLE,FEASIBLE,null,0.076561,0.05422,0.002476,False
701629,3,2,"[1,1,2]","[1,1]","[[0],[0],[0,1]]",UNSAT,UNSAT,UNSAT,"[0, 1]",0.010795,0.032354,0.001686,False
701630,6,5,"[1,1,1,2,1,1]","[3,1,1,3,2]","[[2],[1,3],[0,1,2,3,4],[0,1,2,3,4],[1,2],[0,1,3,4]]",FEASIBLE,FEASIBLE,FEASIBLE,null,0.326691,0.065612,0.003466,False
701631,6,5,"[3,3,1,1,3,2]","[2,2,2,3,2]","[[0,2,3,4],[0,1,2,3,4],[2],[0,2],[0,1,2,3,4],[2,3]]",UNSAT,UNSAT,UNSAT,"[0, 1, 2, 4, 5]",0.278505,0.192107,0.005359,False
701632,4,1,"[1,1,1,1]",[3],"[[0],[0],[0],[0]]",UNSAT,UNSAT,UNSAT,"[0, 1, 2, 3]",0.024517,0.033343,0.001606,False
701633,3,3,"[1,1,1]","[3,3,1]","[[2],[2],[0,1,2]]",UNSAT,UNSAT,UNSAT,"[0, 1]",0.013304,0.031127,0.001746,False
701634,1,3,[1],"[1,3,3]","[[0,1]]",FEASIBLE,FEASIBLE,FEASIBLE,null,0.004878,0.013248,0.000668,False
701635,7,2,"[1,1,1,1,1,1,2]","[2,1]","[[0,1],[1],[0,1],[0,1],[1],[1],[0,1]]",UNSAT,UNSAT,UNSAT,"[1, 4]",0.034166,0.053273,0.002987,False
701636,7,2,"[1,2,1,1,2,2,2]","[3,3]","[[0],[0,1],[0,1],[1],[0,1],[0,1],[0,1]]",UNSAT,UNSAT,UNSAT,"[0, 1, 4, 5]",0.156362,0.05955,0.002947,False
701637,2,5,"[1,1]","[2,3,2,1,2]","[[3,4],[4]]",FEASIBLE,FEASIBLE,FEASIBLE,null,0.014712,0.019543,0.001051,False
701638,7,3,"[2,1,1,1,1,1,1]","[2,3,3]","[[0,1,2],[0],[0],[2],[0,1,2],[1],[1]]",FEASIBLE,FEASIBLE,FEASIBLE,null,0.41834,0.062047,0.002713,False
701639,7,7,"[2,2,3,2,1,2,1]","[2,1,1,3,2,2,1]","[[1,4],[0,1,2],[0,1,3,5],[0,2,3,5],[0],[0,1,2,3,4,5],[0,1,3,4,6]]",UNSAT,UNSAT,UNSAT,"[0, 1, 2, 4]",0.381929,0.087481,0.005292,False
701640,7,5,"[3,1,3,3,3,2,1]","[3,1,1,2,1]","[[0,1,2,3,4],[0,3],[0,1,2,3,4],[0,1,2,3,4],[2,3,4],[0,1,2,3,4],[4]]",UNSAT,UNSAT,UNSAT,"[4, 6]",0.112547,0.092122,0.00685,False
701641,5,6,"[1,1,2,1,1]","[2,1,1,3,2,1]","[[3],[0],[0,1,2,4,5],[0,1,2,3,5],[2]]",FEASIBLE,FEASIBLE,FEASIBLE,null,0.165599,0.144937,0.002945,False
701642,2,7,"[2,1]","[2,2,2,2,3,2,2]","[[0,1,5,6],[0,1,4]]",FEASIBLE,FEASIBLE,FEASIBLE,null,0.018451,0.025996,0.001438,False
701643,7,3,"[1,1,1,1,1,1,1]","[3,2,3]","[[1,2],[0],[0,1,2],[1],[1,2],[0],[0,2]]",FEASIBLE,FEASIBLE,FEASIBLE,null,0.4268,0.044366,0.002016,False
701644,1,7,[3],"[2,2,3,1,3,2,1]","[[0,1,2,3,4,5,6]]",FEASIBLE,FEASIBLE,FEASIBLE,null,0.007633,0.023978,0.001397,False
701645,3,6,"[1,2,1]","[1,3,2,1,2,2]","[[1],[2,3,4],[1,2,5]]",FEASIBLE,FEASIBLE,FEASIBLE,null,0.036877,0.027746,0.00155,False
701646,1,2,[1],"[2,3]","[[0,1]]",FEASIBLE,FEASIBLE,FEASIBLE,null,0.003849,0.012398,0.000622,False
701647,1,1,[1],[1],[[0]],FEASIBLE,FEASIBLE,FEASIBLE,null,0.002681,0.0123,0.000519,False
701648,5,6,"[2,3,2,2,1]","[1,1,2,3,2,2]","[[0,2,3],[0,1,4,5],[0,2,3],[0,5],[3,4,5]]",FEASIBLE,FEASIBLE,FEASIBLE,null,0.167766,0.070287,0.003553,False
701649,2,6,"[3,1]","[2,1,3,1,1,2]","[[0,1,3],[1,2,3,5]]",FEASIBLE,FEASIBLE,FEASIBLE,null,0.01694,0.028452,0.00156,False
701650,7,3,"[1,2,1,2,1,2,1]","[3,1,2]","[[1],[0,2],[1],[0,2],[1],[0,1,2],[1]]",UNSAT,UNSAT,UNSAT,"[0, 2]",0.025837,0.059224,0.003452,False
701651,7,4,"[3,1,1,1,2,1,1]","[3,3,1,3]","[[0,1,2,3],[0],[1,3],[0,1,3],[1,2],[0],[3]]",FEASIBLE,FEASIBLE,FEASIBLE,null,0.505195,0.088561,0.003374,False
701652,5,2,"[1,2,1,1,2]","[1,3]","[[0,1],[0,1],[0,1],[1],[0,1]]",UNSAT,UNSAT,UNSAT,"[1, 4]",0.026838,0.050523,0.002572,False
701653,7,5,"[1,3,1,1,1,1,3]","[2,1,2,3,2]","[[4],[0,1,3],[4],[2],[0,2,3,4],[1,3,4],[0,1,2,3,4]]",UNSAT,UNSAT,UNSAT,"[0, 1, 2, 3, 4, 5, 6]",0.61932,0.165435,0.004743,False
701654,3,7,"[1,2,1]","[3,1,2,3,3,2,1]","[[1,4,5,6],[3,4],[0,1,2,3,4,5,6]]",FEASIBLE,FEASIBLE,FEASIBLE,null,0.043174,0.033802,0.002184,False
701655,5,5,"[1,3,2,1,2]","[1,2,2,2,3]","[[0],[1,2,4],[0,2],[3],[0,1,2,3,4]]",UNSAT,UNSAT,UNSAT,"[0, 2]",0.029873,0.055423,0.002936,False
701656,7,4,"[2,1,2,3,1,2,3]","[3,2,3,1]","[[2,3],[0,1,2],[0,1,2,3],[0,1,2,3],[1,2],[0,1],[0,1,2,3]]",UNSAT,UNSAT,UNSAT,"[0, 2, 3, 6]",0.317945,0.080261,0.004939,False
701657,1,5,[2],"[2,3,1,1,3]","[[0,1,2,3]]",FEASIBLE,FEASIBLE,FEASIBLE,null,0.006106,0.0188,0.001085,False
701658,4,3,"[2,2,1,1]","[3,3,3]","[[1,2],[0,1,2],[1],[0,2]]",FEASIBLE,FEASIBLE,FEASIBLE,null,0.045781,0.032612,0.001694,False
701659,5,3,"[2,2,1,3,1]","[1,2,3]","[[0,1,2],[0,1,2],[0,1,2],[0,1,2],[0,2]]",UNSAT,UNSAT,UNSAT,"[0, 1, 3]",0.048392,0.060186,0.003583,False
701660,6,5,"[2,1,1,2,2,1]","[2,2,1,1,2]","[[0,1,2,3,4],[0],[0,1,3],[0,1],[1,2,3],[1,4]]",UNSAT,UNSAT,UNSAT,"[0, 1, 2, 3, 4]",0.27194,0.08945,0.005048,False
701661,7,7,"[1,2,1,2,2,3,2]","[2,3,2,3,1,2,2]","[[1,2,3,5],[0,1,2,4,6],[3],[0,1,2,3,4,5,6],[0,1,2,3,4],[0,1,2,3,4,5,6],[0,1,2,3,4,5,6]]",FEASIBLE,FEASIBLE,FEASIBLE,null,0.839819,0.17975,0.005307,False
701662,7,3,"[3,1,1,2,1,1,1]","[1,1,2]","[[0,1,2],[2],[1],[0,2],[0],[1],[0,1,2]]",UNSAT,UNSAT,UNSAT,"[0, 2]",0.026546,0.060777,0.003226,False
701663,2,2,"[1,1]","[3,2]","[[0],[1]]",FEASIBLE,FEASIBLE,FEASIBLE,null,0.008995,0.016614,0.000757,False
701664,3,7,"[1,2,1]","[2,2,3,2,3,2,1]","[[3],[0,1,2,3,5,6],[6]]",FEASIBLE,FEASIBLE,FEASIBLE,null,0.041065,0.030089,0.001784,False
701665,7,3,"[1,1,1,1,1,1,1]","[3,3,2]","[[0,2],[0,1,2],[1,2],[0,1,2],[1,2],[0,2],[0]]",FEASIBLE,FEASIBLE,FEASIBLE,null,0.401086,0.057213,0.003132,False
701666,7,2,"[1,1,1,2,2,2,2]","[1,3]","[[0],[0,1],[1],[0,1],[0,1],[0,1],[0,1]]",UNSAT,UNSAT,UNSAT,"[0, 3]",0.022158,0.057309,0.00298,False
701667,7,4,"[2,2,1,2,1,1,2]","[1,3,1,1]","[[0,1,2,3],[0,1,2,3],[0,3],[0,2,3],[1],[2],[0,1,2]]",UNSAT,UNSAT,UNSAT,"[0, 1, 3]",0.117732,0.073132,0.004282,False
701668,7,2,"[1,1,1,1,1,2,2]","[1,1]","[[0],[1],[0,1],[1],[0,1],[0,1],[0,1]]",UNSAT,UNSAT,UNSAT,"[0, 5]",0.025917,0.052917,0.00284,False
701669,2,4,"[1,2]","[3,2,3,2]","[[1],[1,2]]",FEASIBLE,FEASIBLE,FEASIBLE,null,0.012436,0.020623,0.001033,False
701670,6,1,"[1,1,1,1,1,1]",[1],"[[0],[0],[0],[0],[0],[0]]",UNSAT,UNSAT,UNSAT,"[0, 1]",0.011296,0.042709,0.001839,False
701671,3,4,"[2,1,1]","[2,1,1,2]","[[0,1],[2],[0]]",FEASIBLE,FEASIBLE,FEASIBLE,null,0.030703,0.026763,0.001211,False
701672,7,7,"[2,1,2,1,1,1,2]","[2,3,1,2,3,3,2]","[[0,3,4],[1,3],[1,4,5],[0,1,3,5,6],[2],[0,1,2,3,4,5,6],[1,6]]",FEASIBLE,FEASIBLE,FEASIBLE,null,0.819662,0.158901,0.004182,False
701673,4,1,"[1,1,1,1]",[1],"[[0],[0],[0],[0]]",UNSAT,UNSAT,UNSAT,"[0, 1]",0.00917,0.031556,0.001529,False
701674,3,4,"[1,3,2]","[3,3,3,3]","[[0,1,2,3],[0,1,2],[1,2,3]]",FEASIBLE,FEASIBLE,FEASIBLE,null,0.026718,0.033605,0.001773,False
701675,7,2,"[1,2,2,1,1,1,2]","[2,2]","[[0],[0,1],[0,1],[0,1],[0,1],[0],[0,1]]",UNSAT,UNSAT,UNSAT,"[0, 1, 2]",0.060405,0.059165,0.003022,False
701676,1,5,[3],"[2,2,2,3,1]","[[0,2,3]]",FEASIBLE,FEASIBLE,FEASIBLE,null,0.005853,0.020118,0.001033,False
701677,5,3,"[1,1,1,3,2]","[2,3,3]","[[0,1],[0],[2],[0,1,2],[0,1]]",UNSAT,UNSAT,UNSAT,"[1, 3, 4]",0.070094,0.064521,0.003053,False
701678,7,5,"[2,3,1,2,1,1,2]","[2,2,3,1,3]","[[0,4],[0,2,3],[0],[0,1],[3],[0,1,2,4],[2,4]]",UNSAT,UNSAT,UNSAT,"[1, 4]",0.066062,0.067703,0.003928,False
701679,3,1,"[1,1,1]",[2],"[[0],[0],[0]]",UNSAT,UNSAT,UNSAT,"[0, 1, 2]",0.012323,0.028593,0.001248,False
701680,2,4,"[1,1]","[1,2,1,2]","[[0],[0,2,3]]",FEASIBLE,FEASIBLE,FEASIBLE,null,0.012543,0.0203,0.00112,False
701681,7,6,"[1,1,3,1,2,1,1]","[3,3,3,2,2,2]","[[1,2,3,4],[0,1,2,3,4,5],[0,2,5],[3],[0,2],[0,1,2,3,4,5],[5]]",FEASIBLE,FEASIBLE,FEASIBLE,null,0.722175,0.06544,0.003356,False
701682,2,2,"[2,1]","[3,2]","[[0,1],[1]]",FEASIBLE,FEASIBLE,FEASIBLE,null,0.009042,0.022489,0.000947,False
701683,3,1,"[1,1,1]",[1],"[[0],[0],[0]]",UNSAT,UNSAT,UNSAT,"[0, 1]",0.007693,0.027858,0.001213,False
701684,4,6,"[2,1,1,1]","[2,1,3,1,1,2]","[[0,2,3,5],[0,1,3,5],[1,2,3,4],[1,2,3,4,5]]",FEASIBLE,FEASIBLE,FEASIBLE,null,0.083418,0.129223,0.00261,False
701685,3,6,"[3,1,1]","[1,3,3,1,1,2]","[[0,1,2,4,5],[0,1,3,4,5],[0,2]]",FEASIBLE,FEASIBLE,FEASIBLE,null,0.038449,0.036107,0.002102,False
701686,1,5,[3],"[1,3,1,1,2]","[[1,2,3]]",FEASIBLE,FEASIBLE,FEASIBLE,null,0.006014,0.019845,0.001019,False
701687,6,5,"[1,3,2,2,3,2]","[2,2,3,3,1]","[[0,1,4],[0,1,2,3],[0,1,2,4],[0,3],[0,1,2,3,4],[2,4]]",UNSAT,UNSAT,UNSAT,"[0, 1, 2, 4, 5]",0.296559,0.109371,0.00583,False
701688,4,2,"[1,2,1,1]","[1,2]","[[0,1],[0,1],[0],[0,1]]",UNSAT,UNSAT,UNSAT,"[1, 2]",0.019005,0.041908,0.002159,False
701689,3,5,"[1,2,1]","[1,2,1,1,2]","[[4],[2,3,4],[0,1,2,3,4]]",FEASIBLE,FEASIBLE,FEASIBLE,null,0.033008,0.030671,0.001737,False
701690,5,5,"[1,1,1,1,1]","[3,1,2,2,3]","[[3],[0,1,2,3,4],[1],[0,2],[0,1,2,3,4]]",FEASIBLE,FEASIBLE,FEASIBLE,null,0.14802,0.037887,0.002342,False
701691,4,5,"[1,2,1,3]","[3,1,3,2,1]","[[4],[2,4],[4],[0,2,4]]",UNSAT,UNSAT,UNSAT,"[0, 1]",0.022141,0.045108,0.002591,False
701692,5,4,"[2,1,1,1,1]","[3,1,2,1]","[[1,3],[0,1,2,3],[2],[0,2],[0,2]]",FEASIBLE,FEASIBLE,FEASIBLE,null,0.120196,0.038172,0.002042,False
701693,4,2,"[2,1,1,2]","[1,1]","[[0,1],[0,1],[1],[0,1]]",UNSAT,UNSAT,UNSAT,"[0, 1]",0.012965,0.040685,0.001966,False
701694,6,2,"[1,1,2,1,2,2]","[1,1]","[[0],[0],[0,1],[1],[0,1],[0,1]]",UNSAT,UNSAT,UNSAT,"[0, 1]",0.016302,0.051371,0.002514,False
701695,5,3,"[1,1,1,1,3]","[2,2,1]","[[0,1],[2],[1],[2],[0,1,2]]",UNSAT,UNSAT,UNSAT,"[1, 3]",0.033616,0.13524,0.002462,False
701696,2,6,"[1,3]","[2,3,1,3,1,1]","[[5],[0,1,2,4]]",FEASIBLE,FEASIBLE,FEASIBLE,null,0.01706,0.026712,0.001343,False
701697,6,4,"[2,2,1,1,1,3]","[1,1,2,2]","[[0,2],[0,1,2,3],[0,3],[3],[0,2,3],[0,1,2]]",UNSAT,UNSAT,UNSAT,"[0, 5]",0.039288,0.066772,0.004862,False
701698,5,3,"[1,1,1,1,2]","[2,2,1]","[[1,2],[1],[0,1,2],[0],[0,1,2]]",UNSAT,UNSAT,UNSAT,"[0, 1, 2, 3, 4]",0.097287,0.08736,0.002992,False
701699,7,7,"[3,1,1,1,2,1,2]","[2,2,1,3,3,1,3]","[[3,4,6],[0,2],[1,2,3,4,6],[2,3],[0,1,2,3,4,5,6],[0,2,3,5,6],[0,1,2,4,5,6]]",FEASIBLE,FEASIBLE,FEASIBLE,null,0.857503,0.073999,0.004605,False
701700,5,3,"[1,1,1,2,1]","[1,2,1]","[[0,1],[0,2],[1],[0,1,2],[0,2]]",UNSAT,UNSAT,UNSAT,"[1, 3, 4]",0.072744,0.051344,0.002784,False
701701,7,3,"[2,1,1,2,2,1,1]","[2,1,3]","[[0,1,2],[2],[1],[0,2],[0,2],[1,2],[2]]",UNSAT,UNSAT,UNSAT,"[0, 1, 3, 4]",0.20424,0.073129,0.003437,False
701702,4,2,"[2,1,1,1]","[2,3]","[[0,1],[1],[0,1],[0,1]]",FEASIBLE,FEASIBLE,FEASIBLE,null,0.036279,0.031612,0.001348,False
701703,7,6,"[2,3,2,3,1,1,3]","[1,1,1,3,2,2]","[[0,1,2,3,4,5],[0,1,3,4,5],[2,3,4,5],[0,1,2,3,4,5],[3],[1],[0,1,2,3,4,5]]",UNSAT,UNSAT,UNSAT,"[0, 1, 3, 6]",0.374105,0.110082,0.006276,False
701704,7,3,"[2,1,1,1,3,1,3]","[2,3,1]","[[0,2],[0],[0],[0,1,2],[0,1,2],[1],[0,1,2]]",UNSAT,UNSAT,UNSAT,"[0, 4]",0.031281,0.155919,0.003814,False
701705,6,1,"[1,1,1,1,1,1]",[1],"[[0],[0],[0],[0],[0],[0]]",UNSAT,UNSAT,UNSAT,"[0, 1]",0.011561,0.039901,0.001854,False
701706,2,4,"[1,1]","[1,1,1,1]","[[2],[0,2,3]]",FEASIBLE,FEASIBLE,FEASIBLE,null,0.012797,0.019673,0.001163,False
701707,6,5,"[1,2,2,3,2,2]","[2,3,2,3,1]","[[0,1,2,4],[0,1,2,3,4],[1,2],[0,1,3],[0,1,4],[2,3]]",UNSAT,UNSAT,UNSAT,"[0, 1, 2, 3, 4, 5]",0.29383,0.10233,0.00551,False
701708,4,7,"[3,2,3,1]","[1,1,1,3,2,1,2]","[[0,1,2,3,5,6],[0,6],[0,1,2,3,4,5,6],[0,1,2,3,4,5,6]]",FEASIBLE,FEASIBLE,FEASIBLE,null,0.090012,0.079499,0.004086,False
701709,5,5,"[1,2,1,1,1]","[3,2,2,2,3]","[[0,3,4],[0,2,3,4],[4],[0,1,2,3,4],[2,3]]",FEASIBLE,FEASIBLE,FEASIBLE,null,0.140441,0.040737,0.00256,False
701710,5,4,"[1,1,2,2,2]","[1,1,1,2]","[[3],[0,1,2,3],[0,3],[0,3],[0,2]]",UNSAT,UNSAT,UNSAT,"[2, 3]",0.046995,0.066988,0.003507,False
701711,1,2,[2],"[2,2]","[[0,1]]",FEASIBLE,FEASIBLE,FEASIBLE,null,0.004086,0.0153,0.000682,False
701712,6,4,"[1,2,2,1,1,1]","[1,3,2,2]","[[0,1,2,3],[0,1,3],[0,2,3],[0,1,3],[1],[1,3]]",FEASIBLE,FEASIBLE,FEASIBLE,null,0.244494,0.062387,0.003231,False
701713,4,1,"[1,1,1,1]",[1],"[[0],[0],[0],[0]]",UNSAT,UNSAT,UNSAT,"[0, 1]",0.009099,0.045121,0.001493,False
701714,1,7,[2],"[1,3,3,2,3,1,2]","[[0,3]]",FEASIBLE,FEASIBLE,FEASIBLE,null,0.007408,0.019307,0.000918,False
701715,1,4,[1],"[3,3,2,1]","[[0,1]]",FEASIBLE,FEASIBLE,FEASIBLE,null,0.004923,0.016058,0.000736,False
701716,5,1,"[1,1,1,1,1]",[3],"[[0],[0],[0],[0],[0]]",UNSAT,UNSAT,UNSAT,"[0, 1, 2, 3]",0.130114,0.038205,0.001607,False
701717,6,2,"[2,1,2,1,1,2]","[3,1]","[[0,1],[0],[0,1],[1],[1],[0,1]]",UNSAT,UNSAT,UNSAT,"[0, 2]",0.01835,0.050389,0.002678,False
701718,3,2,"[2,2,1]","[2,1]","[[0,1],[0,1],[1]]",UNSAT,UNSAT,UNSAT,"[0, 1]",0.010618,0.034564,0.001866,False
701719,4,5,"[1,1,2,1]","[3,3,1,2,2]","[[0,1,3,4],[0,1,2,4],[1,3],[3]]",FEASIBLE,FEASIBLE,FEASIBLE,null,0.067856,0.034179,0.001833,False
701720,6,4,"[3,1,1,1,2,1]","[3,1,2,3]","[[0,1,3],[1,2],[1,2,3],[0,2],[0,1,2,3],[1]]",UNSAT,UNSAT,UNSAT,"[0, 5]",0.038255,0.060047,0.00328,False
701721,1,2,[1],"[1,1]",[[1]],FEASIBLE,FEASIBLE,FEASIBLE,null,0.00406,0.011763,0.000596,False
701722,7,6,"[2,1,1,2,2,2,1]","[1,1,1,3,2,1]","[[0,1,2,3],[0,1,2,3,4,5],[0,1,2,3,4,5],[0,1,2,5],[4,5],[0,1,2,3,5],[1]]",UNSAT,UNSAT,UNSAT,"[0, 3, 4, 5]",0.426965,0.117798,0.006827,False
701723,3,4,"[1,3,1]","[1,3,3,1]","[[2],[0,2,3],[0,1]]",FEASIBLE,FEASIBLE,FEASIBLE,null,0.027745,0.029787,0.001474,False
701724,1,7,[1],"[2,1,1,1,1,1,1]","[[2,3]]",FEASIBLE,FEASIBLE,FEASIBLE,null,0.007046,0.01688,0.000885,False
701725,3,5,"[2,2,3]","[3,3,3,3,1]","[[0,1,2,4],[0,1,3],[0,1,4]]",FEASIBLE,FEASIBLE,FEASIBLE,null,0.031257,0.03554,0.001837,False
701726,4,2,"[1,1,1,2]","[2,3]","[[0,1],[1],[0,1],[0,1]]",FEASIBLE,FEASIBLE,FEASIBLE,null,0.035093,0.038647,0.001732,False
701727,3,4,"[3,2,1]","[3,2,1,3]","[[0,1,2,3],[0,1],[0]]",FEASIBLE,FEASIBLE,FEASIBLE,null,0.026519,0.030885,0.001588,False
701728,5,2,"[2,1,1,1,1]","[1,1]","[[0,1],[0,1],[0],[1],[0]]",UNSAT,UNSAT,UNSAT,"[0, 1]",0.116958,0.044667,0.002162,False
701729,7,7,"[2,1,1,2,3,1,1]","[3,3,2,1,2,2,1]","[[1,6],[0,1,2,3,4,5,6],[1,4,5,6],[1,3,4],[0,1,2,3,4,5,6],[2],[0,1,2,3,4,5,6]]",FEASIBLE,FEASIBLE,FEASIBLE,null,0.898115,0.089248,0.004565,False
701730,5,4,"[3,1,1,1,3]","[1,1,2,1]","[[0,2,3],[0,2],[0,1,2,3],[1],[0,2,3]]",UNSAT,UNSAT,UNSAT,"[0, 4]",0.033875,0.061377,0.003374,False
701731,6,2,"[1,1,1,2,1,1]","[2,2]","[[0],[1],[0],[0,1],[0,1],[0,1]]",UNSAT,UNSAT,UNSAT,"[0, 2, 3]",0.056331,0.06127,0.002516,False
701732,5,5,"[2,1,2,1,3]","[1,1,1,1,3]","[[0,1,4],[1,2,4],[0,1,2,3,4],[0],[0,1,2,3,4]]",UNSAT,UNSAT,UNSAT,"[0, 1, 2, 4]",0.119297,0.09343,0.005115,False
701733,7,1,"[1,1,1,1,1,1,1]",[1],"[[0],[0],[0],[0],[0],[0],[0]]",UNSAT,UNSAT,UNSAT,"[0, 1]",0.012553,0.043146,0.002156,False
701734,5,1,"[1,1,1,1,1]",[2],"[[0],[0],[0],[0],[0]]",UNSAT,UNSAT,UNSAT,"[0, 1, 2]",0.023939,0.037416,0.001572,False
701735,5,2,"[1,2,1,1,2]","[1,2]","[[0],[0,1],[0],[0],[0,1]]",UNSAT,UNSAT,UNSAT,"[0, 1]",0.014012,0.05861,0.002285,False
701736,4,6,"[2,3,1,2]","[3,3,3,3,3,1]","[[1,4],[0,1,2,3,4,5],[5],[0,1,4,5]]",FEASIBLE,FEASIBLE,FEASIBLE,null,0.078456,0.047639,0.002324,False
701737,1,3,[2],"[2,3,3]","[[0,1,2]]",FEASIBLE,FEASIBLE,FEASIBLE,null,0.004617,0.016547,0.000841,False
701738,6,7,"[3,2,3,2,2,3]","[2,2,2,1,1,2,2]","[[0,2,3,5,6],[0,1,2,3,4,5,6],[0,1,2,4],[0,1,3,4,5,6],[0,1,2,3,4,5,6],[0,1,5]]",UNSAT,UNSAT,UNSAT,"[0, 1, 2, 3, 5]",0.364879,0.19272,0.007204,False
701739,2,4,"[1,1]","[1,3,2,2]","[[0,3],[0,2]]",FEASIBLE,FEASIBLE,FEASIBLE,null,0.012644,0.021018,0.001089,False
701740,2,2,"[2,1]","[3,1]","[[0,1],[1]]",UNSAT,UNSAT,UNSAT,"[0, 1]",0.008382,0.026866,0.00138,False
701741,2,7,"[1,1]","[3,2,2,3,1,2,3]","[[2,3,4,6],[2,3,5,6]]",FEASIBLE,FEASIBLE,FEASIBLE,null,0.018624,0.024345,0.001498,False
701742,5,7,"[1,1,1,3,3]","[2,3,1,3,3,3,3]","[[5],[2,5,6],[0,4,6],[0,1,4],[3,4,6]]",FEASIBLE,FEASIBLE,FEASIBLE,null,0.18671,0.046899,0.002618,False
701743,3,1,"[1,1,1]",[3],"[[0],[0],[0]]",FEASIBLE,FEASIBLE,FEASIBLE,null,0.012408,0.019309,0.000844,False
701744,7,7,"[2,2,1,1,1,1,1]","[2,3,1,3,1,3,2]","[[0,1,2,4,5,6],[0,1,3,4,6],[6],[1,6],[0,3],[0,1,2,3,4,5,6],[1,2,3,5]]",FEASIBLE,FEASIBLE,FEASIBLE,null,0.840641,0.064178,0.003821,False
701745,7,4,"[1,1,2,1,1,1,3]","[3,3,1,1]","[[2],[3],[0,1,2,3],[1],[1,2],[0,1,2,3],[0,1,2,3]]",UNSAT,UNSAT,UNSAT,"[0, 1, 6]",0.118504,0.068403,0.004113,False
701746,1,2,[1],"[3,2]",[[0]],FEASIBLE,FEASIBLE,FEASIBLE,null,0.003944,0.012548,0.000649,False
701747,1,6,[1],"[2,2,3,2,2,1]","[[0,1,2,4,5]]",FEASIBLE,FEASIBLE,FEASIBLE,null,0.006176,0.017874,0.001085,False
701748,3,3,"[1,1,1]","[1,2,1]","[[0,2],[0],[1]]",FEASIBLE,FEASIBLE,FEASIBLE,null,0.022308,0.033433,0.001603,False
701749,3,5,"[1,1,1]","[3,2,3,3,2]","[[0,1,2,3,4],[0,1,2],[4]]",FEASIBLE,FEASIBLE,FEASIBLE,null,0.032105,0.204001,0.001701,False
701750,7,3,"[1,1,1,3,1,3,3]","[2,3,1]","[[0,1,2],[0],[1,2],[0,1,2],[2],[0,1,2],[0,1,2]]",UNSAT,UNSAT,UNSAT,"[3, 4]",0.065522,0.068359,0.003971,False
701751,5,2,"[2,1,1,2,1]","[3,2]","[[0,1],[1],[0],[0,1],[0]]",UNSAT,UNSAT,UNSAT,"[0, 1, 3]",0.038683,0.046378,0.002403,False
701752,1,7,[1],"[2,1,1,3,3,3,3]","[[0,2,4,5]]",FEASIBLE,FEASIBLE,FEASIBLE,null,0.007116,0.017831,0.001086,False
701753,3,6,"[3,1,3]","[1,3,2,1,3,3]","[[0,1,3,4,5],[4,5],[0,1,2,3,4,5]]",FEASIBLE,FEASIBLE,FEASIBLE,null,0.03699,0.040211,0.002248,False
701754,2,7,"[1,3]","[2,3,2,2,1,1,3]","[[0,1,2,3,4,5],[2,3,4]]",FEASIBLE,FEASIBLE,FEASIBLE,null,0.018559,0.029273,0.001755,False
701755,6,1,"[1,1,1,1,1,1]",[2],"[[0],[0],[0],[0],[0],[0]]",UNSAT,UNSAT,UNSAT,"[0, 1, 2]",0.032592,0.042016,0.001776,False
701756,4,4,"[1,2,1,1]","[1,1,3,2]","[[0,3],[1,3],[0,3],[0,1,3]]",UNSAT,UNSAT,UNSAT,"[0, 1, 2, 3]",0.055698,0.046915,0.003399,False
701757,4,4,"[2,1,2,2]","[1,3,3,3]","[[1,3],[3],[1,2],[1,2,3]]",FEASIBLE,FEASIBLE,FEASIBLE,null,0.070457,0.036638,0.001779,False
701758,7,1,"[1,1,1,1,1,1,1]",[3],"[[0],[0],[0],[0],[0],[0],[0]]",UNSAT,UNSAT,UNSAT,"[0, 1, 2, 3]",0.093271,0.045901,0.002244,False
701759,1,2,[1],"[3,3]","[[0,1]]",FEASIBLE,FEASIBLE,FEASIBLE,null,0.003958,0.012632,0.00063,False
701760,3,4,"[1,2,3]","[2,2,1,2]","[[3],[1,3],[0,1,3]]",UNSAT,UNSAT,UNSAT,"[0, 1, 2]",0.026368,0.040085,0.002246,False
701761,2,3,"[1,1]","[3,3,2]","[[0,2],[2]]",FEASIBLE,FEASIBLE,FEASIBLE,null,0.010534,0.017939,0.000932,False
701762,3,1,"[1,1,1]",[1],"[[0],[0],[0]]",UNSAT,UNSAT,UNSAT,"[0, 1]",0.007616,0.117951,0.00126,False
701763,2,5,"[1,3]","[2,2,1,1,3]","[[0,1,2,3,4],[0,1,4]]",FEASIBLE,FEASIBLE,FEASIBLE,null,0.01515,0.0271,0.001563,False
701764,7,2,"[1,1,1,2,2,1,1]","[2,1]","[[1],[1],[0,1],[0,1],[0,1],[0],[1]]",UNSAT,UNSAT,UNSAT,"[0, 1]",0.032932,0.054978,0.003034,False
701765,1,7,[2],"[1,1,2,3,1,2,3]","[[0,1,2,3,5,6]]",FEASIBLE,FEASIBLE,FEASIBLE,null,0.007551,0.021746,0.001171,False
701766,7,6,"[2,1,1,1,2,2,3]","[2,2,3,2,1,2]","[[0,1,2],[0,1,2,3,4,5],[1,3],[2,4],[0,1,2,3,4,5],[0,2,4],[0,2,3,4,5]]",FEASIBLE,FEASIBLE,FEASIBLE,null,0.714196,0.091232,0.005059,False
701767,7,2,"[1,1,1,1,1,2,1]","[1,1]","[[1],[0,1],[0,1],[1],[1],[0,1],[1]]",UNSAT,UNSAT,UNSAT,"[0, 3]",0.021938,0.051156,0.002786,False
701768,1,2,[2],"[2,2]","[[0,1]]",FEASIBLE,FEASIBLE,FEASIBLE,null,0.004071,0.015073,0.00064,False
701769,6,5,"[1,1,1,3,2,1]","[2,1,1,2,3]","[[1,2,4],[3,4],[2],[0,2,4],[1,2,3],[0,2,3]]",UNSAT,UNSAT,UNSAT,"[2, 3]",0.080418,0.077062,0.004123,False
701770,6,3,"[1,1,2,1,1,1]","[1,1,1]","[[0],[0,1,2],[0,1,2],[1],[1],[1]]",UNSAT,UNSAT,UNSAT,"[3, 4]",0.052632,0.052176,0.00288,False
701771,7,5,"[1,1,3,2,1,1,3]","[3,2,3,1,1]","[[0,1,2,3,4],[0,1,3],[0,1,3],[0,1,2,3,4],[1,2,3,4],[0],[0,1,2,3,4]]",UNSAT,UNSAT,UNSAT,"[1, 2, 3, 5, 6]",0.586959,0.095856,0.005427,False
701772,7,5,"[2,2,3,1,3,1,2]","[3,3,3,2,1]","[[0,1,3,4],[0,3,4],[0,1,2,3,4],[2],[0,1,2,4],[2],[1,2,3,4]]",UNSAT,UNSAT,UNSAT,"[0, 1, 2, 3, 4, 6]",0.568195,0.178096,0.005233,False
701773,7,3,"[1,1,1,1,1,1,1]","[1,2,2]","[[0],[0,2],[0],[0],[1],[0,1,2],[0]]",UNSAT,UNSAT,UNSAT,"[0, 2]",0.02615,0.05133,0.002797,False
701774,4,4,"[2,3,1,1]","[3,3,1,2]","[[1,2],[1,2,3],[0],[2,3]]",UNSAT,UNSAT,UNSAT,"[0, 1]",0.021282,0.045237,0.002394,False
701775,5,3,"[2,1,1,3,3]","[3,1,2]","[[1,2],[0,2],[2],[0,1,2],[0,1,2]]",UNSAT,UNSAT,UNSAT,"[0, 3]",0.023714,0.051689,0.002808,False
701776,4,1,"[1,1,1,1]",[2],"[[0],[0],[0],[0]]",UNSAT,UNSAT,UNSAT,"[0, 1, 2]",0.01706,0.031777,0.001539,False
701777,2,3,"[1,1]","[3,1,1]","[[1,2],[1]]",FEASIBLE,FEASIBLE,FEASIBLE,null,0.010094,0.0235,0.001282,False
701778,1,4,[1],"[2,3,2,1]","[[2,3]]",FEASIBLE,FEASIBLE,FEASIBLE,null,0.005072,0.012923,0.000749,False
701779,7,2,"[1,1,1,1,1,1,1]","[3,1]","[[0,1],[1],[0,1],[0],[1],[0],[0]]",UNSAT,UNSAT,UNSAT,"[1, 4]",0.033143,0.048901,0.00258,False
701780,4,5,"[1,1,1,1]","[3,1,2,3,1]","[[0,2,3],[1],[1],[3]]",UNSAT,UNSAT,UNSAT,"[1, 2]",0.032746,0.037074,0.002166,False
701781,6,3,"[2,2,2,1,2,2]","[2,3,1]","[[0,1,2],[0,1],[0,1,2],[0,2],[0,1,2],[1,2]]",UNSAT,UNSAT,UNSAT,"[0, 1, 2, 3]",0.117161,0.061943,0.003745,False
701782,3,2,"[1,1,1]","[3,1]","[[0,1],[0],[0,1]]",FEASIBLE,FEASIBLE,FEASIBLE,null,0.016838,0.020999,0.001115,False
701783,1,5,[3],"[1,1,1,3,2]","[[1,2,3,4]]",FEASIBLE,FEASIBLE,FEASIBLE,null,0.00568,0.020263,0.001061,False
701784,7,2,"[1,1,2,1,2,1,1]","[3,3]","[[0],[0],[0,1],[0,1],[0,1],[0,1],[0]]",UNSAT,UNSAT,UNSAT,"[0, 1, 2, 4]",0.13434,0.056499,0.003152,False
701785,6,7,"[3,1,1,2,2,1]","[2,1,3,2,3,3,1]","[[0,1,2,3,4,6],[3],[0,3,4,5],[1,4,6],[0,2,3,4,5,6],[0,1,3,4,5,6]]",FEASIBLE,FEASIBLE,FEASIBLE,null,0.409377,0.063643,0.003805,False
701786,3,4,"[3,1,2]","[2,2,2,1]","[[0,1,3],[3],[0,2,3]]",UNSAT,UNSAT,UNSAT,"[0, 1]",0.015862,0.05478,0.002278,False
701787,2,7,"[1,2]","[1,3,3,2,3,3,1]","[[0,1,3,4,5,6],[0,1,2,3,4,5,6]]",FEASIBLE,FEASIBLE,FEASIBLE,null,0.019843,0.04467,0.001864,False
701788,1,6,[2],"[3,1,2,2,1,3]","[[0,1,2,3,4]]",FEASIBLE,FEASIBLE,FEASIBLE,null,0.006905,0.019612,0.001082,False
701789,7,6,"[1,3,1,2,3,3,1]","[2,2,2,3,2,3]","[[3],[0,2,3],[0,1,2,3,4,5],[0,1,2,4,5],[0,1,2,3,5],[1,2,3,5],[4]]",FEASIBLE,FEASIBLE,FEASIBLE,null,0.712805,0.094962,0.004876,False
701790,4,6,"[2,1,3,3]","[2,3,1,2,2,1]","[[1,4,5],[0,3,4],[0,1,2,4,5],[2,3,4]]",FEASIBLE,FEASIBLE,FEASIBLE,null,0.078896,0.059257,0.00319,False
701791,3,3,"[3,1,1]","[2,1,2]","[[0,1,2],[0,2],[1]]",UNSAT,UNSAT,UNSAT,"[0, 2]",0.015674,0.036023,0.00188,False
701792,7,5,"[2,1,1,1,1,1,3]","[1,2,1,1,1]","[[2,4],[0,3,4],[0,2,3,4],[1],[2],[0,1,2,3,4],[0,1,2,3,4]]",UNSAT,UNSAT,UNSAT,"[0, 4]",0.045299,0.076125,0.004783,False
701793,1,5,[2],"[1,2,1,1,1]","[[2,4]]",FEASIBLE,FEASIBLE,FEASIBLE,null,0.005794,0.01745,0.000883,False
701794,2,3,"[1,2]","[3,2,1]","[[0],[1,2]]",FEASIBLE,FEASIBLE,FEASIBLE,null,0.010372,0.019566,0.001057,False
701795,7,2,"[1,1,1,2,2,1,1]","[3,2]","[[1],[1],[0],[0,1],[0,1],[1],[0]]",UNSAT,UNSAT,UNSAT,"[0, 1, 3]",0.061925,0.145645,0.002835,False
701796,5,4,"[2,2,3,2,2]","[2,3,3,3]","[[0,3],[0,1,2,3],[0,1,2,3],[0,1,2],[0,3]]",FEASIBLE,FEASIBLE,FEASIBLE,null,0.115964,0.067535,0.003183,False
701797,3,2,"[1,1,1]","[2,1]","[[0],[1],[0,1]]",FEASIBLE,FEASIBLE,FEASIBLE,null,0.018654,0.022816,0.001093,False
701798,7,2,"[1,2,1,1,1,1,1]","[1,3]","[[1],[0,1],[0,1],[0],[0],[0],[0]]",UNSAT,UNSAT,UNSAT,"[1, 3]",0.031613,0.058467,0.002401,False
701799,7,1,"[1,1,1,1,1,1,1]",[1],"[[0],[0],[0],[0],[0],[0],[0]]",UNSAT,UNSAT,UNSAT,"[0, 1]",0.012944,0.043362,0.001986,False
701800,5,6,"[2,1,3,1,1]","[1,1,2,2,3,1]","[[0,1,2,3,4,5],[2],[0,1,2,3,4,5],[0,1],[1,2,5]]",FEASIBLE,FEASIBLE,FEASIBLE,null,0.164622,0.069949,0.003668,False
701801,6,4,"[3,2,3,2,2,2]","[2,3,3,2]","[[0,1,2,3],[0,1,2,3],[0,1,2],[0,3],[1,3],[0,1,2,3]]",UNSAT,UNSAT,UNSAT,"[0, 2, 3, 4]",0.177932,0.078164,0.004792,False
701802,3,6,"[1,3,3]","[1,2,1,2,2,3]","[[0,1,2,3,4],[0,1,2,3,4,5],[2,3,4,5]]",FEASIBLE,FEASIBLE,FEASIBLE,null,0.036977,0.043753,0.002403,False
701803,2,6,"[2,1]","[2,1,3,2,3,2]","[[0,1,2,4],[0,1,2,3,4,5]]",FEASIBLE,FEASIBLE,FEASIBLE,null,0.016422,0.026462,0.001699,False
701804,4,6,"[3,3,3,1]","[3,1,1,1,2,3]","[[0,3,5],[0,1,2,3,4,5],[1,2,4],[0,1,2,3,4,5]]",FEASIBLE,FEASIBLE,FEASIBLE,null,0.078246,0.069101,0.003572,False
701805,7,3,"[1,1,2,2,2,1,2]","[3,1,1]","[[0,1,2],[0],[0,1,2],[0,1],[0,1,2],[0,1],[0,2]]",UNSAT,UNSAT,UNSAT,"[2, 3, 4]",0.153383,0.150971,0.003924,False
701806,5,5,"[3,1,1,3,1]","[3,1,2,3,2]","[[0,1,4],[0],[3],[0,1,2,3,4],[1]]",UNSAT,UNSAT,UNSAT,"[0, 4]",0.036927,0.052149,0.002751,False
701807,4,4,"[2,2,2,1]","[2,1,3,2]","[[0,1],[0,1,2,3],[0,1,3],[1]]",UNSAT,UNSAT,UNSAT,"[0, 3]",0.02567,0.059625,0.002808,False
701808,3,4,"[3,2,2]","[1,2,1,1]","[[0,1,2,3],[0,1,2,3],[0,1,2,3]]",UNSAT,UNSAT,UNSAT,"[0, 1, 2]",0.033267,0.281326,0.002805,False
701809,5,2,"[1,1,2,2,1]","[3,2]","[[0],[1],[0,1],[0,1],[1]]",UNSAT,UNSAT,UNSAT,"[1, 2, 3]",0.071694,0.047211,0.00225,False
701810,2,6,"[2,3]","[3,2,2,1,1,2]","[[2,3,4,5],[0,1,2,3,4,5]]",FEASIBLE,FEASIBLE,FEASIBLE,null,0.017012,0.041466,0.001811,False
701811,2,2,"[1,1]","[3,3]","[[0],[1]]",FEASIBLE,FEASIBLE,FEASIBLE,null,0.008252,0.016104,0.000773,False
701812,4,7,"[3,1,1,2]","[2,3,2,2,3,1,3]","[[0,1,2,3,4,5,6],[1,2,4,5],[4],[0,2,3,4,6]]",FEASIBLE,FEASIBLE,FEASIBLE,null,0.087298,0.044736,0.002727,False
701813,2,2,"[1,1]","[3,1]","[[1],[0]]",FEASIBLE,FEASIBLE,FEASIBLE,null,0.0086,0.015442,0.000728,False
701814,7,5,"[1,3,1,3,2,2,1]","[1,3,3,1,1]","[[0,1,2,3],[1,2,4],[0],[0,1,2,3,4],[1,4],[1,2,4],[0,1,2,3,4]]",UNSAT,UNSAT,UNSAT,"[1, 4]",0.064994,0.107866,0.005176,False
701815,1,5,[3],"[3,1,2,1,1]","[[0,1,2,3,4]]",FEASIBLE,FEASIBLE,FEASIBLE,null,0.005897,0.021569,0.001119,False
701816,4,3,"[1,2,2,1]","[2,3,1]","[[0],[0,1,2],[0,1,2],[2]]",UNSAT,UNSAT,UNSAT,"[0, 1, 2, 3]",0.044799,0.049838,0.002536,False
701817,3,7,"[1,1,1]","[1,2,2,3,3,2,1]","[[1],[1],[1]]",UNSAT,UNSAT,UNSAT,"[0, 1, 2]",0.038244,0.129436,0.001668,False
701818,3,1,"[1,1,1]",[3],"[[0],[0],[0]]",FEASIBLE,FEASIBLE,FEASIBLE,null,0.012411,0.018981,0.000797,False
701819,4,1,"[1,1,1,1]",[1],"[[0],[0],[0],[0]]",UNSAT,UNSAT,UNSAT,"[0, 1]",0.008608,0.030346,0.001402,False
701820,4,5,"[1,2,1,2]","[3,1,2,1,2]","[[1,2,4],[0,1,2,3,4],[0],[0,1]]",FEASIBLE,FEASIBLE,FEASIBLE,null,0.066348,0.04896,0.002604,False
701821,5,1,"[1,1,1,1,1]",[2],"[[0],[0],[0],[0],[0]]",UNSAT,UNSAT,UNSAT,"[0, 1, 2]",0.02337,0.035616,0.001607,False
701822,5,4,"[1,1,3,1,1]","[3,3,1,1]","[[0,2],[0],[0,1,2,3],[0],[3]]",UNSAT,UNSAT,UNSAT,"[0, 1, 2, 3, 4]",0.111728,0.04972,0.002991,False
701823,5,6,"[3,1,1,3,1]","[1,1,1,1,1,3]","[[1,3,4,5],[3],[0,2,3,4,5],[0,1,2,3,4,5],[5]]",UNSAT,UNSAT,UNSAT,"[0, 1, 2, 3, 4]",0.15955,0.091793,0.00551,False
701824,7,2,"[1,1,2,2,2,1,1]","[2,3]","[[0,1],[0],[0,1],[0,1],[0,1],[1],[1]]",UNSAT,UNSAT,UNSAT,"[1, 2, 3]",0.093168,0.057864,0.003103,False
701825,2,6,"[1,1]","[1,3,3,2,1,1]","[[0,1,4],[0,2]]",FEASIBLE,FEASIBLE,FEASIBLE,null,0.016153,0.02189,0.001268,False
701826,7,6,"[1,3,1,1,1,1,1]","[3,3,3,3,1,1]","[[0,1],[1,2,4],[0,1,2,3,4,5],[3],[2,5],[2],[2,4,5]]",FEASIBLE,FEASIBLE,FEASIBLE,null,0.691055,0.052364,0.003108,False
701827,4,5,"[1,1,2,1]","[2,1,2,1,1]","[[0,1,2,3,4],[1,2,4],[2,3],[0,1,2,3,4]]",FEASIBLE,FEASIBLE,FEASIBLE,null,0.065805,0.036848,0.002423,False
701828,2,5,"[2,1]","[2,1,3,3,2]","[[0,1,3],[2]]",FEASIBLE,FEASIBLE,FEASIBLE,null,0.014029,0.022554,0.001145,False
701829,3,4,"[2,2,1]","[3,3,1,2]","[[0,1,2,3],[0,1,2,3],[0,1,2,3]]",FEASIBLE,FEASIBLE,FEASIBLE,null,0.026637,0.030852,0.001642,False
701830,3,2,"[1,1,1]","[2,2]","[[0],[1],[1]]",FEASIBLE,FEASIBLE,FEASIBLE,null,0.016781,0.019481,0.001064,False
701831,5,7,"[3,1,1,1,1]","[2,2,2,3,3,1,2]","[[1,2,3],[6],[0,2],[5],[2,3,4,5]]",FEASIBLE,FEASIBLE,FEASIBLE,null,0.184328,0.039771,0.002354,False
701832,7,2,"[1,2,1,1,1,1,2]","[2,2]","[[1],[0,1],[1],[0],[1],[0,1],[0,1]]",UNSAT,UNSAT,UNSAT,"[0, 1, 2]",0.05938,0.0528,0.002941,False
701833,5,5,"[1,2,2,1,3]","[1,2,3,1,1]","[[2],[0,1,2,3,4],[1,2,3,4],[2,3,4],[1,2,3,4]]",UNSAT,UNSAT,UNSAT,"[0, 1, 2, 3, 4]",0.151489,0.066076,0.004324,False
701834,4,2,"[1,2,1,1]","[2,3]","[[0],[0,1],[1],[0,1]]",FEASIBLE,FEASIBLE,FEASIBLE,null,0.034633,0.028616,0.001315,False
701835,6,2,"[1,1,1,2,1,1]","[2,3]","[[0,1],[0,1],[1],[0,1],[0],[0,1]]",UNSAT,UNSAT,UNSAT,"[0, 1, 2, 3, 4]",0.125265,0.049959,0.002859,False
701836,5,6,"[1,2,1,1,2]","[2,3,3,2,2,2]","[[0,1,2,3,4,5],[0,1,2,3,4,5],[3,4],[2,3,4],[1,3]]",FEASIBLE,FEASIBLE,FEASIBLE,null,0.161504,0.044359,0.002888,False
701837,4,7,"[1,2,2,1]","[2,2,3,1,3,3,2]","[[2],[3,4],[3,6],[0,2,3,4,6]]",UNSAT,UNSAT,UNSAT,"[1, 2]",0.043576,0.049262,0.002637,False
701838,2,6,"[2,3]","[2,3,2,3,2,2]","[[0,3],[0,1,2]]",FEASIBLE,FEASIBLE,FEASIBLE,null,0.016039,0.027034,0.001425,False
701839,6,3,"[1,1,2,3,1,1]","[1,2,3]","[[1],[0],[0,2],[0,1,2],[0,1,2],[0,1,2]]",UNSAT,UNSAT,UNSAT,"[1, 2]",0.033001,0.147059,0.003474,False
701840,3,2,"[1,2,1]","[1,3]","[[1],[0,1],[0]]",UNSAT,UNSAT,UNSAT,"[1, 2]",0.014287,0.031225,0.001629,False
701841,1,1,[1],[3],[[0]],FEASIBLE,FEASIBLE,FEASIBLE,null,0.003113,0.010535,0.000528,False
701842,1,5,[1],"[2,1,2,3,1]","[[0,1]]",FEASIBLE,FEASIBLE,FEASIBLE,null,0.005729,0.013452,0.000744,False
701843,2,6,"[2,3]","[1,2,1,1,2,2]","[[0,3,4],[1,2,3,4,5]]",FEASIBLE,FEASIBLE,FEASIBLE,null,0.016174,0.030112,0.001691,False
701844,6,5,"[1,3,2,1,1,3]","[1,2,3,3,3]","[[2],[0,1,2,4],[1,3],[1,2,3,4],[1],[0,1,2,3,4]]",FEASIBLE,FEASIBLE,FEASIBLE,null,0.286035,0.092311,0.003828,False
701845,4,6,"[2,3,2,1]","[1,2,1,3,2,1]","[[2,5],[0,1,2,3,5],[0,2,3,4,5],[0,2,3,4,5]]",FEASIBLE,FEASIBLE,FEASIBLE,null,0.078122,0.062194,0.002965,False
701846,4,7,"[1,1,1,2]","[1,3,2,2,2,2,3]","[[6],[0,1,3,4,5,6],[0,1,2,3,4,5,6],[1,6]]",FEASIBLE,FEASIBLE,FEASIBLE,null,0.086761,0.03887,0.002574,False
701847,7,2,"[2,2,1,2,1,1,2]","[3,3]","[[0,1],[0,1],[0,1],[0,1],[0],[0,1],[0,1]]",UNSAT,UNSAT,UNSAT,"[0, 1, 2, 3]",0.138129,0.063357,0.003214,False
701848,3,3,"[1,1,1]","[3,2,2]","[[0,1],[0,1,2],[1]]",FEASIBLE,FEASIBLE,FEASIBLE,null,0.022159,0.023953,0.001253,False
701849,4,7,"[1,1,2,2]","[2,3,3,3,1,3,1]","[[0,1,2,3,4,5,6],[1],[1,4],[0,1,2,3,4,5]]",FEASIBLE,FEASIBLE,FEASIBLE,null,0.089128,0.041873,0.002637,False
701850,5,2,"[1,1,2,1,2]","[2,1]","[[0,1],[1],[0,1],[1],[0,1]]",UNSAT,UNSAT,UNSAT,"[1, 2]",0.031,0.066058,0.002469,False
701851,3,6,"[2,3,3]","[2,1,1,1,2,1]","[[1,4],[0,2,3,4,5],[0,1,2,3,4,5]]",FEASIBLE,FEASIBLE,FEASIBLE,null,0.049224,0.150702,0.002214,False
701852,1,3,[2],"[3,3,3]","[[0,1]]",FEASIBLE,FEASIBLE,FEASIBLE,null,0.004787,0.015251,0.000728,False
701853,2,3,"[3,1]","[2,3,3]","[[0,1,2],[0]]",FEASIBLE,FEASIBLE,FEASIBLE,null,0.010983,0.02259,0.001203,False
701854,7,3,"[3,2,2,1,2,2,3]","[3,1,3]","[[0,1,2],[0,1],[0,1,2],[2],[0,1,2],[0,1,2],[0,1,2]]",UNSAT,UNSAT,UNSAT,"[0, 1]",0.022469,0.073695,0.004154,False
701855,3,7,"[2,1,3]","[1,2,2,1,2,2,2]","[[1,4],[0,3,4,6],[1,5,6]]",FEASIBLE,FEASIBLE,FEASIBLE,null,0.041544,0.035546,0.001854,False
701856,6,1,"[1,1,1,1,1,1]",[2],"[[0],[0],[0],[0],[0],[0]]",UNSAT,UNSAT,UNSAT,"[0, 1, 2]",0.031906,0.062239,0.001791,False
701857,4,2,"[1,2,1,1]","[2,2]","[[0,1],[0,1],[0],[1]]",UNSAT,UNSAT,UNSAT,"[0, 1, 2, 3]",0.035329,0.03992,0.002075,False
701858,4,7,"[1,1,2,2]","[3,2,3,1,1,1,3]","[[0,1,2,3,4,5,6],[6],[0,1,2,5],[0,1,3,5,6]]",FEASIBLE,FEASIBLE,FEASIBLE,null,0.092018,0.041474,0.002572,False
701859,6,4,"[1,3,1,1,2,1]","[3,2,3,1]","[[1],[0,1,2,3],[0,1,2],[0,1,2,3],[1,3],[2,3]]",UNSAT,UNSAT,UNSAT,"[0, 1, 4]",0.100142,0.062436,0.00351,False
701860,2,3,"[1,2]","[3,3,3]","[[0,1],[0,2]]",FEASIBLE,FEASIBLE,FEASIBLE,null,0.010809,0.021613,0.001067,False
701861,6,6,"[1,1,2,2,3,2]","[3,1,3,3,3,1]","[[2],[1,2],[0,2,3,4,5],[0,1,3,4,5],[0,1,2,3,4,5],[1,3]]",FEASIBLE,FEASIBLE,FEASIBLE,null,0.351821,0.081225,0.00407,False
701862,6,3,"[1,3,2,1,3,1]","[1,3,1]","[[1],[0,1,2],[0,2],[0,1,2],[0,1,2],[2]]",UNSAT,UNSAT,UNSAT,"[1, 2]",0.034431,0.155897,0.00331,False
701863,6,7,"[2,1,1,1,1,1]","[2,1,3,1,2,1,1]","[[1,2,3,5],[0,2],[1,3,6],[0],[0,1,2,3,4,5,6],[0,2,6]]",FEASIBLE,FEASIBLE,FEASIBLE,null,0.410273,0.051788,0.003086,False
701864,5,3,"[1,1,3,3,1]","[2,1,2]","[[0,1,2],[0,2],[0,1,2],[0,1,2],[0,1,2]]",UNSAT,UNSAT,UNSAT,"[2, 3]",0.037859,0.058562,0.00345,False
701865,6,4,"[2,1,2,2,3,1]","[3,1,1,2]","[[1,2,3],[3],[0,1],[0,2],[0,1,2],[0,1,2]]",UNSAT,UNSAT,UNSAT,"[0, 4]",0.034819,0.086045,0.004643,False
701866,3,7,"[1,3,1]","[3,2,3,2,3,1,2]","[[0,1,2,3,4,5,6],[1,2,3,4,6],[1,2,4,5,6]]",FEASIBLE,FEASIBLE,FEASIBLE,null,0.042184,0.038375,0.002613,False
701867,5,5,"[2,2,3,1,1]","[3,2,2,1,3]","[[1,3],[0,1,3,4],[0,1,2,4],[4],[2]]",FEASIBLE,FEASIBLE,FEASIBLE,null,0.154104,0.047066,0.00232,False
701868,1,1,[1],[1],[[0]],FEASIBLE,FEASIBLE,FEASIBLE,null,0.003375,0.010427,0.000523,False
701869,6,4,"[1,3,3,2,1,1]","[2,1,3,3]","[[0],[0,1,3],[1,2,3],[0,1,2,3],[2],[0]]",UNSAT,UNSAT,UNSAT,"[1, 2]",0.042065,0.06466,0.003441,False
701870,7,6,"[2,3,1,3,3,2,1]","[1,1,2,1,3,3]","[[0,1,2,4,5],[0,1,3,4],[1,2,3,4,5],[0,1,2,3,4,5],[0,1,2],[0,1,3,4,5],[0,1,2,4,5]]",UNSAT,UNSAT,UNSAT,"[1, 4]",0.078946,0.108907,0.007133,False
701871,1,6,[2],"[3,1,3,2,3,1]","[[0,2,4]]",FEASIBLE,FEASIBLE,FEASIBLE,null,0.00662,0.107378,0.001044,False
701872,2,3,"[2,3]","[2,1,2]","[[0,1],[0,1,2]]",UNSAT,UNSAT,UNSAT,"[0, 1]",0.010689,0.034484,0.001782,False
701873,1,7,[1],"[1,2,1,1,1,1,1]","[[1,5]]",FEASIBLE,FEASIBLE,FEASIBLE,null,0.007282,0.014827,0.000894,False
701874,3,7,"[3,1,1]","[1,2,2,3,1,1,2]","[[0,2,3,5],[0],[5,6]]",FEASIBLE,FEASIBLE,FEASIBLE,null,0.040766,0.042396,0.002197,False
701875,6,3,"[2,1,2,3,1,1]","[3,3,3]","[[0,1,2],[0],[1,2],[0,1,2],[1,2],[2]]",UNSAT,UNSAT,UNSAT,"[0, 2, 3, 4, 5]",0.185455,0.061682,0.003234,False
701876,7,5,"[1,3,2,1,1,1,1]","[3,1,2,1,2]","[[1,2,3],[1,3,4],[0,1,2,3,4],[1],[1,2,4],[1],[0]]",UNSAT,UNSAT,UNSAT,"[1, 3]",0.063185,0.083872,0.004727,False
701877,3,4,"[3,3,2]","[2,2,3,1]","[[0,1,2,3],[0,1,3],[0,1,2,3]]",UNSAT,UNSAT,UNSAT,"[0, 1, 2]",0.02768,0.053529,0.002891,False
701878,4,4,"[2,1,1,1]","[2,3,2,1]","[[1,2,3],[2],[0],[0,1,3]]",FEASIBLE,FEASIBLE,FEASIBLE,null,0.056224,0.031196,0.001673,False
701879,7,4,"[2,1,1,1,1,1,1]","[3,3,1,1]","[[0,1],[2],[3],[2,3],[0],[0],[3]]",UNSAT,UNSAT,UNSAT,"[2, 6]",0.075039,0.052913,0.002987,False
701880,1,6,[2],"[3,3,2,1,1,2]","[[0,1,3,4,5]]",FEASIBLE,FEASIBLE,FEASIBLE,null,0.006519,0.020179,0.001142,False
701881,5,3,"[1,3,2,2,2]","[2,1,3]","[[0,1,2],[0,1,2],[0,2],[0,1,2],[1,2]]",UNSAT,UNSAT,UNSAT,"[1, 4]",0.034336,0.071631,0.003262,False
701882,2,1,"[1,1]",[3],"[[0],[0]]",FEASIBLE,FEASIBLE,FEASIBLE,null,0.007017,0.016954,0.0012,False
701883,2,1,"[1,1]",[2],"[[0],[0]]",FEASIBLE,FEASIBLE,FEASIBLE,null,0.006526,0.015261,0.000624,False
701884,1,4,[1],"[3,1,3,3]","[[1,2,3]]",FEASIBLE,FEASIBLE,FEASIBLE,null,0.005087,0.17017,0.000911,False
701885,5,3,"[1,1,3,1,1]","[2,2,2]","[[0,2],[1],[0,1,2],[0,1],[2]]",UNSAT,UNSAT,UNSAT,"[0, 1, 2, 3, 4]",0.095735,0.050736,0.003521,False
701886,3,5,"[1,1,3]","[2,3,2,3,1]","[[0,1],[0],[0,1,2,3,4]]",FEASIBLE,FEASIBLE,FEASIBLE,null,0.031922,0.031692,0.001778,False
701887,1,1,[1],[2],[[0]],FEASIBLE,FEASIBLE,FEASIBLE,null,0.003149,0.010629,0.000539,False
701888,4,6,"[1,3,1,1]","[2,2,3,1,3,1]","[[0,1,2,3,4,5],[0,1,2,3,4,5],[0,1,2,3,4],[0,1,2,3,4,5]]",FEASIBLE,FEASIBLE,FEASIBLE,null,0.078998,0.046736,0.003354,False
701889,3,4,"[1,1,1]","[1,1,2,3]","[[3],[0],[0,1]]",FEASIBLE,FEASIBLE,FEASIBLE,null,0.026951,0.023392,0.001312,False
701890,4,1,"[1,1,1,1]",[3],"[[0],[0],[0],[0]]",UNSAT,UNSAT,UNSAT,"[0, 1, 2, 3]",0.02417,0.032797,0.001652,False
701891,7,4,"[3,2,1,1,2,2,1]","[1,3,3,2]","[[0,2,3],[0,1,2,3],[0,1,2,3],[0,1,3],[0,1,3],[0,1,2,3],[3]]",UNSAT,UNSAT,UNSAT,"[0, 4, 6]",0.148336,0.082053,0.00506,False
701892,7,2,"[1,1,1,1,1,1,1]","[2,2]","[[0,1],[1],[1],[0],[0,1],[1],[0]]",UNSAT,UNSAT,UNSAT,"[1, 2, 5]",0.097167,0.050924,0.002849,False
701893,6,7,"[1,2,2,2,3,2]","[3,1,1,1,3,2,3]","[[5],[3,5],[0,2,3,4,5,6],[1,2,3,5,6],[0,1,2,3],[0,4]]",UNSAT,UNSAT,UNSAT,"[0, 1, 3, 4]",0.27173,0.100712,0.006101,False
701894,5,6,"[1,1,2,3,2]","[1,3,2,1,2,1]","[[2,3,4],[2,3],[0,1,3,4],[1,2,3,4],[0,1,2,3,5]]",FEASIBLE,FEASIBLE,FEASIBLE,null,0.182147,0.055751,0.003177,False
701895,6,5,"[1,3,3,2,1,2]","[1,2,3,3,1]","[[1],[0,1,2],[0,1,2,3,4],[0,2],[1,2],[1,2]]",UNSAT,UNSAT,UNSAT,"[1, 3]",0.05361,0.158876,0.004231,False
701896,4,3,"[3,1,3,2]","[2,2,1]","[[0,1,2],[1],[0,1,2],[0,2]]",UNSAT,UNSAT,UNSAT,"[0, 2]",0.01789,0.047517,0.002588,False
701897,7,4,"[1,3,1,3,1,1,1]","[1,1,3,3]","[[2,3],[1,2,3],[0,1],[0,2,3],[1],[2,3],[0,1,2,3]]",UNSAT,UNSAT,UNSAT,"[1, 4]",0.056524,0.071579,0.004698,False
701898,1,2,[1],"[2,2]","[[0,1]]",FEASIBLE,FEASIBLE,FEASIBLE,null,0.003865,0.012763,0.000687,False
701899,5,7,"[2,2,1,1,1]","[2,1,1,3,2,2,1]","[[0,2,3,4],[0,1,2,3,4,5,6],[4],[2],[4]]",FEASIBLE,FEASIBLE,FEASIBLE,null,0.178401,0.102184,0.003187,False
701900,7,1,"[1,1,1,1,1,1,1]",[3],"[[0],[0],[0],[0],[0],[0],[0]]",UNSAT,UNSAT,UNSAT,"[0, 1, 2, 3]",0.097113,0.046953,0.002278,False
701901,4,2,"[1,1,1,1]","[3,3]","[[1],[1],[0],[1]]",FEASIBLE,FEASIBLE,FEASIBLE,null,0.033624,0.024576,0.001251,False
701902,4,6,"[1,3,2,1]","[2,3,1,1,3,3]","[[0],[0,1,2,3,5],[1,2],[5]]",FEASIBLE,FEASIBLE,FEASIBLE,null,0.074723,0.047092,0.002614,False
701903,5,1,"[1,1,1,1,1]",[1],"[[0],[0],[0],[0],[0]]",UNSAT,UNSAT,UNSAT,"[0, 1]",0.009924,0.034898,0.001739,False
701904,4,6,"[3,3,2,1]","[2,1,3,1,1,2]","[[0,1,2,3,4,5],[0,2,3],[0,1],[4]]",UNSAT,UNSAT,UNSAT,"[0, 1, 2, 3]",0.074558,0.078526,0.005144,False
701905,7,1,"[1,1,1,1,1,1,1]",[2],"[[0],[0],[0],[0],[0],[0],[0]]",UNSAT,UNSAT,UNSAT,"[0, 1, 2]",0.040236,0.044152,0.002469,False
701906,5,5,"[2,2,3,3,1]","[1,3,3,2,2]","[[0,1,3,4],[0,1,2,3,4],[0,1,2,3,4],[0,2,3,4],[0,2,4]]",FEASIBLE,FEASIBLE,FEASIBLE,null,0.150639,0.149876,0.003711,False
701907,2,3,"[2,1]","[2,3,3]","[[0,1,2],[0]]",FEASIBLE,FEASIBLE,FEASIBLE,null,0.011152,0.019826,0.001197,False
701908,2,5,"[2,3]","[2,1,1,2,2]","[[0,1],[0,1,2,3]]",FEASIBLE,FEASIBLE,FEASIBLE,null,0.014512,0.028316,0.001509,False
701909,5,5,"[1,1,1,2,3]","[1,2,3,3,1]","[[0,4],[1],[4],[1,3],[0,1,2,3,4]]",UNSAT,UNSAT,UNSAT,"[0, 1, 2, 3, 4]",0.138732,0.056566,0.003557,False
701910,5,2,"[1,1,1,1,2]","[3,2]","[[0,1],[1],[0],[0,1],[0,1]]",UNSAT,UNSAT,UNSAT,"[0, 1, 2, 3, 4]",0.087019,0.047936,0.002677,False
701911,5,1,"[1,1,1,1,1]",[3],"[[0],[0],[0],[0],[0]]",UNSAT,UNSAT,UNSAT,"[0, 1, 2, 3]",0.039391,0.037604,0.001725,False
701912,7,4,"[1,1,1,3,1,1,1]","[2,1,2,3]","[[3],[0],[1,2],[0,1,2],[0,1,2,3],[0,1,3],[0,1,3]]",UNSAT,UNSAT,UNSAT,"[0, 1, 2, 3, 4, 5, 6]",0.4993,0.073635,0.004749,False
701913,7,1,"[1,1,1,1,1,1,1]",[1],"[[0],[0],[0],[0],[0],[0],[0]]",UNSAT,UNSAT,UNSAT,"[0, 1]",0.012873,0.043729,0.001982,False
701914,4,1,"[1,1,1,1]",[1],"[[0],[0],[0],[0]]",UNSAT,UNSAT,UNSAT,"[0, 1]",0.008896,0.031479,0.001514,False
701915,1,7,[2],"[1,1,1,2,2,3,3]","[[0,1,2,3,4,5,6]]",FEASIBLE,FEASIBLE,FEASIBLE,null,0.007267,0.023672,0.001485,False
701916,3,1,"[1,1,1]",[3],"[[0],[0],[0]]",FEASIBLE,FEASIBLE,FEASIBLE,null,0.01251,0.019398,0.000935,False
701917,5,1,"[1,1,1,1,1]",[2],"[[0],[0],[0],[0],[0]]",UNSAT,UNSAT,UNSAT,"[0, 1, 2]",0.023815,0.0368,0.001555,False
701918,2,7,"[1,3]","[2,3,3,3,2,2,3]","[[0,5],[0,1,2,3,4]]",FEASIBLE,FEASIBLE,FEASIBLE,null,0.018518,0.030358,0.001593,False
701919,7,3,"[2,3,1,2,3,1,1]","[2,2,1]","[[0,1,2],[0,1,2],[1],[0,2],[0,1,2],[1],[1,2]]",UNSAT,UNSAT,UNSAT,"[1, 3]",0.042954,0.066221,0.004011,False
701920,4,2,"[2,1,1,1]","[3,1]","[[0,1],[0,1],[0,1],[1]]",UNSAT,UNSAT,UNSAT,"[0, 3]",0.016367,0.038514,0.001931,False
701921,6,7,"[1,2,3,3,1,1]","[1,1,3,1,3,1,2]","[[1,2,3,6],[0,1,2,4,5,6],[0,1,3,4,5,6],[1,2,3,4,5,6],[3,6],[0,1,2,5,6]]",FEASIBLE,FEASIBLE,FEASIBLE,null,0.420123,0.072733,0.004534,False
701922,5,2,"[1,2,1,2,2]","[3,2]","[[1],[0,1],[0,1],[0,1],[0,1]]",UNSAT,UNSAT,UNSAT,"[0, 1, 3]",0.038394,0.048901,0.002761,False
701923,1,4,[1],"[1,1,3,3]","[[1,3]]",FEASIBLE,FEASIBLE,FEASIBLE,null,0.005192,0.031064,0.000828,False
701924,3,6,"[3,2,2]","[3,3,1,3,3,2]","[[0,1,2,3,4],[1,3],[1,3,5]]",FEASIBLE,FEASIBLE,FEASIBLE,null,0.037104,0.037134,0.002035,False
701925,4,6,"[1,1,2,1]","[3,1,3,1,3,1]","[[1],[0,1,2],[0,2,3,5],[0]]",FEASIBLE,FEASIBLE,FEASIBLE,null,0.077565,0.032612,0.00184,False
701926,1,4,[2],"[2,1,2,2]","[[0,2]]",FEASIBLE,FEASIBLE,FEASIBLE,null,0.005033,0.015648,0.000802,False
701927,2,4,"[2,2]","[1,3,3,1]","[[0,1,2,3],[1,2]]",FEASIBLE,FEASIBLE,FEASIBLE,null,0.012644,0.02447,0.00134,False
701928,7,3,"[2,1,3,1,1,3,1]","[1,2,1]","[[0,2],[0,1,2],[0,1,2],[1,2],[0],[0,1,2],[0,1]]",UNSAT,UNSAT,UNSAT,"[0, 2]",0.026112,0.066944,0.004082,False
701929,2,5,"[2,2]","[2,3,1,1,2]","[[3,4],[1,4]]",FEASIBLE,FEASIBLE,FEASIBLE,null,0.014976,0.025975,0.001283,False
701930,5,7,"[1,1,1,2,1]","[3,3,3,2,1,2,2]","[[4],[2,6],[1,3,4],[2,3,4,5,6],[0,2,3,4,5,6]]",FEASIBLE,FEASIBLE,FEASIBLE,null,0.200963,0.133389,0.002862,False
701931,7,3,"[1,2,1,1,1,1,2]","[3,3,2]","[[2],[0,1],[0,1,2],[1],[0,1],[0,1,2],[0,1,2]]",UNSAT,UNSAT,UNSAT,"[0, 1, 2, 3, 4, 5, 6]",0.404982,0.066606,0.00409,False
701932,7,6,"[2,3,1,2,1,2,1]","[1,2,1,2,2,2]","[[2,3],[1,2,3,4],[0,4],[0,2,3,4,5],[3,5],[3,4],[0,1,2,3,4,5]]",UNSAT,UNSAT,UNSAT,"[0, 1, 5]",0.176663,0.085115,0.010063,False
701933,7,5,"[3,2,1,3,2,2,2]","[3,2,3,3,2]","[[0,1,2,3,4],[0,1,3],[0,1,2,3,4],[1,2,4],[0,2,3,4],[0,1,3],[0,1,2,3,4]]",UNSAT,UNSAT,UNSAT,"[0, 1, 3, 4, 5, 6]",0.611879,0.10047,0.006496,False
701934,4,6,"[1,2,1,2]","[2,3,2,2,2,2]","[[0,3,5],[3,5],[4],[0,1,2,3,4,5]]",FEASIBLE,FEASIBLE,FEASIBLE,null,0.078458,0.038177,0.002271,False
701935,4,4,"[1,1,1,1]","[3,2,2,1]","[[1],[0,1,2,3],[0],[1,2]]",FEASIBLE,FEASIBLE,FEASIBLE,null,0.056703,0.028347,0.001698,False
701936,2,6,"[1,2]","[1,3,1,1,1,2]","[[0,2,4],[0,1,3,5]]",FEASIBLE,FEASIBLE,FEASIBLE,null,0.016525,0.025685,0.001528,False
701937,7,4,"[2,2,3,1,3,1,2]","[1,1,2,1]","[[0,1,3],[0,2,3],[0,1,2,3],[0],[0,1,3],[0,1,2,3],[0,2]]",UNSAT,UNSAT,UNSAT,"[0, 2]",0.031132,0.077342,0.004648,False
701938,3,1,"[1,1,1]",[1],"[[0],[0],[0]]",UNSAT,UNSAT,UNSAT,"[0, 1]",0.007711,0.0282,0.00144,False
701939,3,4,"[1,2,1]","[2,2,1,3]","[[0,2,3],[0,1,2,3],[0,1,2,3]]",FEASIBLE,FEASIBLE,FEASIBLE,null,0.026761,0.118289,0.001784,False
701940,7,2,"[1,2,1,1,1,1,1]","[1,3]","[[0],[0,1],[0],[1],[1],[0,1],[0]]",UNSAT,UNSAT,UNSAT,"[0, 1]",0.018513,0.054249,0.00298,False
701941,7,5,"[2,3,1,3,2,1,2]","[1,3,1,3,2]","[[1,2,3,4],[0,1,3,4],[0,1,2,3],[0,1,3],[1,2],[0,1,2,3,4],[0,1,2,3,4]]",UNSAT,UNSAT,UNSAT,"[0, 1, 2, 3, 4]",0.476948,0.12804,0.007364,False
701942,2,1,"[1,1]",[3],"[[0],[0]]",FEASIBLE,FEASIBLE,FEASIBLE,null,0.006851,0.016502,0.001136,False
701943,5,5,"[2,3,2,2,2]","[2,1,2,2,1]","[[0,3],[0,1,2,3,4],[3,4],[1,4],[1,2,3,4]]",UNSAT,UNSAT,UNSAT,"[2, 3]",0.056786,0.066583,0.004275,False
701944,7,5,"[2,1,1,1,2,2,2]","[1,3,2,3,1]","[[0,1,2,3,4],[1,3],[0,1,2,3,4],[3],[0,1,2,3,4],[0,1,2,3,4],[0,1,3,4]]",UNSAT,UNSAT,UNSAT,"[0, 1, 2, 3, 4, 5, 6]",0.61225,0.088496,0.005851,False
701945,5,2,"[1,2,2,2,1]","[1,1]","[[1],[0,1],[0,1],[0,1],[0,1]]",UNSAT,UNSAT,UNSAT,"[0, 1]",0.013935,0.045686,0.002526,False
701946,3,3,"[2,1,2]","[2,2,1]","[[1,2],[2],[1,2]]",UNSAT,UNSAT,UNSAT,"[0, 1]",0.012858,0.035135,0.001965,False
701947,5,5,"[2,1,3,1,1]","[3,3,3,2,3]","[[0,2,4],[2],[0,1,2,3],[0,3,4],[0,1,2,4]]",FEASIBLE,FEASIBLE,FEASIBLE,null,0.14029,0.044929,0.002631,False
701948,1,4,[1],"[2,1,1,1]",[[0]],FEASIBLE,FEASIBLE,FEASIBLE,null,0.005092,0.026787,0.000717,False
701949,5,2,"[2,1,1,1,1]","[2,3]","[[0,1],[0],[1],[1],[1]]",UNSAT,UNSAT,UNSAT,"[0, 2, 3, 4]",0.065158,0.130359,0.002145,False
701950,2,7,"[1,2]","[3,1,3,3,1,3,3]","[[4],[0,1,3,4,5]]",FEASIBLE,FEASIBLE,FEASIBLE,null,0.019241,0.025144,0.001457,False
701951,4,5,"[1,2,1,2]","[2,3,1,2,2]","[[0,1,2,3,4],[2,4],[0,1,2,3,4],[1,2,3,4]]",FEASIBLE,FEASIBLE,FEASIBLE,null,0.069753,0.040894,0.002674,False
701952,1,4,[2],"[3,1,3,3]","[[0,1,2,3]]",FEASIBLE,FEASIBLE,FEASIBLE,null,0.005456,0.017442,0.001057,False
701953,1,7,[1],"[1,2,2,2,2,2,3]","[[1,4]]",FEASIBLE,FEASIBLE,FEASIBLE,null,0.008204,0.01562,0.000978,False
701954,3,2,"[1,1,1]","[1,3]","[[1],[0,1],[0]]",FEASIBLE,FEASIBLE,FEASIBLE,null,0.017435,0.029211,0.001492,False
701955,7,2,"[2,1,1,1,2,1,2]","[1,1]","[[0,1],[0,1],[1],[0],[0,1],[1],[0,1]]",UNSAT,UNSAT,UNSAT,"[0, 1]",0.018066,0.05325,0.002968,False
701956,3,7,"[1,1,1]","[1,2,3,1,2,1,1]","[[0,1,2,3,4,5,6],[0,1,2,4,5,6],[2]]",FEASIBLE,FEASIBLE,FEASIBLE,null,0.041685,0.032913,0.002395,False
701957,6,3,"[1,2,1,1,2,1]","[1,3,2]","[[1],[0,1,2],[2],[0,1,2],[0,2],[1]]",UNSAT,UNSAT,UNSAT,"[1, 2, 4]",0.097621,0.056002,0.003449,False
701958,1,2,[1],"[3,1]",[[0]],FEASIBLE,FEASIBLE,FEASIBLE,null,0.004158,0.012468,0.000646,False
701959,5,2,"[1,1,1,2,1]","[2,3]","[[0],[0,1],[0,1],[0,1],[0]]",UNSAT,UNSAT,UNSAT,"[0, 3, 4]",0.045488,0.057418,0.002951,False
701960,1,2,[2],"[2,2]","[[0,1]]",FEASIBLE,FEASIBLE,FEASIBLE,null,0.003882,0.015362,0.000666,False
701961,3,3,"[3,1,1]","[2,3,2]","[[0,1,2],[2],[0,1,2]]",FEASIBLE,FEASIBLE,FEASIBLE,null,0.021898,0.028262,0.001441,False
701962,5,3,"[1,1,3,2,1]","[3,3,3]","[[0],[0],[0,1,2],[0,1],[0]]",UNSAT,UNSAT,UNSAT,"[0, 1, 2, 3]",0.095932,0.050669,0.002836,False
701963,5,4,"[1,3,1,1,1]","[1,2,1,2]","[[0,1,2,3],[0,1,3],[3],[0],[0,3]]",UNSAT,UNSAT,UNSAT,"[1, 3]",0.128064,0.066815,0.003652,False
701964,6,2,"[1,1,1,1,2,2]","[1,2]","[[0,1],[1],[1],[0],[0,1],[0,1]]",UNSAT,UNSAT,UNSAT,"[3, 4]",0.040547,0.048414,0.002698,False
701965,3,5,"[2,3,1]","[2,3,1,1,1]","[[1,4],[1,3,4],[4]]",UNSAT,UNSAT,UNSAT,"[0, 1]",0.019966,0.042055,0.002262,False
701966,4,7,"[2,3,1,1]","[3,2,3,1,3,2,1]","[[0,1,2,3,4,5,6],[0,4,6],[6],[1,5]]",UNSAT,UNSAT,UNSAT,"[1, 2]",0.045269,0.049974,0.002958,False
701967,6,7,"[3,2,3,1,1,3]","[1,2,2,2,3,3,2]","[[0,1,5],[0,1,2,3,4,5,6],[0,1,2,4,5,6],[1,3,4],[0,3,4],[0,1,2,3,4,5,6]]",FEASIBLE,FEASIBLE,FEASIBLE,null,0.396787,0.075023,0.004276,False
701968,2,1,"[1,1]",[2],"[[0],[0]]",FEASIBLE,FEASIBLE,FEASIBLE,null,0.006797,0.015395,0.000704,False
701969,7,3,"[3,1,1,1,3,1,1]","[1,3,1]","[[0,1,2],[1],[0,1,2],[0,1,2],[0,1,2],[0,1],[1]]",UNSAT,UNSAT,UNSAT,"[0, 4]",0.030386,0.065197,0.003928,False
701970,5,4,"[1,2,2,1,1]","[2,3,3,2]","[[0],[0,2,3],[0,3],[1,2,3],[1]]",FEASIBLE,FEASIBLE,FEASIBLE,null,0.116691,0.050944,0.002552,False
701971,4,1,"[1,1,1,1]",[3],"[[0],[0],[0],[0]]",UNSAT,UNSAT,UNSAT,"[0, 1, 2, 3]",0.024308,0.033273,0.001632,False
701972,1,3,[1],"[2,2,3]",[[1]],FEASIBLE,FEASIBLE,FEASIBLE,null,0.004699,0.014271,0.000688,False
701973,5,4,"[2,1,1,3,3]","[3,2,3,2]","[[0,1,3],[2],[0],[0,1,3],[0,1,3]]",UNSAT,UNSAT,UNSAT,"[0, 3, 4]",0.075943,0.061367,0.003134,False
701974,4,1,"[1,1,1,1]",[2],"[[0],[0],[0],[0]]",UNSAT,UNSAT,UNSAT,"[0, 1, 2]",0.107311,0.032608,0.001527,False
701975,4,5,"[1,2,1,2]","[2,2,2,3,2]","[[3],[0,2,3],[0,1,2,4],[1,3]]",FEASIBLE,FEASIBLE,FEASIBLE,null,0.06756,0.035696,0.002056,False
701976,1,4,[2],"[3,3,2,1]","[[0,1,2,3]]",FEASIBLE,FEASIBLE,FEASIBLE,null,0.005373,0.017533,0.001024,False
701977,6,5,"[3,3,2,2,2,2]","[2,3,2,1,1]","[[0,1,2,3,4],[0,1,2,4],[0,1,2,3,4],[0,2,3,4],[1,2,3,4],[0,1,2,3,4]]",UNSAT,UNSAT,UNSAT,"[0, 1, 2, 3]",0.198529,0.091445,0.005794,False
701978,4,2,"[1,1,1,1]","[3,3]","[[0,1],[1],[0],[0,1]]",FEASIBLE,FEASIBLE,FEASIBLE,null,0.035312,0.026219,0.001288,False
701979,1,3,[1],"[2,2,1]",[[2]],FEASIBLE,FEASIBLE,FEASIBLE,null,0.004437,0.011804,0.000646,False
701980,3,1,"[1,1,1]",[3],"[[0],[0],[0]]",FEASIBLE,FEASIBLE,FEASIBLE,null,0.018925,0.019336,0.000882,False
701981,6,3,"[1,1,2,1,1,1]","[3,1,2]","[[2],[2],[0,2],[1],[0,1],[2]]",UNSAT,UNSAT,UNSAT,"[0, 1, 2]",0.062254,0.053219,0.002664,False
701982,4,3,"[1,2,1,2]","[1,2,2]","[[1],[1,2],[2],[0,2]]",UNSAT,UNSAT,UNSAT,"[1, 2, 3]",0.041611,0.049299,0.002245,False
701983,5,3,"[1,1,1,1,2]","[2,3,1]","[[0,1],[0,1],[2],[0,1,2],[0,1,2]]",FEASIBLE,FEASIBLE,FEASIBLE,null,0.093553,0.050161,0.002353,False
701984,5,4,"[3,2,1,2,2]","[3,3,1,3]","[[0,1,2],[2,3],[2],[0,1,3],[0,1,2,3]]",UNSAT,UNSAT,UNSAT,"[0, 1]",0.021938,0.056814,0.003067,False
701985,7,5,"[1,1,1,1,1,1,3]","[1,1,1,1,3]","[[1,2,3],[1],[2],[0,1,3,4],[1,2],[0],[1,2,3,4]]",UNSAT,UNSAT,UNSAT,"[0, 1, 6]",0.140053,0.178503,0.005269,False
701986,6,6,"[1,3,3,1,1,1]","[3,2,3,1,1,1]","[[0,1,2,3,4,5],[0,1,3,4,5],[0,1,2,3,4,5],[1,2,3,4],[0,1,2,3,4,5],[2,3,4]]",FEASIBLE,FEASIBLE,FEASIBLE,null,0.358406,0.18988,0.004383,False
701987,1,4,[1],"[3,1,2,2]","[[0,1]]",FEASIBLE,FEASIBLE,FEASIBLE,null,0.007899,0.015399,0.000685,False
701988,5,5,"[2,1,1,1,2]","[3,1,2,2,3]","[[0,1,2,3,4],[2,3],[1,2,4],[0],[1,2,3,4]]",FEASIBLE,FEASIBLE,FEASIBLE,null,0.145607,0.048227,0.002568,False
701989,3,2,"[1,1,1]","[3,1]","[[1],[1],[1]]",UNSAT,UNSAT,UNSAT,"[0, 1]",0.010537,0.031609,0.001469,False
701990,4,7,"[2,1,1,1]","[3,1,1,1,1,2,2]","[[0,1,3,4,5,6],[0,1,2,3,4,5],[0,3,6],[2,3]]",FEASIBLE,FEASIBLE,FEASIBLE,null,0.091539,0.040962,0.00283,False
701991,2,5,"[1,1]","[1,3,2,3,2]","[[0,1,3,4],[4]]",FEASIBLE,FEASIBLE,FEASIBLE,null,0.015273,0.021232,0.001263,False
701992,2,5,"[3,2]","[2,1,1,2,3]","[[0,2,3,4],[2,4]]",FEASIBLE,FEASIBLE,FEASIBLE,null,0.014834,0.053542,0.001968,False
701993,7,7,"[1,2,1,3,1,3,1]","[2,3,1,1,3,1,3]","[[0,1,2,3,4,5],[3,4,5,6],[2,5],[2,3,4,5],[1,2,3,4,5,6],[1,3,4,6],[5]]",UNSAT,UNSAT,UNSAT,"[2, 3, 6]",0.330511,0.106933,0.006137,False
701994,1,3,[1],"[1,3,2]","[[0,1,2]]",FEASIBLE,FEASIBLE,FEASIBLE,null,0.00598,0.015318,0.002804,False
701995,5,1,"[1,1,1,1,1]",[3],"[[0],[0],[0],[0],[0]]",UNSAT,UNSAT,UNSAT,"[0, 1, 2, 3]",0.038957,0.039839,0.004023,False
701996,3,4,"[3,1,1]","[1,3,1,3]","[[0,1,2,3],[0,2],[1]]",FEASIBLE,FEASIBLE,FEASIBLE,null,0.026881,0.1364,0.002681,False
701997,3,7,"[1,3,1]","[1,2,3,2,2,2,2]","[[0,1,2,4],[0,1,2,3,4,5,6],[0,1,2,3,4,5]]",FEASIBLE,FEASIBLE,FEASIBLE,null,0.041813,0.049279,0.003576,False
701998,5,6,"[1,1,2,3,1]","[2,2,3,2,2,1]","[[0,2,4,5],[4,5],[0,2,4,5],[0,1,2,3,4,5],[0,4,5]]",FEASIBLE,FEASIBLE,FEASIBLE,null,0.16508,0.049591,0.00395,False
701999,6,3,"[1,2,1,2,1,1]","[3,3,2]","[[0],[0,1,2],[0],[1,2],[1],[0]]",FEASIBLE,FEASIBLE,FEASIBLE,null,0.189595,0.051071,0.005578,False
702000,5,2,"[1,1,1,2,1]","[3,2]","[[0],[0],[0],[0,1],[0]]",UNSAT,UNSAT,UNSAT,"[0, 1, 2, 3]",0.055248,0.041213,0.002913,False
702001,1,7,[2],"[3,2,3,1,3,1,2]","[[4,6]]",FEASIBLE,FEASIBLE,FEASIBLE,null,0.006887,0.017925,0.00121,False
702002,7,3,"[3,1,1,1,3,1,3]","[3,3,2]","[[0,1,2],[2],[0,1,2],[2],[0,1,2],[1],[0,1,2]]",UNSAT,UNSAT,UNSAT,"[0, 1, 3]",0.081951,0.068106,0.005367,False
702003,3,5,"[1,2,2]","[3,2,1,2,1]","[[0,3,4],[0,1,2,3,4],[0,1,2,3,4]]",FEASIBLE,FEASIBLE,FEASIBLE,null,0.048068,0.034105,0.002244,False
702004,1,2,[1],"[3,2]",[[0]],FEASIBLE,FEASIBLE,FEASIBLE,null,0.003941,0.011023,0.000792,False
702005,5,5,"[1,2,1,2,1]","[2,2,3,3,3]","[[0,1,4],[0,1,2,3],[3],[1,2,4],[0,1,2,3,4]]",FEASIBLE,FEASIBLE,FEASIBLE,null,0.13892,0.044431,0.003101,False
702006,6,7,"[3,2,3,3,2,1]","[3,2,1,3,1,3,3]","[[0,1,2,3,4,6],[0,2],[0,1,3,5,6],[0,1,4,6],[0,4],[0,1,2,3,5]]",FEASIBLE,FEASIBLE,FEASIBLE,null,0.377262,0.196319,0.007183,False
702007,5,5,"[3,1,3,3,1]","[3,1,2,3,2]","[[0,1,3,4],[0,1,3],[0,1,2,3,4],[0,1,2,3],[0,1,2,3,4]]",FEASIBLE,FEASIBLE,FEASIBLE,null,0.136178,0.073551,0.006555,False
702008,3,5,"[1,1,1]","[3,3,2,1,3]","[[0,2,3,4],[0,1,3,4],[1,2,4]]",FEASIBLE,FEASIBLE,FEASIBLE,null,0.0312,0.02723,0.002091,False
702009,2,3,"[3,1]","[1,2,1]","[[0,1,2],[0,1]]",FEASIBLE,FEASIBLE,FEASIBLE,null,0.010248,0.023347,0.00146,False
702010,3,7,"[1,1,3]","[2,1,2,2,1,2,1]","[[2,5],[4],[1,2,3,5,6]]",FEASIBLE,FEASIBLE,FEASIBLE,null,0.039899,0.029939,0.002135,False
702011,1,3,[1],"[1,2,1]",[[0]],FEASIBLE,FEASIBLE,FEASIBLE,null,0.004237,0.01091,0.000783,False
702012,2,7,"[1,2]","[1,1,1,3,2,1,3]","[[0,1,2,6],[1,6]]",FEASIBLE,FEASIBLE,FEASIBLE,null,0.017101,0.023194,0.001617,False
702013,5,6,"[2,2,1,1,2]","[3,1,3,3,3,3]","[[1,2,3,4],[0,1,2,3,4,5],[0],[4],[0,1,3,4,5]]",FEASIBLE,FEASIBLE,FEASIBLE,null,0.156472,0.046005,0.003293,False
702014,4,7,"[2,2,1,1]","[1,1,3,3,2,2,1]","[[0,1,3,4,5],[0,1,2,3,4,5,6],[1,3],[0,4,5]]",FEASIBLE,FEASIBLE,FEASIBLE,null,0.084936,0.056075,0.003129,False
702015,4,2,"[1,1,1,1]","[2,3]","[[0,1],[0],[0,1],[1]]",FEASIBLE,FEASIBLE,FEASIBLE,null,0.034282,0.02591,0.001497,False
702016,4,1,"[1,1,1,1]",[1],"[[0],[0],[0],[0]]",UNSAT,UNSAT,UNSAT,"[0, 1]",0.008496,0.030939,0.002368,False
702017,7,3,"[1,1,1,2,1,1,1]","[3,2,2]","[[0,2],[1,2],[0,2],[0,2],[1],[1,2],[1]]",UNSAT,UNSAT,UNSAT,"[1, 3, 4, 5, 6]",0.349533,0.066709,0.004211,False
702018,4,4,"[1,2,3,2]","[1,1,3,1]","[[1,3],[0,1,2,3],[0,2,3],[0,1,2]]",UNSAT,UNSAT,UNSAT,"[0, 1, 2]",0.03849,0.050848,0.003803,False
702019,2,4,"[3,2]","[3,2,3,1]","[[0,1,3],[1,2]]",FEASIBLE,FEASIBLE,FEASIBLE,null,0.01206,0.024514,0.001529,False
702020,2,3,"[1,1]","[1,1,2]","[[1],[2]]",FEASIBLE,FEASIBLE,FEASIBLE,null,0.010211,0.015317,0.001103,False
702021,1,3,[1],"[2,1,2]",[[1]],FEASIBLE,FEASIBLE,FEASIBLE,null,0.005399,0.01099,0.000726,False
702022,5,6,"[1,3,1,1,2]","[1,3,2,2,3,1]","[[2,3,5],[0,2,5],[3,5],[0,1,2,3,4,5],[0,1,2,3,4,5]]",FEASIBLE,FEASIBLE,FEASIBLE,null,0.156889,0.047484,0.00343,False
702023,4,2,"[1,1,1,1]","[1,2]","[[0],[0],[1],[0]]",UNSAT,UNSAT,UNSAT,"[0, 1]",0.011302,0.03064,0.003041,False
702024,6,5,"[1,2,3,1,3,2]","[2,3,3,3,1]","[[1,2],[1,4],[0,2,4],[0,1,2,3,4],[0,3,4],[0,2,3,4]]",UNSAT,UNSAT,UNSAT,"[1, 2]",0.087136,0.085378,0.00618,False
702025,3,5,"[2,2,3]","[1,1,1,3,2]","[[0,3],[0,1,2,3],[0,1,2,3,4]]",FEASIBLE,FEASIBLE,FEASIBLE,null,0.029625,0.049022,0.002954,False
702026,1,7,[1],"[1,2,3,1,3,3,3]","[[0,1,2,3,4,5,6]]",FEASIBLE,FEASIBLE,FEASIBLE,null,0.006655,0.018637,0.001601,False
702027,4,5,"[1,1,2,2]","[3,1,1,3,2]","[[0,2,4],[2,4],[0,1,4],[1,2]]",FEASIBLE,FEASIBLE,FEASIBLE,null,0.061841,0.043921,0.002759,False
702028,5,5,"[2,3,1,2,2]","[1,2,1,1,2]","[[0,1,4],[0,1,2,4],[1],[0,1,2,3,4],[0,1,2,3,4]]",UNSAT,UNSAT,UNSAT,"[0, 1, 2, 3]",0.105267,0.065684,0.005631,False
702029,2,1,"[1,1]",[3],"[[0],[0]]",FEASIBLE,FEASIBLE,FEASIBLE,null,0.006153,0.016979,0.000957,False
702030,2,3,"[2,2]","[1,2,3]","[[0,1,2],[0,1]]",FEASIBLE,FEASIBLE,FEASIBLE,null,0.009902,0.116096,0.001795,False
702031,2,5,"[1,2]","[3,1,1,3,1]","[[3],[1,2]]",FEASIBLE,FEASIBLE,FEASIBLE,null,0.013824,0.019322,0.001317,False
702032,5,2,"[1,1,1,1,1]","[2,2]","[[0],[0],[1],[0],[1]]",UNSAT,UNSAT,UNSAT,"[0, 1, 3]",0.047311,0.039974,0.00232,False
702033,1,2,[1],"[3,1]",[[1]],FEASIBLE,FEASIBLE,FEASIBLE,null,0.003852,0.011027,0.000731,False
702034,3,5,"[3,1,2]","[1,3,3,3,3]","[[1,2,3],[2,3,4],[1,3]]",FEASIBLE,FEASIBLE,FEASIBLE,null,0.029719,0.029899,0.001889,False
702035,2,5,"[2,1]","[1,2,3,3,3]","[[1,4],[1,2,3,4]]",FEASIBLE,FEASIBLE,FEASIBLE,null,0.01539,0.021451,0.001545,False
702036,7,5,"[1,1,1,2,2,3,1]","[1,3,2,2,1]","[[0,1,2,3,4],[0,1,2,3,4],[0,1,2,3,4],[0,1,2,3,4],[1,2,3],[1,2,3,4],[0]]",UNSAT,UNSAT,UNSAT,"[0, 1, 2, 3, 4, 5]",0.520045,0.081637,0.007205,False
702037,3,1,"[1,1,1]",[2],"[[0],[0],[0]]",UNSAT,UNSAT,UNSAT,"[0, 1, 2]",0.011641,0.026555,0.001755,False
702038,7,2,"[1,1,1,1,2,1,1]","[2,1]","[[0,1],[0,1],[0],[1],[0,1],[0],[0]]",UNSAT,UNSAT,UNSAT,"[3, 4]",0.045048,0.048727,0.003722,False
702039,3,4,"[2,1,3]","[2,1,3,1]","[[0,1,2,3],[1,2,3],[1,2,3]]",FEASIBLE,FEASIBLE,FEASIBLE,null,0.069454,0.043503,0.00261,False
702040,3,6,"[2,2,1]","[3,3,1,3,1,2]","[[0,2,4],[0,1,2,4,5],[3]]",FEASIBLE,FEASIBLE,FEASIBLE,null,0.034604,0.029358,0.002015,False
702041,1,4,[2],"[2,2,2,1]","[[2,3]]",FEASIBLE,FEASIBLE,FEASIBLE,null,0.004987,0.014922,0.000942,False
702042,4,7,"[2,1,2,1]","[1,3,1,3,2,1,2]","[[4,5],[5,6],[0,1,5],[6]]",FEASIBLE,FEASIBLE,FEASIBLE,null,0.080705,0.033429,0.001995,False
702043,3,3,"[1,1,2]","[3,2,1]","[[2],[2],[0,1,2]]",UNSAT,UNSAT,UNSAT,"[0, 1]",0.011665,0.116512,0.001997,False
702044,5,2,"[2,1,1,2,1]","[2,2]","[[0,1],[0,1],[1],[0,1],[1]]",UNSAT,UNSAT,UNSAT,"[0, 1, 3]",0.034825,0.041502,0.002813,False
702045,3,5,"[1,1,1]","[2,3,3,3,3]","[[0],[0,2,3,4],[2]]",FEASIBLE,FEASIBLE,FEASIBLE,null,0.029463,0.022636,0.001597,False
702046,6,2,"[2,1,2,1,1,2]","[2,2]","[[0,1],[0],[0,1],[1],[1],[0,1]]",UNSAT,UNSAT,UNSAT,"[0, 1, 2]",0.055809,0.04864,0.003155,False
702047,4,6,"[1,1,1,2]","[2,1,1,1,3,2]","[[2,3],[0,1,2,3,4],[2],[0,1,2,3,4,5]]",FEASIBLE,FEASIBLE,FEASIBLE,null,0.073052,0.044643,0.003201,False
702048,4,2,"[1,1,1,2]","[1,3]","[[0,1],[1],[0,1],[0,1]]",UNSAT,UNSAT,UNSAT,"[0, 1, 2, 3]",0.032098,0.037939,0.002494,False
702049,2,2,"[1,1]","[3,2]","[[0],[0,1]]",FEASIBLE,FEASIBLE,FEASIBLE,null,0.009494,0.016036,0.000984,False
702050,7,5,"[1,1,2,1,2,3,1]","[2,2,3,1,2]","[[0,1,3,4],[0,1,4],[1,2,4],[3],[0,1,3],[0,2,3,4],[1]]",UNSAT,UNSAT,UNSAT,"[0, 1, 2, 3, 4, 5]",0.525415,0.111251,0.007959,False
702051,1,4,[1],"[1,3,3,1]",[[3]],FEASIBLE,FEASIBLE,FEASIBLE,null,0.005099,0.012964,0.001219,False
702052,5,4,"[1,1,1,1,3]","[1,1,1,1]","[[1,2,3],[0],[1],[3],[0,1,2,3]]",UNSAT,UNSAT,UNSAT,"[0, 1, 4]",0.05946,0.046919,0.004584,False
702053,6,1,"[1,1,1,1,1,1]",[3],"[[0],[0],[0],[0],[0],[0]]",UNSAT,UNSAT,UNSAT,"[0, 1, 2, 3]",0.056855,0.038386,0.002764,False
702054,4,3,"[2,2,2,1]","[1,2,3]","[[0,2],[0,1,2],[0,1],[0]]",UNSAT,UNSAT,UNSAT,"[0, 2]",0.017087,0.040462,0.002856,False
702055,5,1,"[1,1,1,1,1]",[3],"[[0],[0],[0],[0],[0]]",UNSAT,UNSAT,UNSAT,"[0, 1, 2, 3]",0.037129,0.118928,0.002102,False
702056,3,6,"[1,2,2]","[1,3,2,1,2,2]","[[4],[0,2,3,4,5],[0,1,2,4,5]]",FEASIBLE,FEASIBLE,FEASIBLE,null,0.034216,0.031685,0.002202,False
702057,1,6,[3],"[2,2,3,2,2,2]","[[0,1,2,3,5]]",FEASIBLE,FEASIBLE,FEASIBLE,null,0.006636,0.021926,0.001435,False
702058,6,3,"[1,1,1,3,1,2]","[1,1,1]","[[0,1],[0,1],[2],[0,1,2],[0,1],[1,2]]",UNSAT,UNSAT,UNSAT,"[0, 3]",0.025392,0.052804,0.00366,False
702059,7,7,"[2,1,2,1,1,3,3]","[3,2,1,3,3,2,2]","[[0,6],[2,3],[0,1,2,3,4,5,6],[3],[0,1,2,3,4],[1,4,6],[1,2,4,5,6]]",FEASIBLE,FEASIBLE,FEASIBLE,null,0.755132,0.07927,0.005383,False
702060,3,7,"[1,3,1]","[1,2,1,2,3,1,3]","[[4],[0,1,2,4,6],[4]]",FEASIBLE,FEASIBLE,FEASIBLE,null,0.037977,0.028663,0.001882,False
702061,4,2,"[1,1,1,1]","[3,2]","[[0],[0],[0],[0,1]]",FEASIBLE,FEASIBLE,FEASIBLE,null,0.032382,0.025108,0.001411,False
702062,1,1,[1],[2],[[0]],FEASIBLE,FEASIBLE,FEASIBLE,null,0.002981,0.009903,0.000624,False
702063,6,7,"[1,1,1,2,3,1]","[3,1,1,1,1,2,3]","[[6],[4],[0,1,3,5,6],[0,1,2,3,4,5,6],[0,1,2,3,4,5,6],[1]]",FEASIBLE,FEASIBLE,FEASIBLE,null,0.358496,0.070448,0.004801,False
702064,1,4,[2],"[1,3,3,3]","[[1,2,3]]",FEASIBLE,FEASIBLE,FEASIBLE,null,0.006426,0.015483,0.001032,False
702065,1,4,[1],"[3,2,2,2]","[[0,1,2,3]]",FEASIBLE,FEASIBLE,FEASIBLE,null,0.004412,0.013969,0.001055,False
702066,2,5,"[1,1]","[1,2,3,2,3]","[[0,1,2,3,4],[1,4]]",FEASIBLE,FEASIBLE,FEASIBLE,null,0.013158,0.023271,0.001515,False
702067,2,4,"[1,2]","[3,3,2,2]","[[2],[0,3]]",FEASIBLE,FEASIBLE,FEASIBLE,null,0.011655,0.019047,0.001138,False
702068,3,6,"[2,1,3]","[1,1,2,1,3,1]","[[1,3,4,5],[5],[0,2,5]]",UNSAT,UNSAT,UNSAT,"[1, 2]",0.02766,0.131441,0.002596,False
702069,2,2,"[1,1]","[1,2]","[[0],[0,1]]",FEASIBLE,FEASIBLE,FEASIBLE,null,0.008669,0.017868,0.000957,False
702070,3,3,"[1,2,2]","[1,2,2]","[[0,2],[0,1,2],[0,2]]",UNSAT,UNSAT,UNSAT,"[0, 1, 2]",0.021314,0.037186,0.002511,False
702071,3,4,"[1,2,1]","[3,2,2,3]","[[1,3],[0,1,2],[2]]",FEASIBLE,FEASIBLE,FEASIBLE,null,0.02511,0.024356,0.001392,False
702072,6,1,"[1,1,1,1,1,1]",[2],"[[0],[0],[0],[0],[0],[0]]",UNSAT,UNSAT,UNSAT,"[0, 1, 2]",0.029765,0.036956,0.002126,False
702073,4,7,"[3,1,3,1]","[2,2,1,1,1,2,1]","[[0,1,2,4,6],[0,3,4,6],[0,1,2,3,4,5,6],[1,2,3,4,6]]",FEASIBLE,FEASIBLE,FEASIBLE,null,0.084145,0.050743,0.003371,False
702074,5,7,"[1,2,2,1,1]","[2,2,1,1,2,1,2]","[[3,5,6],[4,5],[0,3],[2,3],[0,1]]",FEASIBLE,FEASIBLE,FEASIBLE,null,0.173088,0.050568,0.003306,False
702075,4,5,"[3,2,2,1]","[3,1,2,1,3]","[[0,2,4],[0,1,2],[0,1,2,3],[0]]",FEASIBLE,FEASIBLE,FEASIBLE,null,0.063285,0.052278,0.0029,False
702076,7,3,"[2,1,1,1,3,1,2]","[1,2,3]","[[1,2],[0,1,2],[0,1],[0,2],[0,1,2],[1],[1,2]]",UNSAT,UNSAT,UNSAT,"[0, 2, 4]",0.104312,0.062686,0.004539,False
702077,2,7,"[1,3]","[3,1,1,2,2,2,3]","[[0],[0,2,3,4,5,6]]",FEASIBLE,FEASIBLE,FEASIBLE,null,0.016849,0.026176,0.001646,False
702078,7,3,"[1,2,2,1,2,1,1]","[2,3,3]","[[0,1,2],[0,1],[1,2],[2],[0,1],[0,2],[0]]",UNSAT,UNSAT,UNSAT,"[1, 4, 6]",0.13844,0.061468,0.005452,False
702079,5,2,"[1,1,1,1,2]","[1,2]","[[1],[0],[0],[0],[0,1]]",UNSAT,UNSAT,UNSAT,"[1, 2]",0.02041,0.118061,0.002576,False
702080,2,5,"[1,3]","[2,1,2,2,2]","[[0,2,4],[0,1,2]]",FEASIBLE,FEASIBLE,FEASIBLE,null,0.014706,0.024011,0.001499,False
702081,5,7,"[3,3,1,1,1]","[3,1,2,1,3,2,1]","[[3,5,6],[2,3,4,5,6],[2],[2],[2,3]]",UNSAT,UNSAT,UNSAT,"[0, 1, 2, 3]",0.139957,0.057056,0.004005,False
702082,2,6,"[1,1]","[2,2,1,3,3,2]","[[0,4],[0]]",FEASIBLE,FEASIBLE,FEASIBLE,null,0.053481,0.041487,0.001098,False
702083,3,6,"[3,3,1]","[3,2,3,1,2,1]","[[0,1,2,3,5],[0,1,2,3,4,5],[4]]",FEASIBLE,FEASIBLE,FEASIBLE,null,0.042072,0.049974,0.002327,False
702084,3,6,"[1,1,2]","[3,1,2,2,3,3]","[[0,3],[0,2,3,4,5],[0,1,3,4,5]]",FEASIBLE,FEASIBLE,FEASIBLE,null,0.043931,0.035226,0.002014,False
702085,1,6,[1],"[2,1,3,2,2,3]","[[1,4,5]]",FEASIBLE,FEASIBLE,FEASIBLE,null,0.007901,0.016599,0.00104,False
702086,6,2,"[1,1,2,1,1,1]","[3,3]","[[1],[0,1],[0,1],[0],[0],[0,1]]",UNSAT,UNSAT,UNSAT,"[0, 1, 2, 3, 4, 5]",0.132158,0.048368,0.00316,False
702087,1,1,[1],[1],[[0]],FEASIBLE,FEASIBLE,FEASIBLE,null,0.003001,0.010676,0.000616,False
702088,3,1,"[1,1,1]",[3],"[[0],[0],[0]]",FEASIBLE,FEASIBLE,FEASIBLE,null,0.011551,0.019165,0.001008,False
702089,2,3,"[1,1]","[3,2,3]","[[0,1],[0,1,2]]",FEASIBLE,FEASIBLE,FEASIBLE,null,0.01031,0.017648,0.001232,False
702090,3,6,"[1,3,1]","[2,3,1,1,3,1]","[[0,1],[0,1,3,4,5],[3]]",FEASIBLE,FEASIBLE,FEASIBLE,null,0.033675,0.038338,0.002271,False
702091,1,7,[3],"[1,3,3,3,3,2,1]","[[2,3,4]]",FEASIBLE,FEASIBLE,FEASIBLE,null,0.006724,0.041434,0.001176,False
702092,4,3,"[2,1,1,1]","[1,1,2]","[[0,1,2],[0,1,2],[0,1,2],[2]]",UNSAT,UNSAT,UNSAT,"[0, 1, 2, 3]",0.042127,0.129211,0.002912,False
702093,1,7,[1],"[3,3,2,3,2,3,1]","[[0,1,5]]",FEASIBLE,FEASIBLE,FEASIBLE,null,0.006586,0.014849,0.000979,False
702094,7,3,"[2,3,2,2,3,3,1]","[1,3,2]","[[0,2],[0,1,2],[1,2],[0,1,2],[0,1,2],[0,1,2],[0,1,2]]",UNSAT,UNSAT,UNSAT,"[0, 1]",0.02084,0.069273,0.005,False
702095,3,3,"[1,1,1]","[3,3,1]","[[1],[2],[2]]",UNSAT,UNSAT,UNSAT,"[1, 2]",0.017824,0.026918,0.001837,False
702096,7,4,"[1,2,2,1,1,1,2]","[3,3,1,2]","[[1,2,3],[0,1,2,3],[0,1],[0,1,2,3],[1,2],[1],[1,3]]",UNSAT,UNSAT,UNSAT,"[0, 1, 2, 4, 5, 6]",0.445814,0.107436,0.00591,False
702097,4,1,"[1,1,1,1]",[2],"[[0],[0],[0],[0]]",UNSAT,UNSAT,UNSAT,"[0, 1, 2]",0.016703,0.031337,0.001808,False
702098,7,2,"[1,1,1,1,1,1,1]","[2,2]","[[0,1],[1],[0,1],[0,1],[0],[1],[0,1]]",UNSAT,UNSAT,UNSAT,"[0, 1, 2, 3, 4]",0.206363,0.049856,0.003325,False
702099,7,6,"[1,2,1,1,2,2,1]","[1,3,2,3,1,2]","[[1,2,3,5],[1,2,3,5],[1,2,3,4,5],[1,2,3,5],[0,1,2,4,5],[1,2,3,5],[0,1,3,4,5]]",FEASIBLE,FEASIBLE,FEASIBLE,null,0.685913,0.065242,0.005413,False
702100,7,6,"[1,1,3,1,1,2,1]","[2,2,2,1,1,1]","[[1],[2],[0,1,2,3,4,5],[5],[4,5],[1,3],[4,5]]",UNSAT,UNSAT,UNSAT,"[3, 4, 6]",0.282963,0.065429,0.00478,False
702101,3,6,"[2,1,3]","[1,3,2,2,2,1]","[[2,5],[4],[2,3,5]]",UNSAT,UNSAT,UNSAT,"[0, 2]",0.02317,0.039917,0.002438,False
702102,1,7,[2],"[2,2,3,3,1,1,1]","[[0,2,5]]",FEASIBLE,FEASIBLE,FEASIBLE,null,0.006518,0.097821,0.001048,False
702103,3,2,"[1,1,1]","[3,1]","[[1],[0,1],[1]]",UNSAT,UNSAT,UNSAT,"[0, 2]",0.011845,0.027303,0.001775,False
702104,1,5,[2],"[2,1,2,3,3]","[[0,1,3,4]]",FEASIBLE,FEASIBLE,FEASIBLE,null,0.014628,0.019034,0.001132,False
702105,7,5,"[2,2,1,1,2,1,2]","[1,2,2,1,3]","[[2,4],[0,1,2,3,4],[0],[0],[1,3,4],[0,1,2],[0,2,4]]",UNSAT,UNSAT,UNSAT,"[2, 3]",0.072401,0.094343,0.006355,False
702106,1,6,[2],"[3,1,2,2,3,1]","[[0,3]]",FEASIBLE,FEASIBLE,FEASIBLE,null,0.006189,0.016671,0.000924,False
702107,4,2,"[1,2,1,1]","[2,1]","[[1],[0,1],[1],[1]]",UNSAT,UNSAT,UNSAT,"[0, 1]",0.011532,0.033072,0.00216,False
702108,6,7,"[2,1,2,1,3,2]","[3,2,1,1,2,1,2]","[[0,2,4,5],[4,6],[1,3,4,5],[2],[0,4,5,6],[0,1,2,3,4,5,6]]",FEASIBLE,FEASIBLE,FEASIBLE,null,0.3647,0.069036,0.004454,False
702109,5,3,"[1,1,2,1,1]","[1,3,3]","[[1,2],[0,1],[0,1],[1],[0]]",UNSAT,UNSAT,UNSAT,"[2, 4]",0.036266,0.050952,0.003167,False
702110,4,1,"[1,1,1,1]",[3],"[[0],[0],[0],[0]]",UNSAT,UNSAT,UNSAT,"[0, 1, 2, 3]",0.025196,0.032353,0.001774,False
702111,1,4,[1],"[3,2,1,2]","[[1,2]]",FEASIBLE,FEASIBLE,FEASIBLE,null,0.004788,0.0144,0.000833,False
702112,6,6,"[1,2,3,2,3,1]","[2,2,3,2,1,1]","[[0],[0,1,2,3,4,5],[0,1,2,3,4,5],[0,1,2,3,4,5],[1,2,3,4,5],[1,5]]",UNSAT,UNSAT,UNSAT,"[0, 1, 2, 3, 4, 5]",0.319772,0.084576,0.006031,False
702113,1,7,[1],"[3,2,1,1,1,3,1]","[[0,1,2,3,4,5,6]]",FEASIBLE,FEASIBLE,FEASIBLE,null,0.006412,0.021544,0.001478,False
702114,2,7,"[1,2]","[2,2,1,3,1,1,1]","[[2,3,4,5,6],[5,6]]",FEASIBLE,FEASIBLE,FEASIBLE,null,0.017399,0.106229,0.001597,False
702115,1,7,[1],"[1,1,3,3,3,2,3]","[[0,1,2,3,4,5,6]]",FEASIBLE,FEASIBLE,FEASIBLE,null,0.006696,0.017209,0.001342,False
702116,7,1,"[1,1,1,1,1,1,1]",[2],"[[0],[0],[0],[0],[0],[0],[0]]",UNSAT,UNSAT,UNSAT,"[0, 1, 2]",0.038669,0.041306,0.00235,False
702117,5,2,"[1,2,1,1,1]","[2,3]","[[0],[0,1],[1],[1],[0,1]]",UNSAT,UNSAT,UNSAT,"[0, 1, 2, 3, 4]",0.065952,0.043085,0.002596,False
702118,7,4,"[1,1,1,3,2,2,1]","[1,1,3,2]","[[0,2],[0,3],[3],[0,2,3],[0,1,2],[1,3],[1]]",UNSAT,UNSAT,UNSAT,"[5, 6]",0.090295,0.080529,0.005206,False
702119,5,4,"[1,1,1,2,3]","[1,1,2,2]","[[0],[0,1],[2],[0,1,2,3],[0,1,3]]",UNSAT,UNSAT,UNSAT,"[0, 4]",0.032396,0.048432,0.003107,False
702120,3,1,"[1,1,1]",[1],"[[0],[0],[0]]",UNSAT,UNSAT,UNSAT,"[0, 1]",0.011081,0.025206,0.001507,False
702121,4,3,"[1,1,1,1]","[3,1,2]","[[2],[0,2],[0,1,2],[0]]",FEASIBLE,FEASIBLE,FEASIBLE,null,0.04245,0.025232,0.001524,False
702122,1,4,[2],"[1,1,1,1]","[[0,1,2,3]]",FEASIBLE,FEASIBLE,FEASIBLE,null,0.004845,0.016108,0.001023,False
702123,5,3,"[2,1,1,1,1]","[2,3,3]","[[0,1,2],[1],[1,2],[0],[0]]",FEASIBLE,FEASIBLE,FEASIBLE,null,0.086592,0.047818,0.012178,False
702124,2,3,"[1,2]","[2,1,1]","[[1],[1,2]]",UNSAT,UNSAT,UNSAT,"[0, 1]",0.009589,0.025417,0.002141,False
702125,5,3,"[2,1,1,1,2]","[2,1,3]","[[0,1,2],[1],[0,1,2],[1],[0,1]]",UNSAT,UNSAT,UNSAT,"[1, 3]",0.040675,0.060188,0.003599,False
702126,1,7,[1],"[2,3,3,1,1,3,3]","[[1,2,3,4,6]]",FEASIBLE,FEASIBLE,FEASIBLE,null,0.00681,0.01745,0.001241,False
702127,6,2,"[1,1,1,1,1,1]","[1,2]","[[1],[1],[1],[0],[1],[1]]",UNSAT,UNSAT,UNSAT,"[0, 1, 2]",0.043971,0.039013,0.002508,False
702128,5,5,"[1,2,3,2,2]","[1,2,3,1,3]","[[4],[0,1,2,3,4],[0,1,3,4],[0,2],[0,1,2,3,4]]",FEASIBLE,FEASIBLE,FEASIBLE,null,0.142589,0.064785,0.004004,False
702129,4,4,"[1,1,1,3]","[1,1,3,3]","[[0,3],[1,2],[3],[1,2,3]]",FEASIBLE,FEASIBLE,FEASIBLE,null,0.053712,0.040023,0.002287,False
702130,4,4,"[2,2,1,3]","[3,1,2,1]","[[0,1,2,3],[0,1],[1,2,3],[1,2,3]]",UNSAT,UNSAT,UNSAT,"[1, 3]",0.030257,0.050351,0.00354,False
702131,6,3,"[1,1,1,1,1,1]","[2,2,1]","[[0,1,2],[1],[0],[0,1,2],[1,2],[1,2]]",UNSAT,UNSAT,UNSAT,"[0, 1, 2, 3, 4, 5]",0.193648,0.053229,0.003429,False
702132,7,2,"[1,2,2,2,1,1,1]","[3,2]","[[0],[0,1],[0,1],[0,1],[0,1],[1],[0]]",UNSAT,UNSAT,UNSAT,"[1, 2, 3]",0.089031,0.052719,0.003214,False
702133,2,7,"[3,1]","[1,3,3,2,2,1,1]","[[0,1,2,4],[0,1,2,3,4,5,6]]",FEASIBLE,FEASIBLE,FEASIBLE,null,0.01724,0.030904,0.002087,False
702134,3,3,"[1,2,1]","[2,2,1]","[[0,1,2],[0,1],[0]]",FEASIBLE,FEASIBLE,FEASIBLE,null,0.020431,0.030473,0.001741,False
702135,2,3,"[1,1]","[1,2,1]","[[0,1,2],[2]]",FEASIBLE,FEASIBLE,FEASIBLE,null,0.009783,0.016682,0.001163,False
702136,1,7,[1],"[2,2,1,1,1,2,1]","[[3,4,5,6]]",FEASIBLE,FEASIBLE,FEASIBLE,null,0.006549,0.01717,0.001064,False
702137,7,6,"[3,1,2,2,1,2,2]","[3,3,1,3,2,2]","[[0,1,4,5],[0],[0,1,2,3,4,5],[1,2,3,4,5],[0],[0,1,2,3,4,5],[1,2,3,4,5]]",FEASIBLE,FEASIBLE,FEASIBLE,null,0.692321,0.166484,0.005342,False
702138,2,7,"[2,2]","[3,3,1,2,3,1,2]","[[0,1,2,3,4,5,6],[0,2,3,4,6]]",FEASIBLE,FEASIBLE,FEASIBLE,null,0.017781,0.029448,0.00196,False
702139,6,5,"[1,1,1,3,1,1]","[2,2,2,2,2]","[[0,1,2,3,4],[0],[0],[2,3,4],[0,1,2,3],[0]]",UNSAT,UNSAT,UNSAT,"[1, 2, 5]",0.137253,0.068668,0.004049,False
702140,2,3,"[2,2]","[2,3,2]","[[0,1],[0,1,2]]",FEASIBLE,FEASIBLE,FEASIBLE,null,0.009955,0.022215,0.00137,False
702141,5,2,"[1,1,1,1,1]","[2,1]","[[0],[0],[0],[0,1],[0]]",UNSAT,UNSAT,UNSAT,"[0, 1, 2]",0.032084,0.036198,0.002207,False
702142,2,3,"[1,1]","[3,2,2]","[[0,2],[0,1,2]]",FEASIBLE,FEASIBLE,FEASIBLE,null,0.016551,0.017602,0.001161,False
702143,7,1,"[1,1,1,1,1,1,1]",[2],"[[0],[0],[0],[0],[0],[0],[0]]",UNSAT,UNSAT,UNSAT,"[0, 1, 2]",0.038164,0.041203,0.002403,False
702144,7,2,"[1,1,1,1,1,1,1]","[1,3]","[[0],[0],[1],[1],[0],[0],[1]]",UNSAT,UNSAT,UNSAT,"[0, 1]",0.016466,0.04187,0.002504,False
702145,1,2,[2],"[2,2]","[[0,1]]",FEASIBLE,FEASIBLE,FEASIBLE,null,0.003625,0.014013,0.000772,False
702146,7,1,"[1,1,1,1,1,1,1]",[3],"[[0],[0],[0],[0],[0],[0],[0]]",UNSAT,UNSAT,UNSAT,"[0, 1, 2, 3]",0.084594,0.041365,0.002096,False
702147,4,3,"[1,1,1,2]","[2,2,3]","[[0,1],[0,1,2],[0,1],[0,1,2]]",FEASIBLE,FEASIBLE,FEASIBLE,null,0.042126,0.033435,0.001866,False
702148,6,1,"[1,1,1,1,1,1]",[2],"[[0],[0],[0],[0],[0],[0]]",UNSAT,UNSAT,UNSAT,"[0, 1, 2]",0.029767,0.037767,0.001926,False
702149,5,6,"[2,3,3,1,2]","[2,1,2,1,1,3]","[[0,4],[0,1,2,3,4,5],[0,1,2,3,4],[3],[1,4,5]]",UNSAT,UNSAT,UNSAT,"[0, 1, 2, 3]",0.123794,0.16708,0.005923,False
702150,7,1,"[1,1,1,1,1,1,1]",[3],"[[0],[0],[0],[0],[0],[0],[0]]",UNSAT,UNSAT,UNSAT,"[0, 1, 2, 3]",0.08653,0.043388,0.001943,False
702151,4,5,"[2,1,2,1]","[3,2,3,2,2]","[[0,1,2,3,4],[1,3,4],[0,1,2,3],[2,4]]",FEASIBLE,FEASIBLE,FEASIBLE,null,0.063652,0.03604,0.002593,False
702152,3,3,"[1,2,2]","[2,3,3]","[[0,2],[0,1],[0,2]]",FEASIBLE,FEASIBLE,FEASIBLE,null,0.020128,0.032857,0.001928,False
702153,5,6,"[1,2,2,3,1]","[1,1,2,3,2,1]","[[2],[0,1,3],[0,1,2,4,5],[1,2,3,4,5],[2,5]]",FEASIBLE,FEASIBLE,FEASIBLE,null,0.163159,0.06476,0.003691,False
702154,7,1,"[1,1,1,1,1,1,1]",[1],"[[0],[0],[0],[0],[0],[0],[0]]",UNSAT,UNSAT,UNSAT,"[0, 1]",0.011761,0.040267,0.001998,False
702155,3,1,"[1,1,1]",[3],"[[0],[0],[0]]",FEASIBLE,FEASIBLE,FEASIBLE,null,0.011382,0.018373,0.000933,False
702156,3,4,"[2,2,1]","[1,3,2,2]","[[1,2],[0,3],[0,1,2]]",FEASIBLE,FEASIBLE,FEASIBLE,null,0.024803,0.02778,0.001746,False
702157,2,1,"[1,1]",[3],"[[0],[0]]",FEASIBLE,FEASIBLE,FEASIBLE,null,0.007439,0.014113,0.00077,False
702158,4,5,"[1,1,3,1]","[1,2,2,2,2]","[[0,1,2,4],[4],[0,1,2,4],[3]]",FEASIBLE,FEASIBLE,FEASIBLE,null,0.062165,0.033234,0.002085,False
702159,7,4,"[2,1,2,2,3,3,3]","[2,2,3,2]","[[0,1,2],[2],[0,2,3],[0,1,2,3],[0,1,2,3],[0,1,2,3],[0,1,2,3]]",UNSAT,UNSAT,UNSAT,"[0, 2, 4, 5]",0.266744,0.09341,0.005666,False
702160,1,4,[2],"[3,1,3,1]","[[2,3]]",FEASIBLE,FEASIBLE,FEASIBLE,null,0.005263,0.016376,0.000906,False
702161,3,6,"[1,2,1]","[1,3,2,2,3,3]","[[2,4],[0,1,3,4],[0,2]]",FEASIBLE,FEASIBLE,FEASIBLE,null,0.034323,0.17497,0.001792,False
702162,1,1,[1],[3],[[0]],FEASIBLE,FEASIBLE,FEASIBLE,null,0.003286,0.010201,0.000598,False
702163,2,6,"[1,2]","[3,3,3,2,2,1]","[[4],[3,4]]",FEASIBLE,FEASIBLE,FEASIBLE,null,0.015883,0.02044,0.001227,False
702164,5,7,"[3,3,2,1,1]","[1,2,1,2,1,2,3]","[[2,4,5,6],[0,1,5],[0,2,4,5],[2],[0,1,2,3,4,5,6]]",UNSAT,UNSAT,UNSAT,"[0, 1, 2]",0.085666,0.095173,0.005995,False
702165,1,4,[3],"[1,1,2,2]","[[0,1,2,3]]",FEASIBLE,FEASIBLE,FEASIBLE,null,0.005076,0.019681,0.001147,False
702166,4,4,"[1,1,3,1]","[3,2,3,3]","[[0,2,3],[1,2,3],[1,2,3],[1]]",FEASIBLE,FEASIBLE,FEASIBLE,null,0.053099,0.042726,0.002422,False
702167,2,2,"[2,1]","[1,1]","[[0,1],[0,1]]",UNSAT,UNSAT,UNSAT,"[0, 1]",0.008249,0.028363,0.001746,False
702168,7,1,"[1,1,1,1,1,1,1]",[2],"[[0],[0],[0],[0],[0],[0],[0]]",UNSAT,UNSAT,UNSAT,"[0, 1, 2]",0.05208,0.044269,0.001943,False
702169,2,6,"[1,2]","[2,3,1,3,3,2]","[[0,1,2,3,4,5],[2,5]]",FEASIBLE,FEASIBLE,FEASIBLE,null,0.015873,0.024426,0.001685,False
702170,2,4,"[1,3]","[3,3,1,3]","[[1],[0,1,2,3]]",FEASIBLE,FEASIBLE,FEASIBLE,null,0.013109,0.0224,0.00144,False
702171,7,5,"[3,1,2,1,2,1,3]","[2,2,3,1,3]","[[0,1,2,3],[0,1,2,3],[1,2,4],[0,2,4],[0,3],[1,3],[1,3,4]]",UNSAT,UNSAT,UNSAT,"[4, 6]",0.106211,0.138029,0.007475,False
702172,5,4,"[1,1,1,3,1]","[2,2,1,3]","[[1],[1],[1],[0,1,2],[0,1,3]]",UNSAT,UNSAT,UNSAT,"[0, 1, 2]",0.05392,0.046137,0.002867,False
702173,3,7,"[2,1,3]","[1,1,1,2,3,2,3]","[[0,1,2,3,4,5,6],[0,1,2,3,4,5,6],[0,1,2,3,4,5,6]]",FEASIBLE,FEASIBLE,FEASIBLE,null,0.039079,0.127961,0.003153,False
702174,2,2,"[1,1]","[2,2]","[[0,1],[0]]",FEASIBLE,FEASIBLE,FEASIBLE,null,0.008661,0.016298,0.000967,False
702175,1,4,[1],"[1,1,2,3]",[[0]],FEASIBLE,FEASIBLE,FEASIBLE,null,0.004893,0.01208,0.000735,False
702176,3,3,"[1,1,3]","[3,2,2]","[[2],[1,2],[0,1,2]]",FEASIBLE,FEASIBLE,FEASIBLE,null,0.021085,0.039125,0.001505,False
702177,4,6,"[2,1,2,1]","[1,1,1,1,3,1]","[[0,1,2,3,4,5],[2,4],[0,5],[1,4]]",FEASIBLE,FEASIBLE,FEASIBLE,null,0.076698,0.049865,0.003011,False
702178,6,5,"[1,1,1,1,3,1]","[1,2,2,3,2]","[[3],[0,1,3,4],[2,3],[1],[0,1,2,3,4],[0,1,2,3,4]]",FEASIBLE,FEASIBLE,FEASIBLE,null,0.278273,0.048041,0.003256,False
702179,6,5,"[3,2,2,1,2,1]","[2,2,2,1,1]","[[0,1,2,3,4],[0,1,2,4],[0,1,2],[0,1],[2,3],[2]]",UNSAT,UNSAT,UNSAT,"[0, 1, 2, 4]",0.180506,0.090906,0.006061,False
702180,5,7,"[3,1,1,3,1]","[1,3,3,1,1,3,3]","[[3,4,6],[0,1,2,3,4,5,6],[2],[1,2,3,4,5,6],[0,2,5]]",FEASIBLE,FEASIBLE,FEASIBLE,null,0.272162,0.069508,0.003461,False
702181,6,3,"[2,1,2,1,2,3]","[2,2,2]","[[1,2],[0,1,2],[1,2],[0,1,2],[1,2],[0,1,2]]",UNSAT,UNSAT,UNSAT,"[0, 2, 4]",0.075444,0.059553,0.00402,False
702182,7,4,"[2,1,1,1,2,1,1]","[1,2,1,2]","[[1,3],[1,2],[2],[0],[0,1,2,3],[3],[1,3]]",UNSAT,UNSAT,UNSAT,"[0, 1, 2, 3, 4]",0.360225,0.064808,0.004048,False
702183,3,2,"[1,2,2]","[2,3]","[[0,1],[0,1],[0,1]]",FEASIBLE,FEASIBLE,FEASIBLE,null,0.032866,0.037423,0.001841,False
702184,7,6,"[1,1,2,3,2,1,1]","[3,2,1,2,3,2]","[[0,1,2,4],[0,1,2,3,5],[0,2,3,4,5],[0,1,4],[0,1,2,3],[1,2,3],[0]]",FEASIBLE,FEASIBLE,FEASIBLE,null,0.679909,0.18456,0.005468,False
702185,3,3,"[1,1,3]","[2,1,3]","[[1],[0,1,2],[0,1,2]]",UNSAT,UNSAT,UNSAT,"[0, 2]",0.016216,0.038535,0.002218,False
702186,2,1,"[1,1]",[3],"[[0],[0]]",FEASIBLE,FEASIBLE,FEASIBLE,null,0.008085,0.015423,0.000797,False
702187,4,3,"[1,1,2,1]","[3,1,3]","[[1,2],[2],[0,1,2],[0]]",FEASIBLE,FEASIBLE,FEASIBLE,null,0.043821,0.028902,0.001683,False
702188,3,1,"[1,1,1]",[1],"[[0],[0],[0]]",UNSAT,UNSAT,UNSAT,"[0, 1]",0.007228,0.025781,0.002405,False
702189,6,5,"[2,2,3,1,2,1]","[1,3,3,3,1]","[[1,2,4],[0,1,2,3,4],[0,1,2,3,4],[3,4],[1,2],[3]]",FEASIBLE,FEASIBLE,FEASIBLE,null,0.281437,0.064688,0.004533,False
702190,6,6,"[1,3,1,1,2,1]","[2,3,3,3,1,1]","[[0,3,4,5],[0,1,5],[5],[2],[0,2,4,5],[0,2,3,4,5]]",UNSAT,UNSAT,UNSAT,"[1, 2]",0.055178,0.058437,0.004257,False
702191,6,4,"[2,1,3,2,1,2]","[1,2,3,3]","[[0,1,2,3],[3],[0,1,2,3],[2,3],[3],[0,1,2,3]]",UNSAT,UNSAT,UNSAT,"[0, 1, 2, 3, 5]",0.226192,0.071614,0.004561,False
702192,4,1,"[1,1,1,1]",[2],"[[0],[0],[0],[0]]",UNSAT,UNSAT,UNSAT,"[0, 1, 2]",0.016805,0.031521,0.001681,False
702193,1,3,[2],"[3,2,1]","[[1,2]]",FEASIBLE,FEASIBLE,FEASIBLE,null,0.004495,0.0148,0.000934,False
702194,6,7,"[1,1,1,1,3,3]","[1,3,2,2,1,1,2]","[[1],[0,2,3],[5],[0,2,3,4,5,6],[0,1,2,3,4,5,6],[0,1,2,3,4,5,6]]",FEASIBLE,FEASIBLE,FEASIBLE,null,0.381548,0.059479,0.004135,False
702195,7,5,"[2,1,1,1,1,2,1]","[1,2,1,2,3]","[[1,2,3,4],[1,3,4],[0,4],[3,4],[0,1,2,3,4],[0,2,4],[0,2,4]]",FEASIBLE,FEASIBLE,FEASIBLE,null,0.618032,0.159712,0.004401,False
702196,3,2,"[1,1,1]","[1,2]","[[0],[0],[0,1]]",UNSAT,UNSAT,UNSAT,"[0, 1]",0.010809,0.030324,0.001806,False
702197,1,3,[1],"[3,2,2]",[[0]],FEASIBLE,FEASIBLE,FEASIBLE,null,0.004496,0.011876,0.000664,False
702198,3,2,"[1,1,1]","[3,2]","[[0],[0],[0]]",FEASIBLE,FEASIBLE,FEASIBLE,null,0.016931,0.019487,0.001508,False
702199,3,3,"[2,1,3]","[3,1,2]","[[0,1,2],[2],[0,1,2]]",UNSAT,UNSAT,UNSAT,"[0, 1, 2]",0.022832,0.041757,0.002963,False
702200,1,3,[1],"[1,2,1]",[[0]],FEASIBLE,FEASIBLE,FEASIBLE,null,0.005133,0.013542,0.000715,False
702201,6,5,"[1,3,1,1,1,1]","[2,3,3,2,1]","[[0,1,2,3,4],[1,2,3,4],[4],[1],[2],[0]]",FEASIBLE,FEASIBLE,FEASIBLE,null,0.285608,0.043507,0.002473,False
702202,3,4,"[2,3,3]","[1,2,1,3]","[[0,2,3],[0,1,2],[0,1,2,3]]",UNSAT,UNSAT,UNSAT,"[0, 1]",0.015097,0.062864,0.003768,False
702203,1,5,[2],"[3,1,2,3,2]","[[1,2,3,4]]",FEASIBLE,FEASIBLE,FEASIBLE,null,0.00574,0.018212,0.001187,False
702204,3,3,"[1,2,2]","[1,2,1]","[[1],[1,2],[0,2]]",UNSAT,UNSAT,UNSAT,"[1, 2]",0.017734,0.034501,0.00211,False
702205,1,4,[2],"[1,1,2,1]","[[0,1,2,3]]",FEASIBLE,FEASIBLE,FEASIBLE,null,0.005153,0.017495,0.001054,False
702206,4,5,"[1,2,1,1]","[1,2,2,2,3]","[[0,1,2,3,4],[1,2],[0,3],[3]]",FEASIBLE,FEASIBLE,FEASIBLE,null,0.064785,0.033239,0.002157,False
702207,4,3,"[1,1,2,1]","[3,3,1]","[[2],[1],[0,1,2],[1]]",FEASIBLE,FEASIBLE,FEASIBLE,null,0.043777,0.027568,0.001583,False
702208,7,3,"[2,1,1,1,1,1,2]","[1,2,2]","[[1,2],[0,1,2],[0,2],[0,1,2],[0,1],[1],[0,2]]",UNSAT,UNSAT,UNSAT,"[0, 2, 6]",0.102115,0.147721,0.004475,False
702209,1,4,[2],"[3,3,3,2]","[[0,1,2,3]]",FEASIBLE,FEASIBLE,FEASIBLE,null,0.005258,0.018094,0.000986,False
702210,6,5,"[2,1,1,2,1,3]","[3,1,3,2,2]","[[1,2,4],[0,2,3,4],[0,1,2,3,4],[0,1,2,3,4],[4],[0,1,2,3]]",FEASIBLE,FEASIBLE,FEASIBLE,null,0.286623,0.070781,0.004673,False
702211,4,7,"[3,2,2,1]","[3,1,3,1,1,3,2]","[[0,1,2,3,4,5,6],[2,3],[0,1,2,3,4,5,6],[6]]",FEASIBLE,FEASIBLE,FEASIBLE,null,0.089708,0.045387,0.003017,False
702212,5,5,"[3,1,2,1,3]","[2,2,3,2,2]","[[0,1,2,3,4],[0,1,3],[0,1,2,3,4],[0],[0,1,3,4]]",FEASIBLE,FEASIBLE,FEASIBLE,null,0.151523,0.072281,0.004203,False
702213,7,5,"[1,1,2,3,2,2,2]","[3,3,3,2,2]","[[4],[0,1,4],[0,1,2,4],[1,2,4],[0,1,2,3,4],[1,4],[0,1,2,3,4]]",UNSAT,UNSAT,UNSAT,"[0, 3, 5]",0.163066,0.097479,0.005714,False
702214,6,4,"[2,1,2,2,2,1]","[2,1,3,2]","[[0,1,2,3],[0,1,2,3],[0,1,2,3],[0,1],[0,2,3],[2]]",UNSAT,UNSAT,UNSAT,"[0, 1, 2, 3, 4]",0.219232,0.070546,0.004681,False
702215,1,7,[2],"[1,2,2,2,3,1,2]","[[0,6]]",FEASIBLE,FEASIBLE,FEASIBLE,null,0.006824,0.018015,0.001055,False
702216,2,3,"[2,1]","[2,2,2]","[[0,1,2],[2]]",FEASIBLE,FEASIBLE,FEASIBLE,null,0.010207,0.020136,0.001209,False
702217,2,3,"[2,1]","[2,3,2]","[[0,1,2],[0,1]]",FEASIBLE,FEASIBLE,FEASIBLE,null,0.024871,0.039583,0.001221,False
702218,6,5,"[1,3,3,3,1,1]","[3,2,3,1,1]","[[0,1,2,3,4],[0,1,2,3],[1,3,4],[0,1,2,4],[3],[0,1,2,4]]",UNSAT,UNSAT,UNSAT,"[2, 4]",0.069183,0.159699,0.005074,False
702219,2,4,"[2,2]","[3,3,2,2]","[[0,1,2,3],[0,1,3]]",FEASIBLE,FEASIBLE,FEASIBLE,null,0.01221,0.025175,0.001439,False
702220,2,1,"[1,1]",[1],"[[0],[0]]",UNSAT,UNSAT,UNSAT,"[0, 1]",0.006581,0.022277,0.00122,False
702221,4,1,"[1,1,1,1]",[2],"[[0],[0],[0],[0]]",UNSAT,UNSAT,UNSAT,"[0, 1, 2]",0.016695,0.031238,0.001475,False
702222,4,2,"[1,2,2,1]","[2,3]","[[1],[0,1],[0,1],[0]]",UNSAT,UNSAT,UNSAT,"[1, 2, 3]",0.030246,0.038266,0.002142,False
702223,6,5,"[1,2,3,1,1,2]","[2,3,3,1,2]","[[0,4],[0,1],[0,1,2,4],[0,1,2,3,4],[0,1,2,3,4],[0,3,4]]",FEASIBLE,FEASIBLE,FEASIBLE,null,0.31212,0.059859,0.003611,False
702224,2,7,"[3,1]","[2,3,2,2,1,1,2]","[[0,1,2,3,5,6],[4]]",FEASIBLE,FEASIBLE,FEASIBLE,null,0.018397,0.02756,0.001665,False
702225,5,5,"[1,1,2,1,3]","[2,2,2,2,2]","[[2],[4],[0,1,2,3],[0,1,2,3,4],[0,1,2,3,4]]",FEASIBLE,FEASIBLE,FEASIBLE,null,0.13565,0.045815,0.002912,False
702226,4,6,"[2,2,2,2]","[3,2,2,2,1,1]","[[1,2,3,4,5],[1,2,3],[0,1,2,4,5],[0,1,5]]",FEASIBLE,FEASIBLE,FEASIBLE,null,0.076099,0.046038,0.002975,False
702227,4,5,"[3,2,3,1]","[3,3,2,1,3]","[[0,2,3],[0,4],[0,1,2,3],[1,2,4]]",FEASIBLE,FEASIBLE,FEASIBLE,null,0.065646,0.042029,0.002345,False
702228,4,5,"[1,3,1,2]","[1,1,1,2,2]","[[0,1,2,3,4],[0,1,2,3,4],[0,1,2,3],[2,3,4]]",FEASIBLE,FEASIBLE,FEASIBLE,null,0.063981,0.062588,0.003677,False
702229,4,1,"[1,1,1,1]",[1],"[[0],[0],[0],[0]]",UNSAT,UNSAT,UNSAT,"[0, 1]",0.008674,0.132204,0.001573,False
702230,6,7,"[2,3,3,1,1,1]","[2,1,2,1,3,2,1]","[[0,1,2,3,4,5,6],[1,2,5,6],[0,1,2,3,4,6],[0,1,4,6],[6],[2]]",FEASIBLE,FEASIBLE,FEASIBLE,null,0.384204,0.121911,0.006138,False
702231,5,3,"[1,1,2,1,2]","[1,1,1]","[[1,2],[0,1],[1,2],[2],[0,2]]",UNSAT,UNSAT,UNSAT,"[0, 2]",0.021549,0.047133,0.003233,False
702232,1,7,[2],"[3,3,3,2,3,1,3]","[[0,1,3,4,5,6]]",FEASIBLE,FEASIBLE,FEASIBLE,null,0.007071,0.021173,0.00136,False
702233,6,5,"[1,1,1,3,2,3]","[3,3,3,3,2]","[[4],[0,1,3],[0,1,3,4],[0,1,2,4],[0,1,4],[0,1,3]]",FEASIBLE,FEASIBLE,FEASIBLE,null,0.300622,0.069608,0.003906,False
702234,6,4,"[1,1,2,1,1,3]","[2,2,2,1]","[[0,3],[0],[2,3],[2,3],[0],[0,2,3]]",UNSAT,UNSAT,UNSAT,"[2, 5]",0.060707,0.054074,0.00341,False
702235,2,4,"[2,1]","[3,2,3,1]","[[1,2],[1,2]]",FEASIBLE,FEASIBLE,FEASIBLE,null,0.012048,0.020837,0.001147,False
702236,4,5,"[1,2,2,1]","[1,3,3,1,1]","[[0,1,2,3,4],[0,1,2,3,4],[1,2],[1,2]]",FEASIBLE,FEASIBLE,FEASIBLE,null,0.064625,0.037857,0.002579,False
702237,7,4,"[2,1,2,1,1,1,1]","[2,2,2,1]","[[2,3],[1,2,3],[2,3],[0,1],[3],[1],[0,1,2,3]]",UNSAT,UNSAT,UNSAT,"[0, 2]",0.030833,0.056184,0.003778,False
702238,6,6,"[1,1,2,1,1,2]","[3,3,1,2,3,1]","[[1,2,4],[0,1,2,3,5],[0,3],[3],[4],[0,3]]",UNSAT,UNSAT,UNSAT,"[2, 3, 5]",0.189204,0.064398,0.003676,False
702239,7,5,"[1,3,1,1,1,2,2]","[1,2,3,3,3]","[[3,4],[2,3,4],[1],[0,1,2,3],[1],[0,1,2,3,4],[1,2]]",UNSAT,UNSAT,UNSAT,"[2, 4, 6]",0.246639,0.155364,0.004211,False
702240,7,2,"[1,1,1,1,1,1,1]","[2,2]","[[1],[0],[0,1],[0],[0,1],[1],[0]]",UNSAT,UNSAT,UNSAT,"[1, 3, 6]",0.105673,0.050034,0.003036,False
702241,5,7,"[1,1,1,1,1]","[2,2,2,2,2,1,1]","[[2,3,4],[0,1,2,4,5,6],[4,5,6],[0,1,3,5,6],[0,2,5]]",FEASIBLE,FEASIBLE,FEASIBLE,null,0.183693,0.041924,0.003244,False
702242,4,6,"[1,1,1,2]","[1,2,2,1,2,2]","[[0,1,2,3],[0,1,2,3,5],[2],[0,1,2,3,5]]",FEASIBLE,FEASIBLE,FEASIBLE,null,0.087461,0.039015,0.002585,False
702243,5,1,"[1,1,1,1,1]",[3],"[[0],[0],[0],[0],[0]]",UNSAT,UNSAT,UNSAT,"[0, 1, 2, 3]",0.037805,0.03654,0.002042,False
702244,7,4,"[1,1,1,1,3,1,1]","[3,2,3,2]","[[0,1],[3],[0,1,2,3],[3],[0,1,2,3],[2,3],[0,1,2,3]]",FEASIBLE,FEASIBLE,FEASIBLE,null,0.487013,0.050402,0.003159,False
702245,1,4,[1],"[3,1,3,3]","[[0,1,2,3]]",FEASIBLE,FEASIBLE,FEASIBLE,null,0.005045,0.014846,0.000935,False
702246,3,2,"[1,2,1]","[1,1]","[[0],[0,1],[0,1]]",UNSAT,UNSAT,UNSAT,"[0, 1]",0.009851,0.034844,0.002055,False
702247,6,6,"[2,3,1,1,1,2]","[2,3,3,3,1,1]","[[0,4],[0,3,4,5],[3,5],[5],[3],[2,3]]",UNSAT,UNSAT,UNSAT,"[0, 1, 3]",0.129021,0.064324,0.003946,False
702248,1,5,[2],"[3,2,3,3,3]","[[0,1,2,3,4]]",FEASIBLE,FEASIBLE,FEASIBLE,null,0.005692,0.019274,0.001159,False
702249,7,1,"[1,1,1,1,1,1,1]",[3],"[[0],[0],[0],[0],[0],[0],[0]]",UNSAT,UNSAT,UNSAT,"[0, 1, 2, 3]",0.089864,0.046181,0.002209,False
702250,6,4,"[1,1,1,1,2,1]","[3,1,1,2]","[[2,3],[1],[2],[1,2],[1,2,3],[0,1,2,3]]",UNSAT,UNSAT,UNSAT,"[1, 2, 3]",0.21484,0.075076,0.004284,False
702251,3,6,"[3,1,2]","[3,3,1,2,1,3]","[[0,2,3,5],[0,1,2,3,4,5],[1,3,4]]",FEASIBLE,FEASIBLE,FEASIBLE,null,0.037546,0.03741,0.00239,False
702252,5,1,"[1,1,1,1,1]",[1],"[[0],[0],[0],[0],[0]]",UNSAT,UNSAT,UNSAT,"[0, 1]",0.009861,0.034764,0.001833,False
702253,5,7,"[2,3,2,2,2]","[2,1,1,3,1,3,1]","[[0,2,3,4,5],[1,2,3,4,5],[1,2,3],[0,1,2,3,4,5,6],[0,2]]",FEASIBLE,FEASIBLE,FEASIBLE,null,0.186082,0.096039,0.005669,False
702254,3,1,"[1,1,1]",[2],"[[0],[0],[0]]",UNSAT,UNSAT,UNSAT,"[0, 1, 2]",0.011975,0.027984,0.001393,False
702255,2,5,"[1,2]","[2,2,3,3,3]","[[3],[2,3]]",FEASIBLE,FEASIBLE,FEASIBLE,null,0.013944,0.020765,0.001201,False
702256,6,1,"[1,1,1,1,1,1]",[2],"[[0],[0],[0],[0],[0],[0]]",UNSAT,UNSAT,UNSAT,"[0, 1, 2]",0.032126,0.162372,0.001978,False
702257,2,3,"[1,2]","[1,1,2]","[[1],[0,2]]",FEASIBLE,FEASIBLE,FEASIBLE,null,0.013461,0.026147,0.001132,False
702258,6,6,"[2,2,1,2,3,1]","[3,3,2,1,3,3]","[[2,3,5],[0,1,3,5],[2,4],[2,3],[0,1,3,5],[5]]",FEASIBLE,FEASIBLE,FEASIBLE,null,0.535263,0.125311,0.004844,False
702259,4,2,"[1,1,1,1]","[3,1]","[[0],[0,1],[0,1],[1]]",FEASIBLE,FEASIBLE,FEASIBLE,null,0.035178,0.04344,0.00141,False
702260,5,4,"[2,3,1,1,3]","[2,1,2,1]","[[0,2],[0,1,3],[2],[1,2],[0,1,2]]",UNSAT,UNSAT,UNSAT,"[1, 4]",0.041668,0.058791,0.003426,False
702261,4,3,"[3,2,1,3]","[3,3,3]","[[0,1,2],[0,1],[2],[0,1,2]]",FEASIBLE,FEASIBLE,FEASIBLE,null,0.044387,0.149939,0.001863,False
702262,7,4,"[3,1,3,2,3,1,2]","[3,2,1,2]","[[0,1,3],[1],[0,2,3],[0,2,3],[0,1,2,3],[1],[0,1,3]]",UNSAT,UNSAT,UNSAT,"[0, 1, 5]",0.128073,0.076671,0.004824,False
702263,5,2,"[2,1,1,1,2]","[1,1]","[[0,1],[1],[0],[0],[0,1]]",UNSAT,UNSAT,UNSAT,"[0, 1]",0.013858,0.041709,0.002524,False
702264,5,5,"[1,1,1,2,1]","[1,3,1,3,1]","[[3],[0],[3],[1,2,3,4],[1,2,3]]",FEASIBLE,FEASIBLE,FEASIBLE,null,0.134504,0.036489,0.002264,False
702265,7,7,"[2,2,3,1,2,3,3]","[2,2,1,3,1,1,3]","[[0,1,2,3,4,5,6],[2,4],[0,1,2,3,5,6],[0,1,6],[0,1,3,4,5,6],[1,2,3,4,5,6],[1,2,4]]",UNSAT,UNSAT,UNSAT,"[1, 6]",0.11485,0.135024,0.010949,False
702266,1,4,[1],"[2,2,3,2]",[[3]],FEASIBLE,FEASIBLE,FEASIBLE,null,0.005117,0.013032,0.000724,False
702267,6,6,"[2,3,2,1,3,3]","[3,3,3,1,3,3]","[[0,1,2,3,4,5],[1,2,3,5],[1,2,3,4,5],[0],[0,1,2,3,4,5],[0,1,2,4,5]]",FEASIBLE,FEASIBLE,FEASIBLE,null,0.348377,0.087285,0.004928,False
702268,5,5,"[2,1,2,3,2]","[2,1,3,2,2]","[[0,1,3],[0,1,3,4],[0,2,3,4],[0,1,2,3,4],[0,2,3,4]]",FEASIBLE,FEASIBLE,FEASIBLE,null,0.136245,0.055894,0.00432,False
702269,3,7,"[1,1,1]","[3,3,2,1,2,2,2]","[[0,1,2,4],[2],[0,1,2]]",FEASIBLE,FEASIBLE,FEASIBLE,null,0.039505,0.032371,0.001716,False
702270,2,2,"[1,1]","[2,2]","[[1],[0,1]]",FEASIBLE,FEASIBLE,FEASIBLE,null,0.008262,0.019869,0.000996,False
702271,4,1,"[1,1,1,1]",[1],"[[0],[0],[0],[0]]",UNSAT,UNSAT,UNSAT,"[0, 1]",0.008649,0.126835,0.001957,False
702272,7,2,"[1,1,2,1,2,1,2]","[3,1]","[[0],[1],[0,1],[0],[0,1],[1],[0,1]]",UNSAT,UNSAT,UNSAT,"[1, 2]",0.030228,0.05318,0.003304,False
702273,5,2,"[1,1,1,2,1]","[3,3]","[[0,1],[1],[1],[0,1],[0,1]]",FEASIBLE,FEASIBLE,FEASIBLE,null,0.070413,0.032943,0.001598,False
702274,5,7,"[2,1,1,3,1]","[2,1,1,2,2,2,3]","[[2,3,4,5,6],[2,3,6],[2],[2,3,4,5,6],[3]]",FEASIBLE,FEASIBLE,FEASIBLE,null,0.180863,0.063242,0.003556,False
702275,3,1,"[1,1,1]",[3],"[[0],[0],[0]]",FEASIBLE,FEASIBLE,FEASIBLE,null,0.01208,0.0192,0.000937,False
702276,1,3,[1],"[2,1,1]",[[0]],FEASIBLE,FEASIBLE,FEASIBLE,null,0.004303,0.011768,0.000641,False
702277,1,3,[1],"[3,3,1]",[[2]],FEASIBLE,FEASIBLE,FEASIBLE,null,0.00421,0.011276,0.000631,False
702278,5,3,"[2,2,2,1,1]","[1,1,1]","[[0,1,2],[1,2],[0,1,2],[0],[2]]",UNSAT,UNSAT,UNSAT,"[0, 1]",0.017674,0.049002,0.002976,False
702279,5,6,"[1,2,3,3,2]","[2,2,1,2,3,1]","[[0,1,2,5],[0,1,2,3],[0,2,5],[1,2,4,5],[1,5]]",UNSAT,UNSAT,UNSAT,"[2, 3]",0.061527,0.08832,0.005929,False
702280,3,3,"[1,1,3]","[1,1,1]","[[0,1,2],[0,1,2],[0,1,2]]",UNSAT,UNSAT,UNSAT,"[0, 2]",0.014857,0.040375,0.002672,False
702281,3,4,"[2,2,1]","[3,1,3,1]","[[0,2],[0,1,2,3],[0,1]]",FEASIBLE,FEASIBLE,FEASIBLE,null,0.063977,0.030557,0.001748,False
702282,7,4,"[2,1,1,1,1,1,1]","[3,1,2,2]","[[0,1,2],[1],[1,3],[2],[0,1,2],[1,2,3],[0,2]]",FEASIBLE,FEASIBLE,FEASIBLE,null,0.496713,0.062879,0.00348,False
702283,2,2,"[2,1]","[1,1]","[[0,1],[1]]",UNSAT,UNSAT,UNSAT,"[0, 1]",0.008336,0.02717,0.001547,False
702284,4,6,"[1,1,2,3]","[1,2,2,2,1,2]","[[2],[0,3,4,5],[0,1,2,3,4],[0,1,2,3,4,5]]",FEASIBLE,FEASIBLE,FEASIBLE,null,0.075985,0.057356,0.002814,False
702285,7,3,"[1,1,2,2,1,3,1]","[1,2,1]","[[2],[0],[0,2],[0,2],[2],[0,1,2],[0]]",UNSAT,UNSAT,UNSAT,"[0, 2]",0.025994,0.055874,0.003408,False
702286,7,1,"[1,1,1,1,1,1,1]",[3],"[[0],[0],[0],[0],[0],[0],[0]]",UNSAT,UNSAT,UNSAT,"[0, 1, 2, 3]",0.090452,0.044859,0.002038,False
702287,4,3,"[3,1,2,2]","[2,1,2]","[[0,1,2],[2],[0,1,2],[0,2]]",UNSAT,UNSAT,UNSAT,"[0, 1, 2]",0.03309,0.049013,0.00268,False
702288,5,3,"[1,1,2,1,1]","[2,3,1]","[[0],[1,2],[0,1],[0],[0]]",UNSAT,UNSAT,UNSAT,"[0, 2, 3]",0.055014,0.042327,0.002467,False
702289,5,1,"[1,1,1,1,1]",[2],"[[0],[0],[0],[0],[0]]",UNSAT,UNSAT,UNSAT,"[0, 1, 2]",0.023667,0.036575,0.001827,False
702290,2,6,"[3,3]","[1,1,3,1,2,3]","[[0,1,3,4,5],[0,2,3]]",FEASIBLE,FEASIBLE,FEASIBLE,null,0.017688,0.045419,0.002393,False
702291,1,6,[1],"[2,3,3,1,1,2]","[[2,4,5]]",FEASIBLE,FEASIBLE,FEASIBLE,null,0.006771,0.015955,0.001001,False
702292,6,4,"[3,2,1,3,1,2]","[1,2,1,1]","[[0,1,2],[1,2],[1],[0,1,3],[1],[0,3]]",UNSAT,UNSAT,UNSAT,"[0, 1]",0.025443,0.064158,0.003693,False
702293,1,2,[1],"[2,2]",[[1]],FEASIBLE,FEASIBLE,FEASIBLE,null,0.004296,0.012634,0.000642,False
702294,4,4,"[1,1,1,2]","[1,2,3,2]","[[3],[1,3],[1],[1,2,3]]",FEASIBLE,FEASIBLE,FEASIBLE,null,0.057688,0.031115,0.001628,False
702295,1,2,[2],"[3,1]","[[0,1]]",FEASIBLE,FEASIBLE,FEASIBLE,null,0.003944,0.014623,0.000721,False
702296,3,2,"[1,1,1]","[1,1]","[[0],[1],[0,1]]",UNSAT,UNSAT,UNSAT,"[0, 1, 2]",0.017119,0.033881,0.00186,False
702297,5,7,"[2,1,1,1,3]","[2,3,1,2,1,2,3]","[[0,1,2,4,6],[1,5],[2,4],[2,3],[0,1,2,3,4,5,6]]",FEASIBLE,FEASIBLE,FEASIBLE,null,0.207018,0.050709,0.003185,False
702298,1,5,[2],"[1,2,3,2,3]","[[1,3,4]]",FEASIBLE,FEASIBLE,FEASIBLE,null,0.005998,0.017975,0.001074,False
702299,2,1,"[1,1]",[1],"[[0],[0]]",UNSAT,UNSAT,UNSAT,"[0, 1]",0.006896,0.023119,0.001166,False
702300,4,6,"[2,2,1,3]","[3,2,3,2,3,1]","[[0,1],[2,3],[0,4],[0,3,5]]",FEASIBLE,FEASIBLE,FEASIBLE,null,0.078334,0.043692,0.00206,False
702301,6,2,"[1,1,2,2,2,1]","[2,3]","[[0,1],[0,1],[0,1],[0,1],[0,1],[0,1]]",UNSAT,UNSAT,UNSAT,"[2, 3, 4]",0.082109,0.055678,0.003423,False
702302,6,3,"[2,3,2,1,1,1]","[3,3,3]","[[0,1,2],[0,1,2],[0,1],[2],[0,2],[0,1,2]]",UNSAT,UNSAT,UNSAT,"[0, 1, 2, 3, 4, 5]",0.19513,0.065776,0.003829,False
702303,6,3,"[1,1,1,1,1,2]","[3,2,3]","[[1],[0,1],[1],[0,1,2],[1],[0,1,2]]",UNSAT,UNSAT,UNSAT,"[0, 2, 4]",0.076259,0.061933,0.002796,False
702304,1,1,[1],[3],[[0]],FEASIBLE,FEASIBLE,FEASIBLE,null,0.003613,0.012564,0.000588,False
702305,7,5,"[1,3,1,1,1,2,1]","[1,1,2,1,2]","[[0,1,2,3,4],[0,1,3,4],[4],[0,2,3],[0,1,2,3,4],[1,3],[0]]",UNSAT,UNSAT,UNSAT,"[1, 5]",0.070756,0.075982,0.005482,False
702306,5,5,"[1,2,2,1,1]","[3,1,1,3,1]","[[0],[0,1,2,4],[0,2,3,4],[1,3],[0]]",FEASIBLE,FEASIBLE,FEASIBLE,null,0.140521,0.055786,0.003044,False
702307,6,5,"[1,1,1,2,2,1]","[2,1,2,1,2]","[[1],[3],[2,4],[0,1,2,3,4],[0,1,2,3,4],[3,4]]",FEASIBLE,FEASIBLE,FEASIBLE,null,0.290798,0.137152,0.003075,False
702308,6,7,"[2,1,3,3,2,2]","[3,3,3,1,2,2,2]","[[0,1,3,4,5,6],[1],[0,2,5,6],[2,3,4,5,6],[0,1,2,3,4,6],[1,2,5]]",FEASIBLE,FEASIBLE,FEASIBLE,null,0.402128,0.067156,0.004027,False
702309,4,3,"[1,1,1,1]","[3,2,3]","[[0,1,2],[0,2],[0,1],[1]]",FEASIBLE,FEASIBLE,FEASIBLE,null,0.047256,0.028118,0.001604,False
702310,2,3,"[2,3]","[2,1,2]","[[1,2],[0,1,2]]",UNSAT,UNSAT,UNSAT,"[0, 1]",0.010684,0.034374,0.001994,False
702311,1,6,[1],"[1,3,1,2,3,3]","[[2,4]]",FEASIBLE,FEASIBLE,FEASIBLE,null,0.006418,0.01512,0.000874,False
702312,7,1,"[1,1,1,1,1,1,1]",[1],"[[0],[0],[0],[0],[0],[0],[0]]",UNSAT,UNSAT,UNSAT,"[0, 1]",0.012743,0.043213,0.002267,False
702313,7,3,"[3,2,3,1,3,1,1]","[3,2,1]","[[0,1,2],[0,1,2],[0,1,2],[2],[0,1,2],[0,1,2],[0,1]]",UNSAT,UNSAT,UNSAT,"[0, 2]",0.025409,0.081034,0.00453,False
702314,6,5,"[1,2,1,2,1,1]","[1,3,2,1,2]","[[1],[1,2,3],[0,2,3,4],[0,1],[1],[2,3,4]]",FEASIBLE,FEASIBLE,FEASIBLE,null,0.294748,0.08387,0.00439,False
702315,4,3,"[1,1,3,1]","[1,3,3]","[[1,2],[0,1,2],[0,1,2],[1,2]]",FEASIBLE,FEASIBLE,FEASIBLE,null,0.046049,0.048455,0.002494,False
702316,2,4,"[1,1]","[2,3,2,2]","[[2],[0,1,2,3]]",FEASIBLE,FEASIBLE,FEASIBLE,null,0.012368,0.019758,0.001282,False
702317,6,7,"[1,1,1,2,1,1]","[2,3,2,2,2,1,2]","[[0,1,2,4],[0,1,2,3,4,5,6],[6],[0,1,2,3,4,5,6],[6],[1,4]]",FEASIBLE,FEASIBLE,FEASIBLE,null,0.412081,0.057624,0.00356,False
702318,3,5,"[3,1,1]","[3,2,1,1,1]","[[1,2,3],[3],[2,4]]",UNSAT,UNSAT,UNSAT,"[0, 1]",0.018415,0.139084,0.002255,False
702319,1,6,[1],"[1,1,1,2,2,1]","[[1,2,3,4,5]]",FEASIBLE,FEASIBLE,FEASIBLE,null,0.006926,0.018129,0.001112,False
702320,4,1,"[1,1,1,1]",[2],"[[0],[0],[0],[0]]",UNSAT,UNSAT,UNSAT,"[0, 1, 2]",0.017721,0.032894,0.001582,False
702321,1,7,[1],"[2,2,1,2,1,2,1]",[[1]],FEASIBLE,FEASIBLE,FEASIBLE,null,0.00696,0.014912,0.00082,False
702322,3,1,"[1,1,1]",[3],"[[0],[0],[0]]",FEASIBLE,FEASIBLE,FEASIBLE,null,0.012251,0.019595,0.000941,False
702323,2,7,"[3,3]","[1,1,1,2,2,1,2]","[[2,3,4,5,6],[0,1,3,4]]",FEASIBLE,FEASIBLE,FEASIBLE,null,0.018719,0.033625,0.001949,False
702324,7,7,"[2,2,2,1,2,1,1]","[2,2,1,1,3,2,3]","[[5,6],[0,6],[0,2,5,6],[5,6],[3,4,5],[0,1,2,3,4,5,6],[0,1,2,3,4,5,6]]",FEASIBLE,FEASIBLE,FEASIBLE,null,0.886603,0.073898,0.004054,False
702325,7,2,"[1,1,1,1,1,2,1]","[1,3]","[[1],[0,1],[0,1],[0],[1],[0,1],[0]]",UNSAT,UNSAT,UNSAT,"[3, 5]",0.050099,0.061501,0.00316,False
702326,4,6,"[1,1,3,1]","[1,2,3,1,1,2]","[[0,2],[2],[0,1,2,4,5],[0,2,3,5]]",FEASIBLE,FEASIBLE,FEASIBLE,null,0.093199,0.048765,0.002296,False
702327,7,5,"[2,3,1,1,3,1,1]","[1,3,1,3,3]","[[0,2,3],[0,1,2,4],[3,4],[1],[0,1,2,4],[0,4],[0,1,2]]",UNSAT,UNSAT,UNSAT,"[0, 1, 4]",0.130206,0.106133,0.006113,False
702328,6,7,"[3,1,1,1,2,3]","[1,3,2,2,2,2,3]","[[0,1,2,3,4,5,6],[2,5,6],[1,2,3,5],[1,2,3,4,5],[0,3,5,6],[0,2,3]]",FEASIBLE,FEASIBLE,FEASIBLE,null,0.395117,0.205785,0.004931,False
702329,3,5,"[1,1,2]","[3,2,3,2,1]","[[1,2,3,4],[0],[1,4]]",FEASIBLE,FEASIBLE,FEASIBLE,null,0.033908,0.02829,0.001802,False
702330,7,7,"[1,1,1,2,1,1,2]","[3,2,1,2,2,1,1]","[[0,4,6],[0,1,2,3,4,5],[4],[1,2,3,4,5],[4],[6],[2,5]]",FEASIBLE,FEASIBLE,FEASIBLE,null,0.966031,0.089469,0.00409,False
702331,4,6,"[1,1,2,1]","[2,2,2,3,1,3]","[[1,5],[0,2,3,4],[1,2,3,4,5],[0,1,2,3,4]]",FEASIBLE,FEASIBLE,FEASIBLE,null,0.080655,0.039072,0.002605,False
702332,6,4,"[1,2,1,3,2,1]","[2,1,3,2]","[[0,1,3],[1,2],[0,2,3],[0,1,2,3],[0,1,2,3],[1]]",UNSAT,UNSAT,UNSAT,"[1, 5]",0.052174,0.075009,0.004616,False
702333,3,3,"[1,1,1]","[3,2,2]","[[0,1,2],[0,1,2],[2]]",FEASIBLE,FEASIBLE,FEASIBLE,null,0.021956,0.027531,0.001421,False
702334,6,3,"[1,1,2,2,2,1]","[2,1,1]","[[0,1],[0,1,2],[0,1,2],[1,2],[0,1,2],[0,2]]",UNSAT,UNSAT,UNSAT,"[2, 3]",0.044712,0.069388,0.003895,False
702335,1,4,[1],"[3,2,3,3]","[[0,1,2]]",FEASIBLE,FEASIBLE,FEASIBLE,null,0.005079,0.015857,0.00091,False
702336,3,5,"[1,1,1]","[3,1,1,3,2]","[[1],[0,1,4],[3,4]]",FEASIBLE,FEASIBLE,FEASIBLE,null,0.031556,0.025197,0.001545,False
702337,3,7,"[2,2,2]","[1,3,3,3,1,2,2]","[[0,2,3,4,5,6],[1,2,3,4,5,6],[0,1,2,3,4,5,6]]",FEASIBLE,FEASIBLE,FEASIBLE,null,0.042782,0.044358,0.002841,False
702338,7,4,"[2,3,1,3,1,2,2]","[2,1,2,1]","[[0,1,2,3],[0,1,2],[0,2],[0,1,3],[2],[0,2],[0,1,2,3]]",UNSAT,UNSAT,UNSAT,"[1, 3]",0.051614,0.173092,0.004947,False
702339,6,2,"[1,1,1,2,2,1]","[1,3]","[[0,1],[0,1],[0,1],[0,1],[0,1],[1]]",UNSAT,UNSAT,UNSAT,"[3, 4]",0.039999,0.053164,0.003087,False
702340,5,1,"[1,1,1,1,1]",[1],"[[0],[0],[0],[0],[0]]",UNSAT,UNSAT,UNSAT,"[0, 1]",0.010506,0.03555,0.001737,False
702341,1,4,[1],"[1,1,2,3]","[[1,3]]",FEASIBLE,FEASIBLE,FEASIBLE,null,0.005421,0.028117,0.000826,False
702342,3,7,"[1,2,3]","[1,3,3,1,3,2,3]","[[5],[0,1,2,3,4,5],[0,1,2,3,4,6]]",FEASIBLE,FEASIBLE,FEASIBLE,null,0.041672,0.055674,0.002432,False
702343,5,4,"[1,1,1,1,1]","[3,1,2,2]","[[0],[2,3],[0],[2],[3]]",FEASIBLE,FEASIBLE,FEASIBLE,null,0.115809,0.03076,0.001695,False
702344,1,4,[2],"[3,1,3,2]","[[1,3]]",FEASIBLE,FEASIBLE,FEASIBLE,null,0.005302,0.01562,0.001338,False
702345,4,1,"[1,1,1,1]",[2],"[[0],[0],[0],[0]]",UNSAT,UNSAT,UNSAT,"[0, 1, 2]",0.01759,0.032693,0.002035,False
702346,4,2,"[1,2,1,1]","[3,1]","[[0,1],[0,1],[0],[1]]",UNSAT,UNSAT,UNSAT,"[1, 3]",0.020306,0.036507,0.002126,False
702347,4,1,"[1,1,1,1]",[3],"[[0],[0],[0],[0]]",UNSAT,UNSAT,UNSAT,"[0, 1, 2, 3]",0.02395,0.034085,0.001575,False
702348,1,4,[1],"[2,3,3,2]",[[3]],FEASIBLE,FEASIBLE,FEASIBLE,null,0.006691,0.012635,0.000695,False
702349,4,1,"[1,1,1,1]",[1],"[[0],[0],[0],[0]]",UNSAT,UNSAT,UNSAT,"[0, 1]",0.00834,0.029405,0.001374,False
702350,6,5,"[2,1,1,3,2,2]","[2,3,2,3,3]","[[0,1,2,3,4],[0],[3],[0,1,2,3,4],[1,2,3,4],[0,1,3]]",FEASIBLE,FEASIBLE,FEASIBLE,null,0.286682,0.071077,0.004097,False
702351,6,5,"[3,1,1,1,2,1]","[3,3,2,2,3]","[[0,1,2,3,4],[0,1,2,3,4],[0,1,2,3,4],[0,1,4],[0,1,3,4],[0,1,2,4]]",FEASIBLE,FEASIBLE,FEASIBLE,null,0.282058,0.139345,0.003795,False
702352,4,7,"[1,3,1,1]","[1,1,1,2,1,2,3]","[[1,6],[0,1,2,4,5,6],[0],[0,1,2,3,4,5,6]]",FEASIBLE,FEASIBLE,FEASIBLE,null,0.088563,0.057777,0.003533,False
702353,6,3,"[1,1,1,1,2,1]","[2,2,1]","[[1,2],[1],[0],[1],[1,2],[0,1,2]]",UNSAT,UNSAT,UNSAT,"[0, 1, 4]",0.067571,0.048819,0.002999,False
702354,7,5,"[2,2,2,3,2,3,3]","[3,2,2,3,1]","[[1,3],[0,1,2,3,4],[0,1,2,4],[0,1,2,3,4],[0,1,4],[0,1,3],[0,1,2,3,4]]",UNSAT,UNSAT,UNSAT,"[0, 1, 2, 3, 5]",0.463163,0.093733,0.006366,False
702355,5,3,"[2,1,1,1,1]","[3,1,1]","[[1,2],[2],[1],[2],[0,2]]",UNSAT,UNSAT,UNSAT,"[0, 1]",0.017274,0.04228,0.002624,False
702356,7,3,"[3,1,2,1,2,1,2]","[2,2,2]","[[0,1,2],[0],[0,1],[0,1,2],[1,2],[0,2],[0,1,2]]",UNSAT,UNSAT,UNSAT,"[0, 1, 2]",0.077712,0.066992,0.004218,False
702357,7,7,"[1,3,3,1,1,3,3]","[3,3,2,2,1,1,1]","[[0,2,4],[0,1,2,3,4,6],[0,1,2,3,4,5,6],[3],[2,5],[0,2,3,4,5],[0,2,3,4,5,6]]",UNSAT,UNSAT,UNSAT,"[0, 1, 2, 5, 6]",0.674226,0.09681,0.007214,False
702358,5,1,"[1,1,1,1,1]",[2],"[[0],[0],[0],[0],[0]]",UNSAT,UNSAT,UNSAT,"[0, 1, 2]",0.022741,0.035105,0.001771,False
702359,7,7,"[1,2,1,2,1,3,1]","[3,3,2,2,2,1,3]","[[0,2,3,4,5],[1,2,3,5,6],[0,3,6],[0,4],[0,1,2,5],[2,4,5,6],[3]]",FEASIBLE,FEASIBLE,FEASIBLE,null,0.79362,0.145685,0.004056,False
702360,2,4,"[1,3]","[1,1,2,2]","[[0,1,2,3],[1,2,3]]",FEASIBLE,FEASIBLE,FEASIBLE,null,0.012543,0.024987,0.001397,False
702361,4,5,"[1,3,1,3]","[3,3,2,1,1]","[[2],[0,1,2,3,4],[0,1,2,3,4],[0,1,2,3,4]]",FEASIBLE,FEASIBLE,FEASIBLE,null,0.063529,0.042268,0.002728,False
702362,2,4,"[1,1]","[1,2,1,3]","[[2],[0]]",FEASIBLE,FEASIBLE,FEASIBLE,null,0.015206,0.01662,0.000944,False
702363,3,2,"[2,1,2]","[2,1]","[[0,1],[0],[0,1]]",UNSAT,UNSAT,UNSAT,"[0, 2]",0.011365,0.033457,0.001976,False
702364,7,7,"[1,1,1,1,3,1,3]","[3,2,2,1,1,1,2]","[[3,5],[2,5],[0,1,2,3,4,5,6],[0,1,3],[0,1,3,4,6],[1,6],[1,3,4,6]]",FEASIBLE,FEASIBLE,FEASIBLE,null,0.783092,0.092726,0.004781,False
702365,1,6,[1],"[3,2,2,1,2,3]",[[0]],FEASIBLE,FEASIBLE,FEASIBLE,null,0.006607,0.014351,0.000776,False
702366,2,2,"[1,1]","[3,2]","[[1],[1]]",FEASIBLE,FEASIBLE,FEASIBLE,null,0.008405,0.015362,0.000829,False
702367,6,3,"[1,1,1,1,2,1]","[1,2,2]","[[2],[1],[0],[1],[1,2],[0,1,2]]",UNSAT,UNSAT,UNSAT,"[1, 3, 4]",0.094968,0.051581,0.003094,False
702368,3,2,"[1,1,2]","[3,1]","[[1],[0,1],[0,1]]",UNSAT,UNSAT,UNSAT,"[0, 2]",0.011744,0.030939,0.001805,False
702369,7,2,"[2,2,2,2,1,2,1]","[3,2]","[[0,1],[0,1],[0,1],[0,1],[0,1],[0,1],[0]]",UNSAT,UNSAT,UNSAT,"[0, 1, 2]",0.056482,0.057561,0.00348,False
702370,3,6,"[1,2,1]","[3,2,2,3,2,3]","[[0,1,2,3],[0,1,2,3,4,5],[0,1,2,3,4,5]]",FEASIBLE,FEASIBLE,FEASIBLE,null,0.033639,0.032988,0.002519,False
702371,2,5,"[1,1]","[1,3,2,2,3]","[[1],[1,2,4]]",FEASIBLE,FEASIBLE,FEASIBLE,null,0.013364,0.10232,0.001244,False
702372,6,3,"[1,1,2,3,1,1]","[3,1,2]","[[1],[2],[0,1,2],[0,1,2],[1],[1,2]]",UNSAT,UNSAT,UNSAT,"[0, 3]",0.024188,0.051238,0.003183,False
702373,2,4,"[1,2]","[2,2,3,2]","[[1],[1,2]]",FEASIBLE,FEASIBLE,FEASIBLE,null,0.011654,0.018852,0.000995,False
702374,1,7,[1],"[3,2,2,3,2,3,3]",[[6]],FEASIBLE,FEASIBLE,FEASIBLE,null,0.006304,0.013034,0.000815,False
702375,6,7,"[1,1,2,2,1,3]","[2,3,3,2,3,2,3]","[[0,3,4,5,6],[0,3,4,5,6],[0,1,2,3,4,6],[0,3,4,5,6],[6],[0,1,2,4,5,6]]",FEASIBLE,FEASIBLE,FEASIBLE,null,0.363142,0.058165,0.004101,False
702376,7,1,"[1,1,1,1,1,1,1]",[1],"[[0],[0],[0],[0],[0],[0],[0]]",UNSAT,UNSAT,UNSAT,"[0, 1]",0.011925,0.04022,0.0021,False
702377,1,5,[1],"[3,2,3,1,2]","[[1,2,3]]",FEASIBLE,FEASIBLE,FEASIBLE,null,0.005589,0.013953,0.000989,False
702378,6,6,"[1,1,3,1,2,1]","[1,1,1,2,2,1]","[[0,2],[0],[0,2,3,4,5],[5],[0,1,2,3,4,5],[2]]",UNSAT,UNSAT,UNSAT,"[0, 1, 5]",0.133378,0.064621,0.004321,False
702379,3,4,"[1,2,2]","[2,2,3,3]","[[0,1,2,3],[0,1,3],[1,2,3]]",FEASIBLE,FEASIBLE,FEASIBLE,null,0.025538,0.030612,0.001817,False
702380,7,4,"[1,1,1,2,2,1,2]","[1,2,2,2]","[[1],[0,3],[0,1,2,3],[0,3],[0,2],[1],[0,1,2,3]]",UNSAT,UNSAT,UNSAT,"[3, 4]",0.074242,0.065644,0.004557,False
702381,1,7,[3],"[1,1,1,3,1,3,3]","[[1,2,6]]",FEASIBLE,FEASIBLE,FEASIBLE,null,0.006683,0.021025,0.001069,False
702382,4,5,"[1,1,1,2]","[1,1,1,1,1]","[[4],[3,4],[1,2,4],[0,2]]",FEASIBLE,FEASIBLE,FEASIBLE,null,0.061999,0.030403,0.001798,False
702383,4,6,"[1,2,1,1]","[3,1,1,3,2,1]","[[5],[0,1,2,3,4,5],[5],[0,1,2,3,5]]",UNSAT,UNSAT,UNSAT,"[0, 2]",0.026994,0.040911,0.00283,False
702384,1,1,[1],[1],[[0]],FEASIBLE,FEASIBLE,FEASIBLE,null,0.00308,0.010513,0.000567,False
702385,7,1,"[1,1,1,1,1,1,1]",[1],"[[0],[0],[0],[0],[0],[0],[0]]",UNSAT,UNSAT,UNSAT,"[0, 1]",0.011572,0.039718,0.002017,False
702386,6,7,"[2,2,2,1,1,2]","[1,2,3,1,3,2,1]","[[0,4,5],[0,1,3,4,5,6],[0,1,4,5,6],[4],[0,1,2,3,4,5,6],[0,1,2,4,5,6]]",FEASIBLE,FEASIBLE,FEASIBLE,null,0.357892,0.060105,0.004068,False
702387,2,1,"[1,1]",[3],"[[0],[0]]",FEASIBLE,FEASIBLE,FEASIBLE,null,0.006238,0.014187,0.000703,False
702388,4,3,"[1,2,1,1]","[1,2,1]","[[1],[1,2],[1,2],[0,1]]",UNSAT,UNSAT,UNSAT,"[0, 1, 2]",0.029083,0.036751,0.002323,False
702389,2,1,"[1,1]",[1],"[[0],[0]]",UNSAT,UNSAT,UNSAT,"[0, 1]",0.005723,0.021367,0.001054,False
702390,1,7,[3],"[3,3,2,3,1,2,3]","[[1,2,6]]",FEASIBLE,FEASIBLE,FEASIBLE,null,0.006118,0.018242,0.001009,False
702391,4,3,"[1,1,2,1]","[3,1,1]","[[0],[0,1,2],[0,1,2],[2]]",FEASIBLE,FEASIBLE,FEASIBLE,null,0.039648,0.026196,0.001678,False
702392,6,5,"[1,1,1,3,1,3]","[1,1,3,1,3]","[[1,2,3,4],[1],[4],[1,2,3],[4],[0,1,2,3,4]]",UNSAT,UNSAT,UNSAT,"[1, 3]",0.046684,0.068325,0.004493,False
702393,2,3,"[2,1]","[1,3,2]","[[0,1,2],[0,1,2]]",FEASIBLE,FEASIBLE,FEASIBLE,null,0.009209,0.019787,0.00124,False
702394,3,6,"[1,1,2]","[2,3,3,2,2,2]","[[0,4],[0,1,2,3,4,5],[0,1,2,3,4,5]]",FEASIBLE,FEASIBLE,FEASIBLE,null,0.031519,0.029364,0.002434,False
702395,1,7,[1],"[3,1,3,3,2,2,2]","[[3,4,5]]",FEASIBLE,FEASIBLE,FEASIBLE,null,0.006088,0.091738,0.000931,False
702396,3,6,"[2,1,1]","[2,2,3,3,3,3]","[[0,1,2,3,5],[0],[0,2,3,4,5]]",FEASIBLE,FEASIBLE,FEASIBLE,null,0.031945,0.027737,0.001943,False
702397,1,2,[1],"[1,3]",[[0]],FEASIBLE,FEASIBLE,FEASIBLE,null,0.003944,0.012626,0.000631,False
702398,2,1,"[1,1]",[2],"[[0],[0]]",FEASIBLE,FEASIBLE,FEASIBLE,null,0.006032,0.013644,0.000606,False
702399,1,1,[1],[1],[[0]],FEASIBLE,FEASIBLE,FEASIBLE,null,0.00246,0.010409,0.000549,False
702400,4,3,"[2,3,1,1]","[1,1,2]","[[1,2],[0,1,2],[0,1,2],[1]]",UNSAT,UNSAT,UNSAT,"[0, 1]",0.013135,0.041092,0.002834,False
702401,3,6,"[2,2,3]","[1,3,3,1,2,3]","[[0,1,2,3,4,5],[0,1,3,4,5],[0,1,2,3,4,5]]",FEASIBLE,FEASIBLE,FEASIBLE,null,0.03143,0.038338,0.002842,False
702402,4,3,"[3,1,1,1]","[1,3,2]","[[0,1,2],[0],[2],[0,1,2]]",UNSAT,UNSAT,UNSAT,"[0, 1]",0.013098,0.035795,0.002343,False
702403,1,4,[1],"[2,2,3,3]","[[1,2]]",FEASIBLE,FEASIBLE,FEASIBLE,null,0.004656,0.011741,0.000803,False
702404,2,3,"[3,1]","[2,1,1]","[[0,1,2],[0]]",FEASIBLE,FEASIBLE,FEASIBLE,null,0.009425,0.018886,0.001233,False
702405,4,1,"[1,1,1,1]",[2],"[[0],[0],[0],[0]]",UNSAT,UNSAT,UNSAT,"[0, 1, 2]",0.015017,0.027851,0.001422,False
702406,1,2,[1],"[1,1]",[[0]],FEASIBLE,FEASIBLE,FEASIBLE,null,0.003418,0.00958,0.000582,False
702407,3,5,"[3,1,1]","[1,2,2,2,1]","[[0,2,3,4],[0],[4]]",UNSAT,UNSAT,UNSAT,"[0, 1, 2]",0.026285,0.033768,0.002379,False
702408,6,7,"[3,3,3,2,3,3]","[1,1,2,2,3,1,2]","[[1,3,4,5,6],[0,1,2,3,4,5,6],[0,1,2,3,4,5,6],[2,6],[1,2,5,6],[0,1,2,3,4,5,6]]",UNSAT,UNSAT,UNSAT,"[0, 1, 2, 3, 4]",0.298093,0.091722,0.007687,False
702409,5,4,"[1,2,3,1,1]","[3,2,1,1]","[[0,2,3],[0,1,2],[0,1,2,3],[1,3],[0,1,2,3]]",UNSAT,UNSAT,UNSAT,"[0, 1, 2, 3, 4]",0.099887,0.131281,0.004109,False
702410,1,2,[1],"[1,1]",[[0]],FEASIBLE,FEASIBLE,FEASIBLE,null,0.003528,0.010571,0.000488,False
702411,6,7,"[1,2,2,3,1,1]","[3,2,2,1,3,1,2]","[[0,1,2,3,4,5,6],[3,4],[0,1,2,3,4,5,6],[0,1,2,3,4,5,6],[3,4,5,6],[0,1,2,3,4,5,6]]",FEASIBLE,FEASIBLE,FEASIBLE,null,0.336544,0.057198,0.004848,False
702412,6,4,"[1,1,2,2,1,1]","[1,3,3,1]","[[2,3],[2],[2,3],[0,1,2],[0,2,3],[3]]",UNSAT,UNSAT,UNSAT,"[2, 5]",0.053299,0.050278,0.003626,False
702413,6,3,"[3,1,1,1,2,2]","[2,3,1]","[[0,1,2],[0],[2],[0],[0,1,2],[0,1,2]]",UNSAT,UNSAT,UNSAT,"[0, 2]",0.020349,0.052867,0.0035,False
702414,1,5,[2],"[2,2,1,2,3]","[[0,1,3,4]]",FEASIBLE,FEASIBLE,FEASIBLE,null,0.005128,0.016082,0.001139,False
702415,7,2,"[2,1,1,2,2,1,1]","[2,3]","[[0,1],[0],[0],[0,1],[0,1],[0],[0,1]]",UNSAT,UNSAT,UNSAT,"[0, 1, 2]",0.051019,0.049336,0.003259,False
702416,7,3,"[1,1,3,1,3,1,1]","[2,3,3]","[[0],[0,1,2],[0,1,2],[0,1,2],[0,1,2],[0,1],[2]]",UNSAT,UNSAT,UNSAT,"[0, 2, 4]",0.081676,0.058057,0.004412,False
702417,2,1,"[1,1]",[1],"[[0],[0]]",UNSAT,UNSAT,UNSAT,"[0, 1]",0.005224,0.019481,0.000994,False
702418,4,7,"[1,3,1,2]","[3,3,3,2,3,2,3]","[[0,1,4,5,6],[1,2,5,6],[4],[2,3,5]]",FEASIBLE,FEASIBLE,FEASIBLE,null,0.073405,0.041239,0.002389,False
702419,6,3,"[1,2,1,1,3,3]","[1,3,2]","[[0],[0,1],[0,1],[0,1],[0,1,2],[0,1,2]]",UNSAT,UNSAT,UNSAT,"[0, 1]",0.016577,0.1236,0.003525,False
702420,3,1,"[1,1,1]",[2],"[[0],[0],[0]]",UNSAT,UNSAT,UNSAT,"[0, 1, 2]",0.011041,0.023849,0.00144,False
702421,1,6,[1],"[1,2,2,2,1,1]","[[1,3,4,5]]",FEASIBLE,FEASIBLE,FEASIBLE,null,0.005257,0.013844,0.000994,False
702422,4,1,"[1,1,1,1]",[2],"[[0],[0],[0],[0]]",UNSAT,UNSAT,UNSAT,"[0, 1, 2]",0.014842,0.026833,0.001352,False
702423,1,3,[1],"[1,2,2]",[[0]],FEASIBLE,FEASIBLE,FEASIBLE,null,0.003789,0.010188,0.000627,False
702424,6,2,"[1,1,1,1,2,1]","[1,1]","[[0,1],[1],[0,1],[0],[0,1],[0,1]]",UNSAT,UNSAT,UNSAT,"[0, 4]",0.018378,0.039878,0.002795,False
702425,6,3,"[3,2,1,2,1,1]","[2,2,2]","[[0,1,2],[0,2],[0,1,2],[1,2],[0,1,2],[1,2]]",UNSAT,UNSAT,UNSAT,"[0, 1, 3]",0.053244,0.053022,0.00385,False
702426,6,3,"[1,2,1,1,2,1]","[2,2,2]","[[0,1,2],[0,2],[0,1,2],[2],[0,1],[1]]",UNSAT,UNSAT,UNSAT,"[0, 1, 2, 3, 4]",0.1429,0.047662,0.003315,False
702427,1,4,[1],"[1,3,2,2]","[[0,2,3]]",FEASIBLE,FEASIBLE,FEASIBLE,null,0.004286,0.015188,0.000818,False
702428,2,1,"[1,1]",[2],"[[0],[0]]",FEASIBLE,FEASIBLE,FEASIBLE,null,0.005237,0.012441,0.00065,False
702429,3,7,"[1,1,1]","[1,3,3,2,2,3,2]","[[2,4],[0,3],[1]]",FEASIBLE,FEASIBLE,FEASIBLE,null,0.033251,0.020493,0.001501,False
702430,6,7,"[2,1,3,2,2,3]","[1,2,3,2,3,1,1]","[[0,2,3,4,5],[6],[0,1,2,3,4,5,6],[5,6],[2,3,4,6],[0,2,3,5,6]]",UNSAT,UNSAT,UNSAT,"[1, 3]",0.060824,0.08502,0.006066,False
702431,2,7,"[1,1]","[3,3,1,1,2,2,2]","[[1,3,4,6],[0,4,6]]",FEASIBLE,FEASIBLE,FEASIBLE,null,0.015069,0.019098,0.001504,False
702432,5,3,"[1,2,3,1,2]","[3,2,3]","[[2],[0,2],[0,1,2],[0,1],[0,1,2]]",UNSAT,UNSAT,UNSAT,"[0, 1, 2, 3, 4]",0.173254,0.217856,0.003182,False
702433,5,4,"[2,3,1,2,2]","[1,3,3,2]","[[1,3],[1,2,3],[3],[0,1,2,3],[0,1,3]]",UNSAT,UNSAT,UNSAT,"[0, 1, 2]",0.047584,0.068261,0.004413,False
702434,1,1,[1],[2],[[0]],FEASIBLE,FEASIBLE,FEASIBLE,null,0.002871,0.009922,0.000479,False
702435,4,7,"[1,1,1,3]","[1,2,3,3,1,3,3]","[[2],[0,4,6],[0,1,2,3,5],[0,4,5,6]]",FEASIBLE,FEASIBLE,FEASIBLE,null,0.071739,0.03345,0.002507,False
702436,6,2,"[1,1,2,1,1,1]","[3,3]","[[1],[1],[0,1],[1],[0,1],[0]]",UNSAT,UNSAT,UNSAT,"[0, 1, 2, 3]",0.076586,0.038779,0.002619,False
702437,1,7,[1],"[2,1,1,2,3,3,2]","[[1,5]]",FEASIBLE,FEASIBLE,FEASIBLE,null,0.005956,0.012969,0.000898,False
702438,5,3,"[1,2,2,1,1]","[3,2,3]","[[0],[0,1,2],[0,1,2],[2],[0,2]]",FEASIBLE,FEASIBLE,FEASIBLE,null,0.087309,0.031138,0.001881,False
702439,5,2,"[1,2,2,2,2]","[2,2]","[[1],[0,1],[0,1],[0,1],[0,1]]",UNSAT,UNSAT,UNSAT,"[0, 1, 2]",0.0276,0.039354,0.002664,False
702440,4,1,"[1,1,1,1]",[1],"[[0],[0],[0],[0]]",UNSAT,UNSAT,UNSAT,"[0, 1]",0.00729,0.025885,0.001422,False
702441,4,3,"[1,2,3,1]","[1,3,1]","[[1],[0,2],[0,1,2],[1,2]]",UNSAT,UNSAT,UNSAT,"[1, 2]",0.019383,0.035169,0.002442,False
702442,7,3,"[2,1,1,1,2,1,3]","[1,2,1]","[[1,2],[1,2],[1],[2],[0,1,2],[0,1,2],[0,1,2]]",UNSAT,UNSAT,UNSAT,"[0, 3]",0.023187,0.052456,0.004079,False
702443,5,4,"[1,3,3,1,1]","[1,3,1,3]","[[0,1,2,3],[0,1,2,3],[0,1,2,3],[0,1,2,3],[1,2,3]]",UNSAT,UNSAT,UNSAT,"[0, 1, 2, 3, 4]",0.107327,0.058871,0.004585,False
702444,3,6,"[1,2,1]","[2,2,2,1,1,2]","[[0,1,2],[0,1,4,5],[1]]",FEASIBLE,FEASIBLE,FEASIBLE,null,0.043637,0.024135,0.001587,False
702445,3,5,"[2,3,2]","[1,1,2,2,3]","[[0,1,2,3,4],[1,2,3,4],[0,2]]",FEASIBLE,FEASIBLE,FEASIBLE,null,0.026407,0.041575,0.002797,False
702446,5,7,"[2,1,2,1,2]","[3,1,1,3,1,1,2]","[[2,6],[4],[1,2,4,5],[0,1,2,3,4,5,6],[1,2,3,5]]",UNSAT,UNSAT,UNSAT,"[0, 1, 2, 4]",0.130033,0.053299,0.004633,False
702447,5,7,"[1,2,1,2,2]","[1,1,1,2,2,2,2]","[[3,4],[0,2,4,5,6],[2,4],[3,4,5],[0,1,2,3,4,5,6]]",FEASIBLE,FEASIBLE,FEASIBLE,null,0.151026,0.042875,0.003318,False
702448,6,7,"[2,1,2,1,1,3]","[2,1,1,3,3,2,3]","[[2,4],[0,1,2,4,5],[1,3],[5],[3,6],[0,2,3,5,6]]",FEASIBLE,FEASIBLE,FEASIBLE,null,0.316248,0.042479,0.003325,False
702449,7,5,"[1,1,1,2,3,1,1]","[1,3,3,2,3]","[[4],[2],[1,2,3,4],[1,2],[0,1,2,3,4],[3],[4]]",FEASIBLE,FEASIBLE,FEASIBLE,null,0.480488,0.040919,0.002868,False
702450,2,1,"[1,1]",[2],"[[0],[0]]",FEASIBLE,FEASIBLE,FEASIBLE,null,0.005259,0.012488,0.000556,False
702451,4,4,"[1,1,1,1]","[3,2,2,2]","[[0],[1,2],[1,3],[1,2]]",FEASIBLE,FEASIBLE,FEASIBLE,null,0.062925,0.023784,0.00171,False
702452,1,1,[1],[3],[[0]],FEASIBLE,FEASIBLE,FEASIBLE,null,0.002724,0.008465,0.000444,False
702453,2,7,"[1,2]","[3,1,2,1,1,3,3]","[[0,2,5],[1,5,6]]",FEASIBLE,FEASIBLE,FEASIBLE,null,0.015137,0.021596,0.001519,False
702454,6,1,"[1,1,1,1,1,1]",[2],"[[0],[0],[0],[0],[0],[0]]",UNSAT,UNSAT,UNSAT,"[0, 1, 2]",0.026727,0.041623,0.002019,False
702455,5,2,"[1,1,1,1,1]","[2,2]","[[1],[0],[0],[0,1],[0,1]]",UNSAT,UNSAT,UNSAT,"[0, 1, 2, 3, 4]",0.137867,0.035636,0.00247,False
702456,1,7,[1],"[1,2,1,3,1,2,2]","[[0,1,2,3,4,5,6]]",FEASIBLE,FEASIBLE,FEASIBLE,null,0.00596,0.015756,0.001366,False
702457,7,1,"[1,1,1,1,1,1,1]",[2],"[[0],[0],[0],[0],[0],[0],[0]]",UNSAT,UNSAT,UNSAT,"[0, 1, 2]",0.034025,0.035646,0.002068,False
702458,5,1,"[1,1,1,1,1]",[2],"[[0],[0],[0],[0],[0]]",UNSAT,UNSAT,UNSAT,"[0, 1, 2]",0.019324,0.029741,0.001695,False
702459,7,6,"[1,3,3,1,2,1,2]","[2,2,1,1,1,3]","[[0,1,3,5],[0,3,4],[0,2,3,5],[1,3,4,5],[1,2,3,4,5],[0,3],[0,1,2,3,4]]",UNSAT,UNSAT,UNSAT,"[1, 2, 5]",0.183415,0.098969,0.007869,False
702460,7,4,"[1,1,1,1,1,1,3]","[3,1,2,2]","[[0],[0,1,2,3],[0,1,2,3],[0,1,2,3],[0,1,2],[3],[0,1,2,3]]",UNSAT,UNSAT,UNSAT,"[0, 1, 2, 3, 4, 5, 6]",0.397593,0.059458,0.004923,False
702461,4,7,"[1,1,1,1]","[1,1,2,2,3,2,3]","[[1],[1],[0,4,6],[1,2,3,4,6]]",UNSAT,UNSAT,UNSAT,"[0, 1]",0.021982,0.032999,0.002642,False
702462,1,3,[1],"[1,3,1]","[[0,2]]",FEASIBLE,FEASIBLE,FEASIBLE,null,0.003659,0.010381,0.001341,False
702463,1,2,[1],"[1,3]","[[0,1]]",FEASIBLE,FEASIBLE,FEASIBLE,null,0.002987,0.009202,0.000692,False
702464,7,2,"[2,1,1,1,1,1,1]","[3,3]","[[0,1],[0],[1],[1],[0],[0],[0]]",UNSAT,UNSAT,UNSAT,"[0, 1, 4, 5]",0.119818,0.041528,0.003137,False
702465,4,7,"[2,2,1,3]","[3,1,1,3,3,2,3]","[[0,1],[0,1,2,3,4,5,6],[0,1,2,3,4,5,6],[1,2,3,4]]",FEASIBLE,FEASIBLE,FEASIBLE,null,0.069879,0.117392,0.003888,False
702466,5,3,"[2,1,2,1,2]","[3,1,3]","[[1,2],[0,2],[0,1],[1],[0,1,2]]",UNSAT,UNSAT,UNSAT,"[0, 2]",0.016175,0.039065,0.00286,False
702467,2,2,"[2,1]","[1,2]","[[0,1],[0]]",UNSAT,UNSAT,UNSAT,"[0, 1]",0.007009,0.021656,0.001526,False
702468,2,3,"[1,1]","[3,3,1]","[[1],[0,1,2]]",FEASIBLE,FEASIBLE,FEASIBLE,null,0.008379,0.014358,0.001199,False
702469,5,7,"[1,1,1,2,1]","[3,1,1,2,1,1,2]","[[0,1,3,4],[6],[1],[4,6],[6]]",UNSAT,UNSAT,UNSAT,"[1, 3, 4]",0.118097,0.03852,0.002963,False
702470,5,6,"[1,3,3,2,1]","[3,2,2,1,2,3]","[[2,4],[0,1,2,3,4,5],[1,2,4,5],[2,3,4],[2,3]]",FEASIBLE,FEASIBLE,FEASIBLE,null,0.130513,0.055832,0.003981,False
702471,3,6,"[2,3,3]","[1,2,2,2,1,3]","[[2,5],[0,4,5],[1,4,5]]",UNSAT,UNSAT,UNSAT,"[1, 2]",0.023773,0.036387,0.002691,False
702472,5,2,"[1,1,1,1,2]","[1,2]","[[1],[0],[0],[0],[0,1]]",UNSAT,UNSAT,UNSAT,"[1, 2]",0.017175,0.032025,0.002353,False
702473,6,6,"[1,3,2,1,3,1]","[3,3,3,2,1,1]","[[0],[1,2,3,4,5],[0,1,2,3,4,5],[3],[0,1,2,4,5],[3]]",FEASIBLE,FEASIBLE,FEASIBLE,null,0.265816,0.054624,0.003874,False
702474,6,3,"[1,1,1,2,1,1]","[3,1,3]","[[0,1,2],[0,1,2],[2],[0,2],[0,2],[0,1]]",FEASIBLE,FEASIBLE,FEASIBLE,null,0.15089,0.033144,0.002285,False
702475,6,5,"[1,1,2,1,1,2]","[1,3,3,2,3]","[[2,4],[0,1,2,3,4],[2,4],[2],[0],[1,2]]",FEASIBLE,FEASIBLE,FEASIBLE,null,0.227139,0.048903,0.003132,False
702476,2,2,"[1,1]","[3,2]","[[0],[0]]",FEASIBLE,FEASIBLE,FEASIBLE,null,0.006708,0.079908,0.000839,False
702477,4,1,"[1,1,1,1]",[2],"[[0],[0],[0],[0]]",UNSAT,UNSAT,UNSAT,"[0, 1, 2]",0.014735,0.025491,0.001515,False
702478,2,1,"[1,1]",[3],"[[0],[0]]",FEASIBLE,FEASIBLE,FEASIBLE,null,0.005152,0.012028,0.000627,False
702479,6,3,"[3,2,1,2,2,1]","[1,1,2]","[[0,1,2],[1,2],[2],[0,1,2],[1,2],[1,2]]",UNSAT,UNSAT,UNSAT,"[0, 1]",0.015872,0.046549,0.003614,False
702480,5,2,"[2,1,1,1,1]","[3,2]","[[0,1],[1],[0],[0,1],[0]]",UNSAT,UNSAT,UNSAT,"[0, 1, 2, 3, 4]",0.056032,0.03531,0.002505,False
702481,2,5,"[3,2]","[1,3,1,1,3]","[[1,2,4],[0,2,3,4]]",FEASIBLE,FEASIBLE,FEASIBLE,null,0.011382,0.023316,0.001664,False
702482,4,6,"[1,2,1,1]","[2,2,2,3,1,1]","[[1],[0,5],[3],[0,2,3,4,5]]",FEASIBLE,FEASIBLE,FEASIBLE,null,0.060139,0.02585,0.001957,False
702483,3,4,"[2,1,3]","[1,1,2,2]","[[0,1,2,3],[3],[0,1,2]]",FEASIBLE,FEASIBLE,FEASIBLE,null,0.020828,0.035056,0.002263,False
702484,4,6,"[2,3,1,3]","[3,1,1,2,2,2]","[[0,4],[0,2,3,4,5],[2],[0,2,3,4,5]]",FEASIBLE,FEASIBLE,FEASIBLE,null,0.060478,0.047341,0.003201,False
702485,7,5,"[2,1,2,2,3,1,1]","[3,1,2,1,1]","[[1,2,4],[1,3,4],[0,1],[0,1,2,3,4],[0,1,2,3],[2,3],[1]]",UNSAT,UNSAT,UNSAT,"[2, 6]",0.071219,0.0804,0.006274,False
702486,4,4,"[1,1,1,2]","[2,1,1,1]","[[3],[0,1,2,3],[1],[0,1,2,3]]",FEASIBLE,FEASIBLE,FEASIBLE,null,0.043557,0.026398,0.001806,False
702487,2,7,"[1,1]","[2,2,2,1,3,3,2]","[[0,1,2,3,4,5,6],[5]]",FEASIBLE,FEASIBLE,FEASIBLE,null,0.014094,0.020314,0.001536,False
702488,7,6,"[1,2,2,2,3,2,2]","[1,2,2,2,3,3]","[[2],[1,4],[0,4,5],[0,1,3,4,5],[0,1,2,3,5],[0,2,3,4],[0,1,2,4,5]]",UNSAT,UNSAT,UNSAT,"[0, 1, 2, 3, 4, 5, 6]",0.556272,0.167299,0.007798,False
702489,5,5,"[1,3,1,1,1]","[3,1,3,3,2]","[[1,3],[1,2,3,4],[2],[2],[1,3]]",FEASIBLE,FEASIBLE,FEASIBLE,null,0.1193,0.032434,0.002199,False
702490,3,2,"[1,1,2]","[2,2]","[[0,1],[0],[0,1]]",FEASIBLE,FEASIBLE,FEASIBLE,null,0.013808,0.025064,0.001746,False
702491,3,4,"[3,1,1]","[3,3,2,3]","[[0,2,3],[0,3],[0]]",FEASIBLE,FEASIBLE,FEASIBLE,null,0.020608,0.021762,0.001987,False
702492,1,6,[3],"[1,2,3,2,1,3]","[[0,1,2,3,4]]",FEASIBLE,FEASIBLE,FEASIBLE,null,0.005038,0.016923,0.001305,False
702493,2,4,"[1,3]","[3,3,2,2]","[[1],[0,1,3]]",FEASIBLE,FEASIBLE,FEASIBLE,null,0.010229,0.019394,0.001312,False
702494,4,3,"[1,1,3,1]","[1,2,3]","[[0],[2],[0,1,2],[1,2]]",UNSAT,UNSAT,UNSAT,"[0, 2]",0.014303,0.031643,0.00249,False
702495,3,7,"[3,2,1]","[3,3,1,1,1,3,2]","[[0,1,3,4,5,6],[0,1,2,3,4,5,6],[0,1,2,3,4,5,6]]",FEASIBLE,FEASIBLE,FEASIBLE,null,0.032398,0.032201,0.003033,False
702496,5,3,"[1,3,1,1,1]","[2,1,3]","[[1],[0,1,2],[0],[1],[0,1,2]]",UNSAT,UNSAT,UNSAT,"[0, 1]",0.013737,0.036907,0.002684,False
702497,1,5,[2],"[3,3,3,2,2]","[[2,3,4]]",FEASIBLE,FEASIBLE,FEASIBLE,null,0.004686,0.014003,0.001002,False
702498,4,6,"[1,3,1,1]","[3,1,3,2,3,1]","[[3],[0,1,2,3,4,5],[1,3],[1,5]]",FEASIBLE,FEASIBLE,FEASIBLE,null,0.060666,0.032045,0.00219,False
702499,6,3,"[1,1,2,1,2,1]","[3,3,2]","[[1],[0,1,2],[1,2],[0,2],[0,2],[0]]",FEASIBLE,FEASIBLE,FEASIBLE,null,0.151118,0.107412,0.002595,False
702500,1,7,[3],"[3,2,2,2,1,3,3]","[[2,4,5]]",FEASIBLE,FEASIBLE,FEASIBLE,null,0.005663,0.016043,0.001069,False
702501,5,2,"[2,2,1,1,1]","[3,3]","[[0,1],[0,1],[1],[0],[1]]",UNSAT,UNSAT,UNSAT,"[0, 1, 2, 4]",0.047953,0.036539,0.002361,False
702502,6,6,"[2,1,2,3,1,1]","[3,1,2,2,2,1]","[[3,4],[4],[0,1,2,4,5],[1,2,4],[1,2,3,4,5],[0,3]]",UNSAT,UNSAT,UNSAT,"[0, 1, 3]",0.092436,0.066937,0.004817,False
702503,3,7,"[1,3,2]","[1,2,2,2,2,2,3]","[[1,3],[0,2,3,4,5],[0,1,2,3,5]]",FEASIBLE,FEASIBLE,FEASIBLE,null,0.032182,0.029707,0.002357,False
702504,5,1,"[1,1,1,1,1]",[3],"[[0],[0],[0],[0],[0]]",UNSAT,UNSAT,UNSAT,"[0, 1, 2, 3]",0.030621,0.029476,0.001959,False
702505,5,4,"[1,2,1,1,2]","[3,1,2,1]","[[0,1],[0,1,2],[0],[1],[0,1,2,3]]",FEASIBLE,FEASIBLE,FEASIBLE,null,0.104262,0.046869,0.002767,False
702506,1,5,[1],"[3,1,1,1,2]","[[0,1,2,3,4]]",FEASIBLE,FEASIBLE,FEASIBLE,null,0.00461,0.013055,0.001039,False
702507,5,1,"[1,1,1,1,1]",[1],"[[0],[0],[0],[0],[0]]",UNSAT,UNSAT,UNSAT,"[0, 1]",0.007881,0.028646,0.001695,False
702508,7,2,"[1,1,2,2,2,2,1]","[1,2]","[[0],[0],[0,1],[0,1],[0,1],[0,1],[1]]",UNSAT,UNSAT,UNSAT,"[0, 1]",0.014019,0.043092,0.003097,False
702509,5,7,"[3,3,1,3,1]","[1,2,1,2,2,3,3]","[[0,4,5,6],[0,1,2,3,4,5,6],[0,1,2,3,4,5,6],[1,2,3,4,5,6],[0,1,2,3,4,5,6]]",FEASIBLE,FEASIBLE,FEASIBLE,null,0.146228,0.058151,0.004953,False
702510,7,4,"[1,2,2,1,2,2,1]","[3,3,1,1]","[[1],[0,1,2,3],[0,1,2,3],[2,3],[1,2,3],[2,3],[0,1,2,3]]",UNSAT,UNSAT,UNSAT,"[3, 5]",0.066389,0.12797,0.004672,False
702511,3,1,"[1,1,1]",[3],"[[0],[0],[0]]",FEASIBLE,FEASIBLE,FEASIBLE,null,0.010235,0.015224,0.000955,False
702512,3,3,"[1,3,1]","[1,2,2]","[[0,1],[0,1,2],[1]]",UNSAT,UNSAT,UNSAT,"[0, 1, 2]",0.017274,0.029859,0.002277,False
702513,3,1,"[1,1,1]",[3],"[[0],[0],[0]]",FEASIBLE,FEASIBLE,FEASIBLE,null,0.009515,0.015236,0.000904,False
702514,3,4,"[1,1,3]","[3,1,2,3]","[[1,2,3],[3],[1,2,3]]",FEASIBLE,FEASIBLE,FEASIBLE,null,0.02131,0.02919,0.001899,False
702515,7,2,"[2,1,1,1,2,2,1]","[2,2]","[[0,1],[0,1],[1],[0],[0,1],[0,1],[1]]",UNSAT,UNSAT,UNSAT,"[0, 1, 4]",0.051277,0.043921,0.002963,False
702516,4,4,"[3,1,3,1]","[3,1,3,3]","[[1,2,3],[0,1],[0,1,2,3],[2]]",FEASIBLE,FEASIBLE,FEASIBLE,null,0.043609,0.030825,0.001928,False
702517,7,4,"[1,1,3,1,2,1,1]","[1,2,1,2]","[[0,2,3],[0],[0,1,2,3],[3],[0,1,2,3],[0,1,2,3],[1,3]]",UNSAT,UNSAT,UNSAT,"[0, 1, 2, 3]",0.179163,0.057516,0.004711,False
702518,7,2,"[1,1,1,2,1,2,2]","[1,3]","[[0,1],[1],[0],[0,1],[0,1],[0,1],[0,1]]",UNSAT,UNSAT,UNSAT,"[2, 3]",0.030808,0.043707,0.00315,False
702519,4,2,"[1,1,1,2]","[2,3]","[[0],[0],[0,1],[0,1]]",UNSAT,UNSAT,UNSAT,"[0, 1, 3]",0.020847,0.029896,0.002031,False
702520,1,1,[1],[2],[[0]],FEASIBLE,FEASIBLE,FEASIBLE,null,0.00259,0.008794,0.000508,False
702521,1,3,[2],"[1,2,2]","[[0,1]]",FEASIBLE,FEASIBLE,FEASIBLE,null,0.003366,0.011439,0.000736,False
702522,3,3,"[1,1,1]","[3,3,3]","[[1],[0,1,2],[0]]",FEASIBLE,FEASIBLE,FEASIBLE,null,0.016736,0.017037,0.001179,False
702523,5,7,"[1,1,3,1,1]","[1,3,2,1,1,1,2]","[[0,1,2,3,4,5,6],[0,1,3,4,6],[0,1,2,4,5,6],[4],[0,1,2,3,4,5]]",FEASIBLE,FEASIBLE,FEASIBLE,null,0.145768,0.143429,0.004409,False
702524,5,4,"[2,1,1,1,2]","[2,3,3,3]","[[1,2,3],[0],[3],[1,3],[0,1,2,3]]",FEASIBLE,FEASIBLE,FEASIBLE,null,0.09497,0.031284,0.002024,False
702525,7,6,"[2,2,1,1,1,1,1]","[3,1,1,3,1,3]","[[3,4],[0,1,2,3,4,5],[4,5],[2,5],[2,3],[3],[1]]",FEASIBLE,FEASIBLE,FEASIBLE,null,0.558452,0.060147,0.00407,False
702526,5,2,"[1,1,2,1,1]","[2,1]","[[0],[0],[0,1],[0,1],[0,1]]",UNSAT,UNSAT,UNSAT,"[0, 1, 2]",0.028114,0.036558,0.002361,False
702527,7,6,"[2,3,2,2,1,2,2]","[3,3,2,3,2,2]","[[0,1,2,3,4,5],[1,2,3,4],[0,1,2,3,4,5],[0,1,2,3,4],[2],[0,1,2,4],[1,3]]",FEASIBLE,FEASIBLE,FEASIBLE,null,0.591813,0.076533,0.005294,False
702528,6,7,"[2,1,2,2,3,1]","[2,3,2,3,3,2,2]","[[0,1],[0,2,3,4,5,6],[1,6],[0,3,5],[2,3,4,5,6],[5]]",FEASIBLE,FEASIBLE,FEASIBLE,null,0.332092,0.047608,0.003238,False
702529,5,7,"[3,3,2,1,3]","[2,2,2,2,3,2,2]","[[0,1,2,3,4,5,6],[0,1,3,4,5,6],[1,3],[2,4,5,6],[0,1,4,5]]",FEASIBLE,FEASIBLE,FEASIBLE,null,0.154902,0.065453,0.004387,False
702530,5,4,"[3,1,1,1,1]","[2,1,2,1]","[[1,2,3],[3],[0,1],[2],[1,2]]",UNSAT,UNSAT,UNSAT,"[0, 1]",0.017819,0.045467,0.002833,False
702531,2,2,"[1,1]","[2,3]","[[0,1],[0]]",FEASIBLE,FEASIBLE,FEASIBLE,null,0.007066,0.084292,0.000926,False
702532,2,1,"[1,1]",[3],"[[0],[0]]",FEASIBLE,FEASIBLE,FEASIBLE,null,0.005463,0.012991,0.000604,False
702533,6,7,"[3,1,2,1,3,1]","[2,3,3,2,3,1,3]","[[0,1,2,3,4,5,6],[0],[0,2,6],[6],[1,2,3,5,6],[1,6]]",FEASIBLE,FEASIBLE,FEASIBLE,null,0.388043,0.075522,0.003199,False
702534,6,6,"[3,2,1,2,1,2]","[1,1,3,1,3,3]","[[0,1,2,3,4,5],[0,1,2,3,4,5],[0],[0,1,2,3,4,5],[2,3],[2,3,5]]",FEASIBLE,FEASIBLE,FEASIBLE,null,0.348256,0.122085,0.004481,False
702535,4,7,"[1,1,3,2]","[1,1,2,2,2,2,3]","[[4],[0,1,2,3,4,5,6],[0,3,4],[0,1,4]]",UNSAT,UNSAT,UNSAT,"[0, 2, 3]",0.101297,0.076664,0.004318,False
702536,3,5,"[3,1,1]","[2,3,2,3,1]","[[1,2,3,4],[0,1,2,3,4],[1]]",FEASIBLE,FEASIBLE,FEASIBLE,null,0.03975,0.031689,0.001898,False
702537,7,3,"[1,1,1,2,1,1,1]","[3,2,1]","[[2],[0,2],[0,1,2],[1,2],[0],[1,2],[2]]",UNSAT,UNSAT,UNSAT,"[0, 3]",0.047231,0.066577,0.003044,False
702538,2,2,"[1,1]","[2,3]","[[1],[0,1]]",FEASIBLE,FEASIBLE,FEASIBLE,null,0.009441,0.018984,0.000855,False
702539,1,1,[1],[3],[[0]],FEASIBLE,FEASIBLE,FEASIBLE,null,0.003624,0.011329,0.000481,False
702540,6,1,"[1,1,1,1,1,1]",[2],"[[0],[0],[0],[0],[0],[0]]",UNSAT,UNSAT,UNSAT,"[0, 1, 2]",0.033344,0.042089,0.001973,False
702541,6,2,"[1,1,2,1,1,1]","[1,3]","[[0,1],[0],[0,1],[0],[1],[1]]",UNSAT,UNSAT,UNSAT,"[1, 2]",0.027072,0.070629,0.002633,False
702542,6,3,"[1,2,1,1,1,1]","[3,3,3]","[[1,2],[0,1],[0,1],[2],[1],[0,1]]",FEASIBLE,FEASIBLE,FEASIBLE,null,0.253487,0.069274,0.001958,False
702543,1,4,[2],"[3,3,3,1]","[[1,3]]",FEASIBLE,FEASIBLE,FEASIBLE,null,0.005608,0.198848,0.000843,False
702544,3,7,"[3,3,2]","[3,1,1,1,1,2,3]","[[0,1,2,4,5,6],[0,3,4,5,6],[0,1,2,3,4,5,6]]",FEASIBLE,FEASIBLE,FEASIBLE,null,0.042703,0.046221,0.002913,False
702545,3,2,"[2,2,2]","[2,3]","[[0,1],[0,1],[0,1]]",UNSAT,UNSAT,UNSAT,"[0, 1, 2]",0.018636,0.057424,0.001922,False
702546,3,3,"[2,1,1]","[1,2,1]","[[0,1,2],[1],[0,2]]",FEASIBLE,FEASIBLE,FEASIBLE,null,0.018696,0.02682,0.001351,False
702547,5,7,"[2,2,2,1,3]","[2,1,1,1,2,2,3]","[[0,1,2,3,4,5,6],[0,1,3,4,5,6],[0,2,3,5],[0,1,2,4,5],[0,1,2,3,4,5,6]]",FEASIBLE,FEASIBLE,FEASIBLE,null,0.207335,0.080458,0.004301,False
702548,1,1,[1],[2],[[0]],FEASIBLE,FEASIBLE,FEASIBLE,null,0.003062,0.00962,0.000462,False
702549,3,5,"[3,2,3]","[1,1,1,3,1]","[[2,3,4],[0,1,3,4],[1,2,3]]",UNSAT,UNSAT,UNSAT,"[0, 2]",0.019151,0.0536,0.003201,False
702550,1,3,[2],"[3,1,3]","[[0,1,2]]",FEASIBLE,FEASIBLE,FEASIBLE,null,0.004003,0.030275,0.000856,False
702551,7,1,"[1,1,1,1,1,1,1]",[2],"[[0],[0],[0],[0],[0],[0],[0]]",UNSAT,UNSAT,UNSAT,"[0, 1, 2]",0.035916,0.047567,0.002029,False
702552,4,1,"[1,1,1,1]",[1],"[[0],[0],[0],[0]]",UNSAT,UNSAT,UNSAT,"[0, 1]",0.007522,0.02739,0.001388,False
702553,4,4,"[2,1,1,1]","[1,1,1,3]","[[0,1,2,3],[3],[0],[0,3]]",FEASIBLE,FEASIBLE,FEASIBLE,null,0.045308,0.036609,0.002124,False
702554,3,4,"[3,1,3]","[3,1,3,3]","[[1,2,3],[2],[0,1,2,3]]",FEASIBLE,FEASIBLE,FEASIBLE,null,0.021821,0.029356,0.001752,False
702555,4,2,"[2,1,1,2]","[2,2]","[[0,1],[0,1],[0],[0,1]]",UNSAT,UNSAT,UNSAT,"[0, 1, 3]",0.022351,0.035818,0.002186,False
702556,5,1,"[1,1,1,1,1]",[2],"[[0],[0],[0],[0],[0]]",UNSAT,UNSAT,UNSAT,"[0, 1, 2]",0.01955,0.108359,0.001527,False
702557,6,7,"[2,1,3,1,1,1]","[3,1,3,2,1,2,3]","[[0,1,3,4,6],[0,1,4],[0,1,4],[0,2],[1,3],[0,1,2,4,5,6]]",FEASIBLE,FEASIBLE,FEASIBLE,null,0.325203,0.058909,0.004138,False
702558,4,2,"[1,2,1,2]","[2,3]","[[0],[0,1],[1],[0,1]]",UNSAT,UNSAT,UNSAT,"[0, 1, 3]",0.023775,0.034087,0.00192,False
702559,3,7,"[1,1,2]","[3,2,3,1,1,3,3]","[[1],[2,3],[0,1,2,5,6]]",FEASIBLE,FEASIBLE,FEASIBLE,null,0.049525,0.025685,0.001853,False
702560,2,6,"[2,1]","[1,3,1,1,1,3]","[[0,1,3],[0,1,2,3,4,5]]",FEASIBLE,FEASIBLE,FEASIBLE,null,0.014616,0.039178,0.001676,False
702561,6,5,"[1,1,3,3,3,1]","[3,1,2,2,2]","[[0],[0,1,2],[0,2,3],[0,1,2,3],[0,2,3],[3]]",UNSAT,UNSAT,UNSAT,"[2, 3, 4]",0.157784,0.084895,0.00419,False
702562,3,5,"[1,3,2]","[1,3,2,3,1]","[[1,3,4],[0,1,2,3,4],[0,1,3,4]]",FEASIBLE,FEASIBLE,FEASIBLE,null,0.027135,0.030378,0.002021,False
702563,6,4,"[2,1,1,1,2,3]","[3,3,1,2]","[[0,1,2,3],[0,1,2,3],[0,1,2,3],[3],[0,1,2,3],[1,2,3]]",UNSAT,UNSAT,UNSAT,"[0, 1, 2, 3, 4, 5]",0.219251,0.066056,0.004778,False
702564,7,7,"[3,2,3,3,2,1,1]","[3,1,1,2,1,3,2]","[[0,1,2,4,6],[0,2,4,5,6],[0,3,4,5,6],[3,4,6],[0,1,2,3,4,5,6],[0,1,4,5,6],[4]]",UNSAT,UNSAT,UNSAT,"[3, 6]",0.116273,0.091776,0.007315,False
702565,3,7,"[1,2,1]","[2,1,3,2,3,2,2]","[[2],[0,1,2,4,5,6],[5]]",FEASIBLE,FEASIBLE,FEASIBLE,null,0.034281,0.172359,0.001848,False
702566,6,3,"[1,2,2,1,1,1]","[3,2,3]","[[0],[0,2],[0,1,2],[0,2],[1,2],[0,1,2]]",FEASIBLE,FEASIBLE,FEASIBLE,null,0.165596,0.038257,0.002185,False
702567,3,1,"[1,1,1]",[2],"[[0],[0],[0]]",UNSAT,UNSAT,UNSAT,"[0, 1, 2]",0.010845,0.024125,0.001368,False
702568,7,6,"[2,1,2,3,1,1,3]","[1,2,1,3,1,2]","[[0,1,3,4,5],[0,1,2,3,4,5],[0,5],[0,3,4,5],[3],[3],[0,2,3,4,5]]",UNSAT,UNSAT,UNSAT,"[2, 3, 6]",0.238424,0.071841,0.071807,False
702569,1,5,[2],"[2,2,3,3,1]","[[0,1,2,3,4]]",FEASIBLE,FEASIBLE,FEASIBLE,null,0.004969,0.016449,0.001574,False
702570,1,6,[1],"[2,3,2,1,2,1]",[[4]],FEASIBLE,FEASIBLE,FEASIBLE,null,0.005185,0.011373,0.000836,False
702571,7,7,"[3,1,3,2,3,2,3]","[1,3,3,1,2,3,2]","[[2,3,6],[0,2,3,4,5,6],[1,2,4],[0,6],[0,1,2,3,4,6],[0,1,2,4,6],[0,2,4,6]]",UNSAT,UNSAT,UNSAT,"[0, 3, 6]",0.211788,0.136708,0.015299,False
702572,2,4,"[3,2]","[2,2,1,2]","[[0,1,2,3],[0,1,2,3]]",FEASIBLE,FEASIBLE,FEASIBLE,null,0.011824,0.02565,0.001581,False
702573,5,5,"[2,2,1,1,1]","[2,2,2,3,2]","[[0,1,2,3],[0,1,2,3,4],[0],[0],[1,2,3,4]]",FEASIBLE,FEASIBLE,FEASIBLE,null,0.136546,0.051807,0.003409,False
702574,2,3,"[1,1]","[2,1,3]","[[1],[0,1,2]]",FEASIBLE,FEASIBLE,FEASIBLE,null,0.008888,0.015414,0.001142,False
702575,2,5,"[2,1]","[2,1,3,2,3]","[[0,1,2,3],[1]]",FEASIBLE,FEASIBLE,FEASIBLE,null,0.01189,0.025541,0.00165,False
702576,6,5,"[2,2,2,2,1,2]","[1,1,3,1,3]","[[0,1,2],[0,1,2,3,4],[0,1,2,4],[0,4],[0,1,2,3],[0,1,3,4]]",UNSAT,UNSAT,UNSAT,"[0, 1, 2, 3, 5]",0.219076,4.150774,0.005114,False
702577,1,4,[1],"[2,1,3,3]",[[3]],FEASIBLE,FEASIBLE,FEASIBLE,null,0.007288,0.012703,0.000665,False
702578,7,3,"[1,1,2,1,1,1,3]","[2,2,3]","[[0,1],[0,2],[1,2],[0,2],[2],[0],[0,1,2]]",UNSAT,UNSAT,UNSAT,"[0, 2, 5, 6]",0.199204,0.053426,0.003782,False
702579,5,7,"[1,1,1,2,3]","[1,2,1,1,3,3,3]","[[0,3,4,5],[0],[2,3,4,5],[0,1,2,3,5],[0,1,2,3,4,5,6]]",FEASIBLE,FEASIBLE,FEASIBLE,null,0.156751,0.065144,0.004444,False
702580,2,6,"[3,1]","[3,1,1,1,1,1]","[[0,2,3,4],[0,1,2,3,4,5]]",FEASIBLE,FEASIBLE,FEASIBLE,null,0.014115,0.024806,0.001823,False
702581,1,5,[1],"[1,1,1,1,3]","[[0,2,4]]",FEASIBLE,FEASIBLE,FEASIBLE,null,0.005017,0.012353,0.000936,False
702582,1,1,[1],[3],[[0]],FEASIBLE,FEASIBLE,FEASIBLE,null,0.002407,0.008681,0.000506,False
702583,1,3,[1],"[3,1,1]",[[0]],FEASIBLE,FEASIBLE,FEASIBLE,null,0.003541,0.009739,0.000632,False
702584,2,5,"[3,2]","[2,2,3,1,3]","[[0,1,2,3,4],[0,3]]",FEASIBLE,FEASIBLE,FEASIBLE,null,0.011894,0.024239,0.00156,False
702585,6,3,"[1,1,1,1,1,1]","[3,1,2]","[[0],[2],[2],[2],[1],[2]]",UNSAT,UNSAT,UNSAT,"[1, 2, 3]",0.094761,0.088257,0.002447,False
702586,6,1,"[1,1,1,1,1,1]",[3],"[[0],[0],[0],[0],[0],[0]]",UNSAT,UNSAT,UNSAT,"[0, 1, 2, 3]",0.052056,0.035632,0.002038,False
702587,2,7,"[1,1]","[1,2,3,3,2,2,2]","[[0],[1,2,3,4,5,6]]",FEASIBLE,FEASIBLE,FEASIBLE,null,0.015255,0.019793,0.001374,False
702588,3,3,"[1,2,1]","[1,1,3]","[[0],[0,2],[0,1,2]]",UNSAT,UNSAT,UNSAT,"[0, 1]",0.011732,0.036046,0.001919,False
702589,1,1,[1],[3],[[0]],FEASIBLE,FEASIBLE,FEASIBLE,null,0.002667,0.008848,0.000459,False
702590,5,4,"[2,2,2,3,3]","[1,1,1,2]","[[0,1],[0,1],[0,1,3],[0,1,2],[0,1,2,3]]",UNSAT,UNSAT,UNSAT,"[0, 1]",0.019605,0.050824,0.003662,False
702591,6,2,"[1,2,1,1,1,2]","[1,3]","[[1],[0,1],[0],[1],[0],[0,1]]",UNSAT,UNSAT,UNSAT,"[1, 2]",0.021949,0.040725,0.002666,False
702592,5,1,"[1,1,1,1,1]",[2],"[[0],[0],[0],[0],[0]]",UNSAT,UNSAT,UNSAT,"[0, 1, 2]",0.020527,0.030863,0.001587,False
702593,2,1,"[1,1]",[3],"[[0],[0]]",FEASIBLE,FEASIBLE,FEASIBLE,null,0.005533,0.013474,0.000616,False
702594,1,4,[1],"[1,2,2,1]","[[0,3]]",FEASIBLE,FEASIBLE,FEASIBLE,null,0.004272,0.011056,0.00072,False
702595,6,5,"[1,1,1,1,1,2]","[2,1,2,3,3]","[[1,2,3],[3],[0,4],[0,1,2,4],[2,4],[2,4]]",FEASIBLE,FEASIBLE,FEASIBLE,null,0.24377,0.035897,0.002557,False
702596,7,3,"[2,1,1,2,1,2,3]","[3,3,1]","[[0,1],[0,2],[1],[0,1],[0,1,2],[0,1,2],[0,1,2]]",UNSAT,UNSAT,UNSAT,"[0, 1, 3, 6]",0.174287,0.065248,0.003968,False
702597,5,1,"[1,1,1,1,1]",[2],"[[0],[0],[0],[0],[0]]",UNSAT,UNSAT,UNSAT,"[0, 1, 2]",0.020113,0.030331,0.001419,False
702598,2,7,"[1,1]","[3,2,2,3,2,1,2]","[[1,5],[0]]",FEASIBLE,FEASIBLE,FEASIBLE,null,0.015202,0.087166,0.001104,False
702599,5,2,"[1,1,2,1,2]","[3,1]","[[1],[0,1],[0,1],[1],[0,1]]",UNSAT,UNSAT,UNSAT,"[0, 2]",0.013435,0.036901,0.002333,False
702600,1,3,[2],"[1,2,2]","[[0,1]]",FEASIBLE,FEASIBLE,FEASIBLE,null,0.003975,0.01309,0.000705,False
702601,2,5,"[2,2]","[2,3,2,3,3]","[[0,2,3],[1,2,3,4]]",FEASIBLE,FEASIBLE,FEASIBLE,null,0.012321,0.022204,0.001562,False
702602,7,7,"[1,1,3,1,2,3,2]","[2,2,2,1,1,1,2]","[[3],[2,6],[1,2,3,5,6],[5],[2,3,5],[0,1,2,3,4,5],[2,3,4]]",UNSAT,UNSAT,UNSAT,"[0, 3, 4]",0.194427,0.170751,0.006463,False
702603,5,7,"[2,2,1,1,2]","[1,1,1,2,1,2,1]","[[1,4,5],[0,1,2,4,5,6],[0],[0,2,3,5],[0,1,3,4,6]]",FEASIBLE,FEASIBLE,FEASIBLE,null,0.160502,0.065827,0.004061,False
702604,4,5,"[1,3,1,1]","[2,2,3,3,2]","[[2],[1,2,4],[1],[0,2,3,4]]",FEASIBLE,FEASIBLE,FEASIBLE,null,0.056373,0.029507,0.001827,False
702605,2,5,"[1,2]","[2,1,1,1,1]","[[2],[0,1,2,3,4]]",FEASIBLE,FEASIBLE,FEASIBLE,null,0.012213,0.023433,0.001438,False
702606,2,3,"[2,2]","[1,2,3]","[[1,2],[1,2]]",FEASIBLE,FEASIBLE,FEASIBLE,null,0.008686,0.023588,0.001176,False
702607,3,2,"[1,2,1]","[1,1]","[[0],[0,1],[0]]",UNSAT,UNSAT,UNSAT,"[0, 1]",0.008527,0.026797,0.001747,False
702608,3,7,"[2,3,2]","[1,1,1,3,3,1,1]","[[0,1,2,3,5,6],[0,1,2,3,4,5,6],[0,1,3,4,5,6]]",FEASIBLE,FEASIBLE,FEASIBLE,null,0.034418,0.039941,0.00289,False
702609,2,5,"[1,2]","[1,3,2,3,2]","[[4],[0,1,2,3,4]]",FEASIBLE,FEASIBLE,FEASIBLE,null,0.011839,0.095686,0.001355,False
702610,7,1,"[1,1,1,1,1,1,1]",[2],"[[0],[0],[0],[0],[0],[0],[0]]",UNSAT,UNSAT,UNSAT,"[0, 1, 2]",0.035281,0.03773,0.002053,False
702611,1,2,[1],"[1,3]",[[1]],FEASIBLE,FEASIBLE,FEASIBLE,null,0.003288,0.009983,0.000677,False
702612,2,4,"[2,2]","[2,1,2,2]","[[0,2],[0,1,3]]",FEASIBLE,FEASIBLE,FEASIBLE,null,0.011947,0.020626,0.001356,False
702613,2,4,"[1,3]","[1,2,3,2]","[[0],[0,1,2,3]]",FEASIBLE,FEASIBLE,FEASIBLE,null,0.010645,0.021238,0.001295,False
702614,4,7,"[2,2,1,1]","[3,3,1,1,2,1,2]","[[0,1,2,4,5],[0,3,4,5,6],[1,4],[3]]",FEASIBLE,FEASIBLE,FEASIBLE,null,0.075093,0.041656,0.002811,False
702615,1,1,[1],[2],[[0]],FEASIBLE,FEASIBLE,FEASIBLE,null,0.002722,0.009802,0.000452,False
702616,4,4,"[1,2,2,2]","[1,1,3,3]","[[1,3],[1,2],[0,1,2,3],[0,1,2,3]]",FEASIBLE,FEASIBLE,FEASIBLE,null,0.048138,0.04738,0.002706,False
702617,5,1,"[1,1,1,1,1]",[3],"[[0],[0],[0],[0],[0]]",UNSAT,UNSAT,UNSAT,"[0, 1, 2, 3]",0.033468,0.032188,0.001563,False
702618,4,1,"[1,1,1,1]",[2],"[[0],[0],[0],[0]]",UNSAT,UNSAT,UNSAT,"[0, 1, 2]",0.015091,0.028107,0.00131,False
702619,3,6,"[1,1,1]","[2,1,2,1,2,2]","[[1,3,4],[0,1,2,4,5],[0,1,2,3,4,5]]",FEASIBLE,FEASIBLE,FEASIBLE,null,0.031484,0.026224,0.002397,False
702620,3,1,"[1,1,1]",[3],"[[0],[0],[0]]",FEASIBLE,FEASIBLE,FEASIBLE,null,0.010445,0.01624,0.00087,False
702621,2,1,"[1,1]",[1],"[[0],[0]]",UNSAT,UNSAT,UNSAT,"[0, 1]",0.01894,0.022711,0.000944,False
702622,1,3,[2],"[3,1,2]","[[0,1]]",FEASIBLE,FEASIBLE,FEASIBLE,null,0.004172,0.013091,0.000718,False
702623,4,7,"[3,3,3,3]","[1,3,3,2,2,2,1]","[[0,3,4,6],[0,1,2,3,4,5,6],[1,3,5],[2,5,6]]",FEASIBLE,FEASIBLE,FEASIBLE,null,0.076814,0.063142,0.003927,False
702624,7,1,"[1,1,1,1,1,1,1]",[1],"[[0],[0],[0],[0],[0],[0],[0]]",UNSAT,UNSAT,UNSAT,"[0, 1]",0.010939,0.037615,0.001939,False
702625,3,3,"[3,2,3]","[2,2,3]","[[0,1,2],[1,2],[0,1,2]]",UNSAT,UNSAT,UNSAT,"[0, 1, 2]",0.019423,0.038921,0.002365,False
702626,4,5,"[1,3,1,1]","[1,2,1,1,2]","[[0,1,2],[0,2,4],[0,1,3,4],[0,3,4]]",FEASIBLE,FEASIBLE,FEASIBLE,null,0.059411,0.047522,0.00277,False
702627,4,3,"[2,1,1,1]","[1,3,3]","[[0,1,2],[0,1,2],[0],[0,2]]",FEASIBLE,FEASIBLE,FEASIBLE,null,0.040276,0.037294,0.002126,False
702628,5,6,"[1,1,1,3,1]","[1,3,3,2,1,3]","[[1,2,3,4,5],[2,4,5],[4],[0,1,2,3,4,5],[0,1,2,3,4,5]]",FEASIBLE,FEASIBLE,FEASIBLE,null,0.144365,0.041629,0.00314,False
702629,4,7,"[3,2,1,2]","[2,2,1,1,1,2,2]","[[0,1,2,3,4,5,6],[0,1,2,3],[0,1,2,3,4,5,6],[3,4]]",FEASIBLE,FEASIBLE,FEASIBLE,null,0.077055,0.06281,0.003984,False
702630,2,1,"[1,1]",[1],"[[0],[0]]",UNSAT,UNSAT,UNSAT,"[0, 1]",0.005779,0.01982,0.000924,False
702631,3,7,"[2,1,2]","[2,3,2,1,2,1,1]","[[3,6],[1,3,6],[0,1,2,3,4,5]]",FEASIBLE,FEASIBLE,FEASIBLE,null,0.035513,0.029063,0.002129,False
702632,2,5,"[1,1]","[3,1,2,1,2]","[[1,2,3],[0,1,2,3,4]]",FEASIBLE,FEASIBLE,FEASIBLE,null,0.012342,0.019098,0.001488,False
702633,4,2,"[1,1,1,2]","[3,2]","[[0,1],[0],[1],[0,1]]",FEASIBLE,FEASIBLE,FEASIBLE,null,0.067462,0.025446,0.001324,False
702634,7,4,"[3,2,1,1,1,3,3]","[1,2,2,1]","[[0,1,2],[0,1,2,3],[0],[2,3],[0,1,2,3],[0,1,2,3],[0,1,2,3]]",UNSAT,UNSAT,UNSAT,"[0, 2]",0.026898,0.143827,0.004813,False
702635,7,4,"[2,1,1,2,1,1,2]","[1,2,3,3]","[[2,3],[0],[0],[0,1,2,3],[3],[0,1,2,3],[0,1,2,3]]",UNSAT,UNSAT,UNSAT,"[1, 2]",0.041491,0.055802,0.003588,False
702636,4,2,"[1,1,1,1]","[3,3]","[[0],[0,1],[1],[0,1]]",FEASIBLE,FEASIBLE,FEASIBLE,null,0.030804,0.022463,0.001245,False
702637,5,2,"[1,1,1,2,1]","[1,2]","[[0],[0],[0],[0,1],[1]]",UNSAT,UNSAT,UNSAT,"[0, 1]",0.01182,0.045883,0.00295,False
702638,3,4,"[1,3,1]","[1,3,2,1]","[[0,1,2,3],[0,1,3],[0,2,3]]",FEASIBLE,FEASIBLE,FEASIBLE,null,0.023427,0.035904,0.002322,False
702639,5,7,"[2,1,2,3,3]","[3,2,2,1,2,2,2]","[[2,4],[0,1,2,4,5],[2,3],[0,1,2,3,4,5,6],[0,2,4,5,6]]",FEASIBLE,FEASIBLE,FEASIBLE,null,0.161332,0.051739,0.003543,False
702640,5,2,"[1,1,1,2,1]","[1,1]","[[0],[1],[0,1],[0,1],[0,1]]",UNSAT,UNSAT,UNSAT,"[0, 3]",0.01529,0.036501,0.002529,False
702641,5,7,"[1,2,1,3,2]","[1,1,3,1,2,2,3]","[[0,2,3,4,6],[0,1,2,4,6],[3],[0,1,2,3,4,5,6],[0,2]]",FEASIBLE,FEASIBLE,FEASIBLE,null,0.159174,0.066622,0.004151,False
702642,4,5,"[3,3,3,3]","[3,3,2,1,1]","[[0,1,2,3,4],[0,1,2,3,4],[0,1,2,3,4],[1,2,3,4]]",UNSAT,UNSAT,UNSAT,"[0, 1, 2, 3]",0.056495,0.062081,0.004596,False
702643,3,5,"[1,1,1]","[2,3,2,3,1]","[[0,1,2,3,4],[3],[3]]",FEASIBLE,FEASIBLE,FEASIBLE,null,0.02706,0.023879,0.001548,False
702644,1,3,[2],"[1,3,1]","[[1,2]]",FEASIBLE,FEASIBLE,FEASIBLE,null,0.003961,0.014109,0.000819,False
702645,2,4,"[3,3]","[3,3,1,3]","[[0,1,3],[1,2,3]]",FEASIBLE,FEASIBLE,FEASIBLE,null,0.011061,0.025196,0.001383,False
702646,2,1,"[1,1]",[2],"[[0],[0]]",FEASIBLE,FEASIBLE,FEASIBLE,null,0.005937,0.013014,0.000634,False
702647,6,5,"[1,3,3,2,2,1]","[1,2,1,1,2]","[[0],[1,2,4],[0,1,2,3,4],[1,3,4],[0,1,2,3,4],[1]]",UNSAT,UNSAT,UNSAT,"[1, 2, 3]",0.119384,0.063401,0.004535,False
702648,3,3,"[1,1,2]","[1,3,2]","[[2],[1],[0,1]]",FEASIBLE,FEASIBLE,FEASIBLE,null,0.019193,0.021139,0.001278,False
702649,3,7,"[1,1,2]","[1,1,1,2,1,2,2]","[[1,2],[0,1,3,5],[0,1,2,3,4,5,6]]",FEASIBLE,FEASIBLE,FEASIBLE,null,0.035206,0.033265,0.002263,False
702650,4,3,"[2,1,1,2]","[1,1,1]","[[0,1],[0,1],[0],[0,2]]",UNSAT,UNSAT,UNSAT,"[0, 1]",0.01306,0.036176,0.00232,False
702651,1,6,[1],"[1,3,2,3,3,2]",[[0]],FEASIBLE,FEASIBLE,FEASIBLE,null,0.005241,0.012303,0.000751,False
702652,4,1,"[1,1,1,1]",[3],"[[0],[0],[0],[0]]",UNSAT,UNSAT,UNSAT,"[0, 1, 2, 3]",0.020207,0.028723,0.001549,False
702653,3,1,"[1,1,1]",[1],"[[0],[0],[0]]",UNSAT,UNSAT,UNSAT,"[0, 1]",0.006668,0.023194,0.001294,False
702654,4,5,"[2,3,3,3]","[1,3,2,3,2]","[[2,3,4],[0,1,3,4],[0,2,3,4],[0,1,2,3,4]]",UNSAT,UNSAT,UNSAT,"[0, 1, 2, 3]",0.05678,0.072736,0.004095,False
702655,7,5,"[1,3,1,1,1,3,2]","[3,3,2,3,2]","[[1,3],[0,1,2],[0,1,2,3,4],[4],[3],[0,1,3],[0,3]]",FEASIBLE,FEASIBLE,FEASIBLE,null,0.512949,0.063431,0.003915,False
702656,1,3,[2],"[1,3,1]","[[0,1,2]]",FEASIBLE,FEASIBLE,FEASIBLE,null,0.003933,0.014044,0.000785,False
702657,4,4,"[2,2,2,3]","[2,3,3,3]","[[0,1,2],[0,1],[0,1],[0,1,2,3]]",UNSAT,UNSAT,UNSAT,"[0, 1, 2, 3]",0.047343,0.134607,0.00366,False
702658,5,2,"[1,1,2,1,1]","[2,1]","[[1],[0,1],[0,1],[0,1],[0,1]]",UNSAT,UNSAT,UNSAT,"[0, 2]",0.013863,0.039826,0.005706,False
702659,5,2,"[2,1,2,1,1]","[3,1]","[[0,1],[0],[0,1],[0,1],[0]]",UNSAT,UNSAT,UNSAT,"[0, 2]",0.014371,0.039422,0.0035,False
702660,1,7,[1],"[2,3,1,2,2,3,1]","[[0,1,2,3,4,5,6]]",FEASIBLE,FEASIBLE,FEASIBLE,null,0.006005,0.016988,0.0018,False
702661,1,1,[1],[1],[[0]],FEASIBLE,FEASIBLE,FEASIBLE,null,0.002439,0.008873,0.000773,False
702662,6,6,"[2,1,1,2,1,2]","[1,2,1,1,3,1]","[[2,5],[1,5],[0,1,2,3,4,5],[0,1,4],[0,2,4,5],[1,3]]",FEASIBLE,FEASIBLE,FEASIBLE,null,0.294226,0.067209,0.008942,False
702663,7,1,"[1,1,1,1,1,1,1]",[1],"[[0],[0],[0],[0],[0],[0],[0]]",UNSAT,UNSAT,UNSAT,"[0, 1]",0.010974,0.037878,0.003232,False
702664,2,6,"[1,1]","[2,3,2,3,1,3]","[[0,1,2,3,4,5],[0,1,2,3,4,5]]",FEASIBLE,FEASIBLE,FEASIBLE,null,0.014389,0.022554,0.002091,False
702665,1,1,[1],[3],[[0]],FEASIBLE,FEASIBLE,FEASIBLE,null,0.00276,0.008834,0.000599,False
702666,4,1,"[1,1,1,1]",[3],"[[0],[0],[0],[0]]",UNSAT,UNSAT,UNSAT,"[0, 1, 2, 3]",0.020917,0.02939,0.002187,False
702667,4,1,"[1,1,1,1]",[3],"[[0],[0],[0],[0]]",UNSAT,UNSAT,UNSAT,"[0, 1, 2, 3]",0.020417,0.028698,0.00138,False
702668,4,6,"[1,3,1,1]","[3,1,1,3,2,3]","[[0,1,2,3,4,5],[1,2,3,4,5],[1,2,5],[4,5]]",FEASIBLE,FEASIBLE,FEASIBLE,null,0.0844,0.039272,0.003125,False
702669,7,5,"[3,2,2,3,1,2,1]","[2,1,3,3,1]","[[1,2,4],[0,3,4],[0,1,2,3,4],[1,3,4],[1],[0,1,2,3,4],[1,2,3,4]]",UNSAT,UNSAT,UNSAT,"[0, 3]",0.0368,0.156366,0.007009,False
702670,1,1,[1],[3],[[0]],FEASIBLE,FEASIBLE,FEASIBLE,null,0.002883,0.010313,0.000565,False
702671,7,5,"[3,3,1,1,1,1,1]","[2,3,2,3,2]","[[0,1,2,3],[0,1,2,3,4],[2],[1,2],[0,2,3,4],[0,2],[2,3]]",FEASIBLE,FEASIBLE,FEASIBLE,null,0.556123,0.072382,0.004652,False
702672,3,6,"[2,1,2]","[1,2,1,1,2,1]","[[0,5],[4],[0,1,2,3,4,5]]",FEASIBLE,FEASIBLE,FEASIBLE,null,0.033656,0.030527,0.002131,False
702673,1,3,[1],"[3,3,1]",[[0]],FEASIBLE,FEASIBLE,FEASIBLE,null,0.004204,0.010553,0.000726,False
702674,5,7,"[2,1,1,1,3]","[1,2,2,1,3,3,1]","[[2,5,6],[5],[6],[0,1,2,3,4,5,6],[0,1,2,3,4,5,6]]",FEASIBLE,FEASIBLE,FEASIBLE,null,0.169934,0.045775,0.003322,False
702675,6,3,"[2,1,2,3,1,1]","[1,2,2]","[[0,1,2],[2],[1,2],[0,1,2],[0,1],[0,1,2]]",UNSAT,UNSAT,UNSAT,"[0, 1, 3]",0.060156,0.054548,0.004354,False
702676,7,2,"[1,1,1,1,2,1,1]","[2,3]","[[1],[0,1],[0],[1],[0,1],[0],[1]]",UNSAT,UNSAT,UNSAT,"[2, 4, 5]",0.111632,0.047259,0.003393,False
702677,3,1,"[1,1,1]",[2],"[[0],[0],[0]]",UNSAT,UNSAT,UNSAT,"[0, 1, 2]",0.011234,0.025769,0.001653,False
702678,2,7,"[1,1]","[3,3,3,2,1,2,3]","[[1,6],[2,3,4,5]]",FEASIBLE,FEASIBLE,FEASIBLE,null,0.016946,0.020504,0.001621,False
702679,6,1,"[1,1,1,1,1,1]",[2],"[[0],[0],[0],[0],[0],[0]]",UNSAT,UNSAT,UNSAT,"[0, 1, 2]",0.02867,0.054466,0.002311,False
702680,1,7,[1],"[3,1,1,2,2,3,2]","[[2,3,4,5]]",FEASIBLE,FEASIBLE,FEASIBLE,null,0.007017,0.018328,0.001172,False
702681,7,7,"[1,1,1,2,2,1,1]","[3,2,1,3,1,2,3]","[[0,1,4,5,6],[0],[0,1,3,4,6],[0,1,3,5],[0,1,3,4,5,6],[0,1,2,3,5],[3,5]]",FEASIBLE,FEASIBLE,FEASIBLE,null,0.731858,0.137057,0.004076,False
702682,6,6,"[1,2,1,1,2,1]","[2,1,2,1,1,2]","[[0,5],[0,3],[0,1,3],[1,2,3,4,5],[0,1,2,3,5],[2]]",FEASIBLE,FEASIBLE,FEASIBLE,null,0.314555,0.063326,0.004152,False
702683,2,1,"[1,1]",[2],"[[0],[0]]",FEASIBLE,FEASIBLE,FEASIBLE,null,0.006049,0.014041,0.000781,False
702684,5,3,"[1,1,2,2,2]","[2,2,2]","[[0,1,2],[0,1,2],[0,1],[1,2],[0,1,2]]",UNSAT,UNSAT,UNSAT,"[0, 2, 3, 4]",0.078214,0.051455,0.003606,False
702685,1,1,[1],[2],[[0]],FEASIBLE,FEASIBLE,FEASIBLE,null,0.002744,0.010268,0.000519,False
702686,1,2,[1],"[3,2]",[[1]],FEASIBLE,FEASIBLE,FEASIBLE,null,0.003211,0.009953,0.000665,False
702687,7,4,"[1,2,3,1,1,1,3]","[1,2,1,1]","[[0,2],[1,2,3],[0,1,2,3],[0,1,2],[0,1,3],[0],[0,1,2,3]]",UNSAT,UNSAT,UNSAT,"[2, 6]",0.068757,0.067489,0.005228,False
702688,3,5,"[1,2,2]","[1,1,1,1,3]","[[2],[0,1,3,4],[0,1,2,3,4]]",FEASIBLE,FEASIBLE,FEASIBLE,null,0.031046,0.047282,0.002092,False
702689,7,3,"[2,1,1,3,2,1,2]","[1,2,3]","[[0,1,2],[0,1,2],[2],[0,1,2],[0,1],[0,1,2],[0,1,2]]",UNSAT,UNSAT,UNSAT,"[3, 4]",0.057422,0.064221,0.00441,False
702690,5,6,"[3,1,2,2,1]","[3,2,2,2,3,3]","[[2,3,4,5],[2],[1,3,5],[0,1,2,3,4,5],[0,1,2,3,4,5]]",FEASIBLE,FEASIBLE,FEASIBLE,null,0.148708,0.046554,0.003296,False
702691,4,1,"[1,1,1,1]",[1],"[[0],[0],[0],[0]]",UNSAT,UNSAT,UNSAT,"[0, 1]",0.008164,0.028826,0.00179,False
702692,5,4,"[2,2,3,3,2]","[2,2,1,3]","[[0,1,3],[1,2],[1,2,3],[0,1,2,3],[1,3]]",UNSAT,UNSAT,UNSAT,"[1, 2]",0.03217,0.136711,0.004176,False
702693,7,4,"[1,2,1,1,3,2,1]","[2,2,1,2]","[[0],[0,1,3],[2,3],[2],[0,1,2,3],[2,3],[1,2]]",UNSAT,UNSAT,UNSAT,"[3, 5]",0.074262,0.062337,0.00442,False
702694,3,1,"[1,1,1]",[1],"[[0],[0],[0]]",UNSAT,UNSAT,UNSAT,"[0, 1]",0.007391,0.024725,0.001505,False
702695,7,3,"[1,1,1,1,2,2,1]","[2,3,2]","[[0,1],[0,1,2],[1],[0,1,2],[1,2],[0,1,2],[1,2]]",UNSAT,UNSAT,UNSAT,"[0, 1, 2, 3, 4, 5]",0.335973,0.05962,0.004104,False
702696,7,5,"[1,1,2,1,3,3,1]","[3,1,2,3,1]","[[3],[0,3],[0,1],[0,1,3,4],[0,2,3,4],[0,2,4],[0]]",UNSAT,UNSAT,UNSAT,"[2, 4, 5, 6]",0.397197,0.088401,0.005666,False
702697,6,2,"[2,1,1,1,1,1]","[2,3]","[[0,1],[0],[0],[0,1],[0,1],[1]]",UNSAT,UNSAT,UNSAT,"[0, 1, 2]",0.056764,0.047723,0.003002,False
702698,6,6,"[3,1,1,1,1,2]","[2,3,2,3,2,3]","[[0,1,3,4],[0,1,2,4,5],[5],[4],[0],[0,1,2,3,4,5]]",FEASIBLE,FEASIBLE,FEASIBLE,null,0.311034,0.059947,0.003811,False
702699,5,3,"[3,1,3,2,1]","[1,3,3]","[[0,1,2],[0],[0,1,2],[1,2],[0,1,2]]",UNSAT,UNSAT,UNSAT,"[0, 1]",0.015833,0.053163,0.003392,False
702700,7,1,"[1,1,1,1,1,1,1]",[2],"[[0],[0],[0],[0],[0],[0],[0]]",UNSAT,UNSAT,UNSAT,"[0, 1, 2]",0.037221,0.040412,0.00238,False
702701,6,5,"[3,1,2,1,2,3]","[1,1,3,3,3]","[[0,2,3,4],[0,1,2],[0,1,2,4],[0,4],[0,1,2,4],[0,1,2,3,4]]",UNSAT,UNSAT,UNSAT,"[0, 1, 2, 4, 5]",0.243427,0.150487,0.005428,False
702702,7,7,"[3,3,1,2,3,2,3]","[2,2,3,1,2,1,3]","[[0,1,3,4],[1,2,5,6],[0,3,5,6],[3,5,6],[1,2,3,4,5,6],[0,1,2,3,4,5,6],[0,1,6]]",UNSAT,UNSAT,UNSAT,"[0, 1, 2, 3, 6]",0.604112,0.099342,0.007511,False
702703,5,6,"[1,1,2,1,3]","[3,1,2,1,3,3]","[[0],[3],[1,2,4],[3,4,5],[0,2,4,5]]",FEASIBLE,FEASIBLE,FEASIBLE,null,0.167003,0.042003,0.002585,False
702704,3,1,"[1,1,1]",[2],"[[0],[0],[0]]",UNSAT,UNSAT,UNSAT,"[0, 1, 2]",0.011737,0.0262,0.020676,False
702705,7,5,"[1,3,3,2,3,3,2]","[3,3,3,3,3]","[[0],[0,1,4],[1,2,4],[0,2,4],[0,1,2,4],[0,1,2,3,4],[1,2,3]]",UNSAT,UNSAT,UNSAT,"[1, 2, 3, 4, 5]",0.491759,0.084738,0.006046,False
702706,4,2,"[2,2,1,1]","[2,3]","[[0,1],[0,1],[0,1],[0,1]]",UNSAT,UNSAT,UNSAT,"[0, 1, 2, 3]",0.031886,0.041718,0.00262,False
702707,2,5,"[1,2]","[2,1,3,3,1]","[[0,3,4],[0,1,2,3,4]]",FEASIBLE,FEASIBLE,FEASIBLE,null,0.013288,0.025086,0.001589,False
702708,4,5,"[1,2,1,1]","[3,2,1,2,3]","[[1,3,4],[0,2],[1,3,4],[0,2,4]]",FEASIBLE,FEASIBLE,FEASIBLE,null,0.062199,0.030845,0.001988,False
702709,1,6,[2],"[1,3,1,1,3,2]","[[1,3]]",FEASIBLE,FEASIBLE,FEASIBLE,null,0.005904,0.016053,0.001095,False
702710,1,1,[1],[1],[[0]],FEASIBLE,FEASIBLE,FEASIBLE,null,0.002944,0.00951,0.00058,False
702711,2,5,"[2,3]","[2,2,2,1,2]","[[0,1,2,3,4],[0,1,2,3,4]]",FEASIBLE,FEASIBLE,FEASIBLE,null,0.013303,0.030564,0.001798,False
702712,3,7,"[2,1,1]","[3,2,3,1,2,3,2]","[[4,5,6],[6],[0,2,4,6]]",FEASIBLE,FEASIBLE,FEASIBLE,null,0.037535,0.177633,0.001855,False
702713,6,5,"[1,1,1,3,3,1]","[2,2,1,1,2]","[[2],[2],[0,1,3],[0,1,2],[0,1,2,3,4],[0,1]]",UNSAT,UNSAT,UNSAT,"[0, 1]",0.027373,0.06279,0.004524,False
702714,5,1,"[1,1,1,1,1]",[3],"[[0],[0],[0],[0],[0]]",UNSAT,UNSAT,UNSAT,"[0, 1, 2, 3]",0.035806,0.03474,0.0021,False
702715,1,6,[1],"[3,3,1,1,3,3]",[[4]],FEASIBLE,FEASIBLE,FEASIBLE,null,0.005853,0.013052,0.000885,False
702716,5,1,"[1,1,1,1,1]",[1],"[[0],[0],[0],[0],[0]]",UNSAT,UNSAT,UNSAT,"[0, 1]",0.010186,0.034629,0.001862,False
702717,4,7,"[1,2,2,1]","[2,1,2,2,2,1,3]","[[0],[3,5],[0,1,2,3],[0,1,2,3,5]]",FEASIBLE,FEASIBLE,FEASIBLE,null,0.082112,0.038042,0.002365,False
702718,4,6,"[1,3,2,1]","[1,2,3,1,1,2]","[[0,1],[0,1,2,3,4,5],[0,5],[1,3,4,5]]",FEASIBLE,FEASIBLE,FEASIBLE,null,0.072972,0.051559,0.003326,False
702719,7,1,"[1,1,1,1,1,1,1]",[3],"[[0],[0],[0],[0],[0],[0],[0]]",UNSAT,UNSAT,UNSAT,"[0, 1, 2, 3]",0.084669,0.04991,0.002285,False
702720,7,4,"[2,1,1,1,1,2,3]","[1,3,3,2]","[[0,1,2],[0,1,2,3],[1],[0],[3],[0,1,2],[0,2,3]]",UNSAT,UNSAT,UNSAT,"[3, 6]",0.080142,0.092133,0.005505,False
702721,1,4,[2],"[1,2,3,1]","[[1,2]]",FEASIBLE,FEASIBLE,FEASIBLE,null,0.004826,0.015457,0.000928,False
702722,7,6,"[1,1,2,1,2,2,3]","[1,1,3,3,1,3]","[[0,1,3,4,5],[3],[1,4,5],[1],[0,1,5],[0,4],[0,1,2,3,5]]",UNSAT,UNSAT,UNSAT,"[2, 3, 5]",0.25744,0.091393,0.006082,False
702723,1,7,[2],"[1,1,1,1,2,3,2]","[[2,4,5,6]]",FEASIBLE,FEASIBLE,FEASIBLE,null,0.006732,0.10401,0.001202,False
702724,2,4,"[1,1]","[3,2,1,3]","[[2],[0]]",FEASIBLE,FEASIBLE,FEASIBLE,null,0.012044,0.016398,0.000943,False
702725,7,4,"[1,1,1,2,1,1,1]","[3,3,2,3]","[[0,1,2,3],[0,2,3],[0,1,2,3],[1,2],[0,1,3],[2,3],[2]]",FEASIBLE,FEASIBLE,FEASIBLE,null,0.480058,0.059089,0.003713,False
702726,4,7,"[1,3,1,1]","[1,3,2,1,3,3,3]","[[0,1,2,3,4,5,6],[0,3,4],[0,3,4,6],[0,1,2,4,5,6]]",FEASIBLE,FEASIBLE,FEASIBLE,null,0.111493,0.056952,0.003806,False
702727,2,6,"[1,1]","[3,2,1,2,2,1]","[[1],[1]]",FEASIBLE,FEASIBLE,FEASIBLE,null,0.015371,0.017547,0.001094,False
702728,3,7,"[3,3,2]","[1,1,2,3,3,3,3]","[[0,2,4],[2,5,6],[1,4]]",FEASIBLE,FEASIBLE,FEASIBLE,null,0.039324,0.035927,0.001989,False
702729,1,1,[1],[2],[[0]],FEASIBLE,FEASIBLE,FEASIBLE,null,0.003159,0.010068,0.000481,False
702730,2,1,"[1,1]",[3],"[[0],[0]]",FEASIBLE,FEASIBLE,FEASIBLE,null,0.006187,0.014365,0.000767,False
702731,5,3,"[1,1,2,1,2]","[2,2,1]","[[2],[0,1],[0,2],[1,2],[0,1]]",UNSAT,UNSAT,UNSAT,"[0, 2]",0.019181,0.048432,0.003016,False
702732,6,5,"[1,2,1,2,3,3]","[1,1,1,3,2]","[[0,1,2,3],[0,3],[0],[3,4],[0,1,2,3,4],[0,1,3,4]]",UNSAT,UNSAT,UNSAT,"[1, 2]",0.047129,0.068768,0.004733,False
702733,2,6,"[1,1]","[2,1,1,2,2,3]","[[0,1,2,3,4,5],[4]]",FEASIBLE,FEASIBLE,FEASIBLE,null,0.01546,0.021514,0.001543,False
702734,1,3,[1],"[3,3,2]",[[1]],FEASIBLE,FEASIBLE,FEASIBLE,null,0.004341,0.011322,0.000643,False
702735,6,2,"[1,1,2,1,2,1]","[2,1]","[[0],[0,1],[0,1],[0],[0,1],[1]]",UNSAT,UNSAT,UNSAT,"[2, 4]",0.033878,0.045901,0.002769,False
702736,1,4,[3],"[2,1,1,1]","[[0,1,2,3]]",FEASIBLE,FEASIBLE,FEASIBLE,null,0.004836,0.131327,0.001131,False
702737,5,4,"[1,1,1,2,2]","[2,2,3,2]","[[2,3],[3],[1,2,3],[1,2],[0,1,2]]",FEASIBLE,FEASIBLE,FEASIBLE,null,0.11456,0.037993,0.002129,False
702738,4,7,"[1,1,2,2]","[1,3,1,2,3,1,3]","[[1],[1],[3,5,6],[0,1,2,3,4,5,6]]",FEASIBLE,FEASIBLE,FEASIBLE,null,0.085494,0.036184,0.002252,False
702739,6,1,"[1,1,1,1,1,1]",[2],"[[0],[0],[0],[0],[0],[0]]",UNSAT,UNSAT,UNSAT,"[0, 1, 2]",0.030756,0.03778,0.00199,False
702740,2,3,"[1,2]","[3,2,1]","[[0,2],[0,1,2]]",FEASIBLE,FEASIBLE,FEASIBLE,null,0.009968,0.019913,0.001254,False
702741,1,3,[1],"[2,3,3]","[[1,2]]",FEASIBLE,FEASIBLE,FEASIBLE,null,0.005796,0.011953,0.000789,False
702742,2,1,"[1,1]",[3],"[[0],[0]]",FEASIBLE,FEASIBLE,FEASIBLE,null,0.005985,0.014336,0.000714,False
702743,7,2,"[2,1,1,1,1,1,1]","[1,3]","[[0,1],[1],[0,1],[1],[0],[1],[0]]",UNSAT,UNSAT,UNSAT,"[0, 4]",0.022481,0.049868,0.002815,False
702744,3,4,"[2,1,2]","[3,3,2,1]","[[0,1,2,3],[0,1],[1,3]]",FEASIBLE,FEASIBLE,FEASIBLE,null,0.025737,0.028412,0.001689,False
702745,7,7,"[1,2,2,1,2,1,1]","[3,1,2,2,3,3,3]","[[1],[0,1,2,3,5,6],[0,1,3,4,5,6],[1],[2,3],[2],[0,5]]",UNSAT,UNSAT,UNSAT,"[0, 3]",0.050844,0.096445,0.005353,False
702746,2,6,"[3,1]","[3,3,2,1,1,3]","[[1,3,4],[0,1,2,3,4,5]]",FEASIBLE,FEASIBLE,FEASIBLE,null,0.016438,0.027846,0.001806,False
702747,2,1,"[1,1]",[1],"[[0],[0]]",UNSAT,UNSAT,UNSAT,"[0, 1]",0.006403,0.022191,0.001157,False
702748,5,3,"[1,1,1,1,1]","[1,3,1]","[[0,1],[1],[2],[0],[2]]",UNSAT,UNSAT,UNSAT,"[2, 4]",0.038469,0.050745,0.002671,False
702749,3,1,"[1,1,1]",[3],"[[0],[0],[0]]",FEASIBLE,FEASIBLE,FEASIBLE,null,0.011911,0.100903,0.000904,False
702750,6,7,"[1,1,2,3,1,3]","[2,1,2,2,1,3,1]","[[1,2,5,6],[6],[0,2,3],[0,1,2,3,4,5,6],[6],[0,1,2,3,6]]",UNSAT,UNSAT,UNSAT,"[1, 4]",0.076587,0.087547,0.005187,False
702751,6,1,"[1,1,1,1,1,1]",[1],"[[0],[0],[0],[0],[0],[0]]",UNSAT,UNSAT,UNSAT,"[0, 1]",0.011275,0.037868,0.001949,False
702752,3,2,"[1,1,1]","[3,3]","[[0],[1],[0,1]]",FEASIBLE,FEASIBLE,FEASIBLE,null,0.01654,0.020042,0.001123,False
702753,6,6,"[3,1,1,1,1,1]","[2,2,2,3,3,1]","[[0,1,5],[2,4],[4],[0,1,2,3,4,5],[3],[1,2,3,4]]",FEASIBLE,FEASIBLE,FEASIBLE,null,0.326273,0.04582,0.002969,False
702754,7,2,"[1,1,1,2,1,1,1]","[2,1]","[[1],[1],[0],[0,1],[1],[0],[0]]",UNSAT,UNSAT,UNSAT,"[0, 1]",0.017153,0.047002,0.002832,False
702755,1,5,[1],"[3,2,1,2,2]",[[0]],FEASIBLE,FEASIBLE,FEASIBLE,null,0.005339,0.012892,0.00077,False
702756,4,6,"[1,2,1,2]","[3,3,2,1,1,2]","[[0],[1,5],[3],[3,5]]",UNSAT,UNSAT,UNSAT,"[2, 3]",0.045807,0.039036,0.002429,False
702757,2,3,"[2,2]","[3,1,2]","[[0,1,2],[0,1]]",FEASIBLE,FEASIBLE,FEASIBLE,null,0.01008,0.029299,0.001631,False
702758,7,5,"[1,1,2,1,3,3,3]","[1,1,3,1,3]","[[1,2],[0],[0,3],[0],[0,1,2,3,4],[0,1,3,4],[0,1,2,4]]",UNSAT,UNSAT,UNSAT,"[1, 2]",0.055763,0.097692,0.005965,False
702759,4,5,"[1,2,1,2]","[2,1,3,1,1]","[[0,3],[0,4],[0,1,2,4],[1,3]]",FEASIBLE,FEASIBLE,FEASIBLE,null,0.066805,0.048333,0.002632,False
702760,1,1,[1],[1],[[0]],FEASIBLE,FEASIBLE,FEASIBLE,null,0.004416,0.022476,0.000422,False
702761,1,6,[1],"[1,2,3,2,1,1]",[[4]],FEASIBLE,FEASIBLE,FEASIBLE,null,0.006495,0.100199,0.000819,False
702762,4,5,"[3,1,3,3]","[2,1,2,1,2]","[[0,1,2,3,4],[0,1,2,3,4],[0,1,3,4],[0,2,4]]",UNSAT,UNSAT,UNSAT,"[0, 2, 3]",0.053874,0.063176,0.004368,False
702763,5,5,"[1,3,1,1,3]","[1,2,1,2,3]","[[0,2,3,4],[0,2,3,4],[0,2,3],[0,1,2,3],[0,1,2,3]]",UNSAT,UNSAT,UNSAT,"[1, 2, 4]",0.094267,0.08386,0.005322,False
702764,1,5,[1],"[1,2,1,1,1]",[[4]],FEASIBLE,FEASIBLE,FEASIBLE,null,0.005476,0.013246,0.000724,False
702765,1,4,[2],"[1,2,3,2]","[[1,2,3]]",FEASIBLE,FEASIBLE,FEASIBLE,null,0.004715,0.015459,0.000967,False
702766,4,7,"[3,1,1,1]","[2,3,1,2,1,3,3]","[[0,1,2,3,5,6],[4,6],[0,3,4,6],[2,3]]",FEASIBLE,FEASIBLE,FEASIBLE,null,0.085356,0.037877,0.002545,False
702767,2,5,"[1,1]","[2,3,3,2,3]","[[2],[1,4]]",FEASIBLE,FEASIBLE,FEASIBLE,null,0.01391,0.017588,0.001115,False
702768,2,6,"[2,3]","[1,1,2,1,3,1]","[[0,2,3],[0,1,2,3]]",FEASIBLE,FEASIBLE,FEASIBLE,null,0.015993,0.029284,0.001564,False
702769,6,2,"[2,1,1,1,1,1]","[2,3]","[[0,1],[0],[0,1],[0,1],[1],[0,1]]",UNSAT,UNSAT,UNSAT,"[0, 1, 2, 3, 4]",0.126388,0.050835,0.002948,False
702770,2,6,"[1,1]","[1,2,2,2,3,2]","[[0],[0,3,4,5]]",FEASIBLE,FEASIBLE,FEASIBLE,null,0.015795,0.021941,0.001395,False
702771,3,6,"[1,2,1]","[3,3,1,3,2,1]","[[0,1,2,4],[0,2,3,4,5],[0,2,3,4,5]]",FEASIBLE,FEASIBLE,FEASIBLE,null,0.035478,0.031314,0.002317,False
702772,3,6,"[1,1,3]","[1,1,2,3,2,1]","[[1,2,3,4,5],[4],[2,3,4]]",FEASIBLE,FEASIBLE,FEASIBLE,null,0.036077,0.032711,0.00186,False
702773,5,2,"[1,1,2,1,1]","[3,1]","[[0],[0,1],[0,1],[1],[1]]",UNSAT,UNSAT,UNSAT,"[2, 3]",0.027758,0.128606,0.016019,False
702774,4,5,"[2,1,1,2]","[3,1,2,3,2]","[[0,1,2,3],[0,1,2,3,4],[4],[0,2,4]]",FEASIBLE,FEASIBLE,FEASIBLE,null,0.065876,0.03616,0.002169,False
702775,1,3,[1],"[3,3,2]",[[1]],FEASIBLE,FEASIBLE,FEASIBLE,null,0.004333,0.012064,0.000591,False
702776,4,2,"[1,1,1,1]","[1,1]","[[1],[0,1],[0,1],[0]]",UNSAT,UNSAT,UNSAT,"[0, 1, 2]",0.024357,0.036109,0.002268,False
702777,4,6,"[2,1,1,1]","[3,1,2,1,1,2]","[[0,4,5],[2,3],[0,1,2,3,4,5],[0,1,2,3,4,5]]",FEASIBLE,FEASIBLE,FEASIBLE,null,0.076486,0.040143,0.002597,False
702778,4,5,"[1,2,2,2]","[2,1,2,3,3]","[[1],[2,3,4],[0,1,2,4],[2,4]]",FEASIBLE,FEASIBLE,FEASIBLE,null,0.066473,0.049876,0.002472,False
702779,5,3,"[2,1,1,3,1]","[2,2,2]","[[0,1,2],[0],[1],[0,1,2],[0,1]]",UNSAT,UNSAT,UNSAT,"[0, 1, 2, 3]",0.074648,0.077874,0.003861,False
702780,3,5,"[1,1,2]","[3,2,2,1,3]","[[0],[1],[0,3]]",FEASIBLE,FEASIBLE,FEASIBLE,null,0.031,0.025217,0.001469,False
702781,2,1,"[1,1]",[2],"[[0],[0]]",FEASIBLE,FEASIBLE,FEASIBLE,null,0.006558,0.014718,0.000637,False
702782,7,5,"[2,1,1,3,1,3,1]","[3,1,3,2,3]","[[0,1,3,4],[0,2,3],[2],[0,3,4],[0,1,2,3,4],[0,1,3,4],[0,1,2,3,4]]",FEASIBLE,FEASIBLE,FEASIBLE,null,0.595801,0.08456,0.004573,False
702783,4,1,"[1,1,1,1]",[2],"[[0],[0],[0],[0]]",UNSAT,UNSAT,UNSAT,"[0, 1, 2]",0.017119,0.031788,0.001729,False
702784,4,1,"[1,1,1,1]",[1],"[[0],[0],[0],[0]]",UNSAT,UNSAT,UNSAT,"[0, 1]",0.011282,0.031746,0.002235,False
702785,4,6,"[1,1,3,1]","[2,1,1,3,2,2]","[[0,1,2,3,4,5],[1,5],[2,3,5],[2]]",UNSAT,UNSAT,UNSAT,"[2, 3]",0.048724,0.129407,0.003314,False
702786,2,1,"[1,1]",[2],"[[0],[0]]",FEASIBLE,FEASIBLE,FEASIBLE,null,0.006588,0.015609,0.000655,False
702787,1,6,[1],"[3,3,2,1,1,1]","[[2,3,5]]",FEASIBLE,FEASIBLE,FEASIBLE,null,0.006404,0.015132,0.001067,False
702788,3,2,"[1,2,2]","[1,3]","[[0,1],[0,1],[0,1]]",UNSAT,UNSAT,UNSAT,"[1, 2]",0.01398,0.044708,0.002411,False
702789,4,2,"[1,1,1,1]","[2,1]","[[1],[0],[0,1],[0]]",UNSAT,UNSAT,UNSAT,"[0, 1, 2, 3]",0.034425,0.034983,0.002046,False
702790,3,4,"[3,1,1]","[3,2,1,1]","[[0,1,3],[3],[0]]",UNSAT,UNSAT,UNSAT,"[0, 1]",0.014862,0.048549,0.002141,False
702791,5,2,"[1,1,2,2,1]","[3,3]","[[0],[1],[0,1],[0,1],[0,1]]",UNSAT,UNSAT,UNSAT,"[0, 1, 2, 3, 4]",0.069571,0.047764,0.002858,False
702792,4,7,"[2,2,2,3]","[1,1,2,1,3,1,3]","[[0,3,4,5,6],[0,1,3,4,5,6],[0,3],[0,1,2,4,5,6]]",FEASIBLE,FEASIBLE,FEASIBLE,null,0.08828,0.072168,0.004225,False
702793,3,1,"[1,1,1]",[2],"[[0],[0],[0]]",UNSAT,UNSAT,UNSAT,"[0, 1, 2]",0.012113,0.027369,0.001396,False
702794,5,5,"[1,1,1,3,1]","[2,2,2,2,1]","[[3],[2],[1],[0,1,2,3,4],[1,2,3]]",FEASIBLE,FEASIBLE,FEASIBLE,null,0.137507,0.041014,0.002175,False
702795,2,7,"[1,1]","[2,1,2,3,1,2,3]","[[0,1,2,3,4,5,6],[0,1,2,3,6]]",FEASIBLE,FEASIBLE,FEASIBLE,null,0.017989,0.025506,0.001857,False
702796,2,7,"[1,1]","[1,3,1,2,2,3,1]","[[0,1,2,3,4,5,6],[0,1,2,3,5,6]]",FEASIBLE,FEASIBLE,FEASIBLE,null,0.018186,0.026471,0.001834,False
702797,5,2,"[1,1,1,2,1]","[2,1]","[[0,1],[0],[1],[0,1],[1]]",UNSAT,UNSAT,UNSAT,"[2, 3]",0.028104,0.042741,0.002375,False
702798,5,3,"[1,2,2,1,1]","[2,3,3]","[[1],[0,1],[0,1,2],[2],[0,1]]",FEASIBLE,FEASIBLE,FEASIBLE,null,0.091324,0.136398,0.002319,False
702799,3,2,"[1,1,1]","[3,3]","[[1],[1],[0,1]]",FEASIBLE,FEASIBLE,FEASIBLE,null,0.017293,0.021134,0.001203,False
702800,2,1,"[1,1]",[2],"[[0],[0]]",FEASIBLE,FEASIBLE,FEASIBLE,null,0.006381,0.014758,0.000623,False
702801,1,7,[2],"[2,3,2,2,2,1,3]","[[3,6]]",FEASIBLE,FEASIBLE,FEASIBLE,null,0.00662,0.017317,0.000952,False
702802,2,1,"[1,1]",[1],"[[0],[0]]",UNSAT,UNSAT,UNSAT,"[0, 1]",0.006031,0.02222,0.001046,False
702803,4,5,"[1,3,2,3]","[3,2,2,2,2]","[[0,3],[0,1,3,4],[0,1,2,3],[0,1,3]]",FEASIBLE,FEASIBLE,FEASIBLE,null,0.067448,0.06303,0.003063,False
702804,5,6,"[1,1,2,2,1]","[3,1,1,3,1,1]","[[0,3],[0,2],[0,2,3,4,5],[1,3,4],[0,1,3,4,5]]",FEASIBLE,FEASIBLE,FEASIBLE,null,0.165727,0.045811,0.002835,False
702805,3,5,"[1,1,1]","[2,1,1,3,1]","[[0,1,2,3,4],[0,1,2,3],[1]]",FEASIBLE,FEASIBLE,FEASIBLE,null,0.031699,0.027185,0.001798,False
702806,3,1,"[1,1,1]",[3],"[[0],[0],[0]]",FEASIBLE,FEASIBLE,FEASIBLE,null,0.038069,0.02157,0.000819,False
702807,7,5,"[2,1,1,3,1,1,1]","[2,1,3,1,3]","[[1,3],[1,2],[2,3,4],[0,1,2,3,4],[0,2,3],[0,1,3,4],[1]]",UNSAT,UNSAT,UNSAT,"[0, 6]",0.055534,0.070769,0.004069,False
702808,1,1,[1],[3],[[0]],FEASIBLE,FEASIBLE,FEASIBLE,null,0.003218,0.011542,0.000494,False
702809,4,2,"[1,2,2,1]","[2,3]","[[1],[0,1],[0,1],[0]]",UNSAT,UNSAT,UNSAT,"[1, 2, 3]",0.032003,0.039431,0.002018,False
702810,5,1,"[1,1,1,1,1]",[1],"[[0],[0],[0],[0],[0]]",UNSAT,UNSAT,UNSAT,"[0, 1]",0.010261,0.035685,0.001776,False
702811,7,7,"[1,3,3,3,1,2,3]","[3,1,1,3,3,1,1]","[[1,3,4,5],[0,1,2,3,4,5,6],[0,3,4,5,6],[0,1,2,3,4,5,6],[2,6],[1,3,4,5,6],[0,2,3]]",UNSAT,UNSAT,UNSAT,"[1, 2, 3, 5, 6]",0.751539,0.211277,0.008177,False
702812,3,3,"[1,1,1]","[3,2,1]","[[0,1,2],[2],[0]]",FEASIBLE,FEASIBLE,FEASIBLE,null,0.022625,0.02334,0.001195,False
702813,5,4,"[1,3,1,1,3]","[3,3,2,3]","[[3],[0,2,3],[0,1,2,3],[0],[0,1,2,3]]",FEASIBLE,FEASIBLE,FEASIBLE,null,0.132393,0.046735,0.002362,False
702814,4,1,"[1,1,1,1]",[1],"[[0],[0],[0],[0]]",UNSAT,UNSAT,UNSAT,"[0, 1]",0.009372,0.032691,0.001496,False
702815,1,3,[1],"[1,2,1]",[[0]],FEASIBLE,FEASIBLE,FEASIBLE,null,0.004709,0.012073,0.00065,False
702816,6,2,"[1,2,1,2,1,1]","[3,2]","[[0],[0,1],[0],[0,1],[0,1],[1]]",UNSAT,UNSAT,UNSAT,"[1, 3, 5]",0.093053,0.053473,0.002762,False
702817,3,3,"[3,1,1]","[3,3,1]","[[0,1,2],[1],[2]]",UNSAT,UNSAT,UNSAT,"[0, 2]",0.015752,0.036734,0.002004,False
702818,6,4,"[1,2,2,2,1,1]","[1,1,1,2]","[[0,2],[2,3],[1,2],[0,1,2],[1,2,3],[0,1]]",UNSAT,UNSAT,UNSAT,"[1, 2]",0.043669,0.061866,0.00401,False
702819,6,5,"[2,1,3,3,2,1]","[1,2,3,3,1]","[[1,4],[0,2,3],[0,1,2,3,4],[1,2,3],[0,2],[0,1,2,3,4]]",UNSAT,UNSAT,UNSAT,"[0, 2, 3, 4]",0.218309,0.078945,0.00493,False
702820,7,1,"[1,1,1,1,1,1,1]",[2],"[[0],[0],[0],[0],[0],[0],[0]]",UNSAT,UNSAT,UNSAT,"[0, 1, 2]",0.041406,0.048197,0.0022,False
702821,2,6,"[3,1]","[2,1,3,1,2,3]","[[1,2,4,5],[0,1,2,3,4,5]]",FEASIBLE,FEASIBLE,FEASIBLE,null,0.016882,0.031903,0.0018,False
702822,2,7,"[3,1]","[2,1,3,3,3,1,3]","[[0,1,2,3,4,5,6],[0,1,2,6]]",FEASIBLE,FEASIBLE,FEASIBLE,null,0.018177,0.115476,0.001888,False
702823,4,3,"[1,1,3,2]","[3,2,2]","[[0,1,2],[2],[0,1,2],[0,2]]",UNSAT,UNSAT,UNSAT,"[1, 2, 3]",0.042138,0.04579,0.002502,False
702824,5,3,"[3,1,1,1,2]","[2,1,1]","[[0,1,2],[0,1,2],[2],[0,1,2],[0,2]]",UNSAT,UNSAT,UNSAT,"[0, 2]",0.020632,0.053551,0.003111,False
702825,3,3,"[1,3,1]","[2,3,3]","[[1,2],[0,1,2],[0,2]]",FEASIBLE,FEASIBLE,FEASIBLE,null,0.022262,0.080968,0.001503,False
702826,5,4,"[2,2,1,2,1]","[3,1,2,3]","[[1,2],[0,1,2,3],[3],[0,1,2,3],[2,3]]",FEASIBLE,FEASIBLE,FEASIBLE,null,0.120797,0.046439,0.002433,False
702827,4,4,"[3,1,1,3]","[2,3,2,1]","[[0,1,2,3],[0,1,2,3],[0,2,3],[0,1,2,3]]",FEASIBLE,FEASIBLE,FEASIBLE,null,0.056982,0.061373,0.003287,False
702828,2,7,"[2,1]","[3,1,1,1,1,2,2]","[[2,3],[3,5]]",FEASIBLE,FEASIBLE,FEASIBLE,null,0.018506,0.023768,0.001277,False
702829,4,7,"[1,1,1,3]","[3,2,3,2,3,3,2]","[[1],[0],[5],[0,1,2,3,4]]",FEASIBLE,FEASIBLE,FEASIBLE,null,0.101327,0.037542,0.001905,False
702830,4,2,"[1,1,1,2]","[1,2]","[[1],[1],[0],[0,1]]",UNSAT,UNSAT,UNSAT,"[2, 3]",0.022361,0.037472,0.002093,False
702831,7,6,"[3,3,3,3,1,2,1]","[1,1,2,1,1,2]","[[0,3,4],[0,2,3,4],[0,1,2,4,5],[0,1,2,3,4],[0,1,2,3],[0,1,2,3,4,5],[5]]",UNSAT,UNSAT,UNSAT,"[0, 1]",0.038179,0.09781,0.006351,False
702832,1,4,[1],"[1,1,2,2]","[[1,2]]",FEASIBLE,FEASIBLE,FEASIBLE,null,0.005492,0.021356,0.000815,False
702833,6,5,"[1,1,2,1,2,2]","[1,3,1,1,1]","[[0,2,3,4],[1,2],[0,1,2,3,4],[1,2,4],[1,4],[0,1]]",UNSAT,UNSAT,UNSAT,"[0, 1, 2, 4, 5]",0.269658,0.189359,0.005546,False
702834,3,4,"[3,3,1]","[1,1,2,1]","[[0,1,2,3],[0,1,2,3],[1]]",UNSAT,UNSAT,UNSAT,"[0, 1]",0.016407,0.047049,0.002844,False
702835,5,5,"[3,2,1,2,2]","[2,2,1,1,1]","[[0,2,3,4],[1,3],[0,1,3,4],[1,2,4],[0,1,4]]",UNSAT,UNSAT,UNSAT,"[0, 1, 3]",0.073225,0.066931,0.00449,False
702836,3,4,"[1,2,1]","[3,3,2,2]","[[1,2],[1,3],[1]]",FEASIBLE,FEASIBLE,FEASIBLE,null,0.027317,0.026599,0.001294,False
702837,1,3,[2],"[3,1,1]","[[0,1,2]]",FEASIBLE,FEASIBLE,FEASIBLE,null,0.00449,0.015763,0.000917,False
702838,6,3,"[2,1,1,1,1,1]","[3,3,3]","[[0,1,2],[0,1,2],[1],[0,1,2],[0],[1]]",FEASIBLE,FEASIBLE,FEASIBLE,null,0.193245,0.064144,0.002457,False
702839,3,1,"[1,1,1]",[1],"[[0],[0],[0]]",UNSAT,UNSAT,UNSAT,"[0, 1]",0.007601,0.026792,0.001276,False
702840,1,1,[1],[3],[[0]],FEASIBLE,FEASIBLE,FEASIBLE,null,0.003318,0.010922,0.00048,False
702841,4,2,"[1,1,2,2]","[2,3]","[[1],[0,1],[0,1],[0,1]]",UNSAT,UNSAT,UNSAT,"[0, 1, 2, 3]",0.034911,0.042088,0.002374,False
702842,4,6,"[3,2,3,2]","[2,2,2,3,1,2]","[[0,1,2,4,5],[0,1,3,4,5],[0,1,3,4,5],[0,1,2,3,4,5]]",FEASIBLE,FEASIBLE,FEASIBLE,null,0.078268,0.0693,0.003298,False
702843,2,5,"[1,1]","[1,1,1,3,2]","[[0,1,2,4],[2,4]]",FEASIBLE,FEASIBLE,FEASIBLE,null,0.015067,0.023041,0.001373,False
702844,2,1,"[1,1]",[1],"[[0],[0]]",UNSAT,UNSAT,UNSAT,"[0, 1]",0.006675,0.022835,0.001059,False
702845,7,5,"[2,1,3,1,1,1,1]","[3,3,3,3,3]","[[0,2],[2,4],[0,1,3,4],[2,3],[0,1,4],[2],[1,2]]",FEASIBLE,FEASIBLE,FEASIBLE,null,0.605925,0.171428,0.003607,False
702846,4,6,"[2,1,1,3]","[1,1,2,1,2,2]","[[1,3,4],[5],[0],[0,1,2,3]]",UNSAT,UNSAT,UNSAT,"[0, 2, 3]",0.069094,0.066236,0.003835,False
702847,3,5,"[1,2,1]","[2,3,1,1,3]","[[2,3],[2,3,4],[0,1,2,3,4]]",FEASIBLE,FEASIBLE,FEASIBLE,null,0.033902,0.031807,0.001806,False
702848,3,2,"[1,2,1]","[3,3]","[[0,1],[0,1],[0,1]]",FEASIBLE,FEASIBLE,FEASIBLE,null,0.018226,0.02496,0.001247,False
702849,5,5,"[2,1,1,2,1]","[1,2,3,3,2]","[[0,1,2,3],[4],[0,1,2,4],[0,3],[2,3]]",FEASIBLE,FEASIBLE,FEASIBLE,null,0.14254,0.054397,0.002993,False
702850,6,1,"[1,1,1,1,1,1]",[2],"[[0],[0],[0],[0],[0],[0]]",UNSAT,UNSAT,UNSAT,"[0, 1, 2]",0.032153,0.040602,0.0019,False
702851,3,2,"[1,1,1]","[1,1]","[[0],[0],[0,1]]",UNSAT,UNSAT,UNSAT,"[0, 1]",0.010517,0.030149,0.001681,False
702852,7,1,"[1,1,1,1,1,1,1]",[3],"[[0],[0],[0],[0],[0],[0],[0]]",UNSAT,UNSAT,UNSAT,"[0, 1, 2, 3]",0.093007,0.045276,0.002101,False
702853,6,6,"[1,2,2,2,1,1]","[2,3,3,1,2,2]","[[1,2,4,5],[0,1,2,3,4,5],[0,2,3,5],[0,1,2,3,4],[0,2,4,5],[4]]",FEASIBLE,FEASIBLE,FEASIBLE,null,0.346493,0.057799,0.003494,False
702854,7,6,"[1,1,1,3,1,1,2]","[3,2,1,3,1,1]","[[0,1,3,4],[0,1,2,3],[2,4],[0,2,4],[0,1,2,3,5],[0,1,2],[2,3]]",UNSAT,UNSAT,UNSAT,"[2, 3]",0.091674,0.072539,0.004803,False
702855,6,3,"[1,1,1,2,1,2]","[2,3,2]","[[0,1],[0],[0,1,2],[0,2],[0,1],[0,1,2]]",UNSAT,UNSAT,UNSAT,"[0, 1, 2, 3, 4, 5]",0.192345,0.214285,0.0037,False
702856,3,5,"[1,1,2]","[1,2,1,1,2]","[[0,1,2,3,4],[0],[1,3]]",FEASIBLE,FEASIBLE,FEASIBLE,null,0.032893,0.039669,0.004132,False
702857,4,5,"[1,3,2,2]","[3,1,1,1,2]","[[3],[0,1,2,3,4],[0,1,2,3,4],[0,2,3,4]]",FEASIBLE,FEASIBLE,FEASIBLE,null,0.070456,0.047846,0.003643,False
702858,6,1,"[1,1,1,1,1,1]",[2],"[[0],[0],[0],[0],[0],[0]]",UNSAT,UNSAT,UNSAT,"[0, 1, 2]",0.032277,0.041163,0.003756,False
702859,3,1,"[1,1,1]",[1],"[[0],[0],[0]]",UNSAT,UNSAT,UNSAT,"[0, 1]",0.007817,0.027098,0.00174,False
702860,2,5,"[3,2]","[1,3,1,3,3]","[[1,3,4],[0,4]]",FEASIBLE,FEASIBLE,FEASIBLE,null,0.014749,0.027156,0.001813,False
702861,1,4,[2],"[2,1,1,3]","[[1,2]]",FEASIBLE,FEASIBLE,FEASIBLE,null,0.004815,0.015655,0.001043,False
702862,3,6,"[3,3,1]","[2,1,3,1,3,3]","[[3,4,5],[0,1,4],[4]]",FEASIBLE,FEASIBLE,FEASIBLE,null,0.036273,0.034468,0.001932,False
702863,3,3,"[1,1,3]","[1,3,3]","[[1],[2],[0,1,2]]",FEASIBLE,FEASIBLE,FEASIBLE,null,0.022087,0.026724,0.001536,False
702864,1,6,[1],"[2,3,2,1,1,1]","[[0,4,5]]",FEASIBLE,FEASIBLE,FEASIBLE,null,0.006433,0.015229,0.00112,False
702865,3,1,"[1,1,1]",[3],"[[0],[0],[0]]",FEASIBLE,FEASIBLE,FEASIBLE,null,0.053974,0.021332,0.000967,False
702866,3,5,"[1,3,1]","[1,2,2,3,1]","[[0,1,3,4],[2,3,4],[4]]",UNSAT,UNSAT,UNSAT,"[1, 2]",0.027043,0.042228,0.002578,False
702867,6,4,"[2,2,1,2,2,2]","[1,3,1,2]","[[1,2],[0,1,2,3],[3],[1,2],[0,1,2,3],[0,1,2,3]]",UNSAT,UNSAT,UNSAT,"[0, 3]",0.032536,0.069931,0.005848,False
702868,7,7,"[1,2,3,2,1,3,1]","[1,1,2,3,1,2,3]","[[4],[0,1,6],[0,1,2,3,4,5],[0,1,2,3,4,6],[1,2,3,5,6],[2,5,6],[0,6]]",FEASIBLE,FEASIBLE,FEASIBLE,null,0.818796,0.192504,0.005876,False
702869,7,5,"[2,1,1,2,1,1,1]","[3,1,2,2,1]","[[0,1,2,3,4],[0,1,3],[0,3],[0,1,2,3,4],[4],[1],[1]]",UNSAT,UNSAT,UNSAT,"[5, 6]",0.11845,0.083739,0.004977,False
702870,3,6,"[1,3,1]","[2,2,3,2,1,3]","[[5],[0,1,2,3],[3]]",FEASIBLE,FEASIBLE,FEASIBLE,null,0.037243,0.030812,0.001842,False
702871,3,5,"[1,2,1]","[3,1,1,3,3]","[[2,4],[1,4],[0,1,2,4]]",FEASIBLE,FEASIBLE,FEASIBLE,null,0.031882,0.039678,0.001729,False
702872,7,4,"[1,1,3,1,2,1,2]","[3,1,2,1]","[[0,1],[2],[0,1,2],[1,2,3],[0,1,2,3],[1],[0,1,2,3]]",UNSAT,UNSAT,UNSAT,"[2, 5]",0.073777,0.093434,0.006347,False
702873,3,2,"[1,1,2]","[3,3]","[[0,1],[0],[0,1]]",FEASIBLE,FEASIBLE,FEASIBLE,null,0.017654,0.025134,0.00147,False
702874,1,4,[2],"[1,2,3,3]","[[1,3]]",FEASIBLE,FEASIBLE,FEASIBLE,null,0.005053,0.015964,0.000903,False
702875,7,5,"[3,1,2,1,3,3,1]","[1,3,2,2,3]","[[1,3,4],[0],[0,1,2,3,4],[0],[0,2,4],[0,1,2,3,4],[2]]",UNSAT,UNSAT,UNSAT,"[1, 3]",0.061899,0.081192,0.005601,False
702876,3,3,"[2,2,1]","[3,1,1]","[[0,2],[0,1,2],[1]]",UNSAT,UNSAT,UNSAT,"[0, 1, 2]",0.022036,0.038167,0.002606,False
702877,6,2,"[1,1,1,1,1,1]","[3,2]","[[1],[1],[1],[0,1],[0,1],[0]]",UNSAT,UNSAT,UNSAT,"[0, 1, 2]",0.046871,0.044617,0.00279,False
702878,2,3,"[1,1]","[2,2,3]","[[0],[2]]",FEASIBLE,FEASIBLE,FEASIBLE,null,0.010571,0.01726,0.00097,False
702879,4,5,"[2,2,1,1]","[2,1,1,2,1]","[[0,1,2,3,4],[0,1,4],[0],[0,1,2,3]]",FEASIBLE,FEASIBLE,FEASIBLE,null,0.067921,0.144754,0.003069,False
702880,4,2,"[2,1,2,1]","[3,2]","[[0,1],[1],[0,1],[1]]",UNSAT,UNSAT,UNSAT,"[0, 1, 2]",0.02611,0.040302,0.002394,False
702881,7,1,"[1,1,1,1,1,1,1]",[2],"[[0],[0],[0],[0],[0],[0],[0]]",UNSAT,UNSAT,UNSAT,"[0, 1, 2]",0.041686,0.044683,0.002703,False
702882,2,6,"[1,2]","[2,2,2,1,3,1]","[[0,1,2,4],[0,1,5]]",FEASIBLE,FEASIBLE,FEASIBLE,null,0.01811,0.025378,0.00157,False
702883,1,5,[2],"[1,1,3,3,3]","[[0,1,2,3,4]]",FEASIBLE,FEASIBLE,FEASIBLE,null,0.005676,0.018925,0.001202,False
702884,4,6,"[1,2,1,1]","[1,1,2,2,1,1]","[[0],[0,1,3,5],[0,1,2,4],[1,2,3]]",FEASIBLE,FEASIBLE,FEASIBLE,null,0.077954,0.038669,0.00231,False
702885,5,4,"[1,2,1,3,2]","[3,1,1,2]","[[0,1,2,3],[1,2,3],[0,1,2],[0,1,2,3],[1,2,3]]",UNSAT,UNSAT,UNSAT,"[1, 3, 4]",0.088495,0.062097,0.004347,False
702886,1,1,[1],[3],[[0]],FEASIBLE,FEASIBLE,FEASIBLE,null,0.00334,0.011678,0.000632,False
702887,4,1,"[1,1,1,1]",[3],"[[0],[0],[0],[0]]",UNSAT,UNSAT,UNSAT,"[0, 1, 2, 3]",0.023862,0.033478,0.001907,False
702888,3,5,"[2,2,1]","[3,3,2,1,1]","[[0,1,2,3,4],[0,3,4],[4]]",FEASIBLE,FEASIBLE,FEASIBLE,null,0.03125,0.031718,0.001836,False
702889,2,4,"[1,2]","[1,2,2,3]","[[1],[0,3]]",FEASIBLE,FEASIBLE,FEASIBLE,null,0.012668,0.020162,0.001057,False
702890,1,2,[1],"[3,1]","[[0,1]]",FEASIBLE,FEASIBLE,FEASIBLE,null,0.003777,0.011935,0.000653,False
702891,1,5,[1],"[1,1,1,1,1]","[[0,1,3,4]]",FEASIBLE,FEASIBLE,FEASIBLE,null,0.006349,0.017522,0.000977,False
702892,7,6,"[1,1,3,2,1,1,3]","[2,1,1,1,2,3]","[[0,1,3],[1,5],[0,1,2,3,4],[0,2,3,5],[4],[0,1,2,3,4,5],[0,1,2,3,4,5]]",UNSAT,UNSAT,UNSAT,"[0, 2, 3, 4, 6]",0.61744,0.20891,0.008658,False
702893,4,6,"[2,2,1,1]","[1,2,1,2,2,3]","[[2,5],[1,3],[3,4],[2,3]]",FEASIBLE,FEASIBLE,FEASIBLE,null,0.079283,0.050614,0.002718,False
702894,3,1,"[1,1,1]",[2],"[[0],[0],[0]]",UNSAT,UNSAT,UNSAT,"[0, 1, 2]",0.012731,0.028098,0.001535,False
702895,2,6,"[2,2]","[2,2,3,2,3,1]","[[0,1,5],[1,3,4,5]]",FEASIBLE,FEASIBLE,FEASIBLE,null,0.018467,0.027705,0.00159,False
702896,7,1,"[1,1,1,1,1,1,1]",[3],"[[0],[0],[0],[0],[0],[0],[0]]",UNSAT,UNSAT,UNSAT,"[0, 1, 2, 3]",0.093482,0.044966,0.00241,False
702897,2,2,"[2,2]","[2,1]","[[0,1],[0,1]]",UNSAT,UNSAT,UNSAT,"[0, 1]",0.008525,0.031141,0.001742,False
702898,1,4,[1],"[1,2,2,3]","[[1,3]]",FEASIBLE,FEASIBLE,FEASIBLE,null,0.005201,0.014129,0.000787,False
702899,4,4,"[1,3,3,1]","[1,3,3,3]","[[0,1,2,3],[0,2,3],[0,1,2],[0,1,3]]",UNSAT,UNSAT,UNSAT,"[1, 2]",0.028882,0.066231,0.003752,False
702900,6,6,"[3,3,3,1,1,2]","[2,3,3,2,3,3]","[[0,1,2,3,4],[0,1,2,3,4],[0,1,5],[0,4],[4,5],[0,3,5]]",FEASIBLE,FEASIBLE,FEASIBLE,null,0.35625,0.080638,0.004369,False
702901,2,6,"[3,2]","[3,1,3,1,1,3]","[[0,1,2,3,4,5],[0,2]]",FEASIBLE,FEASIBLE,FEASIBLE,null,0.01648,0.030522,0.001783,False
702902,2,6,"[2,3]","[3,3,1,3,2,3]","[[0,1,2,3,5],[1,2,3]]",FEASIBLE,FEASIBLE,FEASIBLE,null,0.016539,0.029187,0.001617,False
702903,6,2,"[1,1,1,1,1,2]","[2,1]","[[0,1],[0],[0],[0],[0],[0,1]]",UNSAT,UNSAT,UNSAT,"[0, 1, 5]",0.052735,0.048353,0.002927,False
702904,6,7,"[1,3,2,1,3,2]","[2,1,2,1,1,3,2]","[[2,6],[0,2,3,6],[1,2,3,4,5,6],[0,1,2,3,4,5,6],[1,2,3],[0,1,2,3,4,5]]",FEASIBLE,FEASIBLE,FEASIBLE,null,0.413782,0.186015,0.005556,False
702905,1,5,[1],"[2,1,3,3,3]","[[0,1,2,3,4]]",FEASIBLE,FEASIBLE,FEASIBLE,null,0.006211,0.01726,0.00111,False
702906,3,4,"[1,2,1]","[3,3,1,2]","[[1,2,3],[0,1,2],[3]]",FEASIBLE,FEASIBLE,FEASIBLE,null,0.026757,0.027242,0.001654,False
702907,1,3,[1],"[2,1,1]","[[0,1,2]]",FEASIBLE,FEASIBLE,FEASIBLE,null,0.004538,0.013324,0.000839,False
702908,2,6,"[2,3]","[3,3,2,3,2,3]","[[1,5],[0,1,2,3,5]]",FEASIBLE,FEASIBLE,FEASIBLE,null,0.016184,0.155543,0.001615,False
702909,7,6,"[1,2,1,2,1,3,2]","[1,1,1,1,1,3]","[[3],[0,2,4,5],[0,3],[2,3,4,5],[2,4],[0,1,4,5],[0,1,2,3,4,5]]",UNSAT,UNSAT,UNSAT,"[1, 3, 5, 6]",0.684025,0.120928,0.006551,False
702910,4,4,"[1,2,2,2]","[2,2,2,1]","[[0,1,2,3],[1,2,3],[1,2,3],[2,3]]",UNSAT,UNSAT,UNSAT,"[1, 2, 3]",0.067546,0.065387,0.003198,False
702911,1,1,[1],[2],[[0]],FEASIBLE,FEASIBLE,FEASIBLE,null,0.004502,0.014147,0.000583,False
702912,5,6,"[3,1,2,2,2]","[3,1,2,2,3,2]","[[0,1,2,3,4,5],[5],[3,4,5],[0,1,2,3,4,5],[0,1,2,3,4,5]]",FEASIBLE,FEASIBLE,FEASIBLE,null,0.241118,0.094816,0.003601,False
702913,5,2,"[1,2,1,1,2]","[1,1]","[[0,1],[0,1],[0],[1],[0,1]]",UNSAT,UNSAT,UNSAT,"[0, 1]",0.01873,0.055134,0.002917,False
702914,2,1,"[1,1]",[3],"[[0],[0]]",FEASIBLE,FEASIBLE,FEASIBLE,null,0.009004,0.020321,0.000825,False
702915,3,1,"[1,1,1]",[1],"[[0],[0],[0]]",UNSAT,UNSAT,UNSAT,"[0, 1]",0.009324,0.031712,0.001447,False
702916,7,2,"[1,1,1,1,1,1,1]","[2,2]","[[1],[1],[0,1],[0,1],[1],[0],[0,1]]",UNSAT,UNSAT,UNSAT,"[0, 1, 4]",0.077074,0.21135,0.003185,False
702917,5,7,"[2,2,3,1,1]","[2,3,1,3,1,3,2]","[[0,1,2,3],[0,1,2,3,4,5,6],[0,1,2,3,4,5],[2,3],[1,2,3,5,6]]",FEASIBLE,FEASIBLE,FEASIBLE,null,0.20913,0.059187,0.00357,False
702918,5,4,"[3,1,1,1,1]","[1,3,3,2]","[[0,1,2,3],[3],[2,3],[1,2,3],[1]]",FEASIBLE,FEASIBLE,FEASIBLE,null,0.115798,0.038724,0.001995,False
702919,7,5,"[2,1,3,3,2,2,3]","[2,2,2,2,3]","[[0,1,4],[4],[0,1,2,3,4],[0,1,2,3,4],[0,3],[0,3],[0,1,2,3,4]]",UNSAT,UNSAT,UNSAT,"[0, 1, 2, 3, 6]",0.464868,0.091055,0.005809,False
702920,6,4,"[1,1,1,1,2,1]","[3,3,3,2]","[[0,1,2,3],[0,1,2,3],[2],[0,1,2],[1,3],[0,1,2,3]]",FEASIBLE,FEASIBLE,FEASIBLE,null,0.243949,0.05388,0.002961,False
702921,5,6,"[1,3,1,1,1]","[3,3,3,1,1,3]","[[0],[0,4,5],[0,3,4,5],[1,2,3,4,5],[0,1,2,3,4,5]]",FEASIBLE,FEASIBLE,FEASIBLE,null,0.161491,0.045983,0.003095,False
702922,7,3,"[3,1,1,2,1,2,2]","[2,3,2]","[[0,1,2],[2],[0,1,2],[0,1],[0,2],[0,1,2],[0,1,2]]",UNSAT,UNSAT,UNSAT,"[0, 1, 3, 4]",0.206474,0.082954,0.004317,False
702923,5,2,"[1,2,2,1,2]","[1,2]","[[0],[0,1],[0,1],[0,1],[0,1]]",UNSAT,UNSAT,UNSAT,"[0, 1]",0.014299,0.046389,0.002869,False
702924,7,2,"[1,1,2,1,2,1,1]","[3,1]","[[0],[1],[0,1],[0],[0,1],[0,1],[0,1]]",UNSAT,UNSAT,UNSAT,"[1, 2]",0.029682,0.055173,0.003285,False
702925,6,3,"[1,3,1,1,1,1]","[2,1,3]","[[0,1,2],[0,1,2],[0,1,2],[0,1,2],[1],[0]]",UNSAT,UNSAT,UNSAT,"[1, 4]",0.038102,0.155033,0.003925,False
702926,5,7,"[2,3,1,2,1]","[2,1,3,1,3,1,3]","[[0,6],[0,2,4,5,6],[2],[0,1,2,3,4,5,6],[0,1,2,3,4,5,6]]",FEASIBLE,FEASIBLE,FEASIBLE,null,0.187155,0.057381,0.003466,False
702927,2,3,"[2,1]","[1,2,1]","[[0,1],[0]]",UNSAT,UNSAT,UNSAT,"[0, 1]",0.011728,0.026823,0.00167,False
702928,2,7,"[1,1]","[1,1,2,1,3,3,2]","[[2],[0,1,2,3,4,6]]",FEASIBLE,FEASIBLE,FEASIBLE,null,0.017769,0.023142,0.001464,False
702929,7,5,"[3,2,2,1,1,1,1]","[1,3,2,2,1]","[[0,1,2,4],[1,2,3],[0,2,3],[2],[0,1,2,3],[1],[1]]",UNSAT,UNSAT,UNSAT,"[0, 1, 2, 3, 4, 5]",0.580801,0.094681,0.005844,False
702930,1,1,[1],[2],[[0]],FEASIBLE,FEASIBLE,FEASIBLE,null,0.003244,0.011345,0.000543,False
702931,4,2,"[2,2,1,1]","[2,3]","[[0,1],[0,1],[0],[0]]",UNSAT,UNSAT,UNSAT,"[0, 1, 2]",0.023934,0.037621,0.002228,False
702932,3,3,"[2,1,3]","[1,2,1]","[[0,1,2],[0,1,2],[0,1,2]]",UNSAT,UNSAT,UNSAT,"[0, 2]",0.01492,0.041525,0.0035,False
702933,5,6,"[2,1,2,1,3]","[2,1,3,1,2,1]","[[1,3],[0,1,2,3,4],[2,4],[0,2],[0,1,2,3,5]]",FEASIBLE,FEASIBLE,FEASIBLE,null,0.159432,0.059066,0.004564,False
702934,4,3,"[3,1,1,2]","[2,2,2]","[[0,1,2],[2],[0,1,2],[0,2]]",UNSAT,UNSAT,UNSAT,"[0, 1, 3]",0.033754,0.056307,0.003591,False
702935,4,6,"[1,1,1,1]","[3,3,1,2,1,2]","[[0,1,2,3,4],[1,2],[1,2,3,4,5],[0,1,2,3,4,5]]",FEASIBLE,FEASIBLE,FEASIBLE,null,0.075382,0.034504,0.002861,False
702936,3,4,"[2,1,2]","[2,3,2,2]","[[1,2,3],[0,2],[0,1,2,3]]",FEASIBLE,FEASIBLE,FEASIBLE,null,0.040861,0.12123,0.001787,False
702937,1,5,[2],"[3,1,3,3,1]","[[1,2,3]]",FEASIBLE,FEASIBLE,FEASIBLE,null,0.00613,0.016608,0.001104,False
702938,2,3,"[2,2]","[3,2,2]","[[0,1],[0,2]]",FEASIBLE,FEASIBLE,FEASIBLE,null,0.009676,0.020683,0.001255,False
702939,1,5,[1],"[2,2,3,3,1]",[[2]],FEASIBLE,FEASIBLE,FEASIBLE,null,0.005266,0.011904,0.000829,False
702940,3,2,"[1,1,2]","[1,2]","[[1],[1],[0,1]]",UNSAT,UNSAT,UNSAT,"[0, 1, 2]",0.015643,0.030319,0.001975,False
702941,2,1,"[1,1]",[1],"[[0],[0]]",UNSAT,UNSAT,UNSAT,"[0, 1]",0.005966,0.021588,0.00123,False
702942,2,5,"[1,2]","[3,2,2,3,1]","[[0,2],[0,1,2,3,4]]",FEASIBLE,FEASIBLE,FEASIBLE,null,0.013823,0.021957,0.00158,False
702943,3,3,"[1,1,1]","[3,2,3]","[[2],[2],[0,1]]",FEASIBLE,FEASIBLE,FEASIBLE,null,0.020867,0.020817,0.00119,False
702944,7,3,"[2,1,1,2,3,2,3]","[2,2,1]","[[0,2],[0],[0,2],[0,1,2],[0,1,2],[1,2],[0,1,2]]",UNSAT,UNSAT,UNSAT,"[0, 4]",0.028895,0.062937,0.004411,False
702945,5,2,"[1,1,2,2,1]","[3,1]","[[1],[0],[0,1],[0,1],[0]]",UNSAT,UNSAT,UNSAT,"[0, 2]",0.015093,0.041503,0.002763,False
702946,2,4,"[1,2]","[2,2,1,1]","[[1,3],[1,2]]",FEASIBLE,FEASIBLE,FEASIBLE,null,0.011575,0.020359,0.001105,False
702947,4,7,"[1,1,3,3]","[3,2,3,3,2,2,2]","[[6],[0,5,6],[0,2,4,5,6],[0,1,2,3,4,5,6]]",FEASIBLE,FEASIBLE,FEASIBLE,null,0.082088,0.053891,0.002939,False
702948,2,1,"[1,1]",[2],"[[0],[0]]",FEASIBLE,FEASIBLE,FEASIBLE,null,0.006752,0.014921,0.000697,False
702949,3,4,"[3,1,3]","[3,1,2,2]","[[0,1,2,3],[0,1],[0,1,2]]",FEASIBLE,FEASIBLE,FEASIBLE,null,0.024699,0.040958,0.00231,False
702950,7,4,"[1,1,2,1,1,1,1]","[1,2,2,3]","[[0,1,2,3],[0,1,3],[0,1],[1],[3],[1],[1,2,3]]",UNSAT,UNSAT,UNSAT,"[2, 3, 5]",0.182694,0.172291,0.004641,False
702951,5,5,"[1,2,2,1,3]","[3,1,3,2,2]","[[1],[0,3],[2,3],[1,2,3],[0,1,3,4]]",UNSAT,UNSAT,UNSAT,"[0, 1, 2, 4]",0.114454,0.05553,0.003773,False
702952,2,5,"[1,1]","[1,2,1,1,3]","[[1,3],[0]]",FEASIBLE,FEASIBLE,FEASIBLE,null,0.01361,0.017732,0.001078,False
702953,1,4,[1],"[3,1,1,3]",[[0]],FEASIBLE,FEASIBLE,FEASIBLE,null,0.004727,0.011289,0.000687,False
702954,3,7,"[3,1,1]","[3,1,1,2,2,3,3]","[[0,2,3,4,5,6],[2,3,4,6],[4,6]]",FEASIBLE,FEASIBLE,FEASIBLE,null,0.038805,0.045413,0.002294,False
702955,5,2,"[1,1,1,1,1]","[3,2]","[[0,1],[0,1],[1],[0,1],[0]]",FEASIBLE,FEASIBLE,FEASIBLE,null,0.067092,0.040979,0.002145,False
702956,2,1,"[1,1]",[1],"[[0],[0]]",UNSAT,UNSAT,UNSAT,"[0, 1]",0.006272,0.021981,0.001158,False
702957,3,6,"[2,2,1]","[1,1,3,1,1,2]","[[0,1,2,3,5],[0,1,2,3,4,5],[0,2,3,4]]",FEASIBLE,FEASIBLE,FEASIBLE,null,0.034067,0.035917,0.002631,False
702958,5,1,"[1,1,1,1,1]",[1],"[[0],[0],[0],[0],[0]]",UNSAT,UNSAT,UNSAT,"[0, 1]",0.00943,0.032697,0.002061,False
702959,5,6,"[2,2,1,1,1]","[1,3,3,2,2,1]","[[0,1,3,5],[0,4],[1,2],[5],[2]]",FEASIBLE,FEASIBLE,FEASIBLE,null,0.147733,0.046434,0.002837,False
702960,7,2,"[1,1,1,1,2,1,2]","[3,1]","[[0],[0],[0,1],[0,1],[0,1],[0,1],[0,1]]",UNSAT,UNSAT,UNSAT,"[4, 6]",0.058006,0.056498,0.003359,False
702961,5,3,"[2,1,3,1,2]","[2,3,1]","[[1,2],[1],[0,1,2],[0,1,2],[1,2]]",UNSAT,UNSAT,UNSAT,"[0, 2]",0.020595,0.052436,0.003144,False
702962,7,4,"[1,1,1,3,1,2,1]","[1,1,1,3]","[[3],[0],[0,1,2,3],[0,1,2,3],[3],[0,1,2,3],[0,1,2,3]]",UNSAT,UNSAT,UNSAT,"[1, 3, 5]",0.17452,0.152418,0.004993,False
702963,2,4,"[2,1]","[3,3,1,3]","[[0,2,3],[0,2,3]]",FEASIBLE,FEASIBLE,FEASIBLE,null,0.012586,0.025959,0.001298,False
702964,7,2,"[1,2,2,1,1,1,1]","[1,1]","[[1],[0,1],[0,1],[0,1],[0],[0,1],[0,1]]",UNSAT,UNSAT,UNSAT,"[0, 1]",0.016776,0.051452,0.003274,False
702965,6,1,"[1,1,1,1,1,1]",[3],"[[0],[0],[0],[0],[0],[0]]",UNSAT,UNSAT,UNSAT,"[0, 1, 2, 3]",0.055662,0.038598,0.002154,False
702966,3,5,"[1,3,1]","[3,1,2,3,3]","[[1],[0,2,3,4],[4]]",FEASIBLE,FEASIBLE,FEASIBLE,null,0.029042,0.027114,0.001613,False
702967,7,1,"[1,1,1,1,1,1,1]",[2],"[[0],[0],[0],[0],[0],[0],[0]]",UNSAT,UNSAT,UNSAT,"[0, 1, 2]",0.0385,0.04051,0.002205,False
702968,4,1,"[1,1,1,1]",[1],"[[0],[0],[0],[0]]",UNSAT,UNSAT,UNSAT,"[0, 1]",0.014221,0.028622,0.001616,False
702969,7,3,"[2,3,1,3,2,2,3]","[1,2,3]","[[0,1,2],[0,1,2],[2],[0,1,2],[1,2],[1,2],[0,1,2]]",UNSAT,UNSAT,UNSAT,"[1, 3]",0.050393,0.066583,0.004519,False
702970,5,6,"[1,3,2,1,1]","[3,1,3,2,3,2]","[[0,2,3,4,5],[2,4,5],[0,1,2,3,4],[0,1,4],[3]]",FEASIBLE,FEASIBLE,FEASIBLE,null,0.151193,0.043702,0.00291,False
702971,3,1,"[1,1,1]",[1],"[[0],[0],[0]]",UNSAT,UNSAT,UNSAT,"[0, 1]",0.00712,0.025542,0.0014,False
702972,5,2,"[1,1,2,2,1]","[3,1]","[[0,1],[1],[0,1],[0,1],[1]]",UNSAT,UNSAT,UNSAT,"[1, 2]",0.020681,0.040389,0.002465,False
702973,2,5,"[1,3]","[2,3,3,2,1]","[[0,3],[0,1,2,3,4]]",FEASIBLE,FEASIBLE,FEASIBLE,null,0.013226,0.104049,0.001631,False
702974,2,4,"[1,3]","[2,3,2,3]","[[3],[0,2,3]]",FEASIBLE,FEASIBLE,FEASIBLE,null,0.011749,0.021807,0.001267,False
702975,7,7,"[2,1,2,1,3,3,2]","[1,3,1,3,3,1,1]","[[3,5],[0,3,4,5],[0,2,5,6],[0,3,6],[0,1,2,3,4,5,6],[1,3,4,6],[0,1,2,5,6]]",UNSAT,UNSAT,UNSAT,"[0, 2, 3, 4, 5, 6]",0.790663,0.14212,0.008021,False
702976,4,3,"[2,1,2,3]","[1,2,1]","[[0,2],[0,2],[0,1,2],[0,1,2]]",UNSAT,UNSAT,UNSAT,"[0, 1]",0.014997,0.045584,0.003047,False
702977,6,2,"[2,1,1,1,1,1]","[3,2]","[[0,1],[1],[1],[1],[0],[1]]",UNSAT,UNSAT,UNSAT,"[0, 1, 2]",0.043549,0.041906,0.00258,False
702978,3,1,"[1,1,1]",[2],"[[0],[0],[0]]",UNSAT,UNSAT,UNSAT,"[0, 1, 2]",0.011279,0.026636,0.00131,False
702979,1,5,[1],"[2,3,1,2,2]","[[0,1,2,3,4]]",FEASIBLE,FEASIBLE,FEASIBLE,null,0.006118,0.017298,0.001112,False
702980,2,1,"[1,1]",[2],"[[0],[0]]",FEASIBLE,FEASIBLE,FEASIBLE,null,0.006349,0.015686,0.000646,False
702981,5,1,"[1,1,1,1,1]",[1],"[[0],[0],[0],[0],[0]]",UNSAT,UNSAT,UNSAT,"[0, 1]",0.009313,0.032455,0.001851,False
702982,5,3,"[1,2,2,3,1]","[1,3,1]","[[2],[0,1,2],[0,1,2],[0,1,2],[0,1,2]]",UNSAT,UNSAT,UNSAT,"[0, 3]",0.021661,0.054044,0.003483,False
702983,6,5,"[1,1,1,1,1,2]","[3,3,2,1,3]","[[4],[3],[0,1,2,3,4],[2],[0],[2,3,4]]",FEASIBLE,FEASIBLE,FEASIBLE,null,0.270773,0.039051,0.00231,False
702984,6,5,"[3,1,1,2,3,1]","[1,3,3,2,2]","[[0,2,3],[1],[1,4],[0,1,2,3],[0,1,4],[0,2,4]]",UNSAT,UNSAT,UNSAT,"[0, 4]",0.038792,0.076983,0.004521,False
702985,7,6,"[1,1,2,1,2,2,2]","[3,3,2,3,2,3]","[[0,1,3,4,5],[1,2,3,4,5],[0,2],[2],[0,1,2,3,5],[1,4,5],[0,3,4,5]]",FEASIBLE,FEASIBLE,FEASIBLE,null,0.82174,0.078376,0.004088,False
702986,5,7,"[2,1,2,1,1]","[3,1,2,1,2,1,2]","[[2,3,4,6],[4],[2,6],[0,2,6],[6]]",FEASIBLE,FEASIBLE,FEASIBLE,null,0.353738,0.06482,0.002339,False
702987,4,3,"[2,3,1,1]","[3,1,3]","[[1,2],[0,1,2],[0,1,2],[1]]",UNSAT,UNSAT,UNSAT,"[0, 1]",0.01897,0.058198,0.002538,False
702988,5,5,"[1,3,1,2,1]","[1,2,1,1,2]","[[0,1,2,3,4],[0,1,2,3,4],[2],[2,3],[0,3,4]]",UNSAT,UNSAT,UNSAT,"[2, 3]",0.061167,0.1546,0.005168,False
702989,3,7,"[3,1,3]","[2,1,1,1,1,3,3]","[[1,3,4,5],[1,5],[0,1,2,3,4,5,6]]",FEASIBLE,FEASIBLE,FEASIBLE,null,0.048054,0.05601,0.002542,False
702990,4,6,"[1,1,2,1]","[3,2,2,2,1,2]","[[1,5],[0,1,2,3,4,5],[0,1,2,3,4],[0,3,5]]",FEASIBLE,FEASIBLE,FEASIBLE,null,2.08723,0.186252,0.002587,False
702991,3,2,"[1,2,2]","[1,2]","[[0],[0,1],[0,1]]",UNSAT,UNSAT,UNSAT,"[0, 1]",0.014535,0.062064,0.002046,False
702992,4,4,"[1,3,1,1]","[2,1,2,3]","[[0,1,2,3],[0,1,3],[2,3],[0,1,2,3]]",FEASIBLE,FEASIBLE,FEASIBLE,null,0.073694,0.098923,0.002082,False
702993,5,2,"[1,1,2,1,1]","[3,3]","[[0],[0,1],[0,1],[0,1],[0,1]]",FEASIBLE,FEASIBLE,FEASIBLE,null,0.101191,0.049274,0.001811,False
702994,4,1,"[1,1,1,1]",[1],"[[0],[0],[0],[0]]",UNSAT,UNSAT,UNSAT,"[0, 1]",0.008773,0.038571,0.001613,False
702995,2,2,"[1,2]","[2,1]","[[1],[0,1]]",UNSAT,UNSAT,UNSAT,"[0, 1]",0.021938,0.733248,0.001485,False
702996,6,6,"[1,3,2,1,3,3]","[2,1,3,2,1,2]","[[2],[0,2,3,4,5],[0,1,2,3],[2],[0,1,2,4,5],[0,3,4]]",UNSAT,UNSAT,UNSAT,"[0, 1, 2, 4, 5]",0.714916,0.157909,0.006122,False
702997,3,6,"[3,1,3]","[1,1,1,3,2,3]","[[0,1,2,3,4,5],[2,4],[0,2,4,5]]",FEASIBLE,FEASIBLE,FEASIBLE,null,0.043183,0.057462,0.002804,False
702998,7,1,"[1,1,1,1,1,1,1]",[1],"[[0],[0],[0],[0],[0],[0],[0]]",UNSAT,UNSAT,UNSAT,"[0, 1]",0.014401,0.048502,0.002259,False
702999,7,1,"[1,1,1,1,1,1,1]",[2],"[[0],[0],[0],[0],[0],[0],[0]]",UNSAT,UNSAT,UNSAT,"[0, 1, 2]",0.047256,0.049136,0.002047,False
703000,6,5,"[2,2,2,1,1,1]","[1,1,2,1,1]","[[0,1,2],[2,4],[0,2,3,4],[0,3],[1],[2]]",UNSAT,UNSAT,UNSAT,"[0, 1, 2, 3]",0.206995,0.077011,0.004168,False
703001,3,3,"[1,1,2]","[2,2,3]","[[1,2],[1],[1,2]]",FEASIBLE,FEASIBLE,FEASIBLE,null,0.026527,0.038049,0.001621,False
703002,3,1,"[1,1,1]",[2],"[[0],[0],[0]]",UNSAT,UNSAT,UNSAT,"[0, 1, 2]",0.014604,0.03247,0.00136,False
703003,3,5,"[2,2,3]","[1,3,3,2,1]","[[2,3],[0,1,2],[1,2,3,4]]",FEASIBLE,FEASIBLE,FEASIBLE,null,0.035343,0.039734,0.001944,False
703004,5,5,"[1,1,3,3,2]","[2,3,3,3,1]","[[2],[1,2,4],[0,1,2,3,4],[0,1,2,3,4],[0,1,3]]",FEASIBLE,FEASIBLE,FEASIBLE,null,0.186357,0.074253,0.003663,False
703005,2,5,"[2,1]","[3,1,1,2,2]","[[0,1,3,4],[1]]",FEASIBLE,FEASIBLE,FEASIBLE,null,0.036744,0.106601,0.001744,False
703006,3,6,"[3,2,1]","[3,3,1,1,1,2]","[[0,1,3,4],[1,3,4,5],[4]]",FEASIBLE,FEASIBLE,FEASIBLE,null,0.09807,0.113687,0.002484,False
703007,2,3,"[1,1]","[3,3,3]","[[0],[0,1,2]]",FEASIBLE,FEASIBLE,FEASIBLE,null,0.023015,0.037029,0.001134,False
703008,1,1,[1],[2],[[0]],FEASIBLE,FEASIBLE,FEASIBLE,null,0.006889,0.01988,0.000581,False
703009,7,3,"[1,2,3,1,3,3,3]","[3,1,1]","[[0],[0,1],[0,1,2],[0,1,2],[0,1,2],[0,1,2],[0,1,2]]",UNSAT,UNSAT,UNSAT,"[1, 2]",0.076691,0.139462,0.004454,False
703010,3,2,"[1,1,2]","[3,1]","[[0,1],[0,1],[0,1]]",FEASIBLE,FEASIBLE,FEASIBLE,null,0.034981,0.048984,0.001299,False
703011,1,3,[1],"[3,3,2]",[[1]],FEASIBLE,FEASIBLE,FEASIBLE,null,0.009977,0.023924,0.000683,False
703012,3,3,"[2,1,1]","[3,2,1]","[[1,2],[0],[0,1,2]]",FEASIBLE,FEASIBLE,FEASIBLE,null,0.045771,0.083671,0.001455,False
703013,2,3,"[1,1]","[3,2,1]","[[2],[1]]",FEASIBLE,FEASIBLE,FEASIBLE,null,0.023661,0.035733,0.000966,False
703014,1,5,[2],"[2,3,1,3,1]","[[0,1,2]]",FEASIBLE,FEASIBLE,FEASIBLE,null,0.011435,0.033496,0.000972,False
703015,6,6,"[3,3,2,2,2,2]","[3,1,3,1,2,3]","[[1,2,3],[2,3,4,5],[0,1,2,3],[0,2,3,4,5],[2,3,4],[2,4]]",UNSAT,UNSAT,UNSAT,"[0, 1, 2, 4]",0.273505,0.129649,0.006263,False
703016,7,5,"[3,1,2,2,1,1,1]","[3,1,1,3,3]","[[1,2,3,4],[3,4],[0,1,2,4],[1,2],[0,4],[2,3],[1,4]]",UNSAT,UNSAT,UNSAT,"[0, 3]",0.048086,0.100173,0.005274,False
703017,7,3,"[2,2,1,2,3,1,1]","[3,3,1]","[[0,1,2],[0,1,2],[2],[0,1,2],[0,1,2],[0],[0,1]]",UNSAT,UNSAT,UNSAT,"[2, 4]",0.08292,0.096783,0.004253,False
703018,6,1,"[1,1,1,1,1,1]",[2],"[[0],[0],[0],[0],[0],[0]]",UNSAT,UNSAT,UNSAT,"[0, 1, 2]",0.037268,0.059687,0.002189,False
703019,1,2,[1],"[2,1]","[[0,1]]",FEASIBLE,FEASIBLE,FEASIBLE,null,0.006375,0.02709,0.000695,False
703020,3,7,"[1,1,1]","[2,3,2,3,1,3,1]","[[6],[0,1,2,4,5],[4]]",FEASIBLE,FEASIBLE,FEASIBLE,null,0.253247,0.047207,0.002961,False
703021,2,5,"[1,1]","[3,1,2,2,3]","[[2],[3]]",FEASIBLE,FEASIBLE,FEASIBLE,null,0.028245,0.029988,0.000944,False
703022,4,7,"[1,2,3,1]","[1,1,3,1,1,3,2]","[[2,3,6],[0,6],[0,2,3,4,5,6],[0,1,2,4,5]]",FEASIBLE,FEASIBLE,FEASIBLE,null,0.151509,0.076045,0.002862,False
703023,4,1,"[1,1,1,1]",[3],"[[0],[0],[0],[0]]",UNSAT,UNSAT,UNSAT,"[0, 1, 2, 3]",0.040492,0.058664,0.00175,False
703024,1,7,[2],"[2,1,3,1,3,1,2]","[[0,1,3,5,6]]",FEASIBLE,FEASIBLE,FEASIBLE,null,0.010258,0.030298,0.001157,False
703025,5,2,"[1,1,1,2,1]","[3,3]","[[0],[1],[0],[0,1],[0]]",UNSAT,UNSAT,UNSAT,"[0, 2, 3, 4]",0.107297,0.061081,0.002147,False
703026,7,1,"[1,1,1,1,1,1,1]",[1],"[[0],[0],[0],[0],[0],[0],[0]]",UNSAT,UNSAT,UNSAT,"[0, 1]",0.01509,0.051457,0.002184,False
703027,3,4,"[3,1,1]","[1,2,1,3]","[[0,2,3],[0,1,2,3],[0,1,2,3]]",FEASIBLE,FEASIBLE,FEASIBLE,null,0.03127,0.040509,0.001878,False
703028,2,3,"[1,1]","[3,2,2]","[[0,2],[1]]",FEASIBLE,FEASIBLE,FEASIBLE,null,0.012198,0.020299,0.001004,False
703029,2,5,"[1,3]","[1,3,3,3,2]","[[0,3],[0,2,3]]",FEASIBLE,FEASIBLE,FEASIBLE,null,0.019755,0.044025,0.001741,False
703030,2,7,"[1,1]","[1,1,3,3,1,2,3]","[[4],[1,2,6]]",FEASIBLE,FEASIBLE,FEASIBLE,null,0.025111,0.028794,0.001162,False
703031,4,5,"[1,1,1,2]","[3,3,3,1,1]","[[2],[0],[3],[0,4]]",FEASIBLE,FEASIBLE,FEASIBLE,null,0.084681,0.039126,0.001613,False
703032,1,4,[1],"[2,1,3,3]","[[0,1]]",FEASIBLE,FEASIBLE,FEASIBLE,null,0.006815,0.016161,0.000704,False
703033,6,4,"[1,3,2,2,2,1]","[3,1,2,1]","[[0,1,2,3],[0,1,2],[1,3],[0,1,2],[0,2,3],[1,2,3]]",UNSAT,UNSAT,UNSAT,"[1, 2]",0.039436,0.170805,0.00458,False
703034,2,7,"[2,2]","[1,1,2,3,1,1,1]","[[0,3,4,5],[3,5]]",FEASIBLE,FEASIBLE,FEASIBLE,null,0.017761,0.025148,0.001514,False
703035,5,1,"[1,1,1,1,1]",[3],"[[0],[0],[0],[0],[0]]",UNSAT,UNSAT,UNSAT,"[0, 1, 2, 3]",0.036051,0.037303,0.001932,False
703036,7,7,"[1,3,1,3,3,2,1]","[3,3,1,3,3,3,1]","[[1,3,5,6],[3,4,6],[0,1],[1,2,3,4,5,6],[0,2,3,4,5,6],[0,1,2,3,4,5,6],[0,1,2,3,4,5]]",FEASIBLE,FEASIBLE,FEASIBLE,null,1.354867,0.171033,0.005281,False
703037,4,4,"[3,2,3,3]","[1,1,2,2]","[[0,1,3],[0,1,2,3],[0,1,2,3],[0,1,2]]",UNSAT,UNSAT,UNSAT,"[0, 2]",0.043769,0.079059,0.003607,False
703038,6,6,"[1,2,2,1,1,2]","[1,3,3,1,1,1]","[[0,1,2,3,4],[0,1,2,3,4],[3,5],[3],[0,3,5],[0,1,2,3,4,5]]",UNSAT,UNSAT,UNSAT,"[2, 3]",0.109667,0.130971,0.004917,False
703039,4,2,"[1,1,1,2]","[3,1]","[[0,1],[0,1],[1],[0,1]]",UNSAT,UNSAT,UNSAT,"[2, 3]",0.034003,0.115647,0.001966,False
703040,2,4,"[1,3]","[2,1,2,2]","[[3],[0,1,3]]",FEASIBLE,FEASIBLE,FEASIBLE,null,0.015672,0.030093,0.001252,False
703041,1,7,[1],"[2,2,2,1,3,2,2]","[[5,6]]",FEASIBLE,FEASIBLE,FEASIBLE,null,0.008649,0.027615,0.000954,False
703042,6,6,"[1,1,2,2,1,3]","[1,1,2,3,1,3]","[[0,1,2,3,4,5],[2],[0,2,4],[4,5],[0,3,4,5],[0,1,2,3,4,5]]",FEASIBLE,FEASIBLE,FEASIBLE,null,0.490287,0.239085,0.004642,False
703043,3,2,"[2,2,1]","[3,2]","[[0,1],[0,1],[0]]",FEASIBLE,FEASIBLE,FEASIBLE,null,0.025821,0.036637,0.001259,False
703044,3,3,"[1,2,2]","[2,2,2]","[[0,2],[0,1,2],[0,1,2]]",FEASIBLE,FEASIBLE,FEASIBLE,null,0.028176,0.039572,0.001533,False
703045,7,1,"[1,1,1,1,1,1,1]",[3],"[[0],[0],[0],[0],[0],[0],[0]]",UNSAT,UNSAT,UNSAT,"[0, 1, 2, 3]",0.14539,0.076371,0.002216,False
703046,1,7,[3],"[1,2,2,2,2,1,1]","[[1,3,4,5,6]]",FEASIBLE,FEASIBLE,FEASIBLE,null,0.012019,0.036907,0.00121,False
703047,3,7,"[2,3,3]","[3,2,1,1,2,1,2]","[[2,4],[0,4,5],[0,3,5]]",UNSAT,UNSAT,UNSAT,"[1, 2]",0.087948,0.303495,0.002654,False
703048,6,3,"[2,1,3,1,3,1]","[1,1,1]","[[0,1,2],[0,1,2],[0,1,2],[0,1,2],[0,1,2],[0,2]]",UNSAT,UNSAT,UNSAT,"[0, 2]",0.070113,0.081851,0.003717,False
703049,6,3,"[1,2,1,2,1,2]","[3,3,2]","[[2],[0,1,2],[0,1,2],[0,1],[2],[0,1]]",UNSAT,UNSAT,UNSAT,"[0, 1, 2, 3, 4, 5]",0.204629,0.063989,0.003333,False
703050,4,3,"[1,2,1,2]","[2,2,3]","[[2],[0,2],[0,2],[0,1,2]]",FEASIBLE,FEASIBLE,FEASIBLE,null,0.048231,0.036631,0.001626,False
703051,6,6,"[3,1,1,2,3,1]","[3,1,3,2,1,1]","[[0,1,2,4],[0],[0],[0,1,2,3,4,5],[1,2,4,5],[1]]",UNSAT,UNSAT,UNSAT,"[0, 4, 5]",0.161044,0.069457,0.004053,False
703052,7,1,"[1,1,1,1,1,1,1]",[1],"[[0],[0],[0],[0],[0],[0],[0]]",UNSAT,UNSAT,UNSAT,"[0, 1]",0.013971,0.045461,0.00188,False
703053,5,1,"[1,1,1,1,1]",[1],"[[0],[0],[0],[0],[0]]",UNSAT,UNSAT,UNSAT,"[0, 1]",0.009511,0.042195,0.001683,False
703054,2,3,"[1,3]","[2,3,1]","[[1],[0,1,2]]",FEASIBLE,FEASIBLE,FEASIBLE,null,0.01162,0.192712,0.001202,False
703055,2,3,"[1,2]","[2,1,3]","[[0,1],[0,1]]",FEASIBLE,FEASIBLE,FEASIBLE,null,0.025952,0.040707,0.001107,False
703056,1,6,[2],"[1,1,2,1,1,3]","[[0,2,5]]",FEASIBLE,FEASIBLE,FEASIBLE,null,0.013395,0.035256,0.001727,False
703057,7,1,"[1,1,1,1,1,1,1]",[2],"[[0],[0],[0],[0],[0],[0],[0]]",UNSAT,UNSAT,UNSAT,"[0, 1, 2]",0.076777,0.088614,0.002524,False
703058,4,5,"[1,1,3,1]","[3,2,3,3,2]","[[0,1,4],[4],[0,2,3,4],[3,4]]",FEASIBLE,FEASIBLE,FEASIBLE,null,0.125526,0.065714,0.001902,False
703059,4,1,"[1,1,1,1]",[3],"[[0],[0],[0],[0]]",UNSAT,UNSAT,UNSAT,"[0, 1, 2, 3]",0.046779,0.059947,0.00158,False
703060,2,1,"[1,1]",[2],"[[0],[0]]",FEASIBLE,FEASIBLE,FEASIBLE,null,0.013914,0.026996,0.000724,False
703061,1,5,[1],"[3,2,3,2,2]",[[3]],FEASIBLE,FEASIBLE,FEASIBLE,null,0.010701,0.025536,0.000767,False
703062,4,4,"[3,1,1,1]","[1,1,1,1]","[[0,1,2,3],[3],[0,1,2,3],[0]]",UNSAT,UNSAT,UNSAT,"[0, 1, 2]",0.066466,0.084812,0.002808,False
703063,5,3,"[1,2,1,1,1]","[3,1,1]","[[0,1,2],[1,2],[2],[2],[0,1,2]]",UNSAT,UNSAT,UNSAT,"[1, 2]",0.047136,0.079137,0.002464,False
703064,1,4,[2],"[2,2,3,2]","[[0,1]]",FEASIBLE,FEASIBLE,FEASIBLE,null,0.012689,0.02907,0.000766,False
703065,6,4,"[1,1,1,1,1,2]","[1,3,1,2]","[[1],[0],[0],[3],[0,1,3],[1,2,3]]",UNSAT,UNSAT,UNSAT,"[1, 2]",0.068575,0.080649,0.00273,False
703066,6,5,"[1,1,1,2,1,2]","[3,2,3,2,2]","[[0,2],[4],[4],[0,1,2,3,4],[1],[0,1,2,3]]",FEASIBLE,FEASIBLE,FEASIBLE,null,0.369666,0.042575,0.002678,False
703067,2,3,"[3,1]","[1,2,3]","[[0,1,2],[0]]",UNSAT,UNSAT,UNSAT,"[0, 1]",0.00879,0.026189,0.001685,False
703068,5,1,"[1,1,1,1,1]",[3],"[[0],[0],[0],[0],[0]]",UNSAT,UNSAT,UNSAT,"[0, 1, 2, 3]",0.033127,0.031978,0.001726,False
703069,4,2,"[2,1,1,1]","[2,1]","[[0,1],[0,1],[1],[0,1]]",UNSAT,UNSAT,UNSAT,"[0, 2]",0.013044,0.035905,0.00221,False
703070,1,5,[3],"[1,2,3,2,1]","[[0,1,3]]",FEASIBLE,FEASIBLE,FEASIBLE,null,0.009524,0.073736,0.000964,False
703071,7,1,"[1,1,1,1,1,1,1]",[2],"[[0],[0],[0],[0],[0],[0],[0]]",UNSAT,UNSAT,UNSAT,"[0, 1, 2]",0.04656,0.051834,0.001815,False
703072,1,5,[2],"[3,1,3,2,3]","[[0,2,3,4]]",FEASIBLE,FEASIBLE,FEASIBLE,null,0.006677,0.020423,0.001059,False
703073,3,3,"[1,1,2]","[1,1,2]","[[0],[0,1,2],[0,2]]",UNSAT,UNSAT,UNSAT,"[0, 2]",0.016947,0.036169,0.001985,False
703074,1,2,[2],"[1,3]","[[0,1]]",FEASIBLE,FEASIBLE,FEASIBLE,null,0.004044,0.015644,0.000682,False
703075,6,2,"[1,1,1,1,1,1]","[3,3]","[[0,1],[0],[0],[1],[1],[0,1]]",FEASIBLE,FEASIBLE,FEASIBLE,null,0.285737,0.067352,0.001616,False
703076,7,3,"[2,2,1,1,3,1,1]","[3,2,2]","[[0,1,2],[0,1,2],[0,1],[0,1],[0,1,2],[0,1,2],[0,1,2]]",UNSAT,UNSAT,UNSAT,"[0, 1, 2, 4]",0.462748,0.191973,0.004723,False
703077,4,7,"[2,1,3,3]","[2,3,3,3,1,2,3]","[[0,1,2,4],[2,3],[0,2,4,5,6],[0,1,5]]",FEASIBLE,FEASIBLE,FEASIBLE,null,0.170968,0.102589,0.003343,False
703078,4,7,"[1,1,2,2]","[1,3,1,1,1,3,2]","[[0,1,2,3,4,5,6],[3],[0,1,3,4,5,6],[0,1,3]]",FEASIBLE,FEASIBLE,FEASIBLE,null,0.134892,0.088512,0.003476,False
703079,5,5,"[2,1,1,3,3]","[1,1,2,3,3]","[[1,4],[3],[1],[0,2,4],[0,1,2,3,4]]",UNSAT,UNSAT,UNSAT,"[0, 2]",0.045292,0.092232,0.003048,False
703080,2,6,"[1,1]","[2,3,3,1,3,3]","[[2],[5]]",FEASIBLE,FEASIBLE,FEASIBLE,null,0.103209,0.016199,0.001507,False
703081,7,4,"[1,1,1,2,3,1,3]","[2,1,1,1]","[[0,1,2,3],[1],[1],[0,2,3],[0,1,2,3],[3],[0,1,3]]",UNSAT,UNSAT,UNSAT,"[1, 2]",0.041373,0.058407,0.00509,False
703082,2,4,"[2,1]","[2,2,1,3]","[[0,2,3],[2]]",FEASIBLE,FEASIBLE,FEASIBLE,null,0.010556,0.024022,0.001574,False
703083,5,3,"[2,1,1,2,1]","[2,2,3]","[[0,1,2],[0,1],[0,2],[0,2],[0,1]]",FEASIBLE,FEASIBLE,FEASIBLE,null,0.077125,0.042623,0.002441,False
703084,4,3,"[1,3,1,2]","[3,3,1]","[[2],[0,1,2],[0],[0,1]]",UNSAT,UNSAT,UNSAT,"[0, 1]",0.014675,0.037917,0.002274,False
703085,4,4,"[1,1,2,1]","[3,2,1,1]","[[0],[0],[1,2],[0,1]]",FEASIBLE,FEASIBLE,FEASIBLE,null,0.053178,0.02705,0.001394,False
703086,2,5,"[1,1]","[1,3,3,2,1]","[[1],[4]]",FEASIBLE,FEASIBLE,FEASIBLE,null,0.012598,0.015044,0.000945,False
703087,1,4,[1],"[1,1,2,1]",[[0]],FEASIBLE,FEASIBLE,FEASIBLE,null,0.004384,0.010316,0.000692,False
703088,1,6,[1],"[3,1,1,2,2,2]","[[0,1]]",FEASIBLE,FEASIBLE,FEASIBLE,null,0.00514,0.012315,0.000851,False
703089,7,7,"[3,1,3,3,1,1,1]","[2,1,3,3,3,1,1]","[[0,1,2,4,5,6],[0,1,2,3,4,5,6],[0,1,2,3,4],[0,1,3,4,5],[0],[4,6],[0,1,2,3,4,5,6]]",FEASIBLE,FEASIBLE,FEASIBLE,null,1.452363,0.124134,0.006331,False
703090,6,1,"[1,1,1,1,1,1]",[3],"[[0],[0],[0],[0],[0],[0]]",UNSAT,UNSAT,UNSAT,"[0, 1, 2, 3]",0.083841,0.055978,0.002077,False
703091,3,2,"[1,1,1]","[2,1]","[[1],[1],[0,1]]",UNSAT,UNSAT,UNSAT,"[0, 1]",0.012648,0.035924,0.001644,False
703092,7,4,"[1,2,1,1,1,1,3]","[3,1,3,3]","[[1,3],[0,1,2,3],[2],[1],[0,1,3],[2],[0,1,2,3]]",FEASIBLE,FEASIBLE,FEASIBLE,null,0.525954,0.156913,0.003693,False
703093,3,1,"[1,1,1]",[1],"[[0],[0],[0]]",UNSAT,UNSAT,UNSAT,"[0, 1]",0.007057,0.024604,0.001433,False
703094,2,3,"[1,1]","[1,1,3]","[[1,2],[0,1,2]]",FEASIBLE,FEASIBLE,FEASIBLE,null,0.009062,0.016895,0.001182,False
703095,6,4,"[2,2,1,1,2,3]","[2,1,1,2]","[[1,2,3],[2,3],[0],[3],[0,1,2,3],[0,1,2,3]]",UNSAT,UNSAT,UNSAT,"[0, 1, 3]",0.230419,0.061592,0.004097,False
703096,4,4,"[3,1,2,1]","[2,2,1,2]","[[0,1,3],[2,3],[0,1,2,3],[0]]",FEASIBLE,FEASIBLE,FEASIBLE,null,0.062455,0.079,0.002332,False
703097,1,6,[1],"[3,2,2,2,2,2]","[[1,2]]",FEASIBLE,FEASIBLE,FEASIBLE,null,0.010206,0.023401,0.000836,False
703098,6,2,"[2,1,1,1,1,1]","[3,1]","[[0,1],[0,1],[0,1],[1],[0],[0]]",UNSAT,UNSAT,UNSAT,"[0, 3]",0.036783,0.076327,0.002815,False
703099,3,2,"[1,1,1]","[1,3]","[[0,1],[0,1],[0]]",FEASIBLE,FEASIBLE,FEASIBLE,null,0.05461,0.050681,0.001482,False
703100,5,3,"[2,1,1,2,1]","[3,2,3]","[[0,1],[2],[1],[0,1],[0,2]]",UNSAT,UNSAT,UNSAT,"[0, 2, 3]",0.085149,0.070423,0.002512,False
703101,7,1,"[1,1,1,1,1,1,1]",[2],"[[0],[0],[0],[0],[0],[0],[0]]",UNSAT,UNSAT,UNSAT,"[0, 1, 2]",0.064485,0.072174,0.00187,False
703102,6,6,"[2,1,1,2,2,2]","[3,2,1,1,1,3]","[[0,1,2],[1,4],[0,1,2,3,4],[3,5],[0,2,3,4],[0,2,3,4,5]]",FEASIBLE,FEASIBLE,FEASIBLE,null,0.530916,0.099203,0.003426,False
703103,7,1,"[1,1,1,1,1,1,1]",[3],"[[0],[0],[0],[0],[0],[0],[0]]",UNSAT,UNSAT,UNSAT,"[0, 1, 2, 3]",0.081097,0.132652,0.001748,False
703104,3,5,"[2,2,1]","[3,2,3,1,3]","[[0,1,3,4],[0,1,2,4],[0,1,2,3,4]]",FEASIBLE,FEASIBLE,FEASIBLE,null,0.028267,0.029495,0.002003,False
703105,3,4,"[1,1,1]","[1,1,1,2]","[[3],[2],[1]]",FEASIBLE,FEASIBLE,FEASIBLE,null,0.023552,0.01858,0.001112,False
703106,5,7,"[1,3,1,2,1]","[3,3,3,3,2,1,2]","[[0,2,3,4,5,6],[2,3,4,6],[1],[1,6],[3,4,6]]",FEASIBLE,FEASIBLE,FEASIBLE,null,0.162952,0.040702,0.002892,False
703107,6,4,"[1,2,2,3,1,3]","[1,2,2,2]","[[0,1,2,3],[2,3],[0,2,3],[1,2,3],[0,1],[0,1,2]]",UNSAT,UNSAT,UNSAT,"[1, 2, 3]",0.128168,0.077148,0.004396,False
703108,6,7,"[2,3,3,1,1,2]","[1,3,1,3,3,1,3]","[[0,1,2,3,4,5,6],[1,4,5,6],[0,1,2,3,4,5,6],[0,1,2,3,4,5,6],[0,2,3,4,5,6],[1,3,4,5,6]]",FEASIBLE,FEASIBLE,FEASIBLE,null,0.440243,0.101283,0.005223,False
703109,5,6,"[1,1,2,2,2]","[3,2,1,1,2,2]","[[0,4,5],[3],[0,1,2,3,4,5],[1,4],[0,1,3,5]]",FEASIBLE,FEASIBLE,FEASIBLE,null,0.198972,0.059999,0.002704,False
703110,1,4,[2],"[3,3,3,2]","[[2,3]]",FEASIBLE,FEASIBLE,FEASIBLE,null,0.006406,0.019322,0.000807,False
703111,2,2,"[2,1]","[1,3]","[[0,1],[0]]",UNSAT,UNSAT,UNSAT,"[0, 1]",0.010064,0.033064,0.00139,False
703112,6,5,"[1,1,3,2,1,1]","[1,3,2,3,2]","[[0,1,2,3,4],[1],[0,2,4],[0,2,4],[0,1,4],[0,1,2,3,4]]",FEASIBLE,FEASIBLE,FEASIBLE,null,0.391022,0.110334,0.004059,False
703113,7,3,"[1,1,1,1,1,2,1]","[3,2,2]","[[1],[2],[0,1,2],[0,2],[0],[0,1],[2]]",UNSAT,UNSAT,UNSAT,"[0, 1, 2, 3, 4, 5, 6]",0.443772,0.132583,0.003548,False
703114,6,7,"[1,3,3,3,1,3]","[1,2,1,2,1,1,1]","[[1,3,6],[0,1,2,4,6],[1,3,6],[0,1,3,5,6],[1],[0,2,4,6]]",UNSAT,UNSAT,UNSAT,"[1, 5]",0.073728,0.073093,0.005577,False
703115,2,1,"[1,1]",[1],"[[0],[0]]",UNSAT,UNSAT,UNSAT,"[0, 1]",0.005549,0.024715,0.001108,False
703116,2,1,"[1,1]",[2],"[[0],[0]]",FEASIBLE,FEASIBLE,FEASIBLE,null,0.006807,0.014879,0.000641,False
703117,6,1,"[1,1,1,1,1,1]",[1],"[[0],[0],[0],[0],[0],[0]]",UNSAT,UNSAT,UNSAT,"[0, 1]",0.009735,0.033774,0.001845,False
703118,2,4,"[2,1]","[1,3,1,2]","[[2,3],[0,1,2]]",FEASIBLE,FEASIBLE,FEASIBLE,null,0.010783,0.019883,0.001241,False
703119,6,2,"[1,2,2,1,1,1]","[2,3]","[[1],[0,1],[0,1],[1],[1],[1]]",UNSAT,UNSAT,UNSAT,"[0, 1, 2, 3]",0.078287,0.060559,0.002487,False
703120,4,3,"[1,1,1,3]","[1,1,3]","[[0,1],[0,1,2],[0,1],[0,1,2]]",UNSAT,UNSAT,UNSAT,"[0, 3]",0.034242,0.103283,0.00321,False
703121,7,5,"[1,1,1,1,1,1,2]","[1,3,2,3,2]","[[0,4],[2],[2],[2],[0,1,2,3,4],[1],[0,3,4]]",UNSAT,UNSAT,UNSAT,"[1, 2, 3]",0.313967,0.350229,0.003454,False
703122,3,7,"[1,3,1]","[3,2,2,1,3,2,1]","[[2,6],[0,1,2,3,4,5,6],[3]]",FEASIBLE,FEASIBLE,FEASIBLE,null,0.063792,0.050399,0.001981,False
703123,3,2,"[1,1,1]","[1,3]","[[0,1],[1],[0,1]]",FEASIBLE,FEASIBLE,FEASIBLE,null,0.02563,0.033444,0.001187,False
703124,6,2,"[1,1,1,1,1,2]","[3,2]","[[0,1],[0,1],[1],[1],[0],[0,1]]",UNSAT,UNSAT,UNSAT,"[2, 3, 5]",0.127362,0.088254,0.002679,False
703125,7,1,"[1,1,1,1,1,1,1]",[1],"[[0],[0],[0],[0],[0],[0],[0]]",UNSAT,UNSAT,UNSAT,"[0, 1]",0.017549,0.177615,0.001745,False
703126,6,6,"[1,1,2,2,1,1]","[1,2,1,3,1,3]","[[0,1,2,5],[5],[0,1,2,3,4],[0,1,2,3,4,5],[2],[5]]",FEASIBLE,FEASIBLE,FEASIBLE,null,0.341094,0.073143,0.003869,False
703127,7,4,"[1,3,1,1,3,1,1]","[3,3,3,3]","[[3],[0,2,3],[0,1,2,3],[0,1,3],[0,1,2,3],[1],[1]]",FEASIBLE,FEASIBLE,FEASIBLE,null,0.790339,0.087444,0.002956,False
703128,3,5,"[2,2,2]","[3,3,1,1,2]","[[1,4],[3,4],[0,1]]",FEASIBLE,FEASIBLE,FEASIBLE,null,0.037901,0.036309,0.001622,False
703129,1,5,[2],"[2,2,1,1,2]","[[1,2,4]]",FEASIBLE,FEASIBLE,FEASIBLE,null,0.006685,0.018987,0.000987,False
703130,5,7,"[2,1,1,1,1]","[3,2,2,3,2,1,2]","[[0,2,3,5,6],[0],[0,1,2,3,4,5,6],[4,5],[0,3]]",FEASIBLE,FEASIBLE,FEASIBLE,null,0.209809,0.054934,0.00277,False
703131,4,1,"[1,1,1,1]",[1],"[[0],[0],[0],[0]]",UNSAT,UNSAT,UNSAT,"[0, 1]",0.010181,0.037842,0.001477,False
703132,1,2,[1],"[1,1]","[[0,1]]",FEASIBLE,FEASIBLE,FEASIBLE,null,0.00622,0.014702,0.000638,False
703133,7,4,"[2,2,1,3,1,1,1]","[2,1,1,3]","[[0,2,3],[0,3],[2],[0,1,2,3],[0,1,3],[0,3],[2]]",UNSAT,UNSAT,UNSAT,"[2, 6]",0.086081,0.081661,0.004305,False
703134,5,5,"[2,2,1,3,1]","[3,2,2,1,1]","[[1,3,4],[0,1,2,4],[0],[0,1,3],[1,2,3]]",FEASIBLE,FEASIBLE,FEASIBLE,null,0.145109,0.066429,0.003833,False
703135,7,3,"[1,1,1,1,2,1,1]","[1,1,1]","[[0],[0,1,2],[1,2],[1],[0,2],[1,2],[1,2]]",UNSAT,UNSAT,UNSAT,"[0, 4]",0.02741,0.20847,0.003477,False
703136,6,3,"[1,1,1,1,2,1]","[2,1,2]","[[0,1],[0],[0,1],[1],[1,2],[0,1,2]]",UNSAT,UNSAT,UNSAT,"[3, 4]",0.071541,0.056696,0.003089,False
703137,4,2,"[1,2,2,1]","[2,1]","[[0,1],[0,1],[0,1],[1]]",UNSAT,UNSAT,UNSAT,"[1, 2]",0.024918,0.045592,0.002143,False
703138,3,2,"[1,2,1]","[3,1]","[[0,1],[0,1],[0,1]]",FEASIBLE,FEASIBLE,FEASIBLE,null,0.018379,0.022421,0.001193,False
703139,4,3,"[1,1,1,1]","[3,1,1]","[[0,1],[0,1,2],[1,2],[0,2]]",FEASIBLE,FEASIBLE,FEASIBLE,null,0.039823,0.025214,0.001518,False
703140,7,1,"[1,1,1,1,1,1,1]",[3],"[[0],[0],[0],[0],[0],[0],[0]]",UNSAT,UNSAT,UNSAT,"[0, 1, 2, 3]",0.108388,0.057591,0.001858,False
703141,7,7,"[3,3,3,2,1,3,1]","[1,1,3,1,3,2,1]","[[0,1,2,4],[0,2,3,5,6],[0,1,2,5],[1,6],[3],[0,1,2,4,5,6],[4,5,6]]",UNSAT,UNSAT,UNSAT,"[0, 2, 3]",0.240954,0.172991,0.007703,False
703142,7,5,"[3,2,1,1,1,2,2]","[1,1,2,2,2]","[[0,1,2,3,4],[0,2],[2],[0,2],[0,1,2],[0,1,2,3,4],[0,1,3]]",UNSAT,UNSAT,UNSAT,"[1, 2, 3]",0.316204,0.150551,0.006053,False
703143,2,4,"[2,1]","[3,3,2,2]","[[0,1,2,3],[2,3]]",FEASIBLE,FEASIBLE,FEASIBLE,null,0.015494,0.02759,0.001191,False
703144,1,5,[2],"[1,2,3,2,1]","[[0,1,3,4]]",FEASIBLE,FEASIBLE,FEASIBLE,null,0.006671,0.021022,0.001051,False
703145,5,6,"[1,2,3,2,2]","[2,1,2,3,2,2]","[[0,1,2,3,4,5],[3,5],[1,2,3,4,5],[2,3],[0,1,2,3,4,5]]",FEASIBLE,FEASIBLE,FEASIBLE,null,0.214842,0.068247,0.003399,False
703146,6,3,"[1,1,2,1,1,1]","[1,2,1]","[[1],[0],[0,1,2],[1,2],[2],[1,2]]",UNSAT,UNSAT,UNSAT,"[1, 2, 4]",0.118567,0.180718,0.002988,False
703147,2,4,"[1,3]","[2,1,1,3]","[[0],[0,1,2,3]]",FEASIBLE,FEASIBLE,FEASIBLE,null,0.015444,0.028401,0.001307,False
703148,4,6,"[2,3,1,3]","[3,3,2,1,3,3]","[[0,1],[2,4,5],[0],[2,4,5]]",FEASIBLE,FEASIBLE,FEASIBLE,null,0.107373,0.052133,0.00215,False
703149,1,5,[2],"[3,1,3,2,3]","[[2,4]]",FEASIBLE,FEASIBLE,FEASIBLE,null,0.007612,0.018669,0.00087,False
703150,5,2,"[2,2,2,1,1]","[2,3]","[[0,1],[0,1],[0,1],[0],[0]]",UNSAT,UNSAT,UNSAT,"[0, 1, 2]",0.046348,0.056885,0.002452,False
703151,1,5,[2],"[1,3,1,1,1]","[[0,1,3,4]]",FEASIBLE,FEASIBLE,FEASIBLE,null,0.00708,0.019634,0.000989,False
703152,1,3,[3],"[2,2,3]","[[0,1,2]]",FEASIBLE,FEASIBLE,FEASIBLE,null,0.004867,0.019742,0.000919,False
703153,3,1,"[1,1,1]",[2],"[[0],[0],[0]]",UNSAT,UNSAT,UNSAT,"[0, 1, 2]",0.028495,0.040161,0.001356,False
703154,1,2,[1],"[2,1]",[[0]],FEASIBLE,FEASIBLE,FEASIBLE,null,0.004018,0.014595,0.000658,False
703155,3,7,"[1,3,3]","[1,1,1,2,2,3,3]","[[0,1,2,3,4,5,6],[1,3,4,5,6],[0,1,2,3,4,5,6]]",FEASIBLE,FEASIBLE,FEASIBLE,null,0.066679,0.054028,0.002908,False
703156,4,4,"[1,3,1,2]","[3,1,1,2]","[[0,2],[0,1,3],[2],[0,3]]",FEASIBLE,FEASIBLE,FEASIBLE,null,0.075036,0.052816,0.001772,False
703157,2,3,"[1,1]","[3,2,2]","[[0,1],[0]]",FEASIBLE,FEASIBLE,FEASIBLE,null,0.014755,0.022217,0.000916,False
703158,3,5,"[1,2,1]","[1,3,1,1,2]","[[0,1,2,4],[1,2,3,4],[4]]",FEASIBLE,FEASIBLE,FEASIBLE,null,0.053202,0.046824,0.001777,False
703159,6,2,"[1,1,1,1,1,1]","[2,3]","[[1],[0,1],[1],[0],[1],[1]]",UNSAT,UNSAT,UNSAT,"[0, 2, 4, 5]",0.098525,0.047738,0.002321,False
703160,4,4,"[1,1,2,2]","[3,2,3,2]","[[0,1],[0],[0,1,2,3],[0,1]]",FEASIBLE,FEASIBLE,FEASIBLE,null,0.04893,0.144373,0.002155,False
703161,4,2,"[2,1,1,1]","[1,2]","[[0,1],[0],[0],[0,1]]",UNSAT,UNSAT,UNSAT,"[0, 1]",0.011836,0.034228,0.001932,False
703162,6,5,"[1,3,1,2,1,1]","[2,2,3,1,1]","[[1,2,3,4],[1,2,3],[0,1,2,3,4],[0,1,3],[0,1,2,3,4],[0,2,3]]",FEASIBLE,FEASIBLE,FEASIBLE,null,0.304184,0.080802,0.004483,False
703163,7,6,"[1,3,3,3,1,1,2]","[3,1,3,1,3,2]","[[1,2,4,5],[1,2,3,4,5],[1,2,3,4,5],[3,4,5],[0,1,2],[2],[2,3,4,5]]",UNSAT,UNSAT,UNSAT,"[1, 2, 3, 6]",0.469199,0.112524,0.006101,False
703164,7,2,"[1,1,1,1,2,1,1]","[1,3]","[[1],[0,1],[1],[0],[0,1],[0,1],[0]]",UNSAT,UNSAT,UNSAT,"[3, 4]",0.042751,0.047186,0.00305,False
703165,1,7,[1],"[2,1,1,2,1,2,1]",[[6]],FEASIBLE,FEASIBLE,FEASIBLE,null,0.006231,0.013249,0.000861,False
703166,5,7,"[1,3,3,1,1]","[2,3,3,2,1,1,1]","[[1,2,3,4,6],[0,3,4,5,6],[1,2,3,4,5,6],[3],[3]]",FEASIBLE,FEASIBLE,FEASIBLE,null,0.199787,0.093558,0.003746,False
703167,3,7,"[1,1,3]","[1,1,1,3,1,3,1]","[[0,1,2,3,4,5,6],[2,3,4,5,6],[0,1,2,3]]",FEASIBLE,FEASIBLE,FEASIBLE,null,0.036456,0.045136,0.003185,False
703168,2,4,"[1,1]","[3,2,1,1]","[[1],[2,3]]",FEASIBLE,FEASIBLE,FEASIBLE,null,0.011022,0.022786,0.001019,False
703169,1,2,[1],"[1,3]",[[1]],FEASIBLE,FEASIBLE,FEASIBLE,null,0.00333,0.010586,0.000637,False
703170,1,2,[1],"[1,1]",[[1]],FEASIBLE,FEASIBLE,FEASIBLE,null,0.002994,0.009746,0.000585,False
703171,7,5,"[2,1,3,2,2,2,1]","[2,1,2,3,1]","[[0,1,2,3,4],[1,3,4],[0,1,2,4],[0,1,2,3],[0,1,4],[0,1,3],[0,1]]",UNSAT,UNSAT,UNSAT,"[2, 4, 5]",0.245965,0.188223,0.005535,False
703172,5,2,"[1,1,1,2,2]","[2,1]","[[0],[0],[0],[0,1],[0,1]]",UNSAT,UNSAT,UNSAT,"[3, 4]",0.031022,0.04051,0.002369,False
703173,7,6,"[1,1,1,2,3,3,3]","[2,2,3,1,1,1]","[[0,1,2,3,4,5],[1,2,4,5],[0,3,4,5],[2,4,5],[0,1,2,3,4,5],[0,1,2,3,4,5],[1,2,4,5]]",UNSAT,UNSAT,UNSAT,"[3, 4, 5, 6]",0.481387,0.103736,0.006951,False
703174,1,4,[1],"[3,3,3,1]",[[1]],FEASIBLE,FEASIBLE,FEASIBLE,null,0.006301,0.012359,0.000647,False
703175,2,4,"[2,1]","[1,2,1,2]","[[0,1,2,3],[0,1,2,3]]",FEASIBLE,FEASIBLE,FEASIBLE,null,0.011301,0.022332,0.001473,False
703176,6,6,"[1,1,2,3,1,1]","[2,2,3,2,2,2]","[[0,5],[0,1,2,4,5],[0,4,5],[0,1,2,4,5],[5],[0,1,2,4]]",FEASIBLE,FEASIBLE,FEASIBLE,null,0.396963,0.102624,0.003118,False
703177,7,1,"[1,1,1,1,1,1,1]",[1],"[[0],[0],[0],[0],[0],[0],[0]]",UNSAT,UNSAT,UNSAT,"[0, 1]",0.014483,0.048223,0.001913,False
703178,3,2,"[1,1,1]","[2,3]","[[0],[1],[0]]",FEASIBLE,FEASIBLE,FEASIBLE,null,0.019026,0.025739,0.001076,False
703179,4,6,"[3,1,2,2]","[2,2,3,2,3,2]","[[1,2,3,5],[1,2,5],[0,2,3,5],[0,2,3,4,5]]",FEASIBLE,FEASIBLE,FEASIBLE,null,0.084278,0.047122,0.002822,False
703180,3,4,"[2,2,1]","[1,3,2,1]","[[1,2,3],[1,3],[3]]",UNSAT,UNSAT,UNSAT,"[1, 2]",0.024079,0.048835,0.001915,False
703181,4,7,"[2,3,2,2]","[2,2,3,3,2,2,1]","[[0,1,2,3,4],[0,1,2,3,4,5,6],[1,2],[0,1,2,3,4,5,6]]",FEASIBLE,FEASIBLE,FEASIBLE,null,0.100933,0.182434,0.003807,False
703182,6,4,"[1,2,2,2,1,1]","[3,1,1,2]","[[2,3],[0,1,2,3],[0,1,2],[1,2,3],[0,1,3],[3]]",UNSAT,UNSAT,UNSAT,"[0, 1, 2, 3]",0.175974,0.407559,0.004046,False
703183,6,5,"[1,1,2,1,1,1]","[3,2,1,3,1]","[[0,2],[0,2,4],[0,1],[3,4],[0,1,2,3,4],[0,1,2,3,4]]",FEASIBLE,FEASIBLE,FEASIBLE,null,0.955238,0.073297,0.002887,False
703184,2,5,"[1,1]","[3,3,1,2,1]","[[0],[0,1,4]]",FEASIBLE,FEASIBLE,FEASIBLE,null,0.02329,0.027045,0.00122,False
703185,1,4,[1],"[2,3,3,2]",[[1]],FEASIBLE,FEASIBLE,FEASIBLE,null,0.006816,0.016765,0.00061,False
703186,2,7,"[3,2]","[3,1,3,3,2,1,3]","[[0,1,3,6],[0,6]]",FEASIBLE,FEASIBLE,FEASIBLE,null,0.023919,0.036839,0.00141,False
703187,4,7,"[1,1,1,2]","[2,1,3,1,3,1,2]","[[1,2,3,4,5,6],[1,2,4,5,6],[3],[0,1,2,3,4,5,6]]",FEASIBLE,FEASIBLE,FEASIBLE,null,0.11859,0.055745,0.002764,False
703188,3,5,"[1,1,3]","[3,3,2,2,3]","[[1,2,3,4],[2,4],[0,1,2,3,4]]",FEASIBLE,FEASIBLE,FEASIBLE,null,0.046662,0.049056,0.001864,False
703189,4,3,"[1,1,1,1]","[3,2,3]","[[0],[0,1],[0,1],[1]]",FEASIBLE,FEASIBLE,FEASIBLE,null,0.05619,0.033269,0.001309,False
703190,2,7,"[1,1]","[1,1,3,3,1,2,2]","[[0,1,2],[0,1,2,3,4,6]]",FEASIBLE,FEASIBLE,FEASIBLE,null,0.022972,0.031847,0.001706,False
703191,6,4,"[1,1,3,3,1,3]","[1,2,3,2]","[[2],[0,1,2,3],[0,1,2],[0,1,2,3],[1],[0,1,2,3]]",UNSAT,UNSAT,UNSAT,"[2, 3, 4]",0.176769,0.094649,0.00427,False
703192,7,1,"[1,1,1,1,1,1,1]",[2],"[[0],[0],[0],[0],[0],[0],[0]]",UNSAT,UNSAT,UNSAT,"[0, 1, 2]",0.063206,0.067369,0.001862,False
703193,3,5,"[2,1,3]","[1,3,3,3,3]","[[0,1,2,3,4],[2,3,4],[1,2,3]]",FEASIBLE,FEASIBLE,FEASIBLE,null,0.049012,0.050861,0.001907,False
703194,4,7,"[1,2,1,1]","[1,3,3,3,1,2,3]","[[0,3,6],[0,1,2,3,4,5,6],[1],[0,1,2,4,5,6]]",FEASIBLE,FEASIBLE,FEASIBLE,null,0.139663,0.06049,0.002579,False
703195,6,7,"[1,2,1,1,2,1]","[1,3,2,2,2,3,2]","[[0,1,2,5,6],[3,6],[0,6],[3,4,6],[1,2],[2]]",FEASIBLE,FEASIBLE,FEASIBLE,null,0.53766,0.060512,0.002821,False
703196,4,2,"[1,1,1,1]","[2,2]","[[0],[0,1],[1],[1]]",FEASIBLE,FEASIBLE,FEASIBLE,null,0.044087,0.0311,0.001212,False
703197,1,5,[2],"[2,3,3,2,2]","[[0,1,2,3,4]]",FEASIBLE,FEASIBLE,FEASIBLE,null,0.007656,0.022305,0.00111,False
703198,2,2,"[1,1]","[1,2]","[[1],[0,1]]",FEASIBLE,FEASIBLE,FEASIBLE,null,0.01096,0.041607,0.00092,False
703199,1,3,[1],"[2,1,2]",[[1]],FEASIBLE,FEASIBLE,FEASIBLE,null,0.006895,0.015896,0.000633,False
703200,1,3,[2],"[3,2,3]","[[0,1,2]]",FEASIBLE,FEASIBLE,FEASIBLE,null,0.00659,0.021804,0.000806,False
703201,5,4,"[1,2,3,1,1]","[2,2,2,2]","[[0,1,3],[1,2],[0,1,2],[1],[0,1]]",UNSAT,UNSAT,UNSAT,"[1, 2, 3]",0.093274,0.077971,0.003497,False
703202,7,5,"[3,1,3,3,2,1,1]","[1,1,1,3,2]","[[1,3,4],[4],[0,1,2,3,4],[0,1,3],[0,1,2,3,4],[1,2,3,4],[3]]",UNSAT,UNSAT,UNSAT,"[0, 3]",0.048505,0.105504,0.005188,False
703203,6,7,"[1,1,3,3,3,2]","[1,3,2,3,3,2,2]","[[0,1],[0,4],[1,2,3,4],[2,4,5,6],[1,2,3,4,5],[2,4,5,6]]",FEASIBLE,FEASIBLE,FEASIBLE,null,0.505163,0.210723,0.003715,False
703204,3,5,"[2,3,1]","[3,2,2,3,2]","[[0,1,2,3,4],[0,2,3],[0,3]]",FEASIBLE,FEASIBLE,FEASIBLE,null,0.042104,0.043501,0.001819,False
703205,3,2,"[1,1,1]","[1,1]","[[0,1],[1],[0,1]]",UNSAT,UNSAT,UNSAT,"[0, 1, 2]",0.02718,0.042822,0.001871,False
703206,4,5,"[1,1,3,2]","[2,3,2,1,1]","[[0,1,2],[0,1,2,3,4],[2,3,4],[0,1,2]]",FEASIBLE,FEASIBLE,FEASIBLE,null,0.107812,0.056796,0.002456,False
703207,5,6,"[1,1,3,2,3]","[3,1,1,3,1,3]","[[1],[2,3],[0,1,2,4,5],[0,1,5],[2,3,4]]",UNSAT,UNSAT,UNSAT,"[0, 2, 4]",0.137138,0.095778,0.00453,False
703208,1,7,[2],"[2,2,1,2,3,2,3]","[[3,6]]",FEASIBLE,FEASIBLE,FEASIBLE,null,0.008606,0.022188,0.00097,False
703209,5,3,"[1,1,1,2,2]","[3,2,1]","[[1],[1,2],[0,1,2],[1,2],[0,1,2]]",UNSAT,UNSAT,UNSAT,"[0, 1, 3]",0.054746,0.051948,0.002815,False
703210,7,5,"[1,3,2,2,2,1,1]","[3,2,2,2,2]","[[3],[0,1,3,4],[0,2,3,4],[0,2,3,4],[0,1],[0,1,2,3,4],[0,1,2,3,4]]",UNSAT,UNSAT,UNSAT,"[0, 1, 2, 3, 4, 5, 6]",0.587147,0.248953,0.005578,False
703211,1,7,[3],"[2,3,3,2,3,3,1]","[[0,1,2,4]]",FEASIBLE,FEASIBLE,FEASIBLE,null,0.008205,0.022515,0.001171,False
703212,3,1,"[1,1,1]",[2],"[[0],[0],[0]]",UNSAT,UNSAT,UNSAT,"[0, 1, 2]",0.012247,0.029166,0.001412,False
703213,6,2,"[1,1,1,1,2,1]","[1,2]","[[0],[0],[0,1],[1],[0,1],[0]]",UNSAT,UNSAT,UNSAT,"[0, 1]",0.015508,0.053454,0.002632,False
703214,2,4,"[3,2]","[2,2,2,3]","[[0,1,2,3],[1,2]]",FEASIBLE,FEASIBLE,FEASIBLE,null,0.025876,0.125514,0.001314,False
703215,5,2,"[1,1,1,1,2]","[1,3]","[[1],[0],[0,1],[0],[0,1]]",UNSAT,UNSAT,UNSAT,"[1, 3]",0.042251,0.042352,0.002262,False
703216,4,2,"[2,1,1,1]","[2,2]","[[0,1],[0],[0],[0,1]]",UNSAT,UNSAT,UNSAT,"[0, 1, 2]",0.025142,0.037796,0.001957,False
703217,4,7,"[1,1,3,3]","[2,2,1,2,2,2,3]","[[0,1,2,3,4,5,6],[2,5],[1,2,3,4,5,6],[1,3,5,6]]",FEASIBLE,FEASIBLE,FEASIBLE,null,0.089962,0.048357,0.002958,False
703218,7,6,"[1,2,2,1,1,2,1]","[3,2,1,3,2,2]","[[0],[0,3,4,5],[1,4],[0,2,3,4,5],[1,5],[0,1,2,3,4],[0,1,2,3,4,5]]",FEASIBLE,FEASIBLE,FEASIBLE,null,0.695958,0.061474,0.003678,False
703219,5,1,"[1,1,1,1,1]",[1],"[[0],[0],[0],[0],[0]]",UNSAT,UNSAT,UNSAT,"[0, 1]",0.009995,0.034778,0.001654,False
703220,2,7,"[1,2]","[1,3,2,2,2,1,2]","[[5],[0,1,2,3,4,5,6]]",FEASIBLE,FEASIBLE,FEASIBLE,null,0.018354,0.026108,0.001593,False
703221,7,5,"[1,1,3,1,2,3,3]","[2,2,2,1,3]","[[0,1,2,3,4],[0,1,2,3,4],[0,1,3,4],[0,1,2,3],[0,1,2,3,4],[0,3,4],[0,1,2,3]]",UNSAT,UNSAT,UNSAT,"[2, 5, 6]",0.255162,0.092781,0.006441,False
703222,7,4,"[1,2,1,2,3,2,2]","[1,3,1,1]","[[0,3],[1,2,3],[0,1,2,3],[0,2],[0,1,2,3],[0,2],[0,1,3]]",UNSAT,UNSAT,UNSAT,"[3, 4]",0.091907,0.074316,0.004712,False
703223,6,6,"[1,2,1,1,1,1]","[3,3,1,3,1,3]","[[1,3,4],[0,4],[0],[0,2,3,5],[0,2,4],[0,1,2,4,5]]",FEASIBLE,FEASIBLE,FEASIBLE,null,0.351868,0.143722,0.002936,False
703224,1,4,[1],"[1,1,1,1]",[[0]],FEASIBLE,FEASIBLE,FEASIBLE,null,0.005252,0.012207,0.000605,False
703225,5,6,"[1,1,1,3,2]","[3,1,2,3,3,1]","[[0,1,2,3,4,5],[1],[0,1,2,4,5],[0,2,5],[0,1,2,3,4,5]]",FEASIBLE,FEASIBLE,FEASIBLE,null,0.157643,0.049448,0.003086,False
703226,2,5,"[2,1]","[2,3,3,2,2]","[[0,1,2,3,4],[0,1,2,3,4]]",FEASIBLE,FEASIBLE,FEASIBLE,null,0.014306,0.024826,0.001615,False
703227,2,1,"[1,1]",[1],"[[0],[0]]",UNSAT,UNSAT,UNSAT,"[0, 1]",0.006251,0.022068,0.001815,False
703228,7,4,"[3,3,2,1,2,3,2]","[3,3,1,1]","[[1,2,3],[0,2,3],[2,3],[1],[0,1,2,3],[0,2,3],[0,1,2]]",UNSAT,UNSAT,UNSAT,"[0, 1]",0.028025,0.072656,0.005082,False
703229,2,2,"[1,1]","[2,2]","[[0,1],[0]]",FEASIBLE,FEASIBLE,FEASIBLE,null,0.008274,0.016301,0.000885,False
703230,2,4,"[2,2]","[2,2,2,3]","[[0,2],[0,1,3]]",FEASIBLE,FEASIBLE,FEASIBLE,null,0.011482,0.022452,0.001368,False
703231,5,3,"[3,1,1,3,1]","[3,2,2]","[[0,1,2],[0],[0],[0,1,2],[0,1,2]]",UNSAT,UNSAT,UNSAT,"[0, 1, 2, 3]",0.072199,0.073356,0.003037,False
703232,6,3,"[1,1,1,2,2,1]","[2,2,1]","[[1,2],[0,2],[2],[0,2],[1,2],[1]]",UNSAT,UNSAT,UNSAT,"[2, 3]",0.043248,0.04973,0.003099,False
703233,3,1,"[1,1,1]",[2],"[[0],[0],[0]]",UNSAT,UNSAT,UNSAT,"[0, 1, 2]",0.011796,0.026847,0.001308,False
703234,2,7,"[1,3]","[2,2,2,1,2,2,3]","[[1],[1,5,6]]",FEASIBLE,FEASIBLE,FEASIBLE,null,0.01739,0.024105,0.001312,False
703235,5,1,"[1,1,1,1,1]",[2],"[[0],[0],[0],[0],[0]]",UNSAT,UNSAT,UNSAT,"[0, 1, 2]",0.02288,0.038909,0.001695,False
703236,7,1,"[1,1,1,1,1,1,1]",[3],"[[0],[0],[0],[0],[0],[0],[0]]",UNSAT,UNSAT,UNSAT,"[0, 1, 2, 3]",0.098848,0.129673,0.001843,False
703237,1,7,[2],"[1,2,3,3,3,3,2]","[[0,1,2,3,4,6]]",FEASIBLE,FEASIBLE,FEASIBLE,null,0.007124,0.020194,0.001214,False
703238,7,7,"[1,3,2,2,1,2,2]","[1,2,3,2,3,1,1]","[[1,2,3,4,5,6],[0,1,2,3,4,5,6],[0,2,4],[3,6],[3],[0,1,5],[0,1,2,3,4,5,6]]",FEASIBLE,FEASIBLE,FEASIBLE,null,0.790795,0.095688,0.005234,False
703239,3,1,"[1,1,1]",[3],"[[0],[0],[0]]",FEASIBLE,FEASIBLE,FEASIBLE,null,0.011567,0.018478,0.00088,False
703240,7,1,"[1,1,1,1,1,1,1]",[3],"[[0],[0],[0],[0],[0],[0],[0]]",UNSAT,UNSAT,UNSAT,"[0, 1, 2, 3]",0.388944,0.052816,0.001746,False
703241,2,3,"[2,2]","[3,2,1]","[[0,1,2],[0,1]]",FEASIBLE,FEASIBLE,FEASIBLE,null,0.010293,0.022693,0.001229,False
703242,1,2,[1],"[3,3]",[[0]],FEASIBLE,FEASIBLE,FEASIBLE,null,0.007175,0.012018,0.000597,False
703243,4,3,"[2,1,2,1]","[1,2,3]","[[0,1],[2],[0,2],[0,1,2]]",UNSAT,UNSAT,UNSAT,"[0, 2]",0.017374,0.041789,0.002311,False
703244,4,5,"[2,1,1,1]","[3,2,1,1,2]","[[0,2],[0,1,2,3,4],[1,2,4],[3]]",FEASIBLE,FEASIBLE,FEASIBLE,null,0.065548,0.037372,0.002033,False
703245,5,6,"[2,3,2,1,1]","[1,3,1,1,2,2]","[[0,1,3,4,5],[1,3,4],[0,2,3,4],[0,4],[0,1,2,3,4,5]]",FEASIBLE,FEASIBLE,FEASIBLE,null,0.445854,0.067563,0.003847,False
703246,4,2,"[1,1,2,1]","[1,2]","[[0,1],[0],[0,1],[0,1]]",UNSAT,UNSAT,UNSAT,"[1, 2]",0.017136,0.038078,0.002285,False
703247,7,7,"[3,1,2,2,3,3,1]","[2,1,1,3,1,3,3]","[[0,2,3,4,5,6],[0,3,4,5],[1,4],[1,5],[0,1,4,5,6],[2,3,4,5,6],[0]]",UNSAT,UNSAT,UNSAT,"[2, 3]",0.09624,0.1932,0.005791,False
703248,4,5,"[3,2,1,2]","[3,2,2,3,1]","[[0,1,2,3,4],[0,1,3],[0,1,2],[0,1,4]]",FEASIBLE,FEASIBLE,FEASIBLE,null,0.062518,0.051033,0.0048,False
703249,3,7,"[3,2,1]","[1,3,1,2,2,3,3]","[[0,1,2,3,4,5],[0,1,2,5,6],[3,5]]",FEASIBLE,FEASIBLE,FEASIBLE,null,0.038677,0.036932,0.002593,False
703250,5,1,"[1,1,1,1,1]",[2],"[[0],[0],[0],[0],[0]]",UNSAT,UNSAT,UNSAT,"[0, 1, 2]",0.022481,0.034208,0.002317,False
703251,7,2,"[1,1,1,1,1,1,1]","[1,2]","[[0],[0],[0],[0,1],[0],[0],[0,1]]",UNSAT,UNSAT,UNSAT,"[0, 1]",0.016291,0.044159,0.002796,False
703252,1,6,[2],"[1,1,2,3,1,3]","[[0,1,3,4,5]]",FEASIBLE,FEASIBLE,FEASIBLE,null,0.006045,0.018739,0.001229,False
703253,2,4,"[2,3]","[1,2,2,1]","[[0,1,2],[0,1,2,3]]",FEASIBLE,FEASIBLE,FEASIBLE,null,0.011362,0.026355,0.001447,False
703254,3,2,"[1,2,1]","[3,3]","[[0,1],[0,1],[0]]",FEASIBLE,FEASIBLE,FEASIBLE,null,0.015647,0.022072,0.00117,False
703255,7,7,"[1,1,1,1,2,3,3]","[3,3,3,1,2,1,2]","[[0,1,2,3,4,5],[0,1,2,3,4,5,6],[0,1,2,3,4,5,6],[0,3,5,6],[0,4,5],[2,4,5,6],[0,1,2,3,4,5,6]]",FEASIBLE,FEASIBLE,FEASIBLE,null,0.804463,0.076583,0.005557,False
703256,3,1,"[1,1,1]",[1],"[[0],[0],[0]]",UNSAT,UNSAT,UNSAT,"[0, 1]",0.007389,0.026509,0.001298,False
703257,7,3,"[2,1,2,2,3,1,1]","[1,1,2]","[[1,2],[0],[0,1,2],[0,1,2],[0,1,2],[0,2],[2]]",UNSAT,UNSAT,UNSAT,"[0, 4]",0.02877,0.066283,0.003936,False
703258,1,6,[2],"[3,2,1,1,3,3]","[[0,1,2,3,5]]",FEASIBLE,FEASIBLE,FEASIBLE,null,0.006172,0.110535,0.001134,False
703259,3,7,"[3,2,1]","[2,2,1,1,1,1,3]","[[0,1,2,4,5],[0,1,2,3,4,5,6],[0,1,2,3,4,5,6]]",FEASIBLE,FEASIBLE,FEASIBLE,null,0.040382,0.042017,0.002834,False
703260,5,1,"[1,1,1,1,1]",[3],"[[0],[0],[0],[0],[0]]",UNSAT,UNSAT,UNSAT,"[0, 1, 2, 3]",0.037218,0.035478,0.001685,False
703261,4,5,"[1,3,1,2]","[1,2,3,2,3]","[[1,2,3,4],[0,1,2,3,4],[4],[1,4]]",FEASIBLE,FEASIBLE,FEASIBLE,null,0.064161,0.046761,0.002611,False
703262,7,6,"[2,3,2,2,3,2,2]","[2,2,3,3,3,1]","[[2,4],[1,3,4,5],[0,1,2,3,4,5],[0,1,2,3,4],[0,1,3,4],[0,1,2,3,4,5],[1,4]]",UNSAT,UNSAT,UNSAT,"[0, 1, 2, 3, 4, 5, 6]",0.745935,0.126078,0.007557,False
703263,7,2,"[1,1,1,1,1,1,1]","[3,3]","[[1],[0],[0,1],[0],[1],[0],[0,1]]",UNSAT,UNSAT,UNSAT,"[0, 1, 2, 3, 4, 5, 6]",0.2778,0.050301,0.00286,False
703264,5,1,"[1,1,1,1,1]",[1],"[[0],[0],[0],[0],[0]]",UNSAT,UNSAT,UNSAT,"[0, 1]",0.009531,0.033658,0.001526,False
703265,7,7,"[3,1,1,3,1,2,1]","[1,3,1,3,3,3,3]","[[0,4,5,6],[2,3,4,5,6],[0,5],[0,1,2,3,5],[6],[0,1,2,3,4,5,6],[1,2]]",FEASIBLE,FEASIBLE,FEASIBLE,null,0.777195,0.065307,0.004034,False
703266,2,4,"[1,3]","[1,3,1,2]","[[1],[0,1,2,3]]",FEASIBLE,FEASIBLE,FEASIBLE,null,0.011908,0.023517,0.00133,False
703267,1,5,[2],"[2,1,2,3,3]","[[0,2,3,4]]",FEASIBLE,FEASIBLE,FEASIBLE,null,0.00526,0.016583,0.001059,False
703268,7,1,"[1,1,1,1,1,1,1]",[3],"[[0],[0],[0],[0],[0],[0],[0]]",UNSAT,UNSAT,UNSAT,"[0, 1, 2, 3]",0.086352,0.195717,0.002017,False
703269,1,7,[1],"[1,3,1,2,2,3,2]","[[2,3,5]]",FEASIBLE,FEASIBLE,FEASIBLE,null,0.007477,0.016149,0.001001,False
703270,3,2,"[1,2,1]","[1,3]","[[0,1],[0,1],[0,1]]",FEASIBLE,FEASIBLE,FEASIBLE,null,0.016939,0.204491,0.001605,False
703271,6,3,"[1,2,1,1,3,1]","[1,3,2]","[[0,1],[0,1],[1],[1,2],[0,1,2],[2]]",UNSAT,UNSAT,UNSAT,"[1, 4]",0.046199,0.057759,0.00336,False
703272,6,7,"[1,2,1,1,1,2]","[3,2,2,2,3,1,1]","[[0,1,2,3,4,6],[2,3,6],[0,1,2,4],[0,2,6],[2,6],[4,6]]",FEASIBLE,FEASIBLE,FEASIBLE,null,0.371566,0.049165,0.003073,False
703273,6,3,"[1,1,1,1,2,1]","[1,3,3]","[[0,1],[0],[1,2],[1,2],[0,1],[2]]",UNSAT,UNSAT,UNSAT,"[1, 4]",0.037618,0.060302,0.00334,False
703274,5,5,"[1,3,2,2,1]","[2,1,2,3,1]","[[0],[0,1,3],[0,2,4],[1,2,3],[0,4]]",UNSAT,UNSAT,UNSAT,"[0, 1, 2, 4]",0.117176,0.191064,0.003434,False
703275,6,5,"[1,2,3,1,2,2]","[2,1,3,2,1]","[[0,1,2,3,4],[0,1,2,3,4],[0,2,3],[2,3],[0,1,3,4],[0,1,2,3,4]]",UNSAT,UNSAT,UNSAT,"[0, 1, 2, 4, 5]",0.266237,0.095959,0.005408,False
703276,6,5,"[3,1,1,2,1,1]","[2,3,2,1,2]","[[0,1,2,3],[2],[2,4],[0,1,2,3,4],[4],[3]]",FEASIBLE,FEASIBLE,FEASIBLE,null,0.298659,0.0522,0.002591,False
703277,6,6,"[3,1,1,1,3,2]","[3,1,3,1,2,1]","[[1,2,3,4],[0,2,4],[0,1,2,3,4,5],[5],[2,3,4],[0,1]]",UNSAT,UNSAT,UNSAT,"[0, 4, 5]",0.154028,0.083557,0.005075,False
703278,5,4,"[2,1,1,2,1]","[2,2,1,1]","[[0,1,2,3],[1],[0,1,2,3],[0,2],[3]]",UNSAT,UNSAT,UNSAT,"[0, 1, 2, 3, 4]",0.114292,0.156107,0.003224,False
703279,3,3,"[2,1,1]","[3,1,1]","[[0,2],[0],[1]]",FEASIBLE,FEASIBLE,FEASIBLE,null,0.022021,0.023568,0.001251,False
703280,4,5,"[2,1,1,2]","[3,2,1,3,2]","[[0,1,3],[2],[1],[0,1]]",FEASIBLE,FEASIBLE,FEASIBLE,null,0.067898,0.04235,0.002137,False
703281,2,5,"[3,1]","[2,1,1,2,3]","[[1,2,3,4],[0,3,4]]",FEASIBLE,FEASIBLE,FEASIBLE,null,0.014871,0.026314,0.001541,False
703282,1,7,[1],"[3,1,3,2,2,1,3]","[[0,1,2,3,4,5,6]]",FEASIBLE,FEASIBLE,FEASIBLE,null,0.007274,0.019596,0.001276,False
703283,1,3,[1],"[3,3,3]","[[0,1,2]]",FEASIBLE,FEASIBLE,FEASIBLE,null,0.005384,0.013386,0.000803,False
703284,5,5,"[3,1,1,1,1]","[2,2,2,3,3]","[[0,1,2,3,4],[1,2,4],[0,3],[0,1,2,3,4],[0,1,2,3,4]]",FEASIBLE,FEASIBLE,FEASIBLE,null,0.140536,0.049423,0.003046,False
703285,3,5,"[1,2,1]","[1,2,2,1,1]","[[1,3],[0,3],[3]]",UNSAT,UNSAT,UNSAT,"[1, 2]",0.026442,0.034502,0.002025,False
703286,6,4,"[3,1,3,2,1,3]","[1,2,3,1]","[[0,1,2,3],[1,3],[0,1,2,3],[0,1,2],[0],[0,1,2,3]]",UNSAT,UNSAT,UNSAT,"[0, 1, 2]",0.07711,0.071393,0.004488,False
703287,3,7,"[2,3,2]","[3,2,3,2,3,1,1]","[[0,2],[3,5,6],[0,1,2,3,4,5,6]]",FEASIBLE,FEASIBLE,FEASIBLE,null,0.055618,0.040965,0.002297,False
703288,6,1,"[1,1,1,1,1,1]",[1],"[[0],[0],[0],[0],[0],[0]]",UNSAT,UNSAT,UNSAT,"[0, 1]",0.01144,0.039837,0.001821,False
703289,1,7,[1],"[3,2,3,1,2,2,3]",[[3]],FEASIBLE,FEASIBLE,FEASIBLE,null,0.007112,0.018665,0.000826,False
703290,3,1,"[1,1,1]",[3],"[[0],[0],[0]]",FEASIBLE,FEASIBLE,FEASIBLE,null,0.012315,0.019647,0.000804,False
703291,5,4,"[1,1,3,2,3]","[1,2,3,2]","[[3],[3],[0,1,2,3],[0,1,2,3],[0,1,3]]",UNSAT,UNSAT,UNSAT,"[0, 1, 4]",0.157015,0.061313,0.003411,False
703292,3,3,"[2,2,1]","[2,2,2]","[[0,2],[0,2],[1]]",FEASIBLE,FEASIBLE,FEASIBLE,null,0.024151,0.027534,0.001329,False
703293,7,7,"[2,2,1,1,3,3,2]","[2,1,1,1,1,3,2]","[[0,4,6],[0,3],[2,3,6],[0,1,2,3,4],[2,3,4,5,6],[1,3,4],[2,3,4,5,6]]",UNSAT,UNSAT,UNSAT,"[1, 5]",0.096906,0.0934,0.005962,False
703294,5,7,"[1,2,2,1,1]","[3,1,2,3,1,3,2]","[[4,6],[0,5],[0,1,3,4],[2,3],[6]]",FEASIBLE,FEASIBLE,FEASIBLE,null,0.194714,0.041452,0.002347,False
703295,3,4,"[1,1,2]","[1,1,3,1]","[[0,1,2,3],[2],[0,1,2,3]]",FEASIBLE,FEASIBLE,FEASIBLE,null,0.02712,0.029568,0.001618,False
703296,3,7,"[2,3,2]","[3,2,1,3,1,3,2]","[[1,4,5],[1,3,4,6],[0,1,5]]",FEASIBLE,FEASIBLE,FEASIBLE,null,0.041711,0.039116,0.001998,False
703297,3,5,"[1,1,1]","[3,2,1,2,2]","[[1],[3],[0,1,2,3,4]]",FEASIBLE,FEASIBLE,FEASIBLE,null,0.030728,0.025153,0.001477,False
703298,7,3,"[1,1,1,1,1,1,1]","[2,1,3]","[[0,1],[1],[1],[0],[0,1,2],[0,1,2],[0,1,2]]",UNSAT,UNSAT,UNSAT,"[1, 2]",0.039047,0.057454,0.003145,False
703299,7,6,"[2,1,1,1,1,3,1]","[2,3,1,3,3,1]","[[0,2],[1,5],[1,2,3],[3,4,5],[0,1,3,4],[0,1,2,4],[4]]",FEASIBLE,FEASIBLE,FEASIBLE,null,0.735768,0.082975,0.004066,False
703300,3,1,"[1,1,1]",[2],"[[0],[0],[0]]",UNSAT,UNSAT,UNSAT,"[0, 1, 2]",0.012591,0.030108,0.001202,False
703301,2,2,"[1,1]","[2,3]","[[0],[1]]",FEASIBLE,FEASIBLE,FEASIBLE,null,0.008415,0.10879,0.000801,False
703302,1,6,[2],"[2,3,1,3,1,2]","[[0,1,2,3,4,5]]",FEASIBLE,FEASIBLE,FEASIBLE,null,0.006847,0.02216,0.001126,False
703303,4,5,"[1,2,2,3]","[1,2,3,2,1]","[[0,1,2,3,4],[0,1,2,3],[0,1,2,3,4],[1,2,3,4]]",FEASIBLE,FEASIBLE,FEASIBLE,null,0.068609,0.048285,0.00274,False
703304,2,6,"[3,2]","[3,2,2,3,2,3]","[[0,1,2,4,5],[1,2,3,5]]",FEASIBLE,FEASIBLE,FEASIBLE,null,0.017292,0.030271,0.001669,False
703305,2,4,"[1,2]","[1,3,2,2]","[[0,1,2,3],[1,2,3]]",FEASIBLE,FEASIBLE,FEASIBLE,null,0.012572,0.022685,0.001265,False
703306,3,6,"[1,2,1]","[2,1,3,1,1,3]","[[1],[1,2,3,4],[4]]",FEASIBLE,FEASIBLE,FEASIBLE,null,0.205557,0.034395,0.001528,False
703307,1,2,[2],"[2,3]","[[0,1]]",FEASIBLE,FEASIBLE,FEASIBLE,null,0.003907,0.014741,0.000697,False
703308,6,2,"[2,1,1,1,1,1]","[3,1]","[[0,1],[0,1],[0,1],[1],[0,1],[0,1]]",UNSAT,UNSAT,UNSAT,"[0, 3]",0.020342,0.052385,0.002913,False
703309,1,1,[1],[3],[[0]],FEASIBLE,FEASIBLE,FEASIBLE,null,0.003371,0.011518,0.000503,False
703310,3,5,"[3,2,2]","[3,1,2,1,1]","[[0,1,2,3,4],[0,2,3],[0,1,2,3,4]]",FEASIBLE,FEASIBLE,FEASIBLE,null,0.031623,0.040363,0.002172,False
703311,4,7,"[3,1,2,3]","[3,1,1,3,3,2,1]","[[0,1,2,3,4,6],[1,2,3,4,5,6],[0,1,3,4,5],[0,2,4,5,6]]",FEASIBLE,FEASIBLE,FEASIBLE,null,0.090774,0.054641,0.003184,False
703312,6,7,"[2,1,1,1,2,3]","[3,2,1,3,1,2,1]","[[1,3,4,5,6],[0,1,2,3,4,5,6],[0,2,4],[1,3],[1,2,3,4,6],[1,3,4,5]]",FEASIBLE,FEASIBLE,FEASIBLE,null,0.617447,0.128018,0.003664,False
703313,2,4,"[1,2]","[3,1,3,1]","[[2,3],[0,1,2,3]]",FEASIBLE,FEASIBLE,FEASIBLE,null,0.016716,0.13338,0.001245,False
703314,1,2,[1],"[3,2]",[[0]],FEASIBLE,FEASIBLE,FEASIBLE,null,0.004442,0.011673,0.000627,False
703315,2,3,"[3,1]","[2,3,1]","[[0,1,2],[2]]",UNSAT,UNSAT,UNSAT,"[0, 1]",0.010767,0.034025,0.001675,False
703316,4,1,"[1,1,1,1]",[1],"[[0],[0],[0],[0]]",UNSAT,UNSAT,UNSAT,"[0, 1]",0.008911,0.033185,0.001407,False
703317,1,2,[1],"[3,1]",[[0]],FEASIBLE,FEASIBLE,FEASIBLE,null,0.003772,0.011736,0.000627,False
703318,4,6,"[2,3,2,3]","[1,1,3,2,2,1]","[[0,4],[0,3,5],[1,5],[2,3,4,5]]",UNSAT,UNSAT,UNSAT,"[0, 1]",0.025404,0.057278,0.003262,False
703319,3,5,"[2,2,2]","[2,2,1,2,2]","[[1,3],[2,4],[0,1,2,3,4]]",FEASIBLE,FEASIBLE,FEASIBLE,null,0.032132,0.034646,0.001865,False
703320,4,7,"[2,1,3,3]","[3,3,2,3,3,2,1]","[[1,2,6],[5],[0,1,2,3,5,6],[1,2,5,6]]",FEASIBLE,FEASIBLE,FEASIBLE,null,0.088921,0.047817,0.002599,False
703321,3,7,"[1,2,2]","[2,1,3,2,2,2,1]","[[6],[0,1,2,4,5],[1,2,4,6]]",FEASIBLE,FEASIBLE,FEASIBLE,null,0.0411,0.034267,0.001973,False
703322,4,6,"[2,1,3,1]","[1,3,2,1,1,2]","[[0,1,2,3,4,5],[0,1,4],[1,2,3],[1,3]]",FEASIBLE,FEASIBLE,FEASIBLE,null,0.078109,0.053421,0.003086,False
703323,4,1,"[1,1,1,1]",[2],"[[0],[0],[0],[0]]",UNSAT,UNSAT,UNSAT,"[0, 1, 2]",0.017671,0.034563,0.001524,False
703324,5,5,"[2,3,1,2,3]","[3,3,2,3,2]","[[0,2,3,4],[0,1,4],[0,2,3,4],[0,1,2,3,4],[0,1,2,3,4]]",FEASIBLE,FEASIBLE,FEASIBLE,null,0.139969,0.061366,0.003244,False
703325,1,6,[2],"[2,2,1,2,3,1]","[[2,3,4,5]]",FEASIBLE,FEASIBLE,FEASIBLE,null,0.006797,0.02076,0.001086,False
703326,1,1,[1],[1],[[0]],FEASIBLE,FEASIBLE,FEASIBLE,null,0.003101,0.119763,0.00047,False
703327,6,3,"[1,1,1,1,2,1]","[3,3,1]","[[0,1,2],[0,2],[0],[0],[0,1,2],[2]]",UNSAT,UNSAT,UNSAT,"[1, 2, 3, 4, 5]",0.191514,0.068242,0.003543,False
703328,3,3,"[1,2,1]","[3,2,3]","[[0,1,2],[1,2],[1,2]]",FEASIBLE,FEASIBLE,FEASIBLE,null,0.022249,0.026677,0.001389,False
703329,5,7,"[2,1,1,1,1]","[3,3,1,3,2,2,3]","[[1,2,5],[1,2,5,6],[4],[2,6],[3,4,5,6]]",FEASIBLE,FEASIBLE,FEASIBLE,null,0.187341,0.042178,0.002543,False
703330,5,5,"[3,1,3,1,1]","[3,3,1,3,2]","[[1,3,4],[1],[1,2,3,4],[1],[2]]",UNSAT,UNSAT,UNSAT,"[0, 1, 2, 3, 4]",0.142458,0.071863,0.003681,False
703331,1,1,[1],[1],[[0]],FEASIBLE,FEASIBLE,FEASIBLE,null,0.003234,0.011525,0.00048,False
703332,1,6,[1],"[2,1,3,1,2,3]","[[0,1,2,5]]",FEASIBLE,FEASIBLE,FEASIBLE,null,0.006102,0.016069,0.001026,False
703333,1,1,[1],[3],[[0]],FEASIBLE,FEASIBLE,FEASIBLE,null,0.002792,0.009931,0.000486,False
703334,2,7,"[1,2]","[3,2,3,3,3,1,3]","[[0,1,2,3,4,5,6],[0,2,4]]",FEASIBLE,FEASIBLE,FEASIBLE,null,0.018692,0.027415,0.001713,False
703335,4,5,"[3,1,1,2]","[2,3,3,3,3]","[[0,1,2,3,4],[2,4],[0],[0,1,2,3,4]]",FEASIBLE,FEASIBLE,FEASIBLE,null,0.066706,0.039946,0.002285,False
703336,4,5,"[1,1,1,1]","[3,1,1,2,2]","[[0,1,4],[0,4],[0,1,2,3,4],[0]]",FEASIBLE,FEASIBLE,FEASIBLE,null,0.06565,0.041138,0.002187,False
703337,1,2,[1],"[2,2]",[[1]],FEASIBLE,FEASIBLE,FEASIBLE,null,0.003947,0.011884,0.000585,False
703338,2,7,"[1,2]","[1,2,1,2,3,2,2]","[[0,4,6],[0,1,2,3,4,5]]",FEASIBLE,FEASIBLE,FEASIBLE,null,0.018238,0.027581,0.001756,False
703339,5,7,"[1,3,3,3,2]","[3,3,3,2,2,2,3]","[[5],[0,1,2,3,4,5,6],[1,2,3,4,5,6],[1,2,3],[0,1,2,3,4,6]]",FEASIBLE,FEASIBLE,FEASIBLE,null,0.195807,0.158093,0.0037,False
703340,3,5,"[2,2,1]","[1,3,2,2,1]","[[0,3],[0,1,4],[0,1,2,3,4]]",FEASIBLE,FEASIBLE,FEASIBLE,null,0.032979,0.035977,0.001772,False
703341,3,4,"[2,1,2]","[3,1,3,2]","[[0,2],[1],[0,1,2,3]]",FEASIBLE,FEASIBLE,FEASIBLE,null,0.027362,0.030404,0.001555,False
703342,7,4,"[2,1,3,3,2,1,1]","[3,2,2,2]","[[0,1,2,3],[1],[0,1,2,3],[0,1,3],[0,1,3],[3],[3]]",UNSAT,UNSAT,UNSAT,"[3, 5, 6]",0.227309,0.102509,0.00525,False
703343,5,2,"[1,1,2,1,1]","[2,2]","[[0,1],[0],[0,1],[1],[0]]",UNSAT,UNSAT,UNSAT,"[1, 2, 4]",0.050616,0.045282,0.002451,False
703344,2,4,"[2,3]","[3,2,3,3]","[[0,1,2,3],[0,1,3]]",FEASIBLE,FEASIBLE,FEASIBLE,null,0.012701,0.028166,0.001415,False
703345,7,5,"[1,1,2,1,1,3,3]","[3,2,1,3,3]","[[1,2],[2],[0,1,2,3,4],[0,2,4],[1,3,4],[0,2,4],[0,2,4]]",UNSAT,UNSAT,UNSAT,"[1, 5]",0.070637,0.093203,0.005076,False
703346,2,6,"[3,2]","[2,1,3,3,3,2]","[[0,1,3,5],[0,1,3,4,5]]",FEASIBLE,FEASIBLE,FEASIBLE,null,0.016556,0.032198,0.001714,False
703347,1,5,[2],"[3,1,2,1,1]","[[0,1,2,3,4]]",FEASIBLE,FEASIBLE,FEASIBLE,null,0.00579,0.018957,0.00107,False
703348,1,5,[1],"[3,2,2,1,1]","[[0,3]]",FEASIBLE,FEASIBLE,FEASIBLE,null,0.005866,0.013813,0.000734,False
703349,5,4,"[1,2,1,1,1]","[1,1,2,3]","[[2],[0,1,2,3],[0,3],[0,2],[0,2,3]]",FEASIBLE,FEASIBLE,FEASIBLE,null,0.116163,0.082846,0.002066,False
703350,1,2,[1],"[3,2]",[[0]],FEASIBLE,FEASIBLE,FEASIBLE,null,0.00442,0.013352,0.000556,False
703351,1,4,[1],"[3,2,3,3]","[[0,1,2,3]]",FEASIBLE,FEASIBLE,FEASIBLE,null,0.094779,0.01575,0.000891,False
703352,6,6,"[1,1,2,1,1,1]","[2,3,1,3,2,3]","[[2],[0,1,2,3,5],[3,4,5],[4],[0,1,2,5],[0,1,2,3]]",FEASIBLE,FEASIBLE,FEASIBLE,null,0.374041,0.050228,0.002888,False
703353,4,7,"[2,1,3,2]","[3,3,1,2,1,3,1]","[[0,1,2,3,4,5,6],[6],[0,2,3,4,5],[1,4,5,6]]",FEASIBLE,FEASIBLE,FEASIBLE,null,0.094897,0.047595,0.0028,False
703354,6,3,"[1,1,2,2,1,2]","[3,2,2]","[[0],[1,2],[0,2],[1,2],[2],[0,1,2]]",UNSAT,UNSAT,UNSAT,"[2, 3, 4]",0.114681,0.059882,0.003273,False
703355,4,2,"[2,2,2,1]","[2,1]","[[0,1],[0,1],[0,1],[0]]",UNSAT,UNSAT,UNSAT,"[0, 1]",0.012753,0.043129,0.002183,False
703356,2,6,"[1,2]","[3,1,1,1,2,2]","[[0,1,2,4],[1,3,5]]",FEASIBLE,FEASIBLE,FEASIBLE,null,0.017018,0.026164,0.001414,False
703357,2,1,"[1,1]",[2],"[[0],[0]]",FEASIBLE,FEASIBLE,FEASIBLE,null,0.006649,0.015636,0.000674,False
703358,7,7,"[1,1,2,3,2,2,2]","[2,2,1,3,3,1,3]","[[2],[3],[0,1,2,3,4,5],[0,1,2,3,5,6],[1,2,4,6],[0,4],[3,5]]",FEASIBLE,FEASIBLE,FEASIBLE,null,0.861836,0.094437,0.004559,False
703359,7,2,"[1,1,1,2,1,1,2]","[3,2]","[[0],[1],[0,1],[0,1],[1],[0,1],[0,1]]",UNSAT,UNSAT,UNSAT,"[1, 3, 4]",0.109692,0.059155,0.003101,False
703360,6,1,"[1,1,1,1,1,1]",[2],"[[0],[0],[0],[0],[0],[0]]",UNSAT,UNSAT,UNSAT,"[0, 1, 2]",0.034058,0.043431,0.001775,False
703361,7,4,"[1,2,1,1,3,2,1]","[1,2,1,1]","[[0,1,2,3],[0,1],[0,1,2,3],[1],[0,1,2,3],[0,1],[0,2]]",UNSAT,UNSAT,UNSAT,"[1, 5]",0.060924,0.17016,0.004586,False
703362,1,5,[1],"[1,1,2,1,3]",[[3]],FEASIBLE,FEASIBLE,FEASIBLE,null,0.006137,0.014728,0.000699,False
703363,1,3,[1],"[2,3,1]","[[0,1,2]]",FEASIBLE,FEASIBLE,FEASIBLE,null,0.004304,0.013895,0.000807,False
703364,4,2,"[2,1,2,1]","[2,2]","[[0,1],[0,1],[0,1],[0]]",UNSAT,UNSAT,UNSAT,"[0, 1, 2]",0.025465,0.042479,0.002116,False
703365,1,6,[2],"[2,1,3,1,2,3]","[[0,3,5]]",FEASIBLE,FEASIBLE,FEASIBLE,null,0.006576,0.019717,0.001004,False
703366,1,5,[1],"[2,3,3,3,2]",[[1]],FEASIBLE,FEASIBLE,FEASIBLE,null,0.006023,0.01349,0.000669,False
703367,2,7,"[2,2]","[3,1,2,3,1,1,2]","[[2,6],[1,2,3,4]]",FEASIBLE,FEASIBLE,FEASIBLE,null,0.018921,0.027316,0.00152,False
703368,3,5,"[1,1,3]","[1,3,3,1,1]","[[1,4],[0,3],[0,1,2,3,4]]",FEASIBLE,FEASIBLE,FEASIBLE,null,0.032295,0.032994,0.001736,False
703369,4,6,"[1,2,1,1]","[2,1,1,1,3,2]","[[0,2,3,5],[2,3,4],[1,4],[1,2,3,4]]",FEASIBLE,FEASIBLE,FEASIBLE,null,0.080633,0.039637,0.002204,False
703370,4,7,"[1,1,1,1]","[1,2,1,1,1,3,2]","[[5,6],[2],[0,3,4],[0]]",FEASIBLE,FEASIBLE,FEASIBLE,null,0.089578,0.040258,0.002049,False
703371,1,1,[1],[2],[[0]],FEASIBLE,FEASIBLE,FEASIBLE,null,0.003533,0.010841,0.000436,False
703372,6,5,"[1,1,2,3,1,1]","[2,3,1,2,1]","[[0],[0,4],[0,1,2],[0,2,3,4],[0,1,2,3,4],[0,2]]",UNSAT,UNSAT,UNSAT,"[0, 1, 2, 3]",0.187214,0.070082,0.00519,False
703373,5,1,"[1,1,1,1,1]",[2],"[[0],[0],[0],[0],[0]]",UNSAT,UNSAT,UNSAT,"[0, 1, 2]",0.026036,0.038123,0.001827,False
703374,7,7,"[1,3,3,2,2,1,3]","[1,1,3,3,2,3,2]","[[0],[2,3,5],[0,1,2,3,4,6],[1,2,4,5,6],[0,6],[6],[0,1,3,4,5]]",UNSAT,UNSAT,UNSAT,"[0, 4]",0.083615,0.180165,0.004664,False
703375,4,2,"[1,1,1,2]","[3,1]","[[0],[1],[1],[0,1]]",UNSAT,UNSAT,UNSAT,"[1, 2]",0.019871,0.038852,0.00203,False
703376,1,3,[2],"[3,1,2]","[[1,2]]",FEASIBLE,FEASIBLE,FEASIBLE,null,0.005031,0.016228,0.000832,False
703377,1,2,[1],"[3,1]","[[0,1]]",FEASIBLE,FEASIBLE,FEASIBLE,null,0.003921,0.012215,0.000628,False
703378,4,6,"[2,2,1,3]","[1,2,3,1,2,1]","[[0,2,3,4,5],[1,2,3,4],[1,2],[0,1,2,3,4,5]]",FEASIBLE,FEASIBLE,FEASIBLE,null,0.081591,0.048473,0.00285,False
703379,6,7,"[2,3,1,3,2,3]","[3,2,1,2,3,2,2]","[[0,2,6],[1,3,4,5],[1,2,3,4],[0,1,2,3,5],[2,5],[0,2,4,5]]",FEASIBLE,FEASIBLE,FEASIBLE,null,0.40817,0.119503,0.005545,False
703380,2,3,"[3,1]","[3,3,2]","[[0,1,2],[0,1,2]]",FEASIBLE,FEASIBLE,FEASIBLE,null,0.011066,0.025123,0.001236,False
703381,4,4,"[1,1,1,3]","[1,3,1,1]","[[0,1,2,3],[0,1,2,3],[0,2,3],[0,1,3]]",FEASIBLE,FEASIBLE,FEASIBLE,null,0.058341,0.053989,0.002823,False
703382,7,5,"[1,1,1,1,1,3,1]","[2,2,2,1,3]","[[1,4],[4],[0,1,2],[0,1,2,3,4],[1,2,3],[1,2,4],[2]]",FEASIBLE,FEASIBLE,FEASIBLE,null,0.644164,0.083195,0.003565,False
703383,1,2,[1],"[3,1]",[[0]],FEASIBLE,FEASIBLE,FEASIBLE,null,0.025319,0.020215,0.000586,False
703384,7,4,"[1,1,2,3,2,1,1]","[2,3,3,2]","[[0],[2],[0,1,2],[1,2,3],[0,1],[0,1,2,3],[3]]",UNSAT,UNSAT,UNSAT,"[0, 1, 2, 3, 4, 5, 6]",0.515432,0.077063,0.004273,False
703385,5,7,"[3,3,3,2,1]","[2,1,2,2,3,2,3]","[[0,1,3,5],[0,1,2,3,4,5,6],[0,1,2,3,4,6],[1,2,3],[2]]",FEASIBLE,FEASIBLE,FEASIBLE,null,0.229825,0.204788,0.005212,False
703386,4,4,"[2,2,1,1]","[3,3,1,2]","[[2,3],[1,2,3],[0,1,2,3],[0,1,2,3]]",FEASIBLE,FEASIBLE,FEASIBLE,null,0.061194,0.040003,0.00203,False
703387,1,5,[1],"[1,2,1,2,3]","[[0,1,2,3,4]]",FEASIBLE,FEASIBLE,FEASIBLE,null,0.006175,0.017746,0.001009,False
703388,5,4,"[2,1,1,1,1]","[3,2,3,3]","[[0,1],[0,1,2,3],[3],[1],[2,3]]",FEASIBLE,FEASIBLE,FEASIBLE,null,0.119805,0.037494,0.001863,False
703389,4,7,"[1,1,2,1]","[1,2,3,3,3,2,1]","[[6],[0,6],[0,1,2,3,4,5,6],[0,1,2,3,4,5,6]]",FEASIBLE,FEASIBLE,FEASIBLE,null,0.105547,0.044091,0.002693,False
703390,5,5,"[2,2,2,3,1]","[1,2,1,1,1]","[[0,4],[0,1,2,3,4],[0,1,3],[0,1,3,4],[0,2]]",UNSAT,UNSAT,UNSAT,"[0, 3]",0.034723,0.06965,0.00477,False
703391,4,1,"[1,1,1,1]",[3],"[[0],[0],[0],[0]]",UNSAT,UNSAT,UNSAT,"[0, 1, 2, 3]",0.04166,0.037179,0.002173,False
703392,4,3,"[1,2,1,1]","[2,2,1]","[[2],[0,1,2],[0,2],[2]]",UNSAT,UNSAT,UNSAT,"[0, 3]",0.021734,0.039052,0.002694,False
703393,5,7,"[2,1,1,3,2]","[2,1,2,2,3,1,3]","[[0,1,2,3,4,5,6],[3,4,6],[6],[1,2,5,6],[0,1,2,3,4,5,6]]",FEASIBLE,FEASIBLE,FEASIBLE,null,0.193258,0.057718,0.003258,False
703394,6,4,"[1,1,2,1,1,1]","[1,3,1,2]","[[0,1,2,3],[0,1,2,3],[0,1,2,3],[1,2],[1,2],[2]]",FEASIBLE,FEASIBLE,FEASIBLE,null,0.246591,0.070161,0.003397,False
703395,3,3,"[3,1,1]","[3,2,2]","[[0,1,2],[0,1],[0]]",FEASIBLE,FEASIBLE,FEASIBLE,null,0.022646,0.12372,0.001317,False
703396,6,3,"[1,1,2,1,3,3]","[1,3,1]","[[2],[0,1,2],[0,1,2],[0],[0,1,2],[0,1,2]]",UNSAT,UNSAT,UNSAT,"[0, 4]",0.029422,0.063137,0.003633,False
703397,5,7,"[2,2,2,2,3]","[3,1,3,1,1,3,3]","[[1,2,4,6],[1,6],[1,2,3,4,5,6],[1,4,5],[0,3,5,6]]",FEASIBLE,FEASIBLE,FEASIBLE,null,0.197203,0.081777,0.004147,False
703398,1,2,[1],"[2,2]",[[0]],FEASIBLE,FEASIBLE,FEASIBLE,null,0.004116,0.011731,0.000569,False
703399,4,2,"[1,1,1,1]","[3,2]","[[1],[0],[0],[0]]",FEASIBLE,FEASIBLE,FEASIBLE,null,0.035885,0.024782,0.001203,False
703400,4,7,"[2,1,1,3]","[3,3,1,1,2,3,1]","[[3,5],[3],[3],[0,1,2,4,6]]",UNSAT,UNSAT,UNSAT,"[0, 1]",0.034384,0.063045,0.002543,False
703401,3,3,"[1,2,2]","[1,2,1]","[[0,1,2],[0,2],[0,1,2]]",UNSAT,UNSAT,UNSAT,"[1, 2]",0.032271,0.060198,0.002757,False
703402,4,2,"[1,1,1,1]","[1,2]","[[0],[0],[0,1],[0,1]]",UNSAT,UNSAT,UNSAT,"[0, 1]",0.013652,0.03961,0.002022,False
703403,6,6,"[2,3,2,1,1,1]","[2,3,2,3,3,3]","[[1,3,4,5],[0,1,2,3,4,5],[2,3],[5],[5],[2]]",FEASIBLE,FEASIBLE,FEASIBLE,null,0.342907,0.068288,0.003459,False
703404,1,5,[3],"[2,3,3,1,2]","[[0,1,2,3]]",FEASIBLE,FEASIBLE,FEASIBLE,null,0.005943,0.022042,0.001098,False
703405,5,2,"[2,1,2,2,2]","[1,2]","[[0,1],[1],[0,1],[0,1],[0,1]]",UNSAT,UNSAT,UNSAT,"[0, 2]",0.01667,0.046629,0.002527,False
703406,5,3,"[3,1,1,2,3]","[1,3,3]","[[0,1,2],[2],[1],[0,1,2],[0,1,2]]",UNSAT,UNSAT,UNSAT,"[0, 4]",0.026415,0.058429,0.002977,False
703407,6,5,"[2,1,2,2,1,1]","[1,3,2,1,1]","[[0,1,2,4],[0,1,2,3,4],[0,2],[0,1,2,4],[1,4],[3]]",UNSAT,UNSAT,UNSAT,"[0, 1, 2, 3, 4, 5]",0.29194,0.225421,0.004552,False
703408,6,5,"[2,1,2,1,1,2]","[3,3,1,2,3]","[[0,1,2,3,4],[0,1,2,3,4],[3,4],[1,3],[1],[1,3,4]]",FEASIBLE,FEASIBLE,FEASIBLE,null,0.294567,0.05372,0.002833,False
703409,2,4,"[1,1]","[1,3,2,1]","[[0,1,2,3],[1]]",FEASIBLE,FEASIBLE,FEASIBLE,null,0.012523,0.020001,0.001144,False
703410,2,5,"[3,1]","[3,1,3,2,1]","[[0,3,4],[2]]",FEASIBLE,FEASIBLE,FEASIBLE,null,0.014165,0.023958,0.001181,False
703411,1,4,[1],"[1,1,2,2]",[[1]],FEASIBLE,FEASIBLE,FEASIBLE,null,0.008656,0.012975,0.000632,False
703412,3,4,"[1,2,1]","[1,3,2,3]","[[3],[0,1,2,3],[2]]",FEASIBLE,FEASIBLE,FEASIBLE,null,0.027503,0.027612,0.001396,False
703413,5,2,"[1,1,1,1,1]","[1,3]","[[0],[1],[0,1],[0,1],[0,1]]",UNSAT,UNSAT,UNSAT,"[0, 1, 2, 3, 4]",0.071122,0.045385,0.002363,False
703414,5,3,"[1,1,1,1,1]","[3,3,3]","[[0,1],[1],[1,2],[2],[0,1]]",FEASIBLE,FEASIBLE,FEASIBLE,null,0.093217,0.031939,0.001619,False
703415,5,4,"[1,2,1,2,2]","[3,3,3,3]","[[0,1],[0,2,3],[0,1,2],[0,1],[0,1]]",FEASIBLE,FEASIBLE,FEASIBLE,null,0.115119,0.056137,0.002658,False
703416,2,3,"[3,2]","[2,2,3]","[[0,1,2],[1,2]]",FEASIBLE,FEASIBLE,FEASIBLE,null,0.010666,0.026974,0.001269,False
703417,7,7,"[1,1,3,1,1,3,1]","[2,3,1,1,1,3,1]","[[0],[0,1,3,4],[1,2,3,4],[1,4],[0,1,2,4,5,6],[2,3,4,5],[2]]",UNSAT,UNSAT,UNSAT,"[2, 5]",0.121816,0.08118,0.004749,False
703418,4,1,"[1,1,1,1]",[1],"[[0],[0],[0],[0]]",UNSAT,UNSAT,UNSAT,"[0, 1]",0.01196,0.034015,0.001378,False
703419,6,4,"[1,1,1,3,2,2]","[2,1,2,1]","[[0,1,2,3],[2],[1,2,3],[0,1,2],[1,2],[0,1,2,3]]",UNSAT,UNSAT,UNSAT,"[3, 4]",0.066011,0.175438,0.004285,False
703420,1,4,[1],"[3,2,2,2]",[[1]],FEASIBLE,FEASIBLE,FEASIBLE,null,0.005718,0.013646,0.000619,False
703421,5,7,"[1,1,3,2,3]","[2,1,1,1,3,3,2]","[[0,2],[1,2],[0,1,2,3,4,6],[0,2,4,5],[1,5,6]]",FEASIBLE,FEASIBLE,FEASIBLE,null,0.190253,0.092045,0.003791,False
703422,3,4,"[3,1,1]","[1,2,1,1]","[[0,1,2,3],[1],[0,1,2,3]]",FEASIBLE,FEASIBLE,FEASIBLE,null,0.029357,0.037356,0.001618,False
703423,7,1,"[1,1,1,1,1,1,1]",[2],"[[0],[0],[0],[0],[0],[0],[0]]",UNSAT,UNSAT,UNSAT,"[0, 1, 2]",0.040918,0.04535,0.002142,False
703424,3,3,"[3,2,1]","[2,3,2]","[[0,1,2],[0,1,2],[0,1,2]]",FEASIBLE,FEASIBLE,FEASIBLE,null,0.035584,0.034385,0.001578,False
703425,5,5,"[2,1,1,2,2]","[3,2,1,1,1]","[[1,2,3],[0],[0,2,3,4],[1,2],[0,1,2,3,4]]",FEASIBLE,FEASIBLE,FEASIBLE,null,0.144069,0.062098,0.003287,False
703426,7,4,"[1,2,3,1,1,1,1]","[2,1,3,1]","[[1],[0,2],[1,2,3],[0,1,2,3],[2],[2],[0]]",UNSAT,UNSAT,UNSAT,"[0, 2]",0.031793,0.066467,0.003697,False
703427,2,4,"[1,1]","[3,1,3,1]","[[0,1,2,3],[0,3]]",FEASIBLE,FEASIBLE,FEASIBLE,null,0.012687,0.02037,0.001121,False
703428,7,3,"[1,1,2,1,3,1,2]","[1,2,1]","[[2],[1,2],[0,1,2],[2],[0,1,2],[0,1,2],[0,1,2]]",UNSAT,UNSAT,UNSAT,"[0, 3]",0.028571,0.067583,0.003982,False
703429,1,6,[1],"[1,1,3,2,3,3]",[[0]],FEASIBLE,FEASIBLE,FEASIBLE,null,0.006451,0.014916,0.000748,False
703430,7,6,"[2,2,3,1,1,1,2]","[2,3,2,1,3,1]","[[1,2],[1,2],[0,1,2,3,4,5],[0,1,3,4],[5],[4],[0,1,3,5]]",FEASIBLE,FEASIBLE,FEASIBLE,null,0.712071,0.193744,0.005017,False
703431,5,6,"[1,2,2,3,3]","[2,1,3,1,3,3]","[[0],[2,3],[2,3,5],[0,1,2,3,5],[0,1,2,3,4,5]]",FEASIBLE,FEASIBLE,FEASIBLE,null,0.16406,0.069684,0.003739,False
703432,2,1,"[1,1]",[2],"[[0],[0]]",FEASIBLE,FEASIBLE,FEASIBLE,null,0.006662,0.028086,0.000678,False
703433,3,5,"[3,1,2]","[1,2,1,2,1]","[[0,1,3,4],[1,2,3,4],[1,2]]",FEASIBLE,FEASIBLE,FEASIBLE,null,0.031637,0.043173,0.002261,False
703434,2,2,"[1,1]","[3,2]","[[1],[1]]",FEASIBLE,FEASIBLE,FEASIBLE,null,0.008408,0.015525,0.000774,False
703435,4,6,"[3,2,3,3]","[2,3,2,2,2,3]","[[1,2,4,5],[0,2,3,5],[0,1,2,3,4,5],[0,1,3]]",FEASIBLE,FEASIBLE,FEASIBLE,null,0.077047,0.064153,0.003413,False
703436,5,7,"[1,1,1,3,1]","[1,3,3,2,2,2,1]","[[0,1,2,3,4,5,6],[0,1,3,6],[0,1,2,4,5,6],[1,2,5,6],[3,5,6]]",FEASIBLE,FEASIBLE,FEASIBLE,null,0.187415,0.051002,0.003195,False
703437,5,4,"[1,2,1,3,1]","[3,3,3,3]","[[2],[1,2],[2],[0,1,2,3],[2]]",UNSAT,UNSAT,UNSAT,"[0, 1, 2, 4]",0.100314,0.051168,0.002726,False
703438,4,6,"[2,3,3,3]","[2,2,2,2,2,2]","[[0,4],[2,3,4,5],[0,1,2,3,4,5],[0,1,2,5]]",FEASIBLE,FEASIBLE,FEASIBLE,null,0.079056,0.063856,0.005494,False
703439,5,4,"[2,3,1,1,1]","[3,3,2,1]","[[1,2,3],[1,2,3],[2],[1,2],[2]]",UNSAT,UNSAT,UNSAT,"[0, 1, 2]",0.055795,0.051182,0.004326,False
703440,4,1,"[1,1,1,1]",[3],"[[0],[0],[0],[0]]",UNSAT,UNSAT,UNSAT,"[0, 1, 2, 3]",0.023297,0.042071,0.00232,False
703441,2,3,"[3,2]","[2,3,1]","[[0,1,2],[0,1,2]]",FEASIBLE,FEASIBLE,FEASIBLE,null,0.010856,0.026301,0.001398,False
703442,2,3,"[2,2]","[1,2,3]","[[1,2],[0,1,2]]",FEASIBLE,FEASIBLE,FEASIBLE,null,0.011238,0.02269,0.001204,False
703443,5,5,"[1,1,1,1,1]","[3,2,3,3,2]","[[0,1,2,3,4],[2,3,4],[0,2,3,4],[1],[4]]",FEASIBLE,FEASIBLE,FEASIBLE,null,0.137269,0.036198,0.002717,False
703444,2,4,"[1,1]","[3,3,1,1]","[[2],[0,2,3]]",FEASIBLE,FEASIBLE,FEASIBLE,null,0.013861,0.019125,0.001257,False
703445,2,7,"[2,2]","[2,1,3,1,2,2,2]","[[1,2,3,6],[0,1,2,3,5,6]]",FEASIBLE,FEASIBLE,FEASIBLE,null,0.01827,0.029428,0.002084,False
703446,2,6,"[2,3]","[1,2,2,3,1,3]","[[1,2],[0,1,3,5]]",FEASIBLE,FEASIBLE,FEASIBLE,null,0.015968,0.027158,0.001527,False
703447,7,4,"[2,1,1,1,2,3,2]","[3,3,1,2]","[[2,3],[1],[0,1,2,3],[0,3],[0,1,2,3],[0,1,2],[1,3]]",UNSAT,UNSAT,UNSAT,"[0, 5]",0.055708,0.076117,0.006126,False
703448,6,5,"[1,1,1,1,1,3]","[1,3,3,3,1]","[[0],[0,4],[1],[0,2,4],[4],[0,1,2,3,4]]",UNSAT,UNSAT,UNSAT,"[0, 1, 4]",0.099966,0.056524,0.003695,False
703449,6,5,"[1,1,2,3,1,2]","[3,2,3,2,3]","[[0,1,3,4],[0,1,2,4],[0,4],[1,2,4],[1,4],[0,3,4]]",FEASIBLE,FEASIBLE,FEASIBLE,null,0.293252,0.052061,0.003307,False
703450,1,4,[2],"[3,2,1,1]","[[2,3]]",FEASIBLE,FEASIBLE,FEASIBLE,null,0.005157,0.017281,0.000983,False
703451,3,5,"[1,1,3]","[2,3,3,2,3]","[[0,2,3],[2],[0,1,2,3,4]]",FEASIBLE,FEASIBLE,FEASIBLE,null,0.03164,0.030277,0.001996,False
703452,2,3,"[1,2]","[3,2,3]","[[1],[0,1,2]]",FEASIBLE,FEASIBLE,FEASIBLE,null,0.010067,0.019868,0.001125,False
703453,6,1,"[1,1,1,1,1,1]",[2],"[[0],[0],[0],[0],[0],[0]]",UNSAT,UNSAT,UNSAT,"[0, 1, 2]",0.030961,0.039869,0.002737,False
703454,5,4,"[1,3,1,1,1]","[2,2,2,1]","[[0,2],[0,1,2],[0,2],[2],[0,1]]",UNSAT,UNSAT,UNSAT,"[0, 1, 2, 3]",0.094794,0.050806,0.003066,False
703455,2,2,"[1,2]","[1,3]","[[0],[0,1]]",UNSAT,UNSAT,UNSAT,"[0, 1]",0.008561,0.026647,0.00163,False
703456,4,5,"[2,1,1,3]","[2,3,1,3,2]","[[0,1,2,3,4],[0],[0],[0,2,3]]",UNSAT,UNSAT,UNSAT,"[1, 2, 3]",0.059056,0.060588,0.003552,False
703457,5,2,"[1,1,1,2,1]","[2,1]","[[1],[0,1],[1],[0,1],[1]]",UNSAT,UNSAT,UNSAT,"[0, 2]",0.015686,0.040269,0.002418,False
703458,6,6,"[3,1,1,1,1,1]","[1,1,3,1,2,2]","[[0,2,4],[1,3,5],[3],[1],[2],[0,1,3,4,5]]",FEASIBLE,FEASIBLE,FEASIBLE,null,0.348801,0.061279,0.003676,False
703459,6,1,"[1,1,1,1,1,1]",[2],"[[0],[0],[0],[0],[0],[0]]",UNSAT,UNSAT,UNSAT,"[0, 1, 2]",0.031936,0.039457,0.001891,False
703460,2,1,"[1,1]",[3],"[[0],[0]]",FEASIBLE,FEASIBLE,FEASIBLE,null,0.006721,0.015374,0.000734,False
703461,2,6,"[1,1]","[1,1,2,1,2,2]","[[0],[1,3,4,5]]",FEASIBLE,FEASIBLE,FEASIBLE,null,0.015713,0.020124,0.001299,False
703462,7,5,"[1,1,2,2,2,3,2]","[1,2,2,3,1]","[[1],[1,3,4],[0,1,2,3,4],[0,1,2,3,4],[2,4],[0,1,3,4],[0,1,2,3,4]]",UNSAT,UNSAT,UNSAT,"[0, 2, 3, 4, 5]",0.524598,0.087859,0.006647,False
703463,1,1,[1],[1],[[0]],FEASIBLE,FEASIBLE,FEASIBLE,null,0.00502,0.011485,0.000663,False
703464,3,5,"[1,3,2]","[3,1,2,3,3]","[[1],[0,1,2,4],[1,2]]",UNSAT,UNSAT,UNSAT,"[0, 2]",0.02172,0.040279,0.002356,False
703465,6,6,"[1,2,1,3,1,1]","[1,1,3,1,3,3]","[[0,1,2,3,4],[0,2,4,5],[4],[0,1,2,3,4,5],[2,3,4],[2,3,5]]",FEASIBLE,FEASIBLE,FEASIBLE,null,0.390538,0.145617,0.003638,False
703466,2,6,"[1,1]","[3,3,3,2,1,3]","[[5],[3]]",FEASIBLE,FEASIBLE,FEASIBLE,null,0.016462,0.020266,0.001045,False
703467,5,1,"[1,1,1,1,1]",[1],"[[0],[0],[0],[0],[0]]",UNSAT,UNSAT,UNSAT,"[0, 1]",0.010077,0.034475,0.002069,False
703468,4,5,"[2,1,1,3]","[2,2,2,2,1]","[[0,1,4],[2],[3],[0,1,2]]",FEASIBLE,FEASIBLE,FEASIBLE,null,0.066012,0.049353,0.001917,False
703469,1,2,[1],"[1,2]",[[0]],FEASIBLE,FEASIBLE,FEASIBLE,null,0.004418,0.012349,0.0007,False
703470,7,4,"[1,2,2,2,1,2,1]","[1,2,2,1]","[[0,2],[1,3],[0,3],[0,3],[0,1,2,3],[0,1,3],[0]]",UNSAT,UNSAT,UNSAT,"[1, 2]",0.047472,0.085243,0.005396,False
703471,5,5,"[3,1,1,2,3]","[2,2,2,1,3]","[[0,1,2,3],[1,2,3,4],[0,1,4],[1,3,4],[0,2,4]]",FEASIBLE,FEASIBLE,FEASIBLE,null,0.139415,0.070718,0.004001,False
703472,6,4,"[1,1,3,1,2,3]","[1,2,1,3]","[[0,3],[2],[0,1,2,3],[0,1,2,3],[2,3],[1,2,3]]",UNSAT,UNSAT,UNSAT,"[1, 4]",0.048183,0.06569,0.004651,False
703473,7,4,"[1,1,2,1,2,1,1]","[3,3,3,2]","[[2,3],[2],[0,1,2,3],[1,2],[0,1],[2,3],[1,2]]",FEASIBLE,FEASIBLE,FEASIBLE,null,0.496873,0.097517,0.003395,False
703474,7,1,"[1,1,1,1,1,1,1]",[1],"[[0],[0],[0],[0],[0],[0],[0]]",UNSAT,UNSAT,UNSAT,"[0, 1]",0.012977,0.044856,0.002545,False
703475,2,5,"[1,1]","[1,2,3,3,2]","[[1],[0,1]]",FEASIBLE,FEASIBLE,FEASIBLE,null,0.013872,0.021524,0.001094,False
703476,1,1,[1],[1],[[0]],FEASIBLE,FEASIBLE,FEASIBLE,null,0.003099,0.095315,0.000527,False
703477,6,6,"[1,1,3,3,3,2]","[1,3,2,2,2,2]","[[4],[0,3,4,5],[0,2,3,4],[0,1,2,3,4,5],[0,1,2,3,4,5],[2,3,4]]",UNSAT,UNSAT,UNSAT,"[0, 2, 3, 4, 5]",0.326932,0.123733,0.007003,False
703478,2,5,"[2,1]","[1,1,1,3,2]","[[2,4],[1]]",FEASIBLE,FEASIBLE,FEASIBLE,null,0.014777,0.021582,0.001213,False
703479,1,7,[2],"[2,2,3,2,2,1,1]","[[0,1,2,3,5,6]]",FEASIBLE,FEASIBLE,FEASIBLE,null,0.008859,0.020352,0.001373,False
703480,2,3,"[1,1]","[1,1,2]","[[1],[0,1,2]]",FEASIBLE,FEASIBLE,FEASIBLE,null,0.010203,0.01748,0.00098,False
703481,7,7,"[2,3,2,1,3,2,1]","[3,3,1,2,3,1,2]","[[0,1,2,4,5,6],[0,2,3,4],[2,3,5],[5],[1,3,4,5,6],[0,1,2,3],[0,5,6]]",FEASIBLE,FEASIBLE,FEASIBLE,null,0.81745,0.09094,0.005454,False
703482,4,3,"[1,1,2,1]","[1,3,3]","[[0,1,2],[1],[0,1,2],[1]]",FEASIBLE,FEASIBLE,FEASIBLE,null,0.04512,0.030804,0.001655,False
703483,1,5,[2],"[1,3,1,2,1]","[[0,1,3,4]]",FEASIBLE,FEASIBLE,FEASIBLE,null,0.005655,0.017553,0.001156,False
703484,2,2,"[1,1]","[3,3]","[[0],[1]]",FEASIBLE,FEASIBLE,FEASIBLE,null,0.008183,0.016078,0.000752,False
703485,1,5,[3],"[1,1,2,3,2]","[[1,3,4]]",FEASIBLE,FEASIBLE,FEASIBLE,null,0.005428,0.018785,0.001146,False
703486,1,2,[1],"[3,3]",[[1]],FEASIBLE,FEASIBLE,FEASIBLE,null,0.003559,0.010927,0.000617,False
703487,4,4,"[1,2,2,1]","[3,2,1,1]","[[1,2],[0,3],[1,3],[0,2,3]]",UNSAT,UNSAT,UNSAT,"[1, 2]",0.02796,0.04207,0.002523,False
703488,5,2,"[2,1,1,2,2]","[2,1]","[[0,1],[0],[1],[0,1],[0,1]]",UNSAT,UNSAT,UNSAT,"[0, 2]",0.015663,0.045357,0.002733,False
703489,5,2,"[2,1,1,1,1]","[1,1]","[[0,1],[0,1],[0,1],[0],[1]]",UNSAT,UNSAT,UNSAT,"[0, 1]",0.027942,0.200453,0.002533,False
703490,2,6,"[1,1]","[2,3,2,2,2,3]","[[0,1,4,5],[0,1,2,3,4]]",FEASIBLE,FEASIBLE,FEASIBLE,null,0.017038,0.023762,0.001628,False
703491,7,1,"[1,1,1,1,1,1,1]",[1],"[[0],[0],[0],[0],[0],[0],[0]]",UNSAT,UNSAT,UNSAT,"[0, 1]",0.012643,0.042969,0.002099,False
703492,7,7,"[2,2,3,2,3,3,1]","[2,2,3,2,2,2,2]","[[0,1,2,3,4,5,6],[0,2,3,4,5,6],[0,1,2,3,4,6],[0,1,2,3,4,5],[1,4,5,6],[0,1,2,3,4,5,6],[3]]",UNSAT,UNSAT,UNSAT,"[0, 1, 2, 3, 4, 5, 6]",0.922828,0.149465,0.00848,False
703493,4,5,"[2,3,1,1]","[1,1,3,1,1]","[[1,3],[0,1,4],[3,4],[2]]",UNSAT,UNSAT,UNSAT,"[0, 1]",0.025173,0.051527,0.003066,False
703494,4,7,"[1,1,2,1]","[3,1,2,1,1,1,1]","[[5],[6],[0,3,5],[0,1,2,3,4,5,6]]",FEASIBLE,FEASIBLE,FEASIBLE,null,0.092704,0.040852,0.002225,False
703495,1,7,[1],"[2,1,1,2,2,3,2]",[[1]],FEASIBLE,FEASIBLE,FEASIBLE,null,0.009228,0.018816,0.000847,False
703496,5,4,"[1,3,1,1,2]","[3,2,3,3]","[[0],[1,2,3],[0,1,2,3],[0,1,3],[0,1]]",FEASIBLE,FEASIBLE,FEASIBLE,null,0.126716,0.061492,0.002931,False
703497,2,6,"[3,2]","[2,1,2,1,2,2]","[[1,3,5],[0,1,3,4,5]]",FEASIBLE,FEASIBLE,FEASIBLE,null,0.016691,0.033711,0.001759,False
703498,5,7,"[1,1,2,2,1]","[2,1,1,1,3,3,1]","[[0,1,2],[0,3,5,6],[0,1,4,6],[0,5],[0,1,2,3,4,5,6]]",FEASIBLE,FEASIBLE,FEASIBLE,null,0.186802,0.076108,0.004293,False
703499,3,2,"[1,1,1]","[3,2]","[[0],[0,1],[0]]",FEASIBLE,FEASIBLE,FEASIBLE,null,0.018498,0.131849,0.001241,False
703500,5,2,"[1,2,1,1,1]","[2,3]","[[0],[0,1],[1],[0,1],[1]]",UNSAT,UNSAT,UNSAT,"[0, 1, 2, 3, 4]",0.071486,0.045907,0.002522,False
703501,5,6,"[2,1,2,2,1]","[1,3,3,3,1,3]","[[2,3],[1],[0,1,2,4,5],[2,3,4,5],[1,2,5]]",FEASIBLE,FEASIBLE,FEASIBLE,null,0.162685,0.04366,0.002761,False
703502,4,3,"[1,3,2,1]","[1,2,1]","[[2],[0,1,2],[0,1],[1]]",UNSAT,UNSAT,UNSAT,"[0, 1]",0.015341,0.044697,0.002657,False
703503,5,2,"[2,1,1,1,2]","[2,2]","[[0,1],[0,1],[1],[1],[0,1]]",UNSAT,UNSAT,UNSAT,"[0, 1, 4]",0.038365,0.043824,0.002472,False
703504,3,4,"[1,1,1]","[2,1,2,3]","[[3],[1,2,3],[0]]",FEASIBLE,FEASIBLE,FEASIBLE,null,0.028307,0.024741,0.001302,False
703505,5,7,"[2,2,3,1,2]","[1,3,1,3,1,3,2]","[[1,2,3,5,6],[1,3,4,5,6],[0,1,3,4,6],[1,2,3,4],[0,1,2,3,5,6]]",FEASIBLE,FEASIBLE,FEASIBLE,null,0.186869,0.060758,0.003854,False
703506,5,4,"[2,1,3,3,2]","[3,3,1,1]","[[0,1,2,3],[0,1],[1,2,3],[1,2,3],[0,1,2,3]]",UNSAT,UNSAT,UNSAT,"[2, 3]",0.044677,0.064612,0.004045,False
703507,4,1,"[1,1,1,1]",[2],"[[0],[0],[0],[0]]",UNSAT,UNSAT,UNSAT,"[0, 1, 2]",0.018651,0.032526,0.001762,False
703508,7,3,"[2,3,1,1,2,1,1]","[1,1,2]","[[0,2],[0,1,2],[0],[0,2],[0,1],[2],[0,2]]",UNSAT,UNSAT,UNSAT,"[0, 1]",0.024024,0.06038,0.003828,False
703509,6,1,"[1,1,1,1,1,1]",[3],"[[0],[0],[0],[0],[0],[0]]",UNSAT,UNSAT,UNSAT,"[0, 1, 2, 3]",0.059769,0.042129,0.002078,False
703510,2,2,"[1,1]","[2,1]","[[1],[0]]",FEASIBLE,FEASIBLE,FEASIBLE,null,0.008449,0.018201,0.000759,False
703511,7,4,"[1,1,1,2,2,3,1]","[3,2,1,1]","[[2],[1,2,3],[0,1,2],[0,1],[0,2,3],[0,1,2,3],[2]]",UNSAT,UNSAT,UNSAT,"[0, 6]",0.043982,0.068305,0.004521,False
703512,7,7,"[1,3,1,1,1,2,1]","[1,3,1,2,2,3,2]","[[0,1,2,3,4,6],[0,1,2,3,4,5,6],[6],[2,3,6],[2],[1,2,3,5],[3,5]]",FEASIBLE,FEASIBLE,FEASIBLE,null,0.819574,0.084609,0.004737,False
703513,6,2,"[1,1,1,1,1,2]","[2,2]","[[0,1],[1],[0,1],[1],[0],[0,1]]",UNSAT,UNSAT,UNSAT,"[1, 3, 5]",0.07681,0.048272,0.002985,False
703514,7,7,"[1,2,2,2,1,3,1]","[2,2,2,2,3,1,3]","[[6],[0,1,4],[0,1,2,3,4,5,6],[0,2,3,4,5,6],[6],[0,2,3],[0,1,2,3,4,5,6]]",FEASIBLE,FEASIBLE,FEASIBLE,null,0.825404,0.090873,0.005228,False
703515,4,5,"[1,1,1,1]","[3,2,2,2,2]","[[0],[1],[0,1,2],[3]]",FEASIBLE,FEASIBLE,FEASIBLE,null,0.063942,0.027935,0.001641,False
703516,7,7,"[3,2,3,2,2,3,3]","[3,1,1,1,1,3,3]","[[0,2,3,4,5],[1,5],[0,1,6],[0,2,3],[0,1,2,3,4,6],[0,2,5],[0,1,2,4,5,6]]",UNSAT,UNSAT,UNSAT,"[1, 2]",0.077417,0.102511,0.00657,False
703517,1,3,[2],"[2,3,2]","[[1,2]]",FEASIBLE,FEASIBLE,FEASIBLE,null,0.005931,0.017249,0.000896,False
703518,2,7,"[3,3]","[2,3,3,3,2,2,2]","[[1,4,5],[0,2,3,4,5,6]]",FEASIBLE,FEASIBLE,FEASIBLE,null,0.020552,0.034296,0.002519,False
703519,6,7,"[2,2,2,3,1,2]","[3,2,3,2,2,2,1]","[[0,2,6],[0,2,3,5,6],[0,3,4,5,6],[1,4,5],[1],[0,1,3,4,5,6]]",FEASIBLE,FEASIBLE,FEASIBLE,null,0.393931,0.181505,0.004011,False
703520,1,6,[2],"[1,2,3,2,3,3]","[[0,3]]",FEASIBLE,FEASIBLE,FEASIBLE,null,0.006701,0.017548,0.001009,False
703521,7,7,"[1,3,1,1,1,1,2]","[3,2,1,1,1,2,2]","[[4],[1,3,6],[0,1,2,3,4],[1,6],[0,1,2,3,4,5],[6],[1,2,3,4,5,6]]",FEASIBLE,FEASIBLE,FEASIBLE,null,0.81651,0.07139,0.003791,False
703522,6,5,"[2,1,1,1,3,2]","[3,3,1,2,1]","[[0,2],[2],[2,3,4],[0,1,2,3,4],[0,1,2,3],[0,1,3,4]]",UNSAT,UNSAT,UNSAT,"[0, 1]",0.035221,0.082794,0.004163,False
703523,2,6,"[1,1]","[2,1,2,1,2,1]","[[0,1,2,3,4,5],[0]]",FEASIBLE,FEASIBLE,FEASIBLE,null,0.023049,0.030914,0.001513,False
703524,5,7,"[2,1,1,1,2]","[1,1,3,3,1,1,2]","[[0,2,3,5,6],[1,4,5],[3],[0,1,2,6],[0,4,6]]",FEASIBLE,FEASIBLE,FEASIBLE,null,0.222316,0.06121,0.002879,False
703525,6,7,"[3,1,2,1,2,2]","[3,2,2,3,1,2,3]","[[2,3,6],[0,5],[0,1,2,4,5,6],[1],[0,3],[0,1,2,3,4,6]]",FEASIBLE,FEASIBLE,FEASIBLE,null,0.439877,0.094639,0.003353,False
703526,4,5,"[2,3,2,1]","[2,2,2,2,3]","[[0,1,2,3,4],[1,2,3],[2,4],[1,4]]",FEASIBLE,FEASIBLE,FEASIBLE,null,0.066385,0.04487,0.002158,False
703527,2,7,"[3,2]","[3,3,3,1,2,1,1]","[[1,2,3,4,5,6],[0,4]]",FEASIBLE,FEASIBLE,FEASIBLE,null,0.017779,0.070843,0.001799,False
703528,6,2,"[1,1,1,2,1,2]","[2,1]","[[0,1],[0,1],[0,1],[0,1],[1],[0,1]]",UNSAT,UNSAT,UNSAT,"[3, 4]",0.039274,0.176585,0.003353,False
703529,2,2,"[1,1]","[2,3]","[[0],[0,1]]",FEASIBLE,FEASIBLE,FEASIBLE,null,0.009171,0.017148,0.000898,False
703530,1,4,[2],"[3,2,2,1]","[[0,1,2,3]]",FEASIBLE,FEASIBLE,FEASIBLE,null,0.005138,0.016891,0.001076,False
703531,3,5,"[2,3,1]","[1,2,3,3,2]","[[0,1,2,3,4],[1,2,3,4],[4]]",FEASIBLE,FEASIBLE,FEASIBLE,null,0.031601,0.081746,0.001962,False
703532,2,2,"[1,1]","[2,2]","[[0],[0,1]]",FEASIBLE,FEASIBLE,FEASIBLE,null,0.009249,0.018502,0.000844,False
703533,3,2,"[1,1,2]","[2,3]","[[0,1],[0,1],[0,1]]",FEASIBLE,FEASIBLE,FEASIBLE,null,0.017146,0.033086,0.001671,False
703534,4,2,"[1,2,1,2]","[1,2]","[[0,1],[0,1],[0],[0,1]]",UNSAT,UNSAT,UNSAT,"[1, 2]",0.017844,0.043223,0.002326,False
703535,3,6,"[1,2,1]","[1,1,2,1,3,1]","[[0,4,5],[0,1,2,3,4,5],[1]]",FEASIBLE,FEASIBLE,FEASIBLE,null,0.036393,0.043449,0.002517,False
703536,6,7,"[3,3,2,1,1,1]","[1,2,1,1,3,3,2]","[[0,1,2,3,4,5],[1,2,5,6],[1,3,5,6],[0,2,4,5,6],[0,1,3,4,5,6],[0,2,4,5]]",FEASIBLE,FEASIBLE,FEASIBLE,null,0.399257,0.071113,0.004492,False
703537,6,5,"[3,2,2,2,2,2]","[1,1,1,2,1]","[[0,1,2,3],[0,1,3,4],[0,4],[3,4],[0,4],[0,1,2,3,4]]",UNSAT,UNSAT,UNSAT,"[2, 3]",0.067408,0.074878,0.005049,False
703538,1,7,[1],"[1,1,2,1,1,3,2]","[[0,2]]",FEASIBLE,FEASIBLE,FEASIBLE,null,0.007128,0.015995,0.000868,False
703539,2,4,"[3,1]","[1,2,2,2]","[[0,1,2],[1,2]]",FEASIBLE,FEASIBLE,FEASIBLE,null,0.015671,0.026139,0.001258,False
703540,2,3,"[1,2]","[2,1,3]","[[0,1],[1,2]]",FEASIBLE,FEASIBLE,FEASIBLE,null,0.010595,0.020759,0.00112,False
703541,6,1,"[1,1,1,1,1,1]",[1],"[[0],[0],[0],[0],[0],[0]]",UNSAT,UNSAT,UNSAT,"[0, 1]",0.011173,0.193526,0.002003,False
703542,6,4,"[2,1,3,2,2,2]","[2,3,1,3]","[[0,1,2,3],[0,2,3],[0,1,2,3],[1,2],[0,2],[1,2,3]]",UNSAT,UNSAT,UNSAT,"[3, 4]",0.067907,0.095541,0.005644,False
703543,3,2,"[1,1,1]","[3,2]","[[0],[1],[1]]",FEASIBLE,FEASIBLE,FEASIBLE,null,0.01737,0.0209,0.001144,False
703544,4,2,"[1,1,1,2]","[2,3]","[[0],[0],[0,1],[0,1]]",UNSAT,UNSAT,UNSAT,"[0, 1, 3]",0.026946,0.038956,0.002182,False
703545,6,1,"[1,1,1,1,1,1]",[2],"[[0],[0],[0],[0],[0],[0]]",UNSAT,UNSAT,UNSAT,"[0, 1, 2]",0.032135,0.053947,0.001813,False
703546,1,7,[1],"[1,3,3,3,3,1,2]","[[0,2,3,4,5]]",FEASIBLE,FEASIBLE,FEASIBLE,null,0.007403,0.018834,0.001153,False
703547,5,3,"[1,1,1,2,1]","[2,1,3]","[[0],[1],[1,2],[0,1,2],[2]]",FEASIBLE,FEASIBLE,FEASIBLE,null,0.094868,0.035318,0.001828,False
703548,7,2,"[1,1,1,1,1,1,1]","[1,1]","[[0,1],[0],[1],[0],[1],[1],[0]]",UNSAT,UNSAT,UNSAT,"[1, 3]",0.03164,0.047926,0.002766,False
703549,4,7,"[1,1,1,1]","[3,2,1,3,3,1,3]","[[0],[3],[0,1,2,3,4,5,6],[2,4]]",FEASIBLE,FEASIBLE,FEASIBLE,null,0.088042,0.03376,0.002093,False
703550,7,2,"[1,1,1,1,2,1,1]","[3,2]","[[1],[0],[0],[0],[0,1],[0,1],[1]]",UNSAT,UNSAT,UNSAT,"[0, 4, 6]",0.088485,0.053378,0.002911,False
703551,7,6,"[3,3,3,2,1,2,1]","[1,1,3,3,2,1]","[[0,1,2,3,4,5],[0,1,2,3,4,5],[1,2,3,4,5],[0,1,4],[0,1,2,3,4,5],[1,3,4,5],[1,4]]",UNSAT,UNSAT,UNSAT,"[0, 1, 2, 3, 4]",0.554088,0.107153,0.007314,False
703552,1,3,[1],"[2,3,1]",[[0]],FEASIBLE,FEASIBLE,FEASIBLE,null,0.004809,0.107654,0.000674,False
703553,2,6,"[1,3]","[3,2,1,3,2,2]","[[1,2,3,4,5],[0,1,2,3,4]]",FEASIBLE,FEASIBLE,FEASIBLE,null,0.017213,0.029126,0.001841,False
703554,1,2,[1],"[2,2]",[[1]],FEASIBLE,FEASIBLE,FEASIBLE,null,0.0041,0.01069,0.000652,False
703555,6,5,"[3,2,1,2,3,1]","[3,1,3,1,1]","[[0,1,2,3,4],[0,1,2,3,4],[0,1,3,4],[2,3,4],[0,1,2,3,4],[0]]",UNSAT,UNSAT,UNSAT,"[0, 1, 3, 4]",0.203447,0.081699,0.005265,False
703556,7,1,"[1,1,1,1,1,1,1]",[2],"[[0],[0],[0],[0],[0],[0],[0]]",UNSAT,UNSAT,UNSAT,"[0, 1, 2]",0.041686,0.045191,0.002247,False
703557,3,7,"[1,2,3]","[2,3,3,1,3,3,2]","[[2,6],[1,2,3,4,5],[1,2,3,6]]",FEASIBLE,FEASIBLE,FEASIBLE,null,0.043392,0.036302,0.002056,False
703558,5,3,"[1,1,2,1,1]","[2,2,2]","[[0,1,2],[1],[0,1,2],[0],[0,2]]",FEASIBLE,FEASIBLE,FEASIBLE,null,0.133657,0.060285,0.002373,False
703559,5,4,"[1,1,2,1,2]","[1,2,3,3]","[[3],[1,2,3],[0,1,2],[0,3],[2,3]]",FEASIBLE,FEASIBLE,FEASIBLE,null,0.120413,0.041455,0.002209,False
703560,6,3,"[3,2,2,1,2,1]","[3,1,3]","[[0,1,2],[0,1,2],[0,1,2],[1],[0,2],[0,2]]",UNSAT,UNSAT,UNSAT,"[0, 3]",0.026346,0.068749,0.003744,False
703561,4,7,"[2,1,2,3]","[3,1,3,3,1,1,3]","[[5,6],[0,1,2,3,4,5,6],[1,2,4,5],[1,3,4,5,6]]",FEASIBLE,FEASIBLE,FEASIBLE,null,0.098373,0.051449,0.002954,False
703562,4,7,"[1,3,2,1]","[2,2,3,1,2,3,2]","[[1],[0,1,2,3,4,5,6],[0,1,4,5,6],[0,2,3,4,6]]",FEASIBLE,FEASIBLE,FEASIBLE,null,0.093466,0.060555,0.0029,False
703563,5,4,"[3,1,1,2,1]","[1,1,3,3]","[[0,1,2],[1],[3],[0,1,3],[1]]",UNSAT,UNSAT,UNSAT,"[0, 1]",0.022444,0.257671,0.003018,False
703564,3,5,"[1,1,1]","[3,3,2,2,2]","[[1,4],[0,1],[1,2,4]]",FEASIBLE,FEASIBLE,FEASIBLE,null,0.043285,0.033121,0.001494,False
703565,1,2,[1],"[2,3]","[[0,1]]",FEASIBLE,FEASIBLE,FEASIBLE,null,0.005998,0.015618,0.000667,False
703566,4,6,"[2,1,2,2]","[3,2,1,3,2,3]","[[0,1,3,4,5],[0,2,3],[0,1,2,3,4,5],[0,1,2,3,4,5]]",FEASIBLE,FEASIBLE,FEASIBLE,null,0.08941,0.050483,0.002846,False
703567,4,2,"[1,2,1,1]","[1,3]","[[0],[0,1],[0,1],[1]]",UNSAT,UNSAT,UNSAT,"[0, 1]",0.01384,0.038871,0.002013,False
703568,4,5,"[2,1,2,1]","[2,2,3,2,1]","[[2,4],[0,3],[0,1,2,3,4],[0,1,3,4]]",FEASIBLE,FEASIBLE,FEASIBLE,null,0.076932,0.0538,0.002303,False
703569,3,3,"[1,2,3]","[3,2,3]","[[0],[1,2],[0,1,2]]",FEASIBLE,FEASIBLE,FEASIBLE,null,0.022542,0.029927,0.001484,False
703570,6,4,"[2,1,2,2,3,1]","[2,1,1,1]","[[1,2],[2,3],[1,2],[0,2],[0,1,2,3],[0,2]]",UNSAT,UNSAT,UNSAT,"[0, 2]",0.028567,0.077397,0.004081,False
703571,2,4,"[2,1]","[1,3,1,3]","[[0,1,2,3],[0,2,3]]",FEASIBLE,FEASIBLE,FEASIBLE,null,0.012723,0.024542,0.001296,False
703572,1,1,[1],[2],[[0]],FEASIBLE,FEASIBLE,FEASIBLE,null,0.003399,0.010912,0.000476,False
703573,3,1,"[1,1,1]",[3],"[[0],[0],[0]]",FEASIBLE,FEASIBLE,FEASIBLE,null,0.012512,0.019011,0.000989,False
703574,7,4,"[3,1,3,2,2,2,1]","[3,3,1,2]","[[0,1,2,3],[1,3],[0,2,3],[0,1,2,3],[0,1,2,3],[2,3],[0,3]]",UNSAT,UNSAT,UNSAT,"[2, 5]",0.072515,0.082004,0.005295,False
703575,3,3,"[1,2,1]","[2,1,3]","[[0],[0,1,2],[0]]",FEASIBLE,FEASIBLE,FEASIBLE,null,0.021984,0.036055,0.001793,False
703576,5,4,"[1,2,1,1,1]","[2,1,3,1]","[[0,1,3],[0,1,2],[0],[0,3],[0,1,2,3]]",FEASIBLE,FEASIBLE,FEASIBLE,null,0.117411,0.059786,0.003039,False
703577,7,5,"[1,2,1,2,1,1,1]","[3,3,1,3,3]","[[0,1,2,3],[0,1,2,3],[3],[0,1,2,3],[3],[0,1,4],[2]]",FEASIBLE,FEASIBLE,FEASIBLE,null,0.623214,0.054356,0.003285,False
703578,4,6,"[3,2,1,1]","[2,2,1,3,3,1]","[[1,2,3,4,5],[0,2],[0,1,2,4,5],[4,5]]",FEASIBLE,FEASIBLE,FEASIBLE,null,0.078845,0.054519,0.003253,False
703579,3,4,"[1,2,1]","[3,1,3,2]","[[0,1,2,3],[1,2],[0,1,2,3]]",FEASIBLE,FEASIBLE,FEASIBLE,null,0.026635,0.029107,0.001645,False
703580,7,2,"[2,1,2,1,1,1,1]","[3,3]","[[0,1],[0,1],[0,1],[0],[0],[1],[0,1]]",UNSAT,UNSAT,UNSAT,"[0, 2, 3, 4]",0.163152,0.058532,0.003105,False
703581,2,7,"[1,1]","[3,1,2,2,1,2,3]","[[1,4,5,6],[0,5]]",FEASIBLE,FEASIBLE,FEASIBLE,null,0.018445,0.022396,0.001435,False
703582,6,4,"[1,1,1,1,3,1]","[1,2,3,2]","[[0,1,2,3],[0,2,3],[0,1,2,3],[2],[0,1,2,3],[0,1,3]]",FEASIBLE,FEASIBLE,FEASIBLE,null,0.246058,0.051826,0.002971,False
703583,7,2,"[1,2,1,1,1,1,1]","[3,3]","[[1],[0,1],[0,1],[0],[1],[0],[0,1]]",UNSAT,UNSAT,UNSAT,"[0, 1, 2, 3, 4, 5]",0.278197,0.056879,0.002977,False
703584,2,2,"[1,1]","[2,2]","[[0,1],[1]]",FEASIBLE,FEASIBLE,FEASIBLE,null,0.009847,0.018534,0.000924,False
703585,7,3,"[2,1,1,1,2,3,2]","[1,2,1]","[[0,1,2],[1,2],[0,1,2],[0,1,2],[0,1,2],[0,1,2],[0,2]]",UNSAT,UNSAT,UNSAT,"[0, 5]",0.033973,0.072173,0.004373,False
703586,6,4,"[1,1,1,1,3,1]","[2,1,2,3]","[[0,3],[0,1,2,3],[1,2,3],[2,3],[0,1,2,3],[0,1]]",FEASIBLE,FEASIBLE,FEASIBLE,null,0.247909,0.066969,0.003684,False
703587,6,4,"[2,1,3,1,1,3]","[1,1,2,3]","[[2,3],[2],[0,1,2,3],[0,1,2,3],[0,1,2,3],[0,1,2]]",UNSAT,UNSAT,UNSAT,"[2, 5]",0.063674,0.073014,0.004383,False
703588,3,1,"[1,1,1]",[2],"[[0],[0],[0]]",UNSAT,UNSAT,UNSAT,"[0, 1, 2]",0.012258,0.028633,0.001456,False
703589,2,1,"[1,1]",[1],"[[0],[0]]",UNSAT,UNSAT,UNSAT,"[0, 1]",0.006311,0.02335,0.00119,False
703590,6,7,"[1,2,1,2,3,3]","[3,2,2,1,3,3,1]","[[4],[0,2,3,4,5,6],[0,4],[0,1,2,3,4,5,6],[0,1,2,3,4,5,6],[0,2,3,4,5]]",FEASIBLE,FEASIBLE,FEASIBLE,null,0.399721,0.084517,0.004853,False
703591,4,7,"[1,2,1,2]","[2,2,3,2,1,2,1]","[[3],[0,2,3,6],[4],[0,1,3,4,5,6]]",FEASIBLE,FEASIBLE,FEASIBLE,null,0.085814,0.040843,0.002271,False
703592,7,6,"[1,3,2,1,2,1,1]","[2,3,1,1,3,3]","[[4],[0,1,2,3,4,5],[0,4,5],[0,1,2,3],[3,4],[1],[1,2,3,4]]",FEASIBLE,FEASIBLE,FEASIBLE,null,0.722452,0.078417,0.004153,False
703593,6,5,"[1,2,3,2,2,2]","[3,3,1,2,1]","[[0,1,2,4],[0,2],[0,1,2,3,4],[0,2,4],[0,1,2,3,4],[0,4]]",UNSAT,UNSAT,UNSAT,"[1, 3, 5]",0.152358,0.095488,0.005577,False
703594,3,7,"[3,1,1]","[2,3,3,1,3,3,3]","[[2,4,6],[1,5,6],[4]]",FEASIBLE,FEASIBLE,FEASIBLE,null,0.039921,0.031046,0.001744,False
703595,5,2,"[1,1,1,1,1]","[2,1]","[[1],[0,1],[1],[0],[0,1]]",UNSAT,UNSAT,UNSAT,"[0, 2]",0.016153,0.140644,0.002443,False
703596,6,7,"[1,2,2,1,3,2]","[3,3,3,1,3,1,2]","[[2],[0,2,3,4,5,6],[2,3],[5],[0,2,5,6],[0,1,6]]",FEASIBLE,FEASIBLE,FEASIBLE,null,0.407761,0.070512,0.004022,False
703597,5,7,"[1,1,2,3,3]","[2,1,2,1,1,1,1]","[[5],[0,1,2,3,6],[1,4],[2,3,4,5,6],[0,1,2,3,4,5,6]]",UNSAT,UNSAT,UNSAT,"[0, 2, 3, 4]",0.173797,0.074116,0.004754,False
703598,3,4,"[2,2,1]","[3,1,1,2]","[[0,1],[0,1],[2]]",UNSAT,UNSAT,UNSAT,"[0, 1]",0.01707,0.035901,0.00197,False
703599,2,4,"[1,1]","[1,1,3,2]","[[0],[3]]",FEASIBLE,FEASIBLE,FEASIBLE,null,0.012622,0.017433,0.000882,False
703600,6,3,"[3,1,1,3,2,2]","[3,1,2]","[[0,1,2],[0,1],[1],[0,1,2],[1,2],[0,1,2]]",UNSAT,UNSAT,UNSAT,"[0, 2]",0.022659,0.060791,0.003823,False
703601,5,6,"[1,2,1,3,1]","[1,1,2,3,3,1]","[[1,2,3,4],[0,5],[0,2],[1,3,4,5],[2]]",FEASIBLE,FEASIBLE,FEASIBLE,null,0.159309,0.059868,0.003265,False
703602,1,1,[1],[2],[[0]],FEASIBLE,FEASIBLE,FEASIBLE,null,0.003208,0.010627,0.000484,False
703603,4,7,"[2,1,3,3]","[1,1,2,1,3,2,1]","[[0,2,3],[2,5],[3,4,6],[0,2,3,4]]",UNSAT,UNSAT,UNSAT,"[0, 2, 3]",0.073805,0.07305,0.004212,False
703604,7,1,"[1,1,1,1,1,1,1]",[1],"[[0],[0],[0],[0],[0],[0],[0]]",UNSAT,UNSAT,UNSAT,"[0, 1]",0.012347,0.04291,0.002277,False
703605,6,6,"[2,2,3,1,1,3]","[2,3,3,3,3,2]","[[0,1,2,3,4,5],[0,1,2,5],[0,1,2,3,4,5],[0,1,3,4,5],[2,3],[0,1,3,4,5]]",FEASIBLE,FEASIBLE,FEASIBLE,null,0.331165,0.166789,0.003782,False
703606,1,1,[1],[2],[[0]],FEASIBLE,FEASIBLE,FEASIBLE,null,0.005013,0.013771,0.000474,False
703607,2,1,"[1,1]",[1],"[[0],[0]]",UNSAT,UNSAT,UNSAT,"[0, 1]",0.006837,0.023461,0.001095,False
703608,4,7,"[2,1,1,1]","[2,2,1,3,3,2,3]","[[0,2,3,4,5],[1],[1],[2,4,5]]",FEASIBLE,FEASIBLE,FEASIBLE,null,0.085135,0.034173,0.001964,False
703609,3,2,"[1,1,1]","[2,3]","[[0],[0,1],[0,1]]",FEASIBLE,FEASIBLE,FEASIBLE,null,0.016614,0.022128,0.001172,False
703610,7,5,"[2,3,1,2,2,1,1]","[2,3,2,1,3]","[[0,2,3,4],[0,2,4],[0,1,3],[1,3,4],[0,1,2,3,4],[0,2,3],[0,1,2,3,4]]",UNSAT,UNSAT,UNSAT,"[0, 1, 2, 3, 4, 5, 6]",0.585324,0.088035,0.005758,False
703611,3,2,"[1,2,1]","[2,3]","[[1],[0,1],[1]]",FEASIBLE,FEASIBLE,FEASIBLE,null,0.016319,0.022517,0.001258,False
703612,3,1,"[1,1,1]",[1],"[[0],[0],[0]]",UNSAT,UNSAT,UNSAT,"[0, 1]",0.00722,0.025739,0.001373,False
703613,3,5,"[2,2,1]","[2,2,2,3,1]","[[0,2],[0,2,3],[0,1,2,3,4]]",FEASIBLE,FEASIBLE,FEASIBLE,null,0.029502,0.033262,0.001893,False
703614,2,7,"[1,1]","[1,2,3,2,2,2,1]","[[0,1,3,4,5,6],[0,4,5]]",FEASIBLE,FEASIBLE,FEASIBLE,null,0.017788,0.023865,0.001607,False
703615,2,4,"[3,1]","[3,3,2,2]","[[0,1,2,3],[0,1]]",FEASIBLE,FEASIBLE,FEASIBLE,null,0.011726,0.02295,0.001276,False
703616,6,7,"[2,1,1,3,2,3]","[1,2,3,1,1,1,2]","[[1,2,4],[0,1,2,3,4,5,6],[2,4,5],[0,1,3,4,5],[1,5],[0,1,2,3,4,5,6]]",UNSAT,UNSAT,UNSAT,"[0, 3, 4, 5]",0.333019,0.123904,0.006739,False
703617,2,4,"[3,2]","[3,1,1,3]","[[0,2,3],[0,1,2,3]]",FEASIBLE,FEASIBLE,FEASIBLE,null,0.012376,0.116972,0.001426,False
703618,4,6,"[3,3,2,3]","[2,1,1,3,1,1]","[[0,1,2,3,5],[1,2,5],[0,1,2],[0,2,4,5]]",UNSAT,UNSAT,UNSAT,"[0, 1]",0.024738,0.081696,0.005019,False
703619,5,1,"[1,1,1,1,1]",[2],"[[0],[0],[0],[0],[0]]",UNSAT,UNSAT,UNSAT,"[0, 1, 2]",0.023396,0.035355,0.001938,False
703620,6,3,"[2,1,1,1,1,2]","[3,1,2]","[[0,1],[1],[0,1],[0],[0,1,2],[0,1,2]]",UNSAT,UNSAT,UNSAT,"[0, 1]",0.019324,0.053898,0.003255,False
703621,1,1,[1],[1],[[0]],FEASIBLE,FEASIBLE,FEASIBLE,null,0.003042,0.010378,0.0006,False
703622,1,2,[1],"[3,3]",[[0]],FEASIBLE,FEASIBLE,FEASIBLE,null,0.003432,0.010449,0.000571,False
703623,3,3,"[1,2,1]","[3,2,1]","[[2],[1,2],[0,1,2]]",UNSAT,UNSAT,UNSAT,"[0, 1]",0.012365,0.032322,0.001866,False
703624,3,6,"[2,1,2]","[3,3,3,1,1,1]","[[1,2,3,4,5],[2],[0,3,5]]",FEASIBLE,FEASIBLE,FEASIBLE,null,0.03422,0.030593,0.002348,False
703625,6,7,"[2,3,1,1,1,1]","[1,2,3,2,3,3,3]","[[0,5],[0,1,3,5,6],[6],[0,1,2,3,4,5,6],[0,2],[1,3,4,6]]",FEASIBLE,FEASIBLE,FEASIBLE,null,0.370129,0.053776,0.0035,False
703626,5,2,"[1,1,1,1,1]","[2,2]","[[1],[1],[1],[0],[0,1]]",UNSAT,UNSAT,UNSAT,"[0, 1, 2]",0.035975,0.03752,0.002376,False
703627,7,3,"[1,1,2,1,1,1,1]","[1,1,1]","[[0,1],[0,1],[0,2],[0,2],[0],[0,1,2],[0,2]]",UNSAT,UNSAT,UNSAT,"[2, 3]",0.049371,0.058333,0.003975,False
703628,3,7,"[1,3,1]","[2,1,3,1,3,2,2]","[[5],[1,3,4],[0]]",FEASIBLE,FEASIBLE,FEASIBLE,null,0.039289,0.03391,0.001519,False
703629,4,5,"[3,3,1,1]","[3,3,3,2,1]","[[0,1,4],[0,1,2,3],[0],[1,2,3,4]]",FEASIBLE,FEASIBLE,FEASIBLE,null,0.068274,0.128301,0.002209,False
703630,5,3,"[1,1,1,3,2]","[2,2,2]","[[0,1,2],[1],[0,1,2],[0,1,2],[1,2]]",UNSAT,UNSAT,UNSAT,"[1, 3, 4]",0.066578,0.068243,0.003349,False
703631,7,7,"[1,1,2,1,2,2,2]","[2,2,1,3,3,1,3]","[[1,2,4,5,6],[4,6],[0,2,3,4,5,6],[0,4,6],[0,2,3,4],[0,2,3,6],[0,2,3,4,5,6]]",FEASIBLE,FEASIBLE,FEASIBLE,null,0.786282,0.080422,0.00462,False
703632,2,1,"[1,1]",[1],"[[0],[0]]",UNSAT,UNSAT,UNSAT,"[0, 1]",0.006405,0.022073,0.001089,False
703633,5,1,"[1,1,1,1,1]",[1],"[[0],[0],[0],[0],[0]]",UNSAT,UNSAT,UNSAT,"[0, 1]",0.009173,0.033362,0.001702,False
703634,6,1,"[1,1,1,1,1,1]",[2],"[[0],[0],[0],[0],[0],[0]]",UNSAT,UNSAT,UNSAT,"[0, 1, 2]",0.037184,0.042266,0.001814,False
703635,3,3,"[1,1,2]","[2,2,1]","[[0],[0,1,2],[0,1,2]]",FEASIBLE,FEASIBLE,FEASIBLE,null,0.02103,0.029074,0.001429,False
703636,1,3,[1],"[3,1,2]","[[0,1]]",FEASIBLE,FEASIBLE,FEASIBLE,null,0.004432,0.012724,0.000672,False
703637,3,2,"[1,1,1]","[1,2]","[[0],[0,1],[1]]",FEASIBLE,FEASIBLE,FEASIBLE,null,0.016374,0.023892,0.001063,False
703638,5,4,"[2,1,1,1,1]","[3,3,1,3]","[[0,1,3],[3],[2],[0,3],[1,3]]",FEASIBLE,FEASIBLE,FEASIBLE,null,0.109766,0.033431,0.001754,False
703639,3,6,"[2,1,2]","[3,3,1,1,3,1]","[[0,1,3,4,5],[0,2,3],[0,1,2,4,5]]",FEASIBLE,FEASIBLE,FEASIBLE,null,0.035385,0.033904,0.002121,False
703640,6,6,"[3,2,2,2,1,1]","[2,1,2,2,1,1]","[[0,1,2,3,4,5],[0,2,4,5],[0,1,4,5],[2,4],[0],[4,5]]",UNSAT,UNSAT,UNSAT,"[0, 1, 2, 3]",0.232269,0.109519,0.00597,False
703641,7,4,"[1,2,1,1,2,3,1]","[3,2,2,1]","[[0,1,2,3],[0,1,2,3],[2],[0],[0,1],[0,1,2,3],[3]]",UNSAT,UNSAT,UNSAT,"[0, 1, 2, 4, 5]",0.512762,0.06962,0.004417,False
703642,1,6,[2],"[1,3,2,1,2,3]","[[4,5]]",FEASIBLE,FEASIBLE,FEASIBLE,null,0.006506,0.017223,0.000946,False
703643,6,4,"[1,2,1,1,1,3]","[2,2,1,1]","[[0,1],[0,1],[2,3],[0,1,2,3],[2],[0,1,2,3]]",UNSAT,UNSAT,UNSAT,"[2, 4, 5]",0.138035,0.060526,0.004052,False
703644,6,6,"[1,2,1,1,1,1]","[1,2,3,3,2,3]","[[0,1,2,4,5],[1,2,3,5],[3],[2],[0,3],[4]]",FEASIBLE,FEASIBLE,FEASIBLE,null,0.318502,0.040906,0.002564,False
703645,2,4,"[1,2]","[2,3,2,2]","[[0],[0,2]]",FEASIBLE,FEASIBLE,FEASIBLE,null,0.011446,0.018808,0.000991,False
703646,2,1,"[1,1]",[2],"[[0],[0]]",FEASIBLE,FEASIBLE,FEASIBLE,null,0.005662,0.024101,0.000627,False
703647,7,6,"[1,1,3,1,1,1,3]","[3,2,1,3,1,2]","[[4],[1,2,3,4,5],[0,1,2,3,5],[2,3,5],[0,2,4,5],[2],[0,2,3]]",UNSAT,UNSAT,UNSAT,"[5, 6]",0.13032,0.081923,0.005267,False
703648,3,6,"[1,2,3]","[3,3,1,2,2,3]","[[5],[2,4],[0,1,2,3,5]]",FEASIBLE,FEASIBLE,FEASIBLE,null,0.033471,0.032387,0.001987,False
703649,3,5,"[2,1,3]","[3,3,3,1,3]","[[0,3],[0,2,4],[0,1,2,3,4]]",FEASIBLE,FEASIBLE,FEASIBLE,null,0.029916,0.032711,0.001965,False
703650,7,6,"[2,3,3,3,1,1,1]","[2,3,3,1,2,1]","[[3,4,5],[1,2,4,5],[0,1,4],[0,1,2,4,5],[2],[0],[0,3,4,5]]",UNSAT,UNSAT,UNSAT,"[0, 1, 2, 3, 5]",0.498173,0.080493,0.005414,False
703651,5,3,"[2,1,1,1,1]","[2,1,3]","[[0,2],[1,2],[2],[0],[2]]",FEASIBLE,FEASIBLE,FEASIBLE,null,0.086864,0.117164,0.001731,False
703652,1,6,[3],"[1,1,1,1,3,3]","[[0,1,3,5]]",FEASIBLE,FEASIBLE,FEASIBLE,null,0.006269,0.019372,0.001182,False
703653,4,4,"[2,1,1,2]","[1,1,3,2]","[[2,3],[0,1,2,3],[0,1,2,3],[0,3]]",FEASIBLE,FEASIBLE,FEASIBLE,null,0.05398,0.047459,0.002621,False
703654,1,4,[1],"[2,3,2,2]",[[3]],FEASIBLE,FEASIBLE,FEASIBLE,null,0.004775,0.011765,0.000709,False
703655,7,2,"[1,1,1,2,1,2,1]","[1,3]","[[0],[1],[0,1],[0,1],[0],[0,1],[0]]",UNSAT,UNSAT,UNSAT,"[0, 3]",0.020187,0.049712,0.003049,False
703656,1,6,[1],"[3,1,2,2,3,2]","[[2,4]]",FEASIBLE,FEASIBLE,FEASIBLE,null,0.006037,0.014414,0.000867,False
703657,6,5,"[3,1,2,1,2,1]","[1,1,2,1,1]","[[1,3,4],[4],[0,1,2,3,4],[0,1,2,3,4],[0,4],[4]]",UNSAT,UNSAT,UNSAT,"[0, 1]",0.027069,0.061278,0.004223,False
703658,6,1,"[1,1,1,1,1,1]",[2],"[[0],[0],[0],[0],[0],[0]]",UNSAT,UNSAT,UNSAT,"[0, 1, 2]",0.029721,0.037862,0.001789,False
703659,2,3,"[2,1]","[2,3,2]","[[0,1,2],[1]]",FEASIBLE,FEASIBLE,FEASIBLE,null,0.009635,0.019411,0.001163,False
703660,4,2,"[1,1,1,1]","[2,2]","[[0,1],[0,1],[1],[1]]",FEASIBLE,FEASIBLE,FEASIBLE,null,0.031744,0.02416,0.00128,False
703661,5,6,"[3,2,2,2,1]","[1,2,1,1,1,2]","[[0,1,3,4],[0,1,2,3,4,5],[3,4,5],[1,5],[0,1,2,3,4,5]]",UNSAT,UNSAT,UNSAT,"[0, 1, 2, 3]",0.127469,0.07215,0.005058,False
703662,5,1,"[1,1,1,1,1]",[3],"[[0],[0],[0],[0],[0]]",UNSAT,UNSAT,UNSAT,"[0, 1, 2, 3]",0.036642,0.036309,0.001832,False
703663,6,5,"[2,1,1,2,3,1]","[3,2,1,3,2]","[[2,3,4],[0,3,4],[0,1,2,4],[2,3],[0,1,2,4],[0,1,2,3,4]]",FEASIBLE,FEASIBLE,FEASIBLE,null,0.269422,0.148022,0.004052,False
703664,3,4,"[1,1,1]","[2,1,2,3]","[[1],[2],[3]]",FEASIBLE,FEASIBLE,FEASIBLE,null,0.029071,0.021606,0.001641,False
703665,1,5,[1],"[1,3,3,2,3]","[[0,1,2,3]]",FEASIBLE,FEASIBLE,FEASIBLE,null,0.00533,0.014362,0.001257,False
703666,3,3,"[2,1,1]","[3,3,3]","[[0,2],[0,2],[0]]",FEASIBLE,FEASIBLE,FEASIBLE,null,0.020334,0.023025,0.001335,False
703667,7,5,"[2,3,2,1,3,2,3]","[2,1,3,1,3]","[[0,2,3,4],[0,1,2,3,4],[1,2,4],[1,3],[1,2,4],[0,3],[0,1,2,3,4]]",UNSAT,UNSAT,UNSAT,"[3, 4, 5]",0.253815,0.087581,0.006098,False
703668,7,5,"[1,1,1,1,2,2,1]","[2,3,3,1,3]","[[3],[0,1,2,4],[0,1,2,3,4],[1,2,4],[1,3],[1,3,4],[0,3]]",UNSAT,UNSAT,UNSAT,"[0, 4]",0.043265,0.084206,0.004887,False
703669,5,4,"[3,1,1,1,1]","[3,3,1,3]","[[0,1,2,3],[0],[0,1,2],[0,1,2,3],[0,2]]",FEASIBLE,FEASIBLE,FEASIBLE,null,0.11325,0.04983,0.002946,False
703670,3,3,"[3,1,1]","[1,2,3]","[[0,1,2],[2],[2]]",FEASIBLE,FEASIBLE,FEASIBLE,null,0.02018,0.024944,0.001356,False
703671,3,1,"[1,1,1]",[2],"[[0],[0],[0]]",UNSAT,UNSAT,UNSAT,"[0, 1, 2]",0.013277,0.030149,0.001468,False
703672,7,1,"[1,1,1,1,1,1,1]",[3],"[[0],[0],[0],[0],[0],[0],[0]]",UNSAT,UNSAT,UNSAT,"[0, 1, 2, 3]",0.088651,0.043854,0.002122,False
703673,6,5,"[1,2,2,3,1,3]","[2,1,3,3,3]","[[0,3,4],[0,1,3,4],[1,2,3,4],[0,1,3,4],[0,1,2,3,4],[0,1,2,4]]",FEASIBLE,FEASIBLE,FEASIBLE,null,0.286531,0.084649,0.004475,False
703674,7,4,"[1,1,1,1,1,2,2]","[2,3,1,1]","[[1,2,3],[3],[0,1],[1,2],[2],[2,3],[1,2]]",UNSAT,UNSAT,UNSAT,"[1, 5]",0.056721,0.055674,0.003465,False
703675,4,6,"[2,1,2,1]","[1,1,2,2,1,2]","[[1,2,3,4],[1,2,3,5],[0,2,3,4,5],[2,3]]",FEASIBLE,FEASIBLE,FEASIBLE,null,0.07575,0.040231,0.00258,False
703676,5,2,"[2,1,1,1,1]","[3,1]","[[0,1],[0,1],[0],[0],[1]]",UNSAT,UNSAT,UNSAT,"[0, 4]",0.018919,0.041002,0.002299,False
703677,1,7,[1],"[2,2,1,3,1,1,3]","[[2,4,5,6]]",FEASIBLE,FEASIBLE,FEASIBLE,null,0.006743,0.016631,0.001057,False
703678,7,5,"[1,3,1,3,1,1,1]","[3,1,3,2,3]","[[3],[1,2,4],[1,2,3,4],[0,1,2,3,4],[0,2,3],[3],[2,3]]",FEASIBLE,FEASIBLE,FEASIBLE,null,0.602526,0.074475,0.004154,False
703679,3,4,"[1,1,2]","[3,2,3,2]","[[0,1,2,3],[3],[1,2,3]]",FEASIBLE,FEASIBLE,FEASIBLE,null,0.032441,0.026012,0.001576,False
703680,5,7,"[1,3,1,2,1]","[2,2,2,1,2,1,2]","[[2],[1,2,3,4,5,6],[1,6],[0,1,2,3,4,5,6],[3]]",FEASIBLE,FEASIBLE,FEASIBLE,null,0.208094,0.066026,0.003832,False
703681,4,6,"[2,1,1,3]","[2,2,1,3,3,2]","[[0,1,2],[4],[0,1,2,3,4,5],[0,1,5]]",FEASIBLE,FEASIBLE,FEASIBLE,null,0.077495,0.047645,0.002929,False
703682,3,6,"[2,1,1]","[3,2,1,1,2,3]","[[1,3,5],[0],[0,1,2,3,4]]",FEASIBLE,FEASIBLE,FEASIBLE,null,0.033927,0.027728,0.00183,False
703683,6,5,"[2,2,2,2,1,1]","[3,1,3,1,2]","[[3,4],[0,1,2,3,4],[0,3],[2,3],[2],[0,1,2,3,4]]",UNSAT,UNSAT,UNSAT,"[0, 2]",0.031193,0.057903,0.003673,False
703684,1,1,[1],[3],[[0]],FEASIBLE,FEASIBLE,FEASIBLE,null,0.090363,0.010765,0.000483,False
703685,5,5,"[1,3,3,2,1]","[1,3,2,1,2]","[[0,3],[0,1,2,3],[1,2,3,4],[0,1,3],[0,4]]",UNSAT,UNSAT,UNSAT,"[0, 1, 3]",0.069233,0.058844,0.003859,False
703686,1,2,[1],"[3,1]",[[1]],FEASIBLE,FEASIBLE,FEASIBLE,null,0.003781,0.011167,0.00059,False
703687,4,5,"[1,1,1,1]","[1,1,2,3,3]","[[1],[1],[2,3],[0]]",UNSAT,UNSAT,UNSAT,"[0, 1]",0.025463,0.042511,0.002048,False
703688,4,4,"[2,3,2,1]","[1,1,3,3]","[[0,1,2],[0,2,3],[0,1,2],[1,3]]",UNSAT,UNSAT,UNSAT,"[0, 1, 2]",0.037545,0.061986,0.003486,False
703689,7,1,"[1,1,1,1,1,1,1]",[1],"[[0],[0],[0],[0],[0],[0],[0]]",UNSAT,UNSAT,UNSAT,"[0, 1]",0.011972,0.040497,0.002139,False
703690,4,3,"[3,1,2,1]","[3,2,2]","[[0,1,2],[1,2],[0,1,2],[1,2]]",UNSAT,UNSAT,UNSAT,"[0, 1, 2, 3]",0.042804,0.046505,0.002756,False
703691,4,5,"[1,1,2,3]","[3,3,3,2,1]","[[2],[0],[0,2,3,4],[0,1,2,3,4]]",FEASIBLE,FEASIBLE,FEASIBLE,null,0.062446,0.035594,0.002057,False
703692,2,7,"[1,1]","[2,3,3,3,3,3,3]","[[0,1,6],[0,2,3,4,5,6]]",FEASIBLE,FEASIBLE,FEASIBLE,null,0.016966,0.027861,0.001716,False
703693,6,2,"[1,2,1,1,1,2]","[3,2]","[[0],[0,1],[0,1],[1],[0],[0,1]]",UNSAT,UNSAT,UNSAT,"[1, 3, 5]",0.071662,0.046161,0.002769,False
703694,6,5,"[1,3,3,1,1,2]","[3,3,1,1,3]","[[0,1,3],[0,1,3,4],[0,2,4],[0,4],[4],[0,4]]",UNSAT,UNSAT,UNSAT,"[1, 2, 3, 4, 5]",0.262076,0.093519,0.004788,False
703695,4,3,"[1,2,1,1]","[3,2,3]","[[1],[1,2],[0,1,2],[0,2]]",FEASIBLE,FEASIBLE,FEASIBLE,null,0.043798,0.028218,0.00159,False
703696,6,2,"[2,1,2,1,2,1]","[1,2]","[[0,1],[0,1],[0,1],[1],[0,1],[0]]",UNSAT,UNSAT,UNSAT,"[0, 2]",0.016559,0.046386,0.002715,False
703697,6,1,"[1,1,1,1,1,1]",[3],"[[0],[0],[0],[0],[0],[0]]",UNSAT,UNSAT,UNSAT,"[0, 1, 2, 3]",0.057529,0.037334,0.001923,False
703698,7,1,"[1,1,1,1,1,1,1]",[1],"[[0],[0],[0],[0],[0],[0],[0]]",UNSAT,UNSAT,UNSAT,"[0, 1]",0.011472,0.039224,0.002042,False
703699,5,6,"[1,1,1,2,3]","[2,1,3,2,3,1]","[[1,5],[2,4],[5],[0,1,2],[0,1,4,5]]",UNSAT,UNSAT,UNSAT,"[0, 2, 4]",0.09074,0.050906,0.00337,False
703700,3,5,"[1,1,2]","[3,3,3,1,2]","[[1],[1,2],[0,2]]",FEASIBLE,FEASIBLE,FEASIBLE,null,0.028341,0.023591,0.001338,False
703701,3,3,"[2,3,2]","[3,1,2]","[[0,1,2],[0,1,2],[0,1,2]]",UNSAT,UNSAT,UNSAT,"[0, 1, 2]",0.020068,0.041365,0.002589,False
703702,2,1,"[1,1]",[1],"[[0],[0]]",UNSAT,UNSAT,UNSAT,"[0, 1]",0.00607,0.023514,0.001017,False
703703,2,5,"[1,3]","[3,1,2,2,1]","[[0,1,2,3,4],[0,1,3]]",FEASIBLE,FEASIBLE,FEASIBLE,null,0.012881,0.024593,0.001499,False
703704,2,1,"[1,1]",[3],"[[0],[0]]",FEASIBLE,FEASIBLE,FEASIBLE,null,0.006108,0.013678,0.000677,False
703705,2,7,"[1,3]","[1,1,2,3,2,3,2]","[[2,3,4,5,6],[0,1,5,6]]",FEASIBLE,FEASIBLE,FEASIBLE,null,0.01591,0.026259,0.001788,False
703706,2,4,"[1,1]","[2,1,1,3]","[[2],[3]]",FEASIBLE,FEASIBLE,FEASIBLE,null,0.010913,0.015439,0.000969,False
703707,5,4,"[2,1,1,1,1]","[1,3,2,2]","[[0,3],[0,1,2,3],[0,1,2,3],[2],[0,1,2,3]]",FEASIBLE,FEASIBLE,FEASIBLE,null,0.117153,0.03925,0.002351,False
703708,6,3,"[1,1,2,2,1,1]","[3,3,1]","[[2],[0,1,2],[1,2],[0,2],[0,1],[2]]",UNSAT,UNSAT,UNSAT,"[0, 2]",0.024017,0.164228,0.002946,False
703709,6,2,"[1,1,2,1,1,2]","[2,3]","[[0],[0],[0,1],[0],[0],[0,1]]",UNSAT,UNSAT,UNSAT,"[0, 1, 2]",0.055343,0.054139,0.002567,False
703710,1,5,[3],"[1,3,3,2,2]","[[0,1,2,3,4]]",FEASIBLE,FEASIBLE,FEASIBLE,null,0.00739,0.024095,0.001233,False
703711,1,1,[1],[2],[[0]],FEASIBLE,FEASIBLE,FEASIBLE,null,0.003831,0.012203,0.000513,False
703712,5,4,"[2,1,2,1,2]","[1,3,2,1]","[[0,2,3],[1,2,3],[0,1,2,3],[0,1,3],[0,1]]",UNSAT,UNSAT,UNSAT,"[0, 1, 2, 3, 4]",0.135716,0.089767,0.004812,False
703713,3,2,"[1,1,1]","[3,3]","[[1],[1],[0]]",FEASIBLE,FEASIBLE,FEASIBLE,null,0.019594,0.0233,0.001097,False
703714,1,3,[1],"[2,2,3]",[[0]],FEASIBLE,FEASIBLE,FEASIBLE,null,0.005135,0.014864,0.000618,False
703715,2,3,"[2,1]","[1,2,3]","[[1,2],[0,2]]",FEASIBLE,FEASIBLE,FEASIBLE,null,0.011929,0.022794,0.001167,False
703716,7,7,"[3,1,3,2,2,3,3]","[1,1,1,1,3,3,2]","[[0,1,5],[5],[0,1,2,3,4,5,6],[0,1,2,3,4,5,6],[0,1,2,3,6],[0,1,2,3,4,5,6],[0,1,2,3,4,5,6]]",UNSAT,UNSAT,UNSAT,"[0, 1, 2, 4, 5]",0.617554,0.117712,0.008192,False
703717,5,7,"[2,2,1,1,1]","[1,2,2,1,3,1,1]","[[0,1,2,3,4,5,6],[0,2,4,6],[0,1,2,5,6],[0,1,2,3,4,5,6],[0,2,3,4,5,6]]",FEASIBLE,FEASIBLE,FEASIBLE,null,0.174146,0.05508,0.003839,False
703718,4,6,"[1,1,2,1]","[3,1,1,1,3,3]","[[0,2,3,4,5],[4],[1,2,3,4,5],[1,2]]",FEASIBLE,FEASIBLE,FEASIBLE,null,0.070151,0.048619,0.002899,False
703719,7,7,"[1,1,3,3,2,2,1]","[3,3,1,2,2,2,3]","[[0,1,2,3,4,5,6],[1,2],[0,1,3,4,5,6],[0,1,2,4,5,6],[0,1,2,3,4,5,6],[0,4,6],[0,1,2,3,4,6]]",FEASIBLE,FEASIBLE,FEASIBLE,null,0.800973,0.272608,0.005338,False
703720,2,2,"[1,2]","[1,1]","[[0],[0,1]]",UNSAT,UNSAT,UNSAT,"[0, 1]",0.012345,0.03051,0.001538,False
703721,1,6,[2],"[1,1,1,1,1,1]","[[3,4]]",FEASIBLE,FEASIBLE,FEASIBLE,null,0.005974,0.016392,0.000938,False
703722,4,4,"[3,2,1,1]","[1,3,1,1]","[[0,1,2,3],[0,1,2,3],[0,1,2,3],[0,1,2,3]]",UNSAT,UNSAT,UNSAT,"[0, 1, 2, 3]",0.050193,0.06575,0.00382,False
703723,4,1,"[1,1,1,1]",[1],"[[0],[0],[0],[0]]",UNSAT,UNSAT,UNSAT,"[0, 1]",0.013095,0.043054,0.001648,False
703724,1,3,[1],"[3,1,1]",[[2]],FEASIBLE,FEASIBLE,FEASIBLE,null,0.004111,0.011047,0.000668,False
703725,2,1,"[1,1]",[2],"[[0],[0]]",FEASIBLE,FEASIBLE,FEASIBLE,null,0.006346,0.030926,0.000654,False
703726,1,6,[1],"[3,2,2,1,1,2]","[[0,4]]",FEASIBLE,FEASIBLE,FEASIBLE,null,0.005672,0.01329,0.00085,False
703727,7,1,"[1,1,1,1,1,1,1]",[2],"[[0],[0],[0],[0],[0],[0],[0]]",UNSAT,UNSAT,UNSAT,"[0, 1, 2]",0.037054,0.040473,0.002035,False
703728,3,7,"[1,2,3]","[3,2,2,3,3,1,1]","[[3],[1,3,4,5,6],[2,3,5,6]]",FEASIBLE,FEASIBLE,FEASIBLE,null,0.0375,0.032569,0.002058,False
703729,5,3,"[1,1,2,2,1]","[1,1,2]","[[0,2],[2],[0,1,2],[0,1],[1]]",UNSAT,UNSAT,UNSAT,"[2, 3]",0.033865,0.082596,0.002785,False
703730,2,4,"[2,1]","[2,2,2,1]","[[0,1,2,3],[1]]",FEASIBLE,FEASIBLE,FEASIBLE,null,0.011678,0.020583,0.001209,False
703731,5,5,"[1,1,1,1,1]","[3,2,1,3,3]","[[3],[1,4],[0,1,2,3,4],[0,1,2,4],[0,1,2,4]]",FEASIBLE,FEASIBLE,FEASIBLE,null,0.126061,0.037385,0.002733,False
703732,4,6,"[2,1,2,1]","[3,3,2,1,2,1]","[[0,1,2,3,4,5],[0,1,2,3,4,5],[0,1,3,5],[0,3]]",FEASIBLE,FEASIBLE,FEASIBLE,null,0.075733,0.045034,0.002777,False
703733,3,5,"[3,1,3]","[1,1,3,2,1]","[[1,3,4],[3],[0,1,4]]",UNSAT,UNSAT,UNSAT,"[0, 2]",0.020795,0.05546,0.002367,False
703734,7,5,"[1,3,3,1,1,3,2]","[3,1,2,2,3]","[[0,1,2,4],[1,2,3],[0,2,4],[0,1,4],[1,2,3],[1,2,3,4],[0,1,3,4]]",UNSAT,UNSAT,UNSAT,"[1, 2, 5]",0.181503,0.081352,0.005738,False
703735,1,2,[1],"[2,3]","[[0,1]]",FEASIBLE,FEASIBLE,FEASIBLE,null,0.003694,0.012254,0.00065,False
703736,6,1,"[1,1,1,1,1,1]",[1],"[[0],[0],[0],[0],[0],[0]]",UNSAT,UNSAT,UNSAT,"[0, 1]",0.010422,0.035904,0.001748,False
703737,4,6,"[1,3,3,1]","[3,3,2,3,1,3]","[[0,3,5],[1,2,3,4],[0,1,2,3,4,5],[2,5]]",FEASIBLE,FEASIBLE,FEASIBLE,null,0.070969,0.041428,0.002574,False
703738,5,5,"[3,3,2,1,1]","[3,2,1,3,1]","[[0,1,4],[0,1,2,3,4],[1,2],[0,1,2,3,4],[0,1]]",UNSAT,UNSAT,UNSAT,"[0, 1, 2]",0.060921,0.077553,0.004902,False
703739,5,7,"[2,3,2,1,1]","[1,2,3,1,2,2,2]","[[0,4],[0,1,2,3,4,5,6],[1,2,3,4,5],[1],[1]]",FEASIBLE,FEASIBLE,FEASIBLE,null,0.174547,0.064431,0.003565,False
703740,1,2,[1],"[2,3]",[[0]],FEASIBLE,FEASIBLE,FEASIBLE,null,0.003753,0.010815,0.000562,False
703741,7,5,"[2,3,2,1,2,1,1]","[3,2,1,2,1]","[[0,1],[1,3,4],[2,3],[0,1,2,3],[0,1,2,3,4],[1,2,3,4],[3,4]]",UNSAT,UNSAT,UNSAT,"[1, 2, 6]",0.182807,0.090747,0.005104,False
703742,7,1,"[1,1,1,1,1,1,1]",[3],"[[0],[0],[0],[0],[0],[0],[0]]",UNSAT,UNSAT,UNSAT,"[0, 1, 2, 3]",0.08416,0.041966,0.001963,False
703743,4,1,"[1,1,1,1]",[1],"[[0],[0],[0],[0]]",UNSAT,UNSAT,UNSAT,"[0, 1]",0.008127,0.02814,0.001501,False
703744,4,5,"[2,2,3,2]","[2,3,2,2,2]","[[1,2,3,4],[0,2],[0,1,4],[1,4]]",FEASIBLE,FEASIBLE,FEASIBLE,null,0.061184,0.038625,0.002145,False
703745,2,5,"[1,1]","[3,2,3,2,2]","[[2],[0,1,2,3]]",FEASIBLE,FEASIBLE,FEASIBLE,null,0.012779,0.020332,0.001235,False
703746,4,4,"[2,1,2,1]","[3,3,1,2]","[[0,1,2,3],[1,2,3],[0,1,2,3],[0,1,2,3]]",FEASIBLE,FEASIBLE,FEASIBLE,null,0.052701,0.038372,0.002224,False
703747,5,3,"[2,1,1,2,1]","[1,1,2]","[[0,1,2],[0,2],[0,1,2],[0,1,2],[2]]",UNSAT,UNSAT,UNSAT,"[0, 1, 3]",0.049432,0.04883,0.003153,False
703748,2,1,"[1,1]",[2],"[[0],[0]]",FEASIBLE,FEASIBLE,FEASIBLE,null,0.007412,0.016419,0.00059,False
703749,1,4,[1],"[3,2,2,2]","[[1,2,3]]",FEASIBLE,FEASIBLE,FEASIBLE,null,0.004773,0.013136,0.000831,False
703750,6,3,"[1,2,1,1,1,1]","[1,1,1]","[[1],[0,1],[2],[1],[0,1,2],[1]]",UNSAT,UNSAT,UNSAT,"[0, 1]",0.018322,0.046036,0.002925,False
703751,2,7,"[3,1]","[1,2,3,2,1,1,1]","[[0,2,4,5,6],[0,1,2,3,4,5,6]]",FEASIBLE,FEASIBLE,FEASIBLE,null,0.020598,0.029724,0.001887,False
703752,3,4,"[1,1,1]","[2,2,3,1]","[[0,1,2,3],[3],[2]]",FEASIBLE,FEASIBLE,FEASIBLE,null,0.02419,0.022209,0.001405,False
703753,6,4,"[1,1,1,3,1,2]","[1,3,3,1]","[[0,2],[2],[1],[1,2,3],[1,2,3],[0,1,2]]",UNSAT,UNSAT,UNSAT,"[0, 1, 2, 3, 4, 5]",0.22256,0.061367,0.0037,False
703754,2,6,"[2,1]","[1,1,3,1,3,1]","[[0,1],[0]]",UNSAT,UNSAT,UNSAT,"[0, 1]",0.014356,0.11555,0.001634,False
703755,6,5,"[1,3,1,1,3,3]","[2,3,3,2,1]","[[0,1,2,4],[0,1,3],[0,2,4],[0,1,2,3,4],[1,2,3],[0,1,2,4]]",UNSAT,UNSAT,UNSAT,"[0, 1, 2, 3, 4, 5]",0.263837,0.075057,0.005232,False
703756,4,4,"[1,2,1,2]","[1,1,1,3]","[[0,3],[0,1,2],[3],[0,2]]",UNSAT,UNSAT,UNSAT,"[1, 3]",0.034306,0.051268,0.003054,False
703757,4,6,"[2,3,3,2]","[2,2,3,3,3,3]","[[0,1,2,3,4],[0,1,2,3,4,5],[0,1,4,5],[0,1,2,3,4,5]]",FEASIBLE,FEASIBLE,FEASIBLE,null,0.070545,0.064006,0.003969,False
703758,7,5,"[2,2,2,1,1,1,3]","[1,3,1,2,2]","[[1,2,3,4],[0,1,2,3,4],[0,1,3,4],[0,1,2,4],[1,4],[0,4],[0,1,2]]",UNSAT,UNSAT,UNSAT,"[0, 1, 2, 3, 6]",0.445655,0.115383,0.006418,False
703759,1,2,[1],"[3,2]","[[0,1]]",FEASIBLE,FEASIBLE,FEASIBLE,null,0.003728,0.013754,0.000641,False
703760,1,4,[2],"[1,1,2,2]","[[0,2]]",FEASIBLE,FEASIBLE,FEASIBLE,null,0.006324,0.013974,0.000781,False
703761,6,4,"[3,2,1,2,1,3]","[3,1,2,1]","[[0,1,2,3],[0,1,2,3],[0,1,2],[0,1],[1,3],[0,1,3]]",UNSAT,UNSAT,UNSAT,"[0, 5]",0.034256,0.067086,0.004386,False
703762,3,7,"[2,1,3]","[2,1,2,1,3,3,1]","[[0,1,2,3,4,5,6],[0,1,2,6],[0,3,5,6]]",FEASIBLE,FEASIBLE,FEASIBLE,null,0.038828,0.038056,0.002582,False
703763,5,4,"[3,1,1,1,2]","[2,1,3,2]","[[0,1,2],[2],[0],[3],[0,1,3]]",UNSAT,UNSAT,UNSAT,"[0, 2, 4]",0.063916,0.048536,0.002826,False
703764,5,4,"[2,1,1,2,2]","[2,3,3,1]","[[0,1,2,3],[0],[0,2,3],[0,1,2,3],[0,1,2,3]]",FEASIBLE,FEASIBLE,FEASIBLE,null,0.103072,0.134378,0.002512,False
703765,5,1,"[1,1,1,1,1]",[1],"[[0],[0],[0],[0],[0]]",UNSAT,UNSAT,UNSAT,"[0, 1]",0.00911,0.032279,0.001761,False
703766,5,7,"[1,3,1,2,1]","[2,2,2,2,1,3,1]","[[2],[0,1,2,3,4,5,6],[1,2],[1,4,5,6],[3]]",FEASIBLE,FEASIBLE,FEASIBLE,null,0.171233,0.043208,0.002687,False
703767,1,7,[2],"[3,1,1,3,3,2,3]","[[3,6]]",FEASIBLE,FEASIBLE,FEASIBLE,null,0.006307,0.015848,0.00093,False
703768,7,7,"[1,2,3,2,3,2,3]","[1,1,1,3,1,1,3]","[[1,3,4],[0,2,3,5],[0,1,2,3,4],[0,2,3,4,5,6],[0,2,3,4,5],[0,1,2,3,4,6],[0,1,2,3,4,5,6]]",UNSAT,UNSAT,UNSAT,"[0, 1, 2, 4]",0.353925,0.155276,0.009215,False
703769,2,2,"[1,2]","[1,3]","[[0],[0,1]]",UNSAT,UNSAT,UNSAT,"[0, 1]",0.01005,0.025298,0.001416,False
703770,3,3,"[1,1,1]","[2,1,1]","[[0,1,2],[0,1],[0,1]]",FEASIBLE,FEASIBLE,FEASIBLE,null,0.019683,0.022601,0.00139,False
703771,2,4,"[1,1]","[2,2,1,3]","[[0,1,2,3],[2]]",FEASIBLE,FEASIBLE,FEASIBLE,null,0.011155,0.01727,0.001157,False
703772,4,2,"[2,1,1,2]","[1,1]","[[0,1],[1],[0],[0,1]]",UNSAT,UNSAT,UNSAT,"[0, 1]",0.010978,0.033667,0.002123,False
703773,2,5,"[1,3]","[1,2,2,1,2]","[[0,1,3],[0,1,2,3,4]]",FEASIBLE,FEASIBLE,FEASIBLE,null,0.013256,0.025476,0.001589,False
703774,6,3,"[2,1,1,1,1,1]","[3,1,3]","[[0,1],[0,1,2],[0],[2],[1],[2]]",UNSAT,UNSAT,UNSAT,"[0, 4]",0.026237,0.048395,0.002507,False
703775,2,1,"[1,1]",[1],"[[0],[0]]",UNSAT,UNSAT,UNSAT,"[0, 1]",0.005814,0.023902,0.000902,False
703776,3,5,"[3,1,1]","[2,3,1,3,1]","[[0,2,3],[1,4],[0,1,2,3,4]]",FEASIBLE,FEASIBLE,FEASIBLE,null,0.030962,0.117601,0.001861,False
703777,5,2,"[2,1,2,1,1]","[2,3]","[[0,1],[0],[0,1],[1],[0]]",UNSAT,UNSAT,UNSAT,"[0, 1, 2]",0.031765,0.039896,0.002301,False
703778,2,5,"[3,3]","[1,2,3,2,2]","[[0,1,2,3,4],[1,2,3]]",FEASIBLE,FEASIBLE,FEASIBLE,null,0.013327,0.028225,0.001635,False
703779,6,4,"[1,1,1,2,2,2]","[3,1,3,2]","[[1,2],[2],[0,2,3],[0,1,3],[0,3],[0,1,2,3]]",FEASIBLE,FEASIBLE,FEASIBLE,null,0.272201,0.058308,0.003284,False
703780,7,7,"[1,2,3,3,1,3,3]","[1,1,1,3,2,3,1]","[[0,4],[0,1,2,3,4,5,6],[3,5,6],[0,2,6],[4],[1,5,6],[0,1,2,3,4,5,6]]",UNSAT,UNSAT,UNSAT,"[2, 3]",0.095261,0.115304,0.007657,False
703781,4,3,"[1,2,1,1]","[1,1,1]","[[1],[0,1,2],[0],[0,1]]",UNSAT,UNSAT,UNSAT,"[0, 1, 2]",0.03071,0.046844,0.002354,False
703782,6,2,"[2,2,2,2,2,1]","[2,3]","[[0,1],[0,1],[0,1],[0,1],[0,1],[0,1]]",UNSAT,UNSAT,UNSAT,"[0, 1, 2]",0.043424,0.05232,0.003076,False
703783,1,1,[1],[3],[[0]],FEASIBLE,FEASIBLE,FEASIBLE,null,0.002956,0.010574,0.00056,False
703784,7,6,"[1,1,1,3,1,2,1]","[1,3,1,3,3,3]","[[2],[1],[2,3,4],[0,2,3,5],[4],[0,1,3,4,5],[1,2,3,4,5]]",FEASIBLE,FEASIBLE,FEASIBLE,null,0.679781,0.054961,0.003299,False
703785,7,5,"[3,3,1,1,2,1,3]","[2,2,2,2,3]","[[0,1,2,4],[0,1,2,3,4],[0,1,2,3],[0,1,2,3,4],[0,3],[0],[1,2,3]]",UNSAT,UNSAT,UNSAT,"[0, 1, 4, 6]",0.30477,0.110299,0.006373,False
703786,6,3,"[1,3,1,1,1,2]","[1,1,1]","[[0,2],[0,1,2],[2],[1],[0],[1,2]]",UNSAT,UNSAT,UNSAT,"[0, 1]",0.023116,0.18117,0.002883,False
703787,4,1,"[1,1,1,1]",[1],"[[0],[0],[0],[0]]",UNSAT,UNSAT,UNSAT,"[0, 1]",0.009721,0.030868,0.001404,False
703788,6,7,"[3,1,1,3,2,1]","[1,3,2,1,3,3,2]","[[0,3,4,6],[1,4,5],[1,6],[0,2,4,6],[5,6],[4]]",FEASIBLE,FEASIBLE,FEASIBLE,null,0.392433,0.082761,0.003198,False
703789,4,6,"[3,3,3,1]","[1,3,1,3,2,2]","[[1,3,5],[0,1,2,3,4,5],[0,3,4,5],[1]]",FEASIBLE,FEASIBLE,FEASIBLE,null,0.073285,0.051156,0.002704,False
703790,3,4,"[1,1,2]","[1,3,3,1]","[[0,2],[0,2,3],[0,2,3]]",FEASIBLE,FEASIBLE,FEASIBLE,null,0.025136,0.029321,0.001493,False
703791,2,4,"[1,2]","[3,2,3,2]","[[0,3],[0,1,2,3]]",FEASIBLE,FEASIBLE,FEASIBLE,null,0.011782,0.020777,0.001297,False
703792,5,5,"[1,1,1,3,2]","[2,3,3,3,2]","[[1],[0,1,3],[4],[0,1,2,3,4],[0,1,2,3,4]]",FEASIBLE,FEASIBLE,FEASIBLE,null,0.128972,0.04515,0.002606,False
703793,5,5,"[2,2,1,1,3]","[2,1,1,3,3]","[[1,4],[0,1,2,3,4],[3],[0],[0,1,2,3,4]]",FEASIBLE,FEASIBLE,FEASIBLE,null,0.131167,0.060303,0.003065,False
703794,6,1,"[1,1,1,1,1,1]",[3],"[[0],[0],[0],[0],[0],[0]]",UNSAT,UNSAT,UNSAT,"[0, 1, 2, 3]",0.056606,0.03932,0.001902,False
703795,5,4,"[1,2,3,2,1]","[2,2,1,2]","[[0,1,2,3],[0,2],[0,1,3],[0,2,3],[0,2,3]]",UNSAT,UNSAT,UNSAT,"[1, 2, 3]",0.073284,0.076285,0.014836,False
703796,7,4,"[3,2,1,3,2,1,1]","[3,3,2,3]","[[0,1,2],[1,2],[0,2],[0,1,2,3],[2,3],[0,3],[0]]",UNSAT,UNSAT,UNSAT,"[0, 1, 4]",0.106243,0.160856,0.004239,False
703797,1,7,[2],"[2,1,3,1,3,1,2]","[[2,3]]",FEASIBLE,FEASIBLE,FEASIBLE,null,0.007173,0.018032,0.000938,False
703798,3,3,"[2,2,2]","[1,1,3]","[[0,1,2],[0,1],[1,2]]",UNSAT,UNSAT,UNSAT,"[0, 1]",0.012743,0.051282,0.002756,False
703799,4,3,"[3,2,3,1]","[3,3,2]","[[0,1,2],[0,2],[0,1,2],[1]]",UNSAT,UNSAT,UNSAT,"[0, 1, 2]",0.031488,0.050539,0.002479,False
703800,3,7,"[2,3,1]","[3,2,2,2,2,2,2]","[[0,1,2,3,4],[1,3,4],[1,6]]",FEASIBLE,FEASIBLE,FEASIBLE,null,0.040937,0.03605,0.001988,False
703801,2,4,"[1,3]","[2,1,2,3]","[[2],[0,2,3]]",FEASIBLE,FEASIBLE,FEASIBLE,null,0.011983,0.022673,0.001236,False
703802,7,2,"[1,1,2,2,1,1,1]","[2,2]","[[0,1],[0],[0,1],[0,1],[0,1],[0,1],[0,1]]",UNSAT,UNSAT,UNSAT,"[0, 2, 3]",0.084362,0.059938,0.003285,False
703803,4,4,"[1,1,1,2]","[3,1,2,2]","[[0,1],[0,3],[0,3],[0,1,2,3]]",FEASIBLE,FEASIBLE,FEASIBLE,null,0.054359,0.033002,0.001783,False
703804,7,6,"[1,3,1,1,3,1,1]","[2,3,2,2,1,2]","[[0,2,3,4],[0,1,2,5],[0,1,2,3,4,5],[0,4],[3,4,5],[0,2,3,4,5],[0,1,3,4]]",FEASIBLE,FEASIBLE,FEASIBLE,null,0.701508,0.086201,0.005276,False
703805,7,3,"[2,3,1,1,1,1,1]","[1,1,1]","[[0,1,2],[0,1,2],[0,1,2],[0],[0],[1],[0]]",UNSAT,UNSAT,UNSAT,"[0, 1]",0.022361,0.057886,0.003447,False
703806,2,3,"[1,1]","[1,3,3]","[[1,2],[0,1,2]]",FEASIBLE,FEASIBLE,FEASIBLE,null,0.010381,0.019515,0.001124,False
703807,7,5,"[2,1,1,3,3,1,3]","[2,3,2,3,2]","[[3,4],[3,4],[3],[1,2,3,4],[0,1,2,3,4],[0,2,3,4],[0,1,2,3,4]]",UNSAT,UNSAT,UNSAT,"[0, 1, 2, 3, 4, 6]",0.591248,0.308919,0.005246,False
703808,3,3,"[2,2,2]","[1,3,3]","[[1,2],[0,1],[0,1,2]]",FEASIBLE,FEASIBLE,FEASIBLE,null,0.022819,0.032054,0.0015,False
703809,2,1,"[1,1]",[1],"[[0],[0]]",UNSAT,UNSAT,UNSAT,"[0, 1]",0.006537,0.023123,0.000918,False
703810,2,4,"[1,1]","[2,2,1,2]","[[0,2],[0,2]]",FEASIBLE,FEASIBLE,FEASIBLE,null,0.012346,0.018516,0.001022,False
703811,6,3,"[1,2,1,1,1,1]","[2,2,3]","[[0,1],[0,1,2],[0],[0,1,2],[0,2],[0,1,2]]",FEASIBLE,FEASIBLE,FEASIBLE,null,0.191697,0.063492,0.003666,False
703812,2,1,"[1,1]",[1],"[[0],[0]]",UNSAT,UNSAT,UNSAT,"[0, 1]",0.006688,0.022734,0.001263,False
703813,7,1,"[1,1,1,1,1,1,1]",[3],"[[0],[0],[0],[0],[0],[0],[0]]",UNSAT,UNSAT,UNSAT,"[0, 1, 2, 3]",0.089145,0.046996,0.002306,False
703814,3,3,"[1,3,3]","[1,2,2]","[[2],[0,1,2],[0,1,2]]",UNSAT,UNSAT,UNSAT,"[1, 2]",0.018349,0.041761,0.002506,False
703815,2,2,"[1,1]","[1,3]","[[0,1],[0,1]]",FEASIBLE,FEASIBLE,FEASIBLE,null,0.009093,0.018611,0.001022,False
703816,7,1,"[1,1,1,1,1,1,1]",[3],"[[0],[0],[0],[0],[0],[0],[0]]",UNSAT,UNSAT,UNSAT,"[0, 1, 2, 3]",0.090154,0.050935,0.001654,False
703817,7,1,"[1,1,1,1,1,1,1]",[2],"[[0],[0],[0],[0],[0],[0],[0]]",UNSAT,UNSAT,UNSAT,"[0, 1, 2]",0.04086,0.043591,0.001794,False
703818,3,4,"[2,2,2]","[3,3,3,2]","[[0,1],[0,1,2,3],[0,1,2,3]]",FEASIBLE,FEASIBLE,FEASIBLE,null,0.026366,0.03359,0.001836,False
703819,1,7,[2],"[2,3,1,2,1,1,2]","[[1,3,6]]",FEASIBLE,FEASIBLE,FEASIBLE,null,0.007094,0.019974,0.001165,False
703820,3,2,"[1,1,1]","[2,2]","[[0,1],[1],[0]]",FEASIBLE,FEASIBLE,FEASIBLE,null,0.017248,0.02011,0.00106,False
703821,7,4,"[1,1,3,1,2,1,3]","[1,1,1,1]","[[2],[3],[1,2,3],[0,2,3],[0,1,2,3],[0,2,3],[1,2,3]]",UNSAT,UNSAT,UNSAT,"[0, 2]",0.032582,0.157891,0.004446,False
703822,2,5,"[1,3]","[1,1,1,3,2]","[[1],[1,2,3,4]]",FEASIBLE,FEASIBLE,FEASIBLE,null,0.0144,0.026125,0.001473,False
703823,7,2,"[1,1,1,2,2,1,1]","[1,2]","[[0],[0,1],[0,1],[0,1],[0,1],[0,1],[0,1]]",UNSAT,UNSAT,UNSAT,"[0, 3]",0.036512,0.078356,0.002981,False
703824,4,1,"[1,1,1,1]",[2],"[[0],[0],[0],[0]]",UNSAT,UNSAT,UNSAT,"[0, 1, 2]",0.017384,0.032596,0.00158,False
703825,1,1,[1],[1],[[0]],FEASIBLE,FEASIBLE,FEASIBLE,null,0.003416,0.011004,0.000563,False
703826,3,4,"[1,1,2]","[2,2,2,1]","[[1],[0],[0,1]]",FEASIBLE,FEASIBLE,FEASIBLE,null,0.028277,0.023416,0.001183,False
703827,2,3,"[1,3]","[1,2,1]","[[2],[0,1,2]]",UNSAT,UNSAT,UNSAT,"[0, 1]",0.010079,0.035866,0.001729,False
703828,5,2,"[1,1,1,1,1]","[1,1]","[[0],[0],[0,1],[0,1],[1]]",UNSAT,UNSAT,UNSAT,"[0, 1]",0.013599,0.040639,0.0024,False
703829,3,7,"[1,2,3]","[3,2,1,3,2,2,1]","[[0,1,3,6],[0,2,4],[0,1,2,3,5,6]]",FEASIBLE,FEASIBLE,FEASIBLE,null,0.040553,0.03846,0.00242,False
703830,4,2,"[1,2,1,1]","[3,3]","[[1],[0,1],[1],[1]]",UNSAT,UNSAT,UNSAT,"[0, 1, 2, 3]",0.035022,0.03852,0.001944,False
703831,3,7,"[2,1,3]","[2,2,2,2,1,2,1]","[[2,4],[0,1,3,4,5,6],[1,3,4]]",UNSAT,UNSAT,UNSAT,"[0, 2]",0.028418,0.047454,0.0028,False
703832,6,2,"[1,1,1,1,1,2]","[2,2]","[[0],[0],[0,1],[0,1],[0,1],[0,1]]",UNSAT,UNSAT,UNSAT,"[0, 1, 5]",0.051546,0.052348,0.002599,False
703833,4,3,"[1,1,1,2]","[1,2,2]","[[0,1,2],[1],[0],[0,1]]",UNSAT,UNSAT,UNSAT,"[2, 3]",0.028652,0.133997,0.002646,False
703834,1,1,[1],[1],[[0]],FEASIBLE,FEASIBLE,FEASIBLE,null,0.00319,0.010499,0.000548,False
703835,6,5,"[3,1,1,3,3,1]","[1,1,3,2,2]","[[1,2,3,4],[0],[1,2,3],[0,1,2,3,4],[0,2,3,4],[2]]",UNSAT,UNSAT,UNSAT,"[0, 1, 3, 4]",0.195546,0.074226,0.004664,False
703836,3,7,"[1,2,2]","[2,1,1,3,3,2,1]","[[0,1,2,3,4,5,6],[3,5,6],[0,1,3,4,5,6]]",FEASIBLE,FEASIBLE,FEASIBLE,null,0.042218,0.037362,0.002549,False
703837,2,4,"[1,1]","[1,3,1,3]","[[0,1,2,3],[0,1,2]]",FEASIBLE,FEASIBLE,FEASIBLE,null,0.01449,0.021921,0.001214,False
703838,1,5,[1],"[3,2,2,1,1]",[[0]],FEASIBLE,FEASIBLE,FEASIBLE,null,0.005606,0.013155,0.000732,False
703839,5,3,"[1,1,1,2,3]","[3,2,3]","[[0,1],[0,1,2],[1],[0,1,2],[0,1,2]]",FEASIBLE,FEASIBLE,FEASIBLE,null,0.092953,0.056302,0.002666,False
703840,4,1,"[1,1,1,1]",[1],"[[0],[0],[0],[0]]",UNSAT,UNSAT,UNSAT,"[0, 1]",0.008753,0.044843,0.001419,False
703841,6,3,"[1,1,1,1,1,3]","[1,2,1]","[[0,1,2],[0,1,2],[0,2],[1,2],[1],[0,1,2]]",UNSAT,UNSAT,UNSAT,"[2, 5]",0.049546,0.056287,0.00355,False
703842,2,7,"[1,2]","[3,2,2,3,1,3,3]","[[0,1,2,3,4,5],[0,1,3,5]]",FEASIBLE,FEASIBLE,FEASIBLE,null,0.018187,0.027022,0.001734,False
703843,4,7,"[1,2,2,1]","[1,3,3,3,2,3,2]","[[0,1,4,6],[2,3,4,6],[5,6],[3,4]]",FEASIBLE,FEASIBLE,FEASIBLE,null,0.087413,0.037252,0.002204,False
703844,5,7,"[1,3,1,2,1]","[3,1,1,2,2,1,1]","[[4],[0,2,3,5],[6],[0,1,2,5,6],[0,1,3,4,5]]",FEASIBLE,FEASIBLE,FEASIBLE,null,0.183514,0.051691,0.002878,False
703845,1,2,[2],"[1,3]","[[0,1]]",FEASIBLE,FEASIBLE,FEASIBLE,null,0.004336,0.014811,0.000699,False
703846,7,2,"[1,1,1,1,1,1,2]","[3,1]","[[0,1],[1],[1],[0,1],[0,1],[1],[0,1]]",UNSAT,UNSAT,UNSAT,"[1, 2]",0.02989,0.051713,0.003089,False
703847,3,3,"[1,1,1]","[3,1,2]","[[0,1,2],[0,1,2],[1]]",FEASIBLE,FEASIBLE,FEASIBLE,null,0.021559,0.023203,0.001289,False
703848,2,7,"[3,3]","[3,2,2,3,3,1,2]","[[0,1,2,4,6],[0,1,2,3,5,6]]",FEASIBLE,FEASIBLE,FEASIBLE,null,0.018354,0.033464,0.001962,False
703849,6,3,"[3,1,2,3,1,1]","[2,2,2]","[[0,1,2],[1],[0,1,2],[0,1,2],[1],[0,2]]",UNSAT,UNSAT,UNSAT,"[0, 1, 3]",0.064297,0.103787,0.003224,False
703850,6,5,"[1,1,2,3,3,1]","[1,2,1,2,2]","[[1],[0,2,3,4],[0,3],[0,1,2,3,4],[0,3,4],[2]]",UNSAT,UNSAT,UNSAT,"[2, 4]",0.073272,0.09146,0.005327,False
703851,3,2,"[1,2,2]","[1,1]","[[0],[0,1],[0,1]]",UNSAT,UNSAT,UNSAT,"[0, 1]",0.010464,0.034643,0.001924,False
703852,4,3,"[1,1,2,1]","[2,1,2]","[[0],[0,1,2],[0,1],[0,1]]",UNSAT,UNSAT,UNSAT,"[0, 2, 3]",0.040294,0.055687,0.002978,False
703853,3,6,"[1,2,1]","[2,2,1,2,1,3]","[[2,4,5],[0,2],[0,1,2,3,4,5]]",FEASIBLE,FEASIBLE,FEASIBLE,null,0.037165,0.041807,0.002529,False
703854,1,5,[1],"[1,3,1,3,3]","[[0,1,2,3,4]]",FEASIBLE,FEASIBLE,FEASIBLE,null,0.005887,0.016716,0.001051,False
703855,6,2,"[1,1,1,1,1,1]","[3,1]","[[0,1],[0],[0],[0,1],[0,1],[0]]",UNSAT,UNSAT,UNSAT,"[0, 1, 2, 3, 4]",0.144366,0.050564,0.002542,False
703856,1,7,[1],"[1,1,3,3,1,2,2]","[[2,4]]",FEASIBLE,FEASIBLE,FEASIBLE,null,0.007296,0.021767,0.000882,False
703857,1,2,[2],"[1,3]","[[0,1]]",FEASIBLE,FEASIBLE,FEASIBLE,null,0.0038,0.109191,0.000672,False
703858,3,5,"[2,2,1]","[3,1,1,1,2]","[[0,1,2,3,4],[0,1,2,3],[0,1,2,3]]",FEASIBLE,FEASIBLE,FEASIBLE,null,0.031668,0.034804,0.001974,False
703859,7,7,"[3,3,1,2,1,1,1]","[1,3,1,1,1,2,3]","[[0,1,3,6],[1,3,4],[0,1,2,3,4,5,6],[1,4,6],[2],[0,1,3,4,5,6],[1,4,6]]",FEASIBLE,FEASIBLE,FEASIBLE,null,0.848172,0.101256,0.005249,False
703860,3,6,"[1,1,1]","[3,2,1,3,3,3]","[[0,1,2,4,5],[0,1,2,3,4,5],[1]]",FEASIBLE,FEASIBLE,FEASIBLE,null,0.03685,0.030639,0.00181,False
703861,2,1,"[1,1]",[2],"[[0],[0]]",FEASIBLE,FEASIBLE,FEASIBLE,null,0.006414,0.015459,0.000579,False
703862,5,3,"[1,1,1,2,3]","[3,2,3]","[[0],[0,2],[0],[0,2],[0,1,2]]",UNSAT,UNSAT,UNSAT,"[0, 2, 3, 4]",0.089134,0.065426,0.003168,False
703863,5,6,"[2,1,2,3,1]","[1,2,2,2,3,1]","[[3,5],[5],[0,1,2,3,4,5],[1,2,4,5],[0,1,2,3,5]]",UNSAT,UNSAT,UNSAT,"[0, 1]",0.030437,0.061888,0.003615,False
703864,3,1,"[1,1,1]",[3],"[[0],[0],[0]]",FEASIBLE,FEASIBLE,FEASIBLE,null,0.015358,0.022447,0.000943,False
703865,3,2,"[1,1,2]","[3,1]","[[0,1],[0],[0,1]]",FEASIBLE,FEASIBLE,FEASIBLE,null,0.01772,0.024793,0.001155,False
703866,6,6,"[1,3,1,1,2,1]","[3,1,2,1,2,3]","[[5],[0,1,2,3,4,5],[2,3,4],[0,1,2],[0,1,2,3,5],[5]]",FEASIBLE,FEASIBLE,FEASIBLE,null,0.348092,0.054612,0.002981,False
703867,1,3,[1],"[2,1,3]",[[2]],FEASIBLE,FEASIBLE,FEASIBLE,null,0.005751,0.014689,0.00067,False
703868,6,7,"[1,1,1,1,1,1]","[2,3,1,1,1,2,3]","[[1,2,3,4,5],[6],[1,4],[3],[2],[1,2,6]]",FEASIBLE,FEASIBLE,FEASIBLE,null,0.39971,0.141164,0.002337,False
703869,1,6,[1],"[2,2,2,2,2,3]","[[0,1,2,3,4,5]]",FEASIBLE,FEASIBLE,FEASIBLE,null,0.006848,0.018547,0.001157,False
703870,6,7,"[2,2,3,1,1,1]","[3,1,1,2,3,3,3]","[[2,6],[0,1,2,3,5,6],[0,1,2,3,4,5,6],[0,1,2,3,4,5,6],[6],[0,1,2,4,5,6]]",FEASIBLE,FEASIBLE,FEASIBLE,null,0.401141,0.065931,0.004264,False
703871,4,7,"[3,3,2,2]","[3,2,1,3,3,1,3]","[[0,1,2,3,4,5,6],[3,4,5],[1,3,4,5],[2,6]]",FEASIBLE,FEASIBLE,FEASIBLE,null,0.091662,0.079253,0.003559,False
703872,4,2,"[1,1,1,1]","[3,3]","[[0,1],[0,1],[0,1],[0]]",FEASIBLE,FEASIBLE,FEASIBLE,null,0.035465,0.036042,0.001737,False
703873,4,2,"[2,1,1,2]","[1,3]","[[0,1],[1],[0],[0,1]]",UNSAT,UNSAT,UNSAT,"[0, 2]",0.014625,0.039265,0.001956,False
703874,4,7,"[1,1,1,3]","[2,1,1,3,2,3,1]","[[2,5],[4],[0],[0,1,2,3,4,5]]",FEASIBLE,FEASIBLE,FEASIBLE,null,0.089602,0.037985,0.002098,False
703875,4,1,"[1,1,1,1]",[3],"[[0],[0],[0],[0]]",UNSAT,UNSAT,UNSAT,"[0, 1, 2, 3]",0.024165,0.033282,0.001487,False
703876,7,6,"[2,3,1,2,3,1,1]","[1,2,2,3,2,3]","[[2,3,5],[2,3,4],[0],[0,1,2,3,4,5],[2,3,4],[1,4,5],[0,1,2,3,4]]",FEASIBLE,FEASIBLE,FEASIBLE,null,0.729377,0.094521,0.004768,False
703877,5,6,"[2,2,1,1,3]","[3,2,1,3,2,1]","[[0,1,3],[0,1,3,4,5],[0,1,3],[2,3],[2,3,4]]",FEASIBLE,FEASIBLE,FEASIBLE,null,0.168496,0.068881,0.003887,False
703878,4,1,"[1,1,1,1]",[3],"[[0],[0],[0],[0]]",UNSAT,UNSAT,UNSAT,"[0, 1, 2, 3]",0.024883,0.130104,0.001693,False
703879,1,6,[2],"[3,2,2,2,2,2]","[[0,1,2,3,4,5]]",FEASIBLE,FEASIBLE,FEASIBLE,null,0.006622,0.023359,0.001105,False
703880,6,3,"[1,2,1,1,2,1]","[3,1,1]","[[0,2],[0,2],[0,1],[1],[0,1,2],[1]]",UNSAT,UNSAT,UNSAT,"[3, 5]",0.072328,0.058593,0.00322,False
703881,3,2,"[1,2,2]","[1,1]","[[1],[0,1],[0,1]]",UNSAT,UNSAT,UNSAT,"[0, 1]",0.013459,0.03657,0.00194,False
703882,5,4,"[3,1,3,2,1]","[1,2,2,1]","[[0,1,2,3],[1,2],[0,1,2,3],[0,1,2,3],[2,3]]",UNSAT,UNSAT,UNSAT,"[0, 1, 2]",0.059893,0.066619,0.003935,False
703883,2,1,"[1,1]",[3],"[[0],[0]]",FEASIBLE,FEASIBLE,FEASIBLE,null,0.006709,0.016302,0.000605,False
703884,2,3,"[1,1]","[1,2,3]","[[0,1],[0,1,2]]",FEASIBLE,FEASIBLE,FEASIBLE,null,0.010733,0.020777,0.001126,False
703885,4,6,"[2,2,1,3]","[1,2,3,1,2,2]","[[0,2,4],[0,2,4,5],[0,1,2,3,4,5],[0,1,4,5]]",FEASIBLE,FEASIBLE,FEASIBLE,null,0.080427,0.050084,0.002901,False
703886,2,6,"[3,2]","[2,3,1,1,3,1]","[[1,2,3,4,5],[0,1,4,5]]",FEASIBLE,FEASIBLE,FEASIBLE,null,0.017154,0.031725,0.001741,False
703887,5,5,"[1,1,1,1,1]","[1,1,1,2,3]","[[0,1,2,3,4],[0,2,4],[0,2,3,4],[2,3],[0,4]]",FEASIBLE,FEASIBLE,FEASIBLE,null,0.144954,0.043444,0.002645,False
703888,4,1,"[1,1,1,1]",[3],"[[0],[0],[0],[0]]",UNSAT,UNSAT,UNSAT,"[0, 1, 2, 3]",0.024414,0.034274,0.001293,False
703889,1,6,[3],"[2,3,1,3,3,2]","[[0,1,2,3,4,5]]",FEASIBLE,FEASIBLE,FEASIBLE,null,0.00647,0.027644,0.001086,False
703890,7,3,"[1,1,3,2,2,1,1]","[2,1,3]","[[1,2],[2],[0,1,2],[0,1,2],[0,1],[0],[2]]",UNSAT,UNSAT,UNSAT,"[2, 4]",0.057669,0.153592,0.003677,False
703891,3,2,"[1,1,1]","[3,3]","[[0,1],[0,1],[0,1]]",FEASIBLE,FEASIBLE,FEASIBLE,null,0.017816,0.023088,0.001132,False
703892,7,2,"[1,1,1,2,2,2,1]","[1,2]","[[0,1],[1],[0,1],[0,1],[0,1],[0,1],[0]]",UNSAT,UNSAT,UNSAT,"[3, 4]",0.060368,0.058631,0.002898,False
703893,4,3,"[2,2,3,1]","[2,2,1]","[[0,1,2],[0,2],[0,1,2],[0,1,2]]",UNSAT,UNSAT,UNSAT,"[1, 2]",0.024624,0.054962,0.002903,False
703894,5,4,"[3,1,1,1,1]","[1,2,1,1]","[[0,1,2,3],[0,1,2,3],[2],[0,2],[2,3]]",UNSAT,UNSAT,UNSAT,"[0, 2, 3]",0.070663,0.058786,0.00317,False
703895,6,7,"[2,3,2,1,2,2]","[1,2,3,2,3,2,2]","[[2,3,4,5],[0,2,3,4,5,6],[0,5],[3],[1,3,5],[0,1,3,4,5,6]]",FEASIBLE,FEASIBLE,FEASIBLE,null,0.428714,0.086531,0.004936,False
703896,1,1,[1],[1],[[0]],FEASIBLE,FEASIBLE,FEASIBLE,null,0.003648,0.011366,0.000734,False
703897,2,3,"[2,3]","[3,3,2]","[[0,1,2],[0,1,2]]",FEASIBLE,FEASIBLE,FEASIBLE,null,0.011333,0.027137,0.001455,False
703898,1,3,[3],"[3,3,2]","[[0,1,2]]",FEASIBLE,FEASIBLE,FEASIBLE,null,0.004676,0.018362,0.001254,False
703899,2,5,"[1,1]","[1,3,1,3,3]","[[0,2,3,4],[1,2,3,4]]",FEASIBLE,FEASIBLE,FEASIBLE,null,0.015277,0.022562,0.001597,False
703900,4,4,"[2,3,1,2]","[1,3,1,1]","[[0,1],[0,2,3],[0,2],[1,2,3]]",UNSAT,UNSAT,UNSAT,"[0, 1]",0.019659,0.053893,0.003744,False
703901,7,2,"[1,1,1,1,1,1,2]","[3,2]","[[1],[0],[0],[1],[1],[0],[0,1]]",UNSAT,UNSAT,UNSAT,"[0, 3, 4]",0.083095,0.053298,0.002807,False
703902,5,1,"[1,1,1,1,1]",[3],"[[0],[0],[0],[0],[0]]",UNSAT,UNSAT,UNSAT,"[0, 1, 2, 3]",0.040884,0.040805,0.001835,False
703903,5,1,"[1,1,1,1,1]",[1],"[[0],[0],[0],[0],[0]]",UNSAT,UNSAT,UNSAT,"[0, 1]",0.152265,0.04914,0.001689,False
703904,2,7,"[2,2]","[1,3,3,2,1,2,3]","[[1,2,3,4,5,6],[0,1,2,3,6]]",FEASIBLE,FEASIBLE,FEASIBLE,null,0.021736,0.038349,0.001844,False
703905,1,1,[1],[1],[[0]],FEASIBLE,FEASIBLE,FEASIBLE,null,0.00447,0.014481,0.000487,False
703906,1,5,[3],"[2,3,2,2,1]","[[0,2,4]]",FEASIBLE,FEASIBLE,FEASIBLE,null,0.00773,0.025486,0.001101,False
703907,3,3,"[2,1,1]","[2,1,3]","[[0,1],[0,1],[1,2]]",FEASIBLE,FEASIBLE,FEASIBLE,null,0.029124,0.033954,0.001373,False
703908,6,7,"[1,1,3,2,2,3]","[3,2,1,3,1,2,3]","[[2,3,5,6],[2],[0,1,2,4,5,6],[1,2,3,4],[5,6],[1,2,4,5,6]]",FEASIBLE,FEASIBLE,FEASIBLE,null,0.550286,0.101804,0.004625,False
703909,3,2,"[2,1,1]","[3,2]","[[0,1],[0],[0]]",FEASIBLE,FEASIBLE,FEASIBLE,null,0.018784,0.029947,0.00116,False
703910,7,5,"[2,2,1,1,2,1,2]","[3,1,1,1,1]","[[0,1,2,3,4],[0,1,2,3,4],[1],[2],[1,2,3,4],[0,3],[0,1,3,4]]",UNSAT,UNSAT,UNSAT,"[0, 1, 2, 4]",0.314897,0.088234,0.005173,False
703911,3,7,"[3,1,2]","[1,3,3,1,3,2,1]","[[0,1,2,3,4,5,6],[2,4],[3,5]]",FEASIBLE,FEASIBLE,FEASIBLE,null,0.042973,0.044817,0.00216,False
703912,2,1,"[1,1]",[2],"[[0],[0]]",FEASIBLE,FEASIBLE,FEASIBLE,null,0.006878,0.016157,0.000556,False
703913,1,3,[1],"[1,3,3]",[[2]],FEASIBLE,FEASIBLE,FEASIBLE,null,0.00444,0.012275,0.000652,False
703914,1,2,[1],"[2,3]",[[0]],FEASIBLE,FEASIBLE,FEASIBLE,null,0.003684,0.014665,0.000575,False
703915,3,5,"[2,1,1]","[3,3,2,2,3]","[[1,3,4],[0,2,3,4],[0,2]]",FEASIBLE,FEASIBLE,FEASIBLE,null,0.032724,0.030233,0.001692,False
703916,6,1,"[1,1,1,1,1,1]",[1],"[[0],[0],[0],[0],[0],[0]]",UNSAT,UNSAT,UNSAT,"[0, 1]",0.012247,0.146833,0.001766,False
703917,6,7,"[1,1,1,3,1,1]","[1,2,2,3,1,3,2]","[[4],[0,1,2,4,6],[0],[0,2,3],[0,1,2,3,5,6],[0]]",UNSAT,UNSAT,UNSAT,"[2, 3]",0.09261,0.084621,0.004775,False
703918,5,3,"[1,1,3,1,3]","[2,1,2]","[[1,2],[0,1,2],[0,1,2],[2],[0,1,2]]",UNSAT,UNSAT,UNSAT,"[2, 4]",0.042118,0.058349,0.003052,False
703919,2,5,"[3,2]","[1,1,1,1,3]","[[0,1,2,3],[0,1,4]]",FEASIBLE,FEASIBLE,FEASIBLE,null,0.01778,0.043071,0.001966,False
703920,2,2,"[1,2]","[1,1]","[[1],[0,1]]",UNSAT,UNSAT,UNSAT,"[0, 1]",0.009172,0.033338,0.001496,False
703921,7,7,"[3,3,2,2,2,2,2]","[2,2,3,3,3,1,3]","[[0,1,2,3,5],[1,2,4,5,6],[0,1,2,3,4,5,6],[1,2,5],[1,5,6],[3,6],[0,1,2,4,5,6]]",FEASIBLE,FEASIBLE,FEASIBLE,null,0.913226,0.153298,0.007319,False
703922,5,5,"[1,1,2,3,2]","[1,2,2,3,1]","[[0,1,2,3,4],[2],[0,1,2,3,4],[0,1,2,3,4],[0,1,2,3,4]]",FEASIBLE,FEASIBLE,FEASIBLE,null,0.150523,0.073872,0.003789,False
703923,4,7,"[1,1,1,2]","[2,3,3,3,3,1,3]","[[6],[0,1,2,4,5,6],[0,1,2,4,6],[0,2,3,4,5]]",FEASIBLE,FEASIBLE,FEASIBLE,null,0.096564,0.043195,0.00269,False
703924,2,1,"[1,1]",[3],"[[0],[0]]",FEASIBLE,FEASIBLE,FEASIBLE,null,0.007495,0.015919,0.000599,False
703925,3,4,"[1,2,2]","[2,1,2,1]","[[0,1,3],[1,2],[0,2]]",FEASIBLE,FEASIBLE,FEASIBLE,null,0.028332,0.031089,0.001544,False
703926,4,6,"[1,2,1,1]","[3,2,3,3,3,1]","[[0,2,4],[0,1,2,3],[3,4],[0,1,2,3,4,5]]",FEASIBLE,FEASIBLE,FEASIBLE,null,0.09712,0.138313,0.002538,False
703927,2,5,"[3,1]","[3,1,2,1,2]","[[0,1,2],[1,3]]",FEASIBLE,FEASIBLE,FEASIBLE,null,0.015773,0.027579,0.00132,False
703928,5,4,"[2,1,1,1,2]","[3,2,3,3]","[[1,3],[0],[0],[2],[0,1,2,3]]",FEASIBLE,FEASIBLE,FEASIBLE,null,0.123755,0.040276,0.001873,False
703929,2,2,"[1,1]","[2,1]","[[0,1],[0,1]]",FEASIBLE,FEASIBLE,FEASIBLE,null,0.009171,0.018503,0.000885,False
703930,1,6,[3],"[3,3,2,3,1,3]","[[2,3,4,5]]",FEASIBLE,FEASIBLE,FEASIBLE,null,0.006905,0.022155,0.001102,False
703931,3,3,"[2,1,1]","[1,1,2]","[[0,1],[0],[0]]",UNSAT,UNSAT,UNSAT,"[0, 1]",0.01389,0.036252,0.001717,False
703932,6,3,"[1,2,1,1,2,1]","[2,3,1]","[[1],[0,2],[0,1,2],[0,1],[1,2],[0,1,2]]",UNSAT,UNSAT,UNSAT,"[1, 4]",0.041777,0.064378,0.003493,False
703933,1,3,[1],"[2,3,1]",[[1]],FEASIBLE,FEASIBLE,FEASIBLE,null,0.004783,0.013973,0.000646,False
703934,1,4,[1],"[2,3,2,3]","[[0,1,2,3]]",FEASIBLE,FEASIBLE,FEASIBLE,null,0.005304,0.016316,0.000953,False
703935,3,1,"[1,1,1]",[1],"[[0],[0],[0]]",UNSAT,UNSAT,UNSAT,"[0, 1]",0.008246,0.028906,0.001431,False
703936,5,6,"[3,2,2,2,3]","[3,2,3,3,1,3]","[[0,1,3,4,5],[2,3],[0,5],[0,4,5],[1,3,4]]",FEASIBLE,FEASIBLE,FEASIBLE,null,0.175904,0.07265,0.003461,False
703937,2,1,"[1,1]",[2],"[[0],[0]]",FEASIBLE,FEASIBLE,FEASIBLE,null,0.006887,0.016335,0.000581,False
703938,7,6,"[3,1,1,1,1,1,1]","[3,1,1,1,1,2]","[[0,1,2,3],[0,1,2,3,4,5],[0,1,2,3,4,5],[0,3],[2,3],[0,1,2],[3]]",UNSAT,UNSAT,UNSAT,"[0, 4, 6]",0.222178,0.131033,0.006613,False
703939,5,2,"[2,1,1,2,1]","[1,1]","[[0,1],[1],[1],[0,1],[0]]",UNSAT,UNSAT,UNSAT,"[0, 1]",0.015148,0.146259,0.002263,False
703940,5,4,"[3,1,1,1,1]","[3,1,2,3]","[[0,1,2,3],[0,1,2,3],[1,3],[1],[0,2]]",FEASIBLE,FEASIBLE,FEASIBLE,null,0.125954,0.058391,0.002698,False
703941,1,4,[1],"[2,3,3,2]","[[0,1,2,3]]",FEASIBLE,FEASIBLE,FEASIBLE,null,0.005569,0.016752,0.000918,False
703942,7,2,"[1,1,1,1,1,1,1]","[3,3]","[[0,1],[0],[0],[0],[0,1],[1],[0,1]]",UNSAT,UNSAT,UNSAT,"[0, 1, 2, 3, 4, 5, 6]",0.321016,0.061721,0.002997,False
703943,2,6,"[1,2]","[2,2,2,2,1,1]","[[0,1,2,4,5],[1,3]]",FEASIBLE,FEASIBLE,FEASIBLE,null,0.018473,0.02724,0.001411,False
703944,3,2,"[1,2,1]","[2,3]","[[0],[0,1],[0]]",UNSAT,UNSAT,UNSAT,"[0, 1, 2]",0.018262,0.034201,0.001682,False
703945,5,6,"[1,3,3,1,3]","[1,2,3,3,2,1]","[[0,3,5],[1,2,4],[0,1,2,3,5],[1,2,3,5],[0,1,2,3,4,5]]",FEASIBLE,FEASIBLE,FEASIBLE,null,0.180364,0.064516,0.003363,False
703946,5,2,"[1,2,1,1,1]","[2,2]","[[0,1],[0,1],[0],[0,1],[1]]",UNSAT,UNSAT,UNSAT,"[0, 1, 2, 3]",0.06039,0.047622,0.002576,False
703947,1,5,[1],"[1,2,1,3,3]",[[4]],FEASIBLE,FEASIBLE,FEASIBLE,null,0.006048,0.014475,0.000736,False
703948,4,3,"[2,1,1,1]","[2,3,1]","[[0,1],[1,2],[0,1],[2]]",FEASIBLE,FEASIBLE,FEASIBLE,null,0.048356,0.031124,0.001499,False
703949,6,7,"[1,1,1,3,2,1]","[3,1,2,2,1,2,2]","[[0,3,5,6],[2,4,6],[0,2,4],[1,2,4,5,6],[0,1,3,5,6],[0,1,3,4]]",FEASIBLE,FEASIBLE,FEASIBLE,null,0.473139,0.081213,0.00356,False
703950,2,5,"[1,2]","[2,1,1,1,3]","[[0,1,2,3,4],[1,2,3]]",FEASIBLE,FEASIBLE,FEASIBLE,null,0.016204,0.042116,0.001453,False
703951,7,4,"[1,3,1,1,2,1,1]","[2,3,2,3]","[[0,1],[0,1,3],[0],[1,2,3],[0,1,2,3],[0,2],[2]]",FEASIBLE,FEASIBLE,FEASIBLE,null,0.563452,0.266152,0.004238,False
703952,1,6,[1],"[1,3,1,2,3,3]","[[2,4]]",FEASIBLE,FEASIBLE,FEASIBLE,null,0.007325,0.016525,0.000829,False
703953,6,2,"[2,1,1,2,1,2]","[1,2]","[[0,1],[0,1],[0],[0,1],[0,1],[0,1]]",UNSAT,UNSAT,UNSAT,"[0, 2]",0.020067,0.10615,0.002854,False
703954,1,4,[1],"[3,2,2,2]",[[2]],FEASIBLE,FEASIBLE,FEASIBLE,null,0.006092,0.014847,0.000656,False
703955,7,6,"[3,1,3,3,1,1,2]","[2,3,2,1,3,3]","[[0,1,2,3,5],[0],[0,1,2,3,5],[0,1,2,5],[2,3,4,5],[5],[0,1,2,3,4,5]]",UNSAT,UNSAT,UNSAT,"[0, 1, 2, 3, 5, 6]",0.763429,0.11045,0.005825,False
703956,1,5,[1],"[2,2,1,3,2]","[[0,3]]",FEASIBLE,FEASIBLE,FEASIBLE,null,0.006415,0.016552,0.000759,False
703957,2,5,"[1,1]","[3,3,1,1,1]","[[0,1,3,4],[0,3,4]]",FEASIBLE,FEASIBLE,FEASIBLE,null,0.016183,0.023544,0.001761,False
703958,6,6,"[2,2,3,2,2,3]","[1,2,3,1,2,3]","[[1,2,3,4,5],[0,1,4,5],[0,1,2,3,4,5],[0,1,4,5],[1,3,5],[1,2,3,5]]",UNSAT,UNSAT,UNSAT,"[1, 2, 3, 4, 5]",0.380326,0.099772,0.006196,False
703959,7,7,"[1,2,1,1,1,1,2]","[1,1,1,3,3,1,1]","[[0,1,2,3,4,5,6],[2,4,5,6],[3,6],[2,4,6],[0,1,2,4,6],[1,2,3,4,5,6],[0,1,2,3,4,5,6]]",FEASIBLE,FEASIBLE,FEASIBLE,null,0.922282,0.075248,0.004717,False
703960,6,6,"[1,2,1,1,1,1]","[2,2,3,2,1,3]","[[4],[1,2,3,5],[0,2,3,4,5],[0],[0,3],[2,3,4,5]]",FEASIBLE,FEASIBLE,FEASIBLE,null,0.380442,0.159489,0.002767,False
703961,2,3,"[1,1]","[3,1,1]","[[0,1],[0]]",FEASIBLE,FEASIBLE,FEASIBLE,null,0.012209,0.01993,0.000978,False
703962,7,2,"[1,1,2,1,1,2,1]","[1,1]","[[0,1],[1],[0,1],[0,1],[1],[0,1],[0,1]]",UNSAT,UNSAT,UNSAT,"[0, 2]",0.021618,0.061476,0.002974,False
703963,7,2,"[1,1,2,1,2,1,1]","[1,2]","[[0],[0,1],[0,1],[0,1],[0,1],[0],[1]]",UNSAT,UNSAT,UNSAT,"[0, 2]",0.023181,0.060018,0.002846,False
703964,2,5,"[1,2]","[2,1,1,1,1]","[[0,2,3,4],[2,4]]",FEASIBLE,FEASIBLE,FEASIBLE,null,0.016007,0.026225,0.001393,False
703965,4,3,"[2,2,2,2]","[2,1,2]","[[0,1],[0,2],[1,2],[0,1]]",UNSAT,UNSAT,UNSAT,"[0, 2]",0.019832,0.050258,0.003272,False
703966,4,7,"[2,1,2,1]","[3,2,2,2,1,3,2]","[[0,4],[0,1,3,4,5,6],[0,1,2,3,4,6],[0,1,2,3,4,5,6]]",FEASIBLE,FEASIBLE,FEASIBLE,null,0.110005,0.050882,0.002991,False
703967,3,4,"[1,1,1]","[1,2,1,1]","[[1,2,3],[3],[0]]",FEASIBLE,FEASIBLE,FEASIBLE,null,0.029866,0.027598,0.001283,False
703968,1,2,[1],"[1,2]","[[0,1]]",FEASIBLE,FEASIBLE,FEASIBLE,null,0.004203,0.01285,0.000638,False
703969,4,2,"[1,1,1,2]","[2,1]","[[0,1],[0],[0,1],[0,1]]",UNSAT,UNSAT,UNSAT,"[0, 1, 3]",0.030175,0.043224,0.002088,False
703970,7,1,"[1,1,1,1,1,1,1]",[3],"[[0],[0],[0],[0],[0],[0],[0]]",UNSAT,UNSAT,UNSAT,"[0, 1, 2, 3]",0.104798,0.05082,0.001986,False
703971,7,2,"[1,2,1,1,2,2,2]","[3,1]","[[0],[0,1],[0,1],[1],[0,1],[0,1],[0,1]]",UNSAT,UNSAT,UNSAT,"[1, 3]",0.038113,0.065758,0.002934,False
703972,7,6,"[3,1,2,2,1,3,3]","[2,1,3,2,2,2]","[[0,1,2,3,4,5],[1,2,4],[1,5],[0,4],[0],[0,1,2],[0,1,3,5]]",UNSAT,UNSAT,UNSAT,"[2, 5]",0.111643,0.233767,0.00591,False
703973,6,7,"[1,2,2,2,2,3]","[1,2,1,3,2,1,1]","[[0,3,4,5,6],[3,4,6],[0,1,2,3,4,5,6],[0,1,3,6],[1,2,4,6],[0,1,2,4,5,6]]",UNSAT,UNSAT,UNSAT,"[0, 1, 2, 3, 4, 5]",0.461402,0.146059,0.007549,False
703974,5,4,"[1,1,1,3,1]","[3,1,2,1]","[[1],[0],[0,3],[0,1,2,3],[2,3]]",FEASIBLE,FEASIBLE,FEASIBLE,null,0.134146,0.045202,0.002012,False
703975,3,1,"[1,1,1]",[1],"[[0],[0],[0]]",UNSAT,UNSAT,UNSAT,"[0, 1]",0.008693,0.030115,0.001387,False
703976,4,6,"[1,1,1,1]","[3,2,3,2,3,3]","[[1],[0,2,3],[1],[1]]",UNSAT,UNSAT,UNSAT,"[0, 2, 3]",0.07122,0.041532,0.002151,False
703977,4,4,"[1,3,3,2]","[3,3,3,1]","[[0,1,2,3],[0,2,3],[0,1,2],[2,3]]",UNSAT,UNSAT,UNSAT,"[1, 3]",0.035173,0.056385,0.002723,False
703978,6,6,"[2,1,2,1,2,2]","[2,1,1,2,2,2]","[[0,1,3,4,5],[4,5],[0,1,2,3,5],[4],[0,1,4],[0,1,4,5]]",FEASIBLE,FEASIBLE,FEASIBLE,null,0.3955,0.086229,0.0042,False
703979,6,7,"[3,1,1,1,1,3]","[1,2,2,3,3,1,1]","[[0,1,2,3,4,5,6],[0,1,2,3,4,5,6],[0,1,2,3,4,5,6],[3],[0,1,3,5,6],[3,4,5,6]]",FEASIBLE,FEASIBLE,FEASIBLE,null,0.433244,0.074855,0.004605,False
703980,5,6,"[1,3,1,2,2]","[3,1,1,3,2,1]","[[4],[0,1,2,3,4,5],[4],[3,5],[0,1,2,3]]",FEASIBLE,FEASIBLE,FEASIBLE,null,0.1864,0.069976,0.002669,False
703981,7,4,"[1,3,3,1,2,1,1]","[3,1,1,1]","[[0],[0,1,2,3],[0,1,2,3],[0],[0,1,2],[0],[2]]",UNSAT,UNSAT,UNSAT,"[1, 2]",0.053401,0.178909,0.003974,False
703982,3,7,"[3,1,3]","[3,1,2,3,1,2,2]","[[3,5,6],[2],[0,1,3,4,6]]",FEASIBLE,FEASIBLE,FEASIBLE,null,0.045724,0.041147,0.002082,False
703983,3,3,"[1,1,2]","[2,2,1]","[[0],[1],[0,2]]",FEASIBLE,FEASIBLE,FEASIBLE,null,0.025001,0.026102,0.001246,False
703984,4,6,"[1,3,1,1]","[1,1,1,3,1,3]","[[2,4],[0,1,2,3,4,5],[1,2,4,5],[0,1,2,3,4,5]]",FEASIBLE,FEASIBLE,FEASIBLE,null,0.08623,0.05025,0.002987,False
703985,4,6,"[1,2,3,1]","[1,1,3,2,2,2]","[[2],[1,4],[2,4,5],[1,3,4]]",FEASIBLE,FEASIBLE,FEASIBLE,null,0.085238,0.041888,0.002032,False
703986,4,5,"[1,1,3,1]","[2,1,2,3,2]","[[0,1,3,4],[0],[0,1,2,3,4],[1,2,3]]",FEASIBLE,FEASIBLE,FEASIBLE,null,0.090222,0.047675,0.002215,False
703987,2,7,"[1,3]","[1,3,1,2,2,2,1]","[[3,6],[0,3,6]]",FEASIBLE,FEASIBLE,FEASIBLE,null,0.02095,0.029937,0.001445,False
703988,6,1,"[1,1,1,1,1,1]",[3],"[[0],[0],[0],[0],[0],[0]]",UNSAT,UNSAT,UNSAT,"[0, 1, 2, 3]",0.067518,0.047729,0.001927,False
703989,4,2,"[1,1,1,1]","[3,2]","[[0,1],[1],[0],[0]]",FEASIBLE,FEASIBLE,FEASIBLE,null,0.038269,0.027704,0.001224,False
703990,2,7,"[1,3]","[1,2,1,1,1,1,1]","[[2,3,4,5],[0,1,5]]",FEASIBLE,FEASIBLE,FEASIBLE,null,0.020492,0.030273,0.001633,False
703991,7,6,"[1,1,1,3,1,1,2]","[3,3,1,3,3,3]","[[0,1,2,3,4,5],[3,4,5],[5],[0,1,2,3,4,5],[2,3,4],[4],[0,5]]",FEASIBLE,FEASIBLE,FEASIBLE,null,0.830665,0.066025,0.003323,False
703992,4,1,"[1,1,1,1]",[3],"[[0],[0],[0],[0]]",UNSAT,UNSAT,UNSAT,"[0, 1, 2, 3]",0.026753,0.140184,0.001453,False
703993,3,1,"[1,1,1]",[3],"[[0],[0],[0]]",FEASIBLE,FEASIBLE,FEASIBLE,null,0.013541,0.021882,0.000888,False
703994,7,7,"[2,2,2,1,1,3,2]","[2,2,2,2,3,1,2]","[[3,6],[1,6],[0,2,3],[3],[1],[2,5,6],[0,1,2,3,5,6]]",UNSAT,UNSAT,UNSAT,"[0, 1, 5]",0.211511,0.092192,0.005029,False
703995,3,1,"[1,1,1]",[3],"[[0],[0],[0]]",FEASIBLE,FEASIBLE,FEASIBLE,null,0.014886,0.02279,0.000821,False
703996,3,5,"[3,2,1]","[2,2,3,2,2]","[[1,2,4],[0,2,3,4],[1,2,4]]",FEASIBLE,FEASIBLE,FEASIBLE,null,0.0382,0.037086,0.001847,False
703997,4,6,"[1,3,2,2]","[1,2,3,2,3,1]","[[0,1,3,4],[0,1,5],[1,2,3,4,5],[1,2,3,4,5]]",FEASIBLE,FEASIBLE,FEASIBLE,null,0.088249,0.071509,0.003636,False
703998,5,4,"[3,2,2,3,2]","[2,2,1,2]","[[0,1,2,3],[0,1,2],[1,2,3],[0,1,3],[1,3]]",UNSAT,UNSAT,UNSAT,"[0, 1, 3]",0.06717,0.070754,0.003962,False
703999,5,1,"[1,1,1,1,1]",[3],"[[0],[0],[0],[0],[0]]",UNSAT,UNSAT,UNSAT,"[0, 1, 2, 3]",0.042328,0.041165,0.001753,False
704000,3,3,"[1,1,1]","[3,1,3]","[[0],[0,2],[1]]",FEASIBLE,FEASIBLE,FEASIBLE,null,0.023909,0.026673,0.001156,False
704001,3,1,"[1,1,1]",[3],"[[0],[0],[0]]",FEASIBLE,FEASIBLE,FEASIBLE,null,0.015437,0.023068,0.000749,False
704002,7,7,"[2,3,2,1,1,2,3]","[3,2,2,1,1,2,1]","[[0,1],[0,1,2,3,4,5,6],[1,2,3,5],[5],[6],[1,2,3,4],[0,1,3,4,5,6]]",UNSAT,UNSAT,UNSAT,"[0, 1, 2, 3, 5, 6]",0.861435,0.119684,0.005824,False
704003,1,3,[2],"[2,3,3]","[[0,1]]",FEASIBLE,FEASIBLE,FEASIBLE,null,0.005519,0.023379,0.000695,False
704004,4,6,"[1,2,3,1]","[1,1,3,3,2,2]","[[0,2],[0,1,2,3,4,5],[0,1,2,3,5],[1,2,3,5]]",FEASIBLE,FEASIBLE,FEASIBLE,null,0.117386,0.157611,0.002777,False
704005,1,3,[1],"[1,2,1]",[[2]],FEASIBLE,FEASIBLE,FEASIBLE,null,0.005402,0.013388,0.000643,False
704006,7,6,"[1,2,2,2,3,3,2]","[1,2,2,3,1,3]","[[0,3],[0,1,3,4,5],[0,2,3],[3,5],[0,2,5],[0,1,2,3,5],[0,1,2,3,5]]",UNSAT,UNSAT,UNSAT,"[0, 2, 3, 4, 5]",0.668521,0.142443,0.008307,False
704007,6,4,"[1,3,1,3,1,1]","[3,1,2,3]","[[0,1,2,3],[0,1,2,3],[0,1,2,3],[0,1,2],[0,1,2,3],[0,2,3]]",UNSAT,UNSAT,UNSAT,"[0, 1, 2, 3, 4, 5]",0.261315,0.10935,0.005775,False
704008,4,3,"[1,1,1,1]","[3,1,1]","[[1,2],[2],[0,1,2],[0,1,2]]",FEASIBLE,FEASIBLE,FEASIBLE,null,0.049748,0.032167,0.001675,False
704009,2,7,"[1,3]","[1,2,2,1,1,1,3]","[[0,1,3,4,5,6],[0,1,2,3,5]]",FEASIBLE,FEASIBLE,FEASIBLE,null,0.035705,0.036281,0.001903,False
704010,5,6,"[1,1,1,1,2]","[1,2,3,3,1,2]","[[0],[0,1,2,3,5],[4,5],[0],[0,1,2,3,4,5]]",UNSAT,UNSAT,UNSAT,"[0, 3]",0.043312,0.056208,0.003262,False
704011,7,6,"[2,3,1,1,2,3,1]","[3,1,1,3,3,1]","[[0,1,4],[0,1,2,3,4,5],[0],[0,1,2,3,4,5],[1,2,4,5],[0,1,2,3,4,5],[4]]",UNSAT,UNSAT,UNSAT,"[0, 1, 2, 4, 5, 6]",0.771659,0.103701,0.005957,False
704012,7,4,"[1,1,1,3,2,2,1]","[3,3,2,3]","[[0,1],[0],[3],[0,1,2,3],[0,1],[0,1,2,3],[0,1,2,3]]",FEASIBLE,FEASIBLE,FEASIBLE,null,0.550547,0.093001,0.003844,False
704013,6,6,"[3,1,3,2,1,1]","[2,2,3,2,1,2]","[[0,3,5],[1,2,4,5],[1,3,4,5],[1,4],[2],[0]]",FEASIBLE,FEASIBLE,FEASIBLE,null,0.494528,0.079731,0.003735,False
704014,4,3,"[2,1,2,2]","[3,2,3]","[[1,2],[0],[0,1,2],[0,1,2]]",FEASIBLE,FEASIBLE,FEASIBLE,null,0.053254,0.040474,0.001679,False
704015,5,5,"[3,1,1,1,2]","[3,3,2,3,1]","[[0,1,2,3,4],[1],[3],[0,2],[0,2,3]]",FEASIBLE,FEASIBLE,FEASIBLE,null,0.157719,0.046718,0.002169,False
704016,6,4,"[1,2,3,3,1,1]","[1,3,3,3]","[[0],[2,3],[0,1,2],[0,1,2],[0,3],[0,1,2,3]]",UNSAT,UNSAT,UNSAT,"[0, 2]",0.031057,0.071821,0.003478,False
704017,2,4,"[1,1]","[1,2,3,1]","[[0,1,2,3],[0]]",FEASIBLE,FEASIBLE,FEASIBLE,null,0.013896,0.029981,0.001542,False
704018,7,7,"[1,1,1,1,1,2,1]","[2,2,1,2,2,2,1]","[[0,4,5],[2,3,5],[3,5],[1,2,3],[1],[0,3,4,5,6],[0]]",FEASIBLE,FEASIBLE,FEASIBLE,null,0.948877,0.070223,0.003696,False
704019,7,4,"[3,1,1,3,1,1,2]","[1,2,1,3]","[[0,1,3],[0],[1,3],[0,2,3],[0,1,2],[1,2,3],[0,2]]",UNSAT,UNSAT,UNSAT,"[0, 1]",0.031215,0.080418,0.004455,False
704020,1,5,[1],"[1,2,1,3,2]",[[4]],FEASIBLE,FEASIBLE,FEASIBLE,null,0.006443,0.018615,0.000757,False
704021,6,3,"[1,1,3,1,2,3]","[3,1,3]","[[2],[2],[0,1,2],[0,2],[0,1,2],[0,1,2]]",UNSAT,UNSAT,UNSAT,"[2, 5]",0.054938,0.068023,0.00347,False
704022,5,7,"[3,3,1,2,3]","[1,2,3,2,1,3,2]","[[0,1,2,4,5,6],[4,5,6],[0,1,2,3,4,5,6],[1,6],[0,1,2,3,4,5]]",FEASIBLE,FEASIBLE,FEASIBLE,null,0.212064,0.19311,0.004481,False
704023,3,7,"[3,1,2]","[3,1,2,3,3,2,1]","[[0,2,3,6],[0],[3,5]]",FEASIBLE,FEASIBLE,FEASIBLE,null,0.046353,0.07059,0.001787,False
704024,4,6,"[1,2,1,2]","[2,1,3,2,2,1]","[[4],[1,5],[0,2,3,4,5],[0,4]]",FEASIBLE,FEASIBLE,FEASIBLE,null,0.088063,0.040331,0.002011,False
704025,3,4,"[1,1,2]","[1,3,3,2]","[[1,2,3],[1,3],[0,1,2,3]]",FEASIBLE,FEASIBLE,FEASIBLE,null,0.029356,0.030143,0.001645,False
704026,3,6,"[2,1,3]","[1,2,2,2,1,1]","[[0,1,2,3],[2],[0,1,3,4,5]]",FEASIBLE,FEASIBLE,FEASIBLE,null,0.039468,0.038711,0.001956,False
704027,6,5,"[1,1,2,1,1,1]","[1,3,2,1,2]","[[0,2,3,4],[3,4],[1,2,3,4],[1,2],[1],[0,1,2,3,4]]",FEASIBLE,FEASIBLE,FEASIBLE,null,0.321764,0.066714,0.002964,False
704028,7,7,"[3,3,2,3,2,3,2]","[2,3,3,3,1,1,3]","[[0,3,4,6],[0,3,5],[2,4],[0,1,2,3,5,6],[0,2,4,5,6],[1,2,3,5],[0,1,2,3,4,5,6]]",UNSAT,UNSAT,UNSAT,"[0, 1, 2, 3, 4, 5]",0.918523,0.181173,0.008451,False
704029,5,1,"[1,1,1,1,1]",[1],"[[0],[0],[0],[0],[0]]",UNSAT,UNSAT,UNSAT,"[0, 1]",0.011771,0.042899,0.001733,False
704030,1,7,[1],"[2,1,1,3,1,1,2]",[[3]],FEASIBLE,FEASIBLE,FEASIBLE,null,0.007889,0.017586,0.000815,False
704031,4,6,"[1,2,1,3]","[3,3,2,3,3,3]","[[3],[0,2,3,4],[1],[0,3,5]]",FEASIBLE,FEASIBLE,FEASIBLE,null,0.084414,0.04496,0.001928,False
704032,1,6,[1],"[2,3,1,2,1,2]","[[0,1,2,3,4,5]]",FEASIBLE,FEASIBLE,FEASIBLE,null,0.007316,0.022567,0.001031,False
704033,6,7,"[1,1,1,3,1,2]","[3,2,3,2,2,3,1]","[[0,2],[2,4,6],[0,2,3,4,5],[1,2,3,4,5],[1,2,5,6],[0,2,3,4,5]]",FEASIBLE,FEASIBLE,FEASIBLE,null,0.433242,0.183659,0.003555,False
704034,1,2,[1],"[1,3]",[[0]],FEASIBLE,FEASIBLE,FEASIBLE,null,0.004363,0.013248,0.000598,False
704035,5,3,"[2,1,1,2,1]","[2,1,1]","[[0,1],[2],[2],[0,1,2],[0,1,2]]",UNSAT,UNSAT,UNSAT,"[1, 2]",0.032468,0.058874,0.002799,False
704036,4,5,"[1,1,2,3]","[2,3,2,2,3]","[[1,2,3,4],[0,4],[0,1,2,3,4],[0,1,2,3,4]]",FEASIBLE,FEASIBLE,FEASIBLE,null,0.075024,0.048253,0.002465,False
704037,6,2,"[1,2,1,1,1,1]","[2,1]","[[1],[0,1],[0,1],[0],[1],[0,1]]",UNSAT,UNSAT,UNSAT,"[0, 1]",0.018211,0.054493,0.002777,False
704038,1,4,[1],"[1,3,1,2]","[[0,1,2,3]]",FEASIBLE,FEASIBLE,FEASIBLE,null,0.005788,0.017955,0.0009,False
704039,3,3,"[2,2,2]","[1,2,1]","[[0,1],[0,2],[1,2]]",UNSAT,UNSAT,UNSAT,"[0, 1]",0.014701,0.043531,0.002182,False
704040,6,7,"[1,2,1,3,2,1]","[2,3,1,3,2,1,3]","[[1,4,5,6],[0,3,5,6],[0,2,6],[0,1,4,6],[1,2,3,4,5,6],[4]]",FEASIBLE,FEASIBLE,FEASIBLE,null,0.433129,0.064201,0.003497,False
704041,3,4,"[2,1,1]","[1,2,2,3]","[[0,1,2,3],[2],[0]]",FEASIBLE,FEASIBLE,FEASIBLE,null,0.029679,0.039516,0.001879,False
704042,2,5,"[1,3]","[1,2,1,3,1]","[[1,3,4],[0,2,3]]",FEASIBLE,FEASIBLE,FEASIBLE,null,0.015969,0.028553,0.001448,False
704043,5,5,"[1,1,3,2,1]","[3,1,2,1,2]","[[1,4],[0,1,2,3,4],[0,1,3],[0,1,2,3,4],[0,1,3,4]]",FEASIBLE,FEASIBLE,FEASIBLE,null,0.154828,0.078893,0.004098,False
704044,4,1,"[1,1,1,1]",[1],"[[0],[0],[0],[0]]",UNSAT,UNSAT,UNSAT,"[0, 1]",0.009853,0.134484,0.001442,False
704045,4,7,"[2,1,1,1]","[3,3,1,2,3,2,3]","[[0,3],[2,4],[5],[5]]",FEASIBLE,FEASIBLE,FEASIBLE,null,0.096654,0.035303,0.00162,False
704046,6,1,"[1,1,1,1,1,1]",[1],"[[0],[0],[0],[0],[0],[0]]",UNSAT,UNSAT,UNSAT,"[0, 1]",0.012452,0.043728,0.001849,False
704047,3,3,"[1,2,2]","[3,3,3]","[[0,1,2],[0,1],[1,2]]",FEASIBLE,FEASIBLE,FEASIBLE,null,0.024321,0.045919,0.001455,False
704048,2,5,"[3,2]","[2,3,3,1,1]","[[0,1,3],[1,2,3,4]]",FEASIBLE,FEASIBLE,FEASIBLE,null,0.016652,0.031572,0.001567,False
704049,3,5,"[1,2,2]","[3,1,2,1,1]","[[4],[0,1,2,3],[0,1]]",FEASIBLE,FEASIBLE,FEASIBLE,null,0.0352,0.042781,0.002098,False
704050,5,3,"[2,1,2,2,1]","[2,1,1]","[[0,2],[0,1,2],[0,1,2],[1,2],[2]]",UNSAT,UNSAT,UNSAT,"[0, 3]",0.025796,0.059006,0.002984,False
704051,7,4,"[1,3,1,1,1,1,2]","[1,3,3,3]","[[1,2],[0,1,2,3],[1,2,3],[3],[3],[2],[0,1,2,3]]",FEASIBLE,FEASIBLE,FEASIBLE,null,0.548281,0.058507,0.002847,False
704052,6,4,"[3,1,1,1,2,1]","[3,1,3,2]","[[0,1,3],[1,2],[1],[0,1,2],[0,2,3],[0,1,2,3]]",UNSAT,UNSAT,UNSAT,"[0, 2]",0.032281,0.067155,0.003424,False
704053,4,5,"[3,3,2,2]","[3,3,2,3,1]","[[0,1,2,4],[1,3,4],[1,2,3,4],[0,2,3,4]]",FEASIBLE,FEASIBLE,FEASIBLE,null,0.074326,0.052961,0.002692,False
704054,4,6,"[2,2,3,1]","[2,3,2,2,1,2]","[[3,4,5],[0,1,2,4],[0,1,2,3,4,5],[4,5]]",FEASIBLE,FEASIBLE,FEASIBLE,null,0.084962,0.047554,0.00263,False
704055,4,5,"[2,1,1,1]","[2,2,3,2,3]","[[0,2,3,4],[3],[0,3,4],[0]]",FEASIBLE,FEASIBLE,FEASIBLE,null,0.0699,0.139336,0.002107,False
704056,4,2,"[1,1,1,1]","[2,2]","[[0],[1],[1],[0]]",FEASIBLE,FEASIBLE,FEASIBLE,null,0.038363,0.025841,0.001218,False
704057,4,6,"[3,2,1,1]","[3,2,2,2,2,3]","[[0,1,3,4,5],[0,1,3,5],[1],[2]]",FEASIBLE,FEASIBLE,FEASIBLE,null,0.097878,0.053664,0.002662,False
704058,5,4,"[2,2,1,1,1]","[2,1,3,3]","[[2,3],[1,2],[1],[1],[3]]",UNSAT,UNSAT,UNSAT,"[1, 2]",0.037872,0.047596,0.002369,False
704059,1,7,[1],"[1,1,2,1,3,1,1]",[[1]],FEASIBLE,FEASIBLE,FEASIBLE,null,0.007593,0.015854,0.000808,False
704060,4,6,"[3,1,2,3]","[1,2,1,2,1,2]","[[0,1,2,3,4,5],[0,1,3,4],[0,1,2,3,4,5],[0,3,4,5]]",FEASIBLE,FEASIBLE,FEASIBLE,null,0.08273,0.072877,0.00397,False
704061,4,1,"[1,1,1,1]",[1],"[[0],[0],[0],[0]]",UNSAT,UNSAT,UNSAT,"[0, 1]",0.009235,0.033524,0.001404,False
704062,2,3,"[1,2]","[3,2,2]","[[0,1,2],[0,1]]",FEASIBLE,FEASIBLE,FEASIBLE,null,0.011185,0.022894,0.001186,False
704063,5,7,"[1,2,3,1,1]","[3,1,1,2,2,1,2]","[[1],[1,4,5],[0,1,3,4,5],[1],[1,6]]",UNSAT,UNSAT,UNSAT,"[0, 3]",0.050583,0.092872,0.003038,False
704064,4,2,"[2,1,2,1]","[3,2]","[[0,1],[0],[0,1],[0]]",UNSAT,UNSAT,UNSAT,"[0, 1, 2, 3]",0.036841,0.043338,0.002038,False
704065,5,6,"[2,1,1,1,1]","[1,2,1,3,3,1]","[[0,1,2,3,4,5],[0,4,5],[0,2,5],[3,4],[1,2,3]]",FEASIBLE,FEASIBLE,FEASIBLE,null,0.17319,0.047027,0.002689,False
704066,7,4,"[3,1,2,1,3,1,1]","[1,2,1,2]","[[0,1,2,3],[0,2],[0,1,2,3],[0],[0,1,2,3],[0,2],[1]]",UNSAT,UNSAT,UNSAT,"[0, 1, 3]",0.110025,0.084314,0.004528,False
704067,5,7,"[3,2,3,2,3]","[1,1,1,2,1,3,3]","[[0,1,3],[0,1,2,3,4,5,6],[0,1,2,3,4,5,6],[5,6],[1,3,4,6]]",UNSAT,UNSAT,UNSAT,"[0, 1, 2, 3, 4]",0.20459,0.121279,0.006531,False
704068,1,2,[2],"[1,1]","[[0,1]]",FEASIBLE,FEASIBLE,FEASIBLE,null,0.004355,0.016776,0.000682,False
704069,6,3,"[1,3,2,3,1,3]","[3,1,3]","[[1,2],[0,1,2],[1,2],[0,1,2],[1],[0,1,2]]",UNSAT,UNSAT,UNSAT,"[1, 2]",0.037242,0.069174,0.003793,False
704070,6,5,"[1,2,1,1,1,1]","[3,2,2,1,3]","[[4],[2,4],[0,2,3,4],[0,2,4],[2,3],[3]]",FEASIBLE,FEASIBLE,FEASIBLE,null,0.32176,0.046251,0.002436,False
704071,3,5,"[3,3,3]","[3,3,3,3,2]","[[0,2,3,4],[0,1,4],[0,1,2,3,4]]",FEASIBLE,FEASIBLE,FEASIBLE,null,0.035071,0.046409,0.002189,False
704072,2,4,"[1,3]","[2,2,1,3]","[[0,1,2,3],[0,1,3]]",FEASIBLE,FEASIBLE,FEASIBLE,null,0.013383,0.028495,0.001366,False
704073,7,1,"[1,1,1,1,1,1,1]",[2],"[[0],[0],[0],[0],[0],[0],[0]]",UNSAT,UNSAT,UNSAT,"[0, 1, 2]",0.043106,0.050092,0.002409,False
704074,7,2,"[1,2,2,1,1,1,2]","[2,1]","[[0,1],[0,1],[0,1],[1],[1],[0,1],[0,1]]",UNSAT,UNSAT,UNSAT,"[1, 2]",0.031883,0.062491,0.003334,False
704075,7,6,"[2,2,2,1,3,3,1]","[1,1,3,2,2,3]","[[0,1,2,3,4,5],[0,1,2,3,4,5],[0,1,2,3,4,5],[5],[0,2,3,4,5],[0,1,2,3,4,5],[0,2,3]]",UNSAT,UNSAT,UNSAT,"[0, 1, 2, 3, 4, 5]",0.711478,0.127098,0.007549,False
704076,6,6,"[1,3,1,1,3,1]","[2,1,1,2,1,3]","[[5],[1,2,3,5],[0,1,2,3,5],[1,4],[1,2,3],[1]]",UNSAT,UNSAT,UNSAT,"[1, 4]",0.074278,0.244406,0.004842,False
704077,7,3,"[2,1,1,3,2,2,1]","[1,2,1]","[[0,2],[2],[1],[0,1,2],[0,1,2],[0,1],[1]]",UNSAT,UNSAT,UNSAT,"[0, 1]",0.02503,0.06607,0.003601,False
704078,6,5,"[3,2,1,1,2,1]","[1,2,1,1,3]","[[0,1,2,3,4],[0,1,2,3,4],[0,3,4],[0,1,2,4],[0,2],[0]]",UNSAT,UNSAT,UNSAT,"[4, 5]",0.093479,0.110471,0.005951,False
704079,4,7,"[1,1,2,1]","[2,3,3,2,2,3,2]","[[0,1,2,3,4],[0,1,2,3,4,5,6],[0,1,2,3,4,5,6],[0]]",FEASIBLE,FEASIBLE,FEASIBLE,null,0.092644,0.062547,0.003434,False
704080,7,6,"[2,1,3,3,3,2,2]","[1,1,2,2,2,1]","[[0,1,2,3,4,5],[3,5],[1,3,5],[1,2,3,4],[0,1,2,3,4,5],[2,4],[0,1,3,4,5]]",UNSAT,UNSAT,UNSAT,"[1, 2, 3]",0.241737,0.108889,0.006259,False
704081,5,4,"[2,3,1,2,3]","[1,2,1,2]","[[0,1,2],[0,1,2],[3],[0,2,3],[1,2,3]]",UNSAT,UNSAT,UNSAT,"[0, 1]",0.022973,0.064811,0.003677,False
704082,5,6,"[3,3,3,1,2]","[1,3,2,3,1,2]","[[0,1,3,5],[1,2,3,4],[0,1,2],[0,3],[0,1,2,3,4,5]]",FEASIBLE,FEASIBLE,FEASIBLE,null,0.173295,0.08789,0.004341,False
704083,4,2,"[1,1,2,1]","[1,1]","[[1],[1],[0,1],[0,1]]",UNSAT,UNSAT,UNSAT,"[0, 1]",0.013131,0.04149,0.002327,False
704084,5,5,"[3,2,1,1,1]","[3,1,2,3,3]","[[0,1,2,3,4],[2,3],[0,3],[0,1,2,3,4],[1,2,3,4]]",FEASIBLE,FEASIBLE,FEASIBLE,null,0.150869,0.152681,0.002955,False
704085,4,1,"[1,1,1,1]",[1],"[[0],[0],[0],[0]]",UNSAT,UNSAT,UNSAT,"[0, 1]",0.009669,0.033952,0.001499,False
704086,7,5,"[1,3,3,3,3,2,2]","[2,2,3,3,2]","[[0,1,2,3,4],[1,2,3,4],[0,2,4],[0,1,2,3,4],[0,2,3],[1,3,4],[1,2]]",UNSAT,UNSAT,UNSAT,"[0, 1, 2, 3, 4]",0.48631,0.098154,0.005484,False
704087,5,3,"[2,2,1,2,2]","[2,2,2]","[[0,1],[1,2],[2],[0,1,2],[0,1,2]]",UNSAT,UNSAT,UNSAT,"[0, 1, 2, 3]",0.082273,0.059183,0.003045,False
704088,2,1,"[1,1]",[3],"[[0],[0]]",FEASIBLE,FEASIBLE,FEASIBLE,null,0.007197,0.016481,0.000702,False
704089,2,3,"[3,1]","[3,1,3]","[[0,1,2],[0]]",FEASIBLE,FEASIBLE,FEASIBLE,null,0.010801,0.02405,0.001237,False
704090,6,5,"[1,1,1,1,1,2]","[3,2,2,3,2]","[[2],[0,1,3,4],[0,1,2,4],[2],[0,1,3,4],[1,2,3,4]]",FEASIBLE,FEASIBLE,FEASIBLE,null,0.315154,0.049702,0.003029,False
704091,6,2,"[1,1,2,1,2,1]","[1,2]","[[0],[0],[0,1],[1],[0,1],[0,1]]",UNSAT,UNSAT,UNSAT,"[0, 1]",0.016943,0.052807,0.002728,False
704092,5,3,"[1,2,1,2,3]","[1,1,1]","[[1],[0,1],[2],[1,2],[0,1,2]]",UNSAT,UNSAT,UNSAT,"[0, 1]",0.019147,0.068427,0.002811,False
704093,1,3,[1],"[3,3,3]","[[0,1,2]]",FEASIBLE,FEASIBLE,FEASIBLE,null,0.005399,0.015871,0.000898,False
704094,7,5,"[1,1,2,2,2,2,1]","[3,3,2,3,3]","[[0,3,4],[3,4],[3,4],[0,1,2,3,4],[0,3,4],[0,1,2,3,4],[2,3,4]]",FEASIBLE,FEASIBLE,FEASIBLE,null,0.639116,0.086399,0.00345,False
704095,1,5,[2],"[2,1,2,1,1]","[[0,3]]",FEASIBLE,FEASIBLE,FEASIBLE,null,0.006628,0.019938,0.000893,False
704096,2,5,"[2,1]","[1,1,2,1,3]","[[0,2,4],[1]]",FEASIBLE,FEASIBLE,FEASIBLE,null,0.01566,0.122571,0.001192,False
704097,1,5,[3],"[2,3,2,2,1]","[[0,1,3,4]]",FEASIBLE,FEASIBLE,FEASIBLE,null,0.00654,0.021356,0.001103,False
704098,5,3,"[1,1,1,1,1]","[3,1,3]","[[1],[0],[0,1],[1],[0,1,2]]",UNSAT,UNSAT,UNSAT,"[0, 3]",0.024565,0.042714,0.002312,False
704099,6,6,"[1,2,1,2,3,3]","[1,2,1,1,3,3]","[[0,1,2,4,5],[0,1,3,4,5],[0,1,2,4],[1,4,5],[0,1,3,4,5],[0,1,2,3,4,5]]",UNSAT,UNSAT,UNSAT,"[0, 1, 2, 3, 4, 5]",0.368361,0.363474,0.006221,False
704100,7,1,"[1,1,1,1,1,1,1]",[3],"[[0],[0],[0],[0],[0],[0],[0]]",UNSAT,UNSAT,UNSAT,"[0, 1, 2, 3]",0.154247,0.057937,0.002286,False
704101,7,7,"[1,1,2,1,1,1,3]","[3,2,2,3,1,1,2]","[[0,4],[0,1,2,3,4,5],[0,6],[5],[1,2,3,4,6],[0,1,2,5,6],[0,1,2,3,4,5,6]]",FEASIBLE,FEASIBLE,FEASIBLE,null,1.099706,0.090865,0.004171,False
704102,1,2,[1],"[1,2]",[[0]],FEASIBLE,FEASIBLE,FEASIBLE,null,0.007065,0.015563,0.000586,False
704103,6,7,"[1,1,1,3,1,1]","[3,2,1,3,2,3,3]","[[3,4,5,6],[0,1,2,3,4,5,6],[4],[0,1,2,5,6],[0,1,2,3,5,6],[4]]",FEASIBLE,FEASIBLE,FEASIBLE,null,0.515187,0.067158,0.0041,False
704104,7,1,"[1,1,1,1,1,1,1]",[3],"[[0],[0],[0],[0],[0],[0],[0]]",UNSAT,UNSAT,UNSAT,"[0, 1, 2, 3]",0.135807,0.097087,0.002429,False
704105,7,3,"[2,1,3,1,1,1,2]","[1,3,3]","[[0,1,2],[1,2],[0,1,2],[1],[0,1,2],[2],[0,2]]",UNSAT,UNSAT,UNSAT,"[2, 6]",0.086134,0.0848,0.004165,False
704106,4,2,"[1,1,1,1]","[2,3]","[[0,1],[0],[1],[0]]",FEASIBLE,FEASIBLE,FEASIBLE,null,0.049694,0.157922,0.001722,False
704107,7,7,"[1,1,3,1,3,2,2]","[2,3,1,3,3,2,3]","[[0,2,3,5],[1,4,6],[0,1,2,3,4,5,6],[1,3],[0,1,2,3,4,5,6],[0,2,3,4,5,6],[0,3,5]]",FEASIBLE,FEASIBLE,FEASIBLE,null,1.113364,0.092123,0.004883,False
704108,4,3,"[3,1,1,2]","[1,2,2]","[[0,1,2],[1,2],[0,1],[0,1,2]]",UNSAT,UNSAT,UNSAT,"[0, 1, 3]",0.050675,0.062143,0.002707,False
704109,6,7,"[2,1,2,1,3,1]","[3,1,1,1,3,2,2]","[[0,1,3,5,6],[0,3,4,6],[3,4],[0,2,3,4,5,6],[0,2,3,4,5,6],[6]]",FEASIBLE,FEASIBLE,FEASIBLE,null,0.50329,0.070791,0.003581,False
704110,6,4,"[2,3,1,1,1,1]","[1,3,1,1]","[[1,2],[0,1,2,3],[0],[0],[0,1,2,3],[0,1,2,3]]",UNSAT,UNSAT,UNSAT,"[2, 3]",0.077902,0.0991,0.004208,False
704111,6,4,"[2,1,1,1,1,1]","[2,2,3,1]","[[0,1,2,3],[1,2,3],[0,2],[0,1,2,3],[2,3],[0,1,2,3]]",FEASIBLE,FEASIBLE,FEASIBLE,null,0.287648,0.053345,0.002926,False
704112,5,2,"[1,1,1,1,1]","[3,3]","[[1],[0],[1],[0],[1]]",FEASIBLE,FEASIBLE,FEASIBLE,null,0.07628,0.029853,0.001378,False
704113,5,3,"[1,1,1,1,1]","[1,1,1]","[[0,1],[0],[2],[1,2],[0]]",UNSAT,UNSAT,UNSAT,"[1, 4]",0.035912,0.045782,0.002751,False
704114,5,3,"[1,1,1,1,3]","[2,2,3]","[[0],[2],[0,1,2],[1,2],[0,1,2]]",FEASIBLE,FEASIBLE,FEASIBLE,null,0.099991,0.055601,0.002461,False
704115,4,2,"[1,1,1,1]","[3,2]","[[0,1],[1],[0],[1]]",FEASIBLE,FEASIBLE,FEASIBLE,null,0.037362,0.029006,0.001259,False
704116,7,2,"[1,1,2,2,1,1,2]","[2,3]","[[1],[0],[0,1],[0,1],[0,1],[0,1],[0,1]]",UNSAT,UNSAT,UNSAT,"[1, 2, 3]",0.097549,0.165845,0.003331,False
704117,6,6,"[2,2,1,3,3,3]","[3,1,3,1,1,1]","[[0,2],[2,3],[0],[0,1,2,3],[1,2,3],[0,3,4]]",UNSAT,UNSAT,UNSAT,"[1, 4]",0.072305,0.075404,0.004456,False
704118,2,1,"[1,1]",[1],"[[0],[0]]",UNSAT,UNSAT,UNSAT,"[0, 1]",0.007059,0.024784,0.00114,False
704119,1,1,[1],[3],[[0]],FEASIBLE,FEASIBLE,FEASIBLE,null,0.003174,0.011411,0.000593,False
704120,1,3,[1],"[3,2,1]","[[0,2]]",FEASIBLE,FEASIBLE,FEASIBLE,null,0.004582,0.013006,0.000709,False
704121,4,7,"[2,2,1,2]","[1,3,1,3,2,2,2]","[[4,6],[0,1,2,5],[0,1,2,3,4,5,6],[0,4]]",FEASIBLE,FEASIBLE,FEASIBLE,null,0.093924,0.058177,0.003325,False
704122,7,3,"[1,1,3,2,2,1,1]","[3,3,1]","[[2],[1,2],[0,1,2],[0,2],[1,2],[0,2],[0,1]]",UNSAT,UNSAT,UNSAT,"[0, 2]",0.042592,0.072529,0.004229,False
704123,7,1,"[1,1,1,1,1,1,1]",[1],"[[0],[0],[0],[0],[0],[0],[0]]",UNSAT,UNSAT,UNSAT,"[0, 1]",0.013896,0.046645,0.002046,False
704124,1,5,[2],"[3,1,2,3,2]","[[0,1,2,3,4]]",FEASIBLE,FEASIBLE,FEASIBLE,null,0.00609,0.022099,0.001096,False
704125,3,3,"[1,1,1]","[2,3,3]","[[0,1],[1],[0,1]]",FEASIBLE,FEASIBLE,FEASIBLE,null,0.023573,0.023377,0.00118,False
704126,2,5,"[3,1]","[1,2,3,2,1]","[[2,3,4],[1,2,3,4]]",FEASIBLE,FEASIBLE,FEASIBLE,null,0.015536,0.028182,0.001562,False
704127,3,6,"[2,1,1]","[3,3,1,1,1,1]","[[0,2,4,5],[1,2,3,4,5],[2,4]]",FEASIBLE,FEASIBLE,FEASIBLE,null,0.038918,0.034285,0.001955,False
704128,4,6,"[1,1,1,2]","[2,2,3,1,1,2]","[[1,2,3,4,5],[0,3,4],[0,1,2,3,4,5],[4,5]]",FEASIBLE,FEASIBLE,FEASIBLE,null,0.085579,0.133035,0.002602,False
704129,1,7,[2],"[3,1,3,1,3,1,2]","[[1,2,5,6]]",FEASIBLE,FEASIBLE,FEASIBLE,null,0.00794,0.020331,0.001127,False
704130,1,1,[1],[3],[[0]],FEASIBLE,FEASIBLE,FEASIBLE,null,0.003189,0.011165,0.000563,False
704131,5,1,"[1,1,1,1,1]",[2],"[[0],[0],[0],[0],[0]]",UNSAT,UNSAT,UNSAT,"[0, 1, 2]",0.028023,0.042261,0.001831,False
704132,6,4,"[3,1,2,1,2,2]","[3,3,3,3]","[[0,1,2,3],[1],[0,1],[0,1,2,3],[2,3],[0,1,2,3]]",FEASIBLE,FEASIBLE,FEASIBLE,null,0.258807,0.058696,0.003083,False
704133,5,4,"[3,1,2,1,1]","[2,3,3,3]","[[1,2,3],[0],[1,2,3],[1],[0,1,2]]",FEASIBLE,FEASIBLE,FEASIBLE,null,0.125434,0.043777,0.002172,False
704134,4,5,"[3,2,3,2]","[1,3,1,3,1]","[[0,1,3],[0,1,2,3,4],[0,1,2,3,4],[3,4]]",UNSAT,UNSAT,UNSAT,"[0, 1, 2, 3]",0.071263,0.069294,0.004186,False
704135,1,4,[2],"[3,3,3,2]","[[0,1,2,3]]",FEASIBLE,FEASIBLE,FEASIBLE,null,0.005397,0.019383,0.001003,False
704136,6,3,"[1,1,1,2,2,1]","[3,3,1]","[[0,1,2],[2],[0,2],[0,1,2],[0,2],[2]]",UNSAT,UNSAT,UNSAT,"[1, 4]",0.042376,0.072777,0.003421,False
704137,1,4,[1],"[1,3,3,1]",[[3]],FEASIBLE,FEASIBLE,FEASIBLE,null,0.00625,0.015429,0.000665,False
704138,7,1,"[1,1,1,1,1,1,1]",[2],"[[0],[0],[0],[0],[0],[0],[0]]",UNSAT,UNSAT,UNSAT,"[0, 1, 2]",0.045528,0.049015,0.001974,False
704139,7,4,"[2,3,1,1,1,1,2]","[1,3,3,1]","[[0,2],[0,1,2,3],[0,1,2,3],[2],[0,2,3],[0,1],[1,2]]",UNSAT,UNSAT,UNSAT,"[0, 1, 3, 4]",0.272015,0.081676,0.00455,False
704140,7,6,"[2,1,1,3,2,1,3]","[3,1,3,3,2,3]","[[0,1,3,4,5],[5],[1,5],[0,1,2,3,4],[0,1,3,4,5],[0],[0,2,3,4,5]]",FEASIBLE,FEASIBLE,FEASIBLE,null,0.787943,0.194555,0.004774,False
704141,6,7,"[2,3,1,1,3,1]","[1,1,3,3,1,2,1]","[[2,3,5,6],[1,5,6],[0,1,2,3,4,5,6],[1],[0,1,2,3,4,5,6],[0,1,2,3,4]]",UNSAT,UNSAT,UNSAT,"[1, 3]",0.080035,0.083936,0.004683,False
704142,3,4,"[1,1,2]","[1,3,1,2]","[[1],[0,2,3],[0,1,2]]",FEASIBLE,FEASIBLE,FEASIBLE,null,0.029875,0.031488,0.001538,False
704143,3,3,"[3,2,2]","[1,1,3]","[[0,1,2],[1,2],[1,2]]",UNSAT,UNSAT,UNSAT,"[0, 1]",0.014873,0.046716,0.002238,False
704144,3,4,"[1,2,1]","[1,2,2,2]","[[0,1],[2,3],[1,2]]",FEASIBLE,FEASIBLE,FEASIBLE,null,0.029249,0.029485,0.001538,False
704145,6,2,"[1,1,1,2,1,1]","[1,2]","[[1],[0,1],[1],[0,1],[1],[0]]",UNSAT,UNSAT,UNSAT,"[3, 5]",0.046453,0.050775,0.002707,False
704146,4,4,"[1,1,1,1]","[3,1,1,1]","[[3],[2,3],[0,3],[0,1,2]]",FEASIBLE,FEASIBLE,FEASIBLE,null,0.06238,0.032142,0.001683,False
704147,1,1,[1],[2],[[0]],FEASIBLE,FEASIBLE,FEASIBLE,null,0.003354,0.012303,0.000496,False
704148,5,7,"[2,1,1,1,1]","[1,3,1,2,3,3,2]","[[0,2],[1,2,3,4,5,6],[5],[6],[0,1,2,3,4,5,6]]",FEASIBLE,FEASIBLE,FEASIBLE,null,0.205512,0.05152,0.002968,False
704149,4,4,"[1,3,1,2]","[1,3,1,3]","[[0],[0,1,2,3],[0],[0,1]]",UNSAT,UNSAT,UNSAT,"[0, 2]",0.023964,0.049339,0.002512,False
704150,2,7,"[2,1]","[2,1,1,2,2,3,3]","[[1,2,3,5,6],[2,4]]",FEASIBLE,FEASIBLE,FEASIBLE,null,0.020662,0.03755,0.001687,False
704151,5,6,"[1,2,1,1,3]","[1,1,3,2,1,2]","[[0,1,2,3,4,5],[0,1,2,3,4],[1,2,3,4],[0,2,4],[1,2,3,4,5]]",FEASIBLE,FEASIBLE,FEASIBLE,null,0.218299,0.172762,0.003405,False
704152,2,3,"[1,1]","[1,1,1]","[[0,1,2],[1]]",FEASIBLE,FEASIBLE,FEASIBLE,null,0.012473,0.021716,0.001121,False
704153,5,7,"[1,2,3,3,3]","[2,3,3,2,1,2,3]","[[0,1,2,6],[0,2,3,5,6],[0,3,4,5],[0,1,3,4,5,6],[0,1,2,3,5,6]]",FEASIBLE,FEASIBLE,FEASIBLE,null,0.205578,0.073839,0.004014,False
704154,3,5,"[1,2,3]","[3,1,2,1,2]","[[0,1,2,3,4],[0,1,2,3,4],[0,1,2,4]]",FEASIBLE,FEASIBLE,FEASIBLE,null,0.034448,0.05721,0.002251,False
704155,7,4,"[1,1,3,1,1,1,3]","[3,2,3,2]","[[1],[2],[0,1,2,3],[2],[1,3],[2],[0,1,2]]",UNSAT,UNSAT,UNSAT,"[1, 3, 5, 6]",0.376936,0.094589,0.004742,False
704156,2,1,"[1,1]",[1],"[[0],[0]]",UNSAT,UNSAT,UNSAT,"[0, 1]",0.007217,0.026035,0.001088,False
704157,4,6,"[1,1,2,3]","[2,3,2,1,3,3]","[[4],[5],[0,1,2,3,4,5],[2,3,4,5]]",FEASIBLE,FEASIBLE,FEASIBLE,null,0.087128,0.0447,0.002239,False
704158,4,7,"[3,3,2,1]","[2,2,2,3,1,3,3]","[[0,3,5,6],[4,5,6],[0,1,2,3,6],[6]]",FEASIBLE,FEASIBLE,FEASIBLE,null,0.097664,0.049593,0.002455,False
704159,6,3,"[3,1,2,1,1,1]","[1,2,3]","[[0,1,2],[2],[0,2],[0,1],[1,2],[2]]",UNSAT,UNSAT,UNSAT,"[0, 2]",0.025765,0.063506,0.003407,False
704160,6,3,"[1,2,1,1,1,3]","[1,2,1]","[[0,1,2],[0,1,2],[0,2],[1,2],[0,2],[0,1,2]]",UNSAT,UNSAT,UNSAT,"[1, 5]",0.045781,0.068308,0.003742,False
704161,3,4,"[2,1,2]","[2,2,3,3]","[[0,1],[0,3],[0,3]]",FEASIBLE,FEASIBLE,FEASIBLE,null,0.028987,0.143094,0.001898,False
704162,5,1,"[1,1,1,1,1]",[1],"[[0],[0],[0],[0],[0]]",UNSAT,UNSAT,UNSAT,"[0, 1]",0.01191,0.039142,0.001756,False
704163,3,2,"[1,1,2]","[2,2]","[[1],[0],[0,1]]",FEASIBLE,FEASIBLE,FEASIBLE,null,0.019245,0.025123,0.00119,False
704164,6,4,"[1,2,1,1,1,2]","[3,3,1,3]","[[1,2,3],[0,2],[0,2],[0,1],[2,3],[0,3]]",FEASIBLE,FEASIBLE,FEASIBLE,null,0.3424,0.076911,0.003141,False
704165,3,2,"[2,1,1]","[1,2]","[[0,1],[0],[0,1]]",UNSAT,UNSAT,UNSAT,"[0, 1]",0.012843,0.037475,0.001765,False
704166,7,5,"[1,2,2,2,1,3,1]","[1,2,3,2,2]","[[0,1,2,3],[0,1,3,4],[0,1,4],[0,1,2,3,4],[0,1,4],[0,2,4],[0,3]]",UNSAT,UNSAT,UNSAT,"[1, 2, 4, 5]",0.437109,0.126503,0.006621,False
704167,3,3,"[1,1,1]","[3,1,1]","[[0,2],[0,1],[0,1,2]]",FEASIBLE,FEASIBLE,FEASIBLE,null,0.025148,0.026912,0.001369,False
704168,6,5,"[3,3,1,3,1,3]","[2,1,1,3,3]","[[0,1,4],[1,2,3,4],[0,2],[0,1,2,3,4],[0,2],[0,1,4]]",UNSAT,UNSAT,UNSAT,"[0, 5]",0.050232,0.085086,0.004712,False
704169,1,1,[1],[2],[[0]],FEASIBLE,FEASIBLE,FEASIBLE,null,0.003754,0.0127,0.00052,False
704170,5,1,"[1,1,1,1,1]",[1],"[[0],[0],[0],[0],[0]]",UNSAT,UNSAT,UNSAT,"[0, 1]",0.011175,0.038457,0.001656,False
704171,6,6,"[3,1,1,3,1,1]","[1,2,1,3,1,3]","[[0,1,3],[1,2,4],[5],[0,1,4,5],[0],[0,2,4,5]]",UNSAT,UNSAT,UNSAT,"[0, 4]",0.054098,0.093278,0.00449,False
704172,5,7,"[2,3,3,3,1]","[3,1,2,3,3,1,3]","[[0,1,2,3,4,5,6],[0,1,2,3,4,5,6],[1,2,3,5,6],[1,2,4],[0,1,2,3,4,5,6]]",FEASIBLE,FEASIBLE,FEASIBLE,null,0.206436,0.206938,0.005025,False
704173,6,7,"[1,1,2,2,2,2]","[1,3,2,2,2,1,3]","[[5],[0,1,2,3,4,5,6],[0,1,2,3,4,5,6],[1,2,3,5,6],[0,1,3,5],[3,6]]",FEASIBLE,FEASIBLE,FEASIBLE,null,0.437622,0.069209,0.003825,False
704174,7,2,"[2,1,2,1,2,2,1]","[2,3]","[[0,1],[1],[0,1],[0],[0,1],[0,1],[0]]",UNSAT,UNSAT,UNSAT,"[0, 2, 3]",0.079993,0.063507,0.003138,False
704175,7,2,"[1,1,2,1,1,1,1]","[3,3]","[[0],[0],[0,1],[0,1],[0,1],[0],[0]]",UNSAT,UNSAT,UNSAT,"[0, 1, 2, 5]",0.154791,0.058927,0.002856,False
704176,5,3,"[1,2,1,2,1]","[2,2,2]","[[2],[1,2],[0],[0,1,2],[1,2]]",UNSAT,UNSAT,UNSAT,"[0, 1, 3, 4]",0.09157,0.054688,0.002811,False
704177,3,3,"[2,1,2]","[1,1,1]","[[0,1],[0],[0,1]]",UNSAT,UNSAT,UNSAT,"[0, 1]",0.014079,0.038129,0.001959,False
704178,7,6,"[3,1,2,3,2,1,1]","[3,3,3,1,1,3]","[[0,1,2,3,4,5],[2],[0,1,2],[2,3,4,5],[0,1,2,3,4,5],[3],[0,1,2,3,4]]",FEASIBLE,FEASIBLE,FEASIBLE,null,0.806647,0.097591,0.006647,False
704179,7,1,"[1,1,1,1,1,1,1]",[1],"[[0],[0],[0],[0],[0],[0],[0]]",UNSAT,UNSAT,UNSAT,"[0, 1]",0.014159,0.047746,0.002808,False
704180,1,6,[2],"[2,3,2,1,2,1]","[[1,2,3,5]]",FEASIBLE,FEASIBLE,FEASIBLE,null,0.007221,0.0243,0.00121,False
704181,2,5,"[1,1]","[1,2,2,3,1]","[[4],[2,3]]",FEASIBLE,FEASIBLE,FEASIBLE,null,0.015854,0.023835,0.00122,False
704182,7,1,"[1,1,1,1,1,1,1]",[2],"[[0],[0],[0],[0],[0],[0],[0]]",UNSAT,UNSAT,UNSAT,"[0, 1, 2]",0.044709,0.188191,0.002027,False
704183,2,7,"[3,3]","[1,3,2,2,2,1,2]","[[0,1,2,3,5,6],[0,1,2,3,4,6]]",FEASIBLE,FEASIBLE,FEASIBLE,null,0.021278,0.040152,0.00215,False
704184,1,1,[1],[2],[[0]],FEASIBLE,FEASIBLE,FEASIBLE,null,0.003603,0.011595,0.000574,False
704185,2,7,"[2,1]","[2,2,2,2,1,1,1]","[[0,1,2,3,4,5,6],[2,4]]",FEASIBLE,FEASIBLE,FEASIBLE,null,0.019899,0.030166,0.001721,False
704186,2,6,"[1,1]","[2,1,2,3,2,2]","[[2],[1]]",FEASIBLE,FEASIBLE,FEASIBLE,null,0.018681,0.02245,0.000954,False
704187,1,2,[1],"[2,1]","[[0,1]]",FEASIBLE,FEASIBLE,FEASIBLE,null,0.004312,0.013551,0.000639,False
704188,2,7,"[1,1]","[1,1,2,3,3,1,3]","[[0,1,2,3,4,5,6],[2,3]]",FEASIBLE,FEASIBLE,FEASIBLE,null,0.020086,0.026279,0.001589,False
704189,2,6,"[1,1]","[1,3,3,1,1,1]","[[2,4],[0,1,2,3,4,5]]",FEASIBLE,FEASIBLE,FEASIBLE,null,0.017857,0.025196,0.001534,False
704190,4,3,"[1,1,1,1]","[1,1,3]","[[0],[2],[0],[2]]",UNSAT,UNSAT,UNSAT,"[0, 2]",0.019787,0.036394,0.001905,False
704191,6,2,"[1,1,1,1,1,1]","[3,1]","[[0,1],[1],[0,1],[1],[1],[0,1]]",UNSAT,UNSAT,UNSAT,"[1, 3]",0.030783,0.047897,0.002435,False
704192,1,4,[2],"[1,2,1,3]","[[2,3]]",FEASIBLE,FEASIBLE,FEASIBLE,null,0.005412,0.018047,0.000824,False
704193,6,7,"[2,1,2,3,3,2]","[2,3,1,1,1,1,1]","[[0,1,2,3,4,5,6],[3],[0,1,2,3,4],[0,1,2,3,4,5,6],[0,2,3,4,5],[0,1,2,3,4,5,6]]",UNSAT,UNSAT,UNSAT,"[0, 1, 2, 3, 4]",0.397841,0.110725,0.011036,False
704194,5,6,"[1,2,2,3,1]","[2,2,1,3,3,2]","[[0],[0,1,3,4],[0,2,3,4,5],[0,1,2,4,5],[0,1,2,3,4,5]]",FEASIBLE,FEASIBLE,FEASIBLE,null,0.182302,0.156534,0.003437,False
704195,7,3,"[1,2,3,1,1,1,1]","[2,2,1]","[[0,1],[0,1],[0,1,2],[1],[2],[0,1,2],[1]]",UNSAT,UNSAT,UNSAT,"[2, 4]",0.06099,0.06795,0.003929,False
704196,7,3,"[1,1,1,1,1,1,1]","[1,1,3]","[[0],[2],[0,1,2],[0,1,2],[0,2],[0],[0]]",UNSAT,UNSAT,UNSAT,"[0, 5]",0.037734,0.060382,0.002999,False
704197,3,1,"[1,1,1]",[1],"[[0],[0],[0]]",UNSAT,UNSAT,UNSAT,"[0, 1]",0.008563,0.036145,0.001431,False
704198,5,7,"[1,3,1,1,1]","[3,3,3,1,1,1,2]","[[1,5],[1,2,4,6],[0,2,4,6],[5],[1,2,3,5]]",FEASIBLE,FEASIBLE,FEASIBLE,null,0.248582,0.049936,0.002931,False
704199,5,4,"[1,3,1,1,1]","[2,1,2,2]","[[3],[0,1,3],[0,2],[2],[2]]",FEASIBLE,FEASIBLE,FEASIBLE,null,0.125971,0.039417,0.001812,False
704200,4,1,"[1,1,1,1]",[3],"[[0],[0],[0],[0]]",UNSAT,UNSAT,UNSAT,"[0, 1, 2, 3]",0.026799,0.036645,0.001799,False
704201,4,6,"[3,3,1,1]","[1,2,2,1,3,2]","[[0,3,4],[0,1,2,3,4],[0,1,3,4,5],[2]]",FEASIBLE,FEASIBLE,FEASIBLE,null,0.101892,0.051539,0.0028,False
704202,7,7,"[2,1,2,3,2,1,1]","[1,3,1,3,3,1,3]","[[1,3,5,6],[0],[0,1,5,6],[0,2,3,4],[0,1],[0,1,2,3,5,6],[2,3]]",UNSAT,UNSAT,UNSAT,"[1, 4]",0.095951,0.110804,0.005816,False
704203,1,7,[1],"[3,1,2,3,3,1,2]","[[0,1,2,3,4,5]]",FEASIBLE,FEASIBLE,FEASIBLE,null,0.007773,0.021418,0.001258,False
704204,1,5,[3],"[3,2,1,3,3]","[[1,2,4]]",FEASIBLE,FEASIBLE,FEASIBLE,null,0.010044,0.023997,0.001122,False
704205,6,6,"[2,2,2,1,1,1]","[2,1,3,2,2,1]","[[0,1,2,3,5],[0,1,2,3,4,5],[1,3,4],[1,2,3,5],[1,2,4],[3,4]]",FEASIBLE,FEASIBLE,FEASIBLE,null,0.376728,0.223167,0.003479,False
704206,4,2,"[1,1,1,1]","[2,1]","[[1],[0,1],[0],[1]]",UNSAT,UNSAT,UNSAT,"[0, 3]",0.018041,0.03688,0.001842,False
704207,5,6,"[1,1,1,3,1]","[3,2,2,2,1,2]","[[0,1,2,3,4,5],[1],[2],[1,2,3,4],[0,1,2,3,4,5]]",FEASIBLE,FEASIBLE,FEASIBLE,null,0.180139,0.049818,0.002858,False
704208,7,5,"[3,3,1,1,1,1,1]","[3,1,3,2,2]","[[0,1,2,3],[0,1,2,3,4],[3],[0,2,3],[0,1,2,3,4],[0],[0,2]]",FEASIBLE,FEASIBLE,FEASIBLE,null,0.682936,0.099213,0.004619,False
704209,6,5,"[2,2,3,2,1,2]","[3,2,2,1,1]","[[1,3],[1,3,4],[0,1,4],[0,1,2,3,4],[1,2,3],[0,1,2,3,4]]",UNSAT,UNSAT,UNSAT,"[0, 1, 2]",0.104847,0.086895,0.005407,False
704210,7,6,"[1,2,1,2,3,1,2]","[1,2,3,1,3,2]","[[1],[0,1,4],[1],[0,2,5],[0,1,2,3,4,5],[0,1],[0,2]]",UNSAT,UNSAT,UNSAT,"[0, 1, 2, 5]",0.368595,0.10785,0.005782,False
704211,3,3,"[3,2,1]","[3,2,1]","[[0,1,2],[0,2],[2]]",UNSAT,UNSAT,UNSAT,"[0, 1]",0.014274,0.042823,0.002268,False
704212,4,5,"[2,1,2,2]","[3,1,2,1,2]","[[1,2,3,4],[2],[1,2],[3,4]]",UNSAT,UNSAT,UNSAT,"[0, 1, 2, 3]",0.073643,0.072055,0.003768,False
704213,1,1,[1],[1],[[0]],FEASIBLE,FEASIBLE,FEASIBLE,null,0.003618,0.012879,0.00058,False
704214,5,7,"[3,2,1,3,2]","[2,1,1,1,1,3,2]","[[0,2,3,4,5,6],[0,1,2,3,4,5,6],[5],[3,5,6],[2,6]]",FEASIBLE,FEASIBLE,FEASIBLE,null,0.206861,5.723736,0.004113,False
704215,2,2,"[2,1]","[1,2]","[[0,1],[1]]",FEASIBLE,FEASIBLE,FEASIBLE,null,0.014997,0.023674,0.001103,False
704216,4,3,"[1,3,2,1]","[1,1,2]","[[0,1],[0,1,2],[0,1,2],[0,1]]",UNSAT,UNSAT,UNSAT,"[0, 1]",0.017272,0.056429,0.002775,False
704217,4,5,"[1,1,2,1]","[3,2,1,2,3]","[[0,3],[0,1,2,3,4],[0,1,2,3,4],[0,1,2,3,4]]",FEASIBLE,FEASIBLE,FEASIBLE,null,0.08227,0.041504,0.002682,False
704218,1,1,[1],[1],[[0]],FEASIBLE,FEASIBLE,FEASIBLE,null,0.003661,0.011722,0.000533,False
704219,6,1,"[1,1,1,1,1,1]",[1],"[[0],[0],[0],[0],[0],[0]]",UNSAT,UNSAT,UNSAT,"[0, 1]",0.012112,0.043025,0.002039,False
704220,1,3,[2],"[3,2,2]","[[1,2]]",FEASIBLE,FEASIBLE,FEASIBLE,null,0.005921,0.018495,0.000844,False
704221,7,3,"[1,1,2,1,1,1,2]","[1,1,2]","[[0,2],[1,2],[0,1,2],[1],[2],[0],[0,1,2]]",UNSAT,UNSAT,UNSAT,"[0, 2, 6]",0.114176,0.064696,0.003809,False
704222,1,7,[1],"[1,2,1,1,1,1,2]","[[0,4]]",FEASIBLE,FEASIBLE,FEASIBLE,null,0.007555,0.017039,0.000945,False
704223,4,2,"[2,2,2,1]","[1,1]","[[0,1],[0,1],[0,1],[1]]",UNSAT,UNSAT,UNSAT,"[0, 1]",0.012655,0.041989,0.002234,False
704224,2,6,"[1,2]","[3,2,3,3,1,2]","[[1],[2,3]]",FEASIBLE,FEASIBLE,FEASIBLE,null,0.017597,0.089967,0.001219,False
704225,6,4,"[3,1,1,1,3,2]","[2,2,1,2]","[[0,1,2],[1],[0,1,2,3],[0],[0,1,2,3],[0,1,3]]",UNSAT,UNSAT,UNSAT,"[0, 1, 4]",0.088907,0.071026,0.004248,False
704226,3,6,"[3,1,1]","[2,1,3,2,3,3]","[[0,2,3,4,5],[1,2,4,5],[0,1,2,3,4,5]]",FEASIBLE,FEASIBLE,FEASIBLE,null,0.039051,0.039286,0.002549,False
704227,4,3,"[1,1,1,1]","[2,1,2]","[[2],[0,2],[0,1,2],[0,1]]",FEASIBLE,FEASIBLE,FEASIBLE,null,0.048509,0.030612,0.001644,False
704228,7,1,"[1,1,1,1,1,1,1]",[2],"[[0],[0],[0],[0],[0],[0],[0]]",UNSAT,UNSAT,UNSAT,"[0, 1, 2]",0.056771,0.04979,0.00205,False
704229,4,1,"[1,1,1,1]",[2],"[[0],[0],[0],[0]]",UNSAT,UNSAT,UNSAT,"[0, 1, 2]",0.018835,0.034813,0.001657,False
704230,4,5,"[2,1,2,3]","[3,2,3,3,1]","[[0,2,3,4],[3],[0,1,2,3,4],[0,1,2,3,4]]",FEASIBLE,FEASIBLE,FEASIBLE,null,0.072712,0.046386,0.002593,False
704231,3,1,"[1,1,1]",[2],"[[0],[0],[0]]",UNSAT,UNSAT,UNSAT,"[0, 1, 2]",0.013207,0.031947,0.001371,False
704232,1,2,[1],"[2,2]",[[0]],FEASIBLE,FEASIBLE,FEASIBLE,null,0.004129,0.013124,0.000649,False
704233,4,5,"[1,2,2,3]","[2,1,1,1,3]","[[0,1,2,3,4],[0,1,2,4],[0,1,3,4],[1,3,4]]",FEASIBLE,FEASIBLE,FEASIBLE,null,0.070315,0.083514,0.004281,False
704234,5,3,"[1,3,1,2,1]","[3,1,3]","[[1],[0,1,2],[0,1,2],[0,1],[1,2]]",UNSAT,UNSAT,UNSAT,"[0, 1]",0.018758,0.053583,0.002829,False
704235,7,5,"[2,1,1,1,2,2,3]","[1,2,3,1,1]","[[0,1,2,3],[0],[0,1,2,3,4],[0,1,2,3,4],[0,1,2,3,4],[1,3],[1,3,4]]",UNSAT,UNSAT,UNSAT,"[5, 6]",0.13595,0.209966,0.00719,False
704236,2,2,"[1,1]","[3,2]","[[0],[0]]",FEASIBLE,FEASIBLE,FEASIBLE,null,0.009501,0.017816,0.000831,False
704237,2,3,"[1,1]","[1,2,1]","[[1,2],[0,1,2]]",FEASIBLE,FEASIBLE,FEASIBLE,null,0.011047,0.020388,0.001158,False
704238,4,7,"[2,1,2,1]","[2,3,3,1,3,2,1]","[[1,3],[2,4,5],[1,3,5,6],[1]]",FEASIBLE,FEASIBLE,FEASIBLE,null,0.093602,0.041872,0.002218,False
704239,7,7,"[2,3,1,1,2,2,1]","[3,1,3,1,1,2,2]","[[0,1,5],[0,1,4],[2,3],[1],[0,2],[0,1,2,4,5,6],[0,2,3,5,6]]",UNSAT,UNSAT,UNSAT,"[1, 3]",0.087726,0.106444,0.005644,False
704240,1,2,[1],"[1,2]","[[0,1]]",FEASIBLE,FEASIBLE,FEASIBLE,null,0.004376,0.013632,0.000667,False
704241,5,4,"[1,2,2,3,2]","[2,2,3,1]","[[0,1,2,3],[0,1,2,3],[0,3],[0,1,2,3],[0,3]]",UNSAT,UNSAT,UNSAT,"[2, 4]",0.051999,0.086198,0.004664,False
704242,2,1,"[1,1]",[3],"[[0],[0]]",FEASIBLE,FEASIBLE,FEASIBLE,null,0.007017,0.016747,0.000749,False
704243,5,3,"[1,1,1,2,2]","[1,2,3]","[[1],[0,1,2],[1],[0,1,2],[0,1,2]]",UNSAT,UNSAT,UNSAT,"[0, 2, 3, 4]",0.09172,0.073814,0.003605,False
704244,7,7,"[2,3,3,1,3,3,3]","[3,3,1,3,1,2,2]","[[0,1,2],[0,1,3,5,6],[0,1,3,4,6],[0,1,2,3,4,5,6],[0,1,2,4,5,6],[0,1,2,3,4,5,6],[0,1,2,4,5,6]]",UNSAT,UNSAT,UNSAT,"[0, 1, 2, 4, 5, 6]",0.888648,0.138375,0.008574,False
704245,7,5,"[3,2,1,3,1,2,2]","[1,1,2,2,2]","[[0,1,2],[0,2,3,4],[0,1,2,3,4],[0,1,2,3,4],[1],[0,1,2],[0,1,2,3,4]]",UNSAT,UNSAT,UNSAT,"[0, 4]",0.04902,0.190295,0.005668,False
704246,6,3,"[2,1,3,2,2,1]","[3,1,2]","[[1,2],[0,2],[0,1,2],[0,1,2],[1,2],[2]]",UNSAT,UNSAT,UNSAT,"[0, 2]",0.025003,0.065981,0.003525,False
704247,5,7,"[3,1,2,1,3]","[1,3,1,3,3,1,1]","[[0,4,5,6],[0,4],[3,4,5],[4],[0,2,3,5]]",UNSAT,UNSAT,UNSAT,"[0, 1, 2, 3, 4]",0.199909,0.087912,0.005046,False
704248,1,2,[1],"[3,3]",[[1]],FEASIBLE,FEASIBLE,FEASIBLE,null,0.004301,0.012633,0.00066,False
704249,4,5,"[3,1,3,1]","[2,1,3,2,2]","[[0,1,2,3],[1,2,4],[1,3,4],[0,2,3]]",FEASIBLE,FEASIBLE,FEASIBLE,null,0.071669,0.057677,0.002846,False
704250,1,2,[1],"[1,1]",[[1]],FEASIBLE,FEASIBLE,FEASIBLE,null,0.004183,0.012241,0.000964,False
704251,4,1,"[1,1,1,1]",[1],"[[0],[0],[0],[0]]",UNSAT,UNSAT,UNSAT,"[0, 1]",0.009294,0.033082,0.002224,False
704252,1,4,[1],"[3,2,3,3]","[[0,1,2,3]]",FEASIBLE,FEASIBLE,FEASIBLE,null,0.005446,0.016191,0.001081,False
704253,3,7,"[2,1,3]","[2,3,2,1,3,2,1]","[[0,4],[0,1,2,3,5,6],[1,2,3,4,5,6]]",FEASIBLE,FEASIBLE,FEASIBLE,null,0.044905,0.040884,0.002763,False
704254,3,2,"[1,1,1]","[1,3]","[[1],[0],[0]]",UNSAT,UNSAT,UNSAT,"[1, 2]",0.014913,0.030063,0.001653,False
704255,3,2,"[1,1,1]","[1,1]","[[0],[0],[0,1]]",UNSAT,UNSAT,UNSAT,"[0, 1]",0.010811,0.035109,0.001597,False
704256,2,4,"[2,1]","[1,3,1,2]","[[1,2,3],[0,2]]",FEASIBLE,FEASIBLE,FEASIBLE,null,0.014145,0.023593,0.001309,False
704257,6,6,"[2,2,2,1,2,2]","[1,3,2,1,1,2]","[[2,3],[0,1,2,3,4,5],[3,4],[5],[3,5],[0,1,2,3,4,5]]",UNSAT,UNSAT,UNSAT,"[0, 2]",0.044882,0.165107,0.004157,False
704258,2,1,"[1,1]",[2],"[[0],[0]]",FEASIBLE,FEASIBLE,FEASIBLE,null,0.007417,0.016704,0.000718,False
704259,5,4,"[1,2,3,3,2]","[3,2,2,1]","[[2],[0,1,2],[1,2,3],[0,1,2,3],[0,1,2,3]]",UNSAT,UNSAT,UNSAT,"[0, 2, 3]",0.071462,0.069793,0.004015,False
704260,5,4,"[1,1,2,2,1]","[3,3,1,3]","[[3],[0,3],[0,1],[2,3],[3]]",FEASIBLE,FEASIBLE,FEASIBLE,null,0.123503,0.039478,0.001867,False
704261,5,7,"[3,1,1,1,1]","[2,3,1,2,1,3,3]","[[1,2,3,4,5,6],[5],[0,1,4,5],[0,1,2,3,5,6],[3,4]]",FEASIBLE,FEASIBLE,FEASIBLE,null,0.199543,0.052274,0.00305,False
704262,5,7,"[2,1,3,2,2]","[3,2,3,3,1,3,2]","[[1,2,3,4,5,6],[0,1,2,3,4,5,6],[0,2,3,4,5,6],[1,2],[0,3,6]]",FEASIBLE,FEASIBLE,FEASIBLE,null,0.225473,0.061303,0.003557,False
704263,3,2,"[1,1,1]","[3,2]","[[0,1],[1],[0,1]]",FEASIBLE,FEASIBLE,FEASIBLE,null,0.018939,0.023814,0.001203,False
704264,5,6,"[1,3,3,3,1]","[1,2,1,1,1,1]","[[5],[0,1,2,3,4,5],[1,3,4],[0,1,2,3],[0]]",UNSAT,UNSAT,UNSAT,"[1, 2, 3]",0.12048,0.070659,0.004394,False
704265,7,3,"[1,1,2,1,1,2,2]","[1,3,3]","[[1],[0],[0,1],[1],[0,1],[0,2],[0,1,2]]",UNSAT,UNSAT,UNSAT,"[1, 2]",0.042732,0.065684,0.003611,False
704266,4,4,"[2,2,1,2]","[2,1,2,1]","[[1,2,3],[0,1],[2,3],[0,2,3]]",UNSAT,UNSAT,UNSAT,"[0, 1, 2, 3]",0.060667,0.056413,0.003001,False
704267,6,4,"[3,1,2,2,2,3]","[1,2,2,2]","[[0,2,3],[0,1,2,3],[2,3],[0,3],[0,1,2,3],[0,1,2,3]]",UNSAT,UNSAT,UNSAT,"[0, 3]",0.03456,0.176103,0.004696,False
704268,1,4,[2],"[1,3,3,2]","[[1,2,3]]",FEASIBLE,FEASIBLE,FEASIBLE,null,0.005589,0.018719,0.000902,False
704269,3,1,"[1,1,1]",[2],"[[0],[0],[0]]",UNSAT,UNSAT,UNSAT,"[0, 1, 2]",0.013163,0.030267,0.001408,False
704270,6,5,"[1,3,3,3,1,2]","[1,2,1,1,2]","[[0],[0,1,2,3,4],[0,2,3,4],[0,2,3,4],[1,2,4],[0,1,2,4]]",UNSAT,UNSAT,UNSAT,"[2, 3]",0.069865,0.083053,0.005165,False
704271,6,2,"[1,2,2,1,1,1]","[1,1]","[[0,1],[0,1],[0,1],[0],[0,1],[0,1]]",UNSAT,UNSAT,UNSAT,"[0, 1]",0.017563,0.053787,0.002975,False
704272,5,6,"[2,1,1,1,3]","[1,2,3,1,1,1]","[[0,3,4,5],[3],[2],[0,1,2,3,4,5],[0,1,2,3,4,5]]",FEASIBLE,FEASIBLE,FEASIBLE,null,0.174132,0.071078,0.003847,False
704273,7,4,"[1,1,1,3,1,1,1]","[3,2,2,3]","[[2],[2],[1,2,3],[0,1,2,3],[2],[2],[1]]",UNSAT,UNSAT,UNSAT,"[0, 1, 4]",0.114607,0.11683,0.003973,False
704274,3,2,"[2,2,1]","[1,2]","[[0,1],[0,1],[0]]",UNSAT,UNSAT,UNSAT,"[0, 1]",0.011351,0.037743,0.001862,False
704275,7,2,"[1,1,1,1,1,2,1]","[3,3]","[[1],[0,1],[0],[1],[0],[0,1],[0]]",UNSAT,UNSAT,UNSAT,"[2, 4, 5, 6]",0.230716,0.05697,0.003034,False
704276,5,2,"[1,2,1,2,1]","[1,1]","[[1],[0,1],[0],[0,1],[0]]",UNSAT,UNSAT,UNSAT,"[0, 1]",0.014906,0.044274,0.002386,False
704277,3,1,"[1,1,1]",[1],"[[0],[0],[0]]",UNSAT,UNSAT,UNSAT,"[0, 1]",0.008285,0.028773,0.001273,False
704278,3,7,"[3,2,2]","[1,3,1,2,3,1,3]","[[0,1,4],[1,6],[1,2,3,4,5]]",FEASIBLE,FEASIBLE,FEASIBLE,null,0.043808,0.154764,0.002173,False
704279,4,3,"[2,1,1,1]","[1,3,3]","[[0,1,2],[1,2],[1],[1]]",FEASIBLE,FEASIBLE,FEASIBLE,null,0.04886,0.041094,0.001923,False
704280,4,7,"[2,1,1,2]","[2,1,1,3,3,2,2]","[[2,3],[5],[0,1,2,3,4,6],[0,1,3,4]]",FEASIBLE,FEASIBLE,FEASIBLE,null,0.096528,0.04228,0.002444,False
704281,7,6,"[1,1,3,1,2,1,2]","[3,1,1,3,3,2]","[[0,1,2,3,4,5],[2,3,4,5],[0,1,4,5],[2,5],[1,2,3,4],[1,5],[2,3,4,5]]",FEASIBLE,FEASIBLE,FEASIBLE,null,0.779247,0.07201,0.004003,False
704282,4,4,"[1,3,2,1]","[2,1,2,2]","[[0],[0,1,2,3],[0,1,2,3],[0,2]]",FEASIBLE,FEASIBLE,FEASIBLE,null,0.060557,0.054628,0.002512,False
704283,6,3,"[1,1,1,1,3,1]","[3,2,1]","[[0,1],[0],[2],[0,1,2],[0,1,2],[1]]",UNSAT,UNSAT,UNSAT,"[2, 4]",0.050834,0.058316,0.003232,False
704284,2,1,"[1,1]",[1],"[[0],[0]]",UNSAT,UNSAT,UNSAT,"[0, 1]",0.007155,0.024916,0.001049,False
704285,2,1,"[1,1]",[1],"[[0],[0]]",UNSAT,UNSAT,UNSAT,"[0, 1]",0.006334,0.023875,0.00098,False
704286,7,2,"[1,1,1,1,2,1,1]","[2,3]","[[1],[0],[0],[1],[0,1],[0],[1]]",UNSAT,UNSAT,UNSAT,"[1, 2, 4]",0.102011,0.079441,0.002763,False
704287,5,7,"[3,1,1,1,2]","[1,2,2,2,3,1,3]","[[0,1,3,5],[2,5],[1,2,4,5],[1],[0,2,3,4]]",FEASIBLE,FEASIBLE,FEASIBLE,null,0.199744,0.062823,0.003413,False
704288,7,5,"[1,1,3,1,2,3,3]","[3,1,1,1,3]","[[0,1,2,3,4],[0,1,2,3],[0,2,3,4],[1,3],[0,1,3,4],[0,1,2,3,4],[2,3,4]]",UNSAT,UNSAT,UNSAT,"[2, 6]",0.098124,0.18617,0.005882,False
704289,4,1,"[1,1,1,1]",[1],"[[0],[0],[0],[0]]",UNSAT,UNSAT,UNSAT,"[0, 1]",0.009775,0.034299,0.001523,False
704290,2,4,"[1,1]","[3,2,2,3]","[[0,1,2,3],[0,1]]",FEASIBLE,FEASIBLE,FEASIBLE,null,0.014312,0.021863,0.001211,False
704291,2,4,"[1,2]","[2,3,3,1]","[[1,3],[0,1,2,3]]",FEASIBLE,FEASIBLE,FEASIBLE,null,0.013541,0.024071,0.001331,False
704292,2,3,"[1,2]","[2,2,2]","[[0],[0,1,2]]",FEASIBLE,FEASIBLE,FEASIBLE,null,0.019201,0.030029,0.001138,False
704293,5,4,"[1,1,2,1,1]","[3,2,1,1]","[[0,2],[0,1,3],[0,1,2,3],[0,1,3],[1,2]]",FEASIBLE,FEASIBLE,FEASIBLE,null,0.142359,0.045016,0.002362,False
704294,2,3,"[1,1]","[2,1,3]","[[1,2],[1]]",FEASIBLE,FEASIBLE,FEASIBLE,null,0.011634,0.03003,0.00134,False
704295,7,1,"[1,1,1,1,1,1,1]",[1],"[[0],[0],[0],[0],[0],[0],[0]]",UNSAT,UNSAT,UNSAT,"[0, 1]",0.016794,0.048268,0.002067,False
704296,7,3,"[2,1,1,1,1,3,1]","[1,2,3]","[[0,2],[1],[0,2],[1],[1,2],[0,1,2],[0]]",UNSAT,UNSAT,UNSAT,"[0, 5]",0.03629,0.064779,0.003641,False
704297,7,6,"[2,2,1,3,2,1,3]","[3,3,3,3,1,3]","[[1,2,3],[0,2,4,5],[3],[1,2,3,4,5],[0,1,4,5],[1],[2,3,5]]",FEASIBLE,FEASIBLE,FEASIBLE,null,0.778089,0.095963,0.004676,False
704298,3,6,"[3,1,1]","[3,1,2,2,2,3]","[[0,1,3,4],[4],[1,5]]",FEASIBLE,FEASIBLE,FEASIBLE,null,0.03821,0.033345,0.001759,False
704299,1,3,[1],"[2,2,2]",[[0]],FEASIBLE,FEASIBLE,FEASIBLE,null,0.00496,0.013026,0.000677,False
704300,2,6,"[3,3]","[3,3,2,2,2,1]","[[0,3,4],[1,3,4,5]]",FEASIBLE,FEASIBLE,FEASIBLE,null,0.017838,0.038446,0.001696,False
704301,1,2,[1],"[3,3]",[[1]],FEASIBLE,FEASIBLE,FEASIBLE,null,0.00415,0.012322,0.000552,False
704302,6,4,"[1,1,2,3,3,2]","[1,1,2,3]","[[3],[0,1,2],[1,2,3],[0,1,3],[0,1,2,3],[0,1,2,3]]",UNSAT,UNSAT,UNSAT,"[3, 4]",0.071746,0.076098,0.004588,False
704303,6,6,"[2,3,1,1,2,1]","[2,2,1,2,3,3]","[[3,4],[0,1,2,3,4,5],[2,4],[5],[1,2,4,5],[5]]",FEASIBLE,FEASIBLE,FEASIBLE,null,0.365815,0.057516,0.003063,False
704304,4,5,"[1,1,3,2]","[3,1,1,2,1]","[[1,2,3,4],[0,1,2,3,4],[0,1,3,4],[3,4]]",FEASIBLE,FEASIBLE,FEASIBLE,null,0.077314,0.059667,0.00331,False
704305,4,5,"[3,3,3,2]","[1,3,1,2,3]","[[0,2,3],[0,3,4],[1,2,4],[0,1,4]]",UNSAT,UNSAT,UNSAT,"[0, 1]",0.023416,0.06274,0.003357,False
704306,4,7,"[3,1,3,1]","[2,2,2,1,2,3,3]","[[3,4,5,6],[5],[1,3,4,5,6],[0,2,3,4,6]]",FEASIBLE,FEASIBLE,FEASIBLE,null,0.111547,0.050486,0.0027,False
704307,3,3,"[1,1,1]","[1,1,3]","[[0],[0,1,2],[0,2]]",FEASIBLE,FEASIBLE,FEASIBLE,null,0.023763,0.026505,0.001369,False
704308,5,2,"[1,1,1,2,2]","[2,1]","[[0,1],[0],[1],[0,1],[0,1]]",UNSAT,UNSAT,UNSAT,"[2, 3]",0.03066,0.046584,0.002564,False
704309,2,3,"[1,1]","[2,1,1]","[[2],[0,1,2]]",FEASIBLE,FEASIBLE,FEASIBLE,null,0.011616,0.020066,0.001177,False
704310,3,7,"[1,1,3]","[1,2,3,1,2,2,3]","[[4],[0,1],[0,1,3,4,5,6]]",FEASIBLE,FEASIBLE,FEASIBLE,null,0.043223,0.035446,0.001989,False
704311,6,6,"[2,3,2,2,1,1]","[3,1,1,2,2,1]","[[0,1,2,3,5],[0,1,2,5],[0,1,2,3,4,5],[0,1,3],[2,4],[0]]",UNSAT,UNSAT,UNSAT,"[0, 1, 2, 3, 5]",0.328662,0.113434,0.006003,False
704312,6,6,"[2,2,1,1,1,1]","[3,3,1,3,3,3]","[[0,1,2,3,4,5],[0,1,2,3,5],[4],[2],[1,2,5],[1]]",FEASIBLE,FEASIBLE,FEASIBLE,null,0.533705,0.067961,0.003409,False
704313,4,4,"[2,1,3,1]","[3,1,3,2]","[[1,2,3],[0,1],[0,1,2,3],[0,1,2,3]]",FEASIBLE,FEASIBLE,FEASIBLE,null,0.060299,0.043436,0.002722,False
704314,1,2,[1],"[2,3]",[[1]],FEASIBLE,FEASIBLE,FEASIBLE,null,0.004278,0.01212,0.000674,False
704315,1,1,[1],[3],[[0]],FEASIBLE,FEASIBLE,FEASIBLE,null,0.003179,0.010843,0.00054,False
704316,2,5,"[1,2]","[3,1,1,1,1]","[[3],[2,3,4]]",FEASIBLE,FEASIBLE,FEASIBLE,null,0.015262,0.023809,0.001334,False
704317,5,2,"[1,1,2,1,1]","[3,1]","[[0,1],[0],[0,1],[1],[0]]",UNSAT,UNSAT,UNSAT,"[2, 3]",0.030808,0.052064,0.002796,False
704318,7,2,"[1,2,1,1,1,1,1]","[3,3]","[[1],[0,1],[1],[0],[1],[1],[0]]",UNSAT,UNSAT,UNSAT,"[0, 1, 2, 4]",0.148766,0.058869,0.002831,False
704319,6,4,"[1,1,1,3,3,2]","[2,1,3,1]","[[0],[0,2,3],[0,3],[0,1,2,3],[0,1,2,3],[0,1]]",UNSAT,UNSAT,UNSAT,"[0, 3, 4]",0.109054,0.092563,0.005082,False
704320,3,5,"[1,2,2]","[1,3,2,3,3]","[[3,4],[0,3],[2,4]]",FEASIBLE,FEASIBLE,FEASIBLE,null,0.033706,0.031341,0.001549,False
704321,5,6,"[1,2,3,1,3]","[2,3,2,2,2,1]","[[0,1,2,3,4,5],[3,4],[0,1,2,3,4,5],[4],[0,1,2,3,4,5]]",FEASIBLE,FEASIBLE,FEASIBLE,null,0.176071,0.058401,0.003305,False
704322,1,2,[2],"[3,3]","[[0,1]]",FEASIBLE,FEASIBLE,FEASIBLE,null,0.004212,0.01527,0.0007,False
704323,2,7,"[1,1]","[1,2,2,1,3,1,3]","[[0,1,2,3,4,5,6],[1,2,5]]",FEASIBLE,FEASIBLE,FEASIBLE,null,0.01962,0.028674,0.001787,False
704324,3,6,"[1,2,2]","[1,2,3,3,3,1]","[[0,2],[1,4,5],[0,1,2,3,4,5]]",FEASIBLE,FEASIBLE,FEASIBLE,null,0.076643,0.143176,0.002148,False
704325,1,5,[1],"[3,1,2,1,3]",[[3]],FEASIBLE,FEASIBLE,FEASIBLE,null,0.006463,0.013978,0.000792,False
704326,2,5,"[1,2]","[3,1,1,1,1]","[[0,1,2,4],[1,2,3,4]]",FEASIBLE,FEASIBLE,FEASIBLE,null,0.015672,0.026828,0.001494,False
704327,4,2,"[1,1,1,1]","[2,3]","[[1],[1],[1],[0,1]]",FEASIBLE,FEASIBLE,FEASIBLE,null,0.037065,0.026691,0.001364,False
704328,3,2,"[1,1,1]","[2,3]","[[0,1],[0,1],[1]]",FEASIBLE,FEASIBLE,FEASIBLE,null,0.01831,0.023017,0.001211,False
704329,6,4,"[1,3,1,2,1,1]","[2,1,2,3]","[[2],[0,1,2,3],[1,2,3],[2,3],[1],[1,2]]",UNSAT,UNSAT,UNSAT,"[0, 1, 3, 4]",0.175995,0.098296,0.004418,False
704330,4,1,"[1,1,1,1]",[2],"[[0],[0],[0],[0]]",UNSAT,UNSAT,UNSAT,"[0, 1, 2]",0.022827,0.035983,0.001592,False
704331,2,1,"[1,1]",[1],"[[0],[0]]",UNSAT,UNSAT,UNSAT,"[0, 1]",0.006646,0.0245,0.000953,False
704332,2,3,"[1,2]","[2,1,3]","[[1],[0,2]]",FEASIBLE,FEASIBLE,FEASIBLE,null,0.011156,0.021454,0.001017,False
704333,4,4,"[1,1,1,1]","[2,1,1,1]","[[3],[0],[0,2],[3]]",UNSAT,UNSAT,UNSAT,"[0, 3]",0.026682,0.037497,0.001874,False
704334,4,6,"[1,1,1,2]","[1,1,3,1,2,2]","[[1,2,3,4],[2],[0,1,2,3,4,5],[0,3,5]]",FEASIBLE,FEASIBLE,FEASIBLE,null,0.084463,0.0406,0.002453,False
704335,7,7,"[2,2,1,1,1,1,2]","[1,2,2,3,1,2,3]","[[3,5,6],[0,1,2,3,4,5,6],[4],[2],[0,3,6],[5],[2,5]]",FEASIBLE,FEASIBLE,FEASIBLE,null,0.867984,0.074281,0.003888,False
704336,5,2,"[1,1,2,1,1]","[3,1]","[[0],[1],[0,1],[0],[0]]",UNSAT,UNSAT,UNSAT,"[1, 2]",0.023805,0.047534,0.002342,False
704337,3,7,"[2,3,1]","[1,1,3,2,3,3,1]","[[0,5],[0,1,2,5,6],[4]]",FEASIBLE,FEASIBLE,FEASIBLE,null,0.044933,0.129674,0.001936,False
704338,1,2,[1],"[3,1]","[[0,1]]",FEASIBLE,FEASIBLE,FEASIBLE,null,0.004306,0.012837,0.000891,False
704339,6,3,"[2,1,1,1,1,1]","[3,3,3]","[[0,1,2],[1,2],[2],[0,2],[0,1,2],[2]]",FEASIBLE,FEASIBLE,FEASIBLE,null,0.223191,0.044099,0.00253,False
704340,2,5,"[1,3]","[3,1,1,2,1]","[[3],[0,1,2,3,4]]",FEASIBLE,FEASIBLE,FEASIBLE,null,0.015967,0.027639,0.001659,False
704341,1,2,[1],"[2,3]",[[0]],FEASIBLE,FEASIBLE,FEASIBLE,null,0.004255,0.012054,0.001023,False
704342,6,4,"[1,1,1,1,1,3]","[1,2,1,3]","[[3],[0],[1],[3],[0,2],[0,1,2,3]]",UNSAT,UNSAT,UNSAT,"[1, 4, 5]",0.143364,0.0591,0.003543,False
704343,7,3,"[2,1,2,1,3,1,1]","[3,2,1]","[[0,1,2],[0],[0,1],[2],[0,1,2],[0,1,2],[1]]",UNSAT,UNSAT,UNSAT,"[3, 4]",0.068881,0.068093,0.004434,False
704344,1,4,[3],"[2,3,1,3]","[[0,1,2,3]]",FEASIBLE,FEASIBLE,FEASIBLE,null,0.005613,0.021482,0.001359,False
704345,5,5,"[2,2,1,2,2]","[1,2,3,2,3]","[[1,3],[0,1,2,3],[3],[1,3],[1,3]]",UNSAT,UNSAT,UNSAT,"[0, 2, 3]",0.086251,0.075181,0.004198,False
704346,3,6,"[1,2,2]","[3,2,2,2,3,1]","[[0,1,2,3,4,5],[0,1,2,3,4],[0,1,2,4,5]]",FEASIBLE,FEASIBLE,FEASIBLE,null,0.039232,0.038584,0.002638,False
704347,4,2,"[1,1,1,1]","[2,2]","[[0],[1],[0,1],[0,1]]",FEASIBLE,FEASIBLE,FEASIBLE,null,0.037673,0.028291,0.001537,False
704348,6,3,"[1,1,2,3,1,1]","[3,3,1]","[[1,2],[0,1],[0,1,2],[0,1,2],[0,1,2],[1]]",UNSAT,UNSAT,UNSAT,"[0, 2, 3, 5]",0.15322,0.066889,0.004974,False
704349,6,3,"[3,2,1,1,2,1]","[1,3,1]","[[0,1,2],[0,2],[1],[0,2],[0,2],[2]]",UNSAT,UNSAT,UNSAT,"[0, 1]",0.02185,0.209013,0.003683,False
704350,2,7,"[2,3]","[1,3,3,1,2,3,1]","[[2,4],[0,2,3,4,5,6]]",FEASIBLE,FEASIBLE,FEASIBLE,null,0.020216,0.032575,0.002207,False
704351,6,6,"[1,2,2,1,1,1]","[3,1,3,1,1,2]","[[0,4,5],[0,2,3,4,5],[0,1,2,3,4,5],[1,5],[0,1,4],[0,1]]",FEASIBLE,FEASIBLE,FEASIBLE,null,0.40279,0.078354,0.004723,False
704352,5,4,"[1,2,2,1,1]","[1,3,1,1]","[[1],[1,2],[1,2],[0,1,2],[1,2,3]]",UNSAT,UNSAT,UNSAT,"[1, 2]",0.038295,0.054098,0.003492,False
704353,7,2,"[2,1,1,2,1,1,2]","[3,3]","[[0,1],[1],[0,1],[0,1],[1],[1],[0,1]]",UNSAT,UNSAT,UNSAT,"[0, 1, 3, 4]",0.158426,0.062234,0.003496,False
704354,7,3,"[1,3,2,1,2,1,1]","[1,1,2]","[[0,2],[0,1,2],[0,2],[0,1,2],[0,1,2],[1],[1]]",UNSAT,UNSAT,UNSAT,"[1, 2]",0.042268,0.069046,0.00396,False
704355,4,1,"[1,1,1,1]",[1],"[[0],[0],[0],[0]]",UNSAT,UNSAT,UNSAT,"[0, 1]",0.009436,0.033598,0.001466,False
704356,5,7,"[1,2,1,3,3]","[2,3,3,3,1,3,1]","[[1],[0,1,2,3,4,5,6],[0,1,2,3,4,5,6],[0,1,2,3,4,5,6],[0,1,2,3,4,5,6]]",FEASIBLE,FEASIBLE,FEASIBLE,null,0.196212,0.067749,0.004179,False
704357,1,7,[1],"[2,2,2,3,2,2,3]",[[4]],FEASIBLE,FEASIBLE,FEASIBLE,null,0.007508,0.017329,0.000872,False
704358,1,5,[2],"[1,2,2,1,2]","[[2,4]]",FEASIBLE,FEASIBLE,FEASIBLE,null,0.0062,0.018688,0.000896,False
704359,6,5,"[1,1,1,2,2,1]","[3,3,3,3,2]","[[1],[0,3,4],[4],[0,2,3],[1,2],[2]]",FEASIBLE,FEASIBLE,FEASIBLE,null,0.309841,0.154142,0.00227,False
704360,4,1,"[1,1,1,1]",[2],"[[0],[0],[0],[0]]",UNSAT,UNSAT,UNSAT,"[0, 1, 2]",0.019454,0.035526,0.001514,False
704361,5,4,"[1,3,2,2,3]","[2,2,3,3]","[[0,1,3],[0,1,2,3],[2,3],[0,1],[0,1,3]]",UNSAT,UNSAT,UNSAT,"[1, 3, 4]",0.093414,0.088824,0.004481,False
704362,1,5,[2],"[1,3,1,1,3]","[[0,3]]",FEASIBLE,FEASIBLE,FEASIBLE,null,0.006104,0.018622,0.000842,False
704363,1,4,[1],"[3,3,3,2]",[[0]],FEASIBLE,FEASIBLE,FEASIBLE,null,0.005367,0.013784,0.000618,False
704364,1,7,[3],"[3,2,2,3,2,3,1]","[[1,3,4]]",FEASIBLE,FEASIBLE,FEASIBLE,null,0.007442,0.021861,0.00117,False
704365,2,6,"[2,2]","[1,2,1,2,1,2]","[[0,4],[1,3,4,5]]",FEASIBLE,FEASIBLE,FEASIBLE,null,0.01764,0.028217,0.001487,False
704366,1,2,[1],"[3,3]",[[1]],FEASIBLE,FEASIBLE,FEASIBLE,null,0.004034,0.01143,0.000525,False
704367,5,5,"[3,2,1,1,1]","[3,1,1,1,2]","[[0,1,2,3,4],[0,3],[2,3],[0,1,3],[2,4]]",FEASIBLE,FEASIBLE,FEASIBLE,null,0.151254,0.063825,0.003238,False
704368,2,3,"[1,3]","[2,3,1]","[[0],[0,1,2]]",FEASIBLE,FEASIBLE,FEASIBLE,null,0.011159,0.024403,0.001188,False
704369,4,7,"[2,2,1,3]","[2,2,1,1,2,2,2]","[[1,2,3,4,5],[2,3],[1,4],[1,2,5,6]]",FEASIBLE,FEASIBLE,FEASIBLE,null,0.095207,0.064394,0.003098,False
704370,5,3,"[2,1,1,2,1]","[2,2,3]","[[0,1,2],[2],[0,2],[0,1,2],[0,1]]",FEASIBLE,FEASIBLE,FEASIBLE,null,0.105227,0.054934,0.002415,False
704371,1,1,[1],[3],[[0]],FEASIBLE,FEASIBLE,FEASIBLE,null,0.003646,0.011599,0.000475,False
704372,2,4,"[2,2]","[1,3,1,1]","[[0,1,2],[0,1,2,3]]",FEASIBLE,FEASIBLE,FEASIBLE,null,0.0134,0.029939,0.001376,False
704373,5,1,"[1,1,1,1,1]",[3],"[[0],[0],[0],[0],[0]]",UNSAT,UNSAT,UNSAT,"[0, 1, 2, 3]",0.041575,0.133259,0.003275,False
704374,6,6,"[1,3,2,3,1,3]","[3,3,3,2,3,3]","[[1],[1,3,4],[3,4],[0,2,3,4,5],[1,2,3],[0,3,4]]",UNSAT,UNSAT,UNSAT,"[1, 2, 5]",0.181504,0.110398,0.005359,False
704375,5,6,"[2,1,1,2,3]","[2,2,3,3,1,1]","[[0,2,3],[0,1,2,3,5],[1,4],[1,2,4],[0,1,2,3,4,5]]",FEASIBLE,FEASIBLE,FEASIBLE,null,0.183908,0.07396,0.00319,False
704376,4,5,"[1,1,2,1]","[1,2,2,3,3]","[[1,2,3,4],[1,2,3,4],[0,1,2,3,4],[4]]",FEASIBLE,FEASIBLE,FEASIBLE,null,0.072139,0.047332,0.002381,False
704377,4,6,"[2,3,1,2]","[1,3,2,2,1,1]","[[2,5],[0,1,2,3,4,5],[1,2,4,5],[1,5]]",UNSAT,UNSAT,UNSAT,"[0, 3]",0.037552,0.05896,0.003307,False
704378,5,2,"[1,2,1,1,1]","[1,3]","[[0],[0,1],[0],[0],[1]]",UNSAT,UNSAT,UNSAT,"[0, 1]",0.015119,0.05804,0.002227,False
704379,6,7,"[3,1,1,3,3,2]","[3,2,2,1,2,3,2]","[[2,3,5,6],[3],[1,3,6],[0,1,2,3,4,5,6],[1,2,3,4,5,6],[0,2,4]]",FEASIBLE,FEASIBLE,FEASIBLE,null,0.493294,0.119785,0.005097,False
704380,2,2,"[1,1]","[3,1]","[[0],[0]]",FEASIBLE,FEASIBLE,FEASIBLE,null,0.011971,0.02323,0.000831,False
704381,4,1,"[1,1,1,1]",[3],"[[0],[0],[0],[0]]",UNSAT,UNSAT,UNSAT,"[0, 1, 2, 3]",0.025612,0.040365,0.001562,False
704382,3,2,"[1,1,1]","[3,2]","[[0],[1],[0,1]]",FEASIBLE,FEASIBLE,FEASIBLE,null,0.018453,0.026932,0.001144,False
704383,3,2,"[1,1,1]","[1,3]","[[0],[0],[0,1]]",UNSAT,UNSAT,UNSAT,"[0, 1]",0.011757,0.041052,0.001652,False
704384,7,3,"[1,2,1,1,1,3,1]","[3,1,3]","[[2],[0,2],[0,1,2],[0],[0,1,2],[0,1,2],[1]]",UNSAT,UNSAT,UNSAT,"[5, 6]",0.084188,0.190831,0.003915,False
704385,5,2,"[1,2,1,1,2]","[3,3]","[[1],[0,1],[0],[0,1],[0,1]]",UNSAT,UNSAT,UNSAT,"[0, 1, 2, 3, 4]",0.075365,0.05117,0.002598,False
704386,3,6,"[2,1,1]","[1,2,3,3,2,3]","[[0,1,2,3,4,5],[2],[2]]",FEASIBLE,FEASIBLE,FEASIBLE,null,0.03801,0.03169,0.001723,False
704387,5,3,"[1,1,2,1,1]","[3,2,2]","[[1],[0,1,2],[1,2],[1],[0]]",UNSAT,UNSAT,UNSAT,"[0, 2, 3]",0.059739,0.046679,0.002422,False
704388,6,7,"[1,1,2,1,2,1]","[2,2,3,3,2,1,1]","[[4],[4],[0,1,2,3,4,5,6],[0,1,2,3,4,5,6],[1,4,5],[0,1,3]]",FEASIBLE,FEASIBLE,FEASIBLE,null,0.411463,0.056629,0.003388,False
704389,3,4,"[1,1,1]","[2,2,1,1]","[[2],[0,1,2,3],[2]]",UNSAT,UNSAT,UNSAT,"[0, 2]",0.019837,0.032995,0.001865,False
704390,7,1,"[1,1,1,1,1,1,1]",[2],"[[0],[0],[0],[0],[0],[0],[0]]",UNSAT,UNSAT,UNSAT,"[0, 1, 2]",0.04226,0.048617,0.002044,False
704391,1,6,[1],"[3,1,2,1,3,2]",[[5]],FEASIBLE,FEASIBLE,FEASIBLE,null,0.006526,0.015244,0.000833,False
704392,2,2,"[2,1]","[1,3]","[[0,1],[0]]",UNSAT,UNSAT,UNSAT,"[0, 1]",0.008547,0.042143,0.001451,False
704393,2,2,"[1,2]","[2,1]","[[0],[0,1]]",FEASIBLE,FEASIBLE,FEASIBLE,null,0.008699,0.019867,0.000947,False
704394,7,3,"[2,2,1,1,2,2,1]","[3,2,1]","[[1,2],[0,1],[1],[1,2],[0,1,2],[0,1],[0,1]]",UNSAT,UNSAT,UNSAT,"[0, 1, 2]",0.083566,0.080607,0.004002,False
704395,3,5,"[1,1,1]","[3,2,2,2,2]","[[2],[0,1],[3]]",FEASIBLE,FEASIBLE,FEASIBLE,null,0.03264,0.026163,0.001335,False
704396,5,2,"[1,1,2,1,1]","[2,2]","[[0],[0,1],[0,1],[0],[0]]",UNSAT,UNSAT,UNSAT,"[0, 2, 3]",0.04642,0.188606,0.019977,False
704397,2,1,"[1,1]",[3],"[[0],[0]]",FEASIBLE,FEASIBLE,FEASIBLE,null,0.007355,0.016781,0.001019,False
704398,6,7,"[2,1,1,3,1,1]","[1,2,1,2,3,1,1]","[[0,1,3,4,6],[2,6],[4],[0,1,2,3,4],[5,6],[0,3,4]]",FEASIBLE,FEASIBLE,FEASIBLE,null,0.407926,0.055367,0.003844,False
704399,2,6,"[1,3]","[1,1,2,3,1,2]","[[1,5],[0,1,4,5]]",FEASIBLE,FEASIBLE,FEASIBLE,null,0.017123,0.029079,0.001802,False
704400,6,3,"[1,1,2,1,1,1]","[3,3,1]","[[0],[1,2],[0,1,2],[2],[1],[1]]",UNSAT,UNSAT,UNSAT,"[1, 2, 3, 4, 5]",0.196831,0.051426,0.003897,False
704401,5,4,"[1,1,1,1,3]","[2,2,1,3]","[[3],[0,3],[1,3],[0,1,2,3],[0,1,3]]",FEASIBLE,FEASIBLE,FEASIBLE,null,0.116567,0.051753,0.003154,False
704402,1,7,[1],"[2,1,3,1,3,2,1]","[[1,2,3,4,5,6]]",FEASIBLE,FEASIBLE,FEASIBLE,null,0.007384,0.020508,0.015648,False
704403,3,5,"[1,3,1]","[2,1,3,3,3]","[[0],[0,1,2,3,4],[0,2]]",FEASIBLE,FEASIBLE,FEASIBLE,null,0.031559,0.030675,0.002078,False
704404,2,3,"[1,3]","[3,1,3]","[[0,1,2],[0,1,2]]",FEASIBLE,FEASIBLE,FEASIBLE,null,0.010593,0.024204,0.001619,False
704405,7,1,"[1,1,1,1,1,1,1]",[2],"[[0],[0],[0],[0],[0],[0],[0]]",UNSAT,UNSAT,UNSAT,"[0, 1, 2]",0.042542,0.044395,0.00293,False
704406,6,4,"[2,2,3,1,2,2]","[2,2,3,3]","[[0,1,2,3],[1,3],[0,1,2,3],[0],[0,1],[1,2,3]]",UNSAT,UNSAT,UNSAT,"[1, 2, 3, 4]",0.210487,0.099344,0.007051,False
704407,3,4,"[1,3,1]","[1,1,2,3]","[[1],[0,2,3],[2]]",FEASIBLE,FEASIBLE,FEASIBLE,null,0.026466,0.02868,0.002015,False
704408,7,3,"[2,3,1,1,1,1,1]","[1,1,3]","[[0,2],[0,1,2],[0,1,2],[0],[0,2],[0,1,2],[2]]",UNSAT,UNSAT,UNSAT,"[0, 1]",0.022637,0.156766,0.005491,False
704409,7,6,"[3,2,3,3,1,2,3]","[1,3,1,1,2,3]","[[1,2,3,5],[0,1],[1,2,4,5],[0,1,2,3,4,5],[5],[1,4],[0,1,3]]",UNSAT,UNSAT,UNSAT,"[1, 6]",0.087331,0.089892,0.006606,False
704410,6,5,"[2,2,2,1,2,1]","[1,3,1,1,1]","[[2,4],[0,2,3],[0,3,4],[0,1,3,4],[0,1,3,4],[0,1,2,4]]",UNSAT,UNSAT,UNSAT,"[0, 1, 2]",0.09229,0.071797,0.005546,False
704411,1,5,[3],"[3,2,1,3,2]","[[0,2,4]]",FEASIBLE,FEASIBLE,FEASIBLE,null,0.005912,0.020387,0.001266,False
704412,5,2,"[1,1,2,1,1]","[3,2]","[[0,1],[1],[0,1],[0],[0]]",UNSAT,UNSAT,UNSAT,"[0, 1, 2, 3, 4]",0.07345,0.043987,0.002896,False
704413,5,7,"[3,1,3,3,2]","[2,1,3,3,2,2,3]","[[0,1,2,3,4,5,6],[1,2,6],[3,4,5,6],[0,2,3,4,5,6],[0,1,3,4,5]]",FEASIBLE,FEASIBLE,FEASIBLE,null,0.18665,0.062778,0.004662,False
704414,7,2,"[1,1,1,1,2,1,1]","[2,2]","[[0],[0,1],[1],[0,1],[0,1],[0,1],[0]]",UNSAT,UNSAT,UNSAT,"[0, 4, 6]",0.085876,0.054866,0.003655,False
704415,3,1,"[1,1,1]",[2],"[[0],[0],[0]]",UNSAT,UNSAT,UNSAT,"[0, 1, 2]",0.011922,0.027857,0.001761,False
704416,3,1,"[1,1,1]",[2],"[[0],[0],[0]]",UNSAT,UNSAT,UNSAT,"[0, 1, 2]",0.011911,0.02736,0.001553,False
704417,1,7,[3],"[1,1,1,2,1,3,1]","[[0,1,2,3,6]]",FEASIBLE,FEASIBLE,FEASIBLE,null,0.006903,0.023906,0.00153,False
704418,6,6,"[3,2,1,3,2,3]","[3,2,1,2,1,3]","[[0,3,4,5],[1,3,4,5],[0,1,2,3],[0,1,2,3,4,5],[0,2,3,4,5],[0,1,3,5]]",UNSAT,UNSAT,UNSAT,"[0, 1, 3, 4, 5]",0.328493,0.202738,0.008827,False
704419,1,7,[2],"[1,2,2,3,3,3,2]","[[3,4]]",FEASIBLE,FEASIBLE,FEASIBLE,null,0.007213,0.018047,0.001162,False
704420,5,5,"[3,1,1,3,1]","[2,2,1,3,1]","[[0,1,2,3,4],[0,2,3,4],[0],[1,3,4],[3]]",FEASIBLE,FEASIBLE,FEASIBLE,null,0.138512,0.059415,0.003771,False
704421,4,1,"[1,1,1,1]",[1],"[[0],[0],[0],[0]]",UNSAT,UNSAT,UNSAT,"[0, 1]",0.008945,0.030812,0.001812,False
704422,2,2,"[1,1]","[3,2]","[[0,1],[1]]",FEASIBLE,FEASIBLE,FEASIBLE,null,0.008377,0.016445,0.001076,False
704423,2,6,"[1,1]","[1,2,1,2,3,2]","[[0,1,2,3,4,5],[2,3,5]]",FEASIBLE,FEASIBLE,FEASIBLE,null,0.01565,0.02297,0.001923,False
704424,2,5,"[1,3]","[2,2,1,3,2]","[[0,1,3,4],[0,3,4]]",FEASIBLE,FEASIBLE,FEASIBLE,null,0.013602,0.025209,0.00164,False
704425,2,3,"[2,1]","[1,2,1]","[[0,1],[2]]",FEASIBLE,FEASIBLE,FEASIBLE,null,0.009847,0.01858,0.001255,False
704426,5,3,"[1,2,1,1,3]","[1,2,3]","[[0,1],[0,1,2],[1],[1],[0,1,2]]",UNSAT,UNSAT,UNSAT,"[0, 1, 4]",0.050288,0.049379,0.003405,False
704427,3,1,"[1,1,1]",[1],"[[0],[0],[0]]",UNSAT,UNSAT,UNSAT,"[0, 1]",0.007468,0.026982,0.001449,False
704428,1,1,[1],[1],[[0]],FEASIBLE,FEASIBLE,FEASIBLE,null,0.002976,0.010163,0.000583,False
704429,7,7,"[1,3,1,3,3,3,2]","[3,3,3,3,2,3,2]","[[1,3],[0,1,2,3,4,5,6],[0,2,3,4,6],[0,1,2,4,5,6],[1,4,6],[1,2,3,6],[0,1,2,3,4,5,6]]",FEASIBLE,FEASIBLE,FEASIBLE,null,0.858517,0.124378,0.007005,False
704430,4,5,"[2,1,3,2]","[3,3,3,3,2]","[[0,1,2,3,4],[2,4],[1,2,3,4],[0,1,3,4]]",FEASIBLE,FEASIBLE,FEASIBLE,null,0.067545,0.142732,0.002835,False
704431,1,6,[1],"[1,2,3,2,2,1]","[[1,2,3,4,5]]",FEASIBLE,FEASIBLE,FEASIBLE,null,0.006738,0.017045,0.001164,False
704432,2,4,"[1,1]","[3,2,2,1]","[[0,2],[0]]",FEASIBLE,FEASIBLE,FEASIBLE,null,0.011943,0.017507,0.001,False
704433,1,4,[1],"[2,2,2,1]","[[0,1,3]]",FEASIBLE,FEASIBLE,FEASIBLE,null,0.005,0.014413,0.000912,False
704434,2,2,"[1,2]","[1,1]","[[0],[0,1]]",UNSAT,UNSAT,UNSAT,"[0, 1]",0.008347,0.026856,0.001593,False
704435,7,3,"[1,1,1,1,1,2,1]","[2,1,3]","[[1],[0,1,2],[0],[0],[1],[1,2],[0,1,2]]",UNSAT,UNSAT,UNSAT,"[0, 4]",0.030421,0.070085,0.003979,False
704436,2,5,"[2,1]","[1,3,2,1,1]","[[0,1,2,3,4],[1,2,3,4]]",FEASIBLE,FEASIBLE,FEASIBLE,null,0.014197,0.024837,0.001782,False
704437,5,5,"[2,1,1,3,1]","[3,2,1,1,3]","[[0,3],[1,2,3,4],[4],[0,2,3],[2,3,4]]",UNSAT,UNSAT,UNSAT,"[0, 3]",0.032648,0.052577,0.003705,False
704438,1,3,[1],"[2,3,2]","[[0,1,2]]",FEASIBLE,FEASIBLE,FEASIBLE,null,0.004498,0.014009,0.001111,False
704439,1,6,[2],"[2,1,2,3,1,1]","[[1,3,4]]",FEASIBLE,FEASIBLE,FEASIBLE,null,0.006095,0.017095,0.001081,False
704440,4,1,"[1,1,1,1]",[2],"[[0],[0],[0],[0]]",UNSAT,UNSAT,UNSAT,"[0, 1, 2]",0.017578,0.031652,0.001483,False
704441,1,3,[1],"[1,1,3]",[[2]],FEASIBLE,FEASIBLE,FEASIBLE,null,0.004535,0.01342,0.000614,False
704442,2,3,"[2,1]","[1,1,3]","[[0,2],[2]]",FEASIBLE,FEASIBLE,FEASIBLE,null,0.009961,0.018768,0.001017,False
704443,4,2,"[1,1,1,1]","[2,3]","[[0],[0,1],[0],[0]]",UNSAT,UNSAT,UNSAT,"[0, 2, 3]",0.028801,0.044619,0.002227,False
704444,5,3,"[1,3,1,2,3]","[3,2,3]","[[0,1,2],[0,1,2],[0,1,2],[0,1],[0,1,2]]",UNSAT,UNSAT,UNSAT,"[1, 3, 4]",0.081789,0.081442,0.004317,False
704445,6,7,"[1,1,1,1,2,1]","[2,2,1,1,2,1,2]","[[1,2,3,4,5,6],[0,1,3],[0],[3],[2,3,6],[2]]",UNSAT,UNSAT,UNSAT,"[3, 4, 5]",0.318782,0.054789,0.003904,False
704446,2,2,"[1,1]","[2,3]","[[1],[0]]",FEASIBLE,FEASIBLE,FEASIBLE,null,0.008589,0.016003,0.00075,False
704447,5,7,"[2,1,1,3,2]","[1,2,1,1,2,1,2]","[[0,1,2,3,4,5,6],[0,1,2,3,4,5,6],[0,2,3,4,5],[0,1,2,3,4,5,6],[1,4,5,6]]",FEASIBLE,FEASIBLE,FEASIBLE,null,0.179885,0.066619,0.004512,False
704448,7,4,"[3,2,1,2,1,1,3]","[1,3,2,3]","[[0,1,2,3],[0,2],[3],[0,1,2,3],[0,3],[0,2],[0,1,2,3]]",UNSAT,UNSAT,UNSAT,"[0, 1, 5]",0.109378,0.074497,0.004939,False
704449,2,2,"[1,1]","[1,1]","[[1],[1]]",UNSAT,UNSAT,UNSAT,"[0, 1]",0.008172,0.022655,0.001199,False
704450,2,3,"[1,1]","[3,2,1]","[[0],[0,2]]",FEASIBLE,FEASIBLE,FEASIBLE,null,0.009594,0.01642,0.000953,False
704451,4,5,"[1,1,1,1]","[1,1,2,1,3]","[[4],[0],[0,1,2,3,4],[2]]",FEASIBLE,FEASIBLE,FEASIBLE,null,0.062874,0.029267,0.001854,False
704452,1,1,[1],[2],[[0]],FEASIBLE,FEASIBLE,FEASIBLE,null,0.003092,0.009816,0.000542,False
704453,2,5,"[1,1]","[2,2,3,1,1]","[[0,1,2,3],[2]]",FEASIBLE,FEASIBLE,FEASIBLE,null,0.014141,0.019133,0.001262,False
704454,4,2,"[1,1,2,1]","[2,1]","[[1],[0],[0,1],[1]]",UNSAT,UNSAT,UNSAT,"[0, 2]",0.013426,0.034002,0.001936,False
704455,6,1,"[1,1,1,1,1,1]",[3],"[[0],[0],[0],[0],[0],[0]]",UNSAT,UNSAT,UNSAT,"[0, 1, 2, 3]",0.058494,0.039754,0.002045,False
704456,1,7,[3],"[1,2,1,1,2,3,3]","[[0,1,2,3,4,5,6]]",FEASIBLE,FEASIBLE,FEASIBLE,null,0.006824,0.023052,0.001373,False
704457,6,3,"[1,2,1,3,2,1]","[2,3,3]","[[0],[0,1],[2],[0,1,2],[0,2],[0,1,2]]",UNSAT,UNSAT,UNSAT,"[0, 1, 3]",0.061332,0.142341,0.003063,False
704458,1,5,[1],"[2,3,1,1,3]","[[0,1,2,3,4]]",FEASIBLE,FEASIBLE,FEASIBLE,null,0.016724,0.0179,0.001035,False
704459,5,7,"[3,1,1,1,3]","[2,1,2,1,2,1,1]","[[0,1,2,3,4,5,6],[0,1,3,4,5,6],[4],[0,1,2,3,4,5,6],[0,1,3,4,5,6]]",FEASIBLE,FEASIBLE,FEASIBLE,null,0.181242,0.057725,0.003972,False
704460,7,4,"[2,1,2,2,1,3,1]","[1,1,1,2]","[[0,1,2,3],[1,2,3],[0,2,3],[0,2],[1,3],[0,1,2,3],[0,2]]",UNSAT,UNSAT,UNSAT,"[2, 3]",0.062679,0.069896,0.004805,False
704461,6,6,"[1,1,2,2,1,1]","[1,3,3,2,3,2]","[[0],[5],[0,1,2,4,5],[0,2,3,4,5],[0,1,4],[0,1,2,3,4,5]]",FEASIBLE,FEASIBLE,FEASIBLE,null,0.337316,0.053785,0.003258,False
704462,4,5,"[1,3,2,1]","[1,2,1,2,1]","[[0,2],[0,1,2,4],[0,4],[0,1,2,3,4]]",UNSAT,UNSAT,UNSAT,"[1, 2]",0.033132,0.04972,0.00329,False
704463,4,1,"[1,1,1,1]",[1],"[[0],[0],[0],[0]]",UNSAT,UNSAT,UNSAT,"[0, 1]",0.008654,0.030827,0.001377,False
704464,3,3,"[1,1,1]","[2,3,3]","[[2],[0],[2]]",FEASIBLE,FEASIBLE,FEASIBLE,null,0.021051,0.019656,0.001153,False
704465,4,6,"[1,1,1,2]","[1,2,3,3,2,1]","[[0,1,2,3,4,5],[3],[0,5],[0,2,3,4]]",FEASIBLE,FEASIBLE,FEASIBLE,null,0.073429,0.035448,0.002279,False
704466,5,7,"[2,2,1,2,1]","[2,1,3,1,1,1,2]","[[0,1,2,3,4,5,6],[2,3,6],[0,1,3],[1,2,3,5],[0,1,4,5,6]]",FEASIBLE,FEASIBLE,FEASIBLE,null,0.179554,0.13347,0.003207,False
704467,7,7,"[2,1,3,3,1,2,1]","[2,3,1,1,2,2,2]","[[0,2,3,4,5],[1,2],[0,3,4,5],[0,1,2,3,4,5,6],[1],[1,2,3,5,6],[4]]",FEASIBLE,FEASIBLE,FEASIBLE,null,0.979237,0.107326,0.005489,False
704468,3,6,"[3,1,3]","[2,1,2,1,2,1]","[[1,4,5],[0],[1,2,5]]",UNSAT,UNSAT,UNSAT,"[0, 2]",0.025005,0.052365,0.002623,False
704469,2,6,"[2,1]","[2,2,2,1,1,2]","[[0,5],[0,1,2,3,4,5]]",FEASIBLE,FEASIBLE,FEASIBLE,null,0.015928,0.035668,0.001563,False
704470,5,7,"[1,3,3,2,1]","[3,2,2,1,3,1,3]","[[2],[1,3,4],[0,1,2,3,4,5,6],[0,2,3],[0,1,2,3,4,5,6]]",FEASIBLE,FEASIBLE,FEASIBLE,null,0.179523,0.067812,0.004044,False
704471,7,4,"[1,1,2,3,2,2,1]","[1,1,3,3]","[[0,1,2,3],[1,2,3],[1,2],[1,2,3],[0,3],[0,2],[2,3]]",UNSAT,UNSAT,UNSAT,"[2, 3]",0.064272,0.079908,0.004699,False
704472,3,2,"[2,1,1]","[1,1]","[[0,1],[1],[0]]",UNSAT,UNSAT,UNSAT,"[0, 1]",0.010263,0.031642,0.001864,False
704473,6,5,"[1,1,1,1,1,1]","[1,1,3,2,2]","[[0,4],[0,1,2,4],[1,4],[0],[2],[0]]",UNSAT,UNSAT,UNSAT,"[3, 5]",0.0878,0.064272,0.003563,False
704474,6,1,"[1,1,1,1,1,1]",[2],"[[0],[0],[0],[0],[0],[0]]",UNSAT,UNSAT,UNSAT,"[0, 1, 2]",0.030505,0.04092,0.00201,False
704475,3,2,"[1,1,1]","[2,2]","[[0,1],[0,1],[0]]",FEASIBLE,FEASIBLE,FEASIBLE,null,0.017092,0.03033,0.001539,False
704476,7,7,"[2,2,1,1,2,1,1]","[3,2,2,1,2,3,1]","[[0,1,6],[0,1,4,5,6],[2,3,6],[3,6],[0,3,4,5,6],[6],[3]]",UNSAT,UNSAT,UNSAT,"[3, 5, 6]",0.357681,0.158473,0.004453,False
704477,6,3,"[1,1,1,2,1,1]","[1,3,2]","[[2],[0,2],[0],[0,1],[1,2],[2]]",UNSAT,UNSAT,UNSAT,"[2, 3]",0.042861,0.04725,0.002896,False
704478,2,5,"[1,2]","[1,1,2,2,2]","[[3],[1,2,3,4]]",FEASIBLE,FEASIBLE,FEASIBLE,null,0.014085,0.02185,0.001372,False
704479,3,7,"[2,1,1]","[2,1,2,2,1,2,1]","[[0,1,2,3,4,5,6],[4],[2,5]]",FEASIBLE,FEASIBLE,FEASIBLE,null,0.038323,0.029565,0.002021,False
704480,2,5,"[3,1]","[1,3,1,1,3]","[[2,3,4],[3]]",UNSAT,UNSAT,UNSAT,"[0, 1]",0.01341,0.030449,0.001758,False
704481,2,7,"[2,1]","[3,3,2,1,2,2,3]","[[0,1,2,3,4,5,6],[0,2,3,5]]",FEASIBLE,FEASIBLE,FEASIBLE,null,0.017455,0.026752,0.00182,False
704482,5,1,"[1,1,1,1,1]",[2],"[[0],[0],[0],[0],[0]]",UNSAT,UNSAT,UNSAT,"[0, 1, 2]",0.023534,0.03516,0.001817,False
704483,1,1,[1],[2],[[0]],FEASIBLE,FEASIBLE,FEASIBLE,null,0.003166,0.010432,0.000517,False
704484,7,3,"[1,2,1,2,2,1,1]","[1,1,2]","[[0,1],[1,2],[0,1,2],[0,1,2],[0,1,2],[1],[2]]",UNSAT,UNSAT,UNSAT,"[1, 5]",0.045359,0.060016,0.003982,False
704485,2,3,"[2,2]","[2,2,1]","[[0,1],[0,1,2]]",FEASIBLE,FEASIBLE,FEASIBLE,null,0.056688,0.02433,0.001235,False
704486,2,7,"[1,2]","[2,2,1,2,1,2,3]","[[1,2,3,4],[0,1,2,6]]",FEASIBLE,FEASIBLE,FEASIBLE,null,0.018304,0.024428,0.001597,False
704487,5,3,"[1,1,1,1,2]","[3,2,1]","[[1,2],[0,1,2],[1,2],[0,1],[0,1]]",FEASIBLE,FEASIBLE,FEASIBLE,null,0.090088,0.043599,0.002352,False
704488,2,7,"[2,2]","[3,3,1,3,2,1,1]","[[0,1,2,3,4,5],[1,4,5]]",FEASIBLE,FEASIBLE,FEASIBLE,null,0.017677,0.175614,0.001717,False
704489,3,4,"[1,1,2]","[1,1,3,3]","[[0,1,2,3],[1,2],[0,1,2,3]]",FEASIBLE,FEASIBLE,FEASIBLE,null,0.02614,0.030005,0.001744,False
704490,6,2,"[1,1,1,1,2,1]","[1,1]","[[0],[1],[0,1],[0,1],[0,1],[0]]",UNSAT,UNSAT,UNSAT,"[0, 4]",0.021108,0.045356,0.002684,False
704491,4,3,"[1,2,1,1]","[1,1,1]","[[1],[0,2],[0],[1]]",UNSAT,UNSAT,UNSAT,"[0, 3]",0.021436,0.036495,0.002092,False
704492,4,4,"[1,2,1,2]","[2,1,2,3]","[[0,3],[0,1,2,3],[3],[0,2,3]]",FEASIBLE,FEASIBLE,FEASIBLE,null,0.055298,0.034616,0.001774,False
704493,7,1,"[1,1,1,1,1,1,1]",[2],"[[0],[0],[0],[0],[0],[0],[0]]",UNSAT,UNSAT,UNSAT,"[0, 1, 2]",0.039594,0.043558,0.001947,False
704494,5,3,"[1,1,1,1,2]","[2,2,2]","[[0,1],[1],[1],[2],[0,1]]",UNSAT,UNSAT,UNSAT,"[1, 2, 4]",0.064697,0.04089,0.00239,False
704495,4,4,"[2,2,2,1]","[3,2,3,1]","[[0,1,2,3],[1,3],[1,3],[0]]",UNSAT,UNSAT,UNSAT,"[1, 2]",0.027602,0.054576,0.003047,False
704496,6,2,"[1,1,2,1,1,1]","[3,1]","[[0],[0,1],[0,1],[1],[1],[0,1]]",UNSAT,UNSAT,UNSAT,"[2, 3]",0.032406,0.047079,0.002914,False
704497,6,7,"[2,2,2,1,1,2]","[1,2,3,3,1,3,1]","[[0,2,4,5],[0,1,2,3,4,5],[0,4],[1,3,5],[2],[0,3,5]]",FEASIBLE,FEASIBLE,FEASIBLE,null,0.386696,0.08255,0.004135,False
704498,2,3,"[1,1]","[3,1,2]","[[1],[1,2]]",FEASIBLE,FEASIBLE,FEASIBLE,null,0.010976,0.018653,0.000989,False
704499,5,2,"[1,2,1,1,1]","[3,2]","[[1],[0,1],[1],[1],[0,1]]",UNSAT,UNSAT,UNSAT,"[0, 1, 2]",0.033578,0.054334,0.002229,False
704500,1,6,[3],"[2,1,3,2,3,1]","[[0,1,3,4,5]]",FEASIBLE,FEASIBLE,FEASIBLE,null,0.00638,0.108178,0.001228,False
704501,7,6,"[1,1,3,1,3,3,2]","[3,1,1,2,3,2]","[[1,5],[1,2,3,5],[0,1,4,5],[4,5],[1,2,4],[1,3,5],[1,2,3,4]]",UNSAT,UNSAT,UNSAT,"[4, 5]",0.120424,0.081129,0.005752,False
704502,3,4,"[1,1,1]","[3,2,3,1]","[[2],[0,1,2,3],[1]]",FEASIBLE,FEASIBLE,FEASIBLE,null,0.025688,0.023363,0.001406,False
704503,4,6,"[3,1,2,2]","[3,3,2,1,3,3]","[[0,1,2,3,4,5],[1,2,4],[0,1,2,5],[0,1,2,3,4,5]]",FEASIBLE,FEASIBLE,FEASIBLE,null,0.076748,0.044311,0.003064,False
704504,1,3,[2],"[2,1,1]","[[1,2]]",FEASIBLE,FEASIBLE,FEASIBLE,null,0.004542,0.01438,0.000828,False
704505,1,3,[1],"[1,3,3]","[[0,1]]",FEASIBLE,FEASIBLE,FEASIBLE,null,0.005441,0.011949,0.000685,False
704506,1,4,[3],"[3,1,2,2]","[[0,1,3]]",FEASIBLE,FEASIBLE,FEASIBLE,null,0.004601,0.017599,0.001151,False
704507,3,1,"[1,1,1]",[1],"[[0],[0],[0]]",UNSAT,UNSAT,UNSAT,"[0, 1]",0.008011,0.031194,0.001274,False
704508,5,1,"[1,1,1,1,1]",[2],"[[0],[0],[0],[0],[0]]",UNSAT,UNSAT,UNSAT,"[0, 1, 2]",0.022973,0.055798,0.001753,False
704509,7,5,"[3,3,1,3,1,1,2]","[2,3,2,2,1]","[[2,3,4],[0,1,2,3,4],[1],[1,2,4],[3],[0],[0,2]]",UNSAT,UNSAT,UNSAT,"[0, 3]",0.044388,0.070346,0.004649,False
704510,2,5,"[2,1]","[2,1,2,1,3]","[[0,1,2,4],[1]]",FEASIBLE,FEASIBLE,FEASIBLE,null,0.014054,0.02926,0.001631,False
704511,5,5,"[3,1,2,1,1]","[3,3,1,1,1]","[[1,3,4],[0,1,3,4],[0,1,2,3,4],[0,1,2,3,4],[3]]",UNSAT,UNSAT,UNSAT,"[0, 4]",0.036154,0.05432,0.003601,False
704512,7,7,"[1,2,2,1,3,1,2]","[1,3,3,2,3,3,3]","[[0,1,2,3,4,5,6],[3,6],[0,1,2,3,4,5,6],[0,1,3,4,5,6],[0,1,2,3,4,5,6],[5,6],[0,1]]",FEASIBLE,FEASIBLE,FEASIBLE,null,0.864981,0.317305,0.005777,False
704513,6,7,"[1,2,2,1,3,1]","[3,3,3,2,1,1,3]","[[0],[0,1,4,6],[1,2,4,5,6],[4,5],[1,4,6],[2,4,5]]",FEASIBLE,FEASIBLE,FEASIBLE,null,0.384616,0.066618,0.003894,False
704514,4,5,"[1,3,1,1]","[2,3,2,1,2]","[[1,2,4],[0,1,2,3],[1],[0]]",FEASIBLE,FEASIBLE,FEASIBLE,null,0.064586,0.036579,0.001834,False
704515,2,2,"[1,2]","[1,1]","[[1],[0,1]]",UNSAT,UNSAT,UNSAT,"[0, 1]",0.008991,0.030487,0.001463,False
704516,3,1,"[1,1,1]",[1],"[[0],[0],[0]]",UNSAT,UNSAT,UNSAT,"[0, 1]",0.007921,0.027078,0.001238,False
704517,7,5,"[1,3,1,2,1,1,1]","[1,3,3,3,3]","[[0,1],[0,1,2,3],[0,1,3],[0,3],[4],[0,2,3,4],[0,1,2,3,4]]",FEASIBLE,FEASIBLE,FEASIBLE,null,0.57755,0.074725,0.004271,False
704518,2,5,"[2,1]","[3,3,2,2,1]","[[0,1,2,3,4],[0,1,3]]",FEASIBLE,FEASIBLE,FEASIBLE,null,0.014249,0.025162,0.001494,False
704519,1,4,[1],"[3,1,2,2]",[[0]],FEASIBLE,FEASIBLE,FEASIBLE,null,0.012993,0.013082,0.000664,False
704520,6,3,"[1,1,1,1,1,1]","[2,1,1]","[[1],[0,1],[0,1],[2],[0],[1]]",UNSAT,UNSAT,UNSAT,"[0, 5]",0.033794,0.051842,0.002629,False
704521,2,4,"[1,1]","[2,2,3,1]","[[2],[1,3]]",FEASIBLE,FEASIBLE,FEASIBLE,null,0.012402,0.019719,0.00105,False
704522,7,7,"[1,1,1,1,1,2,2]","[2,1,3,2,1,1,2]","[[2,3,4],[0,2,5],[0,4,5,6],[0,2,3,4,5,6],[3],[0,1,2,3,4,5,6],[1,3,4,6]]",FEASIBLE,FEASIBLE,FEASIBLE,null,0.864321,0.15872,0.004021,False
704523,7,6,"[2,3,2,2,1,2,1]","[2,3,2,3,1,3]","[[0,3,5],[1,3,5],[0,1,2,3,4,5],[1,4,5],[1,2,4],[1,3],[0,1,2,3,4,5]]",FEASIBLE,FEASIBLE,FEASIBLE,null,0.732018,0.094674,0.004905,False
704524,5,2,"[1,1,1,1,2]","[1,1]","[[0],[1],[0],[1],[0,1]]",UNSAT,UNSAT,UNSAT,"[0, 2]",0.016343,0.040436,0.002213,False
704525,7,5,"[1,2,1,1,1,1,3]","[3,1,2,1,2]","[[1,4],[0,1,2,3,4],[0,1,2,4],[0,1,3],[1,2],[1],[0,1,2,3,4]]",UNSAT,UNSAT,UNSAT,"[0, 1, 2, 3, 4, 5, 6]",0.639198,0.108095,0.006479,False
704526,7,4,"[2,2,3,3,1,3,1]","[1,1,2,1]","[[0,2,3],[0,3],[1,2,3],[0,1,3],[1],[0,2,3],[1,2]]",UNSAT,UNSAT,UNSAT,"[0, 1]",0.02801,0.069652,0.004588,False
704527,7,7,"[1,2,1,1,3,2,2]","[2,2,3,1,2,1,3]","[[2,4],[0,1,4],[1],[0,1,2,4],[0,1,2,3,6],[3,4],[0,1,2,3,4,5,6]]",FEASIBLE,FEASIBLE,FEASIBLE,null,0.829215,0.085743,0.004813,False
704528,4,5,"[2,2,2,1]","[2,3,3,2,1]","[[0,1,2,3,4],[0,1,2,3],[3,4],[2]]",FEASIBLE,FEASIBLE,FEASIBLE,null,0.066138,0.038719,0.002193,False
704529,7,2,"[1,1,1,2,1,2,2]","[1,3]","[[0],[0],[1],[0,1],[0,1],[0,1],[0,1]]",UNSAT,UNSAT,UNSAT,"[0, 1]",0.017235,0.057784,0.003146,False
704530,6,2,"[1,1,1,1,2,1]","[1,1]","[[0],[0,1],[0],[0,1],[0,1],[1]]",UNSAT,UNSAT,UNSAT,"[0, 2]",0.017951,0.06322,0.002649,False
704531,5,7,"[1,1,1,1,1]","[2,2,3,3,2,2,3]","[[2,4,5],[3],[1,2],[3],[2,4,6]]",FEASIBLE,FEASIBLE,FEASIBLE,null,0.187449,0.130696,0.002144,False
704532,6,5,"[1,1,1,1,3,1]","[3,2,3,2,1]","[[1,3,4],[2],[1],[3],[0,1,2,3,4],[0,1,4]]",FEASIBLE,FEASIBLE,FEASIBLE,null,0.292791,0.045645,0.002552,False
704533,2,7,"[2,3]","[2,1,3,2,3,1,2]","[[0,1,2,4,5,6],[0,2,3,6]]",FEASIBLE,FEASIBLE,FEASIBLE,null,0.018934,0.032646,0.001923,False
704534,3,1,"[1,1,1]",[2],"[[0],[0],[0]]",UNSAT,UNSAT,UNSAT,"[0, 1, 2]",0.012779,0.02854,0.001294,False
704535,4,1,"[1,1,1,1]",[1],"[[0],[0],[0],[0]]",UNSAT,UNSAT,UNSAT,"[0, 1]",0.010428,0.103534,0.001359,False
704536,6,6,"[1,3,2,3,1,1]","[1,3,2,3,1,1]","[[0,1,3,4,5],[0,2,5],[1,4],[1,2,5],[3],[4]]",UNSAT,UNSAT,UNSAT,"[1, 3]",0.064377,0.085181,0.004866,False
704537,7,3,"[1,1,3,1,1,2,2]","[2,1,3]","[[0,1,2],[0,1],[0,1,2],[0,1],[1],[0,1],[0,1,2]]",UNSAT,UNSAT,UNSAT,"[2, 4]",0.055443,0.089812,0.004895,False
704538,6,5,"[1,1,1,3,1,2]","[1,2,3,1,1]","[[0,3],[0,1,2,4],[0,1,2,3,4],[0,1,2,3],[0],[1,4]]",UNSAT,UNSAT,UNSAT,"[0, 3, 4]",0.126879,0.088167,0.004917,False
704539,5,5,"[2,1,1,1,1]","[1,2,1,2,2]","[[0,1,2,3],[4],[0,2,3,4],[0,1,3],[1,2]]",FEASIBLE,FEASIBLE,FEASIBLE,null,0.142835,0.054747,0.003145,False
704540,4,5,"[1,1,1,1]","[3,3,2,2,3]","[[2],[2,3],[1],[0,1,2,4]]",FEASIBLE,FEASIBLE,FEASIBLE,null,0.067734,0.029795,0.001733,False
704541,1,2,[1],"[3,2]","[[0,1]]",FEASIBLE,FEASIBLE,FEASIBLE,null,0.003997,0.012015,0.000624,False
704542,1,5,[1],"[1,3,2,3,2]",[[0]],FEASIBLE,FEASIBLE,FEASIBLE,null,0.005674,0.105183,0.000782,False
704543,5,2,"[1,2,2,2,1]","[1,1]","[[1],[0,1],[0,1],[0,1],[0]]",UNSAT,UNSAT,UNSAT,"[0, 1]",0.013939,0.043365,0.003142,False
704544,7,6,"[3,2,1,1,2,3,2]","[1,2,2,2,2,2]","[[1,3,5],[0,1,3,4,5],[2],[0,1,2,3,4],[1,3],[0,1,2,4,5],[0,1,2,3]]",UNSAT,UNSAT,UNSAT,"[0, 1, 4, 5, 6]",0.601286,0.122423,0.007647,False
704545,6,7,"[2,2,3,1,1,2]","[1,1,3,3,3,2,2]","[[0,1,2,3,4,5,6],[0,3,5,6],[1,2,4],[3],[1,3,4,5],[0,1,2,3,4,5,6]]",FEASIBLE,FEASIBLE,FEASIBLE,null,0.418041,0.082106,0.004835,False
704546,2,7,"[3,3]","[2,2,1,1,1,3,3]","[[0,1,2,3,4,6],[0,4,5]]",FEASIBLE,FEASIBLE,FEASIBLE,null,0.018741,0.033069,0.001934,False
704547,4,5,"[1,1,3,3]","[1,1,2,1,1]","[[2],[0,1,2,4],[1,2,3,4],[0,1,3,4]]",UNSAT,UNSAT,UNSAT,"[2, 3]",0.042236,0.057824,0.00374,False
704548,4,1,"[1,1,1,1]",[2],"[[0],[0],[0],[0]]",UNSAT,UNSAT,UNSAT,"[0, 1, 2]",0.01736,0.032041,0.001643,False
704549,7,6,"[3,1,3,3,1,1,3]","[1,1,3,3,2,3]","[[0,1,3,5],[1,2,5],[0,2,3,4],[0,3,5],[0,3,4],[3,5],[0,1,2,3,5]]",UNSAT,UNSAT,UNSAT,"[0, 2, 3, 6]",0.446473,0.092406,0.005637,False
704550,1,7,[3],"[3,1,2,1,3,2,2]","[[0,3,4,5,6]]",FEASIBLE,FEASIBLE,FEASIBLE,null,0.007169,0.022616,0.001274,False
704551,7,4,"[2,1,1,2,2,2,1]","[1,2,1,2]","[[0,1,2,3],[0,1,2,3],[0,2],[0,3],[0,1,2],[0,2],[0,2,3]]",UNSAT,UNSAT,UNSAT,"[2, 5]",0.070831,0.074304,0.004784,False
704552,2,3,"[1,3]","[1,2,1]","[[1,2],[0,1,2]]",FEASIBLE,FEASIBLE,FEASIBLE,null,0.0112,0.023926,0.001297,False
704553,5,5,"[2,1,1,1,2]","[1,1,1,1,1]","[[0,1,4],[0,2],[1,2,3,4],[3],[1,4]]",UNSAT,UNSAT,UNSAT,"[0, 4]",0.038803,0.056104,0.003995,False
704554,4,4,"[1,3,2,1]","[1,1,3,3]","[[1],[0,1,2,3],[0,1],[2]]",UNSAT,UNSAT,UNSAT,"[0, 2]",0.022085,0.045268,0.002727,False
704555,4,6,"[1,1,2,2]","[1,3,2,3,3,2]","[[1,4,5],[0],[1,2,3,4],[2,3,4,5]]",FEASIBLE,FEASIBLE,FEASIBLE,null,0.076631,0.035952,0.002296,False
704556,4,4,"[2,3,2,1]","[3,2,3,3]","[[0,1],[0,1,2,3],[0,3],[0]]",FEASIBLE,FEASIBLE,FEASIBLE,null,0.055181,0.049185,0.002377,False
704557,1,7,[2],"[3,2,3,1,1,1,3]","[[0,1,3,6]]",FEASIBLE,FEASIBLE,FEASIBLE,null,0.006899,0.018876,0.001143,False
704558,5,5,"[1,1,2,2,2]","[1,1,3,1,1]","[[0,1,2,3,4],[1],[0,1,2,3,4],[0,1,4],[0,1,3,4]]",UNSAT,UNSAT,UNSAT,"[1, 3, 4]",0.120207,0.085573,0.005229,False
704559,4,7,"[3,3,3,1]","[2,3,3,3,1,2,2]","[[0,1,2,3,4,5,6],[0,1,3,4,5,6],[0,1,2,3,4,6],[1,2,3,4,6]]",FEASIBLE,FEASIBLE,FEASIBLE,null,0.08727,0.056637,0.003688,False
704560,5,1,"[1,1,1,1,1]",[1],"[[0],[0],[0],[0],[0]]",UNSAT,UNSAT,UNSAT,"[0, 1]",0.011258,0.042611,0.004513,False
704561,5,3,"[1,3,2,1,3]","[3,3,2]","[[2],[0,1,2],[0,1],[1,2],[0,1,2]]",UNSAT,UNSAT,UNSAT,"[0, 1, 4]",0.053254,0.055908,0.004379,False
704562,1,4,[2],"[1,2,1,3]","[[0,1,2]]",FEASIBLE,FEASIBLE,FEASIBLE,null,0.005256,0.017305,0.001396,False
704563,6,2,"[1,2,1,1,2,1]","[3,1]","[[0],[0,1],[1],[1],[0,1],[0,1]]",UNSAT,UNSAT,UNSAT,"[1, 2]",0.026301,0.156181,0.003561,False
704564,7,3,"[1,1,2,3,1,1,1]","[2,1,2]","[[0],[0,2],[0,2],[0,1,2],[1],[0,1],[0,2]]",UNSAT,UNSAT,UNSAT,"[3, 4]",0.065127,0.062373,0.004706,False
704565,4,1,"[1,1,1,1]",[3],"[[0],[0],[0],[0]]",UNSAT,UNSAT,UNSAT,"[0, 1, 2, 3]",0.024114,0.034055,0.002099,False
704566,7,3,"[1,1,1,1,2,2,3]","[2,2,2]","[[1,2],[0],[0],[0,1],[1,2],[0,2],[0,1,2]]",UNSAT,UNSAT,UNSAT,"[0, 4, 6]",0.11948,0.061988,0.004079,False
704567,1,3,[1],"[1,1,3]","[[0,2]]",FEASIBLE,FEASIBLE,FEASIBLE,null,0.004534,0.013701,0.000825,False
704568,5,1,"[1,1,1,1,1]",[2],"[[0],[0],[0],[0],[0]]",UNSAT,UNSAT,UNSAT,"[0, 1, 2]",0.02399,0.03644,0.002031,False
704569,3,4,"[1,2,1]","[1,2,2,1]","[[1],[1,3],[2]]",FEASIBLE,FEASIBLE,FEASIBLE,null,0.026956,0.025439,0.001496,False
704570,4,7,"[1,3,3,2]","[2,2,1,2,3,3,3]","[[0],[0,1,2,4,5],[0,2,4],[0,1,3,4,5]]",FEASIBLE,FEASIBLE,FEASIBLE,null,0.106321,0.064084,0.004133,False
704571,1,1,[1],[2],[[0]],FEASIBLE,FEASIBLE,FEASIBLE,null,0.003649,0.011001,0.000682,False
704572,5,2,"[1,1,1,1,1]","[1,1]","[[1],[0,1],[0],[0],[1]]",UNSAT,UNSAT,UNSAT,"[0, 4]",0.020415,0.039323,0.002385,False
704573,3,3,"[2,3,1]","[3,3,3]","[[1,2],[0,1,2],[0,1,2]]",FEASIBLE,FEASIBLE,FEASIBLE,null,0.022165,0.031247,0.001826,False
704574,5,7,"[3,1,1,2,1]","[2,2,3,2,2,2,3]","[[0,1,3,4,5,6],[0,1],[0,1,5,6],[0,4,5,6],[0,1,2,3,4,5,6]]",FEASIBLE,FEASIBLE,FEASIBLE,null,0.187069,0.05889,0.004221,False
704575,4,7,"[1,1,3,2]","[2,1,1,1,3,1,3]","[[6],[2,4,5,6],[0,4,6],[0,1,3,4,5]]",FEASIBLE,FEASIBLE,FEASIBLE,null,0.089585,0.130963,0.002625,False
704576,4,3,"[2,1,3,1]","[1,3,1]","[[0,1,2],[0],[0,1,2],[1]]",UNSAT,UNSAT,UNSAT,"[0, 2]",0.018341,0.045153,0.002842,False
704577,2,1,"[1,1]",[2],"[[0],[0]]",FEASIBLE,FEASIBLE,FEASIBLE,null,0.007502,0.017159,0.0008,False
704578,5,1,"[1,1,1,1,1]",[2],"[[0],[0],[0],[0],[0]]",UNSAT,UNSAT,UNSAT,"[0, 1, 2]",0.024147,0.037347,0.001687,False
704579,2,6,"[2,1]","[1,3,2,3,1,3]","[[1,4,5],[1,5]]",FEASIBLE,FEASIBLE,FEASIBLE,null,0.016858,0.023602,0.001422,False
704580,4,4,"[2,1,2,1]","[2,1,2,1]","[[1,2],[2],[1,3],[0,1,2,3]]",UNSAT,UNSAT,UNSAT,"[0, 2]",0.023976,0.042925,0.00262,False
704581,1,6,[2],"[2,1,1,1,2,1]","[[1,2,3,4,5]]",FEASIBLE,FEASIBLE,FEASIBLE,null,0.006606,0.019991,0.001289,False
704582,7,4,"[1,1,3,3,3,2,1]","[3,3,3,2]","[[0],[0,1,2,3],[0,1,2,3],[0,2,3],[0,1,3],[2,3],[0,2]]",UNSAT,UNSAT,UNSAT,"[3, 4, 5]",0.217639,0.101967,0.006336,False
704583,7,2,"[2,2,1,1,1,1,1]","[2,2]","[[0,1],[0,1],[1],[0,1],[0],[0,1],[1]]",UNSAT,UNSAT,UNSAT,"[0, 1, 2]",0.061093,0.056071,0.003434,False
704584,5,4,"[1,1,2,1,2]","[2,1,3,2]","[[0,1,3],[2,3],[2,3],[3],[0,1,2,3]]",FEASIBLE,FEASIBLE,FEASIBLE,null,0.130885,0.04499,0.002236,False
704585,7,5,"[1,1,3,1,1,1,2]","[2,3,1,1,1]","[[3],[2],[1,2,4],[3],[2,3],[0,1,4],[0,1,2,3,4]]",UNSAT,UNSAT,UNSAT,"[0, 3]",0.04272,0.065164,0.004385,False
704586,5,3,"[2,2,2,1,2]","[1,2,2]","[[0,1,2],[0,1,2],[1,2],[0,1,2],[1,2]]",UNSAT,UNSAT,UNSAT,"[0, 1, 2]",0.045102,0.145159,0.003529,False
704587,3,2,"[1,1,2]","[3,1]","[[0],[1],[0,1]]",UNSAT,UNSAT,UNSAT,"[1, 2]",0.014849,0.032235,0.001988,False
704588,4,1,"[1,1,1,1]",[2],"[[0],[0],[0],[0]]",UNSAT,UNSAT,UNSAT,"[0, 1, 2]",0.017672,0.032319,0.001803,False
704589,4,4,"[1,2,2,3]","[2,3,2,1]","[[2,3],[2,3],[0,2,3],[0,1,2,3]]",UNSAT,UNSAT,UNSAT,"[0, 1, 2]",0.039935,0.052982,0.003121,False
704590,6,2,"[1,2,1,1,1,1]","[1,1]","[[0],[0,1],[0],[1],[0,1],[0,1]]",UNSAT,UNSAT,UNSAT,"[0, 1]",0.015808,0.049054,0.002785,False
704591,4,7,"[2,1,2,1]","[1,3,3,3,3,1,3]","[[0,1,2,3,5,6],[0,3],[0,2,6],[0]]",FEASIBLE,FEASIBLE,FEASIBLE,null,0.101992,0.054063,0.00299,False
704592,6,2,"[1,1,1,1,2,1]","[2,1]","[[0],[1],[0,1],[0,1],[0,1],[0,1]]",UNSAT,UNSAT,UNSAT,"[1, 4]",0.030219,0.049749,0.002684,False
704593,4,1,"[1,1,1,1]",[1],"[[0],[0],[0],[0]]",UNSAT,UNSAT,UNSAT,"[0, 1]",0.009101,0.031954,0.00154,False
704594,6,4,"[2,3,1,2,3,1]","[1,2,3,2]","[[1,3],[0,1,2,3],[0],[2,3],[0,1,2,3],[0,2,3]]",UNSAT,UNSAT,UNSAT,"[0, 1, 4]",0.084348,0.069405,0.004787,False
704595,5,1,"[1,1,1,1,1]",[2],"[[0],[0],[0],[0],[0]]",UNSAT,UNSAT,UNSAT,"[0, 1, 2]",0.05361,0.038427,0.001841,False
704596,5,6,"[1,2,2,3,3]","[3,3,1,1,3,3]","[[1],[0,1,2,3,4,5],[1,2],[0,2,3],[0,1,2,3,4,5]]",UNSAT,UNSAT,UNSAT,"[2, 3]",0.062906,0.066342,0.004225,False
704597,5,3,"[3,1,1,1,1]","[1,3,2]","[[0,1,2],[0,2],[0],[0],[1,2]]",UNSAT,UNSAT,UNSAT,"[0, 2]",0.020427,0.049158,0.002644,False
704598,6,7,"[2,3,1,2,2,1]","[1,1,2,2,2,1,2]","[[0,1,2],[0,2,4,5,6],[0,1,3,4,6],[1,5],[1,2,3,6],[2]]",UNSAT,UNSAT,UNSAT,"[0, 1, 3, 5]",0.274376,0.099603,0.006223,False
704599,5,1,"[1,1,1,1,1]",[1],"[[0],[0],[0],[0],[0]]",UNSAT,UNSAT,UNSAT,"[0, 1]",0.010439,0.037344,0.001746,False
704600,3,5,"[3,1,3]","[1,3,1,3,3]","[[0,1,2,3],[0],[0,1,2,3]]",UNSAT,UNSAT,UNSAT,"[0, 1, 2]",0.032586,0.061978,0.003569,False
704601,1,2,[1],"[2,3]",[[1]],FEASIBLE,FEASIBLE,FEASIBLE,null,0.004008,0.011775,0.000675,False
704602,7,3,"[2,1,1,1,1,2,1]","[2,2,3]","[[0,1,2],[1],[0,1,2],[1],[0,1,2],[0,1,2],[2]]",UNSAT,UNSAT,UNSAT,"[0, 1, 2, 3, 4, 5]",0.403663,0.069161,0.00438,False
704603,2,2,"[1,2]","[3,2]","[[0],[0,1]]",FEASIBLE,FEASIBLE,FEASIBLE,null,0.008799,0.019554,0.000984,False
704604,1,7,[2],"[2,2,3,2,2,3,1]","[[2,4,5]]",FEASIBLE,FEASIBLE,FEASIBLE,null,0.007168,0.018069,0.001189,False
704605,7,7,"[3,2,1,3,1,2,2]","[1,3,3,1,3,3,1]","[[0,3,5,6],[0,1,3,4,5,6],[2,3],[0,1,3,5,6],[1,2,3,4,5,6],[0,1,3,4,5,6],[0,1,2,3]]",FEASIBLE,FEASIBLE,FEASIBLE,null,0.834694,0.109944,0.007072,False
704606,4,6,"[1,2,3,3]","[2,1,1,3,2,3]","[[2],[0,1,3,4,5],[1,2,3],[1,2,3,4,5]]",UNSAT,UNSAT,UNSAT,"[0, 2]",0.030106,0.094738,0.004271,False
704607,4,1,"[1,1,1,1]",[2],"[[0],[0],[0],[0]]",UNSAT,UNSAT,UNSAT,"[0, 1, 2]",0.024854,0.033558,0.001575,False
704608,2,5,"[2,3]","[3,2,1,2,1]","[[0,2,3,4],[0,1,2,3,4]]",FEASIBLE,FEASIBLE,FEASIBLE,null,0.014648,0.053876,0.001978,False
704609,2,6,"[2,1]","[3,3,1,3,2,2]","[[0,1,4,5],[2,5]]",FEASIBLE,FEASIBLE,FEASIBLE,null,0.114174,0.024208,0.001476,False
704610,7,3,"[2,1,1,2,3,1,3]","[1,2,1]","[[0,1],[1],[0,1,2],[0,1,2],[0,1,2],[0,1],[0,1,2]]",UNSAT,UNSAT,UNSAT,"[0, 4]",0.031839,0.066931,0.004335,False
704611,7,3,"[1,1,1,2,2,2,2]","[3,3,2]","[[0],[0],[0,1],[0,2],[0,2],[0,1,2],[0,1,2]]",UNSAT,UNSAT,UNSAT,"[0, 1, 3, 4]",0.195694,0.087547,0.004868,False
704612,2,6,"[2,3]","[3,1,3,3,2,3]","[[0,3],[0,1,2,3,5]]",FEASIBLE,FEASIBLE,FEASIBLE,null,0.016544,0.029821,0.001738,False
704613,7,5,"[1,1,3,1,1,2,2]","[1,1,3,2,1]","[[3],[0,1,2,3,4],[0,1,2,4],[1],[0],[3,4],[0,2,3,4]]",UNSAT,UNSAT,UNSAT,"[2, 3, 4]",0.236531,0.098844,0.006077,False
704614,5,1,"[1,1,1,1,1]",[2],"[[0],[0],[0],[0],[0]]",UNSAT,UNSAT,UNSAT,"[0, 1, 2]",0.02403,0.037137,0.001635,False
704615,2,1,"[1,1]",[2],"[[0],[0]]",FEASIBLE,FEASIBLE,FEASIBLE,null,0.006219,0.01576,0.000702,False
704616,6,6,"[1,1,3,1,1,3]","[1,3,2,2,3,2]","[[5],[0,2,3],[1,3,5],[2],[1,2],[0,1,4]]",FEASIBLE,FEASIBLE,FEASIBLE,null,0.345046,0.079014,0.003369,False
704617,4,1,"[1,1,1,1]",[2],"[[0],[0],[0],[0]]",UNSAT,UNSAT,UNSAT,"[0, 1, 2]",0.018562,0.033458,0.001436,False
704618,2,3,"[1,1]","[2,1,2]","[[1],[0]]",FEASIBLE,FEASIBLE,FEASIBLE,null,0.010389,0.0172,0.000948,False
704619,2,6,"[3,3]","[3,1,2,2,2,1]","[[0,1,2,4,5],[0,1,2,3,4,5]]",FEASIBLE,FEASIBLE,FEASIBLE,null,0.016795,0.034709,0.002057,False
704620,5,1,"[1,1,1,1,1]",[1],"[[0],[0],[0],[0],[0]]",UNSAT,UNSAT,UNSAT,"[0, 1]",0.01035,0.177783,0.001571,False
704621,7,6,"[1,2,3,1,3,1,2]","[2,3,2,3,1,3]","[[0,3],[2,4],[0,1,4],[0],[2,3,4,5],[0,1,2,3,4,5],[0,1,2,3,4,5]]",UNSAT,UNSAT,UNSAT,"[1, 2]",0.087785,0.106227,0.006022,False
704622,4,2,"[1,2,1,1]","[2,1]","[[0,1],[0,1],[1],[1]]",UNSAT,UNSAT,UNSAT,"[1, 2]",0.018531,0.036696,0.002124,False
704623,1,2,[2],"[3,3]","[[0,1]]",FEASIBLE,FEASIBLE,FEASIBLE,null,0.003882,0.014893,0.00077,False
704624,4,5,"[2,3,1,1]","[2,1,1,1,3]","[[2,4],[0,2,4],[2],[0,1,2,3,4]]",UNSAT,UNSAT,UNSAT,"[0, 1]",0.021319,0.047462,0.002932,False
704625,7,6,"[1,3,1,2,1,2,1]","[2,3,1,1,2,1]","[[4],[0,1,2,3,4,5],[1,4],[0,1],[0,2,3,4,5],[0,1,2,3,4,5],[0,1,2,4]]",UNSAT,UNSAT,UNSAT,"[0, 1, 2, 3, 4, 5, 6]",0.788328,0.093563,0.00653,False
704626,5,3,"[2,2,1,2,1]","[3,2,2]","[[0,1,2],[0,1],[1],[1,2],[0]]",UNSAT,UNSAT,UNSAT,"[1, 2, 3]",0.078911,0.0628,0.003207,False
704627,6,4,"[2,1,2,2,1,1]","[1,1,2,1]","[[0,1],[0,1,2,3],[0,1],[0,1,2,3],[0,1],[0,1,2,3]]",UNSAT,UNSAT,UNSAT,"[0, 2]",0.028846,0.07045,0.004516,False
704628,4,2,"[1,1,1,1]","[3,3]","[[0,1],[0,1],[0],[1]]",FEASIBLE,FEASIBLE,FEASIBLE,null,0.034579,0.026566,0.001279,False
704629,4,6,"[1,2,1,2]","[3,2,1,1,2,2]","[[1,3],[1,2],[0,2,4,5],[0,3]]",FEASIBLE,FEASIBLE,FEASIBLE,null,0.0769,0.035875,0.002281,False
704630,3,5,"[2,1,2]","[1,3,2,1,1]","[[0,1,3,4],[4],[1,2,3]]",FEASIBLE,FEASIBLE,FEASIBLE,null,0.031415,0.035192,0.001754,False
704631,7,2,"[1,1,1,1,2,1,2]","[1,2]","[[1],[0],[0],[0,1],[0,1],[0],[0,1]]",UNSAT,UNSAT,UNSAT,"[1, 2]",0.03069,0.065889,0.003197,False
704632,4,6,"[2,2,3,1]","[2,1,2,1,2,3]","[[0,5],[0,1,3,4],[2,3,5],[2,5]]",FEASIBLE,FEASIBLE,FEASIBLE,null,0.079007,0.042274,0.002364,False
704633,7,2,"[1,1,1,1,1,1,1]","[1,2]","[[1],[1],[0],[0,1],[1],[0],[1]]",UNSAT,UNSAT,UNSAT,"[2, 5]",0.066128,0.064661,0.0027,False
704634,2,6,"[1,1]","[1,1,3,2,1,3]","[[3],[1,2,3,4]]",FEASIBLE,FEASIBLE,FEASIBLE,null,0.017187,0.02203,0.001352,False
704635,1,6,[1],"[2,2,3,2,3,2]",[[1]],FEASIBLE,FEASIBLE,FEASIBLE,null,0.006502,0.013714,0.000846,False
704636,3,5,"[2,1,2]","[3,1,1,1,3]","[[0,1],[0,1],[0,3]]",FEASIBLE,FEASIBLE,FEASIBLE,null,0.030876,0.028541,0.001505,False
704637,4,7,"[1,1,1,3]","[1,3,2,2,2,1,2]","[[1,3,4],[6],[5],[0,1,2,3,4,5,6]]",FEASIBLE,FEASIBLE,FEASIBLE,null,0.089383,0.040048,0.002396,False
704638,6,5,"[1,2,1,2,3,1]","[1,2,2,3,1]","[[3],[0,1,2,3,4],[4],[0,1,2],[0,1,2,3,4],[3]]",UNSAT,UNSAT,UNSAT,"[0, 1, 2, 3, 4, 5]",0.317228,0.073458,0.004671,False
704639,5,7,"[3,3,1,1,1]","[3,3,2,1,1,3,3]","[[0,2,3,4],[1,3,4],[0,3,4,6],[0,4,5],[0,1,2,3,4,5,6]]",UNSAT,UNSAT,UNSAT,"[0, 1]",0.033507,0.065416,0.004286,False
704640,5,2,"[1,1,1,1,1]","[3,1]","[[0,1],[0],[0,1],[1],[0]]",UNSAT,UNSAT,UNSAT,"[0, 1, 2, 3, 4]",0.070619,0.042905,0.002571,False
704641,3,5,"[1,1,2]","[2,3,3,3,3]","[[0],[0,4],[1,3]]",FEASIBLE,FEASIBLE,FEASIBLE,null,0.031553,0.028513,0.001483,False
704642,5,1,"[1,1,1,1,1]",[2],"[[0],[0],[0],[0],[0]]",UNSAT,UNSAT,UNSAT,"[0, 1, 2]",0.024967,0.038144,0.001566,False
704643,6,4,"[3,2,1,1,1,2]","[1,2,2,3]","[[0,1,2,3],[0,2],[1],[1,3],[3],[0,1,2]]",UNSAT,UNSAT,UNSAT,"[0, 1, 5]",0.092023,0.085738,0.004425,False
704644,4,6,"[3,1,3,1]","[2,3,1,2,1,3]","[[0,1,2,3,4,5],[0,2,3,4,5],[0,1,3],[0,1,2,3,4,5]]",FEASIBLE,FEASIBLE,FEASIBLE,null,0.081077,0.063675,0.003838,False
704645,3,2,"[1,1,1]","[1,2]","[[0],[0],[0]]",UNSAT,UNSAT,UNSAT,"[0, 1]",0.01069,0.02914,0.0016,False
704646,6,3,"[2,1,2,2,1,1]","[1,2,3]","[[0,1,2],[1,2],[0,1,2],[0,1],[0],[0,1,2]]",UNSAT,UNSAT,UNSAT,"[3, 4]",0.055497,0.085225,0.004817,False
704647,5,2,"[1,1,1,2,2]","[1,3]","[[0,1],[1],[0,1],[0,1],[0,1]]",UNSAT,UNSAT,UNSAT,"[3, 4]",0.032869,0.048364,0.002693,False
704648,1,1,[1],[1],[[0]],FEASIBLE,FEASIBLE,FEASIBLE,null,0.003257,0.012034,0.000624,False
704649,3,3,"[1,1,1]","[2,3,2]","[[1],[0,1],[0]]",FEASIBLE,FEASIBLE,FEASIBLE,null,0.022758,0.022739,0.001209,False
704650,2,5,"[2,3]","[1,1,1,1,3]","[[0,1,2,3],[0,1,3,4]]",FEASIBLE,FEASIBLE,FEASIBLE,null,0.014979,0.060263,0.002103,False
704651,6,6,"[1,1,2,1,1,1]","[2,2,2,3,3,2]","[[0,1,2,3,4],[0,1,4,5],[0,1,2,3,5],[0,2,3,5],[1,2,3,4,5],[0]]",FEASIBLE,FEASIBLE,FEASIBLE,null,0.354777,0.07719,0.004698,False
704652,2,2,"[2,1]","[3,2]","[[0,1],[0,1]]",FEASIBLE,FEASIBLE,FEASIBLE,null,0.009115,0.021152,0.001099,False
704653,4,5,"[2,1,2,2]","[1,2,3,2,3]","[[0,1,2,3,4],[1],[1,3],[0,2,3,4]]",FEASIBLE,FEASIBLE,FEASIBLE,null,0.073363,0.144856,0.002904,False
704654,4,7,"[1,1,2,2]","[1,2,3,2,3,3,1]","[[0,1,2,4,5,6],[0,2,3,4,5,6],[0,1,2,5,6],[1,2,3,5,6]]",FEASIBLE,FEASIBLE,FEASIBLE,null,0.094258,0.058236,0.003326,False
704655,1,3,[2],"[1,3,1]","[[1,2]]",FEASIBLE,FEASIBLE,FEASIBLE,null,0.005411,0.016861,0.000909,False
704656,3,2,"[1,2,2]","[3,2]","[[1],[0,1],[0,1]]",UNSAT,UNSAT,UNSAT,"[0, 1, 2]",0.018196,0.036624,0.002046,False
704657,1,1,[1],[3],[[0]],FEASIBLE,FEASIBLE,FEASIBLE,null,0.00323,0.0115,0.00063,False
704658,1,5,[3],"[1,1,3,3,1]","[[1,2,4]]",FEASIBLE,FEASIBLE,FEASIBLE,null,0.005872,0.019877,0.001179,False
704659,4,1,"[1,1,1,1]",[2],"[[0],[0],[0],[0]]",UNSAT,UNSAT,UNSAT,"[0, 1, 2]",0.018202,0.033159,0.001371,False
704660,7,5,"[1,1,2,3,1,1,2]","[3,2,1,2,2]","[[2],[1,2,4],[0,2,3,4],[0,1,2,3,4],[0,2],[1],[0,1,3]]",UNSAT,UNSAT,UNSAT,"[0, 1, 2, 3, 4, 5, 6]",0.649568,0.107111,0.006364,False
704661,2,2,"[2,1]","[1,2]","[[0,1],[1]]",FEASIBLE,FEASIBLE,FEASIBLE,null,0.00916,0.022295,0.001022,False
704662,5,7,"[1,2,2,3,2]","[3,2,3,3,2,2,2]","[[4],[0,1,3,4,5,6],[0,3,6],[0,1,2,3,4,5,6],[0,1,2,3,4,5,6]]",FEASIBLE,FEASIBLE,FEASIBLE,null,0.195554,0.059593,0.003666,False
704663,5,2,"[1,1,1,2,1]","[3,2]","[[0],[0],[0,1],[0,1],[0,1]]",UNSAT,UNSAT,UNSAT,"[0, 1, 2, 3, 4]",0.072346,0.047025,0.00242,False
704664,3,5,"[1,2,1]","[3,1,2,2,3]","[[0,1,3],[1,2],[1]]",UNSAT,UNSAT,UNSAT,"[1, 2]",0.027522,0.037565,0.00206,False
704665,5,5,"[1,1,2,1,1]","[1,2,1,1,1]","[[0],[0,1,2,3,4],[1,2,4],[0,1,2,4],[1,2,4]]",FEASIBLE,FEASIBLE,FEASIBLE,null,0.326594,0.23932,0.003413,False
704666,2,5,"[3,1]","[2,1,3,1,1]","[[0,1,2,3,4],[2]]",FEASIBLE,FEASIBLE,FEASIBLE,null,0.050881,0.038574,0.00144,False
704667,5,5,"[1,1,1,2,1]","[1,3,2,3,2]","[[4],[0,1,2,3],[1],[2,3,4],[0]]",FEASIBLE,FEASIBLE,FEASIBLE,null,0.174517,0.054066,0.002554,False
704668,3,3,"[3,3,1]","[2,2,3]","[[0,1,2],[0,1,2],[0,1,2]]",FEASIBLE,FEASIBLE,FEASIBLE,null,0.022755,0.037574,0.001762,False
704669,3,3,"[1,3,3]","[3,3,3]","[[0,2],[0,1,2],[0,1,2]]",FEASIBLE,FEASIBLE,FEASIBLE,null,0.02221,0.033913,0.001651,False
704670,4,3,"[3,1,1,1]","[1,3,2]","[[0,1,2],[0,2],[0],[0,1,2]]",UNSAT,UNSAT,UNSAT,"[0, 2]",0.018772,0.047916,0.002295,False
704671,7,4,"[2,1,1,1,1,2,2]","[3,3,3,3]","[[1,2],[1,2],[0,2,3],[0,1],[1],[0,1,2],[0,2]]",FEASIBLE,FEASIBLE,FEASIBLE,null,0.522042,0.06952,0.003547,False
704672,1,3,[1],"[3,1,2]",[[0]],FEASIBLE,FEASIBLE,FEASIBLE,null,0.004781,0.012419,0.000664,False
704673,7,5,"[3,2,2,1,1,1,3]","[2,1,2,1,3]","[[0,1,2,4],[0,1,2,3,4],[0,1,3,4],[0,1,2,3,4],[0,2],[3],[2,3,4]]",UNSAT,UNSAT,UNSAT,"[5, 6]",0.116087,0.089099,0.005756,False
704674,4,1,"[1,1,1,1]",[1],"[[0],[0],[0],[0]]",UNSAT,UNSAT,UNSAT,"[0, 1]",0.009373,0.032434,0.001466,False
704675,5,6,"[1,2,2,2,1]","[2,1,1,1,1,3]","[[1],[1,2,3,5],[0,1,2,3,4,5],[0,2],[1]]",UNSAT,UNSAT,UNSAT,"[0, 4]",0.044005,0.073916,0.004181,False
704676,4,2,"[1,1,2,1]","[2,3]","[[0],[0,1],[0,1],[0,1]]",FEASIBLE,FEASIBLE,FEASIBLE,null,0.034817,0.042859,0.001908,False
704677,4,7,"[3,3,3,3]","[2,3,2,1,3,1,3]","[[1,5,6],[0,1,2,4,5,6],[0,1,2],[1,3,6]]",FEASIBLE,FEASIBLE,FEASIBLE,null,0.182948,0.067864,0.003658,False
704678,5,4,"[1,1,1,2,3]","[3,3,2,3]","[[0],[1],[1,2],[2,3],[0,1,2,3]]",FEASIBLE,FEASIBLE,FEASIBLE,null,0.118221,0.041048,0.002142,False
704679,6,6,"[2,1,2,2,2,1]","[2,1,3,3,1,2]","[[0,1,2,3,4,5],[0,1,2,3,4,5],[0,1,3,4,5],[0,1,2,3,4],[3,5],[2]]",FEASIBLE,FEASIBLE,FEASIBLE,null,0.349811,0.061933,0.003946,False
704680,5,5,"[3,1,2,1,3]","[1,3,1,3,2]","[[0,1,2,3],[0],[0,4],[1,2],[0,1,2,4]]",UNSAT,UNSAT,UNSAT,"[1, 2]",0.041921,0.077782,0.004365,False
704681,4,2,"[1,1,1,1]","[1,1]","[[1],[0,1],[0],[0,1]]",UNSAT,UNSAT,UNSAT,"[0, 1, 2]",0.025427,0.037236,0.002107,False
704682,5,1,"[1,1,1,1,1]",[3],"[[0],[0],[0],[0],[0]]",UNSAT,UNSAT,UNSAT,"[0, 1, 2, 3]",0.039093,0.037239,0.001757,False
704683,1,4,[2],"[1,3,2,2]","[[2,3]]",FEASIBLE,FEASIBLE,FEASIBLE,null,0.005148,0.016124,0.000929,False
704684,7,3,"[2,1,2,1,1,1,2]","[3,2,2]","[[0,1],[0,1,2],[0,1,2],[0],[0,1,2],[2],[0,1,2]]",UNSAT,UNSAT,UNSAT,"[0, 1, 2, 3, 6]",0.308261,0.068417,0.004274,False
704685,5,2,"[1,1,2,1,1]","[3,2]","[[1],[0],[0,1],[0],[1]]",UNSAT,UNSAT,UNSAT,"[0, 2, 4]",0.04656,0.041129,0.002119,False
704686,4,6,"[1,2,1,2]","[2,3,1,3,2,1]","[[0],[0,1,2,4,5],[0,1,2,3,4,5],[1,3,5]]",FEASIBLE,FEASIBLE,FEASIBLE,null,0.092468,0.041301,0.002599,False
704687,7,3,"[1,2,1,1,1,2,2]","[2,2,3]","[[0,1,2],[0,2],[2],[1],[0],[1,2],[1,2]]",UNSAT,UNSAT,UNSAT,"[3, 5, 6]",0.179638,0.154922,0.003502,False
704688,7,2,"[1,1,1,1,1,1,1]","[2,1]","[[1],[1],[0,1],[0],[0],[0,1],[1]]",UNSAT,UNSAT,UNSAT,"[0, 1]",0.017644,0.050791,0.002912,False
704689,2,6,"[1,1]","[1,1,1,3,1,3]","[[1,2,4],[1,5]]",FEASIBLE,FEASIBLE,FEASIBLE,null,0.016494,0.022459,0.001337,False
704690,2,6,"[1,2]","[1,3,1,2,1,2]","[[3,4],[2,3,4]]",FEASIBLE,FEASIBLE,FEASIBLE,null,0.016418,0.023058,0.001331,False
704691,1,2,[1],"[3,2]",[[0]],FEASIBLE,FEASIBLE,FEASIBLE,null,0.003823,0.011685,0.000672,False
704692,1,1,[1],[2],[[0]],FEASIBLE,FEASIBLE,FEASIBLE,null,0.002921,0.010829,0.000977,False
704693,5,7,"[1,1,1,3,3]","[3,2,1,2,1,1,3]","[[4],[3],[0,2,4,5,6],[0,1,2,3,4,6],[1,2,3,4,5,6]]",FEASIBLE,FEASIBLE,FEASIBLE,null,0.187056,0.053432,0.00378,False
704694,4,7,"[1,3,2,3]","[1,2,1,2,1,3,2]","[[0,3,4,5],[1,2,4,5,6],[0,1,2,3,4,5],[0,1,2,3,4,5,6]]",FEASIBLE,FEASIBLE,FEASIBLE,null,0.089128,0.057069,0.00355,False
704695,7,4,"[1,1,2,3,3,1,1]","[1,1,3,2]","[[0,1,3],[0,1],[0,1,3],[1,2,3],[0,1,3],[3],[1,2,3]]",UNSAT,UNSAT,UNSAT,"[1, 4]",0.055181,0.068636,0.004816,False
704696,1,3,[1],"[1,2,2]","[[0,1,2]]",FEASIBLE,FEASIBLE,FEASIBLE,null,0.00461,0.014383,0.000912,False
704697,5,7,"[1,1,2,1,2]","[1,1,3,2,2,3,3]","[[0,1,3,4,5,6],[0],[1,4],[4],[0,1,2,3,4,5,6]]",FEASIBLE,FEASIBLE,FEASIBLE,null,0.202187,0.06212,0.00364,False
704698,3,4,"[1,1,3]","[1,2,2,2]","[[1,3],[0,2],[1,2,3]]",FEASIBLE,FEASIBLE,FEASIBLE,null,0.026377,0.032251,0.001695,False
704699,6,2,"[1,1,1,1,1,1]","[1,2]","[[0,1],[0,1],[1],[0,1],[0,1],[0]]",UNSAT,UNSAT,UNSAT,"[0, 1, 2, 3]",0.089185,0.049367,0.00285,False
704700,3,6,"[3,1,1]","[1,1,1,1,2,2]","[[0,1,2,3,4],[4],[0,1,2,3,4,5]]",FEASIBLE,FEASIBLE,FEASIBLE,null,0.03581,0.038478,0.002189,False
704701,5,1,"[1,1,1,1,1]",[3],"[[0],[0],[0],[0],[0]]",UNSAT,UNSAT,UNSAT,"[0, 1, 2, 3]",0.038511,0.03694,0.001786,False
704702,2,5,"[2,1]","[2,1,2,1,1]","[[0,1,2,4],[0,1,2,3,4]]",FEASIBLE,FEASIBLE,FEASIBLE,null,0.014367,0.025242,0.001588,False
704703,5,7,"[2,2,1,2,1]","[2,3,3,3,3,1,1]","[[2,3,5,6],[0,1,2,3,4,5,6],[0,1,2,3,4,5],[1,2,3,4,5,6],[1]]",FEASIBLE,FEASIBLE,FEASIBLE,null,0.186482,0.049995,0.003686,False
704704,7,7,"[2,3,3,2,2,3,2]","[2,2,3,1,2,1,3]","[[0,1,2,4,5],[1,3,4,5,6],[1,3,4,6],[1,2,3,4,6],[0,1,2,3,4,5,6],[0,4,6],[0,2,3,4,5,6]]",UNSAT,UNSAT,UNSAT,"[0, 1, 2, 3, 4, 5]",0.768124,0.108732,0.008488,False
704705,7,3,"[1,1,1,1,2,2,2]","[3,1,1]","[[0,1,2],[0,1,2],[0],[0,1,2],[0,2],[0,1,2],[0,1]]",UNSAT,UNSAT,UNSAT,"[4, 5, 6]",0.174725,0.079047,0.004265,False
704706,5,7,"[1,1,1,3,3]","[2,2,1,2,2,2,2]","[[2],[3],[0,2],[0,1,2,3,4,5,6],[3,4,5,6]]",FEASIBLE,FEASIBLE,FEASIBLE,null,0.176286,0.047974,0.002953,False
704707,2,7,"[3,3]","[1,2,1,3,2,2,1]","[[0,2,3,4],[0,1,4,5]]",FEASIBLE,FEASIBLE,FEASIBLE,null,0.017319,0.032545,0.001895,False
704708,2,1,"[1,1]",[1],"[[0],[0]]",UNSAT,UNSAT,UNSAT,"[0, 1]",0.005902,0.109475,0.00123,False
704709,1,3,[3],"[2,3,3]","[[0,1,2]]",FEASIBLE,FEASIBLE,FEASIBLE,null,0.004724,0.042826,0.000955,False
704710,4,6,"[1,1,3,2]","[3,3,1,2,1,2]","[[1,3],[2,3],[0,1,2,3,4,5],[1,2,4]]",FEASIBLE,FEASIBLE,FEASIBLE,null,0.077406,0.040731,0.002368,False
704711,6,3,"[1,3,3,2,1,1]","[1,3,3]","[[1,2],[0,1,2],[0,1,2],[1,2],[2],[2]]",UNSAT,UNSAT,UNSAT,"[1, 2]",0.033357,0.058447,0.003575,False
704712,7,3,"[2,2,2,1,2,2,1]","[3,3,3]","[[1,2],[1,2],[1,2],[1],[0,1,2],[1,2],[1]]",UNSAT,UNSAT,UNSAT,"[0, 1, 2, 3]",0.174801,0.062989,0.003508,False
704713,2,2,"[1,2]","[3,1]","[[0],[0,1]]",FEASIBLE,FEASIBLE,FEASIBLE,null,0.00844,0.018767,0.000931,False
704714,7,1,"[1,1,1,1,1,1,1]",[1],"[[0],[0],[0],[0],[0],[0],[0]]",UNSAT,UNSAT,UNSAT,"[0, 1]",0.012039,0.041142,0.002435,False
704715,6,7,"[3,1,2,1,1,1]","[1,1,1,3,1,3,1]","[[2,3,4,5,6],[3],[3,4,5],[3],[0,1,2,3,4,5,6],[1]]",FEASIBLE,FEASIBLE,FEASIBLE,null,0.376396,0.0706,0.003878,False
704716,2,6,"[1,1]","[2,2,2,2,2,3]","[[0,1,2,3,4,5],[2]]",FEASIBLE,FEASIBLE,FEASIBLE,null,0.015694,0.021565,0.001502,False
704717,6,6,"[3,1,1,1,2,2]","[1,2,3,3,3,1]","[[0,1,2,3,4,5],[0,4],[0,1],[0],[0,1,2,3,4],[0,1,2,3,4,5]]",FEASIBLE,FEASIBLE,FEASIBLE,null,0.336976,0.077626,0.004394,False
704718,5,3,"[3,2,2,1,2]","[1,2,2]","[[0,1,2],[0,1],[0,1,2],[0,1,2],[0,1]]",UNSAT,UNSAT,UNSAT,"[0, 1]",0.017078,0.056189,0.003279,False
704719,2,5,"[3,1]","[3,3,2,1,2]","[[1,2,4],[2]]",FEASIBLE,FEASIBLE,FEASIBLE,null,0.013815,0.108778,0.001311,False
704720,3,5,"[1,1,1]","[3,3,1,3,2]","[[0,4],[0,1,3,4],[0]]",FEASIBLE,FEASIBLE,FEASIBLE,null,0.03031,0.023779,0.001556,False
704721,7,5,"[2,1,3,3,3,2,2]","[2,3,2,3,3]","[[1,2,3,4],[1,3],[0,1,2,3,4],[0,1,2,3,4],[0,1,2,4],[0,1,3,4],[0,1,3,4]]",UNSAT,UNSAT,UNSAT,"[0, 1, 2, 3, 4, 5]",0.535356,0.091209,0.006455,False
704722,1,5,[1],"[3,3,1,3,1]","[[0,2,4]]",FEASIBLE,FEASIBLE,FEASIBLE,null,0.005417,0.014354,0.000985,False
704723,4,4,"[1,2,3,2]","[3,2,2,1]","[[3],[0,1,3],[1,2,3],[0,2]]",UNSAT,UNSAT,UNSAT,"[0, 2]",0.020361,0.04292,0.002503,False
704724,6,2,"[1,1,1,1,1,1]","[1,1]","[[1],[1],[1],[0,1],[1],[0,1]]",UNSAT,UNSAT,UNSAT,"[0, 1]",0.014683,0.041677,0.002694,False
704725,2,3,"[1,1]","[3,3,2]","[[2],[0,2]]",FEASIBLE,FEASIBLE,FEASIBLE,null,0.009545,0.016344,0.000962,False
704726,4,5,"[1,2,3,2]","[3,3,3,1,3]","[[2,3,4],[0,1,2,3,4],[0,1,2,3],[3,4]]",FEASIBLE,FEASIBLE,FEASIBLE,null,0.062994,0.039379,0.002675,False
704727,6,7,"[2,1,3,1,2,1]","[3,1,3,3,3,2,3]","[[0,1,2,3,4,5,6],[2],[0,1,3,4,5,6],[5],[0,1,2,3],[0,1,4,5,6]]",FEASIBLE,FEASIBLE,FEASIBLE,null,0.381528,0.057456,0.003657,False
704728,6,2,"[1,1,2,1,2,2]","[1,3]","[[1],[1],[0,1],[0],[0,1],[0,1]]",UNSAT,UNSAT,UNSAT,"[2, 3]",0.031954,0.046393,0.002708,False
704729,2,1,"[1,1]",[3],"[[0],[0]]",FEASIBLE,FEASIBLE,FEASIBLE,null,0.006215,0.014617,0.000668,False
704730,6,4,"[2,1,1,1,3,1]","[3,1,2,3]","[[1,2,3],[0,1,2,3],[0,1,2,3],[2],[0,1,2,3],[3]]",FEASIBLE,FEASIBLE,FEASIBLE,null,0.225156,0.14097,0.003398,False
704731,1,1,[1],[3],[[0]],FEASIBLE,FEASIBLE,FEASIBLE,null,0.003079,0.009939,0.000521,False
704732,2,7,"[1,2]","[3,1,3,3,3,3,1]","[[0,1,2,3,4,5,6],[0,1,2,3,4,5,6]]",FEASIBLE,FEASIBLE,FEASIBLE,null,0.017721,0.026964,0.002273,False
704733,1,6,[1],"[3,1,2,1,2,2]","[[0,2,3,4,5]]",FEASIBLE,FEASIBLE,FEASIBLE,null,0.005917,0.015437,0.001196,False
704734,4,6,"[3,1,3,1]","[3,2,1,2,1,2]","[[0,1,2,5],[1,2,3,4],[0,1,2,3,4,5],[1,2,3,4]]",FEASIBLE,FEASIBLE,FEASIBLE,null,0.074298,0.045466,0.002871,False
704735,2,6,"[2,1]","[2,2,2,2,2,1]","[[0,3,4],[3]]",FEASIBLE,FEASIBLE,FEASIBLE,null,0.014977,0.020708,0.001232,False
704736,6,2,"[2,1,1,1,2,2]","[2,3]","[[0,1],[0,1],[1],[0],[0,1],[0,1]]",UNSAT,UNSAT,UNSAT,"[0, 3, 4]",0.058056,0.048795,0.002778,False
704737,7,7,"[1,1,2,1,3,2,3]","[1,1,2,3,3,2,1]","[[0],[3],[0,1,2,4],[2],[0,1,2,3,4,5,6],[0,2,3,4,5],[0,1,2,4,5]]",FEASIBLE,FEASIBLE,FEASIBLE,null,0.789683,0.086238,0.004646,False
704738,1,3,[1],"[2,2,3]",[[2]],FEASIBLE,FEASIBLE,FEASIBLE,null,0.00448,0.011474,0.000685,False
704739,4,1,"[1,1,1,1]",[3],"[[0],[0],[0],[0]]",UNSAT,UNSAT,UNSAT,"[0, 1, 2, 3]",0.02292,0.03109,0.001563,False
704740,4,5,"[1,2,1,2]","[3,1,3,2,2]","[[2,3,4],[0,1,2,3,4],[0,1,2,3],[1,4]]",FEASIBLE,FEASIBLE,FEASIBLE,null,0.063074,0.048781,0.003092,False
704741,4,3,"[3,2,2,1]","[3,2,3]","[[0,1,2],[0,1],[0,2],[1]]",UNSAT,UNSAT,UNSAT,"[0, 1, 3]",0.033077,0.046395,0.002362,False
704742,4,4,"[2,1,1,2]","[1,1,3,1]","[[0,1,2,3],[0,1,2,3],[3],[2,3]]",UNSAT,UNSAT,UNSAT,"[2, 3]",0.033741,0.15725,0.002572,False
704743,5,7,"[1,1,1,1,2]","[2,2,2,3,1,3,2]","[[0,1,2,3,4,5,6],[3,5],[0,2,3,5],[0,2,3,4,6],[0,4,6]]",FEASIBLE,FEASIBLE,FEASIBLE,null,0.213801,0.058451,0.003235,False
704744,3,6,"[3,1,2]","[1,2,3,1,2,1]","[[0,2,3],[0,4,5],[2,3,5]]",FEASIBLE,FEASIBLE,FEASIBLE,null,0.039977,0.035781,0.001903,False
704745,5,1,"[1,1,1,1,1]",[1],"[[0],[0],[0],[0],[0]]",UNSAT,UNSAT,UNSAT,"[0, 1]",0.009586,0.036172,0.001557,False
704746,2,3,"[3,1]","[3,1,2]","[[0,1,2],[1]]",UNSAT,UNSAT,UNSAT,"[0, 1]",0.010025,0.029545,0.001776,False
704747,7,1,"[1,1,1,1,1,1,1]",[2],"[[0],[0],[0],[0],[0],[0],[0]]",UNSAT,UNSAT,UNSAT,"[0, 1, 2]",0.053256,0.042942,0.002214,False
704748,2,7,"[1,3]","[3,3,1,3,3,2,1]","[[1],[0,2,4,6]]",FEASIBLE,FEASIBLE,FEASIBLE,null,0.017173,0.026075,0.001438,False
704749,3,6,"[1,3,3]","[1,3,3,3,3,3]","[[1,3],[0,1,2,4,5],[1,2,3,4]]",FEASIBLE,FEASIBLE,FEASIBLE,null,0.034149,0.037578,0.002214,False
704750,3,2,"[1,1,1]","[3,2]","[[1],[1],[1]]",UNSAT,UNSAT,UNSAT,"[0, 1, 2]",0.015761,0.043396,0.002312,False
704751,4,7,"[1,1,3,1]","[3,1,2,2,3,2,1]","[[0,1,2,3,4,5],[0,1,2],[0,1,2,3,4,6],[2,4]]",FEASIBLE,FEASIBLE,FEASIBLE,null,0.082861,0.038798,0.003775,False
704752,5,4,"[1,1,1,1,1]","[1,2,3,2]","[[0,1,2,3],[3],[0,2,3],[0,1],[0,2]]",FEASIBLE,FEASIBLE,FEASIBLE,null,0.108746,0.035451,0.002251,False
704753,3,3,"[1,2,1]","[1,3,1]","[[0,1,2],[0,1,2],[1]]",FEASIBLE,FEASIBLE,FEASIBLE,null,0.020911,0.027106,0.001537,False
704754,7,3,"[1,1,1,1,1,1,1]","[1,2,2]","[[2],[0,1],[0,1,2],[1],[0,1],[0,1,2],[1,2]]",UNSAT,UNSAT,UNSAT,"[0, 1, 2, 3, 4, 5]",0.34985,0.058246,0.004595,False
704755,7,4,"[2,1,1,1,1,1,2]","[1,2,3,2]","[[0,2],[0,1,2,3],[3],[1],[1],[2],[2,3]]",UNSAT,UNSAT,UNSAT,"[0, 1, 2, 3, 4, 5, 6]",0.489687,0.061548,0.003889,False
704756,1,5,[3],"[1,1,2,2,1]","[[0,1,3,4]]",FEASIBLE,FEASIBLE,FEASIBLE,null,0.005738,0.020031,0.001219,False
704757,6,7,"[2,3,1,1,1,2]","[3,2,1,3,3,2,1]","[[1,2],[1,2,3,4,5],[1,2,3,4,5,6],[1],[0,2,3,4,5,6],[0,6]]",FEASIBLE,FEASIBLE,FEASIBLE,null,0.383481,0.072131,0.004604,False
704758,6,3,"[2,1,2,1,2,2]","[3,2,2]","[[0,1],[0,1,2],[0,1,2],[2],[0,1,2],[1,2]]",UNSAT,UNSAT,UNSAT,"[0, 2, 3, 5]",0.137313,0.058824,0.004058,False
704759,4,2,"[1,1,1,1]","[3,2]","[[0],[1],[0],[0]]",FEASIBLE,FEASIBLE,FEASIBLE,null,0.032801,0.022815,0.00129,False
704760,4,1,"[1,1,1,1]",[3],"[[0],[0],[0],[0]]",UNSAT,UNSAT,UNSAT,"[0, 1, 2, 3]",0.022019,0.030464,0.001812,False
704761,6,4,"[2,3,2,1,1,1]","[1,2,3,2]","[[0,3],[0,1,3],[0,2],[1],[0,1,2],[0,1,2,3]]",UNSAT,UNSAT,UNSAT,"[0, 1]",0.023607,0.057302,0.003849,False
704762,7,1,"[1,1,1,1,1,1,1]",[3],"[[0],[0],[0],[0],[0],[0],[0]]",UNSAT,UNSAT,UNSAT,"[0, 1, 2, 3]",0.085571,0.042869,0.002672,False
704763,2,3,"[2,2]","[3,2,1]","[[0,1],[0,1]]",FEASIBLE,FEASIBLE,FEASIBLE,null,0.009788,0.021174,0.0012,False
704764,3,1,"[1,1,1]",[2],"[[0],[0],[0]]",UNSAT,UNSAT,UNSAT,"[0, 1, 2]",0.011028,0.025858,0.00147,False
704765,4,3,"[1,1,3,1]","[1,3,1]","[[1,2],[2],[0,1,2],[0,1,2]]",UNSAT,UNSAT,UNSAT,"[1, 2]",0.02205,0.124507,0.002558,False
704766,6,6,"[1,1,1,2,2,2]","[1,1,3,3,1,3]","[[2],[1,2,3,4,5],[5],[0,3,4],[1,2,3,4,5],[0,1,5]]",FEASIBLE,FEASIBLE,FEASIBLE,null,0.319498,0.060903,0.003848,False
704767,4,4,"[1,2,2,2]","[1,2,3,2]","[[0,3],[2,3],[1,2,3],[0,1,2]]",FEASIBLE,FEASIBLE,FEASIBLE,null,0.052256,0.035128,0.001909,False
704768,3,6,"[1,2,3]","[3,2,2,1,1,2]","[[5],[0,1,3,4,5],[1,3,5]]",FEASIBLE,FEASIBLE,FEASIBLE,null,0.034508,0.031481,0.001974,False
704769,5,5,"[1,1,1,3,1]","[3,1,2,2,2]","[[1],[0,2,3,4],[1],[0,2,3,4],[0,4]]",UNSAT,UNSAT,UNSAT,"[0, 2]",0.027462,0.060785,0.002901,False
704770,6,4,"[1,1,1,3,1,3]","[1,3,2,2]","[[1,3],[1],[3],[0,1,3],[2],[1,2,3]]",UNSAT,UNSAT,UNSAT,"[2, 3, 5]",0.130772,0.054861,0.003648,False
704771,7,1,"[1,1,1,1,1,1,1]",[1],"[[0],[0],[0],[0],[0],[0],[0]]",UNSAT,UNSAT,UNSAT,"[0, 1]",0.011627,0.046776,0.002285,False
704772,5,5,"[1,1,1,2,2]","[2,3,2,3,2]","[[2],[1,3],[0,3],[0,1,2,3,4],[0,2,3]]",FEASIBLE,FEASIBLE,FEASIBLE,null,0.12675,0.040047,0.00247,False
704773,5,7,"[3,2,2,1,1]","[1,1,1,2,3,1,3]","[[0,1,2,3,4,5],[1,2,3,5],[1,2,4],[0,3,5,6],[0,3,4]]",FEASIBLE,FEASIBLE,FEASIBLE,null,0.172359,0.075629,0.00423,False
704774,3,1,"[1,1,1]",[3],"[[0],[0],[0]]",FEASIBLE,FEASIBLE,FEASIBLE,null,0.01127,0.019079,0.00098,False
704775,1,7,[3],"[2,2,2,1,3,2,2]","[[0,1,2,3,4,6]]",FEASIBLE,FEASIBLE,FEASIBLE,null,0.007764,0.100186,0.001323,False
704776,2,3,"[1,2]","[1,2,2]","[[0,1],[0,1,2]]",FEASIBLE,FEASIBLE,FEASIBLE,null,0.009727,0.020555,0.001216,False
704777,5,2,"[1,1,1,2,1]","[3,3]","[[0,1],[0],[0],[0,1],[1]]",FEASIBLE,FEASIBLE,FEASIBLE,null,0.063473,0.037936,0.002131,False
704778,4,5,"[1,1,1,1]","[3,3,2,2,2]","[[0,3],[3],[4],[0,1,2,3,4]]",FEASIBLE,FEASIBLE,FEASIBLE,null,0.06088,0.027698,0.001807,False
704779,5,7,"[3,1,3,2,1]","[2,2,2,2,2,1,2]","[[0,1,2,3,4,5,6],[5],[0,1,3,4,5,6],[1,2,3,5,6],[0,1,3,4,5,6]]",FEASIBLE,FEASIBLE,FEASIBLE,null,0.173225,0.054462,0.004024,False
704780,1,4,[3],"[3,3,1,3]","[[0,1,2,3]]",FEASIBLE,FEASIBLE,FEASIBLE,null,0.004748,0.017803,0.00113,False
704781,2,2,"[2,1]","[2,1]","[[0,1],[1]]",UNSAT,UNSAT,UNSAT,"[0, 1]",0.00774,0.024261,0.001557,False
704782,1,2,[1],"[2,1]",[[0]],FEASIBLE,FEASIBLE,FEASIBLE,null,0.003452,0.010613,0.000718,False
704783,6,6,"[1,2,3,1,3,3]","[2,1,3,3,1,3]","[[0,2,3],[0,1,2,3,4,5],[1,2,3,4,5],[1,5],[1,2,3,4],[0,1,3,4,5]]",FEASIBLE,FEASIBLE,FEASIBLE,null,0.332355,0.083046,0.005299,False
704784,3,5,"[1,3,1]","[1,1,2,1,2]","[[0,1,2,3,4],[0,1,2,3,4],[1]]",FEASIBLE,FEASIBLE,FEASIBLE,null,0.028392,0.044314,0.002756,False
704785,6,4,"[1,1,1,2,3,2]","[1,3,2,2]","[[2],[1,3],[3],[0,1,2,3],[0,1,2],[0,1,2]]",UNSAT,UNSAT,UNSAT,"[0, 4, 5]",0.099757,0.077603,0.005137,False
704786,6,1,"[1,1,1,1,1,1]",[3],"[[0],[0],[0],[0],[0],[0]]",UNSAT,UNSAT,UNSAT,"[0, 1, 2, 3]",0.055229,0.037914,0.002187,False
704787,5,2,"[1,1,1,1,1]","[3,1]","[[0],[0,1],[0,1],[0,1],[0,1]]",UNSAT,UNSAT,UNSAT,"[0, 1, 2, 3, 4]",0.08325,0.137027,0.002803,False
704788,4,5,"[1,2,3,2]","[1,1,2,3,2]","[[0,1,2,4],[1,3,4],[0,1,2,3,4],[0,1,2,3,4]]",FEASIBLE,FEASIBLE,FEASIBLE,null,0.060474,0.04413,0.002862,False
704789,5,7,"[1,1,1,3,2]","[3,2,2,3,1,2,2]","[[4,6],[0,1,4],[0,2,3,4,6],[1,2,3,4,6],[0,1,3,4,5,6]]",FEASIBLE,FEASIBLE,FEASIBLE,null,0.171427,0.044854,0.003359,False
704790,6,2,"[1,1,1,1,2,1]","[1,3]","[[0],[1],[0,1],[0],[0,1],[0]]",UNSAT,UNSAT,UNSAT,"[0, 3]",0.017939,0.042522,0.002722,False
704791,3,7,"[2,1,2]","[3,1,2,3,1,3,2]","[[1,2,3],[2],[1,5]]",FEASIBLE,FEASIBLE,FEASIBLE,null,0.052789,0.037211,0.002108,False
704792,1,2,[1],"[1,1]",[[0]],FEASIBLE,FEASIBLE,FEASIBLE,null,0.003503,0.01004,0.000674,False
704793,7,4,"[2,1,1,1,2,1,1]","[1,2,2,2]","[[0,1,2],[0,2,3],[0,1,2,3],[0],[0,1,2],[2],[0,1,2]]",UNSAT,UNSAT,UNSAT,"[0, 3, 4, 5]",0.309703,0.101337,0.005543,False
704794,2,6,"[1,1]","[3,3,3,2,2,3]","[[2,3],[2,3]]",FEASIBLE,FEASIBLE,FEASIBLE,null,0.015624,0.01893,0.001187,False
704795,3,4,"[1,2,1]","[2,3,3,3]","[[0,3],[0,1,2,3],[1]]",FEASIBLE,FEASIBLE,FEASIBLE,null,0.024872,0.024314,0.001491,False
704796,7,7,"[2,2,1,2,3,1,3]","[2,2,1,3,1,2,3]","[[0,2,3,4,5,6],[0,1,2,3,4,5,6],[6],[1,2,5],[0,1,2,3,4,5,6],[0,1,2,3,4,5,6],[0,5,6]]",FEASIBLE,FEASIBLE,FEASIBLE,null,0.765366,0.103248,0.006871,False
704797,5,4,"[1,1,1,1,3]","[3,3,2,1]","[[1],[2],[0,1,2,3],[1],[0,1,2]]",FEASIBLE,FEASIBLE,FEASIBLE,null,0.10895,0.128116,0.002129,False
704798,5,1,"[1,1,1,1,1]",[3],"[[0],[0],[0],[0],[0]]",UNSAT,UNSAT,UNSAT,"[0, 1, 2, 3]",0.036747,0.035302,0.002015,False
704799,3,1,"[1,1,1]",[3],"[[0],[0],[0]]",FEASIBLE,FEASIBLE,FEASIBLE,null,0.01162,0.017895,0.000898,False
704800,2,4,"[3,1]","[1,2,2,2]","[[0,1,2,3],[2]]",FEASIBLE,FEASIBLE,FEASIBLE,null,0.011448,0.034252,0.001363,False
704801,3,1,"[1,1,1]",[1],"[[0],[0],[0]]",UNSAT,UNSAT,UNSAT,"[0, 1]",0.00711,0.025156,0.00133,False
704802,3,5,"[2,1,2]","[1,3,2,1,1]","[[0,4],[2],[0,1,2,3,4]]",FEASIBLE,FEASIBLE,FEASIBLE,null,0.029855,0.029749,0.001869,False
704803,3,3,"[1,2,3]","[2,2,2]","[[0,1],[0,1,2],[0,1,2]]",FEASIBLE,FEASIBLE,FEASIBLE,null,0.020707,0.040219,0.002193,False
704804,2,2,"[1,1]","[3,2]","[[0,1],[0,1]]",FEASIBLE,FEASIBLE,FEASIBLE,null,0.008419,0.016137,0.000997,False
704805,4,1,"[1,1,1,1]",[3],"[[0],[0],[0],[0]]",UNSAT,UNSAT,UNSAT,"[0, 1, 2, 3]",0.023052,0.031797,0.001662,False
704806,7,7,"[2,1,3,3,1,1,1]","[2,1,2,1,2,3,1]","[[0,1,6],[5,6],[1,5,6],[0,2,5],[0,3],[6],[0,1,2,5,6]]",UNSAT,UNSAT,UNSAT,"[0, 2]",0.047289,0.068792,0.004718,False
704807,5,5,"[2,2,2,1,1]","[2,3,3,2,1]","[[3,4],[0,2,3,4],[0,1,2,3,4],[0,1,2,3,4],[0,2,3]]",FEASIBLE,FEASIBLE,FEASIBLE,null,0.133448,0.046119,0.003337,False
704808,1,1,[1],[1],[[0]],FEASIBLE,FEASIBLE,FEASIBLE,null,0.003124,0.009621,0.000646,False
704809,5,5,"[1,1,2,1,1]","[1,2,2,2,3]","[[0,2,3,4],[1,3],[0,2,3,4],[0,1,2],[4]]",FEASIBLE,FEASIBLE,FEASIBLE,null,0.130438,0.03788,0.002652,False
704810,3,6,"[2,1,1]","[3,1,3,1,1,2]","[[0,1,3,4,5],[1],[1,2,3,4,5]]",FEASIBLE,FEASIBLE,FEASIBLE,null,0.033887,0.124045,0.002493,False
704811,7,1,"[1,1,1,1,1,1,1]",[1],"[[0],[0],[0],[0],[0],[0],[0]]",UNSAT,UNSAT,UNSAT,"[0, 1]",0.011926,0.040311,0.002167,False
704812,4,4,"[3,2,2,3]","[3,2,1,1]","[[0,1,2,3],[0,1,2,3],[1,2,3],[0,2,3]]",UNSAT,UNSAT,UNSAT,"[0, 3]",0.023784,0.053931,0.003803,False
704813,2,3,"[1,1]","[2,1,3]","[[0,1,2],[1,2]]",FEASIBLE,FEASIBLE,FEASIBLE,null,0.010377,0.018157,0.001144,False
704814,2,6,"[3,2]","[1,3,3,2,3,1]","[[0,1,2,3,4],[0,1,2,3,4,5]]",FEASIBLE,FEASIBLE,FEASIBLE,null,0.015764,0.030271,0.00191,False
704815,4,2,"[1,1,1,1]","[3,1]","[[0],[0,1],[0],[0]]",FEASIBLE,FEASIBLE,FEASIBLE,null,0.032512,0.031538,0.001739,False
704816,4,1,"[1,1,1,1]",[3],"[[0],[0],[0],[0]]",UNSAT,UNSAT,UNSAT,"[0, 1, 2, 3]",0.022179,0.030342,0.001479,False
704817,4,5,"[2,3,1,1]","[1,1,1,3,1]","[[0,2,3,4],[1,2,4],[2,3,4],[0,1,2,3,4]]",FEASIBLE,FEASIBLE,FEASIBLE,null,0.06464,0.057452,0.003477,False
704818,5,2,"[1,1,1,1,1]","[1,3]","[[0],[1],[0],[0,1],[1]]",UNSAT,UNSAT,UNSAT,"[0, 2]",0.015689,0.036664,0.002124,False
704819,7,1,"[1,1,1,1,1,1,1]",[1],"[[0],[0],[0],[0],[0],[0],[0]]",UNSAT,UNSAT,UNSAT,"[0, 1]",0.01195,0.04265,0.001948,False
704820,5,4,"[1,1,1,2,1]","[3,1,3,2]","[[2],[2],[0,2],[0,1,2,3],[1,2,3]]",FEASIBLE,FEASIBLE,FEASIBLE,null,0.112756,0.035434,0.002119,False
704821,4,2,"[1,1,2,2]","[1,2]","[[0],[0],[0,1],[0,1]]",UNSAT,UNSAT,UNSAT,"[0, 1]",0.013227,0.038417,0.002168,False
704822,5,1,"[1,1,1,1,1]",[2],"[[0],[0],[0],[0],[0]]",UNSAT,UNSAT,UNSAT,"[0, 1, 2]",0.023153,0.039908,0.001846,False
704823,3,7,"[2,1,3]","[2,3,3,3,3,1,3]","[[0,1,2,3,4,5,6],[1,2,3],[1,4,6]]",FEASIBLE,FEASIBLE,FEASIBLE,null,0.039049,0.134679,0.002313,False
704824,7,2,"[1,2,1,1,2,1,1]","[3,2]","[[1],[0,1],[0],[0],[0,1],[0],[0]]",UNSAT,UNSAT,UNSAT,"[0, 1, 4]",0.063412,0.050629,0.003012,False
704825,3,7,"[1,3,1]","[2,3,3,2,1,3,3]","[[0,1,2,3,4],[0,1,3,5,6],[4]]",FEASIBLE,FEASIBLE,FEASIBLE,null,0.039047,0.032581,0.002124,False
704826,7,2,"[1,1,1,2,1,1,1]","[2,3]","[[0,1],[1],[0],[0,1],[0,1],[1],[0,1]]",UNSAT,UNSAT,UNSAT,"[0, 1, 2, 3, 4]",0.219159,0.053458,0.003424,False
704827,2,2,"[1,1]","[1,3]","[[1],[1]]",FEASIBLE,FEASIBLE,FEASIBLE,null,0.008207,0.015131,0.000831,False
704828,7,7,"[1,1,2,1,3,1,1]","[1,1,3,1,1,3,2]","[[0,3,4],[1],[0,1,2,3,4,5,6],[0,1,3,4,5],[0,1,2,3,4,5,6],[0,1,2,3,4,5,6],[0,1,2,3,4,5,6]]",FEASIBLE,FEASIBLE,FEASIBLE,null,0.807378,0.079324,0.005562,False
704829,2,3,"[2,1]","[1,2,2]","[[1,2],[2]]",FEASIBLE,FEASIBLE,FEASIBLE,null,0.010975,0.01983,0.001075,False
704830,1,3,[1],"[1,1,3]",[[1]],FEASIBLE,FEASIBLE,FEASIBLE,null,0.004348,0.011361,0.000714,False
704831,6,5,"[1,2,1,2,1,2]","[3,2,3,3,1]","[[1,2,3,4],[0,1,2,3,4],[3],[1,3],[1,2],[0,1,2,3,4]]",FEASIBLE,FEASIBLE,FEASIBLE,null,0.27901,0.064288,0.003991,False
704832,7,3,"[1,2,1,1,2,1,2]","[2,1,2]","[[0,1,2],[0,1,2],[2],[0,2],[0,1,2],[2],[1,2]]",UNSAT,UNSAT,UNSAT,"[1, 2, 6]",0.127829,0.062368,0.004268,False
704833,4,1,"[1,1,1,1]",[1],"[[0],[0],[0],[0]]",UNSAT,UNSAT,UNSAT,"[0, 1]",0.021657,0.171228,0.001494,False
704834,4,4,"[1,2,1,3]","[2,3,2,2]","[[2],[0,1,2],[2],[0,1,2,3]]",FEASIBLE,FEASIBLE,FEASIBLE,null,0.102414,0.059835,0.001902,False
704835,2,1,"[1,1]",[3],"[[0],[0]]",FEASIBLE,FEASIBLE,FEASIBLE,null,0.007058,0.015412,0.000743,False
704836,3,3,"[1,3,2]","[1,3,2]","[[0,1,2],[0,1,2],[0,1,2]]",FEASIBLE,FEASIBLE,FEASIBLE,null,0.020665,0.04382,0.002171,False
704837,7,2,"[2,1,1,1,1,1,1]","[1,1]","[[0,1],[0],[0,1],[0],[1],[0,1],[1]]",UNSAT,UNSAT,UNSAT,"[0, 1]",0.017158,0.050859,0.002927,False
704838,6,7,"[2,2,3,1,1,1]","[2,2,2,1,2,1,2]","[[0,2,3,4,5,6],[2,3,5],[0,1,2,3,4,5,6],[0,2,3,5],[0,1,2,4,5,6],[0,4,6]]",FEASIBLE,FEASIBLE,FEASIBLE,null,0.378053,0.064426,0.004889,False
704839,4,3,"[2,1,1,2]","[3,3,1]","[[1,2],[0,1,2],[2],[0,1,2]]",UNSAT,UNSAT,UNSAT,"[0, 2]",0.017762,0.043913,0.002745,False
704840,1,3,[2],"[3,1,3]","[[1,2]]",FEASIBLE,FEASIBLE,FEASIBLE,null,0.00534,0.016638,0.00098,False
704841,7,6,"[3,1,1,1,1,3,2]","[2,3,3,3,3,3]","[[0,1,2,3,4],[3],[0,1,2,3,4,5],[0,1,2,4,5],[1,4],[0,3,5],[1,3]]",FEASIBLE,FEASIBLE,FEASIBLE,null,0.68429,0.082315,0.00493,False
704842,1,6,[1],"[2,2,3,2,2,2]","[[0,1,3,5]]",FEASIBLE,FEASIBLE,FEASIBLE,null,0.006387,0.016068,0.001159,False
704843,4,7,"[2,1,1,3]","[3,2,1,2,3,1,3]","[[0,2,3,4],[1,3,6],[4],[0,1,2,3,4,5,6]]",FEASIBLE,FEASIBLE,FEASIBLE,null,0.098289,0.046785,0.002715,False
704844,2,1,"[1,1]",[1],"[[0],[0]]",UNSAT,UNSAT,UNSAT,"[0, 1]",0.006683,0.023241,0.001244,False
704845,5,4,"[1,1,1,1,3]","[1,1,2,1]","[[0,2],[1,3],[0,1,2,3],[2],[0,1,2,3]]",UNSAT,UNSAT,UNSAT,"[0, 1, 2, 4]",0.094273,0.141454,0.003678,False
704846,7,7,"[3,1,3,1,2,1,2]","[3,1,2,2,1,3,1]","[[0,3,5,6],[0,1,3,4,5,6],[0,1,2,3,4,6],[6],[0,1,2,6],[6],[0,1,2,3,4,5,6]]",UNSAT,UNSAT,UNSAT,"[3, 5]",0.124415,0.105848,0.006615,False
704847,3,3,"[1,3,2]","[3,3,2]","[[0,2],[0,1,2],[0,1,2]]",FEASIBLE,FEASIBLE,FEASIBLE,null,0.020527,0.029736,0.001648,False
704848,3,2,"[2,1,2]","[2,1]","[[0,1],[0],[0,1]]",UNSAT,UNSAT,UNSAT,"[0, 2]",0.011418,0.031837,0.002092,False
704849,4,1,"[1,1,1,1]",[2],"[[0],[0],[0],[0]]",UNSAT,UNSAT,UNSAT,"[0, 1, 2]",0.01627,0.0303,0.001528,False
704850,7,1,"[1,1,1,1,1,1,1]",[3],"[[0],[0],[0],[0],[0],[0],[0]]",UNSAT,UNSAT,UNSAT,"[0, 1, 2, 3]",0.087263,0.043441,0.002143,False
704851,4,7,"[3,2,1,2]","[2,3,2,2,3,2,2]","[[0,1,2,3,5],[1,2],[0,2,5,6],[0,1,2,3,4,5,6]]",FEASIBLE,FEASIBLE,FEASIBLE,null,0.083688,0.044957,0.003105,False
704852,3,7,"[3,1,1]","[1,3,1,1,1,3,2]","[[1,2,6],[0,1,2,4],[0]]",FEASIBLE,FEASIBLE,FEASIBLE,null,0.03798,0.039186,0.002375,False
704853,2,2,"[2,1]","[3,2]","[[0,1],[0]]",FEASIBLE,FEASIBLE,FEASIBLE,null,0.008053,0.01751,0.001004,False
704854,5,4,"[2,1,1,3,1]","[1,1,3,2]","[[1,3],[0,1,2,3],[0,1,2,3],[0,2,3],[1]]",UNSAT,UNSAT,UNSAT,"[0, 4]",0.030413,0.065078,0.003798,False
704855,6,3,"[1,3,3,1,1,1]","[1,2,2]","[[0,1],[0,1,2],[0,1,2],[0,1,2],[0,2],[0,2]]",UNSAT,UNSAT,UNSAT,"[1, 2]",0.031753,0.137456,0.004036,False
704856,3,5,"[3,2,1]","[3,3,3,2,2]","[[0,2,3,4],[0,1,2,3],[0,1,3]]",FEASIBLE,FEASIBLE,FEASIBLE,null,0.0296,0.032586,0.001876,False
704857,3,4,"[2,1,2]","[3,2,1,1]","[[0,1,3],[1,3],[0,2]]",FEASIBLE,FEASIBLE,FEASIBLE,null,0.033885,0.028731,0.001611,False
704858,2,4,"[2,1]","[3,2,1,1]","[[1,3],[0]]",FEASIBLE,FEASIBLE,FEASIBLE,null,0.012026,0.019049,0.00109,False
704859,5,6,"[2,2,1,3,3]","[2,3,1,1,2,3]","[[3,4],[0,1,2,3,4,5],[0,1,2,3,4,5],[0,1,2,5],[0,1,2,3,4,5]]",FEASIBLE,FEASIBLE,FEASIBLE,null,0.148441,0.055563,0.003996,False
704860,2,7,"[2,1]","[1,3,2,3,3,2,3]","[[1,2,6],[0,2,3,4,5,6]]",FEASIBLE,FEASIBLE,FEASIBLE,null,0.017192,0.02663,0.001821,False
704861,7,6,"[1,2,3,1,2,2,2]","[2,2,1,1,3,2]","[[0,1,2,3,4,5],[1,2,4],[0,1,2,3,4,5],[0,1,2,3,4,5],[0,1,2,3,4],[0,2],[1,2,3,4,5]]",UNSAT,UNSAT,UNSAT,"[0, 1, 2, 4, 5, 6]",0.643648,0.129771,0.008889,False
704862,4,3,"[1,1,2,1]","[2,1,2]","[[0,1],[0,1,2],[0,2],[0,1]]",FEASIBLE,FEASIBLE,FEASIBLE,null,0.041618,0.043303,0.002358,False
704863,4,3,"[1,1,2,1]","[3,2,1]","[[0],[0,1],[1,2],[2]]",UNSAT,UNSAT,UNSAT,"[2, 3]",0.026291,0.034086,0.002093,False
704864,5,7,"[1,3,1,2,2]","[1,1,2,2,2,3,2]","[[0,1,2,3,4,5,6],[1,2,3],[0,1,2,3,4,5],[0,2,3],[0,1,2,4,5,6]]",FEASIBLE,FEASIBLE,FEASIBLE,null,0.17361,0.078206,0.004448,False
704865,5,6,"[3,3,3,1,2]","[3,2,3,1,2,3]","[[0,1,2,3,5],[0,1,4],[0,1,2,3,5],[2,3,4],[0,1,2,3,4,5]]",FEASIBLE,FEASIBLE,FEASIBLE,null,0.161457,0.137986,0.003639,False
704866,2,5,"[2,1]","[1,3,1,2,2]","[[1,4],[1]]",FEASIBLE,FEASIBLE,FEASIBLE,null,0.013449,0.019172,0.001197,False
704867,5,2,"[2,2,1,1,1]","[3,1]","[[0,1],[0,1],[0],[0],[1]]",UNSAT,UNSAT,UNSAT,"[0, 1]",0.012753,0.040533,0.002676,False
704868,1,2,[1],"[2,3]",[[1]],FEASIBLE,FEASIBLE,FEASIBLE,null,0.003505,0.011157,0.000618,False
704869,4,7,"[1,2,3,1]","[1,1,1,1,3,3,3]","[[0,1,2,3],[0,1,2,5],[0,1,3,4,5,6],[0,1,2]]",FEASIBLE,FEASIBLE,FEASIBLE,null,0.079577,0.060765,0.003757,False
704870,1,6,[1],"[1,2,3,2,1,1]",[[0]],FEASIBLE,FEASIBLE,FEASIBLE,null,0.005694,0.012267,0.000799,False
704871,7,3,"[3,1,2,3,1,2,1]","[2,1,3]","[[0,1,2],[0,1,2],[0,1,2],[0,1,2],[1],[1,2],[1]]",UNSAT,UNSAT,UNSAT,"[0, 3]",0.025364,0.060725,0.004313,False
704872,1,3,[3],"[3,2,3]","[[0,1,2]]",FEASIBLE,FEASIBLE,FEASIBLE,null,0.004022,0.017162,0.000961,False
704873,1,2,[1],"[3,3]",[[1]],FEASIBLE,FEASIBLE,FEASIBLE,null,0.003261,0.009731,0.000583,False
704874,3,7,"[1,2,3]","[3,3,1,2,2,1,3]","[[3],[0,2,3,5,6],[1,4,5]]",FEASIBLE,FEASIBLE,FEASIBLE,null,0.036892,0.032631,0.002079,False
704875,6,6,"[1,3,2,2,1,1]","[1,3,2,3,3,2]","[[3],[0,1,2,3,4,5],[0,3,4],[2,3,4],[0,2],[0]]",FEASIBLE,FEASIBLE,FEASIBLE,null,0.343885,0.082751,0.004812,False
704876,5,4,"[2,1,1,1,3]","[1,2,1,1]","[[1,2],[2],[0,3],[3],[1,2,3]]",UNSAT,UNSAT,UNSAT,"[0, 1]",0.020213,0.046522,0.002969,False
704877,6,2,"[1,2,1,1,1,2]","[3,2]","[[0,1],[0,1],[1],[0,1],[0,1],[0,1]]",UNSAT,UNSAT,UNSAT,"[1, 2, 5]",0.065006,0.125895,0.003173,False
704878,1,6,[2],"[3,2,3,2,1,3]","[[0,1,2,3]]",FEASIBLE,FEASIBLE,FEASIBLE,null,0.005955,0.017071,0.001141,False
704879,3,5,"[1,1,3]","[3,2,1,3,1]","[[0,1,3],[2,3,4],[0,1,2,3,4]]",FEASIBLE,FEASIBLE,FEASIBLE,null,0.031027,0.030174,0.002071,False
704880,6,2,"[1,1,1,1,1,1]","[3,3]","[[0],[0],[0,1],[0,1],[1],[0,1]]",FEASIBLE,FEASIBLE,FEASIBLE,null,0.140712,0.034521,0.001826,False
704881,5,7,"[1,1,2,3,1]","[3,2,1,2,3,2,1]","[[2,3,6],[0,1,2,3,4,6],[0,2,3,5,6],[0,1,3,5],[5]]",FEASIBLE,FEASIBLE,FEASIBLE,null,0.175632,0.045138,0.003176,False
704882,1,1,[1],[3],[[0]],FEASIBLE,FEASIBLE,FEASIBLE,null,0.002862,0.009421,0.000637,False
704883,5,1,"[1,1,1,1,1]",[3],"[[0],[0],[0],[0],[0]]",UNSAT,UNSAT,UNSAT,"[0, 1, 2, 3]",0.034786,0.033685,0.001961,False
704884,6,5,"[3,1,1,3,1,1]","[2,3,1,3,2]","[[1,2,3,4],[0,1,4],[0,1,2,3,4],[0,1,2,3,4],[0],[0,1]]",FEASIBLE,FEASIBLE,FEASIBLE,null,0.264456,0.067844,0.004158,False
704885,1,1,[1],[1],[[0]],FEASIBLE,FEASIBLE,FEASIBLE,null,0.00292,0.009622,0.000566,False
704886,6,6,"[1,3,1,1,1,2]","[1,1,1,3,3,1]","[[0],[0,1,2,3,4],[5],[1],[0,1,2,3,4],[1,4]]",UNSAT,UNSAT,UNSAT,"[3, 5]",0.086387,0.088277,0.004394,False
704887,7,4,"[2,2,3,3,1,2,2]","[3,1,1,1]","[[0,2],[2,3],[0,1,2],[1,2,3],[0,1,2,3],[0,1,2,3],[0,1,2,3]]",UNSAT,UNSAT,UNSAT,"[0, 1]",0.025888,0.076091,0.005408,False
704888,1,1,[1],[3],[[0]],FEASIBLE,FEASIBLE,FEASIBLE,null,0.002966,0.010676,0.00052,False
704889,4,5,"[2,1,3,1]","[3,3,3,3,2]","[[0,2,3,4],[0,1,3,4],[0,1,2,3,4],[1]]",FEASIBLE,FEASIBLE,FEASIBLE,null,0.059776,0.203249,0.002565,False
704890,7,6,"[1,3,3,1,1,2,2]","[1,2,1,2,2,1]","[[0],[1,3,4,5],[0,1,2,3,5],[0],[5],[1,2,3,4],[0,1,2,4]]",UNSAT,UNSAT,UNSAT,"[0, 3]",0.043594,0.076734,0.00542,False
704891,5,1,"[1,1,1,1,1]",[1],"[[0],[0],[0],[0],[0]]",UNSAT,UNSAT,UNSAT,"[0, 1]",0.009566,0.032597,0.001779,False
704892,5,6,"[2,2,2,1,1]","[1,1,2,3,1,1]","[[0,1,2,3,4,5],[0,1,2,3,5],[0,1,2,4,5],[1,2,4],[4]]",FEASIBLE,FEASIBLE,FEASIBLE,null,0.14852,0.064038,0.004064,False
704893,2,2,"[1,1]","[1,3]","[[1],[1]]",FEASIBLE,FEASIBLE,FEASIBLE,null,0.007791,0.014265,0.000814,False
704894,3,4,"[2,3,2]","[2,3,3,2]","[[1,2,3],[0,1,2],[1,3]]",FEASIBLE,FEASIBLE,FEASIBLE,null,0.025115,0.029799,0.001846,False
704895,1,6,[2],"[2,1,3,2,2,1]","[[0,1,2,4,5]]",FEASIBLE,FEASIBLE,FEASIBLE,null,0.005626,0.01698,0.001213,False
704896,1,5,[1],"[1,2,1,3,2]","[[0,1,2,3,4]]",FEASIBLE,FEASIBLE,FEASIBLE,null,0.005084,0.014688,0.001068,False
704897,6,1,"[1,1,1,1,1,1]",[3],"[[0],[0],[0],[0],[0],[0]]",UNSAT,UNSAT,UNSAT,"[0, 1, 2, 3]",0.055205,0.037115,0.00206,False
704898,7,5,"[2,1,1,3,3,1,3]","[3,1,1,2,2]","[[0,3,4],[0,2,3],[2,3,4],[0,1,2,3,4],[0,2,3,4],[0,1],[0,1,2,3,4]]",UNSAT,UNSAT,UNSAT,"[0, 3, 4, 6]",0.343119,0.100452,0.005691,False
704899,4,2,"[1,1,1,1]","[3,1]","[[0,1],[1],[0],[0]]",FEASIBLE,FEASIBLE,FEASIBLE,null,0.032286,0.023136,0.001329,False
704900,3,4,"[1,2,3]","[2,1,1,1]","[[1],[0,1,2],[1,2,3]]",UNSAT,UNSAT,UNSAT,"[0, 2]",0.017036,0.119729,0.002552,False
704901,5,4,"[1,3,1,1,1]","[2,2,2,2]","[[3],[0,1,2,3],[0,1,2,3],[0,1,2,3],[0]]",FEASIBLE,FEASIBLE,FEASIBLE,null,0.103769,0.04938,0.002983,False
704902,4,3,"[2,1,2,2]","[1,1,1]","[[1,2],[0,1],[0,1],[0,1,2]]",UNSAT,UNSAT,UNSAT,"[0, 2]",0.016982,0.041494,0.002691,False
704903,3,5,"[1,2,1]","[3,1,1,1,1]","[[2,3,4],[1,3],[0,1,2,4]]",FEASIBLE,FEASIBLE,FEASIBLE,null,0.041223,0.028132,0.001811,False
704904,4,4,"[2,1,1,2]","[2,2,1,3]","[[1,2,3],[0,3],[0,3],[2,3]]",FEASIBLE,FEASIBLE,FEASIBLE,null,0.052823,0.040975,0.002271,False
704905,2,2,"[1,2]","[2,3]","[[0,1],[0,1]]",FEASIBLE,FEASIBLE,FEASIBLE,null,0.008041,0.018634,0.001064,False
704906,4,1,"[1,1,1,1]",[3],"[[0],[0],[0],[0]]",UNSAT,UNSAT,UNSAT,"[0, 1, 2, 3]",0.02227,0.031144,0.001526,False
704907,5,1,"[1,1,1,1,1]",[2],"[[0],[0],[0],[0],[0]]",UNSAT,UNSAT,UNSAT,"[0, 1, 2]",0.022044,0.034,0.001601,False
704908,5,6,"[1,1,1,1,1]","[3,3,2,2,3,1]","[[0,1,2,4],[4],[1,2],[0,1,2,3,4,5],[1]]",FEASIBLE,FEASIBLE,FEASIBLE,null,0.153295,0.035538,0.002471,False
704909,7,2,"[1,1,1,1,1,1,1]","[3,1]","[[0],[0,1],[0,1],[0,1],[1],[1],[1]]",UNSAT,UNSAT,UNSAT,"[4, 5]",0.050322,0.048041,0.002987,False
704910,7,1,"[1,1,1,1,1,1,1]",[1],"[[0],[0],[0],[0],[0],[0],[0]]",UNSAT,UNSAT,UNSAT,"[0, 1]",0.011742,0.040196,0.002043,False
704911,1,7,[1],"[2,3,2,3,1,3,2]",[[2]],FEASIBLE,FEASIBLE,FEASIBLE,null,0.006434,0.014138,0.00085,False
704912,5,2,"[1,1,1,1,1]","[3,1]","[[0,1],[0,1],[0,1],[1],[0,1]]",UNSAT,UNSAT,UNSAT,"[0, 1, 2, 3, 4]",0.079019,0.043771,0.002638,False
704913,1,1,[1],[2],[[0]],FEASIBLE,FEASIBLE,FEASIBLE,null,0.08599,0.011261,0.000507,False
704914,4,2,"[1,2,1,1]","[2,3]","[[0,1],[0,1],[0],[0]]",UNSAT,UNSAT,UNSAT,"[1, 2, 3]",0.029627,0.046025,0.002515,False
704915,7,1,"[1,1,1,1,1,1,1]",[1],"[[0],[0],[0],[0],[0],[0],[0]]",UNSAT,UNSAT,UNSAT,"[0, 1]",0.011783,0.040247,0.001897,False
704916,7,2,"[1,2,1,1,1,1,2]","[2,1]","[[0],[0,1],[1],[0],[0],[0],[0,1]]",UNSAT,UNSAT,UNSAT,"[1, 2]",0.027876,0.047712,0.002829,False
704917,5,1,"[1,1,1,1,1]",[2],"[[0],[0],[0],[0],[0]]",UNSAT,UNSAT,UNSAT,"[0, 1, 2]",0.022433,0.033801,0.001573,False
704918,5,6,"[2,3,3,1,2]","[2,2,1,2,3,3]","[[0,3,4,5],[1,2,3],[0,1,2,3,4,5],[0,2,3,4],[3,4]]",FEASIBLE,FEASIBLE,FEASIBLE,null,0.155688,0.072822,0.004286,False
704919,1,3,[2],"[1,3,2]","[[0,1]]",FEASIBLE,FEASIBLE,FEASIBLE,null,0.004262,0.01415,0.000822,False
704920,2,7,"[3,1]","[2,1,2,1,2,3,3]","[[0,2,4,5,6],[0,1,2,4,6]]",FEASIBLE,FEASIBLE,FEASIBLE,null,0.026295,0.029604,0.001861,False
704921,7,5,"[1,3,2,2,1,1,3]","[3,2,1,1,1]","[[1,2],[0,1,4],[0,2,3],[0,2,3,4],[2,4],[0,1,2,4],[0,1,2,3]]",UNSAT,UNSAT,UNSAT,"[0, 1, 2, 6]",0.28184,0.078651,0.005594,False
704922,7,4,"[3,2,1,2,2,1,1]","[2,1,2,1]","[[0,1,2],[2,3],[0,2,3],[0,1,2],[2,3],[2],[2]]",UNSAT,UNSAT,UNSAT,"[1, 4]",0.051724,0.064721,0.004182,False
704923,4,7,"[2,2,1,3]","[2,2,2,3,1,2,3]","[[0,2,4,5],[0,1,2,3,4,5,6],[1,4,6],[2,3,4,5]]",FEASIBLE,FEASIBLE,FEASIBLE,null,0.08492,0.045575,0.002927,False
704924,1,4,[3],"[2,3,3,3]","[[0,1,2,3]]",FEASIBLE,FEASIBLE,FEASIBLE,null,0.096339,0.018561,0.001124,False
704925,3,5,"[1,2,1]","[2,3,1,1,1]","[[0],[0,1],[1,4]]",FEASIBLE,FEASIBLE,FEASIBLE,null,0.029491,0.034525,0.001384,False
704926,6,5,"[2,1,3,2,1,1]","[2,2,3,2,1]","[[0,1,2],[0,1,3,4],[0,1,2,4],[1,2,4],[2,3,4],[0,1,2]]",FEASIBLE,FEASIBLE,FEASIBLE,null,0.278558,0.08765,0.004995,False
704927,1,2,[1],"[3,1]",[[1]],FEASIBLE,FEASIBLE,FEASIBLE,null,0.003867,0.010453,0.000599,False
704928,4,1,"[1,1,1,1]",[3],"[[0],[0],[0],[0]]",UNSAT,UNSAT,UNSAT,"[0, 1, 2, 3]",0.022444,0.031618,0.00144,False
704929,4,1,"[1,1,1,1]",[3],"[[0],[0],[0],[0]]",UNSAT,UNSAT,UNSAT,"[0, 1, 2, 3]",0.022021,0.031109,0.001283,False
704930,5,2,"[1,2,1,2,1]","[1,1]","[[1],[0,1],[0,1],[0,1],[0]]",UNSAT,UNSAT,UNSAT,"[0, 1]",0.012943,0.043384,0.00251,False
704931,5,5,"[2,2,2,1,2]","[2,1,2,3,2]","[[0,1,2,3],[1,2,3,4],[0,1,3],[0,1,2,3,4],[1,3]]",FEASIBLE,FEASIBLE,FEASIBLE,null,0.131212,0.062152,0.003711,False
704932,5,2,"[2,2,1,1,1]","[3,1]","[[0,1],[0,1],[0,1],[0],[0,1]]",UNSAT,UNSAT,UNSAT,"[0, 1]",0.01648,0.051326,0.002721,False
704933,1,3,[1],"[3,2,3]","[[0,1,2]]",FEASIBLE,FEASIBLE,FEASIBLE,null,0.005303,0.017115,0.000802,False
704934,1,7,[1],"[1,2,3,2,3,2,2]","[[1,4]]",FEASIBLE,FEASIBLE,FEASIBLE,null,0.00813,0.0166,0.000875,False
704935,5,4,"[2,3,1,3,3]","[3,2,2,1]","[[1,2,3],[0,2,3],[3],[0,1,2],[0,1,2,3]]",UNSAT,UNSAT,UNSAT,"[1, 2]",0.039633,0.069666,0.004071,False
704936,3,2,"[1,1,1]","[2,1]","[[1],[1],[1]]",UNSAT,UNSAT,UNSAT,"[0, 1]",0.011715,0.034846,0.001583,False
704937,1,1,[1],[1],[[0]],FEASIBLE,FEASIBLE,FEASIBLE,null,0.003646,0.14735,0.000494,False
704938,7,2,"[1,1,1,2,2,1,1]","[1,2]","[[0,1],[0],[0,1],[0,1],[0,1],[0,1],[0]]",UNSAT,UNSAT,UNSAT,"[1, 3]",0.036542,0.061152,0.003337,False
704939,3,2,"[1,1,1]","[1,3]","[[0],[1],[1]]",FEASIBLE,FEASIBLE,FEASIBLE,null,0.019906,0.02224,0.001204,False
704940,6,6,"[2,3,1,1,2,1]","[2,3,2,3,2,3]","[[2,3,4,5],[0,1,2,4,5],[1,3],[0,1,2,3],[1,2,4],[0,2,3,5]]",FEASIBLE,FEASIBLE,FEASIBLE,null,0.405549,0.06149,0.003555,False
704941,1,6,[1],"[1,3,3,3,3,1]",[[0]],FEASIBLE,FEASIBLE,FEASIBLE,null,0.006962,0.014868,0.000762,False
704942,5,4,"[1,1,1,1,1]","[2,3,3,3]","[[1],[2],[2],[1],[0,2,3]]",FEASIBLE,FEASIBLE,FEASIBLE,null,0.147484,0.035394,0.001697,False
704943,7,1,"[1,1,1,1,1,1,1]",[1],"[[0],[0],[0],[0],[0],[0],[0]]",UNSAT,UNSAT,UNSAT,"[0, 1]",0.014427,0.04766,0.001774,False
704944,2,5,"[3,2]","[1,2,2,2,2]","[[0,1,2,3,4],[0,4]]",FEASIBLE,FEASIBLE,FEASIBLE,null,0.019852,0.041169,0.002003,False
704945,5,5,"[1,1,2,2,2]","[1,1,1,2,1]","[[0,4],[1,3],[1,3,4],[0,4],[1,2]]",UNSAT,UNSAT,UNSAT,"[0, 3]",0.041875,0.076981,0.007809,False
704946,4,7,"[3,1,1,3]","[2,1,3,1,3,1,1]","[[0,2,3,4,5,6],[0,2,3,4,5,6],[0,2,3,4,5,6],[0,2,3,5]]",FEASIBLE,FEASIBLE,FEASIBLE,null,0.103291,0.068246,0.00673,False
704947,2,6,"[3,2]","[1,3,3,1,2,3]","[[0,1,2,3,4,5],[0,1,2,3,4,5]]",FEASIBLE,FEASIBLE,FEASIBLE,null,0.023047,0.038469,0.002595,False
704948,6,2,"[1,1,1,2,1,1]","[2,1]","[[1],[1],[0,1],[0,1],[1],[1]]",UNSAT,UNSAT,UNSAT,"[0, 1]",0.019059,0.172853,0.003729,False
704949,2,6,"[2,3]","[3,1,1,2,2,1]","[[0,1,3,4,5],[0,1,2,3,4,5]]",FEASIBLE,FEASIBLE,FEASIBLE,null,0.021257,0.038903,0.002208,False
704950,2,6,"[1,2]","[2,1,2,1,1,3]","[[0,2],[0,1,2,3]]",FEASIBLE,FEASIBLE,FEASIBLE,null,0.01923,0.037618,0.001787,False
704951,7,2,"[1,1,2,1,1,1,1]","[3,1]","[[1],[0],[0,1],[0,1],[0,1],[0],[0]]",UNSAT,UNSAT,UNSAT,"[0, 2]",0.023419,0.072787,0.00439,False
704952,3,4,"[1,1,2]","[2,1,1,3]","[[0],[1,3],[0,1,2]]",FEASIBLE,FEASIBLE,FEASIBLE,null,0.032284,0.031829,0.001735,False
704953,2,2,"[1,1]","[2,2]","[[0],[0]]",FEASIBLE,FEASIBLE,FEASIBLE,null,0.010197,0.01863,0.000946,False
704954,4,4,"[1,1,1,2]","[2,2,2,3]","[[0,1,3],[1,2,3],[3],[0,1,2,3]]",FEASIBLE,FEASIBLE,FEASIBLE,null,0.06796,0.048094,0.002291,False
704955,1,5,[1],"[2,3,3,1,2]","[[0,4]]",FEASIBLE,FEASIBLE,FEASIBLE,null,0.006908,0.015878,0.000991,False
704956,3,7,"[1,2,2]","[1,2,3,3,3,3,1]","[[1,2,3,6],[0,1,2,3,5,6],[4,6]]",FEASIBLE,FEASIBLE,FEASIBLE,null,0.075899,0.054291,0.002479,False
704957,4,3,"[3,2,2,1]","[2,1,1]","[[0,1,2],[0,1,2],[1,2],[0]]",UNSAT,UNSAT,UNSAT,"[0, 1]",0.021831,0.062878,0.003552,False
704958,2,4,"[2,2]","[2,3,1,2]","[[0,1,2,3],[0,1,2,3]]",FEASIBLE,FEASIBLE,FEASIBLE,null,0.018584,0.026208,0.001604,False
704959,1,3,[1],"[2,2,1]",[[2]],FEASIBLE,FEASIBLE,FEASIBLE,null,0.004517,0.021214,0.000779,False
704960,5,7,"[1,3,1,2,1]","[1,1,2,1,2,1,3]","[[4],[0,3,4],[0,1,2,3,4,5,6],[0,1,3,4,5,6],[0,2,4]]",FEASIBLE,FEASIBLE,FEASIBLE,null,0.183224,0.079672,0.003769,False
704961,7,4,"[2,1,2,2,1,2,1]","[2,2,3,2]","[[2,3],[0,2,3],[0,1],[0,1,2],[0],[0,1,2,3],[0,1,2,3]]",UNSAT,UNSAT,UNSAT,"[0, 1, 2, 3, 4, 5]",0.589457,0.093853,0.005987,False
704962,3,7,"[2,2,2]","[3,1,1,2,1,2,2]","[[1,2,4,5],[3,4,6],[0,1,2,3,5,6]]",FEASIBLE,FEASIBLE,FEASIBLE,null,0.05544,0.040295,0.00259,False
704963,2,1,"[1,1]",[3],"[[0],[0]]",FEASIBLE,FEASIBLE,FEASIBLE,null,0.0068,0.015209,0.000784,False
704964,4,1,"[1,1,1,1]",[2],"[[0],[0],[0],[0]]",UNSAT,UNSAT,UNSAT,"[0, 1, 2]",0.017039,0.033358,0.002095,False
704965,4,2,"[1,2,1,1]","[1,1]","[[1],[0,1],[0,1],[1]]",UNSAT,UNSAT,UNSAT,"[0, 1]",0.012338,0.037462,0.002396,False
704966,5,5,"[3,1,2,1,2]","[2,1,3,3,2]","[[0,1,2,4],[4],[0,1,2,3,4],[0,1,2,3,4],[0,1,2,3]]",FEASIBLE,FEASIBLE,FEASIBLE,null,0.142995,0.067152,0.004417,False
704967,2,6,"[1,1]","[1,3,2,2,3,3]","[[0,1,2,3,5],[2,3]]",FEASIBLE,FEASIBLE,FEASIBLE,null,0.016039,0.021831,0.001526,False
704968,4,4,"[1,1,1,2]","[2,3,2,3]","[[0],[1,2,3],[1,3],[0,1,2]]",FEASIBLE,FEASIBLE,FEASIBLE,null,0.054984,0.030015,0.001785,False
704969,5,4,"[1,1,1,2,3]","[1,3,3,3]","[[0,1,2,3],[3],[0,1,2,3],[1,2],[0,1,2]]",FEASIBLE,FEASIBLE,FEASIBLE,null,0.114682,0.058253,0.003496,False
704970,2,2,"[2,1]","[2,2]","[[0,1],[1]]",FEASIBLE,FEASIBLE,FEASIBLE,null,0.008366,0.02218,0.001093,False
704971,2,4,"[1,3]","[3,2,1,2]","[[2],[0,1,2,3]]",FEASIBLE,FEASIBLE,FEASIBLE,null,0.013044,0.024376,0.00152,False
704972,1,6,[1],"[3,2,2,1,2,1]",[[1]],FEASIBLE,FEASIBLE,FEASIBLE,null,0.006258,0.013038,0.0009,False
704973,3,2,"[1,2,2]","[1,2]","[[0],[0,1],[0,1]]",UNSAT,UNSAT,UNSAT,"[0, 1]",0.010116,0.125086,0.00222,False
704974,3,3,"[2,2,1]","[2,3,3]","[[0,2],[1,2],[0]]",FEASIBLE,FEASIBLE,FEASIBLE,null,0.02183,0.026595,0.001372,False
704975,6,7,"[1,3,3,2,1,2]","[1,3,3,1,2,2,2]","[[0,1,2],[0,1,5],[0,1,2,3,4,5,6],[4,5],[5],[0,1,2,3,4,6]]",UNSAT,UNSAT,UNSAT,"[1, 3, 4]",0.198413,0.098724,0.006437,False
704976,1,4,[1],"[3,1,1,1]","[[1,2,3]]",FEASIBLE,FEASIBLE,FEASIBLE,null,0.00506,0.014534,0.000994,False
704977,3,5,"[1,3,2]","[3,1,3,3,2]","[[2,3,4],[0,3,4],[0,2,3,4]]",FEASIBLE,FEASIBLE,FEASIBLE,null,0.031366,0.033755,0.002002,False
704978,1,1,[1],[2],[[0]],FEASIBLE,FEASIBLE,FEASIBLE,null,0.002908,0.0103,0.000636,False
704979,2,6,"[3,2]","[2,3,1,2,1,2]","[[1,2,4],[0,1,2,4,5]]",FEASIBLE,FEASIBLE,FEASIBLE,null,0.015891,0.062049,0.00171,False
704980,7,3,"[2,2,1,1,3,2,2]","[3,3,1]","[[0,1],[0,1],[0],[2],[0,1,2],[1,2],[0,2]]",UNSAT,UNSAT,UNSAT,"[3, 4]",0.062677,0.06432,0.00442,False
704981,5,4,"[1,3,2,3,1]","[2,3,3,3]","[[0],[0,2,3],[2,3],[0,1,2,3],[2]]",UNSAT,UNSAT,UNSAT,"[0, 1, 2, 3, 4]",0.11477,0.057715,0.003633,False
704982,5,5,"[1,2,1,2,2]","[1,1,2,1,2]","[[3],[0,1,4],[0],[0,4],[0,1,2,3,4]]",UNSAT,UNSAT,UNSAT,"[2, 3]",0.053775,0.060809,0.004066,False
704983,7,3,"[3,2,2,1,1,1,1]","[3,1,3]","[[0,1,2],[0,1],[0,2],[0,1,2],[0,1],[2],[0]]",UNSAT,UNSAT,UNSAT,"[0, 1]",0.022444,0.06985,0.004312,False
704984,2,6,"[3,1]","[2,1,1,2,3,2]","[[0,1,2,3,4,5],[1]]",FEASIBLE,FEASIBLE,FEASIBLE,null,0.015979,0.039986,0.002754,False
704985,7,6,"[1,3,1,2,1,2,1]","[3,1,3,2,1,3]","[[1,2,3,4],[0,1,4,5],[0,1,2,4],[0,1,2,3,4,5],[0,2,3,4,5],[0,3,4,5],[1,2,3,5]]",FEASIBLE,FEASIBLE,FEASIBLE,null,0.719361,0.070562,0.005714,False
704986,4,7,"[1,3,2,2]","[2,3,2,1,2,2,2]","[[0,1,2,3,4,5,6],[1,4,6],[1,3,4,5,6],[0,1,2,6]]",FEASIBLE,FEASIBLE,FEASIBLE,null,0.101936,0.046891,0.003259,False
704987,4,6,"[1,1,3,2]","[1,2,2,3,1,2]","[[0,1,2,4,5],[0,1,5],[0,2,5],[1,2,3,4]]",FEASIBLE,FEASIBLE,FEASIBLE,null,0.089345,0.060358,0.003622,False
704988,1,5,[1],"[2,3,1,1,3]","[[0,1,2,3,4]]",FEASIBLE,FEASIBLE,FEASIBLE,null,0.00592,0.016668,0.001206,False
704989,4,6,"[2,1,1,2]","[2,3,2,1,1,3]","[[0,1,2,3,4,5],[5],[2],[0,1,2,3,4,5]]",FEASIBLE,FEASIBLE,FEASIBLE,null,0.07583,0.037592,0.002606,False
704990,6,4,"[2,1,2,2,1,1]","[2,1,3,1]","[[1,2],[0,1,2,3],[0,1],[1,2],[2],[3]]",UNSAT,UNSAT,UNSAT,"[0, 2]",0.028213,0.065765,0.003708,False
704991,5,5,"[1,1,1,2,1]","[3,3,2,1,1]","[[0,1,3],[0,1,2,3],[0],[1,2],[2,4]]",FEASIBLE,FEASIBLE,FEASIBLE,null,0.137997,0.037743,0.002255,False
704992,6,1,"[1,1,1,1,1,1]",[2],"[[0],[0],[0],[0],[0],[0]]",UNSAT,UNSAT,UNSAT,"[0, 1, 2]",0.031439,0.039375,0.002612,False
704993,5,7,"[2,2,3,1,1]","[2,2,3,3,2,3,2]","[[0,1,2,3,4,5,6],[0,1,2,4,5,6],[0,1,2,3,4,5,6],[0,2,3,4,5,6],[4]]",FEASIBLE,FEASIBLE,FEASIBLE,null,0.20182,0.14873,0.00415,False
704994,6,6,"[1,3,1,1,2,3]","[2,1,3,2,1,2]","[[0,1,2,4,5],[0,1,2,3,4,5],[2],[0,1,2,3,4,5],[3,5],[2,4,5]]",FEASIBLE,FEASIBLE,FEASIBLE,null,0.338528,0.087768,0.004432,False
704995,1,1,[1],[1],[[0]],FEASIBLE,FEASIBLE,FEASIBLE,null,0.003297,0.010647,0.000641,False
704996,4,4,"[1,1,1,1]","[1,2,2,1]","[[0,3],[3],[0,3],[2,3]]",UNSAT,UNSAT,UNSAT,"[0, 1, 2]",0.04012,0.039321,0.002627,False
704997,6,1,"[1,1,1,1,1,1]",[1],"[[0],[0],[0],[0],[0],[0]]",UNSAT,UNSAT,UNSAT,"[0, 1]",0.011401,0.038852,0.002204,False
704998,1,6,[1],"[2,2,1,2,3,2]",[[3]],FEASIBLE,FEASIBLE,FEASIBLE,null,0.00725,0.017171,0.000883,False
704999,5,1,"[1,1,1,1,1]",[1],"[[0],[0],[0],[0],[0]]",UNSAT,UNSAT,UNSAT,"[0, 1]",0.010007,0.034915,0.001943,False
