seed,boxes,resources,demands,capacities,reachable,exhaustive_result,python_flow_result,native_flow_result,exhaustive_subset,exhaustive_ms,python_flow_ms,native_flow_ms,mismatch
700000,3,5,"[1,2,1]","[3,2,3,2,2]","[[3,4],[3,4],[1,2,3]]",FEASIBLE,FEASIBLE,FEASIBLE,null,0.050042,0.065317,0.006778,False
700001,4,4,"[3,2,2,1]","[1,3,2,2]","[[0,1,2],[0,2],[0,2,3],[3]]",UNSAT,UNSAT,UNSAT,"[0, 1]",0.021462,0.068411,0.005777,False
700002,3,7,"[2,2,1]","[2,2,3,1,2,3,2]","[[5,6],[0,1,2,4,5,6],[0,1,2,3,4,5,6]]",FEASIBLE,FEASIBLE,FEASIBLE,null,0.046799,0.048435,0.003441,False
700003,3,1,"[1,1,1]",[3],"[[0],[0],[0]]",FEASIBLE,FEASIBLE,FEASIBLE,null,0.01354,0.022143,0.00116,False
700004,2,2,"[1,1]","[3,3]","[[0,1],[1]]",FEASIBLE,FEASIBLE,FEASIBLE,null,0.009068,0.019317,0.001131,False
700005,6,1,"[1,1,1,1,1,1]",[2],"[[0],[0],[0],[0],[0],[0]]",UNSAT,UNSAT,UNSAT,"[0, 1, 2]",0.034313,0.047975,0.003142,False
700006,4,1,"[1,1,1,1]",[2],"[[0],[0],[0],[0]]",UNSAT,UNSAT,UNSAT,"[0, 1, 2]",0.019603,0.0379,0.00195,False
700007,3,5,"[1,1,1]","[3,1,1,1,2]","[[0,1,2,3,4],[2,4],[1]]",FEASIBLE,FEASIBLE,FEASIBLE,null,0.034717,0.029932,0.001804,False
700008,7,3,"[1,2,1,1,2,2,1]","[1,2,2]","[[2],[0,1,2],[1],[2],[1,2],[0,1,2],[1]]",UNSAT,UNSAT,UNSAT,"[0, 3, 4]",0.117454,0.159614,0.004263,False
700009,5,1,"[1,1,1,1,1]",[2],"[[0],[0],[0],[0],[0]]",UNSAT,UNSAT,UNSAT,"[0, 1, 2]",0.026172,0.039589,0.002115,False
700010,7,1,"[1,1,1,1,1,1,1]",[2],"[[0],[0],[0],[0],[0],[0],[0]]",UNSAT,UNSAT,UNSAT,"[0, 1, 2]",0.043818,0.046865,0.00233,False
700011,2,2,"[1,2]","[2,2]","[[0,1],[0,1]]",FEASIBLE,FEASIBLE,FEASIBLE,null,0.009265,0.021871,0.001137,False
700012,1,2,[1],"[3,1]","[[0,1]]",FEASIBLE,FEASIBLE,FEASIBLE,null,0.005321,0.015217,0.000798,False
700013,6,2,"[1,1,1,2,1,2]","[2,3]","[[0],[0],[0],[0,1],[1],[0,1]]",UNSAT,UNSAT,UNSAT,"[0, 1, 2]",0.049366,0.051534,0.002703,False
700014,2,5,"[1,1]","[2,3,3,1,2]","[[2],[0,1]]",FEASIBLE,FEASIBLE,FEASIBLE,null,0.015533,0.020818,0.001168,False
700015,3,7,"[1,1,3]","[2,3,1,2,2,3,2]","[[1],[4,5,6],[1,3,4,5]]",FEASIBLE,FEASIBLE,FEASIBLE,null,0.044021,0.033754,0.001958,False
700016,6,4,"[1,2,2,1,1,2]","[2,1,1,1]","[[1],[1,2,3],[0,1,2,3],[0,1],[1,2,3],[0,1,2,3]]",UNSAT,UNSAT,UNSAT,"[0, 1, 2]",0.081824,0.07669,0.005832,False
700017,2,6,"[1,1]","[3,2,1,3,3,1]","[[0],[1,2,3,4,5]]",FEASIBLE,FEASIBLE,FEASIBLE,null,0.017546,0.023809,0.001733,False
700018,4,1,"[1,1,1,1]",[1],"[[0],[0],[0],[0]]",UNSAT,UNSAT,UNSAT,"[0, 1]",0.009649,0.034519,0.002157,False
700019,2,2,"[1,1]","[3,2]","[[0],[0,1]]",FEASIBLE,FEASIBLE,FEASIBLE,null,0.009838,0.019206,0.000922,False
700020,6,5,"[1,1,2,1,2,1]","[3,1,3,3,1]","[[0,1,2,4],[0,4],[1,2,3,4],[0],[0,4],[3]]",FEASIBLE,FEASIBLE,FEASIBLE,null,0.308185,0.144138,0.00386,False
700021,5,6,"[1,1,1,3,3]","[2,2,1,2,3,2]","[[0,1,2,3,4,5],[1,4,5],[0,3,5],[0,3,5],[0,3,4]]",FEASIBLE,FEASIBLE,FEASIBLE,null,0.173341,0.07307,0.004168,False
700022,7,6,"[2,1,1,2,1,1,1]","[3,2,3,2,2,1]","[[1,2],[0,1,2,3,5],[0,2],[0,1,2,3,4,5],[3],[1,4],[3]]",FEASIBLE,FEASIBLE,FEASIBLE,null,0.769338,0.058096,0.003522,False
700023,2,6,"[1,3]","[3,3,2,3,1,3]","[[0,3],[0,1,2,3,4]]",FEASIBLE,FEASIBLE,FEASIBLE,null,0.017699,0.029102,0.001548,False
700024,7,1,"[1,1,1,1,1,1,1]",[1],"[[0],[0],[0],[0],[0],[0],[0]]",UNSAT,UNSAT,UNSAT,"[0, 1]",0.013575,0.050262,0.002294,False
700025,1,6,[1],"[3,3,2,1,2,3]","[[1,3,5]]",FEASIBLE,FEASIBLE,FEASIBLE,null,0.007068,0.017147,0.001097,False
700026,7,3,"[2,2,2,1,1,1,2]","[3,3,2]","[[0,1],[0,1,2],[0,1,2],[2],[0,1,2],[1],[1,2]]",UNSAT,UNSAT,UNSAT,"[0, 1, 2, 3, 6]",0.326537,0.071938,0.004418,False
700027,5,2,"[1,2,1,1,2]","[3,3]","[[0,1],[0,1],[0,1],[0,1],[0,1]]",UNSAT,UNSAT,UNSAT,"[0, 1, 2, 3, 4]",0.082364,0.053856,0.003126,False
700028,6,7,"[3,1,2,1,1,2]","[3,2,1,1,3,2,2]","[[1,2,3,5],[0,1,2,4,5,6],[0,2,3,4,5,6],[6],[0,1,2,3,4,5,6],[1,2,3,4,5,6]]",FEASIBLE,FEASIBLE,FEASIBLE,null,0.451555,0.076973,0.004848,False
700029,3,5,"[1,1,1]","[3,3,1,1,1]","[[1,2],[3],[0]]",FEASIBLE,FEASIBLE,FEASIBLE,null,0.034544,0.026683,0.001284,False
700030,7,3,"[2,1,1,2,2,1,1]","[3,1,2]","[[0,1,2],[2],[0,1,2],[0,2],[0,1,2],[1],[0,1,2]]",UNSAT,UNSAT,UNSAT,"[0, 1, 3, 4]",0.30193,0.069438,0.004129,False
700031,3,3,"[1,1,2]","[3,2,3]","[[1],[0,1,2],[0,1,2]]",FEASIBLE,FEASIBLE,FEASIBLE,null,0.023275,0.027436,0.001513,False
700032,6,3,"[2,1,2,1,1,3]","[3,2,1]","[[0,1],[2],[0,2],[0,1,2],[1],[0,1,2]]",UNSAT,UNSAT,UNSAT,"[1, 2]",0.035185,0.059648,0.033958,False
700033,5,1,"[1,1,1,1,1]",[2],"[[0],[0],[0],[0],[0]]",UNSAT,UNSAT,UNSAT,"[0, 1, 2]",0.025715,0.038078,0.003119,False
700034,6,5,"[1,1,3,1,1,1]","[3,3,3,1,2]","[[0],[0,1,3,4],[0,1,3,4],[3],[0,1,2,3,4],[0,1,2,3]]",FEASIBLE,FEASIBLE,FEASIBLE,null,0.299392,0.065503,0.004117,False
700035,4,2,"[1,1,1,1]","[1,3]","[[0,1],[1],[0],[1]]",FEASIBLE,FEASIBLE,FEASIBLE,null,0.036252,0.036473,0.001871,False
700036,1,4,[2],"[3,1,2,1]","[[2,3]]",FEASIBLE,FEASIBLE,FEASIBLE,null,0.005276,0.016502,0.000934,False
700037,4,3,"[1,3,1,2]","[3,3,2]","[[0],[0,1,2],[0],[0,1]]",UNSAT,UNSAT,UNSAT,"[0, 1, 2, 3]",0.046785,0.050625,0.002518,False
700038,3,7,"[2,2,1]","[2,3,1,1,1,2,2]","[[0,1,2,3,4,5,6],[1,4,5],[0,5]]",FEASIBLE,FEASIBLE,FEASIBLE,null,0.043128,0.036229,0.002338,False
700039,6,7,"[1,2,1,2,2,1]","[3,1,1,1,2,3,3]","[[1,2,6],[0,1,2,4,5,6],[2],[0,2,4],[1,2,3,4],[6]]",FEASIBLE,FEASIBLE,FEASIBLE,null,0.427204,0.077708,0.004294,False
700040,5,3,"[1,2,3,2,1]","[3,2,3]","[[0,2],[1,2],[0,1,2],[0,2],[0]]",UNSAT,UNSAT,UNSAT,"[0, 1, 2, 3, 4]",0.155399,0.061845,0.003106,False
700041,1,6,[2],"[1,3,2,1,3,2]","[[0,1,2,3,4,5]]",FEASIBLE,FEASIBLE,FEASIBLE,null,0.006791,0.113891,0.001262,False
700042,2,1,"[1,1]",[2],"[[0],[0]]",FEASIBLE,FEASIBLE,FEASIBLE,null,0.007201,0.015007,0.000741,False
700043,4,2,"[2,1,1,1]","[2,2]","[[0,1],[0],[0],[0]]",UNSAT,UNSAT,UNSAT,"[0, 1, 2]",0.024836,0.037176,0.001861,False
700044,5,1,"[1,1,1,1,1]",[2],"[[0],[0],[0],[0],[0]]",UNSAT,UNSAT,UNSAT,"[0, 1, 2]",0.0244,0.037534,0.001768,False
700045,4,1,"[1,1,1,1]",[2],"[[0],[0],[0],[0]]",UNSAT,UNSAT,UNSAT,"[0, 1, 2]",0.017583,0.032398,0.002088,False
700046,3,7,"[3,1,2]","[3,3,1,2,2,1,1]","[[1,2,4,5,6],[1,3],[0,2,3,4,5,6]]",FEASIBLE,FEASIBLE,FEASIBLE,null,0.042138,0.03897,0.002892,False
700047,5,2,"[1,1,1,1,1]","[2,2]","[[0,1],[1],[1],[0],[1]]",UNSAT,UNSAT,UNSAT,"[1, 2, 4]",0.049982,0.038688,0.002906,False
700048,7,1,"[1,1,1,1,1,1,1]",[3],"[[0],[0],[0],[0],[0],[0],[0]]",UNSAT,UNSAT,UNSAT,"[0, 1, 2, 3]",0.090912,0.045325,0.002296,False
700049,3,2,"[2,2,1]","[1,1]","[[0,1],[0,1],[0]]",UNSAT,UNSAT,UNSAT,"[0, 1]",0.010283,0.033947,0.001952,False
700050,2,2,"[1,1]","[1,2]","[[1],[0]]",FEASIBLE,FEASIBLE,FEASIBLE,null,0.008349,0.016515,0.000915,False
700051,3,1,"[1,1,1]",[3],"[[0],[0],[0]]",FEASIBLE,FEASIBLE,FEASIBLE,null,0.012273,0.019232,0.000934,False
700052,5,6,"[2,3,3,3,3]","[2,3,2,2,1,3]","[[0,1,2,3,4,5],[1,2,3,4,5],[1,2,3,4,5],[0,2,3,5],[0,1,2,3,4,5]]",UNSAT,UNSAT,UNSAT,"[0, 1, 2, 3, 4]",0.167808,0.12192,0.007866,False
700053,3,7,"[1,1,2]","[3,3,3,2,2,3,2]","[[1,2,5],[0,4,5],[1,2,3,6]]",FEASIBLE,FEASIBLE,FEASIBLE,null,0.055489,0.032602,0.001886,False
700054,3,3,"[3,1,2]","[3,1,1]","[[0,1,2],[0],[0,2]]",UNSAT,UNSAT,UNSAT,"[0, 2]",0.015839,0.121388,0.002155,False
700055,4,7,"[2,1,2,1]","[2,2,2,3,1,3,3]","[[0,1,2,3,4,5,6],[3],[1,2,3,5],[2]]",FEASIBLE,FEASIBLE,FEASIBLE,null,0.089999,0.038662,0.002318,False
700056,3,5,"[3,3,3]","[3,1,3,3,1]","[[0,1,3,4],[0,1,2,3,4],[0,1,2]]",FEASIBLE,FEASIBLE,FEASIBLE,null,0.031076,0.052811,0.002831,False
700057,1,7,[2],"[1,1,1,3,1,2,3]","[[2,3]]",FEASIBLE,FEASIBLE,FEASIBLE,null,0.007235,0.017679,0.001027,False
700058,2,2,"[2,1]","[1,1]","[[0,1],[0,1]]",UNSAT,UNSAT,UNSAT,"[0, 1]",0.008634,0.032363,0.00165,False
700059,2,7,"[3,2]","[1,1,3,3,2,1,2]","[[1,3,6],[0,1,2,4,5]]",FEASIBLE,FEASIBLE,FEASIBLE,null,0.018466,0.032183,0.001988,False
700060,6,4,"[2,2,1,1,1,1]","[2,1,2,1]","[[1,2,3],[0,1,2,3],[3],[1,2],[3],[0,2]]",UNSAT,UNSAT,UNSAT,"[2, 4]",0.058877,0.058155,0.003785,False
700061,6,3,"[1,1,3,2,1,2]","[1,1,3]","[[2],[0,1],[0,1,2],[0,2],[1,2],[0,1]]",UNSAT,UNSAT,UNSAT,"[1, 2]",0.033013,0.057332,0.003651,False
700062,4,2,"[1,1,2,2]","[3,3]","[[0,1],[0],[0,1],[0,1]]",FEASIBLE,FEASIBLE,FEASIBLE,null,0.034337,0.03929,0.001891,False
700063,4,7,"[1,1,3,1]","[3,1,2,1,1,2,1]","[[6],[1,4],[1,2,3,4,5],[1,6]]",FEASIBLE,FEASIBLE,FEASIBLE,null,0.08895,0.051379,0.002692,False
700064,5,6,"[3,2,1,1,1]","[3,1,3,2,3,1]","[[0,1,3,4,5],[0,2,3],[2,5],[0,1,2,3,5],[0,1,2,3,4,5]]",FEASIBLE,FEASIBLE,FEASIBLE,null,0.165029,0.051014,0.003454,False
700065,1,5,[2],"[3,3,2,3,2]","[[0,2,3,4]]",FEASIBLE,FEASIBLE,FEASIBLE,null,0.006151,0.098423,0.001126,False
700066,6,3,"[2,1,1,2,1,2]","[2,3,2]","[[0,2],[1],[2],[0,1],[0,1,2],[0,1,2]]",UNSAT,UNSAT,UNSAT,"[0, 2, 3, 5]",0.142886,0.058186,0.003452,False
700067,2,2,"[1,2]","[2,2]","[[1],[0,1]]",FEASIBLE,FEASIBLE,FEASIBLE,null,0.009264,0.020068,0.000961,False
700068,5,1,"[1,1,1,1,1]",[1],"[[0],[0],[0],[0],[0]]",UNSAT,UNSAT,UNSAT,"[0, 1]",0.010093,0.035662,0.001846,False
700069,1,4,[1],"[2,1,2,2]",[[2]],FEASIBLE,FEASIBLE,FEASIBLE,null,0.00492,0.012823,0.000721,False
700070,7,3,"[1,2,1,1,3,1,1]","[2,3,2]","[[0,1,2],[0,1,2],[0,1,2],[0,2],[0,1,2],[0,1],[1,2]]",UNSAT,UNSAT,UNSAT,"[0, 1, 2, 3, 4]",0.291285,0.068544,0.004574,False
700071,5,3,"[1,2,1,1,1]","[3,3,2]","[[2],[0,1],[2],[1],[0,1,2]]",FEASIBLE,FEASIBLE,FEASIBLE,null,0.105322,0.033223,0.001781,False
700072,2,2,"[2,1]","[3,2]","[[0,1],[1]]",FEASIBLE,FEASIBLE,FEASIBLE,null,0.008459,0.018361,0.000991,False
700073,4,4,"[1,1,1,1]","[1,1,1,2]","[[1,3],[0],[1],[0]]",UNSAT,UNSAT,UNSAT,"[1, 3]",0.030098,0.043266,0.002488,False
700074,1,3,[1],"[3,1,1]",[[1]],FEASIBLE,FEASIBLE,FEASIBLE,null,0.00427,0.012031,0.000687,False
700075,2,1,"[1,1]",[2],"[[0],[0]]",FEASIBLE,FEASIBLE,FEASIBLE,null,0.006393,0.0144,0.00071,False
700076,6,6,"[2,1,1,2,2,1]","[2,2,1,1,1,3]","[[2,3],[1,2,3,4,5],[0,1,3],[0,1,2,3],[0,2,3],[2]]",UNSAT,UNSAT,UNSAT,"[0, 4]",0.049451,0.11537,0.005073,False
700077,4,3,"[2,1,1,1]","[1,3,3]","[[0,1,2],[1,2],[0,1,2],[0]]",FEASIBLE,FEASIBLE,FEASIBLE,null,0.043372,0.039995,0.002097,False
700078,3,6,"[3,1,1]","[2,1,2,2,2,1]","[[0,2,4,5],[5],[3]]",FEASIBLE,FEASIBLE,FEASIBLE,null,0.035155,0.034343,0.001634,False
700079,3,6,"[1,2,1]","[3,1,3,1,2,2]","[[3,4,5],[2,5],[0]]",FEASIBLE,FEASIBLE,FEASIBLE,null,0.119492,0.026411,0.001579,False
700080,5,7,"[1,3,1,2,1]","[3,1,3,3,1,1,1]","[[0,2,6],[0,1,2,3,4,5],[2],[1,3,4,5,6],[0,1,3,4,6]]",FEASIBLE,FEASIBLE,FEASIBLE,null,0.17811,0.047092,0.003203,False
700081,5,5,"[3,3,1,2,1]","[2,2,1,3,1]","[[0,1,2,3,4],[0,1,3,4],[1,3],[0,1,2],[0,4]]",UNSAT,UNSAT,UNSAT,"[0, 1, 3, 4]",0.132157,0.085635,0.006516,False
700082,1,7,[1],"[2,2,3,3,2,1,3]",[[6]],FEASIBLE,FEASIBLE,FEASIBLE,null,0.006771,0.014707,0.000864,False
700083,5,2,"[1,2,1,1,1]","[2,3]","[[0,1],[0,1],[1],[0,1],[1]]",UNSAT,UNSAT,UNSAT,"[0, 1, 2, 3, 4]",0.067537,0.04431,0.002643,False
700084,3,6,"[1,1,3]","[2,2,1,1,1,3]","[[0,1,3,5],[0,1,2,4,5],[0,1,2,3,4,5]]",FEASIBLE,FEASIBLE,FEASIBLE,null,0.035014,0.035479,0.002538,False
700085,3,7,"[3,1,1]","[1,3,1,2,2,3,3]","[[0,1,2,4,5,6],[2,4],[1,3,5,6]]",FEASIBLE,FEASIBLE,FEASIBLE,null,0.039565,0.033154,0.002184,False
700086,1,5,[3],"[2,2,2,1,2]","[[1,2,3]]",FEASIBLE,FEASIBLE,FEASIBLE,null,0.005252,0.017434,0.001106,False
700087,7,4,"[3,2,1,3,1,2,1]","[3,3,3,3]","[[0,1,2,3],[1,2],[0,1],[0,1,2,3],[0,1,3],[0,1,2,3],[2]]",UNSAT,UNSAT,UNSAT,"[0, 1, 2, 3, 4, 5, 6]",0.471794,0.098019,0.006148,False
700088,1,4,[2],"[3,3,2,3]","[[2,3]]",FEASIBLE,FEASIBLE,FEASIBLE,null,0.005248,0.016352,0.000892,False
700089,3,7,"[2,1,1]","[2,2,2,2,2,1,2]","[[0,1,2,3,4,5,6],[1,3],[6]]",FEASIBLE,FEASIBLE,FEASIBLE,null,0.038663,0.105605,0.001895,False
700090,1,2,[1],"[1,1]",[[0]],FEASIBLE,FEASIBLE,FEASIBLE,null,0.003822,0.010316,0.000624,False
700091,4,3,"[2,1,2,2]","[1,1,1]","[[0,1,2],[0],[0,1,2],[1,2]]",UNSAT,UNSAT,UNSAT,"[0, 2]",0.01715,0.041629,0.002731,False
700092,7,2,"[1,1,1,2,1,1,1]","[1,1]","[[0],[1],[0],[0,1],[0,1],[1],[0]]",UNSAT,UNSAT,UNSAT,"[0, 2]",0.018048,0.046527,0.00285,False
700093,2,7,"[1,1]","[3,2,2,3,2,2,1]","[[1,2,3,4,5],[2,5]]",FEASIBLE,FEASIBLE,FEASIBLE,null,0.017181,0.021414,0.001826,False
700094,6,3,"[2,1,1,1,3,1]","[1,3,2]","[[1,2],[0],[0,2],[0],[0,1,2],[0,1]]",UNSAT,UNSAT,UNSAT,"[1, 3]",0.033643,0.052082,0.004216,False
700095,4,4,"[1,3,2,1]","[1,1,1,2]","[[1,2],[0,1,2,3],[0,1,3],[0,2]]",UNSAT,UNSAT,UNSAT,"[0, 1, 2]",0.052292,0.050212,0.003155,False
700096,6,6,"[1,1,2,1,1,1]","[1,1,2,2,2,2]","[[1],[2],[2,4],[1,3],[1,5],[0,1,2,3,4]]",FEASIBLE,FEASIBLE,FEASIBLE,null,0.309687,0.04204,0.002547,False
700097,2,5,"[3,1]","[3,1,1,1,2]","[[0,1,4],[3,4]]",FEASIBLE,FEASIBLE,FEASIBLE,null,0.013706,0.023306,0.001408,False
700098,4,6,"[1,1,3,3]","[2,1,3,2,1,3]","[[1,3,4,5],[0,1,2,3,4,5],[0,1,2,3,5],[0,1,2,3,5]]",FEASIBLE,FEASIBLE,FEASIBLE,null,0.072383,0.046403,0.003224,False
700099,5,7,"[2,3,2,3,2]","[2,3,2,3,3,2,1]","[[1,2,3,4,5],[0,1,2,3,4,5],[0,1,4,5,6],[0,4,5,6],[0,1,4,5,6]]",FEASIBLE,FEASIBLE,FEASIBLE,null,0.171086,0.060982,0.003817,False
700100,2,1,"[1,1]",[3],"[[0],[0]]",FEASIBLE,FEASIBLE,FEASIBLE,null,0.006328,0.101283,0.000739,False
700101,6,3,"[1,3,1,3,2,2]","[2,2,2]","[[0],[0,1,2],[0],[0,1,2],[1,2],[1,2]]",UNSAT,UNSAT,UNSAT,"[0, 1, 2]",0.058225,0.055928,0.003208,False
700102,6,3,"[1,1,1,2,1,1]","[2,2,2]","[[0,1],[2],[0,2],[0,1,2],[2],[0,2]]",UNSAT,UNSAT,UNSAT,"[1, 2, 3, 4, 5]",0.171792,0.063293,0.003907,False
700103,6,2,"[1,1,1,1,1,1]","[1,2]","[[1],[1],[0,1],[0,1],[0,1],[1]]",UNSAT,UNSAT,UNSAT,"[0, 1, 5]",0.049039,0.043511,0.002802,False
700104,2,6,"[2,1]","[3,3,3,1,3,3]","[[0,1,2,3,4,5],[3]]",FEASIBLE,FEASIBLE,FEASIBLE,null,0.015219,0.022899,0.001513,False
700105,3,2,"[1,1,1]","[1,3]","[[0],[0],[0,1]]",UNSAT,UNSAT,UNSAT,"[0, 1]",0.009392,0.026934,0.001733,False
700106,7,2,"[1,1,2,2,1,1,1]","[1,2]","[[0,1],[0,1],[0,1],[0,1],[0],[0,1],[0,1]]",UNSAT,UNSAT,UNSAT,"[2, 3]",0.035241,0.051239,0.003404,False
700107,4,1,"[1,1,1,1]",[3],"[[0],[0],[0],[0]]",UNSAT,UNSAT,UNSAT,"[0, 1, 2, 3]",0.033943,0.032055,0.001669,False
700108,2,2,"[1,1]","[1,1]","[[0],[1]]",FEASIBLE,FEASIBLE,FEASIBLE,null,0.007969,0.015106,0.000768,False
700109,3,5,"[1,2,1]","[2,3,1,2,1]","[[0,1,2,3,4],[0,1,2,3,4],[1,4]]",FEASIBLE,FEASIBLE,FEASIBLE,null,0.028551,0.027866,0.001931,False
700110,7,7,"[3,3,2,2,1,1,1]","[2,2,2,1,2,3,3]","[[0,1,2,3,4,5],[0,1,2,3,5,6],[1,2,3,4,5,6],[0,1,2,4,5,6],[0,1,2,3,4,5,6],[1,2,3,4,6],[0]]",FEASIBLE,FEASIBLE,FEASIBLE,null,0.760512,0.108012,0.009616,False
700111,4,3,"[2,1,3,2]","[2,2,1]","[[1,2],[2],[0,1,2],[0,1,2]]",UNSAT,UNSAT,UNSAT,"[0, 1]",0.014053,0.123374,0.002874,False
700112,3,3,"[1,1,1]","[2,3,3]","[[1,2],[0,2],[2]]",FEASIBLE,FEASIBLE,FEASIBLE,null,0.020921,0.021277,0.00126,False
700113,7,4,"[2,1,2,1,1,1,1]","[1,3,3,3]","[[0,3],[0,1,3],[2,3],[0,1,2,3],[0,1,2,3],[2],[0,1,2]]",FEASIBLE,FEASIBLE,FEASIBLE,null,0.484734,0.050821,0.003166,False
700114,4,5,"[1,3,2,1]","[2,3,2,2,1]","[[0],[0,1,2,4],[0,1,4],[3,4]]",FEASIBLE,FEASIBLE,FEASIBLE,null,0.073204,0.036903,0.001963,False
700115,6,1,"[1,1,1,1,1,1]",[2],"[[0],[0],[0],[0],[0],[0]]",UNSAT,UNSAT,UNSAT,"[0, 1, 2]",0.029291,0.037083,0.0028,False
700116,1,5,[2],"[2,2,3,3,2]","[[0,1,3]]",FEASIBLE,FEASIBLE,FEASIBLE,null,0.005376,0.015837,0.001055,False
700117,1,3,[1],"[3,2,2]","[[0,1]]",FEASIBLE,FEASIBLE,FEASIBLE,null,0.003843,0.011309,0.000707,False
700118,7,3,"[2,1,1,3,1,2,1]","[2,1,3]","[[1,2],[0],[0,2],[0,1,2],[1],[1,2],[1,2]]",UNSAT,UNSAT,UNSAT,"[0, 3]",0.02493,0.054949,0.003568,False
700119,6,7,"[3,1,2,2,1,3]","[2,3,3,1,2,3,2]","[[0,1,2,3,4,5,6],[6],[5,6],[2,6],[1,2,5,6],[0,1,2,3,4,5,6]]",UNSAT,UNSAT,UNSAT,"[1, 2, 3]",0.160212,0.063325,0.004654,False
700120,7,3,"[1,1,1,1,1,1,1]","[1,1,1]","[[1],[2],[0,1,2],[0,1],[0,2],[0,1,2],[0,1,2]]",UNSAT,UNSAT,UNSAT,"[0, 1, 2, 3]",0.167357,0.052991,0.003834,False
700121,3,5,"[1,1,2]","[3,2,2,2,1]","[[1,2,3],[3],[0,1,3,4]]",FEASIBLE,FEASIBLE,FEASIBLE,null,0.028647,0.025677,0.001771,False
700122,3,7,"[2,2,1]","[3,2,3,3,3,3,1]","[[0,1,3,5,6],[0,3,4],[1]]",FEASIBLE,FEASIBLE,FEASIBLE,null,0.036185,0.105392,0.001895,False
700123,3,1,"[1,1,1]",[2],"[[0],[0],[0]]",UNSAT,UNSAT,UNSAT,"[0, 1, 2]",0.010942,0.024997,0.001465,False
700124,3,6,"[2,1,3]","[2,2,3,3,2,2]","[[0,1,2,3,4,5],[4],[2,3,4,5]]",FEASIBLE,FEASIBLE,FEASIBLE,null,0.031933,0.030846,0.002076,False
700125,2,6,"[3,2]","[3,2,1,2,2,1]","[[1,2,3,5],[2,4]]",FEASIBLE,FEASIBLE,FEASIBLE,null,0.014476,0.032414,0.002006,False
700126,6,7,"[2,1,1,1,1,2]","[2,2,3,1,2,1,2]","[[0,1,2,3,5],[0,1],[3],[4],[1,2,5,6],[3,4]]",UNSAT,UNSAT,UNSAT,"[2, 5]",0.0861,0.048921,0.003881,False
700127,6,2,"[2,1,1,1,1,1]","[3,3]","[[0,1],[0],[0,1],[0],[0],[0]]",UNSAT,UNSAT,UNSAT,"[0, 1, 3, 4]",0.086781,0.054539,0.003551,False
700128,2,5,"[2,1]","[2,1,1,1,1]","[[1,2],[0,2]]",FEASIBLE,FEASIBLE,FEASIBLE,null,0.012587,0.019384,0.001225,False
700129,7,5,"[2,1,1,1,1,3,2]","[1,3,3,1,1]","[[0,1,2,3,4],[3],[0,1,2,3,4],[2],[2],[0,2,3,4],[0,4]]",UNSAT,UNSAT,UNSAT,"[5, 6]",0.111924,0.066518,0.005114,False
700130,6,5,"[2,2,3,1,1,1]","[1,2,2,2,3]","[[1,2,3,4],[0,3],[0,1,2,3,4],[3],[0],[0,3]]",UNSAT,UNSAT,UNSAT,"[1, 4]",0.051877,0.075974,0.004474,False
700131,1,2,[1],"[3,2]",[[0]],FEASIBLE,FEASIBLE,FEASIBLE,null,0.003609,0.01067,0.000615,False
700132,6,4,"[1,3,1,3,3,1]","[2,1,1,3]","[[2],[0,1,2,3],[0,2],[0,1,2,3],[0,1,3],[1]]",UNSAT,UNSAT,UNSAT,"[4, 5]",0.063909,0.057403,0.004024,False
700133,5,4,"[1,3,1,2,3]","[2,2,2,2]","[[1,2,3],[0,1,2,3],[1,3],[0,1,2,3],[0,1,2,3]]",UNSAT,UNSAT,UNSAT,"[0, 1, 3, 4]",0.090898,0.201045,0.004337,False
700134,4,1,"[1,1,1,1]",[1],"[[0],[0],[0],[0]]",UNSAT,UNSAT,UNSAT,"[0, 1]",0.008058,0.027299,0.001515,False
700135,1,4,[3],"[1,2,3,2]","[[0,1,3]]",FEASIBLE,FEASIBLE,FEASIBLE,null,0.004716,0.016405,0.001786,False
700136,2,6,"[2,1]","[1,1,3,3,1,1]","[[0,1,3,4],[1,5]]",FEASIBLE,FEASIBLE,FEASIBLE,null,0.014096,0.021738,0.001654,False
700137,3,6,"[1,3,1]","[2,3,2,3,2,3]","[[0,1,3,4],[0,1,2,3,4,5],[2]]",FEASIBLE,FEASIBLE,FEASIBLE,null,0.030873,0.027927,0.002148,False
700138,6,1,"[1,1,1,1,1,1]",[1],"[[0],[0],[0],[0],[0],[0]]",UNSAT,UNSAT,UNSAT,"[0, 1]",0.009913,0.033487,0.002333,False
700139,7,4,"[1,3,1,1,2,2,1]","[1,1,2,3]","[[3],[0,1,2,3],[0,1,2,3],[0],[1,3],[0,1],[0,2]]",UNSAT,UNSAT,UNSAT,"[1, 5]",0.050347,0.081847,0.005584,False
700140,3,6,"[1,2,1]","[1,3,3,1,1,1]","[[3,4],[0,1,3,4,5],[4]]",FEASIBLE,FEASIBLE,FEASIBLE,null,0.031244,0.025482,0.00173,False
700141,6,5,"[3,3,2,1,1,1]","[2,1,3,1,2]","[[0,1,2],[0,1,3,4],[3,4],[0,1,3],[2],[0,3,4]]",UNSAT,UNSAT,UNSAT,"[0, 1, 2]",0.080133,0.060595,0.004314,False
700142,1,1,[1],[1],[[0]],FEASIBLE,FEASIBLE,FEASIBLE,null,0.002954,0.009982,0.00055,False
700143,4,6,"[1,2,1,3]","[1,3,3,1,2,1]","[[3],[3,4,5],[0,2,5],[1,3,5]]",UNSAT,UNSAT,UNSAT,"[0, 3]",0.030611,0.041502,0.003015,False
700144,3,6,"[3,2,1]","[3,3,3,2,3,1]","[[0,1,2,3,4,5],[0,1],[0,2]]",FEASIBLE,FEASIBLE,FEASIBLE,null,0.031329,0.03028,0.002219,False
700145,6,2,"[1,1,1,1,1,2]","[2,1]","[[1],[0],[0],[1],[0],[0,1]]",UNSAT,UNSAT,UNSAT,"[0, 3]",0.016923,0.113147,0.003316,False
700146,4,3,"[2,2,1,1]","[1,3,3]","[[0,2],[1,2],[1],[1]]",FEASIBLE,FEASIBLE,FEASIBLE,null,0.03885,0.026599,0.002156,False
700147,1,5,[1],"[3,1,3,1,2]",[[1]],FEASIBLE,FEASIBLE,FEASIBLE,null,0.00493,0.011018,0.000888,False
700148,7,3,"[1,1,2,1,1,1,1]","[2,2,3]","[[1],[2],[0,1,2],[0],[0,1],[1],[0,1]]",UNSAT,UNSAT,UNSAT,"[0, 2, 3, 4, 5]",0.28694,0.065243,0.004659,False
700149,3,4,"[3,1,2]","[3,3,3,2]","[[0,2,3],[1],[1,2]]",FEASIBLE,FEASIBLE,FEASIBLE,null,0.023135,0.026354,0.001547,False
700150,2,6,"[2,1]","[1,3,3,3,3,3]","[[0,1,2,3,4,5],[0,1,2,3,4,5]]",FEASIBLE,FEASIBLE,FEASIBLE,null,0.014307,0.024273,0.00183,False
700151,6,4,"[2,2,2,1,3,3]","[1,1,3,3]","[[0,2,3],[2,3],[0,1,2,3],[3],[0,1,3],[0,1,2,3]]",UNSAT,UNSAT,UNSAT,"[4, 5]",0.062829,0.060659,0.004774,False
700152,3,4,"[1,1,3]","[2,3,3,3]","[[1],[0,1,3],[0,1,2,3]]",FEASIBLE,FEASIBLE,FEASIBLE,null,0.022956,0.025534,0.002277,False
700153,3,5,"[2,1,1]","[1,3,3,3,1]","[[1,3,4],[3,4],[0,1,3,4]]",FEASIBLE,FEASIBLE,FEASIBLE,null,0.026766,0.024804,0.002224,False
700154,2,2,"[1,1]","[2,3]","[[0,1],[0,1]]",FEASIBLE,FEASIBLE,FEASIBLE,null,0.007491,0.014988,0.001332,False
700155,4,4,"[2,1,1,3]","[1,3,2,2]","[[1,3],[0,1,2,3],[0,2],[0,1,2]]",FEASIBLE,FEASIBLE,FEASIBLE,null,0.049172,0.042034,0.003058,False
700156,3,7,"[1,2,1]","[2,3,1,1,2,3,2]","[[0,1,6],[0,1,2,3,4,5,6],[0,5,6]]",FEASIBLE,FEASIBLE,FEASIBLE,null,0.0353,0.028731,0.002114,False
700157,5,2,"[2,1,2,1,1]","[1,3]","[[0,1],[0],[0,1],[0],[0]]",UNSAT,UNSAT,UNSAT,"[0, 1]",0.012223,0.037238,0.002485,False
700158,3,7,"[3,3,3]","[2,3,1,1,2,3,2]","[[0,1,2,3,4,5,6],[1,2,3,5,6],[0,1,2,4,5,6]]",FEASIBLE,FEASIBLE,FEASIBLE,null,0.037882,0.042517,0.002904,False
700159,6,4,"[2,1,1,2,1,2]","[3,2,2,2]","[[0,1,3],[0,2],[3],[1,3],[0,1,2],[0,1]]",UNSAT,UNSAT,UNSAT,"[0, 2, 3, 5]",0.17218,0.067159,0.004118,False
700160,7,2,"[1,1,2,1,2,1,1]","[3,3]","[[0],[1],[0,1],[0],[0,1],[1],[0]]",UNSAT,UNSAT,UNSAT,"[0, 2, 3, 4]",0.138405,0.047302,0.002939,False
700161,7,6,"[3,3,3,2,1,1,3]","[3,2,3,2,2,3]","[[0,1,3,4],[0,1,3,4,5],[0,1,2,3,4,5],[1,2,3,5],[0,1],[2,3,4],[0,1,2,5]]",UNSAT,UNSAT,UNSAT,"[0, 1, 2, 3, 4, 5, 6]",0.622803,0.119437,0.008303,False
700162,3,1,"[1,1,1]",[2],"[[0],[0],[0]]",UNSAT,UNSAT,UNSAT,"[0, 1, 2]",0.01081,0.024736,0.001583,False
700163,4,7,"[3,2,2,2]","[2,2,1,1,2,3,1]","[[0,1,2,3,4,5,6],[0,1,2,5,6],[3,6],[0,1,4,6]]",FEASIBLE,FEASIBLE,FEASIBLE,null,0.077189,0.055528,0.003778,False
700164,5,5,"[3,1,3,1,2]","[3,2,2,2,1]","[[0,1,2,3,4],[0,1,2,4],[0,1,2,3,4],[0,2,3],[0,1]]",FEASIBLE,FEASIBLE,FEASIBLE,null,0.120566,0.059071,0.003782,False
700165,6,7,"[1,1,1,1,2,3]","[1,1,1,1,1,3,2]","[[0,1,2,3,4,5,6],[3],[2],[0,1,2,3,5,6],[1,3],[1,3,4,5,6]]",UNSAT,UNSAT,UNSAT,"[1, 4]",0.068104,0.088698,0.005169,False
700166,1,7,[2],"[3,1,1,1,2,3,2]","[[0,1]]",FEASIBLE,FEASIBLE,FEASIBLE,null,0.006223,0.016715,0.000932,False
700167,7,7,"[2,3,3,2,1,2,1]","[2,3,3,1,1,2,2]","[[0,4,5],[0,2,3,4,5],[0,1,2,3,5,6],[0,4,5],[0],[0,1,2,3,4,5],[2]]",UNSAT,UNSAT,UNSAT,"[0, 1, 3, 4]",0.345516,0.102663,0.007069,False
700168,4,5,"[1,2,1,1]","[1,2,3,1,1]","[[1],[0,1,2,3,4],[0,1],[0]]",FEASIBLE,FEASIBLE,FEASIBLE,null,0.058042,0.063022,0.002784,False
700169,1,7,[2],"[1,1,3,2,3,2,2]","[[0,1,2,3,4,5,6]]",FEASIBLE,FEASIBLE,FEASIBLE,null,0.007815,0.019502,0.001343,False
700170,2,3,"[2,1]","[2,3,2]","[[1,2],[0,1,2]]",FEASIBLE,FEASIBLE,FEASIBLE,null,0.009433,0.018796,0.001176,False
700171,2,6,"[1,3]","[1,3,2,1,3,3]","[[1,2],[0,2,4,5]]",FEASIBLE,FEASIBLE,FEASIBLE,null,0.014106,0.02272,0.001446,False
700172,1,5,[2],"[1,2,1,1,1]","[[0,1,2,3,4]]",FEASIBLE,FEASIBLE,FEASIBLE,null,0.004967,0.017173,0.001104,False
700173,6,3,"[2,1,1,2,1,2]","[3,3,1]","[[0,2],[0],[2],[1,2],[0,1],[1,2]]",UNSAT,UNSAT,UNSAT,"[0, 2]",0.026839,0.085102,0.00302,False
700174,1,3,[2],"[3,1,1]","[[0,2]]",FEASIBLE,FEASIBLE,FEASIBLE,null,0.004033,0.013808,0.000739,False
700175,1,2,[2],"[3,1]","[[0,1]]",FEASIBLE,FEASIBLE,FEASIBLE,null,0.003099,0.026389,0.000645,False
700176,4,7,"[1,1,1,1]","[3,1,3,2,1,3,2]","[[0,1,3,4],[0,1,4,6],[1],[0,1,2,3,4,5,6]]",FEASIBLE,FEASIBLE,FEASIBLE,null,0.076663,0.036412,0.002496,False
700177,6,1,"[1,1,1,1,1,1]",[3],"[[0],[0],[0],[0],[0],[0]]",UNSAT,UNSAT,UNSAT,"[0, 1, 2, 3]",0.052718,0.040928,0.001969,False
700178,3,2,"[1,1,1]","[3,3]","[[0],[0],[1]]",FEASIBLE,FEASIBLE,FEASIBLE,null,0.015107,0.017459,0.001107,False
700179,2,6,"[3,2]","[1,2,2,3,2,3]","[[0,1,2],[0,1,5]]",FEASIBLE,FEASIBLE,FEASIBLE,null,0.013698,0.102331,0.001501,False
700180,6,2,"[1,2,1,2,2,2]","[2,1]","[[0],[0,1],[0,1],[0,1],[0,1],[0,1]]",UNSAT,UNSAT,UNSAT,"[1, 3]",0.024253,0.044318,0.002854,False
700181,5,7,"[1,2,3,2,3]","[3,1,3,3,3,1,2]","[[0,5,6],[0,1,2,3,4,5],[2,3,4],[1,2,6],[0,1,2,3,4]]",FEASIBLE,FEASIBLE,FEASIBLE,null,0.164719,0.050657,0.003352,False
700182,7,1,"[1,1,1,1,1,1,1]",[1],"[[0],[0],[0],[0],[0],[0],[0]]",UNSAT,UNSAT,UNSAT,"[0, 1]",0.011628,0.037738,0.002163,False
700183,7,1,"[1,1,1,1,1,1,1]",[1],"[[0],[0],[0],[0],[0],[0],[0]]",UNSAT,UNSAT,UNSAT,"[0, 1]",0.010984,0.036858,0.002545,False
700184,7,6,"[2,3,1,3,1,2,1]","[3,1,2,1,3,1]","[[0,4],[0,1,2,3,5],[5],[0,1,2,3,4,5],[0,2,3,5],[2,4],[0,1,3,4,5]]",UNSAT,UNSAT,UNSAT,"[0, 1, 2, 3, 4, 5]",0.575048,0.079095,0.006977,False
700185,7,5,"[3,2,1,1,1,2,1]","[2,2,1,2,3]","[[0,1,2],[0,1,2,3,4],[2],[0,1,4],[0,1,2,3,4],[0,1,2,3],[0,1,2,4]]",UNSAT,UNSAT,UNSAT,"[0, 2]",0.032311,0.087927,0.006446,False
700186,1,1,[1],[3],[[0]],FEASIBLE,FEASIBLE,FEASIBLE,null,0.00277,0.009768,0.000774,False
700187,3,3,"[2,2,1]","[1,1,3]","[[0,1],[0,1],[0,1,2]]",UNSAT,UNSAT,UNSAT,"[0, 1]",0.010943,0.031983,0.002641,False
700188,5,2,"[1,1,1,1,2]","[2,1]","[[0],[0],[1],[0,1],[0,1]]",UNSAT,UNSAT,UNSAT,"[2, 4]",0.025849,0.036754,0.003056,False
700189,4,3,"[2,2,1,1]","[2,2,3]","[[0,1],[0,1],[0,1,2],[0,2]]",FEASIBLE,FEASIBLE,FEASIBLE,null,0.039441,0.030581,0.002369,False
700190,5,4,"[2,3,1,1,2]","[1,2,2,1]","[[1,3],[0,1,2,3],[0,2],[0,2],[0,2,3]]",UNSAT,UNSAT,UNSAT,"[0, 1, 4]",0.055531,0.050574,0.004542,False
700191,7,4,"[1,1,1,2,1,1,1]","[2,2,2,2]","[[1],[2],[0,1,2],[0,1],[1],[1],[2,3]]",UNSAT,UNSAT,UNSAT,"[0, 3, 4]",0.113568,0.058569,0.003875,False
700192,1,4,[1],"[3,1,3,2]","[[0,1,2,3]]",FEASIBLE,FEASIBLE,FEASIBLE,null,0.004677,0.013972,0.015374,False
700193,1,3,[1],"[3,1,2]",[[0]],FEASIBLE,FEASIBLE,FEASIBLE,null,0.003632,0.010099,0.000923,False
700194,3,6,"[1,1,2]","[2,1,2,3,2,2]","[[0,1,3,4,5],[0,1,2,4,5],[3,5]]",FEASIBLE,FEASIBLE,FEASIBLE,null,0.031489,0.027326,0.002412,False
700195,6,5,"[3,1,3,1,2,1]","[2,3,3,3,3]","[[0,2,3],[0],[0,1,2],[4],[0,3],[0,2,4]]",UNSAT,UNSAT,UNSAT,"[0, 1, 2]",0.078088,0.053485,0.008734,False
700196,6,4,"[1,1,1,2,2,1]","[1,1,3,2]","[[2],[2,3],[1,2,3],[0,2],[0,1,2,3],[0,2,3]]",UNSAT,UNSAT,UNSAT,"[0, 1, 2, 3, 4, 5]",0.210299,0.057705,0.010698,False
700197,2,5,"[3,1]","[1,3,2,1,3]","[[0,1,2,3,4],[2]]",FEASIBLE,FEASIBLE,FEASIBLE,null,0.012362,0.021739,0.003265,False
700198,5,5,"[2,2,2,3,1]","[1,3,1,3,2]","[[1,3,4],[0,4],[0,2,3,4],[0,2,3,4],[1,2,3,4]]",UNSAT,UNSAT,UNSAT,"[1, 2, 3]",0.081921,0.055643,0.00889,False
700199,3,3,"[2,1,2]","[1,2,1]","[[0,1],[1,2],[0,1,2]]",UNSAT,UNSAT,UNSAT,"[0, 1, 2]",0.019598,0.03502,0.005426,False
700200,4,4,"[1,1,1,1]","[3,2,3,2]","[[1,2,3],[2],[0],[0,1]]",FEASIBLE,FEASIBLE,FEASIBLE,null,0.049138,0.023964,0.003493,False
700201,6,4,"[1,1,2,2,1,1]","[1,1,3,2]","[[2],[0,2,3],[2,3],[0,1,3],[0,1,2,3],[2]]",UNSAT,UNSAT,UNSAT,"[0, 1, 2, 3, 4, 5]",0.21858,0.131635,0.008272,False
700202,4,5,"[1,2,2,1]","[1,2,3,1,1]","[[4],[0,1,2,3],[0,1,3,4],[0]]",FEASIBLE,FEASIBLE,FEASIBLE,null,0.057287,0.039643,0.005112,False
700203,5,3,"[1,1,2,1,1]","[3,3,1]","[[2],[1],[0,1,2],[0],[1,2]]",FEASIBLE,FEASIBLE,FEASIBLE,null,0.08038,0.042484,0.003545,False
700204,5,7,"[2,3,2,3,1]","[2,2,3,2,1,1,1]","[[1,4],[0,1,2,5],[5,6],[0,1,2,3,4,6],[0,1,2,3,4,5,6]]",FEASIBLE,FEASIBLE,FEASIBLE,null,0.164825,0.05288,0.006616,False
700205,7,5,"[3,3,3,2,1,1,1]","[1,1,2,3,1]","[[0,1,2,4],[0,1,2,4],[0,1,2,3,4],[2,3],[2],[1],[0,1,2,3,4]]",UNSAT,UNSAT,UNSAT,"[0, 1]",0.029225,0.072244,0.010855,False
700206,1,6,[2],"[1,1,1,2,1,1]","[[1,2,3,5]]",FEASIBLE,FEASIBLE,FEASIBLE,null,0.005742,0.016811,0.002617,False
700207,2,2,"[1,2]","[2,3]","[[0],[0,1]]",FEASIBLE,FEASIBLE,FEASIBLE,null,0.00757,0.016974,0.002069,False
700208,6,7,"[1,1,2,1,2,1]","[1,2,2,1,2,3,3]","[[0,1,2,5],[1,5],[0,3,4,6],[0,1,2,3,4,5,6],[0,1,2,3,4,5,6],[2,3]]",FEASIBLE,FEASIBLE,FEASIBLE,null,0.34269,0.053866,0.007797,False
700209,6,7,"[2,1,1,3,3,2]","[3,1,2,1,2,3,2]","[[0,3,5],[3],[0,1,2,3,4,5,6],[0,2,4,5],[0,1,2,3,4,5,6],[1,2,3,4,6]]",FEASIBLE,FEASIBLE,FEASIBLE,null,0.354882,0.079839,0.009002,False
700210,1,5,[3],"[3,3,2,1,2]","[[2,3,4]]",FEASIBLE,FEASIBLE,FEASIBLE,null,0.005417,0.093465,0.002388,False
700211,6,5,"[2,3,1,2,3,1]","[2,3,1,1,1]","[[0,2],[0,1,2,3,4],[1,2,3],[1,2],[0,1,2,3],[1,3,4]]",UNSAT,UNSAT,UNSAT,"[0, 3]",0.033338,0.065773,0.009958,False
700212,6,7,"[1,1,2,3,1,2]","[2,3,2,1,2,1,1]","[[2],[0,2,4,5,6],[0,3,5],[0,1,4,5,6],[3],[1,3,5]]",UNSAT,UNSAT,UNSAT,"[2, 4, 5]",0.207557,0.111592,0.00982,False
700213,3,4,"[1,1,3]","[1,2,3,1]","[[1,3],[0,1,2,3],[0,2,3]]",FEASIBLE,FEASIBLE,FEASIBLE,null,0.024051,0.037214,0.004405,False
700214,6,2,"[2,1,2,1,1,1]","[1,3]","[[0,1],[0],[0,1],[1],[0],[0]]",UNSAT,UNSAT,UNSAT,"[0, 1]",0.014593,0.041394,0.00583,False
700215,4,6,"[1,2,1,3]","[1,3,3,2,1,2]","[[1],[0,1,2,3,4,5],[2],[2,3,4]]",FEASIBLE,FEASIBLE,FEASIBLE,null,0.068963,0.034501,0.004037,False
700216,3,7,"[1,1,3]","[1,3,2,3,1,3,3]","[[0,3],[2],[0,1,2,3,4,5]]",FEASIBLE,FEASIBLE,FEASIBLE,null,0.036507,0.029719,0.003477,False
700217,6,4,"[1,1,1,1,3,1]","[2,1,3,2]","[[3],[1],[3],[2],[0,1,3],[0]]",UNSAT,UNSAT,UNSAT,"[1, 4]",0.042201,0.043842,0.005709,False
700218,3,6,"[2,2,3]","[3,1,3,3,1,3]","[[0,1,2,3,4],[0,1],[0,1,2,3,4,5]]",FEASIBLE,FEASIBLE,FEASIBLE,null,0.032082,0.050572,0.0052,False
700219,1,3,[2],"[1,3,3]","[[1,2]]",FEASIBLE,FEASIBLE,FEASIBLE,null,0.003999,0.013207,0.001811,False
700220,4,1,"[1,1,1,1]",[2],"[[0],[0],[0],[0]]",UNSAT,UNSAT,UNSAT,"[0, 1, 2]",0.015928,0.028764,0.003942,False
700221,5,2,"[1,1,2,1,2]","[3,2]","[[0,1],[1],[0,1],[0],[0,1]]",UNSAT,UNSAT,UNSAT,"[1, 2, 4]",0.04455,0.119793,0.005457,False
700222,7,3,"[2,1,3,1,3,1,1]","[2,3,2]","[[0,1,2],[2],[0,1,2],[1],[0,1,2],[0,1,2],[0]]",UNSAT,UNSAT,UNSAT,"[0, 2, 4]",0.085392,0.059056,0.008023,False
700223,1,7,[2],"[1,2,3,3,3,1,3]","[[0,3,5,6]]",FEASIBLE,FEASIBLE,FEASIBLE,null,0.00626,0.017384,0.00237,False
700224,2,7,"[2,3]","[1,3,1,3,1,2,2]","[[0,3,4,6],[0,2,3,4]]",FEASIBLE,FEASIBLE,FEASIBLE,null,0.015915,0.027926,0.003117,False
700225,5,5,"[1,2,2,2,1]","[1,1,3,2,2]","[[0,2,3,4],[0,1,3,4],[0,1,2,3,4],[2,4],[0,1,4]]",FEASIBLE,FEASIBLE,FEASIBLE,null,0.124525,0.045035,0.005372,False
700226,6,1,"[1,1,1,1,1,1]",[3],"[[0],[0],[0],[0],[0],[0]]",UNSAT,UNSAT,UNSAT,"[0, 1, 2, 3]",0.053727,0.048706,0.004569,False
700227,6,7,"[3,2,1,1,3,1]","[1,1,1,1,2,3,1]","[[0,1,2,4],[3,4,5,6],[1],[0,1,2,3,4,5,6],[0,5,6],[0,3,4,5,6]]",UNSAT,UNSAT,UNSAT,"[0, 2, 4]",0.135924,0.087781,0.010736,False
700228,1,6,[1],"[1,1,3,2,2,3]","[[0,4]]",FEASIBLE,FEASIBLE,FEASIBLE,null,0.005595,0.013429,0.001782,False
700229,1,6,[2],"[1,1,1,1,3,2]","[[1,4]]",FEASIBLE,FEASIBLE,FEASIBLE,null,0.00541,0.014813,0.001689,False
700230,6,4,"[1,2,2,1,1,1]","[3,3,2,3]","[[0],[0,1,2,3],[0,1,2],[0,1,2],[1],[0,1,2,3]]",FEASIBLE,FEASIBLE,FEASIBLE,null,0.213585,0.053543,0.006065,False
700231,4,3,"[1,1,1,1]","[2,1,3]","[[0,1,2],[2],[1,2],[0,1,2]]",FEASIBLE,FEASIBLE,FEASIBLE,null,0.041411,0.025324,0.002935,False
700232,1,6,[2],"[1,3,3,1,1,3]","[[1,3,5]]",FEASIBLE,FEASIBLE,FEASIBLE,null,0.005714,0.015584,0.002049,False
700233,3,3,"[1,2,1]","[3,3,2]","[[1,2],[0,1,2],[0]]",FEASIBLE,FEASIBLE,FEASIBLE,null,0.019244,0.100606,0.002494,False
700234,2,1,"[1,1]",[3],"[[0],[0]]",FEASIBLE,FEASIBLE,FEASIBLE,null,0.006095,0.013365,0.001493,False
700235,6,5,"[1,3,3,1,3,1]","[3,2,2,2,3]","[[0,1,3],[0,2,4],[1,2,3,4],[2,3,4],[0,2,3,4],[0]]",FEASIBLE,FEASIBLE,FEASIBLE,null,0.295253,0.092184,0.007395,False
700236,6,1,"[1,1,1,1,1,1]",[3],"[[0],[0],[0],[0],[0],[0]]",UNSAT,UNSAT,UNSAT,"[0, 1, 2, 3]",0.054514,0.038597,0.004386,False
700237,4,3,"[1,2,1,1]","[2,2,1]","[[2],[0,1,2],[1,2],[1]]",UNSAT,UNSAT,UNSAT,"[0, 1, 2, 3]",0.040312,0.036587,0.004552,False
700238,4,4,"[1,3,1,1]","[1,3,3,2]","[[0,1,2,3],[1,2,3],[2],[0,3]]",FEASIBLE,FEASIBLE,FEASIBLE,null,0.049696,0.032168,0.003469,False
700239,7,5,"[1,3,1,2,2,1,1]","[3,1,1,3,1]","[[2],[0,1,2,3,4],[0],[2,3],[0,1,3],[1,3],[1,4]]",UNSAT,UNSAT,UNSAT,"[0, 3]",0.035883,0.064684,0.008901,False
700240,4,5,"[1,1,3,2]","[2,2,3,3,2]","[[0,2],[1,2],[0,1,2,3,4],[0,1,2,3,4]]",FEASIBLE,FEASIBLE,FEASIBLE,null,0.070756,0.038434,0.004605,False
700241,1,1,[1],[2],[[0]],FEASIBLE,FEASIBLE,FEASIBLE,null,0.002945,0.00973,0.001231,False
700242,6,1,"[1,1,1,1,1,1]",[3],"[[0],[0],[0],[0],[0],[0]]",UNSAT,UNSAT,UNSAT,"[0, 1, 2, 3]",0.053863,0.036196,0.003591,False
700243,5,3,"[1,2,1,3,2]","[1,1,3]","[[0,2],[0,1],[0,1],[0,1,2],[0,1,2]]",UNSAT,UNSAT,UNSAT,"[1, 2]",0.02558,0.063518,0.007269,False
700244,7,7,"[1,2,2,3,2,2,2]","[2,3,3,1,2,2,2]","[[0,1,2,3,5,6],[1,2,4,5,6],[0,1,2,3,4,6],[0,2,5,6],[2,4,6],[0,2],[1,2,4,5,6]]",FEASIBLE,FEASIBLE,FEASIBLE,null,0.721475,0.165361,0.011193,False
700245,6,4,"[1,1,3,1,1,2]","[1,2,1,1]","[[0],[2],[0,1,3],[1,2,3],[0,1],[1,2]]",UNSAT,UNSAT,UNSAT,"[0, 2]",0.025409,0.051411,0.007175,False
700246,2,6,"[3,2]","[1,1,1,3,1,2]","[[0,1,2],[0,1,2,5]]",UNSAT,UNSAT,UNSAT,"[0, 1]",0.014069,0.036321,0.004804,False
700247,7,6,"[3,2,1,3,2,1,3]","[1,1,3,3,3,2]","[[0,1,2,3,4],[0,1,2,3,4,5],[0,1,3,4,5],[0,2,3,4],[0,1,3,4,5],[0],[0,1,2,3,4,5]]",UNSAT,UNSAT,UNSAT,"[0, 1, 2, 3, 4, 6]",0.596055,0.095806,0.01412,False
700248,2,4,"[1,2]","[3,1,3,3]","[[0,2,3],[1,3]]",FEASIBLE,FEASIBLE,FEASIBLE,null,0.011298,0.020006,0.002543,False
700249,6,2,"[1,1,1,1,1,1]","[3,1]","[[0,1],[0,1],[0,1],[0],[0,1],[0,1]]",UNSAT,UNSAT,UNSAT,"[0, 1, 2, 3, 4]",0.111732,0.044354,0.006076,False
700250,5,6,"[1,1,3,3,1]","[1,1,2,3,2,2]","[[0,1,4,5],[0,5],[0,2,4,5],[0,1,2,3,4],[0,2,3]]",FEASIBLE,FEASIBLE,FEASIBLE,null,0.145687,0.046777,0.005659,False
700251,1,7,[1],"[2,3,2,1,1,1,1]","[[0,2,3,4,5,6]]",FEASIBLE,FEASIBLE,FEASIBLE,null,0.006246,0.015906,0.002442,False
700252,2,1,"[1,1]",[3],"[[0],[0]]",FEASIBLE,FEASIBLE,FEASIBLE,null,0.005989,0.013358,0.001453,False
700253,3,6,"[1,1,1]","[1,3,3,1,1,3]","[[0,1,3,4,5],[1,2,4,5],[0,1,3,5]]",FEASIBLE,FEASIBLE,FEASIBLE,null,0.032029,0.027572,0.003784,False
700254,4,2,"[2,1,2,1]","[3,1]","[[0,1],[0],[0,1],[0]]",UNSAT,UNSAT,UNSAT,"[0, 2]",0.012466,0.1139,0.004465,False
700255,6,2,"[1,1,2,2,1,2]","[3,1]","[[0],[1],[0,1],[0,1],[0],[0,1]]",UNSAT,UNSAT,UNSAT,"[1, 2]",0.022882,0.04438,0.005687,False
700256,3,4,"[3,1,1]","[1,2,1,2]","[[1,2,3],[0,1,3],[2]]",UNSAT,UNSAT,UNSAT,"[0, 2]",0.024788,0.032956,0.0044,False
700257,1,3,[3],"[1,1,1]","[[0,1,2]]",FEASIBLE,FEASIBLE,FEASIBLE,null,0.003861,0.015962,0.001941,False
700258,6,7,"[3,2,1,1,1,3]","[3,2,3,1,2,2,2]","[[0,3,4,5,6],[0,1,2,3,4,6],[5],[6],[2,4],[0,2,3,5]]",FEASIBLE,FEASIBLE,FEASIBLE,null,0.382056,0.051737,0.005915,False
700259,7,6,"[2,1,1,3,1,1,1]","[1,1,3,3,1,2]","[[0,1,4],[1,2],[1,2,3,4,5],[0,2,3],[0,1,2,3,4],[4],[0,2,3]]",UNSAT,UNSAT,UNSAT,"[0, 3, 5]",0.188183,0.06776,0.008647,False
700260,3,2,"[1,1,1]","[1,2]","[[0],[0],[0,1]]",UNSAT,UNSAT,UNSAT,"[0, 1]",0.009206,0.026418,0.003507,False
700261,2,1,"[1,1]",[2],"[[0],[0]]",FEASIBLE,FEASIBLE,FEASIBLE,null,0.005868,0.013756,0.001387,False
700262,5,7,"[2,3,1,2,2]","[3,1,2,3,3,3,1]","[[0,1,2,3,4,5,6],[0,1,2,3,4,5,6],[0,1,2,4,6],[0,2,3,4],[1,2,3,4,5,6]]",FEASIBLE,FEASIBLE,FEASIBLE,null,0.169093,0.056383,0.007362,False
700263,7,2,"[1,2,1,1,1,1,1]","[1,1]","[[0,1],[0,1],[0,1],[1],[0,1],[1],[0]]",UNSAT,UNSAT,UNSAT,"[0, 1]",0.015609,0.046483,0.006417,False
700264,6,1,"[1,1,1,1,1,1]",[2],"[[0],[0],[0],[0],[0],[0]]",UNSAT,UNSAT,UNSAT,"[0, 1, 2]",0.028112,0.035427,0.004015,False
700265,3,7,"[1,1,2]","[3,2,3,2,2,2,1]","[[6],[0,1,2,4,5,6],[1,2,3,5,6]]",FEASIBLE,FEASIBLE,FEASIBLE,null,0.037527,0.150219,0.003983,False
700266,2,1,"[1,1]",[1],"[[0],[0]]",UNSAT,UNSAT,UNSAT,"[0, 1]",0.005999,0.020876,0.002053,False
700267,6,4,"[1,2,1,3,1,2]","[2,2,3,3]","[[0,1,2,3],[0,2],[3],[0,1,2,3],[1],[2,3]]",FEASIBLE,FEASIBLE,FEASIBLE,null,0.223804,0.044575,0.004853,False
700268,6,6,"[1,1,1,2,3,1]","[2,2,3,2,2,3]","[[1,2,3],[1],[1,2,3],[1,4,5],[1,4,5],[2,3]]",FEASIBLE,FEASIBLE,FEASIBLE,null,0.407748,0.068828,0.006075,False
700269,7,6,"[3,2,1,3,2,1,1]","[1,3,1,3,2,1]","[[1,2,4,5],[2,3,5],[5],[0,1,4],[0,2,3,4,5],[1,3,4],[0]]",UNSAT,UNSAT,UNSAT,"[3, 6]",0.106857,0.077996,0.009215,False
700270,5,3,"[2,1,1,1,2]","[2,1,3]","[[1,2],[0,1],[0],[1],[0,1]]",UNSAT,UNSAT,UNSAT,"[0, 3]",0.020789,0.041812,0.005268,False
700271,2,7,"[2,1]","[1,3,2,1,1,3,3]","[[0,2,3,4,5,6],[1,2,3,4,5,6]]",FEASIBLE,FEASIBLE,FEASIBLE,null,0.016684,0.026374,0.003415,False
700272,7,4,"[2,1,2,3,1,2,1]","[3,3,2,2]","[[0,1],[0],[0,3],[0,1,3],[0,1,2,3],[1,2,3],[0]]",UNSAT,UNSAT,UNSAT,"[0, 1, 2, 3]",0.200827,0.080131,0.008905,False
700273,1,2,[1],"[1,2]",[[1]],FEASIBLE,FEASIBLE,FEASIBLE,null,0.003695,0.010826,0.001356,False
700274,4,2,"[1,1,1,1]","[2,3]","[[0],[0],[1],[0]]",UNSAT,UNSAT,UNSAT,"[0, 1, 3]",0.024189,0.030652,0.003551,False
700275,6,7,"[2,1,1,1,1,1]","[2,2,2,3,2,2,3]","[[0,3],[1,3],[6],[3],[0,2,3,4,5,6],[2]]",FEASIBLE,FEASIBLE,FEASIBLE,null,0.335627,0.045422,0.00463,False
700276,7,7,"[1,1,2,2,2,1,3]","[3,3,1,1,3,1,3]","[[1,3],[2,5,6],[0,1,3,5],[1,2,3,4,5],[1,2,3,4,6],[1,3],[3,4,6]]",FEASIBLE,FEASIBLE,FEASIBLE,null,0.736477,0.167466,0.008497,False
700277,4,1,"[1,1,1,1]",[2],"[[0],[0],[0],[0]]",UNSAT,UNSAT,UNSAT,"[0, 1, 2]",0.015272,0.02846,0.00337,False
700278,3,2,"[1,1,2]","[2,1]","[[1],[0],[0,1]]",UNSAT,UNSAT,UNSAT,"[0, 2]",0.010614,0.027246,0.003448,False
700279,5,1,"[1,1,1,1,1]",[1],"[[0],[0],[0],[0],[0]]",UNSAT,UNSAT,UNSAT,"[0, 1]",0.008826,0.03067,0.00375,False
700280,2,5,"[2,2]","[2,3,2,1,2]","[[1,4],[0,3,4]]",FEASIBLE,FEASIBLE,FEASIBLE,null,0.012521,0.021741,0.002718,False
700281,2,7,"[1,2]","[2,2,3,2,1,1,1]","[[0,1,3,4,5],[1,2,4,6]]",FEASIBLE,FEASIBLE,FEASIBLE,null,0.016074,0.022803,0.00325,False
700282,1,2,[2],"[1,1]","[[0,1]]",FEASIBLE,FEASIBLE,FEASIBLE,null,0.003195,0.01232,0.001379,False
700283,6,6,"[1,3,1,1,1,1]","[2,3,1,2,2,1]","[[0,1,2,3,4,5],[0,1,2,3,4],[4],[4],[0,1,2,3,4,5],[1,3]]",FEASIBLE,FEASIBLE,FEASIBLE,null,0.291521,0.043752,0.005703,False
700284,2,7,"[1,3]","[1,2,2,3,1,3,1]","[[5],[0,3,6]]",FEASIBLE,FEASIBLE,FEASIBLE,null,0.016024,0.021891,0.001936,False
700285,4,6,"[2,1,1,2]","[1,2,2,3,1,1]","[[0,1,2,3,5],[0,1,2,3,4],[2,5],[1,3,5]]",FEASIBLE,FEASIBLE,FEASIBLE,null,0.066972,0.035605,0.004614,False
700286,1,7,[1],"[1,1,3,2,1,1,1]","[[2,4,6]]",FEASIBLE,FEASIBLE,FEASIBLE,null,0.005876,0.013284,0.001855,False
700287,4,2,"[1,1,1,1]","[1,1]","[[1],[0],[1],[0,1]]",UNSAT,UNSAT,UNSAT,"[0, 2]",0.011993,0.029904,0.003851,False
700288,7,2,"[1,1,1,2,1,1,1]","[3,2]","[[0,1],[1],[1],[0,1],[0,1],[0],[0,1]]",UNSAT,UNSAT,UNSAT,"[1, 2, 3]",0.146941,0.121452,0.007553,False
700289,1,2,[1],"[2,1]","[[0,1]]",FEASIBLE,FEASIBLE,FEASIBLE,null,0.003421,0.010913,0.001463,False
700290,2,5,"[3,1]","[2,2,3,2,1]","[[0,3,4],[3]]",FEASIBLE,FEASIBLE,FEASIBLE,null,0.011953,0.019849,0.001949,False
700291,1,6,[3],"[3,2,1,3,1,1]","[[0,1,2,3,4,5]]",FEASIBLE,FEASIBLE,FEASIBLE,null,0.005229,0.018643,0.001779,False
700292,2,1,"[1,1]",[2],"[[0],[0]]",FEASIBLE,FEASIBLE,FEASIBLE,null,0.005414,0.012696,0.000952,False
700293,7,3,"[1,1,3,1,2,3,1]","[1,3,1]","[[0],[0,1,2],[0,1,2],[2],[1,2],[0,1,2],[0,1]]",UNSAT,UNSAT,UNSAT,"[0, 2]",0.021227,0.055048,0.00669,False
700294,5,1,"[1,1,1,1,1]",[1],"[[0],[0],[0],[0],[0]]",UNSAT,UNSAT,UNSAT,"[0, 1]",0.00854,0.02967,0.002622,False
700295,6,1,"[1,1,1,1,1,1]",[1],"[[0],[0],[0],[0],[0],[0]]",UNSAT,UNSAT,UNSAT,"[0, 1]",0.009665,0.032972,0.002825,False
700296,2,6,"[2,2]","[1,2,1,1,3,3]","[[0,3,5],[0,1,2,3,4,5]]",FEASIBLE,FEASIBLE,FEASIBLE,null,0.01456,0.025285,0.002448,False
700297,4,2,"[1,1,1,1]","[1,1]","[[0,1],[1],[0],[0,1]]",UNSAT,UNSAT,UNSAT,"[0, 1, 2]",0.020877,0.030551,0.002908,False
700298,6,5,"[1,1,1,1,1,2]","[2,2,3,1,2]","[[0,1],[0,3],[0,4],[2],[1,2],[0,1,2,3,4]]",FEASIBLE,FEASIBLE,FEASIBLE,null,0.240825,0.037146,0.003681,False
700299,2,2,"[1,1]","[3,1]","[[1],[0]]",FEASIBLE,FEASIBLE,FEASIBLE,null,0.007226,0.01344,0.00111,False
700300,2,6,"[3,3]","[2,3,1,1,2,2]","[[0,1,2,3,4,5],[2,4,5]]",FEASIBLE,FEASIBLE,FEASIBLE,null,0.013453,0.035083,0.003036,False
700301,7,1,"[1,1,1,1,1,1,1]",[3],"[[0],[0],[0],[0],[0],[0],[0]]",UNSAT,UNSAT,UNSAT,"[0, 1, 2, 3]",0.075738,0.113309,0.003272,False
700302,2,3,"[1,2]","[1,1,2]","[[0,2],[0,1,2]]",FEASIBLE,FEASIBLE,FEASIBLE,null,0.00885,0.019278,0.00164,False
700303,4,4,"[1,1,1,3]","[1,3,3,3]","[[0],[1,2],[0],[0,1,2,3]]",UNSAT,UNSAT,UNSAT,"[0, 2]",0.017987,0.060745,0.00311,False
700304,6,3,"[1,3,1,2,1,1]","[3,3,1]","[[2],[0,1,2],[1,2],[0,2],[0],[0,1,2]]",UNSAT,UNSAT,UNSAT,"[0, 1]",0.017668,0.048408,0.004249,False
700305,3,6,"[2,1,1]","[2,3,3,2,2,2]","[[0,2],[0],[4]]",FEASIBLE,FEASIBLE,FEASIBLE,null,0.029028,0.021484,0.001825,False
700306,6,6,"[2,2,1,3,3,2]","[2,1,3,2,1,3]","[[3,5],[0,1,4,5],[1,2,3,5],[0,2,5],[2,3,4,5],[0,1,2,3,4,5]]",UNSAT,UNSAT,UNSAT,"[0, 1, 2, 3, 4, 5]",0.293833,0.073751,0.007761,False
700307,6,1,"[1,1,1,1,1,1]",[3],"[[0],[0],[0],[0],[0],[0]]",UNSAT,UNSAT,UNSAT,"[0, 1, 2, 3]",0.049996,0.034326,0.002662,False
700308,4,5,"[2,1,3,1]","[3,3,2,2,1]","[[2,4],[0,1,2,4],[2,3,4],[0,2]]",UNSAT,UNSAT,UNSAT,"[0, 2]",0.021277,0.041436,0.003518,False
700309,4,1,"[1,1,1,1]",[2],"[[0],[0],[0],[0]]",UNSAT,UNSAT,UNSAT,"[0, 1, 2]",0.014429,0.026556,0.002372,False
700310,1,1,[1],[2],[[0]],FEASIBLE,FEASIBLE,FEASIBLE,null,0.003059,0.009065,0.000909,False
700311,2,4,"[1,2]","[3,1,3,2]","[[0,1,2],[0,2]]",FEASIBLE,FEASIBLE,FEASIBLE,null,0.010468,0.017986,0.001677,False
700312,2,7,"[1,2]","[2,1,3,1,1,3,2]","[[2],[0,2,3,4,5,6]]",FEASIBLE,FEASIBLE,FEASIBLE,null,0.015006,0.020967,0.002223,False
700313,7,6,"[2,2,3,1,3,2,3]","[2,1,3,1,3,2]","[[0,1,5],[2,5],[0,2,4,5],[0,2,3],[1,2,3,5],[1,3,4],[1,2,3,4,5]]",UNSAT,UNSAT,UNSAT,"[0, 1, 4, 5]",0.298394,0.14595,0.008351,False
700314,7,3,"[2,1,1,2,1,3,1]","[3,1,1]","[[0,1,2],[1],[0,1,2],[0,1,2],[2],[0,1,2],[0,1,2]]",UNSAT,UNSAT,UNSAT,"[0, 5]",0.027216,0.055157,0.005654,False
700315,1,7,[2],"[1,2,1,1,3,2,3]","[[0,1,2,5,6]]",FEASIBLE,FEASIBLE,FEASIBLE,null,0.005854,0.018109,0.001629,False
700316,6,7,"[3,1,1,1,1,3]","[2,3,3,3,3,2,3]","[[1,2,3,4],[1,6],[0,3,4,5,6],[0],[2,3,4,5],[0,1,3,4,6]]",FEASIBLE,FEASIBLE,FEASIBLE,null,0.324564,0.046097,0.004488,False
700317,7,5,"[3,1,1,2,3,1,1]","[2,3,3,1,1]","[[0,1,4],[0,1,2,3],[2,4],[0,2,3,4],[0,1,2,3,4],[4],[0,1,2,3,4]]",UNSAT,UNSAT,UNSAT,"[0, 5]",0.040435,0.071038,0.007307,False
700318,6,5,"[2,2,2,2,1,1]","[3,2,2,3,2]","[[0,1,4],[0,4],[0,3],[1,4],[1],[1]]",UNSAT,UNSAT,UNSAT,"[3, 4, 5]",0.156875,0.050818,0.004505,False
700319,4,1,"[1,1,1,1]",[2],"[[0],[0],[0],[0]]",UNSAT,UNSAT,UNSAT,"[0, 1, 2]",0.014963,0.027009,0.002155,False
700320,4,1,"[1,1,1,1]",[1],"[[0],[0],[0],[0]]",UNSAT,UNSAT,UNSAT,"[0, 1]",0.007278,0.025865,0.002145,False
700321,5,2,"[1,2,1,1,1]","[1,3]","[[0],[0,1],[1],[0,1],[1]]",UNSAT,UNSAT,UNSAT,"[0, 1]",0.011884,0.03836,0.003339,False
700322,7,4,"[3,1,2,1,2,1,1]","[2,3,1,2]","[[0,1,2,3],[0],[0,1,2,3],[2],[0,1],[1],[2]]",UNSAT,UNSAT,UNSAT,"[3, 6]",0.070104,0.075129,0.006454,False
700323,1,2,[1],"[3,3]",[[0]],FEASIBLE,FEASIBLE,FEASIBLE,null,0.003228,0.081732,0.000899,False
700324,6,5,"[1,1,2,2,1,1]","[3,1,2,3,2]","[[0],[0,3],[0,1,4],[0,1],[2],[0,1,2,3,4]]",FEASIBLE,FEASIBLE,FEASIBLE,null,0.234934,0.049811,0.004309,False
700325,7,5,"[1,1,2,1,2,3,1]","[2,3,3,1,3]","[[1,2,4],[0,1,2,3,4],[0,4],[0,4],[0,1],[0,1,2,3,4],[0,1,2]]",FEASIBLE,FEASIBLE,FEASIBLE,null,0.495907,0.066596,0.005633,False
700326,4,6,"[1,1,1,2]","[3,3,1,2,1,3]","[[0,1,2,3,4,5],[0,1,5],[0,1,2,3,4,5],[1,2,3,5]]",FEASIBLE,FEASIBLE,FEASIBLE,null,0.065305,0.032628,0.003687,False
700327,5,6,"[1,3,2,1,1]","[3,1,2,1,1,2]","[[0,5],[0,1,2,3,4,5],[0,1,2,4],[1,2,3,4,5],[5]]",FEASIBLE,FEASIBLE,FEASIBLE,null,0.135222,0.040578,0.003742,False
700328,2,2,"[1,1]","[1,1]","[[1],[0,1]]",FEASIBLE,FEASIBLE,FEASIBLE,null,0.007112,0.013439,0.001285,False
700329,3,6,"[1,1,2]","[1,3,3,1,2,2]","[[1],[1,2,3,4,5],[1,2,3,5]]",FEASIBLE,FEASIBLE,FEASIBLE,null,0.029975,0.035096,0.002483,False
700330,7,6,"[1,1,3,2,2,1,2]","[3,3,3,2,1,2]","[[2,3],[0,3],[0,1,2,3,5],[0,1,3,4,5],[0,1,2,3,4,5],[0],[2,3,4,5]]",FEASIBLE,FEASIBLE,FEASIBLE,null,0.577559,0.069767,0.005822,False
700331,7,3,"[1,3,1,1,2,2,3]","[1,2,3]","[[2],[0,1,2],[1,2],[2],[0,1,2],[0,1],[0,1,2]]",UNSAT,UNSAT,UNSAT,"[1, 5]",0.039148,0.053501,0.005599,False
700332,1,4,[2],"[3,3,2,3]","[[0,1,2,3]]",FEASIBLE,FEASIBLE,FEASIBLE,null,0.004359,0.014746,0.001443,False
700333,7,6,"[1,2,3,2,2,2,1]","[3,1,2,1,1,1]","[[2,4],[0,1,4],[0,1,2,4,5],[0,4],[0,2,4,5],[0,2,3,4,5],[0,1,2,3,4,5]]",UNSAT,UNSAT,UNSAT,"[1, 2, 3, 4]",0.357878,0.151569,0.008422,False
700334,4,7,"[1,1,3,2]","[3,1,1,1,1,1,3]","[[3,6],[0],[0,2,4,5,6],[0,1,2,3,4,5,6]]",FEASIBLE,FEASIBLE,FEASIBLE,null,0.072818,0.035781,0.003599,False
700335,1,3,[2],"[3,3,1]","[[0,1,2]]",FEASIBLE,FEASIBLE,FEASIBLE,null,0.003839,0.013176,0.001207,False
700336,1,4,[2],"[3,1,3,3]","[[0,1,3]]",FEASIBLE,FEASIBLE,FEASIBLE,null,0.003989,0.012973,0.001264,False
700337,3,6,"[2,3,1]","[2,2,3,3,3,2]","[[0,1,2,3,4,5],[0,1,2,4,5],[5]]",FEASIBLE,FEASIBLE,FEASIBLE,null,0.029387,0.029658,0.002838,False
700338,1,4,[3],"[2,2,3,2]","[[0,2,3]]",FEASIBLE,FEASIBLE,FEASIBLE,null,0.004141,0.014879,0.001224,False
700339,6,7,"[1,1,2,1,2,2]","[3,2,3,3,1,1,2]","[[4],[2,3,5,6],[0,1,2,3,4],[0,1,2,3,4],[0,2,3],[0,4,5,6]]",FEASIBLE,FEASIBLE,FEASIBLE,null,0.336918,0.047807,0.004652,False
700340,6,1,"[1,1,1,1,1,1]",[3],"[[0],[0],[0],[0],[0],[0]]",UNSAT,UNSAT,UNSAT,"[0, 1, 2, 3]",0.050497,0.035102,0.00274,False
700341,6,2,"[1,1,1,1,2,2]","[3,2]","[[1],[0,1],[1],[1],[0,1],[0,1]]",UNSAT,UNSAT,UNSAT,"[0, 2, 3]",0.046097,0.040546,0.003707,False
700342,1,6,[1],"[1,2,2,3,1,1]",[[1]],FEASIBLE,FEASIBLE,FEASIBLE,null,0.005093,0.011517,0.00117,False
700343,4,3,"[2,1,3,1]","[1,1,2]","[[1,2],[1],[0,1,2],[0]]",UNSAT,UNSAT,UNSAT,"[0, 1]",0.012612,0.041322,0.003563,False
700344,4,6,"[1,1,3,3]","[2,2,1,3,2,2]","[[0],[2],[2,3,4],[1,2,3,4]]",UNSAT,UNSAT,UNSAT,"[1, 2]",0.036623,0.139836,0.003707,False
700345,6,6,"[3,1,2,1,3,1]","[3,1,1,3,2,2]","[[1,2,3,4,5],[0,1,2,4],[0,3,4],[0,1,2,3,5],[1,3,4],[3,5]]",FEASIBLE,FEASIBLE,FEASIBLE,null,0.295783,0.061719,0.005276,False
700346,7,7,"[2,2,3,1,3,1,3]","[3,1,3,2,2,3,2]","[[0,1,2,3,4,6],[0,2,3,4,5,6],[0,1,2,3,4,5,6],[0,1,2,5,6],[0,1,2,3,4,5,6],[0,2,5],[0,1,2,6]]",FEASIBLE,FEASIBLE,FEASIBLE,null,0.727128,0.096364,0.008827,False
700347,1,4,[1],"[3,2,2,1]","[[0,1,2,3]]",FEASIBLE,FEASIBLE,FEASIBLE,null,0.004752,0.01377,0.001326,False
700348,2,6,"[1,2]","[3,2,2,1,1,1]","[[5],[0,1,2,3,4,5]]",FEASIBLE,FEASIBLE,FEASIBLE,null,0.01372,0.020959,0.00208,False
700349,2,1,"[1,1]",[2],"[[0],[0]]",FEASIBLE,FEASIBLE,FEASIBLE,null,0.005536,0.012808,0.000963,False
700350,4,2,"[1,1,1,1]","[2,3]","[[0,1],[1],[0],[0]]",FEASIBLE,FEASIBLE,FEASIBLE,null,0.029349,0.028495,0.002231,False
700351,5,3,"[1,2,1,1,2]","[2,1,3]","[[0,1],[0,1],[1],[0,1,2],[1,2]]",UNSAT,UNSAT,UNSAT,"[1, 2]",0.024042,0.04142,0.003912,False
700352,2,5,"[1,1]","[2,2,3,3,1]","[[4],[0,1]]",FEASIBLE,FEASIBLE,FEASIBLE,null,0.01212,0.01613,0.001409,False
700353,7,5,"[1,3,1,2,1,1,1]","[2,2,1,1,3]","[[0,1,2],[0,2,3,4],[0,1,2,3,4],[0,1,3,4],[0,1,2,3,4],[3],[0,1,2,3,4]]",UNSAT,UNSAT,UNSAT,"[0, 1, 2, 3, 4, 5, 6]",0.503632,0.075265,0.007932,False
700354,7,2,"[1,1,1,1,1,1,1]","[1,2]","[[0],[1],[1],[0,1],[0],[0,1],[0]]",UNSAT,UNSAT,UNSAT,"[0, 4]",0.020306,0.045494,0.003974,False
700355,6,6,"[2,1,3,1,1,1]","[2,3,3,2,2,1]","[[2,3,4],[1],[0,1,3,5],[0,1,2,3,4,5],[2,5],[1,3,4,5]]",FEASIBLE,FEASIBLE,FEASIBLE,null,0.288212,0.120659,0.004217,False
700356,5,7,"[1,1,1,3,2]","[2,2,1,2,3,3,2]","[[4],[0,1,2,3,4,5,6],[0,2,3,6],[0,1,2,3,4,6],[1,2,3,4,5,6]]",FEASIBLE,FEASIBLE,FEASIBLE,null,0.256023,0.054156,0.004371,False
700357,3,3,"[1,2,1]","[1,1,2]","[[1],[0,1],[0,1,2]]",UNSAT,UNSAT,UNSAT,"[0, 1]",0.011357,0.05284,0.002825,False
700358,6,1,"[1,1,1,1,1,1]",[3],"[[0],[0],[0],[0],[0],[0]]",UNSAT,UNSAT,UNSAT,"[0, 1, 2, 3]",0.058833,0.037856,0.002699,False
700359,2,4,"[1,2]","[1,1,2,2]","[[0,1,3],[0,1,2,3]]",FEASIBLE,FEASIBLE,FEASIBLE,null,0.010944,0.020712,0.001736,False
700360,3,4,"[1,1,2]","[1,1,1,2]","[[1],[2,3],[0,2]]",FEASIBLE,FEASIBLE,FEASIBLE,null,0.022625,0.029496,0.002457,False
700361,7,4,"[3,1,2,1,1,3,1]","[1,1,2,2]","[[0,1,2,3],[1],[1,3],[1,2],[3],[0,1,2,3],[1]]",UNSAT,UNSAT,UNSAT,"[1, 2]",0.040738,0.058067,0.00589,False
700362,1,3,[1],"[3,3,3]",[[0]],FEASIBLE,FEASIBLE,FEASIBLE,null,0.004141,0.010714,0.000929,False
700363,6,2,"[2,1,1,1,2,1]","[1,2]","[[0,1],[0],[1],[0,1],[0,1],[0,1]]",UNSAT,UNSAT,UNSAT,"[0, 1]",0.013217,0.0494,0.004019,False
700364,2,4,"[1,1]","[1,1,3,3]","[[0,2],[0,1,2,3]]",FEASIBLE,FEASIBLE,FEASIBLE,null,0.010717,0.019098,0.001702,False
700365,6,6,"[1,1,2,1,2,1]","[1,3,3,2,3,3]","[[0,1,2,4,5],[0,3,4],[0,1,2],[3,5],[2,3,4],[5]]",FEASIBLE,FEASIBLE,FEASIBLE,null,0.285329,0.049639,0.003792,False
700366,4,2,"[2,1,2,1]","[2,1]","[[0,1],[1],[0,1],[1]]",UNSAT,UNSAT,UNSAT,"[0, 1]",0.085264,0.033404,0.002803,False
700367,4,4,"[2,2,2,1]","[2,3,3,3]","[[2,3],[0,2,3],[0,1],[1]]",FEASIBLE,FEASIBLE,FEASIBLE,null,0.048065,0.029741,0.002455,False
700368,2,1,"[1,1]",[1],"[[0],[0]]",UNSAT,UNSAT,UNSAT,"[0, 1]",0.005545,0.036718,0.001627,False
700369,7,3,"[1,1,1,3,2,1,2]","[2,2,2]","[[2],[0,1],[0],[0,1,2],[0,2],[0,1,2],[0,2]]",UNSAT,UNSAT,UNSAT,"[0, 3, 4]",0.122265,0.06185,0.005293,False
700370,3,5,"[2,1,3]","[1,2,2,1,1]","[[1,2,3,4],[1],[0,1,2]]",FEASIBLE,FEASIBLE,FEASIBLE,null,0.026859,0.035925,0.002918,False
700371,7,6,"[2,3,2,1,3,2,2]","[2,3,3,1,1,1]","[[1,3],[1,2,3,5],[0,1,2,3,4,5],[3,4],[0,3,4],[4,5],[0,1,3,4,5]]",UNSAT,UNSAT,UNSAT,"[0, 4]",0.045476,0.105928,0.00896,False
700372,4,6,"[1,1,3,1]","[1,2,3,1,3,2]","[[1],[0,1,3,4,5],[0,3,4],[0,1,2,3,4,5]]",FEASIBLE,FEASIBLE,FEASIBLE,null,0.065851,0.049246,0.004298,False
700373,6,1,"[1,1,1,1,1,1]",[1],"[[0],[0],[0],[0],[0],[0]]",UNSAT,UNSAT,UNSAT,"[0, 1]",0.009829,0.03318,0.002694,False
700374,1,5,[2],"[2,2,1,2,2]","[[0,3,4]]",FEASIBLE,FEASIBLE,FEASIBLE,null,0.004837,0.01489,0.001362,False
700375,2,7,"[2,1]","[1,3,3,2,3,3,1]","[[2,5],[0,4,5,6]]",FEASIBLE,FEASIBLE,FEASIBLE,null,0.015336,0.020313,0.002005,False
700376,7,7,"[1,3,1,3,3,1,2]","[3,3,2,3,3,2,1]","[[2,6],[0,2,5],[0,1,3,5],[0,2,3,4],[0,1,2,3,4,5,6],[0],[0,5]]",FEASIBLE,FEASIBLE,FEASIBLE,null,0.682555,0.163744,0.007109,False
700377,7,4,"[3,1,1,3,2,1,2]","[2,1,1,2]","[[0,2,3],[2],[0,2],[0,2,3],[1,2,3],[1],[1,3]]",UNSAT,UNSAT,UNSAT,"[0, 1]",0.023937,0.059281,0.005745,False
700378,5,3,"[1,1,1,2,2]","[2,3,2]","[[1,2],[1,2],[0,1,2],[0,1,2],[0,2]]",FEASIBLE,FEASIBLE,FEASIBLE,null,0.079453,0.045533,0.003581,False
700379,4,4,"[1,1,2,1]","[3,3,2,1]","[[3],[0,1,2,3],[1,3],[2,3]]",UNSAT,UNSAT,UNSAT,"[0, 2]",0.018709,0.051804,0.004991,False
700380,6,3,"[1,2,1,3,1,2]","[1,1,2]","[[0,1,2],[0,1],[0],[0,1,2],[0,1,2],[0,1]]",UNSAT,UNSAT,UNSAT,"[1, 2]",0.029198,0.049747,0.005775,False
700381,2,5,"[3,2]","[3,2,2,2,1]","[[0,1,2,3,4],[0,4]]",FEASIBLE,FEASIBLE,FEASIBLE,null,0.012369,0.024106,0.002642,False
700382,5,5,"[1,2,2,1,1]","[3,3,3,1,3]","[[0,2],[1,2,3,4],[0,4],[2,3],[0]]",FEASIBLE,FEASIBLE,FEASIBLE,null,0.118286,0.034996,0.002691,False
700383,1,4,[2],"[2,2,3,2]","[[1,2,3]]",FEASIBLE,FEASIBLE,FEASIBLE,null,0.004551,0.014076,0.001195,False
700384,1,6,[1],"[2,2,2,2,3,3]",[[3]],FEASIBLE,FEASIBLE,FEASIBLE,null,0.005269,0.011377,0.000874,False
700385,1,1,[1],[1],[[0]],FEASIBLE,FEASIBLE,FEASIBLE,null,0.002478,0.009029,0.000552,False
700386,5,7,"[2,2,1,1,2]","[3,3,3,3,3,1,1]","[[1,2,3,5],[1,3,4,5,6],[6],[3],[3,4,6]]",FEASIBLE,FEASIBLE,FEASIBLE,null,0.156856,0.038652,0.003237,False
700387,1,7,[3],"[1,2,1,2,1,2,2]","[[0,4,5]]",FEASIBLE,FEASIBLE,FEASIBLE,null,0.005899,0.02024,0.001297,False
700388,5,4,"[1,1,2,2,3]","[2,3,3,3]","[[0,3],[2,3],[0,2,3],[0,1,2],[0,1,2,3]]",FEASIBLE,FEASIBLE,FEASIBLE,null,0.099667,0.124285,0.003639,False
700389,4,6,"[1,2,3,3]","[1,1,2,3,1,2]","[[0,1,2,3,4,5],[1,2,3,5],[0,1,2,5],[0,1,2,3,4,5]]",FEASIBLE,FEASIBLE,FEASIBLE,null,0.076829,0.059484,0.004596,False
700390,7,3,"[2,2,3,3,1,1,2]","[3,2,1]","[[0,1,2],[0,2],[0,1,2],[0,1,2],[1],[2],[0,1,2]]",UNSAT,UNSAT,UNSAT,"[1, 2]",0.033271,0.058634,0.005336,False
700391,2,7,"[1,1]","[1,2,1,3,2,3,3]","[[4],[4]]",FEASIBLE,FEASIBLE,FEASIBLE,null,0.015094,0.016127,0.001163,False
700392,7,6,"[3,1,2,2,1,2,1]","[3,1,1,2,2,3]","[[1,2,4,5],[2,3,5],[0,1,2,3,4,5],[0,1,3],[1,2],[0,1,2,3,5],[0,1,2,4,5]]",FEASIBLE,FEASIBLE,FEASIBLE,null,0.621971,0.099198,0.006836,False
700393,1,1,[1],[1],[[0]],FEASIBLE,FEASIBLE,FEASIBLE,null,0.002808,0.009657,0.000642,False
700394,5,2,"[1,1,2,1,2]","[3,3]","[[1],[0],[0,1],[1],[0,1]]",UNSAT,UNSAT,UNSAT,"[0, 2, 3, 4]",0.057387,0.039454,0.002937,False
700395,3,3,"[1,1,2]","[2,2,2]","[[1],[2],[1,2]]",FEASIBLE,FEASIBLE,FEASIBLE,null,0.019223,0.020536,0.001335,False
700396,4,3,"[3,1,3,1]","[3,1,2]","[[0,1,2],[0,1],[0,1,2],[1]]",UNSAT,UNSAT,UNSAT,"[0, 2]",0.015625,0.041897,0.002865,False
700397,1,5,[2],"[1,1,1,1,3]","[[0,1,2,3,4]]",FEASIBLE,FEASIBLE,FEASIBLE,null,0.004915,0.016438,0.00128,False
700398,2,3,"[1,1]","[3,3,3]","[[0,1],[2]]",FEASIBLE,FEASIBLE,FEASIBLE,null,0.009232,0.014908,0.00106,False
700399,4,7,"[1,2,3,2]","[2,2,1,2,3,2,1]","[[3],[0,2,5],[0,1,2,3,4,6],[2,6]]",FEASIBLE,FEASIBLE,FEASIBLE,null,0.076273,0.047279,0.003126,False
700400,6,1,"[1,1,1,1,1,1]",[2],"[[0],[0],[0],[0],[0],[0]]",UNSAT,UNSAT,UNSAT,"[0, 1, 2]",0.027452,0.158859,0.002659,False
700401,7,1,"[1,1,1,1,1,1,1]",[1],"[[0],[0],[0],[0],[0],[0],[0]]",UNSAT,UNSAT,UNSAT,"[0, 1]",0.011077,0.039694,0.002511,False
700402,1,4,[1],"[1,2,1,1]","[[0,1,2]]",FEASIBLE,FEASIBLE,FEASIBLE,null,0.004449,0.012857,0.000882,False
700403,2,4,"[3,3]","[2,1,1,1]","[[0,1,2,3],[0,1,2,3]]",UNSAT,UNSAT,UNSAT,"[0, 1]",0.010938,0.036852,0.002838,False
700404,2,2,"[1,1]","[1,3]","[[0,1],[1]]",FEASIBLE,FEASIBLE,FEASIBLE,null,0.007503,0.014726,0.000929,False
700405,1,6,[1],"[1,3,3,3,2,1]","[[0,1,5]]",FEASIBLE,FEASIBLE,FEASIBLE,null,0.005268,0.013363,0.001021,False
700406,2,4,"[1,1]","[2,3,2,2]","[[0,1,2,3],[0,1,2]]",FEASIBLE,FEASIBLE,FEASIBLE,null,0.010798,0.017429,0.002333,False
700407,1,3,[1],"[3,3,1]","[[0,1,2]]",FEASIBLE,FEASIBLE,FEASIBLE,null,0.003858,0.01153,0.001326,False
700408,7,3,"[1,2,3,2,1,2,1]","[1,2,2]","[[1],[0,1,2],[0,1,2],[0,1,2],[0],[0,2],[0]]",UNSAT,UNSAT,UNSAT,"[2, 4]",0.046702,0.054741,0.007449,False
700409,5,7,"[1,2,1,1,2]","[1,2,2,3,1,2,3]","[[0,1,2,3,4,6],[0,1,3,4,5],[0,1,2,3,4,5,6],[0],[2,5]]",FEASIBLE,FEASIBLE,FEASIBLE,null,0.160192,0.061317,0.007667,False
700410,5,5,"[1,1,2,2,2]","[2,1,1,3,3]","[[0],[1,3],[0,1,2,3,4],[2,3,4],[0,2,4]]",FEASIBLE,FEASIBLE,FEASIBLE,null,0.119601,0.052253,0.006104,False
700411,2,4,"[2,1]","[2,3,1,3]","[[1,3],[0]]",FEASIBLE,FEASIBLE,FEASIBLE,null,0.011033,0.018418,0.002517,False
700412,6,6,"[1,3,1,3,3,1]","[3,1,2,1,3,1]","[[5],[1,2,4],[1,2,3,4,5],[0,1,2,3,4,5],[0,2,3,4,5],[4,5]]",UNSAT,UNSAT,UNSAT,"[0, 1, 2, 3, 4]",0.269948,0.146818,0.012503,False
700413,3,6,"[1,3,1]","[3,1,2,2,2,3]","[[3],[1,2,3,5],[4]]",FEASIBLE,FEASIBLE,FEASIBLE,null,0.030907,0.025098,0.004102,False
700414,6,2,"[1,1,2,1,1,1]","[3,2]","[[1],[0,1],[0,1],[1],[0,1],[0,1]]",UNSAT,UNSAT,UNSAT,"[0, 2, 3]",0.04706,0.043294,0.005762,False
700415,1,4,[2],"[3,1,2,1]","[[0,2]]",FEASIBLE,FEASIBLE,FEASIBLE,null,0.004449,0.01348,0.001491,False
700416,7,6,"[2,2,2,3,1,2,3]","[3,3,1,3,3,3]","[[0,1,3,4],[0,5],[0,1,3,4],[0,1,4],[4],[0,1,2,3,4],[0,1,2,4,5]]",FEASIBLE,FEASIBLE,FEASIBLE,null,0.591549,0.076687,0.0097,False
700417,4,1,"[1,1,1,1]",[1],"[[0],[0],[0],[0]]",UNSAT,UNSAT,UNSAT,"[0, 1]",0.007534,0.026788,0.003782,False
700418,4,2,"[1,1,1,1]","[3,3]","[[1],[1],[0,1],[0]]",FEASIBLE,FEASIBLE,FEASIBLE,null,0.030404,0.021214,0.00253,False
700419,7,2,"[1,1,2,1,2,2,2]","[2,2]","[[0,1],[1],[0,1],[0],[0,1],[0,1],[0,1]]",UNSAT,UNSAT,UNSAT,"[0, 2, 4]",0.062064,0.059649,0.006446,False
700420,6,6,"[1,1,3,2,2,1]","[2,2,3,2,1,3]","[[5],[4],[0,2,4,5],[2,5],[2,3,4],[0,3,4,5]]",FEASIBLE,FEASIBLE,FEASIBLE,null,0.286489,0.059157,0.005588,False
700421,7,7,"[2,2,2,2,2,1,3]","[1,3,3,1,1,2,2]","[[1,5],[0,1,3,4,5,6],[0,1,3,4,5,6],[0,2,3,4,6],[4,5,6],[0,3,5,6],[0,2,3,4,6]]",UNSAT,UNSAT,UNSAT,"[0, 1, 2, 3, 4, 6]",0.668348,0.093986,0.014397,False
700422,2,4,"[1,3]","[2,2,1,3]","[[1,2],[0,1,2]]",FEASIBLE,FEASIBLE,FEASIBLE,null,0.011671,0.101495,0.00259,False
700423,3,6,"[1,3,1]","[2,2,1,3,3,3]","[[0,1,2,3,4,5],[0,1,2,3,4,5],[0,1,2,4]]",FEASIBLE,FEASIBLE,FEASIBLE,null,0.031894,0.033037,0.005062,False
700424,6,1,"[1,1,1,1,1,1]",[3],"[[0],[0],[0],[0],[0],[0]]",UNSAT,UNSAT,UNSAT,"[0, 1, 2, 3]",0.054451,0.03729,0.005152,False
700425,6,6,"[1,2,2,1,2,3]","[1,1,3,1,2,2]","[[4],[0,1,2,4,5],[0,1,2,3,4],[0],[0,1,2,4,5],[0,1,2,3,4,5]]",UNSAT,UNSAT,UNSAT,"[0, 1, 2, 3, 4, 5]",0.300229,0.113544,0.014113,False
700426,7,7,"[2,3,3,3,2,3,3]","[1,2,1,2,3,3,3]","[[0,1,2,3,4,5,6],[0,1,4],[0,1,2,3,4],[0,2,6],[2,3,4,5,6],[1,2,6],[0,1,2,3,4,5,6]]",UNSAT,UNSAT,UNSAT,"[1, 3]",0.071058,0.125,0.017719,False
700427,7,2,"[1,1,1,2,1,2,1]","[3,2]","[[0,1],[1],[0],[0,1],[0,1],[0,1],[0,1]]",UNSAT,UNSAT,UNSAT,"[1, 3, 5]",0.090257,0.049884,0.008019,False
700428,7,3,"[1,1,2,2,1,1,1]","[2,1,1]","[[0],[0],[0,1,2],[1,2],[0,1],[1],[0]]",UNSAT,UNSAT,UNSAT,"[2, 3]",0.046027,0.048663,0.008121,False
700429,6,5,"[1,2,2,1,1,3]","[2,3,1,3,2]","[[3],[0,2,3],[2,3,4],[0,1,2,3],[1],[0,2,3,4]]",FEASIBLE,FEASIBLE,FEASIBLE,null,0.24904,0.061711,0.008344,False
700430,6,2,"[2,1,1,1,1,1]","[1,2]","[[0,1],[0,1],[0],[1],[1],[1]]",UNSAT,UNSAT,UNSAT,"[0, 2]",0.016141,0.057066,0.006561,False
700431,5,3,"[3,2,1,3,1]","[2,1,3]","[[0,1,2],[0,2],[1],[0,1,2],[0]]",UNSAT,UNSAT,UNSAT,"[0, 2]",0.017519,0.122984,0.006966,False
700432,2,7,"[2,3]","[1,1,2,3,1,3,3]","[[0,4,5],[0,4,5,6]]",FEASIBLE,FEASIBLE,FEASIBLE,null,0.015622,0.033726,0.004969,False
700433,7,7,"[1,2,1,2,1,3,2]","[3,1,1,2,2,2,3]","[[1,2,3,4,5],[0,2,3,4,5,6],[1,2,3,5,6],[0,1,5],[2],[0,3,4,6],[1,2,5]]",FEASIBLE,FEASIBLE,FEASIBLE,null,0.721762,0.100754,0.013563,False
700434,1,2,[2],"[2,3]","[[0,1]]",FEASIBLE,FEASIBLE,FEASIBLE,null,0.003583,0.01257,0.001791,False
700435,5,5,"[1,2,2,2,1]","[2,2,2,2,1]","[[3],[0,1,3],[0,2,3,4],[0,1,3],[0,1,2,3,4]]",FEASIBLE,FEASIBLE,FEASIBLE,null,0.121683,0.041176,0.006367,False
700436,4,6,"[3,2,1,1]","[1,3,2,1,1,1]","[[0,1,2,3,4],[0,1,2,3,4,5],[0,3],[0,1,2,4,5]]",FEASIBLE,FEASIBLE,FEASIBLE,null,0.068564,0.038988,0.006257,False
700437,5,6,"[1,1,1,3,1]","[2,3,3,1,3,2]","[[2],[3],[2],[0,2,4,5],[2,3,4]]",FEASIBLE,FEASIBLE,FEASIBLE,null,0.136625,0.035234,0.005067,False
700438,3,4,"[1,2,1]","[3,2,3,3]","[[1],[1,3],[0,1,2,3]]",FEASIBLE,FEASIBLE,FEASIBLE,null,0.022888,0.02322,0.00347,False
700439,1,1,[1],[2],[[0]],FEASIBLE,FEASIBLE,FEASIBLE,null,0.00268,0.009444,0.001348,False
700440,3,3,"[3,1,3]","[1,1,2]","[[0,1,2],[1,2],[0,1,2]]",UNSAT,UNSAT,UNSAT,"[0, 2]",0.013549,0.037212,0.006355,False
700441,6,6,"[2,2,1,1,1,3]","[3,1,1,1,2,3]","[[1,5],[0,1,2,3],[4],[0,1,2,3,4,5],[2],[1,2,3,4,5]]",UNSAT,UNSAT,UNSAT,"[0, 1, 4, 5]",0.208433,0.061621,0.010581,False
700442,5,4,"[1,1,1,2,3]","[2,2,3,3]","[[0,1,2,3],[1],[0],[1,2,3],[0,2,3]]",FEASIBLE,FEASIBLE,FEASIBLE,null,0.100826,0.127584,0.00612,False
700443,2,7,"[2,1]","[3,2,2,2,2,2,2]","[[0,3,6],[1,2,3,4,5,6]]",FEASIBLE,FEASIBLE,FEASIBLE,null,0.016003,0.02307,0.003965,False
700444,7,4,"[2,1,1,3,1,2,1]","[1,3,3,3]","[[0,1,3],[2,3],[0,1,2,3],[0,1,2,3],[0,1,3],[0,1,2,3],[1]]",UNSAT,UNSAT,UNSAT,"[0, 1, 2, 3, 4, 5, 6]",0.453232,0.070375,0.01241,False
700445,6,5,"[1,2,1,1,2,1]","[1,2,2,2,1]","[[4],[0,2,3,4],[1,2],[0,1,2,3,4],[1,4],[1,4]]",UNSAT,UNSAT,UNSAT,"[0, 4]",0.035706,0.068484,0.010195,False
700446,6,2,"[1,1,2,2,1,1]","[2,1]","[[0,1],[1],[0,1],[0,1],[0,1],[0]]",UNSAT,UNSAT,UNSAT,"[1, 2]",0.022481,0.044272,0.006852,False
700447,1,1,[1],[2],[[0]],FEASIBLE,FEASIBLE,FEASIBLE,null,0.002819,0.009307,0.001297,False
700448,7,4,"[3,3,1,2,2,3,3]","[1,2,1,3]","[[0,1,2,3],[1,2,3],[3],[0,2,3],[0,1,3],[0,1,2,3],[0,1,2,3]]",UNSAT,UNSAT,UNSAT,"[0, 1, 3]",0.09019,0.069074,0.011497,False
700449,3,2,"[1,1,2]","[1,2]","[[0],[1],[0,1]]",UNSAT,UNSAT,UNSAT,"[0, 2]",0.010905,0.027569,0.004274,False
700450,4,3,"[1,1,1,1]","[1,2,2]","[[0,1],[2],[2],[0,1,2]]",FEASIBLE,FEASIBLE,FEASIBLE,null,0.03915,0.027913,0.003444,False
700451,3,1,"[1,1,1]",[2],"[[0],[0],[0]]",UNSAT,UNSAT,UNSAT,"[0, 1, 2]",0.010675,0.023919,0.003631,False
700452,3,2,"[1,1,2]","[1,1]","[[0,1],[0],[0,1]]",UNSAT,UNSAT,UNSAT,"[0, 2]",0.010247,0.029007,0.004392,False
700453,2,1,"[1,1]",[2],"[[0],[0]]",FEASIBLE,FEASIBLE,FEASIBLE,null,0.005483,0.013148,0.00171,False
700454,3,3,"[1,1,1]","[1,2,3]","[[0,1,2],[1],[0,1]]",FEASIBLE,FEASIBLE,FEASIBLE,null,0.018339,0.021999,0.002307,False
700455,1,4,[2],"[1,3,1,3]","[[0,2,3]]",FEASIBLE,FEASIBLE,FEASIBLE,null,0.004847,0.014339,0.001628,False
700456,7,4,"[1,1,1,2,1,1,1]","[3,2,2,3]","[[2],[1],[2,3],[0,1,2,3],[1],[2],[2]]",UNSAT,UNSAT,UNSAT,"[0, 5, 6]",0.130649,0.060932,0.007749,False
700457,2,2,"[1,1]","[1,1]","[[0],[0,1]]",FEASIBLE,FEASIBLE,FEASIBLE,null,0.007447,0.015331,0.00212,False
700458,7,1,"[1,1,1,1,1,1,1]",[1],"[[0],[0],[0],[0],[0],[0],[0]]",UNSAT,UNSAT,UNSAT,"[0, 1]",0.010378,0.036535,0.005614,False
700459,2,4,"[3,1]","[1,3,2,3]","[[0,2,3],[2]]",FEASIBLE,FEASIBLE,FEASIBLE,null,0.010644,0.032294,0.002815,False
700460,3,3,"[1,2,2]","[1,1,3]","[[1,2],[0,1,2],[0,1,2]]",FEASIBLE,FEASIBLE,FEASIBLE,null,0.020027,0.036418,0.003645,False
700461,2,7,"[3,2]","[2,2,1,3,1,1,1]","[[0,1,2,3,4,5,6],[2,3]]",FEASIBLE,FEASIBLE,FEASIBLE,null,0.015872,0.037907,0.00406,False
700462,6,5,"[1,1,1,3,3,1]","[2,3,3,1,1]","[[2],[0,1],[4],[0,1,2,3,4],[0,1,2,4],[2]]",FEASIBLE,FEASIBLE,FEASIBLE,null,0.248584,0.056945,0.006179,False
700463,2,2,"[1,2]","[3,1]","[[0,1],[0,1]]",FEASIBLE,FEASIBLE,FEASIBLE,null,0.007483,0.017022,0.001673,False
700464,1,6,[1],"[3,2,3,1,1,3]",[[0]],FEASIBLE,FEASIBLE,FEASIBLE,null,0.005173,0.013035,0.001415,False
700465,3,2,"[2,1,1]","[1,2]","[[0,1],[0,1],[0]]",UNSAT,UNSAT,UNSAT,"[0, 2]",0.010698,0.028143,0.004192,False
700466,1,5,[2],"[1,3,3,1,2]","[[0,2,3,4]]",FEASIBLE,FEASIBLE,FEASIBLE,null,0.004897,0.016298,0.002313,False
700467,3,1,"[1,1,1]",[1],"[[0],[0],[0]]",UNSAT,UNSAT,UNSAT,"[0, 1]",0.007313,0.027115,0.003302,False
700468,2,5,"[1,1]","[3,1,1,3,3]","[[1,2],[3]]",FEASIBLE,FEASIBLE,FEASIBLE,null,0.012626,0.01626,0.002469,False
700469,7,5,"[1,1,2,3,2,3,3]","[2,2,1,3,2]","[[0,1,2,4],[2],[0,1,2,3,4],[0,1,2,3,4],[0,1,2,4],[0,1,2,3,4],[0,1,2,3,4]]",UNSAT,UNSAT,UNSAT,"[2, 3, 5, 6]",0.36714,0.157956,0.011934,False
700470,7,2,"[1,1,1,1,1,1,1]","[1,1]","[[0],[0],[1],[0],[0,1],[0,1],[0]]",UNSAT,UNSAT,UNSAT,"[0, 1]",0.015325,0.042797,0.005082,False
700471,5,6,"[2,1,2,3,1]","[2,3,1,3,2,3]","[[0,3,5],[4],[0,1,2,4,5],[0,2,3],[2]]",UNSAT,UNSAT,UNSAT,"[3, 4]",0.063154,0.058637,0.008136,False
700472,7,1,"[1,1,1,1,1,1,1]",[3],"[[0],[0],[0],[0],[0],[0],[0]]",UNSAT,UNSAT,UNSAT,"[0, 1, 2, 3]",0.078771,0.038997,0.005563,False
700473,7,5,"[2,3,1,1,1,3,2]","[1,1,3,3,3]","[[0,1,2,3,4],[0,1,2,3,4],[3,4],[0,1,2],[2],[0,1,3,4],[2,3]]",UNSAT,UNSAT,UNSAT,"[0, 1, 2, 3, 5, 6]",0.532852,0.098098,0.01358,False
700474,1,2,[1],"[2,3]",[[1]],FEASIBLE,FEASIBLE,FEASIBLE,null,0.003661,0.011011,0.001512,False
700475,7,1,"[1,1,1,1,1,1,1]",[2],"[[0],[0],[0],[0],[0],[0],[0]]",UNSAT,UNSAT,UNSAT,"[0, 1, 2]",0.035701,0.038439,0.004327,False
700476,1,1,[1],[3],[[0]],FEASIBLE,FEASIBLE,FEASIBLE,null,0.002705,0.009743,0.001257,False
700477,1,5,[2],"[3,3,2,1,2]","[[2,3,4]]",FEASIBLE,FEASIBLE,FEASIBLE,null,0.005035,0.015007,0.002577,False
700478,5,2,"[2,1,1,2,1]","[1,1]","[[0,1],[0],[0],[0,1],[0]]",UNSAT,UNSAT,UNSAT,"[0, 1]",0.01242,0.047533,0.005411,False
700479,7,1,"[1,1,1,1,1,1,1]",[1],"[[0],[0],[0],[0],[0],[0],[0]]",UNSAT,UNSAT,UNSAT,"[0, 1]",0.011185,0.039522,0.0044,False
700480,6,3,"[2,1,3,1,3,3]","[1,1,1]","[[0,1,2],[1],[0,1,2],[2],[0,1,2],[0,1,2]]",UNSAT,UNSAT,UNSAT,"[0, 2]",0.020126,0.123719,0.008368,False
700481,7,7,"[3,2,3,1,3,1,3]","[3,3,2,3,2,1,3]","[[0,1,3],[0,1,2,3,4,5,6],[0,1,2,3,4,6],[0,1,3,5,6],[1,4,5],[0,1,3,4,5,6],[0,3,5]]",UNSAT,UNSAT,UNSAT,"[4, 6]",0.131669,0.107067,0.015386,False
700482,3,2,"[2,2,1]","[3,3]","[[0,1],[0,1],[1]]",FEASIBLE,FEASIBLE,FEASIBLE,null,0.015289,0.023442,0.00292,False
700483,1,6,[1],"[1,3,3,2,1,2]","[[1,2,3,5]]",FEASIBLE,FEASIBLE,FEASIBLE,null,0.005616,0.014661,0.002391,False
700484,5,7,"[1,2,3,3,2]","[1,1,1,1,3,3,1]","[[1,3,4],[1,3],[0,1,2,3,5],[0,1,2,3,4,5,6],[0,1,2,4,5]]",FEASIBLE,FEASIBLE,FEASIBLE,null,0.179809,0.079019,0.009448,False
700485,2,2,"[1,1]","[1,3]","[[0],[0,1]]",FEASIBLE,FEASIBLE,FEASIBLE,null,0.007999,0.0161,0.001871,False
700486,5,7,"[1,2,3,1,2]","[3,3,1,2,1,2,3]","[[2,3,4,5,6],[0,1,2,3,4,5,6],[0,1,2,3,4,5,6],[3,5],[1,3,4]]",FEASIBLE,FEASIBLE,FEASIBLE,null,0.168727,0.049289,0.006493,False
700487,2,3,"[1,1]","[1,3,1]","[[0],[2]]",FEASIBLE,FEASIBLE,FEASIBLE,null,0.00936,0.014836,0.001653,False
700488,6,5,"[1,1,1,1,3,2]","[1,1,2,1,1]","[[0,1,4],[1,3],[2],[1,2],[0,2,4],[0,1,2,3,4]]",UNSAT,UNSAT,UNSAT,"[0, 1, 4, 5]",0.186082,0.060973,0.008872,False
700489,6,5,"[1,1,1,1,2,3]","[1,2,2,2,3]","[[2],[0,1,3],[0,1,2,3,4],[0],[3,4],[0,1,2,3,4]]",FEASIBLE,FEASIBLE,FEASIBLE,null,0.258334,0.132143,0.00663,False
700490,5,6,"[2,1,3,2,1]","[1,3,2,2,2,3]","[[0,2,3,4,5],[3],[0,1,2,3,5],[0,1,2,3,4],[3]]",FEASIBLE,FEASIBLE,FEASIBLE,null,0.144089,0.063072,0.007772,False
700491,7,5,"[1,1,2,1,2,1,1]","[1,3,1,3,2]","[[0,1,2,3,4],[0,1,3,4],[0,1,2,3,4],[0,1,2,3,4],[0,1,2,3,4],[2],[2]]",UNSAT,UNSAT,UNSAT,"[5, 6]",0.099496,0.087329,0.010028,False
700492,6,7,"[3,2,2,1,1,2]","[1,1,3,1,3,2,2]","[[1,2,3,4,5,6],[0,1,2],[0,1,2,3,4,6],[3],[0,1,3],[0,3,6]]",UNSAT,UNSAT,UNSAT,"[1, 3, 4, 5]",0.308967,0.092269,0.010944,False
700493,3,4,"[3,1,1]","[1,1,2,1]","[[0,1,2,3],[0,3],[0]]",UNSAT,UNSAT,UNSAT,"[0, 1, 2]",0.024256,0.036141,0.004502,False
700494,2,6,"[2,1]","[2,1,1,3,3,1]","[[0,2,4],[0,1,3,4,5]]",FEASIBLE,FEASIBLE,FEASIBLE,null,0.014799,0.023228,0.003134,False
700495,5,1,"[1,1,1,1,1]",[2],"[[0],[0],[0],[0],[0]]",UNSAT,UNSAT,UNSAT,"[0, 1, 2]",0.02129,0.032231,0.003548,False
700496,7,4,"[3,1,1,1,2,1,2]","[1,1,1,3]","[[0,1,3],[2,3],[0,1,2,3],[1],[0,1,2,3],[0,1,2,3],[0,2]]",UNSAT,UNSAT,UNSAT,"[0, 3]",0.030873,0.066866,0.009009,False
700497,1,2,[1],"[3,3]",[[0]],FEASIBLE,FEASIBLE,FEASIBLE,null,0.004526,0.01039,0.001107,False
700498,7,4,"[3,2,1,1,2,2,1]","[3,2,1,3]","[[0,1,2,3],[0,2],[1],[0],[0,1],[0,2,3],[0,2,3]]",UNSAT,UNSAT,UNSAT,"[0, 1, 2, 4]",0.210101,0.087166,0.009737,False
700499,7,5,"[1,1,2,1,2,1,1]","[1,1,1,3,3]","[[4],[0],[1,2,3,4],[4],[0,1,3,4],[0,1,3],[1]]",FEASIBLE,FEASIBLE,FEASIBLE,null,0.538679,0.144216,0.006461,False
700500,2,6,"[1,1]","[1,3,2,1,1,3]","[[3,5],[2,3,4]]",FEASIBLE,FEASIBLE,FEASIBLE,null,0.015215,0.018847,0.002416,False
700501,2,3,"[2,1]","[2,2,1]","[[0,1,2],[0,1,2]]",FEASIBLE,FEASIBLE,FEASIBLE,null,0.009291,0.018973,0.002224,False
700502,6,4,"[1,1,1,1,1,1]","[2,3,3,2]","[[0,1,2,3],[1,3],[1,3],[0],[0],[3]]",FEASIBLE,FEASIBLE,FEASIBLE,null,0.225894,0.046594,0.004639,False
700503,7,2,"[1,1,1,1,1,2,1]","[1,3]","[[1],[1],[0,1],[1],[0],[0,1],[0]]",UNSAT,UNSAT,UNSAT,"[4, 5]",0.048878,0.046584,0.005438,False
700504,5,4,"[2,3,1,3,3]","[2,2,1,3]","[[0,2,3],[0,1,2],[0,3],[0,1,2,3],[1,2,3]]",UNSAT,UNSAT,UNSAT,"[1, 4]",0.038293,0.059042,0.00769,False
700505,7,6,"[1,1,3,3,2,2,2]","[1,3,1,3,3,2]","[[4],[0],[0,2,4,5],[1,3,4,5],[0,1,2,3,4,5],[0,1,5],[0,1,2,3,5]]",UNSAT,UNSAT,UNSAT,"[0, 1, 2, 3, 4, 5, 6]",0.650946,0.083711,0.010626,False
700506,7,7,"[2,2,2,2,3,1,1]","[2,3,1,3,1,3,2]","[[0,1,3,4,5],[0,1,2,3,5,6],[0,1,2,3,4,5,6],[1,4,6],[1,3,5],[1,3,5,6],[0,1,3,5]]",FEASIBLE,FEASIBLE,FEASIBLE,null,0.734196,0.1278,0.010466,False
700507,4,1,"[1,1,1,1]",[3],"[[0],[0],[0],[0]]",UNSAT,UNSAT,UNSAT,"[0, 1, 2, 3]",0.022422,0.030095,0.003433,False
700508,4,6,"[2,2,2,2]","[1,2,3,3,3,3]","[[0,1,2,3,4,5],[0,1],[1,2,3,5],[0,2,5]]",FEASIBLE,FEASIBLE,FEASIBLE,null,0.069647,0.054485,0.005679,False
700509,6,3,"[2,2,1,1,1,2]","[3,2,2]","[[1,2],[0,1,2],[0,1,2],[2],[0,2],[0,2]]",UNSAT,UNSAT,UNSAT,"[0, 3, 5]",0.076664,0.052232,0.006359,False
700510,1,6,[3],"[2,1,1,1,3,1]","[[1,2,3]]",FEASIBLE,FEASIBLE,FEASIBLE,null,0.005686,0.01846,0.002885,False
700511,1,5,[3],"[1,2,3,3,2]","[[0,2,4]]",FEASIBLE,FEASIBLE,FEASIBLE,null,0.005024,0.016984,0.002021,False
700512,5,3,"[2,1,2,1,2]","[3,2,3]","[[1,2],[0,1,2],[0,1],[0,1,2],[0,1,2]]",FEASIBLE,FEASIBLE,FEASIBLE,null,0.082003,0.047476,0.005102,False
700513,4,7,"[2,2,2,1]","[2,1,1,3,3,1,3]","[[0,4,5,6],[0,1],[2,6],[0,1,2,3,4,5,6]]",FEASIBLE,FEASIBLE,FEASIBLE,null,0.079674,0.040872,0.00503,False
700514,4,6,"[2,2,2,1]","[2,3,1,2,3,2]","[[1,3],[0,1,2,3,4,5],[0,1,3,4,5],[0,1,3,5]]",FEASIBLE,FEASIBLE,FEASIBLE,null,0.070039,0.040975,0.004983,False
700515,4,7,"[1,1,1,3]","[2,3,3,1,3,2,2]","[[0,1,2,3,5,6],[3],[1],[0,1,3,4,5,6]]",FEASIBLE,FEASIBLE,FEASIBLE,null,0.078395,0.035178,0.004484,False
700516,1,4,[3],"[2,1,3,2]","[[1,2,3]]",FEASIBLE,FEASIBLE,FEASIBLE,null,0.004818,0.01643,0.001712,False
700517,1,2,[2],"[1,3]","[[0,1]]",FEASIBLE,FEASIBLE,FEASIBLE,null,0.003154,0.012579,0.001332,False
700518,3,7,"[2,2,3]","[3,3,1,3,2,2,2]","[[0,2,3],[4,5],[0,1,2,3,4,5,6]]",FEASIBLE,FEASIBLE,FEASIBLE,null,0.03585,0.034669,0.004281,False
700519,7,2,"[1,1,1,1,2,1,1]","[3,2]","[[1],[1],[0],[0,1],[0,1],[0,1],[0]]",UNSAT,UNSAT,UNSAT,"[0, 1, 4]",0.057301,0.049544,0.006226,False
700520,6,5,"[2,1,2,3,1,1]","[3,1,3,2,1]","[[0,1,2,3],[0,1,3],[0,1,2,3],[0,1,3],[0,2,3],[0,3,4]]",FEASIBLE,FEASIBLE,FEASIBLE,null,0.267645,0.164109,0.008931,False
700521,5,6,"[3,2,1,1,2]","[2,2,3,3,1,2]","[[2,4,5],[1,2,5],[1],[0],[0,1]]",FEASIBLE,FEASIBLE,FEASIBLE,null,0.141404,0.049076,0.004952,False
700522,5,1,"[1,1,1,1,1]",[2],"[[0],[0],[0],[0],[0]]",UNSAT,UNSAT,UNSAT,"[0, 1, 2]",0.021344,0.032542,0.003426,False
700523,3,4,"[1,2,1]","[1,2,2,1]","[[0,1,2,3],[1,2],[0,1,2]]",FEASIBLE,FEASIBLE,FEASIBLE,null,0.023539,0.025846,0.002929,False
700524,7,7,"[2,1,2,3,2,1,2]","[2,3,3,2,1,3,3]","[[1,4,5],[1,2,3,4,5,6],[0,1,2,3,4,5,6],[0,1,2,3,4,5,6],[1,4,5,6],[2,3,4],[0,2,3,4,5,6]]",FEASIBLE,FEASIBLE,FEASIBLE,null,0.735865,0.070207,0.009585,False
700525,4,7,"[1,2,1,2]","[1,2,3,1,2,3,2]","[[0,5],[3,4,5],[0,2,3,5],[0,1,3,4]]",FEASIBLE,FEASIBLE,FEASIBLE,null,0.078551,0.036317,0.004119,False
700526,3,6,"[3,1,1]","[2,3,3,1,3,1]","[[0,4,5],[0,1,2,4,5],[0,1,4]]",FEASIBLE,FEASIBLE,FEASIBLE,null,0.031754,0.031716,0.003411,False
700527,2,1,"[1,1]",[2],"[[0],[0]]",FEASIBLE,FEASIBLE,FEASIBLE,null,0.005852,0.013348,0.001306,False
700528,3,3,"[1,2,1]","[3,2,3]","[[1],[0,1],[1]]",UNSAT,UNSAT,UNSAT,"[0, 1, 2]",0.01932,0.03142,0.003496,False
700529,1,5,[3],"[3,3,2,3,1]","[[0,1,2,3,4]]",FEASIBLE,FEASIBLE,FEASIBLE,null,0.005918,0.020377,0.002107,False
700530,1,3,[1],"[2,1,1]","[[0,2]]",FEASIBLE,FEASIBLE,FEASIBLE,null,0.004092,0.01189,0.001284,False
700531,6,1,"[1,1,1,1,1,1]",[2],"[[0],[0],[0],[0],[0],[0]]",UNSAT,UNSAT,UNSAT,"[0, 1, 2]",0.027898,0.036484,0.00384,False
700532,2,7,"[1,1]","[2,3,3,1,2,3,3]","[[5],[5]]",FEASIBLE,FEASIBLE,FEASIBLE,null,0.01558,0.157107,0.001847,False
700533,5,5,"[1,3,1,2,1]","[1,2,3,1,3]","[[3],[0,1,3,4],[0,1,2,3,4],[0,1,2,3,4],[1,3,4]]",FEASIBLE,FEASIBLE,FEASIBLE,null,0.122881,0.046463,0.00592,False
700534,1,2,[2],"[3,3]","[[0,1]]",FEASIBLE,FEASIBLE,FEASIBLE,null,0.003394,0.012561,0.001244,False
700535,4,2,"[1,2,1,2]","[1,1]","[[1],[0,1],[1],[0,1]]",UNSAT,UNSAT,UNSAT,"[0, 1]",0.010839,0.033916,0.004114,False
700536,7,5,"[3,2,2,2,2,1,1]","[3,3,1,1,3]","[[0,1,2,3,4],[1,2,4],[2,4],[0,2],[0,1,2,3,4],[0,3],[1]]",UNSAT,UNSAT,UNSAT,"[2, 3]",0.089695,0.102823,0.014613,False
700537,4,7,"[3,2,1,2]","[3,3,1,1,1,3,3]","[[0,1,2,3,4,5],[0,1,2,3,4,5,6],[0],[0,1,5,6]]",FEASIBLE,FEASIBLE,FEASIBLE,null,0.081403,0.042813,0.00509,False
700538,1,3,[1],"[1,2,2]",[[1]],FEASIBLE,FEASIBLE,FEASIBLE,null,0.004359,0.01083,0.001178,False
700539,1,4,[1],"[3,3,1,1]","[[0,1,2,3]]",FEASIBLE,FEASIBLE,FEASIBLE,null,0.004804,0.013116,0.001622,False
700540,6,5,"[3,2,3,1,3,1]","[1,3,1,1,2]","[[0,1,3,4],[0,1,3,4],[0,1,2,4],[2],[0,1,2,3,4],[0,1,3]]",UNSAT,UNSAT,UNSAT,"[0, 2, 4]",0.100474,0.071836,0.009344,False
700541,6,6,"[2,3,2,1,2,1]","[2,3,3,3,2,3]","[[2,3,4,5],[0,1,2,3,4,5],[2,3,4,5],[0],[0,1,2],[3,5]]",FEASIBLE,FEASIBLE,FEASIBLE,null,0.299725,0.064445,0.007129,False
700542,3,7,"[1,2,1]","[1,3,3,2,2,1,3]","[[0,1,2,3,4,5,6],[0,2,4,5],[0,1,5]]",FEASIBLE,FEASIBLE,FEASIBLE,null,0.036021,0.031129,0.004291,False
700543,3,3,"[2,1,2]","[3,2,1]","[[0,2],[2],[0,2]]",UNSAT,UNSAT,UNSAT,"[0, 1]",0.011181,0.128261,0.003722,False
700544,7,6,"[1,1,1,1,1,1,1]","[3,3,2,2,1,1]","[[3],[0,1,3,4,5],[1,2,5],[1,2,3,4,5],[1,2,3,4,5],[0,1,2,3,4],[2,4]]",FEASIBLE,FEASIBLE,FEASIBLE,null,0.628974,0.047488,0.00623,False
700545,6,6,"[1,3,1,2,1,1]","[1,2,3,2,2,1]","[[2,3,4],[1,2,3,4,5],[2],[3,5],[0],[3,4]]",FEASIBLE,FEASIBLE,FEASIBLE,null,0.301722,0.042795,0.004927,False
700546,3,6,"[3,1,1]","[3,1,2,2,1,3]","[[0,1,3,4,5],[3,4,5],[0,1,4,5]]",FEASIBLE,FEASIBLE,FEASIBLE,null,0.032265,0.030258,0.003603,False
700547,1,3,[2],"[2,1,3]","[[0,1,2]]",FEASIBLE,FEASIBLE,FEASIBLE,null,0.004169,0.014122,0.001369,False
700548,6,6,"[2,1,1,1,2,1]","[1,1,2,2,2,3]","[[1,2,3,5],[0,2,4],[0,4,5],[1,3,4],[0,5],[4]]",FEASIBLE,FEASIBLE,FEASIBLE,null,0.303897,0.057838,0.00868,False
700549,4,5,"[1,2,1,1]","[3,1,2,2,2]","[[0,1,2,3,4],[0,1,2,3],[0,3,4],[1,2]]",FEASIBLE,FEASIBLE,FEASIBLE,null,0.059476,0.032326,0.004926,False
700550,2,6,"[3,1]","[1,3,2,2,3,3]","[[0,1,2,3,5],[0,1,2,4,5]]",FEASIBLE,FEASIBLE,FEASIBLE,null,0.014577,0.028341,0.003773,False
700551,2,2,"[1,1]","[3,2]","[[0],[0]]",FEASIBLE,FEASIBLE,FEASIBLE,null,0.008408,0.015526,0.001846,False
700552,2,7,"[1,2]","[1,1,3,2,2,2,3]","[[0],[1,3,6]]",FEASIBLE,FEASIBLE,FEASIBLE,null,0.016081,0.020121,0.002825,False
700553,7,4,"[1,1,3,1,1,1,2]","[3,2,3,2]","[[0],[0,1,2,3],[0,1,2,3],[0,3],[2],[1],[2,3]]",FEASIBLE,FEASIBLE,FEASIBLE,null,0.434288,0.046925,0.006227,False
700554,6,7,"[2,2,3,1,3,2]","[3,1,3,3,3,1,2]","[[0,1,2,3,4,5,6],[0,1,3,4,6],[0,1,2,3,4,5,6],[0],[0,1,2,3,4,5,6],[0,2,3]]",FEASIBLE,FEASIBLE,FEASIBLE,null,0.346052,0.084134,0.010529,False
700555,4,7,"[2,3,2,3]","[3,2,1,3,3,3,2]","[[0,1,2,3,5,6],[0,1,2,3,4,5,6],[1,2,5],[0,3,4]]",FEASIBLE,FEASIBLE,FEASIBLE,null,0.078974,0.059746,0.00803,False
700556,4,7,"[2,3,2,1]","[1,3,1,1,2,1,2]","[[0,3],[0,1,2,3,4,5,6],[0,1,2,3,4,5,6],[1]]",FEASIBLE,FEASIBLE,FEASIBLE,null,0.079026,0.04424,0.005012,False
700557,2,7,"[2,2]","[1,2,1,2,1,1,1]","[[0,1,2,3,4,5,6],[0,2,5]]",FEASIBLE,FEASIBLE,FEASIBLE,null,0.017071,0.027512,0.003243,False
700558,2,6,"[3,3]","[1,3,1,1,3,2]","[[0,1,4],[0,1,2,4,5]]",FEASIBLE,FEASIBLE,FEASIBLE,null,0.015048,0.029056,0.003032,False
700559,3,1,"[1,1,1]",[1],"[[0],[0],[0]]",UNSAT,UNSAT,UNSAT,"[0, 1]",0.007163,0.024404,0.003079,False
700560,3,1,"[1,1,1]",[1],"[[0],[0],[0]]",UNSAT,UNSAT,UNSAT,"[0, 1]",0.00663,0.023186,0.002919,False
700561,4,4,"[2,2,2,1]","[3,3,1,2]","[[0,1,3],[0,2],[0,2,3],[3]]",FEASIBLE,FEASIBLE,FEASIBLE,null,0.049173,0.033871,0.003686,False
700562,7,5,"[3,1,1,1,1,2,3]","[2,2,2,1,1]","[[0,1,2,4],[3],[1],[0,1,2],[0],[0,2,3],[0,1,2,3]]",UNSAT,UNSAT,UNSAT,"[0, 1, 5, 6]",0.298295,0.088202,0.01105,False
700563,7,4,"[1,3,1,3,1,2,1]","[1,3,2,2]","[[1,2],[0,1,2],[1],[0,1,2,3],[0,1,2,3],[0,1,2],[2]]",UNSAT,UNSAT,UNSAT,"[1, 3, 5]",0.153437,0.145041,0.006108,False
700564,2,4,"[1,2]","[3,1,2,3]","[[1],[1,2]]",UNSAT,UNSAT,UNSAT,"[0, 1]",0.011569,0.025832,0.002097,False
700565,1,2,[1],"[2,2]",[[1]],FEASIBLE,FEASIBLE,FEASIBLE,null,0.003478,0.010631,0.000802,False
700566,2,5,"[3,1]","[2,1,3,1,3]","[[0,1,2,4],[0,2]]",FEASIBLE,FEASIBLE,FEASIBLE,null,0.012743,0.022974,0.001795,False
700567,3,7,"[1,1,1]","[3,2,2,2,3,2,3]","[[2,4,6],[0,1,2,3,4,5,6],[0,1,2,3,4,5,6]]",FEASIBLE,FEASIBLE,FEASIBLE,null,0.036912,0.029202,0.002974,False
700568,1,1,[1],[1],[[0]],FEASIBLE,FEASIBLE,FEASIBLE,null,0.004101,0.00964,0.000637,False
700569,5,5,"[1,2,1,1,1]","[2,1,3,2,3]","[[1,2],[0,1,2],[2],[0],[0,1,2,4]]",FEASIBLE,FEASIBLE,FEASIBLE,null,0.144828,0.03768,0.002384,False
700570,5,5,"[3,3,1,1,1]","[3,2,1,2,3]","[[0,1,2,3,4],[0,1,3,4],[4],[3],[1]]",FEASIBLE,FEASIBLE,FEASIBLE,null,0.129427,0.052788,0.003066,False
700571,7,6,"[3,1,1,1,1,1,1]","[2,1,3,3,3,3]","[[0,1,3,4],[0,1,2,3,4],[3],[1],[0,1,2,3],[2],[0,4]]",FEASIBLE,FEASIBLE,FEASIBLE,null,0.632308,0.064584,0.004486,False
700572,3,2,"[1,1,1]","[3,1]","[[0],[0,1],[1]]",FEASIBLE,FEASIBLE,FEASIBLE,null,0.015511,0.018708,0.001283,False
700573,5,5,"[2,1,2,3,1]","[1,3,3,2,2]","[[0,1,2,3,4],[0,2,3,4],[0,3],[1,2,3],[0,1,2,3]]",FEASIBLE,FEASIBLE,FEASIBLE,null,0.125312,0.058099,0.004056,False
700574,4,1,"[1,1,1,1]",[1],"[[0],[0],[0],[0]]",UNSAT,UNSAT,UNSAT,"[0, 1]",0.007914,0.028916,0.002147,False
700575,3,5,"[2,1,3]","[3,2,1,3,2]","[[0,3,4],[2],[0,2,4]]",UNSAT,UNSAT,UNSAT,"[1, 2]",0.023409,0.039111,0.002632,False
700576,3,1,"[1,1,1]",[3],"[[0],[0],[0]]",FEASIBLE,FEASIBLE,FEASIBLE,null,0.094456,0.017415,0.000999,False
700577,5,2,"[1,1,1,1,1]","[3,1]","[[0],[1],[1],[0,1],[0,1]]",UNSAT,UNSAT,UNSAT,"[1, 2]",0.019644,0.033815,0.002309,False
700578,3,1,"[1,1,1]",[1],"[[0],[0],[0]]",UNSAT,UNSAT,UNSAT,"[0, 1]",0.006776,0.023287,0.001513,False
700579,7,4,"[1,1,1,2,2,1,1]","[3,2,3,1]","[[2],[0,1],[0,1,2,3],[0,3],[0,1,2,3],[0],[0]]",FEASIBLE,FEASIBLE,FEASIBLE,null,0.437359,0.060237,0.003672,False
700580,5,7,"[3,3,1,3,1]","[1,2,1,2,2,1,1]","[[0,1,2,3,4,5,6],[0,2,3,4],[0,1,4,5,6],[0,1,2,3,4,5],[2]]",UNSAT,UNSAT,UNSAT,"[0, 1, 2, 3, 4]",0.169682,0.096645,0.007709,False
700581,3,4,"[1,3,1]","[3,2,3,2]","[[1,3],[0,1,2,3],[0,3]]",FEASIBLE,FEASIBLE,FEASIBLE,null,0.024644,0.026352,0.001796,False
700582,7,5,"[3,3,3,1,2,1,1]","[2,1,3,3,1]","[[0,1,2,3,4],[0,1,2,3,4],[0,1,2,3,4],[1],[0,1,2,3,4],[2,4],[0,1,2,3,4]]",UNSAT,UNSAT,UNSAT,"[0, 1, 2, 4]",0.26308,0.085291,0.006764,False
700583,3,6,"[1,3,1]","[2,2,2,1,1,3]","[[0,1,2,5],[1,2,3,4],[4]]",FEASIBLE,FEASIBLE,FEASIBLE,null,0.03248,0.028511,0.001951,False
700584,5,3,"[1,1,1,1,1]","[2,3,3]","[[1],[2],[0],[0,1,2],[0]]",FEASIBLE,FEASIBLE,FEASIBLE,null,0.082124,0.036811,0.002296,False
700585,3,7,"[3,3,1]","[1,3,1,2,1,1,1]","[[0,2,6],[0,1,3,4,6],[0,3]]",FEASIBLE,FEASIBLE,FEASIBLE,null,0.036309,0.034926,0.002848,False
700586,2,4,"[1,1]","[2,2,1,3]","[[1,3],[0,1,2,3]]",FEASIBLE,FEASIBLE,FEASIBLE,null,0.011055,0.018026,0.001429,False
700587,2,5,"[2,3]","[3,3,1,1,2]","[[0,2,3],[0,1,2,3]]",FEASIBLE,FEASIBLE,FEASIBLE,null,0.012551,0.106959,0.001631,False
700588,2,7,"[3,1]","[1,2,3,2,1,2,3]","[[0,4,5],[3,5]]",FEASIBLE,FEASIBLE,FEASIBLE,null,0.0163,0.022816,0.001489,False
700589,5,6,"[1,2,1,1,2]","[3,1,2,2,2,2]","[[0,1,2,3],[0,1,2,3,4],[2],[1,5],[0,1,2,3,4,5]]",FEASIBLE,FEASIBLE,FEASIBLE,null,0.145489,0.040973,0.003166,False
700590,6,2,"[1,1,1,2,1,2]","[3,1]","[[1],[0,1],[0],[0,1],[0],[0,1]]",UNSAT,UNSAT,UNSAT,"[0, 3]",0.01778,0.043589,0.003623,False
700591,3,6,"[3,1,3]","[3,1,2,3,3,1]","[[0,3,5],[3],[1,2,5]]",UNSAT,UNSAT,UNSAT,"[0, 2]",0.022592,0.03872,0.002796,False
700592,2,7,"[2,3]","[1,1,2,3,3,3,3]","[[1,4],[1,2,4,5]]",FEASIBLE,FEASIBLE,FEASIBLE,null,0.016709,0.04112,0.001545,False
700593,2,4,"[1,1]","[1,2,1,3]","[[0,1,2,3],[3]]",FEASIBLE,FEASIBLE,FEASIBLE,null,0.011555,0.018125,0.001201,False
700594,4,4,"[2,1,2,1]","[2,3,3,1]","[[0,1,2,3],[3],[0,2],[1,3]]",FEASIBLE,FEASIBLE,FEASIBLE,null,0.051985,0.029788,0.001847,False
700595,7,4,"[1,2,2,1,1,1,1]","[2,1,3,1]","[[0],[0,2,3],[2,3],[2],[0,1,3],[0,3],[0]]",UNSAT,UNSAT,UNSAT,"[0, 1, 2, 5]",0.213373,0.054591,0.003829,False
700596,4,3,"[1,1,1,1]","[2,3,2]","[[0],[0,1],[2],[0,1]]",FEASIBLE,FEASIBLE,FEASIBLE,null,0.03987,0.035253,0.001433,False
700597,3,5,"[3,1,1]","[2,2,2,3,1]","[[0,1,2,3,4],[0,1],[1]]",FEASIBLE,FEASIBLE,FEASIBLE,null,0.028091,0.026703,0.001812,False
700598,5,3,"[1,2,1,2,1]","[1,2,2]","[[1],[0,2],[0,1,2],[0,1,2],[2]]",UNSAT,UNSAT,UNSAT,"[1, 3, 4]",0.061108,0.124897,0.003355,False
700599,5,6,"[2,1,2,1,2]","[1,3,3,2,3,3]","[[2,3,4,5],[3],[0,5],[4],[1,2,4,5]]",FEASIBLE,FEASIBLE,FEASIBLE,null,0.156045,0.039057,0.002395,False
700600,7,6,"[2,2,1,1,3,3,2]","[2,2,1,2,3,1]","[[0,4,5],[0,2,3],[0,1,2,4,5],[3],[3,4,5],[0,1,2,3,4,5],[2,4]]",UNSAT,UNSAT,UNSAT,"[1, 3, 4, 6]",0.434426,0.077923,0.006047,False
700601,3,5,"[1,1,1]","[1,1,3,2,1]","[[1,4],[0,3,4],[1,3]]",FEASIBLE,FEASIBLE,FEASIBLE,null,0.028587,0.023633,0.001548,False
700602,6,4,"[2,1,1,1,1,2]","[3,3,1,1]","[[0,3],[2],[1],[1],[2],[0,1,2]]",UNSAT,UNSAT,UNSAT,"[1, 4]",0.042973,0.043841,0.002898,False
700603,2,2,"[2,2]","[3,1]","[[0,1],[0,1]]",UNSAT,UNSAT,UNSAT,"[0, 1]",0.00757,0.02727,0.001716,False
700604,4,2,"[1,1,1,1]","[2,2]","[[0],[1],[0,1],[0,1]]",FEASIBLE,FEASIBLE,FEASIBLE,null,0.031857,0.023924,0.001326,False
700605,1,3,[1],"[3,1,3]",[[2]],FEASIBLE,FEASIBLE,FEASIBLE,null,0.004147,0.010432,0.000717,False
700606,5,3,"[1,1,1,1,2]","[1,3,3]","[[0,1,2],[2],[2],[0,1],[0,1,2]]",FEASIBLE,FEASIBLE,FEASIBLE,null,0.082878,0.032365,0.001748,False
700607,5,5,"[2,3,1,2,3]","[3,2,3,2,1]","[[0,1,2,3,4],[1,2,3,4],[1],[0,1,3],[0,1,2,3,4]]",FEASIBLE,FEASIBLE,FEASIBLE,null,0.126009,0.061173,0.003712,False
700608,7,4,"[1,2,2,1,2,1,1]","[2,2,1,1]","[[0,1],[0,1,2,3],[0,1,2],[0,1,2,3],[0,1],[1,2,3],[0]]",UNSAT,UNSAT,UNSAT,"[0, 1, 2, 4]",0.238404,0.080818,0.005046,False
700609,5,7,"[1,1,3,3,1]","[3,2,1,2,3,1,3]","[[0,1,2,3,4,5,6],[0],[0,1,3,4,5],[1,3,4,5,6],[1,4]]",FEASIBLE,FEASIBLE,FEASIBLE,null,0.163855,0.140195,0.003153,False
700610,7,3,"[1,1,1,2,1,3,1]","[2,1,1]","[[0,1],[2],[0],[1,2],[0,1],[0,1,2],[0]]",UNSAT,UNSAT,UNSAT,"[1, 3]",0.037461,0.051666,0.003583,False
700611,3,6,"[3,3,3]","[3,1,2,1,1,3]","[[0,1,2,3,4,5],[0,1,2,3,4,5],[1,2,3,4,5]]",FEASIBLE,FEASIBLE,FEASIBLE,null,0.032363,0.054718,0.003483,False
700612,3,5,"[3,3,1]","[2,2,3,1,3]","[[0,3,4],[0,1,2],[4]]",FEASIBLE,FEASIBLE,FEASIBLE,null,0.027818,0.029854,0.001889,False
700613,7,5,"[2,1,2,1,1,1,3]","[1,3,3,2,1]","[[0,3],[0,2,4],[1,2,3,4],[0,2,3],[3],[0],[1,2,3,4]]",UNSAT,UNSAT,UNSAT,"[0, 5]",0.044493,0.066485,0.00497,False
700614,5,7,"[1,1,1,2,2]","[3,2,2,3,3,2,2]","[[2,3,4],[1,2,3,4,5,6],[0,2],[0,1,2,4],[4,5,6]]",FEASIBLE,FEASIBLE,FEASIBLE,null,0.169738,0.041015,0.003141,False
700615,3,6,"[1,3,3]","[1,3,2,3,3,2]","[[2,4,5],[0,1,2,3,4,5],[1,4,5]]",FEASIBLE,FEASIBLE,FEASIBLE,null,0.033029,0.034241,0.002137,False
700616,6,7,"[1,3,1,1,3,1]","[3,1,2,1,2,3,1]","[[0,1,2,3,4,5,6],[3,4,6],[0,2,4,5,6],[1,2,6],[2,3,4,5],[0]]",FEASIBLE,FEASIBLE,FEASIBLE,null,0.349779,0.052337,0.003738,False
700617,1,5,[1],"[1,1,2,3,3]",[[0]],FEASIBLE,FEASIBLE,FEASIBLE,null,0.005681,0.013633,0.000816,False
700618,6,6,"[3,3,2,1,2,2]","[1,1,3,3,1,3]","[[0,1,2,3,4,5],[1,2,4,5],[1,2,3,4],[0,1,2,3,4,5],[0,3],[0,1,2,3]]",UNSAT,UNSAT,UNSAT,"[0, 1, 2, 4, 5]",0.277496,0.394339,0.007625,False
700619,3,2,"[2,1,2]","[1,1]","[[0,1],[1],[0,1]]",UNSAT,UNSAT,UNSAT,"[0, 1]",0.010296,0.030896,0.00211,False
700620,2,7,"[1,3]","[3,2,2,2,2,1,2]","[[1,3,6],[0,2,3,4,5,6]]",FEASIBLE,FEASIBLE,FEASIBLE,null,0.016343,0.026825,0.001859,False
700621,2,4,"[1,1]","[2,2,3,1]","[[0],[0,1,2,3]]",FEASIBLE,FEASIBLE,FEASIBLE,null,0.010983,0.017395,0.001249,False
700622,3,1,"[1,1,1]",[2],"[[0],[0],[0]]",UNSAT,UNSAT,UNSAT,"[0, 1, 2]",0.043814,0.025088,0.001562,False
700623,6,6,"[2,2,1,3,1,2]","[1,2,1,2,2,2]","[[1,2,3,4,5],[0,4,5],[4],[1,3,4,5],[0,1,2,3,4,5],[0,1,2,4,5]]",UNSAT,UNSAT,UNSAT,"[0, 1, 2, 3, 4, 5]",0.358725,0.082731,0.005743,False
700624,5,5,"[2,1,2,1,3]","[2,2,2,2,1]","[[1,2],[2,3,4],[0,1,2,3,4],[1],[1,3,4]]",UNSAT,UNSAT,UNSAT,"[0, 3, 4]",0.08828,0.068554,0.004464,False
700625,4,6,"[3,1,1,3]","[2,2,2,2,3,1]","[[1,4,5],[0,1,2,3,4,5],[1,2,3,4,5],[0,2,3,5]]",FEASIBLE,FEASIBLE,FEASIBLE,null,0.070316,0.041449,0.002973,False
700626,7,2,"[1,1,1,1,1,2,1]","[3,3]","[[1],[0,1],[0,1],[0],[0],[0,1],[1]]",UNSAT,UNSAT,UNSAT,"[0, 1, 2, 3, 4, 5]",0.24305,0.049977,0.003395,False
700627,2,6,"[3,3]","[2,3,1,3,2,2]","[[3,4,5],[1,2,3,4]]",FEASIBLE,FEASIBLE,FEASIBLE,null,0.014854,0.02828,0.0017,False
700628,1,1,[1],[2],[[0]],FEASIBLE,FEASIBLE,FEASIBLE,null,0.002816,0.009055,0.000564,False
700629,1,6,[1],"[2,2,2,1,3,1]","[[3,5]]",FEASIBLE,FEASIBLE,FEASIBLE,null,0.005521,0.013529,0.00093,False
700630,7,5,"[1,2,3,2,1,3,1]","[2,3,3,3,3]","[[0],[0,1,2,3],[0,2,3,4],[1,4],[3],[0,1,4],[3]]",FEASIBLE,FEASIBLE,FEASIBLE,null,0.603023,0.064451,0.003933,False
700631,4,2,"[2,1,1,2]","[2,1]","[[0,1],[1],[0,1],[0,1]]",UNSAT,UNSAT,UNSAT,"[0, 1]",0.010934,0.035621,0.002401,False
700632,2,5,"[3,2]","[1,1,2,2,2]","[[0,2,3,4],[0,1,4]]",FEASIBLE,FEASIBLE,FEASIBLE,null,0.012882,0.026208,0.001635,False
700633,2,7,"[2,1]","[2,3,2,2,1,1,3]","[[0,1],[1,4,5,6]]",FEASIBLE,FEASIBLE,FEASIBLE,null,0.016152,0.021386,0.001497,False
700634,7,5,"[2,1,3,1,3,3,1]","[2,2,1,3,2]","[[2,3,4],[0,1,2,3,4],[1,2,3,4],[0,3,4],[1,3,4],[0,2,4],[3]]",UNSAT,UNSAT,UNSAT,"[0, 2, 5]",0.134807,0.072641,0.005298,False
700635,3,7,"[2,3,2]","[1,3,1,3,2,2,3]","[[0,1,3,4,5],[2,3,4,5,6],[0,5]]",FEASIBLE,FEASIBLE,FEASIBLE,null,0.037353,0.047176,0.002984,False
700636,5,4,"[1,1,3,1,1]","[3,1,3,1]","[[1],[3],[0,2,3],[2],[2]]",UNSAT,UNSAT,UNSAT,"[1, 2]",0.03104,0.038756,0.002579,False
700637,1,4,[2],"[3,3,3,1]","[[0,1]]",FEASIBLE,FEASIBLE,FEASIBLE,null,0.004495,0.014392,0.000834,False
700638,1,7,[1],"[1,1,1,2,1,1,1]","[[1,6]]",FEASIBLE,FEASIBLE,FEASIBLE,null,0.006066,0.01342,0.000889,False
700639,3,6,"[1,2,2]","[2,2,1,1,3,2]","[[3,5],[0,1,3,4,5],[4,5]]",FEASIBLE,FEASIBLE,FEASIBLE,null,0.044461,0.029795,0.001848,False
700640,7,1,"[1,1,1,1,1,1,1]",[1],"[[0],[0],[0],[0],[0],[0],[0]]",UNSAT,UNSAT,UNSAT,"[0, 1]",0.011332,0.038656,0.002565,False
700641,1,3,[2],"[3,2,3]","[[0,1,2]]",FEASIBLE,FEASIBLE,FEASIBLE,null,0.003969,0.014387,0.000902,False
700642,6,4,"[2,2,1,1,1,2]","[1,1,3,1]","[[0,1,2,3],[0,2,3],[0,1,2,3],[1],[0],[0,2]]",UNSAT,UNSAT,UNSAT,"[4, 5]",0.142821,0.056093,0.004574,False
700643,4,4,"[2,2,1,3]","[2,2,3,3]","[[0,1,2,3],[0,2],[1],[0,1,2,3]]",FEASIBLE,FEASIBLE,FEASIBLE,null,0.049269,0.045466,0.00315,False
700644,3,1,"[1,1,1]",[3],"[[0],[0],[0]]",FEASIBLE,FEASIBLE,FEASIBLE,null,0.010828,0.017025,0.000997,False
700645,1,7,[2],"[1,1,1,1,1,3,3]","[[0,1,2,3,4,5,6]]",FEASIBLE,FEASIBLE,FEASIBLE,null,0.006353,0.018407,0.017627,False
700646,6,1,"[1,1,1,1,1,1]",[2],"[[0],[0],[0],[0],[0],[0]]",UNSAT,UNSAT,UNSAT,"[0, 1, 2]",0.027868,0.035665,0.003653,False
700647,1,6,[2],"[2,1,3,3,1,2]","[[1,2,3,5]]",FEASIBLE,FEASIBLE,FEASIBLE,null,0.00579,0.016738,0.001363,False
700648,2,3,"[1,2]","[1,1,2]","[[2],[0,1,2]]",FEASIBLE,FEASIBLE,FEASIBLE,null,0.009151,0.017928,0.001651,False
700649,4,4,"[1,3,2,1]","[1,3,3,1]","[[0,1],[0,1,2,3],[0,1],[0,3]]",UNSAT,UNSAT,UNSAT,"[1, 2, 3]",0.049545,0.058034,0.003732,False
700650,3,3,"[1,1,1]","[1,3,3]","[[0],[1],[0]]",UNSAT,UNSAT,UNSAT,"[0, 2]",0.013691,0.027496,0.00183,False
700651,1,6,[1],"[3,2,1,3,1,3]","[[0,1,2,3,5]]",FEASIBLE,FEASIBLE,FEASIBLE,null,0.006887,0.016643,0.00111,False
700652,7,5,"[1,2,3,1,1,1,1]","[3,1,3,2,2]","[[1,2],[0,4],[0,1,2,3,4],[2,3],[1,2,4],[1,2,4],[0]]",FEASIBLE,FEASIBLE,FEASIBLE,null,0.559053,0.052108,0.003368,False
700653,6,3,"[1,1,2,2,1,1]","[1,1,3]","[[0,1,2],[2],[1,2],[1,2],[0,1,2],[0]]",UNSAT,UNSAT,UNSAT,"[2, 3]",0.039632,0.052089,0.003479,False
700654,7,5,"[1,1,1,1,3,2,2]","[2,3,2,2,1]","[[0,4],[3],[1,2],[0,1,2,3,4],[0,2,3],[0,1,2,3,4],[0,2,4]]",UNSAT,UNSAT,UNSAT,"[0, 1, 4, 5, 6]",0.451847,0.183207,0.006735,False
700655,2,6,"[3,1]","[1,3,3,3,3,2]","[[0,1,2,4,5],[3]]",FEASIBLE,FEASIBLE,FEASIBLE,null,0.014693,0.023679,0.001865,False
700656,1,1,[1],[3],[[0]],FEASIBLE,FEASIBLE,FEASIBLE,null,0.002723,0.009116,0.000813,False
700657,1,3,[2],"[2,1,1]","[[0,1,2]]",FEASIBLE,FEASIBLE,FEASIBLE,null,0.003929,0.013631,0.000886,False
700658,2,5,"[2,3]","[1,3,2,1,1]","[[0,1,2,3,4],[1,2,3,4]]",FEASIBLE,FEASIBLE,FEASIBLE,null,0.012591,0.026498,0.001715,False
700659,7,4,"[3,2,2,1,3,1,1]","[2,3,2,2]","[[0,1,2,3],[1,2],[1,2],[0,2],[0,1,2,3],[1,2,3],[2]]",UNSAT,UNSAT,UNSAT,"[1, 2, 6]",0.152185,0.083671,0.004922,False
700660,7,4,"[1,2,1,2,1,2,1]","[1,3,2,1]","[[0,1,3],[2,3],[3],[0,1,2,3],[1,2],[0,2],[2]]",UNSAT,UNSAT,UNSAT,"[1, 2]",0.043119,0.076121,0.00514,False
700661,2,7,"[2,2]","[2,2,1,3,2,2,3]","[[1,3,5],[0,1,2,6]]",FEASIBLE,FEASIBLE,FEASIBLE,null,0.016173,0.024631,0.00165,False
700662,1,7,[1],"[1,3,2,1,1,3,1]","[[1,2,3,5,6]]",FEASIBLE,FEASIBLE,FEASIBLE,null,0.006075,0.015655,0.001058,False
700663,7,6,"[2,2,2,3,1,3,1]","[1,1,2,3,3,3]","[[0,5],[0,4],[0,2,3,4,5],[1,3,4,5],[0],[1,2,3,4,5],[0,2,5]]",UNSAT,UNSAT,UNSAT,"[0, 1]",0.032954,0.072324,0.004841,False
700664,5,1,"[1,1,1,1,1]",[2],"[[0],[0],[0],[0],[0]]",UNSAT,UNSAT,UNSAT,"[0, 1, 2]",0.020843,0.032543,0.002128,False
700665,6,7,"[1,1,2,2,3,1]","[1,3,1,2,2,3,2]","[[1,2,4,5,6],[4],[0,1,2,3,4,5,6],[0,1,2,3,5,6],[0,2,5,6],[0,1,2,3,4,5,6]]",FEASIBLE,FEASIBLE,FEASIBLE,null,0.355176,0.205453,0.005903,False
700666,2,5,"[1,3]","[2,2,2,2,2]","[[0,3],[0,1,2,3,4]]",FEASIBLE,FEASIBLE,FEASIBLE,null,0.013041,0.023892,0.001542,False
700667,2,7,"[1,2]","[3,1,3,3,3,3,1]","[[1],[0,3,5]]",FEASIBLE,FEASIBLE,FEASIBLE,null,0.01613,0.021212,0.001245,False
700668,7,3,"[1,1,2,2,2,1,1]","[1,3,2]","[[0,2],[0],[0,2],[1,2],[1,2],[1,2],[1]]",UNSAT,UNSAT,UNSAT,"[1, 2]",0.03478,0.053196,0.004897,False
700669,4,5,"[1,3,2,1]","[1,2,3,3,2]","[[4],[0,1,4],[1,3],[0,1,2,3,4]]",FEASIBLE,FEASIBLE,FEASIBLE,null,0.05857,0.036327,0.002873,False
700670,7,4,"[2,3,1,3,2,3,1]","[2,3,1,2]","[[0,1,2,3],[0,1,2,3],[0,1,2,3],[0,1,2,3],[0,1,2,3],[0,1,2,3],[1]]",UNSAT,UNSAT,UNSAT,"[1, 3, 5]",0.151233,0.074895,0.005584,False
700671,5,2,"[1,1,2,1,2]","[2,3]","[[1],[0,1],[0,1],[0],[0,1]]",UNSAT,UNSAT,UNSAT,"[2, 3, 4]",0.047089,0.040774,0.002791,False
700672,7,7,"[2,1,3,2,1,3,2]","[2,1,1,3,3,3,3]","[[5,6],[2],[0,1,3,4,5,6],[3,4,6],[0,2,3,4,6],[0,1,2,4,5,6],[3,4]]",FEASIBLE,FEASIBLE,FEASIBLE,null,0.721392,0.061975,0.004027,False
700673,6,5,"[1,1,1,3,2,2]","[3,1,1,3,3]","[[0],[2,4],[1,4],[0,1,2,3,4],[1,3,4],[0,1,2,3,4]]",FEASIBLE,FEASIBLE,FEASIBLE,null,0.272433,0.124905,0.003012,False
700674,2,7,"[1,1]","[2,3,3,1,2,2,1]","[[0,1,3],[0,3,4,5]]",FEASIBLE,FEASIBLE,FEASIBLE,null,0.016777,0.020969,0.001393,False
700675,4,7,"[3,1,2,1]","[2,3,2,2,3,2,1]","[[0,1,2,3,4,5,6],[0,1,2,5],[2,4],[0,1,5]]",FEASIBLE,FEASIBLE,FEASIBLE,null,0.077519,0.038258,0.002742,False
700676,1,3,[2],"[3,3,3]","[[0,1]]",FEASIBLE,FEASIBLE,FEASIBLE,null,0.004118,0.013245,0.000743,False
700677,5,1,"[1,1,1,1,1]",[3],"[[0],[0],[0],[0],[0]]",UNSAT,UNSAT,UNSAT,"[0, 1, 2, 3]",0.034195,0.033385,0.001982,False
700678,5,7,"[1,1,1,2,2]","[2,3,1,2,1,1,1]","[[3,4,6],[6],[0,2,4,6],[0,1,2,3,4,5],[0,6]]",UNSAT,UNSAT,UNSAT,"[1, 4]",0.058255,0.060601,0.005054,False
700679,2,1,"[1,1]",[3],"[[0],[0]]",FEASIBLE,FEASIBLE,FEASIBLE,null,0.006033,0.045909,0.00102,False
700680,5,6,"[1,3,1,2,1]","[2,2,2,2,3,1]","[[5],[0,2,3,4,5],[5],[0,1,5],[0,2,3,4,5]]",UNSAT,UNSAT,UNSAT,"[0, 2]",0.032053,0.050891,0.003353,False
700681,5,6,"[1,3,1,2,1]","[1,2,1,2,3,3]","[[5],[0,1,2],[2,3,4,5],[1,2,3,4,5],[0,1,2,4,5]]",FEASIBLE,FEASIBLE,FEASIBLE,null,0.175768,0.047804,0.003766,False
700682,4,2,"[1,1,1,2]","[1,1]","[[1],[1],[1],[0,1]]",UNSAT,UNSAT,UNSAT,"[0, 1]",0.01073,0.031446,0.002292,False
700683,3,3,"[1,1,2]","[2,1,2]","[[2],[0],[0,1,2]]",FEASIBLE,FEASIBLE,FEASIBLE,null,0.019521,0.022139,0.001283,False
700684,6,1,"[1,1,1,1,1,1]",[2],"[[0],[0],[0],[0],[0],[0]]",UNSAT,UNSAT,UNSAT,"[0, 1, 2]",0.034238,0.048926,0.002089,False
700685,7,7,"[1,3,1,2,2,3,2]","[2,1,1,2,3,3,2]","[[0,1,2,3,4,5,6],[0,2,3,5,6],[0,2,3,6],[0,3,4],[4,5,6],[0,2,3,4,5,6],[0,1,2,3,4,5,6]]",FEASIBLE,FEASIBLE,FEASIBLE,null,0.755333,0.192291,0.006688,False
700686,6,4,"[2,1,3,3,1,1]","[1,3,1,1]","[[1,3],[1],[0,1,2,3],[1,2,3],[0,2,3],[2]]",UNSAT,UNSAT,UNSAT,"[0, 3]",0.028531,0.057321,0.004081,False
700687,7,5,"[3,1,1,3,1,2,1]","[1,3,2,2,3]","[[0,1,2,3,4],[3],[3],[0,1,2,3,4],[0,2,3,4],[0,1,2,3,4],[0,2]]",UNSAT,UNSAT,UNSAT,"[0, 1, 2, 3, 4, 5, 6]",0.527686,0.077148,0.005454,False
700688,2,2,"[1,2]","[3,2]","[[0],[0,1]]",FEASIBLE,FEASIBLE,FEASIBLE,null,0.007624,0.017083,0.000923,False
700689,5,7,"[3,3,2,3,2]","[1,2,2,3,3,3,1]","[[0,1,2,3,4,5,6],[0,4,6],[0,3,4,5,6],[0,1,3,4,5,6],[0,1,2,3,4,5,6]]",FEASIBLE,FEASIBLE,FEASIBLE,null,0.165716,0.084258,0.005186,False
700690,3,7,"[1,3,3]","[1,2,2,3,2,2,1]","[[5],[3,4,5,6],[2,3,4,5,6]]",FEASIBLE,FEASIBLE,FEASIBLE,null,0.036411,0.033157,0.002168,False
700691,1,4,[2],"[3,3,3,2]","[[0,1,2,3]]",FEASIBLE,FEASIBLE,FEASIBLE,null,0.004606,0.015127,0.00102,False
700692,3,5,"[1,1,1]","[1,3,2,1,3]","[[0,1,2,3,4],[0,1,3],[0,1,2,3,4]]",FEASIBLE,FEASIBLE,FEASIBLE,null,0.028837,0.027014,0.001983,False
700693,1,7,[1],"[1,1,3,3,3,2,3]",[[3]],FEASIBLE,FEASIBLE,FEASIBLE,null,0.006009,0.026846,0.00085,False
700694,6,6,"[1,1,2,2,1,2]","[1,3,3,2,2,3]","[[0,3,4],[2,4],[0,1,2,3,4,5],[0,2],[1,4],[0,1,3,4,5]]",FEASIBLE,FEASIBLE,FEASIBLE,null,0.298448,0.13485,0.003881,False
700695,3,2,"[2,1,2]","[3,3]","[[0,1],[1],[0,1]]",FEASIBLE,FEASIBLE,FEASIBLE,null,0.015403,0.023002,0.001351,False
700696,2,7,"[2,2]","[3,1,3,1,2,3,1]","[[0,2,3,4],[0,1,3,5]]",FEASIBLE,FEASIBLE,FEASIBLE,null,0.016603,0.024384,0.001708,False
700697,5,6,"[1,1,3,3,2]","[3,3,2,3,1,3]","[[0,1,3,4],[5],[0,2,3,4,5],[1,2,3,5],[1,2,3]]",FEASIBLE,FEASIBLE,FEASIBLE,null,0.144235,0.045766,0.003093,False
700698,7,4,"[2,1,2,2,3,1,1]","[2,1,2,3]","[[0,1,2,3],[0,2,3],[0,1,2,3],[0,1,2,3],[0,1,2,3],[0,1,2,3],[1,3]]",UNSAT,UNSAT,UNSAT,"[0, 2, 3, 4]",0.240523,0.075784,0.005252,False
700699,3,4,"[1,2,2]","[1,3,3,2]","[[2],[2,3],[0,2]]",FEASIBLE,FEASIBLE,FEASIBLE,null,0.023462,0.024183,0.001464,False
700700,4,1,"[1,1,1,1]",[1],"[[0],[0],[0],[0]]",UNSAT,UNSAT,UNSAT,"[0, 1]",0.007763,0.028022,0.001773,False
700701,4,6,"[1,1,1,1]","[1,2,3,3,2,3]","[[0,1,3,4,5],[0,1,2,3,4,5],[0,2,3,4],[0,5]]",FEASIBLE,FEASIBLE,FEASIBLE,null,0.067891,0.034038,0.002706,False
700702,3,4,"[2,1,3]","[3,2,1,2]","[[0,1,2],[2],[0,1,3]]",FEASIBLE,FEASIBLE,FEASIBLE,null,0.023109,0.027265,0.001738,False
700703,1,6,[1],"[2,1,1,3,3,3]",[[0]],FEASIBLE,FEASIBLE,FEASIBLE,null,0.005485,0.013201,0.000769,False
700704,7,6,"[1,3,1,1,1,1,1]","[1,2,1,3,3,3]","[[1],[0,1,5],[5],[3,5],[1,5],[2,3],[0,2]]",FEASIBLE,FEASIBLE,FEASIBLE,null,0.686035,0.092233,0.00368,False
700705,6,5,"[1,1,1,2,2,1]","[3,3,1,3,3]","[[1],[0,1,2,3,4],[4],[0,1,2,3],[0,1,3],[0,1,2,3,4]]",FEASIBLE,FEASIBLE,FEASIBLE,null,0.257639,0.137133,0.00308,False
700706,1,3,[2],"[2,1,2]","[[0,1,2]]",FEASIBLE,FEASIBLE,FEASIBLE,null,0.004389,0.01439,0.000844,False
700707,2,4,"[1,1]","[3,2,2,1]","[[0,3],[0,1,2,3]]",FEASIBLE,FEASIBLE,FEASIBLE,null,0.01146,0.018304,0.001454,False
700708,4,4,"[1,2,1,2]","[3,3,1,2]","[[0,1,2,3],[0,3],[2],[0,1,2,3]]",FEASIBLE,FEASIBLE,FEASIBLE,null,0.049442,0.03122,0.002435,False
700709,4,1,"[1,1,1,1]",[1],"[[0],[0],[0],[0]]",UNSAT,UNSAT,UNSAT,"[0, 1]",0.00805,0.028388,0.002122,False
700710,4,6,"[1,2,1,1]","[1,1,1,1,2,2]","[[0,1,2,3,4],[0,1,2,3,4,5],[1],[1]]",UNSAT,UNSAT,UNSAT,"[2, 3]",0.043124,0.065115,0.004715,False
700711,1,5,[1],"[2,3,2,2,1]",[[2]],FEASIBLE,FEASIBLE,FEASIBLE,null,0.005308,0.012692,0.000756,False
700712,5,4,"[1,3,3,2,1]","[3,2,1,1]","[[0,1,3],[0,1,2,3],[0,1,2,3],[0,2,3],[0]]",UNSAT,UNSAT,UNSAT,"[1, 2, 3]",0.069114,0.055818,0.003966,False
700713,7,2,"[1,2,2,1,1,1,1]","[3,2]","[[1],[0,1],[0,1],[1],[0],[0],[0,1]]",UNSAT,UNSAT,UNSAT,"[0, 1, 2]",0.052669,0.04887,0.003262,False
700714,2,6,"[1,3]","[1,3,2,1,3,3]","[[1,5],[0,2,3,5]]",FEASIBLE,FEASIBLE,FEASIBLE,null,0.014928,0.023267,0.001494,False
700715,2,7,"[2,3]","[2,3,1,3,1,3,1]","[[0,1,5,6],[0,1,2,3,4,5,6]]",FEASIBLE,FEASIBLE,FEASIBLE,null,0.016108,0.028325,0.002042,False
700716,5,5,"[1,2,2,1,3]","[1,2,3,2,3]","[[0],[0,1,2,3,4],[0,1,2,3],[0,1,2,3,4],[1,2,3,4]]",FEASIBLE,FEASIBLE,FEASIBLE,null,0.122516,0.060407,0.003984,False
700717,1,5,[2],"[2,3,2,3,2]","[[0,1,3]]",FEASIBLE,FEASIBLE,FEASIBLE,null,0.005037,0.095304,0.00097,False
700718,7,6,"[1,1,3,2,1,1,1]","[2,1,2,1,2,2]","[[4],[1,4],[0,1,2,3,4,5],[1,3,4],[0,1,2,4,5],[5],[0]]",FEASIBLE,FEASIBLE,FEASIBLE,null,0.661148,0.086882,0.004443,False
700719,1,5,[1],"[3,2,1,2,1]","[[0,1,2,3,4]]",FEASIBLE,FEASIBLE,FEASIBLE,null,0.005579,0.016319,0.001055,False
700720,1,7,[2],"[3,2,3,3,1,1,3]","[[0,2,3,4,5,6]]",FEASIBLE,FEASIBLE,FEASIBLE,null,0.00632,0.018264,0.00126,False
700721,7,1,"[1,1,1,1,1,1,1]",[1],"[[0],[0],[0],[0],[0],[0],[0]]",UNSAT,UNSAT,UNSAT,"[0, 1]",0.011282,0.038855,0.002274,False
700722,5,1,"[1,1,1,1,1]",[3],"[[0],[0],[0],[0],[0]]",UNSAT,UNSAT,UNSAT,"[0, 1, 2, 3]",0.035056,0.033299,0.00193,False
700723,6,6,"[3,1,2,1,1,1]","[1,3,1,3,3,3]","[[0,1,2],[2],[0,1,2,3,4],[0,3,4,5],[1,2,3,4,5],[1,2,3,4,5]]",UNSAT,UNSAT,UNSAT,"[0, 1]",0.029741,0.060469,0.004477,False
700724,4,5,"[1,1,3,1]","[2,3,1,3,1]","[[1,4],[1],[0,1,2],[0,1,2,3,4]]",FEASIBLE,FEASIBLE,FEASIBLE,null,0.059589,0.032128,0.0022,False
700725,2,5,"[1,1]","[3,1,3,3,1]","[[0,1,2,3,4],[2]]",FEASIBLE,FEASIBLE,FEASIBLE,null,0.012458,0.019106,0.001388,False
700726,3,1,"[1,1,1]",[3],"[[0],[0],[0]]",FEASIBLE,FEASIBLE,FEASIBLE,null,0.010807,0.017507,0.000887,False
700727,2,5,"[2,1]","[2,1,2,2,2]","[[3,4],[0,1,2,4]]",FEASIBLE,FEASIBLE,FEASIBLE,null,0.012518,0.0206,0.001395,False
700728,2,3,"[2,1]","[1,2,3]","[[0,1],[0,1,2]]",FEASIBLE,FEASIBLE,FEASIBLE,null,0.009284,0.022421,0.001292,False
700729,4,2,"[2,1,2,1]","[3,3]","[[0,1],[1],[0,1],[1]]",UNSAT,UNSAT,UNSAT,"[0, 1, 2, 3]",0.030741,0.035749,0.002295,False
700730,4,5,"[1,3,2,1]","[1,2,1,3,1]","[[0,4],[0,2,4],[0,2,3,4],[4]]",UNSAT,UNSAT,UNSAT,"[0, 1]",0.100765,0.045166,0.004113,False
700731,5,5,"[1,2,1,2,1]","[3,1,2,1,3]","[[1],[0,1,3,4],[4],[1,4],[1,2]]",UNSAT,UNSAT,UNSAT,"[0, 3]",0.030038,0.044269,0.002869,False
700732,5,7,"[3,1,2,1,1]","[1,1,3,1,2,2,2]","[[2,3,5,6],[1,3,4,5,6],[0,1],[6],[3,4,6]]",FEASIBLE,FEASIBLE,FEASIBLE,null,0.166631,0.074026,0.003961,False
700733,1,1,[1],[2],[[0]],FEASIBLE,FEASIBLE,FEASIBLE,null,0.003275,0.0103,0.000618,False
700734,5,1,"[1,1,1,1,1]",[1],"[[0],[0],[0],[0],[0]]",UNSAT,UNSAT,UNSAT,"[0, 1]",0.008973,0.03138,0.001934,False
700735,4,4,"[1,2,3,3]","[1,2,1,3]","[[1],[0,1,2,3],[0,1,2,3],[1,2,3]]",UNSAT,UNSAT,UNSAT,"[0, 2, 3]",0.044516,0.065388,0.004198,False
700736,2,3,"[2,1]","[2,3,2]","[[0,1,2],[0,1]]",FEASIBLE,FEASIBLE,FEASIBLE,null,0.009659,0.020065,0.001203,False
700737,7,4,"[1,2,2,1,3,1,1]","[1,1,3,2]","[[1,2,3],[0,1,2,3],[0,2],[0],[1,2,3],[3],[0]]",UNSAT,UNSAT,UNSAT,"[2, 3]",0.059403,0.06123,0.004661,False
700738,7,1,"[1,1,1,1,1,1,1]",[2],"[[0],[0],[0],[0],[0],[0],[0]]",UNSAT,UNSAT,UNSAT,"[0, 1, 2]",0.037129,0.039696,0.003076,False
700739,5,3,"[2,2,2,1,1]","[2,3,3]","[[0,1],[1,2],[1,2],[0,1,2],[1]]",UNSAT,UNSAT,UNSAT,"[0, 1, 2, 4]",0.072261,0.058515,0.003905,False
700740,6,4,"[1,1,3,1,3,3]","[1,2,1,2]","[[0,1,2,3],[1,2,3],[0,1,2,3],[0],[1,2,3],[0,2,3]]",UNSAT,UNSAT,UNSAT,"[2, 5]",0.055945,0.06219,0.004939,False
700741,2,3,"[1,1]","[1,1,3]","[[0],[2]]",FEASIBLE,FEASIBLE,FEASIBLE,null,0.009454,0.097718,0.000978,False
700742,3,3,"[3,1,1]","[3,2,3]","[[0,1,2],[2],[1]]",FEASIBLE,FEASIBLE,FEASIBLE,null,0.019703,0.023977,0.001418,False
700743,7,4,"[1,2,1,1,1,1,1]","[2,1,1,2]","[[2],[0,3],[2],[1],[0,1,3],[0,1,3],[0,1,3]]",UNSAT,UNSAT,UNSAT,"[0, 2]",0.027641,0.058093,0.004266,False
700744,1,2,[2],"[1,1]","[[0,1]]",FEASIBLE,FEASIBLE,FEASIBLE,null,0.00349,0.013398,0.00078,False
700745,1,1,[1],[1],[[0]],FEASIBLE,FEASIBLE,FEASIBLE,null,0.002696,0.009014,0.000565,False
700746,1,6,[3],"[3,2,1,3,2,1]","[[0,1,2,3,4,5]]",FEASIBLE,FEASIBLE,FEASIBLE,null,0.005592,0.019831,0.001286,False
700747,6,2,"[1,1,1,2,1,2]","[3,1]","[[1],[0],[0,1],[0,1],[0,1],[0,1]]",UNSAT,UNSAT,UNSAT,"[0, 3]",0.01796,0.045764,0.003173,False
700748,4,2,"[1,2,1,1]","[1,2]","[[0],[0,1],[1],[0,1]]",UNSAT,UNSAT,UNSAT,"[0, 1]",0.011019,0.034924,0.002256,False
700749,1,4,[1],"[3,1,2,2]","[[0,1,2,3]]",FEASIBLE,FEASIBLE,FEASIBLE,null,0.004589,0.01379,0.00097,False
700750,5,2,"[1,2,1,1,2]","[2,3]","[[0,1],[0,1],[0,1],[1],[0,1]]",UNSAT,UNSAT,UNSAT,"[0, 1, 2, 4]",0.053837,0.042627,0.0071,False
700751,7,5,"[2,2,1,1,2,3,1]","[1,3,2,3,3]","[[3,4],[0,1,2,3],[3],[4],[0,2],[0,1,2,3,4],[1]]",FEASIBLE,FEASIBLE,FEASIBLE,null,0.556945,0.067212,0.005094,False
700752,4,7,"[3,2,3,1]","[2,1,1,1,2,3,1]","[[3,4,5,6],[0,1,2,3,4,5,6],[0,4,5],[0,1,3,4,5,6]]",FEASIBLE,FEASIBLE,FEASIBLE,null,0.08085,0.049208,0.003971,False
700753,7,1,"[1,1,1,1,1,1,1]",[1],"[[0],[0],[0],[0],[0],[0],[0]]",UNSAT,UNSAT,UNSAT,"[0, 1]",0.011453,0.041477,0.00337,False
700754,5,5,"[1,1,3,3,1]","[1,2,3,2,1]","[[2],[0,2],[0,1,2,3,4],[1,2,3],[1,2,3]]",FEASIBLE,FEASIBLE,FEASIBLE,null,0.124679,0.056269,0.003923,False
700755,5,1,"[1,1,1,1,1]",[3],"[[0],[0],[0],[0],[0]]",UNSAT,UNSAT,UNSAT,"[0, 1, 2, 3]",0.03531,0.034121,0.002344,False
700756,3,3,"[2,3,1]","[1,2,3]","[[0,1],[0,1,2],[2]]",UNSAT,UNSAT,UNSAT,"[0, 1]",0.011874,0.034983,0.002687,False
700757,1,1,[1],[1],[[0]],FEASIBLE,FEASIBLE,FEASIBLE,null,0.00286,0.009951,0.000687,False
700758,4,2,"[2,1,1,1]","[2,2]","[[0,1],[0,1],[1],[0,1]]",UNSAT,UNSAT,UNSAT,"[0, 1, 2, 3]",0.031676,0.037271,0.002704,False
700759,1,4,[1],"[2,2,3,3]","[[0,1,2,3]]",FEASIBLE,FEASIBLE,FEASIBLE,null,0.00534,0.015226,0.001169,False
700760,7,7,"[2,1,3,3,1,1,1]","[3,1,2,1,1,3,2]","[[1,2,3,4,5,6],[3],[0,1,2,3,4,5,6],[0,1,2,3,4,5,6],[3],[2],[3]]",UNSAT,UNSAT,UNSAT,"[1, 4]",0.079944,0.090784,0.006495,False
700761,5,5,"[2,2,1,1,2]","[2,2,1,2,3]","[[0,1,3],[1,2,3,4],[0,1,2,3,4],[2,4],[2,4]]",FEASIBLE,FEASIBLE,FEASIBLE,null,0.126514,0.052435,0.003696,False
700762,4,3,"[1,2,2,2]","[1,3,3]","[[0,2],[0,1,2],[0,1,2],[1,2]]",FEASIBLE,FEASIBLE,FEASIBLE,null,0.040937,0.033923,0.002035,False
700763,2,7,"[3,3]","[3,1,3,1,3,3,1]","[[0,1,2,3,4,5,6],[1,2,4,5,6]]",FEASIBLE,FEASIBLE,FEASIBLE,null,0.029296,0.034642,0.002344,False
700764,2,3,"[1,1]","[2,3,2]","[[0,1,2],[2]]",FEASIBLE,FEASIBLE,FEASIBLE,null,0.009956,0.016514,0.001238,False
700765,1,2,[1],"[1,2]",[[1]],FEASIBLE,FEASIBLE,FEASIBLE,null,0.003461,0.010694,0.000716,False
700766,4,4,"[1,1,1,3]","[1,2,2,1]","[[0,1,2,3],[2],[0,2],[0,1,2,3]]",FEASIBLE,FEASIBLE,FEASIBLE,null,0.050298,0.128517,0.002612,False
700767,5,2,"[1,1,1,1,1]","[3,3]","[[0,1],[0],[0,1],[0],[0,1]]",FEASIBLE,FEASIBLE,FEASIBLE,null,0.06423,0.037964,0.002305,False
700768,4,5,"[3,1,1,2]","[2,3,2,3,1]","[[0,1,2,3,4],[0,1,2,3,4],[1,3,4],[0,1,2,3]]",FEASIBLE,FEASIBLE,FEASIBLE,null,0.060689,0.039317,0.002896,False
700769,7,3,"[1,2,1,2,1,2,1]","[3,1,2]","[[2],[0,1],[2],[1,2],[1,2],[0,1,2],[0,1,2]]",UNSAT,UNSAT,UNSAT,"[1, 3]",0.039591,0.05597,0.004488,False
700770,3,2,"[1,1,2]","[3,1]","[[0,1],[1],[0,1]]",UNSAT,UNSAT,UNSAT,"[1, 2]",0.013677,0.029153,0.001937,False
700771,1,7,[1],"[2,1,3,2,3,1,2]",[[4]],FEASIBLE,FEASIBLE,FEASIBLE,null,0.006056,0.01345,0.00099,False
700772,1,4,[1],"[2,2,1,1]",[[1]],FEASIBLE,FEASIBLE,FEASIBLE,null,0.004161,0.011012,0.000706,False
700773,4,3,"[2,1,1,2]","[3,3,2]","[[1,2],[0],[1,2],[1,2]]",FEASIBLE,FEASIBLE,FEASIBLE,null,0.040401,0.028065,0.001829,False
700774,4,6,"[2,3,1,2]","[3,2,1,1,1,2]","[[0,2,3,5],[1,2,4,5],[5],[0,2,3,5]]",FEASIBLE,FEASIBLE,FEASIBLE,null,0.069922,0.039705,0.00251,False
700775,2,2,"[1,1]","[3,2]","[[0,1],[0]]",FEASIBLE,FEASIBLE,FEASIBLE,null,0.007592,0.01477,0.000988,False
700776,5,3,"[1,3,1,3,1]","[1,3,1]","[[1],[0,1,2],[1],[0,1,2],[0]]",UNSAT,UNSAT,UNSAT,"[1, 3]",0.028302,0.047941,0.003357,False
700777,3,7,"[2,2,1]","[3,2,2,3,1,3,2]","[[0,1,3,4],[1,3,4,5,6],[0,2,3,4,5,6]]",FEASIBLE,FEASIBLE,FEASIBLE,null,0.036805,0.033087,0.002726,False
700778,5,6,"[1,2,1,1,2]","[2,2,2,2,2,3]","[[0,2,3,5],[0,3,5],[0],[0,1,2,3,4,5],[0,1,2,3,4,5]]",FEASIBLE,FEASIBLE,FEASIBLE,null,0.145547,0.147988,0.004204,False
700779,4,2,"[1,1,2,2]","[2,3]","[[1],[1],[0,1],[0,1]]",UNSAT,UNSAT,UNSAT,"[0, 1, 2, 3]",0.031768,0.037031,0.002392,False
700780,7,7,"[1,2,3,1,1,3,2]","[1,1,2,2,3,3,2]","[[1],[1,6],[0,1,2,3,6],[6],[0,1,3,6],[0,1,2,3,4,5,6],[2,4]]",UNSAT,UNSAT,UNSAT,"[0, 1]",0.03818,0.078903,0.006551,False
700781,7,1,"[1,1,1,1,1,1,1]",[1],"[[0],[0],[0],[0],[0],[0],[0]]",UNSAT,UNSAT,UNSAT,"[0, 1]",0.011596,0.039604,0.002627,False
700782,1,1,[1],[1],[[0]],FEASIBLE,FEASIBLE,FEASIBLE,null,0.002956,0.010457,0.000544,False
700783,5,6,"[2,2,1,1,1]","[2,2,3,3,1,3]","[[0,1,2,3,5],[0,2,4],[0,2,3,5],[0],[2]]",FEASIBLE,FEASIBLE,FEASIBLE,null,0.146969,0.053083,0.00355,False
700784,4,7,"[3,1,1,1]","[3,1,3,2,2,1,1]","[[0,1,2,3,4,6],[0,2,4,5],[0,1,2,3,4,5,6],[3]]",FEASIBLE,FEASIBLE,FEASIBLE,null,0.079903,0.038226,0.002876,False
700785,3,5,"[3,3,2]","[1,3,2,3,2]","[[0,1,3,4],[0,1,2,3,4],[2,3]]",FEASIBLE,FEASIBLE,FEASIBLE,null,0.027989,0.036732,0.002278,False
700786,2,2,"[1,1]","[2,1]","[[0,1],[0]]",FEASIBLE,FEASIBLE,FEASIBLE,null,0.007692,0.014819,0.000957,False
700787,3,3,"[3,1,3]","[1,1,3]","[[0,1,2],[0,1,2],[0,1,2]]",UNSAT,UNSAT,UNSAT,"[0, 2]",0.013716,0.038853,0.002667,False
700788,4,3,"[1,2,3,2]","[3,3,1]","[[0],[0,1,2],[0,1,2],[0,2]]",UNSAT,UNSAT,UNSAT,"[2, 3]",0.025885,0.045194,0.003029,False
700789,1,2,[1],"[3,1]","[[0,1]]",FEASIBLE,FEASIBLE,FEASIBLE,null,0.003454,0.013212,0.000742,False
700790,3,2,"[1,1,2]","[3,3]","[[1],[1],[0,1]]",FEASIBLE,FEASIBLE,FEASIBLE,null,0.015753,0.021114,0.001297,False
700791,7,4,"[2,1,1,1,1,1,1]","[1,2,1,1]","[[2,3],[1],[3],[0,3],[2],[1,3],[3]]",UNSAT,UNSAT,UNSAT,"[0, 2]",0.028201,0.04782,0.003415,False
700792,5,3,"[1,1,1,1,1]","[1,3,2]","[[0,1,2],[2],[0,1,2],[0,2],[0,2]]",FEASIBLE,FEASIBLE,FEASIBLE,null,0.083514,0.043242,0.002541,False
700793,4,5,"[1,2,2,2]","[3,1,2,3,2]","[[1,2,3],[0,1,2,3,4],[0,1,2,3,4],[3,4]]",FEASIBLE,FEASIBLE,FEASIBLE,null,0.060336,0.038627,0.002776,False
700794,3,4,"[2,2,2]","[2,3,2,3]","[[0,1,2],[0,3],[0,1]]",FEASIBLE,FEASIBLE,FEASIBLE,null,0.024315,0.035764,0.002135,False
700795,1,1,[1],[3],[[0]],FEASIBLE,FEASIBLE,FEASIBLE,null,0.002817,0.00953,0.000582,False
700796,2,3,"[2,3]","[1,1,1]","[[1,2],[0,1,2]]",UNSAT,UNSAT,UNSAT,"[0, 1]",0.009326,0.030065,0.002078,False
700797,1,1,[1],[2],[[0]],FEASIBLE,FEASIBLE,FEASIBLE,null,0.003217,0.011289,0.000473,False
700798,5,7,"[2,1,3,3,1]","[3,3,1,2,3,3,3]","[[1,5],[5],[0,1,2,5,6],[1,2,3,5,6],[5,6]]",FEASIBLE,FEASIBLE,FEASIBLE,null,0.166091,0.047123,0.00313,False
700799,6,1,"[1,1,1,1,1,1]",[3],"[[0],[0],[0],[0],[0],[0]]",UNSAT,UNSAT,UNSAT,"[0, 1, 2, 3]",0.054212,0.037627,0.002431,False
700800,5,5,"[2,1,2,1,1]","[1,2,3,1,3]","[[0,1],[0,1],[0,2,3,4],[0,1],[4]]",UNSAT,UNSAT,UNSAT,"[0, 1, 3]",0.064209,0.04731,0.003341,False
700801,2,1,"[1,1]",[2],"[[0],[0]]",FEASIBLE,FEASIBLE,FEASIBLE,null,0.005936,0.014177,0.000775,False
700802,6,6,"[1,1,3,1,3,3]","[2,3,2,3,3,3]","[[1],[0,3,4,5],[1,2,4],[3],[0,1,2,3,4,5],[0,1,2,3,4,5]]",FEASIBLE,FEASIBLE,FEASIBLE,null,0.302977,0.182776,0.003662,False
700803,5,4,"[1,1,1,1,1]","[3,3,2,2]","[[0],[0,1,2,3],[1,2,3],[1],[3]]",FEASIBLE,FEASIBLE,FEASIBLE,null,0.103157,0.030538,0.001903,False
700804,1,2,[2],"[3,3]","[[0,1]]",FEASIBLE,FEASIBLE,FEASIBLE,null,0.003507,0.013548,0.000797,False
700805,4,3,"[1,1,1,2]","[2,1,2]","[[1,2],[1],[0,2],[0,1,2]]",FEASIBLE,FEASIBLE,FEASIBLE,null,0.040777,0.037718,0.002237,False
700806,2,1,"[1,1]",[1],"[[0],[0]]",UNSAT,UNSAT,UNSAT,"[0, 1]",0.006003,0.020991,0.001315,False
700807,4,5,"[1,2,1,2]","[1,2,1,3,1]","[[0,1,3],[1,2,3,4],[0,1,3,4],[0,1,2,3,4]]",FEASIBLE,FEASIBLE,FEASIBLE,null,0.060148,0.039655,0.002836,False
700808,3,3,"[3,1,2]","[1,2,3]","[[0,1,2],[1,2],[0,2]]",UNSAT,UNSAT,UNSAT,"[0, 2]",0.01401,0.034865,0.002193,False
700809,3,5,"[1,1,3]","[1,2,3,3,2]","[[2,4],[3],[0,1,2,3,4]]",FEASIBLE,FEASIBLE,FEASIBLE,null,0.028216,0.027471,0.001941,False
700810,2,5,"[1,1]","[3,2,1,3,2]","[[0,1,4],[0]]",FEASIBLE,FEASIBLE,FEASIBLE,null,0.012611,0.017156,0.001694,False
700811,2,5,"[1,1]","[3,2,1,2,1]","[[0,1,2,3,4],[0,2,3,4]]",FEASIBLE,FEASIBLE,FEASIBLE,null,0.013006,0.019738,0.002209,False
700812,7,7,"[2,3,2,3,1,2,1]","[2,1,1,3,2,2,2]","[[0,1,2,5],[1,2,3,4,5,6],[0,1,4,5,6],[2,4,5,6],[0],[0,3,4,6],[1,3,5]]",UNSAT,UNSAT,UNSAT,"[0, 1, 2, 3, 4, 5]",0.708607,0.113911,0.009918,False
700813,5,3,"[3,1,1,1,2]","[2,1,3]","[[0,1,2],[0],[2],[0],[0,1,2]]",UNSAT,UNSAT,UNSAT,"[0, 1, 3]",0.044421,0.046105,0.003512,False
700814,7,5,"[1,1,2,1,2,2,1]","[3,2,2,1,1]","[[0,1,2,3,4],[1],[1,2,3,4],[0,1],[0,1,2,3],[1,2,3,4],[0,4]]",UNSAT,UNSAT,UNSAT,"[0, 1, 2, 3, 4, 5, 6]",0.594073,0.188628,0.007074,False
700815,4,2,"[1,1,1,1]","[2,2]","[[1],[1],[0,1],[1]]",UNSAT,UNSAT,UNSAT,"[0, 1, 3]",0.024396,0.031486,0.002616,False
700816,6,4,"[1,3,1,2,2,2]","[1,3,1,1]","[[0,1,2,3],[0,2,3],[0,2],[0,1,2,3],[0,1,2,3],[0,1,3]]",UNSAT,UNSAT,UNSAT,"[1, 2]",0.037868,0.065795,0.005873,False
700817,1,6,[1],"[2,1,1,3,1,1]",[[5]],FEASIBLE,FEASIBLE,FEASIBLE,null,0.005646,0.014162,0.000902,False
700818,3,4,"[1,2,1]","[3,2,1,1]","[[3],[0,3],[1]]",UNSAT,UNSAT,UNSAT,"[0, 1]",0.01425,0.030178,0.00202,False
700819,4,6,"[1,2,2,2]","[3,3,1,3,3,2]","[[0,1,2],[0,1,2,3,5],[0,2,3,5],[0,2]]",FEASIBLE,FEASIBLE,FEASIBLE,null,0.068955,0.049338,0.00331,False
700820,6,6,"[1,3,1,1,2,1]","[1,1,2,3,2,1]","[[0,1,5],[3,4,5],[0],[0,1,2,4,5],[0,2,4,5],[2]]",UNSAT,UNSAT,UNSAT,"[0, 1, 2, 3, 4, 5]",0.337119,0.065051,0.004992,False
700821,4,2,"[1,1,1,1]","[1,3]","[[0],[0,1],[1],[0]]",UNSAT,UNSAT,UNSAT,"[0, 3]",0.018167,0.032793,0.001902,False
700822,6,1,"[1,1,1,1,1,1]",[3],"[[0],[0],[0],[0],[0],[0]]",UNSAT,UNSAT,UNSAT,"[0, 1, 2, 3]",0.054126,0.056681,0.002237,False
700823,2,7,"[1,1]","[1,3,2,3,3,2,1]","[[0,2,3,4,6],[2,4]]",FEASIBLE,FEASIBLE,FEASIBLE,null,0.016902,0.021188,0.001585,False
700824,2,5,"[2,1]","[1,3,3,3,1]","[[1,3],[0,1,2,3,4]]",FEASIBLE,FEASIBLE,FEASIBLE,null,0.012784,0.025255,0.00156,False
700825,6,6,"[2,1,1,2,1,2]","[2,1,2,3,1,3]","[[2,4],[0,1,3,4,5],[1,2,3,4],[1,3],[0,1,2,3,4,5],[0,1,2,3,4,5]]",FEASIBLE,FEASIBLE,FEASIBLE,null,0.340797,0.17824,0.005174,False
700826,4,6,"[2,3,1,2]","[3,2,3,1,1,3]","[[0,2,3,4],[0,1,2],[1,2,5],[0,2,3,4]]",FEASIBLE,FEASIBLE,FEASIBLE,null,0.071436,0.038751,0.002556,False
700827,2,4,"[1,2]","[3,2,2,1]","[[2],[0,1,2,3]]",FEASIBLE,FEASIBLE,FEASIBLE,null,0.011209,0.020461,0.001316,False
700828,5,1,"[1,1,1,1,1]",[2],"[[0],[0],[0],[0],[0]]",UNSAT,UNSAT,UNSAT,"[0, 1, 2]",0.021767,0.033149,0.001976,False
700829,3,4,"[3,2,1]","[1,2,1,2]","[[0,1,2,3],[1,2,3],[1,2,3]]",FEASIBLE,FEASIBLE,FEASIBLE,null,0.024588,0.03253,0.001845,False
700830,5,3,"[2,1,1,2,1]","[3,1,2]","[[0,1],[0,2],[0,1,2],[0,1,2],[2]]",UNSAT,UNSAT,UNSAT,"[0, 1, 2, 3, 4]",0.084108,0.048284,0.003335,False
700831,6,1,"[1,1,1,1,1,1]",[3],"[[0],[0],[0],[0],[0],[0]]",UNSAT,UNSAT,UNSAT,"[0, 1, 2, 3]",0.055438,0.037113,0.001961,False
700832,5,5,"[1,1,1,1,1]","[3,3,1,1,2]","[[0,1,2,3,4],[1,2],[1],[0,1,2,3],[0,2,3]]",FEASIBLE,FEASIBLE,FEASIBLE,null,0.1299,0.037348,0.002521,False
700833,3,4,"[1,1,2]","[3,2,3,2]","[[2],[2],[0,1,2]]",FEASIBLE,FEASIBLE,FEASIBLE,null,0.026713,0.023321,0.001358,False
700834,5,6,"[3,2,3,1,3]","[3,2,3,1,2,1]","[[0,1,2,3,4,5],[1,2,4,5],[0,3,4,5],[0,1,2,3,4,5],[0,1,2,3,4,5]]",FEASIBLE,FEASIBLE,FEASIBLE,null,0.158277,0.077472,0.004162,False
700835,1,5,[3],"[2,2,1,2,2]","[[0,1,4]]",FEASIBLE,FEASIBLE,FEASIBLE,null,0.008449,0.024423,0.001096,False
700836,1,1,[1],[1],[[0]],FEASIBLE,FEASIBLE,FEASIBLE,null,0.002856,0.010975,0.000482,False
700837,7,6,"[1,1,2,2,2,1,1]","[3,2,2,2,1,2]","[[2,3],[0,4,5],[0,1,4,5],[0,1,2,4,5],[1,2,4],[2,3],[1,5]]",FEASIBLE,FEASIBLE,FEASIBLE,null,0.735862,0.055189,0.003655,False
700838,2,6,"[1,1]","[3,3,1,3,1,3]","[[1],[2]]",FEASIBLE,FEASIBLE,FEASIBLE,null,0.015603,0.017451,0.001122,False
700839,4,6,"[1,1,1,1]","[3,2,1,3,2,1]","[[1,2,4,5],[4],[0,1,2,4,5],[0,3]]",FEASIBLE,FEASIBLE,FEASIBLE,null,0.071975,0.030544,0.00221,False
700840,1,5,[2],"[1,3,1,1,2]","[[1,2,3,4]]",FEASIBLE,FEASIBLE,FEASIBLE,null,0.005303,0.016325,0.001218,False
700841,6,2,"[1,1,1,1,2,1]","[2,3]","[[0],[0],[0],[1],[0,1],[1]]",UNSAT,UNSAT,UNSAT,"[0, 1, 2]",0.044182,0.042891,0.00261,False
700842,4,6,"[2,1,1,2]","[3,2,1,2,3,3]","[[2,4],[0,1,2,3,4,5],[0,2,5],[1,2,3,4]]",FEASIBLE,FEASIBLE,FEASIBLE,null,0.073032,0.039256,0.002656,False
700843,2,6,"[2,1]","[2,3,1,1,2,3]","[[0,2,4,5],[1,5]]",FEASIBLE,FEASIBLE,FEASIBLE,null,0.01506,0.021911,0.001539,False
700844,2,3,"[1,2]","[3,1,2]","[[0,2],[0,2]]",FEASIBLE,FEASIBLE,FEASIBLE,null,0.009964,0.018782,0.001102,False
700845,6,5,"[3,1,1,2,2,1]","[1,1,2,2,3]","[[0,1,2,4],[1,3],[1,2,3],[0,1,3,4],[0,2,3],[0,2,4]]",UNSAT,UNSAT,UNSAT,"[0, 1, 2, 3, 4]",0.240137,0.113677,0.006296,False
700846,1,2,[1],"[2,1]","[[0,1]]",FEASIBLE,FEASIBLE,FEASIBLE,null,0.004164,0.013176,0.000644,False
700847,1,6,[3],"[1,3,3,1,1,1]","[[0,1,3,4]]",FEASIBLE,FEASIBLE,FEASIBLE,null,0.005969,0.019888,0.001213,False
700848,5,7,"[3,3,3,1,3]","[3,2,3,3,1,1,1]","[[0,2,3],[0,1,2,3,5,6],[0,1,2,3,4],[6],[0,1,2,3,4,5,6]]",FEASIBLE,FEASIBLE,FEASIBLE,null,0.172342,0.14077,0.003741,False
700849,3,2,"[1,1,1]","[1,3]","[[0],[0,1],[1]]",FEASIBLE,FEASIBLE,FEASIBLE,null,0.016442,0.020258,0.001167,False
700850,1,3,[2],"[2,3,1]","[[0,1,2]]",FEASIBLE,FEASIBLE,FEASIBLE,null,0.004151,0.014484,0.001257,False
700851,2,1,"[1,1]",[1],"[[0],[0]]",UNSAT,UNSAT,UNSAT,"[0, 1]",0.005794,0.021717,0.001235,False
700852,2,3,"[2,3]","[3,3,1]","[[0,1],[0,1,2]]",FEASIBLE,FEASIBLE,FEASIBLE,null,0.010233,0.023878,0.00139,False
700853,6,4,"[3,2,2,1,1,1]","[1,2,2,1]","[[0,1,2,3],[0,1],[0,1,2,3],[0,3],[0,1,2,3],[0,2,3]]",UNSAT,UNSAT,UNSAT,"[0, 1, 2]",0.071658,0.067273,0.004871,False
700854,6,4,"[1,1,2,1,1,1]","[1,3,1,1]","[[1],[2],[1,3],[0,3],[1,2,3],[0,2]]",UNSAT,UNSAT,UNSAT,"[1, 2, 3, 5]",0.183278,0.049545,0.00355,False
700855,7,6,"[3,3,1,1,1,2,1]","[1,1,1,3,3,3]","[[0,3,4,5],[2,3,4],[2,3,4,5],[0],[0],[0,1,2,3,4,5],[5]]",UNSAT,UNSAT,UNSAT,"[3, 4]",0.102085,0.082676,0.005224,False
700856,3,7,"[1,1,1]","[1,1,2,2,1,2,2]","[[1,2,3,4,5,6],[3],[0,1,2,3,4,5,6]]",FEASIBLE,FEASIBLE,FEASIBLE,null,0.038474,0.029474,0.002475,False
700857,1,5,[3],"[2,2,1,1,2]","[[0,1,2,3,4]]",FEASIBLE,FEASIBLE,FEASIBLE,null,0.005114,0.019582,0.001245,False
700858,5,1,"[1,1,1,1,1]",[3],"[[0],[0],[0],[0],[0]]",UNSAT,UNSAT,UNSAT,"[0, 1, 2, 3]",0.035892,0.034362,0.002033,False
700859,7,5,"[1,3,2,2,2,1,1]","[2,2,2,1,2]","[[2],[0,1,2,3,4],[0,3],[0,2,3,4],[0,1,2,3,4],[0,1,2,3,4],[2,4]]",UNSAT,UNSAT,UNSAT,"[0, 1, 2, 3, 4]",0.428986,0.163921,0.007654,False
700860,5,6,"[1,1,3,1,2]","[1,1,1,3,3,3]","[[1,2,3],[1],[0,2,3,4,5],[0,1,2,3,4],[0,1,2,3,4,5]]",FEASIBLE,FEASIBLE,FEASIBLE,null,0.152782,0.06315,0.004588,False
700861,4,2,"[1,1,2,2]","[1,1]","[[0,1],[1],[0,1],[0,1]]",UNSAT,UNSAT,UNSAT,"[0, 2]",0.015115,0.036168,0.002977,False
700862,1,5,[3],"[2,1,3,2,2]","[[0,1,2,4]]",FEASIBLE,FEASIBLE,FEASIBLE,null,0.005329,0.019251,0.001421,False
700863,4,1,"[1,1,1,1]",[2],"[[0],[0],[0],[0]]",UNSAT,UNSAT,UNSAT,"[0, 1, 2]",0.016513,0.030001,0.001807,False
700864,5,7,"[2,1,2,2,2]","[1,3,1,2,2,2,1]","[[0,1,2,5],[0,6],[1,3,4,5,6],[1,6],[0,2,3,4,6]]",FEASIBLE,FEASIBLE,FEASIBLE,null,0.177323,0.065415,0.004263,False
700865,7,6,"[1,1,3,1,3,2,2]","[2,1,1,3,2,2]","[[0,1,2,4,5],[0,1,3],[0,1,2,3,4,5],[0,1,4,5],[1,2,3,4,5],[0,1,2,3,4,5],[0,1]]",UNSAT,UNSAT,UNSAT,"[0, 1, 2, 4, 5, 6]",0.653566,0.093549,0.00743,False
700866,4,4,"[1,1,1,1]","[3,3,3,1]","[[0,2],[3],[2],[0,1,2,3]]",FEASIBLE,FEASIBLE,FEASIBLE,null,0.052316,0.052958,0.001738,False
700867,1,7,[2],"[2,2,1,1,2,1,1]","[[0,2,4]]",FEASIBLE,FEASIBLE,FEASIBLE,null,0.007026,0.018446,0.001132,False
700868,5,7,"[2,3,1,2,3]","[2,2,2,3,2,3,1]","[[3,4,5,6],[0,1,2,3,4,5,6],[0,2,4,5,6],[1,2,4,6],[0,1,2,3,4,5,6]]",FEASIBLE,FEASIBLE,FEASIBLE,null,0.174391,0.060524,0.004018,False
700869,2,4,"[1,1]","[3,2,3,1]","[[0,1,2,3],[2]]",FEASIBLE,FEASIBLE,FEASIBLE,null,0.011528,0.104585,0.001265,False
700870,5,7,"[3,2,3,1,1]","[2,3,2,3,1,1,2]","[[0,1,2,4,6],[0,1,2,3,4,5,6],[0,2,4,5,6],[2,5],[5,6]]",FEASIBLE,FEASIBLE,FEASIBLE,null,0.171222,0.083438,0.004369,False
700871,3,3,"[1,2,2]","[1,2,2]","[[1,2],[0,1,2],[0,2]]",FEASIBLE,FEASIBLE,FEASIBLE,null,0.020682,0.035426,0.001995,False
700872,3,2,"[2,1,1]","[3,3]","[[0,1],[0],[1]]",FEASIBLE,FEASIBLE,FEASIBLE,null,0.016113,0.021352,0.00122,False
700873,6,4,"[1,3,3,1,1,1]","[3,3,2,2]","[[0,2],[1,2,3],[0,1,2,3],[2],[1],[3]]",UNSAT,UNSAT,UNSAT,"[1, 2, 3, 5]",0.182092,0.055343,0.003568,False
700874,3,4,"[1,3,1]","[1,1,1,1]","[[1,2],[0,1,2,3],[0,3]]",UNSAT,UNSAT,UNSAT,"[0, 1, 2]",0.024598,0.040356,0.002849,False
700875,2,1,"[1,1]",[3],"[[0],[0]]",FEASIBLE,FEASIBLE,FEASIBLE,null,0.005991,0.01472,0.000685,False
700876,1,2,[1],"[2,1]","[[0,1]]",FEASIBLE,FEASIBLE,FEASIBLE,null,0.00355,0.013157,0.000606,False
700877,2,7,"[2,2]","[1,2,1,1,2,1,3]","[[0,1,2,3,4,5,6],[2,3,4,6]]",FEASIBLE,FEASIBLE,FEASIBLE,null,0.018095,0.028192,0.002539,False
700878,6,7,"[3,2,3,2,1,2]","[3,2,1,2,2,2,2]","[[0,1,2,3,4,5,6],[0,1,2,3,4,5],[0,1,2,3,5,6],[0,4,5],[0],[0,1,2,3,4,5,6]]",FEASIBLE,FEASIBLE,FEASIBLE,null,0.365386,0.104007,0.006324,False
700879,1,2,[1],"[1,2]","[[0,1]]",FEASIBLE,FEASIBLE,FEASIBLE,null,0.004369,0.012403,0.00065,False
700880,7,1,"[1,1,1,1,1,1,1]",[1],"[[0],[0],[0],[0],[0],[0],[0]]",UNSAT,UNSAT,UNSAT,"[0, 1]",0.011788,0.040768,0.002691,False
700881,4,5,"[3,1,3,1]","[3,2,1,1,1]","[[0,1,2,3,4],[3,4],[0,1,2,3,4],[1,3,4]]",UNSAT,UNSAT,UNSAT,"[0, 1, 2, 3]",0.062071,0.140376,0.004222,False
700882,1,4,[1],"[1,3,3,3]","[[0,1,2,3]]",FEASIBLE,FEASIBLE,FEASIBLE,null,0.004961,0.014574,0.001027,False
700883,7,2,"[2,1,1,1,2,1,1]","[2,1]","[[0,1],[0],[0,1],[0,1],[0,1],[1],[1]]",UNSAT,UNSAT,UNSAT,"[0, 4]",0.022003,0.049947,0.003355,False
700884,4,7,"[2,3,2,2]","[1,3,1,1,1,2,2]","[[0,1,2,3,4,5,6],[0,1,2,3,5,6],[5,6],[3,4,5]]",FEASIBLE,FEASIBLE,FEASIBLE,null,0.082284,0.047325,0.003139,False
700885,6,5,"[1,1,1,2,2,2]","[3,2,1,3,3]","[[0,1,2,3,4],[0,1,2,3],[0,1,4],[0,1,2,3,4],[1,2,3],[3,4]]",FEASIBLE,FEASIBLE,FEASIBLE,null,0.27125,0.05159,0.003471,False
700886,3,2,"[1,1,1]","[1,3]","[[0],[0,1],[0]]",UNSAT,UNSAT,UNSAT,"[0, 2]",0.011727,0.028161,0.001797,False
700887,5,7,"[2,2,3,2,3]","[3,3,1,2,1,2,3]","[[1,2],[5,6],[0,1,2,3,4,5,6],[2,3,6],[1,4,5,6]]",FEASIBLE,FEASIBLE,FEASIBLE,null,0.177567,0.054769,0.003376,False
700888,3,1,"[1,1,1]",[3],"[[0],[0],[0]]",FEASIBLE,FEASIBLE,FEASIBLE,null,0.011994,0.017778,0.001036,False
700889,4,1,"[1,1,1,1]",[3],"[[0],[0],[0],[0]]",UNSAT,UNSAT,UNSAT,"[0, 1, 2, 3]",0.02195,0.031038,0.001809,False
700890,4,3,"[1,1,2,1]","[1,3,3]","[[2],[0],[0,2],[2]]",UNSAT,UNSAT,UNSAT,"[1, 2]",0.022244,0.033909,0.002719,False
700891,7,6,"[2,1,3,2,1,2,1]","[3,1,2,1,2,2]","[[1,2,4],[2],[0,1,2,3,4,5],[0,1,2,3,4,5],[3,4],[0,2,3],[1]]",UNSAT,UNSAT,UNSAT,"[0, 1, 2, 4, 5, 6]",0.653325,0.122627,0.007901,False
700892,2,2,"[1,2]","[2,2]","[[1],[0,1]]",FEASIBLE,FEASIBLE,FEASIBLE,null,0.008038,0.027709,0.001017,False
700893,5,6,"[1,3,2,1,2]","[2,1,2,1,2,2]","[[4],[1,2,3,4,5],[0,1,3,4],[0],[0,3,4,5]]",FEASIBLE,FEASIBLE,FEASIBLE,null,0.240314,0.064842,0.003842,False
700894,6,4,"[2,1,3,1,2,2]","[1,2,3,3]","[[1,3],[0,3],[0,2,3],[0,1],[0,1,2],[2,3]]",UNSAT,UNSAT,UNSAT,"[0, 1, 2, 5]",0.148933,0.062753,0.004424,False
700895,4,7,"[3,2,3,3]","[3,3,3,1,3,1,1]","[[1,2,3,5,6],[5,6],[0,1,5],[0,2,3,5,6]]",UNSAT,UNSAT,UNSAT,"[1, 2]",0.042228,0.061914,0.006673,False
700896,4,4,"[2,1,3,2]","[1,1,3,2]","[[1,3],[3],[0,1,2,3],[0,1]]",UNSAT,UNSAT,UNSAT,"[0, 3]",0.024351,0.046326,0.005255,False
700897,4,7,"[3,2,3,3]","[2,3,3,1,2,3,1]","[[0,1,2,3,4,6],[0,1,2,3,4,5,6],[0,1,2,3,4,5,6],[3,4,6]]",FEASIBLE,FEASIBLE,FEASIBLE,null,0.084208,0.073533,0.007637,False
700898,7,7,"[3,2,2,3,1,1,1]","[1,3,1,2,1,1,3]","[[1,3,4,5],[0,1,2,5,6],[3,6],[0,1,2],[0,1,2,3,4,5,6],[5],[1,2,3]]",UNSAT,UNSAT,UNSAT,"[0, 1, 2, 3, 5, 6]",0.805346,0.145733,0.012843,False
700899,3,2,"[1,1,2]","[3,3]","[[0,1],[0],[0,1]]",FEASIBLE,FEASIBLE,FEASIBLE,null,0.016825,0.02695,0.002278,False
700900,6,3,"[1,2,1,1,1,1]","[2,2,1]","[[2],[0,1,2],[1],[1,2],[0],[0,2]]",UNSAT,UNSAT,UNSAT,"[0, 1, 2, 3]",0.114702,0.054431,0.005578,False
700901,3,7,"[2,1,2]","[3,2,2,2,1,2,1]","[[0,1],[0,4,6],[0,3]]",FEASIBLE,FEASIBLE,FEASIBLE,null,0.04108,0.02899,0.003075,False
700902,7,2,"[2,1,1,1,1,2,1]","[2,3]","[[0,1],[0],[0],[0,1],[0],[0,1],[1]]",UNSAT,UNSAT,UNSAT,"[0, 1, 2]",0.055787,0.160364,0.005965,False
700903,3,2,"[2,1,1]","[2,1]","[[0,1],[0,1],[0]]",UNSAT,UNSAT,UNSAT,"[0, 1, 2]",0.015946,0.031566,0.003333,False
700904,1,6,[2],"[2,3,3,3,2,1]","[[0,1,2,3,4]]",FEASIBLE,FEASIBLE,FEASIBLE,null,0.006247,0.018334,0.001998,False
700905,2,4,"[2,1]","[1,1,3,3]","[[0,1,2],[0,1]]",FEASIBLE,FEASIBLE,FEASIBLE,null,0.01999,0.028746,0.00281,False
700906,3,4,"[1,1,1]","[2,2,3,2]","[[0],[2],[2]]",FEASIBLE,FEASIBLE,FEASIBLE,null,0.024297,0.019572,0.001993,False
700907,6,6,"[3,1,2,1,1,3]","[2,2,1,1,1,1]","[[1,2,3,4,5],[0,1,2,3,4],[0,3,4],[1,4,5],[1,3,5],[0,1,2]]",UNSAT,UNSAT,UNSAT,"[0, 1, 2, 5]",0.208984,0.076636,0.009288,False
700908,1,2,[2],"[2,1]","[[0,1]]",FEASIBLE,FEASIBLE,FEASIBLE,null,0.003797,0.015822,0.00105,False
700909,4,2,"[1,1,1,1]","[1,2]","[[0],[1],[0],[0]]",UNSAT,UNSAT,UNSAT,"[0, 2]",0.014129,0.031801,0.003391,False
700910,3,2,"[1,1,1]","[2,3]","[[0,1],[0],[1]]",FEASIBLE,FEASIBLE,FEASIBLE,null,0.016007,0.020008,0.00186,False
700911,6,6,"[2,3,1,1,1,2]","[2,3,3,3,2,1]","[[1,2,5],[1,2,4,5],[0,1],[3,4],[0,2,3,4,5],[0,1,2,3]]",FEASIBLE,FEASIBLE,FEASIBLE,null,0.319423,0.05119,0.005673,False
700912,6,3,"[1,1,1,2,1,1]","[2,3,3]","[[1],[0,1,2],[1],[0,1],[1,2],[0,1,2]]",FEASIBLE,FEASIBLE,FEASIBLE,null,0.180078,0.039759,0.004026,False
700913,1,5,[1],"[1,3,3,2,2]","[[0,1,2,3,4]]",FEASIBLE,FEASIBLE,FEASIBLE,null,0.005448,0.015299,0.001832,False
700914,1,2,[1],"[2,1]",[[1]],FEASIBLE,FEASIBLE,FEASIBLE,null,0.003363,0.010564,0.001092,False
700915,5,7,"[1,1,2,3,3]","[1,3,3,1,2,3,1]","[[0,3,6],[0,1,3,4,5,6],[0,1,2,3,4],[0,2,3,4,6],[0,1,2,3,4,5,6]]",FEASIBLE,FEASIBLE,FEASIBLE,null,0.172899,0.143647,0.006634,False
700916,3,3,"[2,1,1]","[1,2,3]","[[0,1],[1],[0]]",UNSAT,UNSAT,UNSAT,"[0, 2]",0.014812,0.030866,0.002996,False
700917,3,6,"[2,1,3]","[1,1,3,1,2,2]","[[0,1,2,3,4],[0,1,3,4,5],[0,1,2,3,4,5]]",FEASIBLE,FEASIBLE,FEASIBLE,null,0.034228,0.040797,0.004659,False
700918,1,5,[1],"[1,3,1,2,2]",[[0]],FEASIBLE,FEASIBLE,FEASIBLE,null,0.005209,0.012726,0.00139,False
700919,7,1,"[1,1,1,1,1,1,1]",[3],"[[0],[0],[0],[0],[0],[0],[0]]",UNSAT,UNSAT,UNSAT,"[0, 1, 2, 3]",0.085277,0.042991,0.004392,False
700920,4,3,"[1,1,3,1]","[3,3,1]","[[0],[2],[0,1,2],[2]]",UNSAT,UNSAT,UNSAT,"[1, 2]",0.023318,0.036931,0.003892,False
700921,7,3,"[1,3,1,1,1,1,1]","[3,3,1]","[[0],[0,1,2],[1],[0],[0,1,2],[2],[0,1]]",UNSAT,UNSAT,UNSAT,"[1, 5]",0.043252,0.057683,0.00638,False
700922,4,3,"[1,1,3,2]","[3,3,1]","[[2],[1],[0,1,2],[0,1]]",UNSAT,UNSAT,UNSAT,"[0, 2]",0.038534,0.055886,0.003992,False
700923,1,1,[1],[2],[[0]],FEASIBLE,FEASIBLE,FEASIBLE,null,0.003371,0.010815,0.000868,False
700924,2,2,"[2,1]","[3,2]","[[0,1],[1]]",FEASIBLE,FEASIBLE,FEASIBLE,null,0.008129,0.01793,0.001782,False
700925,7,5,"[1,1,1,1,2,2,1]","[2,2,3,1,1]","[[1,2,3,4],[0,1,2,3,4],[0,4],[0,1,2],[0,1,2,3,4],[0,1,2,4],[0,1]]",FEASIBLE,FEASIBLE,FEASIBLE,null,0.561125,0.073734,0.007976,False
700926,3,1,"[1,1,1]",[3],"[[0],[0],[0]]",FEASIBLE,FEASIBLE,FEASIBLE,null,0.011804,0.018403,0.001687,False
700927,3,5,"[2,3,2]","[2,2,3,1,1]","[[0,1,2,3,4],[0,1,2,3,4],[0,1]]",FEASIBLE,FEASIBLE,FEASIBLE,null,0.028883,0.13692,0.004657,False
700928,2,3,"[1,1]","[2,1,1]","[[2],[0,2]]",FEASIBLE,FEASIBLE,FEASIBLE,null,0.010385,0.016626,0.001827,False
700929,6,7,"[1,1,1,2,2,3]","[1,1,3,2,3,1,3]","[[3],[0,3,4,6],[1,2],[3,4,5,6],[1,3,4,5,6],[0,1,3,4,5,6]]",FEASIBLE,FEASIBLE,FEASIBLE,null,0.366076,0.070866,0.007739,False
700930,7,5,"[2,1,1,1,2,1,3]","[3,3,2,1,1]","[[0,3],[0],[0,2],[2],[1,2,3],[0],[0,1,2,3,4]]",UNSAT,UNSAT,UNSAT,"[0, 1, 2, 3, 4, 5]",0.543803,0.06836,0.007888,False
700931,3,1,"[1,1,1]",[1],"[[0],[0],[0]]",UNSAT,UNSAT,UNSAT,"[0, 1]",0.007578,0.026326,0.002586,False
700932,4,7,"[3,2,2,3]","[1,2,3,3,3,1,2]","[[0,1,2],[0,1,2,3,4,5,6],[0,1,2,4,5,6],[0,1,2,3,4,5,6]]",FEASIBLE,FEASIBLE,FEASIBLE,null,0.085087,0.056417,0.006168,False
700933,6,7,"[2,3,3,1,1,3]","[3,1,1,2,1,3,3]","[[0,2,3,4,5,6],[0,2,4,5],[0,2,3,6],[0],[3],[0,2,3,5,6]]",FEASIBLE,FEASIBLE,FEASIBLE,null,0.386907,0.087424,0.007975,False
700934,3,7,"[1,1,1]","[2,1,3,3,2,2,2]","[[0,1,2,3,4,5,6],[0,1,3,4,5,6],[2]]",FEASIBLE,FEASIBLE,FEASIBLE,null,0.041568,0.029808,0.004152,False
700935,4,2,"[1,1,1,1]","[2,2]","[[0,1],[0],[1],[0,1]]",FEASIBLE,FEASIBLE,FEASIBLE,null,0.037457,0.025753,0.002292,False
700936,4,6,"[1,1,1,1]","[1,2,2,3,2,1]","[[1],[0,1,3,5],[1],[3,5]]",FEASIBLE,FEASIBLE,FEASIBLE,null,0.086512,0.033974,0.003104,False
700937,5,3,"[2,2,3,1,2]","[3,2,1]","[[0,2],[0,1,2],[0,1,2],[0,1,2],[0,1]]",UNSAT,UNSAT,UNSAT,"[0, 2]",0.019993,0.20319,0.006245,False
700938,6,1,"[1,1,1,1,1,1]",[3],"[[0],[0],[0],[0],[0],[0]]",UNSAT,UNSAT,UNSAT,"[0, 1, 2, 3]",0.059622,0.041549,0.00563,False
700939,1,6,[3],"[3,2,2,1,2,1]","[[0,2,3]]",FEASIBLE,FEASIBLE,FEASIBLE,null,0.006517,0.019697,0.002401,False
700940,1,7,[2],"[3,1,2,1,2,3,1]","[[0,5]]",FEASIBLE,FEASIBLE,FEASIBLE,null,0.00641,0.016597,0.00179,False
700941,1,2,[2],"[2,1]","[[0,1]]",FEASIBLE,FEASIBLE,FEASIBLE,null,0.003651,0.013531,0.001213,False
700942,4,2,"[1,1,1,1]","[2,3]","[[1],[0,1],[0],[0]]",FEASIBLE,FEASIBLE,FEASIBLE,null,0.03272,0.032612,0.002989,False
700943,2,4,"[3,1]","[3,3,3,1]","[[0,1,3],[3]]",UNSAT,UNSAT,UNSAT,"[0, 1]",0.011959,0.030244,0.003269,False
700944,2,2,"[1,1]","[2,1]","[[0,1],[0,1]]",FEASIBLE,FEASIBLE,FEASIBLE,null,0.007959,0.016555,0.00426,False
700945,4,3,"[2,1,2,1]","[1,3,3]","[[1,2],[1,2],[1,2],[2]]",FEASIBLE,FEASIBLE,FEASIBLE,null,0.042707,0.04974,0.003153,False
700946,3,6,"[2,1,2]","[1,2,1,1,1,3]","[[2,3],[0,1,2,3,5],[0,1]]",FEASIBLE,FEASIBLE,FEASIBLE,null,0.03563,0.041366,0.004756,False
700947,5,3,"[2,1,1,2,2]","[2,2,1]","[[1,2],[0,2],[0],[0,1,2],[0,2]]",UNSAT,UNSAT,UNSAT,"[0, 4]",0.02518,0.049138,0.006407,False
700948,1,2,[1],"[3,2]","[[0,1]]",FEASIBLE,FEASIBLE,FEASIBLE,null,0.00367,0.012044,0.001239,False
700949,4,3,"[3,1,1,1]","[1,3,2]","[[0,1,2],[0,2],[1],[0,1,2]]",FEASIBLE,FEASIBLE,FEASIBLE,null,0.045477,0.032915,0.00306,False
700950,2,4,"[1,2]","[1,3,1,1]","[[1,2],[0,1]]",FEASIBLE,FEASIBLE,FEASIBLE,null,0.011612,0.021431,0.002178,False
700951,5,5,"[1,1,2,2,1]","[3,3,3,2,3]","[[1,4],[0,1,2,4],[1,2,4],[0,1,2,3],[0,1,3,4]]",FEASIBLE,FEASIBLE,FEASIBLE,null,0.134303,0.127267,0.005322,False
700952,7,1,"[1,1,1,1,1,1,1]",[2],"[[0],[0],[0],[0],[0],[0],[0]]",UNSAT,UNSAT,UNSAT,"[0, 1, 2]",0.039027,0.042344,0.004102,False
700953,1,4,[3],"[3,2,3,2]","[[0,1,2,3]]",FEASIBLE,FEASIBLE,FEASIBLE,null,0.00484,0.018831,0.001992,False
700954,7,4,"[1,3,1,1,2,1,1]","[2,1,3,3]","[[0,1,3],[0,1,2],[0,1,3],[0,1,2,3],[1,3],[3],[0,1,2,3]]",UNSAT,UNSAT,UNSAT,"[1, 4]",0.055793,0.068601,0.007445,False
700955,4,2,"[2,1,1,2]","[1,1]","[[0,1],[1],[0],[0,1]]",UNSAT,UNSAT,UNSAT,"[0, 1]",0.012811,0.038365,0.00363,False
700956,4,6,"[2,2,2,1]","[2,1,1,2,3,3]","[[0,1,2,3,4,5],[3,5],[2,4],[1,3,5]]",FEASIBLE,FEASIBLE,FEASIBLE,null,0.079417,0.042804,0.004157,False
700957,3,1,"[1,1,1]",[3],"[[0],[0],[0]]",FEASIBLE,FEASIBLE,FEASIBLE,null,0.026734,0.021666,0.001545,False
700958,1,5,[1],"[2,1,1,3,3]","[[0,1,3]]",FEASIBLE,FEASIBLE,FEASIBLE,null,0.006182,0.015119,0.001639,False
700959,7,7,"[1,3,1,2,1,2,2]","[2,1,2,2,3,3,1]","[[1,2,4,5],[0,1,2,3,4,5,6],[5],[0,1,3,4,5,6],[3],[0,1,2,3,4,5,6],[1,2]]",FEASIBLE,FEASIBLE,FEASIBLE,null,0.838189,0.096324,0.010075,False
700960,2,5,"[3,3]","[3,1,3,1,3]","[[0,2,3,4],[1,2,3,4]]",FEASIBLE,FEASIBLE,FEASIBLE,null,0.015134,0.033251,0.003257,False
700961,2,3,"[1,3]","[2,1,2]","[[1,2],[0,1,2]]",FEASIBLE,FEASIBLE,FEASIBLE,null,0.010652,0.031612,0.002871,False
700962,1,5,[2],"[1,3,2,1,1]","[[0,1,3]]",FEASIBLE,FEASIBLE,FEASIBLE,null,0.005856,0.019073,0.00166,False
700963,2,2,"[1,1]","[3,1]","[[0],[0]]",FEASIBLE,FEASIBLE,FEASIBLE,null,0.008814,0.016015,0.001399,False
700964,4,2,"[1,2,2,2]","[1,3]","[[0],[0,1],[0,1],[0,1]]",UNSAT,UNSAT,UNSAT,"[0, 1]",0.012453,0.139462,0.004095,False
700965,7,7,"[1,2,2,2,2,1,1]","[2,1,2,2,2,1,1]","[[0,1,4],[2,4],[0,1,2,3,4,5,6],[2,4],[1,5,6],[2],[4]]",UNSAT,UNSAT,UNSAT,"[1, 3, 5]",0.30181,0.0764,0.008492,False
700966,3,6,"[2,1,1]","[2,1,3,3,1,2]","[[0,2,3,4],[1,2,3,4],[0,2]]",FEASIBLE,FEASIBLE,FEASIBLE,null,0.04016,0.034004,0.003179,False
700967,7,5,"[2,2,3,3,1,3,1]","[1,3,2,1,3]","[[1,2],[3,4],[0,1,3],[1,2,3,4],[0,1,2,3,4],[0,1,2,3],[0,4]]",UNSAT,UNSAT,UNSAT,"[1, 2]",0.061048,0.094643,0.010444,False
700968,2,2,"[1,1]","[2,2]","[[1],[1]]",FEASIBLE,FEASIBLE,FEASIBLE,null,0.009696,0.017683,0.001427,False
700969,5,1,"[1,1,1,1,1]",[3],"[[0],[0],[0],[0],[0]]",UNSAT,UNSAT,UNSAT,"[0, 1, 2, 3]",0.042464,0.039928,0.003346,False
700970,1,5,[1],"[2,1,3,3,1]","[[1,2,3,4]]",FEASIBLE,FEASIBLE,FEASIBLE,null,0.005968,0.016849,0.001882,False
700971,7,6,"[1,2,3,1,1,1,1]","[1,1,1,2,3,3]","[[0,1,2,4,5],[0,2],[0,1,3,4,5],[0,1,2,3,4,5],[5],[0,1],[2]]",UNSAT,UNSAT,UNSAT,"[1, 6]",0.103254,0.103975,0.009514,False
700972,4,7,"[1,2,2,3]","[2,1,1,3,1,2,2]","[[3],[0,2,4],[0,2],[1,4,6]]",UNSAT,UNSAT,UNSAT,"[1, 2, 3]",0.08645,0.055779,0.005666,False
700973,6,6,"[2,1,1,2,1,2]","[1,1,2,3,2,2]","[[0,1,2,3,4,5],[3],[1],[0,1,2,3,4],[2],[0,1,5]]",FEASIBLE,FEASIBLE,FEASIBLE,null,0.364734,0.078536,0.007124,False
700974,5,1,"[1,1,1,1,1]",[3],"[[0],[0],[0],[0],[0]]",UNSAT,UNSAT,UNSAT,"[0, 1, 2, 3]",0.041298,0.145695,0.003232,False
700975,6,1,"[1,1,1,1,1,1]",[2],"[[0],[0],[0],[0],[0],[0]]",UNSAT,UNSAT,UNSAT,"[0, 1, 2]",0.034471,0.044152,0.003655,False
700976,6,7,"[3,2,2,2,1,1]","[2,2,3,2,3,3,1]","[[1,2,4,6],[1,2,3,4,5,6],[0,1,2,3],[3,5,6],[0,4],[1,2,3,4,5,6]]",FEASIBLE,FEASIBLE,FEASIBLE,null,0.485459,0.07052,0.004603,False
700977,5,7,"[2,2,1,1,1]","[3,2,2,1,2,2,3]","[[0,1],[0,1,3,4,5,6],[0,1,3,5],[0,1,2,3,4,5,6],[1]]",FEASIBLE,FEASIBLE,FEASIBLE,null,0.20241,0.065788,0.004363,False
700978,1,4,[3],"[3,2,3,2]","[[0,1,2]]",FEASIBLE,FEASIBLE,FEASIBLE,null,0.005658,0.020355,0.001117,False
700979,4,3,"[2,1,1,1]","[1,1,3]","[[0,1,2],[0,1],[0],[0]]",UNSAT,UNSAT,UNSAT,"[2, 3]",0.031021,0.056717,0.003196,False
700980,7,5,"[3,1,3,1,1,1,1]","[3,1,2,2,2]","[[0,1,2,3,4],[0,1,2,3,4],[1,2,4],[1],[3],[0,2,3,4],[0,4]]",UNSAT,UNSAT,UNSAT,"[2, 3]",0.085542,0.091954,0.005775,False
700981,2,2,"[1,1]","[3,3]","[[0,1],[0]]",FEASIBLE,FEASIBLE,FEASIBLE,null,0.009095,0.017826,0.00109,False
700982,2,2,"[2,1]","[3,2]","[[0,1],[0,1]]",FEASIBLE,FEASIBLE,FEASIBLE,null,0.008267,0.020763,0.00116,False
700983,2,6,"[1,2]","[3,3,1,1,3,1]","[[0,1,2,3,4,5],[1,2]]",FEASIBLE,FEASIBLE,FEASIBLE,null,0.017139,0.028502,0.001886,False
700984,1,6,[2],"[2,3,3,1,2,2]","[[0,1]]",FEASIBLE,FEASIBLE,FEASIBLE,null,0.006761,0.017917,0.00104,False
700985,1,4,[1],"[2,1,3,1]","[[1,2]]",FEASIBLE,FEASIBLE,FEASIBLE,null,0.005229,0.014496,0.000926,False
700986,6,7,"[2,1,3,2,3,1]","[3,2,2,3,3,1,1]","[[1,2,5,6],[0,1,2,3,4,5,6],[2,3,6],[0,1,3,4,6],[0,1,2,6],[0,2,4]]",FEASIBLE,FEASIBLE,FEASIBLE,null,0.422021,0.239473,0.007052,False
700987,6,4,"[1,1,2,2,2,1]","[2,3,1,2]","[[1],[2],[1,2,3],[0,1,2],[0,1,3],[0,1,2]]",UNSAT,UNSAT,UNSAT,"[0, 1, 2, 3, 4, 5]",0.255553,0.070561,0.004781,False
700988,4,1,"[1,1,1,1]",[1],"[[0],[0],[0],[0]]",UNSAT,UNSAT,UNSAT,"[0, 1]",0.009486,0.03377,0.001979,False
700989,5,3,"[1,3,2,1,1]","[1,1,3]","[[2],[0,1,2],[0,1,2],[2],[0,1]]",UNSAT,UNSAT,UNSAT,"[1, 2]",0.030597,0.056349,0.003421,False
700990,1,3,[2],"[3,3,2]","[[0,2]]",FEASIBLE,FEASIBLE,FEASIBLE,null,0.00502,0.016758,0.000888,False
700991,3,6,"[2,2,1]","[2,3,2,1,2,2]","[[0,1,2,3],[0,1,2,5],[1,4,5]]",FEASIBLE,FEASIBLE,FEASIBLE,null,0.039114,0.035394,0.002343,False
700992,2,5,"[3,1]","[3,1,2,3,2]","[[0,2,3,4],[0,1,2,3,4]]",FEASIBLE,FEASIBLE,FEASIBLE,null,0.015932,0.029365,0.001988,False
700993,1,7,[3],"[1,2,3,2,3,3,2]","[[0,4,5]]",FEASIBLE,FEASIBLE,FEASIBLE,null,0.007495,0.021761,0.001254,False
700994,5,2,"[1,2,1,2,1]","[2,1]","[[0],[0,1],[0,1],[0,1],[1]]",UNSAT,UNSAT,UNSAT,"[1, 3]",0.02542,0.047371,0.00293,False
700995,3,1,"[1,1,1]",[2],"[[0],[0],[0]]",UNSAT,UNSAT,UNSAT,"[0, 1, 2]",0.01314,0.030507,0.001589,False
700996,2,1,"[1,1]",[1],"[[0],[0]]",UNSAT,UNSAT,UNSAT,"[0, 1]",0.006905,0.023885,0.00136,False
700997,2,2,"[1,1]","[3,1]","[[0],[0,1]]",FEASIBLE,FEASIBLE,FEASIBLE,null,0.008919,0.017731,0.000972,False
700998,4,3,"[1,1,1,1]","[2,3,2]","[[2],[0,2],[0,1,2],[0,1]]",FEASIBLE,FEASIBLE,FEASIBLE,null,0.050767,0.031152,0.001874,False
700999,4,7,"[1,1,3,2]","[3,3,2,2,1,3,3]","[[1,2,3,4,5,6],[2],[1,2,4,6],[0,1,2,3,4,5,6]]",FEASIBLE,FEASIBLE,FEASIBLE,null,0.097349,0.14762,0.003351,False
701000,2,2,"[1,2]","[3,1]","[[1],[0,1]]",UNSAT,UNSAT,UNSAT,"[0, 1]",0.009693,0.029474,0.001708,False
701001,4,1,"[1,1,1,1]",[2],"[[0],[0],[0],[0]]",UNSAT,UNSAT,UNSAT,"[0, 1, 2]",0.019407,0.053527,0.001828,False
701002,1,5,[2],"[3,2,3,2,3]","[[2,3,4]]",FEASIBLE,FEASIBLE,FEASIBLE,null,0.006984,0.020419,0.001121,False
701003,4,5,"[3,2,3,3]","[2,3,1,3,3]","[[1,2,4],[1,2],[0,1,2,4],[0,1,3,4]]",UNSAT,UNSAT,UNSAT,"[0, 1]",0.02481,0.065553,0.00352,False
701004,7,5,"[2,2,1,1,3,3,2]","[1,3,2,3,2]","[[1,3],[0,1,2,3,4],[2],[0,2,4],[0,1,2],[0,1,2,4],[0,4]]",UNSAT,UNSAT,UNSAT,"[4, 6]",0.122033,0.120451,0.007646,False
701005,7,6,"[3,3,1,1,2,1,1]","[2,3,3,3,1,2]","[[0,1,3,4],[0,4,5],[0,3],[2],[0,1,2,3,4,5],[3],[3,4]]",UNSAT,UNSAT,UNSAT,"[0, 1, 2, 5, 6]",0.630078,0.087299,0.005608,False
701006,6,3,"[2,1,1,1,1,1]","[3,1,2]","[[0,1],[1],[1],[0],[0],[1,2]]",UNSAT,UNSAT,UNSAT,"[0, 1]",0.022829,0.053375,0.002893,False
701007,5,7,"[2,1,1,3,1]","[3,2,2,3,3,3,1]","[[0,3],[0,1,3,4,5,6],[1,3],[0,1,2,3,4,6],[2,4]]",FEASIBLE,FEASIBLE,FEASIBLE,null,0.210737,0.055232,0.003404,False
701008,7,2,"[1,2,2,1,2,1,2]","[2,3]","[[0,1],[0,1],[0,1],[1],[0,1],[0,1],[0,1]]",UNSAT,UNSAT,UNSAT,"[1, 2, 4]",0.107178,0.069149,0.004008,False
701009,7,1,"[1,1,1,1,1,1,1]",[2],"[[0],[0],[0],[0],[0],[0],[0]]",UNSAT,UNSAT,UNSAT,"[0, 1, 2]",0.046725,0.184005,0.002483,False
701010,6,2,"[1,1,1,1,1,1]","[3,3]","[[0],[0,1],[0,1],[0],[0],[0,1]]",FEASIBLE,FEASIBLE,FEASIBLE,null,0.170441,0.060164,0.002786,False
701011,1,6,[1],"[3,3,2,1,2,1]","[[1,2,5]]",FEASIBLE,FEASIBLE,FEASIBLE,null,0.007479,0.017356,0.001128,False
701012,7,6,"[2,2,3,1,2,1,1]","[1,3,3,2,3,2]","[[0,1,2,3,4],[1,2,3,4],[0,2,3,4,5],[0,1,2,3,4,5],[1,2,4,5],[2,3,4,5],[3]]",FEASIBLE,FEASIBLE,FEASIBLE,null,0.80672,0.099508,0.005982,False
701013,4,2,"[2,1,1,1]","[2,3]","[[0,1],[0],[1],[1]]",FEASIBLE,FEASIBLE,FEASIBLE,null,0.039534,0.030417,0.001549,False
701014,1,7,[3],"[1,2,1,3,3,2,1]","[[0,1,2,3,4,5,6]]",FEASIBLE,FEASIBLE,FEASIBLE,null,0.008203,0.026524,0.001657,False
701015,2,7,"[2,2]","[1,3,2,2,3,1,1]","[[1,2,6],[0,1,2,3,4,5,6]]",FEASIBLE,FEASIBLE,FEASIBLE,null,0.02041,0.033233,0.002105,False
701016,2,1,"[1,1]",[1],"[[0],[0]]",UNSAT,UNSAT,UNSAT,"[0, 1]",0.007064,0.025963,0.001295,False
701017,6,5,"[2,1,2,1,1,1]","[2,1,3,3,1]","[[0,1],[0,1,2,3,4],[0,1,2,3,4],[3],[0,1,2,3,4],[1,2,4]]",FEASIBLE,FEASIBLE,FEASIBLE,null,0.344906,0.063196,0.00374,False
701018,4,7,"[3,1,2,1]","[3,2,2,2,3,3,1]","[[0,1,2,3,4,5],[0,1,2,3,4,5,6],[0,1,2,3,4,5],[2]]",FEASIBLE,FEASIBLE,FEASIBLE,null,0.100178,0.051137,0.003226,False
701019,3,2,"[2,1,1]","[2,3]","[[0,1],[0,1],[1]]",FEASIBLE,FEASIBLE,FEASIBLE,null,0.019663,0.026823,0.001342,False
701020,2,6,"[3,2]","[1,3,1,1,2,3]","[[0,1,2,3,4,5],[2,3,4,5]]",FEASIBLE,FEASIBLE,FEASIBLE,null,0.019001,0.147006,0.0021,False
701021,7,3,"[1,1,2,1,1,1,1]","[2,3,3]","[[2],[0,1,2],[0,1,2],[0],[0],[2],[0]]",UNSAT,UNSAT,UNSAT,"[3, 4, 6]",0.197245,0.082176,0.004175,False
701022,2,3,"[2,1]","[3,1,3]","[[0,1,2],[1]]",FEASIBLE,FEASIBLE,FEASIBLE,null,0.012087,0.032435,0.001706,False
701023,6,3,"[1,1,1,1,1,1]","[2,2,2]","[[1],[2],[0,1,2],[0],[0,1],[1,2]]",FEASIBLE,FEASIBLE,FEASIBLE,null,0.219993,0.043995,0.002959,False
701024,4,1,"[1,1,1,1]",[1],"[[0],[0],[0],[0]]",UNSAT,UNSAT,UNSAT,"[0, 1]",0.010608,0.035861,0.002096,False
701025,7,2,"[1,1,1,1,1,1,2]","[2,3]","[[0,1],[1],[0],[0,1],[1],[1],[0,1]]",UNSAT,UNSAT,UNSAT,"[1, 4, 5, 6]",0.248688,0.066503,0.003604,False
701026,3,5,"[1,1,2]","[2,1,2,1,2]","[[0,1,2,3,4],[1],[0,1,2,3]]",FEASIBLE,FEASIBLE,FEASIBLE,null,0.11326,0.037771,0.002138,False
701027,3,4,"[3,1,1]","[3,2,1,3]","[[0,1,3],[0,1,2,3],[0,3]]",FEASIBLE,FEASIBLE,FEASIBLE,null,0.033238,0.035335,0.00193,False
701028,4,2,"[1,2,1,2]","[1,3]","[[0,1],[0,1],[1],[0,1]]",UNSAT,UNSAT,UNSAT,"[1, 3]",0.022943,0.047843,0.002606,False
701029,3,2,"[2,1,1]","[2,2]","[[0,1],[0,1],[0,1]]",FEASIBLE,FEASIBLE,FEASIBLE,null,0.019003,0.030032,0.001424,False
701030,7,3,"[1,1,1,2,2,1,1]","[1,3,3]","[[1,2],[0],[0,1,2],[0,2],[0,2],[1],[2]]",UNSAT,UNSAT,UNSAT,"[1, 3]",0.046613,0.068747,0.003555,False
701031,7,5,"[2,1,3,1,3,1,1]","[2,2,2,3,2]","[[0,1,3,4],[2,3,4],[0,2,3,4],[0],[1,2,3],[1,2],[2]]",UNSAT,UNSAT,UNSAT,"[0, 1, 2, 3, 4, 5, 6]",0.688848,0.116361,0.006984,False
701032,2,3,"[1,1]","[1,1,2]","[[0,1],[1]]",FEASIBLE,FEASIBLE,FEASIBLE,null,0.011974,0.126024,0.001064,False
701033,4,3,"[2,2,1,1]","[2,3,1]","[[1,2],[0,1,2],[0,1,2],[0,1,2]]",FEASIBLE,FEASIBLE,FEASIBLE,null,0.05134,0.040406,0.00207,False
701034,1,2,[1],"[2,3]",[[0]],FEASIBLE,FEASIBLE,FEASIBLE,null,0.004378,0.012499,0.000729,False
701035,6,2,"[1,1,1,1,2,1]","[3,2]","[[0,1],[0,1],[1],[1],[0,1],[1]]",UNSAT,UNSAT,UNSAT,"[2, 3, 4]",0.092462,0.055531,0.00294,False
701036,7,7,"[1,2,1,3,2,1,1]","[2,3,3,1,2,2,1]","[[5],[3,5,6],[0,1,3,5],[1,3,4,6],[3,5],[1,2,6],[1]]",UNSAT,UNSAT,UNSAT,"[0, 1, 4]",0.198924,0.081288,0.00567,False
701037,7,4,"[1,1,1,1,1,1,1]","[1,3,2,3]","[[1],[0,1,2,3],[2],[0],[0],[2,3],[0,3]]",UNSAT,UNSAT,UNSAT,"[3, 4]",0.089399,0.076301,0.003925,False
701038,3,7,"[2,2,3]","[3,1,1,3,3,3,2]","[[0,1,2,3,4,5,6],[2,6],[0,1,2,3,4]]",FEASIBLE,FEASIBLE,FEASIBLE,null,0.047079,0.048912,0.003092,False
701039,2,2,"[1,1]","[1,1]","[[0,1],[1]]",FEASIBLE,FEASIBLE,FEASIBLE,null,0.01192,0.02709,0.001005,False
701040,1,5,[1],"[3,3,1,2,3]","[[0,1,2,3,4]]",FEASIBLE,FEASIBLE,FEASIBLE,null,0.006735,0.018743,0.001305,False
701041,1,3,[3],"[3,1,2]","[[0,1,2]]",FEASIBLE,FEASIBLE,FEASIBLE,null,0.004975,0.02038,0.001051,False
701042,3,6,"[3,3,1]","[3,3,1,1,1,1]","[[0,1,3],[1,3,5],[0,1,3,5]]",UNSAT,UNSAT,UNSAT,"[0, 1]",0.023257,0.05237,0.003393,False
701043,6,3,"[3,1,1,1,1,1]","[3,1,3]","[[0,1,2],[0],[0],[1],[0],[1,2]]",UNSAT,UNSAT,UNSAT,"[0, 3]",0.034062,0.061194,0.003975,False
701044,2,5,"[3,1]","[2,1,3,1,3]","[[0,1,2,3,4],[0,1,2,3,4]]",FEASIBLE,FEASIBLE,FEASIBLE,null,0.016132,0.034766,0.001981,False
701045,2,2,"[1,2]","[3,1]","[[0,1],[0,1]]",FEASIBLE,FEASIBLE,FEASIBLE,null,0.010275,0.02725,0.00108,False
701046,1,1,[1],[3],[[0]],FEASIBLE,FEASIBLE,FEASIBLE,null,0.005507,0.028653,0.000584,False
701047,1,5,[1],"[1,3,2,3,1]",[[1]],FEASIBLE,FEASIBLE,FEASIBLE,null,0.007139,0.016171,0.000911,False
701048,2,3,"[1,1]","[2,2,3]","[[0],[0,1,2]]",FEASIBLE,FEASIBLE,FEASIBLE,null,0.011853,0.021704,0.001284,False
701049,7,6,"[3,1,1,2,3,1,1]","[1,2,2,1,3,3]","[[1,2,3,4,5],[0],[0,2,3],[0,2],[0,1,3,5],[4],[1]]",UNSAT,UNSAT,UNSAT,"[1, 3]",0.083416,0.13266,0.006906,False
701050,3,3,"[1,3,1]","[2,2,1]","[[0,1,2],[0,1,2],[0,2]]",FEASIBLE,FEASIBLE,FEASIBLE,null,0.025189,0.04743,0.002305,False
701051,6,5,"[1,1,2,2,2,3]","[2,2,3,2,1]","[[0,1,2,3,4],[0,4],[0,1,2,4],[2,3],[1,2,4],[0,1,2,3]]",UNSAT,UNSAT,UNSAT,"[0, 1, 2, 3, 4, 5]",0.355943,0.119013,0.007345,False
701052,2,4,"[2,1]","[3,1,2,1]","[[0,1,2,3],[2,3]]",FEASIBLE,FEASIBLE,FEASIBLE,null,0.015029,0.027406,0.001435,False
701053,6,4,"[3,1,1,1,1,1]","[3,3,2,3]","[[0,1,2,3],[0,1,2,3],[2],[0,1,2,3],[0,1,3],[2]]",FEASIBLE,FEASIBLE,FEASIBLE,null,0.279417,0.069702,0.003913,False
701054,1,4,[1],"[1,1,3,2]",[[0]],FEASIBLE,FEASIBLE,FEASIBLE,null,0.006147,0.014972,0.000772,False
701055,1,2,[1],"[1,3]",[[1]],FEASIBLE,FEASIBLE,FEASIBLE,null,0.004291,0.012856,0.000718,False
701056,6,7,"[3,3,1,3,1,1]","[3,1,2,3,3,2,2]","[[0,1,2,3,5,6],[1,3,4],[1,5],[0,1,3,4,5,6],[3,4],[3,5,6]]",FEASIBLE,FEASIBLE,FEASIBLE,null,0.456849,0.10377,0.005451,False
701057,6,4,"[3,1,1,1,3,3]","[2,3,3,3]","[[0,1,2,3],[0,1,2,3],[1,3],[2,3],[0,2,3],[0,1,2,3]]",UNSAT,UNSAT,UNSAT,"[0, 1, 2, 3, 4, 5]",0.283793,0.227907,0.00662,False
701058,4,4,"[1,1,2,1]","[3,1,3,2]","[[0,1,2,3],[3],[1,2],[2]]",FEASIBLE,FEASIBLE,FEASIBLE,null,0.073376,0.036736,0.00188,False
701059,6,1,"[1,1,1,1,1,1]",[3],"[[0],[0],[0],[0],[0],[0]]",UNSAT,UNSAT,UNSAT,"[0, 1, 2, 3]",0.072701,0.049417,0.002436,False
701060,1,7,[1],"[2,1,2,2,2,2,3]","[[5,6]]",FEASIBLE,FEASIBLE,FEASIBLE,null,0.008254,0.018619,0.00109,False
701061,4,2,"[2,1,1,1]","[2,2]","[[0,1],[1],[1],[1]]",UNSAT,UNSAT,UNSAT,"[0, 1, 2]",0.030145,0.043305,0.002208,False
701062,2,2,"[1,1]","[2,2]","[[1],[0,1]]",FEASIBLE,FEASIBLE,FEASIBLE,null,0.010105,0.02063,0.001,False
701063,4,4,"[1,2,3,2]","[2,2,2,1]","[[0],[2,3],[1,2,3],[0,1,2,3]]",UNSAT,UNSAT,UNSAT,"[1, 2]",0.033919,0.057305,0.003006,False
701064,3,1,"[1,1,1]",[3],"[[0],[0],[0]]",FEASIBLE,FEASIBLE,FEASIBLE,null,0.014539,0.023796,0.000968,False
701065,5,7,"[1,2,1,1,1]","[2,3,2,3,2,1,3]","[[2,3,4,5],[2,3,4,6],[0,1,3,4,5],[3,6],[0,2]]",FEASIBLE,FEASIBLE,FEASIBLE,null,0.224484,0.048834,0.003303,False
701066,5,1,"[1,1,1,1,1]",[1],"[[0],[0],[0],[0],[0]]",UNSAT,UNSAT,UNSAT,"[0, 1]",0.014119,0.047979,0.001963,False
701067,4,7,"[2,1,1,3]","[1,3,1,3,2,3,1]","[[0,1,2,3,4,5,6],[5],[0,1,2,5],[0,2,3,5,6]]",FEASIBLE,FEASIBLE,FEASIBLE,null,0.106909,0.071719,0.003099,False
701068,5,3,"[1,1,1,1,2]","[3,2,3]","[[0,1,2],[0],[0,1,2],[0,1,2],[0,1,2]]",FEASIBLE,FEASIBLE,FEASIBLE,null,0.125836,0.053428,0.00236,False
701069,5,3,"[2,1,1,1,2]","[2,2,3]","[[0,2],[0,1,2],[2],[1,2],[1,2]]",FEASIBLE,FEASIBLE,FEASIBLE,null,0.110191,0.160304,0.002154,False
701070,6,6,"[3,1,1,2,1,3]","[3,2,2,1,2,1]","[[1,2,3,4,5],[4],[4],[0,2],[5],[0,1,2,3,4,5]]",UNSAT,UNSAT,UNSAT,"[0, 1, 2, 3, 4, 5]",0.398159,0.086212,0.005069,False
701071,7,7,"[3,3,2,1,1,2,1]","[1,2,1,3,2,3,3]","[[1,3,4,6],[0,1,2,3,4,5,6],[0,1,2,3,4,6],[3,4],[1,6],[2,5,6],[1,2,3]]",FEASIBLE,FEASIBLE,FEASIBLE,null,1.044336,0.111827,0.00608,False
701072,3,7,"[1,2,1]","[1,1,1,3,3,1,3]","[[3,4,5,6],[1,2,3,4,6],[2,3,4]]",FEASIBLE,FEASIBLE,FEASIBLE,null,0.049347,0.039304,0.002466,False
701073,2,3,"[1,1]","[1,2,1]","[[0,1],[1,2]]",FEASIBLE,FEASIBLE,FEASIBLE,null,0.012745,0.021288,0.001199,False
701074,1,4,[2],"[3,3,3,3]","[[0,1,2,3]]",FEASIBLE,FEASIBLE,FEASIBLE,null,0.005964,0.020434,0.001146,False
701075,4,1,"[1,1,1,1]",[2],"[[0],[0],[0],[0]]",UNSAT,UNSAT,UNSAT,"[0, 1, 2]",0.020771,0.039142,0.001704,False
701076,6,7,"[2,1,1,2,2,2]","[3,1,1,1,1,2,2]","[[0,1],[0,1,2,3,4,5,6],[3],[0,1,2,3,4,5,6],[0,5],[0,1,6]]",FEASIBLE,FEASIBLE,FEASIBLE,null,0.467801,0.097586,0.005073,False
701077,2,3,"[2,2]","[1,1,3]","[[0,2],[0,1]]",UNSAT,UNSAT,UNSAT,"[0, 1]",0.012455,0.036465,0.002062,False
701078,3,7,"[1,2,1]","[2,1,2,2,2,3,3]","[[0,1,2,3,4,5,6],[0,2,3,4,5,6],[1]]",FEASIBLE,FEASIBLE,FEASIBLE,null,0.048384,0.040536,0.00266,False
701079,5,5,"[1,3,1,3,1]","[2,2,2,2,2]","[[1],[2,3,4],[3],[0,1,3,4],[0,1,4]]",FEASIBLE,FEASIBLE,FEASIBLE,null,0.165456,0.246624,0.002682,False
701080,5,4,"[2,1,1,1,2]","[3,1,3,3]","[[0,1,2,3],[2],[0],[0,2],[0,1,2,3]]",FEASIBLE,FEASIBLE,FEASIBLE,null,0.136601,0.049508,0.002392,False
701081,5,1,"[1,1,1,1,1]",[2],"[[0],[0],[0],[0],[0]]",UNSAT,UNSAT,UNSAT,"[0, 1, 2]",0.028206,0.043696,0.001918,False
701082,7,3,"[1,1,1,3,1,1,3]","[3,1,1]","[[0,1],[1],[1],[0,1,2],[2],[0],[0,1,2]]",UNSAT,UNSAT,UNSAT,"[1, 2]",0.046005,0.072396,0.004199,False
701083,2,4,"[2,2]","[3,3,2,3]","[[0,1,2],[0,3]]",FEASIBLE,FEASIBLE,FEASIBLE,null,0.015374,0.029,0.001488,False
701084,3,2,"[1,1,2]","[2,2]","[[1],[0],[0,1]]",FEASIBLE,FEASIBLE,FEASIBLE,null,0.020817,0.026874,0.001322,False
701085,5,2,"[2,1,2,2,1]","[1,2]","[[0,1],[0],[0,1],[0,1],[1]]",UNSAT,UNSAT,UNSAT,"[0, 1]",0.016255,0.053612,0.002992,False
701086,7,6,"[2,1,1,1,2,2,1]","[3,3,1,3,3,1]","[[0,1,2,3,4,5],[0,1,3,4,5],[4],[0,1,3,5],[4,5],[0,1,2,3,4,5],[0,1]]",FEASIBLE,FEASIBLE,FEASIBLE,null,0.835013,0.072044,0.004509,False
701087,5,5,"[3,3,2,2,3]","[2,1,3,2,1]","[[0,1,2,3,4],[0,1,2,3],[0,1,2,4],[1,3,4],[0,1,2,3,4]]",UNSAT,UNSAT,UNSAT,"[0, 1, 2, 3]",0.150757,0.094496,0.00584,False
701088,4,2,"[1,1,1,2]","[3,2]","[[0],[0],[0],[0,1]]",UNSAT,UNSAT,UNSAT,"[0, 1, 2, 3]",0.041593,0.046079,0.002219,False
701089,6,4,"[2,2,1,3,2,1]","[1,2,3,1]","[[1,3],[0,1,2,3],[3],[0,2,3],[0,1,3],[3]]",UNSAT,UNSAT,UNSAT,"[0, 2]",0.033109,0.103874,0.005467,False
701090,7,1,"[1,1,1,1,1,1,1]",[3],"[[0],[0],[0],[0],[0],[0],[0]]",UNSAT,UNSAT,UNSAT,"[0, 1, 2, 3]",0.108783,3.781467,0.00254,False
701091,6,4,"[2,1,2,1,2,3]","[2,1,3,1]","[[1,3],[2],[0,1],[2],[0,2,3],[0,1,3]]",UNSAT,UNSAT,UNSAT,"[0, 2]",0.036196,0.074226,0.003899,False
701092,7,7,"[2,2,3,2,2,2,2]","[1,3,1,1,1,1,3]","[[0,2,5],[1,3],[0,3,4],[2,5],[2,4,5],[1,2],[0,1,4]]",UNSAT,UNSAT,UNSAT,"[0, 3]",0.062532,0.095146,0.006132,False
701093,3,6,"[2,2,3]","[2,2,1,2,2,2]","[[0,1,3,5],[0,1,2,3,4,5],[0,1,2,3,4]]",FEASIBLE,FEASIBLE,FEASIBLE,null,0.042692,0.063865,0.00299,False
701094,1,2,[2],"[2,1]","[[0,1]]",FEASIBLE,FEASIBLE,FEASIBLE,null,0.004679,0.017431,0.00081,False
701095,2,1,"[1,1]",[3],"[[0],[0]]",FEASIBLE,FEASIBLE,FEASIBLE,null,0.008075,0.017721,0.000829,False
701096,3,4,"[1,2,3]","[2,2,1,1]","[[2,3],[0,1,2,3],[0,2,3]]",UNSAT,UNSAT,UNSAT,"[0, 2]",0.0224,0.052286,0.003142,False
701097,3,5,"[1,2,2]","[1,3,1,2,1]","[[4],[0,1,2,3,4],[1,4]]",UNSAT,UNSAT,UNSAT,"[0, 2]",0.02621,0.046661,0.002698,False
701098,6,2,"[1,1,1,2,1,1]","[1,2]","[[0],[1],[0],[0,1],[1],[1]]",UNSAT,UNSAT,UNSAT,"[0, 2]",0.021169,0.124376,0.002941,False
701099,5,7,"[1,1,3,2,2]","[1,3,3,1,2,1,3]","[[0,1,2,3,4,6],[3],[1,2,4,5],[1,4],[1,2,5]]",FEASIBLE,FEASIBLE,FEASIBLE,null,0.219859,0.058232,0.003243,False
701100,7,6,"[1,1,2,2,2,1,1]","[2,2,1,2,3,3]","[[2],[0,1,3,4,5],[0,1,2,3],[0,2,5],[0,4],[4,5],[1]]",FEASIBLE,FEASIBLE,FEASIBLE,null,0.884472,0.090522,0.004536,False
701101,2,4,"[1,1]","[3,2,1,3]","[[0],[1]]",FEASIBLE,FEASIBLE,FEASIBLE,null,0.017842,0.021158,0.001096,False
701102,5,1,"[1,1,1,1,1]",[3],"[[0],[0],[0],[0],[0]]",UNSAT,UNSAT,UNSAT,"[0, 1, 2, 3]",0.045819,0.044325,0.001988,False
701103,1,5,[2],"[1,3,1,1,2]","[[0,1,3,4]]",FEASIBLE,FEASIBLE,FEASIBLE,null,0.007276,0.021805,0.001224,False
701104,3,3,"[1,1,3]","[3,1,3]","[[2],[1,2],[0,1,2]]",FEASIBLE,FEASIBLE,FEASIBLE,null,0.026183,0.043522,0.002166,False
701105,2,1,"[1,1]",[1],"[[0],[0]]",UNSAT,UNSAT,UNSAT,"[0, 1]",0.007666,0.027223,0.001204,False
701106,4,6,"[1,1,1,1]","[2,3,1,1,2,2]","[[4,5],[5],[0,2,4,5],[1,4]]",FEASIBLE,FEASIBLE,FEASIBLE,null,0.090439,0.036627,0.001983,False
701107,2,3,"[2,1]","[2,2,2]","[[0,1,2],[0]]",FEASIBLE,FEASIBLE,FEASIBLE,null,0.012088,0.023925,0.001268,False
701108,2,2,"[1,2]","[1,1]","[[0],[0,1]]",UNSAT,UNSAT,UNSAT,"[0, 1]",0.00981,0.031861,0.001564,False
701109,1,5,[3],"[1,2,1,2,1]","[[0,1,2,3,4]]",FEASIBLE,FEASIBLE,FEASIBLE,null,0.006601,0.036389,0.001307,False
701110,7,2,"[1,1,1,1,1,1,2]","[2,1]","[[1],[1],[0,1],[1],[1],[0],[0,1]]",UNSAT,UNSAT,UNSAT,"[0, 1]",0.021177,0.155464,0.003349,False
701111,2,7,"[3,3]","[2,2,2,1,1,1,3]","[[0,1,4,6],[0,1,2,3,5,6]]",FEASIBLE,FEASIBLE,FEASIBLE,null,0.022842,0.0418,0.002198,False
701112,7,7,"[2,1,1,3,2,2,1]","[3,2,3,2,3,3,2]","[[1,2,5],[0],[2],[0,3,5,6],[3,6],[0,1,2,4,5,6],[0,1,2,3,4,5,6]]",FEASIBLE,FEASIBLE,FEASIBLE,null,0.969477,0.16017,0.004701,False
701113,5,1,"[1,1,1,1,1]",[1],"[[0],[0],[0],[0],[0]]",UNSAT,UNSAT,UNSAT,"[0, 1]",0.014615,0.048452,0.001858,False
701114,2,3,"[1,2]","[1,1,3]","[[0,2],[1,2]]",FEASIBLE,FEASIBLE,FEASIBLE,null,0.012836,0.027065,0.001254,False
701115,5,2,"[2,1,1,1,1]","[2,3]","[[0,1],[0],[0],[1],[0]]",UNSAT,UNSAT,UNSAT,"[0, 1, 2]",0.048808,0.08012,0.002516,False
701116,1,4,[1],"[3,3,2,2]",[[2]],FEASIBLE,FEASIBLE,FEASIBLE,null,0.008393,0.019591,0.000803,False
701117,6,2,"[1,1,1,2,1,2]","[3,3]","[[1],[1],[0],[0,1],[0],[0,1]]",UNSAT,UNSAT,UNSAT,"[0, 1, 3, 5]",0.116304,0.061346,0.003023,False
701118,3,4,"[1,1,3]","[1,1,3,1]","[[1,3],[3],[0,1,2,3]]",UNSAT,UNSAT,UNSAT,"[0, 1, 2]",0.032267,0.052697,0.002707,False
701119,7,2,"[2,1,2,1,1,1,1]","[1,1]","[[0,1],[0],[0,1],[0],[0],[0],[1]]",UNSAT,UNSAT,UNSAT,"[0, 1]",0.020568,0.065036,0.002933,False
701120,7,3,"[2,2,3,2,2,1,1]","[3,1,2]","[[0,1,2],[0,1,2],[0,1,2],[0,2],[0,2],[0],[1]]",UNSAT,UNSAT,UNSAT,"[2, 6]",0.07919,0.092911,0.004713,False
701121,6,1,"[1,1,1,1,1,1]",[1],"[[0],[0],[0],[0],[0],[0]]",UNSAT,UNSAT,UNSAT,"[0, 1]",0.013534,0.05523,0.002146,False
701122,5,6,"[3,3,1,2,2]","[3,1,3,3,1,3]","[[0,1,2],[0,2,4,5],[0],[0,1,2,4,5],[0,1,2,3,4,5]]",FEASIBLE,FEASIBLE,FEASIBLE,null,0.199546,0.191247,0.003791,False
701123,2,4,"[1,1]","[1,3,1,1]","[[0,1],[3]]",FEASIBLE,FEASIBLE,FEASIBLE,null,0.015966,0.022135,0.001184,False
701124,7,6,"[1,2,1,2,2,1,1]","[2,1,2,1,2,2]","[[1],[0,1,2,3,4,5],[3],[0,2,3,4,5],[0,1,2,3,4,5],[0],[0,2,3]]",FEASIBLE,FEASIBLE,FEASIBLE,null,0.878712,0.106871,0.00523,False
701125,6,7,"[1,1,1,2,3,3]","[1,2,2,2,2,3,3]","[[0,4],[1,2,3,4,6],[0,1,2,3,4,5,6],[1,2,3,4,5,6],[0,1,2,3,4,5],[0,1,2,3,4,5,6]]",FEASIBLE,FEASIBLE,FEASIBLE,null,0.467114,0.086896,0.006053,False
701126,6,3,"[2,2,1,1,1,2]","[3,2,2]","[[0,2],[1,2],[2],[1],[0,2],[1,2]]",UNSAT,UNSAT,UNSAT,"[0, 1, 2]",0.073015,0.066927,0.003644,False
701127,4,6,"[1,3,2,2]","[2,3,1,3,3,3]","[[2,4],[1,2,3],[0,5],[0,1,2,3,4,5]]",FEASIBLE,FEASIBLE,FEASIBLE,null,0.107728,0.067592,0.003394,False
701128,7,4,"[1,1,1,1,1,3,2]","[1,3,3,2]","[[0,1,3],[1],[3],[0,2],[2],[0,1,2,3],[0,1,2,3]]",UNSAT,UNSAT,UNSAT,"[0, 1, 2, 3, 4, 5, 6]",0.607109,0.086675,0.005123,False
701129,2,2,"[1,2]","[3,1]","[[0],[0,1]]",FEASIBLE,FEASIBLE,FEASIBLE,null,0.010247,0.027942,0.001866,False
701130,7,6,"[1,2,1,3,3,2,1]","[1,2,1,2,3,2]","[[3],[1,2],[0,5],[1,2,3,5],[0,1,2,3,4,5],[0,2,3],[0,1,5]]",UNSAT,UNSAT,UNSAT,"[0, 1, 3, 5]",0.420973,0.207667,0.007243,False
701131,2,1,"[1,1]",[1],"[[0],[0]]",UNSAT,UNSAT,UNSAT,"[0, 1]",0.007918,0.027741,0.001207,False
701132,4,3,"[1,1,1,2]","[2,2,1]","[[1,2],[2],[0,1],[0,1]]",FEASIBLE,FEASIBLE,FEASIBLE,null,0.053128,0.03485,0.001815,False
701133,2,5,"[2,1]","[1,1,1,1,3]","[[2,3,4],[1,3,4]]",FEASIBLE,FEASIBLE,FEASIBLE,null,0.016988,0.027494,0.001657,False
701134,5,3,"[2,3,2,1,2]","[2,2,1]","[[0,1,2],[0,1,2],[1,2],[0,1],[0,1,2]]",UNSAT,UNSAT,UNSAT,"[1, 2]",0.034163,0.069831,0.003903,False
701135,1,2,[1],"[3,1]",[[1]],FEASIBLE,FEASIBLE,FEASIBLE,null,0.005698,0.015936,0.000715,False
701136,5,7,"[2,2,1,2,2]","[3,3,3,3,1,2,1]","[[0,1,2,4,5,6],[1,2],[4],[0,1,3,4,5],[0,1,2,3,4,5,6]]",FEASIBLE,FEASIBLE,FEASIBLE,null,0.219784,0.072335,0.003694,False
701137,6,1,"[1,1,1,1,1,1]",[2],"[[0],[0],[0],[0],[0],[0]]",UNSAT,UNSAT,UNSAT,"[0, 1, 2]",0.036481,0.047962,0.002238,False
701138,3,6,"[1,2,1]","[2,2,3,2,1,3]","[[0,1,2,3,4,5],[0,1,2,4],[0,2,5]]",FEASIBLE,FEASIBLE,FEASIBLE,null,0.04168,0.039302,0.002392,False
701139,5,1,"[1,1,1,1,1]",[2],"[[0],[0],[0],[0],[0]]",UNSAT,UNSAT,UNSAT,"[0, 1, 2]",0.027172,0.041223,0.002735,False
701140,2,1,"[1,1]",[3],"[[0],[0]]",FEASIBLE,FEASIBLE,FEASIBLE,null,0.009771,0.017658,0.000724,False
701141,1,5,[1],"[3,3,3,2,2]",[[2]],FEASIBLE,FEASIBLE,FEASIBLE,null,0.006397,0.014267,0.001997,False
701142,4,7,"[1,1,3,2]","[3,1,3,2,3,2,2]","[[5],[2,4],[0,1,3,5],[1,2]]",FEASIBLE,FEASIBLE,FEASIBLE,null,0.100995,0.059192,0.003531,False
701143,5,5,"[2,3,1,1,2]","[1,3,2,1,3]","[[0,1],[2,3,4],[4],[1],[0,1]]",UNSAT,UNSAT,UNSAT,"[0, 4]",0.044451,0.168553,0.003703,False
701144,1,6,[1],"[1,1,2,3,2,3]",[[4]],FEASIBLE,FEASIBLE,FEASIBLE,null,0.007463,0.016859,0.001014,False
701145,1,2,[2],"[2,1]","[[0,1]]",FEASIBLE,FEASIBLE,FEASIBLE,null,0.004458,0.016797,0.000795,False
701146,5,5,"[3,1,1,1,2]","[1,2,2,2,3]","[[0,1,2,3,4],[0,3],[3,4],[2,3],[2,3]]",FEASIBLE,FEASIBLE,FEASIBLE,null,0.156295,0.068154,0.003675,False
701147,5,5,"[3,1,2,1,2]","[1,2,3,3,1]","[[0,1,2,3],[4],[1,2,3,4],[0,1,2,3,4],[0,1]]",FEASIBLE,FEASIBLE,FEASIBLE,null,0.163385,0.075607,0.004102,False
701148,6,3,"[1,2,1,2,1,1]","[2,3,2]","[[2],[0,1,2],[1,2],[0,1,2],[0,1],[2]]",UNSAT,UNSAT,UNSAT,"[0, 1, 2, 3, 4, 5]",0.218328,0.065996,0.004402,False
701149,7,7,"[1,1,2,1,1,2,1]","[2,1,1,2,1,2,2]","[[1,2,5,6],[1,2,3,4,5],[0,1,3,4,6],[4],[0],[1,2,3,4,5,6],[4]]",UNSAT,UNSAT,UNSAT,"[3, 6]",0.15673,0.081405,0.00535,False
701150,7,7,"[3,1,2,1,3,2,2]","[3,1,1,2,1,2,2]","[[0,1,4,6],[1,2,4],[1,3,4,5],[0,1,2,3,4,5,6],[1,2,4,5,6],[0,1,2,4,6],[0,1,2,3,4,5,6]]",UNSAT,UNSAT,UNSAT,"[0, 1, 4, 5]",0.477481,0.125516,0.010162,False
701151,5,6,"[2,2,1,1,1]","[3,3,3,3,2,3]","[[2,3],[0,1,2,3,4],[2,4,5],[5],[5]]",FEASIBLE,FEASIBLE,FEASIBLE,null,0.185156,0.046951,0.002688,False
701152,7,5,"[1,1,3,2,3,1,1]","[1,1,3,2,2]","[[0,1,2,3,4],[4],[0,1,2,4],[1,2],[0,2,3],[0,1,2,3,4],[0,1,2,3,4]]",UNSAT,UNSAT,UNSAT,"[2, 3, 4]",0.263905,0.201224,0.009406,False
701153,5,5,"[2,2,2,2,3]","[3,3,1,1,3]","[[0,1,2],[1,4],[0,2],[0,2],[0,3,4]]",UNSAT,UNSAT,UNSAT,"[2, 3]",0.06134,0.068586,0.004275,False
701154,7,4,"[3,2,1,1,3,3,3]","[2,3,2,3]","[[0,1,2,3],[1,2],[1],[2,3],[1,2,3],[0,1,2,3],[0,2,3]]",UNSAT,UNSAT,UNSAT,"[1, 4, 6]",0.214053,0.092864,0.005722,False
701155,4,3,"[1,1,2,2]","[1,1,2]","[[0,1],[0,1],[0,1,2],[1,2]]",UNSAT,UNSAT,UNSAT,"[0, 1, 2]",0.037277,0.052302,0.00333,False
701156,6,6,"[2,1,2,1,1,1]","[3,2,1,3,3,2]","[[0,2,4,5],[0,2,3,4,5],[0,1,2,3,4,5],[3],[2,3],[3]]",FEASIBLE,FEASIBLE,FEASIBLE,null,0.389978,0.055708,0.003541,False
701157,6,5,"[2,1,1,3,3,2]","[3,3,1,1,1]","[[0,1],[2,3,4],[0,1],[0,1,2,3,4],[0,1,2,4],[0,1,2,3,4]]",UNSAT,UNSAT,UNSAT,"[0, 3, 4, 5]",0.285274,0.093197,0.00607,False
701158,6,6,"[1,2,2,1,3,1]","[2,3,1,3,2,3]","[[0,2,3,4],[3,4],[0,5],[3],[0,1,2,3],[5]]",FEASIBLE,FEASIBLE,FEASIBLE,null,0.380882,0.059443,0.003333,False
701159,6,1,"[1,1,1,1,1,1]",[2],"[[0],[0],[0],[0],[0],[0]]",UNSAT,UNSAT,UNSAT,"[0, 1, 2]",0.050779,0.051645,0.002551,False
701160,4,6,"[2,1,1,1]","[1,2,3,3,2,3]","[[0,1,2,3,4,5],[0,1,2,3,4,5],[1],[4]]",FEASIBLE,FEASIBLE,FEASIBLE,null,0.084053,0.056069,0.003551,False
701161,2,1,"[1,1]",[2],"[[0],[0]]",FEASIBLE,FEASIBLE,FEASIBLE,null,0.007333,0.017319,0.00087,False
701162,6,7,"[1,2,1,3,3,2]","[1,1,2,3,2,3,2]","[[0,2,3,4,6],[0,1,3,4,6],[0,1,3,5,6],[0,1,2,3,4,6],[1,2,5,6],[0,5,6]]",FEASIBLE,FEASIBLE,FEASIBLE,null,0.535682,0.078626,0.004686,False
701163,6,1,"[1,1,1,1,1,1]",[2],"[[0],[0],[0],[0],[0],[0]]",UNSAT,UNSAT,UNSAT,"[0, 1, 2]",0.035117,0.045336,0.002276,False
701164,4,2,"[1,1,1,2]","[2,1]","[[1],[0,1],[0,1],[0,1]]",UNSAT,UNSAT,UNSAT,"[0, 3]",0.017962,0.042353,0.002516,False
701165,3,7,"[3,3,1]","[1,1,1,1,2,1,3]","[[1,2,3,4,5,6],[2,4,5],[5]]",UNSAT,UNSAT,UNSAT,"[1, 2]",0.037725,0.064997,0.003849,False
701166,3,1,"[1,1,1]",[1],"[[0],[0],[0]]",UNSAT,UNSAT,UNSAT,"[0, 1]",0.008473,0.029825,0.001556,False
701167,3,4,"[1,2,3]","[3,1,3,1]","[[0,1,2],[1,2,3],[0,1,2,3]]",FEASIBLE,FEASIBLE,FEASIBLE,null,0.029727,0.037511,0.002149,False
701168,5,5,"[3,1,1,1,3]","[3,2,1,3,1]","[[0,1,2,4],[4],[0,1,3,4],[0,2,3],[0,2,3,4]]",UNSAT,UNSAT,UNSAT,"[0, 1, 4]",0.086031,0.086592,0.005259,False
701169,3,1,"[1,1,1]",[2],"[[0],[0],[0]]",UNSAT,UNSAT,UNSAT,"[0, 1, 2]",0.013532,0.032999,0.001553,False
701170,4,1,"[1,1,1,1]",[2],"[[0],[0],[0],[0]]",UNSAT,UNSAT,UNSAT,"[0, 1, 2]",0.019029,0.035732,0.003026,False
701171,3,1,"[1,1,1]",[1],"[[0],[0],[0]]",UNSAT,UNSAT,UNSAT,"[0, 1]",0.009467,0.032855,0.001676,False
701172,7,3,"[1,2,2,1,1,2,1]","[1,2,1]","[[0],[0,1],[0,1,2],[1],[2],[0,2],[1]]",UNSAT,UNSAT,UNSAT,"[0, 1]",0.025843,0.063808,0.004628,False
701173,6,5,"[2,1,2,3,2,1]","[3,3,1,3,1]","[[0,1,2,3,4],[0,3,4],[0,1,2,3,4],[0,1,3,4],[0,1,2,3,4],[4]]",FEASIBLE,FEASIBLE,FEASIBLE,null,0.32563,0.186241,0.005257,False
701174,2,2,"[1,1]","[3,3]","[[0,1],[0]]",FEASIBLE,FEASIBLE,FEASIBLE,null,0.009932,0.018091,0.001126,False
701175,2,2,"[2,1]","[3,2]","[[0,1],[0]]",FEASIBLE,FEASIBLE,FEASIBLE,null,0.008894,0.020465,0.001064,False
701176,5,7,"[1,2,1,2,1]","[2,3,2,2,3,3,3]","[[0,1,2,3,4,5,6],[0,1,2,3,4,6],[0,2],[3,5,6],[3,6]]",FEASIBLE,FEASIBLE,FEASIBLE,null,0.290022,0.066645,0.003581,False
701177,2,1,"[1,1]",[3],"[[0],[0]]",FEASIBLE,FEASIBLE,FEASIBLE,null,0.008435,0.0188,0.000822,False
701178,6,7,"[1,3,1,3,1,2]","[3,2,3,1,3,1,2]","[[2],[0,2,3,4,5,6],[0,2],[0,1,3,4,6],[1,3,6],[0,1,2,4,6]]",FEASIBLE,FEASIBLE,FEASIBLE,null,0.430043,0.070477,0.004178,False
701179,1,6,[2],"[3,2,3,1,1,2]","[[0,2,4,5]]",FEASIBLE,FEASIBLE,FEASIBLE,null,0.007416,0.021915,0.001362,False
701180,6,1,"[1,1,1,1,1,1]",[2],"[[0],[0],[0],[0],[0],[0]]",UNSAT,UNSAT,UNSAT,"[0, 1, 2]",0.039009,0.048925,0.002125,False
701181,4,1,"[1,1,1,1]",[1],"[[0],[0],[0],[0]]",UNSAT,UNSAT,UNSAT,"[0, 1]",0.00997,0.036175,0.001812,False
701182,6,5,"[3,3,2,3,1,3]","[2,1,3,1,1]","[[0,2,3,4],[0,1,2,3,4],[0,1,2,3],[0,1,2,4],[3],[0,1,2,3]]",UNSAT,UNSAT,UNSAT,"[0, 1, 3]",0.188538,0.093456,0.005992,False
701183,4,5,"[2,3,2,1]","[2,1,2,1,1]","[[0,1,2,3,4],[0,1,2,4],[0,1,3],[0,1]]",UNSAT,UNSAT,UNSAT,"[0, 1, 2, 3]",0.077995,0.089844,0.00531,False
701184,7,3,"[1,2,1,1,3,3,2]","[3,2,3]","[[0,1,2],[0,2],[1,2],[2],[0,1,2],[0,1,2],[0,1,2]]",UNSAT,UNSAT,UNSAT,"[0, 1, 4, 5]",0.226639,0.193475,0.004888,False
701185,1,2,[1],"[1,2]","[[0,1]]",FEASIBLE,FEASIBLE,FEASIBLE,null,0.004371,0.014456,0.000712,False
701186,7,6,"[3,3,1,3,1,3,3]","[2,1,3,2,2,3]","[[1,2,3],[1,2,3],[0,2],[2,3,4],[0],[0,1,2,4,5],[0,1,2,3,4,5]]",UNSAT,UNSAT,UNSAT,"[0, 1]",0.042258,0.103112,0.006789,False
701187,2,5,"[2,1]","[1,1,3,2,2]","[[0,1,3,4],[1]]",FEASIBLE,FEASIBLE,FEASIBLE,null,0.016461,0.034307,0.001995,False
701188,3,5,"[2,1,1]","[2,1,2,2,3]","[[3,4],[4],[3]]",FEASIBLE,FEASIBLE,FEASIBLE,null,0.034406,0.027311,0.001329,False
701189,3,1,"[1,1,1]",[1],"[[0],[0],[0]]",UNSAT,UNSAT,UNSAT,"[0, 1]",0.008546,0.030078,0.001129,False
701190,1,4,[2],"[2,2,3,2]","[[0,1,2]]",FEASIBLE,FEASIBLE,FEASIBLE,null,0.005751,0.019047,0.0009,False
701191,1,1,[1],[1],[[0]],FEASIBLE,FEASIBLE,FEASIBLE,null,0.003291,0.012025,0.000535,False
701192,6,7,"[2,1,2,2,2,1]","[2,2,3,2,1,2,1]","[[0,1,2,3,4,5,6],[3],[0,2,3,4,5,6],[0,2,4,5],[0,1,4,5,6],[2]]",FEASIBLE,FEASIBLE,FEASIBLE,null,0.415488,0.066829,0.003654,False
701193,1,6,[1],"[3,3,2,1,1,3]","[[0,1,2,4,5]]",FEASIBLE,FEASIBLE,FEASIBLE,null,0.00719,0.018745,0.001131,False
701194,1,3,[2],"[3,1,2]","[[1,2]]",FEASIBLE,FEASIBLE,FEASIBLE,null,0.004656,0.016406,0.000859,False
701195,1,6,[3],"[3,3,3,1,1,2]","[[1,3,5]]",FEASIBLE,FEASIBLE,FEASIBLE,null,0.006674,0.020996,0.001084,False
701196,5,6,"[1,1,2,3,1]","[1,1,2,3,3,1]","[[0,1,3,5],[0,1,2,3,4,5],[1,4,5],[0,1,2,4,5],[0,3,5]]",FEASIBLE,FEASIBLE,FEASIBLE,null,0.203893,0.074259,0.004183,False
701197,6,5,"[2,3,2,3,2,1]","[2,2,3,2,1]","[[0,1,3],[0,2,3],[1,4],[0,1,2,3,4],[0,1,2,4],[4]]",UNSAT,UNSAT,UNSAT,"[2, 5]",0.078761,0.181582,0.004738,False
701198,6,3,"[1,2,1,2,1,2]","[2,1,1]","[[0,1,2],[1,2],[0,2],[0,1],[0],[0,1,2]]",UNSAT,UNSAT,UNSAT,"[1, 3]",0.041889,0.061322,0.003424,False
701199,1,7,[3],"[3,1,3,2,1,1,2]","[[0,1,3,4,5,6]]",FEASIBLE,FEASIBLE,FEASIBLE,null,0.007488,0.025492,0.00135,False
701200,2,4,"[2,1]","[3,3,1,2]","[[0,1,2,3],[0,1,2,3]]",FEASIBLE,FEASIBLE,FEASIBLE,null,0.013643,0.025802,0.001465,False
701201,1,7,[3],"[3,3,3,3,2,3,2]","[[0,1,2,4,6]]",FEASIBLE,FEASIBLE,FEASIBLE,null,0.007619,0.023834,0.001192,False
701202,3,5,"[1,1,1]","[1,2,2,1,1]","[[0,1,3,4],[0,1,2,3],[1,3,4]]",FEASIBLE,FEASIBLE,FEASIBLE,null,0.033629,0.030553,0.001739,False
701203,7,5,"[1,3,2,1,2,2,3]","[3,2,3,3,3]","[[4],[1,2,4],[0,1,2,3,4],[0,1,4],[2,4],[0,1,3,4],[0,3,4]]",UNSAT,UNSAT,UNSAT,"[0, 1, 4, 6]",0.34234,0.103821,0.005473,False
701204,6,4,"[2,1,2,1,1,1]","[1,1,3,3]","[[1,2,3],[1,2,3],[1,2],[0],[0,1,2,3],[2]]",FEASIBLE,FEASIBLE,FEASIBLE,null,0.257655,0.100023,0.003301,False
701205,4,1,"[1,1,1,1]",[1],"[[0],[0],[0],[0]]",UNSAT,UNSAT,UNSAT,"[0, 1]",0.010043,0.202808,0.001544,False
701206,6,7,"[1,3,2,1,1,2]","[3,2,3,3,2,1,2]","[[1,2,4],[0,1,3,4,5,6],[0,1,2,3,4,5,6],[4],[0],[0,5]]",FEASIBLE,FEASIBLE,FEASIBLE,null,0.580952,0.078472,0.004016,False
701207,6,6,"[1,1,3,2,1,2]","[3,3,1,3,2,3]","[[3],[0,1,2,4,5],[0,1,2,5],[1,2,3,4,5],[1,2,3,4,5],[2,4]]",FEASIBLE,FEASIBLE,FEASIBLE,null,0.364352,0.183776,0.004025,False
701208,2,5,"[2,3]","[1,3,2,2,2]","[[1,2,3],[0,1,2,3,4]]",FEASIBLE,FEASIBLE,FEASIBLE,null,0.015924,0.030628,0.0017,False
701209,4,4,"[1,1,2,2]","[3,1,1,1]","[[1],[2],[0,1,2,3],[0,3]]",UNSAT,UNSAT,UNSAT,"[0, 1, 2, 3]",0.059713,0.055074,0.00293,False
701210,3,7,"[1,1,1]","[1,1,3,1,2,1,2]","[[0,1,2,3,5,6],[1,2,3,5],[0,1,2,3,4,5,6]]",FEASIBLE,FEASIBLE,FEASIBLE,null,0.050074,0.039608,0.00255,False
701211,3,5,"[1,2,1]","[1,3,1,3,2]","[[0,1,2,3,4],[0,4],[4]]",FEASIBLE,FEASIBLE,FEASIBLE,null,0.03438,0.039629,0.002092,False
701212,7,5,"[1,2,1,2,1,1,2]","[2,1,1,1,1]","[[1],[2,3,4],[3],[0,1,2,3,4],[3],[1],[0,1,4]]",UNSAT,UNSAT,UNSAT,"[0, 5]",0.066052,0.07589,0.00451,False
701213,5,7,"[3,1,2,1,3]","[3,3,1,1,3,2,3]","[[0,1,2,5,6],[3,5],[0,2,3,4,6],[0],[0,3,4]]",FEASIBLE,FEASIBLE,FEASIBLE,null,0.198798,0.071575,0.003591,False
701214,5,6,"[1,1,1,2,2]","[1,3,3,2,1,1]","[[3,4,5],[0,1,2,3,4,5],[0,1,4,5],[1,3,4,5],[0,1,3]]",FEASIBLE,FEASIBLE,FEASIBLE,null,0.174443,0.065892,0.003925,False
701215,1,3,[1],"[1,1,3]",[[0]],FEASIBLE,FEASIBLE,FEASIBLE,null,0.004817,0.012915,0.000652,False
701216,3,5,"[2,2,3]","[3,3,2,2,3]","[[0,1,2,4],[3,4],[0,1,3]]",FEASIBLE,FEASIBLE,FEASIBLE,null,0.033731,0.037793,0.001907,False
701217,1,7,[1],"[2,1,1,3,2,1,1]",[[2]],FEASIBLE,FEASIBLE,FEASIBLE,null,0.007216,0.020211,0.000808,False
701218,6,3,"[1,1,1,1,1,1]","[3,2,3]","[[2],[0,2],[1,2],[2],[0],[0,1,2]]",FEASIBLE,FEASIBLE,FEASIBLE,null,0.202525,0.294504,0.001939,False
701219,2,6,"[1,2]","[2,2,1,1,1,1]","[[0,1,2,3],[0,1]]",FEASIBLE,FEASIBLE,FEASIBLE,null,0.01837,0.025609,0.001413,False
701220,5,7,"[1,1,2,2,3]","[3,2,2,3,3,2,2]","[[0,1,2,3,4,5],[0],[2,3,5,6],[0,1,2,3,6],[2,5,6]]",FEASIBLE,FEASIBLE,FEASIBLE,null,0.196714,0.054107,0.003076,False
701221,4,6,"[1,1,1,1]","[1,2,2,3,2,1]","[[0,1,3],[0,1,2,3,4,5],[5],[0,1]]",FEASIBLE,FEASIBLE,FEASIBLE,null,0.081397,0.051483,0.002068,False
701222,7,6,"[1,2,2,2,2,3,1]","[3,1,2,2,2,2]","[[0],[0,1,2],[0,2,3,4,5],[0,1,5],[0,1,2,4],[0,2,3,5],[4]]",UNSAT,UNSAT,UNSAT,"[0, 1, 2, 3, 4, 5, 6]",0.731315,0.118631,0.006577,False
701223,2,5,"[3,2]","[2,3,3,1,1]","[[0,1,3,4],[1,2,4]]",FEASIBLE,FEASIBLE,FEASIBLE,null,0.015335,0.030119,0.001608,False
701224,2,4,"[1,1]","[3,3,2,1]","[[0,1,2,3],[0,1,2,3]]",FEASIBLE,FEASIBLE,FEASIBLE,null,0.012952,0.021753,0.001317,False
701225,2,6,"[3,2]","[1,1,3,3,3,3]","[[0,1,2,3,4,5],[0,1,3,4,5]]",FEASIBLE,FEASIBLE,FEASIBLE,null,0.016992,0.034828,0.001904,False
701226,5,6,"[1,1,3,1,2]","[3,3,3,2,2,1]","[[0,1,3,4,5],[0,3],[0,1,2,3,5],[0],[0,3,4,5]]",FEASIBLE,FEASIBLE,FEASIBLE,null,0.171393,0.060672,0.003478,False
701227,1,2,[2],"[3,3]","[[0,1]]",FEASIBLE,FEASIBLE,FEASIBLE,null,0.004088,0.031827,0.000636,False
701228,5,5,"[1,2,2,3,1]","[2,3,2,3,1]","[[0,2,3,4],[0,1,2,3,4],[1,4],[0,2,3,4],[4]]",UNSAT,UNSAT,UNSAT,"[2, 4]",0.060244,0.074718,0.004094,False
701229,1,2,[1],"[1,3]",[[1]],FEASIBLE,FEASIBLE,FEASIBLE,null,0.101877,0.012824,0.000656,False
701230,1,4,[1],"[1,3,3,2]","[[0,1,2,3]]",FEASIBLE,FEASIBLE,FEASIBLE,null,0.005299,0.015782,0.001013,False
701231,3,1,"[1,1,1]",[2],"[[0],[0],[0]]",UNSAT,UNSAT,UNSAT,"[0, 1, 2]",0.012812,0.029402,0.001273,False
701232,4,5,"[2,2,1,1]","[3,3,1,1,3]","[[0,4],[0,1,2,3,4],[2],[0,1,3,4]]",FEASIBLE,FEASIBLE,FEASIBLE,null,0.070774,0.039822,0.002168,False
701233,6,2,"[1,1,1,2,2,2]","[3,1]","[[0,1],[0],[0,1],[0,1],[0,1],[0,1]]",UNSAT,UNSAT,UNSAT,"[3, 4]",0.041766,0.054513,0.003103,False
701234,5,7,"[2,1,2,1,1]","[1,1,2,1,1,3,3]","[[0,5],[2,6],[0,2,6],[0,3,4,5,6],[0,6]]",FEASIBLE,FEASIBLE,FEASIBLE,null,0.193172,0.047072,0.002771,False
701235,3,7,"[2,3,2]","[1,1,3,2,2,3,1]","[[1,4,5,6],[0,2,6],[2,4]]",FEASIBLE,FEASIBLE,FEASIBLE,null,0.043073,0.039684,0.00197,False
701236,6,3,"[1,1,2,1,2,1]","[2,1,2]","[[0],[0],[0,1,2],[0,2],[0,1],[0,1]]",UNSAT,UNSAT,UNSAT,"[0, 1, 4]",0.215737,0.058401,0.003197,False
701237,4,7,"[1,3,1,1]","[1,1,3,3,1,2,1]","[[3,4,5,6],[1,2,5,6],[3],[5]]",FEASIBLE,FEASIBLE,FEASIBLE,null,0.091826,0.038194,0.002099,False
701238,5,7,"[1,1,1,1,2]","[2,3,2,1,2,1,2]","[[4],[0,1,2,3,4,5,6],[0,1,2,3,4,5,6],[0,3,4,5,6],[0,1,2,3,4,5,6]]",FEASIBLE,FEASIBLE,FEASIBLE,null,0.203527,0.053615,0.003744,False
701239,6,3,"[1,1,3,1,3,2]","[1,2,2]","[[0,1,2],[2],[0,1,2],[0],[0,1,2],[0,1]]",UNSAT,UNSAT,UNSAT,"[2, 3]",0.046239,0.061473,0.003519,False
701240,7,1,"[1,1,1,1,1,1,1]",[1],"[[0],[0],[0],[0],[0],[0],[0]]",UNSAT,UNSAT,UNSAT,"[0, 1]",0.013782,0.044673,0.002298,False
701241,2,1,"[1,1]",[3],"[[0],[0]]",FEASIBLE,FEASIBLE,FEASIBLE,null,0.007014,0.015977,0.000651,False
701242,5,7,"[3,1,2,1,2]","[3,2,2,2,3,1,3]","[[0,1,2,3,6],[2,3],[0,2,3],[6],[1,2,3,5]]",FEASIBLE,FEASIBLE,FEASIBLE,null,0.337387,0.054675,0.002742,False
701243,4,4,"[2,1,1,1]","[3,1,2,2]","[[0,3],[0],[0,1,3],[1]]",FEASIBLE,FEASIBLE,FEASIBLE,null,0.058038,0.032014,0.001554,False
701244,6,2,"[1,2,2,1,1,1]","[3,2]","[[0,1],[0,1],[0,1],[1],[0,1],[1]]",UNSAT,UNSAT,UNSAT,"[1, 2, 3]",0.073177,0.055424,0.002944,False
701245,5,6,"[1,3,1,3,1]","[3,1,1,2,2,2]","[[3],[0,4,5],[0,3,4],[2,3,4,5],[5]]",FEASIBLE,FEASIBLE,FEASIBLE,null,0.166082,0.046856,0.00238,False
701246,7,7,"[3,1,1,3,1,1,3]","[3,1,2,2,2,2,2]","[[2,5,6],[5,6],[4],[1,2,3,4,5],[1,3],[0],[0,1,3,4]]",FEASIBLE,FEASIBLE,FEASIBLE,null,0.839827,0.082998,0.004303,False
701247,6,3,"[1,1,1,3,1,1]","[1,2,3]","[[0,1,2],[0,1],[0],[0,1,2],[0],[1,2]]",UNSAT,UNSAT,UNSAT,"[2, 3]",0.065026,0.076965,0.003762,False
701248,5,5,"[1,1,1,1,2]","[2,3,3,1,2]","[[2,3,4],[0,1,2,3,4],[3],[3],[1,2]]",UNSAT,UNSAT,UNSAT,"[2, 3]",0.054457,0.052155,0.002797,False
701249,5,7,"[2,1,1,2,3]","[2,2,3,2,3,3,2]","[[0,1,2,3,6],[2,5],[1],[0,6],[0,1,4,5,6]]",FEASIBLE,FEASIBLE,FEASIBLE,null,0.186115,0.05,0.002754,False
701250,5,6,"[2,1,3,2,2]","[2,3,1,1,1,1]","[[1,2,4],[1,2],[0,1,2,3,4,5],[0,1,2,3,4,5],[1,2,3,4]]",UNSAT,UNSAT,UNSAT,"[0, 1, 2, 3, 4]",0.163986,0.197452,0.006113,False
701251,6,3,"[1,2,3,1,2,2]","[1,2,1]","[[0,1],[0,1],[0,1,2],[2],[0,1],[0,1,2]]",UNSAT,UNSAT,UNSAT,"[1, 2]",0.033793,0.060219,0.003493,False
701252,2,7,"[1,2]","[1,3,2,1,2,3,2]","[[0,1,3,5,6],[1,2,4]]",FEASIBLE,FEASIBLE,FEASIBLE,null,0.018793,0.026799,0.001657,False
701253,6,6,"[2,1,2,1,2,2]","[3,2,3,2,1,3]","[[1,2,3,4,5],[5],[0,1,2,3],[0,1,2,3,4,5],[0,2,3],[0,2,3,5]]",FEASIBLE,FEASIBLE,FEASIBLE,null,0.346676,0.057663,0.003415,False
701254,6,4,"[1,3,3,1,3,1]","[3,3,3,1]","[[0,1],[0,1,2,3],[1,2,3],[2,3],[1,2,3],[0,1,2,3]]",UNSAT,UNSAT,UNSAT,"[2, 4]",0.06091,0.067934,0.004134,False
701255,2,3,"[1,1]","[3,1,1]","[[1,2],[2]]",FEASIBLE,FEASIBLE,FEASIBLE,null,0.010784,0.01794,0.001013,False
701256,3,3,"[2,2,1]","[2,2,1]","[[0,1,2],[0,1],[1]]",FEASIBLE,FEASIBLE,FEASIBLE,null,0.022761,0.035508,0.001771,False
701257,3,7,"[2,1,1]","[1,3,3,2,1,2,2]","[[0,1,2,3,4,6],[1,2],[3]]",FEASIBLE,FEASIBLE,FEASIBLE,null,0.057219,0.031614,0.001817,False
701258,4,3,"[2,1,1,2]","[2,3,2]","[[0,2],[0],[1],[1,2]]",FEASIBLE,FEASIBLE,FEASIBLE,null,0.045483,0.030595,0.001509,False
701259,5,4,"[1,1,3,3,1]","[3,2,2,3]","[[0,1,2,3],[3],[0,1,2,3],[0,1,2,3],[1]]",FEASIBLE,FEASIBLE,FEASIBLE,null,0.116592,0.061727,0.003119,False
701260,4,4,"[1,3,3,1]","[1,3,1,3]","[[1,2],[0,1,2,3],[0,2,3],[0,1,2]]",UNSAT,UNSAT,UNSAT,"[1, 2]",0.028946,0.15505,0.003571,False
701261,4,3,"[2,3,1,1]","[3,2,1]","[[0,1],[0,1,2],[0],[1]]",UNSAT,UNSAT,UNSAT,"[0, 1, 3]",0.035915,0.043093,0.002332,False
701262,7,4,"[1,1,1,2,3,1,1]","[3,2,2,3]","[[0,3],[0,1,2,3],[2,3],[0,2],[0,1,2],[0],[1]]",FEASIBLE,FEASIBLE,FEASIBLE,null,0.51088,0.071032,0.00372,False
701263,1,3,[1],"[3,3,2]",[[0]],FEASIBLE,FEASIBLE,FEASIBLE,null,0.00457,0.012557,0.000623,False
701264,3,2,"[1,1,2]","[1,3]","[[0],[0],[0,1]]",UNSAT,UNSAT,UNSAT,"[0, 1]",0.01058,0.031566,0.001728,False
701265,3,2,"[1,1,1]","[1,3]","[[0,1],[0],[0,1]]",FEASIBLE,FEASIBLE,FEASIBLE,null,0.017728,0.032593,0.001593,False
701266,7,7,"[2,1,3,1,3,3,1]","[2,2,2,2,2,1,2]","[[0,2,3],[0,1,2,3,4,5,6],[0,3,6],[0],[0,2,4,5],[0,1,2,3,4,6],[2]]",UNSAT,UNSAT,UNSAT,"[0, 2, 3, 4, 6]",0.840998,0.361771,0.007523,False
701267,5,7,"[1,2,2,1,1]","[3,3,2,3,1,3,2]","[[0,1,2,3,4,5,6],[0,3],[1,6],[1,2,4],[1,2,3,4,5]]",FEASIBLE,FEASIBLE,FEASIBLE,null,0.185071,0.045698,0.002989,False
701268,4,6,"[2,1,2,1]","[1,1,2,1,1,1]","[[0,1,2,3,4],[2,5],[1,2,3,5],[0,1,2,4,5]]",FEASIBLE,FEASIBLE,FEASIBLE,null,0.076983,0.042717,0.002732,False
701269,2,1,"[1,1]",[1],"[[0],[0]]",UNSAT,UNSAT,UNSAT,"[0, 1]",0.006607,0.022778,0.001158,False
701270,1,3,[1],"[3,1,3]",[[1]],FEASIBLE,FEASIBLE,FEASIBLE,null,0.004447,0.011962,0.000655,False
701271,7,1,"[1,1,1,1,1,1,1]",[3],"[[0],[0],[0],[0],[0],[0],[0]]",UNSAT,UNSAT,UNSAT,"[0, 1, 2, 3]",0.097141,0.044561,0.002336,False
701272,3,5,"[1,1,1]","[2,3,2,3,2]","[[0,1,2,3,4],[0,1,2,3],[1]]",FEASIBLE,FEASIBLE,FEASIBLE,null,0.03083,0.124313,0.001706,False
701273,4,1,"[1,1,1,1]",[1],"[[0],[0],[0],[0]]",UNSAT,UNSAT,UNSAT,"[0, 1]",0.008797,0.03063,0.001507,False
701274,4,4,"[1,1,3,1]","[2,1,2,1]","[[2],[0,1],[1,2,3],[1,2]]",UNSAT,UNSAT,UNSAT,"[0, 2, 3]",0.046965,0.043641,0.00268,False
701275,5,1,"[1,1,1,1,1]",[2],"[[0],[0],[0],[0],[0]]",UNSAT,UNSAT,UNSAT,"[0, 1, 2]",0.024218,0.037379,0.001843,False
701276,1,5,[1],"[1,2,2,1,1]","[[0,2,3]]",FEASIBLE,FEASIBLE,FEASIBLE,null,0.005997,0.015096,0.000986,False
701277,6,5,"[1,1,2,1,3,1]","[3,2,2,2,2]","[[0,1,2,3,4],[1,3,4],[3,4],[1,4],[1,3,4],[0,3]]",UNSAT,UNSAT,UNSAT,"[1, 2, 3, 4]",0.234578,0.062216,0.004246,False
701278,6,3,"[1,1,1,1,3,1]","[1,1,2]","[[0,1],[1],[1],[1],[0,1,2],[1]]",UNSAT,UNSAT,UNSAT,"[0, 4]",0.028375,0.048065,0.00292,False
701279,5,4,"[2,1,2,3,1]","[3,3,2,1]","[[0,1,2,3],[3],[0,1,2,3],[0,1,2,3],[0,1,2,3]]",FEASIBLE,FEASIBLE,FEASIBLE,null,0.11491,0.048382,0.00283,False
701280,2,2,"[1,1]","[2,1]","[[0],[0,1]]",FEASIBLE,FEASIBLE,FEASIBLE,null,0.008216,0.016167,0.000891,False
701281,5,7,"[3,2,3,1,1]","[1,3,1,2,1,2,2]","[[0,2,3,4,5,6],[2,4,5],[0,1,2,3,4,5],[0,6],[0,3,4,5,6]]",FEASIBLE,FEASIBLE,FEASIBLE,null,0.183563,0.062898,0.003637,False
701282,2,5,"[2,3]","[2,1,3,3,2]","[[2,3],[1,2,3,4]]",FEASIBLE,FEASIBLE,FEASIBLE,null,0.014212,0.029724,0.001575,False
701283,7,1,"[1,1,1,1,1,1,1]",[1],"[[0],[0],[0],[0],[0],[0],[0]]",UNSAT,UNSAT,UNSAT,"[0, 1]",0.012177,0.042127,0.002103,False
701284,1,4,[2],"[1,3,1,3]","[[0,1,2,3]]",FEASIBLE,FEASIBLE,FEASIBLE,null,0.00509,0.10608,0.001038,False
701285,4,6,"[2,1,3,1]","[2,1,2,3,2,2]","[[0,1,2,3,5],[0,4],[0,2,3,4,5],[0,1,2,3,4]]",FEASIBLE,FEASIBLE,FEASIBLE,null,0.075827,0.044841,0.00278,False
701286,5,6,"[2,3,2,1,3]","[3,1,3,2,1,2]","[[0,1,2],[1,2,3,4,5],[1,4],[5],[0,2,4]]",UNSAT,UNSAT,UNSAT,"[2, 4]",0.067067,0.078388,0.00436,False
701287,3,4,"[2,1,1]","[2,3,2,2]","[[2,3],[0,2],[0,1,2,3]]",FEASIBLE,FEASIBLE,FEASIBLE,null,0.025818,0.027378,0.001635,False
701288,3,3,"[1,1,1]","[3,1,1]","[[0],[1],[0,1,2]]",FEASIBLE,FEASIBLE,FEASIBLE,null,0.021998,0.021805,0.001231,False
701289,6,7,"[2,3,3,1,1,2]","[3,1,3,2,2,3,3]","[[1,3],[1,2,3,4],[1,2,4,6],[0,1,2,3,4,5,6],[0],[0,4,5]]",FEASIBLE,FEASIBLE,FEASIBLE,null,0.389268,0.062237,0.0036,False
701290,2,7,"[1,1]","[3,3,2,1,2,3,2]","[[1],[0,1,4,5,6]]",FEASIBLE,FEASIBLE,FEASIBLE,null,0.017618,0.021353,0.001389,False
701291,3,5,"[3,1,3]","[1,2,1,1,3]","[[0,1,2,3,4],[0,1,2,3,4],[0,2,3,4]]",FEASIBLE,FEASIBLE,FEASIBLE,null,0.029808,0.050031,0.002877,False
701292,2,5,"[2,2]","[3,2,2,1,1]","[[0,1,4],[0,1,2,3,4]]",FEASIBLE,FEASIBLE,FEASIBLE,null,0.013604,0.026678,0.001562,False
701293,2,3,"[1,1]","[1,1,2]","[[1,2],[0,1]]",FEASIBLE,FEASIBLE,FEASIBLE,null,0.010082,0.017515,0.001027,False
701294,1,3,[3],"[2,1,2]","[[0,1,2]]",FEASIBLE,FEASIBLE,FEASIBLE,null,0.003902,0.01693,0.000925,False
701295,5,3,"[1,2,1,1,2]","[2,2,2]","[[1,2],[0,1,2],[0],[0,2],[0,1]]",UNSAT,UNSAT,UNSAT,"[0, 1, 2, 3, 4]",0.088711,0.064115,0.003684,False
701296,4,2,"[1,1,2,2]","[3,3]","[[0,1],[1],[0,1],[0,1]]",FEASIBLE,FEASIBLE,FEASIBLE,null,0.119327,0.029695,0.001407,False
701297,3,2,"[1,1,1]","[1,3]","[[0],[1],[1]]",FEASIBLE,FEASIBLE,FEASIBLE,null,0.016324,0.019718,0.001051,False
701298,4,5,"[1,2,3,3]","[1,1,1,2,2]","[[3],[1,2],[0,1,2,3,4],[0,1,2,4]]",UNSAT,UNSAT,UNSAT,"[1, 3]",0.03617,0.054013,0.003348,False
701299,2,2,"[1,2]","[1,2]","[[1],[0,1]]",FEASIBLE,FEASIBLE,FEASIBLE,null,0.008414,0.018458,0.000904,False
701300,4,3,"[1,2,1,2]","[3,2,3]","[[0],[0,1],[0],[0,1,2]]",FEASIBLE,FEASIBLE,FEASIBLE,null,0.043756,0.03043,0.001664,False
701301,6,5,"[3,2,1,2,1,1]","[2,3,2,3,1]","[[0,1,2],[2,4],[4],[0,1,2,3,4],[0,1,2,3,4],[1]]",UNSAT,UNSAT,UNSAT,"[1, 2]",0.048951,0.076135,0.004487,False
701302,6,2,"[1,2,2,1,1,1]","[3,3]","[[1],[0,1],[0,1],[0],[0],[0,1]]",UNSAT,UNSAT,UNSAT,"[1, 2, 3, 4]",0.109813,0.049769,0.002823,False
701303,3,4,"[1,1,1]","[3,3,3,1]","[[2,3],[2],[3]]",FEASIBLE,FEASIBLE,FEASIBLE,null,0.039096,0.022635,0.001167,False
701304,5,2,"[1,1,1,1,1]","[1,2]","[[1],[0],[1],[0,1],[1]]",UNSAT,UNSAT,UNSAT,"[0, 2, 4]",0.042346,0.038966,0.002227,False
701305,2,3,"[1,2]","[3,1,1]","[[1],[0,1]]",UNSAT,UNSAT,UNSAT,"[0, 1]",0.009849,0.026442,0.001484,False
701306,5,1,"[1,1,1,1,1]",[1],"[[0],[0],[0],[0],[0]]",UNSAT,UNSAT,UNSAT,"[0, 1]",0.01123,0.03329,0.001763,False
701307,1,3,[3],"[3,3,1]","[[0,1,2]]",FEASIBLE,FEASIBLE,FEASIBLE,null,0.004223,0.019834,0.00088,False
701308,3,2,"[1,2,1]","[2,1]","[[1],[0,1],[0]]",UNSAT,UNSAT,UNSAT,"[0, 1]",0.010115,0.029931,0.00172,False
701309,2,6,"[3,1]","[1,1,2,1,1,1]","[[0,1,5],[1,5]]",UNSAT,UNSAT,UNSAT,"[0, 1]",0.015717,0.114511,0.002024,False
701310,5,7,"[1,2,1,1,2]","[1,1,1,1,3,3,3]","[[0,1,2,4,5],[1,2,4,5],[0,2,3,6],[0],[0,1,4]]",FEASIBLE,FEASIBLE,FEASIBLE,null,0.191537,0.066072,0.003861,False
701311,5,2,"[1,1,1,2,1]","[1,2]","[[1],[0],[0,1],[0,1],[0]]",UNSAT,UNSAT,UNSAT,"[1, 3]",0.023731,0.041203,0.002333,False
701312,6,6,"[3,1,1,1,2,1]","[3,1,1,3,2,2]","[[0,2,4,5],[1,3,4],[0,1,2,3,4,5],[4],[0,1,2,4,5],[0,2,3,4,5]]",FEASIBLE,FEASIBLE,FEASIBLE,null,0.455665,0.059611,0.00356,False
701313,3,2,"[1,1,1]","[3,3]","[[1],[0],[1]]",FEASIBLE,FEASIBLE,FEASIBLE,null,0.017179,0.019372,0.00106,False
701314,6,7,"[3,1,2,1,1,1]","[2,2,1,2,1,2,3]","[[0,1,2,3,4,5,6],[3],[1,3],[0,1,2,3,4,5,6],[6],[1,5]]",FEASIBLE,FEASIBLE,FEASIBLE,null,0.384998,0.05409,0.003254,False
701315,6,7,"[3,3,1,1,2,2]","[2,1,1,3,1,3,3]","[[0,2,3,4,5],[0,1,2,3,4,5,6],[0,1,3,4,6],[1,2,3,4,5,6],[0,1,2,3,4,5,6],[2,3,4,5]]",FEASIBLE,FEASIBLE,FEASIBLE,null,0.433162,0.096981,0.006194,False
701316,5,3,"[1,1,1,2,1]","[3,1,3]","[[1],[0],[0],[1,2],[0,1,2]]",UNSAT,UNSAT,UNSAT,"[0, 3]",0.022626,0.041356,0.003123,False
701317,1,5,[3],"[1,3,3,2,2]","[[0,3,4]]",FEASIBLE,FEASIBLE,FEASIBLE,null,0.005539,0.026326,0.001177,False
701318,2,2,"[1,2]","[3,1]","[[1],[0,1]]",UNSAT,UNSAT,UNSAT,"[0, 1]",0.008789,0.027271,0.001321,False
701319,3,5,"[3,1,1]","[1,1,2,1,2]","[[0,1,3,4],[0,2,3],[0,1,2,3,4]]",FEASIBLE,FEASIBLE,FEASIBLE,null,0.030124,0.12089,0.002105,False
701320,1,6,[1],"[1,2,1,3,1,1]","[[0,2,5]]",FEASIBLE,FEASIBLE,FEASIBLE,null,0.006069,0.014963,0.000921,False
701321,1,4,[1],"[3,3,1,1]","[[0,2]]",FEASIBLE,FEASIBLE,FEASIBLE,null,0.00472,0.011911,0.000732,False
701322,2,2,"[1,2]","[3,3]","[[0,1],[0,1]]",FEASIBLE,FEASIBLE,FEASIBLE,null,0.00801,0.018207,0.001059,False
701323,1,5,[1],"[2,3,3,1,2]","[[0,1,2,3,4]]",FEASIBLE,FEASIBLE,FEASIBLE,null,0.005293,0.01525,0.00106,False
701324,2,4,"[2,2]","[3,3,2,2]","[[0,2],[1,3]]",FEASIBLE,FEASIBLE,FEASIBLE,null,0.012244,0.021523,0.001193,False
701325,6,5,"[1,2,1,1,1,1]","[1,1,2,1,2]","[[0,2],[2,3,4],[0,1,2],[1],[4],[0,1,2,3,4]]",FEASIBLE,FEASIBLE,FEASIBLE,null,0.269243,0.058224,0.003483,False
701326,7,2,"[1,1,1,1,2,1,2]","[2,3]","[[0,1],[1],[1],[0],[0,1],[1],[0,1]]",UNSAT,UNSAT,UNSAT,"[3, 4, 6]",0.133952,0.054102,0.006036,False
701327,6,1,"[1,1,1,1,1,1]",[1],"[[0],[0],[0],[0],[0],[0]]",UNSAT,UNSAT,UNSAT,"[0, 1]",0.010904,0.03684,0.002958,False
701328,7,2,"[1,1,2,1,1,1,2]","[1,2]","[[1],[0,1],[0,1],[0],[0,1],[0,1],[0,1]]",UNSAT,UNSAT,UNSAT,"[2, 3]",0.03594,0.051825,0.003809,False
701329,2,5,"[1,2]","[3,1,1,1,3]","[[0,1],[1,2,3,4]]",FEASIBLE,FEASIBLE,FEASIBLE,null,0.013287,0.02236,0.001726,False
701330,3,6,"[1,1,2]","[1,1,3,1,2,3]","[[0,4,5],[1],[1,5]]",UNSAT,UNSAT,UNSAT,"[1, 2]",0.027458,0.032952,0.002483,False
701331,7,4,"[1,3,2,2,3,1,3]","[2,1,1,1]","[[1],[0,2,3],[1,2],[2,3],[0,2,3],[0,1],[0,1,2,3]]",UNSAT,UNSAT,UNSAT,"[0, 2]",0.028444,0.067511,0.005898,False
701332,5,1,"[1,1,1,1,1]",[1],"[[0],[0],[0],[0],[0]]",UNSAT,UNSAT,UNSAT,"[0, 1]",0.093351,0.035418,0.002212,False
701333,3,7,"[1,3,1]","[1,1,1,2,1,3,2]","[[4,6],[0,1,3,4,5,6],[2]]",FEASIBLE,FEASIBLE,FEASIBLE,null,0.038873,0.030576,0.00208,False
701334,1,3,[2],"[2,3,1]","[[0,2]]",FEASIBLE,FEASIBLE,FEASIBLE,null,0.004233,0.013638,0.000849,False
701335,5,6,"[1,1,1,2,1]","[1,1,2,3,2,3]","[[1,3,5],[0,1,3,4],[0],[0,1,3],[0,1,2,3,4,5]]",FEASIBLE,FEASIBLE,FEASIBLE,null,0.158902,0.058065,0.00407,False
701336,5,5,"[3,3,1,1,2]","[3,3,3,2,1]","[[1,2,3],[0,1,2,3,4],[3],[2],[0,1,2,3,4]]",FEASIBLE,FEASIBLE,FEASIBLE,null,0.132649,0.045747,0.003042,False
701337,5,4,"[1,1,1,1,3]","[3,1,3,2]","[[0],[0,1,2,3],[0,1,2,3],[1],[0,1,2,3]]",FEASIBLE,FEASIBLE,FEASIBLE,null,0.106833,0.050502,0.003381,False
701338,3,6,"[2,2,1]","[2,1,2,2,3,1]","[[1,3],[0,1,2,3,4,5],[0,1,2,3,4,5]]",FEASIBLE,FEASIBLE,FEASIBLE,null,0.034121,0.034422,0.002575,False
701339,2,3,"[1,1]","[3,3,3]","[[1],[0,1,2]]",FEASIBLE,FEASIBLE,FEASIBLE,null,0.009817,0.016827,0.001185,False
701340,7,1,"[1,1,1,1,1,1,1]",[3],"[[0],[0],[0],[0],[0],[0],[0]]",UNSAT,UNSAT,UNSAT,"[0, 1, 2, 3]",0.085247,0.043346,0.002736,False
701341,4,7,"[1,1,1,2]","[1,1,3,3,3,1,3]","[[0,2,3,6],[0,5],[2,4,5,6],[0,5]]",UNSAT,UNSAT,UNSAT,"[1, 3]",0.052515,0.059067,0.004321,False
701342,7,2,"[2,1,1,1,2,1,2]","[2,3]","[[0,1],[0],[1],[0,1],[0,1],[0],[0,1]]",UNSAT,UNSAT,UNSAT,"[0, 1, 4]",0.059936,0.053422,0.003547,False
701343,4,6,"[1,1,2,1]","[1,1,1,2,2,2]","[[0,1,3],[4],[1,3,5],[3]]",FEASIBLE,FEASIBLE,FEASIBLE,null,0.156951,0.030959,0.001856,False
701344,6,5,"[3,2,1,1,1,3]","[3,3,1,2,1]","[[0,1,2,3],[1,2,4],[1],[1,2,3,4],[1],[0,1,2,3,4]]",UNSAT,UNSAT,UNSAT,"[0, 1, 2, 3, 5]",0.27194,0.075048,0.005301,False
701345,5,2,"[1,2,2,1,1]","[3,1]","[[1],[0,1],[0,1],[0],[1]]",UNSAT,UNSAT,UNSAT,"[0, 1]",0.013239,0.040777,0.002739,False
701346,5,6,"[1,1,3,1,1]","[1,3,3,1,1,3]","[[2],[1,2,3,4,5],[1,3,4],[4],[2,4]]",UNSAT,UNSAT,UNSAT,"[2, 3]",0.059171,0.047419,0.003143,False
701347,7,6,"[1,1,1,1,1,1,1]","[3,2,1,3,3,1]","[[1],[2],[4],[0,1,2,3,4,5],[1],[0,1,3,4,5],[0,1,2,3,4,5]]",FEASIBLE,FEASIBLE,FEASIBLE,null,0.860258,0.054576,0.003315,False
701348,1,7,[2],"[1,3,3,1,2,3,1]","[[0,1,3,4,5,6]]",FEASIBLE,FEASIBLE,FEASIBLE,null,0.00703,0.020079,0.001403,False
701349,3,2,"[1,1,1]","[1,3]","[[0],[0,1],[0]]",UNSAT,UNSAT,UNSAT,"[0, 2]",0.011714,0.035214,0.001799,False
701350,4,6,"[3,2,1,1]","[2,3,3,2,1,1]","[[0,1,2,3,5],[1,3],[5],[3]]",FEASIBLE,FEASIBLE,FEASIBLE,null,0.080604,0.036031,0.00192,False
701351,6,4,"[1,1,1,1,1,3]","[3,2,1,2]","[[0,1,2,3],[0,1,2,3],[1],[1,2,3],[1,2,3],[1,2,3]]",UNSAT,UNSAT,UNSAT,"[2, 3, 4, 5]",0.196885,0.076796,0.005192,False
701352,6,1,"[1,1,1,1,1,1]",[2],"[[0],[0],[0],[0],[0],[0]]",UNSAT,UNSAT,UNSAT,"[0, 1, 2]",0.040357,0.046537,0.002304,False
701353,5,3,"[1,1,3,3,1]","[1,1,2]","[[0,2],[2],[0,1,2],[0,1,2],[0,1,2]]",UNSAT,UNSAT,UNSAT,"[2, 3]",0.034999,0.220148,0.003443,False
701354,3,6,"[2,2,3]","[1,3,3,1,1,1]","[[1,2,3,4,5],[0,1,2,4,5],[0,2,3,4,5]]",FEASIBLE,FEASIBLE,FEASIBLE,null,0.034324,0.039077,0.002621,False
701355,7,7,"[3,1,3,1,3,3,2]","[1,2,2,1,1,2,2]","[[0,3,4],[1,2,3,4],[0,1,2,4,5,6],[6],[0,1,3,6],[0,1,2,4,5,6],[2,3,6]]",UNSAT,UNSAT,UNSAT,"[0, 4]",0.055391,0.091212,0.007406,False
701356,4,7,"[2,1,1,1]","[1,3,2,1,2,2,1]","[[0,1,2,3,6],[5,6],[1],[5]]",FEASIBLE,FEASIBLE,FEASIBLE,null,0.107455,0.032106,0.002048,False
701357,5,2,"[1,1,1,1,1]","[2,2]","[[1],[0],[1],[0],[0]]",UNSAT,UNSAT,UNSAT,"[1, 3, 4]",0.050027,0.035427,0.002206,False
701358,7,6,"[2,3,1,3,1,3,1]","[3,3,3,3,2,1]","[[0,1,2,5],[0,1,2,4,5],[4],[0,1,2,4,5],[0,2],[0,2,3,4,5],[2,3]]",FEASIBLE,FEASIBLE,FEASIBLE,null,0.656194,0.066653,0.004023,False
701359,1,2,[1],"[3,1]",[[1]],FEASIBLE,FEASIBLE,FEASIBLE,null,0.003783,0.010658,0.00075,False
701360,1,6,[3],"[2,3,3,1,2,2]","[[0,2,3,4,5]]",FEASIBLE,FEASIBLE,FEASIBLE,null,0.005952,0.019914,0.001278,False
701361,3,2,"[1,1,1]","[2,2]","[[0],[0,1],[0,1]]",FEASIBLE,FEASIBLE,FEASIBLE,null,0.015755,0.020591,0.001236,False
701362,5,1,"[1,1,1,1,1]",[3],"[[0],[0],[0],[0],[0]]",UNSAT,UNSAT,UNSAT,"[0, 1, 2, 3]",0.036045,0.037775,0.002021,False
701363,4,7,"[1,1,1,1]","[3,2,1,1,3,1,1]","[[0],[3,4,5,6],[1,4],[0]]",FEASIBLE,FEASIBLE,FEASIBLE,null,0.081466,0.028549,0.001835,False
701364,5,7,"[1,3,1,3,2]","[2,3,3,3,1,3,3]","[[6],[1,3,5,6],[1],[1,2,3,4,5],[0,1,2,6]]",FEASIBLE,FEASIBLE,FEASIBLE,null,0.173857,0.137762,0.002961,False
701365,4,5,"[2,2,2,1]","[1,2,1,2,1]","[[0,2,4],[0,1],[0,1,2],[0,2]]",UNSAT,UNSAT,UNSAT,"[0, 1, 2]",0.047768,0.068276,0.003961,False
701366,7,6,"[3,1,3,1,1,2,3]","[2,2,2,2,3,1]","[[1,2,5],[0,1,3,5],[0,1,2,3,4,5],[3],[0,1,4],[0,2],[0,1,2,3,4,5]]",UNSAT,UNSAT,UNSAT,"[0, 1, 2, 5, 6]",0.5839,0.129649,0.007824,False
701367,3,5,"[1,1,1]","[3,3,3,3,2]","[[1,2,4],[2],[0,1,3]]",FEASIBLE,FEASIBLE,FEASIBLE,null,0.035606,0.029492,0.001714,False
701368,2,1,"[1,1]",[2],"[[0],[0]]",FEASIBLE,FEASIBLE,FEASIBLE,null,0.006425,0.013741,0.000798,False
701369,5,6,"[1,1,2,1,1]","[3,2,1,2,3,1]","[[4],[2],[0,1,2,3,4,5],[4],[0,2]]",FEASIBLE,FEASIBLE,FEASIBLE,null,0.154414,0.038131,0.002395,False
701370,6,2,"[1,1,2,1,1,2]","[1,1]","[[0],[0],[0,1],[0],[0],[0,1]]",UNSAT,UNSAT,UNSAT,"[0, 1]",0.014281,0.047645,0.004715,False
701371,4,6,"[2,1,1,2]","[3,3,3,3,3,1]","[[0,1,2,3,4],[4],[1,3],[0,1,2,3,4,5]]",FEASIBLE,FEASIBLE,FEASIBLE,null,0.070364,0.034264,0.004352,False
701372,5,2,"[1,1,1,1,1]","[3,1]","[[0,1],[0],[0],[0,1],[0,1]]",UNSAT,UNSAT,UNSAT,"[0, 1, 2, 3, 4]",0.062358,0.045423,0.004457,False
701373,1,1,[1],[3],[[0]],FEASIBLE,FEASIBLE,FEASIBLE,null,0.003052,0.010463,0.001058,False
701374,6,2,"[1,1,1,1,1,2]","[3,2]","[[1],[1],[0],[0],[1],[0,1]]",UNSAT,UNSAT,UNSAT,"[0, 1, 4]",0.046483,0.045667,0.004148,False
701375,3,5,"[1,1,2]","[1,1,3,3,2]","[[1],[3,4],[1,4]]",UNSAT,UNSAT,UNSAT,"[0, 2]",0.019839,0.112975,0.003601,False
701376,2,1,"[1,1]",[2],"[[0],[0]]",FEASIBLE,FEASIBLE,FEASIBLE,null,0.010089,0.024933,0.001235,False
701377,7,4,"[3,3,1,1,1,1,2]","[3,2,1,2]","[[0,1,2,3],[0,1,2,3],[0],[3],[0,1,2,3],[1],[0,1,2]]",UNSAT,UNSAT,UNSAT,"[0, 1, 2, 6]",0.220387,0.098549,0.00801,False
701378,5,2,"[1,1,1,2,2]","[3,1]","[[1],[0,1],[0],[0,1],[0,1]]",UNSAT,UNSAT,UNSAT,"[0, 3]",0.018963,0.047458,0.004532,False
701379,7,4,"[3,2,1,1,1,1,1]","[3,2,1,1]","[[0,1,2],[1,3],[1],[0,1,2,3],[1,2,3],[1],[0,2,3]]",UNSAT,UNSAT,UNSAT,"[0, 1, 2]",0.10412,0.062306,0.007334,False
701380,6,6,"[1,1,3,3,2,1]","[1,2,3,3,3,2]","[[0,1,4],[0,1,5],[1,2,4],[0,1,3,4],[1,3,4],[1,2,3]]",FEASIBLE,FEASIBLE,FEASIBLE,null,0.321818,0.070825,0.007397,False
701381,4,2,"[1,1,1,1]","[1,1]","[[0,1],[1],[0],[0]]",UNSAT,UNSAT,UNSAT,"[2, 3]",0.020371,0.032424,0.003748,False
701382,3,2,"[1,2,2]","[1,1]","[[0,1],[0,1],[0,1]]",UNSAT,UNSAT,UNSAT,"[0, 1]",0.009207,0.034295,0.003532,False
701383,4,1,"[1,1,1,1]",[1],"[[0],[0],[0],[0]]",UNSAT,UNSAT,UNSAT,"[0, 1]",0.008165,0.045042,0.002949,False
701384,5,3,"[1,1,2,2,1]","[3,2,2]","[[2],[2],[0,1,2],[0,1,2],[1]]",UNSAT,UNSAT,UNSAT,"[0, 1, 2, 3, 4]",0.085829,0.047957,0.004916,False
701385,3,7,"[1,1,2]","[3,2,3,2,1,3,1]","[[0,1,2,3,4,5,6],[6],[0,1,2,4,5,6]]",FEASIBLE,FEASIBLE,FEASIBLE,null,0.038557,0.036216,0.004202,False
701386,5,3,"[2,1,1,1,1]","[2,2,1]","[[1,2],[0],[0],[0,2],[2]]",UNSAT,UNSAT,UNSAT,"[0, 4]",0.025757,0.132371,0.004485,False
701387,4,3,"[1,2,1,1]","[3,1,3]","[[0],[0,1,2],[1],[2]]",FEASIBLE,FEASIBLE,FEASIBLE,null,0.041249,0.035685,0.003206,False
701388,3,2,"[1,1,1]","[1,3]","[[1],[1],[1]]",FEASIBLE,FEASIBLE,FEASIBLE,null,0.015367,0.01778,0.001656,False
701389,6,1,"[1,1,1,1,1,1]",[1],"[[0],[0],[0],[0],[0],[0]]",UNSAT,UNSAT,UNSAT,"[0, 1]",0.009899,0.035647,0.003582,False
701390,3,5,"[1,1,1]","[2,3,1,2,2]","[[0,4],[0,1,3,4],[1,2,4]]",FEASIBLE,FEASIBLE,FEASIBLE,null,0.041378,0.034768,0.002811,False
701391,1,6,[3],"[2,3,2,1,1,3]","[[1,2,3,4,5]]",FEASIBLE,FEASIBLE,FEASIBLE,null,0.008804,0.029,0.002138,False
701392,1,1,[1],[3],[[0]],FEASIBLE,FEASIBLE,FEASIBLE,null,0.003863,0.014126,0.001001,False
701393,2,7,"[2,1]","[2,1,2,2,3,3,3]","[[0,1,2,3,4,6],[0,1,2,3,4,5,6]]",FEASIBLE,FEASIBLE,FEASIBLE,null,0.024055,0.038886,0.003383,False
701394,3,1,"[1,1,1]",[1],"[[0],[0],[0]]",UNSAT,UNSAT,UNSAT,"[0, 1]",0.009928,0.036071,0.002294,False
701395,3,5,"[2,1,1]","[2,2,2,2,3]","[[0,3],[0,3,4],[0,1,2,3,4]]",FEASIBLE,FEASIBLE,FEASIBLE,null,0.04097,0.041181,0.003086,False
701396,5,4,"[1,1,1,2,1]","[3,3,3,2]","[[0,1,2,3],[2],[0,1,2,3],[0,3],[2]]",FEASIBLE,FEASIBLE,FEASIBLE,null,0.162215,0.051949,0.003564,False
701397,6,1,"[1,1,1,1,1,1]",[3],"[[0],[0],[0],[0],[0],[0]]",UNSAT,UNSAT,UNSAT,"[0, 1, 2, 3]",0.087687,0.056699,0.003296,False
701398,3,1,"[1,1,1]",[3],"[[0],[0],[0]]",FEASIBLE,FEASIBLE,FEASIBLE,null,0.016197,0.02542,0.001361,False
701399,3,7,"[2,1,3]","[2,2,1,1,1,1,3]","[[3,6],[0,2,3,4,5,6],[4,5,6]]",FEASIBLE,FEASIBLE,FEASIBLE,null,0.053861,0.07091,0.003646,False
701400,3,4,"[2,1,1]","[3,1,3,2]","[[2,3],[0,3],[0,1,2,3]]",FEASIBLE,FEASIBLE,FEASIBLE,null,0.024606,0.13005,0.002717,False
701401,6,3,"[1,3,1,3,1,2]","[3,1,1]","[[1],[0,1,2],[1],[0,1,2],[2],[0,1]]",UNSAT,UNSAT,UNSAT,"[0, 1]",0.019529,0.053991,0.005635,False
701402,6,2,"[2,1,2,2,1,1]","[3,3]","[[0,1],[1],[0,1],[0,1],[0],[0,1]]",UNSAT,UNSAT,UNSAT,"[0, 1, 2, 3]",0.087184,0.055756,0.005042,False
701403,4,5,"[1,1,3,1]","[1,2,2,1,3]","[[0,2,3,4],[2],[0,1,2],[0,1,2,3]]",FEASIBLE,FEASIBLE,FEASIBLE,null,0.073377,0.062234,0.004661,False
701404,1,1,[1],[1],[[0]],FEASIBLE,FEASIBLE,FEASIBLE,null,0.003989,0.015504,0.000961,False
701405,5,7,"[3,1,3,3,1]","[3,1,3,3,2,3,1]","[[2,4,5,6],[2],[0,1,3,5,6],[0,1,2,3,4,5,6],[0,3]]",FEASIBLE,FEASIBLE,FEASIBLE,null,0.219639,0.062308,0.005529,False
701406,1,2,[1],"[3,2]","[[0,1]]",FEASIBLE,FEASIBLE,FEASIBLE,null,0.004274,0.013575,0.001152,False
701407,2,1,"[1,1]",[3],"[[0],[0]]",FEASIBLE,FEASIBLE,FEASIBLE,null,0.007168,0.015462,0.001134,False
701408,2,5,"[2,2]","[3,2,2,2,3]","[[3,4],[2,3]]",FEASIBLE,FEASIBLE,FEASIBLE,null,0.016016,0.025709,0.002288,False
701409,7,2,"[2,1,1,2,2,1,1]","[1,2]","[[0,1],[0,1],[0],[0,1],[0,1],[0],[0]]",UNSAT,UNSAT,UNSAT,"[0, 2]",0.022023,0.067747,0.005475,False
701410,4,4,"[1,1,2,1]","[2,1,1,3]","[[0,1,2,3],[0,1,3],[0,3],[2]]",FEASIBLE,FEASIBLE,FEASIBLE,null,0.064038,0.046871,0.00384,False
701411,2,2,"[1,2]","[3,2]","[[0],[0,1]]",FEASIBLE,FEASIBLE,FEASIBLE,null,0.014102,0.021764,0.001646,False
701412,3,5,"[1,2,3]","[2,2,2,3,3]","[[0],[0,3,4],[0,1,2,3,4]]",FEASIBLE,FEASIBLE,FEASIBLE,null,0.034211,0.038409,0.003177,False
701413,3,3,"[2,1,1]","[2,2,3]","[[0,2],[1],[0,1]]",FEASIBLE,FEASIBLE,FEASIBLE,null,0.02364,0.131069,0.002087,False
701414,6,3,"[3,2,1,1,1,3]","[3,2,1]","[[0,1,2],[0,1,2],[0,1,2],[0,1,2],[0,1,2],[0,1,2]]",UNSAT,UNSAT,UNSAT,"[0, 5]",0.043833,0.121354,0.007195,False
701415,2,5,"[2,1]","[1,3,2,3,3]","[[0,3],[0,1,2,4]]",FEASIBLE,FEASIBLE,FEASIBLE,null,0.020987,0.033904,0.002341,False
701416,3,6,"[3,2,3]","[2,3,3,3,3,2]","[[0,3,5],[0,1,3,4,5],[1,3,4]]",FEASIBLE,FEASIBLE,FEASIBLE,null,0.050097,0.050178,0.003725,False
701417,6,5,"[3,2,2,1,2,1]","[1,2,1,3,3]","[[0,1,4],[0,1,2,4],[0,1,2,3,4],[1],[0,2,3],[0,1,2,3,4]]",UNSAT,UNSAT,UNSAT,"[0, 1, 3, 4]",0.227808,0.116593,0.009742,False
701418,4,7,"[3,2,2,2]","[2,1,1,1,3,1,1]","[[0,1,2,4,6],[2,4,6],[0,3,5],[0,1]]",FEASIBLE,FEASIBLE,FEASIBLE,null,0.10162,0.08657,0.006404,False
701419,5,4,"[1,2,1,2,1]","[3,1,2,2]","[[1,3],[0,1,2,3],[0,1,2,3],[0,1,2,3],[0]]",FEASIBLE,FEASIBLE,FEASIBLE,null,0.137237,0.06513,0.005486,False
701420,2,7,"[3,1]","[1,2,2,2,3,3,2]","[[1,3,6],[4]]",FEASIBLE,FEASIBLE,FEASIBLE,null,0.023642,0.036298,0.002274,False
701421,3,4,"[1,2,1]","[2,1,3,2]","[[0],[0,3],[0]]",UNSAT,UNSAT,UNSAT,"[0, 1, 2]",0.027111,0.043756,0.003176,False
701422,5,4,"[1,1,2,3,2]","[2,3,1,3]","[[1],[0,2,3],[0,1,2,3],[1,2,3],[0,1,2,3]]",FEASIBLE,FEASIBLE,FEASIBLE,null,0.115196,0.067825,0.005369,False
701423,3,4,"[3,3,3]","[3,1,2,3]","[[0,1,2,3],[0,1,2,3],[0,1,2,3]]",FEASIBLE,FEASIBLE,FEASIBLE,null,0.032328,0.157443,0.004148,False
701424,3,1,"[1,1,1]",[2],"[[0],[0],[0]]",UNSAT,UNSAT,UNSAT,"[0, 1, 2]",0.01395,0.031459,0.002365,False
701425,2,5,"[2,2]","[3,3,3,3,3]","[[0,2],[1,3,4]]",FEASIBLE,FEASIBLE,FEASIBLE,null,0.013961,0.025247,0.002155,False
701426,7,3,"[1,1,1,1,1,2,1]","[1,2,2]","[[2],[0],[2],[0,1],[0,1],[0,2],[1]]",UNSAT,UNSAT,UNSAT,"[1, 5]",0.062339,0.07471,0.005881,False
701427,2,1,"[1,1]",[1],"[[0],[0]]",UNSAT,UNSAT,UNSAT,"[0, 1]",0.008588,0.02956,0.001829,False
701428,4,6,"[3,1,2,1]","[1,3,3,1,2,2]","[[0,1,4,5],[3,4],[0,1,2,3,4,5],[1,2,4,5]]",FEASIBLE,FEASIBLE,FEASIBLE,null,0.090473,0.052866,0.004681,False
701429,5,7,"[3,2,1,1,3]","[1,1,2,1,1,1,3]","[[0,1,2,3,4,5,6],[1,2,3,4,5,6],[0,1,2,3,4,6],[0,1,2,3,5,6],[1,2,4,5,6]]",FEASIBLE,FEASIBLE,FEASIBLE,null,0.267216,0.161317,0.009926,False
701430,2,2,"[2,1]","[3,1]","[[0,1],[0]]",FEASIBLE,FEASIBLE,FEASIBLE,null,0.018766,0.035984,0.001795,False
701431,6,6,"[2,1,2,2,1,2]","[3,3,1,1,2,2]","[[0,1,2,4,5],[3],[3,4],[0,1,2,3,4,5],[0,1,3,4,5],[0,1,2,3]]",UNSAT,UNSAT,UNSAT,"[1, 2]",0.10448,0.103815,0.007466,False
701432,2,1,"[1,1]",[1],"[[0],[0]]",UNSAT,UNSAT,UNSAT,"[0, 1]",0.009881,0.034096,0.001752,False
701433,6,4,"[3,1,3,1,1,2]","[1,2,2,1]","[[1,2,3],[3],[0,1,2,3],[1,3],[0,1,2,3],[0,1,2,3]]",UNSAT,UNSAT,UNSAT,"[0, 1]",0.035276,0.103079,0.007576,False
701434,4,3,"[1,3,3,1]","[3,3,3]","[[1],[0,1,2],[0,1,2],[1,2]]",FEASIBLE,FEASIBLE,FEASIBLE,null,0.054381,0.17421,0.003051,False
701435,6,7,"[3,1,2,1,3,3]","[3,1,1,3,3,2,1]","[[0,1,2,3,5,6],[1,2,3,6],[0,1,4,5,6],[1,2],[0,1,2,3,4,5,6],[0,3,4]]",FEASIBLE,FEASIBLE,FEASIBLE,null,0.380222,0.090799,0.008518,False
701436,3,2,"[2,2,1]","[1,2]","[[0,1],[0,1],[0]]",UNSAT,UNSAT,UNSAT,"[0, 1]",0.010734,0.034795,0.003126,False
701437,5,5,"[3,3,1,1,1]","[3,3,1,1,3]","[[1,2,3,4],[0,1,2,3,4],[0,1,2,3,4],[0],[1,3,4]]",FEASIBLE,FEASIBLE,FEASIBLE,null,0.134177,0.093931,0.004913,False
701438,4,3,"[2,1,1,1]","[1,1,2]","[[0,2],[2],[0,2],[0,2]]",UNSAT,UNSAT,UNSAT,"[0, 1, 2]",0.03818,0.060668,0.0038,False
701439,4,7,"[3,3,3,3]","[1,2,1,2,2,1,3]","[[0,1,3,4,5],[0,2,3,4,5],[1,2,3,4,5,6],[0,1,2,3,4,6]]",UNSAT,UNSAT,UNSAT,"[0, 1, 2, 3]",0.086022,0.116039,0.011067,False
701440,3,7,"[2,3,1]","[2,3,2,1,1,3,2]","[[2,3,4,5,6],[0,1,2,3,4,5,6],[4]]",FEASIBLE,FEASIBLE,FEASIBLE,null,0.040291,0.037161,0.003715,False
701441,6,7,"[1,1,1,1,1,2]","[1,2,3,2,1,3,2]","[[1],[0,5,6],[6],[0,1,2,3,4,5,6],[0,1,2,3,5],[1,3]]",FEASIBLE,FEASIBLE,FEASIBLE,null,0.433137,0.067114,0.00659,False
701442,1,1,[1],[3],[[0]],FEASIBLE,FEASIBLE,FEASIBLE,null,0.003261,0.011052,0.000891,False
701443,5,5,"[1,2,2,2,2]","[1,2,2,2,1]","[[0,2,4],[2,3,4],[0,1,2,3,4],[0,4],[0,1,2,4]]",UNSAT,UNSAT,UNSAT,"[0, 1, 3, 4]",0.117231,0.089357,0.008453,False
701444,6,7,"[1,2,1,3,1,2]","[3,3,2,1,3,2,1]","[[0],[0,1,2,3,4],[3,4],[0,1,4],[1],[0,1,2,3,4,5,6]]",FEASIBLE,FEASIBLE,FEASIBLE,null,0.359307,0.146858,0.005564,False
701445,5,3,"[1,1,2,3,1]","[3,2,3]","[[1],[0,1,2],[0,1],[0,1,2],[1]]",UNSAT,UNSAT,UNSAT,"[0, 2, 3]",0.051847,0.04707,0.004647,False
701446,4,1,"[1,1,1,1]",[2],"[[0],[0],[0],[0]]",UNSAT,UNSAT,UNSAT,"[0, 1, 2]",0.016993,0.036223,0.002798,False
701447,4,2,"[1,1,1,1]","[3,2]","[[0],[0,1],[0,1],[0]]",FEASIBLE,FEASIBLE,FEASIBLE,null,0.044619,0.04513,0.002884,False
701448,5,1,"[1,1,1,1,1]",[2],"[[0],[0],[0],[0],[0]]",UNSAT,UNSAT,UNSAT,"[0, 1, 2]",0.029726,0.046317,0.003309,False
701449,5,4,"[1,3,3,1,1]","[2,3,1,3]","[[2],[0,1,2,3],[1,2,3],[0],[0,2]]",UNSAT,UNSAT,UNSAT,"[0, 2]",0.032062,0.072188,0.005864,False
701450,6,6,"[2,3,3,2,3,2]","[1,3,2,3,1,2]","[[1,2,3,4,5],[0,1,2,3,4,5],[0,4,5],[0,1,2,3,5],[1,2,3,4],[0,1,4,5]]",UNSAT,UNSAT,UNSAT,"[0, 1, 2, 3, 4]",0.393108,0.163396,0.013245,False
701451,5,4,"[1,2,3,2,1]","[1,3,2,2]","[[0,2],[2,3],[0,1,2,3],[1,2,3],[0]]",UNSAT,UNSAT,UNSAT,"[0, 1, 2, 3]",0.120703,0.074934,0.005877,False
701452,1,5,[1],"[3,1,3,1,2]","[[0,1,4]]",FEASIBLE,FEASIBLE,FEASIBLE,null,0.007411,0.01973,0.001642,False
701453,1,5,[1],"[1,1,3,3,3]","[[0,2,3]]",FEASIBLE,FEASIBLE,FEASIBLE,null,0.006652,0.018321,0.001729,False
701454,1,2,[2],"[1,2]","[[0,1]]",FEASIBLE,FEASIBLE,FEASIBLE,null,0.0049,0.017864,0.001165,False
701455,7,1,"[1,1,1,1,1,1,1]",[1],"[[0],[0],[0],[0],[0],[0],[0]]",UNSAT,UNSAT,UNSAT,"[0, 1]",0.012831,0.047313,0.003997,False
701456,6,7,"[1,1,2,1,1,3]","[3,2,2,2,3,1,1]","[[0],[0,1,2,3,4,5,6],[0,2],[0,2,4,5],[0,1,2,3,4,5,6],[0,1,2,4,5,6]]",FEASIBLE,FEASIBLE,FEASIBLE,null,0.524644,0.066063,0.006265,False
701457,7,5,"[3,1,3,1,1,1,1]","[1,2,3,1,2]","[[0,1,2],[1],[2,3,4],[0,3],[0,3],[3],[3]]",UNSAT,UNSAT,UNSAT,"[2, 5]",0.096982,0.073895,0.006221,False
701458,3,7,"[1,3,3]","[3,2,2,3,1,2,3]","[[0,2,3],[2,4,5,6],[0,2,4,5,6]]",FEASIBLE,FEASIBLE,FEASIBLE,null,0.042607,0.042709,0.003774,False
701459,3,4,"[1,2,1]","[2,2,2,2]","[[0,1,3],[1,2,3],[3]]",FEASIBLE,FEASIBLE,FEASIBLE,null,0.027206,0.028464,0.002604,False
701460,3,5,"[2,1,1]","[1,3,2,3,3]","[[0,2,3],[3],[0,1,2,3,4]]",FEASIBLE,FEASIBLE,FEASIBLE,null,0.032192,0.041165,0.002967,False
701461,6,4,"[1,1,1,2,3,2]","[1,3,1,3]","[[1],[0,1,2,3],[2],[0,1,3],[0,1,2,3],[0,1,2]]",UNSAT,UNSAT,UNSAT,"[2, 4, 5]",0.1602,0.09226,0.008255,False
701462,3,6,"[1,3,2]","[1,1,3,1,2,3]","[[2,3],[0,1,3,4,5],[0,5]]",FEASIBLE,FEASIBLE,FEASIBLE,null,0.035845,0.043499,0.004784,False
701463,7,7,"[3,2,3,3,1,1,3]","[1,2,3,3,2,3,3]","[[1,2,3,6],[0,1,2,3,5],[0,1,2,3,4,5],[0,1,2,3,4,6],[4,5],[0,1,2,3,4,5],[0,1,2,3,4,5,6]]",FEASIBLE,FEASIBLE,FEASIBLE,null,0.820616,0.12141,0.0113,False
701464,4,7,"[1,3,1,3]","[3,2,1,2,1,1,1]","[[0,1,3,5],[0,1,3],[3,6],[0,1,2,3,4,5,6]]",FEASIBLE,FEASIBLE,FEASIBLE,null,0.085357,0.146228,0.004672,False
701465,6,7,"[1,1,3,1,3,3]","[2,3,3,1,3,3,2]","[[0,2,5,6],[3,4,5],[0,1,2,3,5,6],[0,2,6],[0,1,2,6],[0,1,2,3,4,5,6]]",FEASIBLE,FEASIBLE,FEASIBLE,null,0.388275,0.069489,0.006743,False
701466,3,3,"[3,1,1]","[1,1,2]","[[0,1,2],[2],[1,2]]",UNSAT,UNSAT,UNSAT,"[0, 1, 2]",0.021797,0.039776,0.004218,False
701467,7,2,"[1,1,1,1,2,1,1]","[3,1]","[[1],[0,1],[0],[0,1],[0,1],[1],[1]]",UNSAT,UNSAT,UNSAT,"[0, 4]",0.023667,0.05523,0.005252,False
701468,5,1,"[1,1,1,1,1]",[1],"[[0],[0],[0],[0],[0]]",UNSAT,UNSAT,UNSAT,"[0, 1]",0.010141,0.034713,0.003097,False
701469,1,1,[1],[3],[[0]],FEASIBLE,FEASIBLE,FEASIBLE,null,0.003328,0.01138,0.000888,False
701470,7,3,"[1,1,3,1,3,1,1]","[3,1,2]","[[0,1,2],[0],[0,1,2],[0,1,2],[0,1,2],[1],[0,1,2]]",UNSAT,UNSAT,UNSAT,"[2, 4]",0.052615,0.071556,0.006889,False
701471,2,1,"[1,1]",[1],"[[0],[0]]",UNSAT,UNSAT,UNSAT,"[0, 1]",0.006607,0.024814,0.001712,False
701472,7,3,"[2,2,1,1,1,2,1]","[2,1,1]","[[0,1,2],[0,1,2],[0,1,2],[1],[0,2],[0,1],[2]]",UNSAT,UNSAT,UNSAT,"[3, 5]",0.065375,0.063507,0.006282,False
701473,1,5,[3],"[3,1,1,2,2]","[[0,1,2,3,4]]",FEASIBLE,FEASIBLE,FEASIBLE,null,0.005598,0.021298,0.001914,False
701474,3,6,"[1,1,3]","[1,3,1,1,3,1]","[[3],[0,1,2,3,4,5],[1,2,5]]",FEASIBLE,FEASIBLE,FEASIBLE,null,0.04906,0.036231,0.003267,False
701475,1,3,[1],"[1,2,3]",[[2]],FEASIBLE,FEASIBLE,FEASIBLE,null,0.004653,0.01223,0.001161,False
701476,6,2,"[1,1,2,1,1,1]","[2,2]","[[0,1],[0,1],[0,1],[0],[0,1],[0]]",UNSAT,UNSAT,UNSAT,"[2, 3, 5]",0.08167,0.141247,0.005679,False
701477,7,5,"[1,1,2,3,2,1,3]","[3,2,2,2,2]","[[4],[1],[0,3],[0,1,2,3,4],[0,3],[0,1,2,3,4],[0,3,4]]",UNSAT,UNSAT,UNSAT,"[2, 4, 6]",0.246176,0.075073,0.016774,False
701478,5,5,"[1,1,1,1,3]","[1,2,3,3,1]","[[0,2,3,4],[0,1,2],[1,4],[2],[0,1,2,3,4]]",FEASIBLE,FEASIBLE,FEASIBLE,null,0.137649,0.044501,0.003383,False
701479,1,6,[3],"[1,3,2,2,3,2]","[[0,1,2,4,5]]",FEASIBLE,FEASIBLE,FEASIBLE,null,0.006464,0.021494,0.00128,False
701480,3,5,"[3,1,1]","[1,1,2,2,1]","[[0,1,2,3,4],[1,3],[1,3,4]]",FEASIBLE,FEASIBLE,FEASIBLE,null,0.030919,0.033457,0.002016,False
701481,4,3,"[1,1,1,1]","[1,2,3]","[[0,1,2],[0],[0],[2]]",UNSAT,UNSAT,UNSAT,"[1, 2]",0.022973,0.044743,0.002718,False
701482,6,1,"[1,1,1,1,1,1]",[1],"[[0],[0],[0],[0],[0],[0]]",UNSAT,UNSAT,UNSAT,"[0, 1]",0.011085,0.038215,0.002031,False
701483,2,6,"[1,3]","[1,3,2,3,2,1]","[[1,2,3,4,5],[0,1,2,3,4,5]]",FEASIBLE,FEASIBLE,FEASIBLE,null,0.017736,0.030251,0.00193,False
701484,1,6,[1],"[3,2,1,3,3,2]","[[2,4,5]]",FEASIBLE,FEASIBLE,FEASIBLE,null,0.006386,0.01562,0.00101,False
701485,4,5,"[3,3,2,2]","[1,3,1,1,1]","[[0,1,2,3],[0,1,3,4],[0,3],[0,1,2,3,4]]",UNSAT,UNSAT,UNSAT,"[0, 2]",0.025207,0.062266,0.004212,False
701486,1,1,[1],[2],[[0]],FEASIBLE,FEASIBLE,FEASIBLE,null,0.003216,0.011227,0.000493,False
701487,3,6,"[1,2,2]","[2,1,1,3,1,3]","[[0,1,2,3,4],[1,3,4,5],[1,3,5]]",FEASIBLE,FEASIBLE,FEASIBLE,null,0.035568,0.034447,0.002153,False
701488,6,7,"[1,3,2,3,1,2]","[1,2,3,3,1,3,3]","[[0,1,2,3,4,5,6],[1,3,5,6],[1,2,3,5,6],[0,1,2,3,4,5,6],[0,1,2,4],[0,1,2,3,4,5,6]]",FEASIBLE,FEASIBLE,FEASIBLE,null,0.401445,0.245577,0.00519,False
701489,3,6,"[2,2,2]","[3,3,2,3,1,3]","[[0,1],[2,3,4,5],[0,1,2,3,4,5]]",FEASIBLE,FEASIBLE,FEASIBLE,null,0.035987,0.036045,0.002262,False
701490,1,3,[1],"[1,3,2]","[[0,1,2]]",FEASIBLE,FEASIBLE,FEASIBLE,null,0.004418,0.095783,0.000834,False
701491,4,4,"[2,2,3,1]","[3,2,2,3]","[[0,3],[0,1,2,3],[0,1,2],[0,1,2,3]]",FEASIBLE,FEASIBLE,FEASIBLE,null,0.091062,0.058047,0.002277,False
701492,2,3,"[2,2]","[1,3,1]","[[0,1,2],[0,1]]",FEASIBLE,FEASIBLE,FEASIBLE,null,0.017772,0.044888,0.001647,False
701493,2,3,"[1,1]","[3,2,1]","[[2],[2]]",UNSAT,UNSAT,UNSAT,"[0, 1]",0.013702,0.033428,0.001363,False
701494,2,3,"[1,1]","[3,1,2]","[[1],[0,1,2]]",FEASIBLE,FEASIBLE,FEASIBLE,null,0.011512,0.019766,0.001066,False
701495,6,2,"[1,1,1,2,2,1]","[2,2]","[[0],[0],[0],[0,1],[0,1],[0,1]]",UNSAT,UNSAT,UNSAT,"[0, 1, 2]",0.045699,0.053918,0.00286,False
701496,2,7,"[2,2]","[3,1,3,2,1,3,2]","[[2,4,6],[0,1,2,3,4,5,6]]",FEASIBLE,FEASIBLE,FEASIBLE,null,0.022969,0.131692,0.001875,False
701497,5,6,"[2,3,1,2,1]","[2,2,1,2,3,1]","[[0,3,4,5],[0,1,2,3,4,5],[2],[0,1,2],[0,2]]",FEASIBLE,FEASIBLE,FEASIBLE,null,0.247855,0.091358,0.003726,False
701498,7,4,"[1,1,1,2,2,2,1]","[1,1,1,3]","[[2],[0],[1,2,3],[1,2],[0,2],[0,1,2],[0,1,2]]",UNSAT,UNSAT,UNSAT,"[0, 3]",0.046402,0.108006,0.004961,False
701499,7,3,"[2,1,2,1,1,1,1]","[2,3,1]","[[0,1,2],[1],[0,2],[0],[1],[0,1,2],[0,1,2]]",UNSAT,UNSAT,UNSAT,"[0, 2, 3]",0.127859,0.225238,0.003777,False
701500,6,2,"[1,2,2,1,2,2]","[2,3]","[[1],[0,1],[0,1],[1],[0,1],[0,1]]",UNSAT,UNSAT,UNSAT,"[1, 2, 4]",0.090414,0.070862,0.002878,False
701501,6,1,"[1,1,1,1,1,1]",[1],"[[0],[0],[0],[0],[0],[0]]",UNSAT,UNSAT,UNSAT,"[0, 1]",0.013429,0.058385,0.001854,False
701502,7,3,"[1,1,1,2,1,1,1]","[2,1,1]","[[0,1],[2],[0,1,2],[0,1],[1],[2],[0,2]]",UNSAT,UNSAT,UNSAT,"[1, 5]",0.059807,0.069862,0.003513,False
701503,7,7,"[1,1,1,2,1,1,2]","[2,1,2,2,3,1,2]","[[1],[0,1,2,3,4,6],[1],[1,5,6],[0,1,2,3,4,5,6],[1,2,3,4,6],[0,1,2,3,4,5,6]]",UNSAT,UNSAT,UNSAT,"[0, 2]",0.064416,0.108735,0.005374,False
701504,5,2,"[1,1,2,1,1]","[2,1]","[[0],[0,1],[0,1],[0,1],[0,1]]",UNSAT,UNSAT,UNSAT,"[0, 1, 2]",0.044832,0.073295,0.002753,False
701505,3,3,"[1,1,1]","[1,3,2]","[[0,2],[0],[0,2]]",FEASIBLE,FEASIBLE,FEASIBLE,null,0.029789,0.041618,0.001692,False
701506,5,2,"[1,2,1,1,1]","[2,3]","[[0,1],[0,1],[0],[1],[0,1]]",UNSAT,UNSAT,UNSAT,"[0, 1, 2, 3, 4]",0.091263,0.069157,0.002658,False
701507,1,2,[1],"[2,3]",[[0]],FEASIBLE,FEASIBLE,FEASIBLE,null,0.005694,0.015427,0.00066,False
701508,2,6,"[1,1]","[2,1,2,2,3,1]","[[0,1,2,3,4,5],[1]]",FEASIBLE,FEASIBLE,FEASIBLE,null,0.021732,0.029198,0.001588,False
701509,2,1,"[1,1]",[3],"[[0],[0]]",FEASIBLE,FEASIBLE,FEASIBLE,null,0.008296,0.018554,0.000652,False
701510,5,5,"[1,3,1,1,1]","[1,1,1,3,3]","[[2],[0,2,4],[0,1,2,3,4],[2],[0,4]]",UNSAT,UNSAT,UNSAT,"[0, 1]",0.036507,0.096051,0.00319,False
701511,3,4,"[1,1,1]","[1,1,1,1]","[[3],[0,1,2,3],[3]]",UNSAT,UNSAT,UNSAT,"[0, 2]",0.025561,0.171404,0.001963,False
701512,7,5,"[1,1,1,2,3,2,2]","[2,1,2,2,2]","[[2,4],[1,2,3,4],[1],[0,1,2,3,4],[0,1,4],[2,4],[0,1,2,3,4]]",UNSAT,UNSAT,UNSAT,"[2, 4]",0.101445,0.136377,0.006893,False
701513,6,2,"[1,1,1,2,2,1]","[2,2]","[[0],[1],[0,1],[0,1],[0,1],[0,1]]",UNSAT,UNSAT,UNSAT,"[0, 3, 4]",0.07906,0.066072,0.002853,False
701514,7,6,"[3,2,3,1,1,3,1]","[2,1,2,1,2,2]","[[0,2,3,5],[0,1,2,3,5],[0,1,2,3,5],[1,2,3],[5],[0,1,4,5],[5]]",UNSAT,UNSAT,UNSAT,"[0, 1, 2, 3]",0.464868,0.130883,0.010325,False
701515,5,6,"[1,3,1,1,3]","[1,2,3,2,1,2]","[[0,1,2,3,4,5],[0,1,2,3,4,5],[0,3],[1,2,3,5],[0,1,2,3,4,5]]",FEASIBLE,FEASIBLE,FEASIBLE,null,0.220399,0.071878,0.004792,False
701516,6,6,"[2,1,1,1,1,1]","[2,1,3,1,3,3]","[[1,4,5],[4],[0,1,2,3,4,5],[0,1,3,4],[0,1,2,3,4,5],[0,5]]",FEASIBLE,FEASIBLE,FEASIBLE,null,0.468586,0.069943,0.004332,False
701517,5,7,"[1,2,2,2,1]","[1,3,1,1,3,2,1]","[[1,2,6],[0,2,3,5,6],[3,5],[2,4],[1,5]]",FEASIBLE,FEASIBLE,FEASIBLE,null,0.241821,0.078555,0.004248,False
701518,7,2,"[1,1,2,1,1,1,1]","[1,3]","[[1],[0],[0,1],[0],[0,1],[0],[1]]",UNSAT,UNSAT,UNSAT,"[1, 2]",0.047035,0.069368,0.004471,False
701519,5,1,"[1,1,1,1,1]",[1],"[[0],[0],[0],[0],[0]]",UNSAT,UNSAT,UNSAT,"[0, 1]",0.01307,0.059862,0.002565,False
701520,6,5,"[1,2,1,2,1,1]","[3,3,1,2,2]","[[2],[0,1,2,3,4],[1,3,4],[0,1,2,3,4],[1,2],[0,1,2,3,4]]",FEASIBLE,FEASIBLE,FEASIBLE,null,0.543652,0.084789,0.004708,False
701521,4,4,"[1,2,3,1]","[1,3,3,2]","[[0,1,2,3],[0,1],[0,1,2,3],[1]]",FEASIBLE,FEASIBLE,FEASIBLE,null,0.077298,0.067103,0.003396,False
701522,5,5,"[1,1,2,3,3]","[3,1,1,2,2]","[[1,2],[1],[1,2,3,4],[0,1,2,4],[0,1,2,3]]",UNSAT,UNSAT,UNSAT,"[0, 1, 3]",0.099869,0.105683,0.006046,False
701523,2,5,"[1,3]","[2,2,2,3,2]","[[1,4],[0,2,3]]",FEASIBLE,FEASIBLE,FEASIBLE,null,0.020182,0.031754,0.001567,False
701524,3,1,"[1,1,1]",[3],"[[0],[0],[0]]",FEASIBLE,FEASIBLE,FEASIBLE,null,0.017203,0.024383,0.001114,False
701525,2,1,"[1,1]",[1],"[[0],[0]]",UNSAT,UNSAT,UNSAT,"[0, 1]",0.00882,0.031041,0.001652,False
701526,3,7,"[1,3,1]","[1,1,3,3,2,3,2]","[[5],[1,2,3,4,5,6],[0,1,2,3,4,5,6]]",FEASIBLE,FEASIBLE,FEASIBLE,null,0.055597,0.045391,0.003266,False
701527,2,2,"[1,1]","[3,2]","[[0,1],[0]]",FEASIBLE,FEASIBLE,FEASIBLE,null,0.013334,0.022155,0.001183,False
701528,6,7,"[1,2,1,2,1,3]","[3,1,1,1,1,2,3]","[[6],[0,1,3,5,6],[1,5],[0,5],[1,3],[0,1,2,3,4,5,6]]",FEASIBLE,FEASIBLE,FEASIBLE,null,0.550145,0.088397,0.004327,False
701529,7,2,"[1,1,1,2,1,1,1]","[2,1]","[[0,1],[0],[1],[0,1],[1],[1],[0]]",UNSAT,UNSAT,UNSAT,"[2, 3]",0.056487,0.066882,0.003981,False
701530,3,6,"[2,1,2]","[3,1,3,3,2,2]","[[0,1,3,4,5],[1,3],[1,3,4,5]]",FEASIBLE,FEASIBLE,FEASIBLE,null,0.05172,0.046015,0.002376,False
701531,5,3,"[1,2,1,1,1]","[3,2,2]","[[0,1],[0,1],[0,1,2],[1,2],[0,1,2]]",FEASIBLE,FEASIBLE,FEASIBLE,null,0.167519,0.196443,0.002446,False
701532,4,2,"[2,1,1,1]","[3,1]","[[0,1],[1],[0,1],[0]]",UNSAT,UNSAT,UNSAT,"[0, 1]",0.017439,0.048108,0.002607,False
701533,4,5,"[3,2,3,1]","[1,1,1,3,1]","[[0,1,2,3,4],[0,1,4],[0,3,4],[2]]",UNSAT,UNSAT,UNSAT,"[1, 2]",0.047103,0.09925,0.005716,False
701534,3,6,"[2,3,2]","[2,1,3,1,3,2]","[[0,4,5],[0,1,2,3,4,5],[0,5]]",FEASIBLE,FEASIBLE,FEASIBLE,null,0.051865,0.084248,0.003245,False
701535,6,7,"[1,1,1,2,2,2]","[1,3,2,3,3,3,3]","[[0,1,2,4],[5],[0],[0,2,5,6],[0,1,2,3,4,5,6],[0,1,3,4,6]]",FEASIBLE,FEASIBLE,FEASIBLE,null,0.561268,0.105076,0.004848,False
701536,7,3,"[1,1,1,2,2,1,2]","[1,2,1]","[[1,2],[1],[0,1,2],[1,2],[1,2],[1,2],[1,2]]",UNSAT,UNSAT,UNSAT,"[3, 4]",0.067483,0.063824,0.004093,False
701537,6,3,"[1,1,1,1,1,1]","[2,1,3]","[[0],[2],[0,1],[2],[1],[2]]",FEASIBLE,FEASIBLE,FEASIBLE,null,0.232548,0.038501,0.001739,False
701538,6,2,"[2,1,2,1,1,1]","[1,1]","[[0,1],[0,1],[0,1],[1],[0,1],[0]]",UNSAT,UNSAT,UNSAT,"[0, 1]",0.01709,0.053441,0.002791,False
701539,2,7,"[1,3]","[3,3,1,2,2,1,2]","[[0,1,2,3,4,5,6],[0,1,2,3,4]]",FEASIBLE,FEASIBLE,FEASIBLE,null,0.019886,0.039464,0.002036,False
701540,2,1,"[1,1]",[3],"[[0],[0]]",FEASIBLE,FEASIBLE,FEASIBLE,null,0.006946,0.020009,0.00077,False
701541,6,5,"[3,1,1,1,1,3]","[3,3,3,1,1]","[[1,3,4],[1,3],[0,1,2,3,4],[0],[2],[0,1,2,3,4]]",FEASIBLE,FEASIBLE,FEASIBLE,null,0.325084,0.061072,0.003023,False
701542,3,1,"[1,1,1]",[2],"[[0],[0],[0]]",UNSAT,UNSAT,UNSAT,"[0, 1, 2]",0.013705,0.031037,0.001512,False
701543,6,6,"[1,2,1,3,1,3]","[3,2,2,3,1,3]","[[0,1,4],[0,2,3,5],[2],[0,1,2,3,4,5],[2,3,5],[1,2,3,4]]",FEASIBLE,FEASIBLE,FEASIBLE,null,0.396494,0.066912,0.003494,False
701544,5,1,"[1,1,1,1,1]",[1],"[[0],[0],[0],[0],[0]]",UNSAT,UNSAT,UNSAT,"[0, 1]",0.011829,0.039004,0.001957,False
701545,4,7,"[2,3,3,2]","[2,1,1,2,1,3,2]","[[0,1,2,3,4,5,6],[1,2,5,6],[0,1,2,3,5,6],[2,3,4,5,6]]",FEASIBLE,FEASIBLE,FEASIBLE,null,0.113783,0.064898,0.003668,False
701546,4,4,"[2,2,2,2]","[2,2,3,1]","[[0,1,3],[0,1],[0,2],[1,3]]",UNSAT,UNSAT,UNSAT,"[0, 1, 3]",0.049701,0.056709,0.003036,False
701547,5,5,"[2,2,1,3,1]","[2,1,2,1,3]","[[0,1,2,4],[0,2,3,4],[2,3,4],[0,1,2,3],[0,1,2,4]]",FEASIBLE,FEASIBLE,FEASIBLE,null,0.153513,0.081205,0.004328,False
701548,5,6,"[3,3,3,1,1]","[2,3,3,3,1,3]","[[0,1,2,3,4,5],[0,1,2,3,4,5],[0,1,2,4],[1,3],[0,4]]",FEASIBLE,FEASIBLE,FEASIBLE,null,0.173347,0.077836,0.004275,False
701549,2,1,"[1,1]",[2],"[[0],[0]]",FEASIBLE,FEASIBLE,FEASIBLE,null,0.007057,0.016565,0.000713,False
701550,2,7,"[2,2]","[1,2,1,3,2,1,2]","[[0,4,6],[0,4,5,6]]",FEASIBLE,FEASIBLE,FEASIBLE,null,0.019115,0.04452,0.00163,False
701551,5,5,"[2,2,2,1,1]","[3,3,3,3,2]","[[1,3],[0,2,3,4],[1,2,3,4],[1],[0,1,2,3,4]]",FEASIBLE,FEASIBLE,FEASIBLE,null,0.149137,0.048318,0.00273,False
701552,1,5,[1],"[2,3,1,1,3]","[[0,1,2,3,4]]",FEASIBLE,FEASIBLE,FEASIBLE,null,0.00626,0.12716,0.001164,False
701553,5,6,"[1,3,3,3,1]","[2,3,1,1,1,1]","[[0,2,3,4,5],[0,2,4,5],[0,1,2,3,4,5],[0,2,5],[1,3]]",UNSAT,UNSAT,UNSAT,"[1, 3]",0.058031,0.092609,0.005228,False
701554,1,3,[1],"[1,1,3]","[[0,2]]",FEASIBLE,FEASIBLE,FEASIBLE,null,0.005334,0.016028,0.000782,False
701555,4,2,"[1,2,2,1]","[1,1]","[[0,1],[0,1],[0,1],[1]]",UNSAT,UNSAT,UNSAT,"[0, 1]",0.013446,0.04247,0.002268,False
701556,2,5,"[1,1]","[1,1,3,1,1]","[[0,2,3,4],[3]]",FEASIBLE,FEASIBLE,FEASIBLE,null,0.015591,0.022571,0.001379,False
701557,1,6,[1],"[1,1,2,1,3,3]","[[0,1,2]]",FEASIBLE,FEASIBLE,FEASIBLE,null,0.008634,0.017609,0.000992,False
701558,4,3,"[1,2,1,1]","[2,2,3]","[[2],[1,2],[0],[0]]",FEASIBLE,FEASIBLE,FEASIBLE,null,0.048411,0.03101,0.001495,False
701559,6,3,"[3,1,3,1,2,1]","[2,2,2]","[[0,1,2],[2],[0,1,2],[0],[0,2],[1]]",UNSAT,UNSAT,UNSAT,"[0, 1, 2]",0.065822,0.06294,0.003452,False
701560,3,1,"[1,1,1]",[1],"[[0],[0],[0]]",UNSAT,UNSAT,UNSAT,"[0, 1]",0.008518,0.03277,0.001384,False
701561,5,7,"[2,1,3,1,3]","[1,3,3,3,1,2,1]","[[2,3,4,5],[6],[3,4,6],[4],[0,3,4,6]]",UNSAT,UNSAT,UNSAT,"[1, 2]",0.058429,0.064065,0.00376,False
701562,6,6,"[3,1,3,2,1,1]","[2,1,1,3,1,2]","[[0,1,2,3,5],[2],[1,2,3,4,5],[2,3],[3],[3,5]]",UNSAT,UNSAT,UNSAT,"[1, 3]",0.066022,0.081289,0.004865,False
701563,3,1,"[1,1,1]",[2],"[[0],[0],[0]]",UNSAT,UNSAT,UNSAT,"[0, 1, 2]",0.013046,0.030357,0.001347,False
701564,7,6,"[2,3,3,3,1,1,3]","[1,3,3,3,1,3]","[[1,2,3,4,5],[1,2,3,4],[0,3,5],[0,1,2,3,4,5],[2],[3],[0,1,3,4]]",UNSAT,UNSAT,UNSAT,"[1, 2, 5, 6]",0.521749,0.243512,0.007615,False
701565,5,7,"[2,2,2,2,1]","[2,2,3,2,2,1,2]","[[0,1,2,3,4,5,6],[0,4],[0,1,4,5,6],[0,5,6],[0,1]]",FEASIBLE,FEASIBLE,FEASIBLE,null,0.204439,0.072215,0.003828,False
701566,2,6,"[2,1]","[2,1,2,1,1,3]","[[1,2,3],[0,1,2]]",FEASIBLE,FEASIBLE,FEASIBLE,null,0.018114,0.026695,0.001425,False
701567,2,6,"[3,1]","[2,1,1,1,2,3]","[[0,1,2,3,4,5],[2,3,4]]",FEASIBLE,FEASIBLE,FEASIBLE,null,0.018831,0.032336,0.001855,False
701568,7,7,"[2,3,3,2,3,1,1]","[3,1,1,1,1,2,2]","[[0,1,2,5,6],[0,3,4,5],[1,2,3,5,6],[0,4,6],[0,1,2,4,6],[0,1],[1,2,3]]",UNSAT,UNSAT,UNSAT,"[0, 1, 2, 3, 4]",0.678553,0.151751,0.008251,False
701569,5,3,"[2,1,2,2,1]","[3,2,2]","[[0,1,2],[1,2],[0,1,2],[0,1,2],[2]]",UNSAT,UNSAT,UNSAT,"[0, 1, 2, 3, 4]",0.166049,0.064051,0.003395,False
701570,2,2,"[2,1]","[2,2]","[[0,1],[0,1]]",FEASIBLE,FEASIBLE,FEASIBLE,null,0.009628,0.022669,0.00102,False
701571,3,3,"[1,1,1]","[1,3,2]","[[2],[0],[0]]",UNSAT,UNSAT,UNSAT,"[1, 2]",0.020005,0.031971,0.001717,False
701572,5,1,"[1,1,1,1,1]",[2],"[[0],[0],[0],[0],[0]]",UNSAT,UNSAT,UNSAT,"[0, 1, 2]",0.02654,0.04019,0.001986,False
701573,1,7,[2],"[1,1,3,1,1,3,2]","[[4,5]]",FEASIBLE,FEASIBLE,FEASIBLE,null,0.007686,0.020159,0.001084,False
701574,2,1,"[1,1]",[3],"[[0],[0]]",FEASIBLE,FEASIBLE,FEASIBLE,null,0.007343,0.017703,0.000624,False
701575,7,3,"[3,1,2,1,2,1,2]","[1,2,1]","[[0,1,2],[2],[0,1],[0],[0,1,2],[0],[0,1,2]]",UNSAT,UNSAT,UNSAT,"[0, 1]",0.024602,0.177993,0.003899,False
701576,5,2,"[1,2,1,1,1]","[1,3]","[[0,1],[0,1],[0,1],[1],[0]]",UNSAT,UNSAT,UNSAT,"[1, 4]",0.028808,0.049938,0.002782,False
701577,5,5,"[1,1,3,1,2]","[2,2,3,3,3]","[[0,1,4],[2],[0,1,3,4],[0,1,2,4],[0,1,3]]",FEASIBLE,FEASIBLE,FEASIBLE,null,0.178766,0.063686,0.00339,False
701578,5,4,"[3,1,2,2,1]","[3,3,2,2]","[[0,1,2,3],[2,3],[0,1],[0,1,2,3],[3]]",FEASIBLE,FEASIBLE,FEASIBLE,null,0.130341,0.050729,0.002371,False
701579,4,6,"[1,1,1,1]","[2,3,1,3,1,3]","[[3],[2,5],[2,3],[1]]",FEASIBLE,FEASIBLE,FEASIBLE,null,0.084694,0.032398,0.001763,False
701580,4,7,"[2,2,3,2]","[2,2,1,3,2,1,1]","[[0,1,2,3],[0,6],[0,1,3,4,5],[0,1,2,4,5,6]]",FEASIBLE,FEASIBLE,FEASIBLE,null,0.097649,0.056711,0.003087,False
701581,2,2,"[1,1]","[3,2]","[[0,1],[0]]",FEASIBLE,FEASIBLE,FEASIBLE,null,0.009491,0.018374,0.000889,False
701582,2,7,"[1,1]","[2,1,3,3,1,2,1]","[[1,2,3,4,5,6],[0,1,3,4,5]]",FEASIBLE,FEASIBLE,FEASIBLE,null,0.021168,0.030022,0.0018,False
701583,5,5,"[1,1,2,1,3]","[1,3,3,3,2]","[[2],[0,1,2,3,4],[2,3],[3],[0,1,2,3]]",FEASIBLE,FEASIBLE,FEASIBLE,null,0.16365,0.048338,0.002504,False
701584,7,4,"[2,3,1,1,3,1,2]","[1,1,1,1]","[[1,2,3],[0,1,2,3],[0],[2,3],[0,1,2,3],[0],[0,2,3]]",UNSAT,UNSAT,UNSAT,"[0, 1]",0.030362,0.083104,0.004629,False
701585,6,3,"[1,1,1,1,1,1]","[3,1,3]","[[0,1,2],[0,1,2],[0,1,2],[0,2],[1],[1]]",UNSAT,UNSAT,UNSAT,"[4, 5]",0.063573,0.057294,0.002993,False
701586,4,7,"[1,2,1,1]","[1,3,1,2,1,3,2]","[[1,3,4],[0,1,2,3,4,6],[1,2,3,5,6],[5]]",FEASIBLE,FEASIBLE,FEASIBLE,null,0.204021,0.041747,0.00257,False
701587,7,5,"[1,3,1,2,3,1,3]","[1,3,3,3,3]","[[2,3,4],[0,1,2,3,4],[0],[0,2,3,4],[0,1,2,3,4],[3],[2,3,4]]",UNSAT,UNSAT,UNSAT,"[0, 1, 2, 3, 4, 6]",0.62997,0.123297,0.006786,False
701588,4,7,"[1,1,2,2]","[2,2,3,1,2,3,1]","[[1],[0,1,2,3,5,6],[1,2],[0,1,2,5,6]]",FEASIBLE,FEASIBLE,FEASIBLE,null,0.097916,0.044565,0.002732,False
701589,6,5,"[2,3,1,3,1,2]","[2,2,1,3,1]","[[0,1,2,3,4],[1,2,4],[0,4],[0,1,3,4],[1,2],[0,1,3,4]]",UNSAT,UNSAT,UNSAT,"[1, 3, 4]",0.168987,0.119259,0.00627,False
701590,2,3,"[1,1]","[2,2,1]","[[0,2],[1]]",FEASIBLE,FEASIBLE,FEASIBLE,null,0.011693,0.019554,0.001097,False
701591,4,3,"[1,2,1,1]","[2,2,3]","[[0,1],[1,2],[0],[0,1,2]]",FEASIBLE,FEASIBLE,FEASIBLE,null,0.049966,0.036133,0.001672,False
701592,6,4,"[1,2,1,3,1,3]","[3,1,2,1]","[[2,3],[0,1,2,3],[0,1],[1,2,3],[0,1,2,3],[0,1,2]]",UNSAT,UNSAT,UNSAT,"[3, 5]",0.080402,0.074079,0.004477,False
701593,2,5,"[1,1]","[1,2,2,2,2]","[[1,2],[1,3,4]]",FEASIBLE,FEASIBLE,FEASIBLE,null,0.015705,0.022513,0.00131,False
701594,3,4,"[3,2,1]","[3,1,1,3]","[[0,1,2,3],[1,2],[0]]",UNSAT,UNSAT,UNSAT,"[0, 1]",0.016819,0.058244,0.002948,False
701595,2,2,"[1,1]","[3,1]","[[0],[0,1]]",FEASIBLE,FEASIBLE,FEASIBLE,null,0.009385,0.019,0.000871,False
701596,5,5,"[3,1,3,2,2]","[1,3,3,3,1]","[[0,1,2,3],[1,2,4],[1,3,4],[1,2],[0,1,2,4]]",UNSAT,UNSAT,UNSAT,"[0, 1, 2, 3, 4]",0.153014,0.216236,0.005353,False
701597,5,1,"[1,1,1,1,1]",[3],"[[0],[0],[0],[0],[0]]",UNSAT,UNSAT,UNSAT,"[0, 1, 2, 3]",0.044258,0.04321,0.00199,False
701598,2,7,"[2,1]","[3,3,2,2,3,3,1]","[[0,1,3,6],[5,6]]",FEASIBLE,FEASIBLE,FEASIBLE,null,0.020821,0.027985,0.001479,False
701599,2,1,"[1,1]",[1],"[[0],[0]]",UNSAT,UNSAT,UNSAT,"[0, 1]",0.01039,0.03271,0.001068,False
701600,5,1,"[1,1,1,1,1]",[2],"[[0],[0],[0],[0],[0]]",UNSAT,UNSAT,UNSAT,"[0, 1, 2]",0.033901,0.053423,0.001709,False
701601,3,3,"[1,1,2]","[3,3,2]","[[0],[2],[1,2]]",FEASIBLE,FEASIBLE,FEASIBLE,null,0.024849,0.028371,0.00132,False
701602,1,4,[2],"[3,2,3,3]","[[1,3]]",FEASIBLE,FEASIBLE,FEASIBLE,null,0.023792,0.022114,0.000961,False
701603,3,6,"[1,1,3]","[1,1,2,1,3,2]","[[4,5],[0,4],[0,1,2,3,4,5]]",FEASIBLE,FEASIBLE,FEASIBLE,null,0.041783,0.039887,0.001957,False
701604,5,1,"[1,1,1,1,1]",[3],"[[0],[0],[0],[0],[0]]",UNSAT,UNSAT,UNSAT,"[0, 1, 2, 3]",0.059383,0.051722,0.001632,False
701605,6,6,"[3,1,1,1,3,3]","[2,1,2,2,3,2]","[[0,1,2,4],[0,1,2,3,4,5],[0,1,2,3,4,5],[0,1,2,3,4,5],[0,1,2,3,5],[0,1,3,4,5]]",FEASIBLE,FEASIBLE,FEASIBLE,null,0.496663,0.121993,0.005973,False
701606,5,5,"[1,3,1,3,2]","[1,1,3,1,2]","[[0,1,2,3,4],[0,1,2,3,4],[0,3],[1,2,3,4],[1,2]]",UNSAT,UNSAT,UNSAT,"[0, 1, 3, 4]",0.150621,0.117231,0.005621,False
701607,1,5,[3],"[2,1,2,1,3]","[[2,3,4]]",FEASIBLE,FEASIBLE,FEASIBLE,null,0.008448,0.027673,0.001179,False
701608,2,5,"[1,3]","[3,3,2,2,3]","[[1,3,4],[0,1,2,3,4]]",FEASIBLE,FEASIBLE,FEASIBLE,null,0.02147,0.03907,0.001635,False
701609,1,2,[1],"[1,2]",[[0]],FEASIBLE,FEASIBLE,FEASIBLE,null,0.161272,0.019478,0.000664,False
701610,5,7,"[3,2,2,2,1]","[1,2,3,3,1,3,3]","[[0,1,3,4,5,6],[0,3,4,5,6],[0,1,2,3,4,5,6],[0,1,2,3,4],[2,3,4,5]]",FEASIBLE,FEASIBLE,FEASIBLE,null,0.284975,0.079336,0.004778,False
701611,4,4,"[1,2,1,2]","[1,1,3,3]","[[3],[0,1,3],[0,1,2],[0,1,2,3]]",FEASIBLE,FEASIBLE,FEASIBLE,null,0.063885,0.046066,0.002098,False
701612,6,5,"[1,1,2,3,1,3]","[1,1,2,3,3]","[[3],[2],[0,1,2,3,4],[0,1,2,4],[1,2,3],[0,1,2]]",UNSAT,UNSAT,UNSAT,"[3, 5]",0.100033,0.105594,0.00561,False
701613,6,7,"[1,3,1,1,1,3]","[2,3,1,2,2,3,2]","[[0,1,2,3,4,5,6],[0,1,2,4,5,6],[2],[2,3],[1,4,6],[0,1,2,3,4,6]]",FEASIBLE,FEASIBLE,FEASIBLE,null,0.481074,0.094786,0.004984,False
701614,4,3,"[3,2,1,1]","[3,3,1]","[[0,1,2],[0,1,2],[0,1,2],[0,2]]",FEASIBLE,FEASIBLE,FEASIBLE,null,0.052687,0.065026,0.002487,False
701615,4,3,"[3,1,1,1]","[3,2,3]","[[0,1,2],[0,2],[1],[1]]",UNSAT,UNSAT,UNSAT,"[0, 2, 3]",0.055243,0.058221,0.002499,False
701616,2,3,"[1,1]","[3,3,3]","[[0,1],[0]]",FEASIBLE,FEASIBLE,FEASIBLE,null,0.01564,0.046866,0.000972,False
701617,5,1,"[1,1,1,1,1]",[1],"[[0],[0],[0],[0],[0]]",UNSAT,UNSAT,UNSAT,"[0, 1]",0.015219,0.047171,0.00172,False
701618,3,4,"[1,1,1]","[2,2,1,3]","[[1],[0,3],[0,1,2,3]]",FEASIBLE,FEASIBLE,FEASIBLE,null,0.030487,0.028446,0.001529,False
701619,6,2,"[1,1,1,1,1,1]","[3,2]","[[1],[0,1],[0],[0],[0],[1]]",UNSAT,UNSAT,UNSAT,"[0, 1, 2, 3, 4, 5]",0.197618,0.063768,0.002839,False
701620,2,5,"[2,1]","[2,3,3,1,2]","[[0,4],[2,4]]",FEASIBLE,FEASIBLE,FEASIBLE,null,0.232513,0.030224,0.001281,False
701621,5,1,"[1,1,1,1,1]",[2],"[[0],[0],[0],[0],[0]]",UNSAT,UNSAT,UNSAT,"[0, 1, 2]",0.033699,0.055688,0.00149,False
701622,1,5,[2],"[1,1,1,2,1]","[[0,1]]",FEASIBLE,FEASIBLE,FEASIBLE,null,0.009206,0.021173,0.000844,False
701623,1,5,[3],"[3,3,1,3,2]","[[1,2,3,4]]",FEASIBLE,FEASIBLE,FEASIBLE,null,0.008586,0.028199,0.001169,False
701624,6,7,"[2,1,2,3,1,3]","[2,2,2,1,3,3,2]","[[0,1,2,3,4,5,6],[1,3,4,5],[0,1,2,5,6],[0,1,2,6],[1,4,5,6],[0,1,2,4,5,6]]",FEASIBLE,FEASIBLE,FEASIBLE,null,0.560063,0.118174,0.005705,False
701625,1,4,[2],"[3,3,2,2]","[[0,3]]",FEASIBLE,FEASIBLE,FEASIBLE,null,0.006512,0.019384,0.000801,False
701626,3,3,"[1,3,1]","[2,3,3]","[[1,2],[0,1,2],[1]]",FEASIBLE,FEASIBLE,FEASIBLE,null,0.02621,0.036041,0.001398,False
701627,7,1,"[1,1,1,1,1,1,1]",[1],"[[0],[0],[0],[0],[0],[0],[0]]",UNSAT,UNSAT,UNSAT,"[0, 1]",0.014647,0.058837,0.002466,False
701628,4,4,"[1,2,3,2]","[2,2,3,1]","[[2],[0,1,2,3],[0,1,2,3],[0,1,3]]",FEASIBLE,FEASIBLE,FEASIBLE,null,0.084382,0.07343,0.002685,False
701629,3,2,"[1,1,2]","[1,1]","[[0],[0],[0,1]]",UNSAT,UNSAT,UNSAT,"[0, 1]",0.012655,0.038334,0.001826,False
701630,6,5,"[1,1,1,2,1,1]","[3,1,1,3,2]","[[2],[1,3],[0,1,2,3,4],[0,1,2,3,4],[1,2],[0,1,3,4]]",FEASIBLE,FEASIBLE,FEASIBLE,null,0.38765,0.079479,0.003966,False
701631,6,5,"[3,3,1,1,3,2]","[2,2,2,3,2]","[[0,2,3,4],[0,1,2,3,4],[2],[0,2],[0,1,2,3,4],[2,3]]",UNSAT,UNSAT,UNSAT,"[0, 1, 2, 4, 5]",0.306044,0.299782,0.006128,False
701632,4,1,"[1,1,1,1]",[3],"[[0],[0],[0],[0]]",UNSAT,UNSAT,UNSAT,"[0, 1, 2, 3]",0.033687,0.045938,0.0018,False
701633,3,3,"[1,1,1]","[3,3,1]","[[2],[2],[0,1,2]]",UNSAT,UNSAT,UNSAT,"[0, 1]",0.014934,0.036356,0.001794,False
701634,1,3,[1],"[1,3,3]","[[0,1]]",FEASIBLE,FEASIBLE,FEASIBLE,null,0.006227,0.016926,0.000699,False
701635,7,2,"[1,1,1,1,1,1,2]","[2,1]","[[0,1],[1],[0,1],[0,1],[1],[1],[0,1]]",UNSAT,UNSAT,UNSAT,"[1, 4]",0.039099,0.061229,0.003292,False
701636,7,2,"[1,2,1,1,2,2,2]","[3,3]","[[0],[0,1],[0,1],[1],[0,1],[0,1],[0,1]]",UNSAT,UNSAT,UNSAT,"[0, 1, 4, 5]",0.193016,0.08397,0.004107,False
701637,2,5,"[1,1]","[2,3,2,1,2]","[[3,4],[4]]",FEASIBLE,FEASIBLE,FEASIBLE,null,0.020121,0.024908,0.001354,False
701638,7,3,"[2,1,1,1,1,1,1]","[2,3,3]","[[0,1,2],[0],[0],[2],[0,1,2],[1],[1]]",FEASIBLE,FEASIBLE,FEASIBLE,null,0.514379,0.084033,0.003465,False
701639,7,7,"[2,2,3,2,1,2,1]","[2,1,1,3,2,2,1]","[[1,4],[0,1,2],[0,1,3,5],[0,2,3,5],[0],[0,1,2,3,4,5],[0,1,3,4,6]]",UNSAT,UNSAT,UNSAT,"[0, 1, 2, 4]",0.527246,0.147286,0.006984,False
701640,7,5,"[3,1,3,3,3,2,1]","[3,1,1,2,1]","[[0,1,2,3,4],[0,3],[0,1,2,3,4],[0,1,2,3,4],[2,3,4],[0,1,2,3,4],[4]]",UNSAT,UNSAT,UNSAT,"[4, 6]",0.149101,0.133462,0.007443,False
701641,5,6,"[1,1,2,1,1]","[2,1,1,3,2,1]","[[3],[0],[0,1,2,4,5],[0,1,2,3,5],[2]]",FEASIBLE,FEASIBLE,FEASIBLE,null,0.212327,0.224618,0.003877,False
701642,2,7,"[2,1]","[2,2,2,2,3,2,2]","[[0,1,5,6],[0,1,4]]",FEASIBLE,FEASIBLE,FEASIBLE,null,0.023832,0.034769,0.001832,False
701643,7,3,"[1,1,1,1,1,1,1]","[3,2,3]","[[1,2],[0],[0,1,2],[1],[1,2],[0],[0,2]]",FEASIBLE,FEASIBLE,FEASIBLE,null,0.576427,0.066649,0.002718,False
701644,1,7,[3],"[2,2,3,1,3,2,1]","[[0,1,2,3,4,5,6]]",FEASIBLE,FEASIBLE,FEASIBLE,null,0.010453,0.034631,0.001825,False
701645,3,6,"[1,2,1]","[1,3,2,1,2,2]","[[1],[2,3,4],[1,2,5]]",FEASIBLE,FEASIBLE,FEASIBLE,null,0.077612,0.044898,0.001966,False
701646,1,2,[1],"[2,3]","[[0,1]]",FEASIBLE,FEASIBLE,FEASIBLE,null,0.006737,0.01937,0.000809,False
701647,1,1,[1],[1],[[0]],FEASIBLE,FEASIBLE,FEASIBLE,null,0.005126,0.023153,0.000711,False
701648,5,6,"[2,3,2,2,1]","[1,1,2,3,2,2]","[[0,2,3],[0,1,4,5],[0,2,3],[0,5],[3,4,5]]",FEASIBLE,FEASIBLE,FEASIBLE,null,0.23337,0.08631,0.004587,False
701649,2,6,"[3,1]","[2,1,3,1,1,2]","[[0,1,3],[1,2,3,5]]",FEASIBLE,FEASIBLE,FEASIBLE,null,0.019862,0.033973,0.001993,False
701650,7,3,"[1,2,1,2,1,2,1]","[3,1,2]","[[1],[0,2],[1],[0,2],[1],[0,1,2],[1]]",UNSAT,UNSAT,UNSAT,"[0, 2]",0.03138,0.088979,0.004191,False
701651,7,4,"[3,1,1,1,2,1,1]","[3,3,1,3]","[[0,1,2,3],[0],[1,3],[0,1,3],[1,2],[0],[3]]",FEASIBLE,FEASIBLE,FEASIBLE,null,0.594892,0.093644,0.004361,False
701652,5,2,"[1,2,1,1,2]","[1,3]","[[0,1],[0,1],[0,1],[1],[0,1]]",UNSAT,UNSAT,UNSAT,"[1, 4]",0.037165,0.066533,0.00349,False
701653,7,5,"[1,3,1,1,1,1,3]","[2,1,2,3,2]","[[4],[0,1,3],[4],[2],[0,2,3,4],[1,3,4],[0,1,2,3,4]]",UNSAT,UNSAT,UNSAT,"[0, 1, 2, 3, 4, 5, 6]",0.766089,0.223944,0.006196,False
701654,3,7,"[1,2,1]","[3,1,2,3,3,2,1]","[[1,4,5,6],[3,4],[0,1,2,3,4,5,6]]",FEASIBLE,FEASIBLE,FEASIBLE,null,0.049548,0.040284,0.002807,False
701655,5,5,"[1,3,2,1,2]","[1,2,2,2,3]","[[0],[1,2,4],[0,2],[3],[0,1,2,3,4]]",UNSAT,UNSAT,UNSAT,"[0, 2]",0.040809,0.07323,0.003884,False
701656,7,4,"[2,1,2,3,1,2,3]","[3,2,3,1]","[[2,3],[0,1,2],[0,1,2,3],[0,1,2,3],[1,2],[0,1],[0,1,2,3]]",UNSAT,UNSAT,UNSAT,"[0, 2, 3, 6]",0.367964,0.095368,0.006301,False
701657,1,5,[2],"[2,3,1,1,3]","[[0,1,2,3]]",FEASIBLE,FEASIBLE,FEASIBLE,null,0.01105,0.022561,0.001353,False
701658,4,3,"[2,2,1,1]","[3,3,3]","[[1,2],[0,1,2],[1],[0,2]]",FEASIBLE,FEASIBLE,FEASIBLE,null,0.052735,0.038318,0.00212,False
701659,5,3,"[2,2,1,3,1]","[1,2,3]","[[0,1,2],[0,1,2],[0,1,2],[0,1,2],[0,2]]",UNSAT,UNSAT,UNSAT,"[0, 1, 3]",0.091725,0.083733,0.004669,False
701660,6,5,"[2,1,1,2,2,1]","[2,2,1,1,2]","[[0,1,2,3,4],[0],[0,1,3],[0,1],[1,2,3],[1,4]]",UNSAT,UNSAT,UNSAT,"[0, 1, 2, 3, 4]",0.525803,0.141432,0.006342,False
701661,7,7,"[1,2,1,2,2,3,2]","[2,3,2,3,1,2,2]","[[1,2,3,5],[0,1,2,4,6],[3],[0,1,2,3,4,5,6],[0,1,2,3,4],[0,1,2,3,4,5,6],[0,1,2,3,4,5,6]]",FEASIBLE,FEASIBLE,FEASIBLE,null,1.01756,0.360777,0.006875,False
701662,7,3,"[3,1,1,2,1,1,1]","[1,1,2]","[[0,1,2],[2],[1],[0,2],[0],[1],[0,1,2]]",UNSAT,UNSAT,UNSAT,"[0, 2]",0.036982,0.093036,0.004167,False
701663,2,2,"[1,1]","[3,2]","[[0],[1]]",FEASIBLE,FEASIBLE,FEASIBLE,null,0.014319,0.025089,0.000969,False
701664,3,7,"[1,2,1]","[2,2,3,2,3,2,1]","[[3],[0,1,2,3,5,6],[6]]",FEASIBLE,FEASIBLE,FEASIBLE,null,0.062383,0.043297,0.002246,False
701665,7,3,"[1,1,1,1,1,1,1]","[3,3,2]","[[0,2],[0,1,2],[1,2],[0,1,2],[1,2],[0,2],[0]]",FEASIBLE,FEASIBLE,FEASIBLE,null,0.496282,0.071461,0.003942,False
701666,7,2,"[1,1,1,2,2,2,2]","[1,3]","[[0],[0,1],[1],[0,1],[0,1],[0,1],[0,1]]",UNSAT,UNSAT,UNSAT,"[0, 3]",0.025838,0.070652,0.003971,False
701667,7,4,"[2,2,1,2,1,1,2]","[1,3,1,1]","[[0,1,2,3],[0,1,2,3],[0,3],[0,2,3],[1],[2],[0,1,2]]",UNSAT,UNSAT,UNSAT,"[0, 1, 3]",0.12075,0.090182,0.005508,False
701668,7,2,"[1,1,1,1,1,2,2]","[1,1]","[[0],[1],[0,1],[1],[0,1],[0,1],[0,1]]",UNSAT,UNSAT,UNSAT,"[0, 5]",0.029599,0.06205,0.003604,False
701669,2,4,"[1,2]","[3,2,3,2]","[[1],[1,2]]",FEASIBLE,FEASIBLE,FEASIBLE,null,0.014376,0.024786,0.001314,False
701670,6,1,"[1,1,1,1,1,1]",[1],"[[0],[0],[0],[0],[0],[0]]",UNSAT,UNSAT,UNSAT,"[0, 1]",0.01305,0.176034,0.002604,False
701671,3,4,"[2,1,1]","[2,1,1,2]","[[0,1],[2],[0]]",FEASIBLE,FEASIBLE,FEASIBLE,null,0.045556,0.050194,0.001562,False
701672,7,7,"[2,1,2,1,1,1,2]","[2,3,1,2,3,3,2]","[[0,3,4],[1,3],[1,4,5],[0,1,3,5,6],[2],[0,1,2,3,4,5,6],[1,6]]",FEASIBLE,FEASIBLE,FEASIBLE,null,1.107709,0.234644,0.005253,False
701673,4,1,"[1,1,1,1]",[1],"[[0],[0],[0],[0]]",UNSAT,UNSAT,UNSAT,"[0, 1]",0.011347,0.040739,0.002071,False
701674,3,4,"[1,3,2]","[3,3,3,3]","[[0,1,2,3],[0,1,2],[1,2,3]]",FEASIBLE,FEASIBLE,FEASIBLE,null,0.031668,0.039667,0.002286,False
701675,7,2,"[1,2,2,1,1,1,2]","[2,2]","[[0],[0,1],[0,1],[0,1],[0,1],[0],[0,1]]",UNSAT,UNSAT,UNSAT,"[0, 1, 2]",0.075571,0.086476,0.003864,False
701676,1,5,[3],"[2,2,2,3,1]","[[0,2,3]]",FEASIBLE,FEASIBLE,FEASIBLE,null,0.009192,0.029782,0.00133,False
701677,5,3,"[1,1,1,3,2]","[2,3,3]","[[0,1],[0],[2],[0,1,2],[0,1]]",UNSAT,UNSAT,UNSAT,"[1, 3, 4]",0.093681,0.082974,0.003941,False
701678,7,5,"[2,3,1,2,1,1,2]","[2,2,3,1,3]","[[0,4],[0,2,3],[0],[0,1],[3],[0,1,2,4],[2,4]]",UNSAT,UNSAT,UNSAT,"[1, 4]",0.100807,0.134963,0.005208,False
701679,3,1,"[1,1,1]",[2],"[[0],[0],[0]]",UNSAT,UNSAT,UNSAT,"[0, 1, 2]",0.027608,0.042673,0.001654,False
701680,2,4,"[1,1]","[1,2,1,2]","[[0],[0,2,3]]",FEASIBLE,FEASIBLE,FEASIBLE,null,0.018236,0.037797,0.001469,False
701681,7,6,"[1,1,3,1,2,1,1]","[3,3,3,2,2,2]","[[1,2,3,4],[0,1,2,3,4,5],[0,2,5],[3],[0,2],[0,1,2,3,4,5],[5]]",FEASIBLE,FEASIBLE,FEASIBLE,null,0.956833,0.118886,0.00434,False
701682,2,2,"[2,1]","[3,2]","[[0,1],[1]]",FEASIBLE,FEASIBLE,FEASIBLE,null,0.013727,0.037374,0.001202,False
701683,3,1,"[1,1,1]",[1],"[[0],[0],[0]]",UNSAT,UNSAT,UNSAT,"[0, 1]",0.012298,0.042471,0.001428,False
701684,4,6,"[2,1,1,1]","[2,1,3,1,1,2]","[[0,2,3,5],[0,1,3,5],[1,2,3,4],[1,2,3,4,5]]",FEASIBLE,FEASIBLE,FEASIBLE,null,0.092439,0.212561,0.003378,False
701685,3,6,"[3,1,1]","[1,3,3,1,1,2]","[[0,1,2,4,5],[0,1,3,4,5],[0,2]]",FEASIBLE,FEASIBLE,FEASIBLE,null,0.045427,0.043144,0.002737,False
701686,1,5,[3],"[1,3,1,1,2]","[[1,2,3]]",FEASIBLE,FEASIBLE,FEASIBLE,null,0.00713,0.023791,0.001283,False
701687,6,5,"[1,3,2,2,3,2]","[2,2,3,3,1]","[[0,1,4],[0,1,2,3],[0,1,2,4],[0,3],[0,1,2,3,4],[2,4]]",UNSAT,UNSAT,UNSAT,"[0, 1, 2, 4, 5]",0.341284,0.136679,0.007474,False
701688,4,2,"[1,2,1,1]","[1,2]","[[0,1],[0,1],[0],[0,1]]",UNSAT,UNSAT,UNSAT,"[1, 2]",0.022314,0.050706,0.002837,False
701689,3,5,"[1,2,1]","[1,2,1,1,2]","[[4],[2,3,4],[0,1,2,3,4]]",FEASIBLE,FEASIBLE,FEASIBLE,null,0.03867,0.036374,0.002253,False
701690,5,5,"[1,1,1,1,1]","[3,1,2,2,3]","[[3],[0,1,2,3,4],[1],[0,2],[0,1,2,3,4]]",FEASIBLE,FEASIBLE,FEASIBLE,null,0.173362,0.047637,0.002877,False
701691,4,5,"[1,2,1,3]","[3,1,3,2,1]","[[4],[2,4],[4],[0,2,4]]",UNSAT,UNSAT,UNSAT,"[0, 1]",0.030122,0.062419,0.003435,False
701692,5,4,"[2,1,1,1,1]","[3,1,2,1]","[[1,3],[0,1,2,3],[2],[0,2],[0,2]]",FEASIBLE,FEASIBLE,FEASIBLE,null,0.184882,0.057534,0.002557,False
701693,4,2,"[2,1,1,2]","[1,1]","[[0,1],[0,1],[1],[0,1]]",UNSAT,UNSAT,UNSAT,"[0, 1]",0.019364,0.060978,0.002503,False
701694,6,2,"[1,1,2,1,2,2]","[1,1]","[[0],[0],[0,1],[1],[0,1],[0,1]]",UNSAT,UNSAT,UNSAT,"[0, 1]",0.019367,0.061141,0.003329,False
701695,5,3,"[1,1,1,1,3]","[2,2,1]","[[0,1],[2],[1],[2],[0,1,2]]",UNSAT,UNSAT,UNSAT,"[1, 3]",0.038718,0.185533,0.003133,False
701696,2,6,"[1,3]","[2,3,1,3,1,1]","[[5],[0,1,2,4]]",FEASIBLE,FEASIBLE,FEASIBLE,null,0.020339,0.034761,0.00175,False
701697,6,4,"[2,2,1,1,1,3]","[1,1,2,2]","[[0,2],[0,1,2,3],[0,3],[3],[0,2,3],[0,1,2]]",UNSAT,UNSAT,UNSAT,"[0, 5]",0.050339,0.085376,0.009896,False
701698,5,3,"[1,1,1,1,2]","[2,2,1]","[[1,2],[1],[0,1,2],[0],[0,1,2]]",UNSAT,UNSAT,UNSAT,"[0, 1, 2, 3, 4]",0.119231,0.064504,0.00512,False
701699,7,7,"[3,1,1,1,2,1,2]","[2,2,1,3,3,1,3]","[[3,4,6],[0,2],[1,2,3,4,6],[2,3],[0,1,2,3,4,5,6],[0,2,3,5,6],[0,1,2,4,5,6]]",FEASIBLE,FEASIBLE,FEASIBLE,null,0.994856,0.09371,0.008377,False
701700,5,3,"[1,1,1,2,1]","[1,2,1]","[[0,1],[0,2],[1],[0,1,2],[0,2]]",UNSAT,UNSAT,UNSAT,"[1, 3, 4]",0.107395,0.076002,0.005565,False
701701,7,3,"[2,1,1,2,2,1,1]","[2,1,3]","[[0,1,2],[2],[1],[0,2],[0,2],[1,2],[2]]",UNSAT,UNSAT,UNSAT,"[0, 1, 3, 4]",0.27066,0.079244,0.00499,False
701702,4,2,"[2,1,1,1]","[2,3]","[[0,1],[1],[0,1],[0,1]]",FEASIBLE,FEASIBLE,FEASIBLE,null,0.042663,0.041916,0.001998,False
701703,7,6,"[2,3,2,3,1,1,3]","[1,1,1,3,2,2]","[[0,1,2,3,4,5],[0,1,3,4,5],[2,3,4,5],[0,1,2,3,4,5],[3],[1],[0,1,2,3,4,5]]",UNSAT,UNSAT,UNSAT,"[0, 1, 3, 6]",0.472779,0.13545,0.009232,False
701704,7,3,"[2,1,1,1,3,1,3]","[2,3,1]","[[0,2],[0],[0],[0,1,2],[0,1,2],[1],[0,1,2]]",UNSAT,UNSAT,UNSAT,"[0, 4]",0.039063,0.210377,0.005245,False
701705,6,1,"[1,1,1,1,1,1]",[1],"[[0],[0],[0],[0],[0],[0]]",UNSAT,UNSAT,UNSAT,"[0, 1]",0.014155,0.048737,0.003088,False
701706,2,4,"[1,1]","[1,1,1,1]","[[2],[0,2,3]]",FEASIBLE,FEASIBLE,FEASIBLE,null,0.015524,0.023258,0.004145,False
701707,6,5,"[1,2,2,3,2,2]","[2,3,2,3,1]","[[0,1,2,4],[0,1,2,3,4],[1,2],[0,1,3],[0,1,4],[2,3]]",UNSAT,UNSAT,UNSAT,"[0, 1, 2, 3, 4, 5]",0.41769,0.128555,0.013501,False
701708,4,7,"[3,2,3,1]","[1,1,1,3,2,1,2]","[[0,1,2,3,5,6],[0,6],[0,1,2,3,4,5,6],[0,1,2,3,4,5,6]]",FEASIBLE,FEASIBLE,FEASIBLE,null,0.107955,0.097121,0.007954,False
701709,5,5,"[1,2,1,1,1]","[3,2,2,2,3]","[[0,3,4],[0,2,3,4],[4],[0,1,2,3,4],[2,3]]",FEASIBLE,FEASIBLE,FEASIBLE,null,0.170466,0.050017,0.004814,False
701710,5,4,"[1,1,2,2,2]","[1,1,1,2]","[[3],[0,1,2,3],[0,3],[0,3],[0,2]]",UNSAT,UNSAT,UNSAT,"[2, 3]",0.054999,0.081603,0.007397,False
701711,1,2,[2],"[2,2]","[[0,1]]",FEASIBLE,FEASIBLE,FEASIBLE,null,0.005123,0.019093,0.001652,False
701712,6,4,"[1,2,2,1,1,1]","[1,3,2,2]","[[0,1,2,3],[0,1,3],[0,2,3],[0,1,3],[1],[1,3]]",FEASIBLE,FEASIBLE,FEASIBLE,null,0.294686,0.074563,0.006175,False
701713,4,1,"[1,1,1,1]",[1],"[[0],[0],[0],[0]]",UNSAT,UNSAT,UNSAT,"[0, 1]",0.011254,0.038245,0.003823,False
701714,1,7,[2],"[1,3,3,2,3,1,2]","[[0,3]]",FEASIBLE,FEASIBLE,FEASIBLE,null,0.008636,0.022647,0.002004,False
701715,1,4,[1],"[3,3,2,1]","[[0,1]]",FEASIBLE,FEASIBLE,FEASIBLE,null,0.006233,0.019305,0.001283,False
701716,5,1,"[1,1,1,1,1]",[3],"[[0],[0],[0],[0],[0]]",UNSAT,UNSAT,UNSAT,"[0, 1, 2, 3]",0.162344,0.046612,0.004158,False
701717,6,2,"[2,1,2,1,1,2]","[3,1]","[[0,1],[0],[0,1],[1],[1],[0,1]]",UNSAT,UNSAT,UNSAT,"[0, 2]",0.023373,0.063156,0.005393,False
701718,3,2,"[2,2,1]","[2,1]","[[0,1],[0,1],[1]]",UNSAT,UNSAT,UNSAT,"[0, 1]",0.012699,0.041922,0.003667,False
701719,4,5,"[1,1,2,1]","[3,3,1,2,2]","[[0,1,3,4],[0,1,2,4],[1,3],[3]]",FEASIBLE,FEASIBLE,FEASIBLE,null,0.08089,0.041433,0.003527,False
701720,6,4,"[3,1,1,1,2,1]","[3,1,2,3]","[[0,1,3],[1,2],[1,2,3],[0,2],[0,1,2,3],[1]]",UNSAT,UNSAT,UNSAT,"[0, 5]",0.04631,0.072927,0.006435,False
701721,1,2,[1],"[1,1]",[[1]],FEASIBLE,FEASIBLE,FEASIBLE,null,0.004799,0.014169,0.001235,False
701722,7,6,"[2,1,1,2,2,2,1]","[1,1,1,3,2,1]","[[0,1,2,3],[0,1,2,3,4,5],[0,1,2,3,4,5],[0,1,2,5],[4,5],[0,1,2,3,5],[1]]",UNSAT,UNSAT,UNSAT,"[0, 3, 4, 5]",0.508879,0.143103,0.013307,False
701723,3,4,"[1,3,1]","[1,3,3,1]","[[2],[0,2,3],[0,1]]",FEASIBLE,FEASIBLE,FEASIBLE,null,0.032414,0.049958,0.002827,False
701724,1,7,[1],"[2,1,1,1,1,1,1]","[[2,3]]",FEASIBLE,FEASIBLE,FEASIBLE,null,0.008621,0.02029,0.001614,False
701725,3,5,"[2,2,3]","[3,3,3,3,1]","[[0,1,2,4],[0,1,3],[0,1,4]]",FEASIBLE,FEASIBLE,FEASIBLE,null,0.038166,0.043299,0.003073,False
701726,4,2,"[1,1,1,2]","[2,3]","[[0,1],[1],[0,1],[0,1]]",FEASIBLE,FEASIBLE,FEASIBLE,null,0.04275,0.046919,0.003299,False
701727,3,4,"[3,2,1]","[3,2,1,3]","[[0,1,2,3],[0,1],[0]]",FEASIBLE,FEASIBLE,FEASIBLE,null,0.03268,0.037551,0.002698,False
701728,5,2,"[2,1,1,1,1]","[1,1]","[[0,1],[0,1],[0],[1],[0]]",UNSAT,UNSAT,UNSAT,"[0, 1]",0.144973,0.05442,0.004657,False
701729,7,7,"[2,1,1,2,3,1,1]","[3,3,2,1,2,2,1]","[[1,6],[0,1,2,3,4,5,6],[1,4,5,6],[1,3,4],[0,1,2,3,4,5,6],[2],[0,1,2,3,4,5,6]]",FEASIBLE,FEASIBLE,FEASIBLE,null,1.158075,0.095303,0.007744,False
701730,5,4,"[3,1,1,1,3]","[1,1,2,1]","[[0,2,3],[0,2],[0,1,2,3],[1],[0,2,3]]",UNSAT,UNSAT,UNSAT,"[0, 4]",0.049433,0.080341,0.006021,False
701731,6,2,"[1,1,1,2,1,1]","[2,2]","[[0],[1],[0],[0,1],[0,1],[0,1]]",UNSAT,UNSAT,UNSAT,"[0, 2, 3]",0.085996,0.100887,0.004993,False
701732,5,5,"[2,1,2,1,3]","[1,1,1,1,3]","[[0,1,4],[1,2,4],[0,1,2,3,4],[0],[0,1,2,3,4]]",UNSAT,UNSAT,UNSAT,"[0, 1, 2, 4]",0.192538,0.152801,0.00926,False
701733,7,1,"[1,1,1,1,1,1,1]",[1],"[[0],[0],[0],[0],[0],[0],[0]]",UNSAT,UNSAT,UNSAT,"[0, 1]",0.019059,0.06396,0.004616,False
701734,5,1,"[1,1,1,1,1]",[2],"[[0],[0],[0],[0],[0]]",UNSAT,UNSAT,UNSAT,"[0, 1, 2]",0.035561,0.055457,0.003034,False
701735,5,2,"[1,2,1,1,2]","[1,2]","[[0],[0,1],[0],[0],[0,1]]",UNSAT,UNSAT,UNSAT,"[0, 1]",0.031769,0.065076,0.003699,False
701736,4,6,"[2,3,1,2]","[3,3,3,3,3,1]","[[1,4],[0,1,2,3,4,5],[5],[0,1,4,5]]",FEASIBLE,FEASIBLE,FEASIBLE,null,0.119911,0.061913,0.003839,False
701737,1,3,[2],"[2,3,3]","[[0,1,2]]",FEASIBLE,FEASIBLE,FEASIBLE,null,0.00714,0.024179,0.001555,False
701738,6,7,"[3,2,3,2,2,3]","[2,2,2,1,1,2,2]","[[0,2,3,5,6],[0,1,2,3,4,5,6],[0,1,2,4],[0,1,3,4,5,6],[0,1,2,3,4,5,6],[0,1,5]]",UNSAT,UNSAT,UNSAT,"[0, 1, 2, 3, 5]",0.687816,0.307957,0.012541,False
701739,2,4,"[1,1]","[1,3,2,2]","[[0,3],[0,2]]",FEASIBLE,FEASIBLE,FEASIBLE,null,0.019392,0.030428,0.002077,False
701740,2,2,"[2,1]","[3,1]","[[0,1],[1]]",UNSAT,UNSAT,UNSAT,"[0, 1]",0.01274,0.03895,0.002343,False
701741,2,7,"[1,1]","[3,2,2,3,1,2,3]","[[2,3,4,6],[2,3,5,6]]",FEASIBLE,FEASIBLE,FEASIBLE,null,0.028342,0.033378,0.002256,False
701742,5,7,"[1,1,1,3,3]","[2,3,1,3,3,3,3]","[[5],[2,5,6],[0,4,6],[0,1,4],[3,4,6]]",FEASIBLE,FEASIBLE,FEASIBLE,null,0.292673,0.064755,0.003745,False
701743,3,1,"[1,1,1]",[3],"[[0],[0],[0]]",FEASIBLE,FEASIBLE,FEASIBLE,null,0.018813,0.027305,0.00143,False
701744,7,7,"[2,2,1,1,1,1,1]","[2,3,1,3,1,3,2]","[[0,1,2,4,5,6],[0,1,3,4,6],[6],[1,6],[0,3],[0,1,2,3,4,5,6],[1,2,3,5]]",FEASIBLE,FEASIBLE,FEASIBLE,null,1.333946,0.107087,0.005505,False
701745,7,4,"[1,1,2,1,1,1,3]","[3,3,1,1]","[[2],[3],[0,1,2,3],[1],[1,2],[0,1,2,3],[0,1,2,3]]",UNSAT,UNSAT,UNSAT,"[0, 1, 6]",0.184426,0.119749,0.006663,False
701746,1,2,[1],"[3,2]",[[0]],FEASIBLE,FEASIBLE,FEASIBLE,null,0.006156,0.018821,0.001009,False
701747,1,6,[1],"[2,2,3,2,2,1]","[[0,1,2,4,5]]",FEASIBLE,FEASIBLE,FEASIBLE,null,0.009244,0.027936,0.001727,False
701748,3,3,"[1,1,1]","[1,2,1]","[[0,2],[0],[1]]",FEASIBLE,FEASIBLE,FEASIBLE,null,0.033209,0.05663,0.002327,False
701749,3,5,"[1,1,1]","[3,2,3,3,2]","[[0,1,2,3,4],[0,1,2],[4]]",FEASIBLE,FEASIBLE,FEASIBLE,null,0.050311,0.383765,0.002507,False
701750,7,3,"[1,1,1,3,1,3,3]","[2,3,1]","[[0,1,2],[0],[1,2],[0,1,2],[2],[0,1,2],[0,1,2]]",UNSAT,UNSAT,UNSAT,"[3, 4]",0.121646,0.103418,0.006484,False
701751,5,2,"[2,1,1,2,1]","[3,2]","[[0,1],[1],[0],[0,1],[0]]",UNSAT,UNSAT,UNSAT,"[0, 1, 3]",0.057643,0.066637,0.003627,False
701752,1,7,[1],"[2,1,1,3,3,3,3]","[[0,2,4,5]]",FEASIBLE,FEASIBLE,FEASIBLE,null,0.010454,0.025038,0.001664,False
701753,3,6,"[3,1,3]","[1,3,2,1,3,3]","[[0,1,3,4,5],[4,5],[0,1,2,3,4,5]]",FEASIBLE,FEASIBLE,FEASIBLE,null,0.056944,0.056913,0.003288,False
701754,2,7,"[1,3]","[2,3,2,2,1,1,3]","[[0,1,2,3,4,5],[2,3,4]]",FEASIBLE,FEASIBLE,FEASIBLE,null,0.027865,0.040469,0.002658,False
701755,6,1,"[1,1,1,1,1,1]",[2],"[[0],[0],[0],[0],[0],[0]]",UNSAT,UNSAT,UNSAT,"[0, 1, 2]",0.045831,0.057979,0.003466,False
701756,4,4,"[1,2,1,1]","[1,1,3,2]","[[0,3],[1,3],[0,3],[0,1,3]]",UNSAT,UNSAT,UNSAT,"[0, 1, 2, 3]",0.082419,0.067206,0.005131,False
701757,4,4,"[2,1,2,2]","[1,3,3,3]","[[1,3],[3],[1,2],[1,2,3]]",FEASIBLE,FEASIBLE,FEASIBLE,null,0.082665,0.050763,0.002832,False
701758,7,1,"[1,1,1,1,1,1,1]",[3],"[[0],[0],[0],[0],[0],[0],[0]]",UNSAT,UNSAT,UNSAT,"[0, 1, 2, 3]",0.147746,0.078634,0.00376,False
701759,1,2,[1],"[3,3]","[[0,1]]",FEASIBLE,FEASIBLE,FEASIBLE,null,0.007407,0.021226,0.001085,False
701760,3,4,"[1,2,3]","[2,2,1,2]","[[3],[1,3],[0,1,3]]",UNSAT,UNSAT,UNSAT,"[0, 1, 2]",0.040928,0.061465,0.003538,False
701761,2,3,"[1,1]","[3,3,2]","[[0,2],[2]]",FEASIBLE,FEASIBLE,FEASIBLE,null,0.013338,0.022353,0.0015,False
701762,3,1,"[1,1,1]",[1],"[[0],[0],[0]]",UNSAT,UNSAT,UNSAT,"[0, 1]",0.008736,0.164628,0.002517,False
701763,2,5,"[1,3]","[2,2,1,1,3]","[[0,1,2,3,4],[0,1,4]]",FEASIBLE,FEASIBLE,FEASIBLE,null,0.017063,0.033428,0.002248,False
701764,7,2,"[1,1,1,2,2,1,1]","[2,1]","[[1],[1],[0,1],[0,1],[0,1],[0],[1]]",UNSAT,UNSAT,UNSAT,"[0, 1]",0.020957,0.06292,0.004858,False
701765,1,7,[2],"[1,1,2,3,1,2,3]","[[0,1,2,3,5,6]]",FEASIBLE,FEASIBLE,FEASIBLE,null,0.008578,0.025648,0.001921,False
701766,7,6,"[2,1,1,1,2,2,3]","[2,2,3,2,1,2]","[[0,1,2],[0,1,2,3,4,5],[1,3],[2,4],[0,1,2,3,4,5],[0,2,4],[0,2,3,4,5]]",FEASIBLE,FEASIBLE,FEASIBLE,null,1.097977,0.134109,0.009733,False
701767,7,2,"[1,1,1,1,1,2,1]","[1,1]","[[1],[0,1],[0,1],[1],[1],[0,1],[1]]",UNSAT,UNSAT,UNSAT,"[0, 3]",0.027316,0.064788,0.004473,False
701768,1,2,[2],"[2,2]","[[0,1]]",FEASIBLE,FEASIBLE,FEASIBLE,null,0.00613,0.022293,0.001007,False
701769,6,5,"[1,1,1,3,2,1]","[2,1,1,2,3]","[[1,2,4],[3,4],[2],[0,2,4],[1,2,3],[0,2,3]]",UNSAT,UNSAT,UNSAT,"[2, 3]",0.083406,0.091145,0.006377,False
701770,6,3,"[1,1,2,1,1,1]","[1,1,1]","[[0],[0,1,2],[0,1,2],[1],[1],[1]]",UNSAT,UNSAT,UNSAT,"[3, 4]",0.061943,0.06333,0.0045,False
701771,7,5,"[1,1,3,2,1,1,3]","[3,2,3,1,1]","[[0,1,2,3,4],[0,1,3],[0,1,3],[0,1,2,3,4],[1,2,3,4],[0],[0,1,2,3,4]]",UNSAT,UNSAT,UNSAT,"[1, 2, 3, 5, 6]",0.660762,0.108,0.00811,False
701772,7,5,"[2,2,3,1,3,1,2]","[3,3,3,2,1]","[[0,1,3,4],[0,3,4],[0,1,2,3,4],[2],[0,1,2,4],[2],[1,2,3,4]]",UNSAT,UNSAT,UNSAT,"[0, 1, 2, 3, 4, 6]",0.683437,0.242707,0.006723,False
701773,7,3,"[1,1,1,1,1,1,1]","[1,2,2]","[[0],[0,2],[0],[0],[1],[0,1,2],[0]]",UNSAT,UNSAT,UNSAT,"[0, 2]",0.034361,0.074214,0.004064,False
701774,4,4,"[2,3,1,1]","[3,3,1,2]","[[1,2],[1,2,3],[0],[2,3]]",UNSAT,UNSAT,UNSAT,"[0, 1]",0.031348,0.065057,0.003798,False
701775,5,3,"[2,1,1,3,3]","[3,1,2]","[[1,2],[0,2],[2],[0,1,2],[0,1,2]]",UNSAT,UNSAT,UNSAT,"[0, 3]",0.044219,0.070302,0.04774,False
701776,4,1,"[1,1,1,1]",[2],"[[0],[0],[0],[0]]",UNSAT,UNSAT,UNSAT,"[0, 1, 2]",0.021387,0.039738,0.003053,False
701777,2,3,"[1,1]","[3,1,1]","[[1,2],[1]]",FEASIBLE,FEASIBLE,FEASIBLE,null,0.012523,0.029594,0.002152,False
701778,1,4,[1],"[2,3,2,1]","[[2,3]]",FEASIBLE,FEASIBLE,FEASIBLE,null,0.021467,0.019004,0.001237,False
701779,7,2,"[1,1,1,1,1,1,1]","[3,1]","[[0,1],[1],[0,1],[0],[1],[0],[0]]",UNSAT,UNSAT,UNSAT,"[1, 4]",0.047208,0.073619,0.004365,False
701780,4,5,"[1,1,1,1]","[3,1,2,3,1]","[[0,2,3],[1],[1],[3]]",UNSAT,UNSAT,UNSAT,"[1, 2]",0.045815,0.053308,0.003049,False
701781,6,3,"[2,2,2,1,2,2]","[2,3,1]","[[0,1,2],[0,1],[0,1,2],[0,2],[0,1,2],[1,2]]",UNSAT,UNSAT,UNSAT,"[0, 1, 2, 3]",0.173649,0.101597,0.005315,False
701782,3,2,"[1,1,1]","[3,1]","[[0,1],[0],[0,1]]",FEASIBLE,FEASIBLE,FEASIBLE,null,0.024949,0.032473,0.001628,False
701783,1,5,[3],"[1,1,1,3,2]","[[1,2,3,4]]",FEASIBLE,FEASIBLE,FEASIBLE,null,0.015427,0.031745,0.001694,False
701784,7,2,"[1,1,2,1,2,1,1]","[3,3]","[[0],[0],[0,1],[0,1],[0,1],[0,1],[0]]",UNSAT,UNSAT,UNSAT,"[0, 1, 2, 4]",0.169956,0.072847,0.005011,False
701785,6,7,"[3,1,1,2,2,1]","[2,1,3,2,3,3,1]","[[0,1,2,3,4,6],[3],[0,3,4,5],[1,4,6],[0,2,3,4,5,6],[0,1,3,4,5,6]]",FEASIBLE,FEASIBLE,FEASIBLE,null,0.481432,0.102821,0.005709,False
701786,3,4,"[3,1,2]","[2,2,2,1]","[[0,1,3],[3],[0,2,3]]",UNSAT,UNSAT,UNSAT,"[0, 1]",0.019534,0.050209,0.003391,False
701787,2,7,"[1,2]","[1,3,3,2,3,3,1]","[[0,1,3,4,5,6],[0,1,2,3,4,5,6]]",FEASIBLE,FEASIBLE,FEASIBLE,null,0.022906,0.041389,0.00282,False
701788,1,6,[2],"[3,1,2,2,1,3]","[[0,1,2,3,4]]",FEASIBLE,FEASIBLE,FEASIBLE,null,0.007866,0.023185,0.001799,False
701789,7,6,"[1,3,1,2,3,3,1]","[2,2,2,3,2,3]","[[3],[0,2,3],[0,1,2,3,4,5],[0,1,2,4,5],[0,1,2,3,5],[1,2,3,5],[4]]",FEASIBLE,FEASIBLE,FEASIBLE,null,0.866193,0.114409,0.006385,False
701790,4,6,"[2,1,3,3]","[2,3,1,2,2,1]","[[1,4,5],[0,3,4],[0,1,2,4,5],[2,3,4]]",FEASIBLE,FEASIBLE,FEASIBLE,null,0.09351,0.070472,0.004637,False
701791,3,3,"[3,1,1]","[2,1,2]","[[0,1,2],[0,2],[1]]",UNSAT,UNSAT,UNSAT,"[0, 2]",0.018229,0.042455,0.002954,False
701792,7,5,"[2,1,1,1,1,1,3]","[1,2,1,1,1]","[[2,4],[0,3,4],[0,2,3,4],[1],[2],[0,1,2,3,4],[0,1,2,3,4]]",UNSAT,UNSAT,UNSAT,"[0, 4]",0.052538,0.090474,0.007366,False
701793,1,5,[2],"[1,2,1,1,1]","[[2,4]]",FEASIBLE,FEASIBLE,FEASIBLE,null,0.006692,0.038223,0.001324,False
701794,2,3,"[1,2]","[3,2,1]","[[0],[1,2]]",FEASIBLE,FEASIBLE,FEASIBLE,null,0.013084,0.02425,0.00163,False
701795,7,2,"[1,1,1,2,2,1,1]","[3,2]","[[1],[1],[0],[0,1],[0,1],[1],[0]]",UNSAT,UNSAT,UNSAT,"[0, 1, 3]",0.126547,0.181799,0.004536,False
701796,5,4,"[2,2,3,2,2]","[2,3,3,3]","[[0,3],[0,1,2,3],[0,1,2,3],[0,1,2],[0,3]]",FEASIBLE,FEASIBLE,FEASIBLE,null,0.136163,0.084878,0.004722,False
701797,3,2,"[1,1,1]","[2,1]","[[0],[1],[0,1]]",FEASIBLE,FEASIBLE,FEASIBLE,null,0.021417,0.025711,0.001691,False
701798,7,2,"[1,2,1,1,1,1,1]","[1,3]","[[1],[0,1],[0,1],[0],[0],[0],[0]]",UNSAT,UNSAT,UNSAT,"[1, 3]",0.037116,0.063973,0.003952,False
701799,7,1,"[1,1,1,1,1,1,1]",[1],"[[0],[0],[0],[0],[0],[0],[0]]",UNSAT,UNSAT,UNSAT,"[0, 1]",0.015246,0.051167,0.003414,False
701800,5,6,"[2,1,3,1,1]","[1,1,2,2,3,1]","[[0,1,2,3,4,5],[2],[0,1,2,3,4,5],[0,1],[1,2,5]]",FEASIBLE,FEASIBLE,FEASIBLE,null,0.193034,0.081947,0.005335,False
701801,6,4,"[3,2,3,2,2,2]","[2,3,3,2]","[[0,1,2,3],[0,1,2,3],[0,1,2],[0,3],[1,3],[0,1,2,3]]",UNSAT,UNSAT,UNSAT,"[0, 2, 3, 4]",0.206829,0.092015,0.007136,False
701802,3,6,"[1,3,3]","[1,2,1,2,2,3]","[[0,1,2,3,4],[0,1,2,3,4,5],[2,3,4,5]]",FEASIBLE,FEASIBLE,FEASIBLE,null,0.043333,0.049615,0.00365,False
701803,2,6,"[2,1]","[2,1,3,2,3,2]","[[0,1,2,4],[0,1,2,3,4,5]]",FEASIBLE,FEASIBLE,FEASIBLE,null,0.035382,0.032474,0.002563,False
701804,4,6,"[3,3,3,1]","[3,1,1,1,2,3]","[[0,3,5],[0,1,2,3,4,5],[1,2,4],[0,1,2,3,4,5]]",FEASIBLE,FEASIBLE,FEASIBLE,null,0.088618,0.078253,0.005074,False
701805,7,3,"[1,1,2,2,2,1,2]","[3,1,1]","[[0,1,2],[0],[0,1,2],[0,1],[0,1,2],[0,1],[0,2]]",UNSAT,UNSAT,UNSAT,"[2, 3, 4]",0.195289,0.18101,0.005965,False
701806,5,5,"[3,1,1,3,1]","[3,1,2,3,2]","[[0,1,4],[0],[3],[0,1,2,3,4],[1]]",UNSAT,UNSAT,UNSAT,"[0, 4]",0.042701,0.061145,0.004297,False
701807,4,4,"[2,2,2,1]","[2,1,3,2]","[[0,1],[0,1,2,3],[0,1,3],[1]]",UNSAT,UNSAT,UNSAT,"[0, 3]",0.029715,0.069968,0.004389,False
701808,3,4,"[3,2,2]","[1,2,1,1]","[[0,1,2,3],[0,1,2,3],[0,1,2,3]]",UNSAT,UNSAT,UNSAT,"[0, 1, 2]",0.029869,0.059359,0.004259,False
701809,5,2,"[1,1,2,2,1]","[3,2]","[[0],[1],[0,1],[0,1],[1]]",UNSAT,UNSAT,UNSAT,"[1, 2, 3]",0.055031,0.056488,0.003456,False
701810,2,6,"[2,3]","[3,2,2,1,1,2]","[[2,3,4,5],[0,1,2,3,4,5]]",FEASIBLE,FEASIBLE,FEASIBLE,null,0.023656,0.038939,0.002738,False
701811,2,2,"[1,1]","[3,3]","[[0],[1]]",FEASIBLE,FEASIBLE,FEASIBLE,null,0.009694,0.018401,0.001214,False
701812,4,7,"[3,1,1,2]","[2,3,2,2,3,1,3]","[[0,1,2,3,4,5,6],[1,2,4,5],[4],[0,2,3,4,6]]",FEASIBLE,FEASIBLE,FEASIBLE,null,0.101147,0.055675,0.003987,False
701813,2,2,"[1,1]","[3,1]","[[1],[0]]",FEASIBLE,FEASIBLE,FEASIBLE,null,0.009701,0.017914,0.001066,False
701814,7,5,"[1,3,1,3,2,2,1]","[1,3,3,1,1]","[[0,1,2,3],[1,2,4],[0],[0,1,2,3,4],[1,4],[1,2,4],[0,1,2,3,4]]",UNSAT,UNSAT,UNSAT,"[1, 4]",0.074857,0.10398,0.027232,False
701815,1,5,[3],"[3,1,2,1,1]","[[0,1,2,3,4]]",FEASIBLE,FEASIBLE,FEASIBLE,null,0.007194,0.026494,0.002208,False
701816,4,3,"[1,2,2,1]","[2,3,1]","[[0],[0,1,2],[0,1,2],[2]]",UNSAT,UNSAT,UNSAT,"[0, 1, 2, 3]",0.051054,0.051718,0.004155,False
701817,3,7,"[1,1,1]","[1,2,2,3,3,2,1]","[[1],[1],[1]]",UNSAT,UNSAT,UNSAT,"[0, 1, 2]",0.04424,0.144428,0.002516,False
701818,3,1,"[1,1,1]",[3],"[[0],[0],[0]]",FEASIBLE,FEASIBLE,FEASIBLE,null,0.014108,0.021882,0.001548,False
701819,4,1,"[1,1,1,1]",[1],"[[0],[0],[0],[0]]",UNSAT,UNSAT,UNSAT,"[0, 1]",0.010251,0.035602,0.002415,False
701820,4,5,"[1,2,1,2]","[3,1,2,1,2]","[[1,2,4],[0,1,2,3,4],[0],[0,1]]",FEASIBLE,FEASIBLE,FEASIBLE,null,0.075453,0.055881,0.003765,False
701821,5,1,"[1,1,1,1,1]",[2],"[[0],[0],[0],[0],[0]]",UNSAT,UNSAT,UNSAT,"[0, 1, 2]",0.0273,0.041676,0.002874,False
701822,5,4,"[1,1,3,1,1]","[3,3,1,1]","[[0,2],[0],[0,1,2,3],[0],[3]]",UNSAT,UNSAT,UNSAT,"[0, 1, 2, 3, 4]",0.130308,0.057044,0.004592,False
701823,5,6,"[3,1,1,3,1]","[1,1,1,1,1,3]","[[1,3,4,5],[3],[0,2,3,4,5],[0,1,2,3,4,5],[5]]",UNSAT,UNSAT,UNSAT,"[0, 1, 2, 3, 4]",0.183727,0.103802,0.008216,False
701824,7,2,"[1,1,2,2,2,1,1]","[2,3]","[[0,1],[0],[0,1],[0,1],[0,1],[1],[1]]",UNSAT,UNSAT,UNSAT,"[1, 2, 3]",0.102414,0.063192,0.004927,False
701825,2,6,"[1,1]","[1,3,3,2,1,1]","[[0,1,4],[0,2]]",FEASIBLE,FEASIBLE,FEASIBLE,null,0.018076,0.026608,0.002039,False
701826,7,6,"[1,3,1,1,1,1,1]","[3,3,3,3,1,1]","[[0,1],[1,2,4],[0,1,2,3,4,5],[3],[2,5],[2],[2,4,5]]",FEASIBLE,FEASIBLE,FEASIBLE,null,0.79802,0.06161,0.004563,False
701827,4,5,"[1,1,2,1]","[2,1,2,1,1]","[[0,1,2,3,4],[1,2,4],[2,3],[0,1,2,3,4]]",FEASIBLE,FEASIBLE,FEASIBLE,null,0.074354,0.047969,0.004206,False
701828,2,5,"[2,1]","[2,1,3,3,2]","[[0,1,3],[2]]",FEASIBLE,FEASIBLE,FEASIBLE,null,0.016,0.026029,0.002013,False
701829,3,4,"[2,2,1]","[3,3,1,2]","[[0,1,2,3],[0,1,2,3],[0,1,2,3]]",FEASIBLE,FEASIBLE,FEASIBLE,null,0.030181,0.035192,0.002456,False
701830,3,2,"[1,1,1]","[2,2]","[[0],[1],[1]]",FEASIBLE,FEASIBLE,FEASIBLE,null,0.019224,0.022071,0.001695,False
701831,5,7,"[3,1,1,1,1]","[2,2,2,3,3,1,2]","[[1,2,3],[6],[0,2],[5],[2,3,4,5]]",FEASIBLE,FEASIBLE,FEASIBLE,null,0.205163,0.045958,0.003283,False
701832,7,2,"[1,2,1,1,1,1,2]","[2,2]","[[1],[0,1],[1],[0],[1],[0,1],[0,1]]",UNSAT,UNSAT,UNSAT,"[0, 1, 2]",0.066226,0.060764,0.004901,False
701833,5,5,"[1,2,2,1,3]","[1,2,3,1,1]","[[2],[0,1,2,3,4],[1,2,3,4],[2,3,4],[1,2,3,4]]",UNSAT,UNSAT,UNSAT,"[0, 1, 2, 3, 4]",0.155164,0.07291,0.006409,False
701834,4,2,"[1,2,1,1]","[2,3]","[[0],[0,1],[1],[0,1]]",FEASIBLE,FEASIBLE,FEASIBLE,null,0.038927,0.032745,0.002066,False
701835,6,2,"[1,1,1,2,1,1]","[2,3]","[[0,1],[0,1],[1],[0,1],[0],[0,1]]",UNSAT,UNSAT,UNSAT,"[0, 1, 2, 3, 4]",0.140725,0.057089,0.00439,False
701836,5,6,"[1,2,1,1,2]","[2,3,3,2,2,2]","[[0,1,2,3,4,5],[0,1,2,3,4,5],[3,4],[2,3,4],[1,3]]",FEASIBLE,FEASIBLE,FEASIBLE,null,0.195526,0.066624,0.004271,False
701837,4,7,"[1,2,2,1]","[2,2,3,1,3,3,2]","[[2],[3,4],[3,6],[0,2,3,4,6]]",UNSAT,UNSAT,UNSAT,"[1, 2]",0.049557,0.054611,0.004059,False
701838,2,6,"[2,3]","[2,3,2,3,2,2]","[[0,3],[0,1,2]]",FEASIBLE,FEASIBLE,FEASIBLE,null,0.018227,0.030461,0.002119,False
701839,6,3,"[1,1,2,3,1,1]","[1,2,3]","[[1],[0],[0,2],[0,1,2],[0,1,2],[0,1,2]]",UNSAT,UNSAT,UNSAT,"[1, 2]",0.037839,0.190852,0.005254,False
701840,3,2,"[1,2,1]","[1,3]","[[1],[0,1],[0]]",UNSAT,UNSAT,UNSAT,"[1, 2]",0.016479,0.035566,0.002609,False
701841,1,1,[1],[3],[[0]],FEASIBLE,FEASIBLE,FEASIBLE,null,0.003668,0.011688,0.000924,False
701842,1,5,[1],"[2,1,2,3,1]","[[0,1]]",FEASIBLE,FEASIBLE,FEASIBLE,null,0.006677,0.014886,0.001144,False
701843,2,6,"[2,3]","[1,2,1,1,2,2]","[[0,3,4],[1,2,3,4,5]]",FEASIBLE,FEASIBLE,FEASIBLE,null,0.017622,0.032926,0.002192,False
701844,6,5,"[1,3,2,1,1,3]","[1,2,3,3,3]","[[2],[0,1,2,4],[1,3],[1,2,3,4],[1],[0,1,2,3,4]]",FEASIBLE,FEASIBLE,FEASIBLE,null,0.311987,0.084519,0.005285,False
701845,4,6,"[2,3,2,1]","[1,2,1,3,2,1]","[[2,5],[0,1,2,3,5],[0,2,3,4,5],[0,2,3,4,5]]",FEASIBLE,FEASIBLE,FEASIBLE,null,0.098834,0.05528,0.004145,False
701846,4,7,"[1,1,1,2]","[1,3,2,2,2,2,3]","[[6],[0,1,3,4,5,6],[0,1,2,3,4,5,6],[1,6]]",FEASIBLE,FEASIBLE,FEASIBLE,null,0.09721,0.044537,0.003725,False
701847,7,2,"[2,2,1,2,1,1,2]","[3,3]","[[0,1],[0,1],[0,1],[0,1],[0],[0,1],[0,1]]",UNSAT,UNSAT,UNSAT,"[0, 1, 2, 3]",0.147813,0.069247,0.005128,False
701848,3,3,"[1,1,1]","[3,2,2]","[[0,1],[0,1,2],[1]]",FEASIBLE,FEASIBLE,FEASIBLE,null,0.023898,0.025201,0.001945,False
701849,4,7,"[1,1,2,2]","[2,3,3,3,1,3,1]","[[0,1,2,3,4,5,6],[1],[1,4],[0,1,2,3,4,5]]",FEASIBLE,FEASIBLE,FEASIBLE,null,0.094826,0.049884,0.003727,False
701850,5,2,"[1,1,2,1,2]","[2,1]","[[0,1],[1],[0,1],[1],[0,1]]",UNSAT,UNSAT,UNSAT,"[1, 2]",0.023526,0.050903,0.003706,False
701851,3,6,"[2,3,3]","[2,1,1,1,2,1]","[[1,4],[0,2,3,4,5],[0,1,2,3,4,5]]",FEASIBLE,FEASIBLE,FEASIBLE,null,0.038308,0.147372,0.003316,False
701852,1,3,[2],"[3,3,3]","[[0,1]]",FEASIBLE,FEASIBLE,FEASIBLE,null,0.005119,0.015973,0.001135,False
701853,2,3,"[3,1]","[2,3,3]","[[0,1,2],[0]]",FEASIBLE,FEASIBLE,FEASIBLE,null,0.011579,0.023929,0.001767,False
701854,7,3,"[3,2,2,1,2,2,3]","[3,1,3]","[[0,1,2],[0,1],[0,1,2],[2],[0,1,2],[0,1,2],[0,1,2]]",UNSAT,UNSAT,UNSAT,"[0, 1]",0.024181,0.083895,0.006465,False
701855,3,7,"[2,1,3]","[1,2,2,1,2,2,2]","[[1,4],[0,3,4,6],[1,5,6]]",FEASIBLE,FEASIBLE,FEASIBLE,null,0.044114,0.038135,0.002734,False
701856,6,1,"[1,1,1,1,1,1]",[2],"[[0],[0],[0],[0],[0],[0]]",UNSAT,UNSAT,UNSAT,"[0, 1, 2]",0.034209,0.04358,0.003155,False
701857,4,2,"[1,2,1,1]","[2,2]","[[0,1],[0,1],[0],[1]]",UNSAT,UNSAT,UNSAT,"[0, 1, 2, 3]",0.037057,0.041778,0.003244,False
701858,4,7,"[1,1,2,2]","[3,2,3,1,1,1,3]","[[0,1,2,3,4,5,6],[6],[0,1,2,5],[0,1,3,5,6]]",FEASIBLE,FEASIBLE,FEASIBLE,null,0.111728,0.049321,0.003685,False
701859,6,4,"[1,3,1,1,2,1]","[3,2,3,1]","[[1],[0,1,2,3],[0,1,2],[0,1,2,3],[1,3],[2,3]]",UNSAT,UNSAT,UNSAT,"[0, 1, 4]",0.105722,0.066012,0.00515,False
701860,2,3,"[1,2]","[3,3,3]","[[0,1],[0,2]]",FEASIBLE,FEASIBLE,FEASIBLE,null,0.011393,0.022533,0.001672,False
701861,6,6,"[1,1,2,2,3,2]","[3,1,3,3,3,1]","[[2],[1,2],[0,2,3,4,5],[0,1,3,4,5],[0,1,2,3,4,5],[1,3]]",FEASIBLE,FEASIBLE,FEASIBLE,null,0.365327,0.087109,0.005785,False
701862,6,3,"[1,3,2,1,3,1]","[1,3,1]","[[1],[0,1,2],[0,2],[0,1,2],[0,1,2],[2]]",UNSAT,UNSAT,UNSAT,"[1, 2]",0.036092,0.166622,0.004852,False
701863,6,7,"[2,1,1,1,1,1]","[2,1,3,1,2,1,1]","[[1,2,3,5],[0,2],[1,3,6],[0],[0,1,2,3,4,5,6],[0,2,6]]",FEASIBLE,FEASIBLE,FEASIBLE,null,0.421549,0.054294,0.004376,False
701864,5,3,"[1,1,3,3,1]","[2,1,2]","[[0,1,2],[0,2],[0,1,2],[0,1,2],[0,1,2]]",UNSAT,UNSAT,UNSAT,"[2, 3]",0.040151,0.061818,0.00511,False
701865,6,4,"[2,1,2,2,3,1]","[3,1,1,2]","[[1,2,3],[3],[0,1],[0,2],[0,1,2],[0,1,2]]",UNSAT,UNSAT,UNSAT,"[0, 4]",0.037328,0.108048,0.006559,False
701866,3,7,"[1,3,1]","[3,2,3,2,3,1,2]","[[0,1,2,3,4,5,6],[1,2,3,4,6],[1,2,4,5,6]]",FEASIBLE,FEASIBLE,FEASIBLE,null,0.044276,0.040372,0.003528,False
701867,5,5,"[2,2,3,1,1]","[3,2,2,1,3]","[[1,3],[0,1,3,4],[0,1,2,4],[4],[2]]",FEASIBLE,FEASIBLE,FEASIBLE,null,0.146726,0.047378,0.003205,False
701868,1,1,[1],[1],[[0]],FEASIBLE,FEASIBLE,FEASIBLE,null,0.003427,0.011485,0.000957,False
701869,6,4,"[1,3,3,2,1,1]","[2,1,3,3]","[[0],[0,1,3],[1,2,3],[0,1,2,3],[2],[0]]",UNSAT,UNSAT,UNSAT,"[1, 2]",0.043903,0.067998,0.005081,False
701870,7,6,"[2,3,1,3,3,2,1]","[1,1,2,1,3,3]","[[0,1,2,4,5],[0,1,3,4],[1,2,3,4,5],[0,1,2,3,4,5],[0,1,2],[0,1,3,4,5],[0,1,2,4,5]]",UNSAT,UNSAT,UNSAT,"[1, 4]",0.081028,0.114368,0.010577,False
701871,1,6,[2],"[3,1,3,2,3,1]","[[0,2,4]]",FEASIBLE,FEASIBLE,FEASIBLE,null,0.006726,0.115025,0.00148,False
701872,2,3,"[2,3]","[2,1,2]","[[0,1],[0,1,2]]",UNSAT,UNSAT,UNSAT,"[0, 1]",0.010864,0.03526,0.002719,False
701873,1,7,[1],"[1,2,1,1,1,1,1]","[[1,5]]",FEASIBLE,FEASIBLE,FEASIBLE,null,0.007463,0.015782,0.001397,False
701874,3,7,"[3,1,1]","[1,2,2,3,1,1,2]","[[0,2,3,5],[0],[5,6]]",FEASIBLE,FEASIBLE,FEASIBLE,null,0.041896,0.043884,0.003166,False
701875,6,3,"[2,1,2,3,1,1]","[3,3,3]","[[0,1,2],[0],[1,2],[0,1,2],[1,2],[2]]",UNSAT,UNSAT,UNSAT,"[0, 2, 3, 4, 5]",0.19282,0.062934,0.004525,False
701876,7,5,"[1,3,2,1,1,1,1]","[3,1,2,1,2]","[[1,2,3],[1,3,4],[0,1,2,3,4],[1],[1,2,4],[1],[0]]",UNSAT,UNSAT,UNSAT,"[1, 3]",0.065736,0.08566,0.006379,False
701877,3,4,"[3,3,2]","[2,2,3,1]","[[0,1,2,3],[0,1,3],[0,1,2,3]]",UNSAT,UNSAT,UNSAT,"[0, 1, 2]",0.028948,0.056275,0.00426,False
701878,4,4,"[2,1,1,1]","[2,3,2,1]","[[1,2,3],[2],[0],[0,1,3]]",FEASIBLE,FEASIBLE,FEASIBLE,null,0.074088,0.035035,0.002312,False
701879,7,4,"[2,1,1,1,1,1,1]","[3,3,1,1]","[[0,1],[2],[3],[2,3],[0],[0],[3]]",UNSAT,UNSAT,UNSAT,"[2, 6]",0.088339,0.068224,0.004218,False
701880,1,6,[2],"[3,3,2,1,1,2]","[[0,1,3,4,5]]",FEASIBLE,FEASIBLE,FEASIBLE,null,0.006996,0.021151,0.001601,False
701881,5,3,"[1,3,2,2,2]","[2,1,3]","[[0,1,2],[0,1,2],[0,2],[0,1,2],[1,2]]",UNSAT,UNSAT,UNSAT,"[1, 4]",0.034569,0.0622,0.004758,False
701882,2,1,"[1,1]",[3],"[[0],[0]]",FEASIBLE,FEASIBLE,FEASIBLE,null,0.006939,0.016583,0.001629,False
701883,2,1,"[1,1]",[2],"[[0],[0]]",FEASIBLE,FEASIBLE,FEASIBLE,null,0.006619,0.015557,0.000567,False
701884,1,4,[1],"[3,1,3,3]","[[1,2,3]]",FEASIBLE,FEASIBLE,FEASIBLE,null,0.005042,0.195744,0.001071,False
701885,5,3,"[1,1,3,1,1]","[2,2,2]","[[0,2],[1],[0,1,2],[0,1],[2]]",UNSAT,UNSAT,UNSAT,"[0, 1, 2, 3, 4]",0.097164,0.052561,0.004214,False
701886,3,5,"[1,1,3]","[2,3,2,3,1]","[[0,1],[0],[0,1,2,3,4]]",FEASIBLE,FEASIBLE,FEASIBLE,null,0.033411,0.032973,0.001959,False
701887,1,1,[1],[2],[[0]],FEASIBLE,FEASIBLE,FEASIBLE,null,0.003216,0.010485,0.000631,False
701888,4,6,"[1,3,1,1]","[2,2,3,1,3,1]","[[0,1,2,3,4,5],[0,1,2,3,4,5],[0,1,2,3,4],[0,1,2,3,4,5]]",FEASIBLE,FEASIBLE,FEASIBLE,null,0.08133,0.048241,0.004053,False
701889,3,4,"[1,1,1]","[1,1,2,3]","[[3],[0],[0,1]]",FEASIBLE,FEASIBLE,FEASIBLE,null,0.027474,0.024424,0.00144,False
701890,4,1,"[1,1,1,1]",[3],"[[0],[0],[0],[0]]",UNSAT,UNSAT,UNSAT,"[0, 1, 2, 3]",0.029332,0.035016,0.001983,False
701891,7,4,"[3,2,1,1,2,2,1]","[1,3,3,2]","[[0,2,3],[0,1,2,3],[0,1,2,3],[0,1,3],[0,1,3],[0,1,2,3],[3]]",UNSAT,UNSAT,UNSAT,"[0, 4, 6]",0.168824,0.088161,0.0059,False
701892,7,2,"[1,1,1,1,1,1,1]","[2,2]","[[0,1],[1],[1],[0],[0,1],[1],[0]]",UNSAT,UNSAT,UNSAT,"[1, 2, 5]",0.120197,0.057825,0.00326,False
701893,6,7,"[1,2,2,2,3,2]","[3,1,1,1,3,2,3]","[[5],[3,5],[0,2,3,4,5,6],[1,2,3,5,6],[0,1,2,3],[0,4]]",UNSAT,UNSAT,UNSAT,"[0, 1, 3, 4]",0.271626,0.111938,0.006677,False
701894,5,6,"[1,1,2,3,2]","[1,3,2,1,2,1]","[[2,3,4],[2,3],[0,1,3,4],[1,2,3,4],[0,1,2,3,5]]",FEASIBLE,FEASIBLE,FEASIBLE,null,0.16739,0.057111,0.003382,False
701895,6,5,"[1,3,3,2,1,2]","[1,2,3,3,1]","[[1],[0,1,2],[0,1,2,3,4],[0,2],[1,2],[1,2]]",UNSAT,UNSAT,UNSAT,"[1, 3]",0.055075,0.178806,0.004541,False
701896,4,3,"[3,1,3,2]","[2,2,1]","[[0,1,2],[1],[0,1,2],[0,2]]",UNSAT,UNSAT,UNSAT,"[0, 2]",0.019086,0.05063,0.002793,False
701897,7,4,"[1,3,1,3,1,1,1]","[1,1,3,3]","[[2,3],[1,2,3],[0,1],[0,2,3],[1],[2,3],[0,1,2,3]]",UNSAT,UNSAT,UNSAT,"[1, 4]",0.059417,0.076063,0.004788,False
701898,1,2,[1],"[2,2]","[[0,1]]",FEASIBLE,FEASIBLE,FEASIBLE,null,0.004113,0.013489,0.000692,False
701899,5,7,"[2,2,1,1,1]","[2,1,1,3,2,2,1]","[[0,2,3,4],[0,1,2,3,4,5,6],[4],[2],[4]]",FEASIBLE,FEASIBLE,FEASIBLE,null,0.188078,0.056725,0.003389,False
701900,7,1,"[1,1,1,1,1,1,1]",[3],"[[0],[0],[0],[0],[0],[0],[0]]",UNSAT,UNSAT,UNSAT,"[0, 1, 2, 3]",0.093595,0.047308,0.002683,False
701901,4,2,"[1,1,1,1]","[3,3]","[[1],[1],[0],[1]]",FEASIBLE,FEASIBLE,FEASIBLE,null,0.035947,0.038915,0.001312,False
701902,4,6,"[1,3,2,1]","[2,3,1,1,3,3]","[[0],[0,1,2,3,5],[1,2],[5]]",FEASIBLE,FEASIBLE,FEASIBLE,null,0.100065,0.05725,0.002691,False
701903,5,1,"[1,1,1,1,1]",[1],"[[0],[0],[0],[0],[0]]",UNSAT,UNSAT,UNSAT,"[0, 1]",0.012991,0.039073,0.002745,False
701904,4,6,"[3,3,2,1]","[2,1,3,1,1,2]","[[0,1,2,3,4,5],[0,2,3],[0,1],[4]]",UNSAT,UNSAT,UNSAT,"[0, 1, 2, 3]",0.082697,0.080014,0.005495,False
701905,7,1,"[1,1,1,1,1,1,1]",[2],"[[0],[0],[0],[0],[0],[0],[0]]",UNSAT,UNSAT,UNSAT,"[0, 1, 2]",0.042143,0.050841,0.002301,False
701906,5,5,"[2,2,3,3,1]","[1,3,3,2,2]","[[0,1,3,4],[0,1,2,3,4],[0,1,2,3,4],[0,2,3,4],[0,2,4]]",FEASIBLE,FEASIBLE,FEASIBLE,null,0.155663,0.166182,0.003836,False
701907,2,3,"[2,1]","[2,3,3]","[[0,1,2],[0]]",FEASIBLE,FEASIBLE,FEASIBLE,null,0.010958,0.02455,0.001345,False
701908,2,5,"[2,3]","[2,1,1,2,2]","[[0,1],[0,1,2,3]]",FEASIBLE,FEASIBLE,FEASIBLE,null,0.014896,0.030804,0.001618,False
701909,5,5,"[1,1,1,2,3]","[1,2,3,3,1]","[[0,4],[1],[4],[1,3],[0,1,2,3,4]]",UNSAT,UNSAT,UNSAT,"[0, 1, 2, 3, 4]",0.151882,0.059888,0.003758,False
701910,5,2,"[1,1,1,1,2]","[3,2]","[[0,1],[1],[0],[0,1],[0,1]]",UNSAT,UNSAT,UNSAT,"[0, 1, 2, 3, 4]",0.070899,0.050414,0.002836,False
701911,5,1,"[1,1,1,1,1]",[3],"[[0],[0],[0],[0],[0]]",UNSAT,UNSAT,UNSAT,"[0, 1, 2, 3]",0.038991,0.041156,0.001885,False
701912,7,4,"[1,1,1,3,1,1,1]","[2,1,2,3]","[[3],[0],[1,2],[0,1,2],[0,1,2,3],[0,1,3],[0,1,3]]",UNSAT,UNSAT,UNSAT,"[0, 1, 2, 3, 4, 5, 6]",0.527845,0.074392,0.004882,False
701913,7,1,"[1,1,1,1,1,1,1]",[1],"[[0],[0],[0],[0],[0],[0],[0]]",UNSAT,UNSAT,UNSAT,"[0, 1]",0.013205,0.043899,0.002023,False
701914,4,1,"[1,1,1,1]",[1],"[[0],[0],[0],[0]]",UNSAT,UNSAT,UNSAT,"[0, 1]",0.008706,0.031276,0.001561,False
701915,1,7,[2],"[1,1,1,2,2,3,3]","[[0,1,2,3,4,5,6]]",FEASIBLE,FEASIBLE,FEASIBLE,null,0.007017,0.025198,0.001456,False
701916,3,1,"[1,1,1]",[3],"[[0],[0],[0]]",FEASIBLE,FEASIBLE,FEASIBLE,null,0.012433,0.019447,0.000922,False
701917,5,1,"[1,1,1,1,1]",[2],"[[0],[0],[0],[0],[0]]",UNSAT,UNSAT,UNSAT,"[0, 1, 2]",0.023768,0.042871,0.001694,False
701918,2,7,"[1,3]","[2,3,3,3,2,2,3]","[[0,5],[0,1,2,3,4]]",FEASIBLE,FEASIBLE,FEASIBLE,null,0.018321,0.029889,0.001683,False
701919,7,3,"[2,3,1,2,3,1,1]","[2,2,1]","[[0,1,2],[0,1,2],[1],[0,2],[0,1,2],[1],[1,2]]",UNSAT,UNSAT,UNSAT,"[1, 3]",0.04227,0.069433,0.004262,False
701920,4,2,"[2,1,1,1]","[3,1]","[[0,1],[0,1],[0,1],[1]]",UNSAT,UNSAT,UNSAT,"[0, 3]",0.016669,0.038423,0.002109,False
701921,6,7,"[1,2,3,3,1,1]","[1,1,3,1,3,1,2]","[[1,2,3,6],[0,1,2,4,5,6],[0,1,3,4,5,6],[1,2,3,4,5,6],[3,6],[0,1,2,5,6]]",FEASIBLE,FEASIBLE,FEASIBLE,null,0.399383,0.071561,0.004603,False
701922,5,2,"[1,2,1,2,2]","[3,2]","[[1],[0,1],[0,1],[0,1],[0,1]]",UNSAT,UNSAT,UNSAT,"[0, 1, 3]",0.037158,0.047968,0.002879,False
701923,1,4,[1],"[1,1,3,3]","[[1,3]]",FEASIBLE,FEASIBLE,FEASIBLE,null,0.005295,0.01398,0.00086,False
701924,3,6,"[3,2,2]","[3,3,1,3,3,2]","[[0,1,2,3,4],[1,3],[1,3,5]]",FEASIBLE,FEASIBLE,FEASIBLE,null,0.037656,0.03892,0.002084,False
701925,4,6,"[1,1,2,1]","[3,1,3,1,3,1]","[[1],[0,1,2],[0,2,3,5],[0]]",FEASIBLE,FEASIBLE,FEASIBLE,null,0.076449,0.032836,0.001792,False
701926,1,4,[2],"[2,1,2,2]","[[0,2]]",FEASIBLE,FEASIBLE,FEASIBLE,null,0.005104,0.015578,0.000794,False
701927,2,4,"[2,2]","[1,3,3,1]","[[0,1,2,3],[1,2]]",FEASIBLE,FEASIBLE,FEASIBLE,null,0.018006,0.028488,0.001347,False
701928,7,3,"[2,1,3,1,1,3,1]","[1,2,1]","[[0,2],[0,1,2],[0,1,2],[1,2],[0],[0,1,2],[0,1]]",UNSAT,UNSAT,UNSAT,"[0, 2]",0.025796,0.068119,0.004147,False
701929,2,5,"[2,2]","[2,3,1,1,2]","[[3,4],[1,4]]",FEASIBLE,FEASIBLE,FEASIBLE,null,0.014465,0.030407,0.001348,False
701930,5,7,"[1,1,1,2,1]","[3,3,3,2,1,2,2]","[[4],[2,6],[1,3,4],[2,3,4,5,6],[0,2,3,4,5,6]]",FEASIBLE,FEASIBLE,FEASIBLE,null,0.1901,0.144001,0.002952,False
701931,7,3,"[1,2,1,1,1,1,2]","[3,3,2]","[[2],[0,1],[0,1,2],[1],[0,1],[0,1,2],[0,1,2]]",UNSAT,UNSAT,UNSAT,"[0, 1, 2, 3, 4, 5, 6]",0.400462,0.066499,0.004147,False
701932,7,6,"[2,3,1,2,1,2,1]","[1,2,1,2,2,2]","[[2,3],[1,2,3,4],[0,4],[0,2,3,4,5],[3,5],[3,4],[0,1,2,3,4,5]]",UNSAT,UNSAT,UNSAT,"[0, 1, 5]",0.161574,0.082281,0.005684,False
701933,7,5,"[3,2,1,3,2,2,2]","[3,2,3,3,2]","[[0,1,2,3,4],[0,1,3],[0,1,2,3,4],[1,2,4],[0,2,3,4],[0,1,3],[0,1,2,3,4]]",UNSAT,UNSAT,UNSAT,"[0, 1, 3, 4, 5, 6]",0.608441,0.101545,0.007681,False
701934,4,6,"[1,2,1,2]","[2,3,2,2,2,2]","[[0,3,5],[3,5],[4],[0,1,2,3,4,5]]",FEASIBLE,FEASIBLE,FEASIBLE,null,0.079726,0.038474,0.002258,False
701935,4,4,"[1,1,1,1]","[3,2,2,1]","[[1],[0,1,2,3],[0],[1,2]]",FEASIBLE,FEASIBLE,FEASIBLE,null,0.056439,0.028598,0.001718,False
701936,2,6,"[1,2]","[1,3,1,1,1,2]","[[0,2,4],[0,1,3,5]]",FEASIBLE,FEASIBLE,FEASIBLE,null,0.016603,0.028066,0.001587,False
701937,7,4,"[2,2,3,1,3,1,2]","[1,1,2,1]","[[0,1,3],[0,2,3],[0,1,2,3],[0],[0,1,3],[0,1,2,3],[0,2]]",UNSAT,UNSAT,UNSAT,"[0, 2]",0.031066,0.078802,0.004838,False
701938,3,1,"[1,1,1]",[1],"[[0],[0],[0]]",UNSAT,UNSAT,UNSAT,"[0, 1]",0.00786,0.031568,0.001459,False
701939,3,4,"[1,2,1]","[2,2,1,3]","[[0,2,3],[0,1,2,3],[0,1,2,3]]",FEASIBLE,FEASIBLE,FEASIBLE,null,0.026848,0.123618,0.001831,False
701940,7,2,"[1,2,1,1,1,1,1]","[1,3]","[[0],[0,1],[0],[1],[1],[0,1],[0]]",UNSAT,UNSAT,UNSAT,"[0, 1]",0.017958,0.175847,0.003063,False
701941,7,5,"[2,3,1,3,2,1,2]","[1,3,1,3,2]","[[1,2,3,4],[0,1,3,4],[0,1,2,3],[0,1,3],[1,2],[0,1,2,3,4],[0,1,2,3,4]]",UNSAT,UNSAT,UNSAT,"[0, 1, 2, 3, 4]",0.462465,0.135359,0.007571,False
701942,2,1,"[1,1]",[3],"[[0],[0]]",FEASIBLE,FEASIBLE,FEASIBLE,null,0.007123,0.017068,0.000732,False
701943,5,5,"[2,3,2,2,2]","[2,1,2,2,1]","[[0,3],[0,1,2,3,4],[3,4],[1,4],[1,2,3,4]]",UNSAT,UNSAT,UNSAT,"[2, 3]",0.054978,0.06932,0.00426,False
701944,7,5,"[2,1,1,1,2,2,2]","[1,3,2,3,1]","[[0,1,2,3,4],[1,3],[0,1,2,3,4],[3],[0,1,2,3,4],[0,1,2,3,4],[0,1,3,4]]",UNSAT,UNSAT,UNSAT,"[0, 1, 2, 3, 4, 5, 6]",0.67662,0.097713,0.006138,False
701945,5,2,"[1,2,2,2,1]","[1,1]","[[1],[0,1],[0,1],[0,1],[0,1]]",UNSAT,UNSAT,UNSAT,"[0, 1]",0.014597,0.049239,0.00268,False
701946,3,3,"[2,1,2]","[2,2,1]","[[1,2],[2],[1,2]]",UNSAT,UNSAT,UNSAT,"[0, 1]",0.013317,0.039498,0.001963,False
701947,5,5,"[2,1,3,1,1]","[3,3,3,2,3]","[[0,2,4],[2],[0,1,2,3],[0,3,4],[0,1,2,4]]",FEASIBLE,FEASIBLE,FEASIBLE,null,0.14709,0.049228,0.003354,False
701948,1,4,[1],"[2,1,1,1]",[[0]],FEASIBLE,FEASIBLE,FEASIBLE,null,0.006397,0.01333,0.000771,False
701949,5,2,"[2,1,1,1,1]","[2,3]","[[0,1],[0],[1],[1],[1]]",UNSAT,UNSAT,UNSAT,"[0, 2, 3, 4]",0.068354,0.197984,0.002593,False
701950,2,7,"[1,2]","[3,1,3,3,1,3,3]","[[4],[0,1,3,4,5]]",FEASIBLE,FEASIBLE,FEASIBLE,null,0.019993,0.028343,0.001504,False
701951,4,5,"[1,2,1,2]","[2,3,1,2,2]","[[0,1,2,3,4],[2,4],[0,1,2,3,4],[1,2,3,4]]",FEASIBLE,FEASIBLE,FEASIBLE,null,0.071158,0.042791,0.002735,False
701952,1,4,[2],"[3,1,3,3]","[[0,1,2,3]]",FEASIBLE,FEASIBLE,FEASIBLE,null,0.005604,0.018227,0.00109,False
701953,1,7,[1],"[1,2,2,2,2,2,3]","[[1,4]]",FEASIBLE,FEASIBLE,FEASIBLE,null,0.007148,0.016485,0.00099,False
701954,3,2,"[1,1,1]","[1,3]","[[1],[0,1],[0]]",FEASIBLE,FEASIBLE,FEASIBLE,null,0.01785,0.030928,0.00162,False
701955,7,2,"[2,1,1,1,2,1,2]","[1,1]","[[0,1],[0,1],[1],[0],[0,1],[1],[0,1]]",UNSAT,UNSAT,UNSAT,"[0, 1]",0.018153,0.056318,0.003111,False
701956,3,7,"[1,1,1]","[1,2,3,1,2,1,1]","[[0,1,2,3,4,5,6],[0,1,2,4,5,6],[2]]",FEASIBLE,FEASIBLE,FEASIBLE,null,0.043514,0.03435,0.00249,False
701957,6,3,"[1,2,1,1,2,1]","[1,3,2]","[[1],[0,1,2],[2],[0,1,2],[0,2],[1]]",UNSAT,UNSAT,UNSAT,"[1, 2, 4]",0.098485,0.05883,0.003448,False
701958,1,2,[1],"[3,1]",[[0]],FEASIBLE,FEASIBLE,FEASIBLE,null,0.003945,0.012838,0.000657,False
701959,5,2,"[1,1,1,2,1]","[2,3]","[[0],[0,1],[0,1],[0,1],[0]]",UNSAT,UNSAT,UNSAT,"[0, 3, 4]",0.063907,0.068148,0.00303,False
701960,1,2,[2],"[2,2]","[[0,1]]",FEASIBLE,FEASIBLE,FEASIBLE,null,0.004389,0.016488,0.0007,False
701961,3,3,"[3,1,1]","[2,3,2]","[[0,1,2],[2],[0,1,2]]",FEASIBLE,FEASIBLE,FEASIBLE,null,0.023136,0.030275,0.001503,False
701962,5,3,"[1,1,3,2,1]","[3,3,3]","[[0],[0],[0,1,2],[0,1],[0]]",UNSAT,UNSAT,UNSAT,"[0, 1, 2, 3]",0.078572,0.050987,0.002898,False
701963,5,4,"[1,3,1,1,1]","[1,2,1,2]","[[0,1,2,3],[0,1,3],[3],[0],[0,3]]",UNSAT,UNSAT,UNSAT,"[1, 3]",0.141777,0.07015,0.003943,False
701964,6,2,"[1,1,1,1,2,2]","[1,2]","[[0,1],[1],[1],[0],[0,1],[0,1]]",UNSAT,UNSAT,UNSAT,"[3, 4]",0.042185,0.065123,0.002735,False
701965,3,5,"[2,3,1]","[2,3,1,1,1]","[[1,4],[1,3,4],[4]]",UNSAT,UNSAT,UNSAT,"[0, 1]",0.019478,0.04314,0.002325,False
701966,4,7,"[2,3,1,1]","[3,2,3,1,3,2,1]","[[0,1,2,3,4,5,6],[0,4,6],[6],[1,5]]",UNSAT,UNSAT,UNSAT,"[1, 2]",0.04688,0.052927,0.003092,False
701967,6,7,"[3,2,3,1,1,3]","[1,2,2,2,3,3,2]","[[0,1,5],[0,1,2,3,4,5,6],[0,1,2,4,5,6],[1,3,4],[0,3,4],[0,1,2,3,4,5,6]]",FEASIBLE,FEASIBLE,FEASIBLE,null,0.409131,0.084555,0.004492,False
701968,2,1,"[1,1]",[2],"[[0],[0]]",FEASIBLE,FEASIBLE,FEASIBLE,null,0.007209,0.016128,0.00069,False
701969,7,3,"[3,1,1,1,3,1,1]","[1,3,1]","[[0,1,2],[1],[0,1,2],[0,1,2],[0,1,2],[0,1],[1]]",UNSAT,UNSAT,UNSAT,"[0, 4]",0.032149,0.069378,0.003977,False
701970,5,4,"[1,2,2,1,1]","[2,3,3,2]","[[0],[0,2,3],[0,3],[1,2,3],[1]]",FEASIBLE,FEASIBLE,FEASIBLE,null,0.138141,0.053569,0.00261,False
701971,4,1,"[1,1,1,1]",[3],"[[0],[0],[0],[0]]",UNSAT,UNSAT,UNSAT,"[0, 1, 2, 3]",0.025655,0.044632,0.001612,False
701972,1,3,[1],"[2,2,3]",[[1]],FEASIBLE,FEASIBLE,FEASIBLE,null,0.004596,0.015162,0.000652,False
701973,5,4,"[2,1,1,3,3]","[3,2,3,2]","[[0,1,3],[2],[0],[0,1,3],[0,1,3]]",UNSAT,UNSAT,UNSAT,"[0, 3, 4]",0.079276,0.063771,0.003205,False
701974,4,1,"[1,1,1,1]",[2],"[[0],[0],[0],[0]]",UNSAT,UNSAT,UNSAT,"[0, 1, 2]",0.117108,0.03418,0.001568,False
701975,4,5,"[1,2,1,2]","[2,2,2,3,2]","[[3],[0,2,3],[0,1,2,4],[1,3]]",FEASIBLE,FEASIBLE,FEASIBLE,null,0.069703,0.037427,0.002128,False
701976,1,4,[2],"[3,3,2,1]","[[0,1,2,3]]",FEASIBLE,FEASIBLE,FEASIBLE,null,0.005358,0.018706,0.001016,False
701977,6,5,"[3,3,2,2,2,2]","[2,3,2,1,1]","[[0,1,2,3,4],[0,1,2,4],[0,1,2,3,4],[0,2,3,4],[1,2,3,4],[0,1,2,3,4]]",UNSAT,UNSAT,UNSAT,"[0, 1, 2, 3]",0.193899,0.106332,0.006064,False
701978,4,2,"[1,1,1,1]","[3,3]","[[0,1],[1],[0],[0,1]]",FEASIBLE,FEASIBLE,FEASIBLE,null,0.035907,0.027687,0.001288,False
701979,1,3,[1],"[2,2,1]",[[2]],FEASIBLE,FEASIBLE,FEASIBLE,null,0.00454,0.012616,0.000663,False
701980,3,1,"[1,1,1]",[3],"[[0],[0],[0]]",FEASIBLE,FEASIBLE,FEASIBLE,null,0.013248,0.020409,0.000919,False
701981,6,3,"[1,1,2,1,1,1]","[3,1,2]","[[2],[2],[0,2],[1],[0,1],[2]]",UNSAT,UNSAT,UNSAT,"[0, 1, 2]",0.063966,0.051855,0.002716,False
701982,4,3,"[1,2,1,2]","[1,2,2]","[[1],[1,2],[2],[0,2]]",UNSAT,UNSAT,UNSAT,"[1, 2, 3]",0.042524,0.043651,0.002313,False
701983,5,3,"[1,1,1,1,2]","[2,3,1]","[[0,1],[0,1],[2],[0,1,2],[0,1,2]]",FEASIBLE,FEASIBLE,FEASIBLE,null,0.100801,0.05095,0.002433,False
701984,5,4,"[3,2,1,2,2]","[3,3,1,3]","[[0,1,2],[2,3],[2],[0,1,3],[0,1,2,3]]",UNSAT,UNSAT,UNSAT,"[0, 1]",0.022627,0.075714,0.003279,False
701985,7,5,"[1,1,1,1,1,1,3]","[1,1,1,1,3]","[[1,2,3],[1],[2],[0,1,3,4],[1,2],[0],[1,2,3,4]]",UNSAT,UNSAT,UNSAT,"[0, 1, 6]",0.142967,0.188042,0.005583,False
701986,6,6,"[1,3,3,1,1,1]","[3,2,3,1,1,1]","[[0,1,2,3,4,5],[0,1,3,4,5],[0,1,2,3,4,5],[1,2,3,4],[0,1,2,3,4,5],[2,3,4]]",FEASIBLE,FEASIBLE,FEASIBLE,null,0.353287,0.068874,0.004573,False
701987,1,4,[1],"[3,1,2,2]","[[0,1]]",FEASIBLE,FEASIBLE,FEASIBLE,null,0.005381,0.013953,0.00072,False
701988,5,5,"[2,1,1,1,2]","[3,1,2,2,3]","[[0,1,2,3,4],[2,3],[1,2,4],[0],[1,2,3,4]]",FEASIBLE,FEASIBLE,FEASIBLE,null,0.14683,0.047373,0.002624,False
701989,3,2,"[1,1,1]","[3,1]","[[1],[1],[1]]",UNSAT,UNSAT,UNSAT,"[0, 1]",0.010713,0.029161,0.001622,False
701990,4,7,"[2,1,1,1]","[3,1,1,1,1,2,2]","[[0,1,3,4,5,6],[0,1,2,3,4,5],[0,3,6],[2,3]]",FEASIBLE,FEASIBLE,FEASIBLE,null,0.093646,0.040525,0.002883,False
701991,2,5,"[1,1]","[1,3,2,3,2]","[[0,1,3,4],[4]]",FEASIBLE,FEASIBLE,FEASIBLE,null,0.015201,0.021802,0.001289,False
701992,2,5,"[3,2]","[2,1,1,2,3]","[[0,2,3,4],[2,4]]",FEASIBLE,FEASIBLE,FEASIBLE,null,0.014969,0.03819,0.001993,False
701993,7,7,"[1,2,1,3,1,3,1]","[2,3,1,1,3,1,3]","[[0,1,2,3,4,5],[3,4,5,6],[2,5],[2,3,4,5],[1,2,3,4,5,6],[1,3,4,6],[5]]",UNSAT,UNSAT,UNSAT,"[2, 3, 6]",0.367829,0.11803,0.006278,False
701994,1,3,[1],"[1,3,2]","[[0,1,2]]",FEASIBLE,FEASIBLE,FEASIBLE,null,0.004916,0.015796,0.000845,False
701995,5,1,"[1,1,1,1,1]",[3],"[[0],[0],[0],[0],[0]]",UNSAT,UNSAT,UNSAT,"[0, 1, 2, 3]",0.043025,0.040826,0.001903,False
701996,3,4,"[3,1,1]","[1,3,1,3]","[[0,1,2,3],[0,2],[1]]",FEASIBLE,FEASIBLE,FEASIBLE,null,0.027927,0.134823,0.002092,False
701997,3,7,"[1,3,1]","[1,2,3,2,2,2,2]","[[0,1,2,4],[0,1,2,3,4,5,6],[0,1,2,3,4,5]]",FEASIBLE,FEASIBLE,FEASIBLE,null,0.043046,0.041781,0.002866,False
701998,5,6,"[1,1,2,3,1]","[2,2,3,2,2,1]","[[0,2,4,5],[4,5],[0,2,4,5],[0,1,2,3,4,5],[0,4,5]]",FEASIBLE,FEASIBLE,FEASIBLE,null,0.194494,0.053825,0.003262,False
701999,6,3,"[1,2,1,2,1,1]","[3,3,2]","[[0],[0,1,2],[0],[1,2],[1],[0]]",FEASIBLE,FEASIBLE,FEASIBLE,null,0.199852,0.059147,0.002536,False
702000,5,2,"[1,1,1,2,1]","[3,2]","[[0],[0],[0],[0,1],[0]]",UNSAT,UNSAT,UNSAT,"[0, 1, 2, 3]",0.058573,0.0444,0.002239,False
702001,1,7,[2],"[3,2,3,1,3,1,2]","[[4,6]]",FEASIBLE,FEASIBLE,FEASIBLE,null,0.007644,0.018639,0.001011,False
702002,7,3,"[3,1,1,1,3,1,3]","[3,3,2]","[[0,1,2],[2],[0,1,2],[2],[0,1,2],[1],[0,1,2]]",UNSAT,UNSAT,UNSAT,"[0, 1, 3]",0.08925,0.075187,0.004052,False
702003,3,5,"[1,2,2]","[3,2,1,2,1]","[[0,3,4],[0,1,2,3,4],[0,1,2,3,4]]",FEASIBLE,FEASIBLE,FEASIBLE,null,0.032815,0.035733,0.00209,False
702004,1,2,[1],"[3,2]",[[0]],FEASIBLE,FEASIBLE,FEASIBLE,null,0.004035,0.011755,0.000624,False
702005,5,5,"[1,2,1,2,1]","[2,2,3,3,3]","[[0,1,4],[0,1,2,3],[3],[1,2,4],[0,1,2,3,4]]",FEASIBLE,FEASIBLE,FEASIBLE,null,0.162721,0.04815,0.002669,False
702006,6,7,"[3,2,3,3,2,1]","[3,2,1,3,1,3,3]","[[0,1,2,3,4,6],[0,2],[0,1,3,5,6],[0,1,4,6],[0,4],[0,1,2,3,5]]",FEASIBLE,FEASIBLE,FEASIBLE,null,0.403806,0.27079,0.006345,False
702007,5,5,"[3,1,3,3,1]","[3,1,2,3,2]","[[0,1,3,4],[0,1,3],[0,1,2,3,4],[0,1,2,3],[0,1,2,3,4]]",FEASIBLE,FEASIBLE,FEASIBLE,null,0.147388,0.08,0.003886,False
702008,3,5,"[1,1,1]","[3,3,2,1,3]","[[0,2,3,4],[0,1,3,4],[1,2,4]]",FEASIBLE,FEASIBLE,FEASIBLE,null,0.033872,0.029482,0.001865,False
702009,2,3,"[3,1]","[1,2,1]","[[0,1,2],[0,1]]",FEASIBLE,FEASIBLE,FEASIBLE,null,0.011106,0.024784,0.001327,False
702010,3,7,"[1,1,3]","[2,1,2,2,1,2,1]","[[2,5],[4],[1,2,3,5,6]]",FEASIBLE,FEASIBLE,FEASIBLE,null,0.046205,0.032243,0.002012,False
702011,1,3,[1],"[1,2,1]",[[0]],FEASIBLE,FEASIBLE,FEASIBLE,null,0.004811,0.012116,0.000657,False
702012,2,7,"[1,2]","[1,1,1,3,2,1,3]","[[0,1,2,6],[1,6]]",FEASIBLE,FEASIBLE,FEASIBLE,null,0.019053,0.025182,0.001442,False
702013,5,6,"[2,2,1,1,2]","[3,1,3,3,3,3]","[[1,2,3,4],[0,1,2,3,4,5],[0],[4],[0,1,3,4,5]]",FEASIBLE,FEASIBLE,FEASIBLE,null,0.169647,0.050578,0.002929,False
702014,4,7,"[2,2,1,1]","[1,1,3,3,2,2,1]","[[0,1,3,4,5],[0,1,2,3,4,5,6],[1,3],[0,4,5]]",FEASIBLE,FEASIBLE,FEASIBLE,null,0.09225,0.06039,0.002818,False
702015,4,2,"[1,1,1,1]","[2,3]","[[0,1],[0],[0,1],[1]]",FEASIBLE,FEASIBLE,FEASIBLE,null,0.036098,0.034569,0.0013,False
702016,4,1,"[1,1,1,1]",[1],"[[0],[0],[0],[0]]",UNSAT,UNSAT,UNSAT,"[0, 1]",0.009204,0.042702,0.001573,False
702017,7,3,"[1,1,1,2,1,1,1]","[3,2,2]","[[0,2],[1,2],[0,2],[0,2],[1],[1,2],[1]]",UNSAT,UNSAT,UNSAT,"[1, 3, 4, 5, 6]",0.370456,0.063117,0.003469,False
702018,4,4,"[1,2,3,2]","[1,1,3,1]","[[1,3],[0,1,2,3],[0,2,3],[0,1,2]]",UNSAT,UNSAT,UNSAT,"[0, 1, 2]",0.043415,0.058887,0.003302,False
702019,2,4,"[3,2]","[3,2,3,1]","[[0,1,3],[1,2]]",FEASIBLE,FEASIBLE,FEASIBLE,null,0.013829,0.027984,0.001351,False
702020,2,3,"[1,1]","[1,1,2]","[[1],[2]]",FEASIBLE,FEASIBLE,FEASIBLE,null,0.011313,0.016979,0.000991,False
702021,1,3,[1],"[2,1,2]",[[1]],FEASIBLE,FEASIBLE,FEASIBLE,null,0.004587,0.011748,0.000629,False
702022,5,6,"[1,3,1,1,2]","[1,3,2,2,3,1]","[[2,3,5],[0,2,5],[3,5],[0,1,2,3,4,5],[0,1,2,3,4,5]]",FEASIBLE,FEASIBLE,FEASIBLE,null,0.23869,0.067817,0.003184,False
702023,4,2,"[1,1,1,1]","[1,2]","[[0],[0],[1],[0]]",UNSAT,UNSAT,UNSAT,"[0, 1]",0.023706,0.036502,0.001863,False
702024,6,5,"[1,2,3,1,3,2]","[2,3,3,3,1]","[[1,2],[1,4],[0,2,4],[0,1,2,3,4],[0,3,4],[0,2,3,4]]",UNSAT,UNSAT,UNSAT,"[1, 2]",0.060206,0.094876,0.005169,False
702025,3,5,"[2,2,3]","[1,1,1,3,2]","[[0,3],[0,1,2,3],[0,1,2,3,4]]",FEASIBLE,FEASIBLE,FEASIBLE,null,0.032498,0.056203,0.00269,False
702026,1,7,[1],"[1,2,3,1,3,3,3]","[[0,1,2,3,4,5,6]]",FEASIBLE,FEASIBLE,FEASIBLE,null,0.00729,0.020457,0.001414,False
702027,4,5,"[1,1,2,2]","[3,1,1,3,2]","[[0,2,4],[2,4],[0,1,4],[1,2]]",FEASIBLE,FEASIBLE,FEASIBLE,null,0.069029,0.049813,0.002534,False
702028,5,5,"[2,3,1,2,2]","[1,2,1,1,2]","[[0,1,4],[0,1,2,4],[1],[0,1,2,3,4],[0,1,2,3,4]]",UNSAT,UNSAT,UNSAT,"[0, 1, 2, 3]",0.116283,0.078877,0.004713,False
702029,2,1,"[1,1]",[3],"[[0],[0]]",FEASIBLE,FEASIBLE,FEASIBLE,null,0.006985,0.018549,0.00068,False
702030,2,3,"[2,2]","[1,2,3]","[[0,1,2],[0,1]]",FEASIBLE,FEASIBLE,FEASIBLE,null,0.011081,0.135233,0.001633,False
702031,2,5,"[1,2]","[3,1,1,3,1]","[[3],[1,2]]",FEASIBLE,FEASIBLE,FEASIBLE,null,0.014722,0.021681,0.001176,False
702032,5,2,"[1,1,1,1,1]","[2,2]","[[0],[0],[1],[0],[1]]",UNSAT,UNSAT,UNSAT,"[0, 1, 3]",0.038788,0.039041,0.00189,False
702033,1,2,[1],"[3,1]",[[1]],FEASIBLE,FEASIBLE,FEASIBLE,null,0.004165,0.012463,0.000628,False
702034,3,5,"[3,1,2]","[1,3,3,3,3]","[[1,2,3],[2,3,4],[1,3]]",FEASIBLE,FEASIBLE,FEASIBLE,null,0.033377,0.077342,0.001826,False
702035,2,5,"[2,1]","[1,2,3,3,3]","[[1,4],[1,2,3,4]]",FEASIBLE,FEASIBLE,FEASIBLE,null,0.015864,0.026833,0.001381,False
702036,7,5,"[1,1,1,2,2,3,1]","[1,3,2,2,1]","[[0,1,2,3,4],[0,1,2,3,4],[0,1,2,3,4],[0,1,2,3,4],[1,2,3],[1,2,3,4],[0]]",UNSAT,UNSAT,UNSAT,"[0, 1, 2, 3, 4, 5]",0.597237,0.09627,0.005944,False
702037,3,1,"[1,1,1]",[2],"[[0],[0],[0]]",UNSAT,UNSAT,UNSAT,"[0, 1, 2]",0.013454,0.030758,0.001351,False
702038,7,2,"[1,1,1,1,2,1,1]","[2,1]","[[0,1],[0,1],[0],[1],[0,1],[0],[0]]",UNSAT,UNSAT,UNSAT,"[3, 4]",0.050599,0.05498,0.003106,False
702039,3,4,"[2,1,3]","[2,1,3,1]","[[0,1,2,3],[1,2,3],[1,2,3]]",FEASIBLE,FEASIBLE,FEASIBLE,null,0.028441,0.048652,0.002348,False
702040,3,6,"[2,2,1]","[3,3,1,3,1,2]","[[0,2,4],[0,1,2,4,5],[3]]",FEASIBLE,FEASIBLE,FEASIBLE,null,0.038874,0.033732,0.001915,False
702041,1,4,[2],"[2,2,2,1]","[[2,3]]",FEASIBLE,FEASIBLE,FEASIBLE,null,0.005407,0.016826,0.000818,False
702042,4,7,"[2,1,2,1]","[1,3,1,3,2,1,2]","[[4,5],[5,6],[0,1,5],[6]]",FEASIBLE,FEASIBLE,FEASIBLE,null,0.092414,0.038487,0.002407,False
702043,3,3,"[1,1,2]","[3,2,1]","[[2],[2],[0,1,2]]",UNSAT,UNSAT,UNSAT,"[0, 1]",0.01332,0.133465,0.002174,False
702044,5,2,"[2,1,1,2,1]","[2,2]","[[0,1],[0,1],[1],[0,1],[1]]",UNSAT,UNSAT,UNSAT,"[0, 1, 3]",0.039772,0.047783,0.002732,False
702045,3,5,"[1,1,1]","[2,3,3,3,3]","[[0],[0,2,3,4],[2]]",FEASIBLE,FEASIBLE,FEASIBLE,null,0.033539,0.026173,0.001481,False
702046,6,2,"[2,1,2,1,1,2]","[2,2]","[[0,1],[0],[0,1],[1],[1],[0,1]]",UNSAT,UNSAT,UNSAT,"[0, 1, 2]",0.065609,0.055853,0.00341,False
702047,4,6,"[1,1,1,2]","[2,1,1,1,3,2]","[[2,3],[0,1,2,3,4],[2],[0,1,2,3,4,5]]",FEASIBLE,FEASIBLE,FEASIBLE,null,0.082879,0.050525,0.003764,False
702048,4,2,"[1,1,1,2]","[1,3]","[[0,1],[1],[0,1],[0,1]]",UNSAT,UNSAT,UNSAT,"[0, 1, 2, 3]",0.052566,0.0463,0.002778,False
702049,2,2,"[1,1]","[3,2]","[[0],[0,1]]",FEASIBLE,FEASIBLE,FEASIBLE,null,0.009224,0.018801,0.00113,False
702050,7,5,"[1,1,2,1,2,3,1]","[2,2,3,1,2]","[[0,1,3,4],[0,1,4],[1,2,4],[3],[0,1,3],[0,2,3,4],[1]]",UNSAT,UNSAT,UNSAT,"[0, 1, 2, 3, 4, 5]",0.610417,0.108028,0.007676,False
702051,1,4,[1],"[1,3,3,1]",[[3]],FEASIBLE,FEASIBLE,FEASIBLE,null,0.005528,0.014071,0.00139,False
702052,5,4,"[1,1,1,1,3]","[1,1,1,1]","[[1,2,3],[0],[1],[3],[0,1,2,3]]",UNSAT,UNSAT,UNSAT,"[0, 1, 4]",0.068322,0.054495,0.005015,False
702053,6,1,"[1,1,1,1,1,1]",[3],"[[0],[0],[0],[0],[0],[0]]",UNSAT,UNSAT,UNSAT,"[0, 1, 2, 3]",0.065011,0.044056,0.002821,False
702054,4,3,"[2,2,2,1]","[1,2,3]","[[0,2],[0,1,2],[0,1],[0]]",UNSAT,UNSAT,UNSAT,"[0, 2]",0.019272,0.046416,0.00324,False
702055,5,1,"[1,1,1,1,1]",[3],"[[0],[0],[0],[0],[0]]",UNSAT,UNSAT,UNSAT,"[0, 1, 2, 3]",0.04278,0.134484,0.002199,False
702056,3,6,"[1,2,2]","[1,3,2,1,2,2]","[[4],[0,2,3,4,5],[0,1,2,4,5]]",FEASIBLE,FEASIBLE,FEASIBLE,null,0.053972,0.037948,0.002548,False
702057,1,6,[3],"[2,2,3,2,2,2]","[[0,1,2,3,5]]",FEASIBLE,FEASIBLE,FEASIBLE,null,0.007068,0.023433,0.001464,False
702058,6,3,"[1,1,1,3,1,2]","[1,1,1]","[[0,1],[0,1],[2],[0,1,2],[0,1],[1,2]]",UNSAT,UNSAT,UNSAT,"[0, 3]",0.028349,0.058271,0.003962,False
702059,7,7,"[2,1,2,1,1,3,3]","[3,2,1,3,3,2,2]","[[0,6],[2,3],[0,1,2,3,4,5,6],[3],[0,1,2,3,4],[1,4,6],[1,2,4,5,6]]",FEASIBLE,FEASIBLE,FEASIBLE,null,0.88655,0.091335,0.006213,False
702060,3,7,"[1,3,1]","[1,2,1,2,3,1,3]","[[4],[0,1,2,4,6],[4]]",FEASIBLE,FEASIBLE,FEASIBLE,null,0.043641,0.032861,0.00213,False
702061,4,2,"[1,1,1,1]","[3,2]","[[0],[0],[0],[0,1]]",FEASIBLE,FEASIBLE,FEASIBLE,null,0.036733,0.027124,0.001637,False
702062,1,1,[1],[2],[[0]],FEASIBLE,FEASIBLE,FEASIBLE,null,0.003219,0.011601,0.000686,False
702063,6,7,"[1,1,1,2,3,1]","[3,1,1,1,1,2,3]","[[6],[4],[0,1,3,5,6],[0,1,2,3,4,5,6],[0,1,2,3,4,5,6],[1]]",FEASIBLE,FEASIBLE,FEASIBLE,null,0.444801,0.086074,0.005327,False
702064,1,4,[2],"[1,3,3,3]","[[1,2,3]]",FEASIBLE,FEASIBLE,FEASIBLE,null,0.006079,0.017486,0.001087,False
702065,1,4,[1],"[3,2,2,2]","[[0,1,2,3]]",FEASIBLE,FEASIBLE,FEASIBLE,null,0.005303,0.015678,0.001142,False
702066,2,5,"[1,1]","[1,2,3,2,3]","[[0,1,2,3,4],[1,4]]",FEASIBLE,FEASIBLE,FEASIBLE,null,0.015107,0.025199,0.001645,False
702067,2,4,"[1,2]","[3,3,2,2]","[[2],[0,3]]",FEASIBLE,FEASIBLE,FEASIBLE,null,0.013257,0.021523,0.001305,False
702068,3,6,"[2,1,3]","[1,1,2,1,3,1]","[[1,3,4,5],[5],[0,2,5]]",UNSAT,UNSAT,UNSAT,"[1, 2]",0.033915,0.150265,0.002934,False
702069,2,2,"[1,1]","[1,2]","[[0],[0,1]]",FEASIBLE,FEASIBLE,FEASIBLE,null,0.00946,0.019943,0.001117,False
702070,3,3,"[1,2,2]","[1,2,2]","[[0,2],[0,1,2],[0,2]]",UNSAT,UNSAT,UNSAT,"[0, 1, 2]",0.024812,0.043685,0.002832,False
702071,3,4,"[1,2,1]","[3,2,2,3]","[[1,3],[0,1,2],[2]]",FEASIBLE,FEASIBLE,FEASIBLE,null,0.029563,0.0291,0.001708,False
702072,6,1,"[1,1,1,1,1,1]",[2],"[[0],[0],[0],[0],[0],[0]]",UNSAT,UNSAT,UNSAT,"[0, 1, 2]",0.034375,0.044614,0.002398,False
702073,4,7,"[3,1,3,1]","[2,2,1,1,1,2,1]","[[0,1,2,4,6],[0,3,4,6],[0,1,2,3,4,5,6],[1,2,3,4,6]]",FEASIBLE,FEASIBLE,FEASIBLE,null,0.09927,0.060649,0.003867,False
702074,5,7,"[1,2,2,1,1]","[2,2,1,1,2,1,2]","[[3,5,6],[4,5],[0,3],[2,3],[0,1]]",FEASIBLE,FEASIBLE,FEASIBLE,null,0.21593,0.06108,0.003779,False
702075,4,5,"[3,2,2,1]","[3,1,2,1,3]","[[0,2,4],[0,1,2],[0,1,2,3],[0]]",FEASIBLE,FEASIBLE,FEASIBLE,null,0.073438,0.062365,0.003241,False
702076,7,3,"[2,1,1,1,3,1,2]","[1,2,3]","[[1,2],[0,1,2],[0,1],[0,2],[0,1,2],[1],[1,2]]",UNSAT,UNSAT,UNSAT,"[0, 2, 4]",0.107826,0.086852,0.004792,False
702077,2,7,"[1,3]","[3,1,1,2,2,2,3]","[[0],[0,2,3,4,5,6]]",FEASIBLE,FEASIBLE,FEASIBLE,null,0.020768,0.031088,0.001917,False
702078,7,3,"[1,2,2,1,2,1,1]","[2,3,3]","[[0,1,2],[0,1],[1,2],[2],[0,1],[0,2],[0]]",UNSAT,UNSAT,UNSAT,"[1, 4, 6]",0.161194,0.073252,0.008058,False
702079,5,2,"[1,1,1,1,2]","[1,2]","[[1],[0],[0],[0],[0,1]]",UNSAT,UNSAT,UNSAT,"[1, 2]",0.024006,0.142068,0.003771,False
702080,2,5,"[1,3]","[2,1,2,2,2]","[[0,2,4],[0,1,2]]",FEASIBLE,FEASIBLE,FEASIBLE,null,0.015754,0.028267,0.00221,False
702081,5,7,"[3,3,1,1,1]","[3,1,2,1,3,2,1]","[[3,5,6],[2,3,4,5,6],[2],[2],[2,3]]",UNSAT,UNSAT,UNSAT,"[0, 1, 2, 3]",0.166977,0.067644,0.005529,False
702082,2,6,"[1,1]","[2,2,1,3,3,2]","[[0,4],[0]]",FEASIBLE,FEASIBLE,FEASIBLE,null,0.017759,0.021459,0.00162,False
702083,3,6,"[3,3,1]","[3,2,3,1,2,1]","[[0,1,2,3,5],[0,1,2,3,4,5],[4]]",FEASIBLE,FEASIBLE,FEASIBLE,null,0.040475,0.041217,0.003383,False
702084,3,6,"[1,1,2]","[3,1,2,2,3,3]","[[0,3],[0,2,3,4,5],[0,1,3,4,5]]",FEASIBLE,FEASIBLE,FEASIBLE,null,0.039694,0.033517,0.003239,False
702085,1,6,[1],"[2,1,3,2,2,3]","[[1,4,5]]",FEASIBLE,FEASIBLE,FEASIBLE,null,0.006719,0.016599,0.001672,False
702086,6,2,"[1,1,2,1,1,1]","[3,3]","[[1],[0,1],[0,1],[0],[0],[0,1]]",UNSAT,UNSAT,UNSAT,"[0, 1, 2, 3, 4, 5]",0.157532,0.055639,0.004866,False
702087,1,1,[1],[1],[[0]],FEASIBLE,FEASIBLE,FEASIBLE,null,0.003614,0.012044,0.001031,False
702088,3,1,"[1,1,1]",[3],"[[0],[0],[0]]",FEASIBLE,FEASIBLE,FEASIBLE,null,0.013878,0.021339,0.0015,False
702089,2,3,"[1,1]","[3,2,3]","[[0,1],[0,1,2]]",FEASIBLE,FEASIBLE,FEASIBLE,null,0.012158,0.019959,0.001931,False
702090,3,6,"[1,3,1]","[2,3,1,1,3,1]","[[0,1],[0,1,3,4,5],[3]]",FEASIBLE,FEASIBLE,FEASIBLE,null,0.03936,0.044086,0.003619,False
702091,1,7,[3],"[1,3,3,3,3,2,1]","[[2,3,4]]",FEASIBLE,FEASIBLE,FEASIBLE,null,0.007718,0.028358,0.001917,False
702092,4,3,"[2,1,1,1]","[1,1,2]","[[0,1,2],[0,1,2],[0,1,2],[2]]",UNSAT,UNSAT,UNSAT,"[0, 1, 2, 3]",0.049288,0.151158,0.004699,False
702093,1,7,[1],"[3,3,2,3,2,3,1]","[[0,1,5]]",FEASIBLE,FEASIBLE,FEASIBLE,null,0.007609,0.01835,0.001608,False
702094,7,3,"[2,3,2,2,3,3,1]","[1,3,2]","[[0,2],[0,1,2],[1,2],[0,1,2],[0,1,2],[0,1,2],[0,1,2]]",UNSAT,UNSAT,UNSAT,"[0, 1]",0.024112,0.081099,0.007216,False
702095,3,3,"[1,1,1]","[3,3,1]","[[1],[2],[2]]",UNSAT,UNSAT,UNSAT,"[1, 2]",0.020179,0.032015,0.002666,False
702096,7,4,"[1,2,2,1,1,1,2]","[3,3,1,2]","[[1,2,3],[0,1,2,3],[0,1],[0,1,2,3],[1,2],[1],[1,3]]",UNSAT,UNSAT,UNSAT,"[0, 1, 2, 4, 5, 6]",0.541706,0.104838,0.008492,False
702097,4,1,"[1,1,1,1]",[2],"[[0],[0],[0],[0]]",UNSAT,UNSAT,UNSAT,"[0, 1, 2]",0.019561,0.037651,0.002861,False
702098,7,2,"[1,1,1,1,1,1,1]","[2,2]","[[0,1],[1],[0,1],[0,1],[0],[1],[0,1]]",UNSAT,UNSAT,UNSAT,"[0, 1, 2, 3, 4]",0.249118,0.060886,0.004901,False
702099,7,6,"[1,2,1,1,2,2,1]","[1,3,2,3,1,2]","[[1,2,3,5],[1,2,3,5],[1,2,3,4,5],[1,2,3,5],[0,1,2,4,5],[1,2,3,5],[0,1,3,4,5]]",FEASIBLE,FEASIBLE,FEASIBLE,null,0.827888,0.08048,0.007454,False
702100,7,6,"[1,1,3,1,1,2,1]","[2,2,2,1,1,1]","[[1],[2],[0,1,2,3,4,5],[5],[4,5],[1,3],[4,5]]",UNSAT,UNSAT,UNSAT,"[3, 4, 6]",0.342147,0.08134,0.007073,False
702101,3,6,"[2,1,3]","[1,3,2,2,2,1]","[[2,5],[4],[2,3,5]]",UNSAT,UNSAT,UNSAT,"[0, 2]",0.028184,0.07365,0.003836,False
702102,1,7,[2],"[2,2,3,3,1,1,1]","[[0,2,5]]",FEASIBLE,FEASIBLE,FEASIBLE,null,0.007811,0.120201,0.00167,False
702103,3,2,"[1,1,1]","[3,1]","[[1],[0,1],[1]]",UNSAT,UNSAT,UNSAT,"[0, 2]",0.014288,0.033395,0.002686,False
702104,1,5,[2],"[2,1,2,3,3]","[[0,1,3,4]]",FEASIBLE,FEASIBLE,FEASIBLE,null,0.00655,0.02139,0.001665,False
702105,7,5,"[2,2,1,1,2,1,2]","[1,2,2,1,3]","[[2,4],[0,1,2,3,4],[0],[0],[1,3,4],[0,1,2],[0,2,4]]",UNSAT,UNSAT,UNSAT,"[2, 3]",0.090469,0.116043,0.008647,False
702106,1,6,[2],"[3,1,2,2,3,1]","[[0,3]]",FEASIBLE,FEASIBLE,FEASIBLE,null,0.007421,0.020339,0.001449,False
702107,4,2,"[1,2,1,1]","[2,1]","[[1],[0,1],[1],[1]]",UNSAT,UNSAT,UNSAT,"[0, 1]",0.014821,0.042231,0.003444,False
702108,6,7,"[2,1,2,1,3,2]","[3,2,1,1,2,1,2]","[[0,2,4,5],[4,6],[1,3,4,5],[2],[0,4,5,6],[0,1,2,3,4,5,6]]",FEASIBLE,FEASIBLE,FEASIBLE,null,0.447201,0.11087,0.006899,False
702109,5,3,"[1,1,2,1,1]","[1,3,3]","[[1,2],[0,1],[0,1],[1],[0]]",UNSAT,UNSAT,UNSAT,"[2, 4]",0.045364,0.063042,0.004867,False
702110,4,1,"[1,1,1,1]",[3],"[[0],[0],[0],[0]]",UNSAT,UNSAT,UNSAT,"[0, 1, 2, 3]",0.04979,0.041166,0.002863,False
702111,1,4,[1],"[3,2,1,2]","[[1,2]]",FEASIBLE,FEASIBLE,FEASIBLE,null,0.005959,0.01732,0.001324,False
702112,6,6,"[1,2,3,2,3,1]","[2,2,3,2,1,1]","[[0],[0,1,2,3,4,5],[0,1,2,3,4,5],[0,1,2,3,4,5],[1,2,3,4,5],[1,5]]",UNSAT,UNSAT,UNSAT,"[0, 1, 2, 3, 4, 5]",0.393093,0.118303,0.011277,False
702113,1,7,[1],"[3,2,1,1,1,3,1]","[[0,1,2,3,4,5,6]]",FEASIBLE,FEASIBLE,FEASIBLE,null,0.008807,0.027372,0.001967,False
702114,2,7,"[1,2]","[2,2,1,3,1,1,1]","[[2,3,4,5,6],[5,6]]",FEASIBLE,FEASIBLE,FEASIBLE,null,0.021102,0.145643,0.002362,False
702115,1,7,[1],"[1,1,3,3,3,2,3]","[[0,1,2,3,4,5,6]]",FEASIBLE,FEASIBLE,FEASIBLE,null,0.008228,0.022028,0.005084,False
702116,7,1,"[1,1,1,1,1,1,1]",[2],"[[0],[0],[0],[0],[0],[0],[0]]",UNSAT,UNSAT,UNSAT,"[0, 1, 2]",0.047024,0.052282,0.003979,False
702117,5,2,"[1,2,1,1,1]","[2,3]","[[0],[0,1],[1],[1],[0,1]]",UNSAT,UNSAT,UNSAT,"[0, 1, 2, 3, 4]",0.078931,0.051699,0.004138,False
702118,7,4,"[1,1,1,3,2,2,1]","[1,1,3,2]","[[0,2],[0,3],[3],[0,2,3],[0,1,2],[1,3],[1]]",UNSAT,UNSAT,UNSAT,"[5, 6]",0.117856,0.098729,0.008805,False
702119,5,4,"[1,1,1,2,3]","[1,1,2,2]","[[0],[0,1],[2],[0,1,2,3],[0,1,3]]",UNSAT,UNSAT,UNSAT,"[0, 4]",0.035631,0.059266,0.004719,False
702120,3,1,"[1,1,1]",[1],"[[0],[0],[0]]",UNSAT,UNSAT,UNSAT,"[0, 1]",0.008727,0.031125,0.002159,False
702121,4,3,"[1,1,1,1]","[3,1,2]","[[2],[0,2],[0,1,2],[0]]",FEASIBLE,FEASIBLE,FEASIBLE,null,0.051609,0.030984,0.002197,False
702122,1,4,[2],"[1,1,1,1]","[[0,1,2,3]]",FEASIBLE,FEASIBLE,FEASIBLE,null,0.00599,0.019393,0.00146,False
702123,5,3,"[2,1,1,1,1]","[2,3,3]","[[0,1,2],[1],[1,2],[0],[0]]",FEASIBLE,FEASIBLE,FEASIBLE,null,0.106332,0.048331,0.003368,False
702124,2,3,"[1,2]","[2,1,1]","[[1],[1,2]]",UNSAT,UNSAT,UNSAT,"[0, 1]",0.011766,0.031827,0.002433,False
702125,5,3,"[2,1,1,1,2]","[2,1,3]","[[0,1,2],[1],[0,1,2],[1],[0,1]]",UNSAT,UNSAT,UNSAT,"[1, 3]",0.03514,0.076526,0.005154,False
702126,1,7,[1],"[2,3,3,1,1,3,3]","[[1,2,3,4,6]]",FEASIBLE,FEASIBLE,FEASIBLE,null,0.008141,0.021369,0.001548,False
702127,6,2,"[1,1,1,1,1,1]","[1,2]","[[1],[1],[1],[0],[1],[1]]",UNSAT,UNSAT,UNSAT,"[0, 1, 2]",0.053399,0.047948,0.003519,False
702128,5,5,"[1,2,3,2,2]","[1,2,3,1,3]","[[4],[0,1,2,3,4],[0,1,3,4],[0,2],[0,1,2,3,4]]",FEASIBLE,FEASIBLE,FEASIBLE,null,0.159219,0.109346,0.006236,False
702129,4,4,"[1,1,1,3]","[1,1,3,3]","[[0,3],[1,2],[3],[1,2,3]]",FEASIBLE,FEASIBLE,FEASIBLE,null,0.064773,0.049239,0.00347,False
702130,4,4,"[2,2,1,3]","[3,1,2,1]","[[0,1,2,3],[0,1],[1,2,3],[1,2,3]]",UNSAT,UNSAT,UNSAT,"[1, 3]",0.036588,0.061378,0.00425,False
702131,6,3,"[1,1,1,1,1,1]","[2,2,1]","[[0,1,2],[1],[0],[0,1,2],[1,2],[1,2]]",UNSAT,UNSAT,UNSAT,"[0, 1, 2, 3, 4, 5]",0.221056,0.063637,0.004785,False
702132,7,2,"[1,2,2,2,1,1,1]","[3,2]","[[0],[0,1],[0,1],[0,1],[0,1],[1],[0]]",UNSAT,UNSAT,UNSAT,"[1, 2, 3]",0.108271,0.064402,0.005155,False
702133,2,7,"[3,1]","[1,3,3,2,2,1,1]","[[0,1,2,4],[0,1,2,3,4,5,6]]",FEASIBLE,FEASIBLE,FEASIBLE,null,0.020942,0.045292,0.002889,False
702134,3,3,"[1,2,1]","[2,2,1]","[[0,1,2],[0,1],[0]]",FEASIBLE,FEASIBLE,FEASIBLE,null,0.025445,0.038308,0.002649,False
702135,2,3,"[1,1]","[1,2,1]","[[0,1,2],[2]]",FEASIBLE,FEASIBLE,FEASIBLE,null,0.012087,0.021039,0.001751,False
702136,1,7,[1],"[2,2,1,1,1,2,1]","[[3,4,5,6]]",FEASIBLE,FEASIBLE,FEASIBLE,null,0.008213,0.021279,0.001659,False
702137,7,6,"[3,1,2,2,1,2,2]","[3,3,1,3,2,2]","[[0,1,4,5],[0],[0,1,2,3,4,5],[1,2,3,4,5],[0],[0,1,2,3,4,5],[1,2,3,4,5]]",FEASIBLE,FEASIBLE,FEASIBLE,null,0.85438,0.211281,0.006673,False
702138,2,7,"[2,2]","[3,3,1,2,3,1,2]","[[0,1,2,3,4,5,6],[0,2,3,4,6]]",FEASIBLE,FEASIBLE,FEASIBLE,null,0.021953,0.036335,0.002423,False
702139,6,5,"[1,1,1,3,1,1]","[2,2,2,2,2]","[[0,1,2,3,4],[0],[0],[2,3,4],[0,1,2,3],[0]]",UNSAT,UNSAT,UNSAT,"[1, 2, 5]",0.172361,0.08615,0.005126,False
702140,2,3,"[2,2]","[2,3,2]","[[0,1],[0,1,2]]",FEASIBLE,FEASIBLE,FEASIBLE,null,0.012472,0.027764,0.001499,False
702141,5,2,"[1,1,1,1,1]","[2,1]","[[0],[0],[0],[0,1],[0]]",UNSAT,UNSAT,UNSAT,"[0, 1, 2]",0.041149,0.045983,0.002584,False
702142,2,3,"[1,1]","[3,2,2]","[[0,2],[0,1,2]]",FEASIBLE,FEASIBLE,FEASIBLE,null,0.012301,0.021839,0.001402,False
702143,7,1,"[1,1,1,1,1,1,1]",[2],"[[0],[0],[0],[0],[0],[0],[0]]",UNSAT,UNSAT,UNSAT,"[0, 1, 2]",0.047985,0.053886,0.002797,False
702144,7,2,"[1,1,1,1,1,1,1]","[1,3]","[[0],[0],[1],[1],[0],[0],[1]]",UNSAT,UNSAT,UNSAT,"[0, 1]",0.020347,0.052482,0.002982,False
702145,1,2,[2],"[2,2]","[[0,1]]",FEASIBLE,FEASIBLE,FEASIBLE,null,0.00453,0.017736,0.000895,False
702146,7,1,"[1,1,1,1,1,1,1]",[3],"[[0],[0],[0],[0],[0],[0],[0]]",UNSAT,UNSAT,UNSAT,"[0, 1, 2, 3]",0.108653,0.05226,0.002534,False
702147,4,3,"[1,1,1,2]","[2,2,3]","[[0,1],[0,1,2],[0,1],[0,1,2]]",FEASIBLE,FEASIBLE,FEASIBLE,null,0.052235,0.04068,0.00269,False
702148,6,1,"[1,1,1,1,1,1]",[2],"[[0],[0],[0],[0],[0],[0]]",UNSAT,UNSAT,UNSAT,"[0, 1, 2]",0.036652,0.053008,0.002441,False
702149,5,6,"[2,3,3,1,2]","[2,1,2,1,1,3]","[[0,4],[0,1,2,3,4,5],[0,1,2,3,4],[3],[1,4,5]]",UNSAT,UNSAT,UNSAT,"[0, 1, 2, 3]",0.174742,0.212483,0.006958,False
702150,7,1,"[1,1,1,1,1,1,1]",[3],"[[0],[0],[0],[0],[0],[0],[0]]",UNSAT,UNSAT,UNSAT,"[0, 1, 2, 3]",0.106367,0.054539,0.002265,False
702151,4,5,"[2,1,2,1]","[3,2,3,2,2]","[[0,1,2,3,4],[1,3,4],[0,1,2,3],[2,4]]",FEASIBLE,FEASIBLE,FEASIBLE,null,0.080188,0.045536,0.003151,False
702152,3,3,"[1,2,2]","[2,3,3]","[[0,2],[0,1],[0,2]]",FEASIBLE,FEASIBLE,FEASIBLE,null,0.025143,0.04245,0.002312,False
702153,5,6,"[1,2,2,3,1]","[1,1,2,3,2,1]","[[2],[0,1,3],[0,1,2,4,5],[1,2,3,4,5],[2,5]]",FEASIBLE,FEASIBLE,FEASIBLE,null,0.191743,0.080117,0.004241,False
702154,7,1,"[1,1,1,1,1,1,1]",[1],"[[0],[0],[0],[0],[0],[0],[0]]",UNSAT,UNSAT,UNSAT,"[0, 1]",0.014653,0.050298,0.002326,False
702155,3,1,"[1,1,1]",[3],"[[0],[0],[0]]",FEASIBLE,FEASIBLE,FEASIBLE,null,0.014338,0.022761,0.001101,False
702156,3,4,"[2,2,1]","[1,3,2,2]","[[1,2],[0,3],[0,1,2]]",FEASIBLE,FEASIBLE,FEASIBLE,null,0.030514,0.034693,0.001981,False
702157,2,1,"[1,1]",[3],"[[0],[0]]",FEASIBLE,FEASIBLE,FEASIBLE,null,0.013916,0.017522,0.000861,False
702158,4,5,"[1,1,3,1]","[1,2,2,2,2]","[[0,1,2,4],[4],[0,1,2,4],[3]]",FEASIBLE,FEASIBLE,FEASIBLE,null,0.078669,0.042663,0.002343,False
702159,7,4,"[2,1,2,2,3,3,3]","[2,2,3,2]","[[0,1,2],[2],[0,2,3],[0,1,2,3],[0,1,2,3],[0,1,2,3],[0,1,2,3]]",UNSAT,UNSAT,UNSAT,"[0, 2, 4, 5]",0.345598,0.099443,0.006481,False
702160,1,4,[2],"[3,1,3,1]","[[2,3]]",FEASIBLE,FEASIBLE,FEASIBLE,null,0.00625,0.019775,0.001034,False
702161,3,6,"[1,2,1]","[1,3,2,2,3,3]","[[2,4],[0,1,3,4],[0,2]]",FEASIBLE,FEASIBLE,FEASIBLE,null,0.042573,0.219292,0.00331,False
702162,1,1,[1],[3],[[0]],FEASIBLE,FEASIBLE,FEASIBLE,null,0.00397,0.012654,0.00059,False
702163,2,6,"[1,2]","[3,3,3,2,2,1]","[[4],[3,4]]",FEASIBLE,FEASIBLE,FEASIBLE,null,0.019239,0.024721,0.001318,False
702164,5,7,"[3,3,2,1,1]","[1,2,1,2,1,2,3]","[[2,4,5,6],[0,1,5],[0,2,4,5],[2],[0,1,2,3,4,5,6]]",UNSAT,UNSAT,UNSAT,"[0, 1, 2]",0.105806,0.107788,0.006107,False
702165,1,4,[3],"[1,1,2,2]","[[0,1,2,3]]",FEASIBLE,FEASIBLE,FEASIBLE,null,0.006073,0.023829,0.001168,False
702166,4,4,"[1,1,3,1]","[3,2,3,3]","[[0,2,3],[1,2,3],[1,2,3],[1]]",FEASIBLE,FEASIBLE,FEASIBLE,null,0.065693,0.056252,0.002603,False
702167,2,2,"[2,1]","[1,1]","[[0,1],[0,1]]",UNSAT,UNSAT,UNSAT,"[0, 1]",0.010047,0.034425,0.001786,False
702168,7,1,"[1,1,1,1,1,1,1]",[2],"[[0],[0],[0],[0],[0],[0],[0]]",UNSAT,UNSAT,UNSAT,"[0, 1, 2]",0.047751,0.05205,0.002119,False
702169,2,6,"[1,2]","[2,3,1,3,3,2]","[[0,1,2,3,4,5],[2,5]]",FEASIBLE,FEASIBLE,FEASIBLE,null,0.018851,0.030274,0.001772,False
702170,2,4,"[1,3]","[3,3,1,3]","[[1],[0,1,2,3]]",FEASIBLE,FEASIBLE,FEASIBLE,null,0.015141,0.028041,0.001495,False
702171,7,5,"[3,1,2,1,2,1,3]","[2,2,3,1,3]","[[0,1,2,3],[0,1,2,3],[1,2,4],[0,2,4],[0,3],[1,3],[1,3,4]]",UNSAT,UNSAT,UNSAT,"[4, 6]",0.130021,0.150299,0.00776,False
702172,5,4,"[1,1,1,3,1]","[2,2,1,3]","[[1],[1],[1],[0,1,2],[0,1,3]]",UNSAT,UNSAT,UNSAT,"[0, 1, 2]",0.066672,0.05683,0.003009,False
702173,3,7,"[2,1,3]","[1,1,1,2,3,2,3]","[[0,1,2,3,4,5,6],[0,1,2,3,4,5,6],[0,1,2,3,4,5,6]]",FEASIBLE,FEASIBLE,FEASIBLE,null,0.048263,0.162302,0.003477,False
702174,2,2,"[1,1]","[2,2]","[[0,1],[0]]",FEASIBLE,FEASIBLE,FEASIBLE,null,0.010215,0.019485,0.000995,False
702175,1,4,[1],"[1,1,2,3]",[[0]],FEASIBLE,FEASIBLE,FEASIBLE,null,0.005789,0.014322,0.000854,False
702176,3,3,"[1,1,3]","[3,2,2]","[[2],[1,2],[0,1,2]]",FEASIBLE,FEASIBLE,FEASIBLE,null,0.025661,0.031793,0.001708,False
702177,4,6,"[2,1,2,1]","[1,1,1,1,3,1]","[[0,1,2,3,4,5],[2,4],[0,5],[1,4]]",FEASIBLE,FEASIBLE,FEASIBLE,null,0.091282,0.059269,0.003159,False
702178,6,5,"[1,1,1,1,3,1]","[1,2,2,3,2]","[[3],[0,1,3,4],[2,3],[1],[0,1,2,3,4],[0,1,2,3,4]]",FEASIBLE,FEASIBLE,FEASIBLE,null,0.339854,0.059138,0.00339,False
702179,6,5,"[3,2,2,1,2,1]","[2,2,2,1,1]","[[0,1,2,3,4],[0,1,2,4],[0,1,2],[0,1],[2,3],[2]]",UNSAT,UNSAT,UNSAT,"[0, 1, 2, 4]",0.231085,0.11403,0.006462,False
702180,5,7,"[3,1,1,3,1]","[1,3,3,1,1,3,3]","[[3,4,6],[0,1,2,3,4,5,6],[2],[1,2,3,4,5,6],[0,2,5]]",FEASIBLE,FEASIBLE,FEASIBLE,null,0.218737,0.080671,0.00366,False
702181,6,3,"[2,1,2,1,2,3]","[2,2,2]","[[1,2],[0,1,2],[1,2],[0,1,2],[1,2],[0,1,2]]",UNSAT,UNSAT,UNSAT,"[0, 2, 4]",0.089976,0.072629,0.004308,False
702182,7,4,"[2,1,1,1,2,1,1]","[1,2,1,2]","[[1,3],[1,2],[2],[0],[0,1,2,3],[3],[1,3]]",UNSAT,UNSAT,UNSAT,"[0, 1, 2, 3, 4]",0.436631,0.076832,0.004279,False
702183,3,2,"[1,2,2]","[2,3]","[[0,1],[0,1],[0,1]]",FEASIBLE,FEASIBLE,FEASIBLE,null,0.020171,0.057999,0.001863,False
702184,7,6,"[1,1,2,3,2,1,1]","[3,2,1,2,3,2]","[[0,1,2,4],[0,1,2,3,5],[0,2,3,4,5],[0,1,4],[0,1,2,3],[1,2,3],[0]]",FEASIBLE,FEASIBLE,FEASIBLE,null,0.935445,0.26292,0.00569,False
702185,3,3,"[1,1,3]","[2,1,3]","[[1],[0,1,2],[0,1,2]]",UNSAT,UNSAT,UNSAT,"[0, 2]",0.019044,0.046002,0.002358,False
702186,2,1,"[1,1]",[3],"[[0],[0]]",FEASIBLE,FEASIBLE,FEASIBLE,null,0.011241,0.018537,0.000742,False
702187,4,3,"[1,1,2,1]","[3,1,3]","[[1,2],[2],[0,1,2],[0]]",FEASIBLE,FEASIBLE,FEASIBLE,null,0.05412,0.040864,0.001786,False
702188,3,1,"[1,1,1]",[1],"[[0],[0],[0]]",UNSAT,UNSAT,UNSAT,"[0, 1]",0.009014,0.032128,0.001521,False
702189,6,5,"[2,2,3,1,2,1]","[1,3,3,3,1]","[[1,2,4],[0,1,2,3,4],[0,1,2,3,4],[3,4],[1,2],[3]]",FEASIBLE,FEASIBLE,FEASIBLE,null,0.338482,0.078441,0.00429,False
702190,6,6,"[1,3,1,1,2,1]","[2,3,3,3,1,1]","[[0,3,4,5],[0,1,5],[5],[2],[0,2,4,5],[0,2,3,4,5]]",UNSAT,UNSAT,UNSAT,"[1, 2]",0.066806,0.07199,0.004295,False
702191,6,4,"[2,1,3,2,1,2]","[1,2,3,3]","[[0,1,2,3],[3],[0,1,2,3],[2,3],[3],[0,1,2,3]]",UNSAT,UNSAT,UNSAT,"[0, 1, 2, 3, 5]",0.254086,0.087954,0.004619,False
702192,4,1,"[1,1,1,1]",[2],"[[0],[0],[0],[0]]",UNSAT,UNSAT,UNSAT,"[0, 1, 2]",0.020649,0.038278,0.001744,False
702193,1,3,[2],"[3,2,1]","[[1,2]]",FEASIBLE,FEASIBLE,FEASIBLE,null,0.005327,0.018356,0.000945,False
702194,6,7,"[1,1,1,1,3,3]","[1,3,2,2,1,1,2]","[[1],[0,2,3],[5],[0,2,3,4,5,6],[0,1,2,3,4,5,6],[0,1,2,3,4,5,6]]",FEASIBLE,FEASIBLE,FEASIBLE,null,0.487839,0.072675,0.004336,False
702195,7,5,"[2,1,1,1,1,2,1]","[1,2,1,2,3]","[[1,2,3,4],[1,3,4],[0,4],[3,4],[0,1,2,3,4],[0,2,4],[0,2,4]]",FEASIBLE,FEASIBLE,FEASIBLE,null,0.696653,0.191347,0.004661,False
702196,3,2,"[1,1,1]","[1,2]","[[0],[0],[0,1]]",UNSAT,UNSAT,UNSAT,"[0, 1]",0.012689,0.035338,0.001883,False
702197,1,3,[1],"[3,2,2]",[[0]],FEASIBLE,FEASIBLE,FEASIBLE,null,0.005331,0.014878,0.000707,False
702198,3,2,"[1,1,1]","[3,2]","[[0],[0],[0]]",FEASIBLE,FEASIBLE,FEASIBLE,null,0.019779,0.022965,0.001894,False
702199,3,3,"[2,1,3]","[3,1,2]","[[0,1,2],[2],[0,1,2]]",UNSAT,UNSAT,UNSAT,"[0, 1, 2]",0.026073,0.048707,0.003252,False
702200,1,3,[1],"[1,2,1]",[[0]],FEASIBLE,FEASIBLE,FEASIBLE,null,0.0054,0.014354,0.000821,False
702201,6,5,"[1,3,1,1,1,1]","[2,3,3,2,1]","[[0,1,2,3,4],[1,2,3,4],[4],[1],[2],[0]]",FEASIBLE,FEASIBLE,FEASIBLE,null,0.364973,0.053175,0.002648,False
702202,3,4,"[2,3,3]","[1,2,1,3]","[[0,2,3],[0,1,2],[0,1,2,3]]",UNSAT,UNSAT,UNSAT,"[0, 1]",0.018462,0.075251,0.004198,False
702203,1,5,[2],"[3,1,2,3,2]","[[1,2,3,4]]",FEASIBLE,FEASIBLE,FEASIBLE,null,0.0066,0.022003,0.001261,False
702204,3,3,"[1,2,2]","[1,2,1]","[[1],[1,2],[0,2]]",UNSAT,UNSAT,UNSAT,"[1, 2]",0.021406,0.041029,0.002174,False
702205,1,4,[2],"[1,1,2,1]","[[0,1,2,3]]",FEASIBLE,FEASIBLE,FEASIBLE,null,0.005858,0.020489,0.001093,False
702206,4,5,"[1,2,1,1]","[1,2,2,2,3]","[[0,1,2,3,4],[1,2],[0,3],[3]]",FEASIBLE,FEASIBLE,FEASIBLE,null,0.077245,0.039837,0.002209,False
702207,4,3,"[1,1,2,1]","[3,3,1]","[[2],[1],[0,1,2],[1]]",FEASIBLE,FEASIBLE,FEASIBLE,null,0.053078,0.033232,0.001684,False
702208,7,3,"[2,1,1,1,1,1,2]","[1,2,2]","[[1,2],[0,1,2],[0,2],[0,1,2],[0,1],[1],[0,2]]",UNSAT,UNSAT,UNSAT,"[0, 2, 6]",0.122129,0.172998,0.004878,False
702209,1,4,[2],"[3,3,3,2]","[[0,1,2,3]]",FEASIBLE,FEASIBLE,FEASIBLE,null,0.006295,0.021558,0.001046,False
702210,6,5,"[2,1,1,2,1,3]","[3,1,3,2,2]","[[1,2,4],[0,2,3,4],[0,1,2,3,4],[0,1,2,3,4],[4],[0,1,2,3]]",FEASIBLE,FEASIBLE,FEASIBLE,null,0.380052,0.086688,0.004809,False
702211,4,7,"[3,2,2,1]","[3,1,3,1,1,3,2]","[[0,1,2,3,4,5,6],[2,3],[0,1,2,3,4,5,6],[6]]",FEASIBLE,FEASIBLE,FEASIBLE,null,0.121501,0.056769,0.003048,False
702212,5,5,"[3,1,2,1,3]","[2,2,3,2,2]","[[0,1,2,3,4],[0,1,3],[0,1,2,3,4],[0],[0,1,3,4]]",FEASIBLE,FEASIBLE,FEASIBLE,null,0.162821,0.08511,0.004313,False
702213,7,5,"[1,1,2,3,2,2,2]","[3,3,3,2,2]","[[4],[0,1,4],[0,1,2,4],[1,2,4],[0,1,2,3,4],[1,4],[0,1,2,3,4]]",UNSAT,UNSAT,UNSAT,"[0, 3, 5]",0.19154,0.117062,0.006088,False
702214,6,4,"[2,1,2,2,2,1]","[2,1,3,2]","[[0,1,2,3],[0,1,2,3],[0,1,2,3],[0,1],[0,2,3],[2]]",UNSAT,UNSAT,UNSAT,"[0, 1, 2, 3, 4]",0.244901,0.082053,0.004866,False
702215,1,7,[2],"[1,2,2,2,3,1,2]","[[0,6]]",FEASIBLE,FEASIBLE,FEASIBLE,null,0.007904,0.023825,0.001037,False
702216,2,3,"[2,1]","[2,2,2]","[[0,1,2],[2]]",FEASIBLE,FEASIBLE,FEASIBLE,null,0.011984,0.024171,0.001281,False
702217,2,3,"[2,1]","[2,3,2]","[[0,1,2],[0,1]]",FEASIBLE,FEASIBLE,FEASIBLE,null,0.012123,0.027692,0.001277,False
702218,6,5,"[1,3,3,3,1,1]","[3,2,3,1,1]","[[0,1,2,3,4],[0,1,2,3],[1,3,4],[0,1,2,4],[3],[0,1,2,4]]",UNSAT,UNSAT,UNSAT,"[2, 4]",0.081767,0.187608,0.00536,False
702219,2,4,"[2,2]","[3,3,2,2]","[[0,1,2,3],[0,1,3]]",FEASIBLE,FEASIBLE,FEASIBLE,null,0.014663,0.029764,0.001481,False
702220,2,1,"[1,1]",[1],"[[0],[0]]",UNSAT,UNSAT,UNSAT,"[0, 1]",0.008053,0.026686,0.001241,False
702221,4,1,"[1,1,1,1]",[2],"[[0],[0],[0],[0]]",UNSAT,UNSAT,UNSAT,"[0, 1, 2]",0.02023,0.038245,0.001671,False
702222,4,2,"[1,2,2,1]","[2,3]","[[1],[0,1],[0,1],[0]]",UNSAT,UNSAT,UNSAT,"[1, 2, 3]",0.054519,0.048435,0.002302,False
702223,6,5,"[1,2,3,1,1,2]","[2,3,3,1,2]","[[0,4],[0,1],[0,1,2,4],[0,1,2,3,4],[0,1,2,3,4],[0,3,4]]",FEASIBLE,FEASIBLE,FEASIBLE,null,0.338478,0.068489,0.00382,False
702224,2,7,"[3,1]","[2,3,2,2,1,1,2]","[[0,1,2,3,5,6],[4]]",FEASIBLE,FEASIBLE,FEASIBLE,null,0.021644,0.032596,0.001721,False
702225,5,5,"[1,1,2,1,3]","[2,2,2,2,2]","[[2],[4],[0,1,2,3],[0,1,2,3,4],[0,1,2,3,4]]",FEASIBLE,FEASIBLE,FEASIBLE,null,0.159387,0.053822,0.003053,False
702226,4,6,"[2,2,2,2]","[3,2,2,2,1,1]","[[1,2,3,4,5],[1,2,3],[0,1,2,4,5],[0,1,5]]",FEASIBLE,FEASIBLE,FEASIBLE,null,0.090604,0.054053,0.003077,False
702227,4,5,"[3,2,3,1]","[3,3,2,1,3]","[[0,2,3],[0,4],[0,1,2,3],[1,2,4]]",FEASIBLE,FEASIBLE,FEASIBLE,null,0.078792,0.049996,0.002466,False
702228,4,5,"[1,3,1,2]","[1,1,1,2,2]","[[0,1,2,3,4],[0,1,2,3,4],[0,1,2,3],[2,3,4]]",FEASIBLE,FEASIBLE,FEASIBLE,null,0.077166,0.078045,0.003828,False
702229,4,1,"[1,1,1,1]",[1],"[[0],[0],[0],[0]]",UNSAT,UNSAT,UNSAT,"[0, 1]",0.011281,0.143182,0.001694,False
702230,6,7,"[2,3,3,1,1,1]","[2,1,2,1,3,2,1]","[[0,1,2,3,4,5,6],[1,2,5,6],[0,1,2,3,4,6],[0,1,4,6],[6],[2]]",FEASIBLE,FEASIBLE,FEASIBLE,null,0.476812,0.135513,0.006446,False
702231,5,3,"[1,1,2,1,2]","[1,1,1]","[[1,2],[0,1],[1,2],[2],[0,2]]",UNSAT,UNSAT,UNSAT,"[0, 2]",0.025068,0.055916,0.003433,False
702232,1,7,[2],"[3,3,3,2,3,1,3]","[[0,1,3,4,5,6]]",FEASIBLE,FEASIBLE,FEASIBLE,null,0.008253,0.025657,0.001484,False
702233,6,5,"[1,1,1,3,2,3]","[3,3,3,3,2]","[[4],[0,1,3],[0,1,3,4],[0,1,2,4],[0,1,4],[0,1,3]]",FEASIBLE,FEASIBLE,FEASIBLE,null,0.338892,0.082445,0.004014,False
702234,6,4,"[1,1,2,1,1,3]","[2,2,2,1]","[[0,3],[0],[2,3],[2,3],[0],[0,2,3]]",UNSAT,UNSAT,UNSAT,"[2, 5]",0.073567,0.064324,0.003633,False
702235,2,4,"[2,1]","[3,2,3,1]","[[1,2],[1,2]]",FEASIBLE,FEASIBLE,FEASIBLE,null,0.014502,0.024826,0.001197,False
702236,4,5,"[1,2,2,1]","[1,3,3,1,1]","[[0,1,2,3,4],[0,1,2,3,4],[1,2],[1,2]]",FEASIBLE,FEASIBLE,FEASIBLE,null,0.07779,0.044693,0.002612,False
702237,7,4,"[2,1,2,1,1,1,1]","[2,2,2,1]","[[2,3],[1,2,3],[2,3],[0,1],[3],[1],[0,1,2,3]]",UNSAT,UNSAT,UNSAT,"[0, 2]",0.036677,0.071363,0.003992,False
702238,6,6,"[1,1,2,1,1,2]","[3,3,1,2,3,1]","[[1,2,4],[0,1,2,3,5],[0,3],[3],[4],[0,3]]",UNSAT,UNSAT,UNSAT,"[2, 3, 5]",0.228781,0.07945,0.003854,False
702239,7,5,"[1,3,1,1,1,2,2]","[1,2,3,3,3]","[[3,4],[2,3,4],[1],[0,1,2,3],[1],[0,1,2,3,4],[1,2]]",UNSAT,UNSAT,UNSAT,"[2, 4, 6]",0.301577,0.186131,0.004287,False
702240,7,2,"[1,1,1,1,1,1,1]","[2,2]","[[1],[0],[0,1],[0],[0,1],[1],[0]]",UNSAT,UNSAT,UNSAT,"[1, 3, 6]",0.126263,0.060235,0.003329,False
702241,5,7,"[1,1,1,1,1]","[2,2,2,2,2,1,1]","[[2,3,4],[0,1,2,4,5,6],[4,5,6],[0,1,3,5,6],[0,2,5]]",FEASIBLE,FEASIBLE,FEASIBLE,null,0.224107,0.05051,0.003448,False
702242,4,6,"[1,1,1,2]","[1,2,2,1,2,2]","[[0,1,2,3],[0,1,2,3,5],[2],[0,1,2,3,5]]",FEASIBLE,FEASIBLE,FEASIBLE,null,0.090494,0.045822,0.002687,False
702243,5,1,"[1,1,1,1,1]",[3],"[[0],[0],[0],[0],[0]]",UNSAT,UNSAT,UNSAT,"[0, 1, 2, 3]",0.045942,0.04375,0.002256,False
702244,7,4,"[1,1,1,1,3,1,1]","[3,2,3,2]","[[0,1],[3],[0,1,2,3],[3],[0,1,2,3],[2,3],[0,1,2,3]]",FEASIBLE,FEASIBLE,FEASIBLE,null,0.603925,0.061875,0.004022,False
702245,1,4,[1],"[3,1,3,3]","[[0,1,2,3]]",FEASIBLE,FEASIBLE,FEASIBLE,null,0.006266,0.018135,0.001059,False
702246,3,2,"[1,2,1]","[1,1]","[[0],[0,1],[0,1]]",UNSAT,UNSAT,UNSAT,"[0, 1]",0.012104,0.042373,0.002484,False
702247,6,6,"[2,3,1,1,1,2]","[2,3,3,3,1,1]","[[0,4],[0,3,4,5],[3,5],[5],[3],[2,3]]",UNSAT,UNSAT,UNSAT,"[0, 1, 3]",0.170855,0.078918,0.00424,False
702248,1,5,[2],"[3,2,3,3,3]","[[0,1,2,3,4]]",FEASIBLE,FEASIBLE,FEASIBLE,null,0.006785,0.02306,0.001245,False
702249,7,1,"[1,1,1,1,1,1,1]",[3],"[[0],[0],[0],[0],[0],[0],[0]]",UNSAT,UNSAT,UNSAT,"[0, 1, 2, 3]",0.10688,0.05473,0.002333,False
702250,6,4,"[1,1,1,1,2,1]","[3,1,1,2]","[[2,3],[1],[2],[1,2],[1,2,3],[0,1,2,3]]",UNSAT,UNSAT,UNSAT,"[1, 2, 3]",0.247874,0.085639,0.004434,False
702251,3,6,"[3,1,2]","[3,3,1,2,1,3]","[[0,2,3,5],[0,1,2,3,4,5],[1,3,4]]",FEASIBLE,FEASIBLE,FEASIBLE,null,0.042599,0.0438,0.002451,False
702252,5,1,"[1,1,1,1,1]",[1],"[[0],[0],[0],[0],[0]]",UNSAT,UNSAT,UNSAT,"[0, 1]",0.012525,0.042011,0.001949,False
702253,5,7,"[2,3,2,2,2]","[2,1,1,3,1,3,1]","[[0,2,3,4,5],[1,2,3,4,5],[1,2,3],[0,1,2,3,4,5,6],[0,2]]",FEASIBLE,FEASIBLE,FEASIBLE,null,0.214796,0.112625,0.006113,False
702254,3,1,"[1,1,1]",[2],"[[0],[0],[0]]",UNSAT,UNSAT,UNSAT,"[0, 1, 2]",0.015146,0.035291,0.001589,False
702255,2,5,"[1,2]","[2,2,3,3,3]","[[3],[2,3]]",FEASIBLE,FEASIBLE,FEASIBLE,null,0.016889,0.025218,0.001323,False
702256,6,1,"[1,1,1,1,1,1]",[2],"[[0],[0],[0],[0],[0],[0]]",UNSAT,UNSAT,UNSAT,"[0, 1, 2]",0.039058,0.047184,0.002158,False
702257,2,3,"[1,2]","[1,1,2]","[[1],[0,2]]",FEASIBLE,FEASIBLE,FEASIBLE,null,0.012523,0.023686,0.001171,False
702258,6,6,"[2,2,1,2,3,1]","[3,3,2,1,3,3]","[[2,3,5],[0,1,3,5],[2,4],[2,3],[0,1,3,5],[5]]",FEASIBLE,FEASIBLE,FEASIBLE,null,0.402745,0.099819,0.005065,False
702259,4,2,"[1,1,1,1]","[3,1]","[[0],[0,1],[0,1],[1]]",FEASIBLE,FEASIBLE,FEASIBLE,null,0.040279,0.029164,0.001446,False
702260,5,4,"[2,3,1,1,3]","[2,1,2,1]","[[0,2],[0,1,3],[2],[1,2],[0,1,2]]",UNSAT,UNSAT,UNSAT,"[1, 4]",0.048222,0.063093,0.003646,False
702261,4,3,"[3,2,1,3]","[3,3,3]","[[0,1,2],[0,1],[2],[0,1,2]]",FEASIBLE,FEASIBLE,FEASIBLE,null,0.051215,0.146936,0.001961,False
702262,7,4,"[3,1,3,2,3,1,2]","[3,2,1,2]","[[0,1,3],[1],[0,2,3],[0,2,3],[0,1,2,3],[1],[0,1,3]]",UNSAT,UNSAT,UNSAT,"[0, 1, 5]",0.127248,0.085961,0.005033,False
702263,5,2,"[2,1,1,1,2]","[1,1]","[[0,1],[1],[0],[0],[0,1]]",UNSAT,UNSAT,UNSAT,"[0, 1]",0.015813,0.047623,0.002682,False
702264,5,5,"[1,1,1,2,1]","[1,3,1,3,1]","[[3],[0],[3],[1,2,3,4],[1,2,3]]",FEASIBLE,FEASIBLE,FEASIBLE,null,0.176845,0.043953,0.002393,False
702265,7,7,"[2,2,3,1,2,3,3]","[2,2,1,3,1,1,3]","[[0,1,2,3,4,5,6],[2,4],[0,1,2,3,5,6],[0,1,6],[0,1,3,4,5,6],[1,2,3,4,5,6],[1,2,4]]",UNSAT,UNSAT,UNSAT,"[1, 6]",0.11285,0.157344,0.010468,False
702266,1,4,[1],"[2,2,3,2]",[[3]],FEASIBLE,FEASIBLE,FEASIBLE,null,0.005985,0.015298,0.000746,False
702267,6,6,"[2,3,2,1,3,3]","[3,3,3,1,3,3]","[[0,1,2,3,4,5],[1,2,3,5],[1,2,3,4,5],[0],[0,1,2,3,4,5],[0,1,2,4,5]]",FEASIBLE,FEASIBLE,FEASIBLE,null,0.392685,0.099097,0.005376,False
702268,5,5,"[2,1,2,3,2]","[2,1,3,2,2]","[[0,1,3],[0,1,3,4],[0,2,3,4],[0,1,2,3,4],[0,2,3,4]]",FEASIBLE,FEASIBLE,FEASIBLE,null,0.158956,0.064014,0.006849,False
702269,3,7,"[1,1,1]","[3,3,2,1,2,2,2]","[[0,1,2,4],[2],[0,1,2]]",FEASIBLE,FEASIBLE,FEASIBLE,null,0.046148,0.035674,0.002733,False
702270,2,2,"[1,1]","[2,2]","[[1],[0,1]]",FEASIBLE,FEASIBLE,FEASIBLE,null,0.010096,0.022829,0.002054,False
702271,4,1,"[1,1,1,1]",[1],"[[0],[0],[0],[0]]",UNSAT,UNSAT,UNSAT,"[0, 1]",0.01012,0.142646,0.003391,False
702272,7,2,"[1,1,2,1,2,1,2]","[3,1]","[[0],[1],[0,1],[0],[0,1],[1],[0,1]]",UNSAT,UNSAT,UNSAT,"[1, 2]",0.035314,0.062281,0.005467,False
702273,5,2,"[1,1,1,2,1]","[3,3]","[[0,1],[1],[1],[0,1],[0,1]]",FEASIBLE,FEASIBLE,FEASIBLE,null,0.080284,0.05257,0.002911,False
702274,5,7,"[2,1,1,3,1]","[2,1,1,2,2,2,3]","[[2,3,4,5,6],[2,3,6],[2],[2,3,4,5,6],[3]]",FEASIBLE,FEASIBLE,FEASIBLE,null,0.214113,0.096247,0.00536,False
702275,3,1,"[1,1,1]",[3],"[[0],[0],[0]]",FEASIBLE,FEASIBLE,FEASIBLE,null,0.014737,0.022711,0.001459,False
702276,1,3,[1],"[2,1,1]",[[0]],FEASIBLE,FEASIBLE,FEASIBLE,null,0.004973,0.013229,0.001019,False
702277,1,3,[1],"[3,3,1]",[[2]],FEASIBLE,FEASIBLE,FEASIBLE,null,0.004648,0.013472,0.001007,False
702278,5,3,"[2,2,2,1,1]","[1,1,1]","[[0,1,2],[1,2],[0,1,2],[0],[2]]",UNSAT,UNSAT,UNSAT,"[0, 1]",0.020259,0.058618,0.005045,False
702279,5,6,"[1,2,3,3,2]","[2,2,1,2,3,1]","[[0,1,2,5],[0,1,2,3],[0,2,5],[1,2,4,5],[1,5]]",UNSAT,UNSAT,UNSAT,"[2, 3]",0.072027,0.101924,0.008339,False
702280,3,3,"[1,1,3]","[1,1,1]","[[0,1,2],[0,1,2],[0,1,2]]",UNSAT,UNSAT,UNSAT,"[0, 2]",0.017777,0.046717,0.003874,False
702281,3,4,"[2,2,1]","[3,1,3,1]","[[0,2],[0,1,2,3],[0,1]]",FEASIBLE,FEASIBLE,FEASIBLE,null,0.029914,0.033705,0.002419,False
702282,7,4,"[2,1,1,1,1,1,1]","[3,1,2,2]","[[0,1,2],[1],[1,3],[2],[0,1,2],[1,2,3],[0,2]]",FEASIBLE,FEASIBLE,FEASIBLE,null,0.570794,0.07242,0.004893,False
702283,2,2,"[2,1]","[1,1]","[[0,1],[1]]",UNSAT,UNSAT,UNSAT,"[0, 1]",0.009632,0.031739,0.002156,False
702284,4,6,"[1,1,2,3]","[1,2,2,2,1,2]","[[2],[0,3,4,5],[0,1,2,3,4],[0,1,2,3,4,5]]",FEASIBLE,FEASIBLE,FEASIBLE,null,0.088389,0.051473,0.004005,False
702285,7,3,"[1,1,2,2,1,3,1]","[1,2,1]","[[2],[0],[0,2],[0,2],[2],[0,1,2],[0]]",UNSAT,UNSAT,UNSAT,"[0, 2]",0.029048,0.063488,0.006794,False
702286,7,1,"[1,1,1,1,1,1,1]",[3],"[[0],[0],[0],[0],[0],[0],[0]]",UNSAT,UNSAT,UNSAT,"[0, 1, 2, 3]",0.105435,0.050999,0.004054,False
702287,4,3,"[3,1,2,2]","[2,1,2]","[[0,1,2],[2],[0,1,2],[0,2]]",UNSAT,UNSAT,UNSAT,"[0, 1, 2]",0.037432,0.054972,0.004589,False
702288,5,3,"[1,1,2,1,1]","[2,3,1]","[[0],[1,2],[0,1],[0],[0]]",UNSAT,UNSAT,UNSAT,"[0, 2, 3]",0.061186,0.047695,0.004235,False
702289,5,1,"[1,1,1,1,1]",[2],"[[0],[0],[0],[0],[0]]",UNSAT,UNSAT,UNSAT,"[0, 1, 2]",0.026792,0.041146,0.003443,False
702290,2,6,"[3,3]","[1,1,3,1,2,3]","[[0,1,3,4,5],[0,2,3]]",FEASIBLE,FEASIBLE,FEASIBLE,null,0.018763,0.05422,0.003726,False
702291,1,6,[1],"[2,3,3,1,1,2]","[[2,4,5]]",FEASIBLE,FEASIBLE,FEASIBLE,null,0.0073,0.01759,0.001612,False
702292,6,4,"[3,2,1,3,1,2]","[1,2,1,1]","[[0,1,2],[1,2],[1],[0,1,3],[1],[0,3]]",UNSAT,UNSAT,UNSAT,"[0, 1]",0.028253,0.068397,0.005859,False
702293,1,2,[1],"[2,2]",[[1]],FEASIBLE,FEASIBLE,FEASIBLE,null,0.004691,0.014832,0.001046,False
702294,4,4,"[1,1,1,2]","[1,2,3,2]","[[3],[1,3],[1],[1,2,3]]",FEASIBLE,FEASIBLE,FEASIBLE,null,0.064632,0.035315,0.002454,False
702295,1,2,[2],"[3,1]","[[0,1]]",FEASIBLE,FEASIBLE,FEASIBLE,null,0.004646,0.016846,0.00116,False
702296,3,2,"[1,1,1]","[1,1]","[[0],[1],[0,1]]",UNSAT,UNSAT,UNSAT,"[0, 1, 2]",0.019576,0.038637,0.003003,False
702297,5,7,"[2,1,1,1,3]","[2,3,1,2,1,2,3]","[[0,1,2,4,6],[1,5],[2,4],[2,3],[0,1,2,3,4,5,6]]",FEASIBLE,FEASIBLE,FEASIBLE,null,0.231679,0.058271,0.004974,False
702298,1,5,[2],"[1,2,3,2,3]","[[1,3,4]]",FEASIBLE,FEASIBLE,FEASIBLE,null,0.006927,0.02017,0.001749,False
702299,2,1,"[1,1]",[1],"[[0],[0]]",UNSAT,UNSAT,UNSAT,"[0, 1]",0.007639,0.026274,0.001931,False
702300,4,6,"[2,2,1,3]","[3,2,3,2,3,1]","[[0,1],[2,3],[0,4],[0,3,5]]",FEASIBLE,FEASIBLE,FEASIBLE,null,0.088211,0.045564,0.003306,False
702301,6,2,"[1,1,2,2,2,1]","[2,3]","[[0,1],[0,1],[0,1],[0,1],[0,1],[0,1]]",UNSAT,UNSAT,UNSAT,"[2, 3, 4]",0.090772,0.066739,0.005242,False
702302,6,3,"[2,3,2,1,1,1]","[3,3,3]","[[0,1,2],[0,1,2],[0,1],[2],[0,2],[0,1,2]]",UNSAT,UNSAT,UNSAT,"[0, 1, 2, 3, 4, 5]",0.219691,0.073954,0.005945,False
702303,6,3,"[1,1,1,1,1,2]","[3,2,3]","[[1],[0,1],[1],[0,1,2],[1],[0,1,2]]",UNSAT,UNSAT,UNSAT,"[0, 2, 4]",0.087825,0.057438,0.004329,False
702304,1,1,[1],[3],[[0]],FEASIBLE,FEASIBLE,FEASIBLE,null,0.003978,0.012903,0.001069,False
702305,7,5,"[1,3,1,1,1,2,1]","[1,1,2,1,2]","[[0,1,2,3,4],[0,1,3,4],[4],[0,2,3],[0,1,2,3,4],[1,3],[0]]",UNSAT,UNSAT,UNSAT,"[1, 5]",0.080727,0.085988,0.00831,False
702306,5,5,"[1,2,2,1,1]","[3,1,1,3,1]","[[0],[0,1,2,4],[0,2,3,4],[1,3],[0]]",FEASIBLE,FEASIBLE,FEASIBLE,null,0.173171,0.065763,0.004319,False
702307,6,5,"[1,1,1,2,2,1]","[2,1,2,1,2]","[[1],[3],[2,4],[0,1,2,3,4],[0,1,2,3,4],[3,4]]",FEASIBLE,FEASIBLE,FEASIBLE,null,0.351388,0.156382,0.004346,False
702308,6,7,"[2,1,3,3,2,2]","[3,3,3,1,2,2,2]","[[0,1,3,4,5,6],[1],[0,2,5,6],[2,3,4,5,6],[0,1,2,3,4,6],[1,2,5]]",FEASIBLE,FEASIBLE,FEASIBLE,null,0.449262,0.075857,0.006142,False
702309,4,3,"[1,1,1,1]","[3,2,3]","[[0,1,2],[0,2],[0,1],[1]]",FEASIBLE,FEASIBLE,FEASIBLE,null,0.053106,0.032106,0.002481,False
702310,2,3,"[2,3]","[2,1,2]","[[1,2],[0,1,2]]",UNSAT,UNSAT,UNSAT,"[0, 1]",0.012017,0.038725,0.00312,False
702311,1,6,[1],"[1,3,1,2,3,3]","[[2,4]]",FEASIBLE,FEASIBLE,FEASIBLE,null,0.007242,0.017116,0.001347,False
702312,7,1,"[1,1,1,1,1,1,1]",[1],"[[0],[0],[0],[0],[0],[0],[0]]",UNSAT,UNSAT,UNSAT,"[0, 1]",0.014704,0.049448,0.003574,False
702313,7,3,"[3,2,3,1,3,1,1]","[3,2,1]","[[0,1,2],[0,1,2],[0,1,2],[2],[0,1,2],[0,1,2],[0,1]]",UNSAT,UNSAT,UNSAT,"[0, 2]",0.029003,0.080311,0.00663,False
702314,6,5,"[1,2,1,2,1,1]","[1,3,2,1,2]","[[1],[1,2,3],[0,2,3,4],[0,1],[1],[2,3,4]]",FEASIBLE,FEASIBLE,FEASIBLE,null,0.326546,0.093975,0.006616,False
702315,4,3,"[1,1,3,1]","[1,3,3]","[[1,2],[0,1,2],[0,1,2],[1,2]]",FEASIBLE,FEASIBLE,FEASIBLE,null,0.052504,0.055766,0.003705,False
702316,2,4,"[1,1]","[2,3,2,2]","[[2],[0,1,2,3]]",FEASIBLE,FEASIBLE,FEASIBLE,null,0.01424,0.02298,0.002104,False
702317,6,7,"[1,1,1,2,1,1]","[2,3,2,2,2,1,2]","[[0,1,2,4],[0,1,2,3,4,5,6],[6],[0,1,2,3,4,5,6],[6],[1,4]]",FEASIBLE,FEASIBLE,FEASIBLE,null,0.438532,0.207241,0.005288,False
702318,3,5,"[3,1,1]","[3,2,1,1,1]","[[1,2,3],[3],[2,4]]",UNSAT,UNSAT,UNSAT,"[0, 1]",0.020304,0.152125,0.003628,False
702319,1,6,[1],"[1,1,1,2,2,1]","[[1,2,3,4,5]]",FEASIBLE,FEASIBLE,FEASIBLE,null,0.007939,0.020233,0.001702,False
702320,4,1,"[1,1,1,1]",[2],"[[0],[0],[0],[0]]",UNSAT,UNSAT,UNSAT,"[0, 1, 2]",0.020143,0.036971,0.002899,False
702321,1,7,[1],"[2,2,1,2,1,2,1]",[[1]],FEASIBLE,FEASIBLE,FEASIBLE,null,0.007911,0.017083,0.001291,False
702322,3,1,"[1,1,1]",[3],"[[0],[0],[0]]",FEASIBLE,FEASIBLE,FEASIBLE,null,0.01531,0.023472,0.001618,False
702323,2,7,"[3,3]","[1,1,1,2,2,1,2]","[[2,3,4,5,6],[0,1,3,4]]",FEASIBLE,FEASIBLE,FEASIBLE,null,0.021331,0.038024,0.002896,False
702324,7,7,"[2,2,2,1,2,1,1]","[2,2,1,1,3,2,3]","[[5,6],[0,6],[0,2,5,6],[5,6],[3,4,5],[0,1,2,3,4,5,6],[0,1,2,3,4,5,6]]",FEASIBLE,FEASIBLE,FEASIBLE,null,0.947746,0.076128,0.006012,False
702325,7,2,"[1,1,1,1,1,2,1]","[1,3]","[[1],[0,1],[0,1],[0],[1],[0,1],[0]]",UNSAT,UNSAT,UNSAT,"[3, 5]",0.057505,0.061152,0.004788,False
702326,4,6,"[1,1,3,1]","[1,2,3,1,1,2]","[[0,2],[2],[0,1,2,4,5],[0,2,3,5]]",FEASIBLE,FEASIBLE,FEASIBLE,null,0.125743,0.054873,0.003199,False
702327,7,5,"[2,3,1,1,3,1,1]","[1,3,1,3,3]","[[0,2,3],[0,1,2,4],[3,4],[1],[0,1,2,4],[0,4],[0,1,2]]",UNSAT,UNSAT,UNSAT,"[0, 1, 4]",0.145881,0.130769,0.009249,False
702328,6,7,"[3,1,1,1,2,3]","[1,3,2,2,2,2,3]","[[0,1,2,3,4,5,6],[2,5,6],[1,2,3,5],[1,2,3,4,5],[0,3,5,6],[0,2,3]]",FEASIBLE,FEASIBLE,FEASIBLE,null,0.467025,0.23459,0.006844,False
702329,3,5,"[1,1,2]","[3,2,3,2,1]","[[1,2,3,4],[0],[1,4]]",FEASIBLE,FEASIBLE,FEASIBLE,null,0.036983,0.032134,0.002784,False
702330,7,7,"[1,1,1,2,1,1,2]","[3,2,1,2,2,1,1]","[[0,4,6],[0,1,2,3,4,5],[4],[1,2,3,4,5],[4],[6],[2,5]]",FEASIBLE,FEASIBLE,FEASIBLE,null,0.91805,0.077305,0.006207,False
702331,4,6,"[1,1,2,1]","[2,2,2,3,1,3]","[[1,5],[0,2,3,4],[1,2,3,4,5],[0,1,2,3,4]]",FEASIBLE,FEASIBLE,FEASIBLE,null,0.089394,0.042717,0.003922,False
702332,6,4,"[1,2,1,3,2,1]","[2,1,3,2]","[[0,1,3],[1,2],[0,2,3],[0,1,2,3],[0,1,2,3],[1]]",UNSAT,UNSAT,UNSAT,"[1, 5]",0.05919,0.076008,0.006862,False
702333,3,3,"[1,1,1]","[3,2,2]","[[0,1,2],[0,1,2],[2]]",FEASIBLE,FEASIBLE,FEASIBLE,null,0.023992,0.026413,0.002061,False
702334,6,3,"[1,1,2,2,2,1]","[2,1,1]","[[0,1],[0,1,2],[0,1,2],[1,2],[0,1,2],[0,2]]",UNSAT,UNSAT,UNSAT,"[2, 3]",0.048769,0.067373,0.005622,False
702335,1,4,[1],"[3,2,3,3]","[[0,1,2]]",FEASIBLE,FEASIBLE,FEASIBLE,null,0.005676,0.019279,0.001284,False
702336,3,5,"[1,1,1]","[3,1,1,3,2]","[[1],[0,1,4],[3,4]]",FEASIBLE,FEASIBLE,FEASIBLE,null,0.036395,0.027655,0.002224,False
702337,3,7,"[2,2,2]","[1,3,3,3,1,2,2]","[[0,2,3,4,5,6],[1,2,3,4,5,6],[0,1,2,3,4,5,6]]",FEASIBLE,FEASIBLE,FEASIBLE,null,0.046276,0.048503,0.004001,False
702338,7,4,"[2,3,1,3,1,2,2]","[2,1,2,1]","[[0,1,2,3],[0,1,2],[0,2],[0,1,3],[2],[0,2],[0,1,2,3]]",UNSAT,UNSAT,UNSAT,"[1, 3]",0.05597,0.197285,0.007129,False
702339,6,2,"[1,1,1,2,2,1]","[1,3]","[[0,1],[0,1],[0,1],[0,1],[0,1],[1]]",UNSAT,UNSAT,UNSAT,"[3, 4]",0.044712,0.058125,0.004632,False
702340,5,1,"[1,1,1,1,1]",[1],"[[0],[0],[0],[0],[0]]",UNSAT,UNSAT,UNSAT,"[0, 1]",0.011469,0.039592,0.002992,False
702341,1,4,[1],"[1,1,2,3]","[[1,3]]",FEASIBLE,FEASIBLE,FEASIBLE,null,0.008199,0.01505,0.001151,False
702342,3,7,"[1,2,3]","[1,3,3,1,3,2,3]","[[5],[0,1,2,3,4,5],[0,1,2,3,4,6]]",FEASIBLE,FEASIBLE,FEASIBLE,null,0.044369,0.042046,0.003547,False
702343,5,4,"[1,1,1,1,1]","[3,1,2,2]","[[0],[2,3],[0],[2],[3]]",FEASIBLE,FEASIBLE,FEASIBLE,null,0.127113,0.033382,0.00246,False
702344,1,4,[2],"[3,1,3,2]","[[1,3]]",FEASIBLE,FEASIBLE,FEASIBLE,null,0.005794,0.01719,0.002064,False
702345,4,1,"[1,1,1,1]",[2],"[[0],[0],[0],[0]]",UNSAT,UNSAT,UNSAT,"[0, 1, 2]",0.018788,0.035254,0.002989,False
702346,4,2,"[1,2,1,1]","[3,1]","[[0,1],[0,1],[0],[1]]",UNSAT,UNSAT,UNSAT,"[1, 3]",0.077623,0.042701,0.00306,False
702347,4,1,"[1,1,1,1]",[3],"[[0],[0],[0],[0]]",UNSAT,UNSAT,UNSAT,"[0, 1, 2, 3]",0.026433,0.036609,0.002358,False
702348,1,4,[1],"[2,3,3,2]",[[3]],FEASIBLE,FEASIBLE,FEASIBLE,null,0.007636,0.013977,0.000926,False
702349,4,1,"[1,1,1,1]",[1],"[[0],[0],[0],[0]]",UNSAT,UNSAT,UNSAT,"[0, 1]",0.009904,0.033814,0.002132,False
702350,6,5,"[2,1,1,3,2,2]","[2,3,2,3,3]","[[0,1,2,3,4],[0],[3],[0,1,2,3,4],[1,2,3,4],[0,1,3]]",FEASIBLE,FEASIBLE,FEASIBLE,null,0.353945,0.081271,0.006054,False
702351,6,5,"[3,1,1,1,2,1]","[3,3,2,2,3]","[[0,1,2,3,4],[0,1,2,3,4],[0,1,2,3,4],[0,1,4],[0,1,3,4],[0,1,2,4]]",FEASIBLE,FEASIBLE,FEASIBLE,null,0.314291,0.158538,0.005629,False
702352,4,7,"[1,3,1,1]","[1,1,1,2,1,2,3]","[[1,6],[0,1,2,4,5,6],[0],[0,1,2,3,4,5,6]]",FEASIBLE,FEASIBLE,FEASIBLE,null,0.099071,0.065064,0.005307,False
702353,6,3,"[1,1,1,1,2,1]","[2,2,1]","[[1,2],[1],[0],[1],[1,2],[0,1,2]]",UNSAT,UNSAT,UNSAT,"[0, 1, 4]",0.07507,0.055047,0.004384,False
702354,7,5,"[2,2,2,3,2,3,3]","[3,2,2,3,1]","[[1,3],[0,1,2,3,4],[0,1,2,4],[0,1,2,3,4],[0,1,4],[0,1,3],[0,1,2,3,4]]",UNSAT,UNSAT,UNSAT,"[0, 1, 2, 3, 5]",0.49866,0.10377,0.009467,False
702355,5,3,"[2,1,1,1,1]","[3,1,1]","[[1,2],[2],[1],[2],[0,2]]",UNSAT,UNSAT,UNSAT,"[0, 1]",0.019224,0.046829,0.004088,False
702356,7,3,"[3,1,2,1,2,1,2]","[2,2,2]","[[0,1,2],[0],[0,1],[0,1,2],[1,2],[0,2],[0,1,2]]",UNSAT,UNSAT,UNSAT,"[0, 1, 2]",0.088766,0.076996,0.006323,False
702357,7,7,"[1,3,3,1,1,3,3]","[3,3,2,2,1,1,1]","[[0,2,4],[0,1,2,3,4,6],[0,1,2,3,4,5,6],[3],[2,5],[0,2,3,4,5],[0,2,3,4,5,6]]",UNSAT,UNSAT,UNSAT,"[0, 1, 2, 5, 6]",0.711741,0.109613,0.010972,False
702358,5,1,"[1,1,1,1,1]",[2],"[[0],[0],[0],[0],[0]]",UNSAT,UNSAT,UNSAT,"[0, 1, 2]",0.026452,0.040079,0.003054,False
702359,7,7,"[1,2,1,2,1,3,1]","[3,3,2,2,2,1,3]","[[0,2,3,4,5],[1,2,3,5,6],[0,3,6],[0,4],[0,1,2,5],[2,4,5,6],[3]]",FEASIBLE,FEASIBLE,FEASIBLE,null,0.923835,0.178109,0.006074,False
702360,2,4,"[1,3]","[1,1,2,2]","[[0,1,2,3],[1,2,3]]",FEASIBLE,FEASIBLE,FEASIBLE,null,0.014191,0.028347,0.002104,False
702361,4,5,"[1,3,1,3]","[3,3,2,1,1]","[[2],[0,1,2,3,4],[0,1,2,3,4],[0,1,2,3,4]]",FEASIBLE,FEASIBLE,FEASIBLE,null,0.072011,0.048727,0.003862,False
702362,2,4,"[1,1]","[1,2,1,3]","[[2],[0]]",FEASIBLE,FEASIBLE,FEASIBLE,null,0.013778,0.019104,0.00151,False
702363,3,2,"[2,1,2]","[2,1]","[[0,1],[0],[0,1]]",UNSAT,UNSAT,UNSAT,"[0, 2]",0.013372,0.050843,0.003054,False
702364,7,7,"[1,1,1,1,3,1,3]","[3,2,2,1,1,1,2]","[[3,5],[2,5],[0,1,2,3,4,5,6],[0,1,3],[0,1,3,4,6],[1,6],[1,3,4,6]]",FEASIBLE,FEASIBLE,FEASIBLE,null,0.88477,0.090678,0.006671,False
702365,1,6,[1],"[3,2,2,1,2,3]",[[0]],FEASIBLE,FEASIBLE,FEASIBLE,null,0.007037,0.015468,0.001138,False
702366,2,2,"[1,1]","[3,2]","[[1],[1]]",FEASIBLE,FEASIBLE,FEASIBLE,null,0.009372,0.017556,0.001248,False
702367,6,3,"[1,1,1,1,2,1]","[1,2,2]","[[2],[1],[0],[1],[1,2],[0,1,2]]",UNSAT,UNSAT,UNSAT,"[1, 3, 4]",0.126938,0.062605,0.00483,False
702368,3,2,"[1,1,2]","[3,1]","[[1],[0,1],[0,1]]",UNSAT,UNSAT,UNSAT,"[0, 2]",0.01393,0.036287,0.002614,False
702369,7,2,"[2,2,2,2,1,2,1]","[3,2]","[[0,1],[0,1],[0,1],[0,1],[0,1],[0,1],[0]]",UNSAT,UNSAT,UNSAT,"[0, 1, 2]",0.065588,0.06607,0.005292,False
702370,3,6,"[1,2,1]","[3,2,2,3,2,3]","[[0,1,2,3],[0,1,2,3,4,5],[0,1,2,3,4,5]]",FEASIBLE,FEASIBLE,FEASIBLE,null,0.040034,0.048156,0.003753,False
702371,2,5,"[1,1]","[1,3,2,2,3]","[[1],[1,2,4]]",FEASIBLE,FEASIBLE,FEASIBLE,null,0.01564,0.121846,0.002002,False
702372,6,3,"[1,1,2,3,1,1]","[3,1,2]","[[1],[2],[0,1,2],[0,1,2],[1],[1,2]]",UNSAT,UNSAT,UNSAT,"[0, 3]",0.028755,0.060942,0.005083,False
702373,2,4,"[1,2]","[2,2,3,2]","[[1],[1,2]]",FEASIBLE,FEASIBLE,FEASIBLE,null,0.0138,0.022577,0.001554,False
702374,1,7,[1],"[3,2,2,3,2,3,3]",[[6]],FEASIBLE,FEASIBLE,FEASIBLE,null,0.007493,0.015425,0.001249,False
702375,6,7,"[1,1,2,2,1,3]","[2,3,3,2,3,2,3]","[[0,3,4,5,6],[0,3,4,5,6],[0,1,2,3,4,6],[0,3,4,5,6],[6],[0,1,2,4,5,6]]",FEASIBLE,FEASIBLE,FEASIBLE,null,0.422401,0.069443,0.006241,False
702376,7,1,"[1,1,1,1,1,1,1]",[1],"[[0],[0],[0],[0],[0],[0],[0]]",UNSAT,UNSAT,UNSAT,"[0, 1]",0.013836,0.047618,0.003416,False
702377,1,5,[1],"[3,2,3,1,2]","[[1,2,3]]",FEASIBLE,FEASIBLE,FEASIBLE,null,0.006588,0.01681,0.001683,False
702378,6,6,"[1,1,3,1,2,1]","[1,1,1,2,2,1]","[[0,2],[0],[0,2,3,4,5],[5],[0,1,2,3,4,5],[2]]",UNSAT,UNSAT,UNSAT,"[0, 1, 5]",0.133525,0.073092,0.00668,False
702379,3,4,"[1,2,2]","[2,2,3,3]","[[0,1,2,3],[0,1,3],[1,2,3]]",FEASIBLE,FEASIBLE,FEASIBLE,null,0.053903,0.035857,0.002624,False
702380,7,4,"[1,1,1,2,2,1,2]","[1,2,2,2]","[[1],[0,3],[0,1,2,3],[0,3],[0,2],[1],[0,1,2,3]]",UNSAT,UNSAT,UNSAT,"[3, 4]",0.096755,0.076595,0.006891,False
702381,1,7,[3],"[1,1,1,3,1,3,3]","[[1,2,6]]",FEASIBLE,FEASIBLE,FEASIBLE,null,0.007745,0.025813,0.001742,False
702382,4,5,"[1,1,1,2]","[1,1,1,1,1]","[[4],[3,4],[1,2,4],[0,2]]",FEASIBLE,FEASIBLE,FEASIBLE,null,0.073161,0.036587,0.002867,False
702383,4,6,"[1,2,1,1]","[3,1,1,3,2,1]","[[5],[0,1,2,3,4,5],[5],[0,1,2,3,5]]",UNSAT,UNSAT,UNSAT,"[0, 2]",0.032306,0.049302,0.004378,False
702384,1,1,[1],[1],[[0]],FEASIBLE,FEASIBLE,FEASIBLE,null,0.003547,0.011503,0.001016,False
702385,7,1,"[1,1,1,1,1,1,1]",[1],"[[0],[0],[0],[0],[0],[0],[0]]",UNSAT,UNSAT,UNSAT,"[0, 1]",0.014506,0.049072,0.003872,False
702386,6,7,"[2,2,2,1,1,2]","[1,2,3,1,3,2,1]","[[0,4,5],[0,1,3,4,5,6],[0,1,4,5,6],[4],[0,1,2,3,4,5,6],[0,1,2,4,5,6]]",FEASIBLE,FEASIBLE,FEASIBLE,null,0.479275,0.074555,0.020034,False
702387,2,1,"[1,1]",[3],"[[0],[0]]",FEASIBLE,FEASIBLE,FEASIBLE,null,0.008232,0.018696,0.001045,False
702388,4,3,"[1,2,1,1]","[1,2,1]","[[1],[1,2],[1,2],[0,1]]",UNSAT,UNSAT,UNSAT,"[0, 1, 2]",0.035726,0.045612,0.003181,False
702389,2,1,"[1,1]",[1],"[[0],[0]]",UNSAT,UNSAT,UNSAT,"[0, 1]",0.007098,0.025829,0.001327,False
702390,1,7,[3],"[3,3,2,3,1,2,3]","[[1,2,6]]",FEASIBLE,FEASIBLE,FEASIBLE,null,0.007499,0.023633,0.001257,False
702391,4,3,"[1,1,2,1]","[3,1,1]","[[0],[0,1,2],[0,1,2],[2]]",FEASIBLE,FEASIBLE,FEASIBLE,null,0.061511,0.036031,0.002257,False
702392,6,5,"[1,1,1,3,1,3]","[1,1,3,1,3]","[[1,2,3,4],[1],[4],[1,2,3],[4],[0,1,2,3,4]]",UNSAT,UNSAT,UNSAT,"[1, 3]",0.058443,0.087097,0.006503,False
702393,2,3,"[2,1]","[1,3,2]","[[0,1,2],[0,1,2]]",FEASIBLE,FEASIBLE,FEASIBLE,null,0.011337,0.025408,0.001445,False
702394,3,6,"[1,1,2]","[2,3,3,2,2,2]","[[0,4],[0,1,2,3,4,5],[0,1,2,3,4,5]]",FEASIBLE,FEASIBLE,FEASIBLE,null,0.039306,0.037175,0.003489,False
702395,1,7,[1],"[3,1,3,3,2,2,2]","[[3,4,5]]",FEASIBLE,FEASIBLE,FEASIBLE,null,0.007652,0.117266,0.001308,False
702396,3,6,"[2,1,1]","[2,2,3,3,3,3]","[[0,1,2,3,5],[0],[0,2,3,4,5]]",FEASIBLE,FEASIBLE,FEASIBLE,null,0.03952,0.034984,0.00221,False
702397,1,2,[1],"[1,3]",[[0]],FEASIBLE,FEASIBLE,FEASIBLE,null,0.004321,0.012297,0.00087,False
702398,2,1,"[1,1]",[2],"[[0],[0]]",FEASIBLE,FEASIBLE,FEASIBLE,null,0.007143,0.016109,0.000835,False
702399,1,1,[1],[1],[[0]],FEASIBLE,FEASIBLE,FEASIBLE,null,0.002981,0.094891,0.000719,False
702400,4,3,"[2,3,1,1]","[1,1,2]","[[1,2],[0,1,2],[0,1,2],[1]]",UNSAT,UNSAT,UNSAT,"[0, 1]",0.021999,0.078794,0.004054,False
702401,3,6,"[2,2,3]","[1,3,3,1,2,3]","[[0,1,2,3,4,5],[0,1,3,4,5],[0,1,2,3,4,5]]",FEASIBLE,FEASIBLE,FEASIBLE,null,0.04055,0.05397,0.003594,False
702402,4,3,"[3,1,1,1]","[1,3,2]","[[0,1,2],[0],[2],[0,1,2]]",UNSAT,UNSAT,UNSAT,"[0, 1]",0.016896,0.051552,0.002754,False
702403,1,4,[1],"[2,2,3,3]","[[1,2]]",FEASIBLE,FEASIBLE,FEASIBLE,null,0.00588,0.017168,0.00108,False
702404,2,3,"[3,1]","[2,1,1]","[[0,1,2],[0]]",FEASIBLE,FEASIBLE,FEASIBLE,null,0.012277,0.02541,0.00159,False
702405,4,1,"[1,1,1,1]",[2],"[[0],[0],[0],[0]]",UNSAT,UNSAT,UNSAT,"[0, 1, 2]",0.01931,0.039457,0.002255,False
702406,1,2,[1],"[1,1]",[[0]],FEASIBLE,FEASIBLE,FEASIBLE,null,0.004294,0.012711,0.000765,False
702407,3,5,"[3,1,1]","[1,2,2,2,1]","[[0,2,3,4],[0],[4]]",UNSAT,UNSAT,UNSAT,"[0, 1, 2]",0.033731,0.044404,0.002884,False
702408,6,7,"[3,3,3,2,3,3]","[1,1,2,2,3,1,2]","[[1,3,4,5,6],[0,1,2,3,4,5,6],[0,1,2,3,4,5,6],[2,6],[1,2,5,6],[0,1,2,3,4,5,6]]",UNSAT,UNSAT,UNSAT,"[0, 1, 2, 3, 4]",0.434853,0.132314,0.009703,False
702409,5,4,"[1,2,3,1,1]","[3,2,1,1]","[[0,2,3],[0,1,2],[0,1,2,3],[1,3],[0,1,2,3]]",UNSAT,UNSAT,UNSAT,"[0, 1, 2, 3, 4]",0.152654,0.201445,0.004904,False
702410,1,2,[1],"[1,1]",[[0]],FEASIBLE,FEASIBLE,FEASIBLE,null,0.004581,0.013516,0.000858,False
702411,6,7,"[1,2,2,3,1,1]","[3,2,2,1,3,1,2]","[[0,1,2,3,4,5,6],[3,4],[0,1,2,3,4,5,6],[0,1,2,3,4,5,6],[3,4,5,6],[0,1,2,3,4,5,6]]",FEASIBLE,FEASIBLE,FEASIBLE,null,0.433884,0.074413,0.005371,False
702412,6,4,"[1,1,2,2,1,1]","[1,3,3,1]","[[2,3],[2],[2,3],[0,1,2],[0,2,3],[3]]",UNSAT,UNSAT,UNSAT,"[2, 5]",0.068115,0.070406,0.004412,False
702413,6,3,"[3,1,1,1,2,2]","[2,3,1]","[[0,1,2],[0],[2],[0],[0,1,2],[0,1,2]]",UNSAT,UNSAT,UNSAT,"[0, 2]",0.025279,0.066913,0.003815,False
702414,1,5,[2],"[2,2,1,2,3]","[[0,1,3,4]]",FEASIBLE,FEASIBLE,FEASIBLE,null,0.007994,0.020025,0.001282,False
702415,7,2,"[2,1,1,2,2,1,1]","[2,3]","[[0,1],[0],[0],[0,1],[0,1],[0],[0,1]]",UNSAT,UNSAT,UNSAT,"[0, 1, 2]",0.066237,0.06284,0.003831,False
702416,7,3,"[1,1,3,1,3,1,1]","[2,3,3]","[[0],[0,1,2],[0,1,2],[0,1,2],[0,1,2],[0,1],[2]]",UNSAT,UNSAT,UNSAT,"[0, 2, 4]",0.10446,0.080943,0.004996,False
702417,2,1,"[1,1]",[1],"[[0],[0]]",UNSAT,UNSAT,UNSAT,"[0, 1]",0.006936,0.025682,0.001394,False
702418,4,7,"[1,3,1,2]","[3,3,3,2,3,2,3]","[[0,1,4,5,6],[1,2,5,6],[4],[2,3,5]]",FEASIBLE,FEASIBLE,FEASIBLE,null,0.098769,0.070928,0.003839,False
702419,6,3,"[1,2,1,1,3,3]","[1,3,2]","[[0],[0,1],[0,1],[0,1],[0,1,2],[0,1,2]]",UNSAT,UNSAT,UNSAT,"[0, 1]",0.024574,0.164981,0.005917,False
702420,3,1,"[1,1,1]",[2],"[[0],[0],[0]]",UNSAT,UNSAT,UNSAT,"[0, 1, 2]",0.013597,0.031374,0.002065,False
702421,1,6,[1],"[1,2,2,2,1,1]","[[1,3,4,5]]",FEASIBLE,FEASIBLE,FEASIBLE,null,0.006879,0.018096,0.00158,False
702422,4,1,"[1,1,1,1]",[2],"[[0],[0],[0],[0]]",UNSAT,UNSAT,UNSAT,"[0, 1, 2]",0.01856,0.034398,0.001938,False
702423,1,3,[1],"[1,2,2]",[[0]],FEASIBLE,FEASIBLE,FEASIBLE,null,0.004751,0.012944,0.00085,False
702424,6,2,"[1,1,1,1,2,1]","[1,1]","[[0,1],[1],[0,1],[0],[0,1],[0,1]]",UNSAT,UNSAT,UNSAT,"[0, 4]",0.023428,0.052049,0.00384,False
702425,6,3,"[3,2,1,2,1,1]","[2,2,2]","[[0,1,2],[0,2],[0,1,2],[1,2],[0,1,2],[1,2]]",UNSAT,UNSAT,UNSAT,"[0, 1, 3]",0.068696,0.071693,0.005453,False
702426,6,3,"[1,2,1,1,2,1]","[2,2,2]","[[0,1,2],[0,2],[0,1,2],[2],[0,1],[1]]",UNSAT,UNSAT,UNSAT,"[0, 1, 2, 3, 4]",0.181919,0.059935,0.00551,False
702427,1,4,[1],"[1,3,2,2]","[[0,2,3]]",FEASIBLE,FEASIBLE,FEASIBLE,null,0.00549,0.018224,0.001442,False
702428,2,1,"[1,1]",[2],"[[0],[0]]",FEASIBLE,FEASIBLE,FEASIBLE,null,0.006857,0.016251,0.003493,False
702429,3,7,"[1,1,1]","[1,3,3,2,2,3,2]","[[2,4],[0,3],[1]]",FEASIBLE,FEASIBLE,FEASIBLE,null,0.042325,0.026107,0.001824,False
702430,6,7,"[2,1,3,2,2,3]","[1,2,3,2,3,1,1]","[[0,2,3,4,5],[6],[0,1,2,3,4,5,6],[5,6],[2,3,4,6],[0,2,3,5,6]]",UNSAT,UNSAT,UNSAT,"[1, 3]",0.075499,0.108704,0.007345,False
702431,2,7,"[1,1]","[3,3,1,1,2,2,2]","[[1,3,4,6],[0,4,6]]",FEASIBLE,FEASIBLE,FEASIBLE,null,0.019512,0.026229,0.001892,False
702432,5,3,"[1,2,3,1,2]","[3,2,3]","[[2],[0,2],[0,1,2],[0,1],[0,1,2]]",UNSAT,UNSAT,UNSAT,"[0, 1, 2, 3, 4]",0.098352,0.26447,0.003996,False
702433,5,4,"[2,3,1,2,2]","[1,3,3,2]","[[1,3],[1,2,3],[3],[0,1,2,3],[0,1,3]]",UNSAT,UNSAT,UNSAT,"[0, 1, 2]",0.058328,0.083776,0.006443,False
702434,1,1,[1],[2],[[0]],FEASIBLE,FEASIBLE,FEASIBLE,null,0.003669,0.01204,0.000896,False
702435,4,7,"[1,1,1,3]","[1,2,3,3,1,3,3]","[[2],[0,4,6],[0,1,2,3,5],[0,4,5,6]]",FEASIBLE,FEASIBLE,FEASIBLE,null,0.090268,0.042292,0.004029,False
702436,6,2,"[1,1,2,1,1,1]","[3,3]","[[1],[1],[0,1],[1],[0,1],[0]]",UNSAT,UNSAT,UNSAT,"[0, 1, 2, 3]",0.093386,0.048685,0.004322,False
702437,1,7,[1],"[2,1,1,2,3,3,2]","[[1,5]]",FEASIBLE,FEASIBLE,FEASIBLE,null,0.007242,0.015982,0.00117,False
702438,5,3,"[1,2,2,1,1]","[3,2,3]","[[0],[0,1,2],[0,1,2],[2],[0,2]]",FEASIBLE,FEASIBLE,FEASIBLE,null,0.095114,0.039012,0.002367,False
702439,5,2,"[1,2,2,2,2]","[2,2]","[[1],[0,1],[0,1],[0,1],[0,1]]",UNSAT,UNSAT,UNSAT,"[0, 1, 2]",0.035144,0.054367,0.0036,False
702440,4,1,"[1,1,1,1]",[1],"[[0],[0],[0],[0]]",UNSAT,UNSAT,UNSAT,"[0, 1]",0.016181,0.04002,0.002012,False
702441,4,3,"[1,2,3,1]","[1,3,1]","[[1],[0,2],[0,1,2],[1,2]]",UNSAT,UNSAT,UNSAT,"[1, 2]",0.024955,0.049472,0.003256,False
702442,7,3,"[2,1,1,1,2,1,3]","[1,2,1]","[[1,2],[1,2],[1],[2],[0,1,2],[0,1,2],[0,1,2]]",UNSAT,UNSAT,UNSAT,"[0, 3]",0.029381,0.066358,0.004663,False
702443,5,4,"[1,3,3,1,1]","[1,3,1,3]","[[0,1,2,3],[0,1,2,3],[0,1,2,3],[0,1,2,3],[1,2,3]]",UNSAT,UNSAT,UNSAT,"[0, 1, 2, 3, 4]",0.118893,0.074263,0.005314,False
702444,3,6,"[1,2,1]","[2,2,2,1,1,2]","[[0,1,2],[0,1,4,5],[1]]",FEASIBLE,FEASIBLE,FEASIBLE,null,0.037818,0.030633,0.001856,False
702445,3,5,"[2,3,2]","[1,1,2,2,3]","[[0,1,2,3,4],[1,2,3,4],[0,2]]",FEASIBLE,FEASIBLE,FEASIBLE,null,0.033615,0.053825,0.003324,False
702446,5,7,"[2,1,2,1,2]","[3,1,1,3,1,1,2]","[[2,6],[4],[1,2,4,5],[0,1,2,3,4,5,6],[1,2,3,5]]",UNSAT,UNSAT,UNSAT,"[0, 1, 2, 4]",0.203878,0.085218,0.005172,False
702447,5,7,"[1,2,1,2,2]","[1,1,1,2,2,2,2]","[[3,4],[0,2,4,5,6],[2,4],[3,4,5],[0,1,2,3,4,5,6]]",FEASIBLE,FEASIBLE,FEASIBLE,null,0.19532,0.062308,0.00384,False
702448,6,7,"[2,1,2,1,1,3]","[2,1,1,3,3,2,3]","[[2,4],[0,1,2,4,5],[1,3],[5],[3,6],[0,2,3,5,6]]",FEASIBLE,FEASIBLE,FEASIBLE,null,0.458657,0.057409,0.003546,False
702449,7,5,"[1,1,1,2,3,1,1]","[1,3,3,2,3]","[[4],[2],[1,2,3,4],[1,2],[0,1,2,3,4],[3],[4]]",FEASIBLE,FEASIBLE,FEASIBLE,null,0.601512,0.054538,0.00315,False
702450,2,1,"[1,1]",[2],"[[0],[0]]",FEASIBLE,FEASIBLE,FEASIBLE,null,0.019151,0.017569,0.006667,False
702451,4,4,"[1,1,1,1]","[3,2,2,2]","[[0],[1,2],[1,3],[1,2]]",FEASIBLE,FEASIBLE,FEASIBLE,null,0.056312,0.029309,0.001875,False
702452,1,1,[1],[3],[[0]],FEASIBLE,FEASIBLE,FEASIBLE,null,0.003375,0.011487,0.000593,False
702453,2,7,"[1,2]","[3,1,2,1,1,3,3]","[[0,2,5],[1,5,6]]",FEASIBLE,FEASIBLE,FEASIBLE,null,0.018817,0.02517,0.001705,False
702454,6,1,"[1,1,1,1,1,1]",[2],"[[0],[0],[0],[0],[0],[0]]",UNSAT,UNSAT,UNSAT,"[0, 1, 2]",0.031355,0.048707,0.002366,False
702455,5,2,"[1,1,1,1,1]","[2,2]","[[1],[0],[0],[0,1],[0,1]]",UNSAT,UNSAT,UNSAT,"[0, 1, 2, 3, 4]",0.172755,0.044509,0.00284,False
702456,1,7,[1],"[1,2,1,3,1,2,2]","[[0,1,2,3,4,5,6]]",FEASIBLE,FEASIBLE,FEASIBLE,null,0.007241,0.020242,0.001789,False
702457,7,1,"[1,1,1,1,1,1,1]",[2],"[[0],[0],[0],[0],[0],[0],[0]]",UNSAT,UNSAT,UNSAT,"[0, 1, 2]",0.041174,0.045464,0.002525,False
702458,5,1,"[1,1,1,1,1]",[2],"[[0],[0],[0],[0],[0]]",UNSAT,UNSAT,UNSAT,"[0, 1, 2]",0.023472,0.035261,0.002064,False
702459,7,6,"[1,3,3,1,2,1,2]","[2,2,1,1,1,3]","[[0,1,3,5],[0,3,4],[0,2,3,5],[1,3,4,5],[1,2,3,4,5],[0,3],[0,1,2,3,4]]",UNSAT,UNSAT,UNSAT,"[1, 2, 5]",0.223946,0.122132,0.008793,False
702460,7,4,"[1,1,1,1,1,1,3]","[3,1,2,2]","[[0],[0,1,2,3],[0,1,2,3],[0,1,2,3],[0,1,2],[3],[0,1,2,3]]",UNSAT,UNSAT,UNSAT,"[0, 1, 2, 3, 4, 5, 6]",0.499996,0.099695,0.005626,False
702461,4,7,"[1,1,1,1]","[1,1,2,2,3,2,3]","[[1],[1],[0,4,6],[1,2,3,4,6]]",UNSAT,UNSAT,UNSAT,"[0, 1]",0.028346,0.04348,0.003161,False
702462,1,3,[1],"[1,3,1]","[[0,2]]",FEASIBLE,FEASIBLE,FEASIBLE,null,0.004567,0.013265,0.001745,False
702463,1,2,[1],"[1,3]","[[0,1]]",FEASIBLE,FEASIBLE,FEASIBLE,null,0.003669,0.011498,0.00073,False
702464,7,2,"[2,1,1,1,1,1,1]","[3,3]","[[0,1],[0],[1],[1],[0],[0],[0]]",UNSAT,UNSAT,UNSAT,"[0, 1, 4, 5]",0.148504,0.051666,0.004368,False
702465,4,7,"[2,2,1,3]","[3,1,1,3,3,2,3]","[[0,1],[0,1,2,3,4,5,6],[0,1,2,3,4,5,6],[1,2,3,4]]",FEASIBLE,FEASIBLE,FEASIBLE,null,0.0885,0.171859,0.005375,False
702466,5,3,"[2,1,2,1,2]","[3,1,3]","[[1,2],[0,2],[0,1],[1],[0,1,2]]",UNSAT,UNSAT,UNSAT,"[0, 2]",0.020568,0.049849,0.004147,False
702467,2,2,"[2,1]","[1,2]","[[0,1],[0]]",UNSAT,UNSAT,UNSAT,"[0, 1]",0.008662,0.026736,0.001577,False
702468,2,3,"[1,1]","[3,3,1]","[[1],[0,1,2]]",FEASIBLE,FEASIBLE,FEASIBLE,null,0.010076,0.017605,0.001198,False
702469,5,7,"[1,1,1,2,1]","[3,1,1,2,1,1,2]","[[0,1,3,4],[6],[1],[4,6],[6]]",UNSAT,UNSAT,UNSAT,"[1, 3, 4]",0.12946,0.044511,0.003106,False
702470,5,6,"[1,3,3,2,1]","[3,2,2,1,2,3]","[[2,4],[0,1,2,3,4,5],[1,2,4,5],[2,3,4],[2,3]]",FEASIBLE,FEASIBLE,FEASIBLE,null,0.156394,0.0682,0.004366,False
702471,3,6,"[2,3,3]","[1,2,2,2,1,3]","[[2,5],[0,4,5],[1,4,5]]",UNSAT,UNSAT,UNSAT,"[1, 2]",0.029121,0.044255,0.002634,False
702472,5,2,"[1,1,1,1,2]","[1,2]","[[1],[0],[0],[0],[0,1]]",UNSAT,UNSAT,UNSAT,"[1, 2]",0.020552,0.038071,0.002419,False
702473,6,6,"[1,3,2,1,3,1]","[3,3,3,2,1,1]","[[0],[1,2,3,4,5],[0,1,2,3,4,5],[3],[0,1,2,4,5],[3]]",FEASIBLE,FEASIBLE,FEASIBLE,null,0.371935,0.076076,0.004123,False
702474,6,3,"[1,1,1,2,1,1]","[3,1,3]","[[0,1,2],[0,1,2],[2],[0,2],[0,2],[0,1]]",FEASIBLE,FEASIBLE,FEASIBLE,null,0.181658,0.040249,0.002413,False
702475,6,5,"[1,1,2,1,1,2]","[1,3,3,2,3]","[[2,4],[0,1,2,3,4],[2,4],[2],[0],[1,2]]",FEASIBLE,FEASIBLE,FEASIBLE,null,0.313148,0.064113,0.003762,False
702476,2,2,"[1,1]","[3,2]","[[0],[0]]",FEASIBLE,FEASIBLE,FEASIBLE,null,0.008153,0.116216,0.001054,False
702477,4,1,"[1,1,1,1]",[2],"[[0],[0],[0],[0]]",UNSAT,UNSAT,UNSAT,"[0, 1, 2]",0.017694,0.037952,0.002539,False
702478,2,1,"[1,1]",[3],"[[0],[0]]",FEASIBLE,FEASIBLE,FEASIBLE,null,0.006107,0.014309,0.000731,False
702479,6,3,"[3,2,1,2,2,1]","[1,1,2]","[[0,1,2],[1,2],[2],[0,1,2],[1,2],[1,2]]",UNSAT,UNSAT,UNSAT,"[0, 1]",0.018938,0.067882,0.004168,False
702480,5,2,"[2,1,1,1,1]","[3,2]","[[0,1],[1],[0],[0,1],[0]]",UNSAT,UNSAT,UNSAT,"[0, 1, 2, 3, 4]",0.066344,0.041887,0.002713,False
702481,2,5,"[3,2]","[1,3,1,1,3]","[[1,2,4],[0,2,3,4]]",FEASIBLE,FEASIBLE,FEASIBLE,null,0.013515,0.028119,0.001721,False
702482,4,6,"[1,2,1,1]","[2,2,2,3,1,1]","[[1],[0,5],[3],[0,2,3,4,5]]",FEASIBLE,FEASIBLE,FEASIBLE,null,0.079795,0.08051,0.001956,False
702483,3,4,"[2,1,3]","[1,1,2,2]","[[0,1,2,3],[3],[0,1,2]]",FEASIBLE,FEASIBLE,FEASIBLE,null,0.039006,0.051061,0.002363,False
702484,4,6,"[2,3,1,3]","[3,1,1,2,2,2]","[[0,4],[0,2,3,4,5],[2],[0,2,3,4,5]]",FEASIBLE,FEASIBLE,FEASIBLE,null,0.120626,0.085101,0.003282,False
702485,7,5,"[2,1,2,2,3,1,1]","[3,1,2,1,1]","[[1,2,4],[1,3,4],[0,1],[0,1,2,3,4],[0,1,2,3],[2,3],[1]]",UNSAT,UNSAT,UNSAT,"[2, 6]",0.085844,0.115373,0.006944,False
702486,4,4,"[1,1,1,2]","[2,1,1,1]","[[3],[0,1,2,3],[1],[0,1,2,3]]",FEASIBLE,FEASIBLE,FEASIBLE,null,0.053797,0.033646,0.001833,False
702487,2,7,"[1,1]","[2,2,2,1,3,3,2]","[[0,1,2,3,4,5,6],[5]]",FEASIBLE,FEASIBLE,FEASIBLE,null,0.017107,0.026447,0.001664,False
702488,7,6,"[1,2,2,2,3,2,2]","[1,2,2,2,3,3]","[[2],[1,4],[0,4,5],[0,1,3,4,5],[0,1,2,3,5],[0,2,3,4],[0,1,2,4,5]]",UNSAT,UNSAT,UNSAT,"[0, 1, 2, 3, 4, 5, 6]",0.66717,0.211594,0.008649,False
702489,5,5,"[1,3,1,1,1]","[3,1,3,3,2]","[[1,3],[1,2,3,4],[2],[2],[1,3]]",FEASIBLE,FEASIBLE,FEASIBLE,null,0.128792,0.036516,0.002218,False
702490,3,2,"[1,1,2]","[2,2]","[[0,1],[0],[0,1]]",FEASIBLE,FEASIBLE,FEASIBLE,null,0.015626,0.032612,0.001717,False
702491,3,4,"[3,1,1]","[3,3,2,3]","[[0,2,3],[0,3],[0]]",FEASIBLE,FEASIBLE,FEASIBLE,null,0.024179,0.027423,0.001447,False
702492,1,6,[3],"[1,2,3,2,1,3]","[[0,1,2,3,4]]",FEASIBLE,FEASIBLE,FEASIBLE,null,0.005749,0.033782,0.001808,False
702493,2,4,"[1,3]","[3,3,2,2]","[[1],[0,1,3]]",FEASIBLE,FEASIBLE,FEASIBLE,null,0.011566,0.021562,0.001311,False
702494,4,3,"[1,1,3,1]","[1,2,3]","[[0],[2],[0,1,2],[1,2]]",UNSAT,UNSAT,UNSAT,"[0, 2]",0.016367,0.036986,0.002624,False
702495,3,7,"[3,2,1]","[3,3,1,1,1,3,2]","[[0,1,3,4,5,6],[0,1,2,3,4,5,6],[0,1,2,3,4,5,6]]",FEASIBLE,FEASIBLE,FEASIBLE,null,0.037335,0.04816,0.003117,False
702496,5,3,"[1,3,1,1,1]","[2,1,3]","[[1],[0,1,2],[0],[1],[0,1,2]]",UNSAT,UNSAT,UNSAT,"[0, 1]",0.015773,0.043226,0.002778,False
702497,1,5,[2],"[3,3,3,2,2]","[[2,3,4]]",FEASIBLE,FEASIBLE,FEASIBLE,null,0.005252,0.015608,0.001089,False
702498,4,6,"[1,3,1,1]","[3,1,3,2,3,1]","[[3],[0,1,2,3,4,5],[1,3],[1,5]]",FEASIBLE,FEASIBLE,FEASIBLE,null,0.072569,0.050914,0.002252,False
702499,6,3,"[1,1,2,1,2,1]","[3,3,2]","[[1],[0,1,2],[1,2],[0,2],[0,2],[0]]",FEASIBLE,FEASIBLE,FEASIBLE,null,0.242413,0.128751,0.002732,False
702500,1,7,[3],"[3,2,2,2,1,3,3]","[[2,4,5]]",FEASIBLE,FEASIBLE,FEASIBLE,null,0.006536,0.018534,0.00111,False
702501,5,2,"[2,2,1,1,1]","[3,3]","[[0,1],[0,1],[1],[0],[1]]",UNSAT,UNSAT,UNSAT,"[0, 1, 2, 4]",0.054041,0.040536,0.002425,False
702502,6,6,"[2,1,2,3,1,1]","[3,1,2,2,2,1]","[[3,4],[4],[0,1,2,4,5],[1,2,4],[1,2,3,4,5],[0,3]]",UNSAT,UNSAT,UNSAT,"[0, 1, 3]",0.099343,0.075688,0.005057,False
702503,3,7,"[1,3,2]","[1,2,2,2,2,2,3]","[[1,3],[0,2,3,4,5],[0,1,2,3,5]]",FEASIBLE,FEASIBLE,FEASIBLE,null,0.035934,0.033228,0.002304,False
702504,5,1,"[1,1,1,1,1]",[3],"[[0],[0],[0],[0],[0]]",UNSAT,UNSAT,UNSAT,"[0, 1, 2, 3]",0.034147,0.033227,0.002128,False
702505,5,4,"[1,2,1,1,2]","[3,1,2,1]","[[0,1],[0,1,2],[0],[1],[0,1,2,3]]",FEASIBLE,FEASIBLE,FEASIBLE,null,0.102816,0.049434,0.002908,False
702506,1,5,[1],"[3,1,1,1,2]","[[0,1,2,3,4]]",FEASIBLE,FEASIBLE,FEASIBLE,null,0.004977,0.014691,0.001078,False
702507,5,1,"[1,1,1,1,1]",[1],"[[0],[0],[0],[0],[0]]",UNSAT,UNSAT,UNSAT,"[0, 1]",0.009085,0.032666,0.001922,False
702508,7,2,"[1,1,2,2,2,2,1]","[1,2]","[[0],[0],[0,1],[0,1],[0,1],[0,1],[1]]",UNSAT,UNSAT,UNSAT,"[0, 1]",0.02663,0.051252,0.0035,False
702509,5,7,"[3,3,1,3,1]","[1,2,1,2,2,3,3]","[[0,4,5,6],[0,1,2,3,4,5,6],[0,1,2,3,4,5,6],[1,2,3,4,5,6],[0,1,2,3,4,5,6]]",FEASIBLE,FEASIBLE,FEASIBLE,null,0.165536,0.065775,0.005255,False
702510,7,4,"[1,2,2,1,2,2,1]","[3,3,1,1]","[[1],[0,1,2,3],[0,1,2,3],[2,3],[1,2,3],[2,3],[0,1,2,3]]",UNSAT,UNSAT,UNSAT,"[3, 5]",0.071396,0.145609,0.005042,False
702511,3,1,"[1,1,1]",[3],"[[0],[0],[0]]",FEASIBLE,FEASIBLE,FEASIBLE,null,0.012516,0.016869,0.001008,False
702512,3,3,"[1,3,1]","[1,2,2]","[[0,1],[0,1,2],[1]]",UNSAT,UNSAT,UNSAT,"[0, 1, 2]",0.018652,0.032699,0.002383,False
702513,3,1,"[1,1,1]",[3],"[[0],[0],[0]]",FEASIBLE,FEASIBLE,FEASIBLE,null,0.010503,0.016799,0.00095,False
702514,3,4,"[1,1,3]","[3,1,2,3]","[[1,2,3],[3],[1,2,3]]",FEASIBLE,FEASIBLE,FEASIBLE,null,0.029032,0.037381,0.001945,False
702515,7,2,"[2,1,1,1,2,2,1]","[2,2]","[[0,1],[0,1],[1],[0],[0,1],[0,1],[1]]",UNSAT,UNSAT,UNSAT,"[0, 1, 4]",0.0712,0.065067,0.00521,False
702516,4,4,"[3,1,3,1]","[3,1,3,3]","[[1,2,3],[0,1],[0,1,2,3],[2]]",FEASIBLE,FEASIBLE,FEASIBLE,null,0.052458,0.051224,0.002444,False
702517,7,4,"[1,1,3,1,2,1,1]","[1,2,1,2]","[[0,2,3],[0],[0,1,2,3],[3],[0,1,2,3],[0,1,2,3],[1,3]]",UNSAT,UNSAT,UNSAT,"[0, 1, 2, 3]",0.195675,0.064118,0.006404,False
702518,7,2,"[1,1,1,2,1,2,2]","[1,3]","[[0,1],[1],[0],[0,1],[0,1],[0,1],[0,1]]",UNSAT,UNSAT,UNSAT,"[2, 3]",0.033663,0.048863,0.004004,False
702519,4,2,"[1,1,1,2]","[2,3]","[[0],[0],[0,1],[0,1]]",UNSAT,UNSAT,UNSAT,"[0, 1, 3]",0.022936,0.033471,0.002559,False
702520,1,1,[1],[2],[[0]],FEASIBLE,FEASIBLE,FEASIBLE,null,0.002664,0.009115,0.000735,False
702521,1,3,[2],"[1,2,2]","[[0,1]]",FEASIBLE,FEASIBLE,FEASIBLE,null,0.00363,0.012554,0.000999,False
702522,3,3,"[1,1,1]","[3,3,3]","[[1],[0,1,2],[0]]",FEASIBLE,FEASIBLE,FEASIBLE,null,0.018616,0.019278,0.001741,False
702523,5,7,"[1,1,3,1,1]","[1,3,2,1,1,1,2]","[[0,1,2,3,4,5,6],[0,1,3,4,6],[0,1,2,4,5,6],[4],[0,1,2,3,4,5]]",FEASIBLE,FEASIBLE,FEASIBLE,null,0.236348,0.164853,0.007108,False
702524,5,4,"[2,1,1,1,2]","[2,3,3,3]","[[1,2,3],[0],[3],[1,3],[0,1,2,3]]",FEASIBLE,FEASIBLE,FEASIBLE,null,0.100824,0.033875,0.003203,False
702525,7,6,"[2,2,1,1,1,1,1]","[3,1,1,3,1,3]","[[3,4],[0,1,2,3,4,5],[4,5],[2,5],[2,3],[3],[1]]",FEASIBLE,FEASIBLE,FEASIBLE,null,0.597462,0.064865,0.005302,False
702526,5,2,"[1,1,2,1,1]","[2,1]","[[0],[0],[0,1],[0,1],[0,1]]",UNSAT,UNSAT,UNSAT,"[0, 1, 2]",0.029684,0.039722,0.003298,False
702527,7,6,"[2,3,2,2,1,2,2]","[3,3,2,3,2,2]","[[0,1,2,3,4,5],[1,2,3,4],[0,1,2,3,4,5],[0,1,2,3,4],[2],[0,1,2,4],[1,3]]",FEASIBLE,FEASIBLE,FEASIBLE,null,0.601397,0.099255,0.007955,False
702528,6,7,"[2,1,2,2,3,1]","[2,3,2,3,3,2,2]","[[0,1],[0,2,3,4,5,6],[1,6],[0,3,5],[2,3,4,5,6],[5]]",FEASIBLE,FEASIBLE,FEASIBLE,null,0.333928,0.049584,0.004148,False
702529,5,7,"[3,3,2,1,3]","[2,2,2,2,3,2,2]","[[0,1,2,3,4,5,6],[0,1,3,4,5,6],[1,3],[2,4,5,6],[0,1,4,5]]",FEASIBLE,FEASIBLE,FEASIBLE,null,0.163032,0.069473,0.005488,False
702530,5,4,"[3,1,1,1,1]","[2,1,2,1]","[[1,2,3],[3],[0,1],[2],[1,2]]",UNSAT,UNSAT,UNSAT,"[0, 1]",0.018424,0.05419,0.003767,False
702531,2,2,"[1,1]","[2,3]","[[0,1],[0]]",FEASIBLE,FEASIBLE,FEASIBLE,null,0.007366,0.089565,0.001142,False
702532,2,1,"[1,1]",[3],"[[0],[0]]",FEASIBLE,FEASIBLE,FEASIBLE,null,0.005594,0.013256,0.000851,False
702533,6,7,"[3,1,2,1,3,1]","[2,3,3,2,3,1,3]","[[0,1,2,3,4,5,6],[0],[0,2,6],[6],[1,2,3,5,6],[1,6]]",FEASIBLE,FEASIBLE,FEASIBLE,null,0.334855,0.048612,0.004002,False
702534,6,6,"[3,2,1,2,1,2]","[1,1,3,1,3,3]","[[0,1,2,3,4,5],[0,1,2,3,4,5],[0],[0,1,2,3,4,5],[2,3],[2,3,5]]",FEASIBLE,FEASIBLE,FEASIBLE,null,0.296827,0.08082,0.005772,False
702535,4,7,"[1,1,3,2]","[1,1,2,2,2,2,3]","[[4],[0,1,2,3,4,5,6],[0,3,4],[0,1,4]]",UNSAT,UNSAT,UNSAT,"[0, 2, 3]",0.076396,0.06113,0.005603,False
702536,3,5,"[3,1,1]","[2,3,2,3,1]","[[1,2,3,4],[0,1,2,3,4],[1]]",FEASIBLE,FEASIBLE,FEASIBLE,null,0.026621,0.027213,0.002475,False
702537,7,3,"[1,1,1,2,1,1,1]","[3,2,1]","[[2],[0,2],[0,1,2],[1,2],[0],[1,2],[2]]",UNSAT,UNSAT,UNSAT,"[0, 3]",0.023495,0.046634,0.003879,False
702538,2,2,"[1,1]","[2,3]","[[1],[0,1]]",FEASIBLE,FEASIBLE,FEASIBLE,null,0.007236,0.014664,0.001098,False
702539,1,1,[1],[3],[[0]],FEASIBLE,FEASIBLE,FEASIBLE,null,0.00265,0.009126,0.000717,False
702540,6,1,"[1,1,1,1,1,1]",[2],"[[0],[0],[0],[0],[0],[0]]",UNSAT,UNSAT,UNSAT,"[0, 1, 2]",0.026631,0.049916,0.002624,False
702541,6,2,"[1,1,2,1,1,1]","[1,3]","[[0,1],[0],[0,1],[0],[1],[1]]",UNSAT,UNSAT,UNSAT,"[1, 2]",0.021968,0.039146,0.003463,False
702542,6,3,"[1,2,1,1,1,1]","[3,3,3]","[[1,2],[0,1],[0,1],[2],[1],[0,1]]",FEASIBLE,FEASIBLE,FEASIBLE,null,0.163159,0.036107,0.002513,False
702543,1,4,[2],"[3,3,3,1]","[[1,3]]",FEASIBLE,FEASIBLE,FEASIBLE,null,0.004282,0.101201,0.00112,False
702544,3,7,"[3,3,2]","[3,1,1,1,1,2,3]","[[0,1,2,4,5,6],[0,3,4,5,6],[0,1,2,3,4,5,6]]",FEASIBLE,FEASIBLE,FEASIBLE,null,0.035829,0.041643,0.003594,False
702545,3,2,"[2,2,2]","[2,3]","[[0,1],[0,1],[0,1]]",UNSAT,UNSAT,UNSAT,"[0, 1, 2]",0.014111,0.03272,0.002401,False
702546,3,3,"[2,1,1]","[1,2,1]","[[0,1,2],[1],[0,2]]",FEASIBLE,FEASIBLE,FEASIBLE,null,0.018432,0.022097,0.001739,False
702547,5,7,"[2,2,2,1,3]","[2,1,1,1,2,2,3]","[[0,1,2,3,4,5,6],[0,1,3,4,5,6],[0,2,3,5],[0,1,2,4,5],[0,1,2,3,4,5,6]]",FEASIBLE,FEASIBLE,FEASIBLE,null,0.155866,0.05814,0.005378,False
702548,1,1,[1],[2],[[0]],FEASIBLE,FEASIBLE,FEASIBLE,null,0.002576,0.009137,0.000629,False
702549,3,5,"[3,2,3]","[1,1,1,3,1]","[[2,3,4],[0,1,3,4],[1,2,3]]",UNSAT,UNSAT,UNSAT,"[0, 2]",0.022333,0.051069,0.004144,False
702550,1,3,[2],"[3,1,3]","[[0,1,2]]",FEASIBLE,FEASIBLE,FEASIBLE,null,0.003827,0.013578,0.00109,False
702551,7,1,"[1,1,1,1,1,1,1]",[2],"[[0],[0],[0],[0],[0],[0],[0]]",UNSAT,UNSAT,UNSAT,"[0, 1, 2]",0.034501,0.037131,0.002942,False
702552,4,1,"[1,1,1,1]",[1],"[[0],[0],[0],[0]]",UNSAT,UNSAT,UNSAT,"[0, 1]",0.010141,0.033318,0.002003,False
702553,4,4,"[2,1,1,1]","[1,1,1,3]","[[0,1,2,3],[3],[0],[0,3]]",FEASIBLE,FEASIBLE,FEASIBLE,null,0.062768,0.063943,0.002737,False
702554,3,4,"[3,1,3]","[3,1,3,3]","[[1,2,3],[2],[0,1,2,3]]",FEASIBLE,FEASIBLE,FEASIBLE,null,0.023045,0.034342,0.002222,False
702555,4,2,"[2,1,1,2]","[2,2]","[[0,1],[0,1],[0],[0,1]]",UNSAT,UNSAT,UNSAT,"[0, 1, 3]",0.022682,0.040914,0.002901,False
702556,5,1,"[1,1,1,1,1]",[2],"[[0],[0],[0],[0],[0]]",UNSAT,UNSAT,UNSAT,"[0, 1, 2]",0.020081,0.118603,0.002141,False
702557,6,7,"[2,1,3,1,1,1]","[3,1,3,2,1,2,3]","[[0,1,3,4,6],[0,1,4],[0,1,4],[0,2],[1,3],[0,1,2,4,5,6]]",FEASIBLE,FEASIBLE,FEASIBLE,null,0.379305,0.07176,0.005695,False
702558,4,2,"[1,2,1,2]","[2,3]","[[0],[0,1],[1],[0,1]]",UNSAT,UNSAT,UNSAT,"[0, 1, 3]",0.030055,0.036123,0.002516,False
702559,3,7,"[1,1,2]","[3,2,3,1,1,3,3]","[[1],[2,3],[0,1,2,5,6]]",FEASIBLE,FEASIBLE,FEASIBLE,null,0.034614,0.025297,0.002358,False
702560,2,6,"[2,1]","[1,3,1,1,1,3]","[[0,1,3],[0,1,2,3,4,5]]",FEASIBLE,FEASIBLE,FEASIBLE,null,0.013748,0.023164,0.002165,False
702561,6,5,"[1,1,3,3,3,1]","[3,1,2,2,2]","[[0],[0,1,2],[0,2,3],[0,1,2,3],[0,2,3],[3]]",UNSAT,UNSAT,UNSAT,"[2, 3, 4]",0.13856,0.05835,0.005474,False
702562,3,5,"[1,3,2]","[1,3,2,3,1]","[[1,3,4],[0,1,2,3,4],[0,1,3,4]]",FEASIBLE,FEASIBLE,FEASIBLE,null,0.02817,0.031255,0.002624,False
702563,6,4,"[2,1,1,1,2,3]","[3,3,1,2]","[[0,1,2,3],[0,1,2,3],[0,1,2,3],[3],[0,1,2,3],[1,2,3]]",UNSAT,UNSAT,UNSAT,"[0, 1, 2, 3, 4, 5]",0.201455,0.060192,0.006057,False
702564,7,7,"[3,2,3,3,2,1,1]","[3,1,1,2,1,3,2]","[[0,1,2,4,6],[0,2,4,5,6],[0,3,4,5,6],[3,4,6],[0,1,2,3,4,5,6],[0,1,4,5,6],[4]]",UNSAT,UNSAT,UNSAT,"[3, 6]",0.114085,0.107552,0.009605,False
702565,3,7,"[1,2,1]","[2,1,3,2,3,2,2]","[[2],[0,1,2,4,5,6],[5]]",FEASIBLE,FEASIBLE,FEASIBLE,null,0.034793,0.198875,0.002257,False
702566,6,3,"[1,2,2,1,1,1]","[3,2,3]","[[0],[0,2],[0,1,2],[0,2],[1,2],[0,1,2]]",FEASIBLE,FEASIBLE,FEASIBLE,null,0.163295,0.037274,0.002835,False
702567,3,1,"[1,1,1]",[2],"[[0],[0],[0]]",UNSAT,UNSAT,UNSAT,"[0, 1, 2]",0.010338,0.023774,0.00181,False
702568,7,6,"[2,1,2,3,1,1,3]","[1,2,1,3,1,2]","[[0,1,3,4,5],[0,1,2,3,4,5],[0,5],[0,3,4,5],[3],[3],[0,2,3,4,5]]",UNSAT,UNSAT,UNSAT,"[2, 3, 6]",0.233385,0.071292,0.006904,False
702569,1,5,[2],"[2,2,3,3,1]","[[0,1,2,3,4]]",FEASIBLE,FEASIBLE,FEASIBLE,null,0.00481,0.016218,0.001321,False
702570,1,6,[1],"[2,3,2,1,2,1]",[[4]],FEASIBLE,FEASIBLE,FEASIBLE,null,0.005083,0.011389,0.001042,False
702571,7,7,"[3,1,3,2,3,2,3]","[1,3,3,1,2,3,2]","[[2,3,6],[0,2,3,4,5,6],[1,2,4],[0,6],[0,1,2,3,4,6],[0,1,2,4,6],[0,2,4,6]]",UNSAT,UNSAT,UNSAT,"[0, 3, 6]",0.201686,0.11075,0.010046,False
702572,2,4,"[3,2]","[2,2,1,2]","[[0,1,2,3],[0,1,2,3]]",FEASIBLE,FEASIBLE,FEASIBLE,null,0.010481,0.024784,0.001927,False
702573,5,5,"[2,2,1,1,1]","[2,2,2,3,2]","[[0,1,2,3],[0,1,2,3,4],[0],[0],[1,2,3,4]]",FEASIBLE,FEASIBLE,FEASIBLE,null,0.115986,0.051267,0.004254,False
702574,2,3,"[1,1]","[2,1,3]","[[1],[0,1,2]]",FEASIBLE,FEASIBLE,FEASIBLE,null,0.008971,0.015705,0.001345,False
702575,2,5,"[2,1]","[2,1,3,2,3]","[[0,1,2,3],[1]]",FEASIBLE,FEASIBLE,FEASIBLE,null,0.012141,0.025063,0.00204,False
702576,6,5,"[2,2,2,2,1,2]","[1,1,3,1,3]","[[0,1,2],[0,1,2,3,4],[0,1,2,4],[0,4],[0,1,2,3],[0,1,3,4]]",UNSAT,UNSAT,UNSAT,"[0, 1, 2, 3, 5]",0.255049,3.843865,0.006503,False
702577,1,4,[1],"[2,1,3,3]",[[3]],FEASIBLE,FEASIBLE,FEASIBLE,null,0.007119,0.013272,0.000909,False
702578,7,3,"[1,1,2,1,1,1,3]","[2,2,3]","[[0,1],[0,2],[1,2],[0,2],[2],[0],[0,1,2]]",UNSAT,UNSAT,UNSAT,"[0, 2, 5, 6]",0.209401,0.061229,0.004705,False
702579,5,7,"[1,1,1,2,3]","[1,2,1,1,3,3,3]","[[0,3,4,5],[0],[2,3,4,5],[0,1,2,3,5],[0,1,2,3,4,5,6]]",FEASIBLE,FEASIBLE,FEASIBLE,null,0.158486,0.073451,0.005628,False
702580,2,6,"[3,1]","[3,1,1,1,1,1]","[[0,2,3,4],[0,1,2,3,4,5]]",FEASIBLE,FEASIBLE,FEASIBLE,null,0.014602,0.025216,0.002269,False
702581,1,5,[1],"[1,1,1,1,3]","[[0,2,4]]",FEASIBLE,FEASIBLE,FEASIBLE,null,0.004887,0.013178,0.001192,False
702582,1,1,[1],[3],[[0]],FEASIBLE,FEASIBLE,FEASIBLE,null,0.002539,0.008824,0.000603,False
702583,1,3,[1],"[3,1,1]",[[0]],FEASIBLE,FEASIBLE,FEASIBLE,null,0.003505,0.010049,0.000783,False
702584,2,5,"[3,2]","[2,2,3,1,3]","[[0,1,2,3,4],[0,3]]",FEASIBLE,FEASIBLE,FEASIBLE,null,0.012355,0.024552,0.001998,False
702585,6,3,"[1,1,1,1,1,1]","[3,1,2]","[[0],[2],[2],[2],[1],[2]]",UNSAT,UNSAT,UNSAT,"[1, 2, 3]",0.07636,0.087594,0.003045,False
702586,6,1,"[1,1,1,1,1,1]",[3],"[[0],[0],[0],[0],[0],[0]]",UNSAT,UNSAT,UNSAT,"[0, 1, 2, 3]",0.05154,0.035163,0.002554,False
702587,2,7,"[1,1]","[1,2,3,3,2,2,2]","[[0],[1,2,3,4,5,6]]",FEASIBLE,FEASIBLE,FEASIBLE,null,0.015492,0.020109,0.001815,False
702588,3,3,"[1,2,1]","[1,1,3]","[[0],[0,2],[0,1,2]]",UNSAT,UNSAT,UNSAT,"[0, 1]",0.011159,0.029529,0.002396,False
702589,1,1,[1],[3],[[0]],FEASIBLE,FEASIBLE,FEASIBLE,null,0.002687,0.009192,0.000569,False
702590,5,4,"[2,2,2,3,3]","[1,1,1,2]","[[0,1],[0,1],[0,1,3],[0,1,2],[0,1,2,3]]",UNSAT,UNSAT,UNSAT,"[0, 1]",0.017697,0.051174,0.004707,False
702591,6,2,"[1,2,1,1,1,2]","[1,3]","[[1],[0,1],[0],[1],[0],[0,1]]",UNSAT,UNSAT,UNSAT,"[1, 2]",0.022165,0.042172,0.003371,False
702592,5,1,"[1,1,1,1,1]",[2],"[[0],[0],[0],[0],[0]]",UNSAT,UNSAT,UNSAT,"[0, 1, 2]",0.020226,0.030422,0.00202,False
702593,2,1,"[1,1]",[3],"[[0],[0]]",FEASIBLE,FEASIBLE,FEASIBLE,null,0.005461,0.013177,0.000874,False
702594,1,4,[1],"[1,2,2,1]","[[0,3]]",FEASIBLE,FEASIBLE,FEASIBLE,null,0.004099,0.011072,0.000903,False
702595,6,5,"[1,1,1,1,1,2]","[2,1,2,3,3]","[[1,2,3],[3],[0,4],[0,1,2,4],[2,4],[2,4]]",FEASIBLE,FEASIBLE,FEASIBLE,null,0.260657,0.037309,0.003228,False
702596,7,3,"[2,1,1,2,1,2,3]","[3,3,1]","[[0,1],[0,2],[1],[0,1],[0,1,2],[0,1,2],[0,1,2]]",UNSAT,UNSAT,UNSAT,"[0, 1, 3, 6]",0.182633,0.059914,0.005097,False
702597,5,1,"[1,1,1,1,1]",[2],"[[0],[0],[0],[0],[0]]",UNSAT,UNSAT,UNSAT,"[0, 1, 2]",0.020291,0.030673,0.001947,False
702598,2,7,"[1,1]","[3,2,2,3,2,1,2]","[[1,5],[0]]",FEASIBLE,FEASIBLE,FEASIBLE,null,0.015062,0.088967,0.001375,False
702599,5,2,"[1,1,2,1,2]","[3,1]","[[1],[0,1],[0,1],[1],[0,1]]",UNSAT,UNSAT,UNSAT,"[0, 2]",0.013293,0.05688,0.002974,False
702600,1,3,[2],"[1,2,2]","[[0,1]]",FEASIBLE,FEASIBLE,FEASIBLE,null,0.003846,0.012999,0.000919,False
702601,2,5,"[2,2]","[2,3,2,3,3]","[[0,2,3],[1,2,3,4]]",FEASIBLE,FEASIBLE,FEASIBLE,null,0.012001,0.021976,0.001941,False
702602,7,7,"[1,1,3,1,2,3,2]","[2,2,2,1,1,1,2]","[[3],[2,6],[1,2,3,5,6],[5],[2,3,5],[0,1,2,3,4,5],[2,3,4]]",UNSAT,UNSAT,UNSAT,"[0, 3, 4]",0.179368,0.092525,0.008379,False
702603,5,7,"[2,2,1,1,2]","[1,1,1,2,1,2,1]","[[1,4,5],[0,1,2,4,5,6],[0],[0,2,3,5],[0,1,3,4,6]]",FEASIBLE,FEASIBLE,FEASIBLE,null,0.155598,0.062408,0.005068,False
702604,4,5,"[1,3,1,1]","[2,2,3,3,2]","[[2],[1,2,4],[1],[0,2,3,4]]",FEASIBLE,FEASIBLE,FEASIBLE,null,0.057695,0.029122,0.002321,False
702605,2,5,"[1,2]","[2,1,1,1,1]","[[2],[0,1,2,3,4]]",FEASIBLE,FEASIBLE,FEASIBLE,null,0.011831,0.020309,0.001754,False
702606,2,3,"[2,2]","[1,2,3]","[[1,2],[1,2]]",FEASIBLE,FEASIBLE,FEASIBLE,null,0.008833,0.018995,0.001448,False
702607,3,2,"[1,2,1]","[1,1]","[[0],[0,1],[0]]",UNSAT,UNSAT,UNSAT,"[0, 1]",0.008553,0.026435,0.002171,False
702608,3,7,"[2,3,2]","[1,1,1,3,3,1,1]","[[0,1,2,3,5,6],[0,1,2,3,4,5,6],[0,1,3,4,5,6]]",FEASIBLE,FEASIBLE,FEASIBLE,null,0.034843,0.040367,0.003577,False
702609,2,5,"[1,2]","[1,3,2,3,2]","[[4],[0,1,2,3,4]]",FEASIBLE,FEASIBLE,FEASIBLE,null,0.011803,0.095955,0.00167,False
702610,7,1,"[1,1,1,1,1,1,1]",[2],"[[0],[0],[0],[0],[0],[0],[0]]",UNSAT,UNSAT,UNSAT,"[0, 1, 2]",0.034001,0.04836,0.002901,False
702611,1,2,[1],"[1,3]",[[1]],FEASIBLE,FEASIBLE,FEASIBLE,null,0.003654,0.01075,0.000802,False
702612,2,4,"[2,2]","[2,1,2,2]","[[0,2],[0,1,3]]",FEASIBLE,FEASIBLE,FEASIBLE,null,0.010824,0.020465,0.001632,False
702613,2,4,"[1,3]","[1,2,3,2]","[[0],[0,1,2,3]]",FEASIBLE,FEASIBLE,FEASIBLE,null,0.010438,0.021476,0.001679,False
702614,4,7,"[2,2,1,1]","[3,3,1,1,2,1,2]","[[0,1,2,4,5],[0,3,4,5,6],[1,4],[3]]",FEASIBLE,FEASIBLE,FEASIBLE,null,0.074281,0.041006,0.00352,False
702615,1,1,[1],[2],[[0]],FEASIBLE,FEASIBLE,FEASIBLE,null,0.002646,0.00963,0.000554,False
702616,4,4,"[1,2,2,2]","[1,1,3,3]","[[1,3],[1,2],[0,1,2,3],[0,1,2,3]]",FEASIBLE,FEASIBLE,FEASIBLE,null,0.046657,0.046231,0.003405,False
702617,5,1,"[1,1,1,1,1]",[3],"[[0],[0],[0],[0],[0]]",UNSAT,UNSAT,UNSAT,"[0, 1, 2, 3]",0.032624,0.031302,0.002064,False
702618,4,1,"[1,1,1,1]",[2],"[[0],[0],[0],[0]]",UNSAT,UNSAT,UNSAT,"[0, 1, 2]",0.014464,0.02762,0.001823,False
702619,3,6,"[1,1,1]","[2,1,2,1,2,2]","[[1,3,4],[0,1,2,4,5],[0,1,2,3,4,5]]",FEASIBLE,FEASIBLE,FEASIBLE,null,0.030543,0.0257,0.002972,False
702620,3,1,"[1,1,1]",[3],"[[0],[0],[0]]",FEASIBLE,FEASIBLE,FEASIBLE,null,0.010282,0.016065,0.001052,False
702621,2,1,"[1,1]",[1],"[[0],[0]]",UNSAT,UNSAT,UNSAT,"[0, 1]",0.005249,0.019172,0.001371,False
702622,1,3,[2],"[3,1,2]","[[0,1]]",FEASIBLE,FEASIBLE,FEASIBLE,null,0.003676,0.012778,0.00089,False
702623,4,7,"[3,3,3,3]","[1,3,3,2,2,2,1]","[[0,3,4,6],[0,1,2,3,4,5,6],[1,3,5],[2,5,6]]",FEASIBLE,FEASIBLE,FEASIBLE,null,0.074016,0.062201,0.005845,False
702624,7,1,"[1,1,1,1,1,1,1]",[1],"[[0],[0],[0],[0],[0],[0],[0]]",UNSAT,UNSAT,UNSAT,"[0, 1]",0.010513,0.036607,0.003206,False
702625,3,3,"[3,2,3]","[2,2,3]","[[0,1,2],[1,2],[0,1,2]]",UNSAT,UNSAT,UNSAT,"[0, 1, 2]",0.018558,0.037721,0.003041,False
702626,4,5,"[1,3,1,1]","[1,2,1,1,2]","[[0,1,2],[0,2,4],[0,1,3,4],[0,3,4]]",FEASIBLE,FEASIBLE,FEASIBLE,null,0.056247,0.046264,0.003413,False
702627,4,3,"[2,1,1,1]","[1,3,3]","[[0,1,2],[0,1,2],[0],[0,2]]",FEASIBLE,FEASIBLE,FEASIBLE,null,0.038542,0.035858,0.002809,False
702628,5,6,"[1,1,1,3,1]","[1,3,3,2,1,3]","[[1,2,3,4,5],[2,4,5],[4],[0,1,2,3,4,5],[0,1,2,3,4,5]]",FEASIBLE,FEASIBLE,FEASIBLE,null,0.179109,0.122515,0.004024,False
702629,4,7,"[3,2,1,2]","[2,2,1,1,1,2,2]","[[0,1,2,3,4,5,6],[0,1,2,3],[0,1,2,3,4,5,6],[3,4]]",FEASIBLE,FEASIBLE,FEASIBLE,null,0.091154,0.064407,0.00504,False
702630,2,1,"[1,1]",[1],"[[0],[0]]",UNSAT,UNSAT,UNSAT,"[0, 1]",0.00574,0.020485,0.0012,False
702631,3,7,"[2,1,2]","[2,3,2,1,2,1,1]","[[3,6],[1,3,6],[0,1,2,3,4,5]]",FEASIBLE,FEASIBLE,FEASIBLE,null,0.034938,0.030799,0.002663,False
702632,2,5,"[1,1]","[3,1,2,1,2]","[[1,2,3],[0,1,2,3,4]]",FEASIBLE,FEASIBLE,FEASIBLE,null,0.011883,0.01905,0.001853,False
702633,4,2,"[1,1,1,2]","[3,2]","[[0,1],[0],[1],[0,1]]",FEASIBLE,FEASIBLE,FEASIBLE,null,0.028948,0.023014,0.001644,False
702634,7,4,"[3,2,1,1,1,3,3]","[1,2,2,1]","[[0,1,2],[0,1,2,3],[0],[2,3],[0,1,2,3],[0,1,2,3],[0,1,2,3]]",UNSAT,UNSAT,UNSAT,"[0, 2]",0.02828,0.169749,0.006317,False
702635,7,4,"[2,1,1,2,1,1,2]","[1,2,3,3]","[[2,3],[0],[0],[0,1,2,3],[3],[0,1,2,3],[0,1,2,3]]",UNSAT,UNSAT,UNSAT,"[1, 2]",0.05153,0.079732,0.004613,False
702636,4,2,"[1,1,1,1]","[3,3]","[[0],[0,1],[1],[0,1]]",FEASIBLE,FEASIBLE,FEASIBLE,null,0.076303,0.027431,0.001417,False
702637,5,2,"[1,1,1,2,1]","[1,2]","[[0],[0],[0],[0,1],[1]]",UNSAT,UNSAT,UNSAT,"[0, 1]",0.028039,0.038091,0.002734,False
702638,3,4,"[1,3,1]","[1,3,2,1]","[[0,1,2,3],[0,1,3],[0,2,3]]",FEASIBLE,FEASIBLE,FEASIBLE,null,0.022757,0.035696,0.003576,False
702639,5,7,"[2,1,2,3,3]","[3,2,2,1,2,2,2]","[[2,4],[0,1,2,4,5],[2,3],[0,1,2,3,4,5,6],[0,2,4,5,6]]",FEASIBLE,FEASIBLE,FEASIBLE,null,0.16652,0.053104,0.00462,False
702640,5,2,"[1,1,1,2,1]","[1,1]","[[0],[1],[0,1],[0,1],[0,1]]",UNSAT,UNSAT,UNSAT,"[0, 3]",0.015351,0.036418,0.003515,False
702641,5,7,"[1,2,1,3,2]","[1,1,3,1,2,2,3]","[[0,2,3,4,6],[0,1,2,4,6],[3],[0,1,2,3,4,5,6],[0,2]]",FEASIBLE,FEASIBLE,FEASIBLE,null,0.15467,0.064565,0.005226,False
702642,4,5,"[3,3,3,3]","[3,3,2,1,1]","[[0,1,2,3,4],[0,1,2,3,4],[0,1,2,3,4],[1,2,3,4]]",UNSAT,UNSAT,UNSAT,"[0, 1, 2, 3]",0.055201,0.069082,0.005789,False
702643,3,5,"[1,1,1]","[2,3,2,3,1]","[[0,1,2,3,4],[3],[3]]",FEASIBLE,FEASIBLE,FEASIBLE,null,0.027369,0.025458,0.001944,False
702644,1,3,[2],"[1,3,1]","[[1,2]]",FEASIBLE,FEASIBLE,FEASIBLE,null,0.003984,0.013338,0.001036,False
702645,2,4,"[3,3]","[3,3,1,3]","[[0,1,3],[1,2,3]]",FEASIBLE,FEASIBLE,FEASIBLE,null,0.010648,0.024862,0.001792,False
702646,2,1,"[1,1]",[2],"[[0],[0]]",FEASIBLE,FEASIBLE,FEASIBLE,null,0.005583,0.012639,0.000793,False
702647,6,5,"[1,3,3,2,2,1]","[1,2,1,1,2]","[[0],[1,2,4],[0,1,2,3,4],[1,3,4],[0,1,2,3,4],[1]]",UNSAT,UNSAT,UNSAT,"[1, 2, 3]",0.117711,0.062317,0.005755,False
702648,3,3,"[1,1,2]","[1,3,2]","[[2],[1],[0,1]]",FEASIBLE,FEASIBLE,FEASIBLE,null,0.018461,0.020945,0.002316,False
702649,3,7,"[1,1,2]","[1,1,1,2,1,2,2]","[[1,2],[0,1,3,5],[0,1,2,3,4,5,6]]",FEASIBLE,FEASIBLE,FEASIBLE,null,0.034737,0.030627,0.003089,False
702650,4,3,"[2,1,1,2]","[1,1,1]","[[0,1],[0,1],[0],[0,2]]",UNSAT,UNSAT,UNSAT,"[0, 1]",0.013098,0.03542,0.00335,False
702651,1,6,[1],"[1,3,2,3,3,2]",[[0]],FEASIBLE,FEASIBLE,FEASIBLE,null,0.005276,0.011834,0.00099,False
702652,4,1,"[1,1,1,1]",[3],"[[0],[0],[0],[0]]",UNSAT,UNSAT,UNSAT,"[0, 1, 2, 3]",0.020106,0.028409,0.002129,False
702653,3,1,"[1,1,1]",[1],"[[0],[0],[0]]",UNSAT,UNSAT,UNSAT,"[0, 1]",0.006516,0.023115,0.001611,False
702654,4,5,"[2,3,3,3]","[1,3,2,3,2]","[[2,3,4],[0,1,3,4],[0,2,3,4],[0,1,2,3,4]]",UNSAT,UNSAT,UNSAT,"[0, 1, 2, 3]",0.055989,0.057973,0.005463,False
702655,7,5,"[1,3,1,1,1,3,2]","[3,3,2,3,2]","[[1,3],[0,1,2],[0,1,2,3,4],[4],[3],[0,1,3],[0,3]]",FEASIBLE,FEASIBLE,FEASIBLE,null,0.510722,0.062114,0.006198,False
702656,1,3,[2],"[1,3,1]","[[0,1,2]]",FEASIBLE,FEASIBLE,FEASIBLE,null,0.003855,0.013603,0.001034,False
702657,4,4,"[2,2,2,3]","[2,3,3,3]","[[0,1,2],[0,1],[0,1],[0,1,2,3]]",UNSAT,UNSAT,UNSAT,"[0, 1, 2, 3]",0.047015,0.151125,0.004503,False
702658,5,2,"[1,1,2,1,1]","[2,1]","[[1],[0,1],[0,1],[0,1],[0,1]]",UNSAT,UNSAT,UNSAT,"[0, 2]",0.014817,0.040433,0.006346,False
702659,5,2,"[2,1,2,1,1]","[3,1]","[[0,1],[0],[0,1],[0,1],[0]]",UNSAT,UNSAT,UNSAT,"[0, 2]",0.014184,0.038638,0.003702,False
702660,1,7,[1],"[2,3,1,2,2,3,1]","[[0,1,2,3,4,5,6]]",FEASIBLE,FEASIBLE,FEASIBLE,null,0.00587,0.016508,0.002048,False
702661,1,1,[1],[1],[[0]],FEASIBLE,FEASIBLE,FEASIBLE,null,0.002641,0.008575,0.000817,False
702662,6,6,"[2,1,1,2,1,2]","[1,2,1,1,3,1]","[[2,5],[1,5],[0,1,2,3,4,5],[0,1,4],[0,2,4,5],[1,3]]",FEASIBLE,FEASIBLE,FEASIBLE,null,0.300967,0.073265,0.006461,False
702663,7,1,"[1,1,1,1,1,1,1]",[1],"[[0],[0],[0],[0],[0],[0],[0]]",UNSAT,UNSAT,UNSAT,"[0, 1]",0.010784,0.037425,0.003475,False
702664,2,6,"[1,1]","[2,3,2,3,1,3]","[[0,1,2,3,4,5],[0,1,2,3,4,5]]",FEASIBLE,FEASIBLE,FEASIBLE,null,0.013823,0.021613,0.002501,False
702665,1,1,[1],[3],[[0]],FEASIBLE,FEASIBLE,FEASIBLE,null,0.002642,0.008641,0.000611,False
702666,4,1,"[1,1,1,1]",[3],"[[0],[0],[0],[0]]",UNSAT,UNSAT,UNSAT,"[0, 1, 2, 3]",0.020194,0.027687,0.002497,False
702667,4,1,"[1,1,1,1]",[3],"[[0],[0],[0],[0]]",UNSAT,UNSAT,UNSAT,"[0, 1, 2, 3]",0.019853,0.027585,0.001454,False
702668,4,6,"[1,3,1,1]","[3,1,1,3,2,3]","[[0,1,2,3,4,5],[1,2,3,4,5],[1,2,5],[4,5]]",FEASIBLE,FEASIBLE,FEASIBLE,null,0.067314,0.036635,0.003572,False
702669,7,5,"[3,2,2,3,1,2,1]","[2,1,3,3,1]","[[1,2,4],[0,3,4],[0,1,2,3,4],[1,3,4],[1],[0,1,2,3,4],[1,2,3,4]]",UNSAT,UNSAT,UNSAT,"[0, 3]",0.035162,0.150844,0.008186,False
702670,1,1,[1],[3],[[0]],FEASIBLE,FEASIBLE,FEASIBLE,null,0.002715,0.009522,0.000585,False
702671,7,5,"[3,3,1,1,1,1,1]","[2,3,2,3,2]","[[0,1,2,3],[0,1,2,3,4],[2],[1,2],[0,2,3,4],[0,2],[2,3]]",FEASIBLE,FEASIBLE,FEASIBLE,null,0.522714,0.069646,0.005859,False
702672,3,6,"[2,1,2]","[1,2,1,1,2,1]","[[0,5],[4],[0,1,2,3,4,5]]",FEASIBLE,FEASIBLE,FEASIBLE,null,0.030908,0.028717,0.002683,False
702673,1,3,[1],"[3,3,1]",[[0]],FEASIBLE,FEASIBLE,FEASIBLE,null,0.003886,0.009608,0.000831,False
702674,5,7,"[2,1,1,1,3]","[1,2,2,1,3,3,1]","[[2,5,6],[5],[6],[0,1,2,3,4,5,6],[0,1,2,3,4,5,6]]",FEASIBLE,FEASIBLE,FEASIBLE,null,0.155422,0.044763,0.004022,False
702675,6,3,"[2,1,2,3,1,1]","[1,2,2]","[[0,1,2],[2],[1,2],[0,1,2],[0,1],[0,1,2]]",UNSAT,UNSAT,UNSAT,"[0, 1, 3]",0.081819,0.120917,0.005235,False
702676,7,2,"[1,1,1,1,2,1,1]","[2,3]","[[1],[0,1],[0],[1],[0,1],[0],[1]]",UNSAT,UNSAT,UNSAT,"[2, 4, 5]",0.105107,0.06202,0.004038,False
702677,3,1,"[1,1,1]",[2],"[[0],[0],[0]]",UNSAT,UNSAT,UNSAT,"[0, 1, 2]",0.010731,0.024779,0.00185,False
702678,2,7,"[1,1]","[3,3,3,2,1,2,3]","[[1,6],[2,3,4,5]]",FEASIBLE,FEASIBLE,FEASIBLE,null,0.015997,0.019575,0.001924,False
702679,6,1,"[1,1,1,1,1,1]",[2],"[[0],[0],[0],[0],[0],[0]]",UNSAT,UNSAT,UNSAT,"[0, 1, 2]",0.027309,0.039538,0.002635,False
702680,1,7,[1],"[3,1,1,2,2,3,2]","[[2,3,4,5]]",FEASIBLE,FEASIBLE,FEASIBLE,null,0.006088,0.017273,0.001464,False
702681,7,7,"[1,1,1,2,2,1,1]","[3,2,1,3,1,2,3]","[[0,1,4,5,6],[0],[0,1,3,4,6],[0,1,3,5],[0,1,3,4,5,6],[0,1,2,3,5],[3,5]]",FEASIBLE,FEASIBLE,FEASIBLE,null,0.752997,0.170003,0.005096,False
702682,6,6,"[1,2,1,1,2,1]","[2,1,2,1,1,2]","[[0,5],[0,3],[0,1,3],[1,2,3,4,5],[0,1,2,3,5],[2]]",FEASIBLE,FEASIBLE,FEASIBLE,null,0.295547,0.06296,0.005009,False
702683,2,1,"[1,1]",[2],"[[0],[0]]",FEASIBLE,FEASIBLE,FEASIBLE,null,0.005965,0.014097,0.001056,False
702684,5,3,"[1,1,2,2,2]","[2,2,2]","[[0,1,2],[0,1,2],[0,1],[1,2],[0,1,2]]",UNSAT,UNSAT,UNSAT,"[0, 2, 3, 4]",0.076267,0.051457,0.004491,False
702685,1,1,[1],[2],[[0]],FEASIBLE,FEASIBLE,FEASIBLE,null,0.002725,0.009793,0.0006,False
702686,1,2,[1],"[3,2]",[[1]],FEASIBLE,FEASIBLE,FEASIBLE,null,0.00322,0.009597,0.000785,False
702687,7,4,"[1,2,3,1,1,1,3]","[1,2,1,1]","[[0,2],[1,2,3],[0,1,2,3],[0,1,2],[0,1,3],[0],[0,1,2,3]]",UNSAT,UNSAT,UNSAT,"[2, 6]",0.066489,0.06601,0.007038,False
702688,3,5,"[1,2,2]","[1,1,1,1,3]","[[2],[0,1,3,4],[0,1,2,3,4]]",FEASIBLE,FEASIBLE,FEASIBLE,null,0.027963,0.031049,0.003303,False
702689,7,3,"[2,1,1,3,2,1,2]","[1,2,3]","[[0,1,2],[0,1,2],[2],[0,1,2],[0,1],[0,1,2],[0,1,2]]",UNSAT,UNSAT,UNSAT,"[3, 4]",0.05568,0.061207,0.006257,False
702690,5,6,"[3,1,2,2,1]","[3,2,2,2,3,3]","[[2,3,4,5],[2],[1,3,5],[0,1,2,3,4,5],[0,1,2,3,4,5]]",FEASIBLE,FEASIBLE,FEASIBLE,null,0.164834,0.058147,0.00452,False
702691,4,1,"[1,1,1,1]",[1],"[[0],[0],[0],[0]]",UNSAT,UNSAT,UNSAT,"[0, 1]",0.010268,0.036176,0.002541,False
702692,5,4,"[2,2,3,3,2]","[2,2,1,3]","[[0,1,3],[1,2],[1,2,3],[0,1,2,3],[1,3]]",UNSAT,UNSAT,UNSAT,"[1, 2]",0.040446,0.176977,0.005955,False
702693,7,4,"[1,2,1,1,3,2,1]","[2,2,1,2]","[[0],[0,1,3],[2,3],[2],[0,1,2,3],[2,3],[1,2]]",UNSAT,UNSAT,UNSAT,"[3, 5]",0.111837,0.081244,0.006206,False
702694,3,1,"[1,1,1]",[1],"[[0],[0],[0]]",UNSAT,UNSAT,UNSAT,"[0, 1]",0.009448,0.031751,0.002291,False
702695,7,3,"[1,1,1,1,2,2,1]","[2,3,2]","[[0,1],[0,1,2],[1],[0,1,2],[1,2],[0,1,2],[1,2]]",UNSAT,UNSAT,UNSAT,"[0, 1, 2, 3, 4, 5]",0.386609,0.057824,0.005866,False
702696,7,5,"[1,1,2,1,3,3,1]","[3,1,2,3,1]","[[3],[0,3],[0,1],[0,1,3,4],[0,2,3,4],[0,2,4],[0]]",UNSAT,UNSAT,UNSAT,"[2, 4, 5, 6]",0.382902,0.084745,0.008387,False
702697,6,2,"[2,1,1,1,1,1]","[2,3]","[[0,1],[0],[0],[0,1],[0,1],[1]]",UNSAT,UNSAT,UNSAT,"[0, 1, 2]",0.041067,0.043529,0.00427,False
702698,6,6,"[3,1,1,1,1,2]","[2,3,2,3,2,3]","[[0,1,3,4],[0,1,2,4,5],[5],[4],[0],[0,1,2,3,4,5]]",FEASIBLE,FEASIBLE,FEASIBLE,null,0.309266,0.05917,0.006693,False
702699,5,3,"[3,1,3,2,1]","[1,3,3]","[[0,1,2],[0],[0,1,2],[1,2],[0,1,2]]",UNSAT,UNSAT,UNSAT,"[0, 1]",0.015715,0.050891,0.005741,False
702700,7,1,"[1,1,1,1,1,1,1]",[2],"[[0],[0],[0],[0],[0],[0],[0]]",UNSAT,UNSAT,UNSAT,"[0, 1, 2]",0.035793,0.048362,0.004924,False
702701,6,5,"[3,1,2,1,2,3]","[1,1,3,3,3]","[[0,2,3,4],[0,1,2],[0,1,2,4],[0,4],[0,1,2,4],[0,1,2,3,4]]",UNSAT,UNSAT,UNSAT,"[0, 1, 2, 4, 5]",0.231162,0.145257,0.008217,False
702702,7,7,"[3,3,1,2,3,2,3]","[2,2,3,1,2,1,3]","[[0,1,3,4],[1,2,5,6],[0,3,5,6],[3,5,6],[1,2,3,4,5,6],[0,1,2,3,4,5,6],[0,1,6]]",UNSAT,UNSAT,UNSAT,"[0, 1, 2, 3, 6]",0.625742,0.098466,0.010992,False
702703,5,6,"[1,1,2,1,3]","[3,1,2,1,3,3]","[[0],[3],[1,2,4],[3,4,5],[0,2,4,5]]",FEASIBLE,FEASIBLE,FEASIBLE,null,0.140129,0.044329,0.003861,False
702704,3,1,"[1,1,1]",[2],"[[0],[0],[0]]",UNSAT,UNSAT,UNSAT,"[0, 1, 2]",0.017463,0.029407,0.002376,False
702705,7,5,"[1,3,3,2,3,3,2]","[3,3,3,3,3]","[[0],[0,1,4],[1,2,4],[0,2,4],[0,1,2,4],[0,1,2,3,4],[1,2,3]]",UNSAT,UNSAT,UNSAT,"[1, 2, 3, 4, 5]",0.491448,0.082127,0.008024,False
702706,4,2,"[2,2,1,1]","[2,3]","[[0,1],[0,1],[0,1],[0,1]]",UNSAT,UNSAT,UNSAT,"[0, 1, 2, 3]",0.039978,0.051282,0.00394,False
702707,2,5,"[1,2]","[2,1,3,3,1]","[[0,3,4],[0,1,2,3,4]]",FEASIBLE,FEASIBLE,FEASIBLE,null,0.0158,0.023963,0.002486,False
702708,4,5,"[1,2,1,1]","[3,2,1,2,3]","[[1,3,4],[0,2],[1,3,4],[0,2,4]]",FEASIBLE,FEASIBLE,FEASIBLE,null,0.061705,0.034186,0.003021,False
702709,1,6,[2],"[1,3,1,1,3,2]","[[1,3]]",FEASIBLE,FEASIBLE,FEASIBLE,null,0.00586,0.015539,0.001503,False
702710,1,1,[1],[1],[[0]],FEASIBLE,FEASIBLE,FEASIBLE,null,0.002902,0.009116,0.000738,False
702711,2,5,"[2,3]","[2,2,2,1,2]","[[0,1,2,3,4],[0,1,2,3,4]]",FEASIBLE,FEASIBLE,FEASIBLE,null,0.012618,0.033702,0.00244,False
702712,3,7,"[2,1,1]","[3,2,3,1,2,3,2]","[[4,5,6],[6],[0,2,4,6]]",FEASIBLE,FEASIBLE,FEASIBLE,null,0.03688,0.203961,0.00262,False
702713,6,5,"[1,1,1,3,3,1]","[2,2,1,1,2]","[[2],[2],[0,1,3],[0,1,2],[0,1,2,3,4],[0,1]]",UNSAT,UNSAT,UNSAT,"[0, 1]",0.026792,0.062528,0.00666,False
702714,5,1,"[1,1,1,1,1]",[3],"[[0],[0],[0],[0],[0]]",UNSAT,UNSAT,UNSAT,"[0, 1, 2, 3]",0.035496,0.034321,0.003102,False
702715,1,6,[1],"[3,3,1,1,3,3]",[[4]],FEASIBLE,FEASIBLE,FEASIBLE,null,0.005689,0.013203,0.001135,False
702716,5,1,"[1,1,1,1,1]",[1],"[[0],[0],[0],[0],[0]]",UNSAT,UNSAT,UNSAT,"[0, 1]",0.009376,0.031797,0.002869,False
702717,4,7,"[1,2,2,1]","[2,1,2,2,2,1,3]","[[0],[3,5],[0,1,2,3],[0,1,2,3,5]]",FEASIBLE,FEASIBLE,FEASIBLE,null,0.095417,0.046947,0.003333,False
702718,4,6,"[1,3,2,1]","[1,2,3,1,1,2]","[[0,1],[0,1,2,3,4,5],[0,5],[1,3,4,5]]",FEASIBLE,FEASIBLE,FEASIBLE,null,0.086325,0.150085,0.004802,False
702719,7,1,"[1,1,1,1,1,1,1]",[3],"[[0],[0],[0],[0],[0],[0],[0]]",UNSAT,UNSAT,UNSAT,"[0, 1, 2, 3]",0.100153,0.070412,0.00357,False
702720,7,4,"[2,1,1,1,1,2,3]","[1,3,3,2]","[[0,1,2],[0,1,2,3],[1],[0],[3],[0,1,2],[0,2,3]]",UNSAT,UNSAT,UNSAT,"[3, 6]",0.091797,0.104252,0.007688,False
702721,1,4,[2],"[1,2,3,1]","[[1,2]]",FEASIBLE,FEASIBLE,FEASIBLE,null,0.005664,0.01794,0.001304,False
702722,7,6,"[1,1,2,1,2,2,3]","[1,1,3,3,1,3]","[[0,1,3,4,5],[3],[1,4,5],[1],[0,1,5],[0,4],[0,1,2,3,5]]",UNSAT,UNSAT,UNSAT,"[2, 3, 5]",0.304267,0.087771,0.008671,False
702723,1,7,[2],"[1,1,1,1,2,3,2]","[[2,4,5,6]]",FEASIBLE,FEASIBLE,FEASIBLE,null,0.006214,0.106768,0.001907,False
702724,2,4,"[1,1]","[3,2,1,3]","[[2],[0]]",FEASIBLE,FEASIBLE,FEASIBLE,null,0.011381,0.0155,0.001508,False
702725,7,4,"[1,1,1,2,1,1,1]","[3,3,2,3]","[[0,1,2,3],[0,2,3],[0,1,2,3],[1,2],[0,1,3],[2,3],[2]]",FEASIBLE,FEASIBLE,FEASIBLE,null,0.450988,0.055786,0.00488,False
702726,4,7,"[1,3,1,1]","[1,3,2,1,3,3,3]","[[0,1,2,3,4,5,6],[0,3,4],[0,3,4,6],[0,1,2,4,5,6]]",FEASIBLE,FEASIBLE,FEASIBLE,null,0.078476,0.051722,0.004623,False
702727,2,6,"[1,1]","[3,2,1,2,2,1]","[[1],[1]]",FEASIBLE,FEASIBLE,FEASIBLE,null,0.01405,0.015996,0.001337,False
702728,3,7,"[3,3,2]","[1,1,2,3,3,3,3]","[[0,2,4],[2,5,6],[1,4]]",FEASIBLE,FEASIBLE,FEASIBLE,null,0.036316,0.034109,0.002627,False
702729,1,1,[1],[2],[[0]],FEASIBLE,FEASIBLE,FEASIBLE,null,0.002904,0.009157,0.000646,False
702730,2,1,"[1,1]",[3],"[[0],[0]]",FEASIBLE,FEASIBLE,FEASIBLE,null,0.007347,0.01861,0.000948,False
702731,5,3,"[1,1,2,1,2]","[2,2,1]","[[2],[0,1],[0,2],[1,2],[0,1]]",UNSAT,UNSAT,UNSAT,"[0, 2]",0.019317,0.048281,0.003813,False
702732,6,5,"[1,2,1,2,3,3]","[1,1,1,3,2]","[[0,1,2,3],[0,3],[0],[3,4],[0,1,2,3,4],[0,1,3,4]]",UNSAT,UNSAT,UNSAT,"[1, 2]",0.046335,0.065344,0.006017,False
702733,2,6,"[1,1]","[2,1,1,2,2,3]","[[0,1,2,3,4,5],[4]]",FEASIBLE,FEASIBLE,FEASIBLE,null,0.014004,0.019706,0.001887,False
702734,1,3,[1],"[3,3,2]",[[1]],FEASIBLE,FEASIBLE,FEASIBLE,null,0.003816,0.010294,0.001003,False
702735,6,2,"[1,1,2,1,2,1]","[2,1]","[[0],[0,1],[0,1],[0],[0,1],[1]]",UNSAT,UNSAT,UNSAT,"[2, 4]",0.030945,0.04188,0.004116,False
702736,1,4,[3],"[2,1,1,1]","[[0,1,2,3]]",FEASIBLE,FEASIBLE,FEASIBLE,null,0.004336,0.102667,0.001719,False
702737,5,4,"[1,1,1,2,2]","[2,2,3,2]","[[2,3],[3],[1,2,3],[1,2],[0,1,2]]",FEASIBLE,FEASIBLE,FEASIBLE,null,0.101461,0.034457,0.003475,False
702738,4,7,"[1,1,2,2]","[1,3,1,2,3,1,3]","[[1],[1],[3,5,6],[0,1,2,3,4,5,6]]",FEASIBLE,FEASIBLE,FEASIBLE,null,0.075627,0.033547,0.002833,False
702739,6,1,"[1,1,1,1,1,1]",[2],"[[0],[0],[0],[0],[0],[0]]",UNSAT,UNSAT,UNSAT,"[0, 1, 2]",0.027297,0.034945,0.0025,False
702740,2,3,"[1,2]","[3,2,1]","[[0,2],[0,1,2]]",FEASIBLE,FEASIBLE,FEASIBLE,null,0.010818,0.021629,0.001483,False
702741,1,3,[1],"[2,3,3]","[[1,2]]",FEASIBLE,FEASIBLE,FEASIBLE,null,0.005421,0.013201,0.00094,False
702742,2,1,"[1,1]",[3],"[[0],[0]]",FEASIBLE,FEASIBLE,FEASIBLE,null,0.007007,0.015454,0.00085,False
702743,7,2,"[2,1,1,1,1,1,1]","[1,3]","[[0,1],[1],[0,1],[1],[0],[1],[0]]",UNSAT,UNSAT,UNSAT,"[0, 4]",0.02427,0.054859,0.00342,False
702744,3,4,"[2,1,2]","[3,3,2,1]","[[0,1,2,3],[0,1],[1,3]]",FEASIBLE,FEASIBLE,FEASIBLE,null,0.030023,0.031826,0.002112,False
702745,7,7,"[1,2,2,1,2,1,1]","[3,1,2,2,3,3,3]","[[1],[0,1,2,3,5,6],[0,1,3,4,5,6],[1],[2,3],[2],[0,5]]",UNSAT,UNSAT,UNSAT,"[0, 3]",0.048871,0.076459,0.006574,False
702746,2,6,"[3,1]","[3,3,2,1,1,3]","[[1,3,4],[0,1,2,3,4,5]]",FEASIBLE,FEASIBLE,FEASIBLE,null,0.014336,0.025243,0.002327,False
702747,2,1,"[1,1]",[1],"[[0],[0]]",UNSAT,UNSAT,UNSAT,"[0, 1]",0.00549,0.019937,0.001425,False
702748,5,3,"[1,1,1,1,1]","[1,3,1]","[[0,1],[1],[2],[0],[2]]",UNSAT,UNSAT,UNSAT,"[2, 4]",0.033752,0.046186,0.003584,False
702749,3,1,"[1,1,1]",[3],"[[0],[0],[0]]",FEASIBLE,FEASIBLE,FEASIBLE,null,0.010775,0.113654,0.001555,False
702750,6,7,"[1,1,2,3,1,3]","[2,1,2,2,1,3,1]","[[1,2,5,6],[6],[0,2,3],[0,1,2,3,4,5,6],[6],[0,1,2,3,6]]",UNSAT,UNSAT,UNSAT,"[1, 4]",0.068731,0.080617,0.006448,False
702751,6,1,"[1,1,1,1,1,1]",[1],"[[0],[0],[0],[0],[0],[0]]",UNSAT,UNSAT,UNSAT,"[0, 1]",0.010179,0.034693,0.002552,False
702752,3,2,"[1,1,1]","[3,3]","[[0],[1],[0,1]]",FEASIBLE,FEASIBLE,FEASIBLE,null,0.015315,0.018538,0.001407,False
702753,6,6,"[3,1,1,1,1,1]","[2,2,2,3,3,1]","[[0,1,5],[2,4],[4],[0,1,2,3,4,5],[3],[1,2,3,4]]",FEASIBLE,FEASIBLE,FEASIBLE,null,0.346759,0.050433,0.003518,False
702754,7,2,"[1,1,1,2,1,1,1]","[2,1]","[[1],[1],[0],[0,1],[1],[0],[0]]",UNSAT,UNSAT,UNSAT,"[0, 1]",0.015264,0.043029,0.003494,False
702755,1,5,[1],"[3,2,1,2,2]",[[0]],FEASIBLE,FEASIBLE,FEASIBLE,null,0.00503,0.011975,0.000952,False
702756,4,6,"[1,2,1,2]","[3,3,2,1,1,2]","[[0],[1,5],[3],[3,5]]",UNSAT,UNSAT,UNSAT,"[2, 3]",0.041657,0.036001,0.002997,False
702757,2,3,"[2,2]","[3,1,2]","[[0,1,2],[0,1]]",FEASIBLE,FEASIBLE,FEASIBLE,null,0.009107,0.02681,0.002047,False
702758,7,5,"[1,1,2,1,3,3,3]","[1,1,3,1,3]","[[1,2],[0],[0,3],[0],[0,1,2,3,4],[0,1,3,4],[0,1,2,4]]",UNSAT,UNSAT,UNSAT,"[1, 2]",0.062651,0.091585,0.007374,False
702759,4,5,"[1,2,1,2]","[2,1,3,1,1]","[[0,3],[0,4],[0,1,2,4],[1,3]]",FEASIBLE,FEASIBLE,FEASIBLE,null,0.056565,0.044004,0.003247,False
702760,1,1,[1],[1],[[0]],FEASIBLE,FEASIBLE,FEASIBLE,null,0.003765,0.009601,0.000539,False
702761,1,6,[1],"[1,2,3,2,1,1]",[[4]],FEASIBLE,FEASIBLE,FEASIBLE,null,0.017065,0.140892,0.001039,False
702762,4,5,"[3,1,3,3]","[2,1,2,1,2]","[[0,1,2,3,4],[0,1,2,3,4],[0,1,3,4],[0,2,4]]",UNSAT,UNSAT,UNSAT,"[0, 2, 3]",0.05245,0.062711,0.005429,False
702763,5,5,"[1,3,1,1,3]","[1,2,1,2,3]","[[0,2,3,4],[0,2,3,4],[0,2,3],[0,1,2,3],[0,1,2,3]]",UNSAT,UNSAT,UNSAT,"[1, 2, 4]",0.130628,0.086315,0.006456,False
702764,1,5,[1],"[1,2,1,1,1]",[[4]],FEASIBLE,FEASIBLE,FEASIBLE,null,0.005155,0.012464,0.000949,False
702765,1,4,[2],"[1,2,3,2]","[[1,2,3]]",FEASIBLE,FEASIBLE,FEASIBLE,null,0.004397,0.014433,0.001174,False
702766,4,7,"[3,1,1,1]","[2,3,1,2,1,3,3]","[[0,1,2,3,5,6],[4,6],[0,3,4,6],[2,3]]",FEASIBLE,FEASIBLE,FEASIBLE,null,0.076508,0.035153,0.003176,False
702767,2,5,"[1,1]","[2,3,3,2,3]","[[2],[1,4]]",FEASIBLE,FEASIBLE,FEASIBLE,null,0.012245,0.016713,0.001389,False
702768,2,6,"[2,3]","[1,1,2,1,3,1]","[[0,2,3],[0,1,2,3]]",FEASIBLE,FEASIBLE,FEASIBLE,null,0.013885,0.025641,0.00195,False
702769,6,2,"[2,1,1,1,1,1]","[2,3]","[[0,1],[0],[0,1],[0,1],[1],[0,1]]",UNSAT,UNSAT,UNSAT,"[0, 1, 2, 3, 4]",0.108403,0.045099,0.00351,False
702770,2,6,"[1,1]","[1,2,2,2,3,2]","[[0],[0,3,4,5]]",FEASIBLE,FEASIBLE,FEASIBLE,null,0.013958,0.020514,0.001641,False
702771,3,6,"[1,2,1]","[3,3,1,3,2,1]","[[0,1,2,4],[0,2,3,4,5],[0,2,3,4,5]]",FEASIBLE,FEASIBLE,FEASIBLE,null,0.030967,0.028344,0.002849,False
702772,3,6,"[1,1,3]","[1,1,2,3,2,1]","[[1,2,3,4,5],[4],[2,3,4]]",FEASIBLE,FEASIBLE,FEASIBLE,null,0.037612,0.029667,0.002277,False
702773,5,2,"[1,1,2,1,1]","[3,1]","[[0],[0,1],[0,1],[1],[1]]",UNSAT,UNSAT,UNSAT,"[2, 3]",0.024426,0.123342,0.002949,False
702774,4,5,"[2,1,1,2]","[3,1,2,3,2]","[[0,1,2,3],[0,1,2,3,4],[4],[0,2,4]]",FEASIBLE,FEASIBLE,FEASIBLE,null,0.059766,0.033312,0.002693,False
702775,1,3,[1],"[3,3,2]",[[1]],FEASIBLE,FEASIBLE,FEASIBLE,null,0.003774,0.010173,0.000818,False
702776,4,2,"[1,1,1,1]","[1,1]","[[1],[0,1],[0,1],[0]]",UNSAT,UNSAT,UNSAT,"[0, 1, 2]",0.022386,0.031696,0.002592,False
702777,4,6,"[2,1,1,1]","[3,1,2,1,1,2]","[[0,4,5],[2,3],[0,1,2,3,4,5],[0,1,2,3,4,5]]",FEASIBLE,FEASIBLE,FEASIBLE,null,0.068381,0.033865,0.003131,False
702778,4,5,"[1,2,2,2]","[2,1,2,3,3]","[[1],[2,3,4],[0,1,2,4],[2,4]]",FEASIBLE,FEASIBLE,FEASIBLE,null,0.059259,0.043938,0.003011,False
702779,5,3,"[2,1,1,3,1]","[2,2,2]","[[0,1,2],[0],[1],[0,1,2],[0,1]]",UNSAT,UNSAT,UNSAT,"[0, 1, 2, 3]",0.146169,0.063137,0.00459,False
702780,3,5,"[1,1,2]","[3,2,2,1,3]","[[0],[1],[0,3]]",FEASIBLE,FEASIBLE,FEASIBLE,null,0.02761,0.022525,0.001718,False
702781,2,1,"[1,1]",[2],"[[0],[0]]",FEASIBLE,FEASIBLE,FEASIBLE,null,0.006456,0.014845,0.000796,False
702782,7,5,"[2,1,1,3,1,3,1]","[3,1,3,2,3]","[[0,1,3,4],[0,2,3],[2],[0,3,4],[0,1,2,3,4],[0,1,3,4],[0,1,2,3,4]]",FEASIBLE,FEASIBLE,FEASIBLE,null,0.523619,0.074653,0.005532,False
702783,4,1,"[1,1,1,1]",[2],"[[0],[0],[0],[0]]",UNSAT,UNSAT,UNSAT,"[0, 1, 2]",0.015354,0.027694,0.002079,False
702784,4,1,"[1,1,1,1]",[1],"[[0],[0],[0],[0]]",UNSAT,UNSAT,UNSAT,"[0, 1]",0.007597,0.028415,0.001957,False
702785,4,6,"[1,1,3,1]","[2,1,1,3,2,2]","[[0,1,2,3,4,5],[1,5],[2,3,5],[2]]",UNSAT,UNSAT,UNSAT,"[2, 3]",0.043137,0.117351,0.004379,False
702786,2,1,"[1,1]",[2],"[[0],[0]]",FEASIBLE,FEASIBLE,FEASIBLE,null,0.005955,0.01369,0.000868,False
702787,1,6,[1],"[3,3,2,1,1,1]","[[2,3,5]]",FEASIBLE,FEASIBLE,FEASIBLE,null,0.005501,0.012826,0.001288,False
702788,3,2,"[1,2,2]","[1,3]","[[0,1],[0,1],[0,1]]",UNSAT,UNSAT,UNSAT,"[1, 2]",0.012455,0.039497,0.002977,False
702789,4,2,"[1,1,1,1]","[2,1]","[[1],[0],[0,1],[0]]",UNSAT,UNSAT,UNSAT,"[0, 1, 2, 3]",0.030455,0.03077,0.002214,False
702790,3,4,"[3,1,1]","[3,2,1,1]","[[0,1,3],[3],[0]]",UNSAT,UNSAT,UNSAT,"[0, 1]",0.01307,0.03114,0.002161,False
702791,5,2,"[1,1,2,2,1]","[3,3]","[[0],[1],[0,1],[0,1],[0,1]]",UNSAT,UNSAT,UNSAT,"[0, 1, 2, 3, 4]",0.059872,0.040977,0.003031,False
702792,4,7,"[2,2,2,3]","[1,1,2,1,3,1,3]","[[0,3,4,5,6],[0,1,3,4,5,6],[0,3],[0,1,2,4,5,6]]",FEASIBLE,FEASIBLE,FEASIBLE,null,0.078071,0.063827,0.005554,False
702793,3,1,"[1,1,1]",[2],"[[0],[0],[0]]",UNSAT,UNSAT,UNSAT,"[0, 1, 2]",0.010464,0.023897,0.01271,False
702794,5,5,"[1,1,1,3,1]","[2,2,2,2,1]","[[3],[2],[1],[0,1,2,3,4],[1,2,3]]",FEASIBLE,FEASIBLE,FEASIBLE,null,0.11852,0.035623,0.002924,False
702795,2,7,"[1,1]","[2,1,2,3,1,2,3]","[[0,1,2,3,4,5,6],[0,1,2,3,6]]",FEASIBLE,FEASIBLE,FEASIBLE,null,0.015772,0.022218,0.002211,False
702796,2,7,"[1,1]","[1,3,1,2,2,3,1]","[[0,1,2,3,4,5,6],[0,1,2,3,5,6]]",FEASIBLE,FEASIBLE,FEASIBLE,null,0.016684,0.024951,0.002009,False
702797,5,2,"[1,1,1,2,1]","[2,1]","[[0,1],[0],[1],[0,1],[1]]",UNSAT,UNSAT,UNSAT,"[2, 3]",0.026117,0.038015,0.002959,False
702798,5,3,"[1,2,2,1,1]","[2,3,3]","[[1],[0,1],[0,1,2],[2],[0,1]]",FEASIBLE,FEASIBLE,FEASIBLE,null,0.083719,0.124252,0.002529,False
702799,3,2,"[1,1,1]","[3,3]","[[1],[1],[0,1]]",FEASIBLE,FEASIBLE,FEASIBLE,null,0.015874,0.018896,0.001291,False
702800,2,1,"[1,1]",[2],"[[0],[0]]",FEASIBLE,FEASIBLE,FEASIBLE,null,0.005956,0.013428,0.000638,False
702801,1,7,[2],"[2,3,2,2,2,1,3]","[[3,6]]",FEASIBLE,FEASIBLE,FEASIBLE,null,0.020542,0.015634,0.001123,False
702802,2,1,"[1,1]",[1],"[[0],[0]]",UNSAT,UNSAT,UNSAT,"[0, 1]",0.005614,0.020309,0.001151,False
702803,4,5,"[1,3,2,3]","[3,2,2,2,2]","[[0,3],[0,1,3,4],[0,1,2,3],[0,1,3]]",FEASIBLE,FEASIBLE,FEASIBLE,null,0.058329,0.055281,0.003294,False
702804,5,6,"[1,1,2,2,1]","[3,1,1,3,1,1]","[[0,3],[0,2],[0,2,3,4,5],[1,3,4],[0,1,3,4,5]]",FEASIBLE,FEASIBLE,FEASIBLE,null,0.143444,0.040655,0.003111,False
702805,3,5,"[1,1,1]","[2,1,1,3,1]","[[0,1,2,3,4],[0,1,2,3],[1]]",FEASIBLE,FEASIBLE,FEASIBLE,null,0.027816,0.023571,0.001914,False
702806,3,1,"[1,1,1]",[3],"[[0],[0],[0]]",FEASIBLE,FEASIBLE,FEASIBLE,null,0.010643,0.017089,0.000965,False
702807,7,5,"[2,1,1,3,1,1,1]","[2,1,3,1,3]","[[1,3],[1,2],[2,3,4],[0,1,2,3,4],[0,2,3],[0,1,3,4],[1]]",UNSAT,UNSAT,UNSAT,"[0, 6]",0.047646,0.062863,0.004474,False
702808,1,1,[1],[3],[[0]],FEASIBLE,FEASIBLE,FEASIBLE,null,0.003419,0.012274,0.000519,False
702809,4,2,"[1,2,2,1]","[2,3]","[[1],[0,1],[0,1],[0]]",UNSAT,UNSAT,UNSAT,"[1, 2, 3]",0.036927,0.053097,0.002196,False
702810,5,1,"[1,1,1,1,1]",[1],"[[0],[0],[0],[0],[0]]",UNSAT,UNSAT,UNSAT,"[0, 1]",0.009527,0.031586,0.002011,False
702811,7,7,"[1,3,3,3,1,2,3]","[3,1,1,3,3,1,1]","[[1,3,4,5],[0,1,2,3,4,5,6],[0,3,4,5,6],[0,1,2,3,4,5,6],[2,6],[1,3,4,5,6],[0,2,3]]",UNSAT,UNSAT,UNSAT,"[1, 2, 3, 5, 6]",0.721753,0.203747,0.008561,False
702812,3,3,"[1,1,1]","[3,2,1]","[[0,1,2],[2],[0]]",FEASIBLE,FEASIBLE,FEASIBLE,null,0.020074,0.020533,0.001291,False
702813,5,4,"[1,3,1,1,3]","[3,3,2,3]","[[3],[0,2,3],[0,1,2,3],[0],[0,1,2,3]]",FEASIBLE,FEASIBLE,FEASIBLE,null,0.103323,0.039964,0.002457,False
702814,4,1,"[1,1,1,1]",[1],"[[0],[0],[0],[0]]",UNSAT,UNSAT,UNSAT,"[0, 1]",0.007989,0.027429,0.001636,False
702815,1,3,[1],"[1,2,1]",[[0]],FEASIBLE,FEASIBLE,FEASIBLE,null,0.003869,0.010505,0.000687,False
702816,6,2,"[1,2,1,2,1,1]","[3,2]","[[0],[0,1],[0],[0,1],[0,1],[1]]",UNSAT,UNSAT,UNSAT,"[1, 3, 5]",0.067834,0.045036,0.002955,False
702817,3,3,"[3,1,1]","[3,3,1]","[[0,1,2],[1],[2]]",UNSAT,UNSAT,UNSAT,"[0, 2]",0.01358,0.03171,0.002107,False
702818,6,4,"[1,2,2,2,1,1]","[1,1,1,2]","[[0,2],[2,3],[1,2],[0,1,2],[1,2,3],[0,1]]",UNSAT,UNSAT,UNSAT,"[1, 2]",0.037642,0.055346,0.004253,False
702819,6,5,"[2,1,3,3,2,1]","[1,2,3,3,1]","[[1,4],[0,2,3],[0,1,2,3,4],[1,2,3],[0,2],[0,1,2,3,4]]",UNSAT,UNSAT,UNSAT,"[0, 2, 3, 4]",0.192016,0.069131,0.005431,False
702820,7,1,"[1,1,1,1,1,1,1]",[2],"[[0],[0],[0],[0],[0],[0],[0]]",UNSAT,UNSAT,UNSAT,"[0, 1, 2]",0.035982,0.043529,0.002496,False
702821,2,6,"[3,1]","[2,1,3,1,2,3]","[[1,2,4,5],[0,1,2,3,4,5]]",FEASIBLE,FEASIBLE,FEASIBLE,null,0.014727,0.027739,0.001957,False
702822,2,7,"[3,1]","[2,1,3,3,3,1,3]","[[0,1,2,3,4,5,6],[0,1,2,6]]",FEASIBLE,FEASIBLE,FEASIBLE,null,0.015908,0.101299,0.002042,False
702823,4,3,"[1,1,3,2]","[3,2,2]","[[0,1,2],[2],[0,1,2],[0,2]]",UNSAT,UNSAT,UNSAT,"[1, 2, 3]",0.036358,0.055968,0.002678,False
702824,5,3,"[3,1,1,1,2]","[2,1,1]","[[0,1,2],[0,1,2],[2],[0,1,2],[0,2]]",UNSAT,UNSAT,UNSAT,"[0, 2]",0.018381,0.047398,0.003269,False
702825,3,3,"[1,3,1]","[2,3,3]","[[1,2],[0,1,2],[0,2]]",FEASIBLE,FEASIBLE,FEASIBLE,null,0.019425,0.025453,0.001648,False
702826,5,4,"[2,2,1,2,1]","[3,1,2,3]","[[1,2],[0,1,2,3],[3],[0,1,2,3],[2,3]]",FEASIBLE,FEASIBLE,FEASIBLE,null,0.102576,0.039801,0.002586,False
702827,4,4,"[3,1,1,3]","[2,3,2,1]","[[0,1,2,3],[0,1,2,3],[0,2,3],[0,1,2,3]]",FEASIBLE,FEASIBLE,FEASIBLE,null,0.049847,0.050977,0.003506,False
702828,2,7,"[2,1]","[3,1,1,1,1,2,2]","[[2,3],[3,5]]",FEASIBLE,FEASIBLE,FEASIBLE,null,0.016407,0.021062,0.001399,False
702829,4,7,"[1,1,1,3]","[3,2,3,2,3,3,2]","[[1],[0],[5],[0,1,2,3,4]]",FEASIBLE,FEASIBLE,FEASIBLE,null,0.097381,0.044325,0.00213,False
702830,4,2,"[1,1,1,2]","[1,2]","[[1],[1],[0],[0,1]]",UNSAT,UNSAT,UNSAT,"[2, 3]",0.020106,0.032527,0.002101,False
702831,7,6,"[3,3,3,3,1,2,1]","[1,1,2,1,1,2]","[[0,3,4],[0,2,3,4],[0,1,2,4,5],[0,1,2,3,4],[0,1,2,3],[0,1,2,3,4,5],[5]]",UNSAT,UNSAT,UNSAT,"[0, 1]",0.033309,0.084788,0.006888,False
702832,1,4,[1],"[1,1,2,2]","[[1,2]]",FEASIBLE,FEASIBLE,FEASIBLE,null,0.004605,0.013102,0.000924,False
702833,6,5,"[1,1,2,1,2,2]","[1,3,1,1,1]","[[0,2,3,4],[1,2],[0,1,2,3,4],[1,2,4],[1,4],[0,1]]",UNSAT,UNSAT,UNSAT,"[0, 1, 2, 4, 5]",0.240753,0.163359,0.006149,False
702834,3,4,"[3,3,1]","[1,1,2,1]","[[0,1,2,3],[0,1,2,3],[1]]",UNSAT,UNSAT,UNSAT,"[0, 1]",0.01426,0.042486,0.002862,False
702835,5,5,"[3,2,1,2,2]","[2,2,1,1,1]","[[0,2,3,4],[1,3],[0,1,3,4],[1,2,4],[0,1,4]]",UNSAT,UNSAT,UNSAT,"[0, 1, 3]",0.140234,0.062866,0.004745,False
702836,3,4,"[1,2,1]","[3,3,2,2]","[[1,2],[1,3],[1]]",FEASIBLE,FEASIBLE,FEASIBLE,null,0.024039,0.02321,0.001374,False
702837,1,3,[2],"[3,1,1]","[[0,1,2]]",FEASIBLE,FEASIBLE,FEASIBLE,null,0.004139,0.014578,0.00099,False
702838,6,3,"[2,1,1,1,1,1]","[3,3,3]","[[0,1,2],[0,1,2],[1],[0,1,2],[0],[1]]",FEASIBLE,FEASIBLE,FEASIBLE,null,0.17698,0.047339,0.002738,False
702839,3,1,"[1,1,1]",[1],"[[0],[0],[0]]",UNSAT,UNSAT,UNSAT,"[0, 1]",0.007163,0.025184,0.001476,False
702840,1,1,[1],[3],[[0]],FEASIBLE,FEASIBLE,FEASIBLE,null,0.002906,0.009619,0.000569,False
702841,4,2,"[1,1,2,2]","[2,3]","[[1],[0,1],[0,1],[0,1]]",UNSAT,UNSAT,UNSAT,"[0, 1, 2, 3]",0.030777,0.038313,0.002447,False
702842,4,6,"[3,2,3,2]","[2,2,2,3,1,2]","[[0,1,2,4,5],[0,1,3,4,5],[0,1,3,4,5],[0,1,2,3,4,5]]",FEASIBLE,FEASIBLE,FEASIBLE,null,0.070662,0.051203,0.003517,False
702843,2,5,"[1,1]","[1,1,1,3,2]","[[0,1,2,4],[2,4]]",FEASIBLE,FEASIBLE,FEASIBLE,null,0.013137,0.020578,0.001416,False
702844,2,1,"[1,1]",[1],"[[0],[0]]",UNSAT,UNSAT,UNSAT,"[0, 1]",0.005711,0.021361,0.001142,False
702845,7,5,"[2,1,3,1,1,1,1]","[3,3,3,3,3]","[[0,2],[2,4],[0,1,3,4],[2,3],[0,1,4],[2],[1,2]]",FEASIBLE,FEASIBLE,FEASIBLE,null,0.539289,0.13836,0.003877,False
702846,4,6,"[2,1,1,3]","[1,1,2,1,2,2]","[[1,3,4],[5],[0],[0,1,2,3]]",UNSAT,UNSAT,UNSAT,"[0, 2, 3]",0.060887,0.059425,0.004036,False
702847,3,5,"[1,2,1]","[2,3,1,1,3]","[[2,3],[2,3,4],[0,1,2,3,4]]",FEASIBLE,FEASIBLE,FEASIBLE,null,0.02977,0.028889,0.001973,False
702848,3,2,"[1,2,1]","[3,3]","[[0,1],[0,1],[0,1]]",FEASIBLE,FEASIBLE,FEASIBLE,null,0.016198,0.02235,0.001339,False
702849,5,5,"[2,1,1,2,1]","[1,2,3,3,2]","[[0,1,2,3],[4],[0,1,2,4],[0,3],[2,3]]",FEASIBLE,FEASIBLE,FEASIBLE,null,0.126647,0.048566,0.003102,False
702850,6,1,"[1,1,1,1,1,1]",[2],"[[0],[0],[0],[0],[0],[0]]",UNSAT,UNSAT,UNSAT,"[0, 1, 2]",0.029414,0.038272,0.002224,False
702851,3,2,"[1,1,1]","[1,1]","[[0],[0],[0,1]]",UNSAT,UNSAT,UNSAT,"[0, 1]",0.00935,0.026784,0.001696,False
702852,7,1,"[1,1,1,1,1,1,1]",[3],"[[0],[0],[0],[0],[0],[0],[0]]",UNSAT,UNSAT,UNSAT,"[0, 1, 2, 3]",0.129247,0.050454,0.002313,False
702853,6,6,"[1,2,2,2,1,1]","[2,3,3,1,2,2]","[[1,2,4,5],[0,1,2,3,4,5],[0,2,3,5],[0,1,2,3,4],[0,2,4,5],[4]]",FEASIBLE,FEASIBLE,FEASIBLE,null,0.313359,0.12925,0.003786,False
702854,7,6,"[1,1,1,3,1,1,2]","[3,2,1,3,1,1]","[[0,1,3,4],[0,1,2,3],[2,4],[0,2,4],[0,1,2,3,5],[0,1,2],[2,3]]",UNSAT,UNSAT,UNSAT,"[2, 3]",0.105456,0.169164,0.004945,False
702855,6,3,"[1,1,1,2,1,2]","[2,3,2]","[[0,1],[0],[0,1,2],[0,2],[0,1],[0,1,2]]",UNSAT,UNSAT,UNSAT,"[0, 1, 2, 3, 4, 5]",0.19047,0.251984,0.003912,False
702856,3,5,"[1,1,2]","[1,2,1,1,2]","[[0,1,2,3,4],[0],[1,3]]",FEASIBLE,FEASIBLE,FEASIBLE,null,0.029305,0.035582,0.004142,False
702857,4,5,"[1,3,2,2]","[3,1,1,1,2]","[[3],[0,1,2,3,4],[0,1,2,3,4],[0,2,3,4]]",FEASIBLE,FEASIBLE,FEASIBLE,null,0.078552,0.044337,0.003765,False
702858,6,1,"[1,1,1,1,1,1]",[2],"[[0],[0],[0],[0],[0],[0]]",UNSAT,UNSAT,UNSAT,"[0, 1, 2]",0.028961,0.037717,0.003574,False
702859,3,1,"[1,1,1]",[1],"[[0],[0],[0]]",UNSAT,UNSAT,UNSAT,"[0, 1]",0.008264,0.030776,0.001794,False
702860,2,5,"[3,2]","[1,3,1,3,3]","[[1,3,4],[0,4]]",FEASIBLE,FEASIBLE,FEASIBLE,null,0.013446,0.025169,0.001859,False
702861,1,4,[2],"[2,1,1,3]","[[1,2]]",FEASIBLE,FEASIBLE,FEASIBLE,null,0.006364,0.0183,0.001016,False
702862,3,6,"[3,3,1]","[2,1,3,1,3,3]","[[3,4,5],[0,1,4],[4]]",FEASIBLE,FEASIBLE,FEASIBLE,null,0.034499,0.036252,0.00205,False
702863,3,3,"[1,1,3]","[1,3,3]","[[1],[2],[0,1,2]]",FEASIBLE,FEASIBLE,FEASIBLE,null,0.027499,0.026378,0.001633,False
702864,1,6,[1],"[2,3,2,1,1,1]","[[0,4,5]]",FEASIBLE,FEASIBLE,FEASIBLE,null,0.008602,0.014324,0.001123,False
702865,3,1,"[1,1,1]",[3],"[[0],[0],[0]]",FEASIBLE,FEASIBLE,FEASIBLE,null,0.011282,0.017913,0.00101,False
702866,3,5,"[1,3,1]","[1,2,2,3,1]","[[0,1,3,4],[2,3,4],[4]]",UNSAT,UNSAT,UNSAT,"[1, 2]",0.023565,0.03587,0.002769,False
702867,6,4,"[2,2,1,2,2,2]","[1,3,1,2]","[[1,2],[0,1,2,3],[3],[1,2],[0,1,2,3],[0,1,2,3]]",UNSAT,UNSAT,UNSAT,"[0, 3]",0.031993,0.071867,0.006107,False
702868,7,7,"[1,2,3,2,1,3,1]","[1,1,2,3,1,2,3]","[[4],[0,1,6],[0,1,2,3,4,5],[0,1,2,3,4,6],[1,2,3,5,6],[2,5,6],[0,6]]",FEASIBLE,FEASIBLE,FEASIBLE,null,0.822863,0.199641,0.00648,False
702869,7,5,"[2,1,1,2,1,1,1]","[3,1,2,2,1]","[[0,1,2,3,4],[0,1,3],[0,3],[0,1,2,3,4],[4],[1],[1]]",UNSAT,UNSAT,UNSAT,"[5, 6]",0.106708,0.076836,0.005558,False
702870,3,6,"[1,3,1]","[2,2,3,2,1,3]","[[5],[0,1,2,3],[3]]",FEASIBLE,FEASIBLE,FEASIBLE,null,0.033277,0.031116,0.001934,False
702871,3,5,"[1,2,1]","[3,1,1,3,3]","[[2,4],[1,4],[0,1,2,4]]",FEASIBLE,FEASIBLE,FEASIBLE,null,0.028698,0.025537,0.001822,False
702872,7,4,"[1,1,3,1,2,1,2]","[3,1,2,1]","[[0,1],[2],[0,1,2],[1,2,3],[0,1,2,3],[1],[0,1,2,3]]",UNSAT,UNSAT,UNSAT,"[2, 5]",0.066506,0.071811,0.00574,False
702873,3,2,"[1,1,2]","[3,3]","[[0,1],[0],[0,1]]",FEASIBLE,FEASIBLE,FEASIBLE,null,0.015404,0.022208,0.001372,False
702874,1,4,[2],"[1,2,3,3]","[[1,3]]",FEASIBLE,FEASIBLE,FEASIBLE,null,0.00469,0.014039,0.000966,False
702875,7,5,"[3,1,2,1,3,3,1]","[1,3,2,2,3]","[[1,3,4],[0],[0,1,2,3,4],[0],[0,2,4],[0,1,2,3,4],[2]]",UNSAT,UNSAT,UNSAT,"[1, 3]",0.055434,0.073406,0.005874,False
702876,3,3,"[2,2,1]","[3,1,1]","[[0,2],[0,1,2],[1]]",UNSAT,UNSAT,UNSAT,"[0, 1, 2]",0.019849,0.034096,0.002574,False
702877,6,2,"[1,1,1,1,1,1]","[3,2]","[[1],[1],[1],[0,1],[0,1],[0]]",UNSAT,UNSAT,UNSAT,"[0, 1, 2]",0.041993,0.040253,0.002971,False
702878,2,3,"[1,1]","[2,2,3]","[[0],[2]]",FEASIBLE,FEASIBLE,FEASIBLE,null,0.009505,0.020841,0.001011,False
702879,4,5,"[2,2,1,1]","[2,1,1,2,1]","[[0,1,2,3,4],[0,1,4],[0],[0,1,2,3]]",FEASIBLE,FEASIBLE,FEASIBLE,null,0.059694,0.13578,0.003322,False
702880,4,2,"[2,1,2,1]","[3,2]","[[0,1],[1],[0,1],[1]]",UNSAT,UNSAT,UNSAT,"[0, 1, 2]",0.023279,0.035864,0.002521,False
702881,7,1,"[1,1,1,1,1,1,1]",[2],"[[0],[0],[0],[0],[0],[0],[0]]",UNSAT,UNSAT,UNSAT,"[0, 1, 2]",0.038167,0.04162,0.002761,False
702882,2,6,"[1,2]","[2,2,2,1,3,1]","[[0,1,2,4],[0,1,5]]",FEASIBLE,FEASIBLE,FEASIBLE,null,0.015277,0.022718,0.001642,False
702883,1,5,[2],"[1,1,3,3,3]","[[0,1,2,3,4]]",FEASIBLE,FEASIBLE,FEASIBLE,null,0.005427,0.016892,0.001238,False
702884,4,6,"[1,2,1,1]","[1,1,2,2,1,1]","[[0],[0,1,3,5],[0,1,2,4],[1,2,3]]",FEASIBLE,FEASIBLE,FEASIBLE,null,0.069983,0.0352,0.00242,False
702885,5,4,"[1,2,1,3,2]","[3,1,1,2]","[[0,1,2,3],[1,2,3],[0,1,2],[0,1,2,3],[1,2,3]]",UNSAT,UNSAT,UNSAT,"[1, 3, 4]",0.094735,0.058531,0.004653,False
702886,1,1,[1],[3],[[0]],FEASIBLE,FEASIBLE,FEASIBLE,null,0.003104,0.010383,0.000647,False
702887,4,1,"[1,1,1,1]",[3],"[[0],[0],[0],[0]]",UNSAT,UNSAT,UNSAT,"[0, 1, 2, 3]",0.021839,0.029889,0.002063,False
702888,3,5,"[2,2,1]","[3,3,2,1,1]","[[0,1,2,3,4],[0,3,4],[4]]",FEASIBLE,FEASIBLE,FEASIBLE,null,0.028634,0.028512,0.001949,False
702889,2,4,"[1,2]","[1,2,2,3]","[[1],[0,3]]",FEASIBLE,FEASIBLE,FEASIBLE,null,0.011162,0.018148,0.001062,False
702890,1,2,[1],"[3,1]","[[0,1]]",FEASIBLE,FEASIBLE,FEASIBLE,null,0.003531,0.010815,0.000686,False
702891,1,5,[1],"[1,1,1,1,1]","[[0,1,3,4]]",FEASIBLE,FEASIBLE,FEASIBLE,null,0.004928,0.013343,0.001039,False
702892,7,6,"[1,1,3,2,1,1,3]","[2,1,1,1,2,3]","[[0,1,3],[1,5],[0,1,2,3,4],[0,2,3,5],[4],[0,1,2,3,4,5],[0,1,2,3,4,5]]",UNSAT,UNSAT,UNSAT,"[0, 2, 3, 4, 6]",0.536096,0.20681,0.009081,False
702893,4,6,"[2,2,1,1]","[1,2,1,2,2,3]","[[2,5],[1,3],[3,4],[2,3]]",FEASIBLE,FEASIBLE,FEASIBLE,null,0.070544,0.05039,0.002686,False
702894,3,1,"[1,1,1]",[2],"[[0],[0],[0]]",UNSAT,UNSAT,UNSAT,"[0, 1, 2]",0.011336,0.025644,0.001668,False
702895,2,6,"[2,2]","[2,2,3,2,3,1]","[[0,1,5],[1,3,4,5]]",FEASIBLE,FEASIBLE,FEASIBLE,null,0.015084,0.024399,0.001665,False
702896,7,1,"[1,1,1,1,1,1,1]",[3],"[[0],[0],[0],[0],[0],[0],[0]]",UNSAT,UNSAT,UNSAT,"[0, 1, 2, 3]",0.08279,0.040596,0.002526,False
702897,2,2,"[2,2]","[2,1]","[[0,1],[0,1]]",UNSAT,UNSAT,UNSAT,"[0, 1]",0.007578,0.027727,0.001825,False
702898,1,4,[1],"[1,2,2,3]","[[1,3]]",FEASIBLE,FEASIBLE,FEASIBLE,null,0.004708,0.012439,0.000799,False
702899,4,4,"[1,3,3,1]","[1,3,3,3]","[[0,1,2,3],[0,2,3],[0,1,2],[0,1,3]]",UNSAT,UNSAT,UNSAT,"[1, 2]",0.026442,0.059839,0.00403,False
702900,6,6,"[3,3,3,1,1,2]","[2,3,3,2,3,3]","[[0,1,2,3,4],[0,1,2,3,4],[0,1,5],[0,4],[4,5],[0,3,5]]",FEASIBLE,FEASIBLE,FEASIBLE,null,0.330777,0.09643,0.004564,False
702901,2,6,"[3,2]","[3,1,3,1,1,3]","[[0,1,2,3,4,5],[0,2]]",FEASIBLE,FEASIBLE,FEASIBLE,null,0.015229,0.027541,0.001864,False
702902,2,6,"[2,3]","[3,3,1,3,2,3]","[[0,1,2,3,5],[1,2,3]]",FEASIBLE,FEASIBLE,FEASIBLE,null,0.014772,0.026703,0.001687,False
702903,6,2,"[1,1,1,1,1,2]","[2,1]","[[0,1],[0],[0],[0],[0],[0,1]]",UNSAT,UNSAT,UNSAT,"[0, 1, 5]",0.049026,0.044579,0.003022,False
702904,6,7,"[1,3,2,1,3,2]","[2,1,2,1,1,3,2]","[[2,6],[0,2,3,6],[1,2,3,4,5,6],[0,1,2,3,4,5,6],[1,2,3],[0,1,2,3,4,5]]",FEASIBLE,FEASIBLE,FEASIBLE,null,0.354172,0.172595,0.005816,False
702905,1,5,[1],"[2,1,3,3,3]","[[0,1,2,3,4]]",FEASIBLE,FEASIBLE,FEASIBLE,null,0.005596,0.015169,0.001127,False
702906,3,4,"[1,2,1]","[3,3,1,2]","[[1,2,3],[0,1,2],[3]]",FEASIBLE,FEASIBLE,FEASIBLE,null,0.025114,0.024914,0.001761,False
702907,1,3,[1],"[2,1,1]","[[0,1,2]]",FEASIBLE,FEASIBLE,FEASIBLE,null,0.004245,0.012375,0.000887,False
702908,2,6,"[2,3]","[3,3,2,3,2,3]","[[1,5],[0,1,2,3,5]]",FEASIBLE,FEASIBLE,FEASIBLE,null,0.015163,0.026365,0.001721,False
702909,7,6,"[1,2,1,2,1,3,2]","[1,1,1,1,1,3]","[[3],[0,2,4,5],[0,3],[2,3,4,5],[2,4],[0,1,4,5],[0,1,2,3,4,5]]",UNSAT,UNSAT,UNSAT,"[1, 3, 5, 6]",0.500386,0.083139,0.006972,False
702910,4,4,"[1,2,2,2]","[2,2,2,1]","[[0,1,2,3],[1,2,3],[1,2,3],[2,3]]",UNSAT,UNSAT,UNSAT,"[1, 2, 3]",0.049183,0.047083,0.003341,False
702911,1,1,[1],[2],[[0]],FEASIBLE,FEASIBLE,FEASIBLE,null,0.002897,0.010278,0.000588,False
702912,5,6,"[3,1,2,2,2]","[3,1,2,2,3,2]","[[0,1,2,3,4,5],[5],[3,4,5],[0,1,2,3,4,5],[0,1,2,3,4,5]]",FEASIBLE,FEASIBLE,FEASIBLE,null,0.152959,0.053075,0.003793,False
702913,5,2,"[1,2,1,1,2]","[1,1]","[[0,1],[0,1],[0],[1],[0,1]]",UNSAT,UNSAT,UNSAT,"[0, 1]",0.014914,0.040394,0.003122,False
702914,2,1,"[1,1]",[3],"[[0],[0]]",FEASIBLE,FEASIBLE,FEASIBLE,null,0.006233,0.014601,0.000822,False
702915,3,1,"[1,1,1]",[1],"[[0],[0],[0]]",UNSAT,UNSAT,UNSAT,"[0, 1]",0.006639,0.024952,0.001615,False
702916,7,2,"[1,1,1,1,1,1,1]","[2,2]","[[1],[1],[0,1],[0,1],[1],[0],[0,1]]",UNSAT,UNSAT,UNSAT,"[0, 1, 4]",0.060457,0.131127,0.003439,False
702917,5,7,"[2,2,3,1,1]","[2,3,1,3,1,3,2]","[[0,1,2,3],[0,1,2,3,4,5,6],[0,1,2,3,4,5],[2,3],[1,2,3,5,6]]",FEASIBLE,FEASIBLE,FEASIBLE,null,0.17856,0.053408,0.003912,False
702918,5,4,"[3,1,1,1,1]","[1,3,3,2]","[[0,1,2,3],[3],[2,3],[1,2,3],[1]]",FEASIBLE,FEASIBLE,FEASIBLE,null,0.112082,0.037388,0.002136,False
702919,7,5,"[2,1,3,3,2,2,3]","[2,2,2,2,3]","[[0,1,4],[4],[0,1,2,3,4],[0,1,2,3,4],[0,3],[0,3],[0,1,2,3,4]]",UNSAT,UNSAT,UNSAT,"[0, 1, 2, 3, 6]",0.498577,0.085385,0.00602,False
702920,6,4,"[1,1,1,1,2,1]","[3,3,3,2]","[[0,1,2,3],[0,1,2,3],[2],[0,1,2],[1,3],[0,1,2,3]]",FEASIBLE,FEASIBLE,FEASIBLE,null,0.241969,0.091622,0.003072,False
702921,5,6,"[1,3,1,1,1]","[3,3,3,1,1,3]","[[0],[0,4,5],[0,3,4,5],[1,2,3,4,5],[0,1,2,3,4,5]]",FEASIBLE,FEASIBLE,FEASIBLE,null,0.155089,0.044511,0.003348,False
702922,7,3,"[3,1,1,2,1,2,2]","[2,3,2]","[[0,1,2],[2],[0,1,2],[0,1],[0,2],[0,1,2],[0,1,2]]",UNSAT,UNSAT,UNSAT,"[0, 1, 3, 4]",0.18547,0.066257,0.004458,False
702923,5,2,"[1,2,2,1,2]","[1,2]","[[0],[0,1],[0,1],[0,1],[0,1]]",UNSAT,UNSAT,UNSAT,"[0, 1]",0.013239,0.043922,0.003168,False
702924,7,2,"[1,1,2,1,2,1,1]","[3,1]","[[0],[1],[0,1],[0],[0,1],[0,1],[0,1]]",UNSAT,UNSAT,UNSAT,"[1, 2]",0.027664,0.051748,0.003469,False
702925,6,3,"[1,3,1,1,1,1]","[2,1,3]","[[0,1,2],[0,1,2],[0,1,2],[0,1,2],[1],[0]]",UNSAT,UNSAT,UNSAT,"[1, 4]",0.035897,0.147441,0.004184,False
702926,5,7,"[2,3,1,2,1]","[2,1,3,1,3,1,3]","[[0,6],[0,2,4,5,6],[2],[0,1,2,3,4,5,6],[0,1,2,3,4,5,6]]",FEASIBLE,FEASIBLE,FEASIBLE,null,0.176062,0.053147,0.003673,False
702927,2,3,"[2,1]","[1,2,1]","[[0,1],[0]]",UNSAT,UNSAT,UNSAT,"[0, 1]",0.010031,0.025698,0.001766,False
702928,2,7,"[1,1]","[1,1,2,1,3,3,2]","[[2],[0,1,2,3,4,6]]",FEASIBLE,FEASIBLE,FEASIBLE,null,0.032667,0.023491,0.001645,False
702929,7,5,"[3,2,2,1,1,1,1]","[1,3,2,2,1]","[[0,1,2,4],[1,2,3],[0,2,3],[2],[0,1,2,3],[1],[1]]",UNSAT,UNSAT,UNSAT,"[0, 1, 2, 3, 4, 5]",0.578009,0.09304,0.006194,False
702930,1,1,[1],[2],[[0]],FEASIBLE,FEASIBLE,FEASIBLE,null,0.003156,0.010937,0.000581,False
702931,4,2,"[2,2,1,1]","[2,3]","[[0,1],[0,1],[0],[0]]",UNSAT,UNSAT,UNSAT,"[0, 1, 2]",0.023863,0.03903,0.002334,False
702932,3,3,"[2,1,3]","[1,2,1]","[[0,1,2],[0,1,2],[0,1,2]]",UNSAT,UNSAT,UNSAT,"[0, 2]",0.034857,0.054594,0.003972,False
702933,5,6,"[2,1,2,1,3]","[2,1,3,1,2,1]","[[1,3],[0,1,2,3,4],[2,4],[0,2],[0,1,2,3,5]]",FEASIBLE,FEASIBLE,FEASIBLE,null,0.168545,0.074824,0.004316,False
702934,4,3,"[3,1,1,2]","[2,2,2]","[[0,1,2],[2],[0,1,2],[0,2]]",UNSAT,UNSAT,UNSAT,"[0, 1, 3]",0.033855,0.090431,0.003498,False
702935,4,6,"[1,1,1,1]","[3,3,1,2,1,2]","[[0,1,2,3,4],[1,2],[1,2,3,4,5],[0,1,2,3,4,5]]",FEASIBLE,FEASIBLE,FEASIBLE,null,0.084577,0.045972,0.00294,False
702936,3,4,"[2,1,2]","[2,3,2,2]","[[1,2,3],[0,2],[0,1,2,3]]",FEASIBLE,FEASIBLE,FEASIBLE,null,0.025697,0.144525,0.00186,False
702937,1,5,[2],"[3,1,3,3,1]","[[1,2,3]]",FEASIBLE,FEASIBLE,FEASIBLE,null,0.006803,0.016558,0.001178,False
702938,2,3,"[2,2]","[3,2,2]","[[0,1],[0,2]]",FEASIBLE,FEASIBLE,FEASIBLE,null,0.010423,0.022112,0.001274,False
702939,1,5,[1],"[2,2,3,3,1]",[[2]],FEASIBLE,FEASIBLE,FEASIBLE,null,0.005347,0.012472,0.000926,False
702940,3,2,"[1,1,2]","[1,2]","[[1],[1],[0,1]]",UNSAT,UNSAT,UNSAT,"[0, 1, 2]",0.015928,0.03076,0.00227,False
702941,2,1,"[1,1]",[1],"[[0],[0]]",UNSAT,UNSAT,UNSAT,"[0, 1]",0.006126,0.021576,0.001457,False
702942,2,5,"[1,2]","[3,2,2,3,1]","[[0,2],[0,1,2,3,4]]",FEASIBLE,FEASIBLE,FEASIBLE,null,0.015902,0.022466,0.00182,False
702943,3,3,"[1,1,1]","[3,2,3]","[[2],[2],[0,1]]",FEASIBLE,FEASIBLE,FEASIBLE,null,0.020908,0.020289,0.001433,False
702944,7,3,"[2,1,1,2,3,2,3]","[2,2,1]","[[0,2],[0],[0,2],[0,1,2],[0,1,2],[1,2],[0,1,2]]",UNSAT,UNSAT,UNSAT,"[0, 4]",0.029092,0.064281,0.005421,False
702945,5,2,"[1,1,2,2,1]","[3,1]","[[1],[0],[0,1],[0,1],[0]]",UNSAT,UNSAT,UNSAT,"[0, 2]",0.015917,0.043619,0.003297,False
702946,2,4,"[1,2]","[2,2,1,1]","[[1,3],[1,2]]",FEASIBLE,FEASIBLE,FEASIBLE,null,0.011617,0.019584,0.001362,False
702947,4,7,"[1,1,3,3]","[3,2,3,3,2,2,2]","[[6],[0,5,6],[0,2,4,5,6],[0,1,2,3,4,5,6]]",FEASIBLE,FEASIBLE,FEASIBLE,null,0.082228,0.04215,0.003596,False
702948,2,1,"[1,1]",[2],"[[0],[0]]",FEASIBLE,FEASIBLE,FEASIBLE,null,0.00601,0.014426,0.000884,False
702949,3,4,"[3,1,3]","[3,1,2,2]","[[0,1,2,3],[0,1],[0,1,2]]",FEASIBLE,FEASIBLE,FEASIBLE,null,0.024735,0.041239,0.002811,False
702950,7,4,"[1,1,2,1,1,1,1]","[1,2,2,3]","[[0,1,2,3],[0,1,3],[0,1],[1],[3],[1],[1,2,3]]",UNSAT,UNSAT,UNSAT,"[2, 3, 5]",0.182688,0.159028,0.005653,False
702951,5,5,"[1,2,2,1,3]","[3,1,3,2,2]","[[1],[0,3],[2,3],[1,2,3],[0,1,3,4]]",UNSAT,UNSAT,UNSAT,"[0, 1, 2, 4]",0.114917,0.055121,0.004595,False
702952,2,5,"[1,1]","[1,2,1,1,3]","[[1,3],[0]]",FEASIBLE,FEASIBLE,FEASIBLE,null,0.013629,0.017867,0.00126,False
702953,1,4,[1],"[3,1,1,3]",[[0]],FEASIBLE,FEASIBLE,FEASIBLE,null,0.004692,0.011263,0.000792,False
702954,3,7,"[3,1,1]","[3,1,1,2,2,3,3]","[[0,2,3,4,5,6],[2,3,4,6],[4,6]]",FEASIBLE,FEASIBLE,FEASIBLE,null,0.038637,0.033251,0.002629,False
702955,5,2,"[1,1,1,1,1]","[3,2]","[[0,1],[0,1],[1],[0,1],[0]]",FEASIBLE,FEASIBLE,FEASIBLE,null,0.067068,0.038296,0.00254,False
702956,2,1,"[1,1]",[1],"[[0],[0]]",UNSAT,UNSAT,UNSAT,"[0, 1]",0.006742,0.023073,0.001327,False
702957,3,6,"[2,2,1]","[1,1,3,1,1,2]","[[0,1,2,3,5],[0,1,2,3,4,5],[0,2,3,4]]",FEASIBLE,FEASIBLE,FEASIBLE,null,0.036008,0.036377,0.003146,False
702958,5,1,"[1,1,1,1,1]",[1],"[[0],[0],[0],[0],[0]]",UNSAT,UNSAT,UNSAT,"[0, 1]",0.009612,0.032705,0.002526,False
702959,5,6,"[2,2,1,1,1]","[1,3,3,2,2,1]","[[0,1,3,5],[0,4],[1,2],[5],[2]]",FEASIBLE,FEASIBLE,FEASIBLE,null,0.147294,0.046931,0.003364,False
702960,7,2,"[1,1,1,1,2,1,2]","[3,1]","[[0],[0],[0,1],[0,1],[0,1],[0,1],[0,1]]",UNSAT,UNSAT,UNSAT,"[4, 6]",0.052065,0.054299,0.004231,False
702961,5,3,"[2,1,3,1,2]","[2,3,1]","[[1,2],[1],[0,1,2],[0,1,2],[1,2]]",UNSAT,UNSAT,UNSAT,"[0, 2]",0.01884,0.04974,0.003815,False
702962,7,4,"[1,1,1,3,1,2,1]","[1,1,1,3]","[[3],[0],[0,1,2,3],[0,1,2,3],[3],[0,1,2,3],[0,1,2,3]]",UNSAT,UNSAT,UNSAT,"[1, 3, 5]",0.159904,0.162342,0.006168,False
702963,2,4,"[2,1]","[3,3,1,3]","[[0,2,3],[0,2,3]]",FEASIBLE,FEASIBLE,FEASIBLE,null,0.012409,0.021246,0.001573,False
702964,7,2,"[1,2,2,1,1,1,1]","[1,1]","[[1],[0,1],[0,1],[0,1],[0],[0,1],[0,1]]",UNSAT,UNSAT,UNSAT,"[0, 1]",0.016295,0.050699,0.003862,False
702965,6,1,"[1,1,1,1,1,1]",[3],"[[0],[0],[0],[0],[0],[0]]",UNSAT,UNSAT,UNSAT,"[0, 1, 2, 3]",0.056236,0.037934,0.0027,False
702966,3,5,"[1,3,1]","[3,1,2,3,3]","[[1],[0,2,3,4],[4]]",FEASIBLE,FEASIBLE,FEASIBLE,null,0.029171,0.027449,0.002061,False
702967,7,1,"[1,1,1,1,1,1,1]",[2],"[[0],[0],[0],[0],[0],[0],[0]]",UNSAT,UNSAT,UNSAT,"[0, 1, 2]",0.037988,0.104951,0.002656,False
702968,4,1,"[1,1,1,1]",[1],"[[0],[0],[0],[0]]",UNSAT,UNSAT,UNSAT,"[0, 1]",0.008512,0.030298,0.001936,False
702969,7,3,"[2,3,1,3,2,2,3]","[1,2,3]","[[0,1,2],[0,1,2],[2],[0,1,2],[1,2],[1,2],[0,1,2]]",UNSAT,UNSAT,UNSAT,"[1, 3]",0.038585,0.064515,0.005265,False
702970,5,6,"[1,3,2,1,1]","[3,1,3,2,3,2]","[[0,2,3,4,5],[2,4,5],[0,1,2,3,4],[0,1,4],[3]]",FEASIBLE,FEASIBLE,FEASIBLE,null,0.173152,0.048139,0.003536,False
702971,3,1,"[1,1,1]",[1],"[[0],[0],[0]]",UNSAT,UNSAT,UNSAT,"[0, 1]",0.007488,0.025176,0.001616,False
702972,5,2,"[1,1,2,2,1]","[3,1]","[[0,1],[1],[0,1],[0,1],[1]]",UNSAT,UNSAT,UNSAT,"[1, 2]",0.020466,0.04061,0.002924,False
702973,2,5,"[1,3]","[2,3,3,2,1]","[[0,3],[0,1,2,3,4]]",FEASIBLE,FEASIBLE,FEASIBLE,null,0.013355,0.109423,0.001902,False
702974,2,4,"[1,3]","[2,3,2,3]","[[3],[0,2,3]]",FEASIBLE,FEASIBLE,FEASIBLE,null,0.011719,0.021873,0.001531,False
702975,7,7,"[2,1,2,1,3,3,2]","[1,3,1,3,3,1,1]","[[3,5],[0,3,4,5],[0,2,5,6],[0,3,6],[0,1,2,3,4,5,6],[1,3,4,6],[0,1,2,5,6]]",UNSAT,UNSAT,UNSAT,"[0, 2, 3, 4, 5, 6]",0.806725,0.121327,0.010183,False
702976,4,3,"[2,1,2,3]","[1,2,1]","[[0,2],[0,2],[0,1,2],[0,1,2]]",UNSAT,UNSAT,UNSAT,"[0, 1]",0.014884,0.046022,0.003465,False
702977,6,2,"[2,1,1,1,1,1]","[3,2]","[[0,1],[1],[1],[1],[0],[1]]",UNSAT,UNSAT,UNSAT,"[0, 1, 2]",0.043623,0.048041,0.003146,False
702978,3,1,"[1,1,1]",[2],"[[0],[0],[0]]",UNSAT,UNSAT,UNSAT,"[0, 1, 2]",0.015687,0.038318,0.00166,False
702979,1,5,[1],"[2,3,1,2,2]","[[0,1,2,3,4]]",FEASIBLE,FEASIBLE,FEASIBLE,null,0.006936,0.019369,0.001342,False
702980,2,1,"[1,1]",[2],"[[0],[0]]",FEASIBLE,FEASIBLE,FEASIBLE,null,0.008131,0.023656,0.000837,False
702981,5,1,"[1,1,1,1,1]",[1],"[[0],[0],[0],[0],[0]]",UNSAT,UNSAT,UNSAT,"[0, 1]",0.014026,0.041608,0.002119,False
702982,5,3,"[1,2,2,3,1]","[1,3,1]","[[2],[0,1,2],[0,1,2],[0,1,2],[0,1,2]]",UNSAT,UNSAT,UNSAT,"[0, 3]",0.027022,0.080315,0.004008,False
702983,6,5,"[1,1,1,1,1,2]","[3,3,2,1,3]","[[4],[3],[0,1,2,3,4],[2],[0],[2,3,4]]",FEASIBLE,FEASIBLE,FEASIBLE,null,0.310266,0.04273,0.002773,False
702984,6,5,"[3,1,1,2,3,1]","[1,3,3,2,2]","[[0,2,3],[1],[1,4],[0,1,2,3],[0,1,4],[0,2,4]]",UNSAT,UNSAT,UNSAT,"[0, 4]",0.049884,0.097016,0.005525,False
702985,7,6,"[1,1,2,1,2,2,2]","[3,3,2,3,2,3]","[[0,1,3,4,5],[1,2,3,4,5],[0,2],[2],[0,1,2,3,5],[1,4,5],[0,3,4,5]]",FEASIBLE,FEASIBLE,FEASIBLE,null,0.793062,0.058896,0.004877,False
702986,5,7,"[2,1,2,1,1]","[3,1,2,1,2,1,2]","[[2,3,4,6],[4],[2,6],[0,2,6],[6]]",FEASIBLE,FEASIBLE,FEASIBLE,null,0.18919,0.039532,0.002885,False
702987,4,3,"[2,3,1,1]","[3,1,3]","[[1,2],[0,1,2],[0,1,2],[1]]",UNSAT,UNSAT,UNSAT,"[0, 1]",0.014986,0.04212,0.003087,False
702988,5,5,"[1,3,1,2,1]","[1,2,1,1,2]","[[0,1,2,3,4],[0,1,2,3,4],[2],[2,3],[0,3,4]]",UNSAT,UNSAT,UNSAT,"[2, 3]",0.050992,0.087802,0.006292,False
702989,3,7,"[3,1,3]","[2,1,1,1,1,3,3]","[[1,3,4,5],[1,5],[0,1,2,3,4,5,6]]",FEASIBLE,FEASIBLE,FEASIBLE,null,0.038784,0.040608,0.002933,False
702990,4,6,"[1,1,2,1]","[3,2,2,2,1,2]","[[1,5],[0,1,2,3,4,5],[0,1,2,3,4],[0,3,5]]",FEASIBLE,FEASIBLE,FEASIBLE,null,0.072685,0.034223,0.003206,False
702991,3,2,"[1,2,2]","[1,2]","[[0],[0,1],[0,1]]",UNSAT,UNSAT,UNSAT,"[0, 1]",0.009706,0.032291,0.002355,False
702992,4,4,"[1,3,1,1]","[2,1,2,3]","[[0,1,2,3],[0,1,3],[2,3],[0,1,2,3]]",FEASIBLE,FEASIBLE,FEASIBLE,null,0.052112,0.036621,0.00248,False
702993,5,2,"[1,1,2,1,1]","[3,3]","[[0],[0,1],[0,1],[0,1],[0,1]]",FEASIBLE,FEASIBLE,FEASIBLE,null,0.064362,0.036141,0.002205,False
702994,4,1,"[1,1,1,1]",[1],"[[0],[0],[0],[0]]",UNSAT,UNSAT,UNSAT,"[0, 1]",0.008259,0.032412,0.00192,False
702995,2,2,"[1,2]","[2,1]","[[1],[0,1]]",UNSAT,UNSAT,UNSAT,"[0, 1]",0.007817,0.173226,0.001746,False
702996,6,6,"[1,3,2,1,3,3]","[2,1,3,2,1,2]","[[2],[0,2,3,4,5],[0,1,2,3],[2],[0,1,2,4,5],[0,3,4]]",UNSAT,UNSAT,UNSAT,"[0, 1, 2, 4, 5]",0.295478,0.092823,0.007553,False
702997,3,6,"[3,1,3]","[1,1,1,3,2,3]","[[0,1,2,3,4,5],[2,4],[0,2,4,5]]",FEASIBLE,FEASIBLE,FEASIBLE,null,0.034819,0.047948,0.003375,False
702998,7,1,"[1,1,1,1,1,1,1]",[1],"[[0],[0],[0],[0],[0],[0],[0]]",UNSAT,UNSAT,UNSAT,"[0, 1]",0.011733,0.040561,0.002666,False
702999,7,1,"[1,1,1,1,1,1,1]",[2],"[[0],[0],[0],[0],[0],[0],[0]]",UNSAT,UNSAT,UNSAT,"[0, 1, 2]",0.038381,0.055744,0.002299,False
703000,6,5,"[2,2,2,1,1,1]","[1,1,2,1,1]","[[0,1,2],[2,4],[0,2,3,4],[0,3],[1],[2]]",UNSAT,UNSAT,UNSAT,"[0, 1, 2, 3]",0.172824,0.059499,0.00482,False
703001,3,3,"[1,1,2]","[2,2,3]","[[1,2],[1],[1,2]]",FEASIBLE,FEASIBLE,FEASIBLE,null,0.020759,0.030301,0.00192,False
703002,3,1,"[1,1,1]",[2],"[[0],[0],[0]]",UNSAT,UNSAT,UNSAT,"[0, 1, 2]",0.01162,0.026054,0.001539,False
703003,3,5,"[2,2,3]","[1,3,3,2,1]","[[2,3],[0,1,2],[1,2,3,4]]",FEASIBLE,FEASIBLE,FEASIBLE,null,0.029385,0.032586,0.002299,False
703004,5,5,"[1,1,3,3,2]","[2,3,3,3,1]","[[2],[1,2,4],[0,1,2,3,4],[0,1,2,3,4],[0,1,3]]",FEASIBLE,FEASIBLE,FEASIBLE,null,0.128845,0.057878,0.004368,False
703005,2,5,"[2,1]","[3,1,1,2,2]","[[0,1,3,4],[1]]",FEASIBLE,FEASIBLE,FEASIBLE,null,0.013445,0.029748,0.002103,False
703006,3,6,"[3,2,1]","[3,3,1,1,1,2]","[[0,1,3,4],[1,3,4,5],[4]]",FEASIBLE,FEASIBLE,FEASIBLE,null,0.034084,0.043321,0.002875,False
703007,2,3,"[1,1]","[3,3,3]","[[0],[0,1,2]]",FEASIBLE,FEASIBLE,FEASIBLE,null,0.009932,0.016971,0.001405,False
703008,1,1,[1],[2],[[0]],FEASIBLE,FEASIBLE,FEASIBLE,null,0.003004,0.009478,0.000736,False
703009,7,3,"[1,2,3,1,3,3,3]","[3,1,1]","[[0],[0,1],[0,1,2],[0,1,2],[0,1,2],[0,1,2],[0,1,2]]",UNSAT,UNSAT,UNSAT,"[1, 2]",0.03663,0.069396,0.005323,False
703010,3,2,"[1,1,2]","[3,1]","[[0,1],[0,1],[0,1]]",FEASIBLE,FEASIBLE,FEASIBLE,null,0.015984,0.02356,0.001608,False
703011,1,3,[1],"[3,3,2]",[[1]],FEASIBLE,FEASIBLE,FEASIBLE,null,0.004032,0.010886,0.000864,False
703012,3,3,"[2,1,1]","[3,2,1]","[[1,2],[0],[0,1,2]]",FEASIBLE,FEASIBLE,FEASIBLE,null,0.02005,0.023483,0.00174,False
703013,2,3,"[1,1]","[3,2,1]","[[2],[1]]",FEASIBLE,FEASIBLE,FEASIBLE,null,0.011741,0.015624,0.001191,False
703014,1,5,[2],"[2,3,1,3,1]","[[0,1,2]]",FEASIBLE,FEASIBLE,FEASIBLE,null,0.006117,0.017835,0.001281,False
703015,6,6,"[3,3,2,2,2,2]","[3,1,3,1,2,3]","[[1,2,3],[2,3,4,5],[0,1,2,3],[0,2,3,4,5],[2,3,4],[2,4]]",UNSAT,UNSAT,UNSAT,"[0, 1, 2, 4]",0.209769,0.14058,0.007853,False
703016,7,5,"[3,1,2,2,1,1,1]","[3,1,1,3,3]","[[1,2,3,4],[3,4],[0,1,2,4],[1,2],[0,4],[2,3],[1,4]]",UNSAT,UNSAT,UNSAT,"[0, 3]",0.038773,0.098536,0.006358,False
703017,7,3,"[2,2,1,2,3,1,1]","[3,3,1]","[[0,1,2],[0,1,2],[2],[0,1,2],[0,1,2],[0],[0,1]]",UNSAT,UNSAT,UNSAT,"[2, 4]",0.051154,0.06446,0.004936,False
703018,6,1,"[1,1,1,1,1,1]",[2],"[[0],[0],[0],[0],[0],[0]]",UNSAT,UNSAT,UNSAT,"[0, 1, 2]",0.02968,0.037197,0.00242,False
703019,1,2,[1],"[2,1]","[[0,1]]",FEASIBLE,FEASIBLE,FEASIBLE,null,0.00367,0.014171,0.000828,False
703020,3,7,"[1,1,1]","[2,3,2,3,1,3,1]","[[6],[0,1,2,4,5],[4]]",FEASIBLE,FEASIBLE,FEASIBLE,null,0.127545,0.025146,0.001961,False
703021,2,5,"[1,1]","[3,1,2,2,3]","[[2],[3]]",FEASIBLE,FEASIBLE,FEASIBLE,null,0.013452,0.016346,0.001193,False
703022,4,7,"[1,2,3,1]","[1,1,3,1,1,3,2]","[[2,3,6],[0,6],[0,2,3,4,5,6],[0,1,2,4,5]]",FEASIBLE,FEASIBLE,FEASIBLE,null,0.106326,0.044106,0.003452,False
703023,4,1,"[1,1,1,1]",[3],"[[0],[0],[0],[0]]",UNSAT,UNSAT,UNSAT,"[0, 1, 2, 3]",0.033356,0.046865,0.001981,False
703024,1,7,[2],"[2,1,3,1,3,1,2]","[[0,1,3,5,6]]",FEASIBLE,FEASIBLE,FEASIBLE,null,0.008487,0.023031,0.00146,False
703025,5,2,"[1,1,1,2,1]","[3,3]","[[0],[1],[0],[0,1],[0]]",UNSAT,UNSAT,UNSAT,"[0, 2, 3, 4]",0.090671,0.040824,0.002784,False
703026,7,1,"[1,1,1,1,1,1,1]",[1],"[[0],[0],[0],[0],[0],[0],[0]]",UNSAT,UNSAT,UNSAT,"[0, 1]",0.01322,0.041682,0.002343,False
703027,3,4,"[3,1,1]","[1,2,1,3]","[[0,2,3],[0,1,2,3],[0,1,2,3]]",FEASIBLE,FEASIBLE,FEASIBLE,null,0.024548,0.032428,0.00222,False
703028,2,3,"[1,1]","[3,2,2]","[[0,2],[1]]",FEASIBLE,FEASIBLE,FEASIBLE,null,0.009315,0.016642,0.001181,False
703029,2,5,"[1,3]","[1,3,3,3,2]","[[0,3],[0,2,3]]",FEASIBLE,FEASIBLE,FEASIBLE,null,0.012979,0.030465,0.002123,False
703030,2,7,"[1,1]","[1,1,3,3,1,2,3]","[[4],[1,2,6]]",FEASIBLE,FEASIBLE,FEASIBLE,null,0.016648,0.019638,0.001407,False
703031,4,5,"[1,1,1,2]","[3,3,3,1,1]","[[2],[0],[3],[0,4]]",FEASIBLE,FEASIBLE,FEASIBLE,null,0.06046,0.027552,0.001904,False
703032,1,4,[1],"[2,1,3,3]","[[0,1]]",FEASIBLE,FEASIBLE,FEASIBLE,null,0.005252,0.012914,0.000866,False
703033,6,4,"[1,3,2,2,2,1]","[3,1,2,1]","[[0,1,2,3],[0,1,2],[1,3],[0,1,2],[0,2,3],[1,2,3]]",UNSAT,UNSAT,UNSAT,"[1, 2]",0.038619,0.159257,0.005468,False
703034,2,7,"[2,2]","[1,1,2,3,1,1,1]","[[0,3,4,5],[3,5]]",FEASIBLE,FEASIBLE,FEASIBLE,null,0.017499,0.024777,0.001834,False
703035,5,1,"[1,1,1,1,1]",[3],"[[0],[0],[0],[0],[0]]",UNSAT,UNSAT,UNSAT,"[0, 1, 2, 3]",0.035959,0.034304,0.002233,False
703036,7,7,"[1,3,1,3,3,2,1]","[3,3,1,3,3,3,1]","[[1,3,5,6],[3,4,6],[0,1],[1,2,3,4,5,6],[0,2,3,4,5,6],[0,1,2,3,4,5,6],[0,1,2,3,4,5]]",FEASIBLE,FEASIBLE,FEASIBLE,null,0.768626,0.073708,0.006497,False
703037,4,4,"[3,2,3,3]","[1,1,2,2]","[[0,1,3],[0,1,2,3],[0,1,2,3],[0,1,2]]",UNSAT,UNSAT,UNSAT,"[0, 2]",0.020515,0.056294,0.004353,False
703038,6,6,"[1,2,2,1,1,2]","[1,3,3,1,1,1]","[[0,1,2,3,4],[0,1,2,3,4],[3,5],[3],[0,3,5],[0,1,2,3,4,5]]",UNSAT,UNSAT,UNSAT,"[2, 3]",0.071656,0.080542,0.005989,False
703039,4,2,"[1,1,1,2]","[3,1]","[[0,1],[0,1],[1],[0,1]]",UNSAT,UNSAT,UNSAT,"[2, 3]",0.020794,0.034763,0.002443,False
703040,2,4,"[1,3]","[2,1,2,2]","[[3],[0,1,3]]",FEASIBLE,FEASIBLE,FEASIBLE,null,0.011411,0.021963,0.001524,False
703041,1,7,[1],"[2,2,2,1,3,2,2]","[[5,6]]",FEASIBLE,FEASIBLE,FEASIBLE,null,0.006535,0.015771,0.001175,False
703042,6,6,"[1,1,2,2,1,3]","[1,1,2,3,1,3]","[[0,1,2,3,4,5],[2],[0,2,4],[4,5],[0,3,4,5],[0,1,2,3,4,5]]",FEASIBLE,FEASIBLE,FEASIBLE,null,0.45517,0.221007,0.005354,False
703043,3,2,"[2,2,1]","[3,2]","[[0,1],[0,1],[0]]",FEASIBLE,FEASIBLE,FEASIBLE,null,0.017088,0.025816,0.001508,False
703044,3,3,"[1,2,2]","[2,2,2]","[[0,2],[0,1,2],[0,1,2]]",FEASIBLE,FEASIBLE,FEASIBLE,null,0.02097,0.027828,0.001832,False
703045,7,1,"[1,1,1,1,1,1,1]",[3],"[[0],[0],[0],[0],[0],[0],[0]]",UNSAT,UNSAT,UNSAT,"[0, 1, 2, 3]",0.099124,0.047041,0.002405,False
703046,1,7,[3],"[1,2,2,2,2,1,1]","[[1,3,4,5,6]]",FEASIBLE,FEASIBLE,FEASIBLE,null,0.007123,0.021556,0.00146,False
703047,3,7,"[2,3,3]","[3,2,1,1,2,1,2]","[[2,4],[0,4,5],[0,3,5]]",UNSAT,UNSAT,UNSAT,"[1, 2]",0.031198,0.04716,0.003228,False
703048,6,3,"[2,1,3,1,3,1]","[1,1,1]","[[0,1,2],[0,1,2],[0,1,2],[0,1,2],[0,1,2],[0,2]]",UNSAT,UNSAT,UNSAT,"[0, 2]",0.021318,0.058233,0.005842,False
703049,6,3,"[1,2,1,2,1,2]","[3,3,2]","[[2],[0,1,2],[0,1,2],[0,1],[2],[0,1]]",UNSAT,UNSAT,UNSAT,"[0, 1, 2, 3, 4, 5]",0.175508,0.054471,0.004106,False
703050,4,3,"[1,2,1,2]","[2,2,3]","[[2],[0,2],[0,2],[0,1,2]]",FEASIBLE,FEASIBLE,FEASIBLE,null,0.041498,0.030764,0.001991,False
703051,6,6,"[3,1,1,2,3,1]","[3,1,3,2,1,1]","[[0,1,2,4],[0],[0],[0,1,2,3,4,5],[1,2,4,5],[1]]",UNSAT,UNSAT,UNSAT,"[0, 4, 5]",0.14013,0.082199,0.005046,False
703052,7,1,"[1,1,1,1,1,1,1]",[1],"[[0],[0],[0],[0],[0],[0],[0]]",UNSAT,UNSAT,UNSAT,"[0, 1]",0.011833,0.040592,0.002266,False
703053,5,1,"[1,1,1,1,1]",[1],"[[0],[0],[0],[0],[0]]",UNSAT,UNSAT,UNSAT,"[0, 1]",0.008912,0.034052,0.001931,False
703054,2,3,"[1,3]","[2,3,1]","[[1],[0,1,2]]",FEASIBLE,FEASIBLE,FEASIBLE,null,0.009348,0.103473,0.001459,False
703055,2,3,"[1,2]","[2,1,3]","[[0,1],[0,1]]",FEASIBLE,FEASIBLE,FEASIBLE,null,0.0098,0.017987,0.001338,False
703056,1,6,[2],"[1,1,2,1,1,3]","[[0,2,5]]",FEASIBLE,FEASIBLE,FEASIBLE,null,0.005812,0.016279,0.002047,False
703057,7,1,"[1,1,1,1,1,1,1]",[2],"[[0],[0],[0],[0],[0],[0],[0]]",UNSAT,UNSAT,UNSAT,"[0, 1, 2]",0.03716,0.039921,0.002912,False
703058,4,5,"[1,1,3,1]","[3,2,3,3,2]","[[0,1,4],[4],[0,2,3,4],[3,4]]",FEASIBLE,FEASIBLE,FEASIBLE,null,0.061122,0.032303,0.002344,False
703059,4,1,"[1,1,1,1]",[3],"[[0],[0],[0],[0]]",UNSAT,UNSAT,UNSAT,"[0, 1, 2, 3]",0.021014,0.029281,0.001881,False
703060,2,1,"[1,1]",[2],"[[0],[0]]",FEASIBLE,FEASIBLE,FEASIBLE,null,0.005746,0.014118,0.000882,False
703061,1,5,[1],"[3,2,3,2,2]",[[3]],FEASIBLE,FEASIBLE,FEASIBLE,null,0.005199,0.013612,0.000915,False
703062,4,4,"[3,1,1,1]","[1,1,1,1]","[[0,1,2,3],[3],[0,1,2,3],[0]]",UNSAT,UNSAT,UNSAT,"[0, 1, 2]",0.035878,0.044667,0.003468,False
703063,5,3,"[1,2,1,1,1]","[3,1,1]","[[0,1,2],[1,2],[2],[2],[0,1,2]]",UNSAT,UNSAT,UNSAT,"[1, 2]",0.025408,0.040926,0.003013,False
703064,1,4,[2],"[2,2,3,2]","[[0,1]]",FEASIBLE,FEASIBLE,FEASIBLE,null,0.004714,0.014705,0.000928,False
703065,6,4,"[1,1,1,1,1,2]","[1,3,1,2]","[[1],[0],[0],[3],[0,1,3],[1,2,3]]",UNSAT,UNSAT,UNSAT,"[1, 2]",0.037377,0.043954,0.00337,False
703066,6,5,"[1,1,1,2,1,2]","[3,2,3,2,2]","[[0,2],[4],[4],[0,1,2,3,4],[1],[0,1,2,3]]",FEASIBLE,FEASIBLE,FEASIBLE,null,0.258535,0.0408,0.003313,False
703067,2,3,"[3,1]","[1,2,3]","[[0,1,2],[0]]",UNSAT,UNSAT,UNSAT,"[0, 1]",0.009107,0.027888,0.002028,False
703068,5,1,"[1,1,1,1,1]",[3],"[[0],[0],[0],[0],[0]]",UNSAT,UNSAT,UNSAT,"[0, 1, 2, 3]",0.035258,0.034121,0.002018,False
703069,4,2,"[2,1,1,1]","[2,1]","[[0,1],[0,1],[1],[0,1]]",UNSAT,UNSAT,UNSAT,"[0, 2]",0.013826,0.036542,0.002805,False
703070,1,5,[3],"[1,2,3,2,1]","[[0,1,3]]",FEASIBLE,FEASIBLE,FEASIBLE,null,0.005807,0.017929,0.001123,False
703071,7,1,"[1,1,1,1,1,1,1]",[2],"[[0],[0],[0],[0],[0],[0],[0]]",UNSAT,UNSAT,UNSAT,"[0, 1, 2]",0.041802,0.041671,0.00216,False
703072,1,5,[2],"[3,1,3,2,3]","[[0,2,3,4]]",FEASIBLE,FEASIBLE,FEASIBLE,null,0.005462,0.017157,0.00125,False
703073,3,3,"[1,1,2]","[1,1,2]","[[0],[0,1,2],[0,2]]",UNSAT,UNSAT,UNSAT,"[0, 2]",0.014281,0.031307,0.00235,False
703074,1,2,[2],"[1,3]","[[0,1]]",FEASIBLE,FEASIBLE,FEASIBLE,null,0.003294,0.013077,0.000844,False
703075,6,2,"[1,1,1,1,1,1]","[3,3]","[[0,1],[0],[0],[1],[1],[0,1]]",FEASIBLE,FEASIBLE,FEASIBLE,null,0.128836,0.030437,0.002054,False
703076,7,3,"[2,2,1,1,3,1,1]","[3,2,2]","[[0,1,2],[0,1,2],[0,1],[0,1],[0,1,2],[0,1,2],[0,1,2]]",UNSAT,UNSAT,UNSAT,"[0, 1, 2, 4]",0.165794,0.06539,0.005539,False
703077,4,7,"[2,1,3,3]","[2,3,3,3,1,2,3]","[[0,1,2,4],[2,3],[0,2,4,5,6],[0,1,5]]",FEASIBLE,FEASIBLE,FEASIBLE,null,0.086047,0.055513,0.003966,False
703078,4,7,"[1,1,2,2]","[1,3,1,1,1,3,2]","[[0,1,2,3,4,5,6],[3],[0,1,3,4,5,6],[0,1,3]]",FEASIBLE,FEASIBLE,FEASIBLE,null,0.078013,0.050736,0.004199,False
703079,5,5,"[2,1,1,3,3]","[1,1,2,3,3]","[[1,4],[3],[1],[0,2,4],[0,1,2,3,4]]",UNSAT,UNSAT,UNSAT,"[0, 2]",0.026154,0.053081,0.003694,False
703080,2,6,"[1,1]","[2,3,3,1,3,3]","[[2],[5]]",FEASIBLE,FEASIBLE,FEASIBLE,null,0.097424,0.016804,0.001164,False
703081,7,4,"[1,1,1,2,3,1,3]","[2,1,1,1]","[[0,1,2,3],[1],[1],[0,2,3],[0,1,2,3],[3],[0,1,3]]",UNSAT,UNSAT,UNSAT,"[1, 2]",0.043188,0.061106,0.006387,False
703082,2,4,"[2,1]","[2,2,1,3]","[[0,2,3],[2]]",FEASIBLE,FEASIBLE,FEASIBLE,null,0.011172,0.025244,0.00197,False
703083,5,3,"[2,1,1,2,1]","[2,2,3]","[[0,1,2],[0,1],[0,2],[0,2],[0,1]]",FEASIBLE,FEASIBLE,FEASIBLE,null,0.083079,0.04511,0.002974,False
703084,4,3,"[1,3,1,2]","[3,3,1]","[[2],[0,1,2],[0],[0,1]]",UNSAT,UNSAT,UNSAT,"[0, 1]",0.013721,0.038811,0.002797,False
703085,4,4,"[1,1,2,1]","[3,2,1,1]","[[0],[0],[1,2],[0,1]]",FEASIBLE,FEASIBLE,FEASIBLE,null,0.05406,0.043081,0.001724,False
703086,2,5,"[1,1]","[1,3,3,2,1]","[[1],[4]]",FEASIBLE,FEASIBLE,FEASIBLE,null,0.013335,0.017254,0.001157,False
703087,1,4,[1],"[1,1,2,1]",[[0]],FEASIBLE,FEASIBLE,FEASIBLE,null,0.004409,0.011283,0.000799,False
703088,1,6,[1],"[3,1,1,2,2,2]","[[0,1]]",FEASIBLE,FEASIBLE,FEASIBLE,null,0.005445,0.012885,0.001,False
703089,7,7,"[3,1,3,3,1,1,1]","[2,1,3,3,3,1,1]","[[0,1,2,4,5,6],[0,1,2,3,4,5,6],[0,1,2,3,4],[0,1,3,4,5],[0],[4,6],[0,1,2,3,4,5,6]]",FEASIBLE,FEASIBLE,FEASIBLE,null,0.716391,0.088981,0.008057,False
703090,6,1,"[1,1,1,1,1,1]",[3],"[[0],[0],[0],[0],[0],[0]]",UNSAT,UNSAT,UNSAT,"[0, 1, 2, 3]",0.05386,0.037111,0.00252,False
703091,3,2,"[1,1,1]","[2,1]","[[1],[1],[0,1]]",UNSAT,UNSAT,UNSAT,"[0, 1]",0.009301,0.026281,0.00203,False
703092,7,4,"[1,2,1,1,1,1,3]","[3,1,3,3]","[[1,3],[0,1,2,3],[2],[1],[0,1,3],[2],[0,1,2,3]]",FEASIBLE,FEASIBLE,FEASIBLE,null,0.440381,0.145304,0.004459,False
703093,3,1,"[1,1,1]",[1],"[[0],[0],[0]]",UNSAT,UNSAT,UNSAT,"[0, 1]",0.007059,0.025057,0.001491,False
703094,2,3,"[1,1]","[1,1,3]","[[1,2],[0,1,2]]",FEASIBLE,FEASIBLE,FEASIBLE,null,0.009409,0.017028,0.001391,False
703095,6,4,"[2,2,1,1,2,3]","[2,1,1,2]","[[1,2,3],[2,3],[0],[3],[0,1,2,3],[0,1,2,3]]",UNSAT,UNSAT,UNSAT,"[0, 1, 3]",0.084604,0.059848,0.004983,False
703096,4,4,"[3,1,2,1]","[2,2,1,2]","[[0,1,3],[2,3],[0,1,2,3],[0]]",FEASIBLE,FEASIBLE,FEASIBLE,null,0.050635,0.045438,0.002878,False
703097,1,6,[1],"[3,2,2,2,2,2]","[[1,2]]",FEASIBLE,FEASIBLE,FEASIBLE,null,0.005923,0.013202,0.00103,False
703098,6,2,"[2,1,1,1,1,1]","[3,1]","[[0,1],[0,1],[0,1],[1],[0],[0]]",UNSAT,UNSAT,UNSAT,"[0, 3]",0.017172,0.0421,0.003331,False
703099,3,2,"[1,1,1]","[1,3]","[[0,1],[0,1],[0]]",FEASIBLE,FEASIBLE,FEASIBLE,null,0.016645,0.028406,0.001839,False
703100,5,3,"[2,1,1,2,1]","[3,2,3]","[[0,1],[2],[1],[0,1],[0,2]]",UNSAT,UNSAT,UNSAT,"[0, 2, 3]",0.049904,0.041014,0.002986,False
703101,7,1,"[1,1,1,1,1,1,1]",[2],"[[0],[0],[0],[0],[0],[0],[0]]",UNSAT,UNSAT,UNSAT,"[0, 1, 2]",0.036839,0.0402,0.002276,False
703102,6,6,"[2,1,1,2,2,2]","[3,2,1,1,1,3]","[[0,1,2],[1,4],[0,1,2,3,4],[3,5],[0,2,3,4],[0,2,3,4,5]]",FEASIBLE,FEASIBLE,FEASIBLE,null,0.311098,0.052993,0.004359,False
703103,7,1,"[1,1,1,1,1,1,1]",[3],"[[0],[0],[0],[0],[0],[0],[0]]",UNSAT,UNSAT,UNSAT,"[0, 1, 2, 3]",0.082625,0.116845,0.002157,False
703104,3,5,"[2,2,1]","[3,2,3,1,3]","[[0,1,3,4],[0,1,2,4],[0,1,2,3,4]]",FEASIBLE,FEASIBLE,FEASIBLE,null,0.028703,0.029864,0.002424,False
703105,3,4,"[1,1,1]","[1,1,1,2]","[[3],[2],[1]]",FEASIBLE,FEASIBLE,FEASIBLE,null,0.024195,0.019133,0.001343,False
703106,5,7,"[1,3,1,2,1]","[3,3,3,3,2,1,2]","[[0,2,3,4,5,6],[2,3,4,6],[1],[1,6],[3,4,6]]",FEASIBLE,FEASIBLE,FEASIBLE,null,0.170948,0.042233,0.003539,False
703107,6,4,"[1,2,2,3,1,3]","[1,2,2,2]","[[0,1,2,3],[2,3],[0,2,3],[1,2,3],[0,1],[0,1,2]]",UNSAT,UNSAT,UNSAT,"[1, 2, 3]",0.104366,0.07659,0.005255,False
703108,6,7,"[2,3,3,1,1,2]","[1,3,1,3,3,1,3]","[[0,1,2,3,4,5,6],[1,4,5,6],[0,1,2,3,4,5,6],[0,1,2,3,4,5,6],[0,2,3,4,5,6],[1,3,4,5,6]]",FEASIBLE,FEASIBLE,FEASIBLE,null,0.388387,0.073443,0.00635,False
703109,5,6,"[1,1,2,2,2]","[3,2,1,1,2,2]","[[0,4,5],[3],[0,1,2,3,4,5],[1,4],[0,1,3,5]]",FEASIBLE,FEASIBLE,FEASIBLE,null,0.162966,0.044404,0.003367,False
703110,1,4,[2],"[3,3,3,2]","[[2,3]]",FEASIBLE,FEASIBLE,FEASIBLE,null,0.004751,0.014496,0.000993,False
703111,2,2,"[2,1]","[1,3]","[[0,1],[0]]",UNSAT,UNSAT,UNSAT,"[0, 1]",0.007732,0.024972,0.001689,False
703112,6,5,"[1,1,3,2,1,1]","[1,3,2,3,2]","[[0,1,2,3,4],[1],[0,2,4],[0,2,4],[0,1,4],[0,1,2,3,4]]",FEASIBLE,FEASIBLE,FEASIBLE,null,0.264994,0.074895,0.004861,False
703113,7,3,"[1,1,1,1,1,2,1]","[3,2,2]","[[1],[2],[0,1,2],[0,2],[0],[0,1],[2]]",UNSAT,UNSAT,UNSAT,"[0, 1, 2, 3, 4, 5, 6]",0.366168,0.138208,0.004315,False
703114,6,7,"[1,3,3,3,1,3]","[1,2,1,2,1,1,1]","[[1,3,6],[0,1,2,4,6],[1,3,6],[0,1,3,5,6],[1],[0,2,4,6]]",UNSAT,UNSAT,UNSAT,"[1, 5]",0.076918,0.096131,0.00744,False
703115,2,1,"[1,1]",[1],"[[0],[0]]",UNSAT,UNSAT,UNSAT,"[0, 1]",0.006299,0.021564,0.00109,False
703116,2,1,"[1,1]",[2],"[[0],[0]]",FEASIBLE,FEASIBLE,FEASIBLE,null,0.006074,0.013954,0.000674,False
703117,6,1,"[1,1,1,1,1,1]",[1],"[[0],[0],[0],[0],[0],[0]]",UNSAT,UNSAT,UNSAT,"[0, 1]",0.010153,0.038761,0.001962,False
703118,2,4,"[2,1]","[1,3,1,2]","[[2,3],[0,1,2]]",FEASIBLE,FEASIBLE,FEASIBLE,null,0.011403,0.020468,0.001349,False
703119,6,2,"[1,2,2,1,1,1]","[2,3]","[[1],[0,1],[0,1],[1],[1],[1]]",UNSAT,UNSAT,UNSAT,"[0, 1, 2, 3]",0.084668,0.044291,0.002676,False
703120,4,3,"[1,1,1,3]","[1,1,3]","[[0,1],[0,1,2],[0,1],[0,1,2]]",UNSAT,UNSAT,UNSAT,"[0, 3]",0.018864,0.055074,0.003455,False
703121,7,5,"[1,1,1,1,1,1,2]","[1,3,2,3,2]","[[0,4],[2],[2],[2],[0,1,2,3,4],[1],[0,3,4]]",UNSAT,UNSAT,UNSAT,"[1, 2, 3]",0.170309,0.053538,0.003676,False
703122,3,7,"[1,3,1]","[3,2,2,1,3,2,1]","[[2,6],[0,1,2,3,4,5,6],[3]]",FEASIBLE,FEASIBLE,FEASIBLE,null,0.036747,0.030114,0.002131,False
703123,3,2,"[1,1,1]","[1,3]","[[0,1],[1],[0,1]]",FEASIBLE,FEASIBLE,FEASIBLE,null,0.015481,0.020389,0.001225,False
703124,6,2,"[1,1,1,1,1,2]","[3,2]","[[0,1],[0,1],[1],[1],[0],[0,1]]",UNSAT,UNSAT,UNSAT,"[2, 3, 5]",0.076323,0.048215,0.002858,False
703125,7,1,"[1,1,1,1,1,1,1]",[1],"[[0],[0],[0],[0],[0],[0],[0]]",UNSAT,UNSAT,UNSAT,"[0, 1]",0.011563,0.121136,0.001876,False
703126,6,6,"[1,1,2,2,1,1]","[1,2,1,3,1,3]","[[0,1,2,5],[5],[0,1,2,3,4],[0,1,2,3,4,5],[2],[5]]",FEASIBLE,FEASIBLE,FEASIBLE,null,0.31549,0.066568,0.004135,False
703127,7,4,"[1,3,1,1,3,1,1]","[3,3,3,3]","[[3],[0,2,3],[0,1,2,3],[0,1,3],[0,1,2,3],[1],[1]]",FEASIBLE,FEASIBLE,FEASIBLE,null,0.48217,0.053004,0.003122,False
703128,3,5,"[2,2,2]","[3,3,1,1,2]","[[1,4],[3,4],[0,1]]",FEASIBLE,FEASIBLE,FEASIBLE,null,0.029406,0.028932,0.001701,False
703129,1,5,[2],"[2,2,1,1,2]","[[1,2,4]]",FEASIBLE,FEASIBLE,FEASIBLE,null,0.005378,0.016122,0.001062,False
703130,5,7,"[2,1,1,1,1]","[3,2,2,3,2,1,2]","[[0,2,3,5,6],[0],[0,1,2,3,4,5,6],[4,5],[0,3]]",FEASIBLE,FEASIBLE,FEASIBLE,null,0.17168,0.04275,0.002903,False
703131,4,1,"[1,1,1,1]",[1],"[[0],[0],[0],[0]]",UNSAT,UNSAT,UNSAT,"[0, 1]",0.008208,0.029536,0.001466,False
703132,1,2,[1],"[1,1]","[[0,1]]",FEASIBLE,FEASIBLE,FEASIBLE,null,0.003605,0.011828,0.000644,False
703133,7,4,"[2,2,1,3,1,1,1]","[2,1,1,3]","[[0,2,3],[0,3],[2],[0,1,2,3],[0,1,3],[0,3],[2]]",UNSAT,UNSAT,UNSAT,"[2, 6]",0.069506,0.065857,0.004657,False
703134,5,5,"[2,2,1,3,1]","[3,2,2,1,1]","[[1,3,4],[0,1,2,4],[0],[0,1,3],[1,2,3]]",FEASIBLE,FEASIBLE,FEASIBLE,null,0.128645,0.087968,0.004055,False
703135,7,3,"[1,1,1,1,2,1,1]","[1,1,1]","[[0],[0,1,2],[1,2],[1],[0,2],[1,2],[1,2]]",UNSAT,UNSAT,UNSAT,"[0, 4]",0.029082,0.199167,0.003673,False
703136,6,3,"[1,1,1,1,2,1]","[2,1,2]","[[0,1],[0],[0,1],[1],[1,2],[0,1,2]]",UNSAT,UNSAT,UNSAT,"[3, 4]",0.049324,0.050169,0.00333,False
703137,4,2,"[1,2,2,1]","[2,1]","[[0,1],[0,1],[0,1],[1]]",UNSAT,UNSAT,UNSAT,"[1, 2]",0.017337,0.037145,0.002284,False
703138,3,2,"[1,2,1]","[3,1]","[[0,1],[0,1],[0,1]]",FEASIBLE,FEASIBLE,FEASIBLE,null,0.09178,0.048809,0.001236,False
703139,4,3,"[1,1,1,1]","[3,1,1]","[[0,1],[0,1,2],[1,2],[0,2]]",FEASIBLE,FEASIBLE,FEASIBLE,null,0.042783,0.027674,0.001604,False
703140,7,1,"[1,1,1,1,1,1,1]",[3],"[[0],[0],[0],[0],[0],[0],[0]]",UNSAT,UNSAT,UNSAT,"[0, 1, 2, 3]",0.086489,0.046055,0.001934,False
703141,7,7,"[3,3,3,2,1,3,1]","[1,1,3,1,3,2,1]","[[0,1,2,4],[0,2,3,5,6],[0,1,2,5],[1,6],[3],[0,1,2,4,5,6],[4,5,6]]",UNSAT,UNSAT,UNSAT,"[0, 2, 3]",0.178439,0.123239,0.0082,False
703142,7,5,"[3,2,1,1,1,2,2]","[1,1,2,2,2]","[[0,1,2,3,4],[0,2],[2],[0,2],[0,1,2],[0,1,2,3,4],[0,1,3]]",UNSAT,UNSAT,UNSAT,"[1, 2, 3]",0.198145,0.114943,0.006478,False
703143,2,4,"[2,1]","[3,3,2,2]","[[0,1,2,3],[2,3]]",FEASIBLE,FEASIBLE,FEASIBLE,null,0.012141,0.022085,0.001322,False
703144,1,5,[2],"[1,2,3,2,1]","[[0,1,3,4]]",FEASIBLE,FEASIBLE,FEASIBLE,null,0.005432,0.017485,0.001138,False
703145,5,6,"[1,2,3,2,2]","[2,1,2,3,2,2]","[[0,1,2,3,4,5],[3,5],[1,2,3,4,5],[2,3],[0,1,2,3,4,5]]",FEASIBLE,FEASIBLE,FEASIBLE,null,0.152664,0.070286,0.003591,False
703146,6,3,"[1,1,2,1,1,1]","[1,2,1]","[[1],[0],[0,1,2],[1,2],[2],[1,2]]",UNSAT,UNSAT,UNSAT,"[1, 2, 4]",0.086872,0.166037,0.003053,False
703147,2,4,"[1,3]","[2,1,1,3]","[[0],[0,1,2,3]]",FEASIBLE,FEASIBLE,FEASIBLE,null,0.016109,0.027557,0.001386,False
703148,4,6,"[2,3,1,3]","[3,3,2,1,3,3]","[[0,1],[2,4,5],[0],[2,4,5]]",FEASIBLE,FEASIBLE,FEASIBLE,null,0.071764,0.039448,0.002198,False
703149,1,5,[2],"[3,1,3,2,3]","[[2,4]]",FEASIBLE,FEASIBLE,FEASIBLE,null,0.00578,0.015432,0.000889,False
703150,5,2,"[2,2,2,1,1]","[2,3]","[[0,1],[0,1],[0,1],[0],[0]]",UNSAT,UNSAT,UNSAT,"[0, 1, 2]",0.031565,0.043216,0.002615,False
703151,1,5,[2],"[1,3,1,1,1]","[[0,1,3,4]]",FEASIBLE,FEASIBLE,FEASIBLE,null,0.005449,0.017132,0.001053,False
703152,1,3,[3],"[2,2,3]","[[0,1,2]]",FEASIBLE,FEASIBLE,FEASIBLE,null,0.004037,0.016909,0.000972,False
703153,3,1,"[1,1,1]",[2],"[[0],[0],[0]]",UNSAT,UNSAT,UNSAT,"[0, 1, 2]",0.011472,0.025592,0.001342,False
703154,1,2,[1],"[2,1]",[[0]],FEASIBLE,FEASIBLE,FEASIBLE,null,0.00343,0.013193,0.00066,False
703155,3,7,"[1,3,3]","[1,1,1,2,2,3,3]","[[0,1,2,3,4,5,6],[1,3,4,5,6],[0,1,2,3,4,5,6]]",FEASIBLE,FEASIBLE,FEASIBLE,null,0.038197,0.042702,0.003043,False
703156,4,4,"[1,3,1,2]","[3,1,1,2]","[[0,2],[0,1,3],[2],[0,3]]",FEASIBLE,FEASIBLE,FEASIBLE,null,0.051149,0.032445,0.001925,False
703157,2,3,"[1,1]","[3,2,2]","[[0,1],[0]]",FEASIBLE,FEASIBLE,FEASIBLE,null,0.009606,0.016314,0.000991,False
703158,3,5,"[1,2,1]","[1,3,1,1,2]","[[0,1,2,4],[1,2,3,4],[4]]",FEASIBLE,FEASIBLE,FEASIBLE,null,0.029198,0.027069,0.001886,False
703159,6,2,"[1,1,1,1,1,1]","[2,3]","[[1],[0,1],[1],[0],[1],[1]]",UNSAT,UNSAT,UNSAT,"[0, 2, 4, 5]",0.102861,0.042639,0.002429,False
703160,4,4,"[1,1,2,2]","[3,2,3,2]","[[0,1],[0],[0,1,2,3],[0,1]]",FEASIBLE,FEASIBLE,FEASIBLE,null,0.053632,0.139886,0.002251,False
703161,4,2,"[2,1,1,1]","[1,2]","[[0,1],[0],[0],[0,1]]",UNSAT,UNSAT,UNSAT,"[0, 1]",0.011902,0.034589,0.00206,False
703162,6,5,"[1,3,1,2,1,1]","[2,2,3,1,1]","[[1,2,3,4],[1,2,3],[0,1,2,3,4],[0,1,3],[0,1,2,3,4],[0,2,3]]",FEASIBLE,FEASIBLE,FEASIBLE,null,0.264783,0.071834,0.004541,False
703163,7,6,"[1,3,3,3,1,1,2]","[3,1,3,1,3,2]","[[1,2,4,5],[1,2,3,4,5],[1,2,3,4,5],[3,4,5],[0,1,2],[2],[2,3,4,5]]",UNSAT,UNSAT,UNSAT,"[1, 2, 3, 6]",0.425868,0.086796,0.006315,False
703164,7,2,"[1,1,1,1,2,1,1]","[1,3]","[[1],[0,1],[1],[0],[0,1],[0,1],[0]]",UNSAT,UNSAT,UNSAT,"[3, 4]",0.062686,0.070492,0.003154,False
703165,1,7,[1],"[2,1,1,2,1,2,1]",[[6]],FEASIBLE,FEASIBLE,FEASIBLE,null,0.006763,0.014437,0.00087,False
703166,5,7,"[1,3,3,1,1]","[2,3,3,2,1,1,1]","[[1,2,3,4,6],[0,3,4,5,6],[1,2,3,4,5,6],[3],[3]]",FEASIBLE,FEASIBLE,FEASIBLE,null,0.253878,0.072969,0.003964,False
703167,3,7,"[1,1,3]","[1,1,1,3,1,3,1]","[[0,1,2,3,4,5,6],[2,3,4,5,6],[0,1,2,3]]",FEASIBLE,FEASIBLE,FEASIBLE,null,0.037746,0.046996,0.00332,False
703168,2,4,"[1,1]","[3,2,1,1]","[[1],[2,3]]",FEASIBLE,FEASIBLE,FEASIBLE,null,0.011689,0.016272,0.001116,False
703169,1,2,[1],"[1,3]",[[1]],FEASIBLE,FEASIBLE,FEASIBLE,null,0.003306,0.014821,0.00067,False
703170,1,2,[1],"[1,1]",[[1]],FEASIBLE,FEASIBLE,FEASIBLE,null,0.00304,0.009862,0.000608,False
703171,7,5,"[2,1,3,2,2,2,1]","[2,1,2,3,1]","[[0,1,2,3,4],[1,3,4],[0,1,2,4],[0,1,2,3],[0,1,4],[0,1,3],[0,1]]",UNSAT,UNSAT,UNSAT,"[2, 4, 5]",0.223171,0.167821,0.005826,False
703172,5,2,"[1,1,1,2,2]","[2,1]","[[0],[0],[0],[0,1],[0,1]]",UNSAT,UNSAT,UNSAT,"[3, 4]",0.029263,0.053961,0.002506,False
703173,7,6,"[1,1,1,2,3,3,3]","[2,2,3,1,1,1]","[[0,1,2,3,4,5],[1,2,4,5],[0,3,4,5],[2,4,5],[0,1,2,3,4,5],[0,1,2,3,4,5],[1,2,4,5]]",UNSAT,UNSAT,UNSAT,"[3, 4, 5, 6]",0.476535,0.090418,0.007556,False
703174,1,4,[1],"[3,3,3,1]",[[1]],FEASIBLE,FEASIBLE,FEASIBLE,null,0.004715,0.012104,0.000692,False
703175,2,4,"[2,1]","[1,2,1,2]","[[0,1,2,3],[0,1,2,3]]",FEASIBLE,FEASIBLE,FEASIBLE,null,0.011083,0.022175,0.001499,False
703176,6,6,"[1,1,2,3,1,1]","[2,2,3,2,2,2]","[[0,5],[0,1,2,4,5],[0,4,5],[0,1,2,4,5],[5],[0,1,2,4]]",FEASIBLE,FEASIBLE,FEASIBLE,null,0.317863,0.051063,0.003381,False
703177,7,1,"[1,1,1,1,1,1,1]",[1],"[[0],[0],[0],[0],[0],[0],[0]]",UNSAT,UNSAT,UNSAT,"[0, 1]",0.011429,0.03987,0.001962,False
703178,3,2,"[1,1,1]","[2,3]","[[0],[1],[0]]",FEASIBLE,FEASIBLE,FEASIBLE,null,0.015622,0.018444,0.001178,False
703179,4,6,"[3,1,2,2]","[2,2,3,2,3,2]","[[1,2,3,5],[1,2,5],[0,2,3,5],[0,2,3,4,5]]",FEASIBLE,FEASIBLE,FEASIBLE,null,0.070835,0.039938,0.002978,False
703180,3,4,"[2,2,1]","[1,3,2,1]","[[1,2,3],[1,3],[3]]",UNSAT,UNSAT,UNSAT,"[1, 2]",0.01983,0.035676,0.002094,False
703181,4,7,"[2,3,2,2]","[2,2,3,3,2,2,1]","[[0,1,2,3,4],[0,1,2,3,4,5,6],[1,2],[0,1,2,3,4,5,6]]",FEASIBLE,FEASIBLE,FEASIBLE,null,0.080723,0.145774,0.004169,False
703182,6,4,"[1,2,2,2,1,1]","[3,1,1,2]","[[2,3],[0,1,2,3],[0,1,2],[1,2,3],[0,1,3],[3]]",UNSAT,UNSAT,UNSAT,"[0, 1, 2, 3]",0.15075,0.058186,0.004229,False
703183,6,5,"[1,1,2,1,1,1]","[3,2,1,3,1]","[[0,2],[0,2,4],[0,1],[3,4],[0,1,2,3,4],[0,1,2,3,4]]",FEASIBLE,FEASIBLE,FEASIBLE,null,0.319356,0.046407,0.003034,False
703184,2,5,"[1,1]","[3,3,1,2,1]","[[0],[0,1,4]]",FEASIBLE,FEASIBLE,FEASIBLE,null,0.013018,0.017024,0.001281,False
703185,1,4,[1],"[2,3,3,2]",[[1]],FEASIBLE,FEASIBLE,FEASIBLE,null,0.00434,0.01066,0.000652,False
703186,2,7,"[3,2]","[3,1,3,3,2,1,3]","[[0,1,3,6],[0,6]]",FEASIBLE,FEASIBLE,FEASIBLE,null,0.01599,0.025483,0.001533,False
703187,4,7,"[1,1,1,2]","[2,1,3,1,3,1,2]","[[1,2,3,4,5,6],[1,2,4,5,6],[3],[0,1,2,3,4,5,6]]",FEASIBLE,FEASIBLE,FEASIBLE,null,0.138758,0.098391,0.002873,False
703188,3,5,"[1,1,3]","[3,3,2,2,3]","[[1,2,3,4],[2,4],[0,1,2,3,4]]",FEASIBLE,FEASIBLE,FEASIBLE,null,0.06199,0.051939,0.001948,False
703189,4,3,"[1,1,1,1]","[3,2,3]","[[0],[0,1],[0,1],[1]]",FEASIBLE,FEASIBLE,FEASIBLE,null,0.100343,0.043405,0.001381,False
703190,2,7,"[1,1]","[1,1,3,3,1,2,2]","[[0,1,2],[0,1,2,3,4,6]]",FEASIBLE,FEASIBLE,FEASIBLE,null,0.021115,0.028605,0.001796,False
703191,6,4,"[1,1,3,3,1,3]","[1,2,3,2]","[[2],[0,1,2,3],[0,1,2],[0,1,2,3],[1],[0,1,2,3]]",UNSAT,UNSAT,UNSAT,"[2, 3, 4]",0.133601,0.084016,0.004526,False
703192,7,1,"[1,1,1,1,1,1,1]",[2],"[[0],[0],[0],[0],[0],[0],[0]]",UNSAT,UNSAT,UNSAT,"[0, 1, 2]",0.037786,0.041048,0.00193,False
703193,3,5,"[2,1,3]","[1,3,3,3,3]","[[0,1,2,3,4],[2,3,4],[1,2,3]]",FEASIBLE,FEASIBLE,FEASIBLE,null,0.02858,0.047917,0.002039,False
703194,4,7,"[1,2,1,1]","[1,3,3,3,1,2,3]","[[0,3,6],[0,1,2,3,4,5,6],[1],[0,1,2,4,5,6]]",FEASIBLE,FEASIBLE,FEASIBLE,null,0.079221,0.036248,0.002766,False
703195,6,7,"[1,2,1,1,2,1]","[1,3,2,2,2,3,2]","[[0,1,2,5,6],[3,6],[0,6],[3,4,6],[1,2],[2]]",FEASIBLE,FEASIBLE,FEASIBLE,null,0.334393,0.041658,0.002993,False
703196,4,2,"[1,1,1,1]","[2,2]","[[0],[0,1],[1],[1]]",FEASIBLE,FEASIBLE,FEASIBLE,null,0.029984,0.021623,0.001269,False
703197,1,5,[2],"[2,3,3,2,2]","[[0,1,2,3,4]]",FEASIBLE,FEASIBLE,FEASIBLE,null,0.004917,0.016272,0.001113,False
703198,2,2,"[1,1]","[1,2]","[[1],[0,1]]",FEASIBLE,FEASIBLE,FEASIBLE,null,0.007414,0.014402,0.000956,False
703199,1,3,[1],"[2,1,2]",[[1]],FEASIBLE,FEASIBLE,FEASIBLE,null,0.003713,0.01014,0.000666,False
703200,1,3,[2],"[3,2,3]","[[0,1,2]]",FEASIBLE,FEASIBLE,FEASIBLE,null,0.003458,0.013178,0.000878,False
703201,5,4,"[1,2,3,1,1]","[2,2,2,2]","[[0,1,3],[1,2],[0,1,2],[1],[0,1]]",UNSAT,UNSAT,UNSAT,"[1, 2, 3]",0.068548,0.05748,0.00365,False
703202,7,5,"[3,1,3,3,2,1,1]","[1,1,1,3,2]","[[1,3,4],[4],[0,1,2,3,4],[0,1,3],[0,1,2,3,4],[1,2,3,4],[3]]",UNSAT,UNSAT,UNSAT,"[0, 3]",0.035538,0.072399,0.005534,False
703203,6,7,"[1,1,3,3,3,2]","[1,3,2,3,3,2,2]","[[0,1],[0,4],[1,2,3,4],[2,4,5,6],[1,2,3,4,5],[2,4,5,6]]",FEASIBLE,FEASIBLE,FEASIBLE,null,0.338399,0.132408,0.003938,False
703204,3,5,"[2,3,1]","[3,2,2,3,2]","[[0,1,2,3,4],[0,2,3],[0,3]]",FEASIBLE,FEASIBLE,FEASIBLE,null,0.02768,0.037802,0.001991,False
703205,3,2,"[1,1,1]","[1,1]","[[0,1],[1],[0,1]]",UNSAT,UNSAT,UNSAT,"[0, 1, 2]",0.015586,0.029546,0.00194,False
703206,4,5,"[1,1,3,2]","[2,3,2,1,1]","[[0,1,2],[0,1,2,3,4],[2,3,4],[0,1,2]]",FEASIBLE,FEASIBLE,FEASIBLE,null,0.057821,0.036263,0.002583,False
703207,5,6,"[1,1,3,2,3]","[3,1,1,3,1,3]","[[1],[2,3],[0,1,2,4,5],[0,1,5],[2,3,4]]",UNSAT,UNSAT,UNSAT,"[0, 2, 4]",0.087863,0.071151,0.004822,False
703208,1,7,[2],"[2,2,1,2,3,2,3]","[[3,6]]",FEASIBLE,FEASIBLE,FEASIBLE,null,0.006043,0.016302,0.000995,False
703209,5,3,"[1,1,1,2,2]","[3,2,1]","[[1],[1,2],[0,1,2],[1,2],[0,1,2]]",UNSAT,UNSAT,UNSAT,"[0, 1, 3]",0.041774,0.043121,0.003017,False
703210,7,5,"[1,3,2,2,2,1,1]","[3,2,2,2,2]","[[3],[0,1,3,4],[0,2,3,4],[0,2,3,4],[0,1],[0,1,2,3,4],[0,1,2,3,4]]",UNSAT,UNSAT,UNSAT,"[0, 1, 2, 3, 4, 5, 6]",0.518144,0.078749,0.006098,False
703211,1,7,[3],"[2,3,3,2,3,3,1]","[[0,1,2,4]]",FEASIBLE,FEASIBLE,FEASIBLE,null,0.006054,0.018921,0.001206,False
703212,3,1,"[1,1,1]",[2],"[[0],[0],[0]]",UNSAT,UNSAT,UNSAT,"[0, 1, 2]",0.010465,0.024351,0.00134,False
703213,6,2,"[1,1,1,1,2,1]","[1,2]","[[0],[0],[0,1],[1],[0,1],[0]]",UNSAT,UNSAT,UNSAT,"[0, 1]",0.013594,0.0434,0.002886,False
703214,2,4,"[3,2]","[2,2,2,3]","[[0,1,2,3],[1,2]]",FEASIBLE,FEASIBLE,FEASIBLE,null,0.010911,0.103557,0.001428,False
703215,5,2,"[1,1,1,1,2]","[1,3]","[[1],[0],[0,1],[0],[0,1]]",UNSAT,UNSAT,UNSAT,"[1, 3]",0.020966,0.0368,0.002338,False
703216,4,2,"[2,1,1,1]","[2,2]","[[0,1],[0],[0],[0,1]]",UNSAT,UNSAT,UNSAT,"[0, 1, 2]",0.021585,0.032651,0.00208,False
703217,4,7,"[1,1,3,3]","[2,2,1,2,2,2,3]","[[0,1,2,3,4,5,6],[2,5],[1,2,3,4,5,6],[1,3,5,6]]",FEASIBLE,FEASIBLE,FEASIBLE,null,0.077202,0.042224,0.003221,False
703218,7,6,"[1,2,2,1,1,2,1]","[3,2,1,3,2,2]","[[0],[0,3,4,5],[1,4],[0,2,3,4,5],[1,5],[0,1,2,3,4],[0,1,2,3,4,5]]",FEASIBLE,FEASIBLE,FEASIBLE,null,0.624254,0.054987,0.003892,False
703219,5,1,"[1,1,1,1,1]",[1],"[[0],[0],[0],[0],[0]]",UNSAT,UNSAT,UNSAT,"[0, 1]",0.008906,0.030618,0.001654,False
703220,2,7,"[1,2]","[1,3,2,2,2,1,2]","[[5],[0,1,2,3,4,5,6]]",FEASIBLE,FEASIBLE,FEASIBLE,null,0.016036,0.022865,0.001656,False
703221,7,5,"[1,1,3,1,2,3,3]","[2,2,2,1,3]","[[0,1,2,3,4],[0,1,2,3,4],[0,1,3,4],[0,1,2,3],[0,1,2,3,4],[0,3,4],[0,1,2,3]]",UNSAT,UNSAT,UNSAT,"[2, 5, 6]",0.216157,0.092437,0.006937,False
703222,7,4,"[1,2,1,2,3,2,2]","[1,3,1,1]","[[0,3],[1,2,3],[0,1,2,3],[0,2],[0,1,2,3],[0,2],[0,1,3]]",UNSAT,UNSAT,UNSAT,"[3, 4]",0.070721,0.086046,0.005017,False
703223,6,6,"[1,2,1,1,1,1]","[3,3,1,3,1,3]","[[1,3,4],[0,4],[0],[0,2,3,5],[0,2,4],[0,1,2,4,5]]",FEASIBLE,FEASIBLE,FEASIBLE,null,0.393412,0.179202,0.003104,False
703224,1,4,[1],"[1,1,1,1]",[[0]],FEASIBLE,FEASIBLE,FEASIBLE,null,0.006264,0.03028,0.00064,False
703225,5,6,"[1,1,1,3,2]","[3,1,2,3,3,1]","[[0,1,2,3,4,5],[1],[0,1,2,4,5],[0,2,5],[0,1,2,3,4,5]]",FEASIBLE,FEASIBLE,FEASIBLE,null,0.174084,0.04609,0.00335,False
703226,2,5,"[2,1]","[2,3,3,2,2]","[[0,1,2,3,4],[0,1,2,3,4]]",FEASIBLE,FEASIBLE,FEASIBLE,null,0.012602,0.022561,0.001772,False
703227,2,1,"[1,1]",[1],"[[0],[0]]",UNSAT,UNSAT,UNSAT,"[0, 1]",0.005668,0.02008,0.001821,False
703228,7,4,"[3,3,2,1,2,3,2]","[3,3,1,1]","[[1,2,3],[0,2,3],[2,3],[1],[0,1,2,3],[0,2,3],[0,1,2]]",UNSAT,UNSAT,UNSAT,"[0, 1]",0.02398,0.066643,0.005325,False
703229,2,2,"[1,1]","[2,2]","[[0,1],[0]]",FEASIBLE,FEASIBLE,FEASIBLE,null,0.009911,0.014935,0.001004,False
703230,2,4,"[2,2]","[2,2,2,3]","[[0,2],[0,1,3]]",FEASIBLE,FEASIBLE,FEASIBLE,null,0.010513,0.021084,0.001356,False
703231,5,3,"[3,1,1,3,1]","[3,2,2]","[[0,1,2],[0],[0],[0,1,2],[0,1,2]]",UNSAT,UNSAT,UNSAT,"[0, 1, 2, 3]",0.064567,0.048764,0.003247,False
703232,6,3,"[1,1,1,2,2,1]","[2,2,1]","[[1,2],[0,2],[2],[0,2],[1,2],[1]]",UNSAT,UNSAT,UNSAT,"[2, 3]",0.039068,0.046594,0.003297,False
703233,3,1,"[1,1,1]",[2],"[[0],[0],[0]]",UNSAT,UNSAT,UNSAT,"[0, 1, 2]",0.010687,0.025277,0.001256,False
703234,2,7,"[1,3]","[2,2,2,1,2,2,3]","[[1],[1,5,6]]",FEASIBLE,FEASIBLE,FEASIBLE,null,0.015868,0.030836,0.001384,False
703235,5,1,"[1,1,1,1,1]",[2],"[[0],[0],[0],[0],[0]]",UNSAT,UNSAT,UNSAT,"[0, 1, 2]",0.07089,0.078179,0.001703,False
703236,7,1,"[1,1,1,1,1,1,1]",[3],"[[0],[0],[0],[0],[0],[0],[0]]",UNSAT,UNSAT,UNSAT,"[0, 1, 2, 3]",0.083253,0.127025,0.001965,False
703237,1,7,[2],"[1,2,3,3,3,3,2]","[[0,1,2,3,4,6]]",FEASIBLE,FEASIBLE,FEASIBLE,null,0.006426,0.018439,0.001248,False
703238,7,7,"[1,3,2,2,1,2,2]","[1,2,3,2,3,1,1]","[[1,2,3,4,5,6],[0,1,2,3,4,5,6],[0,2,4],[3,6],[3],[0,1,5],[0,1,2,3,4,5,6]]",FEASIBLE,FEASIBLE,FEASIBLE,null,0.789761,0.085384,0.005622,False
703239,3,1,"[1,1,1]",[3],"[[0],[0],[0]]",FEASIBLE,FEASIBLE,FEASIBLE,null,0.011166,0.017408,0.000815,False
703240,7,1,"[1,1,1,1,1,1,1]",[3],"[[0],[0],[0],[0],[0],[0],[0]]",UNSAT,UNSAT,UNSAT,"[0, 1, 2, 3]",0.078722,0.039072,0.001802,False
703241,2,3,"[2,2]","[3,2,1]","[[0,1,2],[0,1]]",FEASIBLE,FEASIBLE,FEASIBLE,null,0.009131,0.020308,0.001275,False
703242,1,2,[1],"[3,3]",[[0]],FEASIBLE,FEASIBLE,FEASIBLE,null,0.003172,0.009985,0.000633,False
703243,4,3,"[2,1,2,1]","[1,2,3]","[[0,1],[2],[0,2],[0,1,2]]",UNSAT,UNSAT,UNSAT,"[0, 2]",0.015618,0.038516,0.002377,False
703244,4,5,"[2,1,1,1]","[3,2,1,1,2]","[[0,2],[0,1,2,3,4],[1,2,4],[3]]",FEASIBLE,FEASIBLE,FEASIBLE,null,0.058272,0.029378,0.002146,False
703245,5,6,"[2,3,2,1,1]","[1,3,1,1,2,2]","[[0,1,3,4,5],[1,3,4],[0,2,3,4],[0,4],[0,1,2,3,4,5]]",FEASIBLE,FEASIBLE,FEASIBLE,null,0.141769,0.058803,0.004087,False
703246,4,2,"[1,1,2,1]","[1,2]","[[0,1],[0],[0,1],[0,1]]",UNSAT,UNSAT,UNSAT,"[1, 2]",0.015967,0.034546,0.002294,False
703247,7,7,"[3,1,2,2,3,3,1]","[2,1,1,3,1,3,3]","[[0,2,3,4,5,6],[0,3,4,5],[1,4],[1,5],[0,1,4,5,6],[2,3,4,5,6],[0]]",UNSAT,UNSAT,UNSAT,"[2, 3]",0.088396,0.172028,0.006126,False
703248,4,5,"[3,2,1,2]","[3,2,2,3,1]","[[0,1,2,3,4],[0,1,3],[0,1,2],[0,1,4]]",FEASIBLE,FEASIBLE,FEASIBLE,null,0.057705,0.047543,0.003946,False
703249,3,7,"[3,2,1]","[1,3,1,2,2,3,3]","[[0,1,2,3,4,5],[0,1,2,5,6],[3,5]]",FEASIBLE,FEASIBLE,FEASIBLE,null,0.035413,0.033988,0.002479,False
703250,5,1,"[1,1,1,1,1]",[2],"[[0],[0],[0],[0],[0]]",UNSAT,UNSAT,UNSAT,"[0, 1, 2]",0.02073,0.031748,0.002076,False
703251,7,2,"[1,1,1,1,1,1,1]","[1,2]","[[0],[0],[0],[0,1],[0],[0],[0,1]]",UNSAT,UNSAT,UNSAT,"[0, 1]",0.029067,0.04403,0.002888,False
703252,1,6,[2],"[1,1,2,3,1,3]","[[0,1,3,4,5]]",FEASIBLE,FEASIBLE,FEASIBLE,null,0.005752,0.017848,0.001221,False
703253,2,4,"[2,3]","[1,2,2,1]","[[0,1,2],[0,1,2,3]]",FEASIBLE,FEASIBLE,FEASIBLE,null,0.010859,0.024744,0.001495,False
703254,3,2,"[1,2,1]","[3,3]","[[0,1],[0,1],[0]]",FEASIBLE,FEASIBLE,FEASIBLE,null,0.01484,0.020793,0.00126,False
703255,7,7,"[1,1,1,1,2,3,3]","[3,3,3,1,2,1,2]","[[0,1,2,3,4,5],[0,1,2,3,4,5,6],[0,1,2,3,4,5,6],[0,3,5,6],[0,4,5],[2,4,5,6],[0,1,2,3,4,5,6]]",FEASIBLE,FEASIBLE,FEASIBLE,null,0.703217,0.067923,0.007649,False
703256,3,1,"[1,1,1]",[1],"[[0],[0],[0]]",UNSAT,UNSAT,UNSAT,"[0, 1]",0.00664,0.023978,0.00143,False
703257,7,3,"[2,1,2,2,3,1,1]","[1,1,2]","[[1,2],[0],[0,1,2],[0,1,2],[0,1,2],[0,2],[2]]",UNSAT,UNSAT,UNSAT,"[0, 4]",0.026146,0.058224,0.004217,False
703258,1,6,[2],"[3,2,1,1,3,3]","[[0,1,2,3,5]]",FEASIBLE,FEASIBLE,FEASIBLE,null,0.005575,0.095794,0.001166,False
703259,3,7,"[3,2,1]","[2,2,1,1,1,1,3]","[[0,1,2,4,5],[0,1,2,3,4,5,6],[0,1,2,3,4,5,6]]",FEASIBLE,FEASIBLE,FEASIBLE,null,0.037401,0.038091,0.002989,False
703260,5,1,"[1,1,1,1,1]",[3],"[[0],[0],[0],[0],[0]]",UNSAT,UNSAT,UNSAT,"[0, 1, 2, 3]",0.035144,0.033497,0.001753,False
703261,4,5,"[1,3,1,2]","[1,2,3,2,3]","[[1,2,3,4],[0,1,2,3,4],[4],[1,4]]",FEASIBLE,FEASIBLE,FEASIBLE,null,0.058265,0.043246,0.002809,False
703262,7,6,"[2,3,2,2,3,2,2]","[2,2,3,3,3,1]","[[2,4],[1,3,4,5],[0,1,2,3,4,5],[0,1,2,3,4],[0,1,3,4],[0,1,2,3,4,5],[1,4]]",UNSAT,UNSAT,UNSAT,"[0, 1, 2, 3, 4, 5, 6]",0.647681,0.115341,0.008272,False
703263,7,2,"[1,1,1,1,1,1,1]","[3,3]","[[1],[0],[0,1],[0],[1],[0],[0,1]]",UNSAT,UNSAT,UNSAT,"[0, 1, 2, 3, 4, 5, 6]",0.256068,0.051299,0.003296,False
703264,5,1,"[1,1,1,1,1]",[1],"[[0],[0],[0],[0],[0]]",UNSAT,UNSAT,UNSAT,"[0, 1]",0.011521,0.036622,0.001694,False
703265,7,7,"[3,1,1,3,1,2,1]","[1,3,1,3,3,3,3]","[[0,4,5,6],[2,3,4,5,6],[0,5],[0,1,2,3,5],[6],[0,1,2,3,4,5,6],[1,2]]",FEASIBLE,FEASIBLE,FEASIBLE,null,0.840793,0.12441,0.004333,False
703266,2,4,"[1,3]","[1,3,1,2]","[[1],[0,1,2,3]]",FEASIBLE,FEASIBLE,FEASIBLE,null,0.011187,0.024258,0.001465,False
703267,1,5,[2],"[2,1,2,3,3]","[[0,2,3,4]]",FEASIBLE,FEASIBLE,FEASIBLE,null,0.005005,0.015556,0.001129,False
703268,7,1,"[1,1,1,1,1,1,1]",[3],"[[0],[0],[0],[0],[0],[0],[0]]",UNSAT,UNSAT,UNSAT,"[0, 1, 2, 3]",0.078243,0.185338,0.00205,False
703269,1,7,[1],"[1,3,1,2,2,3,2]","[[2,3,5]]",FEASIBLE,FEASIBLE,FEASIBLE,null,0.006331,0.014316,0.001062,False
703270,3,2,"[1,2,1]","[1,3]","[[0,1],[0,1],[0,1]]",FEASIBLE,FEASIBLE,FEASIBLE,null,0.015282,0.030202,0.001823,False
703271,6,3,"[1,2,1,1,3,1]","[1,3,2]","[[0,1],[0,1],[1],[1,2],[0,1,2],[2]]",UNSAT,UNSAT,UNSAT,"[1, 4]",0.034412,0.04837,0.003551,False
703272,6,7,"[1,2,1,1,1,2]","[3,2,2,2,3,1,1]","[[0,1,2,3,4,6],[2,3,6],[0,1,2,4],[0,2,6],[2,6],[4,6]]",FEASIBLE,FEASIBLE,FEASIBLE,null,0.346416,0.044298,0.003321,False
703273,6,3,"[1,1,1,1,2,1]","[1,3,3]","[[0,1],[0],[1,2],[1,2],[0,1],[2]]",UNSAT,UNSAT,UNSAT,"[1, 4]",0.033989,0.054992,0.0035,False
703274,5,5,"[1,3,2,2,1]","[2,1,2,3,1]","[[0],[0,1,3],[0,2,4],[1,2,3],[0,4]]",UNSAT,UNSAT,UNSAT,"[0, 1, 2, 4]",0.10337,0.050801,0.003668,False
703275,6,5,"[1,2,3,1,2,2]","[2,1,3,2,1]","[[0,1,2,3,4],[0,1,2,3,4],[0,2,3],[2,3],[0,1,3,4],[0,1,2,3,4]]",UNSAT,UNSAT,UNSAT,"[0, 1, 2, 4, 5]",0.233298,0.071251,0.005881,False
703276,6,5,"[3,1,1,2,1,1]","[2,3,2,1,2]","[[0,1,2,3],[2],[2,4],[0,1,2,3,4],[4],[3]]",FEASIBLE,FEASIBLE,FEASIBLE,null,0.308088,0.04357,0.002819,False
703277,6,6,"[3,1,1,1,3,2]","[3,1,3,1,2,1]","[[1,2,3,4],[0,2,4],[0,1,2,3,4,5],[5],[2,3,4],[0,1]]",UNSAT,UNSAT,UNSAT,"[0, 4, 5]",0.149072,0.076163,0.005457,False
703278,5,4,"[2,1,1,2,1]","[2,2,1,1]","[[0,1,2,3],[1],[0,1,2,3],[0,2],[3]]",UNSAT,UNSAT,UNSAT,"[0, 1, 2, 3, 4]",0.1027,0.133065,0.003547,False
703279,3,3,"[2,1,1]","[3,1,1]","[[0,2],[0],[1]]",FEASIBLE,FEASIBLE,FEASIBLE,null,0.020189,0.021407,0.001356,False
703280,4,5,"[2,1,1,2]","[3,2,1,3,2]","[[0,1,3],[2],[1],[0,1]]",FEASIBLE,FEASIBLE,FEASIBLE,null,0.0585,0.037272,0.002305,False
703281,2,5,"[3,1]","[2,1,1,2,3]","[[1,2,3,4],[0,3,4]]",FEASIBLE,FEASIBLE,FEASIBLE,null,0.012518,0.023155,0.00166,False
703282,1,7,[1],"[3,1,3,2,2,1,3]","[[0,1,2,3,4,5,6]]",FEASIBLE,FEASIBLE,FEASIBLE,null,0.006293,0.016913,0.00144,False
703283,1,3,[1],"[3,3,3]","[[0,1,2]]",FEASIBLE,FEASIBLE,FEASIBLE,null,0.003898,0.011741,0.000877,False
703284,5,5,"[3,1,1,1,1]","[2,2,2,3,3]","[[0,1,2,3,4],[1,2,4],[0,3],[0,1,2,3,4],[0,1,2,3,4]]",FEASIBLE,FEASIBLE,FEASIBLE,null,0.126447,0.043256,0.003277,False
703285,3,5,"[1,2,1]","[1,2,2,1,1]","[[1,3],[0,3],[3]]",UNSAT,UNSAT,UNSAT,"[1, 2]",0.02333,0.030747,0.002068,False
703286,6,4,"[3,1,3,2,1,3]","[1,2,3,1]","[[0,1,2,3],[1,3],[0,1,2,3],[0,1,2],[0],[0,1,2,3]]",UNSAT,UNSAT,UNSAT,"[0, 1, 2]",0.067748,0.063124,0.00486,False
703287,3,7,"[2,3,2]","[3,2,3,2,3,1,1]","[[0,2],[3,5,6],[0,1,2,3,4,5,6]]",FEASIBLE,FEASIBLE,FEASIBLE,null,0.036192,0.03462,0.002545,False
703288,6,1,"[1,1,1,1,1,1]",[1],"[[0],[0],[0],[0],[0],[0]]",UNSAT,UNSAT,UNSAT,"[0, 1]",0.009721,0.034471,0.00212,False
703289,1,7,[1],"[3,2,3,1,2,2,3]",[[3]],FEASIBLE,FEASIBLE,FEASIBLE,null,0.006225,0.014159,0.000954,False
703290,3,1,"[1,1,1]",[3],"[[0],[0],[0]]",FEASIBLE,FEASIBLE,FEASIBLE,null,0.010804,0.017291,0.000871,False
703291,5,4,"[1,1,3,2,3]","[1,2,3,2]","[[3],[3],[0,1,2,3],[0,1,2,3],[0,1,3]]",UNSAT,UNSAT,UNSAT,"[0, 1, 4]",0.149495,0.054533,0.003817,False
703292,3,3,"[2,2,1]","[2,2,2]","[[0,2],[0,2],[1]]",FEASIBLE,FEASIBLE,FEASIBLE,null,0.020553,0.024031,0.001508,False
703293,7,7,"[2,2,1,1,3,3,2]","[2,1,1,1,1,3,2]","[[0,4,6],[0,3],[2,3,6],[0,1,2,3,4],[2,3,4,5,6],[1,3,4],[2,3,4,5,6]]",UNSAT,UNSAT,UNSAT,"[1, 5]",0.082656,0.08048,0.006668,False
703294,5,7,"[1,2,2,1,1]","[3,1,2,3,1,3,2]","[[4,6],[0,5],[0,1,3,4],[2,3],[6]]",FEASIBLE,FEASIBLE,FEASIBLE,null,0.165901,0.03661,0.00264,False
703295,3,4,"[1,1,2]","[1,1,3,1]","[[0,1,2,3],[2],[0,1,2,3]]",FEASIBLE,FEASIBLE,FEASIBLE,null,0.02364,0.026165,0.001777,False
703296,3,7,"[2,3,2]","[3,2,1,3,1,3,2]","[[1,4,5],[1,3,4,6],[0,1,5]]",FEASIBLE,FEASIBLE,FEASIBLE,null,0.036557,0.035008,0.002231,False
703297,3,5,"[1,1,1]","[3,2,1,2,2]","[[1],[3],[0,1,2,3,4]]",FEASIBLE,FEASIBLE,FEASIBLE,null,0.026843,0.022251,0.001744,False
703298,7,3,"[1,1,1,1,1,1,1]","[2,1,3]","[[0,1],[1],[1],[0],[0,1,2],[0,1,2],[0,1,2]]",UNSAT,UNSAT,UNSAT,"[1, 2]",0.043137,0.059991,0.003326,False
703299,7,6,"[2,1,1,1,1,3,1]","[2,3,1,3,3,1]","[[0,2],[1,5],[1,2,3],[3,4,5],[0,1,3,4],[0,1,2,4],[4]]",FEASIBLE,FEASIBLE,FEASIBLE,null,0.646643,0.080068,0.004479,False
703300,3,1,"[1,1,1]",[2],"[[0],[0],[0]]",UNSAT,UNSAT,UNSAT,"[0, 1, 2]",0.014268,0.027382,0.001334,False
703301,2,2,"[1,1]","[2,3]","[[0],[1]]",FEASIBLE,FEASIBLE,FEASIBLE,null,0.007746,0.121424,0.000816,False
703302,1,6,[2],"[2,3,1,3,1,2]","[[0,1,2,3,4,5]]",FEASIBLE,FEASIBLE,FEASIBLE,null,0.006452,0.017699,0.001234,False
703303,4,5,"[1,2,2,3]","[1,2,3,2,1]","[[0,1,2,3,4],[0,1,2,3],[0,1,2,3,4],[1,2,3,4]]",FEASIBLE,FEASIBLE,FEASIBLE,null,0.059577,0.04338,0.002987,False
703304,2,6,"[3,2]","[3,2,2,3,2,3]","[[0,1,2,4,5],[1,2,3,5]]",FEASIBLE,FEASIBLE,FEASIBLE,null,0.01446,0.026905,0.001891,False
703305,2,4,"[1,2]","[1,3,2,2]","[[0,1,2,3],[1,2,3]]",FEASIBLE,FEASIBLE,FEASIBLE,null,0.010661,0.02003,0.001412,False
703306,3,6,"[1,2,1]","[2,1,3,1,1,3]","[[1],[1,2,3,4],[4]]",FEASIBLE,FEASIBLE,FEASIBLE,null,0.031961,0.024975,0.001684,False
703307,1,2,[2],"[2,3]","[[0,1]]",FEASIBLE,FEASIBLE,FEASIBLE,null,0.003326,0.012807,0.000828,False
703308,6,2,"[2,1,1,1,1,1]","[3,1]","[[0,1],[0,1],[0,1],[1],[0,1],[0,1]]",UNSAT,UNSAT,UNSAT,"[0, 3]",0.017758,0.046281,0.003193,False
703309,1,1,[1],[3],[[0]],FEASIBLE,FEASIBLE,FEASIBLE,null,0.002915,0.00996,0.000618,False
703310,3,5,"[3,2,2]","[3,1,2,1,1]","[[0,1,2,3,4],[0,2,3],[0,1,2,3,4]]",FEASIBLE,FEASIBLE,FEASIBLE,null,0.027667,0.035328,0.002385,False
703311,4,7,"[3,1,2,3]","[3,1,1,3,3,2,1]","[[0,1,2,3,4,6],[1,2,3,4,5,6],[0,1,3,4,5],[0,2,4,5,6]]",FEASIBLE,FEASIBLE,FEASIBLE,null,0.079974,0.048367,0.003444,False
703312,6,7,"[2,1,1,1,2,3]","[3,2,1,3,1,2,1]","[[1,3,4,5,6],[0,1,2,3,4,5,6],[0,2,4],[1,3],[1,2,3,4,6],[1,3,4,5]]",FEASIBLE,FEASIBLE,FEASIBLE,null,0.370267,0.058498,0.004057,False
703313,2,4,"[1,2]","[3,1,3,1]","[[2,3],[0,1,2,3]]",FEASIBLE,FEASIBLE,FEASIBLE,null,0.011549,0.102277,0.001362,False
703314,1,2,[1],"[3,2]",[[0]],FEASIBLE,FEASIBLE,FEASIBLE,null,0.003544,0.009933,0.000648,False
703315,2,3,"[3,1]","[2,3,1]","[[0,1,2],[2]]",UNSAT,UNSAT,UNSAT,"[0, 1]",0.009164,0.027726,0.001859,False
703316,4,1,"[1,1,1,1]",[1],"[[0],[0],[0],[0]]",UNSAT,UNSAT,UNSAT,"[0, 1]",0.007852,0.027883,0.001746,False
703317,1,2,[1],"[3,1]",[[0]],FEASIBLE,FEASIBLE,FEASIBLE,null,0.00331,0.010531,0.000625,False
703318,4,6,"[2,3,2,3]","[1,1,3,2,2,1]","[[0,4],[0,3,5],[1,5],[2,3,4,5]]",UNSAT,UNSAT,UNSAT,"[0, 1]",0.021659,0.049967,0.003459,False
703319,3,5,"[2,2,2]","[2,2,1,2,2]","[[1,3],[2,4],[0,1,2,3,4]]",FEASIBLE,FEASIBLE,FEASIBLE,null,0.028186,0.030024,0.002011,False
703320,4,7,"[2,1,3,3]","[3,3,2,3,3,2,1]","[[1,2,6],[5],[0,1,2,3,5,6],[1,2,5,6]]",FEASIBLE,FEASIBLE,FEASIBLE,null,0.092395,0.042827,0.002787,False
703321,3,7,"[1,2,2]","[2,1,3,2,2,2,1]","[[6],[0,1,2,4,5],[1,2,4,6]]",FEASIBLE,FEASIBLE,FEASIBLE,null,0.036132,0.030289,0.002106,False
703322,4,6,"[2,1,3,1]","[1,3,2,1,1,2]","[[0,1,2,3,4,5],[0,1,4],[1,2,3],[1,3]]",FEASIBLE,FEASIBLE,FEASIBLE,null,0.067906,0.046696,0.003265,False
703323,4,1,"[1,1,1,1]",[2],"[[0],[0],[0],[0]]",UNSAT,UNSAT,UNSAT,"[0, 1, 2]",0.015377,0.030183,0.001765,False
703324,5,5,"[2,3,1,2,3]","[3,3,2,3,2]","[[0,2,3,4],[0,1,4],[0,2,3,4],[0,1,2,3,4],[0,1,2,3,4]]",FEASIBLE,FEASIBLE,FEASIBLE,null,0.122664,0.051384,0.003448,False
703325,1,6,[2],"[2,2,1,2,3,1]","[[2,3,4,5]]",FEASIBLE,FEASIBLE,FEASIBLE,null,0.005612,0.018772,0.001098,False
703326,1,1,[1],[1],[[0]],FEASIBLE,FEASIBLE,FEASIBLE,null,0.002519,0.088888,0.000569,False
703327,6,3,"[1,1,1,1,2,1]","[3,3,1]","[[0,1,2],[0,2],[0],[0],[0,1,2],[2]]",UNSAT,UNSAT,UNSAT,"[1, 2, 3, 4, 5]",0.165725,0.058738,0.003901,False
703328,3,3,"[1,2,1]","[3,2,3]","[[0,1,2],[1,2],[1,2]]",FEASIBLE,FEASIBLE,FEASIBLE,null,0.019608,0.023356,0.001493,False
703329,5,7,"[2,1,1,1,1]","[3,3,1,3,2,2,3]","[[1,2,5],[1,2,5,6],[4],[2,6],[3,4,5,6]]",FEASIBLE,FEASIBLE,FEASIBLE,null,0.163905,0.036467,0.002799,False
703330,5,5,"[3,1,3,1,1]","[3,3,1,3,2]","[[1,3,4],[1],[1,2,3,4],[1],[2]]",UNSAT,UNSAT,UNSAT,"[0, 1, 2, 3, 4]",0.122835,0.062638,0.004076,False
703331,1,1,[1],[1],[[0]],FEASIBLE,FEASIBLE,FEASIBLE,null,0.00277,0.010102,0.000486,False
703332,1,6,[1],"[2,1,3,1,2,3]","[[0,1,2,5]]",FEASIBLE,FEASIBLE,FEASIBLE,null,0.005479,0.014228,0.001076,False
703333,1,1,[1],[3],[[0]],FEASIBLE,FEASIBLE,FEASIBLE,null,0.002542,0.009115,0.00044,False
703334,2,7,"[1,2]","[3,2,3,3,3,1,3]","[[0,1,2,3,4,5,6],[0,2,4]]",FEASIBLE,FEASIBLE,FEASIBLE,null,0.016713,0.024073,0.001884,False
703335,4,5,"[3,1,1,2]","[2,3,3,3,3]","[[0,1,2,3,4],[2,4],[0],[0,1,2,3,4]]",FEASIBLE,FEASIBLE,FEASIBLE,null,0.058927,0.035414,0.002388,False
703336,4,5,"[1,1,1,1]","[3,1,1,2,2]","[[0,1,4],[0,4],[0,1,2,3,4],[0]]",FEASIBLE,FEASIBLE,FEASIBLE,null,0.109414,0.037384,0.002325,False
703337,1,2,[1],"[2,2]",[[1]],FEASIBLE,FEASIBLE,FEASIBLE,null,0.003621,0.010286,0.000605,False
703338,2,7,"[1,2]","[1,2,1,2,3,2,2]","[[0,4,6],[0,1,2,3,4,5]]",FEASIBLE,FEASIBLE,FEASIBLE,null,0.016146,0.024675,0.001822,False
703339,5,7,"[1,3,3,3,2]","[3,3,3,2,2,2,3]","[[5],[0,1,2,3,4,5,6],[1,2,3,4,5,6],[1,2,3],[0,1,2,3,4,6]]",FEASIBLE,FEASIBLE,FEASIBLE,null,0.167986,0.135758,0.003882,False
703340,3,5,"[2,2,1]","[1,3,2,2,1]","[[0,3],[0,1,4],[0,1,2,3,4]]",FEASIBLE,FEASIBLE,FEASIBLE,null,0.028131,0.029841,0.002024,False
703341,3,4,"[2,1,2]","[3,1,3,2]","[[0,2],[1],[0,1,2,3]]",FEASIBLE,FEASIBLE,FEASIBLE,null,0.024768,0.026534,0.001662,False
703342,7,4,"[2,1,3,3,2,1,1]","[3,2,2,2]","[[0,1,2,3],[1],[0,1,2,3],[0,1,3],[0,1,3],[3],[3]]",UNSAT,UNSAT,UNSAT,"[3, 5, 6]",0.210724,0.089243,0.005575,False
703343,5,2,"[1,1,2,1,1]","[2,2]","[[0,1],[0],[0,1],[1],[0]]",UNSAT,UNSAT,UNSAT,"[1, 2, 4]",0.046457,0.039288,0.002737,False
703344,2,4,"[2,3]","[3,2,3,3]","[[0,1,2,3],[0,1,3]]",FEASIBLE,FEASIBLE,FEASIBLE,null,0.01434,0.025097,0.001496,False
703345,7,5,"[1,1,2,1,1,3,3]","[3,2,1,3,3]","[[1,2],[2],[0,1,2,3,4],[0,2,4],[1,3,4],[0,2,4],[0,2,4]]",UNSAT,UNSAT,UNSAT,"[1, 5]",0.063143,0.083436,0.005492,False
703346,2,6,"[3,2]","[2,1,3,3,3,2]","[[0,1,3,5],[0,1,3,4,5]]",FEASIBLE,FEASIBLE,FEASIBLE,null,0.014588,0.028691,0.001866,False
703347,1,5,[2],"[3,1,2,1,1]","[[0,1,2,3,4]]",FEASIBLE,FEASIBLE,FEASIBLE,null,0.005084,0.017244,0.001109,False
703348,1,5,[1],"[3,2,2,1,1]","[[0,3]]",FEASIBLE,FEASIBLE,FEASIBLE,null,0.004992,0.012751,0.000855,False
703349,5,4,"[1,2,1,1,1]","[1,1,2,3]","[[2],[0,1,2,3],[0,3],[0,2],[0,2,3]]",FEASIBLE,FEASIBLE,FEASIBLE,null,0.104768,0.054003,0.002276,False
703350,1,2,[1],"[3,2]",[[0]],FEASIBLE,FEASIBLE,FEASIBLE,null,0.004013,0.012803,0.000565,False
703351,1,4,[1],"[3,2,3,3]","[[0,1,2,3]]",FEASIBLE,FEASIBLE,FEASIBLE,null,0.10471,0.033251,0.000971,False
703352,6,6,"[1,1,2,1,1,1]","[2,3,1,3,2,3]","[[2],[0,1,2,3,5],[3,4,5],[4],[0,1,2,5],[0,1,2,3]]",FEASIBLE,FEASIBLE,FEASIBLE,null,0.307942,0.043097,0.003179,False
703353,4,7,"[2,1,3,2]","[3,3,1,2,1,3,1]","[[0,1,2,3,4,5,6],[6],[0,2,3,4,5],[1,4,5,6]]",FEASIBLE,FEASIBLE,FEASIBLE,null,0.080639,0.05029,0.002933,False
703354,6,3,"[1,1,2,2,1,2]","[3,2,2]","[[0],[1,2],[0,2],[1,2],[2],[0,1,2]]",UNSAT,UNSAT,UNSAT,"[2, 3, 4]",0.116286,0.054973,0.003468,False
703355,4,2,"[2,2,2,1]","[2,1]","[[0,1],[0,1],[0,1],[0]]",UNSAT,UNSAT,UNSAT,"[0, 1]",0.01128,0.037915,0.002433,False
703356,2,6,"[1,2]","[3,1,1,1,2,2]","[[0,1,2,4],[1,3,5]]",FEASIBLE,FEASIBLE,FEASIBLE,null,0.01518,0.023109,0.001542,False
703357,2,1,"[1,1]",[2],"[[0],[0]]",FEASIBLE,FEASIBLE,FEASIBLE,null,0.005824,0.013574,0.000827,False
703358,7,7,"[1,1,2,3,2,2,2]","[2,2,1,3,3,1,3]","[[2],[3],[0,1,2,3,4,5],[0,1,2,3,5,6],[1,2,4,6],[0,4],[3,5]]",FEASIBLE,FEASIBLE,FEASIBLE,null,0.804125,0.094557,0.005003,False
703359,7,2,"[1,1,1,2,1,1,2]","[3,2]","[[0],[1],[0,1],[0,1],[1],[0,1],[0,1]]",UNSAT,UNSAT,UNSAT,"[1, 3, 4]",0.094794,0.061237,0.003376,False
703360,6,1,"[1,1,1,1,1,1]",[2],"[[0],[0],[0],[0],[0],[0]]",UNSAT,UNSAT,UNSAT,"[0, 1, 2]",0.029188,0.046185,0.002179,False
703361,7,4,"[1,2,1,1,3,2,1]","[1,2,1,1]","[[0,1,2,3],[0,1],[0,1,2,3],[1],[0,1,2,3],[0,1],[0,2]]",UNSAT,UNSAT,UNSAT,"[1, 5]",0.052576,0.159216,0.004927,False
703362,1,5,[1],"[1,1,2,1,3]",[[3]],FEASIBLE,FEASIBLE,FEASIBLE,null,0.005489,0.012542,0.000791,False
703363,1,3,[1],"[2,3,1]","[[0,1,2]]",FEASIBLE,FEASIBLE,FEASIBLE,null,0.004028,0.012051,0.000805,False
703364,4,2,"[2,1,2,1]","[2,2]","[[0,1],[0,1],[0,1],[0]]",UNSAT,UNSAT,UNSAT,"[0, 1, 2]",0.02228,0.037405,0.002253,False
703365,1,6,[2],"[2,1,3,1,2,3]","[[0,3,5]]",FEASIBLE,FEASIBLE,FEASIBLE,null,0.005742,0.016458,0.001057,False
703366,1,5,[1],"[2,3,3,3,2]",[[1]],FEASIBLE,FEASIBLE,FEASIBLE,null,0.004915,0.011402,0.000789,False
703367,2,7,"[2,2]","[3,1,2,3,1,1,2]","[[2,6],[1,2,3,4]]",FEASIBLE,FEASIBLE,FEASIBLE,null,0.016217,0.02427,0.001682,False
703368,3,5,"[1,1,3]","[1,3,3,1,1]","[[1,4],[0,3],[0,1,2,3,4]]",FEASIBLE,FEASIBLE,FEASIBLE,null,0.028358,0.028513,0.00196,False
703369,4,6,"[1,2,1,1]","[2,1,1,1,3,2]","[[0,2,3,5],[2,3,4],[1,4],[1,2,3,4]]",FEASIBLE,FEASIBLE,FEASIBLE,null,0.105323,0.036838,0.002385,False
703370,4,7,"[1,1,1,1]","[1,2,1,1,1,3,2]","[[5,6],[2],[0,3,4],[0]]",FEASIBLE,FEASIBLE,FEASIBLE,null,0.078621,0.035728,0.00222,False
703371,1,1,[1],[2],[[0]],FEASIBLE,FEASIBLE,FEASIBLE,null,0.002977,0.009883,0.000487,False
703372,6,5,"[1,1,2,3,1,1]","[2,3,1,2,1]","[[0],[0,4],[0,1,2],[0,2,3,4],[0,1,2,3,4],[0,2]]",UNSAT,UNSAT,UNSAT,"[0, 1, 2, 3]",0.164164,0.062321,0.004515,False
703373,5,1,"[1,1,1,1,1]",[2],"[[0],[0],[0],[0],[0]]",UNSAT,UNSAT,UNSAT,"[0, 1, 2]",0.021665,0.033403,0.002666,False
703374,7,7,"[1,3,3,2,2,1,3]","[1,1,3,3,2,3,2]","[[0],[2,3,5],[0,1,2,3,4,6],[1,2,4,5,6],[0,6],[6],[0,1,3,4,5]]",UNSAT,UNSAT,UNSAT,"[0, 4]",0.053195,0.168199,0.005123,False
703375,4,2,"[1,1,1,2]","[3,1]","[[0],[1],[1],[0,1]]",UNSAT,UNSAT,UNSAT,"[1, 2]",0.017061,0.033867,0.00216,False
703376,1,3,[2],"[3,1,2]","[[1,2]]",FEASIBLE,FEASIBLE,FEASIBLE,null,0.004424,0.014056,0.00093,False
703377,1,2,[1],"[3,1]","[[0,1]]",FEASIBLE,FEASIBLE,FEASIBLE,null,0.003599,0.010987,0.000654,False
703378,4,6,"[2,2,1,3]","[1,2,3,1,2,1]","[[0,2,3,4,5],[1,2,3,4],[1,2],[0,1,2,3,4,5]]",FEASIBLE,FEASIBLE,FEASIBLE,null,0.070433,0.043169,0.003004,False
703379,6,7,"[2,3,1,3,2,3]","[3,2,1,2,3,2,2]","[[0,2,6],[1,3,4,5],[1,2,3,4],[0,1,2,3,5],[2,5],[0,2,4,5]]",FEASIBLE,FEASIBLE,FEASIBLE,null,0.366476,0.105763,0.005994,False
703380,2,3,"[3,1]","[3,3,2]","[[0,1,2],[0,1,2]]",FEASIBLE,FEASIBLE,FEASIBLE,null,0.009774,0.022534,0.001329,False
703381,4,4,"[1,1,1,3]","[1,3,1,1]","[[0,1,2,3],[0,1,2,3],[0,2,3],[0,1,3]]",FEASIBLE,FEASIBLE,FEASIBLE,null,0.05028,0.046455,0.003122,False
703382,7,5,"[1,1,1,1,1,3,1]","[2,2,2,1,3]","[[1,4],[4],[0,1,2],[0,1,2,3,4],[1,2,3],[1,2,4],[2]]",FEASIBLE,FEASIBLE,FEASIBLE,null,0.552186,0.058441,0.003912,False
703383,1,2,[1],"[3,1]",[[0]],FEASIBLE,FEASIBLE,FEASIBLE,null,0.00363,0.011979,0.000561,False
703384,7,4,"[1,1,2,3,2,1,1]","[2,3,3,2]","[[0],[2],[0,1,2],[1,2,3],[0,1],[0,1,2,3],[3]]",UNSAT,UNSAT,UNSAT,"[0, 1, 2, 3, 4, 5, 6]",0.510171,0.067046,0.004633,False
703385,5,7,"[3,3,3,2,1]","[2,1,2,2,3,2,3]","[[0,1,3,5],[0,1,2,3,4,5,6],[0,1,2,3,4,6],[1,2,3],[2]]",FEASIBLE,FEASIBLE,FEASIBLE,null,0.16828,0.17551,0.005524,False
703386,4,4,"[2,2,1,1]","[3,3,1,2]","[[2,3],[1,2,3],[0,1,2,3],[0,1,2,3]]",FEASIBLE,FEASIBLE,FEASIBLE,null,0.069303,0.040845,0.002136,False
703387,1,5,[1],"[1,2,1,2,3]","[[0,1,2,3,4]]",FEASIBLE,FEASIBLE,FEASIBLE,null,0.005862,0.015203,0.000999,False
703388,5,4,"[2,1,1,1,1]","[3,2,3,3]","[[0,1],[0,1,2,3],[3],[1],[2,3]]",FEASIBLE,FEASIBLE,FEASIBLE,null,0.103873,0.032682,0.00202,False
703389,4,7,"[1,1,2,1]","[1,2,3,3,3,2,1]","[[6],[0,6],[0,1,2,3,4,5,6],[0,1,2,3,4,5,6]]",FEASIBLE,FEASIBLE,FEASIBLE,null,0.079658,0.037153,0.002921,False
703390,5,5,"[2,2,2,3,1]","[1,2,1,1,1]","[[0,4],[0,1,2,3,4],[0,1,3],[0,1,3,4],[0,2]]",UNSAT,UNSAT,UNSAT,"[0, 3]",0.030703,0.059756,0.004415,False
703391,4,1,"[1,1,1,1]",[3],"[[0],[0],[0],[0]]",UNSAT,UNSAT,UNSAT,"[0, 1, 2, 3]",0.021379,0.030223,0.001703,False
703392,4,3,"[1,2,1,1]","[2,2,1]","[[2],[0,1,2],[0,2],[2]]",UNSAT,UNSAT,UNSAT,"[0, 3]",0.019049,0.034279,0.002295,False
703393,5,7,"[2,1,1,3,2]","[2,1,2,2,3,1,3]","[[0,1,2,3,4,5,6],[3,4,6],[6],[1,2,5,6],[0,1,2,3,4,5,6]]",FEASIBLE,FEASIBLE,FEASIBLE,null,0.180065,0.070752,0.003429,False
703394,6,4,"[1,1,2,1,1,1]","[1,3,1,2]","[[0,1,2,3],[0,1,2,3],[0,1,2,3],[1,2],[1,2],[2]]",FEASIBLE,FEASIBLE,FEASIBLE,null,0.242716,0.070155,0.003694,False
703395,3,3,"[3,1,1]","[3,2,2]","[[0,1,2],[0,1],[0]]",FEASIBLE,FEASIBLE,FEASIBLE,null,0.02063,0.133636,0.001471,False
703396,6,3,"[1,1,2,1,3,3]","[1,3,1]","[[2],[0,1,2],[0,1,2],[0],[0,1,2],[0,1,2]]",UNSAT,UNSAT,UNSAT,"[0, 4]",0.026674,0.056749,0.003981,False
703397,5,7,"[2,2,2,2,3]","[3,1,3,1,1,3,3]","[[1,2,4,6],[1,6],[1,2,3,4,5,6],[1,4,5],[0,3,5,6]]",FEASIBLE,FEASIBLE,FEASIBLE,null,0.194786,0.075295,0.004478,False
703398,1,2,[1],"[2,2]",[[0]],FEASIBLE,FEASIBLE,FEASIBLE,null,0.003758,0.010483,0.000545,False
703399,4,2,"[1,1,1,1]","[3,2]","[[1],[0],[0],[0]]",FEASIBLE,FEASIBLE,FEASIBLE,null,0.032119,0.022347,0.001261,False
703400,4,7,"[2,1,1,3]","[3,3,1,1,2,3,1]","[[3,5],[3],[3],[0,1,2,4,6]]",UNSAT,UNSAT,UNSAT,"[0, 1]",0.025309,0.043791,0.002674,False
703401,3,3,"[1,2,2]","[1,2,1]","[[0,1,2],[0,2],[0,1,2]]",UNSAT,UNSAT,UNSAT,"[1, 2]",0.0172,0.048997,0.002903,False
703402,4,2,"[1,1,1,1]","[1,2]","[[0],[0],[0,1],[0,1]]",UNSAT,UNSAT,UNSAT,"[0, 1]",0.011692,0.034372,0.002073,False
703403,6,6,"[2,3,2,1,1,1]","[2,3,2,3,3,3]","[[1,3,4,5],[0,1,2,3,4,5],[2,3],[5],[5],[2]]",FEASIBLE,FEASIBLE,FEASIBLE,null,0.307638,0.060889,0.00373,False
703404,1,5,[3],"[2,3,3,1,2]","[[0,1,2,3]]",FEASIBLE,FEASIBLE,FEASIBLE,null,0.005455,0.018607,0.001147,False
703405,5,2,"[2,1,2,2,2]","[1,2]","[[0,1],[1],[0,1],[0,1],[0,1]]",UNSAT,UNSAT,UNSAT,"[0, 2]",0.014928,0.043023,0.002697,False
703406,5,3,"[3,1,1,2,3]","[1,3,3]","[[0,1,2],[2],[1],[0,1,2],[0,1,2]]",UNSAT,UNSAT,UNSAT,"[0, 4]",0.023819,0.065252,0.003202,False
703407,6,5,"[2,1,2,2,1,1]","[1,3,2,1,1]","[[0,1,2,4],[0,1,2,3,4],[0,2],[0,1,2,4],[1,4],[3]]",UNSAT,UNSAT,UNSAT,"[0, 1, 2, 3, 4, 5]",0.269711,0.20781,0.004903,False
703408,6,5,"[2,1,2,1,1,2]","[3,3,1,2,3]","[[0,1,2,3,4],[0,1,2,3,4],[3,4],[1,3],[1],[1,3,4]]",FEASIBLE,FEASIBLE,FEASIBLE,null,0.350924,0.066192,0.003055,False
703409,2,4,"[1,1]","[1,3,2,1]","[[0,1,2,3],[1]]",FEASIBLE,FEASIBLE,FEASIBLE,null,0.012393,0.019913,0.001238,False
703410,2,5,"[3,1]","[3,1,3,2,1]","[[0,3,4],[2]]",FEASIBLE,FEASIBLE,FEASIBLE,null,0.013503,0.023279,0.00131,False
703411,1,4,[1],"[1,1,2,2]",[[1]],FEASIBLE,FEASIBLE,FEASIBLE,null,0.004841,0.01227,0.000705,False
703412,3,4,"[1,2,1]","[1,3,2,3]","[[3],[0,1,2,3],[2]]",FEASIBLE,FEASIBLE,FEASIBLE,null,0.024451,0.025716,0.001547,False
703413,5,2,"[1,1,1,1,1]","[1,3]","[[0],[1],[0,1],[0,1],[0,1]]",UNSAT,UNSAT,UNSAT,"[0, 1, 2, 3, 4]",0.066346,0.048251,0.002625,False
703414,5,3,"[1,1,1,1,1]","[3,3,3]","[[0,1],[1],[1,2],[2],[0,1]]",FEASIBLE,FEASIBLE,FEASIBLE,null,0.087344,0.030512,0.001754,False
703415,5,4,"[1,2,1,2,2]","[3,3,3,3]","[[0,1],[0,2,3],[0,1,2],[0,1],[0,1]]",FEASIBLE,FEASIBLE,FEASIBLE,null,0.108292,0.053179,0.002864,False
703416,2,3,"[3,2]","[2,2,3]","[[0,1,2],[1,2]]",FEASIBLE,FEASIBLE,FEASIBLE,null,0.010129,0.025886,0.001361,False
703417,7,7,"[1,1,3,1,1,3,1]","[2,3,1,1,1,3,1]","[[0],[0,1,3,4],[1,2,3,4],[1,4],[0,1,2,4,5,6],[2,3,4,5],[2]]",UNSAT,UNSAT,UNSAT,"[2, 5]",0.108643,0.072823,0.005204,False
703418,4,1,"[1,1,1,1]",[1],"[[0],[0],[0],[0]]",UNSAT,UNSAT,UNSAT,"[0, 1]",0.008362,0.031769,0.002432,False
703419,6,4,"[1,1,1,3,2,2]","[2,1,2,1]","[[0,1,2,3],[2],[1,2,3],[0,1,2],[1,2],[0,1,2,3]]",UNSAT,UNSAT,UNSAT,"[3, 4]",0.061769,0.179508,0.005009,False
703420,1,4,[1],"[3,2,2,2]",[[1]],FEASIBLE,FEASIBLE,FEASIBLE,null,0.005371,0.012486,0.000753,False
703421,5,7,"[1,1,3,2,3]","[2,1,1,1,3,3,2]","[[0,2],[1,2],[0,1,2,3,4,6],[0,2,4,5],[1,5,6]]",FEASIBLE,FEASIBLE,FEASIBLE,null,0.170888,0.0668,0.004078,False
703422,3,4,"[3,1,1]","[1,2,1,1]","[[0,1,2,3],[1],[0,1,2,3]]",FEASIBLE,FEASIBLE,FEASIBLE,null,0.024792,0.030831,0.001763,False
703423,7,1,"[1,1,1,1,1,1,1]",[2],"[[0],[0],[0],[0],[0],[0],[0]]",UNSAT,UNSAT,UNSAT,"[0, 1, 2]",0.037651,0.041032,0.002372,False
703424,3,3,"[3,2,1]","[2,3,2]","[[0,1,2],[0,1,2],[0,1,2]]",FEASIBLE,FEASIBLE,FEASIBLE,null,0.019757,0.030188,0.001753,False
703425,5,5,"[2,1,1,2,2]","[3,2,1,1,1]","[[1,2,3],[0],[0,2,3,4],[1,2],[0,1,2,3,4]]",FEASIBLE,FEASIBLE,FEASIBLE,null,0.127908,0.055953,0.00356,False
703426,7,4,"[1,2,3,1,1,1,1]","[2,1,3,1]","[[1],[0,2],[1,2,3],[0,1,2,3],[2],[2],[0]]",UNSAT,UNSAT,UNSAT,"[0, 2]",0.028512,0.058387,0.004028,False
703427,2,4,"[1,1]","[3,1,3,1]","[[0,1,2,3],[0,3]]",FEASIBLE,FEASIBLE,FEASIBLE,null,0.011502,0.018589,0.001247,False
703428,7,3,"[1,1,2,1,3,1,2]","[1,2,1]","[[2],[1,2],[0,1,2],[2],[0,1,2],[0,1,2],[0,1,2]]",UNSAT,UNSAT,UNSAT,"[0, 3]",0.025572,0.060217,0.0043,False
703429,1,6,[1],"[1,1,3,2,3,3]",[[0]],FEASIBLE,FEASIBLE,FEASIBLE,null,0.005614,0.013207,0.000832,False
703430,7,6,"[2,2,3,1,1,1,2]","[2,3,2,1,3,1]","[[1,2],[1,2],[0,1,2,3,4,5],[0,1,3,4],[5],[4],[0,1,3,5]]",FEASIBLE,FEASIBLE,FEASIBLE,null,0.682275,0.179411,0.005491,False
703431,5,6,"[1,2,2,3,3]","[2,1,3,1,3,3]","[[0],[2,3],[2,3,5],[0,1,2,3,5],[0,1,2,3,4,5]]",FEASIBLE,FEASIBLE,FEASIBLE,null,0.146302,0.062706,0.004067,False
703432,2,1,"[1,1]",[2],"[[0],[0]]",FEASIBLE,FEASIBLE,FEASIBLE,null,0.005971,0.013509,0.000794,False
703433,3,5,"[3,1,2]","[1,2,1,2,1]","[[0,1,3,4],[1,2,3,4],[1,2]]",FEASIBLE,FEASIBLE,FEASIBLE,null,0.028104,0.038556,0.002486,False
703434,2,2,"[1,1]","[3,2]","[[1],[1]]",FEASIBLE,FEASIBLE,FEASIBLE,null,0.007559,0.014352,0.000808,False
703435,4,6,"[3,2,3,3]","[2,3,2,2,2,3]","[[1,2,4,5],[0,2,3,5],[0,1,2,3,4,5],[0,1,3]]",FEASIBLE,FEASIBLE,FEASIBLE,null,0.068316,0.058215,0.004256,False
703436,5,7,"[1,1,1,3,1]","[1,3,3,2,2,2,1]","[[0,1,2,3,4,5,6],[0,1,3,6],[0,1,2,4,5,6],[1,2,5,6],[3,5,6]]",FEASIBLE,FEASIBLE,FEASIBLE,null,0.16474,0.045184,0.003501,False
703437,5,4,"[1,2,1,3,1]","[3,3,3,3]","[[2],[1,2],[2],[0,1,2,3],[2]]",UNSAT,UNSAT,UNSAT,"[0, 1, 2, 4]",0.087632,0.045136,0.00303,False
703438,4,6,"[2,3,3,3]","[2,2,2,2,2,2]","[[0,4],[2,3,4,5],[0,1,2,3,4,5],[0,1,2,5]]",FEASIBLE,FEASIBLE,FEASIBLE,null,0.068188,0.05685,0.005601,False
703439,5,4,"[2,3,1,1,1]","[3,3,2,1]","[[1,2,3],[1,2,3],[2],[1,2],[2]]",UNSAT,UNSAT,UNSAT,"[0, 1, 2]",0.049623,0.046157,0.003865,False
703440,4,1,"[1,1,1,1]",[3],"[[0],[0],[0],[0]]",UNSAT,UNSAT,UNSAT,"[0, 1, 2, 3]",0.020942,0.033484,0.001877,False
703441,2,3,"[3,2]","[2,3,1]","[[0,1,2],[0,1,2]]",FEASIBLE,FEASIBLE,FEASIBLE,null,0.009572,0.023793,0.001393,False
703442,2,3,"[2,2]","[1,2,3]","[[1,2],[0,1,2]]",FEASIBLE,FEASIBLE,FEASIBLE,null,0.010077,0.020458,0.001234,False
703443,5,5,"[1,1,1,1,1]","[3,2,3,3,2]","[[0,1,2,3,4],[2,3,4],[0,2,3,4],[1],[4]]",FEASIBLE,FEASIBLE,FEASIBLE,null,0.136414,0.034485,0.002502,False
703444,2,4,"[1,1]","[3,3,1,1]","[[2],[0,2,3]]",FEASIBLE,FEASIBLE,FEASIBLE,null,0.012438,0.016668,0.001266,False
703445,2,7,"[2,2]","[2,1,3,1,2,2,2]","[[1,2,3,6],[0,1,2,3,5,6]]",FEASIBLE,FEASIBLE,FEASIBLE,null,0.016085,0.026629,0.001894,False
703446,2,6,"[2,3]","[1,2,2,3,1,3]","[[1,2],[0,1,3,5]]",FEASIBLE,FEASIBLE,FEASIBLE,null,0.014254,0.024124,0.001621,False
703447,7,4,"[2,1,1,1,2,3,2]","[3,3,1,2]","[[2,3],[1],[0,1,2,3],[0,3],[0,1,2,3],[0,1,2],[1,3]]",UNSAT,UNSAT,UNSAT,"[0, 5]",0.035772,0.06462,0.005588,False
703448,6,5,"[1,1,1,1,1,3]","[1,3,3,3,1]","[[0],[0,4],[1],[0,2,4],[4],[0,1,2,3,4]]",UNSAT,UNSAT,UNSAT,"[0, 1, 4]",0.086995,0.049279,0.00447,False
703449,6,5,"[1,1,2,3,1,2]","[3,2,3,2,3]","[[0,1,3,4],[0,1,2,4],[0,4],[1,2,4],[1,4],[0,3,4]]",FEASIBLE,FEASIBLE,FEASIBLE,null,0.247669,0.045468,0.003359,False
703450,1,4,[2],"[3,2,1,1]","[[2,3]]",FEASIBLE,FEASIBLE,FEASIBLE,null,0.004477,0.013812,0.00089,False
703451,3,5,"[1,1,3]","[2,3,3,2,3]","[[0,2,3],[2],[0,1,2,3,4]]",FEASIBLE,FEASIBLE,FEASIBLE,null,0.02689,0.029056,0.001933,False
703452,2,3,"[1,2]","[3,2,3]","[[1],[0,1,2]]",FEASIBLE,FEASIBLE,FEASIBLE,null,0.008967,0.017631,0.00116,False
703453,6,1,"[1,1,1,1,1,1]",[2],"[[0],[0],[0],[0],[0],[0]]",UNSAT,UNSAT,UNSAT,"[0, 1, 2]",0.027026,0.035809,0.002144,False
703454,5,4,"[1,3,1,1,1]","[2,2,2,1]","[[0,2],[0,1,2],[0,2],[2],[0,1]]",UNSAT,UNSAT,UNSAT,"[0, 1, 2, 3]",0.083001,0.045112,0.003048,False
703455,2,2,"[1,2]","[1,3]","[[0],[0,1]]",UNSAT,UNSAT,UNSAT,"[0, 1]",0.007506,0.02369,0.001566,False
703456,4,5,"[2,1,1,3]","[2,3,1,3,2]","[[0,1,2,3,4],[0],[0],[0,2,3]]",UNSAT,UNSAT,UNSAT,"[1, 2, 3]",0.052134,0.053669,0.003397,False
703457,5,2,"[1,1,1,2,1]","[2,1]","[[1],[0,1],[1],[0,1],[1]]",UNSAT,UNSAT,UNSAT,"[0, 2]",0.014106,0.035364,0.002401,False
703458,6,6,"[3,1,1,1,1,1]","[1,1,3,1,2,2]","[[0,2,4],[1,3,5],[3],[1],[2],[0,1,3,4,5]]",FEASIBLE,FEASIBLE,FEASIBLE,null,0.298562,0.054501,0.003637,False
703459,6,1,"[1,1,1,1,1,1]",[2],"[[0],[0],[0],[0],[0],[0]]",UNSAT,UNSAT,UNSAT,"[0, 1, 2]",0.027419,0.03422,0.001982,False
703460,2,1,"[1,1]",[3],"[[0],[0]]",FEASIBLE,FEASIBLE,FEASIBLE,null,0.005553,0.013077,0.000872,False
703461,2,6,"[1,1]","[1,1,2,1,2,2]","[[0],[1,3,4,5]]",FEASIBLE,FEASIBLE,FEASIBLE,null,0.013466,0.017646,0.001255,False
703462,7,5,"[1,1,2,2,2,3,2]","[1,2,2,3,1]","[[1],[1,3,4],[0,1,2,3,4],[0,1,2,3,4],[2,4],[0,1,3,4],[0,1,2,3,4]]",UNSAT,UNSAT,UNSAT,"[0, 2, 3, 4, 5]",0.42455,0.075452,0.006341,False
703463,1,1,[1],[1],[[0]],FEASIBLE,FEASIBLE,FEASIBLE,null,0.002731,0.009786,0.000544,False
703464,3,5,"[1,3,2]","[3,1,2,3,3]","[[1],[0,1,2,4],[1,2]]",UNSAT,UNSAT,UNSAT,"[0, 2]",0.01857,0.037447,0.002402,False
703465,6,6,"[1,2,1,3,1,1]","[1,1,3,1,3,3]","[[0,1,2,3,4],[0,2,4,5],[4],[0,1,2,3,4,5],[2,3,4],[2,3,5]]",FEASIBLE,FEASIBLE,FEASIBLE,null,0.302033,0.128244,0.003393,False
703466,2,6,"[1,1]","[3,3,3,2,1,3]","[[5],[3]]",FEASIBLE,FEASIBLE,FEASIBLE,null,0.014556,0.018556,0.001382,False
703467,5,1,"[1,1,1,1,1]",[1],"[[0],[0],[0],[0],[0]]",UNSAT,UNSAT,UNSAT,"[0, 1]",0.009498,0.031259,0.002523,False
703468,4,5,"[2,1,1,3]","[2,2,2,2,1]","[[0,1,4],[2],[3],[0,1,2]]",FEASIBLE,FEASIBLE,FEASIBLE,null,0.062253,0.033674,0.001901,False
703469,1,2,[1],"[1,2]",[[0]],FEASIBLE,FEASIBLE,FEASIBLE,null,0.003372,0.010359,0.000586,False
703470,7,4,"[1,2,2,2,1,2,1]","[1,2,2,1]","[[0,2],[1,3],[0,3],[0,3],[0,1,2,3],[0,1,3],[0]]",UNSAT,UNSAT,UNSAT,"[1, 2]",0.055564,0.128485,0.005563,False
703471,5,5,"[3,1,1,2,3]","[2,2,2,1,3]","[[0,1,2,3],[1,2,3,4],[0,1,4],[1,3,4],[0,2,4]]",FEASIBLE,FEASIBLE,FEASIBLE,null,0.135927,0.072461,0.004191,False
703472,6,4,"[1,1,3,1,2,3]","[1,2,1,3]","[[0,3],[2],[0,1,2,3],[0,1,2,3],[2,3],[1,2,3]]",UNSAT,UNSAT,UNSAT,"[1, 4]",0.055001,0.098562,0.00449,False
703473,7,4,"[1,1,2,1,2,1,1]","[3,3,3,2]","[[2,3],[2],[0,1,2,3],[1,2],[0,1],[2,3],[1,2]]",FEASIBLE,FEASIBLE,FEASIBLE,null,0.633862,0.078972,0.003635,False
703474,7,1,"[1,1,1,1,1,1,1]",[1],"[[0],[0],[0],[0],[0],[0],[0]]",UNSAT,UNSAT,UNSAT,"[0, 1]",0.014448,0.044387,0.002248,False
703475,2,5,"[1,1]","[1,2,3,3,2]","[[1],[0,1]]",FEASIBLE,FEASIBLE,FEASIBLE,null,0.015175,0.022916,0.001138,False
703476,1,1,[1],[1],[[0]],FEASIBLE,FEASIBLE,FEASIBLE,null,0.003909,0.130519,0.000654,False
703477,6,6,"[1,1,3,3,3,2]","[1,3,2,2,2,2]","[[4],[0,3,4,5],[0,2,3,4],[0,1,2,3,4,5],[0,1,2,3,4,5],[2,3,4]]",UNSAT,UNSAT,UNSAT,"[0, 2, 3, 4, 5]",0.31222,0.098029,0.008917,False
703478,2,5,"[2,1]","[1,1,1,3,2]","[[2,4],[1]]",FEASIBLE,FEASIBLE,FEASIBLE,null,0.012862,0.018614,0.001306,False
703479,1,7,[2],"[2,2,3,2,2,1,1]","[[0,1,2,3,5,6]]",FEASIBLE,FEASIBLE,FEASIBLE,null,0.006058,0.017795,0.001308,False
703480,2,3,"[1,1]","[1,1,2]","[[1],[0,1,2]]",FEASIBLE,FEASIBLE,FEASIBLE,null,0.008988,0.015175,0.001059,False
703481,7,7,"[2,3,2,1,3,2,1]","[3,3,1,2,3,1,2]","[[0,1,2,4,5,6],[0,2,3,4],[2,3,5],[5],[1,3,4,5,6],[0,1,2,3],[0,5,6]]",FEASIBLE,FEASIBLE,FEASIBLE,null,0.700383,0.078804,0.005357,False
703482,4,3,"[1,1,2,1]","[1,3,3]","[[0,1,2],[1],[0,1,2],[1]]",FEASIBLE,FEASIBLE,FEASIBLE,null,0.039152,0.026653,0.001679,False
703483,1,5,[2],"[1,3,1,2,1]","[[0,1,3,4]]",FEASIBLE,FEASIBLE,FEASIBLE,null,0.004792,0.014982,0.001049,False
703484,2,2,"[1,1]","[3,3]","[[0],[1]]",FEASIBLE,FEASIBLE,FEASIBLE,null,0.007127,0.013549,0.000796,False
703485,1,5,[3],"[1,1,2,3,2]","[[1,3,4]]",FEASIBLE,FEASIBLE,FEASIBLE,null,0.004791,0.016359,0.001096,False
703486,1,2,[1],"[3,3]",[[1]],FEASIBLE,FEASIBLE,FEASIBLE,null,0.003209,0.009162,0.000589,False
703487,4,4,"[1,2,2,1]","[3,2,1,1]","[[1,2],[0,3],[1,3],[0,2,3]]",UNSAT,UNSAT,UNSAT,"[1, 2]",0.024758,0.036414,0.00255,False
703488,5,2,"[2,1,1,2,2]","[2,1]","[[0,1],[0],[1],[0,1],[0,1]]",UNSAT,UNSAT,UNSAT,"[0, 2]",0.013536,0.040284,0.002673,False
703489,5,2,"[2,1,1,1,1]","[1,1]","[[0,1],[0,1],[0,1],[0],[1]]",UNSAT,UNSAT,UNSAT,"[0, 1]",0.011584,0.11609,0.002534,False
703490,2,6,"[1,1]","[2,3,2,2,2,3]","[[0,1,4,5],[0,1,2,3,4]]",FEASIBLE,FEASIBLE,FEASIBLE,null,0.014412,0.020505,0.001732,False
703491,7,1,"[1,1,1,1,1,1,1]",[1],"[[0],[0],[0],[0],[0],[0],[0]]",UNSAT,UNSAT,UNSAT,"[0, 1]",0.010743,0.036677,0.002171,False
703492,7,7,"[2,2,3,2,3,3,1]","[2,2,3,2,2,2,2]","[[0,1,2,3,4,5,6],[0,2,3,4,5,6],[0,1,2,3,4,6],[0,1,2,3,4,5],[1,4,5,6],[0,1,2,3,4,5,6],[3]]",UNSAT,UNSAT,UNSAT,"[0, 1, 2, 3, 4, 5, 6]",0.697225,0.097843,0.008782,False
703493,4,5,"[2,3,1,1]","[1,1,3,1,1]","[[1,3],[0,1,4],[3,4],[2]]",UNSAT,UNSAT,UNSAT,"[0, 1]",0.018873,0.041249,0.003132,False
703494,4,7,"[1,1,2,1]","[3,1,2,1,1,1,1]","[[5],[6],[0,3,5],[0,1,2,3,4,5,6]]",FEASIBLE,FEASIBLE,FEASIBLE,null,0.076412,0.030757,0.002245,False
703495,1,7,[1],"[2,1,1,2,2,3,2]",[[1]],FEASIBLE,FEASIBLE,FEASIBLE,null,0.00584,0.011862,0.000865,False
703496,5,4,"[1,3,1,1,2]","[3,2,3,3]","[[0],[1,2,3],[0,1,2,3],[0,1,3],[0,1]]",FEASIBLE,FEASIBLE,FEASIBLE,null,0.099971,0.089094,0.002906,False
703497,2,6,"[3,2]","[2,1,2,1,2,2]","[[1,3,5],[0,1,3,4,5]]",FEASIBLE,FEASIBLE,FEASIBLE,null,0.021339,0.035964,0.001774,False
703498,5,7,"[1,1,2,2,1]","[2,1,1,1,3,3,1]","[[0,1,2],[0,3,5,6],[0,1,4,6],[0,5],[0,1,2,3,4,5,6]]",FEASIBLE,FEASIBLE,FEASIBLE,null,0.209716,0.080766,0.006451,False
703499,3,2,"[1,1,1]","[3,2]","[[0],[0,1],[0]]",FEASIBLE,FEASIBLE,FEASIBLE,null,0.019162,0.135327,0.001916,False
703500,5,2,"[1,2,1,1,1]","[2,3]","[[0],[0,1],[1],[0,1],[1]]",UNSAT,UNSAT,UNSAT,"[0, 1, 2, 3, 4]",0.085531,0.053145,0.003821,False
703501,5,6,"[2,1,2,2,1]","[1,3,3,3,1,3]","[[2,3],[1],[0,1,2,4,5],[2,3,4,5],[1,2,5]]",FEASIBLE,FEASIBLE,FEASIBLE,null,0.198892,0.048331,0.004315,False
703502,4,3,"[1,3,2,1]","[1,2,1]","[[2],[0,1,2],[0,1],[1]]",UNSAT,UNSAT,UNSAT,"[0, 1]",0.018088,0.046529,0.004151,False
703503,5,2,"[2,1,1,1,2]","[2,2]","[[0,1],[0,1],[1],[1],[0,1]]",UNSAT,UNSAT,UNSAT,"[0, 1, 4]",0.04189,0.047476,0.003876,False
703504,3,4,"[1,1,1]","[2,1,2,3]","[[3],[1,2,3],[0]]",FEASIBLE,FEASIBLE,FEASIBLE,null,0.029568,0.025253,0.002011,False
703505,5,7,"[2,2,3,1,2]","[1,3,1,3,1,3,2]","[[1,2,3,5,6],[1,3,4,5,6],[0,1,3,4,6],[1,2,3,4],[0,1,2,3,5,6]]",FEASIBLE,FEASIBLE,FEASIBLE,null,0.231623,0.065882,0.005903,False
703506,5,4,"[2,1,3,3,2]","[3,3,1,1]","[[0,1,2,3],[0,1],[1,2,3],[1,2,3],[0,1,2,3]]",UNSAT,UNSAT,UNSAT,"[2, 3]",0.049456,0.087409,0.006374,False
703507,4,1,"[1,1,1,1]",[2],"[[0],[0],[0],[0]]",UNSAT,UNSAT,UNSAT,"[0, 1, 2]",0.036278,0.033862,0.00248,False
703508,7,3,"[2,3,1,1,2,1,1]","[1,1,2]","[[0,2],[0,1,2],[0],[0,2],[0,1],[2],[0,2]]",UNSAT,UNSAT,UNSAT,"[0, 1]",0.021034,0.076036,0.005794,False
703509,6,1,"[1,1,1,1,1,1]",[3],"[[0],[0],[0],[0],[0],[0]]",UNSAT,UNSAT,UNSAT,"[0, 1, 2, 3]",0.055469,0.050877,0.003146,False
703510,2,2,"[1,1]","[2,1]","[[1],[0]]",FEASIBLE,FEASIBLE,FEASIBLE,null,0.009097,0.031436,0.001182,False
703511,7,4,"[1,1,1,2,2,3,1]","[3,2,1,1]","[[2],[1,2,3],[0,1,2],[0,1],[0,2,3],[0,1,2,3],[2]]",UNSAT,UNSAT,UNSAT,"[0, 6]",0.047411,0.065981,0.006971,False
703512,7,7,"[1,3,1,1,1,2,1]","[1,3,1,2,2,3,2]","[[0,1,2,3,4,6],[0,1,2,3,4,5,6],[6],[2,3,6],[2],[1,2,3,5],[3,5]]",FEASIBLE,FEASIBLE,FEASIBLE,null,0.77164,0.075892,0.007212,False
703513,6,2,"[1,1,1,1,1,2]","[2,2]","[[0,1],[1],[0,1],[1],[0],[0,1]]",UNSAT,UNSAT,UNSAT,"[1, 3, 5]",0.066624,0.041644,0.0048,False
703514,7,7,"[1,2,2,2,1,3,1]","[2,2,2,2,3,1,3]","[[6],[0,1,4],[0,1,2,3,4,5,6],[0,2,3,4,5,6],[6],[0,2,3],[0,1,2,3,4,5,6]]",FEASIBLE,FEASIBLE,FEASIBLE,null,0.847089,0.090476,0.008084,False
703515,4,5,"[1,1,1,1]","[3,2,2,2,2]","[[0],[1],[0,1,2],[3]]",FEASIBLE,FEASIBLE,FEASIBLE,null,0.056346,0.024165,0.002457,False
703516,7,7,"[3,2,3,2,2,3,3]","[3,1,1,1,1,3,3]","[[0,2,3,4,5],[1,5],[0,1,6],[0,2,3],[0,1,2,3,4,6],[0,2,5],[0,1,2,4,5,6]]",UNSAT,UNSAT,UNSAT,"[1, 2]",0.064498,0.089147,0.010209,False
703517,1,3,[2],"[2,3,2]","[[1,2]]",FEASIBLE,FEASIBLE,FEASIBLE,null,0.00401,0.013364,0.001344,False
703518,2,7,"[3,3]","[2,3,3,3,2,2,2]","[[1,4,5],[0,2,3,4,5,6]]",FEASIBLE,FEASIBLE,FEASIBLE,null,0.015338,0.028049,0.002978,False
703519,6,7,"[2,2,2,3,1,2]","[3,2,3,2,2,2,1]","[[0,2,6],[0,2,3,5,6],[0,3,4,5,6],[1,4,5],[1],[0,1,3,4,5,6]]",FEASIBLE,FEASIBLE,FEASIBLE,null,0.34577,0.140472,0.006848,False
703520,1,6,[2],"[1,2,3,2,3,3]","[[0,3]]",FEASIBLE,FEASIBLE,FEASIBLE,null,0.005686,0.014398,0.002521,False
703521,7,7,"[1,3,1,1,1,1,2]","[3,2,1,1,1,2,2]","[[4],[1,3,6],[0,1,2,3,4],[1,6],[0,1,2,3,4,5],[6],[1,2,3,4,5,6]]",FEASIBLE,FEASIBLE,FEASIBLE,null,0.692508,0.054732,0.00694,False
703522,6,5,"[2,1,1,1,3,2]","[3,3,1,2,1]","[[0,2],[2],[2,3,4],[0,1,2,3,4],[0,1,2,3],[0,1,3,4]]",UNSAT,UNSAT,UNSAT,"[0, 1]",0.025405,0.056948,0.006967,False
703523,2,6,"[1,1]","[2,1,2,1,2,1]","[[0,1,2,3,4,5],[0]]",FEASIBLE,FEASIBLE,FEASIBLE,null,0.014252,0.019377,0.002325,False
703524,5,7,"[2,1,1,1,2]","[1,1,3,3,1,1,2]","[[0,2,3,5,6],[1,4,5],[3],[0,1,2,6],[0,4,6]]",FEASIBLE,FEASIBLE,FEASIBLE,null,0.162014,0.040779,0.004613,False
703525,6,7,"[3,1,2,1,2,2]","[3,2,2,3,1,2,3]","[[2,3,6],[0,5],[0,1,2,4,5,6],[1],[0,3],[0,1,2,3,4,6]]",FEASIBLE,FEASIBLE,FEASIBLE,null,0.341663,0.051151,0.005216,False
703526,4,5,"[2,3,2,1]","[2,2,2,2,3]","[[0,1,2,3,4],[1,2,3],[2,4],[1,4]]",FEASIBLE,FEASIBLE,FEASIBLE,null,0.072667,0.037504,0.003449,False
703527,2,7,"[3,2]","[3,3,3,1,2,1,1]","[[1,2,3,4,5,6],[0,4]]",FEASIBLE,FEASIBLE,FEASIBLE,null,0.031924,0.030187,0.00281,False
703528,6,2,"[1,1,1,2,1,2]","[2,1]","[[0,1],[0,1],[0,1],[0,1],[1],[0,1]]",UNSAT,UNSAT,UNSAT,"[3, 4]",0.034026,0.122876,0.004986,False
703529,2,2,"[1,1]","[2,3]","[[0],[0,1]]",FEASIBLE,FEASIBLE,FEASIBLE,null,0.007551,0.014692,0.001456,False
703530,1,4,[2],"[3,2,2,1]","[[0,1,2,3]]",FEASIBLE,FEASIBLE,FEASIBLE,null,0.004437,0.014848,0.00161,False
703531,3,5,"[2,3,1]","[1,2,3,3,2]","[[0,1,2,3,4],[1,2,3,4],[4]]",FEASIBLE,FEASIBLE,FEASIBLE,null,0.027241,0.029976,0.003008,False
703532,2,2,"[1,1]","[2,2]","[[0],[0,1]]",FEASIBLE,FEASIBLE,FEASIBLE,null,0.007155,0.014394,0.001385,False
703533,3,2,"[1,1,2]","[2,3]","[[0,1],[0,1],[0,1]]",FEASIBLE,FEASIBLE,FEASIBLE,null,0.014428,0.028207,0.002588,False
703534,4,2,"[1,2,1,2]","[1,2]","[[0,1],[0,1],[0],[0,1]]",UNSAT,UNSAT,UNSAT,"[1, 2]",0.015293,0.046874,0.003538,False
703535,3,6,"[1,2,1]","[1,1,2,1,3,1]","[[0,4,5],[0,1,2,3,4,5],[1]]",FEASIBLE,FEASIBLE,FEASIBLE,null,0.03135,0.037844,0.003804,False
703536,6,7,"[3,3,2,1,1,1]","[1,2,1,1,3,3,2]","[[0,1,2,3,4,5],[1,2,5,6],[1,3,5,6],[0,2,4,5,6],[0,1,3,4,5,6],[0,2,4,5]]",FEASIBLE,FEASIBLE,FEASIBLE,null,0.374515,0.063454,0.007113,False
703537,6,5,"[3,2,2,2,2,2]","[1,1,1,2,1]","[[0,1,2,3],[0,1,3,4],[0,4],[3,4],[0,4],[0,1,2,3,4]]",UNSAT,UNSAT,UNSAT,"[2, 3]",0.056756,0.064765,0.007485,False
703538,1,7,[1],"[1,1,2,1,1,3,2]","[[0,2]]",FEASIBLE,FEASIBLE,FEASIBLE,null,0.006059,0.013982,0.001427,False
703539,2,4,"[3,1]","[1,2,2,2]","[[0,1,2],[1,2]]",FEASIBLE,FEASIBLE,FEASIBLE,null,0.010966,0.02092,0.001987,False
703540,2,3,"[1,2]","[2,1,3]","[[0,1],[1,2]]",FEASIBLE,FEASIBLE,FEASIBLE,null,0.009147,0.017546,0.001714,False
703541,6,1,"[1,1,1,1,1,1]",[1],"[[0],[0],[0],[0],[0],[0]]",UNSAT,UNSAT,UNSAT,"[0, 1]",0.009642,0.171556,0.00301,False
703542,6,4,"[2,1,3,2,2,2]","[2,3,1,3]","[[0,1,2,3],[0,2,3],[0,1,2,3],[1,2],[0,2],[1,2,3]]",UNSAT,UNSAT,UNSAT,"[3, 4]",0.090092,0.085096,0.008696,False
703543,3,2,"[1,1,1]","[3,2]","[[0],[1],[1]]",FEASIBLE,FEASIBLE,FEASIBLE,null,0.014873,0.018382,0.001674,False
703544,4,2,"[1,1,1,2]","[2,3]","[[0],[0],[0,1],[0,1]]",UNSAT,UNSAT,UNSAT,"[0, 1, 3]",0.023041,0.033744,0.003291,False
703545,6,1,"[1,1,1,1,1,1]",[2],"[[0],[0],[0],[0],[0],[0]]",UNSAT,UNSAT,UNSAT,"[0, 1, 2]",0.026957,0.034384,0.002761,False
703546,1,7,[1],"[1,3,3,3,3,1,2]","[[0,2,3,4,5]]",FEASIBLE,FEASIBLE,FEASIBLE,null,0.006224,0.015615,0.001712,False
703547,5,3,"[1,1,1,2,1]","[2,1,3]","[[0],[1],[1,2],[0,1,2],[2]]",FEASIBLE,FEASIBLE,FEASIBLE,null,0.080269,0.030463,0.002852,False
703548,7,2,"[1,1,1,1,1,1,1]","[1,1]","[[0,1],[0],[1],[0],[1],[1],[0]]",UNSAT,UNSAT,UNSAT,"[1, 3]",0.027037,0.041083,0.004538,False
703549,4,7,"[1,1,1,1]","[3,2,1,3,3,1,3]","[[0],[3],[0,1,2,3,4,5,6],[2,4]]",FEASIBLE,FEASIBLE,FEASIBLE,null,0.075063,0.040282,0.003712,False
703550,7,2,"[1,1,1,1,2,1,1]","[3,2]","[[1],[0],[0],[0],[0,1],[0,1],[1]]",UNSAT,UNSAT,UNSAT,"[0, 4, 6]",0.076453,0.045387,0.004577,False
703551,7,6,"[3,3,3,2,1,2,1]","[1,1,3,3,2,1]","[[0,1,2,3,4,5],[0,1,2,3,4,5],[1,2,3,4,5],[0,1,4],[0,1,2,3,4,5],[1,3,4,5],[1,4]]",UNSAT,UNSAT,UNSAT,"[0, 1, 2, 3, 4]",0.454767,0.089762,0.011172,False
703552,1,3,[1],"[2,3,1]",[[0]],FEASIBLE,FEASIBLE,FEASIBLE,null,0.003965,0.091888,0.001002,False
703553,2,6,"[1,3]","[3,2,1,3,2,2]","[[1,2,3,4,5],[0,1,2,3,4]]",FEASIBLE,FEASIBLE,FEASIBLE,null,0.014152,0.024549,0.003579,False
703554,1,2,[1],"[2,2]",[[1]],FEASIBLE,FEASIBLE,FEASIBLE,null,0.003317,0.009497,0.001365,False
703555,6,5,"[3,2,1,2,3,1]","[3,1,3,1,1]","[[0,1,2,3,4],[0,1,2,3,4],[0,1,3,4],[2,3,4],[0,1,2,3,4],[0]]",UNSAT,UNSAT,UNSAT,"[0, 1, 3, 4]",0.169053,0.082524,0.011266,False
703556,7,1,"[1,1,1,1,1,1,1]",[2],"[[0],[0],[0],[0],[0],[0],[0]]",UNSAT,UNSAT,UNSAT,"[0, 1, 2]",0.035954,0.038333,0.004498,False
703557,3,7,"[1,2,3]","[2,3,3,1,3,3,2]","[[2,6],[1,2,3,4,5],[1,2,3,6]]",FEASIBLE,FEASIBLE,FEASIBLE,null,0.03762,0.031864,0.004026,False
703558,5,3,"[1,1,2,1,1]","[2,2,2]","[[0,1,2],[1],[0,1,2],[0],[0,2]]",FEASIBLE,FEASIBLE,FEASIBLE,null,0.086571,0.042725,0.00463,False
703559,5,4,"[1,1,2,1,2]","[1,2,3,3]","[[3],[1,2,3],[0,1,2],[0,3],[2,3]]",FEASIBLE,FEASIBLE,FEASIBLE,null,0.113955,0.035656,0.003501,False
703560,6,3,"[3,2,2,1,2,1]","[3,1,3]","[[0,1,2],[0,1,2],[0,1,2],[1],[0,2],[0,2]]",UNSAT,UNSAT,UNSAT,"[0, 3]",0.023127,0.056528,0.006047,False
703561,4,7,"[2,1,2,3]","[3,1,3,3,1,1,3]","[[5,6],[0,1,2,3,4,5,6],[1,2,4,5],[1,3,4,5,6]]",FEASIBLE,FEASIBLE,FEASIBLE,null,0.079085,0.043652,0.004789,False
703562,4,7,"[1,3,2,1]","[2,2,3,1,2,3,2]","[[1],[0,1,2,3,4,5,6],[0,1,4,5,6],[0,2,3,4,6]]",FEASIBLE,FEASIBLE,FEASIBLE,null,0.07718,0.04404,0.004481,False
703563,5,4,"[3,1,1,2,1]","[1,1,3,3]","[[0,1,2],[1],[3],[0,1,3],[1]]",UNSAT,UNSAT,UNSAT,"[0, 1]",0.019227,0.127169,0.004753,False
703564,3,5,"[1,1,1]","[3,3,2,2,2]","[[1,4],[0,1],[1,2,4]]",FEASIBLE,FEASIBLE,FEASIBLE,null,0.037369,0.022345,0.002416,False
703565,1,2,[1],"[2,3]","[[0,1]]",FEASIBLE,FEASIBLE,FEASIBLE,null,0.003409,0.010711,0.000987,False
703566,4,6,"[2,1,2,2]","[3,2,1,3,2,3]","[[0,1,3,4,5],[0,2,3],[0,1,2,3,4,5],[0,1,2,3,4,5]]",FEASIBLE,FEASIBLE,FEASIBLE,null,0.068927,0.041124,0.004589,False
703567,4,2,"[1,2,1,1]","[1,3]","[[0],[0,1],[0,1],[1]]",UNSAT,UNSAT,UNSAT,"[0, 1]",0.0108,0.049407,0.004148,False
703568,4,5,"[2,1,2,1]","[2,2,3,2,1]","[[2,4],[0,3],[0,1,2,3,4],[0,1,3,4]]",FEASIBLE,FEASIBLE,FEASIBLE,null,0.059186,0.034448,0.004743,False
703569,3,3,"[1,2,3]","[3,2,3]","[[0],[1,2],[0,1,2]]",FEASIBLE,FEASIBLE,FEASIBLE,null,0.019368,0.025833,0.002371,False
703570,6,4,"[2,1,2,2,3,1]","[2,1,1,1]","[[1,2],[2,3],[1,2],[0,2],[0,1,2,3],[0,2]]",UNSAT,UNSAT,UNSAT,"[0, 2]",0.024462,0.055433,0.006555,False
703571,2,4,"[2,1]","[1,3,1,3]","[[0,1,2,3],[0,2,3]]",FEASIBLE,FEASIBLE,FEASIBLE,null,0.011631,0.022665,0.002203,False
703572,1,1,[1],[2],[[0]],FEASIBLE,FEASIBLE,FEASIBLE,null,0.002849,0.009212,0.00084,False
703573,3,1,"[1,1,1]",[3],"[[0],[0],[0]]",FEASIBLE,FEASIBLE,FEASIBLE,null,0.010854,0.01698,0.001466,False
703574,7,4,"[3,1,3,2,2,2,1]","[3,3,1,2]","[[0,1,2,3],[1,3],[0,2,3],[0,1,2,3],[0,1,2,3],[2,3],[0,3]]",UNSAT,UNSAT,UNSAT,"[2, 5]",0.063281,0.070902,0.0085,False
703575,3,3,"[1,2,1]","[2,1,3]","[[0],[0,1,2],[0]]",FEASIBLE,FEASIBLE,FEASIBLE,null,0.01922,0.031879,0.00293,False
703576,5,4,"[1,2,1,1,1]","[2,1,3,1]","[[0,1,3],[0,1,2],[0],[0,3],[0,1,2,3]]",FEASIBLE,FEASIBLE,FEASIBLE,null,0.103516,0.050931,0.004685,False
703577,7,5,"[1,2,1,2,1,1,1]","[3,3,1,3,3]","[[0,1,2,3],[0,1,2,3],[3],[0,1,2,3],[3],[0,1,4],[2]]",FEASIBLE,FEASIBLE,FEASIBLE,null,0.53448,0.046547,0.005267,False
703578,4,6,"[3,2,1,1]","[2,2,1,3,3,1]","[[1,2,3,4,5],[0,2],[0,1,2,4,5],[4,5]]",FEASIBLE,FEASIBLE,FEASIBLE,null,0.06889,0.047904,0.005034,False
703579,3,4,"[1,2,1]","[3,1,3,2]","[[0,1,2,3],[1,2],[0,1,2,3]]",FEASIBLE,FEASIBLE,FEASIBLE,null,0.023409,0.025278,0.002727,False
703580,7,2,"[2,1,2,1,1,1,1]","[3,3]","[[0,1],[0,1],[0,1],[0],[0],[1],[0,1]]",UNSAT,UNSAT,UNSAT,"[0, 2, 3, 4]",0.196093,0.0589,0.005269,False
703581,2,7,"[1,1]","[3,1,2,2,1,2,3]","[[1,4,5,6],[0,5]]",FEASIBLE,FEASIBLE,FEASIBLE,null,0.016345,0.020187,0.002259,False
703582,6,4,"[1,1,1,1,3,1]","[1,2,3,2]","[[0,1,2,3],[0,2,3],[0,1,2,3],[2],[0,1,2,3],[0,1,3]]",FEASIBLE,FEASIBLE,FEASIBLE,null,0.35495,0.048082,0.004766,False
703583,7,2,"[1,2,1,1,1,1,1]","[3,3]","[[1],[0,1],[0,1],[0],[1],[0],[0,1]]",UNSAT,UNSAT,UNSAT,"[0, 1, 2, 3, 4, 5]",0.36313,0.053317,0.00493,False
703584,2,2,"[1,1]","[2,2]","[[0,1],[1]]",FEASIBLE,FEASIBLE,FEASIBLE,null,0.007886,0.015359,0.001638,False
703585,7,3,"[2,1,1,1,2,3,2]","[1,2,1]","[[0,1,2],[1,2],[0,1,2],[0,1,2],[0,1,2],[0,1,2],[0,2]]",UNSAT,UNSAT,UNSAT,"[0, 5]",0.029211,0.065694,0.006684,False
703586,6,4,"[1,1,1,1,3,1]","[2,1,2,3]","[[0,3],[0,1,2,3],[1,2,3],[2,3],[0,1,2,3],[0,1]]",FEASIBLE,FEASIBLE,FEASIBLE,null,0.287131,0.06303,0.006064,False
703587,6,4,"[2,1,3,1,1,3]","[1,1,2,3]","[[2,3],[2],[0,1,2,3],[0,1,2,3],[0,1,2,3],[0,1,2]]",UNSAT,UNSAT,UNSAT,"[2, 5]",0.057096,0.115101,0.024645,False
703588,3,1,"[1,1,1]",[2],"[[0],[0],[0]]",UNSAT,UNSAT,UNSAT,"[0, 1, 2]",0.011312,0.026284,0.003065,False
703589,2,1,"[1,1]",[1],"[[0],[0]]",UNSAT,UNSAT,UNSAT,"[0, 1]",0.005849,0.020761,0.002134,False
703590,6,7,"[1,2,1,2,3,3]","[3,2,2,1,3,3,1]","[[4],[0,2,3,4,5,6],[0,4],[0,1,2,3,4,5,6],[0,1,2,3,4,5,6],[0,2,3,4,5]]",FEASIBLE,FEASIBLE,FEASIBLE,null,0.35146,0.077837,0.008439,False
703591,4,7,"[1,2,1,2]","[2,2,3,2,1,2,1]","[[3],[0,2,3,6],[4],[0,1,3,4,5,6]]",FEASIBLE,FEASIBLE,FEASIBLE,null,0.078548,0.035068,0.004459,False
703592,7,6,"[1,3,2,1,2,1,1]","[2,3,1,1,3,3]","[[4],[0,1,2,3,4,5],[0,4,5],[0,1,2,3],[3,4],[1],[1,2,3,4]]",FEASIBLE,FEASIBLE,FEASIBLE,null,0.669414,0.078549,0.005487,False
703593,6,5,"[1,2,3,2,2,2]","[3,3,1,2,1]","[[0,1,2,4],[0,2],[0,1,2,3,4],[0,2,4],[0,1,2,3,4],[0,4]]",UNSAT,UNSAT,UNSAT,"[1, 3, 5]",0.15482,0.090153,0.007224,False
703594,3,7,"[3,1,1]","[2,3,3,1,3,3,3]","[[2,4,6],[1,5,6],[4]]",FEASIBLE,FEASIBLE,FEASIBLE,null,0.037965,0.033824,0.002565,False
703595,5,2,"[1,1,1,1,1]","[2,1]","[[1],[0,1],[1],[0],[0,1]]",UNSAT,UNSAT,UNSAT,"[0, 2]",0.014739,0.125362,0.003994,False
703596,6,7,"[1,2,2,1,3,2]","[3,3,3,1,3,1,2]","[[2],[0,2,3,4,5,6],[2,3],[5],[0,2,5,6],[0,1,6]]",FEASIBLE,FEASIBLE,FEASIBLE,null,0.358007,0.065595,0.005867,False
703597,5,7,"[1,1,2,3,3]","[2,1,2,1,1,1,1]","[[5],[0,1,2,3,6],[1,4],[2,3,4,5,6],[0,1,2,3,4,5,6]]",UNSAT,UNSAT,UNSAT,"[0, 2, 3, 4]",0.15838,0.068454,0.006601,False
703598,3,4,"[2,2,1]","[3,1,1,2]","[[0,1],[0,1],[2]]",UNSAT,UNSAT,UNSAT,"[0, 1]",0.01389,0.033536,0.002847,False
703599,2,4,"[1,1]","[1,1,3,2]","[[0],[3]]",FEASIBLE,FEASIBLE,FEASIBLE,null,0.013448,0.016265,0.001529,False
703600,6,3,"[3,1,1,3,2,2]","[3,1,2]","[[0,1,2],[0,1],[1],[0,1,2],[1,2],[0,1,2]]",UNSAT,UNSAT,UNSAT,"[0, 2]",0.021354,0.058992,0.006634,False
703601,5,6,"[1,2,1,3,1]","[1,1,2,3,3,1]","[[1,2,3,4],[0,5],[0,2],[1,3,4,5],[2]]",FEASIBLE,FEASIBLE,FEASIBLE,null,0.14809,0.063901,0.004567,False
703602,1,1,[1],[2],[[0]],FEASIBLE,FEASIBLE,FEASIBLE,null,0.00349,0.014025,0.00091,False
703603,4,7,"[2,1,3,3]","[1,1,2,1,3,2,1]","[[0,2,3],[2,5],[3,4,6],[0,2,3,4]]",UNSAT,UNSAT,UNSAT,"[0, 2, 3]",0.075626,0.091293,0.006177,False
703604,7,1,"[1,1,1,1,1,1,1]",[1],"[[0],[0],[0],[0],[0],[0],[0]]",UNSAT,UNSAT,UNSAT,"[0, 1]",0.011836,0.040346,0.003658,False
703605,6,6,"[2,2,3,1,1,3]","[2,3,3,3,3,2]","[[0,1,2,3,4,5],[0,1,2,5],[0,1,2,3,4,5],[0,1,3,4,5],[2,3],[0,1,3,4,5]]",FEASIBLE,FEASIBLE,FEASIBLE,null,0.310122,0.148284,0.005934,False
703606,1,1,[1],[2],[[0]],FEASIBLE,FEASIBLE,FEASIBLE,null,0.003266,0.009863,0.000806,False
703607,2,1,"[1,1]",[1],"[[0],[0]]",UNSAT,UNSAT,UNSAT,"[0, 1]",0.006061,0.020897,0.001978,False
703608,4,7,"[2,1,1,1]","[2,2,1,3,3,2,3]","[[0,2,3,4,5],[1],[1],[2,4,5]]",FEASIBLE,FEASIBLE,FEASIBLE,null,0.15425,0.036003,0.002964,False
703609,3,2,"[1,1,1]","[2,3]","[[0],[0,1],[0,1]]",FEASIBLE,FEASIBLE,FEASIBLE,null,0.015805,0.020599,0.001848,False
703610,7,5,"[2,3,1,2,2,1,1]","[2,3,2,1,3]","[[0,2,3,4],[0,2,4],[0,1,3],[1,3,4],[0,1,2,3,4],[0,2,3],[0,1,2,3,4]]",UNSAT,UNSAT,UNSAT,"[0, 1, 2, 3, 4, 5, 6]",0.735489,0.11514,0.008604,False
703611,3,2,"[1,2,1]","[2,3]","[[1],[0,1],[1]]",FEASIBLE,FEASIBLE,FEASIBLE,null,0.061674,0.02927,0.001817,False
703612,3,1,"[1,1,1]",[1],"[[0],[0],[0]]",UNSAT,UNSAT,UNSAT,"[0, 1]",0.007282,0.028145,0.002047,False
703613,3,5,"[2,2,1]","[2,2,2,3,1]","[[0,2],[0,2,3],[0,1,2,3,4]]",FEASIBLE,FEASIBLE,FEASIBLE,null,0.028521,0.030826,0.002448,False
703614,2,7,"[1,1]","[1,2,3,2,2,2,1]","[[0,1,3,4,5,6],[0,4,5]]",FEASIBLE,FEASIBLE,FEASIBLE,null,0.017124,0.027708,0.002155,False
703615,2,4,"[3,1]","[3,3,2,2]","[[0,1,2,3],[0,1]]",FEASIBLE,FEASIBLE,FEASIBLE,null,0.011003,0.022624,0.001708,False
703616,6,7,"[2,1,1,3,2,3]","[1,2,3,1,1,1,2]","[[1,2,4],[0,1,2,3,4,5,6],[2,4,5],[0,1,3,4,5],[1,5],[0,1,2,3,4,5,6]]",UNSAT,UNSAT,UNSAT,"[0, 3, 4, 5]",0.280862,0.104775,0.009408,False
703617,2,4,"[3,2]","[3,1,1,3]","[[0,2,3],[0,1,2,3]]",FEASIBLE,FEASIBLE,FEASIBLE,null,0.011518,0.120396,0.002017,False
703618,4,6,"[3,3,2,3]","[2,1,1,3,1,1]","[[0,1,2,3,5],[1,2,5],[0,1,2],[0,2,4,5]]",UNSAT,UNSAT,UNSAT,"[0, 1]",0.023717,0.078436,0.007095,False
703619,5,1,"[1,1,1,1,1]",[2],"[[0],[0],[0],[0],[0]]",UNSAT,UNSAT,UNSAT,"[0, 1, 2]",0.021699,0.033888,0.002925,False
703620,6,3,"[2,1,1,1,1,2]","[3,1,2]","[[0,1],[1],[0,1],[0],[0,1,2],[0,1,2]]",UNSAT,UNSAT,UNSAT,"[0, 1]",0.018534,0.051768,0.004699,False
703621,1,1,[1],[1],[[0]],FEASIBLE,FEASIBLE,FEASIBLE,null,0.003008,0.010108,0.000849,False
703622,1,2,[1],"[3,3]",[[0]],FEASIBLE,FEASIBLE,FEASIBLE,null,0.003325,0.009866,0.000822,False
703623,3,3,"[1,2,1]","[3,2,1]","[[2],[1,2],[0,1,2]]",UNSAT,UNSAT,UNSAT,"[0, 1]",0.011681,0.030697,0.002938,False
703624,3,6,"[2,1,2]","[3,3,3,1,1,1]","[[1,2,3,4,5],[2],[0,3,5]]",FEASIBLE,FEASIBLE,FEASIBLE,null,0.032666,0.02918,0.003715,False
703625,6,7,"[2,3,1,1,1,1]","[1,2,3,2,3,3,3]","[[0,5],[0,1,3,5,6],[6],[0,1,2,3,4,5,6],[0,2],[1,3,4,6]]",FEASIBLE,FEASIBLE,FEASIBLE,null,0.385131,0.052557,0.005171,False
703626,5,2,"[1,1,1,1,1]","[2,2]","[[1],[1],[1],[0],[0,1]]",UNSAT,UNSAT,UNSAT,"[0, 1, 2]",0.032199,0.035623,0.003686,False
703627,7,3,"[1,1,2,1,1,1,1]","[1,1,1]","[[0,1],[0,1],[0,2],[0,2],[0],[0,1,2],[0,2]]",UNSAT,UNSAT,UNSAT,"[2, 3]",0.047647,0.054946,0.005966,False
703628,3,7,"[1,3,1]","[2,1,3,1,3,2,2]","[[5],[1,3,4],[0]]",FEASIBLE,FEASIBLE,FEASIBLE,null,0.036352,0.037943,0.002013,False
703629,4,5,"[3,3,1,1]","[3,3,3,2,1]","[[0,1,4],[0,1,2,3],[0],[1,2,3,4]]",FEASIBLE,FEASIBLE,FEASIBLE,null,0.062599,0.120049,0.002767,False
703630,5,3,"[1,1,1,3,2]","[2,2,2]","[[0,1,2],[1],[0,1,2],[0,1,2],[1,2]]",UNSAT,UNSAT,UNSAT,"[1, 3, 4]",0.063407,0.049996,0.00418,False
703631,7,7,"[1,1,2,1,2,2,2]","[2,2,1,3,3,1,3]","[[1,2,4,5,6],[4,6],[0,2,3,4,5,6],[0,4,6],[0,2,3,4],[0,2,3,6],[0,2,3,4,5,6]]",FEASIBLE,FEASIBLE,FEASIBLE,null,0.755768,0.079281,0.006211,False
703632,2,1,"[1,1]",[1],"[[0],[0]]",UNSAT,UNSAT,UNSAT,"[0, 1]",0.007421,0.022259,0.001661,False
703633,5,1,"[1,1,1,1,1]",[1],"[[0],[0],[0],[0],[0]]",UNSAT,UNSAT,UNSAT,"[0, 1]",0.009163,0.032442,0.002639,False
703634,6,1,"[1,1,1,1,1,1]",[2],"[[0],[0],[0],[0],[0],[0]]",UNSAT,UNSAT,UNSAT,"[0, 1, 2]",0.029,0.037129,0.002612,False
703635,3,3,"[1,1,2]","[2,2,1]","[[0],[0,1,2],[0,1,2]]",FEASIBLE,FEASIBLE,FEASIBLE,null,0.019592,0.02439,0.001829,False
703636,1,3,[1],"[3,1,2]","[[0,1]]",FEASIBLE,FEASIBLE,FEASIBLE,null,0.004305,0.010944,0.000963,False
703637,3,2,"[1,1,1]","[1,2]","[[0],[0,1],[1]]",FEASIBLE,FEASIBLE,FEASIBLE,null,0.015114,0.019193,0.003447,False
703638,5,4,"[2,1,1,1,1]","[3,3,1,3]","[[0,1,3],[3],[2],[0,3],[1,3]]",FEASIBLE,FEASIBLE,FEASIBLE,null,0.102815,0.031595,0.002277,False
703639,3,6,"[2,1,2]","[3,3,1,1,3,1]","[[0,1,3,4,5],[0,2,3],[0,1,2,4,5]]",FEASIBLE,FEASIBLE,FEASIBLE,null,0.032043,0.030755,0.00262,False
703640,6,6,"[3,2,2,2,1,1]","[2,1,2,2,1,1]","[[0,1,2,3,4,5],[0,2,4,5],[0,1,4,5],[2,4],[0],[4,5]]",UNSAT,UNSAT,UNSAT,"[0, 1, 2, 3]",0.210438,0.128288,0.008428,False
703641,7,4,"[1,2,1,1,2,3,1]","[3,2,2,1]","[[0,1,2,3],[0,1,2,3],[2],[0],[0,1],[0,1,2,3],[3]]",UNSAT,UNSAT,UNSAT,"[0, 1, 2, 4, 5]",0.43753,0.065665,0.005911,False
703642,1,6,[2],"[1,3,2,1,2,3]","[[4,5]]",FEASIBLE,FEASIBLE,FEASIBLE,null,0.006436,0.016007,0.001205,False
703643,6,4,"[1,2,1,1,1,3]","[2,2,1,1]","[[0,1],[0,1],[2,3],[0,1,2,3],[2],[0,1,2,3]]",UNSAT,UNSAT,UNSAT,"[2, 4, 5]",0.126656,0.071141,0.005137,False
703644,6,6,"[1,2,1,1,1,1]","[1,2,3,3,2,3]","[[0,1,2,4,5],[1,2,3,5],[3],[2],[0,3],[4]]",FEASIBLE,FEASIBLE,FEASIBLE,null,0.303613,0.040679,0.003173,False
703645,2,4,"[1,2]","[2,3,2,2]","[[0],[0,2]]",FEASIBLE,FEASIBLE,FEASIBLE,null,0.010922,0.018051,0.001215,False
703646,2,1,"[1,1]",[2],"[[0],[0]]",FEASIBLE,FEASIBLE,FEASIBLE,null,0.005573,0.013182,0.000874,False
703647,7,6,"[1,1,3,1,1,1,3]","[3,2,1,3,1,2]","[[4],[1,2,3,4,5],[0,1,2,3,5],[2,3,5],[0,2,4,5],[2],[0,2,3]]",UNSAT,UNSAT,UNSAT,"[5, 6]",0.120275,0.078617,0.006428,False
703648,3,6,"[1,2,3]","[3,3,1,2,2,3]","[[5],[2,4],[0,1,2,3,5]]",FEASIBLE,FEASIBLE,FEASIBLE,null,0.031716,0.031567,0.002299,False
703649,3,5,"[2,1,3]","[3,3,3,1,3]","[[0,3],[0,2,4],[0,1,2,3,4]]",FEASIBLE,FEASIBLE,FEASIBLE,null,0.027691,0.029742,0.002333,False
703650,7,6,"[2,3,3,3,1,1,1]","[2,3,3,1,2,1]","[[3,4,5],[1,2,4,5],[0,1,4],[0,1,2,4,5],[2],[0],[0,3,4,5]]",UNSAT,UNSAT,UNSAT,"[0, 1, 2, 3, 5]",0.473038,0.07735,0.006825,False
703651,5,3,"[2,1,1,1,1]","[2,1,3]","[[0,2],[1,2],[2],[0],[2]]",FEASIBLE,FEASIBLE,FEASIBLE,null,0.08212,0.109619,0.002091,False
703652,1,6,[3],"[1,1,1,1,3,3]","[[0,1,3,5]]",FEASIBLE,FEASIBLE,FEASIBLE,null,0.005737,0.017709,0.001457,False
703653,4,4,"[2,1,1,2]","[1,1,3,2]","[[2,3],[0,1,2,3],[0,1,2,3],[0,3]]",FEASIBLE,FEASIBLE,FEASIBLE,null,0.048409,0.044291,0.003208,False
703654,1,4,[1],"[2,3,2,2]",[[3]],FEASIBLE,FEASIBLE,FEASIBLE,null,0.005409,0.011021,0.000871,False
703655,7,2,"[1,1,1,2,1,2,1]","[1,3]","[[0],[1],[0,1],[0,1],[0],[0,1],[0]]",UNSAT,UNSAT,UNSAT,"[0, 3]",0.018787,0.048407,0.003903,False
703656,1,6,[1],"[3,1,2,2,3,2]","[[2,4]]",FEASIBLE,FEASIBLE,FEASIBLE,null,0.005436,0.015564,0.001022,False
703657,6,5,"[3,1,2,1,2,1]","[1,1,2,1,1]","[[1,3,4],[4],[0,1,2,3,4],[0,1,2,3,4],[0,4],[4]]",UNSAT,UNSAT,UNSAT,"[0, 1]",0.025282,0.05763,0.005313,False
703658,6,1,"[1,1,1,1,1,1]",[2],"[[0],[0],[0],[0],[0],[0]]",UNSAT,UNSAT,UNSAT,"[0, 1, 2]",0.027778,0.034966,0.002583,False
703659,2,3,"[2,1]","[2,3,2]","[[0,1,2],[1]]",FEASIBLE,FEASIBLE,FEASIBLE,null,0.009002,0.017874,0.001435,False
703660,4,2,"[1,1,1,1]","[2,2]","[[0,1],[0,1],[1],[1]]",FEASIBLE,FEASIBLE,FEASIBLE,null,0.029479,0.02257,0.001476,False
703661,5,6,"[3,2,2,2,1]","[1,2,1,1,1,2]","[[0,1,3,4],[0,1,2,3,4,5],[3,4,5],[1,5],[0,1,2,3,4,5]]",UNSAT,UNSAT,UNSAT,"[0, 1, 2, 3]",0.115234,0.067327,0.00653,False
703662,5,1,"[1,1,1,1,1]",[3],"[[0],[0],[0],[0],[0]]",UNSAT,UNSAT,UNSAT,"[0, 1, 2, 3]",0.03466,0.033348,0.002429,False
703663,6,5,"[2,1,1,2,3,1]","[3,2,1,3,2]","[[2,3,4],[0,3,4],[0,1,2,4],[2,3],[0,1,2,4],[0,1,2,3,4]]",FEASIBLE,FEASIBLE,FEASIBLE,null,0.253723,0.147995,0.004911,False
703664,3,4,"[1,1,1]","[2,1,2,3]","[[1],[2],[3]]",FEASIBLE,FEASIBLE,FEASIBLE,null,0.023512,0.019185,0.002682,False
703665,1,5,[1],"[1,3,3,2,3]","[[0,1,2,3]]",FEASIBLE,FEASIBLE,FEASIBLE,null,0.005079,0.013855,0.002022,False
703666,3,3,"[2,1,1]","[3,3,3]","[[0,2],[0,2],[0]]",FEASIBLE,FEASIBLE,FEASIBLE,null,0.019266,0.021665,0.002224,False
703667,7,5,"[2,3,2,1,3,2,3]","[2,1,3,1,3]","[[0,2,3,4],[0,1,2,3,4],[1,2,4],[1,3],[1,2,4],[0,3],[0,1,2,3,4]]",UNSAT,UNSAT,UNSAT,"[3, 4, 5]",0.233029,0.077994,0.008023,False
703668,7,5,"[1,1,1,1,2,2,1]","[2,3,3,1,3]","[[3],[0,1,2,4],[0,1,2,3,4],[1,2,4],[1,3],[1,3,4],[0,3]]",UNSAT,UNSAT,UNSAT,"[0, 4]",0.039428,0.10406,0.005974,False
703669,5,4,"[3,1,1,1,1]","[3,3,1,3]","[[0,1,2,3],[0],[0,1,2],[0,1,2,3],[0,2]]",FEASIBLE,FEASIBLE,FEASIBLE,null,0.102516,0.047086,0.003487,False
703670,3,3,"[3,1,1]","[1,2,3]","[[0,1,2],[2],[2]]",FEASIBLE,FEASIBLE,FEASIBLE,null,0.023696,0.026363,0.00159,False
703671,3,1,"[1,1,1]",[2],"[[0],[0],[0]]",UNSAT,UNSAT,UNSAT,"[0, 1, 2]",0.010797,0.025348,0.001852,False
703672,7,1,"[1,1,1,1,1,1,1]",[3],"[[0],[0],[0],[0],[0],[0],[0]]",UNSAT,UNSAT,UNSAT,"[0, 1, 2, 3]",0.080225,0.041164,0.002936,False
703673,6,5,"[1,2,2,3,1,3]","[2,1,3,3,3]","[[0,3,4],[0,1,3,4],[1,2,3,4],[0,1,3,4],[0,1,2,3,4],[0,1,2,4]]",FEASIBLE,FEASIBLE,FEASIBLE,null,0.257073,0.07924,0.005441,False
703674,7,4,"[1,1,1,1,1,2,2]","[2,3,1,1]","[[1,2,3],[3],[0,1],[1,2],[2],[2,3],[1,2]]",UNSAT,UNSAT,UNSAT,"[1, 5]",0.052684,0.05154,0.004145,False
703675,4,6,"[2,1,2,1]","[1,1,2,2,1,2]","[[1,2,3,4],[1,2,3,5],[0,2,3,4,5],[2,3]]",FEASIBLE,FEASIBLE,FEASIBLE,null,0.071068,0.037347,0.003051,False
703676,5,2,"[2,1,1,1,1]","[3,1]","[[0,1],[0,1],[0],[0],[1]]",UNSAT,UNSAT,UNSAT,"[0, 4]",0.01834,0.038444,0.002941,False
703677,1,7,[1],"[2,2,1,3,1,1,3]","[[2,4,5,6]]",FEASIBLE,FEASIBLE,FEASIBLE,null,0.006551,0.015301,0.001309,False
703678,7,5,"[1,3,1,3,1,1,1]","[3,1,3,2,3]","[[3],[1,2,4],[1,2,3,4],[0,1,2,3,4],[0,2,3],[3],[2,3]]",FEASIBLE,FEASIBLE,FEASIBLE,null,0.554609,0.071383,0.00485,False
703679,3,4,"[1,1,2]","[3,2,3,2]","[[0,1,2,3],[3],[1,2,3]]",FEASIBLE,FEASIBLE,FEASIBLE,null,0.023927,0.024726,0.001792,False
703680,5,7,"[1,3,1,2,1]","[2,2,2,1,2,1,2]","[[2],[1,2,3,4,5,6],[1,6],[0,1,2,3,4,5,6],[3]]",FEASIBLE,FEASIBLE,FEASIBLE,null,0.166581,0.059876,0.004533,False
703681,4,6,"[2,1,1,3]","[2,2,1,3,3,2]","[[0,1,2],[4],[0,1,2,3,4,5],[0,1,5]]",FEASIBLE,FEASIBLE,FEASIBLE,null,0.068403,0.045287,0.003463,False
703682,3,6,"[2,1,1]","[3,2,1,1,2,3]","[[1,3,5],[0],[0,1,2,3,4]]",FEASIBLE,FEASIBLE,FEASIBLE,null,0.031872,0.02597,0.002113,False
703683,6,5,"[2,2,2,2,1,1]","[3,1,3,1,2]","[[3,4],[0,1,2,3,4],[0,3],[2,3],[2],[0,1,2,3,4]]",UNSAT,UNSAT,UNSAT,"[0, 2]",0.029473,0.054372,0.004369,False
703684,1,1,[1],[3],[[0]],FEASIBLE,FEASIBLE,FEASIBLE,null,0.0861,0.01013,0.000689,False
703685,5,5,"[1,3,3,2,1]","[1,3,2,1,2]","[[0,3],[0,1,2,3],[1,2,3,4],[0,1,3],[0,4]]",UNSAT,UNSAT,UNSAT,"[0, 1, 3]",0.065701,0.056406,0.004661,False
703686,1,2,[1],"[3,1]",[[1]],FEASIBLE,FEASIBLE,FEASIBLE,null,0.003458,0.010796,0.000777,False
703687,4,5,"[1,1,1,1]","[1,1,2,3,3]","[[1],[1],[2,3],[0]]",UNSAT,UNSAT,UNSAT,"[0, 1]",0.019197,0.031411,0.002393,False
703688,4,4,"[2,3,2,1]","[1,1,3,3]","[[0,1,2],[0,2,3],[0,1,2],[1,3]]",UNSAT,UNSAT,UNSAT,"[0, 1, 2]",0.036553,0.058633,0.004086,False
703689,7,1,"[1,1,1,1,1,1,1]",[1],"[[0],[0],[0],[0],[0],[0],[0]]",UNSAT,UNSAT,UNSAT,"[0, 1]",0.011211,0.038864,0.00274,False
703690,4,3,"[3,1,2,1]","[3,2,2]","[[0,1,2],[1,2],[0,1,2],[1,2]]",UNSAT,UNSAT,UNSAT,"[0, 1, 2, 3]",0.040705,0.044761,0.003353,False
703691,4,5,"[1,1,2,3]","[3,3,3,2,1]","[[2],[0],[0,2,3,4],[0,1,2,3,4]]",FEASIBLE,FEASIBLE,FEASIBLE,null,0.059741,0.034261,0.002316,False
703692,2,7,"[1,1]","[2,3,3,3,3,3,3]","[[0,1,6],[0,2,3,4,5,6]]",FEASIBLE,FEASIBLE,FEASIBLE,null,0.016131,0.021133,0.00191,False
703693,6,2,"[1,2,1,1,1,2]","[3,2]","[[0],[0,1],[0,1],[1],[0],[0,1]]",UNSAT,UNSAT,UNSAT,"[1, 3, 5]",0.068279,0.044152,0.00329,False
703694,6,5,"[1,3,3,1,1,2]","[3,3,1,1,3]","[[0,1,3],[0,1,3,4],[0,2,4],[0,4],[4],[0,4]]",UNSAT,UNSAT,UNSAT,"[1, 2, 3, 4, 5]",0.271028,0.078239,0.005451,False
703695,4,3,"[1,2,1,1]","[3,2,3]","[[1],[1,2],[0,1,2],[0,2]]",FEASIBLE,FEASIBLE,FEASIBLE,null,0.041791,0.027281,0.001808,False
703696,6,2,"[2,1,2,1,2,1]","[1,2]","[[0,1],[0,1],[0,1],[1],[0,1],[0]]",UNSAT,UNSAT,UNSAT,"[0, 2]",0.016232,0.045148,0.003093,False
703697,6,1,"[1,1,1,1,1,1]",[3],"[[0],[0],[0],[0],[0],[0]]",UNSAT,UNSAT,UNSAT,"[0, 1, 2, 3]",0.054741,0.037349,0.002348,False
703698,7,1,"[1,1,1,1,1,1,1]",[1],"[[0],[0],[0],[0],[0],[0],[0]]",UNSAT,UNSAT,UNSAT,"[0, 1]",0.011235,0.0385,0.002234,False
703699,5,6,"[1,1,1,2,3]","[2,1,3,2,3,1]","[[1,5],[2,4],[5],[0,1,2],[0,1,4,5]]",UNSAT,UNSAT,UNSAT,"[0, 2, 4]",0.089281,0.049643,0.003784,False
703700,3,5,"[1,1,2]","[3,3,3,1,2]","[[1],[1,2],[0,2]]",FEASIBLE,FEASIBLE,FEASIBLE,null,0.027421,0.022878,0.001602,False
703701,3,3,"[2,3,2]","[3,1,2]","[[0,1,2],[0,1,2],[0,1,2]]",UNSAT,UNSAT,UNSAT,"[0, 1, 2]",0.018917,0.040281,0.002955,False
703702,2,1,"[1,1]",[1],"[[0],[0]]",UNSAT,UNSAT,UNSAT,"[0, 1]",0.005997,0.020734,0.001329,False
703703,2,5,"[1,3]","[3,1,2,2,1]","[[0,1,2,3,4],[0,1,3]]",FEASIBLE,FEASIBLE,FEASIBLE,null,0.01268,0.023831,0.001767,False
703704,2,1,"[1,1]",[3],"[[0],[0]]",FEASIBLE,FEASIBLE,FEASIBLE,null,0.0057,0.013039,0.000713,False
703705,2,7,"[1,3]","[1,1,2,3,2,3,2]","[[2,3,4,5,6],[0,1,5,6]]",FEASIBLE,FEASIBLE,FEASIBLE,null,0.016021,0.025007,0.001965,False
703706,2,4,"[1,1]","[2,1,1,3]","[[2],[3]]",FEASIBLE,FEASIBLE,FEASIBLE,null,0.010488,0.014506,0.001106,False
703707,5,4,"[2,1,1,1,1]","[1,3,2,2]","[[0,3],[0,1,2,3],[0,1,2,3],[2],[0,1,2,3]]",FEASIBLE,FEASIBLE,FEASIBLE,null,0.101997,0.03679,0.002813,False
703708,6,3,"[1,1,2,2,1,1]","[3,3,1]","[[2],[0,1,2],[1,2],[0,2],[0,1],[2]]",UNSAT,UNSAT,UNSAT,"[0, 2]",0.020419,0.121184,0.003323,False
703709,6,2,"[1,1,2,1,1,2]","[2,3]","[[0],[0],[0,1],[0],[0],[0,1]]",UNSAT,UNSAT,UNSAT,"[0, 1, 2]",0.041462,0.055198,0.003035,False
703710,1,5,[3],"[1,3,3,2,2]","[[0,1,2,3,4]]",FEASIBLE,FEASIBLE,FEASIBLE,null,0.005253,0.01963,0.001326,False
703711,1,1,[1],[2],[[0]],FEASIBLE,FEASIBLE,FEASIBLE,null,0.002898,0.009136,0.000629,False
703712,5,4,"[2,1,2,1,2]","[1,3,2,1]","[[0,2,3],[1,2,3],[0,1,2,3],[0,1,3],[0,1]]",UNSAT,UNSAT,UNSAT,"[0, 1, 2, 3, 4]",0.101962,0.070177,0.005553,False
703713,3,2,"[1,1,1]","[3,3]","[[1],[1],[0]]",FEASIBLE,FEASIBLE,FEASIBLE,null,0.015458,0.018619,0.001257,False
703714,1,3,[1],"[2,2,3]",[[0]],FEASIBLE,FEASIBLE,FEASIBLE,null,0.003974,0.010513,0.000682,False
703715,2,3,"[2,1]","[1,2,3]","[[1,2],[0,2]]",FEASIBLE,FEASIBLE,FEASIBLE,null,0.009142,0.018112,0.001319,False
703716,7,7,"[3,1,3,2,2,3,3]","[1,1,1,1,3,3,2]","[[0,1,5],[5],[0,1,2,3,4,5,6],[0,1,2,3,4,5,6],[0,1,2,3,6],[0,1,2,3,4,5,6],[0,1,2,3,4,5,6]]",UNSAT,UNSAT,UNSAT,"[0, 1, 2, 4, 5]",0.561243,0.106818,0.009624,False
703717,5,7,"[2,2,1,1,1]","[1,2,2,1,3,1,1]","[[0,1,2,3,4,5,6],[0,2,4,6],[0,1,2,5,6],[0,1,2,3,4,5,6],[0,2,3,4,5,6]]",FEASIBLE,FEASIBLE,FEASIBLE,null,0.16506,0.050743,0.004349,False
703718,4,6,"[1,1,2,1]","[3,1,1,1,3,3]","[[0,2,3,4,5],[4],[1,2,3,4,5],[1,2]]",FEASIBLE,FEASIBLE,FEASIBLE,null,0.069042,0.044532,0.003217,False
703719,7,7,"[1,1,3,3,2,2,1]","[3,3,1,2,2,2,3]","[[0,1,2,3,4,5,6],[1,2],[0,1,3,4,5,6],[0,1,2,4,5,6],[0,1,2,3,4,5,6],[0,4,6],[0,1,2,3,4,6]]",FEASIBLE,FEASIBLE,FEASIBLE,null,0.739514,0.151595,0.006043,False
703720,2,2,"[1,2]","[1,1]","[[0],[0,1]]",UNSAT,UNSAT,UNSAT,"[0, 1]",0.008058,0.024581,0.001799,False
703721,1,6,[2],"[1,1,1,1,1,1]","[[3,4]]",FEASIBLE,FEASIBLE,FEASIBLE,null,0.005797,0.01522,0.001062,False
703722,4,4,"[3,2,1,1]","[1,3,1,1]","[[0,1,2,3],[0,1,2,3],[0,1,2,3],[0,1,2,3]]",UNSAT,UNSAT,UNSAT,"[0, 1, 2, 3]",0.048644,0.053252,0.004531,False
703723,4,1,"[1,1,1,1]",[1],"[[0],[0],[0],[0]]",UNSAT,UNSAT,UNSAT,"[0, 1]",0.009225,0.027674,0.001864,False
703724,1,3,[1],"[3,1,1]",[[2]],FEASIBLE,FEASIBLE,FEASIBLE,null,0.003893,0.01089,0.000713,False
703725,2,1,"[1,1]",[2],"[[0],[0]]",FEASIBLE,FEASIBLE,FEASIBLE,null,0.005721,0.014996,0.000789,False
703726,1,6,[1],"[3,2,2,1,1,2]","[[0,4]]",FEASIBLE,FEASIBLE,FEASIBLE,null,0.005383,0.012938,0.000969,False
703727,7,1,"[1,1,1,1,1,1,1]",[2],"[[0],[0],[0],[0],[0],[0],[0]]",UNSAT,UNSAT,UNSAT,"[0, 1, 2]",0.035757,0.039104,0.002272,False
703728,3,7,"[1,2,3]","[3,2,2,3,3,1,1]","[[3],[1,3,4,5,6],[2,3,5,6]]",FEASIBLE,FEASIBLE,FEASIBLE,null,0.036428,0.031261,0.002348,False
703729,5,3,"[1,1,2,2,1]","[1,1,2]","[[0,2],[2],[0,1,2],[0,1],[1]]",UNSAT,UNSAT,UNSAT,"[2, 3]",0.033594,0.042295,0.003195,False
703730,2,4,"[2,1]","[2,2,2,1]","[[0,1,2,3],[1]]",FEASIBLE,FEASIBLE,FEASIBLE,null,0.011021,0.019391,0.001399,False
703731,5,5,"[1,1,1,1,1]","[3,2,1,3,3]","[[3],[1,4],[0,1,2,3,4],[0,1,2,4],[0,1,2,4]]",FEASIBLE,FEASIBLE,FEASIBLE,null,0.125402,0.03671,0.002909,False
703732,4,6,"[2,1,2,1]","[3,3,2,1,2,1]","[[0,1,2,3,4,5],[0,1,2,3,4,5],[0,1,3,5],[0,3]]",FEASIBLE,FEASIBLE,FEASIBLE,null,0.069359,0.037533,0.00307,False
703733,3,5,"[3,1,3]","[1,1,3,2,1]","[[1,3,4],[3],[0,1,4]]",UNSAT,UNSAT,UNSAT,"[0, 2]",0.019756,0.03799,0.002705,False
703734,7,5,"[1,3,3,1,1,3,2]","[3,1,2,2,3]","[[0,1,2,4],[1,2,3],[0,2,4],[0,1,4],[1,2,3],[1,2,3,4],[0,1,3,4]]",UNSAT,UNSAT,UNSAT,"[1, 2, 5]",0.187032,0.095503,0.006565,False
703735,1,2,[1],"[2,3]","[[0,1]]",FEASIBLE,FEASIBLE,FEASIBLE,null,0.003806,0.012045,0.000766,False
703736,6,1,"[1,1,1,1,1,1]",[1],"[[0],[0],[0],[0],[0],[0]]",UNSAT,UNSAT,UNSAT,"[0, 1]",0.009881,0.035407,0.002122,False
703737,4,6,"[1,3,3,1]","[3,3,2,3,1,3]","[[0,3,5],[1,2,3,4],[0,1,2,3,4,5],[2,5]]",FEASIBLE,FEASIBLE,FEASIBLE,null,0.069398,0.039741,0.002961,False
703738,5,5,"[3,3,2,1,1]","[3,2,1,3,1]","[[0,1,4],[0,1,2,3,4],[1,2],[0,1,2,3,4],[0,1]]",UNSAT,UNSAT,UNSAT,"[0, 1, 2]",0.059241,0.075282,0.005589,False
703739,5,7,"[2,3,2,1,1]","[1,2,3,1,2,2,2]","[[0,4],[0,1,2,3,4,5,6],[1,2,3,4,5],[1],[1]]",FEASIBLE,FEASIBLE,FEASIBLE,null,0.163831,0.061568,0.00399,False
703740,1,2,[1],"[2,3]",[[0]],FEASIBLE,FEASIBLE,FEASIBLE,null,0.003462,0.010521,0.000719,False
703741,7,5,"[2,3,2,1,2,1,1]","[3,2,1,2,1]","[[0,1],[1,3,4],[2,3],[0,1,2,3],[0,1,2,3,4],[1,2,3,4],[3,4]]",UNSAT,UNSAT,UNSAT,"[1, 2, 6]",0.178814,0.077615,0.005834,False
703742,7,1,"[1,1,1,1,1,1,1]",[3],"[[0],[0],[0],[0],[0],[0],[0]]",UNSAT,UNSAT,UNSAT,"[0, 1, 2, 3]",0.080733,0.04069,0.002219,False
703743,4,1,"[1,1,1,1]",[1],"[[0],[0],[0],[0]]",UNSAT,UNSAT,UNSAT,"[0, 1]",0.007643,0.02768,0.001735,False
703744,4,5,"[2,2,3,2]","[2,3,2,2,2]","[[1,2,3,4],[0,2],[0,1,4],[1,4]]",FEASIBLE,FEASIBLE,FEASIBLE,null,0.058633,0.037526,0.002403,False
703745,2,5,"[1,1]","[3,2,3,2,2]","[[2],[0,1,2,3]]",FEASIBLE,FEASIBLE,FEASIBLE,null,0.012836,0.017799,0.001424,False
703746,4,4,"[2,1,2,1]","[3,3,1,2]","[[0,1,2,3],[1,2,3],[0,1,2,3],[0,1,2,3]]",FEASIBLE,FEASIBLE,FEASIBLE,null,0.048971,0.032124,0.002573,False
703747,5,3,"[2,1,1,2,1]","[1,1,2]","[[0,1,2],[0,2],[0,1,2],[0,1,2],[2]]",UNSAT,UNSAT,UNSAT,"[0, 1, 3]",0.043198,0.060305,0.003452,False
703748,2,1,"[1,1]",[2],"[[0],[0]]",FEASIBLE,FEASIBLE,FEASIBLE,null,0.006339,0.014406,0.000744,False
703749,1,4,[1],"[3,2,2,2]","[[1,2,3]]",FEASIBLE,FEASIBLE,FEASIBLE,null,0.004652,0.012289,0.000925,False
703750,6,3,"[1,2,1,1,1,1]","[1,1,1]","[[1],[0,1],[2],[1],[0,1,2],[1]]",UNSAT,UNSAT,UNSAT,"[0, 1]",0.018075,0.044311,0.003365,False
703751,2,7,"[3,1]","[1,2,3,2,1,1,1]","[[0,2,4,5,6],[0,1,2,3,4,5,6]]",FEASIBLE,FEASIBLE,FEASIBLE,null,0.016357,0.028382,0.002252,False
703752,3,4,"[1,1,1]","[2,2,3,1]","[[0,1,2,3],[3],[2]]",FEASIBLE,FEASIBLE,FEASIBLE,null,0.023219,0.020707,0.00156,False
703753,6,4,"[1,1,1,3,1,2]","[1,3,3,1]","[[0,2],[2],[1],[1,2,3],[1,2,3],[0,1,2]]",UNSAT,UNSAT,UNSAT,"[0, 1, 2, 3, 4, 5]",0.212685,0.055189,0.004104,False
703754,2,6,"[2,1]","[1,1,3,1,3,1]","[[0,1],[0]]",UNSAT,UNSAT,UNSAT,"[0, 1]",0.013947,0.106495,0.001942,False
703755,6,5,"[1,3,1,1,3,3]","[2,3,3,2,1]","[[0,1,2,4],[0,1,3],[0,2,4],[0,1,2,3,4],[1,2,3],[0,1,2,4]]",UNSAT,UNSAT,UNSAT,"[0, 1, 2, 3, 4, 5]",0.263099,0.074196,0.005931,False
703756,4,4,"[1,2,1,2]","[1,1,1,3]","[[0,3],[0,1,2],[3],[0,2]]",UNSAT,UNSAT,UNSAT,"[1, 3]",0.028483,0.056285,0.003429,False
703757,4,6,"[2,3,3,2]","[2,2,3,3,3,3]","[[0,1,2,3,4],[0,1,2,3,4,5],[0,1,4,5],[0,1,2,3,4,5]]",FEASIBLE,FEASIBLE,FEASIBLE,null,0.0782,0.064611,0.004377,False
703758,7,5,"[2,2,2,1,1,1,3]","[1,3,1,2,2]","[[1,2,3,4],[0,1,2,3,4],[0,1,3,4],[0,1,2,4],[1,4],[0,4],[0,1,2]]",UNSAT,UNSAT,UNSAT,"[0, 1, 2, 3, 6]",0.440188,0.10245,0.006934,False
703759,1,2,[1],"[3,2]","[[0,1]]",FEASIBLE,FEASIBLE,FEASIBLE,null,0.003614,0.011876,0.000737,False
703760,1,4,[2],"[1,1,2,2]","[[0,2]]",FEASIBLE,FEASIBLE,FEASIBLE,null,0.004496,0.013963,0.00084,False
703761,6,4,"[3,2,1,2,1,3]","[3,1,2,1]","[[0,1,2,3],[0,1,2,3],[0,1,2],[0,1],[1,3],[0,1,3]]",UNSAT,UNSAT,UNSAT,"[0, 5]",0.033172,0.061452,0.004808,False
703762,3,7,"[2,1,3]","[2,1,2,1,3,3,1]","[[0,1,2,3,4,5,6],[0,1,2,6],[0,3,5,6]]",FEASIBLE,FEASIBLE,FEASIBLE,null,0.036567,0.036538,0.002783,False
703763,5,4,"[3,1,1,1,2]","[2,1,3,2]","[[0,1,2],[2],[0],[3],[0,1,3]]",UNSAT,UNSAT,UNSAT,"[0, 2, 4]",0.062793,0.047833,0.003112,False
703764,5,4,"[2,1,1,2,2]","[2,3,3,1]","[[0,1,2,3],[0],[0,2,3],[0,1,2,3],[0,1,2,3]]",FEASIBLE,FEASIBLE,FEASIBLE,null,0.102264,0.125895,0.002799,False
703765,5,1,"[1,1,1,1,1]",[1],"[[0],[0],[0],[0],[0]]",UNSAT,UNSAT,UNSAT,"[0, 1]",0.009051,0.031569,0.001945,False
703766,5,7,"[1,3,1,2,1]","[2,2,2,2,1,3,1]","[[2],[0,1,2,3,4,5,6],[1,2],[1,4,5,6],[3]]",FEASIBLE,FEASIBLE,FEASIBLE,null,0.167425,0.042282,0.003,False
703767,1,7,[2],"[3,1,1,3,3,2,3]","[[3,6]]",FEASIBLE,FEASIBLE,FEASIBLE,null,0.006058,0.015359,0.00103,False
703768,7,7,"[1,2,3,2,3,2,3]","[1,1,1,3,1,1,3]","[[1,3,4],[0,2,3,5],[0,1,2,3,4],[0,2,3,4,5,6],[0,2,3,4,5],[0,1,2,3,4,6],[0,1,2,3,4,5,6]]",UNSAT,UNSAT,UNSAT,"[0, 1, 2, 4]",0.340575,0.137085,0.010152,False
703769,2,2,"[1,2]","[1,3]","[[0],[0,1]]",UNSAT,UNSAT,UNSAT,"[0, 1]",0.007516,0.024158,0.001507,False
703770,3,3,"[1,1,1]","[2,1,1]","[[0,1,2],[0,1],[0,1]]",FEASIBLE,FEASIBLE,FEASIBLE,null,0.018986,0.02172,0.001499,False
703771,2,4,"[1,1]","[2,2,1,3]","[[0,1,2,3],[2]]",FEASIBLE,FEASIBLE,FEASIBLE,null,0.010972,0.017158,0.001239,False
703772,4,2,"[2,1,1,2]","[1,1]","[[0,1],[1],[0],[0,1]]",UNSAT,UNSAT,UNSAT,"[0, 1]",0.021595,0.035458,0.002316,False
703773,2,5,"[1,3]","[1,2,2,1,2]","[[0,1,3],[0,1,2,3,4]]",FEASIBLE,FEASIBLE,FEASIBLE,null,0.012642,0.026822,0.001745,False
703774,6,3,"[2,1,1,1,1,1]","[3,1,3]","[[0,1],[0,1,2],[0],[2],[1],[2]]",UNSAT,UNSAT,UNSAT,"[0, 4]",0.024994,0.044339,0.002688,False
703775,2,1,"[1,1]",[1],"[[0],[0]]",UNSAT,UNSAT,UNSAT,"[0, 1]",0.005563,0.024898,0.001072,False
703776,3,5,"[3,1,1]","[2,3,1,3,1]","[[0,2,3],[1,4],[0,1,2,3,4]]",FEASIBLE,FEASIBLE,FEASIBLE,null,0.027339,0.108469,0.002058,False
703777,5,2,"[2,1,2,1,1]","[2,3]","[[0,1],[0],[0,1],[1],[0]]",UNSAT,UNSAT,UNSAT,"[0, 1, 2]",0.030259,0.038574,0.002601,False
703778,2,5,"[3,3]","[1,2,3,2,2]","[[0,1,2,3,4],[1,2,3]]",FEASIBLE,FEASIBLE,FEASIBLE,null,0.012809,0.027374,0.00177,False
703779,6,4,"[1,1,1,2,2,2]","[3,1,3,2]","[[1,2],[2],[0,2,3],[0,1,3],[0,3],[0,1,2,3]]",FEASIBLE,FEASIBLE,FEASIBLE,null,0.212112,0.05467,0.003646,False
703780,7,7,"[1,2,3,3,1,3,3]","[1,1,1,3,2,3,1]","[[0,4],[0,1,2,3,4,5,6],[3,5,6],[0,2,6],[4],[1,5,6],[0,1,2,3,4,5,6]]",UNSAT,UNSAT,UNSAT,"[2, 3]",0.091886,0.112058,0.008447,False
703781,4,3,"[1,2,1,1]","[1,1,1]","[[1],[0,1,2],[0],[0,1]]",UNSAT,UNSAT,UNSAT,"[0, 1, 2]",0.02852,0.037058,0.002587,False
703782,6,2,"[2,2,2,2,2,1]","[2,3]","[[0,1],[0,1],[0,1],[0,1],[0,1],[0,1]]",UNSAT,UNSAT,UNSAT,"[0, 1, 2]",0.040291,0.049486,0.003509,False
703783,1,1,[1],[3],[[0]],FEASIBLE,FEASIBLE,FEASIBLE,null,0.002708,0.009546,0.000567,False
703784,7,6,"[1,1,1,3,1,2,1]","[1,3,1,3,3,3]","[[2],[1],[2,3,4],[0,2,3,5],[4],[0,1,3,4,5],[1,2,3,4,5]]",FEASIBLE,FEASIBLE,FEASIBLE,null,0.642617,0.052788,0.003726,False
703785,7,5,"[3,3,1,1,2,1,3]","[2,2,2,2,3]","[[0,1,2,4],[0,1,2,3,4],[0,1,2,3],[0,1,2,3,4],[0,3],[0],[1,2,3]]",UNSAT,UNSAT,UNSAT,"[0, 1, 4, 6]",0.280953,0.102579,0.007122,False
703786,6,3,"[1,3,1,1,1,2]","[1,1,1]","[[0,2],[0,1,2],[2],[1],[0],[1,2]]",UNSAT,UNSAT,UNSAT,"[0, 1]",0.019381,0.126396,0.003214,False
703787,4,1,"[1,1,1,1]",[1],"[[0],[0],[0],[0]]",UNSAT,UNSAT,UNSAT,"[0, 1]",0.007897,0.028214,0.001588,False
703788,6,7,"[3,1,1,3,2,1]","[1,3,2,1,3,3,2]","[[0,3,4,6],[1,4,5],[1,6],[0,2,4,6],[5,6],[4]]",FEASIBLE,FEASIBLE,FEASIBLE,null,0.3435,0.048791,0.003506,False
703789,4,6,"[3,3,3,1]","[1,3,1,3,2,2]","[[1,3,5],[0,1,2,3,4,5],[0,3,4,5],[1]]",FEASIBLE,FEASIBLE,FEASIBLE,null,0.068362,0.042428,0.002942,False
703790,3,4,"[1,1,2]","[1,3,3,1]","[[0,2],[0,2,3],[0,2,3]]",FEASIBLE,FEASIBLE,FEASIBLE,null,0.023633,0.025577,0.001619,False
703791,2,4,"[1,2]","[3,2,3,2]","[[0,3],[0,1,2,3]]",FEASIBLE,FEASIBLE,FEASIBLE,null,0.010754,0.019554,0.001389,False
703792,5,5,"[1,1,1,3,2]","[2,3,3,3,2]","[[1],[0,1,3],[4],[0,1,2,3,4],[0,1,2,3,4]]",FEASIBLE,FEASIBLE,FEASIBLE,null,0.12274,0.039809,0.002858,False
703793,5,5,"[2,2,1,1,3]","[2,1,1,3,3]","[[1,4],[0,1,2,3,4],[3],[0],[0,1,2,3,4]]",FEASIBLE,FEASIBLE,FEASIBLE,null,0.123009,0.082707,0.003387,False
703794,6,1,"[1,1,1,1,1,1]",[3],"[[0],[0],[0],[0],[0],[0]]",UNSAT,UNSAT,UNSAT,"[0, 1, 2, 3]",0.055096,0.076242,0.002174,False
703795,5,4,"[1,2,3,2,1]","[2,2,1,2]","[[0,1,2,3],[0,2],[0,1,3],[0,2,3],[0,2,3]]",UNSAT,UNSAT,UNSAT,"[1, 2, 3]",0.070016,0.074265,0.004896,False
703796,7,4,"[3,2,1,3,2,1,1]","[3,3,2,3]","[[0,1,2],[1,2],[0,2],[0,1,2,3],[2,3],[0,3],[0]]",UNSAT,UNSAT,UNSAT,"[0, 1, 4]",0.094661,0.14787,0.004713,False
703797,1,7,[2],"[2,1,3,1,3,1,2]","[[2,3]]",FEASIBLE,FEASIBLE,FEASIBLE,null,0.006218,0.015691,0.001003,False
703798,3,3,"[2,2,2]","[1,1,3]","[[0,1,2],[0,1],[1,2]]",UNSAT,UNSAT,UNSAT,"[0, 1]",0.011156,0.04537,0.002967,False
703799,4,3,"[3,2,3,1]","[3,3,2]","[[0,1,2],[0,2],[0,1,2],[1]]",UNSAT,UNSAT,UNSAT,"[0, 1, 2]",0.028196,0.043017,0.002796,False
703800,3,7,"[2,3,1]","[3,2,2,2,2,2,2]","[[0,1,2,3,4],[1,3,4],[1,6]]",FEASIBLE,FEASIBLE,FEASIBLE,null,0.036493,0.032457,0.002095,False
703801,2,4,"[1,3]","[2,1,2,3]","[[2],[0,2,3]]",FEASIBLE,FEASIBLE,FEASIBLE,null,0.010948,0.020575,0.001295,False
703802,7,2,"[1,1,2,2,1,1,1]","[2,2]","[[0,1],[0],[0,1],[0,1],[0,1],[0,1],[0,1]]",UNSAT,UNSAT,UNSAT,"[0, 2, 3]",0.063032,0.052201,0.003684,False
703803,4,4,"[1,1,1,2]","[3,1,2,2]","[[0,1],[0,3],[0,3],[0,1,2,3]]",FEASIBLE,FEASIBLE,FEASIBLE,null,0.048809,0.029008,0.001948,False
703804,7,6,"[1,3,1,1,3,1,1]","[2,3,2,2,1,2]","[[0,2,3,4],[0,1,2,5],[0,1,2,3,4,5],[0,4],[3,4,5],[0,2,3,4,5],[0,1,3,4]]",FEASIBLE,FEASIBLE,FEASIBLE,null,0.642056,0.078951,0.005651,False
703805,7,3,"[2,3,1,1,1,1,1]","[1,1,1]","[[0,1,2],[0,1,2],[0,1,2],[0],[0],[1],[0]]",UNSAT,UNSAT,UNSAT,"[0, 1]",0.020396,0.05254,0.003782,False
703806,2,3,"[1,1]","[1,3,3]","[[1,2],[0,1,2]]",FEASIBLE,FEASIBLE,FEASIBLE,null,0.00937,0.017517,0.001295,False
703807,7,5,"[2,1,1,3,3,1,3]","[2,3,2,3,2]","[[3,4],[3,4],[3],[1,2,3,4],[0,1,2,3,4],[0,2,3,4],[0,1,2,3,4]]",UNSAT,UNSAT,UNSAT,"[0, 1, 2, 3, 4, 6]",0.495253,0.207157,0.005934,False
703808,3,3,"[2,2,2]","[1,3,3]","[[1,2],[0,1],[0,1,2]]",FEASIBLE,FEASIBLE,FEASIBLE,null,0.019599,0.028139,0.001636,False
703809,2,1,"[1,1]",[1],"[[0],[0]]",UNSAT,UNSAT,UNSAT,"[0, 1]",0.005642,0.020301,0.001092,False
703810,2,4,"[1,1]","[2,2,1,2]","[[0,2],[0,2]]",FEASIBLE,FEASIBLE,FEASIBLE,null,0.010782,0.016505,0.001141,False
703811,6,3,"[1,2,1,1,1,1]","[2,2,3]","[[0,1],[0,1,2],[0],[0,1,2],[0,2],[0,1,2]]",FEASIBLE,FEASIBLE,FEASIBLE,null,0.175225,0.054816,0.004632,False
703812,2,1,"[1,1]",[1],"[[0],[0]]",UNSAT,UNSAT,UNSAT,"[0, 1]",0.005893,0.02027,0.001349,False
703813,7,1,"[1,1,1,1,1,1,1]",[3],"[[0],[0],[0],[0],[0],[0],[0]]",UNSAT,UNSAT,UNSAT,"[0, 1, 2, 3]",0.081376,0.041657,0.00251,False
703814,3,3,"[1,3,3]","[1,2,2]","[[2],[0,1,2],[0,1,2]]",UNSAT,UNSAT,UNSAT,"[1, 2]",0.016818,0.037046,0.002806,False
703815,2,2,"[1,1]","[1,3]","[[0,1],[0,1]]",FEASIBLE,FEASIBLE,FEASIBLE,null,0.008184,0.0165,0.001223,False
703816,7,1,"[1,1,1,1,1,1,1]",[3],"[[0],[0],[0],[0],[0],[0],[0]]",UNSAT,UNSAT,UNSAT,"[0, 1, 2, 3]",0.08173,0.053548,0.001788,False
703817,7,1,"[1,1,1,1,1,1,1]",[2],"[[0],[0],[0],[0],[0],[0],[0]]",UNSAT,UNSAT,UNSAT,"[0, 1, 2]",0.036654,0.038418,0.001912,False
703818,3,4,"[2,2,2]","[3,3,3,2]","[[0,1],[0,1,2,3],[0,1,2,3]]",FEASIBLE,FEASIBLE,FEASIBLE,null,0.023452,0.029121,0.002015,False
703819,1,7,[2],"[2,3,1,2,1,1,2]","[[1,3,6]]",FEASIBLE,FEASIBLE,FEASIBLE,null,0.006301,0.01627,0.001236,False
703820,3,2,"[1,1,1]","[2,2]","[[0,1],[1],[0]]",FEASIBLE,FEASIBLE,FEASIBLE,null,0.015004,0.01872,0.001193,False
703821,7,4,"[1,1,3,1,2,1,3]","[1,1,1,1]","[[2],[3],[1,2,3],[0,2,3],[0,1,2,3],[0,2,3],[1,2,3]]",UNSAT,UNSAT,UNSAT,"[0, 2]",0.027371,0.137566,0.00481,False
703822,2,5,"[1,3]","[1,1,1,3,2]","[[1],[1,2,3,4]]",FEASIBLE,FEASIBLE,FEASIBLE,null,0.012703,0.023528,0.001559,False
703823,7,2,"[1,1,1,2,2,1,1]","[1,2]","[[0],[0,1],[0,1],[0,1],[0,1],[0,1],[0,1]]",UNSAT,UNSAT,UNSAT,"[0, 3]",0.019334,0.049967,0.003429,False
703824,4,1,"[1,1,1,1]",[2],"[[0],[0],[0],[0]]",UNSAT,UNSAT,UNSAT,"[0, 1, 2]",0.01522,0.02835,0.001711,False
703825,1,1,[1],[1],[[0]],FEASIBLE,FEASIBLE,FEASIBLE,null,0.002859,0.009408,0.000562,False
703826,3,4,"[1,1,2]","[2,2,2,1]","[[1],[0],[0,1]]",FEASIBLE,FEASIBLE,FEASIBLE,null,0.023594,0.021184,0.001318,False
703827,2,3,"[1,3]","[1,2,1]","[[2],[0,1,2]]",UNSAT,UNSAT,UNSAT,"[0, 1]",0.009066,0.026907,0.001866,False
703828,5,2,"[1,1,1,1,1]","[1,1]","[[0],[0],[0,1],[0,1],[1]]",UNSAT,UNSAT,UNSAT,"[0, 1]",0.012103,0.036801,0.002601,False
703829,3,7,"[1,2,3]","[3,2,1,3,2,2,1]","[[0,1,3,6],[0,2,4],[0,1,2,3,5,6]]",FEASIBLE,FEASIBLE,FEASIBLE,null,0.036031,0.034454,0.00267,False
703830,4,2,"[1,2,1,1]","[3,3]","[[1],[0,1],[1],[1]]",UNSAT,UNSAT,UNSAT,"[0, 1, 2, 3]",0.03085,0.032775,0.002255,False
703831,3,7,"[2,1,3]","[2,2,2,2,1,2,1]","[[2,4],[0,1,3,4,5,6],[1,3,4]]",UNSAT,UNSAT,UNSAT,"[0, 2]",0.025461,0.039833,0.002974,False
703832,6,2,"[1,1,1,1,1,2]","[2,2]","[[0],[0],[0,1],[0,1],[0,1],[0,1]]",UNSAT,UNSAT,UNSAT,"[0, 1, 5]",0.046138,0.047635,0.002957,False
703833,4,3,"[1,1,1,2]","[1,2,2]","[[0,1,2],[1],[0],[0,1]]",UNSAT,UNSAT,UNSAT,"[2, 3]",0.025509,0.118863,0.002986,False
703834,1,1,[1],[1],[[0]],FEASIBLE,FEASIBLE,FEASIBLE,null,0.002891,0.009964,0.000511,False
703835,6,5,"[3,1,1,3,3,1]","[1,1,3,2,2]","[[1,2,3,4],[0],[1,2,3],[0,1,2,3,4],[0,2,3,4],[2]]",UNSAT,UNSAT,UNSAT,"[0, 1, 3, 4]",0.17334,0.066758,0.005201,False
703836,3,7,"[1,2,2]","[2,1,1,3,3,2,1]","[[0,1,2,3,4,5,6],[3,5,6],[0,1,3,4,5,6]]",FEASIBLE,FEASIBLE,FEASIBLE,null,0.038054,0.034393,0.003265,False
703837,2,4,"[1,1]","[1,3,1,3]","[[0,1,2,3],[0,1,2]]",FEASIBLE,FEASIBLE,FEASIBLE,null,0.011659,0.018952,0.00139,False
703838,1,5,[1],"[3,2,2,1,1]",[[0]],FEASIBLE,FEASIBLE,FEASIBLE,null,0.005068,0.011144,0.000792,False
703839,5,3,"[1,1,1,2,3]","[3,2,3]","[[0,1],[0,1,2],[1],[0,1,2],[0,1,2]]",FEASIBLE,FEASIBLE,FEASIBLE,null,0.08363,0.052095,0.002981,False
703840,4,1,"[1,1,1,1]",[1],"[[0],[0],[0],[0]]",UNSAT,UNSAT,UNSAT,"[0, 1]",0.008006,0.028584,0.001501,False
703841,6,3,"[1,1,1,1,1,3]","[1,2,1]","[[0,1,2],[0,1,2],[0,2],[1,2],[1],[0,1,2]]",UNSAT,UNSAT,UNSAT,"[2, 5]",0.045818,0.052477,0.00386,False
703842,2,7,"[1,2]","[3,2,2,3,1,3,3]","[[0,1,2,3,4,5],[0,1,3,5]]",FEASIBLE,FEASIBLE,FEASIBLE,null,0.016559,0.024859,0.001918,False
703843,4,7,"[1,2,2,1]","[1,3,3,3,2,3,2]","[[0,1,4,6],[2,3,4,6],[5,6],[3,4]]",FEASIBLE,FEASIBLE,FEASIBLE,null,0.080542,0.036235,0.002421,False
703844,5,7,"[1,3,1,2,1]","[3,1,1,2,2,1,1]","[[4],[0,2,3,5],[6],[0,1,2,5,6],[0,1,3,4,5]]",FEASIBLE,FEASIBLE,FEASIBLE,null,0.167704,0.044175,0.003192,False
703845,1,2,[2],"[1,3]","[[0,1]]",FEASIBLE,FEASIBLE,FEASIBLE,null,0.003657,0.013526,0.000778,False
703846,7,2,"[1,1,1,1,1,1,2]","[3,1]","[[0,1],[1],[1],[0,1],[0,1],[1],[0,1]]",UNSAT,UNSAT,UNSAT,"[1, 2]",0.027482,0.048038,0.00338,False
703847,3,3,"[1,1,1]","[3,1,2]","[[0,1,2],[0,1,2],[1]]",FEASIBLE,FEASIBLE,FEASIBLE,null,0.019796,0.021479,0.001396,False
703848,2,7,"[3,3]","[3,2,2,3,3,1,2]","[[0,1,2,4,6],[0,1,2,3,5,6]]",FEASIBLE,FEASIBLE,FEASIBLE,null,0.01688,0.030869,0.002095,False
703849,6,3,"[3,1,2,3,1,1]","[2,2,2]","[[0,1,2],[1],[0,1,2],[0,1,2],[1],[0,2]]",UNSAT,UNSAT,UNSAT,"[0, 1, 3]",0.059841,0.054835,0.003562,False
703850,6,5,"[1,1,2,3,3,1]","[1,2,1,2,2]","[[1],[0,2,3,4],[0,3],[0,1,2,3,4],[0,3,4],[2]]",UNSAT,UNSAT,UNSAT,"[2, 4]",0.074893,0.084744,0.006027,False
703851,3,2,"[1,2,2]","[1,1]","[[0],[0,1],[0,1]]",UNSAT,UNSAT,UNSAT,"[0, 1]",0.009534,0.03149,0.002108,False
703852,4,3,"[1,1,2,1]","[2,1,2]","[[0],[0,1,2],[0,1],[0,1]]",UNSAT,UNSAT,UNSAT,"[0, 2, 3]",0.037491,0.05639,0.00322,False
703853,3,6,"[1,2,1]","[2,2,1,2,1,3]","[[2,4,5],[0,2],[0,1,2,3,4,5]]",FEASIBLE,FEASIBLE,FEASIBLE,null,0.034147,0.038002,0.002726,False
703854,1,5,[1],"[1,3,1,3,3]","[[0,1,2,3,4]]",FEASIBLE,FEASIBLE,FEASIBLE,null,0.005453,0.0149,0.001168,False
703855,6,2,"[1,1,1,1,1,1]","[3,1]","[[0,1],[0],[0],[0,1],[0,1],[0]]",UNSAT,UNSAT,UNSAT,"[0, 1, 2, 3, 4]",0.115412,0.043681,0.002848,False
703856,1,7,[1],"[1,1,3,3,1,2,2]","[[2,4]]",FEASIBLE,FEASIBLE,FEASIBLE,null,0.006451,0.01662,0.000943,False
703857,1,2,[2],"[1,3]","[[0,1]]",FEASIBLE,FEASIBLE,FEASIBLE,null,0.003125,0.097726,0.0007,False
703858,3,5,"[2,2,1]","[3,1,1,1,2]","[[0,1,2,3,4],[0,1,2,3],[0,1,2,3]]",FEASIBLE,FEASIBLE,FEASIBLE,null,0.02849,0.031659,0.00219,False
703859,7,7,"[3,3,1,2,1,1,1]","[1,3,1,1,1,2,3]","[[0,1,3,6],[1,3,4],[0,1,2,3,4,5,6],[1,4,6],[2],[0,1,3,4,5,6],[1,4,6]]",FEASIBLE,FEASIBLE,FEASIBLE,null,0.745403,0.091391,0.006024,False
703860,3,6,"[1,1,1]","[3,2,1,3,3,3]","[[0,1,2,4,5],[0,1,2,3,4,5],[1]]",FEASIBLE,FEASIBLE,FEASIBLE,null,0.033023,0.035916,0.002009,False
703861,2,1,"[1,1]",[2],"[[0],[0]]",FEASIBLE,FEASIBLE,FEASIBLE,null,0.006006,0.013862,0.00069,False
703862,5,3,"[1,1,1,2,3]","[3,2,3]","[[0],[0,2],[0],[0,2],[0,1,2]]",UNSAT,UNSAT,UNSAT,"[0, 2, 3, 4]",0.089969,0.059857,0.003486,False
703863,5,6,"[2,1,2,3,1]","[1,2,2,2,3,1]","[[3,5],[5],[0,1,2,3,4,5],[1,2,4,5],[0,1,2,3,5]]",UNSAT,UNSAT,UNSAT,"[0, 1]",0.027059,0.055697,0.004091,False
703864,3,1,"[1,1,1]",[3],"[[0],[0],[0]]",FEASIBLE,FEASIBLE,FEASIBLE,null,0.010997,0.019472,0.001067,False
703865,3,2,"[1,1,2]","[3,1]","[[0,1],[0],[0,1]]",FEASIBLE,FEASIBLE,FEASIBLE,null,0.015413,0.021714,0.001272,False
703866,6,6,"[1,3,1,1,2,1]","[3,1,2,1,2,3]","[[5],[0,1,2,3,4,5],[2,3,4],[0,1,2],[0,1,2,3,5],[5]]",FEASIBLE,FEASIBLE,FEASIBLE,null,0.319376,0.0491,0.003332,False
703867,1,3,[1],"[2,1,3]",[[2]],FEASIBLE,FEASIBLE,FEASIBLE,null,0.004053,0.011119,0.000649,False
703868,6,7,"[1,1,1,1,1,1]","[2,3,1,1,1,2,3]","[[1,2,3,4,5],[6],[1,4],[3],[2],[1,2,6]]",FEASIBLE,FEASIBLE,FEASIBLE,null,0.349933,0.119728,0.002554,False
703869,1,6,[1],"[2,2,2,2,2,3]","[[0,1,2,3,4,5]]",FEASIBLE,FEASIBLE,FEASIBLE,null,0.005834,0.016159,0.001259,False
703870,6,7,"[2,2,3,1,1,1]","[3,1,1,2,3,3,3]","[[2,6],[0,1,2,3,5,6],[0,1,2,3,4,5,6],[0,1,2,3,4,5,6],[6],[0,1,2,4,5,6]]",FEASIBLE,FEASIBLE,FEASIBLE,null,0.358566,0.078107,0.004787,False
703871,4,7,"[3,3,2,2]","[3,2,1,3,3,1,3]","[[0,1,2,3,4,5,6],[3,4,5],[1,3,4,5],[2,6]]",FEASIBLE,FEASIBLE,FEASIBLE,null,0.100847,0.060307,0.003875,False
703872,4,2,"[1,1,1,1]","[3,3]","[[0,1],[0,1],[0,1],[0]]",FEASIBLE,FEASIBLE,FEASIBLE,null,0.031416,0.032219,0.001853,False
703873,4,2,"[2,1,1,2]","[1,3]","[[0,1],[1],[0],[0,1]]",UNSAT,UNSAT,UNSAT,"[0, 2]",0.012971,0.035115,0.002211,False
703874,4,7,"[1,1,1,3]","[2,1,1,3,2,3,1]","[[2,5],[4],[0],[0,1,2,3,4,5]]",FEASIBLE,FEASIBLE,FEASIBLE,null,0.080781,0.034296,0.002378,False
703875,4,1,"[1,1,1,1]",[3],"[[0],[0],[0],[0]]",UNSAT,UNSAT,UNSAT,"[0, 1, 2, 3]",0.022181,0.029953,0.001734,False
703876,7,6,"[2,3,1,2,3,1,1]","[1,2,2,3,2,3]","[[2,3,5],[2,3,4],[0],[0,1,2,3,4,5],[2,3,4],[1,4,5],[0,1,2,3,4]]",FEASIBLE,FEASIBLE,FEASIBLE,null,0.649823,0.08547,0.005242,False
703877,5,6,"[2,2,1,1,3]","[3,2,1,3,2,1]","[[0,1,3],[0,1,3,4,5],[0,1,3],[2,3],[2,3,4]]",FEASIBLE,FEASIBLE,FEASIBLE,null,0.149183,0.057215,0.003687,False
703878,4,1,"[1,1,1,1]",[3],"[[0],[0],[0],[0]]",UNSAT,UNSAT,UNSAT,"[0, 1, 2, 3]",0.023743,0.112061,0.001551,False
703879,1,6,[2],"[3,2,2,2,2,2]","[[0,1,2,3,4,5]]",FEASIBLE,FEASIBLE,FEASIBLE,null,0.005749,0.018615,0.001222,False
703880,6,3,"[1,2,1,1,2,1]","[3,1,1]","[[0,2],[0,2],[0,1],[1],[0,1,2],[1]]",UNSAT,UNSAT,UNSAT,"[3, 5]",0.051203,0.049358,0.003381,False
703881,3,2,"[1,2,2]","[1,1]","[[1],[0,1],[0,1]]",UNSAT,UNSAT,UNSAT,"[0, 1]",0.009326,0.044391,0.002041,False
703882,5,4,"[3,1,3,2,1]","[1,2,2,1]","[[0,1,2,3],[1,2],[0,1,2,3],[0,1,2,3],[2,3]]",UNSAT,UNSAT,UNSAT,"[0, 1, 2]",0.052652,0.058882,0.004367,False
703883,2,1,"[1,1]",[3],"[[0],[0]]",FEASIBLE,FEASIBLE,FEASIBLE,null,0.005985,0.014589,0.000703,False
703884,2,3,"[1,1]","[1,2,3]","[[0,1],[0,1,2]]",FEASIBLE,FEASIBLE,FEASIBLE,null,0.00936,0.017933,0.001268,False
703885,4,6,"[2,2,1,3]","[1,2,3,1,2,2]","[[0,2,4],[0,2,4,5],[0,1,2,3,4,5],[0,1,4,5]]",FEASIBLE,FEASIBLE,FEASIBLE,null,0.070832,0.043334,0.003159,False
703886,2,6,"[3,2]","[2,3,1,1,3,1]","[[1,2,3,4,5],[0,1,4,5]]",FEASIBLE,FEASIBLE,FEASIBLE,null,0.03054,0.029379,0.001964,False
703887,5,5,"[1,1,1,1,1]","[1,1,1,2,3]","[[0,1,2,3,4],[0,2,4],[0,2,3,4],[2,3],[0,4]]",FEASIBLE,FEASIBLE,FEASIBLE,null,0.13001,0.03889,0.002866,False
703888,4,1,"[1,1,1,1]",[3],"[[0],[0],[0],[0]]",UNSAT,UNSAT,UNSAT,"[0, 1, 2, 3]",0.021565,0.02987,0.001358,False
703889,1,6,[3],"[2,3,1,3,3,2]","[[0,1,2,3,4,5]]",FEASIBLE,FEASIBLE,FEASIBLE,null,0.005651,0.022756,0.001161,False
703890,7,3,"[1,1,3,2,2,1,1]","[2,1,3]","[[1,2],[2],[0,1,2],[0,1,2],[0,1],[0],[2]]",UNSAT,UNSAT,UNSAT,"[2, 4]",0.050804,0.134181,0.004072,False
703891,3,2,"[1,1,1]","[3,3]","[[0,1],[0,1],[0,1]]",FEASIBLE,FEASIBLE,FEASIBLE,null,0.015732,0.020028,0.001244,False
703892,7,2,"[1,1,1,2,2,2,1]","[1,2]","[[0,1],[1],[0,1],[0,1],[0,1],[0,1],[0]]",UNSAT,UNSAT,UNSAT,"[3, 4]",0.043393,0.049245,0.003293,False
703893,4,3,"[2,2,3,1]","[2,2,1]","[[0,1,2],[0,2],[0,1,2],[0,1,2]]",UNSAT,UNSAT,UNSAT,"[1, 2]",0.021569,0.045995,0.003171,False
703894,5,4,"[3,1,1,1,1]","[1,2,1,1]","[[0,1,2,3],[0,1,2,3],[2],[0,2],[2,3]]",UNSAT,UNSAT,UNSAT,"[0, 2, 3]",0.063715,0.051276,0.003527,False
703895,6,7,"[2,3,2,1,2,2]","[1,2,3,2,3,2,2]","[[2,3,4,5],[0,2,3,4,5,6],[0,5],[3],[1,3,5],[0,1,3,4,5,6]]",FEASIBLE,FEASIBLE,FEASIBLE,null,0.370045,0.075843,0.004889,False
703896,1,1,[1],[1],[[0]],FEASIBLE,FEASIBLE,FEASIBLE,null,0.003011,0.010116,0.000536,False
703897,2,3,"[2,3]","[3,3,2]","[[0,1,2],[0,1,2]]",FEASIBLE,FEASIBLE,FEASIBLE,null,0.009784,0.023797,0.001416,False
703898,1,3,[3],"[3,3,2]","[[0,1,2]]",FEASIBLE,FEASIBLE,FEASIBLE,null,0.004028,0.016444,0.001018,False
703899,2,5,"[1,1]","[1,3,1,3,3]","[[0,2,3,4],[1,2,3,4]]",FEASIBLE,FEASIBLE,FEASIBLE,null,0.013449,0.019886,0.001597,False
703900,4,4,"[2,3,1,2]","[1,3,1,1]","[[0,1],[0,2,3],[0,2],[1,2,3]]",UNSAT,UNSAT,UNSAT,"[0, 1]",0.017022,0.04631,0.00303,False
703901,7,2,"[1,1,1,1,1,1,2]","[3,2]","[[1],[0],[0],[1],[1],[0],[0,1]]",UNSAT,UNSAT,UNSAT,"[0, 3, 4]",0.073825,0.046165,0.002965,False
703902,5,1,"[1,1,1,1,1]",[3],"[[0],[0],[0],[0],[0]]",UNSAT,UNSAT,UNSAT,"[0, 1, 2, 3]",0.035365,0.034001,0.002066,False
703903,5,1,"[1,1,1,1,1]",[1],"[[0],[0],[0],[0],[0]]",UNSAT,UNSAT,UNSAT,"[0, 1]",0.092657,0.032593,0.001832,False
703904,2,7,"[2,2]","[1,3,3,2,1,2,3]","[[1,2,3,4,5,6],[0,1,2,3,6]]",FEASIBLE,FEASIBLE,FEASIBLE,null,0.016928,0.027319,0.001995,False
703905,1,1,[1],[1],[[0]],FEASIBLE,FEASIBLE,FEASIBLE,null,0.002905,0.009727,0.000514,False
703906,1,5,[3],"[2,3,2,2,1]","[[0,2,4]]",FEASIBLE,FEASIBLE,FEASIBLE,null,0.005391,0.016939,0.001152,False
703907,3,3,"[2,1,1]","[2,1,3]","[[0,1],[0,1],[1,2]]",FEASIBLE,FEASIBLE,FEASIBLE,null,0.020297,0.023935,0.001504,False
703908,6,7,"[1,1,3,2,2,3]","[3,2,1,3,1,2,3]","[[2,3,5,6],[2],[0,1,2,4,5,6],[1,2,3,4],[5,6],[1,2,4,5,6]]",FEASIBLE,FEASIBLE,FEASIBLE,null,0.363877,0.07835,0.005026,False
703909,3,2,"[2,1,1]","[3,2]","[[0,1],[0],[0]]",FEASIBLE,FEASIBLE,FEASIBLE,null,0.016141,0.0212,0.00131,False
703910,7,5,"[2,2,1,1,2,1,2]","[3,1,1,1,1]","[[0,1,2,3,4],[0,1,2,3,4],[1],[2],[1,2,3,4],[0,3],[0,1,3,4]]",UNSAT,UNSAT,UNSAT,"[0, 1, 2, 4]",0.275518,0.07369,0.005761,False
703911,3,7,"[3,1,2]","[1,3,3,1,3,2,1]","[[0,1,2,3,4,5,6],[2,4],[3,5]]",FEASIBLE,FEASIBLE,FEASIBLE,null,0.037613,0.03312,0.003062,False
703912,2,1,"[1,1]",[2],"[[0],[0]]",FEASIBLE,FEASIBLE,FEASIBLE,null,0.006032,0.013809,0.000647,False
703913,1,3,[1],"[1,3,3]",[[2]],FEASIBLE,FEASIBLE,FEASIBLE,null,0.004024,0.010695,0.00065,False
703914,1,2,[1],"[2,3]",[[0]],FEASIBLE,FEASIBLE,FEASIBLE,null,0.003173,0.012626,0.000648,False
703915,3,5,"[2,1,1]","[3,3,2,2,3]","[[1,3,4],[0,2,3,4],[0,2]]",FEASIBLE,FEASIBLE,FEASIBLE,null,0.028298,0.025906,0.001897,False
703916,6,1,"[1,1,1,1,1,1]",[1],"[[0],[0],[0],[0],[0],[0]]",UNSAT,UNSAT,UNSAT,"[0, 1]",0.010254,0.119025,0.002664,False
703917,6,7,"[1,1,1,3,1,1]","[1,2,2,3,1,3,2]","[[4],[0,1,2,4,6],[0],[0,2,3],[0,1,2,3,5,6],[0]]",UNSAT,UNSAT,UNSAT,"[2, 3]",0.076876,0.071283,0.005175,False
703918,5,3,"[1,1,3,1,3]","[2,1,2]","[[1,2],[0,1,2],[0,1,2],[2],[0,1,2]]",UNSAT,UNSAT,UNSAT,"[2, 4]",0.035354,0.048203,0.003265,False
703919,2,5,"[3,2]","[1,1,1,1,3]","[[0,1,2,3],[0,1,4]]",FEASIBLE,FEASIBLE,FEASIBLE,null,0.013148,0.034947,0.002234,False
703920,2,2,"[1,2]","[1,1]","[[1],[0,1]]",UNSAT,UNSAT,UNSAT,"[0, 1]",0.007758,0.024368,0.001597,False
703921,7,7,"[3,3,2,2,2,2,2]","[2,2,3,3,3,1,3]","[[0,1,2,3,5],[1,2,4,5,6],[0,1,2,3,4,5,6],[1,2,5],[1,5,6],[3,6],[0,1,2,4,5,6]]",FEASIBLE,FEASIBLE,FEASIBLE,null,0.753461,0.143465,0.008069,False
703922,5,5,"[1,1,2,3,2]","[1,2,2,3,1]","[[0,1,2,3,4],[2],[0,1,2,3,4],[0,1,2,3,4],[0,1,2,3,4]]",FEASIBLE,FEASIBLE,FEASIBLE,null,0.129702,0.062703,0.004161,False
703923,4,7,"[1,1,1,2]","[2,3,3,3,3,1,3]","[[6],[0,1,2,4,5,6],[0,1,2,4,6],[0,2,3,4,5]]",FEASIBLE,FEASIBLE,FEASIBLE,null,0.080671,0.036325,0.002888,False
703924,2,1,"[1,1]",[3],"[[0],[0]]",FEASIBLE,FEASIBLE,FEASIBLE,null,0.006368,0.01396,0.000635,False
703925,3,4,"[1,2,2]","[2,1,2,1]","[[0,1,3],[1,2],[0,2]]",FEASIBLE,FEASIBLE,FEASIBLE,null,0.024359,0.026205,0.001681,False
703926,4,6,"[1,2,1,1]","[3,2,3,3,3,1]","[[0,2,4],[0,1,2,3],[3,4],[0,1,2,3,4,5]]",FEASIBLE,FEASIBLE,FEASIBLE,null,0.071748,0.12002,0.002677,False
703927,2,5,"[3,1]","[3,1,2,1,2]","[[0,1,2],[1,3]]",FEASIBLE,FEASIBLE,FEASIBLE,null,0.013395,0.02363,0.001471,False
703928,5,4,"[2,1,1,1,2]","[3,2,3,3]","[[1,3],[0],[0],[2],[0,1,2,3]]",FEASIBLE,FEASIBLE,FEASIBLE,null,0.106526,0.03441,0.002073,False
703929,2,2,"[1,1]","[2,1]","[[0,1],[0,1]]",FEASIBLE,FEASIBLE,FEASIBLE,null,0.007894,0.015501,0.001082,False
703930,1,6,[3],"[3,3,2,3,1,3]","[[2,3,4,5]]",FEASIBLE,FEASIBLE,FEASIBLE,null,0.005741,0.018623,0.001288,False
703931,3,3,"[2,1,1]","[1,1,2]","[[0,1],[0],[0]]",UNSAT,UNSAT,UNSAT,"[0, 1]",0.012269,0.029008,0.002127,False
703932,6,3,"[1,2,1,1,2,1]","[2,3,1]","[[1],[0,2],[0,1,2],[0,1],[1,2],[0,1,2]]",UNSAT,UNSAT,UNSAT,"[1, 4]",0.035783,0.054132,0.004147,False
703933,1,3,[1],"[2,3,1]",[[1]],FEASIBLE,FEASIBLE,FEASIBLE,null,0.004136,0.011661,0.000742,False
703934,1,4,[1],"[2,3,2,3]","[[0,1,2,3]]",FEASIBLE,FEASIBLE,FEASIBLE,null,0.004319,0.013144,0.001128,False
703935,3,1,"[1,1,1]",[1],"[[0],[0],[0]]",UNSAT,UNSAT,UNSAT,"[0, 1]",0.006794,0.023879,0.00164,False
703936,5,6,"[3,2,2,2,3]","[3,2,3,3,1,3]","[[0,1,3,4,5],[2,3],[0,5],[0,4,5],[1,3,4]]",FEASIBLE,FEASIBLE,FEASIBLE,null,0.146395,0.061574,0.004011,False
703937,2,1,"[1,1]",[2],"[[0],[0]]",FEASIBLE,FEASIBLE,FEASIBLE,null,0.005998,0.013908,0.000673,False
703938,7,6,"[3,1,1,1,1,1,1]","[3,1,1,1,1,2]","[[0,1,2,3],[0,1,2,3,4,5],[0,1,2,3,4,5],[0,3],[2,3],[0,1,2],[3]]",UNSAT,UNSAT,UNSAT,"[0, 4, 6]",0.201461,0.110931,0.007842,False
703939,5,2,"[2,1,1,2,1]","[1,1]","[[0,1],[1],[1],[0,1],[0]]",UNSAT,UNSAT,UNSAT,"[0, 1]",0.012781,0.123809,0.002798,False
703940,5,4,"[3,1,1,1,1]","[3,1,2,3]","[[0,1,2,3],[0,1,2,3],[1,3],[1],[0,2]]",FEASIBLE,FEASIBLE,FEASIBLE,null,0.105565,0.049591,0.00315,False
703941,1,4,[1],"[2,3,3,2]","[[0,1,2,3]]",FEASIBLE,FEASIBLE,FEASIBLE,null,0.004795,0.013841,0.00106,False
703942,7,2,"[1,1,1,1,1,1,1]","[3,3]","[[0,1],[0],[0],[0],[0,1],[1],[0,1]]",UNSAT,UNSAT,UNSAT,"[0, 1, 2, 3, 4, 5, 6]",0.270143,0.049765,0.003656,False
703943,2,6,"[1,2]","[2,2,2,2,1,1]","[[0,1,2,4,5],[1,3]]",FEASIBLE,FEASIBLE,FEASIBLE,null,0.01583,0.023085,0.001673,False
703944,3,2,"[1,2,1]","[2,3]","[[0],[0,1],[0]]",UNSAT,UNSAT,UNSAT,"[0, 1, 2]",0.015607,0.029019,0.002074,False
703945,5,6,"[1,3,3,1,3]","[1,2,3,3,2,1]","[[0,3,5],[1,2,4],[0,1,2,3,5],[1,2,3,5],[0,1,2,3,4,5]]",FEASIBLE,FEASIBLE,FEASIBLE,null,0.150709,0.125737,0.004063,False
703946,5,2,"[1,2,1,1,1]","[2,2]","[[0,1],[0,1],[0],[0,1],[1]]",UNSAT,UNSAT,UNSAT,"[0, 1, 2, 3]",0.055318,0.043239,0.003057,False
703947,1,5,[1],"[1,2,1,3,3]",[[4]],FEASIBLE,FEASIBLE,FEASIBLE,null,0.005251,0.012641,0.000849,False
703948,4,3,"[2,1,1,1]","[2,3,1]","[[0,1],[1,2],[0,1],[2]]",FEASIBLE,FEASIBLE,FEASIBLE,null,0.040948,0.026776,0.001776,False
703949,6,7,"[1,1,1,3,2,1]","[3,1,2,2,1,2,2]","[[0,3,5,6],[2,4,6],[0,2,4],[1,2,4,5,6],[0,1,3,5,6],[0,1,3,4]]",FEASIBLE,FEASIBLE,FEASIBLE,null,0.383477,0.060495,0.004278,False
703950,2,5,"[1,2]","[2,1,1,1,3]","[[0,1,2,3,4],[1,2,3]]",FEASIBLE,FEASIBLE,FEASIBLE,null,0.013147,0.024761,0.00174,False
703951,7,4,"[1,3,1,1,2,1,1]","[2,3,2,3]","[[0,1],[0,1,3],[0],[1,2,3],[0,1,2,3],[0,2],[2]]",FEASIBLE,FEASIBLE,FEASIBLE,null,0.457746,0.238211,0.005071,False
703952,1,6,[1],"[1,3,1,2,3,3]","[[2,4]]",FEASIBLE,FEASIBLE,FEASIBLE,null,0.006305,0.013454,0.000964,False
703953,6,2,"[2,1,1,2,1,2]","[1,2]","[[0,1],[0,1],[0],[0,1],[0,1],[0,1]]",UNSAT,UNSAT,UNSAT,"[0, 2]",0.017319,0.047919,0.00326,False
703954,1,4,[1],"[3,2,2,2]",[[2]],FEASIBLE,FEASIBLE,FEASIBLE,null,0.004897,0.011725,0.000747,False
703955,7,6,"[3,1,3,3,1,1,2]","[2,3,2,1,3,3]","[[0,1,2,3,5],[0],[0,1,2,3,5],[0,1,2,5],[2,3,4,5],[5],[0,1,2,3,4,5]]",UNSAT,UNSAT,UNSAT,"[0, 1, 2, 3, 5, 6]",0.637204,0.087293,0.006924,False
703956,1,5,[1],"[2,2,1,3,2]","[[0,3]]",FEASIBLE,FEASIBLE,FEASIBLE,null,0.005404,0.013825,0.000895,False
703957,2,5,"[1,1]","[3,3,1,1,1]","[[0,1,3,4],[0,3,4]]",FEASIBLE,FEASIBLE,FEASIBLE,null,0.012956,0.018999,0.001567,False
703958,6,6,"[2,2,3,2,2,3]","[1,2,3,1,2,3]","[[1,2,3,4,5],[0,1,4,5],[0,1,2,3,4,5],[0,1,4,5],[1,3,5],[1,2,3,5]]",UNSAT,UNSAT,UNSAT,"[1, 2, 3, 4, 5]",0.306289,0.081933,0.008183,False
703959,7,7,"[1,2,1,1,1,1,2]","[1,1,1,3,3,1,1]","[[0,1,2,3,4,5,6],[2,4,5,6],[3,6],[2,4,6],[0,1,2,4,6],[1,2,3,4,5,6],[0,1,2,3,4,5,6]]",FEASIBLE,FEASIBLE,FEASIBLE,null,0.76633,0.062496,0.005781,False
703960,6,6,"[1,2,1,1,1,1]","[2,2,3,2,1,3]","[[4],[1,2,3,5],[0,2,3,4,5],[0],[0,3],[2,3,4,5]]",FEASIBLE,FEASIBLE,FEASIBLE,null,0.308253,0.134544,0.003432,False
703961,2,3,"[1,1]","[3,1,1]","[[0,1],[0]]",FEASIBLE,FEASIBLE,FEASIBLE,null,0.010475,0.016488,0.001149,False
703962,7,2,"[1,1,2,1,1,2,1]","[1,1]","[[0,1],[1],[0,1],[0,1],[1],[0,1],[0,1]]",UNSAT,UNSAT,UNSAT,"[0, 2]",0.017674,0.048598,0.003675,False
703963,7,2,"[1,1,2,1,2,1,1]","[1,2]","[[0],[0,1],[0,1],[0,1],[0,1],[0],[1]]",UNSAT,UNSAT,UNSAT,"[0, 2]",0.020346,0.049209,0.003502,False
703964,2,5,"[1,2]","[2,1,1,1,1]","[[0,2,3,4],[2,4]]",FEASIBLE,FEASIBLE,FEASIBLE,null,0.013157,0.021795,0.001676,False
703965,4,3,"[2,2,2,2]","[2,1,2]","[[0,1],[0,2],[1,2],[0,1]]",UNSAT,UNSAT,UNSAT,"[0, 2]",0.016665,0.04161,0.00316,False
703966,4,7,"[2,1,2,1]","[3,2,2,2,1,3,2]","[[0,4],[0,1,3,4,5,6],[0,1,2,3,4,6],[0,1,2,3,4,5,6]]",FEASIBLE,FEASIBLE,FEASIBLE,null,0.080303,0.040279,0.003579,False
703967,3,4,"[1,1,1]","[1,2,1,1]","[[1,2,3],[3],[0]]",FEASIBLE,FEASIBLE,FEASIBLE,null,0.024285,0.020854,0.001536,False
703968,1,2,[1],"[1,2]","[[0,1]]",FEASIBLE,FEASIBLE,FEASIBLE,null,0.003509,0.01065,0.000757,False
703969,4,2,"[1,1,1,2]","[2,1]","[[0,1],[0],[0,1],[0,1]]",UNSAT,UNSAT,UNSAT,"[0, 1, 3]",0.026238,0.036269,0.002589,False
703970,7,1,"[1,1,1,1,1,1,1]",[3],"[[0],[0],[0],[0],[0],[0],[0]]",UNSAT,UNSAT,UNSAT,"[0, 1, 2, 3]",0.083284,0.041048,0.002422,False
703971,7,2,"[1,2,1,1,2,2,2]","[3,1]","[[0],[0,1],[0,1],[1],[0,1],[0,1],[0,1]]",UNSAT,UNSAT,UNSAT,"[1, 3]",0.028912,0.050674,0.003517,False
703972,7,6,"[3,1,2,2,1,3,3]","[2,1,3,2,2,2]","[[0,1,2,3,4,5],[1,2,4],[1,5],[0,4],[0],[0,1,2],[0,1,3,5]]",UNSAT,UNSAT,UNSAT,"[2, 5]",0.091528,0.181478,0.006978,False
703973,6,7,"[1,2,2,2,2,3]","[1,2,1,3,2,1,1]","[[0,3,4,5,6],[3,4,6],[0,1,2,3,4,5,6],[0,1,3,6],[1,2,4,6],[0,1,2,4,5,6]]",UNSAT,UNSAT,UNSAT,"[0, 1, 2, 3, 4, 5]",0.397071,0.130208,0.009282,False
703974,5,4,"[1,1,1,3,1]","[3,1,2,1]","[[1],[0],[0,3],[0,1,2,3],[2,3]]",FEASIBLE,FEASIBLE,FEASIBLE,null,0.107321,0.036018,0.002514,False
703975,3,1,"[1,1,1]",[1],"[[0],[0],[0]]",UNSAT,UNSAT,UNSAT,"[0, 1]",0.006987,0.024547,0.001655,False
703976,4,6,"[1,1,1,1]","[3,2,3,2,3,3]","[[1],[0,2,3],[1],[1]]",UNSAT,UNSAT,UNSAT,"[0, 2, 3]",0.057772,0.034015,0.002593,False
703977,4,4,"[1,3,3,2]","[3,3,3,1]","[[0,1,2,3],[0,2,3],[0,1,2],[2,3]]",UNSAT,UNSAT,UNSAT,"[1, 3]",0.029443,0.045885,0.003362,False
703978,6,6,"[2,1,2,1,2,2]","[2,1,1,2,2,2]","[[0,1,3,4,5],[4,5],[0,1,2,3,5],[4],[0,1,4],[0,1,4,5]]",FEASIBLE,FEASIBLE,FEASIBLE,null,0.38001,0.07156,0.005115,False
703979,6,7,"[3,1,1,1,1,3]","[1,2,2,3,3,1,1]","[[0,1,2,3,4,5,6],[0,1,2,3,4,5,6],[0,1,2,3,4,5,6],[3],[0,1,3,5,6],[3,4,5,6]]",FEASIBLE,FEASIBLE,FEASIBLE,null,0.351199,0.061337,0.005565,False
703980,5,6,"[1,3,1,2,2]","[3,1,1,3,2,1]","[[4],[0,1,2,3,4,5],[4],[3,5],[0,1,2,3]]",FEASIBLE,FEASIBLE,FEASIBLE,null,0.14834,0.059288,0.003236,False
703981,7,4,"[1,3,3,1,2,1,1]","[3,1,1,1]","[[0],[0,1,2,3],[0,1,2,3],[0],[0,1,2],[0],[2]]",UNSAT,UNSAT,UNSAT,"[1, 2]",0.043391,0.152526,0.005052,False
703982,3,7,"[3,1,3]","[3,1,2,3,1,2,2]","[[3,5,6],[2],[0,1,3,4,6]]",FEASIBLE,FEASIBLE,FEASIBLE,null,0.037378,0.033581,0.002476,False
703983,3,3,"[1,1,2]","[2,2,1]","[[0],[1],[0,2]]",FEASIBLE,FEASIBLE,FEASIBLE,null,0.019901,0.021855,0.001568,False
703984,4,6,"[1,3,1,1]","[1,1,1,3,1,3]","[[2,4],[0,1,2,3,4,5],[1,2,4,5],[0,1,2,3,4,5]]",FEASIBLE,FEASIBLE,FEASIBLE,null,0.072976,0.041801,0.00357,False
703985,4,6,"[1,2,3,1]","[1,1,3,2,2,2]","[[2],[1,4],[2,4,5],[1,3,4]]",FEASIBLE,FEASIBLE,FEASIBLE,null,0.069499,0.034058,0.002377,False
703986,4,5,"[1,1,3,1]","[2,1,2,3,2]","[[0,1,3,4],[0],[0,1,2,3,4],[1,2,3]]",FEASIBLE,FEASIBLE,FEASIBLE,null,0.06093,0.035354,0.002709,False
703987,2,7,"[1,3]","[1,3,1,2,2,2,1]","[[3,6],[0,3,6]]",FEASIBLE,FEASIBLE,FEASIBLE,null,0.016856,0.02301,0.001631,False
703988,6,1,"[1,1,1,1,1,1]",[3],"[[0],[0],[0],[0],[0],[0]]",UNSAT,UNSAT,UNSAT,"[0, 1, 2, 3]",0.054735,0.038344,0.002533,False
703989,4,2,"[1,1,1,1]","[3,2]","[[0,1],[1],[0],[0]]",FEASIBLE,FEASIBLE,FEASIBLE,null,0.031761,0.022402,0.001502,False
703990,2,7,"[1,3]","[1,2,1,1,1,1,1]","[[2,3,4,5],[0,1,5]]",FEASIBLE,FEASIBLE,FEASIBLE,null,0.016767,0.024853,0.001955,False
703991,7,6,"[1,1,1,3,1,1,2]","[3,3,1,3,3,3]","[[0,1,2,3,4,5],[3,4,5],[5],[0,1,2,3,4,5],[2,3,4],[4],[0,5]]",FEASIBLE,FEASIBLE,FEASIBLE,null,0.652798,0.065274,0.003972,False
703992,4,1,"[1,1,1,1]",[3],"[[0],[0],[0],[0]]",UNSAT,UNSAT,UNSAT,"[0, 1, 2, 3]",0.022444,0.115652,0.00191,False
703993,3,1,"[1,1,1]",[3],"[[0],[0],[0]]",FEASIBLE,FEASIBLE,FEASIBLE,null,0.011391,0.018175,0.00109,False
703994,7,7,"[2,2,2,1,1,3,2]","[2,2,2,2,3,1,2]","[[3,6],[1,6],[0,2,3],[3],[1],[2,5,6],[0,1,2,3,5,6]]",UNSAT,UNSAT,UNSAT,"[0, 1, 5]",0.162451,0.074184,0.006121,False
703995,3,1,"[1,1,1]",[3],"[[0],[0],[0]]",FEASIBLE,FEASIBLE,FEASIBLE,null,0.011127,0.017316,0.000945,False
703996,3,5,"[3,2,1]","[2,2,3,2,2]","[[1,2,4],[0,2,3,4],[1,2,4]]",FEASIBLE,FEASIBLE,FEASIBLE,null,0.028396,0.030421,0.002197,False
703997,4,6,"[1,3,2,2]","[1,2,3,2,3,1]","[[0,1,3,4],[0,1,5],[1,2,3,4,5],[1,2,3,4,5]]",FEASIBLE,FEASIBLE,FEASIBLE,null,0.070682,0.05851,0.004322,False
703998,5,4,"[3,2,2,3,2]","[2,2,1,2]","[[0,1,2,3],[0,1,2],[1,2,3],[0,1,3],[1,3]]",UNSAT,UNSAT,UNSAT,"[0, 1, 3]",0.056065,0.067763,0.004963,False
703999,5,1,"[1,1,1,1,1]",[3],"[[0],[0],[0],[0],[0]]",UNSAT,UNSAT,UNSAT,"[0, 1, 2, 3]",0.036206,0.034634,0.002246,False
704000,3,3,"[1,1,1]","[3,1,3]","[[0],[0,2],[1]]",FEASIBLE,FEASIBLE,FEASIBLE,null,0.020203,0.020183,0.001451,False
704001,3,1,"[1,1,1]",[3],"[[0],[0],[0]]",FEASIBLE,FEASIBLE,FEASIBLE,null,0.01121,0.017397,0.00087,False
704002,7,7,"[2,3,2,1,1,2,3]","[3,2,2,1,1,2,1]","[[0,1],[0,1,2,3,4,5,6],[1,2,3,5],[5],[6],[1,2,3,4],[0,1,3,4,5,6]]",UNSAT,UNSAT,UNSAT,"[0, 1, 2, 3, 5, 6]",0.725857,0.087431,0.00722,False
704003,1,3,[2],"[2,3,3]","[[0,1]]",FEASIBLE,FEASIBLE,FEASIBLE,null,0.004271,0.016949,0.001027,False
704004,4,6,"[1,2,3,1]","[1,1,3,3,2,2]","[[0,2],[0,1,2,3,4,5],[0,1,2,3,5],[1,2,3,5]]",FEASIBLE,FEASIBLE,FEASIBLE,null,0.070529,0.132554,0.00331,False
704005,1,3,[1],"[1,2,1]",[[2]],FEASIBLE,FEASIBLE,FEASIBLE,null,0.004188,0.010848,0.000744,False
704006,7,6,"[1,2,2,2,3,3,2]","[1,2,2,3,1,3]","[[0,3],[0,1,3,4,5],[0,2,3],[3,5],[0,2,5],[0,1,2,3,5],[0,1,2,3,5]]",UNSAT,UNSAT,UNSAT,"[0, 2, 3, 4, 5]",0.532825,0.115311,0.017284,False
704007,6,4,"[1,3,1,3,1,1]","[3,1,2,3]","[[0,1,2,3],[0,1,2,3],[0,1,2,3],[0,1,2],[0,1,2,3],[0,2,3]]",UNSAT,UNSAT,UNSAT,"[0, 1, 2, 3, 4, 5]",0.21494,0.089367,0.008437,False
704008,4,3,"[1,1,1,1]","[3,1,1]","[[1,2],[2],[0,1,2],[0,1,2]]",FEASIBLE,FEASIBLE,FEASIBLE,null,0.041103,0.026113,0.002385,False
704009,2,7,"[1,3]","[1,2,2,1,1,1,3]","[[0,1,3,4,5,6],[0,1,2,3,5]]",FEASIBLE,FEASIBLE,FEASIBLE,null,0.01659,0.028412,0.002814,False
704010,5,6,"[1,1,1,1,2]","[1,2,3,3,1,2]","[[0],[0,1,2,3,5],[4,5],[0],[0,1,2,3,4,5]]",UNSAT,UNSAT,UNSAT,"[0, 3]",0.034748,0.045483,0.004676,False
704011,7,6,"[2,3,1,1,2,3,1]","[3,1,1,3,3,1]","[[0,1,4],[0,1,2,3,4,5],[0],[0,1,2,3,4,5],[1,2,4,5],[0,1,2,3,4,5],[4]]",UNSAT,UNSAT,UNSAT,"[0, 1, 2, 4, 5, 6]",0.635943,0.086166,0.008386,False
704012,7,4,"[1,1,1,3,2,2,1]","[3,3,2,3]","[[0,1],[0],[3],[0,1,2,3],[0,1],[0,1,2,3],[0,1,2,3]]",FEASIBLE,FEASIBLE,FEASIBLE,null,0.493201,0.077149,0.005207,False
704013,6,6,"[3,1,3,2,1,1]","[2,2,3,2,1,2]","[[0,3,5],[1,2,4,5],[1,3,4,5],[1,4],[2],[0]]",FEASIBLE,FEASIBLE,FEASIBLE,null,0.396631,0.064409,0.004933,False
704014,4,3,"[2,1,2,2]","[3,2,3]","[[1,2],[0],[0,1,2],[0,1,2]]",FEASIBLE,FEASIBLE,FEASIBLE,null,0.042841,0.03275,0.002159,False
704015,5,5,"[3,1,1,1,2]","[3,3,2,3,1]","[[0,1,2,3,4],[1],[3],[0,2],[0,2,3]]",FEASIBLE,FEASIBLE,FEASIBLE,null,0.12841,0.058828,0.002788,False
704016,6,4,"[1,2,3,3,1,1]","[1,3,3,3]","[[0],[2,3],[0,1,2],[0,1,2],[0,3],[0,1,2,3]]",UNSAT,UNSAT,UNSAT,"[0, 2]",0.025869,0.059875,0.004809,False
704017,2,4,"[1,1]","[1,2,3,1]","[[0,1,2,3],[0]]",FEASIBLE,FEASIBLE,FEASIBLE,null,0.011628,0.024857,0.002083,False
704018,7,7,"[1,1,1,1,1,2,1]","[2,2,1,2,2,2,1]","[[0,4,5],[2,3,5],[3,5],[1,2,3],[1],[0,3,4,5,6],[0]]",FEASIBLE,FEASIBLE,FEASIBLE,null,0.802457,0.058857,0.004912,False
704019,7,4,"[3,1,1,3,1,1,2]","[1,2,1,3]","[[0,1,3],[0],[1,3],[0,2,3],[0,1,2],[1,2,3],[0,2]]",UNSAT,UNSAT,UNSAT,"[0, 1]",0.02573,0.067276,0.006321,False
704020,1,5,[1],"[1,2,1,3,2]",[[4]],FEASIBLE,FEASIBLE,FEASIBLE,null,0.005273,0.012856,0.001035,False
704021,6,3,"[1,1,3,1,2,3]","[3,1,3]","[[2],[2],[0,1,2],[0,2],[0,1,2],[0,1,2]]",UNSAT,UNSAT,UNSAT,"[2, 5]",0.045814,0.055473,0.0047,False
704022,5,7,"[3,3,1,2,3]","[1,2,3,2,1,3,2]","[[0,1,2,4,5,6],[4,5,6],[0,1,2,3,4,5,6],[1,6],[0,1,2,3,4,5]]",FEASIBLE,FEASIBLE,FEASIBLE,null,0.171546,0.157052,0.005707,False
704023,3,7,"[3,1,2]","[3,1,2,3,3,2,1]","[[0,2,3,6],[0],[3,5]]",FEASIBLE,FEASIBLE,FEASIBLE,null,0.037639,0.030135,0.00231,False
704024,4,6,"[1,2,1,2]","[2,1,3,2,2,1]","[[4],[1,5],[0,2,3,4,5],[0,4]]",FEASIBLE,FEASIBLE,FEASIBLE,null,0.085166,0.034037,0.002621,False
704025,3,4,"[1,1,2]","[1,3,3,2]","[[1,2,3],[1,3],[0,1,2,3]]",FEASIBLE,FEASIBLE,FEASIBLE,null,0.024834,0.025006,0.002171,False
704026,3,6,"[2,1,3]","[1,2,2,2,1,1]","[[0,1,2,3],[2],[0,1,3,4,5]]",FEASIBLE,FEASIBLE,FEASIBLE,null,0.049774,0.033916,0.002427,False
704027,6,5,"[1,1,2,1,1,1]","[1,3,2,1,2]","[[0,2,3,4],[3,4],[1,2,3,4],[1,2],[1],[0,1,2,3,4]]",FEASIBLE,FEASIBLE,FEASIBLE,null,0.267438,0.042201,0.0038,False
704028,7,7,"[3,3,2,3,2,3,2]","[2,3,3,3,1,1,3]","[[0,3,4,6],[0,3,5],[2,4],[0,1,2,3,5,6],[0,2,4,5,6],[1,2,3,5],[0,1,2,3,4,5,6]]",UNSAT,UNSAT,UNSAT,"[0, 1, 2, 3, 4, 5]",0.710722,0.131566,0.011297,False
704029,5,1,"[1,1,1,1,1]",[1],"[[0],[0],[0],[0],[0]]",UNSAT,UNSAT,UNSAT,"[0, 1]",0.009282,0.032607,0.00294,False
704030,1,7,[1],"[2,1,1,3,1,1,2]",[[3]],FEASIBLE,FEASIBLE,FEASIBLE,null,0.006245,0.01359,0.001085,False
704031,4,6,"[1,2,1,3]","[3,3,2,3,3,3]","[[3],[0,2,3,4],[1],[0,3,5]]",FEASIBLE,FEASIBLE,FEASIBLE,null,0.070025,0.035606,0.002438,False
704032,1,6,[1],"[2,3,1,2,1,2]","[[0,1,2,3,4,5]]",FEASIBLE,FEASIBLE,FEASIBLE,null,0.005725,0.018116,0.001458,False
704033,6,7,"[1,1,1,3,1,2]","[3,2,3,2,2,3,1]","[[0,2],[2,4,6],[0,2,3,4,5],[1,2,3,4,5],[1,2,5,6],[0,2,3,4,5]]",FEASIBLE,FEASIBLE,FEASIBLE,null,0.372718,0.13388,0.00454,False
704034,1,2,[1],"[1,3]",[[0]],FEASIBLE,FEASIBLE,FEASIBLE,null,0.003733,0.011035,0.000829,False
704035,5,3,"[2,1,1,2,1]","[2,1,1]","[[0,1],[2],[2],[0,1,2],[0,1,2]]",UNSAT,UNSAT,UNSAT,"[1, 2]",0.026414,0.046398,0.003938,False
704036,4,5,"[1,1,2,3]","[2,3,2,2,3]","[[1,2,3,4],[0,4],[0,1,2,3,4],[0,1,2,3,4]]",FEASIBLE,FEASIBLE,FEASIBLE,null,0.060879,0.038081,0.003215,False
704037,6,2,"[1,2,1,1,1,1]","[2,1]","[[1],[0,1],[0,1],[0],[1],[0,1]]",UNSAT,UNSAT,UNSAT,"[0, 1]",0.014864,0.043442,0.003702,False
704038,1,4,[1],"[1,3,1,2]","[[0,1,2,3]]",FEASIBLE,FEASIBLE,FEASIBLE,null,0.020973,0.016276,0.001132,False
704039,3,3,"[2,2,2]","[1,2,1]","[[0,1],[0,2],[1,2]]",UNSAT,UNSAT,UNSAT,"[0, 1]",0.011834,0.035886,0.002928,False
704040,6,7,"[1,2,1,3,2,1]","[2,3,1,3,2,1,3]","[[1,4,5,6],[0,3,5,6],[0,2,6],[0,1,4,6],[1,2,3,4,5,6],[4]]",FEASIBLE,FEASIBLE,FEASIBLE,null,0.352351,0.051919,0.003976,False
704041,3,4,"[2,1,1]","[1,2,2,3]","[[0,1,2,3],[2],[0]]",FEASIBLE,FEASIBLE,FEASIBLE,null,0.024192,0.032205,0.002275,False
704042,2,5,"[1,3]","[1,2,1,3,1]","[[1,3,4],[0,2,3]]",FEASIBLE,FEASIBLE,FEASIBLE,null,0.013044,0.022677,0.001693,False
704043,5,5,"[1,1,3,2,1]","[3,1,2,1,2]","[[1,4],[0,1,2,3,4],[0,1,3],[0,1,2,3,4],[0,1,3,4]]",FEASIBLE,FEASIBLE,FEASIBLE,null,0.126053,0.064219,0.004781,False
704044,4,1,"[1,1,1,1]",[1],"[[0],[0],[0],[0]]",UNSAT,UNSAT,UNSAT,"[0, 1]",0.008491,0.10843,0.002233,False
704045,4,7,"[2,1,1,1]","[3,3,1,2,3,2,3]","[[0,3],[2,4],[5],[5]]",FEASIBLE,FEASIBLE,FEASIBLE,null,0.091872,0.02958,0.001953,False
704046,6,1,"[1,1,1,1,1,1]",[1],"[[0],[0],[0],[0],[0],[0]]",UNSAT,UNSAT,UNSAT,"[0, 1]",0.010675,0.035945,0.00262,False
704047,3,3,"[1,2,2]","[3,3,3]","[[0,1,2],[0,1],[1,2]]",FEASIBLE,FEASIBLE,FEASIBLE,null,0.019851,0.02589,0.001783,False
704048,2,5,"[3,2]","[2,3,3,1,1]","[[0,1,3],[1,2,3,4]]",FEASIBLE,FEASIBLE,FEASIBLE,null,0.01305,0.025447,0.001848,False
704049,3,5,"[1,2,2]","[3,1,2,1,1]","[[4],[0,1,2,3],[0,1]]",FEASIBLE,FEASIBLE,FEASIBLE,null,0.028358,0.034713,0.00252,False
704050,5,3,"[2,1,2,2,1]","[2,1,1]","[[0,2],[0,1,2],[0,1,2],[1,2],[2]]",UNSAT,UNSAT,UNSAT,"[0, 3]",0.021039,0.04706,0.003703,False
704051,7,4,"[1,3,1,1,1,1,2]","[1,3,3,3]","[[1,2],[0,1,2,3],[1,2,3],[3],[3],[2],[0,1,2,3]]",FEASIBLE,FEASIBLE,FEASIBLE,null,0.449577,0.048658,0.003396,False
704052,6,4,"[3,1,1,1,2,1]","[3,1,3,2]","[[0,1,3],[1,2],[1],[0,1,2],[0,2,3],[0,1,2,3]]",UNSAT,UNSAT,UNSAT,"[0, 2]",0.025365,0.054474,0.004168,False
704053,4,5,"[3,3,2,2]","[3,3,2,3,1]","[[0,1,2,4],[1,3,4],[1,2,3,4],[0,2,3,4]]",FEASIBLE,FEASIBLE,FEASIBLE,null,0.060934,0.04367,0.003002,False
704054,4,6,"[2,2,3,1]","[2,3,2,2,1,2]","[[3,4,5],[0,1,2,4],[0,1,2,3,4,5],[4,5]]",FEASIBLE,FEASIBLE,FEASIBLE,null,0.070962,0.040316,0.003092,False
704055,4,5,"[2,1,1,1]","[2,2,3,2,3]","[[0,2,3,4],[3],[0,3,4],[0]]",FEASIBLE,FEASIBLE,FEASIBLE,null,0.059298,0.11833,0.002572,False
704056,4,2,"[1,1,1,1]","[2,2]","[[0],[1],[1],[0]]",FEASIBLE,FEASIBLE,FEASIBLE,null,0.032061,0.022179,0.001477,False
704057,4,6,"[3,2,1,1]","[3,2,2,2,2,3]","[[0,1,3,4,5],[0,1,3,5],[1],[2]]",FEASIBLE,FEASIBLE,FEASIBLE,null,0.070424,0.044649,0.003094,False
704058,5,4,"[2,2,1,1,1]","[2,1,3,3]","[[2,3],[1,2],[1],[1],[3]]",UNSAT,UNSAT,UNSAT,"[1, 2]",0.044637,0.04257,0.002945,False
704059,1,7,[1],"[1,1,2,1,3,1,1]",[[1]],FEASIBLE,FEASIBLE,FEASIBLE,null,0.006527,0.013697,0.00101,False
704060,4,6,"[3,1,2,3]","[1,2,1,2,1,2]","[[0,1,2,3,4,5],[0,1,3,4],[0,1,2,3,4,5],[0,3,4,5]]",FEASIBLE,FEASIBLE,FEASIBLE,null,0.070819,0.062392,0.004625,False
704061,4,1,"[1,1,1,1]",[1],"[[0],[0],[0],[0]]",UNSAT,UNSAT,UNSAT,"[0, 1]",0.007908,0.028662,0.001984,False
704062,2,3,"[1,2]","[3,2,2]","[[0,1,2],[0,1]]",FEASIBLE,FEASIBLE,FEASIBLE,null,0.009436,0.019213,0.001356,False
704063,5,7,"[1,2,3,1,1]","[3,1,1,2,2,1,2]","[[1],[1,4,5],[0,1,3,4,5],[1],[1,6]]",UNSAT,UNSAT,UNSAT,"[0, 3]",0.039238,0.049267,0.003595,False
704064,4,2,"[2,1,2,1]","[3,2]","[[0,1],[0],[0,1],[0]]",UNSAT,UNSAT,UNSAT,"[0, 1, 2, 3]",0.032995,0.036565,0.002661,False
704065,5,6,"[2,1,1,1,1]","[1,2,1,3,3,1]","[[0,1,2,3,4,5],[0,4,5],[0,2,5],[3,4],[1,2,3]]",FEASIBLE,FEASIBLE,FEASIBLE,null,0.148251,0.039188,0.003222,False
704066,7,4,"[3,1,2,1,3,1,1]","[1,2,1,2]","[[0,1,2,3],[0,2],[0,1,2,3],[0],[0,1,2,3],[0,2],[1]]",UNSAT,UNSAT,UNSAT,"[0, 1, 3]",0.092991,0.0703,0.005551,False
704067,5,7,"[3,2,3,2,3]","[1,1,1,2,1,3,3]","[[0,1,3],[0,1,2,3,4,5,6],[0,1,2,3,4,5,6],[5,6],[1,3,4,6]]",UNSAT,UNSAT,UNSAT,"[0, 1, 2, 3, 4]",0.172917,0.116086,0.007933,False
704068,1,2,[2],"[1,1]","[[0,1]]",FEASIBLE,FEASIBLE,FEASIBLE,null,0.003995,0.014796,0.000909,False
704069,6,3,"[1,3,2,3,1,3]","[3,1,3]","[[1,2],[0,1,2],[1,2],[0,1,2],[1],[0,1,2]]",UNSAT,UNSAT,UNSAT,"[1, 2]",0.031787,0.058016,0.004775,False
704070,6,5,"[1,2,1,1,1,1]","[3,2,2,1,3]","[[4],[2,4],[0,2,3,4],[0,2,4],[2,3],[3]]",FEASIBLE,FEASIBLE,FEASIBLE,null,0.275949,0.038893,0.002782,False
704071,3,5,"[3,3,3]","[3,3,3,3,2]","[[0,2,3,4],[0,1,4],[0,1,2,3,4]]",FEASIBLE,FEASIBLE,FEASIBLE,null,0.028958,0.038013,0.002525,False
704072,2,4,"[1,3]","[2,2,1,3]","[[0,1,2,3],[0,1,3]]",FEASIBLE,FEASIBLE,FEASIBLE,null,0.011418,0.022796,0.001575,False
704073,7,1,"[1,1,1,1,1,1,1]",[2],"[[0],[0],[0],[0],[0],[0],[0]]",UNSAT,UNSAT,UNSAT,"[0, 1, 2]",0.037323,0.041587,0.003318,False
704074,7,2,"[1,2,2,1,1,1,2]","[2,1]","[[0,1],[0,1],[0,1],[1],[1],[0,1],[0,1]]",UNSAT,UNSAT,UNSAT,"[1, 2]",0.02718,0.049753,0.005025,False
704075,7,6,"[2,2,2,1,3,3,1]","[1,1,3,2,2,3]","[[0,1,2,3,4,5],[0,1,2,3,4,5],[0,1,2,3,4,5],[5],[0,2,3,4,5],[0,1,2,3,4,5],[0,2,3]]",UNSAT,UNSAT,UNSAT,"[0, 1, 2, 3, 4, 5]",0.656132,0.098431,0.008702,False
704076,6,6,"[1,3,1,1,3,1]","[2,1,1,2,1,3]","[[5],[1,2,3,5],[0,1,2,3,5],[1,4],[1,2,3],[1]]",UNSAT,UNSAT,UNSAT,"[1, 4]",0.064449,0.208583,0.007082,False
704077,7,3,"[2,1,1,3,2,2,1]","[1,2,1]","[[0,2],[2],[1],[0,1,2],[0,1,2],[0,1],[1]]",UNSAT,UNSAT,UNSAT,"[0, 1]",0.020842,0.0556,0.004302,False
704078,6,5,"[3,2,1,1,2,1]","[1,2,1,1,3]","[[0,1,2,3,4],[0,1,2,3,4],[0,3,4],[0,1,2,4],[0,2],[0]]",UNSAT,UNSAT,UNSAT,"[4, 5]",0.080441,0.094824,0.006904,False
704079,4,7,"[1,1,2,1]","[2,3,3,2,2,3,2]","[[0,1,2,3,4],[0,1,2,3,4,5,6],[0,1,2,3,4,5,6],[0]]",FEASIBLE,FEASIBLE,FEASIBLE,null,0.07958,0.053068,0.003934,False
704080,7,6,"[2,1,3,3,3,2,2]","[1,1,2,2,2,1]","[[0,1,2,3,4,5],[3,5],[1,3,5],[1,2,3,4],[0,1,2,3,4,5],[2,4],[0,1,3,4,5]]",UNSAT,UNSAT,UNSAT,"[1, 2, 3]",0.201382,0.086134,0.007432,False
704081,5,4,"[2,3,1,2,3]","[1,2,1,2]","[[0,1,2],[0,1,2],[3],[0,2,3],[1,2,3]]",UNSAT,UNSAT,UNSAT,"[0, 1]",0.019812,0.054248,0.004292,False
704082,5,6,"[3,3,3,1,2]","[1,3,2,3,1,2]","[[0,1,3,5],[1,2,3,4],[0,1,2],[0,3],[0,1,2,3,4,5]]",FEASIBLE,FEASIBLE,FEASIBLE,null,0.147345,0.074057,0.004946,False
704083,4,2,"[1,1,2,1]","[1,1]","[[1],[1],[0,1],[0,1]]",UNSAT,UNSAT,UNSAT,"[0, 1]",0.010937,0.034504,0.002739,False
704084,5,5,"[3,2,1,1,1]","[3,1,2,3,3]","[[0,1,2,3,4],[2,3],[0,3],[0,1,2,3,4],[1,2,3,4]]",FEASIBLE,FEASIBLE,FEASIBLE,null,0.128763,0.123803,0.00324,False
704085,4,1,"[1,1,1,1]",[1],"[[0],[0],[0],[0]]",UNSAT,UNSAT,UNSAT,"[0, 1]",0.007889,0.028556,0.001772,False
704086,7,5,"[1,3,3,3,3,2,2]","[2,2,3,3,2]","[[0,1,2,3,4],[1,2,3,4],[0,2,4],[0,1,2,3,4],[0,2,3],[1,3,4],[1,2]]",UNSAT,UNSAT,UNSAT,"[0, 1, 2, 3, 4]",0.419886,0.085293,0.006259,False
704087,5,3,"[2,2,1,2,2]","[2,2,2]","[[0,1],[1,2],[2],[0,1,2],[0,1,2]]",UNSAT,UNSAT,UNSAT,"[0, 1, 2, 3]",0.069402,0.060398,0.003579,False
704088,2,1,"[1,1]",[3],"[[0],[0]]",FEASIBLE,FEASIBLE,FEASIBLE,null,0.007756,0.017052,0.000902,False
704089,2,3,"[3,1]","[3,1,3]","[[0,1,2],[0]]",FEASIBLE,FEASIBLE,FEASIBLE,null,0.010775,0.021102,0.001476,False
704090,6,5,"[1,1,1,1,1,2]","[3,2,2,3,2]","[[2],[0,1,3,4],[0,1,2,4],[2],[0,1,3,4],[1,2,3,4]]",FEASIBLE,FEASIBLE,FEASIBLE,null,0.267711,0.042243,0.003366,False
704091,6,2,"[1,1,2,1,2,1]","[1,2]","[[0],[0],[0,1],[1],[0,1],[0,1]]",UNSAT,UNSAT,UNSAT,"[0, 1]",0.014505,0.044045,0.003387,False
704092,5,3,"[1,2,1,2,3]","[1,1,1]","[[1],[0,1],[2],[1,2],[0,1,2]]",UNSAT,UNSAT,UNSAT,"[0, 1]",0.016285,0.042957,0.003271,False
704093,1,3,[1],"[3,3,3]","[[0,1,2]]",FEASIBLE,FEASIBLE,FEASIBLE,null,0.004049,0.012923,0.001081,False
704094,7,5,"[1,1,2,2,2,2,1]","[3,3,2,3,3]","[[0,3,4],[3,4],[3,4],[0,1,2,3,4],[0,3,4],[0,1,2,3,4],[2,3,4]]",FEASIBLE,FEASIBLE,FEASIBLE,null,0.556244,0.055672,0.004039,False
704095,1,5,[2],"[2,1,2,1,1]","[[0,3]]",FEASIBLE,FEASIBLE,FEASIBLE,null,0.005388,0.015113,0.001041,False
704096,2,5,"[2,1]","[1,1,2,1,3]","[[0,2,4],[1]]",FEASIBLE,FEASIBLE,FEASIBLE,null,0.01301,0.104569,0.001449,False
704097,1,5,[3],"[2,3,2,2,1]","[[0,1,3,4]]",FEASIBLE,FEASIBLE,FEASIBLE,null,0.005228,0.017927,0.001239,False
704098,5,3,"[1,1,1,1,1]","[3,1,3]","[[1],[0],[0,1],[1],[0,1,2]]",UNSAT,UNSAT,UNSAT,"[0, 3]",0.020974,0.035963,0.002706,False
704099,6,6,"[1,2,1,2,3,3]","[1,2,1,1,3,3]","[[0,1,2,4,5],[0,1,3,4,5],[0,1,2,4],[1,4,5],[0,1,3,4,5],[0,1,2,3,4,5]]",UNSAT,UNSAT,UNSAT,"[0, 1, 2, 3, 4, 5]",0.308214,0.084514,0.007247,False
704100,7,1,"[1,1,1,1,1,1,1]",[3],"[[0],[0],[0],[0],[0],[0],[0]]",UNSAT,UNSAT,UNSAT,"[0, 1, 2, 3]",0.085295,0.041755,0.00293,False
704101,7,7,"[1,1,2,1,1,1,3]","[3,2,2,3,1,1,2]","[[0,4],[0,1,2,3,4,5],[0,6],[5],[1,2,3,4,6],[0,1,2,5,6],[0,1,2,3,4,5,6]]",FEASIBLE,FEASIBLE,FEASIBLE,null,0.734042,0.061731,0.004806,False
704102,1,2,[1],"[1,2]",[[0]],FEASIBLE,FEASIBLE,FEASIBLE,null,0.003603,0.010272,0.000766,False
704103,6,7,"[1,1,1,3,1,1]","[3,2,1,3,2,3,3]","[[3,4,5,6],[0,1,2,3,4,5,6],[4],[0,1,2,5,6],[0,1,2,3,5,6],[4]]",FEASIBLE,FEASIBLE,FEASIBLE,null,0.35585,0.049073,0.003927,False
704104,7,1,"[1,1,1,1,1,1,1]",[3],"[[0],[0],[0],[0],[0],[0],[0]]",UNSAT,UNSAT,UNSAT,"[0, 1, 2, 3]",0.099295,0.04269,0.004188,False
704105,7,3,"[2,1,3,1,1,1,2]","[1,3,3]","[[0,1,2],[1,2],[0,1,2],[1],[0,1,2],[2],[0,2]]",UNSAT,UNSAT,UNSAT,"[2, 6]",0.05507,0.063554,0.006698,False
704106,4,2,"[1,1,1,1]","[2,3]","[[0,1],[0],[1],[0]]",FEASIBLE,FEASIBLE,FEASIBLE,null,0.031195,0.116531,0.002092,False
704107,7,7,"[1,1,3,1,3,2,2]","[2,3,1,3,3,2,3]","[[0,2,3,5],[1,4,6],[0,1,2,3,4,5,6],[1,3],[0,1,2,3,4,5,6],[0,2,3,4,5,6],[0,3,5]]",FEASIBLE,FEASIBLE,FEASIBLE,null,0.751894,0.067792,0.005639,False
704108,4,3,"[3,1,1,2]","[1,2,2]","[[0,1,2],[1,2],[0,1],[0,1,2]]",UNSAT,UNSAT,UNSAT,"[0, 1, 3]",0.032711,0.044564,0.004228,False
704109,6,7,"[2,1,2,1,3,1]","[3,1,1,1,3,2,2]","[[0,1,3,5,6],[0,3,4,6],[3,4],[0,2,3,4,5,6],[0,2,3,4,5,6],[6]]",FEASIBLE,FEASIBLE,FEASIBLE,null,0.360909,0.055075,0.004346,False
704110,6,4,"[2,3,1,1,1,1]","[1,3,1,1]","[[1,2],[0,1,2,3],[0],[0],[0,1,2,3],[0,1,2,3]]",UNSAT,UNSAT,UNSAT,"[2, 3]",0.061263,0.062136,0.004923,False
704111,6,4,"[2,1,1,1,1,1]","[2,2,3,1]","[[0,1,2,3],[1,2,3],[0,2],[0,1,2,3],[2,3],[0,1,2,3]]",FEASIBLE,FEASIBLE,FEASIBLE,null,0.260039,0.044967,0.004113,False
704112,5,2,"[1,1,1,1,1]","[3,3]","[[1],[0],[1],[0],[1]]",FEASIBLE,FEASIBLE,FEASIBLE,null,0.065168,0.025221,0.001628,False
704113,5,3,"[1,1,1,1,1]","[1,1,1]","[[0,1],[0],[2],[1,2],[0]]",UNSAT,UNSAT,UNSAT,"[1, 4]",0.030863,0.038188,0.003084,False
704114,5,3,"[1,1,1,1,3]","[2,2,3]","[[0],[2],[0,1,2],[1,2],[0,1,2]]",FEASIBLE,FEASIBLE,FEASIBLE,null,0.084834,0.047556,0.002844,False
704115,4,2,"[1,1,1,1]","[3,2]","[[0,1],[1],[0],[1]]",FEASIBLE,FEASIBLE,FEASIBLE,null,0.031526,0.024301,0.001479,False
704116,7,2,"[1,1,2,2,1,1,2]","[2,3]","[[1],[0],[0,1],[0,1],[0,1],[0,1],[0,1]]",UNSAT,UNSAT,UNSAT,"[1, 2, 3]",0.101236,0.209242,0.003859,False
704117,6,6,"[2,2,1,3,3,3]","[3,1,3,1,1,1]","[[0,2],[2,3],[0],[0,1,2,3],[1,2,3],[0,3,4]]",UNSAT,UNSAT,UNSAT,"[1, 4]",0.06347,0.065548,0.004943,False
704118,2,1,"[1,1]",[1],"[[0],[0]]",UNSAT,UNSAT,UNSAT,"[0, 1]",0.005934,0.021405,0.001448,False
704119,1,1,[1],[3],[[0]],FEASIBLE,FEASIBLE,FEASIBLE,null,0.002771,0.009889,0.000641,False
704120,1,3,[1],"[3,2,1]","[[0,2]]",FEASIBLE,FEASIBLE,FEASIBLE,null,0.004015,0.011701,0.000823,False
704121,4,7,"[2,2,1,2]","[1,3,1,3,2,2,2]","[[4,6],[0,1,2,5],[0,1,2,3,4,5,6],[0,4]]",FEASIBLE,FEASIBLE,FEASIBLE,null,0.080255,0.049984,0.003663,False
704122,7,3,"[1,1,3,2,2,1,1]","[3,3,1]","[[2],[1,2],[0,1,2],[0,2],[1,2],[0,2],[0,1]]",UNSAT,UNSAT,UNSAT,"[0, 2]",0.023597,0.060812,0.004796,False
704123,7,1,"[1,1,1,1,1,1,1]",[1],"[[0],[0],[0],[0],[0],[0],[0]]",UNSAT,UNSAT,UNSAT,"[0, 1]",0.011485,0.068136,0.002474,False
704124,1,5,[2],"[3,1,2,3,2]","[[0,1,2,3,4]]",FEASIBLE,FEASIBLE,FEASIBLE,null,0.005576,0.022223,0.001285,False
704125,3,3,"[1,1,1]","[2,3,3]","[[0,1],[1],[0,1]]",FEASIBLE,FEASIBLE,FEASIBLE,null,0.020074,0.020393,0.001359,False
704126,2,5,"[3,1]","[1,2,3,2,1]","[[2,3,4],[1,2,3,4]]",FEASIBLE,FEASIBLE,FEASIBLE,null,0.013199,0.024492,0.001831,False
704127,3,6,"[2,1,1]","[3,3,1,1,1,1]","[[0,2,4,5],[1,2,3,4,5],[2,4]]",FEASIBLE,FEASIBLE,FEASIBLE,null,0.03333,0.029564,0.002788,False
704128,4,6,"[1,1,1,2]","[2,2,3,1,1,2]","[[1,2,3,4,5],[0,3,4],[0,1,2,3,4,5],[4,5]]",FEASIBLE,FEASIBLE,FEASIBLE,null,0.071819,0.113177,0.003531,False
704129,1,7,[2],"[3,1,3,1,3,1,2]","[[1,2,5,6]]",FEASIBLE,FEASIBLE,FEASIBLE,null,0.006678,0.017193,0.001327,False
704130,1,1,[1],[3],[[0]],FEASIBLE,FEASIBLE,FEASIBLE,null,0.002717,0.009306,0.00064,False
704131,5,1,"[1,1,1,1,1]",[2],"[[0],[0],[0],[0],[0]]",UNSAT,UNSAT,UNSAT,"[0, 1, 2]",0.021715,0.032397,0.002175,False
704132,6,4,"[3,1,2,1,2,2]","[3,3,3,3]","[[0,1,2,3],[1],[0,1],[0,1,2,3],[2,3],[0,1,2,3]]",FEASIBLE,FEASIBLE,FEASIBLE,null,0.220319,0.049809,0.003458,False
704133,5,4,"[3,1,2,1,1]","[2,3,3,3]","[[1,2,3],[0],[1,2,3],[1],[0,1,2]]",FEASIBLE,FEASIBLE,FEASIBLE,null,0.105556,0.03665,0.002562,False
704134,4,5,"[3,2,3,2]","[1,3,1,3,1]","[[0,1,3],[0,1,2,3,4],[0,1,2,3,4],[3,4]]",UNSAT,UNSAT,UNSAT,"[0, 1, 2, 3]",0.060552,0.058037,0.004805,False
704135,1,4,[2],"[3,3,3,2]","[[0,1,2,3]]",FEASIBLE,FEASIBLE,FEASIBLE,null,0.004482,0.016462,0.001179,False
704136,6,3,"[1,1,1,2,2,1]","[3,3,1]","[[0,1,2],[2],[0,2],[0,1,2],[0,2],[2]]",UNSAT,UNSAT,UNSAT,"[1, 4]",0.036413,0.061335,0.004069,False
704137,1,4,[1],"[1,3,3,1]",[[3]],FEASIBLE,FEASIBLE,FEASIBLE,null,0.00476,0.012299,0.000836,False
704138,7,1,"[1,1,1,1,1,1,1]",[2],"[[0],[0],[0],[0],[0],[0],[0]]",UNSAT,UNSAT,UNSAT,"[0, 1, 2]",0.037722,0.040573,0.002341,False
704139,7,4,"[2,3,1,1,1,1,2]","[1,3,3,1]","[[0,2],[0,1,2,3],[0,1,2,3],[2],[0,2,3],[0,1],[1,2]]",UNSAT,UNSAT,UNSAT,"[0, 1, 3, 4]",0.231252,0.083064,0.005416,False
704140,7,6,"[2,1,1,3,2,1,3]","[3,1,3,3,2,3]","[[0,1,3,4,5],[5],[1,5],[0,1,2,3,4],[0,1,3,4,5],[0],[0,2,3,4,5]]",FEASIBLE,FEASIBLE,FEASIBLE,null,0.666184,0.164355,0.006002,False
704141,6,7,"[2,3,1,1,3,1]","[1,1,3,3,1,2,1]","[[2,3,5,6],[1,5,6],[0,1,2,3,4,5,6],[1],[0,1,2,3,4,5,6],[0,1,2,3,4]]",UNSAT,UNSAT,UNSAT,"[1, 3]",0.067366,0.070587,0.00657,False
704142,3,4,"[1,1,2]","[1,3,1,2]","[[1],[0,2,3],[0,1,2]]",FEASIBLE,FEASIBLE,FEASIBLE,null,0.025516,0.026271,0.001753,False
704143,3,3,"[3,2,2]","[1,1,3]","[[0,1,2],[1,2],[1,2]]",UNSAT,UNSAT,UNSAT,"[0, 1]",0.013567,0.037943,0.002589,False
704144,3,4,"[1,2,1]","[1,2,2,2]","[[0,1],[2,3],[1,2]]",FEASIBLE,FEASIBLE,FEASIBLE,null,0.024289,0.024512,0.001813,False
704145,6,2,"[1,1,1,2,1,1]","[1,2]","[[1],[0,1],[1],[0,1],[1],[0]]",UNSAT,UNSAT,UNSAT,"[3, 5]",0.038668,0.042906,0.003241,False
704146,4,4,"[1,1,1,1]","[3,1,1,1]","[[3],[2,3],[0,3],[0,1,2]]",FEASIBLE,FEASIBLE,FEASIBLE,null,0.053275,0.026254,0.00191,False
704147,1,1,[1],[2],[[0]],FEASIBLE,FEASIBLE,FEASIBLE,null,0.002775,0.010019,0.0006,False
704148,5,7,"[2,1,1,1,1]","[1,3,1,2,3,3,2]","[[0,2],[1,2,3,4,5,6],[5],[6],[0,1,2,3,4,5,6]]",FEASIBLE,FEASIBLE,FEASIBLE,null,0.174494,0.040424,0.003268,False
704149,4,4,"[1,3,1,2]","[1,3,1,3]","[[0],[0,1,2,3],[0],[0,1]]",UNSAT,UNSAT,UNSAT,"[0, 2]",0.02016,0.052588,0.00279,False
704150,2,7,"[2,1]","[2,1,1,2,2,3,3]","[[1,2,3,5,6],[2,4]]",FEASIBLE,FEASIBLE,FEASIBLE,null,0.017804,0.02907,0.001882,False
704151,5,6,"[1,2,1,1,3]","[1,1,3,2,1,2]","[[0,1,2,3,4,5],[0,1,2,3,4],[1,2,3,4],[0,2,4],[1,2,3,4,5]]",FEASIBLE,FEASIBLE,FEASIBLE,null,0.166567,0.135519,0.003896,False
704152,2,3,"[1,1]","[1,1,1]","[[0,1,2],[1]]",FEASIBLE,FEASIBLE,FEASIBLE,null,0.010128,0.017234,0.00129,False
704153,5,7,"[1,2,3,3,3]","[2,3,3,2,1,2,3]","[[0,1,2,6],[0,2,3,5,6],[0,3,4,5],[0,1,3,4,5,6],[0,1,2,3,5,6]]",FEASIBLE,FEASIBLE,FEASIBLE,null,0.175509,0.062131,0.005317,False
704154,3,5,"[1,2,3]","[3,1,2,1,2]","[[0,1,2,3,4],[0,1,2,3,4],[0,1,2,4]]",FEASIBLE,FEASIBLE,FEASIBLE,null,0.029277,0.035054,0.002502,False
704155,7,4,"[1,1,3,1,1,1,3]","[3,2,3,2]","[[1],[2],[0,1,2,3],[2],[1,3],[2],[0,1,2]]",UNSAT,UNSAT,UNSAT,"[1, 3, 5, 6]",0.321282,0.07894,0.005651,False
704156,2,1,"[1,1]",[1],"[[0],[0]]",UNSAT,UNSAT,UNSAT,"[0, 1]",0.006271,0.02201,0.001328,False
704157,4,6,"[1,1,2,3]","[2,3,2,1,3,3]","[[4],[5],[0,1,2,3,4,5],[2,3,4,5]]",FEASIBLE,FEASIBLE,FEASIBLE,null,0.073986,0.037731,0.00246,False
704158,4,7,"[3,3,2,1]","[2,2,2,3,1,3,3]","[[0,3,5,6],[4,5,6],[0,1,2,3,6],[6]]",FEASIBLE,FEASIBLE,FEASIBLE,null,0.083932,0.041962,0.002671,False
704159,6,3,"[3,1,2,1,1,1]","[1,2,3]","[[0,1,2],[2],[0,2],[0,1],[1,2],[2]]",UNSAT,UNSAT,UNSAT,"[0, 2]",0.022542,0.054932,0.003874,False
704160,6,3,"[1,2,1,1,1,3]","[1,2,1]","[[0,1,2],[0,1,2],[0,2],[1,2],[0,2],[0,1,2]]",UNSAT,UNSAT,UNSAT,"[1, 5]",0.039067,0.058648,0.004261,False
704161,3,4,"[2,1,2]","[2,2,3,3]","[[0,1],[0,3],[0,3]]",FEASIBLE,FEASIBLE,FEASIBLE,null,0.023733,0.114809,0.002237,False
704162,5,1,"[1,1,1,1,1]",[1],"[[0],[0],[0],[0],[0]]",UNSAT,UNSAT,UNSAT,"[0, 1]",0.009439,0.032607,0.002098,False
704163,3,2,"[1,1,2]","[2,2]","[[1],[0],[0,1]]",FEASIBLE,FEASIBLE,FEASIBLE,null,0.015947,0.020465,0.001341,False
704164,6,4,"[1,2,1,1,1,2]","[3,3,1,3]","[[1,2,3],[0,2],[0,2],[0,1],[2,3],[0,3]]",FEASIBLE,FEASIBLE,FEASIBLE,null,0.215279,0.056878,0.003399,False
704165,3,2,"[2,1,1]","[1,2]","[[0,1],[0],[0,1]]",UNSAT,UNSAT,UNSAT,"[0, 1]",0.010075,0.02978,0.001944,False
704166,7,5,"[1,2,2,2,1,3,1]","[1,2,3,2,2]","[[0,1,2,3],[0,1,3,4],[0,1,4],[0,1,2,3,4],[0,1,4],[0,2,4],[0,3]]",UNSAT,UNSAT,UNSAT,"[1, 2, 4, 5]",0.364221,0.102441,0.007573,False
704167,3,3,"[1,1,1]","[3,1,1]","[[0,2],[0,1],[0,1,2]]",FEASIBLE,FEASIBLE,FEASIBLE,null,0.02031,0.021465,0.001535,False
704168,6,5,"[3,3,1,3,1,3]","[2,1,1,3,3]","[[0,1,4],[1,2,3,4],[0,2],[0,1,2,3,4],[0,2],[0,1,4]]",UNSAT,UNSAT,UNSAT,"[0, 5]",0.041163,0.068788,0.005338,False
704169,1,1,[1],[2],[[0]],FEASIBLE,FEASIBLE,FEASIBLE,null,0.002891,0.010393,0.000557,False
704170,5,1,"[1,1,1,1,1]",[1],"[[0],[0],[0],[0],[0]]",UNSAT,UNSAT,UNSAT,"[0, 1]",0.009082,0.031833,0.001957,False
704171,6,6,"[3,1,1,3,1,1]","[1,2,1,3,1,3]","[[0,1,3],[1,2,4],[5],[0,1,4,5],[0],[0,2,4,5]]",UNSAT,UNSAT,UNSAT,"[0, 4]",0.042977,0.074789,0.005239,False
704172,5,7,"[2,3,3,3,1]","[3,1,2,3,3,1,3]","[[0,1,2,3,4,5,6],[0,1,2,3,4,5,6],[1,2,3,5,6],[1,2,4],[0,1,2,3,4,5,6]]",FEASIBLE,FEASIBLE,FEASIBLE,null,0.185221,0.157273,0.005614,False
704173,6,7,"[1,1,2,2,2,2]","[1,3,2,2,2,1,3]","[[5],[0,1,2,3,4,5,6],[0,1,2,3,4,5,6],[1,2,3,5,6],[0,1,3,5],[3,6]]",FEASIBLE,FEASIBLE,FEASIBLE,null,0.482451,0.077186,0.004269,False
704174,7,2,"[2,1,2,1,2,2,1]","[2,3]","[[0,1],[1],[0,1],[0],[0,1],[0,1],[0]]",UNSAT,UNSAT,UNSAT,"[0, 2, 3]",0.088257,0.06963,0.003402,False
704175,7,2,"[1,1,2,1,1,1,1]","[3,3]","[[0],[0],[0,1],[0,1],[0,1],[0],[0]]",UNSAT,UNSAT,UNSAT,"[0, 1, 2, 5]",0.129365,0.056696,0.003171,False
704176,5,3,"[1,2,1,2,1]","[2,2,2]","[[2],[1,2],[0],[0,1,2],[1,2]]",UNSAT,UNSAT,UNSAT,"[0, 1, 3, 4]",0.101097,0.047701,0.0032,False
704177,3,3,"[2,1,2]","[1,1,1]","[[0,1],[0],[0,1]]",UNSAT,UNSAT,UNSAT,"[0, 1]",0.012189,0.032413,0.002124,False
704178,7,6,"[3,1,2,3,2,1,1]","[3,3,3,1,1,3]","[[0,1,2,3,4,5],[2],[0,1,2],[2,3,4,5],[0,1,2,3,4,5],[3],[0,1,2,3,4]]",FEASIBLE,FEASIBLE,FEASIBLE,null,0.656323,0.083824,0.006401,False
704179,7,1,"[1,1,1,1,1,1,1]",[1],"[[0],[0],[0],[0],[0],[0],[0]]",UNSAT,UNSAT,UNSAT,"[0, 1]",0.011356,0.039647,0.002906,False
704180,1,6,[2],"[2,3,2,1,2,1]","[[1,2,3,5]]",FEASIBLE,FEASIBLE,FEASIBLE,null,0.005822,0.025755,0.00133,False
704181,2,5,"[1,1]","[1,2,2,3,1]","[[4],[2,3]]",FEASIBLE,FEASIBLE,FEASIBLE,null,0.012881,0.019393,0.001326,False
704182,7,1,"[1,1,1,1,1,1,1]",[2],"[[0],[0],[0],[0],[0],[0],[0]]",UNSAT,UNSAT,UNSAT,"[0, 1, 2]",0.037075,0.131994,0.002154,False
704183,2,7,"[3,3]","[1,3,2,2,2,1,2]","[[0,1,2,3,5,6],[0,1,2,3,4,6]]",FEASIBLE,FEASIBLE,FEASIBLE,null,0.017389,0.033215,0.002336,False
704184,1,1,[1],[2],[[0]],FEASIBLE,FEASIBLE,FEASIBLE,null,0.002949,0.010099,0.000581,False
704185,2,7,"[2,1]","[2,2,2,2,1,1,1]","[[0,1,2,3,4,5,6],[2,4]]",FEASIBLE,FEASIBLE,FEASIBLE,null,0.016639,0.024256,0.001864,False
704186,2,6,"[1,1]","[2,1,2,3,2,2]","[[2],[1]]",FEASIBLE,FEASIBLE,FEASIBLE,null,0.014368,0.016848,0.001164,False
704187,1,2,[1],"[2,1]","[[0,1]]",FEASIBLE,FEASIBLE,FEASIBLE,null,0.003343,0.011008,0.000736,False
704188,2,7,"[1,1]","[1,1,2,3,3,1,3]","[[0,1,2,3,4,5,6],[2,3]]",FEASIBLE,FEASIBLE,FEASIBLE,null,0.016588,0.021976,0.001747,False
704189,2,6,"[1,1]","[1,3,3,1,1,1]","[[2,4],[0,1,2,3,4,5]]",FEASIBLE,FEASIBLE,FEASIBLE,null,0.014955,0.020415,0.001719,False
704190,4,3,"[1,1,1,1]","[1,1,3]","[[0],[2],[0],[2]]",UNSAT,UNSAT,UNSAT,"[0, 2]",0.016171,0.030036,0.002084,False
704191,6,2,"[1,1,1,1,1,1]","[3,1]","[[0,1],[1],[0,1],[1],[1],[0,1]]",UNSAT,UNSAT,UNSAT,"[1, 3]",0.025218,0.039446,0.002734,False
704192,1,4,[2],"[1,2,1,3]","[[2,3]]",FEASIBLE,FEASIBLE,FEASIBLE,null,0.004662,0.014587,0.000937,False
704193,6,7,"[2,1,2,3,3,2]","[2,3,1,1,1,1,1]","[[0,1,2,3,4,5,6],[3],[0,1,2,3,4],[0,1,2,3,4,5,6],[0,2,3,4,5],[0,1,2,3,4,5,6]]",UNSAT,UNSAT,UNSAT,"[0, 1, 2, 3, 4]",0.313432,0.102266,0.008433,False
704194,5,6,"[1,2,2,3,1]","[2,2,1,3,3,2]","[[0],[0,1,3,4],[0,2,3,4,5],[0,1,2,4,5],[0,1,2,3,4,5]]",FEASIBLE,FEASIBLE,FEASIBLE,null,0.148353,0.130064,0.003685,False
704195,7,3,"[1,2,3,1,1,1,1]","[2,2,1]","[[0,1],[0,1],[0,1,2],[1],[2],[0,1,2],[1]]",UNSAT,UNSAT,UNSAT,"[2, 4]",0.052589,0.057723,0.004149,False
704196,7,3,"[1,1,1,1,1,1,1]","[1,1,3]","[[0],[2],[0,1,2],[0,1,2],[0,2],[0],[0]]",UNSAT,UNSAT,UNSAT,"[0, 5]",0.03147,0.049937,0.003189,False
704197,3,1,"[1,1,1]",[1],"[[0],[0],[0]]",UNSAT,UNSAT,UNSAT,"[0, 1]",0.007097,0.025529,0.001594,False
704198,5,7,"[1,3,1,1,1]","[3,3,3,1,1,1,2]","[[1,5],[1,2,4,6],[0,2,4,6],[5],[1,2,3,5]]",FEASIBLE,FEASIBLE,FEASIBLE,null,0.176451,0.040327,0.003165,False
704199,5,4,"[1,3,1,1,1]","[2,1,2,2]","[[3],[0,1,3],[0,2],[2],[2]]",FEASIBLE,FEASIBLE,FEASIBLE,null,0.106327,0.033488,0.001978,False
704200,4,1,"[1,1,1,1]",[3],"[[0],[0],[0],[0]]",UNSAT,UNSAT,UNSAT,"[0, 1, 2, 3]",0.022243,0.030616,0.0019,False
704201,4,6,"[3,3,1,1]","[1,2,2,1,3,2]","[[0,3,4],[0,1,2,3,4],[0,1,3,4,5],[2]]",FEASIBLE,FEASIBLE,FEASIBLE,null,0.071554,0.042208,0.002978,False
704202,7,7,"[2,1,2,3,2,1,1]","[1,3,1,3,3,1,3]","[[1,3,5,6],[0],[0,1,5,6],[0,2,3,4],[0,1],[0,1,2,3,5,6],[2,3]]",UNSAT,UNSAT,UNSAT,"[1, 4]",0.099809,0.095291,0.006407,False
704203,1,7,[1],"[3,1,2,3,3,1,2]","[[0,1,2,3,4,5]]",FEASIBLE,FEASIBLE,FEASIBLE,null,0.006609,0.017844,0.001341,False
704204,1,5,[3],"[3,2,1,3,3]","[[1,2,4]]",FEASIBLE,FEASIBLE,FEASIBLE,null,0.005216,0.01959,0.001253,False
704205,6,6,"[2,2,2,1,1,1]","[2,1,3,2,2,1]","[[0,1,2,3,5],[0,1,2,3,4,5],[1,3,4],[1,2,3,5],[1,2,4],[3,4]]",FEASIBLE,FEASIBLE,FEASIBLE,null,0.336341,0.198257,0.003797,False
704206,4,2,"[1,1,1,1]","[2,1]","[[1],[0,1],[0],[1]]",UNSAT,UNSAT,UNSAT,"[0, 3]",0.015588,0.0321,0.002045,False
704207,5,6,"[1,1,1,3,1]","[3,2,2,2,1,2]","[[0,1,2,3,4,5],[1],[2],[1,2,3,4],[0,1,2,3,4,5]]",FEASIBLE,FEASIBLE,FEASIBLE,null,0.152278,0.042502,0.0031,False
704208,7,5,"[3,3,1,1,1,1,1]","[3,1,3,2,2]","[[0,1,2,3],[0,1,2,3,4],[3],[0,2,3],[0,1,2,3,4],[0],[0,2]]",FEASIBLE,FEASIBLE,FEASIBLE,null,0.578389,0.083996,0.005069,False
704209,6,5,"[2,2,3,2,1,2]","[3,2,2,1,1]","[[1,3],[1,3,4],[0,1,4],[0,1,2,3,4],[1,2,3],[0,1,2,3,4]]",UNSAT,UNSAT,UNSAT,"[0, 1, 2]",0.085826,0.074373,0.005847,False
704210,7,6,"[1,2,1,2,3,1,2]","[1,2,3,1,3,2]","[[1],[0,1,4],[1],[0,2,5],[0,1,2,3,4,5],[0,1],[0,2]]",UNSAT,UNSAT,UNSAT,"[0, 1, 2, 5]",0.314361,0.105828,0.006458,False
704211,3,3,"[3,2,1]","[3,2,1]","[[0,1,2],[0,2],[2]]",UNSAT,UNSAT,UNSAT,"[0, 1]",0.012427,0.036087,0.002514,False
704212,4,5,"[2,1,2,2]","[3,1,2,1,2]","[[1,2,3,4],[2],[1,2],[3,4]]",UNSAT,UNSAT,UNSAT,"[0, 1, 2, 3]",0.06122,0.060492,0.004214,False
704213,1,1,[1],[1],[[0]],FEASIBLE,FEASIBLE,FEASIBLE,null,0.003034,0.010807,0.000525,False
704214,5,7,"[3,2,1,3,2]","[2,1,1,1,1,3,2]","[[0,2,3,4,5,6],[0,1,2,3,4,5,6],[5],[3,5,6],[2,6]]",FEASIBLE,FEASIBLE,FEASIBLE,null,0.174286,5.101904,0.004463,False
704215,2,2,"[2,1]","[1,2]","[[0,1],[1]]",FEASIBLE,FEASIBLE,FEASIBLE,null,0.012005,0.019041,0.00118,False
704216,4,3,"[1,3,2,1]","[1,1,2]","[[0,1],[0,1,2],[0,1,2],[0,1]]",UNSAT,UNSAT,UNSAT,"[0, 1]",0.014293,0.046819,0.003081,False
704217,4,5,"[1,1,2,1]","[3,2,1,2,3]","[[0,3],[0,1,2,3,4],[0,1,2,3,4],[0,1,2,3,4]]",FEASIBLE,FEASIBLE,FEASIBLE,null,0.058905,0.034661,0.002875,False
704218,1,1,[1],[1],[[0]],FEASIBLE,FEASIBLE,FEASIBLE,null,0.012903,0.011661,0.000511,False
704219,6,1,"[1,1,1,1,1,1]",[1],"[[0],[0],[0],[0],[0],[0]]",UNSAT,UNSAT,UNSAT,"[0, 1]",0.010545,0.035293,0.00232,False
704220,1,3,[2],"[3,2,2]","[[1,2]]",FEASIBLE,FEASIBLE,FEASIBLE,null,0.004088,0.014096,0.000934,False
704221,7,3,"[1,1,2,1,1,1,2]","[1,1,2]","[[0,2],[1,2],[0,1,2],[1],[2],[0],[0,1,2]]",UNSAT,UNSAT,UNSAT,"[0, 2, 6]",0.093366,0.052919,0.004002,False
704222,1,7,[1],"[1,2,1,1,1,1,2]","[[0,4]]",FEASIBLE,FEASIBLE,FEASIBLE,null,0.006286,0.014441,0.000987,False
704223,4,2,"[2,2,2,1]","[1,1]","[[0,1],[0,1],[0,1],[1]]",UNSAT,UNSAT,UNSAT,"[0, 1]",0.010671,0.035066,0.002318,False
704224,2,6,"[1,2]","[3,2,3,3,1,2]","[[1],[2,3]]",FEASIBLE,FEASIBLE,FEASIBLE,null,0.01436,0.074357,0.001328,False
704225,6,4,"[3,1,1,1,3,2]","[2,2,1,2]","[[0,1,2],[1],[0,1,2,3],[0],[0,1,2,3],[0,1,3]]",UNSAT,UNSAT,UNSAT,"[0, 1, 4]",0.073911,0.058664,0.004612,False
704226,3,6,"[3,1,1]","[2,1,3,2,3,3]","[[0,2,3,4,5],[1,2,4,5],[0,1,2,3,4,5]]",FEASIBLE,FEASIBLE,FEASIBLE,null,0.032677,0.032052,0.002778,False
704227,4,3,"[1,1,1,1]","[2,1,2]","[[2],[0,2],[0,1,2],[0,1]]",FEASIBLE,FEASIBLE,FEASIBLE,null,0.041255,0.025932,0.001712,False
704228,7,1,"[1,1,1,1,1,1,1]",[2],"[[0],[0],[0],[0],[0],[0],[0]]",UNSAT,UNSAT,UNSAT,"[0, 1, 2]",0.036421,0.038884,0.002159,False
704229,4,1,"[1,1,1,1]",[2],"[[0],[0],[0],[0]]",UNSAT,UNSAT,UNSAT,"[0, 1, 2]",0.015436,0.028566,0.001797,False
704230,4,5,"[2,1,2,3]","[3,2,3,3,1]","[[0,2,3,4],[3],[0,1,2,3,4],[0,1,2,3,4]]",FEASIBLE,FEASIBLE,FEASIBLE,null,0.058914,0.038023,0.00286,False
704231,3,1,"[1,1,1]",[2],"[[0],[0],[0]]",UNSAT,UNSAT,UNSAT,"[0, 1, 2]",0.010573,0.029454,0.00157,False
704232,1,2,[1],"[2,2]",[[0]],FEASIBLE,FEASIBLE,FEASIBLE,null,0.003364,0.010056,0.000697,False
704233,4,5,"[1,2,2,3]","[2,1,1,1,3]","[[0,1,2,3,4],[0,1,2,4],[0,1,3,4],[1,3,4]]",FEASIBLE,FEASIBLE,FEASIBLE,null,0.058785,0.069106,0.004776,False
704234,5,3,"[1,3,1,2,1]","[3,1,3]","[[1],[0,1,2],[0,1,2],[0,1],[1,2]]",UNSAT,UNSAT,UNSAT,"[0, 1]",0.0207,0.047718,0.003149,False
704235,7,5,"[2,1,1,1,2,2,3]","[1,2,3,1,1]","[[0,1,2,3],[0],[0,1,2,3,4],[0,1,2,3,4],[0,1,2,3,4],[1,3],[1,3,4]]",UNSAT,UNSAT,UNSAT,"[5, 6]",0.101333,0.198055,0.007725,False
704236,2,2,"[1,1]","[3,2]","[[0],[0]]",FEASIBLE,FEASIBLE,FEASIBLE,null,0.00776,0.014569,0.000917,False
704237,2,3,"[1,1]","[1,2,1]","[[1,2],[0,1,2]]",FEASIBLE,FEASIBLE,FEASIBLE,null,0.008916,0.016221,0.001267,False
704238,4,7,"[2,1,2,1]","[2,3,3,1,3,2,1]","[[1,3],[2,4,5],[1,3,5,6],[1]]",FEASIBLE,FEASIBLE,FEASIBLE,null,0.07786,0.033099,0.002284,False
704239,7,7,"[2,3,1,1,2,2,1]","[3,1,3,1,1,2,2]","[[0,1,5],[0,1,4],[2,3],[1],[0,2],[0,1,2,4,5,6],[0,2,3,5,6]]",UNSAT,UNSAT,UNSAT,"[1, 3]",0.072528,0.08799,0.006059,False
704240,1,2,[1],"[1,2]","[[0,1]]",FEASIBLE,FEASIBLE,FEASIBLE,null,0.003465,0.011437,0.00069,False
704241,5,4,"[1,2,2,3,2]","[2,2,3,1]","[[0,1,2,3],[0,1,2,3],[0,3],[0,1,2,3],[0,3]]",UNSAT,UNSAT,UNSAT,"[2, 4]",0.043449,0.070926,0.005113,False
704242,2,1,"[1,1]",[3],"[[0],[0]]",FEASIBLE,FEASIBLE,FEASIBLE,null,0.005839,0.013897,0.000828,False
704243,5,3,"[1,1,1,2,2]","[1,2,3]","[[1],[0,1,2],[1],[0,1,2],[0,1,2]]",UNSAT,UNSAT,UNSAT,"[0, 2, 3, 4]",0.076931,0.060924,0.003982,False
704244,7,7,"[2,3,3,1,3,3,3]","[3,3,1,3,1,2,2]","[[0,1,2],[0,1,3,5,6],[0,1,3,4,6],[0,1,2,3,4,5,6],[0,1,2,4,5,6],[0,1,2,3,4,5,6],[0,1,2,4,5,6]]",UNSAT,UNSAT,UNSAT,"[0, 1, 2, 4, 5, 6]",0.709387,0.111753,0.009445,False
704245,7,5,"[3,2,1,3,1,2,2]","[1,1,2,2,2]","[[0,1,2],[0,2,3,4],[0,1,2,3,4],[0,1,2,3,4],[1],[0,1,2],[0,1,2,3,4]]",UNSAT,UNSAT,UNSAT,"[0, 4]",0.040076,0.155602,0.006189,False
704246,6,3,"[2,1,3,2,2,1]","[3,1,2]","[[1,2],[0,2],[0,1,2],[0,1,2],[1,2],[2]]",UNSAT,UNSAT,UNSAT,"[0, 2]",0.020152,0.054162,0.003856,False
704247,5,7,"[3,1,2,1,3]","[1,3,1,3,3,1,1]","[[0,4,5,6],[0,4],[3,4,5],[4],[0,2,3,5]]",UNSAT,UNSAT,UNSAT,"[0, 1, 2, 3, 4]",0.164651,0.071377,0.005426,False
704248,1,2,[1],"[3,3]",[[1]],FEASIBLE,FEASIBLE,FEASIBLE,null,0.00347,0.010809,0.000731,False
704249,4,5,"[3,1,3,1]","[2,1,3,2,2]","[[0,1,2,3],[1,2,4],[1,3,4],[0,2,3]]",FEASIBLE,FEASIBLE,FEASIBLE,null,0.058892,0.047175,0.003139,False
704250,1,2,[1],"[1,1]",[[1]],FEASIBLE,FEASIBLE,FEASIBLE,null,0.003301,0.009789,0.00065,False
704251,4,1,"[1,1,1,1]",[1],"[[0],[0],[0],[0]]",UNSAT,UNSAT,UNSAT,"[0, 1]",0.007666,0.027439,0.002758,False
704252,1,4,[1],"[3,2,3,3]","[[0,1,2,3]]",FEASIBLE,FEASIBLE,FEASIBLE,null,0.004444,0.01404,0.001124,False
704253,3,7,"[2,1,3]","[2,3,2,1,3,2,1]","[[0,4],[0,1,2,3,5,6],[1,2,3,4,5,6]]",FEASIBLE,FEASIBLE,FEASIBLE,null,0.036441,0.033553,0.003021,False
704254,3,2,"[1,1,1]","[1,3]","[[1],[0],[0]]",UNSAT,UNSAT,UNSAT,"[1, 2]",0.01235,0.024492,0.001796,False
704255,3,2,"[1,1,1]","[1,1]","[[0],[0],[0,1]]",UNSAT,UNSAT,UNSAT,"[0, 1]",0.008848,0.028153,0.001815,False
704256,2,4,"[2,1]","[1,3,1,2]","[[1,2,3],[0,2]]",FEASIBLE,FEASIBLE,FEASIBLE,null,0.011715,0.019443,0.001376,False
704257,6,6,"[2,2,2,1,2,2]","[1,3,2,1,1,2]","[[2,3],[0,1,2,3,4,5],[3,4],[5],[3,5],[0,1,2,3,4,5]]",UNSAT,UNSAT,UNSAT,"[0, 2]",0.034523,0.133901,0.004673,False
704258,2,1,"[1,1]",[2],"[[0],[0]]",FEASIBLE,FEASIBLE,FEASIBLE,null,0.006825,0.014986,0.000714,False
704259,5,4,"[1,2,3,3,2]","[3,2,2,1]","[[2],[0,1,2],[1,2,3],[0,1,2,3],[0,1,2,3]]",UNSAT,UNSAT,UNSAT,"[0, 2, 3]",0.05967,0.057269,0.004448,False
704260,5,4,"[1,1,2,2,1]","[3,3,1,3]","[[3],[0,3],[0,1],[2,3],[3]]",FEASIBLE,FEASIBLE,FEASIBLE,null,0.100501,0.031882,0.002028,False
704261,5,7,"[3,1,1,1,1]","[2,3,1,2,1,3,3]","[[1,2,3,4,5,6],[5],[0,1,4,5],[0,1,2,3,5,6],[3,4]]",FEASIBLE,FEASIBLE,FEASIBLE,null,0.164745,0.04229,0.003452,False
704262,5,7,"[2,1,3,2,2]","[3,2,3,3,1,3,2]","[[1,2,3,4,5,6],[0,1,2,3,4,5,6],[0,2,3,4,5,6],[1,2],[0,3,6]]",FEASIBLE,FEASIBLE,FEASIBLE,null,0.16111,0.047796,0.003967,False
704263,3,2,"[1,1,1]","[3,2]","[[0,1],[1],[0,1]]",FEASIBLE,FEASIBLE,FEASIBLE,null,0.015001,0.019281,0.001298,False
704264,5,6,"[1,3,3,3,1]","[1,2,1,1,1,1]","[[5],[0,1,2,3,4,5],[1,3,4],[0,1,2,3],[0]]",UNSAT,UNSAT,UNSAT,"[1, 2, 3]",0.096464,0.058077,0.004917,False
704265,7,3,"[1,1,2,1,1,2,2]","[1,3,3]","[[1],[0],[0,1],[1],[0,1],[0,2],[0,1,2]]",UNSAT,UNSAT,UNSAT,"[1, 2]",0.03426,0.053419,0.003936,False
704266,4,4,"[2,2,1,2]","[2,1,2,1]","[[1,2,3],[0,1],[2,3],[0,2,3]]",UNSAT,UNSAT,UNSAT,"[0, 1, 2, 3]",0.049078,0.093242,0.003346,False
704267,6,4,"[3,1,2,2,2,3]","[1,2,2,2]","[[0,2,3],[0,1,2,3],[2,3],[0,3],[0,1,2,3],[0,1,2,3]]",UNSAT,UNSAT,UNSAT,"[0, 3]",0.027731,0.143503,0.00506,False
704268,1,4,[2],"[1,3,3,2]","[[1,2,3]]",FEASIBLE,FEASIBLE,FEASIBLE,null,0.004531,0.015128,0.00104,False
704269,3,1,"[1,1,1]",[2],"[[0],[0],[0]]",UNSAT,UNSAT,UNSAT,"[0, 1, 2]",0.010763,0.02455,0.001564,False
704270,6,5,"[1,3,3,3,1,2]","[1,2,1,1,2]","[[0],[0,1,2,3,4],[0,2,3,4],[0,2,3,4],[1,2,4],[0,1,2,4]]",UNSAT,UNSAT,UNSAT,"[2, 3]",0.058046,0.067568,0.005542,False
704271,6,2,"[1,2,2,1,1,1]","[1,1]","[[0,1],[0,1],[0,1],[0],[0,1],[0,1]]",UNSAT,UNSAT,UNSAT,"[0, 1]",0.014793,0.057749,0.003336,False
704272,5,6,"[2,1,1,1,3]","[1,2,3,1,1,1]","[[0,3,4,5],[3],[2],[0,1,2,3,4,5],[0,1,2,3,4,5]]",FEASIBLE,FEASIBLE,FEASIBLE,null,0.142009,0.058631,0.004251,False
704273,7,4,"[1,1,1,3,1,1,1]","[3,2,2,3]","[[2],[2],[1,2,3],[0,1,2,3],[2],[2],[1]]",UNSAT,UNSAT,UNSAT,"[0, 1, 4]",0.092593,0.064194,0.004312,False
704274,3,2,"[2,2,1]","[1,2]","[[0,1],[0,1],[0]]",UNSAT,UNSAT,UNSAT,"[0, 1]",0.008796,0.030356,0.002133,False
704275,7,2,"[1,1,1,1,1,2,1]","[3,3]","[[1],[0,1],[0],[1],[0],[0,1],[0]]",UNSAT,UNSAT,UNSAT,"[2, 4, 5, 6]",0.194481,0.047656,0.003294,False
704276,5,2,"[1,2,1,2,1]","[1,1]","[[1],[0,1],[0],[0,1],[0]]",UNSAT,UNSAT,UNSAT,"[0, 1]",0.012216,0.036923,0.002637,False
704277,3,1,"[1,1,1]",[1],"[[0],[0],[0]]",UNSAT,UNSAT,UNSAT,"[0, 1]",0.00677,0.024197,0.001435,False
704278,3,7,"[3,2,2]","[1,3,1,2,3,1,3]","[[0,1,4],[1,6],[1,2,3,4,5]]",FEASIBLE,FEASIBLE,FEASIBLE,null,0.036466,0.113973,0.002384,False
704279,4,3,"[2,1,1,1]","[1,3,3]","[[0,1,2],[1,2],[1],[1]]",FEASIBLE,FEASIBLE,FEASIBLE,null,0.040607,0.033657,0.002084,False
704280,4,7,"[2,1,1,2]","[2,1,1,3,3,2,2]","[[2,3],[5],[0,1,2,3,4,6],[0,1,3,4]]",FEASIBLE,FEASIBLE,FEASIBLE,null,0.078535,0.034676,0.002671,False
704281,7,6,"[1,1,3,1,2,1,2]","[3,1,1,3,3,2]","[[0,1,2,3,4,5],[2,3,4,5],[0,1,4,5],[2,5],[1,2,3,4],[1,5],[2,3,4,5]]",FEASIBLE,FEASIBLE,FEASIBLE,null,0.664973,0.060064,0.004513,False
704282,4,4,"[1,3,2,1]","[2,1,2,2]","[[0],[0,1,2,3],[0,1,2,3],[0,2]]",FEASIBLE,FEASIBLE,FEASIBLE,null,0.051736,0.045567,0.002739,False
704283,6,3,"[1,1,1,1,3,1]","[3,2,1]","[[0,1],[0],[2],[0,1,2],[0,1,2],[1]]",UNSAT,UNSAT,UNSAT,"[2, 4]",0.041462,0.048289,0.003623,False
704284,2,1,"[1,1]",[1],"[[0],[0]]",UNSAT,UNSAT,UNSAT,"[0, 1]",0.005826,0.02037,0.001185,False
704285,2,1,"[1,1]",[1],"[[0],[0]]",UNSAT,UNSAT,UNSAT,"[0, 1]",0.0055,0.019901,0.00106,False
704286,7,2,"[1,1,1,1,2,1,1]","[2,3]","[[1],[0],[0],[1],[0,1],[0],[1]]",UNSAT,UNSAT,UNSAT,"[1, 2, 4]",0.084322,0.045448,0.003021,False
704287,5,7,"[3,1,1,1,2]","[1,2,2,2,3,1,3]","[[0,1,3,5],[2,5],[1,2,4,5],[1],[0,2,3,4]]",FEASIBLE,FEASIBLE,FEASIBLE,null,0.164997,0.051477,0.003673,False
704288,7,5,"[1,1,3,1,2,3,3]","[3,1,1,1,3]","[[0,1,2,3,4],[0,1,2,3],[0,2,3,4],[1,3],[0,1,3,4],[0,1,2,3,4],[2,3,4]]",UNSAT,UNSAT,UNSAT,"[2, 6]",0.07982,0.154764,0.006668,False
704289,4,1,"[1,1,1,1]",[1],"[[0],[0],[0],[0]]",UNSAT,UNSAT,UNSAT,"[0, 1]",0.008137,0.028309,0.001734,False
704290,2,4,"[1,1]","[3,2,2,3]","[[0,1,2,3],[0,1]]",FEASIBLE,FEASIBLE,FEASIBLE,null,0.012123,0.018128,0.001362,False
704291,2,4,"[1,2]","[2,3,3,1]","[[1,3],[0,1,2,3]]",FEASIBLE,FEASIBLE,FEASIBLE,null,0.0116,0.019539,0.001432,False
704292,2,3,"[1,2]","[2,2,2]","[[0],[0,1,2]]",FEASIBLE,FEASIBLE,FEASIBLE,null,0.009617,0.017816,0.00127,False
704293,5,4,"[1,1,2,1,1]","[3,2,1,1]","[[0,2],[0,1,3],[0,1,2,3],[0,1,3],[1,2]]",FEASIBLE,FEASIBLE,FEASIBLE,null,0.103241,0.035551,0.002622,False
704294,2,3,"[1,1]","[2,1,3]","[[1,2],[1]]",FEASIBLE,FEASIBLE,FEASIBLE,null,0.009503,0.021525,0.001462,False
704295,7,1,"[1,1,1,1,1,1,1]",[1],"[[0],[0],[0],[0],[0],[0],[0]]",UNSAT,UNSAT,UNSAT,"[0, 1]",0.01091,0.038101,0.002215,False
704296,7,3,"[2,1,1,1,1,3,1]","[1,2,3]","[[0,2],[1],[0,2],[1],[1,2],[0,1,2],[0]]",UNSAT,UNSAT,UNSAT,"[0, 5]",0.029497,0.065523,0.003885,False
704297,7,6,"[2,2,1,3,2,1,3]","[3,3,3,3,1,3]","[[1,2,3],[0,2,4,5],[3],[1,2,3,4,5],[0,1,4,5],[1],[2,3,5]]",FEASIBLE,FEASIBLE,FEASIBLE,null,0.630769,0.077054,0.005147,False
704298,3,6,"[3,1,1]","[3,1,2,2,2,3]","[[0,1,3,4],[4],[1,5]]",FEASIBLE,FEASIBLE,FEASIBLE,null,0.031838,0.027738,0.00197,False
704299,1,3,[1],"[2,2,2]",[[0]],FEASIBLE,FEASIBLE,FEASIBLE,null,0.004032,0.010546,0.000694,False
704300,2,6,"[3,3]","[3,3,2,2,2,1]","[[0,3,4],[1,3,4,5]]",FEASIBLE,FEASIBLE,FEASIBLE,null,0.014383,0.029087,0.001839,False
704301,1,2,[1],"[3,3]",[[1]],FEASIBLE,FEASIBLE,FEASIBLE,null,0.003472,0.009926,0.000618,False
704302,6,4,"[1,1,2,3,3,2]","[1,1,2,3]","[[3],[0,1,2],[1,2,3],[0,1,3],[0,1,2,3],[0,1,2,3]]",UNSAT,UNSAT,UNSAT,"[3, 4]",0.058476,0.062329,0.004925,False
704303,6,6,"[2,3,1,1,2,1]","[2,2,1,2,3,3]","[[3,4],[0,1,2,3,4,5],[2,4],[5],[1,2,4,5],[5]]",FEASIBLE,FEASIBLE,FEASIBLE,null,0.297669,0.047284,0.003403,False
704304,4,5,"[1,1,3,2]","[3,1,1,2,1]","[[1,2,3,4],[0,1,2,3,4],[0,1,3,4],[3,4]]",FEASIBLE,FEASIBLE,FEASIBLE,null,0.058935,0.049189,0.003683,False
704305,4,5,"[3,3,3,2]","[1,3,1,2,3]","[[0,2,3],[0,3,4],[1,2,4],[0,1,4]]",UNSAT,UNSAT,UNSAT,"[0, 1]",0.019091,0.052294,0.003767,False
704306,4,7,"[3,1,3,1]","[2,2,2,1,2,3,3]","[[3,4,5,6],[5],[1,3,4,5,6],[0,2,3,4,6]]",FEASIBLE,FEASIBLE,FEASIBLE,null,0.090275,0.04115,0.003013,False
704307,3,3,"[1,1,1]","[1,1,3]","[[0],[0,1,2],[0,2]]",FEASIBLE,FEASIBLE,FEASIBLE,null,0.019495,0.021838,0.001519,False
704308,5,2,"[1,1,1,2,2]","[2,1]","[[0,1],[0],[1],[0,1],[0,1]]",UNSAT,UNSAT,UNSAT,"[2, 3]",0.025243,0.03842,0.002846,False
704309,2,3,"[1,1]","[2,1,1]","[[2],[0,1,2]]",FEASIBLE,FEASIBLE,FEASIBLE,null,0.009361,0.016206,0.001303,False
704310,3,7,"[1,1,3]","[1,2,3,1,2,2,3]","[[4],[0,1],[0,1,3,4,5,6]]",FEASIBLE,FEASIBLE,FEASIBLE,null,0.036108,0.030017,0.002227,False
704311,6,6,"[2,3,2,2,1,1]","[3,1,1,2,2,1]","[[0,1,2,3,5],[0,1,2,5],[0,1,2,3,4,5],[0,1,3],[2,4],[0]]",UNSAT,UNSAT,UNSAT,"[0, 1, 2, 3, 5]",0.278272,0.091499,0.006683,False
704312,6,6,"[2,2,1,1,1,1]","[3,3,1,3,3,3]","[[0,1,2,3,4,5],[0,1,2,3,5],[4],[2],[1,2,5],[1]]",FEASIBLE,FEASIBLE,FEASIBLE,null,0.379882,0.054928,0.003848,False
704313,4,4,"[2,1,3,1]","[3,1,3,2]","[[1,2,3],[0,1],[0,1,2,3],[0,1,2,3]]",FEASIBLE,FEASIBLE,FEASIBLE,null,0.049598,0.035917,0.002272,False
704314,1,2,[1],"[2,3]",[[1]],FEASIBLE,FEASIBLE,FEASIBLE,null,0.00355,0.010047,0.000601,False
704315,1,1,[1],[3],[[0]],FEASIBLE,FEASIBLE,FEASIBLE,null,0.002533,0.009046,0.000503,False
704316,2,5,"[1,2]","[3,1,1,1,1]","[[3],[2,3,4]]",FEASIBLE,FEASIBLE,FEASIBLE,null,0.012702,0.020058,0.001435,False
704317,5,2,"[1,1,2,1,1]","[3,1]","[[0,1],[0],[0,1],[1],[0]]",UNSAT,UNSAT,UNSAT,"[2, 3]",0.024593,0.063251,0.002594,False
704318,7,2,"[1,2,1,1,1,1,1]","[3,3]","[[1],[0,1],[1],[0],[1],[1],[0]]",UNSAT,UNSAT,UNSAT,"[0, 1, 2, 4]",0.122481,0.048382,0.003037,False
704319,6,4,"[1,1,1,3,3,2]","[2,1,3,1]","[[0],[0,2,3],[0,3],[0,1,2,3],[0,1,2,3],[0,1]]",UNSAT,UNSAT,UNSAT,"[0, 3, 4]",0.102428,0.07818,0.005504,False
704320,3,5,"[1,2,2]","[1,3,2,3,3]","[[3,4],[0,3],[2,4]]",FEASIBLE,FEASIBLE,FEASIBLE,null,0.028214,0.026499,0.001685,False
704321,5,6,"[1,2,3,1,3]","[2,3,2,2,2,1]","[[0,1,2,3,4,5],[3,4],[0,1,2,3,4,5],[4],[0,1,2,3,4,5]]",FEASIBLE,FEASIBLE,FEASIBLE,null,0.144386,0.047993,0.003663,False
704322,1,2,[2],"[3,3]","[[0,1]]",FEASIBLE,FEASIBLE,FEASIBLE,null,0.003366,0.012878,0.000771,False
704323,2,7,"[1,1]","[1,2,2,1,3,1,3]","[[0,1,2,3,4,5,6],[1,2,5]]",FEASIBLE,FEASIBLE,FEASIBLE,null,0.016354,0.023962,0.001835,False
704324,3,6,"[1,2,2]","[1,2,3,3,3,1]","[[0,2],[1,4,5],[0,1,2,3,4,5]]",FEASIBLE,FEASIBLE,FEASIBLE,null,0.032179,0.142143,0.002307,False
704325,1,5,[1],"[3,1,2,1,3]",[[3]],FEASIBLE,FEASIBLE,FEASIBLE,null,0.005445,0.011682,0.000849,False
704326,2,5,"[1,2]","[3,1,1,1,1]","[[0,1,2,4],[1,2,3,4]]",FEASIBLE,FEASIBLE,FEASIBLE,null,0.013084,0.022105,0.001637,False
704327,4,2,"[1,1,1,1]","[2,3]","[[1],[1],[1],[0,1]]",FEASIBLE,FEASIBLE,FEASIBLE,null,0.033384,0.022217,0.001472,False
704328,3,2,"[1,1,1]","[2,3]","[[0,1],[0,1],[1]]",FEASIBLE,FEASIBLE,FEASIBLE,null,0.015136,0.018993,0.001337,False
704329,6,4,"[1,3,1,2,1,1]","[2,1,2,3]","[[2],[0,1,2,3],[1,2,3],[2,3],[1],[1,2]]",UNSAT,UNSAT,UNSAT,"[0, 1, 3, 4]",0.144959,0.070433,0.004691,False
704330,4,1,"[1,1,1,1]",[2],"[[0],[0],[0],[0]]",UNSAT,UNSAT,UNSAT,"[0, 1, 2]",0.015367,0.028665,0.001703,False
704331,2,1,"[1,1]",[1],"[[0],[0]]",UNSAT,UNSAT,UNSAT,"[0, 1]",0.005834,0.019982,0.001084,False
704332,2,3,"[1,2]","[2,1,3]","[[1],[0,2]]",FEASIBLE,FEASIBLE,FEASIBLE,null,0.009078,0.017447,0.001138,False
704333,4,4,"[1,1,1,1]","[2,1,1,1]","[[3],[0],[0,2],[3]]",UNSAT,UNSAT,UNSAT,"[0, 3]",0.022151,0.030675,0.002165,False
704334,4,6,"[1,1,1,2]","[1,1,3,1,2,2]","[[1,2,3,4],[2],[0,1,2,3,4,5],[0,3,5]]",FEASIBLE,FEASIBLE,FEASIBLE,null,0.068784,0.033363,0.002774,False
704335,7,7,"[2,2,1,1,1,1,2]","[1,2,2,3,1,2,3]","[[3,5,6],[0,1,2,3,4,5,6],[4],[2],[0,3,6],[5],[2,5]]",FEASIBLE,FEASIBLE,FEASIBLE,null,0.832562,0.063151,0.004538,False
704336,5,2,"[1,1,2,1,1]","[3,1]","[[0],[1],[0,1],[0],[0]]",UNSAT,UNSAT,UNSAT,"[1, 2]",0.019755,0.04133,0.002586,False
704337,3,7,"[2,3,1]","[1,1,3,2,3,3,1]","[[0,5],[0,1,2,5,6],[4]]",FEASIBLE,FEASIBLE,FEASIBLE,null,0.036251,0.112006,0.002099,False
704338,1,2,[1],"[3,1]","[[0,1]]",FEASIBLE,FEASIBLE,FEASIBLE,null,0.003435,0.011041,0.000681,False
704339,6,3,"[2,1,1,1,1,1]","[3,3,3]","[[0,1,2],[1,2],[2],[0,2],[0,1,2],[2]]",FEASIBLE,FEASIBLE,FEASIBLE,null,0.173874,0.034824,0.002235,False
704340,2,5,"[1,3]","[3,1,1,2,1]","[[3],[0,1,2,3,4]]",FEASIBLE,FEASIBLE,FEASIBLE,null,0.012641,0.022657,0.001532,False
704341,1,2,[1],"[2,3]",[[0]],FEASIBLE,FEASIBLE,FEASIBLE,null,0.003303,0.010043,0.0006,False
704342,6,4,"[1,1,1,1,1,3]","[1,2,1,3]","[[3],[0],[1],[3],[0,2],[0,1,2,3]]",UNSAT,UNSAT,UNSAT,"[1, 4, 5]",0.118378,0.048141,0.003417,False
704343,7,3,"[2,1,2,1,3,1,1]","[3,2,1]","[[0,1,2],[0],[0,1],[2],[0,1,2],[0,1,2],[1]]",UNSAT,UNSAT,UNSAT,"[3, 4]",0.057505,0.056804,0.004235,False
704344,1,4,[3],"[2,3,1,3]","[[0,1,2,3]]",FEASIBLE,FEASIBLE,FEASIBLE,null,0.004485,0.018051,0.00116,False
704345,5,5,"[2,2,1,2,2]","[1,2,3,2,3]","[[1,3],[0,1,2,3],[3],[1,3],[1,3]]",UNSAT,UNSAT,UNSAT,"[0, 2, 3]",0.070706,0.061621,0.004047,False
704346,3,6,"[1,2,2]","[3,2,2,2,3,1]","[[0,1,2,3,4,5],[0,1,2,3,4],[0,1,2,4,5]]",FEASIBLE,FEASIBLE,FEASIBLE,null,0.03199,0.031858,0.002646,False
704347,4,2,"[1,1,1,1]","[2,2]","[[0],[1],[0,1],[0,1]]",FEASIBLE,FEASIBLE,FEASIBLE,null,0.044186,0.02503,0.001416,False
704348,6,3,"[1,1,2,3,1,1]","[3,3,1]","[[1,2],[0,1],[0,1,2],[0,1,2],[0,1,2],[1]]",UNSAT,UNSAT,UNSAT,"[0, 2, 3, 5]",0.125547,0.054671,0.004123,False
704349,6,3,"[3,2,1,1,2,1]","[1,3,1]","[[0,1,2],[0,2],[1],[0,2],[0,2],[2]]",UNSAT,UNSAT,UNSAT,"[0, 1]",0.018029,0.178418,0.003485,False
704350,2,7,"[2,3]","[1,3,3,1,2,3,1]","[[2,4],[0,2,3,4,5,6]]",FEASIBLE,FEASIBLE,FEASIBLE,null,0.016895,0.027509,0.001961,False
704351,6,6,"[1,2,2,1,1,1]","[3,1,3,1,1,2]","[[0,4,5],[0,2,3,4,5],[0,1,2,3,4,5],[1,5],[0,1,4],[0,1]]",FEASIBLE,FEASIBLE,FEASIBLE,null,0.302437,0.063623,0.004513,False
704352,5,4,"[1,2,2,1,1]","[1,3,1,1]","[[1],[1,2],[1,2],[0,1,2],[1,2,3]]",UNSAT,UNSAT,UNSAT,"[1, 2]",0.031078,0.04426,0.003078,False
704353,7,2,"[2,1,1,2,1,1,2]","[3,3]","[[0,1],[1],[0,1],[0,1],[1],[1],[0,1]]",UNSAT,UNSAT,UNSAT,"[0, 1, 3, 4]",0.129146,0.051907,0.00352,False
704354,7,3,"[1,3,2,1,2,1,1]","[1,1,2]","[[0,2],[0,1,2],[0,2],[0,1,2],[0,1,2],[1],[1]]",UNSAT,UNSAT,UNSAT,"[1, 2]",0.03614,0.058325,0.004283,False
704355,4,1,"[1,1,1,1]",[1],"[[0],[0],[0],[0]]",UNSAT,UNSAT,UNSAT,"[0, 1]",0.008065,0.028629,0.001535,False
704356,5,7,"[1,2,1,3,3]","[2,3,3,3,1,3,1]","[[1],[0,1,2,3,4,5,6],[0,1,2,3,4,5,6],[0,1,2,3,4,5,6],[0,1,2,3,4,5,6]]",FEASIBLE,FEASIBLE,FEASIBLE,null,0.170527,0.057687,0.004493,False
704357,1,7,[1],"[2,2,2,3,2,2,3]",[[4]],FEASIBLE,FEASIBLE,FEASIBLE,null,0.006391,0.013162,0.000946,False
704358,1,5,[2],"[1,2,2,1,2]","[[2,4]]",FEASIBLE,FEASIBLE,FEASIBLE,null,0.005001,0.015952,0.000933,False
704359,6,5,"[1,1,1,2,2,1]","[3,3,3,3,2]","[[1],[0,3,4],[4],[0,2,3],[1,2],[2]]",FEASIBLE,FEASIBLE,FEASIBLE,null,0.274603,0.11976,0.002476,False
704360,4,1,"[1,1,1,1]",[2],"[[0],[0],[0],[0]]",UNSAT,UNSAT,UNSAT,"[0, 1, 2]",0.016134,0.030174,0.001578,False
704361,5,4,"[1,3,2,2,3]","[2,2,3,3]","[[0,1,3],[0,1,2,3],[2,3],[0,1],[0,1,3]]",UNSAT,UNSAT,UNSAT,"[1, 3, 4]",0.07894,0.086795,0.004895,False
704362,1,5,[2],"[1,3,1,1,3]","[[0,3]]",FEASIBLE,FEASIBLE,FEASIBLE,null,0.005417,0.016216,0.000906,False
704363,1,4,[1],"[3,3,3,2]",[[0]],FEASIBLE,FEASIBLE,FEASIBLE,null,0.004658,0.082136,0.000705,False
704364,1,7,[3],"[3,2,2,3,2,3,1]","[[1,3,4]]",FEASIBLE,FEASIBLE,FEASIBLE,null,0.006843,0.019519,0.001271,False
704365,2,6,"[2,2]","[1,2,1,2,1,2]","[[0,4],[1,3,4,5]]",FEASIBLE,FEASIBLE,FEASIBLE,null,0.015064,0.024062,0.001609,False
704366,1,2,[1],"[3,3]",[[1]],FEASIBLE,FEASIBLE,FEASIBLE,null,0.003558,0.010144,0.000585,False
704367,5,5,"[3,2,1,1,1]","[3,1,1,1,2]","[[0,1,2,3,4],[0,3],[2,3],[0,1,3],[2,4]]",FEASIBLE,FEASIBLE,FEASIBLE,null,0.127827,0.054562,0.003502,False
704368,2,3,"[1,3]","[2,3,1]","[[0],[0,1,2]]",FEASIBLE,FEASIBLE,FEASIBLE,null,0.009569,0.020615,0.001317,False
704369,4,7,"[2,2,1,3]","[2,2,1,1,2,2,2]","[[1,2,3,4,5],[2,3],[1,4],[1,2,5,6]]",FEASIBLE,FEASIBLE,FEASIBLE,null,0.079563,0.056864,0.003439,False
704370,5,3,"[2,1,1,2,1]","[2,2,3]","[[0,1,2],[2],[0,2],[0,1,2],[0,1]]",FEASIBLE,FEASIBLE,FEASIBLE,null,0.086307,0.045141,0.002676,False
704371,1,1,[1],[3],[[0]],FEASIBLE,FEASIBLE,FEASIBLE,null,0.003026,0.009424,0.000495,False
704372,2,4,"[2,2]","[1,3,1,1]","[[0,1,2],[0,1,2,3]]",FEASIBLE,FEASIBLE,FEASIBLE,null,0.013043,0.025101,0.001505,False
704373,5,1,"[1,1,1,1,1]",[3],"[[0],[0],[0],[0],[0]]",UNSAT,UNSAT,UNSAT,"[0, 1, 2, 3]",0.035085,0.115302,0.005569,False
704374,6,6,"[1,3,2,3,1,3]","[3,3,3,2,3,3]","[[1],[1,3,4],[3,4],[0,2,3,4,5],[1,2,3],[0,3,4]]",UNSAT,UNSAT,UNSAT,"[1, 2, 5]",0.169869,0.081333,0.007748,False
704375,5,6,"[2,1,1,2,3]","[2,2,3,3,1,1]","[[0,2,3],[0,1,2,3,5],[1,4],[1,2,4],[0,1,2,3,4,5]]",FEASIBLE,FEASIBLE,FEASIBLE,null,0.147678,0.047782,0.004452,False
704376,4,5,"[1,1,2,1]","[1,2,2,3,3]","[[1,2,3,4],[1,2,3,4],[0,1,2,3,4],[4]]",FEASIBLE,FEASIBLE,FEASIBLE,null,0.060129,0.03411,0.003079,False
704377,4,6,"[2,3,1,2]","[1,3,2,2,1,1]","[[2,5],[0,1,2,3,4,5],[1,2,4,5],[1,5]]",UNSAT,UNSAT,UNSAT,"[0, 3]",0.031406,0.047706,0.004079,False
704378,5,2,"[1,2,1,1,1]","[1,3]","[[0],[0,1],[0],[0],[1]]",UNSAT,UNSAT,UNSAT,"[0, 1]",0.012433,0.036072,0.003212,False
704379,6,7,"[3,1,1,3,3,2]","[3,2,2,1,2,3,2]","[[2,3,5,6],[3],[1,3,6],[0,1,2,3,4,5,6],[1,2,3,4,5,6],[0,2,4]]",FEASIBLE,FEASIBLE,FEASIBLE,null,0.357064,0.082527,0.006136,False
704380,2,2,"[1,1]","[3,1]","[[0],[0]]",FEASIBLE,FEASIBLE,FEASIBLE,null,0.007744,0.014768,0.001072,False
704381,4,1,"[1,1,1,1]",[3],"[[0],[0],[0],[0]]",UNSAT,UNSAT,UNSAT,"[0, 1, 2, 3]",0.021002,0.029693,0.002219,False
704382,3,2,"[1,1,1]","[3,2]","[[0],[1],[0,1]]",FEASIBLE,FEASIBLE,FEASIBLE,null,0.015497,0.019148,0.001377,False
704383,3,2,"[1,1,1]","[1,3]","[[0],[0],[0,1]]",UNSAT,UNSAT,UNSAT,"[0, 1]",0.009383,0.028752,0.001963,False
704384,7,3,"[1,2,1,1,1,3,1]","[3,1,3]","[[2],[0,2],[0,1,2],[0],[0,1,2],[0,1,2],[1]]",UNSAT,UNSAT,UNSAT,"[5, 6]",0.069285,0.138604,0.005571,False
704385,5,2,"[1,2,1,1,2]","[3,3]","[[1],[0,1],[0],[0,1],[0,1]]",UNSAT,UNSAT,UNSAT,"[0, 1, 2, 3, 4]",0.063884,0.043057,0.004794,False
704386,3,6,"[2,1,1]","[1,2,3,3,2,3]","[[0,1,2,3,4,5],[2],[2]]",FEASIBLE,FEASIBLE,FEASIBLE,null,0.032438,0.026395,0.002547,False
704387,5,3,"[1,1,2,1,1]","[3,2,2]","[[1],[0,1,2],[1,2],[1],[0]]",UNSAT,UNSAT,UNSAT,"[0, 2, 3]",0.051409,0.040841,0.004466,False
704388,6,7,"[1,1,2,1,2,1]","[2,2,3,3,2,1,1]","[[4],[4],[0,1,2,3,4,5,6],[0,1,2,3,4,5,6],[1,4,5],[0,1,3]]",FEASIBLE,FEASIBLE,FEASIBLE,null,0.353739,0.049189,0.004656,False
704389,3,4,"[1,1,1]","[2,2,1,1]","[[2],[0,1,2,3],[2]]",UNSAT,UNSAT,UNSAT,"[0, 2]",0.017282,0.029313,0.002491,False
704390,7,1,"[1,1,1,1,1,1,1]",[2],"[[0],[0],[0],[0],[0],[0],[0]]",UNSAT,UNSAT,UNSAT,"[0, 1, 2]",0.036793,0.041766,0.003297,False
704391,1,6,[1],"[3,1,2,1,3,2]",[[5]],FEASIBLE,FEASIBLE,FEASIBLE,null,0.005629,0.012887,0.001109,False
704392,2,2,"[2,1]","[1,3]","[[0,1],[0]]",UNSAT,UNSAT,UNSAT,"[0, 1]",0.007526,0.028477,0.001735,False
704393,2,2,"[1,2]","[2,1]","[[0],[0,1]]",FEASIBLE,FEASIBLE,FEASIBLE,null,0.007633,0.017384,0.001127,False
704394,7,3,"[2,2,1,1,2,2,1]","[3,2,1]","[[1,2],[0,1],[1],[1,2],[0,1,2],[0,1],[0,1]]",UNSAT,UNSAT,UNSAT,"[0, 1, 2]",0.073603,0.059233,0.005088,False
704395,3,5,"[1,1,1]","[3,2,2,2,2]","[[2],[0,1],[3]]",FEASIBLE,FEASIBLE,FEASIBLE,null,0.028345,0.021363,0.001536,False
704396,5,2,"[1,1,2,1,1]","[2,2]","[[0],[0,1],[0,1],[0],[0]]",UNSAT,UNSAT,UNSAT,"[0, 2, 3]",0.037149,0.131721,0.003388,False
704397,2,1,"[1,1]",[3],"[[0],[0]]",FEASIBLE,FEASIBLE,FEASIBLE,null,0.006013,0.014229,0.001816,False
704398,6,7,"[2,1,1,3,1,1]","[1,2,1,2,3,1,1]","[[0,1,3,4,6],[2,6],[4],[0,1,2,3,4],[5,6],[0,3,4]]",FEASIBLE,FEASIBLE,FEASIBLE,null,0.355307,0.049135,0.004352,False
704399,2,6,"[1,3]","[1,1,2,3,1,2]","[[1,5],[0,1,4,5]]",FEASIBLE,FEASIBLE,FEASIBLE,null,0.015062,0.024644,0.002001,False
704400,6,3,"[1,1,2,1,1,1]","[3,3,1]","[[0],[1,2],[0,1,2],[2],[1],[1]]",UNSAT,UNSAT,UNSAT,"[1, 2, 3, 4, 5]",0.232411,0.048577,0.003992,False
704401,5,4,"[1,1,1,1,3]","[2,2,1,3]","[[3],[0,3],[1,3],[0,1,2,3],[0,1,3]]",FEASIBLE,FEASIBLE,FEASIBLE,null,0.107184,0.047081,0.003381,False
704402,1,7,[1],"[2,1,3,1,3,2,1]","[[1,2,3,4,5,6]]",FEASIBLE,FEASIBLE,FEASIBLE,null,0.006742,0.017075,0.001692,False
704403,3,5,"[1,3,1]","[2,1,3,3,3]","[[0],[0,1,2,3,4],[0,2]]",FEASIBLE,FEASIBLE,FEASIBLE,null,0.029317,0.031034,0.002122,False
704404,2,3,"[1,3]","[3,1,3]","[[0,1,2],[0,1,2]]",FEASIBLE,FEASIBLE,FEASIBLE,null,0.009576,0.022172,0.001439,False
704405,7,1,"[1,1,1,1,1,1,1]",[2],"[[0],[0],[0],[0],[0],[0],[0]]",UNSAT,UNSAT,UNSAT,"[0, 1, 2]",0.03691,0.039789,0.00276,False
704406,6,4,"[2,2,3,1,2,2]","[2,2,3,3]","[[0,1,2,3],[1,3],[0,1,2,3],[0],[0,1],[1,2,3]]",UNSAT,UNSAT,UNSAT,"[1, 2, 3, 4]",0.174431,0.083984,0.006396,False
704407,3,4,"[1,3,1]","[1,1,2,3]","[[1],[0,2,3],[2]]",FEASIBLE,FEASIBLE,FEASIBLE,null,0.024151,0.02555,0.002078,False
704408,7,3,"[2,3,1,1,1,1,1]","[1,1,3]","[[0,2],[0,1,2],[0,1,2],[0],[0,2],[0,1,2],[2]]",UNSAT,UNSAT,UNSAT,"[0, 1]",0.020513,0.161149,0.006455,False
704409,7,6,"[3,2,3,3,1,2,3]","[1,3,1,1,2,3]","[[1,2,3,5],[0,1],[1,2,4,5],[0,1,2,3,4,5],[5],[1,4],[0,1,3]]",UNSAT,UNSAT,UNSAT,"[1, 6]",0.078996,0.081552,0.007159,False
704410,6,5,"[2,2,2,1,2,1]","[1,3,1,1,1]","[[2,4],[0,2,3],[0,3,4],[0,1,3,4],[0,1,3,4],[0,1,2,4]]",UNSAT,UNSAT,UNSAT,"[0, 1, 2]",0.08225,0.064752,0.005973,False
704411,1,5,[3],"[3,2,1,3,2]","[[0,2,4]]",FEASIBLE,FEASIBLE,FEASIBLE,null,0.005305,0.018321,0.00139,False
704412,5,2,"[1,1,2,1,1]","[3,2]","[[0,1],[1],[0,1],[0],[0]]",UNSAT,UNSAT,UNSAT,"[0, 1, 2, 3, 4]",0.063499,0.03923,0.003153,False
704413,5,7,"[3,1,3,3,2]","[2,1,3,3,2,2,3]","[[0,1,2,3,4,5,6],[1,2,6],[3,4,5,6],[0,2,3,4,5,6],[0,1,3,4,5]]",FEASIBLE,FEASIBLE,FEASIBLE,null,0.171606,0.059098,0.004798,False
704414,7,2,"[1,1,1,1,2,1,1]","[2,2]","[[0],[0,1],[1],[0,1],[0,1],[0,1],[0]]",UNSAT,UNSAT,UNSAT,"[0, 4, 6]",0.078809,0.048816,0.00362,False
704415,3,1,"[1,1,1]",[2],"[[0],[0],[0]]",UNSAT,UNSAT,UNSAT,"[0, 1, 2]",0.011005,0.02522,0.002309,False
704416,3,1,"[1,1,1]",[2],"[[0],[0],[0]]",UNSAT,UNSAT,UNSAT,"[0, 1, 2]",0.011066,0.025072,0.002155,False
704417,1,7,[3],"[1,1,1,2,1,3,1]","[[0,1,2,3,6]]",FEASIBLE,FEASIBLE,FEASIBLE,null,0.006598,0.022346,0.001532,False
704418,6,6,"[3,2,1,3,2,3]","[3,2,1,2,1,3]","[[0,3,4,5],[1,3,4,5],[0,1,2,3],[0,1,2,3,4,5],[0,2,3,4,5],[0,1,3,5]]",UNSAT,UNSAT,UNSAT,"[0, 1, 3, 4, 5]",0.28715,0.186669,0.009201,False
704419,1,7,[2],"[1,2,2,3,3,3,2]","[[3,4]]",FEASIBLE,FEASIBLE,FEASIBLE,null,0.006414,0.016007,0.001214,False
704420,5,5,"[3,1,1,3,1]","[2,2,1,3,1]","[[0,1,2,3,4],[0,2,3,4],[0],[1,3,4],[3]]",FEASIBLE,FEASIBLE,FEASIBLE,null,0.125868,0.054399,0.003786,False
704421,4,1,"[1,1,1,1]",[1],"[[0],[0],[0],[0]]",UNSAT,UNSAT,UNSAT,"[0, 1]",0.007981,0.028106,0.002145,False
704422,2,2,"[1,1]","[3,2]","[[0,1],[1]]",FEASIBLE,FEASIBLE,FEASIBLE,null,0.007656,0.015517,0.001086,False
704423,2,6,"[1,1]","[1,2,1,2,3,2]","[[0,1,2,3,4,5],[2,3,5]]",FEASIBLE,FEASIBLE,FEASIBLE,null,0.014639,0.021482,0.002007,False
704424,2,5,"[1,3]","[2,2,1,3,2]","[[0,1,3,4],[0,3,4]]",FEASIBLE,FEASIBLE,FEASIBLE,null,0.012801,0.023489,0.001638,False
704425,2,3,"[2,1]","[1,2,1]","[[0,1],[2]]",FEASIBLE,FEASIBLE,FEASIBLE,null,0.00922,0.0176,0.001238,False
704426,5,3,"[1,2,1,1,3]","[1,2,3]","[[0,1],[0,1,2],[1],[1],[0,1,2]]",UNSAT,UNSAT,UNSAT,"[0, 1, 4]",0.04631,0.045882,0.003472,False
704427,3,1,"[1,1,1]",[1],"[[0],[0],[0]]",UNSAT,UNSAT,UNSAT,"[0, 1]",0.006857,0.024752,0.001459,False
704428,1,1,[1],[1],[[0]],FEASIBLE,FEASIBLE,FEASIBLE,null,0.002803,0.009967,0.000704,False
704429,7,7,"[1,3,1,3,3,3,2]","[3,3,3,3,2,3,2]","[[1,3],[0,1,2,3,4,5,6],[0,2,3,4,6],[0,1,2,4,5,6],[1,4,6],[1,2,3,6],[0,1,2,3,4,5,6]]",FEASIBLE,FEASIBLE,FEASIBLE,null,0.766059,0.106013,0.007621,False
704430,4,5,"[2,1,3,2]","[3,3,3,3,2]","[[0,1,2,3,4],[2,4],[1,2,3,4],[0,1,3,4]]",FEASIBLE,FEASIBLE,FEASIBLE,null,0.062629,0.122501,0.003032,False
704431,1,6,[1],"[1,2,3,2,2,1]","[[1,2,3,4,5]]",FEASIBLE,FEASIBLE,FEASIBLE,null,0.005899,0.015191,0.001321,False
704432,2,4,"[1,1]","[3,2,2,1]","[[0,2],[0]]",FEASIBLE,FEASIBLE,FEASIBLE,null,0.011363,0.01604,0.001069,False
704433,1,4,[1],"[2,2,2,1]","[[0,1,3]]",FEASIBLE,FEASIBLE,FEASIBLE,null,0.004489,0.01598,0.000988,False
704434,2,2,"[1,2]","[1,1]","[[0],[0,1]]",UNSAT,UNSAT,UNSAT,"[0, 1]",0.009575,0.02995,0.00173,False
704435,7,3,"[1,1,1,1,1,2,1]","[2,1,3]","[[1],[0,1,2],[0],[0],[1],[1,2],[0,1,2]]",UNSAT,UNSAT,UNSAT,"[0, 4]",0.028188,0.065136,0.004473,False
704436,2,5,"[2,1]","[1,3,2,1,1]","[[0,1,2,3,4],[1,2,3,4]]",FEASIBLE,FEASIBLE,FEASIBLE,null,0.013242,0.022679,0.001896,False
704437,5,5,"[2,1,1,3,1]","[3,2,1,1,3]","[[0,3],[1,2,3,4],[4],[0,2,3],[2,3,4]]",UNSAT,UNSAT,UNSAT,"[0, 3]",0.030679,0.049432,0.003645,False
704438,1,3,[1],"[2,3,2]","[[0,1,2]]",FEASIBLE,FEASIBLE,FEASIBLE,null,0.004044,0.013253,0.000941,False
704439,1,6,[2],"[2,1,2,3,1,1]","[[1,3,4]]",FEASIBLE,FEASIBLE,FEASIBLE,null,0.005451,0.016024,0.001197,False
704440,4,1,"[1,1,1,1]",[2],"[[0],[0],[0],[0]]",UNSAT,UNSAT,UNSAT,"[0, 1, 2]",0.01615,0.02928,0.002015,False
704441,1,3,[1],"[1,1,3]",[[2]],FEASIBLE,FEASIBLE,FEASIBLE,null,0.004033,0.012516,0.00076,False
704442,2,3,"[2,1]","[1,1,3]","[[0,2],[2]]",FEASIBLE,FEASIBLE,FEASIBLE,null,0.00925,0.017713,0.001127,False
704443,4,2,"[1,1,1,1]","[2,3]","[[0],[0,1],[0],[0]]",UNSAT,UNSAT,UNSAT,"[0, 2, 3]",0.026013,0.054623,0.002604,False
704444,5,3,"[1,3,1,2,3]","[3,2,3]","[[0,1,2],[0,1,2],[0,1,2],[0,1],[0,1,2]]",UNSAT,UNSAT,UNSAT,"[1, 3, 4]",0.061978,0.074028,0.005415,False
704445,6,7,"[1,1,1,1,2,1]","[2,2,1,1,2,1,2]","[[1,2,3,4,5,6],[0,1,3],[0],[3],[2,3,6],[2]]",UNSAT,UNSAT,UNSAT,"[3, 4, 5]",0.324258,0.0532,0.004591,False
704446,2,2,"[1,1]","[2,3]","[[1],[0]]",FEASIBLE,FEASIBLE,FEASIBLE,null,0.008088,0.015003,0.000836,False
704447,5,7,"[2,1,1,3,2]","[1,2,1,1,2,1,2]","[[0,1,2,3,4,5,6],[0,1,2,3,4,5,6],[0,2,3,4,5],[0,1,2,3,4,5,6],[1,4,5,6]]",FEASIBLE,FEASIBLE,FEASIBLE,null,0.168522,0.061667,0.005305,False
704448,7,4,"[3,2,1,2,1,1,3]","[1,3,2,3]","[[0,1,2,3],[0,2],[3],[0,1,2,3],[0,3],[0,2],[0,1,2,3]]",UNSAT,UNSAT,UNSAT,"[0, 1, 5]",0.099925,0.070769,0.005813,False
704449,2,2,"[1,1]","[1,1]","[[1],[1]]",UNSAT,UNSAT,UNSAT,"[0, 1]",0.007694,0.021807,0.001356,False
704450,2,3,"[1,1]","[3,2,1]","[[0],[0,2]]",FEASIBLE,FEASIBLE,FEASIBLE,null,0.009221,0.015982,0.001063,False
704451,4,5,"[1,1,1,1]","[1,1,2,1,3]","[[4],[0],[0,1,2,3,4],[2]]",FEASIBLE,FEASIBLE,FEASIBLE,null,0.059924,0.027683,0.002233,False
704452,1,1,[1],[2],[[0]],FEASIBLE,FEASIBLE,FEASIBLE,null,0.002867,0.009348,0.000759,False
704453,2,5,"[1,1]","[2,2,3,1,1]","[[0,1,2,3],[2]]",FEASIBLE,FEASIBLE,FEASIBLE,null,0.012974,0.018296,0.001434,False
704454,4,2,"[1,1,2,1]","[2,1]","[[1],[0],[0,1],[1]]",UNSAT,UNSAT,UNSAT,"[0, 2]",0.012693,0.034453,0.00232,False
704455,6,1,"[1,1,1,1,1,1]",[3],"[[0],[0],[0],[0],[0],[0]]",UNSAT,UNSAT,UNSAT,"[0, 1, 2, 3]",0.05508,0.037525,0.002643,False
704456,1,7,[3],"[1,2,1,1,2,3,3]","[[0,1,2,3,4,5,6]]",FEASIBLE,FEASIBLE,FEASIBLE,null,0.006349,0.022021,0.00167,False
704457,6,3,"[1,2,1,3,2,1]","[2,3,3]","[[0],[0,1],[2],[0,1,2],[0,2],[0,1,2]]",UNSAT,UNSAT,UNSAT,"[0, 1, 3]",0.057821,0.134346,0.003632,False
704458,1,5,[1],"[2,3,1,1,3]","[[0,1,2,3,4]]",FEASIBLE,FEASIBLE,FEASIBLE,null,0.005712,0.016525,0.001154,False
704459,5,7,"[3,1,1,1,3]","[2,1,2,1,2,1,1]","[[0,1,2,3,4,5,6],[0,1,3,4,5,6],[4],[0,1,2,3,4,5,6],[0,1,3,4,5,6]]",FEASIBLE,FEASIBLE,FEASIBLE,null,0.167952,0.054994,0.004592,False
704460,7,4,"[2,1,2,2,1,3,1]","[1,1,1,2]","[[0,1,2,3],[1,2,3],[0,2,3],[0,2],[1,3],[0,1,2,3],[0,2]]",UNSAT,UNSAT,UNSAT,"[2, 3]",0.059431,0.067017,0.00583,False
704461,6,6,"[1,1,2,2,1,1]","[1,3,3,2,3,2]","[[0],[5],[0,1,2,4,5],[0,2,3,4,5],[0,1,4],[0,1,2,3,4,5]]",FEASIBLE,FEASIBLE,FEASIBLE,null,0.310699,0.048831,0.003764,False
704462,4,5,"[1,3,2,1]","[1,2,1,2,1]","[[0,2],[0,1,2,4],[0,4],[0,1,2,3,4]]",UNSAT,UNSAT,UNSAT,"[1, 2]",0.03091,0.046228,0.00403,False
704463,4,1,"[1,1,1,1]",[1],"[[0],[0],[0],[0]]",UNSAT,UNSAT,UNSAT,"[0, 1]",0.007988,0.028673,0.001881,False
704464,3,3,"[1,1,1]","[2,3,3]","[[2],[0],[2]]",FEASIBLE,FEASIBLE,FEASIBLE,null,0.019664,0.018926,0.001278,False
704465,4,6,"[1,1,1,2]","[1,2,3,3,2,1]","[[0,1,2,3,4,5],[3],[0,5],[0,2,3,4]]",FEASIBLE,FEASIBLE,FEASIBLE,null,0.105132,0.03602,0.002629,False
704466,5,7,"[2,2,1,2,1]","[2,1,3,1,1,1,2]","[[0,1,2,3,4,5,6],[2,3,6],[0,1,3],[1,2,3,5],[0,1,4,5,6]]",FEASIBLE,FEASIBLE,FEASIBLE,null,0.168616,0.128576,0.003721,False
704467,7,7,"[2,1,3,3,1,2,1]","[2,3,1,1,2,2,2]","[[0,2,3,4,5],[1,2],[0,3,4,5],[0,1,2,3,4,5,6],[1],[1,2,3,5,6],[4]]",FEASIBLE,FEASIBLE,FEASIBLE,null,0.801678,0.093119,0.00629,False
704468,3,6,"[3,1,3]","[2,1,2,1,2,1]","[[1,4,5],[0],[1,2,5]]",UNSAT,UNSAT,UNSAT,"[0, 2]",0.023527,0.039999,0.003151,False
704469,2,6,"[2,1]","[2,2,2,1,1,2]","[[0,5],[0,1,2,3,4,5]]",FEASIBLE,FEASIBLE,FEASIBLE,null,0.015003,0.023142,0.001828,False
704470,5,7,"[1,3,3,2,1]","[3,2,2,1,3,1,3]","[[2],[1,3,4],[0,1,2,3,4,5,6],[0,2,3],[0,1,2,3,4,5,6]]",FEASIBLE,FEASIBLE,FEASIBLE,null,0.171358,0.064665,0.004723,False
704471,7,4,"[1,1,2,3,2,2,1]","[1,1,3,3]","[[0,1,2,3],[1,2,3],[1,2],[1,2,3],[0,3],[0,2],[2,3]]",UNSAT,UNSAT,UNSAT,"[2, 3]",0.059487,0.069134,0.005533,False
704472,3,2,"[2,1,1]","[1,1]","[[0,1],[1],[0]]",UNSAT,UNSAT,UNSAT,"[0, 1]",0.009557,0.029223,0.002153,False
704473,6,5,"[1,1,1,1,1,1]","[1,1,3,2,2]","[[0,4],[0,1,2,4],[1,4],[0],[2],[0]]",UNSAT,UNSAT,UNSAT,"[3, 5]",0.073792,0.059692,0.004283,False
704474,6,1,"[1,1,1,1,1,1]",[2],"[[0],[0],[0],[0],[0],[0]]",UNSAT,UNSAT,UNSAT,"[0, 1, 2]",0.028814,0.055328,0.002539,False
704475,3,2,"[1,1,1]","[2,2]","[[0,1],[0,1],[0]]",FEASIBLE,FEASIBLE,FEASIBLE,null,0.016184,0.028932,0.001802,False
704476,7,7,"[2,2,1,1,2,1,1]","[3,2,2,1,2,3,1]","[[0,1,6],[0,1,4,5,6],[2,3,6],[3,6],[0,3,4,5,6],[6],[3]]",UNSAT,UNSAT,UNSAT,"[3, 5, 6]",0.340561,0.146527,0.005147,False
704477,6,3,"[1,1,1,2,1,1]","[1,3,2]","[[2],[0,2],[0],[0,1],[1,2],[2]]",UNSAT,UNSAT,UNSAT,"[2, 3]",0.0412,0.044751,0.004158,False
704478,2,5,"[1,2]","[1,1,2,2,2]","[[3],[1,2,3,4]]",FEASIBLE,FEASIBLE,FEASIBLE,null,0.013211,0.020858,0.001555,False
704479,3,7,"[2,1,1]","[2,1,2,2,1,2,1]","[[0,1,2,3,4,5,6],[4],[2,5]]",FEASIBLE,FEASIBLE,FEASIBLE,null,0.036715,0.02812,0.002297,False
704480,2,5,"[3,1]","[1,3,1,1,3]","[[2,3,4],[3]]",UNSAT,UNSAT,UNSAT,"[0, 1]",0.012693,0.028908,0.00217,False
704481,2,7,"[2,1]","[3,3,2,1,2,2,3]","[[0,1,2,3,4,5,6],[0,2,3,5]]",FEASIBLE,FEASIBLE,FEASIBLE,null,0.016753,0.02557,0.002053,False
704482,5,1,"[1,1,1,1,1]",[2],"[[0],[0],[0],[0],[0]]",UNSAT,UNSAT,UNSAT,"[0, 1, 2]",0.021971,0.033702,0.002323,False
704483,1,1,[1],[2],[[0]],FEASIBLE,FEASIBLE,FEASIBLE,null,0.003023,0.009937,0.000598,False
704484,7,3,"[1,2,1,2,2,1,1]","[1,1,2]","[[0,1],[1,2],[0,1,2],[0,1,2],[0,1,2],[1],[2]]",UNSAT,UNSAT,UNSAT,"[1, 5]",0.042577,0.056903,0.004861,False
704485,2,3,"[2,2]","[2,2,1]","[[0,1],[0,1,2]]",FEASIBLE,FEASIBLE,FEASIBLE,null,0.009785,0.021495,0.001406,False
704486,2,7,"[1,2]","[2,2,1,2,1,2,3]","[[1,2,3,4],[0,1,2,6]]",FEASIBLE,FEASIBLE,FEASIBLE,null,0.016279,0.023027,0.001817,False
704487,5,3,"[1,1,1,1,2]","[3,2,1]","[[1,2],[0,1,2],[1,2],[0,1],[0,1]]",FEASIBLE,FEASIBLE,FEASIBLE,null,0.083611,0.044263,0.002799,False
704488,2,7,"[2,2]","[3,3,1,3,2,1,1]","[[0,1,2,3,4,5],[1,4,5]]",FEASIBLE,FEASIBLE,FEASIBLE,null,0.016546,0.168983,0.001936,False
704489,3,4,"[1,1,2]","[1,1,3,3]","[[0,1,2,3],[1,2],[0,1,2,3]]",FEASIBLE,FEASIBLE,FEASIBLE,null,0.024741,0.028145,0.002119,False
704490,6,2,"[1,1,1,1,2,1]","[1,1]","[[0],[1],[0,1],[0,1],[0,1],[0]]",UNSAT,UNSAT,UNSAT,"[0, 4]",0.019919,0.042572,0.004241,False
704491,4,3,"[1,2,1,1]","[1,1,1]","[[1],[0,2],[0],[1]]",UNSAT,UNSAT,UNSAT,"[0, 3]",0.01872,0.034978,0.003269,False
704492,4,4,"[1,2,1,2]","[2,1,2,3]","[[0,3],[0,1,2,3],[3],[0,2,3]]",FEASIBLE,FEASIBLE,FEASIBLE,null,0.052665,0.033339,0.002087,False
704493,7,1,"[1,1,1,1,1,1,1]",[2],"[[0],[0],[0],[0],[0],[0],[0]]",UNSAT,UNSAT,UNSAT,"[0, 1, 2]",0.037411,0.040588,0.002668,False
704494,5,3,"[1,1,1,1,2]","[2,2,2]","[[0,1],[1],[1],[2],[0,1]]",UNSAT,UNSAT,UNSAT,"[1, 2, 4]",0.076474,0.040556,0.002727,False
704495,4,4,"[2,2,2,1]","[3,2,3,1]","[[0,1,2,3],[1,3],[1,3],[0]]",UNSAT,UNSAT,UNSAT,"[1, 2]",0.026036,0.051795,0.003506,False
704496,6,2,"[1,1,2,1,1,1]","[3,1]","[[0],[0,1],[0,1],[1],[1],[0,1]]",UNSAT,UNSAT,UNSAT,"[2, 3]",0.030402,0.044389,0.003264,False
704497,6,7,"[2,2,2,1,1,2]","[1,2,3,3,1,3,1]","[[0,2,4,5],[0,1,2,3,4,5],[0,4],[1,3,5],[2],[0,3,5]]",FEASIBLE,FEASIBLE,FEASIBLE,null,0.354168,0.064643,0.005536,False
704498,2,3,"[1,1]","[3,1,2]","[[1],[1,2]]",FEASIBLE,FEASIBLE,FEASIBLE,null,0.009538,0.016666,0.001255,False
704499,5,2,"[1,2,1,1,1]","[3,2]","[[1],[0,1],[1],[1],[0,1]]",UNSAT,UNSAT,UNSAT,"[0, 1, 2]",0.033385,0.038052,0.003823,False
704500,1,6,[3],"[2,1,3,2,3,1]","[[0,1,3,4,5]]",FEASIBLE,FEASIBLE,FEASIBLE,null,0.00582,0.102916,0.001892,False
704501,7,6,"[1,1,3,1,3,3,2]","[3,1,1,2,3,2]","[[1,5],[1,2,3,5],[0,1,4,5],[4,5],[1,2,4],[1,3,5],[1,2,3,4]]",UNSAT,UNSAT,UNSAT,"[4, 5]",0.1139,0.078446,0.007387,False
704502,3,4,"[1,1,1]","[3,2,3,1]","[[2],[0,1,2,3],[1]]",FEASIBLE,FEASIBLE,FEASIBLE,null,0.024342,0.022165,0.001687,False
704503,4,6,"[3,1,2,2]","[3,3,2,1,3,3]","[[0,1,2,3,4,5],[1,2,4],[0,1,2,5],[0,1,2,3,4,5]]",FEASIBLE,FEASIBLE,FEASIBLE,null,0.071936,0.042405,0.003513,False
704504,1,3,[2],"[2,1,1]","[[1,2]]",FEASIBLE,FEASIBLE,FEASIBLE,null,0.00434,0.013581,0.001027,False
704505,1,3,[1],"[1,3,3]","[[0,1]]",FEASIBLE,FEASIBLE,FEASIBLE,null,0.004185,0.011086,0.000775,False
704506,1,4,[3],"[3,1,2,2]","[[0,1,3]]",FEASIBLE,FEASIBLE,FEASIBLE,null,0.004448,0.016374,0.001051,False
704507,3,1,"[1,1,1]",[1],"[[0],[0],[0]]",UNSAT,UNSAT,UNSAT,"[0, 1]",0.00825,0.024454,0.001613,False
704508,5,1,"[1,1,1,1,1]",[2],"[[0],[0],[0],[0],[0]]",UNSAT,UNSAT,UNSAT,"[0, 1, 2]",0.022014,0.033461,0.002067,False
704509,7,5,"[3,3,1,3,1,1,2]","[2,3,2,2,1]","[[2,3,4],[0,1,2,3,4],[1],[1,2,4],[3],[0],[0,2]]",UNSAT,UNSAT,UNSAT,"[0, 3]",0.037693,0.067049,0.005493,False
704510,2,5,"[2,1]","[2,1,2,1,3]","[[0,1,2,4],[1]]",FEASIBLE,FEASIBLE,FEASIBLE,null,0.013816,0.028667,0.001921,False
704511,5,5,"[3,1,2,1,1]","[3,3,1,1,1]","[[1,3,4],[0,1,3,4],[0,1,2,3,4],[0,1,2,3,4],[3]]",UNSAT,UNSAT,UNSAT,"[0, 4]",0.034228,0.054666,0.004206,False
704512,7,7,"[1,2,2,1,3,1,2]","[1,3,3,2,3,3,3]","[[0,1,2,3,4,5,6],[3,6],[0,1,2,3,4,5,6],[0,1,3,4,5,6],[0,1,2,3,4,5,6],[5,6],[0,1]]",FEASIBLE,FEASIBLE,FEASIBLE,null,0.739239,0.176638,0.006911,False
704513,6,7,"[1,2,2,1,3,1]","[3,3,3,2,1,1,3]","[[0],[0,1,4,6],[1,2,4,5,6],[4,5],[1,4,6],[2,4,5]]",FEASIBLE,FEASIBLE,FEASIBLE,null,0.378514,0.063347,0.00426,False
704514,4,5,"[1,3,1,1]","[2,3,2,1,2]","[[1,2,4],[0,1,2,3],[1],[0]]",FEASIBLE,FEASIBLE,FEASIBLE,null,0.062826,0.032794,0.002076,False
704515,2,2,"[1,2]","[1,1]","[[1],[0,1]]",UNSAT,UNSAT,UNSAT,"[0, 1]",0.00807,0.025163,0.001623,False
704516,3,1,"[1,1,1]",[1],"[[0],[0],[0]]",UNSAT,UNSAT,UNSAT,"[0, 1]",0.007067,0.024703,0.001415,False
704517,7,5,"[1,3,1,2,1,1,1]","[1,3,3,3,3]","[[0,1],[0,1,2,3],[0,1,3],[0,3],[4],[0,2,3,4],[0,1,2,3,4]]",FEASIBLE,FEASIBLE,FEASIBLE,null,0.574954,0.071645,0.004832,False
704518,2,5,"[2,1]","[3,3,2,2,1]","[[0,1,2,3,4],[0,1,3]]",FEASIBLE,FEASIBLE,FEASIBLE,null,0.013704,0.022836,0.001717,False
704519,1,4,[1],"[3,1,2,2]",[[0]],FEASIBLE,FEASIBLE,FEASIBLE,null,0.004613,0.011307,0.000792,False
704520,6,3,"[1,1,1,1,1,1]","[2,1,1]","[[1],[0,1],[0,1],[2],[0],[1]]",UNSAT,UNSAT,UNSAT,"[0, 5]",0.030542,0.043537,0.003083,False
704521,2,4,"[1,1]","[2,2,3,1]","[[2],[1,3]]",FEASIBLE,FEASIBLE,FEASIBLE,null,0.012831,0.017003,0.001177,False
704522,7,7,"[1,1,1,1,1,2,2]","[2,1,3,2,1,1,2]","[[2,3,4],[0,2,5],[0,4,5,6],[0,2,3,4,5,6],[3],[0,1,2,3,4,5,6],[1,3,4,6]]",FEASIBLE,FEASIBLE,FEASIBLE,null,0.767349,0.151142,0.004591,False
704523,7,6,"[2,3,2,2,1,2,1]","[2,3,2,3,1,3]","[[0,3,5],[1,3,5],[0,1,2,3,4,5],[1,4,5],[1,2,4],[1,3],[0,1,2,3,4,5]]",FEASIBLE,FEASIBLE,FEASIBLE,null,0.72268,0.114454,0.005442,False
704524,5,2,"[1,1,1,1,2]","[1,1]","[[0],[1],[0],[1],[0,1]]",UNSAT,UNSAT,UNSAT,"[0, 2]",0.016891,0.039764,0.002577,False
704525,7,5,"[1,2,1,1,1,1,3]","[3,1,2,1,2]","[[1,4],[0,1,2,3,4],[0,1,2,4],[0,1,3],[1,2],[1],[0,1,2,3,4]]",UNSAT,UNSAT,UNSAT,"[0, 1, 2, 3, 4, 5, 6]",0.562178,0.105582,0.007556,False
704526,7,4,"[2,2,3,3,1,3,1]","[1,1,2,1]","[[0,2,3],[0,3],[1,2,3],[0,1,3],[1],[0,2,3],[1,2]]",UNSAT,UNSAT,UNSAT,"[0, 1]",0.026028,0.082841,0.005401,False
704527,7,7,"[1,2,1,1,3,2,2]","[2,2,3,1,2,1,3]","[[2,4],[0,1,4],[1],[0,1,2,4],[0,1,2,3,6],[3,4],[0,1,2,3,4,5,6]]",FEASIBLE,FEASIBLE,FEASIBLE,null,0.756506,0.083165,0.005315,False
704528,4,5,"[2,2,2,1]","[2,3,3,2,1]","[[0,1,2,3,4],[0,1,2,3],[3,4],[2]]",FEASIBLE,FEASIBLE,FEASIBLE,null,0.061941,0.037553,0.004003,False
704529,7,2,"[1,1,1,2,1,2,2]","[1,3]","[[0],[0],[1],[0,1],[0,1],[0,1],[0,1]]",UNSAT,UNSAT,UNSAT,"[0, 1]",0.033314,0.05892,0.003736,False
704530,6,2,"[1,1,1,1,2,1]","[1,1]","[[0],[0,1],[0],[0,1],[0,1],[1]]",UNSAT,UNSAT,UNSAT,"[0, 2]",0.016791,0.049708,0.003063,False
704531,5,7,"[1,1,1,1,1]","[2,2,3,3,2,2,3]","[[2,4,5],[3],[1,2],[3],[2,4,6]]",FEASIBLE,FEASIBLE,FEASIBLE,null,0.171633,0.127726,0.002486,False
704532,6,5,"[1,1,1,1,3,1]","[3,2,3,2,1]","[[1,3,4],[2],[1],[3],[0,1,2,3,4],[0,1,4]]",FEASIBLE,FEASIBLE,FEASIBLE,null,0.266132,0.05339,0.003121,False
704533,2,7,"[2,3]","[2,1,3,2,3,1,2]","[[0,1,2,4,5,6],[0,2,3,6]]",FEASIBLE,FEASIBLE,FEASIBLE,null,0.017806,0.030921,0.0023,False
704534,3,1,"[1,1,1]",[2],"[[0],[0],[0]]",UNSAT,UNSAT,UNSAT,"[0, 1, 2]",0.01137,0.026657,0.001612,False
704535,4,1,"[1,1,1,1]",[1],"[[0],[0],[0],[0]]",UNSAT,UNSAT,UNSAT,"[0, 1]",0.008349,0.029498,0.00183,False
704536,6,6,"[1,3,2,3,1,1]","[1,3,2,3,1,1]","[[0,1,3,4,5],[0,2,5],[1,4],[1,2,5],[3],[4]]",UNSAT,UNSAT,UNSAT,"[1, 3]",0.058104,0.076937,0.005889,False
704537,7,3,"[1,1,3,1,1,2,2]","[2,1,3]","[[0,1,2],[0,1],[0,1,2],[0,1],[1],[0,1],[0,1,2]]",UNSAT,UNSAT,UNSAT,"[2, 4]",0.05013,0.080957,0.005802,False
704538,6,5,"[1,1,1,3,1,2]","[1,2,3,1,1]","[[0,3],[0,1,2,4],[0,1,2,3,4],[0,1,2,3],[0],[1,4]]",UNSAT,UNSAT,UNSAT,"[0, 3, 4]",0.112878,0.080406,0.006036,False
704539,5,5,"[2,1,1,1,1]","[1,2,1,2,2]","[[0,1,2,3],[4],[0,2,3,4],[0,1,3],[1,2]]",FEASIBLE,FEASIBLE,FEASIBLE,null,0.163372,0.050721,0.003699,False
704540,4,5,"[1,1,1,1]","[3,3,2,2,3]","[[2],[2,3],[1],[0,1,2,4]]",FEASIBLE,FEASIBLE,FEASIBLE,null,0.061746,0.027553,0.002028,False
704541,1,2,[1],"[3,2]","[[0,1]]",FEASIBLE,FEASIBLE,FEASIBLE,null,0.003684,0.010809,0.000816,False
704542,1,5,[1],"[1,3,2,3,2]",[[0]],FEASIBLE,FEASIBLE,FEASIBLE,null,0.004971,0.098268,0.000899,False
704543,5,2,"[1,2,2,2,1]","[1,1]","[[1],[0,1],[0,1],[0,1],[0]]",UNSAT,UNSAT,UNSAT,"[0, 1]",0.013096,0.041399,0.003031,False
704544,7,6,"[3,2,1,1,2,3,2]","[1,2,2,2,2,2]","[[1,3,5],[0,1,3,4,5],[2],[0,1,2,3,4],[1,3],[0,1,2,4,5],[0,1,2,3]]",UNSAT,UNSAT,UNSAT,"[0, 1, 4, 5, 6]",0.563742,0.117369,0.010475,False
704545,6,7,"[2,2,3,1,1,2]","[1,1,3,3,3,2,2]","[[0,1,2,3,4,5,6],[0,3,5,6],[1,2,4],[3],[1,3,4,5],[0,1,2,3,4,5,6]]",FEASIBLE,FEASIBLE,FEASIBLE,null,0.366111,0.076881,0.006019,False
704546,2,7,"[3,3]","[2,2,1,1,1,3,3]","[[0,1,2,3,4,6],[0,4,5]]",FEASIBLE,FEASIBLE,FEASIBLE,null,0.017024,0.031785,0.002337,False
704547,4,5,"[1,1,3,3]","[1,1,2,1,1]","[[2],[0,1,2,4],[1,2,3,4],[0,1,3,4]]",UNSAT,UNSAT,UNSAT,"[2, 3]",0.039733,0.052467,0.004467,False
704548,4,1,"[1,1,1,1]",[2],"[[0],[0],[0],[0]]",UNSAT,UNSAT,UNSAT,"[0, 1, 2]",0.019606,0.030334,0.002018,False
704549,7,6,"[3,1,3,3,1,1,3]","[1,1,3,3,2,3]","[[0,1,3,5],[1,2,5],[0,2,3,4],[0,3,5],[0,3,4],[3,5],[0,1,2,3,5]]",UNSAT,UNSAT,UNSAT,"[0, 2, 3, 6]",0.373089,0.084215,0.006802,False
704550,1,7,[3],"[3,1,2,1,3,2,2]","[[0,3,4,5,6]]",FEASIBLE,FEASIBLE,FEASIBLE,null,0.00663,0.021245,0.001506,False
704551,7,4,"[2,1,1,2,2,2,1]","[1,2,1,2]","[[0,1,2,3],[0,1,2,3],[0,2],[0,3],[0,1,2],[0,2],[0,2,3]]",UNSAT,UNSAT,UNSAT,"[2, 5]",0.065973,0.07017,0.005704,False
704552,2,3,"[1,3]","[1,2,1]","[[1,2],[0,1,2]]",FEASIBLE,FEASIBLE,FEASIBLE,null,0.010941,0.022573,0.001532,False
704553,5,5,"[2,1,1,1,2]","[1,1,1,1,1]","[[0,1,4],[0,2],[1,2,3,4],[3],[1,4]]",UNSAT,UNSAT,UNSAT,"[0, 4]",0.035919,0.069492,0.004495,False
704554,4,4,"[1,3,2,1]","[1,1,3,3]","[[1],[0,1,2,3],[0,1],[2]]",UNSAT,UNSAT,UNSAT,"[0, 2]",0.02142,0.043505,0.003292,False
704555,4,6,"[1,1,2,2]","[1,3,2,3,3,2]","[[1,4,5],[0],[1,2,3,4],[2,3,4,5]]",FEASIBLE,FEASIBLE,FEASIBLE,null,0.072424,0.04511,0.002701,False
704556,4,4,"[2,3,2,1]","[3,2,3,3]","[[0,1],[0,1,2,3],[0,3],[0]]",FEASIBLE,FEASIBLE,FEASIBLE,null,0.05148,0.048309,0.002854,False
704557,1,7,[2],"[3,2,3,1,1,1,3]","[[0,1,3,6]]",FEASIBLE,FEASIBLE,FEASIBLE,null,0.00654,0.017947,0.001348,False
704558,5,5,"[1,1,2,2,2]","[1,1,3,1,1]","[[0,1,2,3,4],[1],[0,1,2,3,4],[0,1,4],[0,1,3,4]]",UNSAT,UNSAT,UNSAT,"[1, 3, 4]",0.096174,0.080362,0.006169,False
704559,4,7,"[3,3,3,1]","[2,3,3,3,1,2,2]","[[0,1,2,3,4,5,6],[0,1,3,4,5,6],[0,1,2,3,4,6],[1,2,3,4,6]]",FEASIBLE,FEASIBLE,FEASIBLE,null,0.082862,0.052489,0.004421,False
704560,5,1,"[1,1,1,1,1]",[1],"[[0],[0],[0],[0],[0]]",UNSAT,UNSAT,UNSAT,"[0, 1]",0.009552,0.034538,0.006456,False
704561,5,3,"[1,3,2,1,3]","[3,3,2]","[[2],[0,1,2],[0,1],[1,2],[0,1,2]]",UNSAT,UNSAT,UNSAT,"[0, 1, 4]",0.048453,0.05197,0.003894,False
704562,1,4,[2],"[1,2,1,3]","[[0,1,2]]",FEASIBLE,FEASIBLE,FEASIBLE,null,0.004838,0.015905,0.001123,False
704563,6,2,"[1,2,1,1,2,1]","[3,1]","[[0],[0,1],[1],[1],[0,1],[0,1]]",UNSAT,UNSAT,UNSAT,"[1, 2]",0.024228,0.131316,0.003476,False
704564,7,3,"[1,1,2,3,1,1,1]","[2,1,2]","[[0],[0,2],[0,2],[0,1,2],[1],[0,1],[0,2]]",UNSAT,UNSAT,UNSAT,"[3, 4]",0.057328,0.057829,0.004517,False
704565,4,1,"[1,1,1,1]",[3],"[[0],[0],[0],[0]]",UNSAT,UNSAT,UNSAT,"[0, 1, 2, 3]",0.022256,0.031244,0.001945,False
704566,7,3,"[1,1,1,1,2,2,3]","[2,2,2]","[[1,2],[0],[0],[0,1],[1,2],[0,2],[0,1,2]]",UNSAT,UNSAT,UNSAT,"[0, 4, 6]",0.10859,0.05782,0.004207,False
704567,1,3,[1],"[1,1,3]","[[0,2]]",FEASIBLE,FEASIBLE,FEASIBLE,null,0.004067,0.012041,0.00085,False
704568,5,1,"[1,1,1,1,1]",[2],"[[0],[0],[0],[0],[0]]",UNSAT,UNSAT,UNSAT,"[0, 1, 2]",0.021983,0.033032,0.001971,False
704569,3,4,"[1,2,1]","[1,2,2,1]","[[1],[1,3],[2]]",FEASIBLE,FEASIBLE,FEASIBLE,null,0.026075,0.025542,0.001579,False
704570,4,7,"[1,3,3,2]","[2,2,1,2,3,3,3]","[[0],[0,1,2,4,5],[0,2,4],[0,1,3,4,5]]",FEASIBLE,FEASIBLE,FEASIBLE,null,0.081408,0.10704,0.004369,False
704571,1,1,[1],[2],[[0]],FEASIBLE,FEASIBLE,FEASIBLE,null,0.0038,0.010939,0.000576,False
704572,5,2,"[1,1,1,1,1]","[1,1]","[[1],[0,1],[0],[0],[1]]",UNSAT,UNSAT,UNSAT,"[0, 4]",0.018755,0.037375,0.002602,False
704573,3,3,"[2,3,1]","[3,3,3]","[[1,2],[0,1,2],[0,1,2]]",FEASIBLE,FEASIBLE,FEASIBLE,null,0.020262,0.028708,0.001895,False
704574,5,7,"[3,1,1,2,1]","[2,2,3,2,2,2,3]","[[0,1,3,4,5,6],[0,1],[0,1,5,6],[0,4,5,6],[0,1,2,3,4,5,6]]",FEASIBLE,FEASIBLE,FEASIBLE,null,0.170881,0.051741,0.004224,False
704575,4,7,"[1,1,3,2]","[2,1,1,1,3,1,3]","[[6],[2,4,5,6],[0,4,6],[0,1,3,4,5]]",FEASIBLE,FEASIBLE,FEASIBLE,null,0.081888,0.127881,0.002762,False
704576,4,3,"[2,1,3,1]","[1,3,1]","[[0,1,2],[0],[0,1,2],[1]]",UNSAT,UNSAT,UNSAT,"[0, 2]",0.016818,0.041084,0.003921,False
704577,2,1,"[1,1]",[2],"[[0],[0]]",FEASIBLE,FEASIBLE,FEASIBLE,null,0.006013,0.014465,0.001141,False
704578,5,1,"[1,1,1,1,1]",[2],"[[0],[0],[0],[0],[0]]",UNSAT,UNSAT,UNSAT,"[0, 1, 2]",0.022385,0.033608,0.001817,False
704579,2,6,"[2,1]","[1,3,2,3,1,3]","[[1,4,5],[1,5]]",FEASIBLE,FEASIBLE,FEASIBLE,null,0.015401,0.021644,0.001497,False
704580,4,4,"[2,1,2,1]","[2,1,2,1]","[[1,2],[2],[1,3],[0,1,2,3]]",UNSAT,UNSAT,UNSAT,"[0, 2]",0.02045,0.039652,0.002823,False
704581,1,6,[2],"[2,1,1,1,2,1]","[[1,2,3,4,5]]",FEASIBLE,FEASIBLE,FEASIBLE,null,0.005896,0.019938,0.001361,False
704582,7,4,"[1,1,3,3,3,2,1]","[3,3,3,2]","[[0],[0,1,2,3],[0,1,2,3],[0,2,3],[0,1,3],[2,3],[0,2]]",UNSAT,UNSAT,UNSAT,"[3, 4, 5]",0.199891,0.095186,0.006851,False
704583,7,2,"[2,2,1,1,1,1,1]","[2,2]","[[0,1],[0,1],[1],[0,1],[0],[0,1],[1]]",UNSAT,UNSAT,UNSAT,"[0, 1, 2]",0.056131,0.05217,0.003592,False
704584,5,4,"[1,1,2,1,2]","[2,1,3,2]","[[0,1,3],[2,3],[2,3],[3],[0,1,2,3]]",FEASIBLE,FEASIBLE,FEASIBLE,null,0.12247,0.041228,0.002536,False
704585,7,5,"[1,1,3,1,1,1,2]","[2,3,1,1,1]","[[3],[2],[1,2,4],[3],[2,3],[0,1,4],[0,1,2,3,4]]",UNSAT,UNSAT,UNSAT,"[0, 3]",0.038361,0.061112,0.00495,False
704586,5,3,"[2,2,2,1,2]","[1,2,2]","[[0,1,2],[0,1,2],[1,2],[0,1,2],[1,2]]",UNSAT,UNSAT,UNSAT,"[0, 1, 2]",0.04189,0.135481,0.003927,False
704587,3,2,"[1,1,2]","[3,1]","[[0],[1],[0,1]]",UNSAT,UNSAT,UNSAT,"[1, 2]",0.013522,0.029157,0.002141,False
704588,4,1,"[1,1,1,1]",[2],"[[0],[0],[0],[0]]",UNSAT,UNSAT,UNSAT,"[0, 1, 2]",0.016262,0.029926,0.001776,False
704589,4,4,"[1,2,2,3]","[2,3,2,1]","[[2,3],[2,3],[0,2,3],[0,1,2,3]]",UNSAT,UNSAT,UNSAT,"[0, 1, 2]",0.037253,0.048981,0.00354,False
704590,6,2,"[1,2,1,1,1,1]","[1,1]","[[0],[0,1],[0],[1],[0,1],[0,1]]",UNSAT,UNSAT,UNSAT,"[0, 1]",0.014464,0.044679,0.00307,False
704591,4,7,"[2,1,2,1]","[1,3,3,3,3,1,3]","[[0,1,2,3,5,6],[0,3],[0,2,6],[0]]",FEASIBLE,FEASIBLE,FEASIBLE,null,0.081223,0.048507,0.003233,False
704592,6,2,"[1,1,1,1,2,1]","[2,1]","[[0],[1],[0,1],[0,1],[0,1],[0,1]]",UNSAT,UNSAT,UNSAT,"[1, 4]",0.027691,0.045451,0.003167,False
704593,4,1,"[1,1,1,1]",[1],"[[0],[0],[0],[0]]",UNSAT,UNSAT,UNSAT,"[0, 1]",0.00861,0.029557,0.001665,False
704594,6,4,"[2,3,1,2,3,1]","[1,2,3,2]","[[1,3],[0,1,2,3],[0],[2,3],[0,1,2,3],[0,2,3]]",UNSAT,UNSAT,UNSAT,"[0, 1, 4]",0.078698,0.073061,0.00521,False
704595,5,1,"[1,1,1,1,1]",[2],"[[0],[0],[0],[0],[0]]",UNSAT,UNSAT,UNSAT,"[0, 1, 2]",0.022477,0.034649,0.001775,False
704596,5,6,"[1,2,2,3,3]","[3,3,1,1,3,3]","[[1],[0,1,2,3,4,5],[1,2],[0,2,3],[0,1,2,3,4,5]]",UNSAT,UNSAT,UNSAT,"[2, 3]",0.058496,0.061013,0.004742,False
704597,5,3,"[3,1,1,1,1]","[1,3,2]","[[0,1,2],[0,2],[0],[0],[1,2]]",UNSAT,UNSAT,UNSAT,"[0, 2]",0.018364,0.045212,0.002955,False
704598,6,7,"[2,3,1,2,2,1]","[1,1,2,2,2,1,2]","[[0,1,2],[0,2,4,5,6],[0,1,3,4,6],[1,5],[1,2,3,6],[2]]",UNSAT,UNSAT,UNSAT,"[0, 1, 3, 5]",0.265877,0.092688,0.00719,False
704599,5,1,"[1,1,1,1,1]",[1],"[[0],[0],[0],[0],[0]]",UNSAT,UNSAT,UNSAT,"[0, 1]",0.009542,0.034325,0.001946,False
704600,3,5,"[3,1,3]","[1,3,1,3,3]","[[0,1,2,3],[0],[0,1,2,3]]",UNSAT,UNSAT,UNSAT,"[0, 1, 2]",0.029411,0.057179,0.003943,False
704601,1,2,[1],"[2,3]",[[1]],FEASIBLE,FEASIBLE,FEASIBLE,null,0.003583,0.010784,0.000775,False
704602,7,3,"[2,1,1,1,1,2,1]","[2,2,3]","[[0,1,2],[1],[0,1,2],[1],[0,1,2],[0,1,2],[2]]",UNSAT,UNSAT,UNSAT,"[0, 1, 2, 3, 4, 5]",0.343097,0.062897,0.004841,False
704603,2,2,"[1,2]","[3,2]","[[0],[0,1]]",FEASIBLE,FEASIBLE,FEASIBLE,null,0.007966,0.018415,0.001124,False
704604,1,7,[2],"[2,2,3,2,2,3,1]","[[2,4,5]]",FEASIBLE,FEASIBLE,FEASIBLE,null,0.006547,0.017058,0.001336,False
704605,7,7,"[3,2,1,3,1,2,2]","[1,3,3,1,3,3,1]","[[0,3,5,6],[0,1,3,4,5,6],[2,3],[0,1,3,5,6],[1,2,3,4,5,6],[0,1,3,4,5,6],[0,1,2,3]]",FEASIBLE,FEASIBLE,FEASIBLE,null,0.75438,0.11489,0.008111,False
704606,4,6,"[1,2,3,3]","[2,1,1,3,2,3]","[[2],[0,1,3,4,5],[1,2,3],[1,2,3,4,5]]",UNSAT,UNSAT,UNSAT,"[0, 2]",0.029526,0.067353,0.004751,False
704607,4,1,"[1,1,1,1]",[2],"[[0],[0],[0],[0]]",UNSAT,UNSAT,UNSAT,"[0, 1, 2]",0.017967,0.030439,0.001642,False
704608,2,5,"[2,3]","[3,2,1,2,1]","[[0,2,3,4],[0,1,2,3,4]]",FEASIBLE,FEASIBLE,FEASIBLE,null,0.013495,0.029859,0.002119,False
704609,2,6,"[2,1]","[3,3,1,3,2,2]","[[0,1,4,5],[2,5]]",FEASIBLE,FEASIBLE,FEASIBLE,null,0.10031,0.022477,0.001664,False
704610,7,3,"[2,1,1,2,3,1,3]","[1,2,1]","[[0,1],[1],[0,1,2],[0,1,2],[0,1,2],[0,1],[0,1,2]]",UNSAT,UNSAT,UNSAT,"[0, 4]",0.035331,0.062664,0.004739,False
704611,7,3,"[1,1,1,2,2,2,2]","[3,3,2]","[[0],[0],[0,1],[0,2],[0,2],[0,1,2],[0,1,2]]",UNSAT,UNSAT,UNSAT,"[0, 1, 3, 4]",0.181936,0.081519,0.005564,False
704612,2,6,"[2,3]","[3,1,3,3,2,3]","[[0,3],[0,1,2,3,5]]",FEASIBLE,FEASIBLE,FEASIBLE,null,0.015244,0.027337,0.00192,False
704613,7,5,"[1,1,3,1,1,2,2]","[1,1,3,2,1]","[[3],[0,1,2,3,4],[0,1,2,4],[1],[0],[3,4],[0,2,3,4]]",UNSAT,UNSAT,UNSAT,"[2, 3, 4]",0.216318,0.090745,0.006894,False
704614,5,1,"[1,1,1,1,1]",[2],"[[0],[0],[0],[0],[0]]",UNSAT,UNSAT,UNSAT,"[0, 1, 2]",0.022,0.033865,0.00173,False
704615,2,1,"[1,1]",[2],"[[0],[0]]",FEASIBLE,FEASIBLE,FEASIBLE,null,0.005885,0.014242,0.000843,False
704616,6,6,"[1,1,3,1,1,3]","[1,3,2,2,3,2]","[[5],[0,2,3],[1,3,5],[2],[1,2],[0,1,4]]",FEASIBLE,FEASIBLE,FEASIBLE,null,0.33517,0.059133,0.003915,False
704617,4,1,"[1,1,1,1]",[2],"[[0],[0],[0],[0]]",UNSAT,UNSAT,UNSAT,"[0, 1, 2]",0.016561,0.030212,0.001511,False
704618,2,3,"[1,1]","[2,1,2]","[[1],[0]]",FEASIBLE,FEASIBLE,FEASIBLE,null,0.009924,0.015612,0.001069,False
704619,2,6,"[3,3]","[3,1,2,2,2,1]","[[0,1,2,4,5],[0,1,2,3,4,5]]",FEASIBLE,FEASIBLE,FEASIBLE,null,0.014986,0.031911,0.002297,False
704620,5,1,"[1,1,1,1,1]",[1],"[[0],[0],[0],[0],[0]]",UNSAT,UNSAT,UNSAT,"[0, 1]",0.009551,0.168578,0.001696,False
704621,7,6,"[1,2,3,1,3,1,2]","[2,3,2,3,1,3]","[[0,3],[2,4],[0,1,4],[0],[2,3,4,5],[0,1,2,3,4,5],[0,1,2,3,4,5]]",UNSAT,UNSAT,UNSAT,"[1, 2]",0.062908,0.113563,0.006826,False
704622,4,2,"[1,2,1,1]","[2,1]","[[0,1],[0,1],[1],[1]]",UNSAT,UNSAT,UNSAT,"[1, 2]",0.017124,0.03482,0.002351,False
704623,1,2,[2],"[3,3]","[[0,1]]",FEASIBLE,FEASIBLE,FEASIBLE,null,0.003512,0.013888,0.000834,False
704624,4,5,"[2,3,1,1]","[2,1,1,1,3]","[[2,4],[0,2,4],[2],[0,1,2,3,4]]",UNSAT,UNSAT,UNSAT,"[0, 1]",0.020281,0.044185,0.003256,False
704625,7,6,"[1,3,1,2,1,2,1]","[2,3,1,1,2,1]","[[4],[0,1,2,3,4,5],[1,4],[0,1],[0,2,3,4,5],[0,1,2,3,4,5],[0,1,2,4]]",UNSAT,UNSAT,UNSAT,"[0, 1, 2, 3, 4, 5, 6]",0.65638,0.084158,0.00711,False
704626,5,3,"[2,2,1,2,1]","[3,2,2]","[[0,1,2],[0,1],[1],[1,2],[0]]",UNSAT,UNSAT,UNSAT,"[1, 2, 3]",0.059635,0.070161,0.003611,False
704627,6,4,"[2,1,2,2,1,1]","[1,1,2,1]","[[0,1],[0,1,2,3],[0,1],[0,1,2,3],[0,1],[0,1,2,3]]",UNSAT,UNSAT,UNSAT,"[0, 2]",0.026468,0.110814,0.005004,False
704628,4,2,"[1,1,1,1]","[3,3]","[[0,1],[0,1],[0],[1]]",FEASIBLE,FEASIBLE,FEASIBLE,null,0.032366,0.024796,0.001465,False
704629,4,6,"[1,2,1,2]","[3,2,1,1,2,2]","[[1,3],[1,2],[0,2,4,5],[0,3]]",FEASIBLE,FEASIBLE,FEASIBLE,null,0.108832,0.03593,0.002362,False
704630,3,5,"[2,1,2]","[1,3,2,1,1]","[[0,1,3,4],[4],[1,2,3]]",FEASIBLE,FEASIBLE,FEASIBLE,null,0.029874,0.032206,0.00269,False
704631,7,2,"[1,1,1,1,2,1,2]","[1,2]","[[1],[0],[0],[0,1],[0,1],[0],[0,1]]",UNSAT,UNSAT,UNSAT,"[1, 2]",0.027899,0.049286,0.004106,False
704632,4,6,"[2,2,3,1]","[2,1,2,1,2,3]","[[0,5],[0,1,3,4],[2,3,5],[2,5]]",FEASIBLE,FEASIBLE,FEASIBLE,null,0.072642,0.038875,0.002741,False
704633,7,2,"[1,1,1,1,1,1,1]","[1,2]","[[1],[1],[0],[0,1],[1],[0],[1]]",UNSAT,UNSAT,UNSAT,"[2, 5]",0.040876,0.044638,0.003134,False
704634,2,6,"[1,1]","[1,1,3,2,1,3]","[[3],[1,2,3,4]]",FEASIBLE,FEASIBLE,FEASIBLE,null,0.015032,0.019763,0.001493,False
704635,1,6,[1],"[2,2,3,2,3,2]",[[1]],FEASIBLE,FEASIBLE,FEASIBLE,null,0.005754,0.013128,0.000925,False
704636,3,5,"[2,1,2]","[3,1,1,1,3]","[[0,1],[0,1],[0,3]]",FEASIBLE,FEASIBLE,FEASIBLE,null,0.02812,0.026299,0.001727,False
704637,4,7,"[1,1,1,3]","[1,3,2,2,2,1,2]","[[1,3,4],[6],[5],[0,1,2,3,4,5,6]]",FEASIBLE,FEASIBLE,FEASIBLE,null,0.08066,0.035929,0.002786,False
704638,6,5,"[1,2,1,2,3,1]","[1,2,2,3,1]","[[3],[0,1,2,3,4],[4],[0,1,2],[0,1,2,3,4],[3]]",UNSAT,UNSAT,UNSAT,"[0, 1, 2, 3, 4, 5]",0.267587,0.065819,0.005408,False
704639,5,7,"[3,3,1,1,1]","[3,3,2,1,1,3,3]","[[0,2,3,4],[1,3,4],[0,3,4,6],[0,4,5],[0,1,2,3,4,5,6]]",UNSAT,UNSAT,UNSAT,"[0, 1]",0.030963,0.060339,0.004973,False
704640,5,2,"[1,1,1,1,1]","[3,1]","[[0,1],[0],[0,1],[1],[0]]",UNSAT,UNSAT,UNSAT,"[0, 1, 2, 3, 4]",0.065176,0.040308,0.00294,False
704641,3,5,"[1,1,2]","[2,3,3,3,3]","[[0],[0,4],[1,3]]",FEASIBLE,FEASIBLE,FEASIBLE,null,0.028833,0.028484,0.001692,False
704642,5,1,"[1,1,1,1,1]",[2],"[[0],[0],[0],[0],[0]]",UNSAT,UNSAT,UNSAT,"[0, 1, 2]",0.022318,0.03442,0.001753,False
704643,6,4,"[3,2,1,1,1,2]","[1,2,2,3]","[[0,1,2,3],[0,2],[1],[1,3],[3],[0,1,2]]",UNSAT,UNSAT,UNSAT,"[0, 1, 5]",0.08246,0.075945,0.005096,False
704644,4,6,"[3,1,3,1]","[2,3,1,2,1,3]","[[0,1,2,3,4,5],[0,2,3,4,5],[0,1,3],[0,1,2,3,4,5]]",FEASIBLE,FEASIBLE,FEASIBLE,null,0.071989,0.055956,0.00417,False
704645,3,2,"[1,1,1]","[1,2]","[[0],[0],[0]]",UNSAT,UNSAT,UNSAT,"[0, 1]",0.009421,0.025846,0.00177,False
704646,6,3,"[2,1,2,2,1,1]","[1,2,3]","[[0,1,2],[1,2],[0,1,2],[0,1],[0],[0,1,2]]",UNSAT,UNSAT,UNSAT,"[3, 4]",0.048998,0.076113,0.005466,False
704647,5,2,"[1,1,1,2,2]","[1,3]","[[0,1],[1],[0,1],[0,1],[0,1]]",UNSAT,UNSAT,UNSAT,"[3, 4]",0.029237,0.043101,0.003124,False
704648,1,1,[1],[1],[[0]],FEASIBLE,FEASIBLE,FEASIBLE,null,0.003149,0.010934,0.000608,False
704649,3,3,"[1,1,1]","[2,3,2]","[[1],[0,1],[0]]",FEASIBLE,FEASIBLE,FEASIBLE,null,0.020239,0.020197,0.001335,False
704650,2,5,"[2,3]","[1,1,1,1,3]","[[0,1,2,3],[0,1,3,4]]",FEASIBLE,FEASIBLE,FEASIBLE,null,0.013346,0.036034,0.00238,False
704651,6,6,"[1,1,2,1,1,1]","[2,2,2,3,3,2]","[[0,1,2,3,4],[0,1,4,5],[0,1,2,3,5],[0,2,3,5],[1,2,3,4,5],[0]]",FEASIBLE,FEASIBLE,FEASIBLE,null,0.313786,0.067515,0.005302,False
704652,2,2,"[2,1]","[3,2]","[[0,1],[0,1]]",FEASIBLE,FEASIBLE,FEASIBLE,null,0.008461,0.019714,0.001198,False
704653,4,5,"[2,1,2,2]","[1,2,3,2,3]","[[0,1,2,3,4],[1],[1,3],[0,2,3,4]]",FEASIBLE,FEASIBLE,FEASIBLE,null,0.062674,0.135563,0.003235,False
704654,4,7,"[1,1,2,2]","[1,2,3,2,3,3,1]","[[0,1,2,4,5,6],[0,2,3,4,5,6],[0,1,2,5,6],[1,2,3,5,6]]",FEASIBLE,FEASIBLE,FEASIBLE,null,0.081694,0.042958,0.003822,False
704655,1,3,[2],"[1,3,1]","[[1,2]]",FEASIBLE,FEASIBLE,FEASIBLE,null,0.004316,0.014217,0.000988,False
704656,3,2,"[1,2,2]","[3,2]","[[1],[0,1],[0,1]]",UNSAT,UNSAT,UNSAT,"[0, 1, 2]",0.015894,0.033431,0.00234,False
704657,1,1,[1],[3],[[0]],FEASIBLE,FEASIBLE,FEASIBLE,null,0.00288,0.010354,0.000583,False
704658,1,5,[3],"[1,1,3,3,1]","[[1,2,4]]",FEASIBLE,FEASIBLE,FEASIBLE,null,0.005117,0.017772,0.001277,False
704659,4,1,"[1,1,1,1]",[2],"[[0],[0],[0],[0]]",UNSAT,UNSAT,UNSAT,"[0, 1, 2]",0.016282,0.030001,0.001504,False
704660,7,5,"[1,1,2,3,1,1,2]","[3,2,1,2,2]","[[2],[1,2,4],[0,2,3,4],[0,1,2,3,4],[0,2],[1],[0,1,3]]",UNSAT,UNSAT,UNSAT,"[0, 1, 2, 3, 4, 5, 6]",0.558132,0.094914,0.007271,False
704661,2,2,"[2,1]","[1,2]","[[0,1],[1]]",FEASIBLE,FEASIBLE,FEASIBLE,null,0.00801,0.020179,0.00115,False
704662,5,7,"[1,2,2,3,2]","[3,2,3,3,2,2,2]","[[4],[0,1,3,4,5,6],[0,3,6],[0,1,2,3,4,5,6],[0,1,2,3,4,5,6]]",FEASIBLE,FEASIBLE,FEASIBLE,null,0.175057,0.054058,0.004316,False
704663,5,2,"[1,1,1,2,1]","[3,2]","[[0],[0],[0,1],[0,1],[0,1]]",UNSAT,UNSAT,UNSAT,"[0, 1, 2, 3, 4]",0.06465,0.04198,0.002885,False
704664,3,5,"[1,2,1]","[3,1,2,2,3]","[[0,1,3],[1,2],[1]]",UNSAT,UNSAT,UNSAT,"[1, 2]",0.024779,0.046333,0.002351,False
704665,5,5,"[1,1,2,1,1]","[1,2,1,1,1]","[[0],[0,1,2,3,4],[1,2,4],[0,1,2,4],[1,2,4]]",FEASIBLE,FEASIBLE,FEASIBLE,null,0.130567,0.137588,0.003778,False
704666,2,5,"[3,1]","[2,1,3,1,1]","[[0,1,2,3,4],[2]]",FEASIBLE,FEASIBLE,FEASIBLE,null,0.013332,0.023437,0.001571,False
704667,5,5,"[1,1,1,2,1]","[1,3,2,3,2]","[[4],[0,1,2,3],[1],[2,3,4],[0]]",FEASIBLE,FEASIBLE,FEASIBLE,null,0.128742,0.044133,0.002873,False
704668,3,3,"[3,3,1]","[2,2,3]","[[0,1,2],[0,1,2],[0,1,2]]",FEASIBLE,FEASIBLE,FEASIBLE,null,0.020119,0.032779,0.002022,False
704669,3,3,"[1,3,3]","[3,3,3]","[[0,2],[0,1,2],[0,1,2]]",FEASIBLE,FEASIBLE,FEASIBLE,null,0.019671,0.030213,0.001866,False
704670,4,3,"[3,1,1,1]","[1,3,2]","[[0,1,2],[0,2],[0],[0,1,2]]",UNSAT,UNSAT,UNSAT,"[0, 2]",0.01672,0.039845,0.002504,False
704671,7,4,"[2,1,1,1,1,2,2]","[3,3,3,3]","[[1,2],[1,2],[0,2,3],[0,1],[1],[0,1,2],[0,2]]",FEASIBLE,FEASIBLE,FEASIBLE,null,0.462019,0.061088,0.003958,False
704672,1,3,[1],"[3,1,2]",[[0]],FEASIBLE,FEASIBLE,FEASIBLE,null,0.00411,0.010988,0.000742,False
704673,7,5,"[3,2,2,1,1,1,3]","[2,1,2,1,3]","[[0,1,2,4],[0,1,2,3,4],[0,1,3,4],[0,1,2,3,4],[0,2],[3],[2,3,4]]",UNSAT,UNSAT,UNSAT,"[5, 6]",0.10768,0.080278,0.00632,False
704674,4,1,"[1,1,1,1]",[1],"[[0],[0],[0],[0]]",UNSAT,UNSAT,UNSAT,"[0, 1]",0.008434,0.029298,0.001602,False
704675,5,6,"[1,2,2,2,1]","[2,1,1,1,1,3]","[[1],[1,2,3,5],[0,1,2,3,4,5],[0,2],[1]]",UNSAT,UNSAT,UNSAT,"[0, 4]",0.040959,0.066426,0.004702,False
704676,4,2,"[1,1,2,1]","[2,3]","[[0],[0,1],[0,1],[0,1]]",FEASIBLE,FEASIBLE,FEASIBLE,null,0.050054,0.041265,0.002111,False
704677,4,7,"[3,3,3,3]","[2,3,2,1,3,1,3]","[[1,5,6],[0,1,2,4,5,6],[0,1,2],[1,3,6]]",FEASIBLE,FEASIBLE,FEASIBLE,null,0.166423,0.061758,0.003996,False
704678,5,4,"[1,1,1,2,3]","[3,3,2,3]","[[0],[1],[1,2],[2,3],[0,1,2,3]]",FEASIBLE,FEASIBLE,FEASIBLE,null,0.108965,0.037608,0.00233,False
704679,6,6,"[2,1,2,2,2,1]","[2,1,3,3,1,2]","[[0,1,2,3,4,5],[0,1,2,3,4,5],[0,1,3,4,5],[0,1,2,3,4],[3,5],[2]]",FEASIBLE,FEASIBLE,FEASIBLE,null,0.316657,0.057855,0.004449,False
704680,5,5,"[3,1,2,1,3]","[1,3,1,3,2]","[[0,1,2,3],[0],[0,4],[1,2],[0,1,2,4]]",UNSAT,UNSAT,UNSAT,"[1, 2]",0.049948,0.073713,0.004834,False
704681,4,2,"[1,1,1,1]","[1,1]","[[1],[0,1],[0],[0,1]]",UNSAT,UNSAT,UNSAT,"[0, 1, 2]",0.02346,0.034423,0.00236,False
704682,5,1,"[1,1,1,1,1]",[3],"[[0],[0],[0],[0],[0]]",UNSAT,UNSAT,UNSAT,"[0, 1, 2, 3]",0.035865,0.034802,0.001994,False
704683,1,4,[2],"[1,3,2,2]","[[2,3]]",FEASIBLE,FEASIBLE,FEASIBLE,null,0.00478,0.014992,0.000957,False
704684,7,3,"[2,1,2,1,1,1,2]","[3,2,2]","[[0,1],[0,1,2],[0,1,2],[0],[0,1,2],[2],[0,1,2]]",UNSAT,UNSAT,UNSAT,"[0, 1, 2, 3, 6]",0.281476,0.062109,0.004725,False
704685,5,2,"[1,1,2,1,1]","[3,2]","[[1],[0],[0,1],[0],[1]]",UNSAT,UNSAT,UNSAT,"[0, 2, 4]",0.040586,0.037704,0.002405,False
704686,4,6,"[1,2,1,2]","[2,3,1,3,2,1]","[[0],[0,1,2,4,5],[0,1,2,3,4,5],[1,3,5]]",FEASIBLE,FEASIBLE,FEASIBLE,null,0.071329,0.054536,0.002925,False
704687,7,3,"[1,2,1,1,1,2,2]","[2,2,3]","[[0,1,2],[0,2],[2],[1],[0],[1,2],[1,2]]",UNSAT,UNSAT,UNSAT,"[3, 5, 6]",0.167576,0.139844,0.003915,False
704688,7,2,"[1,1,1,1,1,1,1]","[2,1]","[[1],[1],[0,1],[0],[0],[0,1],[1]]",UNSAT,UNSAT,UNSAT,"[0, 1]",0.016223,0.045458,0.003171,False
704689,2,6,"[1,1]","[1,1,1,3,1,3]","[[1,2,4],[1,5]]",FEASIBLE,FEASIBLE,FEASIBLE,null,0.015012,0.019997,0.001477,False
704690,2,6,"[1,2]","[1,3,1,2,1,2]","[[3,4],[2,3,4]]",FEASIBLE,FEASIBLE,FEASIBLE,null,0.014866,0.020618,0.001466,False
704691,1,2,[1],"[3,2]",[[0]],FEASIBLE,FEASIBLE,FEASIBLE,null,0.013743,0.014418,0.000711,False
704692,1,1,[1],[2],[[0]],FEASIBLE,FEASIBLE,FEASIBLE,null,0.002841,0.009772,0.000545,False
704693,5,7,"[1,1,1,3,3]","[3,2,1,2,1,1,3]","[[4],[3],[0,2,4,5,6],[0,1,2,3,4,6],[1,2,3,4,5,6]]",FEASIBLE,FEASIBLE,FEASIBLE,null,0.171686,0.051455,0.0045,False
704694,4,7,"[1,3,2,3]","[1,2,1,2,1,3,2]","[[0,3,4,5],[1,2,4,5,6],[0,1,2,3,4,5],[0,1,2,3,4,5,6]]",FEASIBLE,FEASIBLE,FEASIBLE,null,0.084371,0.053875,0.003998,False
704695,7,4,"[1,1,2,3,3,1,1]","[1,1,3,2]","[[0,1,3],[0,1],[0,1,3],[1,2,3],[0,1,3],[3],[1,2,3]]",UNSAT,UNSAT,UNSAT,"[1, 4]",0.05093,0.065306,0.005617,False
704696,1,3,[1],"[1,2,2]","[[0,1,2]]",FEASIBLE,FEASIBLE,FEASIBLE,null,0.00423,0.013918,0.001049,False
704697,5,7,"[1,1,2,1,2]","[1,1,3,2,2,3,3]","[[0,1,3,4,5,6],[0],[1,4],[4],[0,1,2,3,4,5,6]]",FEASIBLE,FEASIBLE,FEASIBLE,null,0.172584,0.05854,0.004211,False
704698,3,4,"[1,1,3]","[1,2,2,2]","[[1,3],[0,2],[1,2,3]]",FEASIBLE,FEASIBLE,FEASIBLE,null,0.02472,0.029313,0.001908,False
704699,6,2,"[1,1,1,1,1,1]","[1,2]","[[0,1],[0,1],[1],[0,1],[0,1],[0]]",UNSAT,UNSAT,UNSAT,"[0, 1, 2, 3]",0.08392,0.064849,0.003202,False
704700,3,6,"[3,1,1]","[1,1,1,1,2,2]","[[0,1,2,3,4],[4],[0,1,2,3,4,5]]",FEASIBLE,FEASIBLE,FEASIBLE,null,0.034105,0.036447,0.002464,False
704701,5,1,"[1,1,1,1,1]",[3],"[[0],[0],[0],[0],[0]]",UNSAT,UNSAT,UNSAT,"[0, 1, 2, 3]",0.035724,0.034919,0.001977,False
704702,2,5,"[2,1]","[2,1,2,1,1]","[[0,1,2,4],[0,1,2,3,4]]",FEASIBLE,FEASIBLE,FEASIBLE,null,0.013455,0.023803,0.001813,False
704703,5,7,"[2,2,1,2,1]","[2,3,3,3,3,1,1]","[[2,3,5,6],[0,1,2,3,4,5,6],[0,1,2,3,4,5],[1,2,3,4,5,6],[1]]",FEASIBLE,FEASIBLE,FEASIBLE,null,0.174848,0.047473,0.004165,False
704704,7,7,"[2,3,3,2,2,3,2]","[2,2,3,1,2,1,3]","[[0,1,2,4,5],[1,3,4,5,6],[1,3,4,6],[1,2,3,4,6],[0,1,2,3,4,5,6],[0,4,6],[0,2,3,4,5,6]]",UNSAT,UNSAT,UNSAT,"[0, 1, 2, 3, 4, 5]",0.725091,0.132943,0.009484,False
704705,7,3,"[1,1,1,1,2,2,2]","[3,1,1]","[[0,1,2],[0,1,2],[0],[0,1,2],[0,2],[0,1,2],[0,1]]",UNSAT,UNSAT,UNSAT,"[4, 5, 6]",0.24428,0.077072,0.004744,False
704706,5,7,"[1,1,1,3,3]","[2,2,1,2,2,2,2]","[[2],[3],[0,2],[0,1,2,3,4,5,6],[3,4,5,6]]",FEASIBLE,FEASIBLE,FEASIBLE,null,0.216373,0.053732,0.003357,False
704707,2,7,"[3,3]","[1,2,1,3,2,2,1]","[[0,2,3,4],[0,1,4,5]]",FEASIBLE,FEASIBLE,FEASIBLE,null,0.022382,0.03961,0.002032,False
704708,2,1,"[1,1]",[1],"[[0],[0]]",UNSAT,UNSAT,UNSAT,"[0, 1]",0.010015,0.131367,0.001429,False
704709,1,3,[3],"[2,3,3]","[[0,1,2]]",FEASIBLE,FEASIBLE,FEASIBLE,null,0.006782,0.020531,0.000996,False
704710,4,6,"[1,1,3,2]","[3,3,1,2,1,2]","[[1,3],[2,3],[0,1,2,3,4,5],[1,2,4]]",FEASIBLE,FEASIBLE,FEASIBLE,null,0.095943,0.044663,0.002595,False
704711,6,3,"[1,3,3,2,1,1]","[1,3,3]","[[1,2],[0,1,2],[0,1,2],[1,2],[2],[2]]",UNSAT,UNSAT,UNSAT,"[1, 2]",0.052537,0.065522,0.005203,False
704712,7,3,"[2,2,2,1,2,2,1]","[3,3,3]","[[1,2],[1,2],[1,2],[1],[0,1,2],[1,2],[1]]",UNSAT,UNSAT,UNSAT,"[0, 1, 2, 3]",0.255407,0.072767,0.005521,False
704713,2,2,"[1,2]","[3,1]","[[0],[0,1]]",FEASIBLE,FEASIBLE,FEASIBLE,null,0.01238,0.022029,0.001094,False
704714,7,1,"[1,1,1,1,1,1,1]",[1],"[[0],[0],[0],[0],[0],[0],[0]]",UNSAT,UNSAT,UNSAT,"[0, 1]",0.034815,0.049001,0.002599,False
704715,6,7,"[3,1,2,1,1,1]","[1,1,1,3,1,3,1]","[[2,3,4,5,6],[3],[3,4,5],[3],[0,1,2,3,4,5,6],[1]]",FEASIBLE,FEASIBLE,FEASIBLE,null,0.456769,0.07068,0.004395,False
704716,2,6,"[1,1]","[2,2,2,2,2,3]","[[0,1,2,3,4,5],[2]]",FEASIBLE,FEASIBLE,FEASIBLE,null,0.020457,0.023626,0.001712,False
704717,6,6,"[3,1,1,1,2,2]","[1,2,3,3,3,1]","[[0,1,2,3,4,5],[0,4],[0,1],[0],[0,1,2,3,4],[0,1,2,3,4,5]]",FEASIBLE,FEASIBLE,FEASIBLE,null,0.399476,0.082859,0.004951,False
704718,5,3,"[3,2,2,1,2]","[1,2,2]","[[0,1,2],[0,1],[0,1,2],[0,1,2],[0,1]]",UNSAT,UNSAT,UNSAT,"[0, 1]",0.025655,0.064041,0.003756,False
704719,2,5,"[3,1]","[3,3,2,1,2]","[[1,2,4],[2]]",FEASIBLE,FEASIBLE,FEASIBLE,null,0.019101,0.12293,0.001458,False
704720,3,5,"[1,1,1]","[3,3,1,3,2]","[[0,4],[0,1,3,4],[0]]",FEASIBLE,FEASIBLE,FEASIBLE,null,0.038467,0.028465,0.00175,False
704721,7,5,"[2,1,3,3,3,2,2]","[2,3,2,3,3]","[[1,2,3,4],[1,3],[0,1,2,3,4],[0,1,2,3,4],[0,1,2,4],[0,1,3,4],[0,1,3,4]]",UNSAT,UNSAT,UNSAT,"[0, 1, 2, 3, 4, 5]",0.71838,0.111534,0.007273,False
704722,1,5,[1],"[3,3,1,3,1]","[[0,2,4]]",FEASIBLE,FEASIBLE,FEASIBLE,null,0.007928,0.022746,0.001131,False
704723,4,4,"[1,2,3,2]","[3,2,2,1]","[[3],[0,1,3],[1,2,3],[0,2]]",UNSAT,UNSAT,UNSAT,"[0, 2]",0.027669,0.056824,0.002801,False
704724,6,2,"[1,1,1,1,1,1]","[1,1]","[[1],[1],[1],[0,1],[1],[0,1]]",UNSAT,UNSAT,UNSAT,"[0, 1]",0.025552,0.047749,0.003028,False
704725,2,3,"[1,1]","[3,3,2]","[[2],[0,2]]",FEASIBLE,FEASIBLE,FEASIBLE,null,0.015281,0.019725,0.00112,False
704726,4,5,"[1,2,3,2]","[3,3,3,1,3]","[[2,3,4],[0,1,2,3,4],[0,1,2,3],[3,4]]",FEASIBLE,FEASIBLE,FEASIBLE,null,0.083335,0.049909,0.00298,False
704727,6,7,"[2,1,3,1,2,1]","[3,1,3,3,3,2,3]","[[0,1,2,3,4,5,6],[2],[0,1,3,4,5,6],[5],[0,1,2,3],[0,1,4,5,6]]",FEASIBLE,FEASIBLE,FEASIBLE,null,0.45866,0.059051,0.004022,False
704728,6,2,"[1,1,2,1,2,2]","[1,3]","[[1],[1],[0,1],[0],[0,1],[0,1]]",UNSAT,UNSAT,UNSAT,"[2, 3]",0.031819,0.045836,0.003104,False
704729,2,1,"[1,1]",[3],"[[0],[0]]",FEASIBLE,FEASIBLE,FEASIBLE,null,0.009707,0.014488,0.000813,False
704730,6,4,"[2,1,1,1,3,1]","[3,1,2,3]","[[1,2,3],[0,1,2,3],[0,1,2,3],[2],[0,1,2,3],[3]]",FEASIBLE,FEASIBLE,FEASIBLE,null,0.22401,0.143501,0.003835,False
704731,1,1,[1],[3],[[0]],FEASIBLE,FEASIBLE,FEASIBLE,null,0.003239,0.009949,0.000594,False
704732,2,7,"[1,2]","[3,1,3,3,3,3,1]","[[0,1,2,3,4,5,6],[0,1,2,3,4,5,6]]",FEASIBLE,FEASIBLE,FEASIBLE,null,0.037289,0.028716,0.002502,False
704733,1,6,[1],"[3,1,2,1,2,2]","[[0,2,3,4,5]]",FEASIBLE,FEASIBLE,FEASIBLE,null,0.006146,0.016027,0.001263,False
704734,4,6,"[3,1,3,1]","[3,2,1,2,1,2]","[[0,1,2,5],[1,2,3,4],[0,1,2,3,4,5],[1,2,3,4]]",FEASIBLE,FEASIBLE,FEASIBLE,null,0.073224,0.045792,0.00315,False
704735,2,6,"[2,1]","[2,2,2,2,2,1]","[[0,3,4],[3]]",FEASIBLE,FEASIBLE,FEASIBLE,null,0.015004,0.02073,0.001396,False
704736,6,2,"[2,1,1,1,2,2]","[2,3]","[[0,1],[0,1],[1],[0],[0,1],[0,1]]",UNSAT,UNSAT,UNSAT,"[0, 3, 4]",0.057511,0.049312,0.003128,False
704737,7,7,"[1,1,2,1,3,2,3]","[1,1,2,3,3,2,1]","[[0],[3],[0,1,2,4],[2],[0,1,2,3,4,5,6],[0,2,3,4,5],[0,1,2,4,5]]",FEASIBLE,FEASIBLE,FEASIBLE,null,0.814787,0.087801,0.005407,False
704738,1,3,[1],"[2,2,3]",[[2]],FEASIBLE,FEASIBLE,FEASIBLE,null,0.004539,0.011194,0.00073,False
704739,4,1,"[1,1,1,1]",[3],"[[0],[0],[0],[0]]",UNSAT,UNSAT,UNSAT,"[0, 1, 2, 3]",0.022332,0.031393,0.00169,False
704740,4,5,"[1,2,1,2]","[3,1,3,2,2]","[[2,3,4],[0,1,2,3,4],[0,1,2,3],[1,4]]",FEASIBLE,FEASIBLE,FEASIBLE,null,0.06246,0.051716,0.003379,False
704741,4,3,"[3,2,2,1]","[3,2,3]","[[0,1,2],[0,1],[0,2],[1]]",UNSAT,UNSAT,UNSAT,"[0, 1, 3]",0.032662,0.048062,0.002645,False
704742,4,4,"[2,1,1,2]","[1,1,3,1]","[[0,1,2,3],[0,1,2,3],[3],[2,3]]",UNSAT,UNSAT,UNSAT,"[2, 3]",0.033314,0.144964,0.002906,False
704743,5,7,"[1,1,1,1,2]","[2,2,2,3,1,3,2]","[[0,1,2,3,4,5,6],[3,5],[0,2,3,5],[0,2,3,4,6],[0,4,6]]",FEASIBLE,FEASIBLE,FEASIBLE,null,0.174903,0.045283,0.003547,False
704744,3,6,"[3,1,2]","[1,2,3,1,2,1]","[[0,2,3],[0,4,5],[2,3,5]]",FEASIBLE,FEASIBLE,FEASIBLE,null,0.033765,0.033193,0.00268,False
704745,5,1,"[1,1,1,1,1]",[1],"[[0],[0],[0],[0],[0]]",UNSAT,UNSAT,UNSAT,"[0, 1]",0.009283,0.032724,0.002267,False
704746,2,3,"[3,1]","[3,1,2]","[[0,1,2],[1]]",UNSAT,UNSAT,UNSAT,"[0, 1]",0.00985,0.028471,0.001955,False
704747,7,1,"[1,1,1,1,1,1,1]",[2],"[[0],[0],[0],[0],[0],[0],[0]]",UNSAT,UNSAT,UNSAT,"[0, 1, 2]",0.038426,0.041017,0.002632,False
704748,2,7,"[1,3]","[3,3,1,3,3,2,1]","[[1],[0,2,4,6]]",FEASIBLE,FEASIBLE,FEASIBLE,null,0.01681,0.024748,0.001573,False
704749,3,6,"[1,3,3]","[1,3,3,3,3,3]","[[1,3],[0,1,2,4,5],[1,2,3,4]]",FEASIBLE,FEASIBLE,FEASIBLE,null,0.033956,0.036489,0.002397,False
704750,3,2,"[1,1,1]","[3,2]","[[1],[1],[1]]",UNSAT,UNSAT,UNSAT,"[0, 1, 2]",0.015848,0.026949,0.001797,False
704751,4,7,"[1,1,3,1]","[3,1,2,2,3,2,1]","[[0,1,2,3,4,5],[0,1,2],[0,1,2,3,4,6],[2,4]]",FEASIBLE,FEASIBLE,FEASIBLE,null,0.082419,0.038255,0.003958,False
704752,5,4,"[1,1,1,1,1]","[1,2,3,2]","[[0,1,2,3],[3],[0,2,3],[0,1],[0,2]]",FEASIBLE,FEASIBLE,FEASIBLE,null,0.108044,0.034135,0.002572,False
704753,3,3,"[1,2,1]","[1,3,1]","[[0,1,2],[0,1,2],[1]]",FEASIBLE,FEASIBLE,FEASIBLE,null,0.020429,0.027138,0.001776,False
704754,7,3,"[1,1,1,1,1,1,1]","[1,2,2]","[[2],[0,1],[0,1,2],[1],[0,1],[0,1,2],[1,2]]",UNSAT,UNSAT,UNSAT,"[0, 1, 2, 3, 4, 5]",0.36096,0.058926,0.004833,False
704755,7,4,"[2,1,1,1,1,1,2]","[1,2,3,2]","[[0,2],[0,1,2,3],[3],[1],[1],[2],[2,3]]",UNSAT,UNSAT,UNSAT,"[0, 1, 2, 3, 4, 5, 6]",0.479478,0.060848,0.00422,False
704756,1,5,[3],"[1,1,2,2,1]","[[0,1,3,4]]",FEASIBLE,FEASIBLE,FEASIBLE,null,0.005495,0.019677,0.001358,False
704757,6,7,"[2,3,1,1,1,2]","[3,2,1,3,3,2,1]","[[1,2],[1,2,3,4,5],[1,2,3,4,5,6],[1],[0,2,3,4,5,6],[0,6]]",FEASIBLE,FEASIBLE,FEASIBLE,null,0.370443,0.070497,0.004995,False
704758,6,3,"[2,1,2,1,2,2]","[3,2,2]","[[0,1],[0,1,2],[0,1,2],[2],[0,1,2],[1,2]]",UNSAT,UNSAT,UNSAT,"[0, 2, 3, 5]",0.135747,0.057529,0.004262,False
704759,4,2,"[1,1,1,1]","[3,2]","[[0],[1],[0],[0]]",FEASIBLE,FEASIBLE,FEASIBLE,null,0.032101,0.022734,0.001418,False
704760,4,1,"[1,1,1,1]",[3],"[[0],[0],[0],[0]]",UNSAT,UNSAT,UNSAT,"[0, 1, 2, 3]",0.021993,0.030366,0.001691,False
704761,6,4,"[2,3,2,1,1,1]","[1,2,3,2]","[[0,3],[0,1,3],[0,2],[1],[0,1,2],[0,1,2,3]]",UNSAT,UNSAT,UNSAT,"[0, 1]",0.023008,0.05697,0.004505,False
704762,7,1,"[1,1,1,1,1,1,1]",[3],"[[0],[0],[0],[0],[0],[0],[0]]",UNSAT,UNSAT,UNSAT,"[0, 1, 2, 3]",0.085504,0.042184,0.003223,False
704763,2,3,"[2,2]","[3,2,1]","[[0,1],[0,1]]",FEASIBLE,FEASIBLE,FEASIBLE,null,0.009694,0.021064,0.001659,False
704764,3,1,"[1,1,1]",[2],"[[0],[0],[0]]",UNSAT,UNSAT,UNSAT,"[0, 1, 2]",0.011583,0.025539,0.001847,False
704765,4,3,"[1,1,3,1]","[1,3,1]","[[1,2],[2],[0,1,2],[0,1,2]]",UNSAT,UNSAT,UNSAT,"[1, 2]",0.021914,0.137123,0.0035,False
704766,6,6,"[1,1,1,2,2,2]","[1,1,3,3,1,3]","[[2],[1,2,3,4,5],[5],[0,3,4],[1,2,3,4,5],[0,1,5]]",FEASIBLE,FEASIBLE,FEASIBLE,null,0.319203,0.061751,0.004377,False
704767,4,4,"[1,2,2,2]","[1,2,3,2]","[[0,3],[2,3],[1,2,3],[0,1,2]]",FEASIBLE,FEASIBLE,FEASIBLE,null,0.052731,0.03483,0.002143,False
704768,3,6,"[1,2,3]","[3,2,2,1,1,2]","[[5],[0,1,3,4,5],[1,3,5]]",FEASIBLE,FEASIBLE,FEASIBLE,null,0.033858,0.03108,0.002155,False
704769,5,5,"[1,1,1,3,1]","[3,1,2,2,2]","[[1],[0,2,3,4],[1],[0,2,3,4],[0,4]]",UNSAT,UNSAT,UNSAT,"[0, 2]",0.027233,0.045484,0.003258,False
704770,6,4,"[1,1,1,3,1,3]","[1,3,2,2]","[[1,3],[1],[3],[0,1,3],[2],[1,2,3]]",UNSAT,UNSAT,UNSAT,"[2, 3, 5]",0.129035,0.054168,0.003987,False
704771,7,1,"[1,1,1,1,1,1,1]",[1],"[[0],[0],[0],[0],[0],[0],[0]]",UNSAT,UNSAT,UNSAT,"[0, 1]",0.011456,0.039861,0.002219,False
704772,5,5,"[1,1,1,2,2]","[2,3,2,3,2]","[[2],[1,3],[0,3],[0,1,2,3,4],[0,2,3]]",FEASIBLE,FEASIBLE,FEASIBLE,null,0.124431,0.038687,0.002703,False
704773,5,7,"[3,2,2,1,1]","[1,1,1,2,3,1,3]","[[0,1,2,3,4,5],[1,2,3,5],[1,2,4],[0,3,5,6],[0,3,4]]",FEASIBLE,FEASIBLE,FEASIBLE,null,0.170843,0.072461,0.004876,False
704774,3,1,"[1,1,1]",[3],"[[0],[0],[0]]",FEASIBLE,FEASIBLE,FEASIBLE,null,0.011287,0.019607,0.000977,False
704775,1,7,[3],"[2,2,2,1,3,2,2]","[[0,1,2,3,4,6]]",FEASIBLE,FEASIBLE,FEASIBLE,null,0.006334,0.101055,0.001501,False
704776,2,3,"[1,2]","[1,2,2]","[[0,1],[0,1,2]]",FEASIBLE,FEASIBLE,FEASIBLE,null,0.009647,0.020243,0.001763,False
704777,5,2,"[1,1,1,2,1]","[3,3]","[[0,1],[0],[0],[0,1],[1]]",FEASIBLE,FEASIBLE,FEASIBLE,null,0.075656,0.039751,0.002243,False
704778,4,5,"[1,1,1,1]","[3,3,2,2,2]","[[0,3],[3],[4],[0,1,2,3,4]]",FEASIBLE,FEASIBLE,FEASIBLE,null,0.061107,0.027862,0.002017,False
704779,5,7,"[3,1,3,2,1]","[2,2,2,2,2,1,2]","[[0,1,2,3,4,5,6],[5],[0,1,3,4,5,6],[1,2,3,5,6],[0,1,3,4,5,6]]",FEASIBLE,FEASIBLE,FEASIBLE,null,0.172099,0.055907,0.004363,False
704780,1,4,[3],"[3,3,1,3]","[[0,1,2,3]]",FEASIBLE,FEASIBLE,FEASIBLE,null,0.004734,0.017689,0.001217,False
704781,2,2,"[2,1]","[2,1]","[[0,1],[1]]",UNSAT,UNSAT,UNSAT,"[0, 1]",0.007482,0.024002,0.001611,False
704782,1,2,[1],"[2,1]",[[0]],FEASIBLE,FEASIBLE,FEASIBLE,null,0.003352,0.01038,0.00074,False
704783,6,6,"[1,2,3,1,3,3]","[2,1,3,3,1,3]","[[0,2,3],[0,1,2,3,4,5],[1,2,3,4,5],[1,5],[1,2,3,4],[0,1,3,4,5]]",FEASIBLE,FEASIBLE,FEASIBLE,null,0.322215,0.084101,0.005785,False
704784,3,5,"[1,3,1]","[1,1,2,1,2]","[[0,1,2,3,4],[0,1,2,3,4],[1]]",FEASIBLE,FEASIBLE,FEASIBLE,null,0.034811,0.045763,0.003061,False
704785,6,4,"[1,1,1,2,3,2]","[1,3,2,2]","[[2],[1,3],[3],[0,1,2,3],[0,1,2],[0,1,2]]",UNSAT,UNSAT,UNSAT,"[0, 4, 5]",0.099942,0.077665,0.006806,False
704786,6,1,"[1,1,1,1,1,1]",[3],"[[0],[0],[0],[0],[0],[0]]",UNSAT,UNSAT,UNSAT,"[0, 1, 2, 3]",0.056252,0.038211,0.002298,False
704787,5,2,"[1,1,1,1,1]","[3,1]","[[0],[0,1],[0,1],[0,1],[0,1]]",UNSAT,UNSAT,UNSAT,"[0, 1, 2, 3, 4]",0.062923,0.124527,0.003111,False
704788,4,5,"[1,2,3,2]","[1,1,2,3,2]","[[0,1,2,4],[1,3,4],[0,1,2,3,4],[0,1,2,3,4]]",FEASIBLE,FEASIBLE,FEASIBLE,null,0.060458,0.044626,0.003182,False
704789,5,7,"[1,1,1,3,2]","[3,2,2,3,1,2,2]","[[4,6],[0,1,4],[0,2,3,4,6],[1,2,3,4,6],[0,1,3,4,5,6]]",FEASIBLE,FEASIBLE,FEASIBLE,null,0.217225,0.046365,0.003759,False
704790,6,2,"[1,1,1,1,2,1]","[1,3]","[[0],[1],[0,1],[0],[0,1],[0]]",UNSAT,UNSAT,UNSAT,"[0, 3]",0.018311,0.041525,0.00299,False
704791,3,7,"[2,1,2]","[3,1,2,3,1,3,2]","[[1,2,3],[2],[1,5]]",FEASIBLE,FEASIBLE,FEASIBLE,null,0.03723,0.03733,0.002214,False
704792,1,2,[1],"[1,1]",[[0]],FEASIBLE,FEASIBLE,FEASIBLE,null,0.006484,0.009772,0.0007,False
704793,7,4,"[2,1,1,1,2,1,1]","[1,2,2,2]","[[0,1,2],[0,2,3],[0,1,2,3],[0],[0,1,2],[2],[0,1,2]]",UNSAT,UNSAT,UNSAT,"[0, 3, 4, 5]",0.284045,0.085688,0.006165,False
704794,2,6,"[1,1]","[3,3,3,2,2,3]","[[2,3],[2,3]]",FEASIBLE,FEASIBLE,FEASIBLE,null,0.014892,0.018238,0.001277,False
704795,3,4,"[1,2,1]","[2,3,3,3]","[[0,3],[0,1,2,3],[1]]",FEASIBLE,FEASIBLE,FEASIBLE,null,0.024219,0.023749,0.001642,False
704796,7,7,"[2,2,1,2,3,1,3]","[2,2,1,3,1,2,3]","[[0,2,3,4,5,6],[0,1,2,3,4,5,6],[6],[1,2,5],[0,1,2,3,4,5,6],[0,1,2,3,4,5,6],[0,5,6]]",FEASIBLE,FEASIBLE,FEASIBLE,null,0.749928,0.100103,0.007435,False
704797,5,4,"[1,1,1,1,3]","[3,3,2,1]","[[1],[2],[0,1,2,3],[1],[0,1,2]]",FEASIBLE,FEASIBLE,FEASIBLE,null,0.116206,0.120095,0.002259,False
704798,5,1,"[1,1,1,1,1]",[3],"[[0],[0],[0],[0],[0]]",UNSAT,UNSAT,UNSAT,"[0, 1, 2, 3]",0.035101,0.034316,0.001947,False
704799,3,1,"[1,1,1]",[3],"[[0],[0],[0]]",FEASIBLE,FEASIBLE,FEASIBLE,null,0.010932,0.017668,0.000943,False
704800,2,4,"[3,1]","[1,2,2,2]","[[0,1,2,3],[2]]",FEASIBLE,FEASIBLE,FEASIBLE,null,0.011222,0.021516,0.001454,False
704801,3,1,"[1,1,1]",[1],"[[0],[0],[0]]",UNSAT,UNSAT,UNSAT,"[0, 1]",0.006798,0.024417,0.001554,False
704802,3,5,"[2,1,2]","[1,3,2,1,1]","[[0,4],[2],[0,1,2,3,4]]",FEASIBLE,FEASIBLE,FEASIBLE,null,0.028147,0.0292,0.001954,False
704803,3,3,"[1,2,3]","[2,2,2]","[[0,1],[0,1,2],[0,1,2]]",FEASIBLE,FEASIBLE,FEASIBLE,null,0.020345,0.038998,0.002345,False
704804,2,2,"[1,1]","[3,2]","[[0,1],[0,1]]",FEASIBLE,FEASIBLE,FEASIBLE,null,0.00837,0.015699,0.001081,False
704805,4,1,"[1,1,1,1]",[3],"[[0],[0],[0],[0]]",UNSAT,UNSAT,UNSAT,"[0, 1, 2, 3]",0.021577,0.030072,0.001563,False
704806,7,7,"[2,1,3,3,1,1,1]","[2,1,2,1,2,3,1]","[[0,1,6],[5,6],[1,5,6],[0,2,5],[0,3],[6],[0,1,2,5,6]]",UNSAT,UNSAT,UNSAT,"[0, 2]",0.043715,0.065833,0.005182,False
704807,5,5,"[2,2,2,1,1]","[2,3,3,2,1]","[[3,4],[0,2,3,4],[0,1,2,3,4],[0,1,2,3,4],[0,2,3]]",FEASIBLE,FEASIBLE,FEASIBLE,null,0.128063,0.044528,0.003532,False
704808,1,1,[1],[1],[[0]],FEASIBLE,FEASIBLE,FEASIBLE,null,0.01094,0.012048,0.000569,False
704809,5,5,"[1,1,2,1,1]","[1,2,2,2,3]","[[0,2,3,4],[1,3],[0,2,3,4],[0,1,2],[4]]",FEASIBLE,FEASIBLE,FEASIBLE,null,0.126253,0.037367,0.002886,False
704810,3,6,"[2,1,1]","[3,1,3,1,1,2]","[[0,1,3,4,5],[1],[1,2,3,4,5]]",FEASIBLE,FEASIBLE,FEASIBLE,null,0.033666,0.117483,0.002667,False
704811,7,1,"[1,1,1,1,1,1,1]",[1],"[[0],[0],[0],[0],[0],[0],[0]]",UNSAT,UNSAT,UNSAT,"[0, 1]",0.0116,0.039391,0.002286,False
704812,4,4,"[3,2,2,3]","[3,2,1,1]","[[0,1,2,3],[0,1,2,3],[1,2,3],[0,2,3]]",UNSAT,UNSAT,UNSAT,"[0, 3]",0.023058,0.053266,0.004163,False
704813,2,3,"[1,1]","[2,1,3]","[[0,1,2],[1,2]]",FEASIBLE,FEASIBLE,FEASIBLE,null,0.009961,0.017469,0.001225,False
704814,2,6,"[3,2]","[1,3,3,2,3,1]","[[0,1,2,3,4],[0,1,2,3,4,5]]",FEASIBLE,FEASIBLE,FEASIBLE,null,0.015101,0.029431,0.002072,False
704815,4,2,"[1,1,1,1]","[3,1]","[[0],[0,1],[0],[0]]",FEASIBLE,FEASIBLE,FEASIBLE,null,0.032717,0.031812,0.001877,False
704816,4,1,"[1,1,1,1]",[3],"[[0],[0],[0],[0]]",UNSAT,UNSAT,UNSAT,"[0, 1, 2, 3]",0.021635,0.029942,0.001461,False
704817,4,5,"[2,3,1,1]","[1,1,1,3,1]","[[0,2,3,4],[1,2,4],[2,3,4],[0,1,2,3,4]]",FEASIBLE,FEASIBLE,FEASIBLE,null,0.060796,0.056067,0.003813,False
704818,5,2,"[1,1,1,1,1]","[1,3]","[[0],[1],[0],[0,1],[1]]",UNSAT,UNSAT,UNSAT,"[0, 2]",0.014369,0.034834,0.002318,False
704819,7,1,"[1,1,1,1,1,1,1]",[1],"[[0],[0],[0],[0],[0],[0],[0]]",UNSAT,UNSAT,UNSAT,"[0, 1]",0.011272,0.040335,0.002068,False
704820,5,4,"[1,1,1,2,1]","[3,1,3,2]","[[2],[2],[0,2],[0,1,2,3],[1,2,3]]",FEASIBLE,FEASIBLE,FEASIBLE,null,0.103707,0.033283,0.002255,False
704821,4,2,"[1,1,2,2]","[1,2]","[[0],[0],[0,1],[0,1]]",UNSAT,UNSAT,UNSAT,"[0, 1]",0.011003,0.03437,0.002354,False
704822,5,1,"[1,1,1,1,1]",[2],"[[0],[0],[0],[0],[0]]",UNSAT,UNSAT,UNSAT,"[0, 1, 2]",0.021593,0.033306,0.001785,False
704823,3,7,"[2,1,3]","[2,3,3,3,3,1,3]","[[0,1,2,3,4,5,6],[1,2,3],[1,4,6]]",FEASIBLE,FEASIBLE,FEASIBLE,null,0.037061,0.117123,0.002561,False
704824,7,2,"[1,2,1,1,2,1,1]","[3,2]","[[1],[0,1],[0],[0],[0,1],[0],[0]]",UNSAT,UNSAT,UNSAT,"[0, 1, 4]",0.059695,0.047966,0.003254,False
704825,3,7,"[1,3,1]","[2,3,3,2,1,3,3]","[[0,1,2,3,4],[0,1,3,5,6],[4]]",FEASIBLE,FEASIBLE,FEASIBLE,null,0.037371,0.030973,0.002273,False
704826,7,2,"[1,1,1,2,1,1,1]","[2,3]","[[0,1],[1],[0],[0,1],[0,1],[1],[0,1]]",UNSAT,UNSAT,UNSAT,"[0, 1, 2, 3, 4]",0.201985,0.0505,0.003822,False
704827,2,2,"[1,1]","[1,3]","[[1],[1]]",FEASIBLE,FEASIBLE,FEASIBLE,null,0.007758,0.014321,0.001098,False
704828,7,7,"[1,1,2,1,3,1,1]","[1,1,3,1,1,3,2]","[[0,3,4],[1],[0,1,2,3,4,5,6],[0,1,3,4,5],[0,1,2,3,4,5,6],[0,1,2,3,4,5,6],[0,1,2,3,4,5,6]]",FEASIBLE,FEASIBLE,FEASIBLE,null,0.741043,0.074178,0.006059,False
704829,2,3,"[2,1]","[1,2,2]","[[1,2],[2]]",FEASIBLE,FEASIBLE,FEASIBLE,null,0.009851,0.017817,0.001139,False
704830,1,3,[1],"[1,1,3]",[[1]],FEASIBLE,FEASIBLE,FEASIBLE,null,0.003887,0.010626,0.001079,False
704831,6,5,"[1,2,1,2,1,2]","[3,2,3,3,1]","[[1,2,3,4],[0,1,2,3,4],[3],[1,3],[1,2],[0,1,2,3,4]]",FEASIBLE,FEASIBLE,FEASIBLE,null,0.264865,0.060749,0.004968,False
704832,7,3,"[1,2,1,1,2,1,2]","[2,1,2]","[[0,1,2],[0,1,2],[2],[0,2],[0,1,2],[2],[1,2]]",UNSAT,UNSAT,UNSAT,"[1, 2, 6]",0.121879,0.060133,0.005097,False
704833,4,1,"[1,1,1,1]",[1],"[[0],[0],[0],[0]]",UNSAT,UNSAT,UNSAT,"[0, 1]",0.008279,0.106936,0.002431,False
704834,4,4,"[1,2,1,3]","[2,3,2,2]","[[2],[0,1,2],[2],[0,1,2,3]]",FEASIBLE,FEASIBLE,FEASIBLE,null,0.051975,0.034724,0.002667,False
704835,2,1,"[1,1]",[3],"[[0],[0]]",FEASIBLE,FEASIBLE,FEASIBLE,null,0.006264,0.013793,0.0011,False
704836,3,3,"[1,3,2]","[1,3,2]","[[0,1,2],[0,1,2],[0,1,2]]",FEASIBLE,FEASIBLE,FEASIBLE,null,0.019319,0.038587,0.0027,False
704837,7,2,"[2,1,1,1,1,1,1]","[1,1]","[[0,1],[0],[0,1],[0],[1],[0,1],[1]]",UNSAT,UNSAT,UNSAT,"[0, 1]",0.016395,0.046301,0.004077,False
704838,6,7,"[2,2,3,1,1,1]","[2,2,2,1,2,1,2]","[[0,2,3,4,5,6],[2,3,5],[0,1,2,3,4,5,6],[0,2,3,5],[0,1,2,4,5,6],[0,4,6]]",FEASIBLE,FEASIBLE,FEASIBLE,null,0.368814,0.061053,0.019793,False
704839,4,3,"[2,1,1,2]","[3,3,1]","[[1,2],[0,1,2],[2],[0,1,2]]",UNSAT,UNSAT,UNSAT,"[0, 2]",0.016998,0.038245,0.005078,False
704840,1,3,[2],"[3,1,3]","[[1,2]]",FEASIBLE,FEASIBLE,FEASIBLE,null,0.004179,0.014282,0.001439,False
704841,7,6,"[3,1,1,1,1,3,2]","[2,3,3,3,3,3]","[[0,1,2,3,4],[3],[0,1,2,3,4,5],[0,1,2,4,5],[1,4],[0,3,5],[1,3]]",FEASIBLE,FEASIBLE,FEASIBLE,null,0.65565,0.077477,0.006859,False
704842,1,6,[1],"[2,2,3,2,2,2]","[[0,1,3,5]]",FEASIBLE,FEASIBLE,FEASIBLE,null,0.006071,0.014822,0.001703,False
704843,4,7,"[2,1,1,3]","[3,2,1,2,3,1,3]","[[0,2,3,4],[1,3,6],[4],[0,1,2,3,4,5,6]]",FEASIBLE,FEASIBLE,FEASIBLE,null,0.080489,0.042589,0.00322,False
704844,2,1,"[1,1]",[1],"[[0],[0]]",UNSAT,UNSAT,UNSAT,"[0, 1]",0.005954,0.021152,0.001627,False
704845,5,4,"[1,1,1,1,3]","[1,1,2,1]","[[0,2],[1,3],[0,1,2,3],[2],[0,1,2,3]]",UNSAT,UNSAT,UNSAT,"[0, 1, 2, 4]",0.089536,0.132236,0.004796,False
704846,7,7,"[3,1,3,1,2,1,2]","[3,1,2,2,1,3,1]","[[0,3,5,6],[0,1,3,4,5,6],[0,1,2,3,4,6],[6],[0,1,2,6],[6],[0,1,2,3,4,5,6]]",UNSAT,UNSAT,UNSAT,"[3, 5]",0.13288,0.102205,0.009428,False
704847,3,3,"[1,3,2]","[3,3,2]","[[0,2],[0,1,2],[0,1,2]]",FEASIBLE,FEASIBLE,FEASIBLE,null,0.020148,0.028626,0.00199,False
704848,3,2,"[2,1,2]","[2,1]","[[0,1],[0],[0,1]]",UNSAT,UNSAT,UNSAT,"[0, 2]",0.011358,0.031628,0.00256,False
704849,4,1,"[1,1,1,1]",[2],"[[0],[0],[0],[0]]",UNSAT,UNSAT,UNSAT,"[0, 1, 2]",0.015891,0.029606,0.002171,False
704850,7,1,"[1,1,1,1,1,1,1]",[3],"[[0],[0],[0],[0],[0],[0],[0]]",UNSAT,UNSAT,UNSAT,"[0, 1, 2, 3]",0.083926,0.040994,0.002946,False
704851,4,7,"[3,2,1,2]","[2,3,2,2,3,2,2]","[[0,1,2,3,5],[1,2],[0,2,5,6],[0,1,2,3,4,5,6]]",FEASIBLE,FEASIBLE,FEASIBLE,null,0.080729,0.043812,0.00351,False
704852,3,7,"[3,1,1]","[1,3,1,1,1,3,2]","[[1,2,6],[0,1,2,4],[0]]",FEASIBLE,FEASIBLE,FEASIBLE,null,0.06142,0.040343,0.002796,False
704853,2,2,"[2,1]","[3,2]","[[0,1],[0]]",FEASIBLE,FEASIBLE,FEASIBLE,null,0.008075,0.017122,0.001188,False
704854,5,4,"[2,1,1,3,1]","[1,1,3,2]","[[1,3],[0,1,2,3],[0,1,2,3],[0,2,3],[1]]",UNSAT,UNSAT,UNSAT,"[0, 4]",0.029089,0.063621,0.004375,False
704855,6,3,"[1,3,3,1,1,1]","[1,2,2]","[[0,1],[0,1,2],[0,1,2],[0,1,2],[0,2],[0,2]]",UNSAT,UNSAT,UNSAT,"[1, 2]",0.031008,0.133082,0.004654,False
704856,3,5,"[3,2,1]","[3,3,3,2,2]","[[0,2,3,4],[0,1,2,3],[0,1,3]]",FEASIBLE,FEASIBLE,FEASIBLE,null,0.028305,0.031837,0.002381,False
704857,3,4,"[2,1,2]","[3,2,1,1]","[[0,1,3],[1,3],[0,2]]",FEASIBLE,FEASIBLE,FEASIBLE,null,0.023891,0.026134,0.00185,False
704858,2,4,"[2,1]","[3,2,1,1]","[[1,3],[0]]",FEASIBLE,FEASIBLE,FEASIBLE,null,0.012416,0.018887,0.00178,False
704859,5,6,"[2,2,1,3,3]","[2,3,1,1,2,3]","[[3,4],[0,1,2,3,4,5],[0,1,2,3,4,5],[0,1,2,5],[0,1,2,3,4,5]]",FEASIBLE,FEASIBLE,FEASIBLE,null,0.151651,0.057198,0.004656,False
704860,2,7,"[2,1]","[1,3,2,3,3,2,3]","[[1,2,6],[0,2,3,4,5,6]]",FEASIBLE,FEASIBLE,FEASIBLE,null,0.017321,0.0265,0.002201,False
704861,7,6,"[1,2,3,1,2,2,2]","[2,2,1,1,3,2]","[[0,1,2,3,4,5],[1,2,4],[0,1,2,3,4,5],[0,1,2,3,4,5],[0,1,2,3,4],[0,2],[1,2,3,4,5]]",UNSAT,UNSAT,UNSAT,"[0, 1, 2, 4, 5, 6]",0.668729,0.127577,0.010355,False
704862,4,3,"[1,1,2,1]","[2,1,2]","[[0,1],[0,1,2],[0,2],[0,1]]",FEASIBLE,FEASIBLE,FEASIBLE,null,0.042706,0.042631,0.002794,False
704863,4,3,"[1,1,2,1]","[3,2,1]","[[0],[0,1],[1,2],[2]]",UNSAT,UNSAT,UNSAT,"[2, 3]",0.02701,0.034839,0.002382,False
704864,5,7,"[1,3,1,2,2]","[1,1,2,2,2,3,2]","[[0,1,2,3,4,5,6],[1,2,3],[0,1,2,3,4,5],[0,2,3],[0,1,2,4,5,6]]",FEASIBLE,FEASIBLE,FEASIBLE,null,0.175019,0.077269,0.005067,False
704865,5,6,"[3,3,3,1,2]","[3,2,3,1,2,3]","[[0,1,2,3,5],[0,1,4],[0,1,2,3,5],[2,3,4],[0,1,2,3,4,5]]",FEASIBLE,FEASIBLE,FEASIBLE,null,0.152902,0.140978,0.004106,False
704866,2,5,"[2,1]","[1,3,1,2,2]","[[1,4],[1]]",FEASIBLE,FEASIBLE,FEASIBLE,null,0.013518,0.019772,0.001353,False
704867,5,2,"[2,2,1,1,1]","[3,1]","[[0,1],[0,1],[0],[0],[1]]",UNSAT,UNSAT,UNSAT,"[0, 1]",0.012947,0.041479,0.003201,False
704868,1,2,[1],"[2,3]",[[1]],FEASIBLE,FEASIBLE,FEASIBLE,null,0.003686,0.011185,0.001017,False
704869,4,7,"[1,2,3,1]","[1,1,1,1,3,3,3]","[[0,1,2,3],[0,1,2,5],[0,1,3,4,5,6],[0,1,2]]",FEASIBLE,FEASIBLE,FEASIBLE,null,0.081803,0.062911,0.004407,False
704870,1,6,[1],"[1,2,3,2,1,1]",[[0]],FEASIBLE,FEASIBLE,FEASIBLE,null,0.005895,0.012544,0.000915,False
704871,7,3,"[3,1,2,3,1,2,1]","[2,1,3]","[[0,1,2],[0,1,2],[0,1,2],[0,1,2],[1],[1,2],[1]]",UNSAT,UNSAT,UNSAT,"[0, 3]",0.037701,0.064995,0.0049,False
704872,1,3,[3],"[3,2,3]","[[0,1,2]]",FEASIBLE,FEASIBLE,FEASIBLE,null,0.004267,0.017883,0.001072,False
704873,1,2,[1],"[3,3]",[[1]],FEASIBLE,FEASIBLE,FEASIBLE,null,0.003503,0.010568,0.000744,False
704874,3,7,"[1,2,3]","[3,3,1,2,2,1,3]","[[3],[0,2,3,5,6],[1,4,5]]",FEASIBLE,FEASIBLE,FEASIBLE,null,0.037881,0.034965,0.002369,False
704875,6,6,"[1,3,2,2,1,1]","[1,3,2,3,3,2]","[[3],[0,1,2,3,4,5],[0,3,4],[2,3,4],[0,2],[0]]",FEASIBLE,FEASIBLE,FEASIBLE,null,0.317476,0.08106,0.005374,False
704876,5,4,"[2,1,1,1,3]","[1,2,1,1]","[[1,2],[2],[0,3],[3],[1,2,3]]",UNSAT,UNSAT,UNSAT,"[0, 1]",0.01962,0.046026,0.003429,False
704877,6,2,"[1,2,1,1,1,2]","[3,2]","[[0,1],[0,1],[1],[0,1],[0,1],[0,1]]",UNSAT,UNSAT,UNSAT,"[1, 2, 5]",0.115954,0.13903,0.003557,False
704878,1,6,[2],"[3,2,3,2,1,3]","[[0,1,2,3]]",FEASIBLE,FEASIBLE,FEASIBLE,null,0.005948,0.017252,0.001306,False
704879,3,5,"[1,1,3]","[3,2,1,3,1]","[[0,1,3],[2,3,4],[0,1,2,3,4]]",FEASIBLE,FEASIBLE,FEASIBLE,null,0.02891,0.030373,0.002268,False
704880,6,2,"[1,1,1,1,1,1]","[3,3]","[[0],[0],[0,1],[0,1],[1],[0,1]]",FEASIBLE,FEASIBLE,FEASIBLE,null,0.12993,0.032911,0.002044,False
704881,5,7,"[1,1,2,3,1]","[3,2,1,2,3,2,1]","[[2,3,6],[0,1,2,3,4,6],[0,2,3,5,6],[0,1,3,5],[5]]",FEASIBLE,FEASIBLE,FEASIBLE,null,0.171184,0.059115,0.00359,False
704882,1,1,[1],[3],[[0]],FEASIBLE,FEASIBLE,FEASIBLE,null,0.003321,0.010923,0.000615,False
704883,5,1,"[1,1,1,1,1]",[3],"[[0],[0],[0],[0],[0]]",UNSAT,UNSAT,UNSAT,"[0, 1, 2, 3]",0.035368,0.034179,0.002678,False
704884,6,5,"[3,1,1,3,1,1]","[2,3,1,3,2]","[[1,2,3,4],[0,1,4],[0,1,2,3,4],[0,1,2,3,4],[0],[0,1]]",FEASIBLE,FEASIBLE,FEASIBLE,null,0.260492,0.068242,0.004642,False
704885,1,1,[1],[1],[[0]],FEASIBLE,FEASIBLE,FEASIBLE,null,0.002941,0.009768,0.0006,False
704886,6,6,"[1,3,1,1,1,2]","[1,1,1,3,3,1]","[[0],[0,1,2,3,4],[5],[1],[0,1,2,3,4],[1,4]]",UNSAT,UNSAT,UNSAT,"[3, 5]",0.086633,0.071013,0.005077,False
704887,7,4,"[2,2,3,3,1,2,2]","[3,1,1,1]","[[0,2],[2,3],[0,1,2],[1,2,3],[0,1,2,3],[0,1,2,3],[0,1,2,3]]",UNSAT,UNSAT,UNSAT,"[0, 1]",0.024987,0.072219,0.006049,False
704888,1,1,[1],[3],[[0]],FEASIBLE,FEASIBLE,FEASIBLE,null,0.002889,0.010423,0.000479,False
704889,4,5,"[2,1,3,1]","[3,3,3,3,2]","[[0,2,3,4],[0,1,3,4],[0,1,2,3,4],[1]]",FEASIBLE,FEASIBLE,FEASIBLE,null,0.059686,0.173514,0.002805,False
704890,7,6,"[1,3,3,1,1,2,2]","[1,2,1,2,2,1]","[[0],[1,3,4,5],[0,1,2,3,5],[0],[5],[1,2,3,4],[0,1,2,4]]",UNSAT,UNSAT,UNSAT,"[0, 3]",0.052037,0.083969,0.006191,False
704891,5,1,"[1,1,1,1,1]",[1],"[[0],[0],[0],[0],[0]]",UNSAT,UNSAT,UNSAT,"[0, 1]",0.009827,0.032627,0.002101,False
704892,5,6,"[2,2,2,1,1]","[1,1,2,3,1,1]","[[0,1,2,3,4,5],[0,1,2,3,5],[0,1,2,4,5],[1,2,4],[4]]",FEASIBLE,FEASIBLE,FEASIBLE,null,0.148399,0.065232,0.004418,False
704893,2,2,"[1,1]","[1,3]","[[1],[1]]",FEASIBLE,FEASIBLE,FEASIBLE,null,0.008034,0.014446,0.000928,False
704894,3,4,"[2,3,2]","[2,3,3,2]","[[1,2,3],[0,1,2],[1,3]]",FEASIBLE,FEASIBLE,FEASIBLE,null,0.024943,0.030838,0.002036,False
704895,1,6,[2],"[2,1,3,2,2,1]","[[0,1,2,4,5]]",FEASIBLE,FEASIBLE,FEASIBLE,null,0.005629,0.02088,0.001337,False
704896,1,5,[1],"[1,2,1,3,2]","[[0,1,2,3,4]]",FEASIBLE,FEASIBLE,FEASIBLE,null,0.0051,0.01474,0.001221,False
704897,6,1,"[1,1,1,1,1,1]",[3],"[[0],[0],[0],[0],[0],[0]]",UNSAT,UNSAT,UNSAT,"[0, 1, 2, 3]",0.056539,0.038729,0.002438,False
704898,7,5,"[2,1,1,3,3,1,3]","[3,1,1,2,2]","[[0,3,4],[0,2,3],[2,3,4],[0,1,2,3,4],[0,2,3,4],[0,1],[0,1,2,3,4]]",UNSAT,UNSAT,UNSAT,"[0, 3, 4, 6]",0.327653,0.079487,0.006527,False
704899,4,2,"[1,1,1,1]","[3,1]","[[0,1],[1],[0],[0]]",FEASIBLE,FEASIBLE,FEASIBLE,null,0.032763,0.026893,0.001456,False
704900,3,4,"[1,2,3]","[2,1,1,1]","[[1],[0,1,2],[1,2,3]]",UNSAT,UNSAT,UNSAT,"[0, 2]",0.01726,0.12138,0.003045,False
704901,5,4,"[1,3,1,1,1]","[2,2,2,2]","[[3],[0,1,2,3],[0,1,2,3],[0,1,2,3],[0]]",FEASIBLE,FEASIBLE,FEASIBLE,null,0.103897,0.049585,0.003451,False
704902,4,3,"[2,1,2,2]","[1,1,1]","[[1,2],[0,1],[0,1],[0,1,2]]",UNSAT,UNSAT,UNSAT,"[0, 2]",0.016453,0.040778,0.003022,False
704903,3,5,"[1,2,1]","[3,1,1,1,1]","[[2,3,4],[1,3],[0,1,2,4]]",FEASIBLE,FEASIBLE,FEASIBLE,null,0.02901,0.026244,0.002035,False
704904,4,4,"[2,1,1,2]","[2,2,1,3]","[[1,2,3],[0,3],[0,3],[2,3]]",FEASIBLE,FEASIBLE,FEASIBLE,null,0.049623,0.039734,0.002563,False
704905,2,2,"[1,2]","[2,3]","[[0,1],[0,1]]",FEASIBLE,FEASIBLE,FEASIBLE,null,0.007868,0.017821,0.001162,False
704906,4,1,"[1,1,1,1]",[3],"[[0],[0],[0],[0]]",UNSAT,UNSAT,UNSAT,"[0, 1, 2, 3]",0.022346,0.030834,0.002065,False
704907,5,1,"[1,1,1,1,1]",[2],"[[0],[0],[0],[0],[0]]",UNSAT,UNSAT,UNSAT,"[0, 1, 2]",0.021489,0.032926,0.001886,False
704908,5,6,"[1,1,1,1,1]","[3,3,2,2,3,1]","[[0,1,2,4],[4],[1,2],[0,1,2,3,4,5],[1]]",FEASIBLE,FEASIBLE,FEASIBLE,null,0.14856,0.034152,0.002731,False
704909,7,2,"[1,1,1,1,1,1,1]","[3,1]","[[0],[0,1],[0,1],[0,1],[1],[1],[1]]",UNSAT,UNSAT,UNSAT,"[4, 5]",0.048199,0.046572,0.003319,False
704910,7,1,"[1,1,1,1,1,1,1]",[1],"[[0],[0],[0],[0],[0],[0],[0]]",UNSAT,UNSAT,UNSAT,"[0, 1]",0.011252,0.05253,0.002504,False
704911,1,7,[1],"[2,3,2,3,1,3,2]",[[2]],FEASIBLE,FEASIBLE,FEASIBLE,null,0.00663,0.014356,0.000944,False
704912,5,2,"[1,1,1,1,1]","[3,1]","[[0,1],[0,1],[0,1],[1],[0,1]]",UNSAT,UNSAT,UNSAT,"[0, 1, 2, 3, 4]",0.063458,0.040341,0.002914,False
704913,1,1,[1],[2],[[0]],FEASIBLE,FEASIBLE,FEASIBLE,null,0.099089,0.010251,0.000574,False
704914,4,2,"[1,2,1,1]","[2,3]","[[0,1],[0,1],[0],[0]]",UNSAT,UNSAT,UNSAT,"[1, 2, 3]",0.028359,0.044154,0.002776,False
704915,7,1,"[1,1,1,1,1,1,1]",[1],"[[0],[0],[0],[0],[0],[0],[0]]",UNSAT,UNSAT,UNSAT,"[0, 1]",0.011319,0.039135,0.002264,False
704916,7,2,"[1,2,1,1,1,1,2]","[2,1]","[[0],[0,1],[1],[0],[0],[0],[0,1]]",UNSAT,UNSAT,UNSAT,"[1, 2]",0.02679,0.046086,0.003042,False
704917,5,1,"[1,1,1,1,1]",[2],"[[0],[0],[0],[0],[0]]",UNSAT,UNSAT,UNSAT,"[0, 1, 2]",0.021788,0.033015,0.001785,False
704918,5,6,"[2,3,3,1,2]","[2,2,1,2,3,3]","[[0,3,4,5],[1,2,3],[0,1,2,3,4,5],[0,2,3,4],[3,4]]",FEASIBLE,FEASIBLE,FEASIBLE,null,0.149274,0.0722,0.004854,False
704919,1,3,[2],"[1,3,2]","[[0,1]]",FEASIBLE,FEASIBLE,FEASIBLE,null,0.004077,0.025501,0.000846,False
704920,2,7,"[3,1]","[2,1,2,1,2,3,3]","[[0,2,4,5,6],[0,1,2,4,6]]",FEASIBLE,FEASIBLE,FEASIBLE,null,0.016273,0.026399,0.002088,False
704921,7,5,"[1,3,2,2,1,1,3]","[3,2,1,1,1]","[[1,2],[0,1,4],[0,2,3],[0,2,3,4],[2,4],[0,1,2,4],[0,1,2,3]]",UNSAT,UNSAT,UNSAT,"[0, 1, 2, 6]",0.262542,0.074016,0.006332,False
704922,7,4,"[3,2,1,2,2,1,1]","[2,1,2,1]","[[0,1,2],[2,3],[0,2,3],[0,1,2],[2,3],[2],[2]]",UNSAT,UNSAT,UNSAT,"[1, 4]",0.04897,0.062051,0.004655,False
704923,4,7,"[2,2,1,3]","[2,2,2,3,1,2,3]","[[0,2,4,5],[0,1,2,3,4,5,6],[1,4,6],[2,3,4,5]]",FEASIBLE,FEASIBLE,FEASIBLE,null,0.080781,0.044786,0.003321,False
704924,1,4,[3],"[2,3,3,3]","[[0,1,2,3]]",FEASIBLE,FEASIBLE,FEASIBLE,null,0.086539,0.01804,0.001264,False
704925,3,5,"[1,2,1]","[2,3,1,1,1]","[[0],[0,1],[1,4]]",FEASIBLE,FEASIBLE,FEASIBLE,null,0.029187,0.024328,0.001564,False
704926,6,5,"[2,1,3,2,1,1]","[2,2,3,2,1]","[[0,1,2],[0,1,3,4],[0,1,2,4],[1,2,4],[2,3,4],[0,1,2]]",FEASIBLE,FEASIBLE,FEASIBLE,null,0.286069,0.085506,0.005808,False
704927,1,2,[1],"[3,1]",[[1]],FEASIBLE,FEASIBLE,FEASIBLE,null,0.003646,0.010472,0.000604,False
704928,4,1,"[1,1,1,1]",[3],"[[0],[0],[0],[0]]",UNSAT,UNSAT,UNSAT,"[0, 1, 2, 3]",0.021682,0.030325,0.00176,False
704929,4,1,"[1,1,1,1]",[3],"[[0],[0],[0],[0]]",UNSAT,UNSAT,UNSAT,"[0, 1, 2, 3]",0.021097,0.030391,0.001541,False
704930,5,2,"[1,2,1,2,1]","[1,1]","[[1],[0,1],[0,1],[0,1],[0]]",UNSAT,UNSAT,UNSAT,"[0, 1]",0.012736,0.039979,0.002839,False
704931,5,5,"[2,2,2,1,2]","[2,1,2,3,2]","[[0,1,2,3],[1,2,3,4],[0,1,3],[0,1,2,3,4],[1,3]]",FEASIBLE,FEASIBLE,FEASIBLE,null,0.127569,0.060106,0.004146,False
704932,5,2,"[2,2,1,1,1]","[3,1]","[[0,1],[0,1],[0,1],[0],[0,1]]",UNSAT,UNSAT,UNSAT,"[0, 1]",0.012892,0.042986,0.00294,False
704933,1,3,[1],"[3,2,3]","[[0,1,2]]",FEASIBLE,FEASIBLE,FEASIBLE,null,0.00417,0.012911,0.000891,False
704934,1,7,[1],"[1,2,3,2,3,2,2]","[[1,4]]",FEASIBLE,FEASIBLE,FEASIBLE,null,0.006014,0.013451,0.001209,False
704935,5,4,"[2,3,1,3,3]","[3,2,2,1]","[[1,2,3],[0,2,3],[3],[0,1,2],[0,1,2,3]]",UNSAT,UNSAT,UNSAT,"[1, 2]",0.031807,0.057017,0.004482,False
704936,3,2,"[1,1,1]","[2,1]","[[1],[1],[1]]",UNSAT,UNSAT,UNSAT,"[0, 1]",0.009257,0.02701,0.001823,False
704937,1,1,[1],[1],[[0]],FEASIBLE,FEASIBLE,FEASIBLE,null,0.002788,0.091233,0.000539,False
704938,7,2,"[1,1,1,2,2,1,1]","[1,2]","[[0,1],[0],[0,1],[0,1],[0,1],[0,1],[0]]",UNSAT,UNSAT,UNSAT,"[1, 3]",0.028684,0.050906,0.003741,False
704939,3,2,"[1,1,1]","[1,3]","[[0],[1],[1]]",FEASIBLE,FEASIBLE,FEASIBLE,null,0.015795,0.01891,0.001313,False
704940,6,6,"[2,3,1,1,2,1]","[2,3,2,3,2,3]","[[2,3,4,5],[0,1,2,4,5],[1,3],[0,1,2,3],[1,2,4],[0,2,3,5]]",FEASIBLE,FEASIBLE,FEASIBLE,null,0.324548,0.054373,0.003994,False
704941,1,6,[1],"[1,3,3,3,3,1]",[[0]],FEASIBLE,FEASIBLE,FEASIBLE,null,0.005889,0.012427,0.000889,False
704942,5,4,"[1,1,1,1,1]","[2,3,3,3]","[[1],[2],[2],[1],[0,2,3]]",FEASIBLE,FEASIBLE,FEASIBLE,null,0.102685,0.02832,0.001907,False
704943,7,1,"[1,1,1,1,1,1,1]",[1],"[[0],[0],[0],[0],[0],[0],[0]]",UNSAT,UNSAT,UNSAT,"[0, 1]",0.011386,0.03939,0.002232,False
704944,2,5,"[3,2]","[1,2,2,2,2]","[[0,1,2,3,4],[0,4]]",FEASIBLE,FEASIBLE,FEASIBLE,null,0.013129,0.034532,0.002263,False
704945,5,5,"[1,1,2,2,2]","[1,1,1,2,1]","[[0,4],[1,3],[1,3,4],[0,4],[1,2]]",UNSAT,UNSAT,UNSAT,"[0, 3]",0.031875,0.063733,0.006607,False
704946,4,7,"[3,1,1,3]","[2,1,3,1,3,1,1]","[[0,2,3,4,5,6],[0,2,3,4,5,6],[0,2,3,4,5,6],[0,2,3,5]]",FEASIBLE,FEASIBLE,FEASIBLE,null,0.079288,0.057046,0.004919,False
704947,2,6,"[3,2]","[1,3,3,1,2,3]","[[0,1,2,3,4,5],[0,1,2,3,4,5]]",FEASIBLE,FEASIBLE,FEASIBLE,null,0.014734,0.031884,0.002374,False
704948,6,2,"[1,1,1,2,1,1]","[2,1]","[[1],[1],[0,1],[0,1],[1],[1]]",UNSAT,UNSAT,UNSAT,"[0, 1]",0.01463,0.123146,0.003239,False
704949,2,6,"[2,3]","[3,1,1,2,2,1]","[[0,1,3,4,5],[0,1,2,3,4,5]]",FEASIBLE,FEASIBLE,FEASIBLE,null,0.014752,0.029389,0.002138,False
704950,2,6,"[1,2]","[2,1,2,1,1,3]","[[0,2],[0,1,2,3]]",FEASIBLE,FEASIBLE,FEASIBLE,null,0.014618,0.020864,0.001669,False
704951,7,2,"[1,1,2,1,1,1,1]","[3,1]","[[1],[0],[0,1],[0,1],[0,1],[0],[0]]",UNSAT,UNSAT,UNSAT,"[0, 2]",0.017778,0.048188,0.003587,False
704952,3,4,"[1,1,2]","[2,1,1,3]","[[0],[1,3],[0,1,2]]",FEASIBLE,FEASIBLE,FEASIBLE,null,0.024233,0.025083,0.001654,False
704953,2,2,"[1,1]","[2,2]","[[0],[0]]",FEASIBLE,FEASIBLE,FEASIBLE,null,0.007462,0.014216,0.000921,False
704954,4,4,"[1,1,1,2]","[2,2,2,3]","[[0,1,3],[1,2,3],[3],[0,1,2,3]]",FEASIBLE,FEASIBLE,FEASIBLE,null,0.050795,0.029787,0.002157,False
704955,1,5,[1],"[2,3,3,1,2]","[[0,4]]",FEASIBLE,FEASIBLE,FEASIBLE,null,0.005035,0.012357,0.00085,False
704956,3,7,"[1,2,2]","[1,2,3,3,3,3,1]","[[1,2,3,6],[0,1,2,3,5,6],[4,6]]",FEASIBLE,FEASIBLE,FEASIBLE,null,0.037422,0.031193,0.00256,False
704957,4,3,"[3,2,2,1]","[2,1,1]","[[0,1,2],[0,1,2],[1,2],[0]]",UNSAT,UNSAT,UNSAT,"[0, 1]",0.013828,0.042637,0.003071,False
704958,2,4,"[2,2]","[2,3,1,2]","[[0,1,2,3],[0,1,2,3]]",FEASIBLE,FEASIBLE,FEASIBLE,null,0.011203,0.023255,0.001649,False
704959,1,3,[1],"[2,2,1]",[[2]],FEASIBLE,FEASIBLE,FEASIBLE,null,0.004051,0.010621,0.000785,False
704960,5,7,"[1,3,1,2,1]","[1,1,2,1,2,1,3]","[[4],[0,3,4],[0,1,2,3,4,5,6],[0,1,3,4,5,6],[0,2,4]]",FEASIBLE,FEASIBLE,FEASIBLE,null,0.187851,0.059982,0.003776,False
704961,7,4,"[2,1,2,2,1,2,1]","[2,2,3,2]","[[2,3],[0,2,3],[0,1],[0,1,2],[0],[0,1,2,3],[0,1,2,3]]",UNSAT,UNSAT,UNSAT,"[0, 1, 2, 3, 4, 5]",0.513555,0.071518,0.005728,False
704962,3,7,"[2,2,2]","[3,1,1,2,1,2,2]","[[1,2,4,5],[3,4,6],[0,1,2,3,5,6]]",FEASIBLE,FEASIBLE,FEASIBLE,null,0.03828,0.035999,0.00262,False
704963,2,1,"[1,1]",[3],"[[0],[0]]",FEASIBLE,FEASIBLE,FEASIBLE,null,0.00606,0.013595,0.000806,False
704964,4,1,"[1,1,1,1]",[2],"[[0],[0],[0],[0]]",UNSAT,UNSAT,UNSAT,"[0, 1, 2]",0.015886,0.029431,0.001674,False
704965,4,2,"[1,2,1,1]","[1,1]","[[1],[0,1],[0,1],[1]]",UNSAT,UNSAT,UNSAT,"[0, 1]",0.011027,0.034512,0.002412,False
704966,5,5,"[3,1,2,1,2]","[2,1,3,3,2]","[[0,1,2,4],[4],[0,1,2,3,4],[0,1,2,3,4],[0,1,2,3]]",FEASIBLE,FEASIBLE,FEASIBLE,null,0.126125,0.061032,0.004257,False
704967,2,6,"[1,1]","[1,3,2,2,3,3]","[[0,1,2,3,5],[2,3]]",FEASIBLE,FEASIBLE,FEASIBLE,null,0.014902,0.020005,0.001608,False
704968,4,4,"[1,1,1,2]","[2,3,2,3]","[[0],[1,2,3],[1,3],[0,1,2]]",FEASIBLE,FEASIBLE,FEASIBLE,null,0.05026,0.027776,0.001856,False
704969,5,4,"[1,1,1,2,3]","[1,3,3,3]","[[0,1,2,3],[3],[0,1,2,3],[1,2],[0,1,2]]",FEASIBLE,FEASIBLE,FEASIBLE,null,0.105387,0.053934,0.003672,False
704970,2,2,"[2,1]","[2,2]","[[0,1],[1]]",FEASIBLE,FEASIBLE,FEASIBLE,null,0.007955,0.017044,0.001145,False
704971,2,4,"[1,3]","[3,2,1,2]","[[2],[0,1,2,3]]",FEASIBLE,FEASIBLE,FEASIBLE,null,0.01122,0.02241,0.00158,False
704972,1,6,[1],"[3,2,2,1,2,1]",[[1]],FEASIBLE,FEASIBLE,FEASIBLE,null,0.005548,0.012083,0.000885,False
704973,3,2,"[1,2,2]","[1,2]","[[0],[0,1],[0,1]]",UNSAT,UNSAT,UNSAT,"[0, 1]",0.008945,0.127449,0.002287,False
704974,3,3,"[2,2,1]","[2,3,3]","[[0,2],[1,2],[0]]",FEASIBLE,FEASIBLE,FEASIBLE,null,0.020047,0.024819,0.00152,False
704975,6,7,"[1,3,3,2,1,2]","[1,3,3,1,2,2,2]","[[0,1,2],[0,1,5],[0,1,2,3,4,5,6],[4,5],[5],[0,1,2,3,4,6]]",UNSAT,UNSAT,UNSAT,"[1, 3, 4]",0.179636,0.090941,0.006538,False
704976,1,4,[1],"[3,1,1,1]","[[1,2,3]]",FEASIBLE,FEASIBLE,FEASIBLE,null,0.006076,0.013121,0.000979,False
704977,3,5,"[1,3,2]","[3,1,3,3,2]","[[2,3,4],[0,3,4],[0,2,3,4]]",FEASIBLE,FEASIBLE,FEASIBLE,null,0.028184,0.030922,0.00214,False
704978,1,1,[1],[2],[[0]],FEASIBLE,FEASIBLE,FEASIBLE,null,0.002774,0.009153,0.000565,False
704979,2,6,"[3,2]","[2,3,1,2,1,2]","[[1,2,4],[0,1,2,4,5]]",FEASIBLE,FEASIBLE,FEASIBLE,null,0.014794,0.026928,0.001789,False
704980,7,3,"[2,2,1,1,3,2,2]","[3,3,1]","[[0,1],[0,1],[0],[2],[0,1,2],[1,2],[0,2]]",UNSAT,UNSAT,UNSAT,"[3, 4]",0.057143,0.057438,0.004065,False
704981,5,4,"[1,3,2,3,1]","[2,3,3,3]","[[0],[0,2,3],[2,3],[0,1,2,3],[2]]",UNSAT,UNSAT,UNSAT,"[0, 1, 2, 3, 4]",0.104748,0.052929,0.003815,False
704982,5,5,"[1,2,1,2,2]","[1,1,2,1,2]","[[3],[0,1,4],[0],[0,4],[0,1,2,3,4]]",UNSAT,UNSAT,UNSAT,"[2, 3]",0.048134,0.054556,0.004222,False
704983,7,3,"[3,2,2,1,1,1,1]","[3,1,3]","[[0,1,2],[0,1],[0,2],[0,1,2],[0,1],[2],[0]]",UNSAT,UNSAT,UNSAT,"[0, 1]",0.020701,0.060265,0.004515,False
704984,2,6,"[3,1]","[2,1,1,2,3,2]","[[0,1,2,3,4,5],[1]]",FEASIBLE,FEASIBLE,FEASIBLE,null,0.014603,0.035927,0.002218,False
704985,7,6,"[1,3,1,2,1,2,1]","[3,1,3,2,1,3]","[[1,2,3,4],[0,1,4,5],[0,1,2,4],[0,1,2,3,4,5],[0,2,3,4,5],[0,3,4,5],[1,2,3,5]]",FEASIBLE,FEASIBLE,FEASIBLE,null,0.797652,0.083736,0.005804,False
704986,4,7,"[1,3,2,2]","[2,3,2,1,2,2,2]","[[0,1,2,3,4,5,6],[1,4,6],[1,3,4,5,6],[0,1,2,6]]",FEASIBLE,FEASIBLE,FEASIBLE,null,0.104486,0.053078,0.004262,False
704987,4,6,"[1,1,3,2]","[1,2,2,3,1,2]","[[0,1,2,4,5],[0,1,5],[0,2,5],[1,2,3,4]]",FEASIBLE,FEASIBLE,FEASIBLE,null,0.088426,0.10172,0.004962,False
704988,1,5,[1],"[2,3,1,1,3]","[[0,1,2,3,4]]",FEASIBLE,FEASIBLE,FEASIBLE,null,0.006905,0.018855,0.0016,False
704989,4,6,"[2,1,1,2]","[2,3,2,1,1,3]","[[0,1,2,3,4,5],[5],[2],[0,1,2,3,4,5]]",FEASIBLE,FEASIBLE,FEASIBLE,null,0.099239,0.042493,0.002844,False
704990,6,4,"[2,1,2,2,1,1]","[2,1,3,1]","[[1,2],[0,1,2,3],[0,1],[1,2],[2],[3]]",UNSAT,UNSAT,UNSAT,"[0, 2]",0.035392,0.065349,0.003857,False
704991,5,5,"[1,1,1,2,1]","[3,3,2,1,1]","[[0,1,3],[0,1,2,3],[0],[1,2],[2,4]]",FEASIBLE,FEASIBLE,FEASIBLE,null,0.160461,0.040484,0.002493,False
704992,6,1,"[1,1,1,1,1,1]",[2],"[[0],[0],[0],[0],[0],[0]]",UNSAT,UNSAT,UNSAT,"[0, 1, 2]",0.035074,0.043194,0.002557,False
704993,5,7,"[2,2,3,1,1]","[2,2,3,3,2,3,2]","[[0,1,2,3,4,5,6],[0,1,2,4,5,6],[0,1,2,3,4,5,6],[0,2,3,4,5,6],[4]]",FEASIBLE,FEASIBLE,FEASIBLE,null,0.21338,0.180056,0.004444,False
704994,6,6,"[1,3,1,1,2,3]","[2,1,3,2,1,2]","[[0,1,2,4,5],[0,1,2,3,4,5],[2],[0,1,2,3,4,5],[3,5],[2,4,5]]",FEASIBLE,FEASIBLE,FEASIBLE,null,0.38582,0.091903,0.004841,False
704995,1,1,[1],[1],[[0]],FEASIBLE,FEASIBLE,FEASIBLE,null,0.004788,0.013489,0.000539,False
704996,4,4,"[1,1,1,1]","[1,2,2,1]","[[0,3],[3],[0,3],[2,3]]",UNSAT,UNSAT,UNSAT,"[0, 1, 2]",0.045387,0.049058,0.002762,False
704997,6,1,"[1,1,1,1,1,1]",[1],"[[0],[0],[0],[0],[0],[0]]",UNSAT,UNSAT,UNSAT,"[0, 1]",0.012421,0.043652,0.002257,False
704998,1,6,[1],"[2,2,1,2,3,2]",[[3]],FEASIBLE,FEASIBLE,FEASIBLE,null,0.006982,0.015417,0.000933,False
704999,5,1,"[1,1,1,1,1]",[1],"[[0],[0],[0],[0],[0]]",UNSAT,UNSAT,UNSAT,"[0, 1]",0.017585,0.038514,0.001929,False
