seed,boxes,resources,demands,capacities,reachable,exhaustive_result,flow_result,exhaustive_subset,exhaustive_ms,flow_ms,maximum_flow,total_demand,flow_nodes,flow_edges,mismatch
300000,6,6,"[2,2,1,1,3,1]","[2,3,2,3,1,3]","[[0,1,2,4,5],[3,5],[0,1,2,3,4,5],[1],[0,1,2,3,4,5],[0,1,2,3,4,5]]",FEASIBLE,FEASIBLE,null,0.304286000,0.083001000,10,10,14,38,False
300001,4,3,"[1,2,2,1]","[3,3,3]","[[0,1],[0,1,2],[0,1,2],[0,2]]",FEASIBLE,FEASIBLE,null,0.039328000,0.031869000,6,6,9,17,False
300002,1,4,[1],"[3,3,2,2]","[[0,1,2,3]]",FEASIBLE,FEASIBLE,null,0.004811000,0.014524000,1,1,7,9,False
300003,2,5,"[1,1]","[3,1,2,2,1]","[[1],[1,3]]",FEASIBLE,FEASIBLE,null,0.012503000,0.018398000,2,2,9,10,False
300004,2,2,"[1,2]","[3,1]","[[0,1],[0,1]]",FEASIBLE,FEASIBLE,null,0.007277000,0.017313000,3,3,6,8,False
300005,4,1,"[1,1,1,1]",[3],"[[0],[0],[0],[0]]",UNSAT,UNSAT,"[0,1,2,3]",0.020136000,0.056187000,3,4,7,9,False
300006,6,5,"[1,1,1,1,1,2]","[2,1,1,3,2]","[[0,3,4],[0,1,2,3,4],[3],[0,1,2,3,4],[3],[0,1,2,3,4]]",FEASIBLE,FEASIBLE,null,0.240736000,0.043582000,7,7,13,31,False
300007,1,2,[1],"[1,1]",[[0]],FEASIBLE,FEASIBLE,null,0.003561000,0.010840000,1,1,5,4,False
300008,5,3,"[2,2,3,1,1]","[1,2,2]","[[0,2],[0,1,2],[0,1,2],[0,1],[0,2]]",UNSAT,UNSAT,"[0,2]",0.017173000,0.135532000,5,9,10,20,False
300009,4,4,"[1,1,1,2]","[1,3,2,2]","[[2],[2],[3],[0,1,2]]",FEASIBLE,FEASIBLE,null,0.046838000,0.025729000,5,5,10,14,False
300010,4,1,"[1,1,1,1]",[1],"[[0],[0],[0],[0]]",UNSAT,UNSAT,"[0,1]",0.007488000,0.027267000,1,4,7,9,False
300011,1,5,[2],"[1,2,2,3,2]","[[0,1,2,3,4]]",FEASIBLE,FEASIBLE,null,0.004930000,0.016798000,2,2,8,11,False
300012,2,6,"[1,3]","[1,2,2,3,2,3]","[[0],[0,2,4,5]]",FEASIBLE,FEASIBLE,null,0.013741000,0.023125000,4,4,10,13,False
300013,3,1,"[1,1,1]",[1],"[[0],[0],[0]]",UNSAT,UNSAT,"[0,1]",0.006345000,0.023795000,1,3,6,7,False
300014,3,3,"[1,1,1]","[2,2,2]","[[1],[1,2],[2]]",FEASIBLE,FEASIBLE,null,0.018350000,0.018817000,3,3,8,10,False
300015,1,6,[1],"[1,1,3,1,2,1]",[[2]],FEASIBLE,FEASIBLE,null,0.005527000,0.012120000,1,1,9,8,False
300016,4,3,"[1,1,1,3]","[3,3,1]","[[0],[1],[0],[0,1,2]]",FEASIBLE,FEASIBLE,null,0.037855000,0.026083000,6,6,9,13,False
300017,5,1,"[1,1,1,1,1]",[2],"[[0],[0],[0],[0],[0]]",UNSAT,UNSAT,"[0,1,2]",0.019943000,0.031444000,2,5,8,11,False
300018,5,5,"[1,1,2,1,1]","[1,2,1,1,2]","[[2,4],[0,2,4],[0,1,3,4],[2],[3,4]]",FEASIBLE,FEASIBLE,null,0.117308000,0.049724000,6,6,12,22,False
300019,5,3,"[3,1,1,2,1]","[3,3,2]","[[0,1,2],[0,1,2],[1],[0,1,2],[0,2]]",FEASIBLE,FEASIBLE,null,0.076908000,0.035666000,8,8,10,20,False
300020,2,3,"[2,1]","[3,1,2]","[[1,2],[1]]",UNSAT,UNSAT,"[0,1]",0.008905000,0.025603000,2,3,7,8,False
300021,5,1,"[1,1,1,1,1]",[2],"[[0],[0],[0],[0],[0]]",UNSAT,UNSAT,"[0,1,2]",0.019865000,0.033438000,2,5,8,11,False
300022,3,6,"[1,1,1]","[1,2,1,1,2,2]","[[2,3,4,5],[0],[3]]",FEASIBLE,FEASIBLE,null,0.030837000,0.023924000,3,3,11,15,False
300023,2,1,"[1,1]",[1],"[[0],[0]]",UNSAT,UNSAT,"[0,1]",0.005455000,0.020924000,1,2,5,5,False
300024,4,5,"[2,1,2,2]","[3,2,2,2,2]","[[0,1,2,3,4],[0,1,2,3],[0,2],[0,1,2,3]]",FEASIBLE,FEASIBLE,null,0.055906000,0.104965000,7,7,11,24,False
300025,1,4,[1],"[2,1,3,1]",[[0]],FEASIBLE,FEASIBLE,null,0.004395000,0.011220000,1,1,7,6,False
300026,2,3,"[2,2]","[3,1,2]","[[0,1,2],[0,2]]",FEASIBLE,FEASIBLE,null,0.008894000,0.020933000,4,4,7,10,False
300027,4,5,"[2,2,1,1]","[1,3,3,2,3]","[[3,4],[0,4],[0],[1,2,4]]",UNSAT,UNSAT,"[1,2]",0.028400000,0.037014000,5,6,11,17,False
300028,6,2,"[1,2,1,2,2,1]","[3,2]","[[0,1],[0,1],[0,1],[0,1],[0,1],[1]]",UNSAT,UNSAT,"[1,3,4]",0.061699000,0.045730000,5,9,10,19,False
300029,4,5,"[2,1,2,2]","[2,2,2,3,1]","[[0,1,2,3,4],[1,2,3],[0,1,3],[0,1,2,4]]",FEASIBLE,FEASIBLE,null,0.056445000,0.037460000,7,7,11,24,False
300030,4,1,"[1,1,1,1]",[1],"[[0],[0],[0],[0]]",UNSAT,UNSAT,"[0,1]",0.007475000,0.026532000,1,4,7,9,False
300031,1,3,[3],"[3,1,1]","[[0,1,2]]",FEASIBLE,FEASIBLE,null,0.004401000,0.016742000,3,3,6,7,False
300032,4,1,"[1,1,1,1]",[3],"[[0],[0],[0],[0]]",UNSAT,UNSAT,"[0,1,2,3]",0.020028000,0.028569000,3,4,7,9,False
300033,2,1,"[1,1]",[2],"[[0],[0]]",FEASIBLE,FEASIBLE,null,0.005432000,0.013316000,2,2,5,5,False
300034,2,2,"[1,1]","[1,3]","[[0,1],[1]]",FEASIBLE,FEASIBLE,null,0.007225000,0.014414000,2,2,6,7,False
300035,1,4,[1],"[2,2,3,1]","[[0,1,2,3]]",FEASIBLE,FEASIBLE,null,0.004196000,0.013115000,1,1,7,9,False
300036,6,1,"[1,1,1,1,1,1]",[3],"[[0],[0],[0],[0],[0],[0]]",UNSAT,UNSAT,"[0,1,2,3]",0.051163000,0.034728000,3,6,9,13,False
300037,5,3,"[1,3,3,1,3]","[3,1,2]","[[1],[0,1,2],[0,1,2],[1],[0,1,2]]",UNSAT,UNSAT,"[0,1]",0.014899000,0.046807000,6,11,10,19,False
300038,5,1,"[1,1,1,1,1]",[1],"[[0],[0],[0],[0],[0]]",UNSAT,UNSAT,"[0,1]",0.008325000,0.031789000,1,5,8,11,False
300039,4,2,"[2,1,1,1]","[2,1]","[[0,1],[0],[0,1],[1]]",UNSAT,UNSAT,"[0,3]",0.013499000,0.034735000,3,5,8,12,False
300040,1,4,[3],"[2,1,1,2]","[[0,1,2,3]]",FEASIBLE,FEASIBLE,null,0.004380000,0.017861000,3,3,7,9,False
300041,5,5,"[3,2,1,1,2]","[1,2,2,3,3]","[[0,3,4],[1,2,4],[0,1,3],[0,3,4],[0,1,2,3,4]]",FEASIBLE,FEASIBLE,null,0.119072000,0.045693000,9,9,12,27,False
300042,2,1,"[1,1]",[2],"[[0],[0]]",FEASIBLE,FEASIBLE,null,0.005765000,0.013682000,2,2,5,5,False
300043,3,2,"[1,1,2]","[3,3]","[[0],[1],[0,1]]",FEASIBLE,FEASIBLE,null,0.014335000,0.019972000,4,4,7,9,False
300044,5,5,"[2,1,2,3,1]","[1,3,1,1,1]","[[0,2],[0],[3,4],[0,1,2,4],[3]]",UNSAT,UNSAT,"[0,1]",0.021002000,0.049406000,5,9,12,20,False
300045,4,6,"[3,1,2,3]","[1,3,1,1,2,2]","[[0,2,3,4],[0,1,2,3,4],[1,2,3,4,5],[0,2,3,4,5]]",FEASIBLE,FEASIBLE,null,0.085369000,0.058241000,9,9,12,29,False
300046,6,4,"[3,1,1,1,2,1]","[1,2,1,3]","[[0,1,3],[0,1,2,3],[0,2],[1,2],[0,1],[0,2,3]]",UNSAT,UNSAT,"[0,4]",0.029018000,0.070339000,7,9,12,26,False
300047,5,5,"[1,1,1,1,2]","[3,3,2,3,3]","[[0,1,2,3,4],[2],[1,2],[2],[2,4]]",UNSAT,UNSAT,"[1,3,4]",0.085022000,0.040643000,5,6,12,21,False
300048,3,5,"[1,2,3]","[1,2,2,3,2]","[[3],[0,4],[0,3,4]]",UNSAT,UNSAT,"[1,2]",0.021790000,0.033753000,5,6,10,14,False
300049,6,5,"[2,2,1,2,3,1]","[3,2,2,1,2]","[[0,1,4],[3,4],[3,4],[0,2,4],[0,1,2,3,4],[0,2,3,4]]",UNSAT,UNSAT,"[0,1,2,3,4,5]",0.238917000,0.063217000,10,11,13,30,False
300050,3,1,"[1,1,1]",[1],"[[0],[0],[0]]",UNSAT,UNSAT,"[0,1]",0.006526000,0.023385000,1,3,6,7,False
300051,3,3,"[1,1,3]","[3,2,2]","[[0],[0,1,2],[0,1,2]]",FEASIBLE,FEASIBLE,null,0.018247000,0.024058000,5,5,8,13,False
300052,3,6,"[1,1,1]","[2,2,2,3,1,2]","[[0,1,4],[0,1,2,3,4,5],[0,4]]",FEASIBLE,FEASIBLE,null,0.030348000,0.025566000,3,3,11,20,False
300053,4,2,"[1,1,1,2]","[1,3]","[[0,1],[0,1],[0,1],[0,1]]",UNSAT,UNSAT,"[0,1,2,3]",0.028030000,0.156104000,4,5,8,14,False
300054,3,1,"[1,1,1]",[3],"[[0],[0],[0]]",FEASIBLE,FEASIBLE,null,0.010359000,0.016709000,3,3,6,7,False
300055,4,5,"[2,1,1,1]","[1,1,2,1,2]","[[1,3],[0,2],[0,2,3,4],[0,1,3,4]]",FEASIBLE,FEASIBLE,null,0.053560000,0.031561000,5,5,11,21,False
300056,4,3,"[2,1,3,2]","[3,1,3]","[[1,2],[1],[0,1,2],[0,1,2]]",UNSAT,UNSAT,"[0,1]",0.012443000,0.038949000,6,8,9,16,False
300057,2,3,"[2,3]","[2,1,1]","[[0,1],[0,1,2]]",UNSAT,UNSAT,"[0,1]",0.008630000,0.028547000,4,5,7,10,False
300058,4,1,"[1,1,1,1]",[2],"[[0],[0],[0],[0]]",UNSAT,UNSAT,"[0,1,2]",0.015019000,0.027826000,2,4,7,9,False
300059,3,6,"[2,3,1]","[2,2,1,2,2,1]","[[0,1,4,5],[0,1,5],[0]]",FEASIBLE,FEASIBLE,null,0.029087000,0.035436000,6,6,11,17,False
300060,6,3,"[1,2,1,3,1,1]","[2,3,2]","[[2],[0,1,2],[1,2],[0,1,2],[1],[0,1]]",UNSAT,UNSAT,"[0,1,2,3,4]",0.151933000,0.049499000,7,9,11,21,False
300061,1,6,[3],"[2,1,3,2,3,3]","[[1,2,3,4,5]]",FEASIBLE,FEASIBLE,null,0.005505000,0.018965000,3,3,9,12,False
300062,5,5,"[1,1,2,1,2]","[2,2,2,2,1]","[[0,2],[0,1,2,4],[1,2,3,4],[3],[0,1,2,3]]",FEASIBLE,FEASIBLE,null,0.113927000,0.035303000,7,7,12,25,False
300063,2,5,"[2,2]","[2,2,1,3,3]","[[0,2,4],[0,1,2,3,4]]",FEASIBLE,FEASIBLE,null,0.011945000,0.022286000,4,4,9,15,False
300064,3,1,"[1,1,1]",[1],"[[0],[0],[0]]",UNSAT,UNSAT,"[0,1]",0.006317000,0.022684000,1,3,6,7,False
300065,2,5,"[2,2]","[2,3,2,2,3]","[[1,4],[0,1,3,4]]",FEASIBLE,FEASIBLE,null,0.011913000,0.021091000,4,4,9,13,False
300066,5,5,"[2,1,1,3,1]","[1,3,1,2,2]","[[0,2,3],[4],[0,2,3],[1,2,3],[2]]",UNSAT,UNSAT,"[3,4]",0.051288000,0.047433000,6,8,12,21,False
300067,2,5,"[1,3]","[2,2,2,2,1]","[[0,1,2,3,4],[0,1,2,3]]",FEASIBLE,FEASIBLE,null,0.011724000,0.023879000,4,4,9,16,False
300068,4,5,"[3,2,2,3]","[3,3,2,3,3]","[[0,1,2,3,4],[1,3,4],[0,2,4],[1,2,3,4]]",FEASIBLE,FEASIBLE,null,0.054077000,0.115432000,10,10,11,24,False
300069,2,5,"[2,1]","[1,3,1,2,3]","[[0,1,2,3,4],[2]]",FEASIBLE,FEASIBLE,null,0.011701000,0.019821000,3,3,9,13,False
300070,5,2,"[1,1,1,1,1]","[1,3]","[[0],[0],[1],[0],[0]]",UNSAT,UNSAT,"[0,1]",0.011459000,0.030282000,2,5,9,12,False
300071,4,6,"[2,2,1,1]","[2,3,2,1,2,3]","[[1,2,3],[0,2,3,4],[3],[0,1,2,5]]",FEASIBLE,FEASIBLE,null,0.063864000,0.031067000,6,6,12,22,False
300072,3,6,"[1,1,2]","[1,2,2,2,3,2]","[[5],[0],[0,2,3,4,5]]",FEASIBLE,FEASIBLE,null,0.029228000,0.023882000,4,4,11,16,False
300073,4,3,"[2,2,1,2]","[1,1,2]","[[0,1,2],[0,1,2],[0,2],[0,1,2]]",UNSAT,UNSAT,"[0,1,2]",0.026552000,0.041012000,4,7,9,18,False
300074,1,2,[2],"[2,2]","[[0,1]]",FEASIBLE,FEASIBLE,null,0.003297000,0.012726000,2,2,5,5,False
300075,6,5,"[1,1,3,2,1,2]","[3,1,1,2,2]","[[2,3],[1],[0,1,2,4],[0,1,2,4],[0,1,3],[1,2]]",UNSAT,UNSAT,"[1,5]",0.050782000,0.066575000,8,10,13,27,False
300076,1,6,[3],"[1,2,2,1,1,3]","[[0,1,2,3,4]]",FEASIBLE,FEASIBLE,null,0.005307000,0.018415000,3,3,9,12,False
300077,2,3,"[1,1]","[2,2,2]","[[0],[2]]",FEASIBLE,FEASIBLE,null,0.008579000,0.014064000,2,2,7,7,False
300078,3,2,"[1,2,1]","[3,1]","[[0],[0,1],[0]]",FEASIBLE,FEASIBLE,null,0.013866000,0.019332000,4,4,7,9,False
300079,1,4,[3],"[3,2,3,2]","[[0,1,2,3]]",FEASIBLE,FEASIBLE,null,0.004316000,0.026514000,3,3,7,9,False
300080,6,6,"[3,1,2,1,1,1]","[1,1,1,3,1,3]","[[0,1,2,3,4,5],[4],[0,1,4,5],[3,4],[0,1,2,3,4,5],[0]]",FEASIBLE,FEASIBLE,null,0.278432000,0.074959000,9,9,14,32,False
300081,3,3,"[1,2,2]","[1,3,2]","[[0,1,2],[0,1,2],[0,1,2]]",FEASIBLE,FEASIBLE,null,0.018004000,0.027556000,5,5,8,15,False
300082,4,3,"[2,1,1,1]","[1,1,2]","[[1,2],[1],[0],[1,2]]",UNSAT,UNSAT,"[0,1]",0.012512000,0.104677000,4,5,9,13,False
300083,1,6,[3],"[1,3,1,1,3,1]","[[0,2,3,5]]",FEASIBLE,FEASIBLE,null,0.005245000,0.017694000,3,3,9,11,False
300084,6,6,"[1,2,3,1,1,1]","[3,3,2,3,1,3]","[[1],[1,2,3,4,5],[0,1,4,5],[0,1,3,4],[1,2,4,5],[1,3]]",FEASIBLE,FEASIBLE,null,0.282262000,0.043956000,9,9,14,32,False
300085,5,2,"[1,1,2,1,1]","[2,3]","[[1],[0,1],[0,1],[0,1],[0,1]]",UNSAT,UNSAT,"[0,1,2,3,4]",0.057818000,0.041237000,5,6,9,16,False
300086,2,5,"[1,3]","[2,3,3,3,2]","[[3],[1,2,4]]",FEASIBLE,FEASIBLE,null,0.012138000,0.020546000,4,4,9,11,False
300087,5,2,"[1,1,1,2,1]","[3,2]","[[0,1],[1],[0],[0,1],[0,1]]",UNSAT,UNSAT,"[0,1,2,3,4]",0.057832000,0.037625000,5,6,9,15,False
300088,4,5,"[1,3,1,1]","[2,3,1,1,2]","[[0,2,3],[0,2,3,4],[0,1,2,3,4],[1,2,3,4]]",FEASIBLE,FEASIBLE,null,0.054663000,0.033514000,6,6,11,25,False
300089,1,1,[1],[3],[[0]],FEASIBLE,FEASIBLE,null,0.002680000,0.009370000,1,1,4,3,False
300090,6,6,"[1,1,2,3,3,3]","[3,3,2,2,3,2]","[[2,4],[5],[3,5],[0,3,5],[1,2,3,4,5],[0,2,3,4]]",UNSAT,UNSAT,"[1,2,3]",0.130614000,0.073296000,12,13,14,29,False
300091,3,4,"[3,2,1]","[2,2,1,3]","[[0,1,2],[0,1],[2]]",UNSAT,UNSAT,"[0,2]",0.015373000,0.031659000,5,6,9,13,False
300092,1,2,[1],"[1,2]","[[0,1]]",FEASIBLE,FEASIBLE,null,0.003800000,0.011631000,1,1,5,5,False
300093,3,5,"[2,1,3]","[2,1,3,1,1]","[[0,1],[0],[1,2,4]]",UNSAT,UNSAT,"[0,2]",0.018223000,0.032809000,5,6,10,14,False
300094,6,5,"[2,1,1,1,1,2]","[1,3,3,2,1]","[[0,1,2,4],[0,4],[2],[0,4],[0,1,2,4],[0,4]]",UNSAT,UNSAT,"[1,5]",0.049527000,0.062494000,6,8,13,26,False
300095,1,1,[1],[3],[[0]],FEASIBLE,FEASIBLE,null,0.002651000,0.009494000,1,1,4,3,False
300096,5,4,"[1,3,3,1,3]","[1,1,3,3]","[[1,2,3],[0,1,3],[0,1,2],[0,1,2,3],[0,1,3]]",UNSAT,UNSAT,"[1,2]",0.028689000,0.142683000,7,11,11,25,False
300097,1,2,[1],"[2,3]",[[1]],FEASIBLE,FEASIBLE,null,0.003352000,0.010297000,1,1,5,4,False
300098,1,4,[1],"[3,1,3,1]",[[3]],FEASIBLE,FEASIBLE,null,0.004060000,0.010726000,1,1,7,6,False
300099,1,5,[2],"[3,2,3,2,2]","[[0,2]]",FEASIBLE,FEASIBLE,null,0.004603000,0.013656000,2,2,8,8,False
300100,1,5,[2],"[1,1,1,1,1]","[[0,1,2,4]]",FEASIBLE,FEASIBLE,null,0.007153000,0.020122000,2,2,8,10,False
300101,4,3,"[2,2,3,1]","[3,2,3]","[[1,2],[0,1,2],[0,1,2],[1]]",UNSAT,UNSAT,"[0,2,3]",0.032160000,0.052960000,7,8,9,16,False
300102,3,3,"[2,3,1]","[1,2,1]","[[1,2],[0,1,2],[0,1]]",UNSAT,UNSAT,"[0,1]",0.010792000,0.035065000,4,6,8,13,False
300103,2,6,"[1,1]","[1,3,1,3,1,2]","[[0,1,2,3],[4]]",FEASIBLE,FEASIBLE,null,0.013619000,0.018083000,2,2,10,13,False
300104,3,5,"[3,3,2]","[3,2,1,3,3]","[[0,1,4],[0,1,4],[0,1,4]]",FEASIBLE,FEASIBLE,null,0.025516000,0.031726000,8,8,10,17,False
300105,4,2,"[2,2,2,1]","[3,2]","[[0,1],[0,1],[0,1],[1]]",UNSAT,UNSAT,"[0,1,2]",0.055291000,0.037681000,5,7,8,13,False
300106,1,1,[1],[2],[[0]],FEASIBLE,FEASIBLE,null,0.002892000,0.009821000,1,1,4,3,False
300107,6,3,"[1,1,2,1,1,3]","[3,3,3]","[[1],[0,1],[0,1,2],[0,2],[2],[0,1,2]]",FEASIBLE,FEASIBLE,null,0.156967000,0.050212000,9,9,11,21,False
300108,5,2,"[1,1,2,2,1]","[3,1]","[[1],[0,1],[0,1],[0,1],[0,1]]",UNSAT,UNSAT,"[0,2]",0.013397000,0.040171000,4,7,9,16,False
300109,3,2,"[1,1,1]","[3,1]","[[0],[0],[1]]",FEASIBLE,FEASIBLE,null,0.014139000,0.017278000,3,3,7,8,False
300110,3,6,"[1,3,1]","[2,3,2,2,2,1]","[[0,1,3,4,5],[1,2,3,4,5],[2,3]]",FEASIBLE,FEASIBLE,null,0.034365000,0.045135000,5,5,11,21,False
300111,3,1,"[1,1,1]",[1],"[[0],[0],[0]]",UNSAT,UNSAT,"[0,1]",0.006746000,0.023933000,1,3,6,7,False
300112,5,2,"[1,1,1,1,1]","[1,2]","[[0],[0,1],[1],[1],[0,1]]",UNSAT,UNSAT,"[0,1,2,3]",0.048635000,0.038316000,3,5,9,14,False
300113,1,6,[1],"[2,1,2,1,2,1]","[[0,1,3,4,5]]",FEASIBLE,FEASIBLE,null,0.005349000,0.097867000,1,1,9,12,False
300114,4,5,"[1,2,2,1]","[1,2,1,2,1]","[[1],[2,3],[1,2,3],[0,1,2,3,4]]",FEASIBLE,FEASIBLE,null,0.054065000,0.030507000,6,6,11,20,False
300115,3,6,"[1,3,1]","[2,1,1,2,2,2]","[[3],[0,1,3,4,5],[4]]",FEASIBLE,FEASIBLE,null,0.043315000,0.026382000,5,5,11,16,False
300116,3,6,"[1,2,1]","[2,3,3,3,1,1]","[[5],[4,5],[0,4,5]]",UNSAT,UNSAT,"[0,1]",0.017097000,0.030460000,3,4,11,15,False
300117,1,6,[1],"[3,2,3,1,2,3]","[[0,1,3,4]]",FEASIBLE,FEASIBLE,null,0.005352000,0.014150000,1,1,9,11,False
300118,5,2,"[1,1,1,1,1]","[3,1]","[[0,1],[0],[0],[0],[1]]",UNSAT,UNSAT,"[0,1,2,3,4]",0.057221000,0.034889000,4,5,9,13,False
300119,3,1,"[1,1,1]",[1],"[[0],[0],[0]]",UNSAT,UNSAT,"[0,1]",0.006378000,0.022848000,1,3,6,7,False
300120,3,4,"[1,1,1]","[1,2,2,3]","[[0,1,2],[0,2,3],[0,2]]",FEASIBLE,FEASIBLE,null,0.022933000,0.022509000,3,3,9,15,False
300121,4,1,"[1,1,1,1]",[1],"[[0],[0],[0],[0]]",UNSAT,UNSAT,"[0,1]",0.007139000,0.025973000,1,4,7,9,False
300122,6,3,"[1,1,2,1,1,1]","[3,1,2]","[[2],[0],[1,2],[1,2],[0,1,2],[1,2]]",UNSAT,UNSAT,"[0,2,3]",0.062389000,0.043359000,5,7,11,20,False
300123,6,4,"[1,1,1,1,2,3]","[3,1,3,3]","[[2],[0,1,3],[3],[1,2,3],[0,3],[0,1,2,3]]",FEASIBLE,FEASIBLE,null,0.202853000,0.040464000,9,9,12,24,False
300124,6,3,"[1,1,1,1,2,2]","[3,2,3]","[[1],[1,2],[0],[1,2],[0,1,2],[0,1]]",FEASIBLE,FEASIBLE,null,0.156469000,0.046123000,8,8,11,20,False
300125,1,5,[1],"[2,1,1,3,2]","[[0,1,3,4]]",FEASIBLE,FEASIBLE,null,0.005017000,0.013420000,1,1,8,10,False
300126,5,1,"[1,1,1,1,1]",[1],"[[0],[0],[0],[0],[0]]",UNSAT,UNSAT,"[0,1]",0.008427000,0.028915000,1,5,8,11,False
300127,6,1,"[1,1,1,1,1,1]",[1],"[[0],[0],[0],[0],[0],[0]]",UNSAT,UNSAT,"[0,1]",0.009375000,0.032218000,1,6,9,13,False
300128,1,6,[1],"[3,3,1,3,3,3]","[[0,1,3,4,5]]",FEASIBLE,FEASIBLE,null,0.005305000,0.091605000,1,1,9,12,False
300129,5,3,"[2,2,1,1,3]","[2,2,3]","[[0,1,2],[0,2],[0,1,2],[0],[0,1,2]]",UNSAT,UNSAT,"[1,3,4]",0.056672000,0.061722000,7,9,10,20,False
300130,3,1,"[1,1,1]",[2],"[[0],[0],[0]]",UNSAT,UNSAT,"[0,1,2]",0.010050000,0.023945000,2,3,6,7,False
300131,4,3,"[1,3,1,1]","[3,3,2]","[[0,2],[0,1,2],[0,1,2],[0,1,2]]",FEASIBLE,FEASIBLE,null,0.037721000,0.030459000,6,6,9,18,False
300132,6,1,"[1,1,1,1,1,1]",[1],"[[0],[0],[0],[0],[0],[0]]",UNSAT,UNSAT,"[0,1]",0.009860000,0.034258000,1,6,9,13,False
300133,3,3,"[1,2,1]","[1,2,3]","[[0,1,2],[0,2],[1,2]]",FEASIBLE,FEASIBLE,null,0.017918000,0.029911000,4,4,8,13,False
300134,6,2,"[2,1,2,1,1,1]","[3,2]","[[0,1],[0],[0,1],[1],[0],[0,1]]",UNSAT,UNSAT,"[0,2,3]",0.045353000,0.042161000,5,8,10,17,False
300135,2,2,"[1,1]","[3,3]","[[1],[0,1]]",FEASIBLE,FEASIBLE,null,0.007123000,0.014376000,2,2,6,7,False
300136,1,5,[1],"[1,2,3,1,2]","[[0,1,3,4]]",FEASIBLE,FEASIBLE,null,0.004854000,0.013203000,1,1,8,10,False
300137,6,6,"[1,2,3,1,1,1]","[3,1,2,2,3,3]","[[1,2,3],[1,3,4],[0,1,3,4],[4],[5],[2,3,5]]",FEASIBLE,FEASIBLE,null,0.275985000,0.041590000,9,9,14,27,False
300138,4,2,"[2,1,1,1]","[1,3]","[[0,1],[0],[1],[0,1]]",UNSAT,UNSAT,"[0,1]",0.012176000,0.047989000,4,5,8,12,False
300139,6,1,"[1,1,1,1,1,1]",[2],"[[0],[0],[0],[0],[0],[0]]",UNSAT,UNSAT,"[0,1,2]",0.026762000,0.034919000,2,6,9,13,False
300140,5,6,"[1,2,2,1,1]","[2,2,2,2,1,2]","[[3],[2,3],[0,1,2,3,4],[1],[0,1,2,3,4,5]]",FEASIBLE,FEASIBLE,null,0.132719000,0.035862000,7,7,13,26,False
300141,6,2,"[1,2,2,1,2,1]","[1,3]","[[1],[0,1],[0,1],[0],[0,1],[0,1]]",UNSAT,UNSAT,"[1,2]",0.021007000,0.042771000,4,9,10,18,False
300142,4,4,"[2,1,1,2]","[2,3,3,3]","[[1,3],[1],[0,1],[1,2]]",FEASIBLE,FEASIBLE,null,0.045857000,0.103094000,6,6,10,15,False
300143,6,6,"[1,2,1,1,1,1]","[2,3,1,3,3,3]","[[1],[1,3,4],[1,3,4,5],[0,3],[2,4,5],[1]]",FEASIBLE,FEASIBLE,null,0.278258000,0.046001000,7,7,14,26,False
300144,4,2,"[1,1,1,2]","[1,2]","[[0,1],[0,1],[0,1],[0,1]]",UNSAT,UNSAT,"[0,1,3]",0.022305000,0.034453000,3,5,8,14,False
300145,6,4,"[3,2,1,1,2,1]","[2,1,3,3]","[[0,1,3],[0,2],[3],[3],[0,1],[1,2,3]]",UNSAT,UNSAT,"[0,4]",0.029269000,0.048585000,8,10,12,22,False
300146,1,3,[2],"[1,1,2]","[[0,2]]",FEASIBLE,FEASIBLE,null,0.003855000,0.013546000,2,2,6,6,False
300147,1,5,[2],"[3,2,2,1,1]","[[0,1,2,3]]",FEASIBLE,FEASIBLE,null,0.004930000,0.015473000,2,2,8,10,False
300148,3,2,"[2,2,2]","[3,2]","[[0,1],[0,1],[0,1]]",UNSAT,UNSAT,"[0,1,2]",0.013896000,0.031659000,5,6,7,11,False
300149,6,3,"[2,1,1,2,2,1]","[3,1,2]","[[0,2],[0,2],[2],[1,2],[0,1,2],[0,1]]",UNSAT,UNSAT,"[0,2,3]",0.061336000,0.048867000,6,9,11,21,False
300150,2,5,"[2,3]","[1,2,3,3,1]","[[0,1,2,3,4],[1,2,3,4]]",FEASIBLE,FEASIBLE,null,0.012106000,0.025170000,5,5,9,16,False
300151,6,6,"[1,1,1,2,2,1]","[2,2,3,1,3,2]","[[1,2,4],[4],[1,2,5],[4,5],[1,2],[1]]",FEASIBLE,FEASIBLE,null,0.275422000,0.047980000,8,8,14,24,False
300152,3,3,"[2,1,2]","[2,2,2]","[[1,2],[0],[0,1,2]]",FEASIBLE,FEASIBLE,null,0.017861000,0.022951000,5,5,8,12,False
300153,2,6,"[2,2]","[3,1,3,2,1,2]","[[1,5],[0,1,2,3,4,5]]",FEASIBLE,FEASIBLE,null,0.013412000,0.024072000,4,4,10,16,False
300154,6,2,"[1,1,1,2,2,2]","[1,1]","[[0],[0],[0],[0,1],[0,1],[0,1]]",UNSAT,UNSAT,"[0,1]",0.013189000,0.039949000,2,9,10,17,False
300155,3,4,"[2,1,2]","[1,1,3,3]","[[0,1,2,3],[0],[2,3]]",FEASIBLE,FEASIBLE,null,0.021737000,0.032745000,5,5,9,14,False
300156,5,2,"[1,1,2,1,1]","[1,2]","[[0,1],[0,1],[0,1],[0,1],[0]]",UNSAT,UNSAT,"[2,4]",0.024551000,0.114450000,3,6,9,16,False
300157,3,4,"[1,3,1]","[3,3,2,3]","[[0,1,2],[0,1,2],[0,2]]",FEASIBLE,FEASIBLE,null,0.021900000,0.024641000,5,5,9,15,False
300158,3,2,"[1,1,1]","[3,2]","[[1],[0,1],[0]]",FEASIBLE,FEASIBLE,null,0.014360000,0.017281000,3,3,7,9,False
300159,5,2,"[1,2,2,1,2]","[2,2]","[[0],[0,1],[0,1],[0,1],[0,1]]",UNSAT,UNSAT,"[0,1,2]",0.028177000,0.039343000,4,8,9,16,False
300160,3,4,"[3,1,3]","[1,2,3,1]","[[0,1,2,3],[0,2],[0,2,3]]",UNSAT,UNSAT,"[0,2]",0.015487000,0.056412000,6,7,9,16,False
300161,6,4,"[2,1,2,1,3,1]","[2,3,3,1]","[[0,3],[0],[0,1],[0,1],[0,1,2,3],[2]]",UNSAT,UNSAT,"[0,1,2]",0.062102000,0.050302000,8,10,12,22,False
300162,4,5,"[2,1,2,2]","[1,3,3,3,3]","[[0,1,2,3,4],[2,4],[0,1,2,3,4],[0,3,4]]",FEASIBLE,FEASIBLE,null,0.054343000,0.036100000,7,7,11,24,False
300163,4,2,"[1,1,2,1]","[1,2]","[[0,1],[0],[0,1],[1]]",UNSAT,UNSAT,"[1,2]",0.014996000,0.031401000,3,5,8,12,False
300164,1,3,[1],"[1,1,3]","[[0,1,2]]",FEASIBLE,FEASIBLE,null,0.003891000,0.011801000,1,1,6,7,False
300165,1,2,[1],"[3,2]",[[1]],FEASIBLE,FEASIBLE,null,0.003223000,0.009906000,1,1,5,4,False
300166,1,2,[2],"[1,2]","[[0,1]]",FEASIBLE,FEASIBLE,null,0.003097000,0.012229000,2,2,5,5,False
300167,2,5,"[2,1]","[3,2,1,3,3]","[[1,3],[0,1,2,4]]",FEASIBLE,FEASIBLE,null,0.011754000,0.019575000,3,3,9,13,False
300168,4,3,"[1,2,3,2]","[2,3,1]","[[0,1],[0,1,2],[0,1,2],[1,2]]",UNSAT,UNSAT,"[2,3]",0.023241000,0.042707000,6,8,9,17,False
300169,2,3,"[1,1]","[2,2,3]","[[2],[1]]",FEASIBLE,FEASIBLE,null,0.008803000,0.014233000,2,2,7,7,False
300170,2,1,"[1,1]",[1],"[[0],[0]]",UNSAT,UNSAT,"[0,1]",0.005391000,0.019094000,1,2,5,5,False
300171,2,3,"[1,2]","[2,3,3]","[[0,1,2],[0,1]]",FEASIBLE,FEASIBLE,null,0.008529000,0.017631000,3,3,7,10,False
300172,5,5,"[1,1,2,1,1]","[3,2,2,1,1]","[[0],[0,1,2,3,4],[0,2,3,4],[0,1,2,3,4],[4]]",FEASIBLE,FEASIBLE,null,0.115714000,0.036908000,6,6,12,26,False
300173,4,3,"[1,2,1,3]","[1,2,1]","[[1],[1,2],[1],[0,1,2]]",UNSAT,UNSAT,"[1,3]",0.021696000,0.035811000,4,7,9,14,False
300174,1,3,[3],"[1,1,2]","[[0,1,2]]",FEASIBLE,FEASIBLE,null,0.003752000,0.015553000,3,3,6,7,False
300175,6,6,"[2,2,1,3,1,1]","[2,1,1,1,3,1]","[[0,2,3,4,5],[0,2,3,5],[1,3,4,5],[0,2,3],[0,1,2,3,4],[2]]",UNSAT,UNSAT,"[3,5]",0.080677000,0.086652000,8,10,14,34,False
300176,2,2,"[1,1]","[2,2]","[[0,1],[0]]",FEASIBLE,FEASIBLE,null,0.007141000,0.014638000,2,2,6,7,False
300177,1,2,[1],"[1,2]",[[0]],FEASIBLE,FEASIBLE,null,0.003268000,0.010054000,1,1,5,4,False
300178,1,2,[1],"[1,2]","[[0,1]]",FEASIBLE,FEASIBLE,null,0.003062000,0.010382000,1,1,5,5,False
300179,3,4,"[1,2,2]","[1,1,3,1]","[[1],[0,1,2,3],[0,2]]",FEASIBLE,FEASIBLE,null,0.022033000,0.048378000,5,5,9,14,False
300180,2,6,"[1,1]","[1,3,3,1,2,2]","[[0,1,2,3,4,5],[2,3,4,5]]",FEASIBLE,FEASIBLE,null,0.014132000,0.027064000,2,2,10,18,False
300181,6,4,"[1,3,1,1,1,1]","[1,3,2,3]","[[1],[1,2,3],[0,1,2,3],[0],[1,2],[0,1,2,3]]",FEASIBLE,FEASIBLE,null,0.199481000,0.070262000,8,8,12,25,False
300182,6,1,"[1,1,1,1,1,1]",[1],"[[0],[0],[0],[0],[0],[0]]",UNSAT,UNSAT,"[0,1]",0.009675000,0.033757000,1,6,9,13,False
300183,1,6,[1],"[2,3,1,3,1,1]",[[2]],FEASIBLE,FEASIBLE,null,0.005227000,0.012053000,1,1,9,8,False
300184,4,1,"[1,1,1,1]",[3],"[[0],[0],[0],[0]]",UNSAT,UNSAT,"[0,1,2,3]",0.019756000,0.027332000,3,4,7,9,False
300185,5,4,"[3,1,1,3,3]","[2,2,3,1]","[[0,1,2],[1],[3],[0,2,3],[0,1,3]]",UNSAT,UNSAT,"[2,3]",0.037234000,0.046984000,7,11,11,20,False
300186,4,2,"[1,1,1,2]","[1,2]","[[0,1],[1],[0,1],[0,1]]",UNSAT,UNSAT,"[0,1,3]",0.022157000,0.032287000,3,5,8,13,False
300187,4,4,"[2,1,1,1]","[3,3,3,3]","[[0,1],[0,1,2,3],[2,3],[2]]",FEASIBLE,FEASIBLE,null,0.045650000,0.026223000,5,5,10,17,False
300188,3,3,"[1,1,1]","[1,2,3]","[[0,1,2],[0,2],[1]]",FEASIBLE,FEASIBLE,null,0.018180000,0.095410000,3,3,8,12,False
300189,4,2,"[2,1,1,2]","[1,1]","[[0,1],[0,1],[0,1],[0,1]]",UNSAT,UNSAT,"[0,1]",0.010188000,0.034076000,2,6,8,14,False
300190,4,2,"[1,1,2,1]","[2,1]","[[0,1],[0],[0,1],[0]]",UNSAT,UNSAT,"[0,1,2]",0.020131000,0.031389000,3,5,8,12,False
300191,2,4,"[2,1]","[1,3,3,2]","[[0,2],[3]]",FEASIBLE,FEASIBLE,null,0.010200000,0.017049000,3,3,8,9,False
300192,1,2,[1],"[1,2]",[[1]],FEASIBLE,FEASIBLE,null,0.004340000,0.011577000,1,1,5,4,False
300193,2,4,"[2,2]","[1,2,3,1]","[[0,1,3],[0,2,3]]",FEASIBLE,FEASIBLE,null,0.010171000,0.021488000,4,4,8,12,False
300194,6,2,"[2,1,2,1,1,2]","[1,1]","[[0,1],[1],[0,1],[1],[0],[0,1]]",UNSAT,UNSAT,"[0,1]",0.013043000,0.039241000,2,9,10,17,False
300195,3,5,"[3,2,1]","[2,3,3,2,1]","[[0,1,2,3,4],[0,1,2,3,4],[1,2,3,4]]",FEASIBLE,FEASIBLE,null,0.025719000,0.030461000,6,6,10,22,False
300196,5,3,"[3,3,2,3,2]","[1,1,1]","[[0,1,2],[0,1,2],[0,2],[0,1,2],[0,1,2]]",UNSAT,UNSAT,"[0,1]",0.016187000,0.108114000,3,13,10,22,False
300197,5,5,"[2,3,2,3,2]","[1,2,1,2,1]","[[1,3],[0,1,2],[0,1,2,3],[1,2,3,4],[0,1]]",UNSAT,UNSAT,"[1,4]",0.046165000,0.061344000,7,12,12,25,False
300198,3,2,"[1,1,1]","[3,2]","[[1],[1],[0]]",FEASIBLE,FEASIBLE,null,0.015636000,0.018799000,3,3,7,8,False
300199,2,4,"[3,2]","[3,2,3,3]","[[0,1,2,3],[0,1]]",FEASIBLE,FEASIBLE,null,0.011004000,0.024842000,5,5,8,12,False
300200,6,6,"[1,1,1,1,1,1]","[2,3,1,1,3,3]","[[0,1,2,3,4,5],[0,3,5],[3,4],[1,3,4,5],[1,4],[0]]",FEASIBLE,FEASIBLE,null,0.294201000,0.056008000,6,6,14,30,False
300201,2,5,"[3,2]","[1,2,3,3,1]","[[0,1,2,3,4],[0,1,2]]",FEASIBLE,FEASIBLE,null,0.012877000,0.031741000,5,5,9,15,False
300202,6,2,"[1,1,1,2,2,1]","[3,2]","[[0],[0,1],[0],[0,1],[0,1],[0]]",UNSAT,UNSAT,"[0,1,3,4]",0.082988000,0.132926000,5,8,10,17,False
300203,2,3,"[1,2]","[3,1,2]","[[1],[1,2]]",UNSAT,UNSAT,"[0,1]",0.009157000,0.047423000,2,3,7,8,False
300204,2,3,"[1,1]","[1,1,1]","[[0],[0,1,2]]",FEASIBLE,FEASIBLE,null,0.009143000,0.017005000,2,2,7,9,False
300205,5,6,"[2,3,3,1,1]","[2,3,2,2,2,1]","[[1,2,3,4],[0,1,2,3,5],[0,1,5],[0,3],[0,1,3,4]]",FEASIBLE,FEASIBLE,null,0.147619000,0.048133000,10,10,13,29,False
300206,5,3,"[1,1,1,1,2]","[1,2,3]","[[0,1,2],[0,1,2],[2],[2],[0,2]]",FEASIBLE,FEASIBLE,null,0.079396000,0.040976000,6,6,10,18,False
300207,1,1,[1],[1],[[0]],FEASIBLE,FEASIBLE,null,0.002878000,0.009737000,1,1,4,3,False
300208,4,1,"[1,1,1,1]",[2],"[[0],[0],[0],[0]]",UNSAT,UNSAT,"[0,1,2]",0.014747000,0.028559000,2,4,7,9,False
300209,6,6,"[3,3,2,3,2,2]","[3,2,1,2,3,3]","[[0,1,2,3],[0,3,4,5],[0,1,2,3,4,5],[0,1,2,3,4,5],[0,1,2,3,4,5],[0,1,2,3]]",UNSAT,UNSAT,"[0,1,2,3,4,5]",0.285033000,0.133033000,14,15,14,42,False
300210,6,4,"[2,2,1,1,3,1]","[1,3,1,1]","[[0,1,2],[0,1,2],[0],[0,1,2],[0,1,2,3],[2]]",UNSAT,UNSAT,"[0,1,2]",0.064807000,0.055507000,6,10,12,25,False
300211,1,6,[3],"[3,3,1,1,2,3]","[[1,2,5]]",FEASIBLE,FEASIBLE,null,0.005700000,0.018120000,3,3,9,10,False
300212,1,4,[1],"[3,2,2,1]","[[0,1,2,3]]",FEASIBLE,FEASIBLE,null,0.004346000,0.013641000,1,1,7,9,False
300213,6,4,"[1,1,2,1,3,1]","[1,2,1,2]","[[1],[2],[1,2],[0,3],[0,2,3],[0,1,2,3]]",UNSAT,UNSAT,"[1,2]",0.036119000,0.064801000,6,9,12,23,False
300214,1,3,[2],"[1,2,3]","[[0,1,2]]",FEASIBLE,FEASIBLE,null,0.004215000,0.016579000,2,2,6,7,False
300215,2,5,"[1,1]","[2,1,3,1,3]","[[4],[0,1,2,3,4]]",FEASIBLE,FEASIBLE,null,0.012371000,0.018913000,2,2,9,13,False
300216,2,3,"[1,1]","[1,1,2]","[[0],[1]]",FEASIBLE,FEASIBLE,null,0.008944000,0.014733000,2,2,7,7,False
300217,4,6,"[1,1,1,3]","[2,2,2,1,3,1]","[[4],[0,3,5],[4],[1,4,5]]",FEASIBLE,FEASIBLE,null,0.067649000,0.118566000,6,6,12,18,False
300218,1,2,[1],"[3,3]",[[0]],FEASIBLE,FEASIBLE,null,0.003764000,0.011082000,1,1,5,4,False
300219,1,1,[1],[2],[[0]],FEASIBLE,FEASIBLE,null,0.002759000,0.009668000,1,1,4,3,False
300220,3,4,"[1,2,2]","[2,3,1,2]","[[3],[0,2,3],[0,3]]",FEASIBLE,FEASIBLE,null,0.023439000,0.025268000,5,5,9,13,False
300221,2,6,"[1,2]","[2,1,2,2,1,2]","[[4],[2,4]]",UNSAT,UNSAT,"[0,1]",0.014210000,0.027249000,2,3,10,11,False
300222,5,3,"[1,1,3,1,1]","[3,3,1]","[[1,2],[2],[0,1,2],[0,1],[0]]",UNSAT,UNSAT,"[1,2]",0.025240000,0.041017000,6,7,10,17,False
300223,1,4,[1],"[2,3,2,1]","[[1,3]]",FEASIBLE,FEASIBLE,null,0.004533000,0.012929000,1,1,7,7,False
300224,1,5,[3],"[3,1,3,3,3]","[[0,1,2,3]]",FEASIBLE,FEASIBLE,null,0.005086000,0.018481000,3,3,8,10,False
300225,5,3,"[1,1,3,1,1]","[3,1,1]","[[0,2],[0],[0,1,2],[0,1],[1]]",UNSAT,UNSAT,"[2,4]",0.034922000,0.049540000,5,7,10,17,False
300226,5,1,"[1,1,1,1,1]",[1],"[[0],[0],[0],[0],[0]]",UNSAT,UNSAT,"[0,1]",0.009102000,0.031920000,1,5,8,11,False
300227,4,3,"[1,1,1,1]","[1,1,2]","[[0,2],[1,2],[0,1,2],[1]]",FEASIBLE,FEASIBLE,null,0.039396000,0.037675000,4,4,9,15,False
300228,4,2,"[1,1,1,1]","[2,3]","[[1],[1],[0],[0,1]]",FEASIBLE,FEASIBLE,null,0.030491000,0.022152000,4,4,8,11,False
300229,4,1,"[1,1,1,1]",[1],"[[0],[0],[0],[0]]",UNSAT,UNSAT,"[0,1]",0.007945000,0.027561000,1,4,7,9,False
300230,2,1,"[1,1]",[1],"[[0],[0]]",UNSAT,UNSAT,"[0,1]",0.005793000,0.020559000,1,2,5,5,False
300231,5,3,"[1,2,3,1,1]","[2,2,1]","[[1],[0,1,2],[0,1,2],[0,1],[1]]",UNSAT,UNSAT,"[0,1,2]",0.039798000,0.045841000,5,8,10,18,False
300232,4,5,"[2,1,3,2]","[3,2,1,2,2]","[[0,1,2,3,4],[3],[0,3,4],[1,2,4]]",FEASIBLE,FEASIBLE,null,0.058811000,0.036584000,8,8,11,21,False
300233,5,4,"[1,1,1,1,1]","[3,3,2,3]","[[0],[1],[0],[0,1,2,3],[3]]",FEASIBLE,FEASIBLE,null,0.101801000,0.096975000,5,5,11,17,False
300234,4,4,"[2,1,3,1]","[3,2,2,2]","[[0,1,2,3],[2,3],[0,1,2,3],[0,1,2,3]]",FEASIBLE,FEASIBLE,null,0.060153000,0.150928000,7,7,10,22,False
300235,5,5,"[3,1,1,3,1]","[1,3,3,3,1]","[[0,2,3,4],[0,1,2,3,4],[1],[0,1,2,3,4],[4]]",FEASIBLE,FEASIBLE,null,0.154849000,0.052867000,9,9,12,26,False
300236,1,3,[2],"[1,2,3]","[[0,2]]",FEASIBLE,FEASIBLE,null,0.005307000,0.017238000,2,2,6,6,False
300237,2,4,"[1,2]","[1,3,1,2]","[[0,1,2,3],[1,2]]",FEASIBLE,FEASIBLE,null,0.015224000,0.025271000,3,3,8,12,False
300238,1,6,[2],"[2,2,2,1,1,2]","[[0,2,4,5]]",FEASIBLE,FEASIBLE,null,0.007663000,0.021658000,2,2,9,11,False
300239,5,6,"[3,3,1,3,1]","[3,2,2,3,1,3]","[[0,1,2,3,4,5],[1,2,3,5],[2],[0,2,3,4,5],[0,1,5]]",FEASIBLE,FEASIBLE,null,0.215062000,0.080272000,11,11,13,30,False
300240,5,1,"[1,1,1,1,1]",[2],"[[0],[0],[0],[0],[0]]",UNSAT,UNSAT,"[0,1,2]",0.028917000,0.045850000,2,5,8,11,False
300241,2,2,"[1,1]","[1,3]","[[0],[0,1]]",FEASIBLE,FEASIBLE,null,0.010196000,0.025438000,2,2,6,7,False
300242,3,2,"[2,1,2]","[1,2]","[[0,1],[1],[0,1]]",UNSAT,UNSAT,"[0,2]",0.014519000,0.040311000,3,5,7,10,False
300243,4,4,"[2,2,2,1]","[2,1,3,1]","[[0,1,2,3],[0,1,2,3],[0,1,2,3],[1,3]]",FEASIBLE,FEASIBLE,null,0.066808000,0.074912000,7,7,10,22,False
300244,2,5,"[3,1]","[1,3,3,2,2]","[[0,1,3,4],[3]]",FEASIBLE,FEASIBLE,null,0.017144000,0.028116000,4,4,9,12,False
300245,3,2,"[1,1,2]","[3,1]","[[0,1],[1],[0,1]]",UNSAT,UNSAT,"[1,2]",0.016687000,0.059749000,3,4,7,10,False
300246,3,5,"[1,1,1]","[1,1,2,2,3]","[[0,3],[0,2],[0,1,3,4]]",FEASIBLE,FEASIBLE,null,0.038201000,0.032410000,3,3,10,16,False
300247,5,5,"[1,2,1,2,2]","[3,3,3,1,3]","[[0,2],[0,2,4],[0,1,2,4],[0,1,3,4],[0,1,2,3,4]]",FEASIBLE,FEASIBLE,null,0.155405000,0.056939000,8,8,12,28,False
300248,6,2,"[1,1,2,2,2,1]","[1,3]","[[1],[0],[0,1],[0,1],[0,1],[1]]",UNSAT,UNSAT,"[1,2]",0.034079000,0.200854000,4,9,10,17,False
300249,5,5,"[3,1,2,1,3]","[3,3,3,1,2]","[[1,2,3],[0,1,3],[1,2,3,4],[0,1,2],[0,1,2]]",FEASIBLE,FEASIBLE,null,0.169035000,0.065138000,10,10,12,26,False
300250,1,2,[1],"[2,3]","[[0,1]]",FEASIBLE,FEASIBLE,null,0.004607000,0.014423000,1,1,5,5,False
300251,4,5,"[1,2,2,1]","[2,1,3,3,1]","[[0,1,2,3,4],[0,1,2,3,4],[0,1,2,3,4],[3,4]]",FEASIBLE,FEASIBLE,null,0.072872000,0.059532000,6,6,11,26,False
300252,6,6,"[1,3,2,1,1,1]","[2,2,2,1,2,2]","[[0,1,4,5],[1,2,3,4,5],[0,1,2,4],[5],[5],[0,2,3,4]]",FEASIBLE,FEASIBLE,null,0.468757000,0.065400000,9,9,14,31,False
300253,1,1,[1],[2],[[0]],FEASIBLE,FEASIBLE,null,0.004526000,0.014161000,1,1,4,3,False
300254,5,6,"[1,2,2,2,1]","[1,3,1,1,2,2]","[[0,1,2,5],[0,1,2,3,4,5],[3,4],[1,2,3,4],[5]]",FEASIBLE,FEASIBLE,null,0.208850000,0.067531000,8,8,13,28,False
300255,2,3,"[2,1]","[3,3,1]","[[0,1,2],[0,1,2]]",FEASIBLE,FEASIBLE,null,0.017401000,0.024802000,3,3,7,11,False
300256,2,5,"[1,1]","[1,3,1,3,1]","[[1,2,3],[2,4]]",FEASIBLE,FEASIBLE,null,0.016616000,0.022819000,2,2,9,12,False
300257,5,3,"[2,1,1,1,1]","[2,2,3]","[[0,1,2],[1,2],[0,1],[0,1],[1,2]]",FEASIBLE,FEASIBLE,null,0.149101000,0.055956000,6,6,10,19,False
300258,5,3,"[1,1,1,1,1]","[3,3,1]","[[0,1,2],[0,2],[0],[0],[2]]",FEASIBLE,FEASIBLE,null,0.112449000,0.046779000,5,5,10,16,False
300259,2,5,"[2,3]","[3,3,3,1,1]","[[0,1,3],[1,2,3]]",FEASIBLE,FEASIBLE,null,0.017925000,0.032570000,5,5,9,13,False
300260,4,3,"[1,1,1,1]","[3,1,1]","[[2],[0,1,2],[1,2],[0]]",FEASIBLE,FEASIBLE,null,0.052693000,0.030478000,4,4,9,14,False
300261,3,2,"[1,1,1]","[3,3]","[[0,1],[1],[1]]",FEASIBLE,FEASIBLE,null,0.019486000,0.027871000,3,3,7,9,False
300262,5,5,"[1,1,3,1,2]","[3,1,1,2,1]","[[4],[0],[0,1,2,3,4],[1,2,3,4],[0,1,2,3,4]]",FEASIBLE,FEASIBLE,null,0.178951000,0.184126000,8,8,12,26,False
300263,3,4,"[1,1,3]","[3,2,2,1]","[[1],[0,3],[0,1,2,3]]",FEASIBLE,FEASIBLE,null,0.032231000,0.032855000,5,5,9,14,False
300264,5,5,"[2,2,1,1,1]","[3,3,1,2,2]","[[2,3],[0,1,3],[0],[1,4],[1,2,3]]",FEASIBLE,FEASIBLE,null,0.169990000,0.044190000,7,7,12,21,False
300265,3,4,"[2,1,2]","[2,2,2,2]","[[1,2],[1,3],[1,2,3]]",FEASIBLE,FEASIBLE,null,0.031642000,0.033765000,5,5,9,14,False
300266,4,3,"[1,1,1,1]","[2,3,2]","[[1,2],[0,1],[1],[0,1,2]]",FEASIBLE,FEASIBLE,null,0.063318000,0.035332000,4,4,9,15,False
300267,5,2,"[1,1,1,2,1]","[1,2]","[[0,1],[1],[0],[0,1],[0,1]]",UNSAT,UNSAT,"[2,3]",0.057683000,0.062493000,3,6,9,15,False
300268,6,4,"[3,1,1,1,3,1]","[2,1,3,2]","[[0,1,3],[0,2],[1,2,3],[0,1,2,3],[0,1,3],[2,3]]",UNSAT,UNSAT,"[0,4]",0.048692000,0.083247000,8,10,12,27,False
300269,4,2,"[1,2,1,2]","[1,2]","[[0,1],[0,1],[0],[0,1]]",UNSAT,UNSAT,"[1,2]",0.034781000,0.049892000,3,6,8,13,False
300270,5,2,"[1,2,1,1,2]","[1,2]","[[1],[0,1],[0,1],[0,1],[0,1]]",UNSAT,UNSAT,"[1,4]",0.031284000,0.066022000,3,7,9,16,False
300271,5,6,"[1,1,1,2,3]","[3,2,1,1,1,1]","[[1,3,4],[0,1,3,4,5],[5],[0,5],[0,3,4]]",UNSAT,UNSAT,"[2,3]",0.083489000,0.068873000,7,8,13,25,False
300272,2,2,"[1,1]","[2,3]","[[0],[0,1]]",FEASIBLE,FEASIBLE,null,0.011416000,0.021868000,2,2,6,7,False
300273,2,2,"[2,1]","[3,1]","[[0,1],[0,1]]",FEASIBLE,FEASIBLE,null,0.011140000,0.026097000,3,3,6,8,False
300274,5,5,"[1,2,2,1,2]","[3,1,1,2,2]","[[0,1,2,3,4],[0,1,2],[0,1,2,3,4],[0,2,3],[0,1,3]]",FEASIBLE,FEASIBLE,null,0.181164000,0.084766000,8,8,12,29,False
300275,5,5,"[2,2,1,2,1]","[1,3,2,1,1]","[[0,2,4],[0,1,2,3,4],[1,3,4],[0,1,3],[0,1,4]]",FEASIBLE,FEASIBLE,null,0.182229000,0.212478000,8,8,12,27,False
300276,6,5,"[1,1,1,2,1,1]","[1,3,2,1,1]","[[0],[2],[1,2],[0,2,3],[3],[2]]",UNSAT,UNSAT,"[0,3,4]",0.177804000,0.074412000,5,7,13,20,False
300277,6,2,"[1,2,1,2,2,2]","[3,3]","[[0],[0,1],[0,1],[0,1],[0,1],[0,1]]",UNSAT,UNSAT,"[0,1,3,4]",0.122689000,0.071834000,6,10,10,19,False
300278,3,2,"[1,2,2]","[2,3]","[[0,1],[0,1],[0,1]]",FEASIBLE,FEASIBLE,null,0.022674000,0.045823000,5,5,7,11,False
300279,5,5,"[1,1,2,3,2]","[1,1,3,1,1]","[[1,2,3],[0],[0,3],[0,1,2,3,4],[1,3,4]]",UNSAT,UNSAT,"[1,2]",0.056432000,0.101099000,6,9,12,24,False
300280,1,5,[2],"[3,1,3,2,3]","[[0,1,3]]",FEASIBLE,FEASIBLE,null,0.008534000,0.024610000,2,2,8,9,False
300281,2,6,"[1,1]","[2,1,3,3,2,1]","[[1,4],[0,1,2,3,4,5]]",FEASIBLE,FEASIBLE,null,0.023173000,0.030764000,2,2,10,16,False
300282,4,4,"[1,2,2,1]","[3,3,2,3]","[[3],[0,1,2,3],[0,1,2],[1]]",FEASIBLE,FEASIBLE,null,0.075242000,0.044589000,6,6,10,17,False
300283,3,4,"[2,1,3]","[1,2,1,1]","[[0,1],[1],[0,1,2,3]]",UNSAT,UNSAT,"[0,1,2]",0.037227000,0.056754000,5,6,9,14,False
300284,3,3,"[1,3,1]","[2,3,3]","[[0,1,2],[0,1,2],[0,2]]",FEASIBLE,FEASIBLE,null,0.027455000,0.037844000,5,5,8,14,False
300285,6,1,"[1,1,1,1,1,1]",[2],"[[0],[0],[0],[0],[0],[0]]",UNSAT,UNSAT,"[0,1,2]",0.048889000,0.052089000,2,6,9,13,False
300286,4,5,"[3,2,3,1]","[3,2,2,2,1]","[[0,1,2,3,4],[1,4],[2,3,4],[3,4]]",UNSAT,UNSAT,"[1,2]",0.089040000,0.070309000,8,9,11,21,False
300287,5,2,"[2,1,1,1,1]","[3,3]","[[0,1],[1],[0],[1],[1]]",UNSAT,UNSAT,"[0,1,3,4]",0.080547000,0.054777000,5,6,9,13,False
300288,1,6,[1],"[3,2,2,1,1,1]","[[0,1,2,3,4,5]]",FEASIBLE,FEASIBLE,null,0.008418000,0.032489000,1,1,9,13,False
300289,1,4,[2],"[2,2,1,2]","[[0,1]]",FEASIBLE,FEASIBLE,null,0.006726000,0.020908000,2,2,7,7,False
300290,1,6,[2],"[3,3,1,1,2,3]","[[0,1,2,4,5]]",FEASIBLE,FEASIBLE,null,0.008785000,0.025555000,2,2,9,12,False
300291,4,2,"[1,1,1,1]","[3,1]","[[0],[1],[1],[0]]",UNSAT,UNSAT,"[1,2]",0.027057000,0.042095000,3,4,8,10,False
300292,5,6,"[1,1,3,1,1]","[1,1,2,2,2,1]","[[0,4],[2],[0,2,3,4,5],[0,1,2,3,4,5],[4,5]]",FEASIBLE,FEASIBLE,null,0.227096000,0.061362000,7,7,13,27,False
300293,2,1,"[1,1]",[2],"[[0],[0]]",FEASIBLE,FEASIBLE,null,0.009546000,0.023148000,2,2,5,5,False
300294,2,4,"[1,1]","[3,3,2,2]","[[1,3],[3]]",FEASIBLE,FEASIBLE,null,0.017156000,0.053829000,2,2,8,9,False
300295,4,4,"[3,2,1,3]","[1,3,2,1]","[[1,2,3],[0,1,2,3],[0],[0,1,3]]",UNSAT,UNSAT,"[0,3]",0.033566000,0.091800000,7,9,10,19,False
300296,2,3,"[2,1]","[2,2,1]","[[0,1],[0]]",FEASIBLE,FEASIBLE,null,0.014520000,0.026278000,3,3,7,8,False
300297,5,6,"[2,1,2,1,1]","[3,3,2,3,3,3]","[[0,1,2,3,5],[0,1,2,4],[0,1,3,4,5],[3],[1]]",FEASIBLE,FEASIBLE,null,0.211486000,0.058193000,7,7,13,27,False
300298,6,2,"[1,2,1,1,1,1]","[3,1]","[[0,1],[0,1],[0,1],[0],[1],[0]]",UNSAT,UNSAT,"[1,4]",0.040680000,0.068499000,4,7,10,17,False
300299,2,1,"[1,1]",[3],"[[0],[0]]",FEASIBLE,FEASIBLE,null,0.008494000,0.027346000,2,2,5,5,False
300300,3,2,"[1,1,1]","[2,2]","[[0,1],[1],[0]]",FEASIBLE,FEASIBLE,null,0.023665000,0.031254000,3,3,7,9,False
300301,3,5,"[1,1,1]","[1,1,2,1,2]","[[0,3],[1,2],[0,4]]",FEASIBLE,FEASIBLE,null,0.032888000,0.029334000,3,3,10,14,False
300302,3,5,"[3,1,2]","[1,3,3,3,1]","[[0,1,2,3,4],[0,1,2,4],[0,1]]",FEASIBLE,FEASIBLE,null,0.032241000,0.049250000,6,6,10,19,False
300303,1,6,[2],"[1,1,1,1,1,3]","[[3,4]]",FEASIBLE,FEASIBLE,null,0.007289000,0.020376000,2,2,9,9,False
300304,4,1,"[1,1,1,1]",[1],"[[0],[0],[0],[0]]",UNSAT,UNSAT,"[0,1]",0.010000000,0.038283000,1,4,7,9,False
300305,2,1,"[1,1]",[1],"[[0],[0]]",UNSAT,UNSAT,"[0,1]",0.006867000,0.044015000,1,2,5,5,False
300306,6,2,"[1,1,1,1,2,1]","[2,2]","[[0,1],[0,1],[0],[0,1],[0,1],[0]]",UNSAT,UNSAT,"[2,4,5]",0.210372000,0.052733000,4,7,10,18,False
300307,3,1,"[1,1,1]",[3],"[[0],[0],[0]]",FEASIBLE,FEASIBLE,null,0.012725000,0.020774000,3,3,6,7,False
300308,5,3,"[1,1,1,2,3]","[1,2,2]","[[1],[0,2],[0],[1,2],[0,1,2]]",UNSAT,UNSAT,"[2,4]",0.040114000,0.050930000,5,8,10,17,False
300309,4,5,"[1,1,2,2]","[1,1,3,2,3]","[[0,1,2,3],[1,2,3],[0,1,3,4],[0,1,2,4]]",FEASIBLE,FEASIBLE,null,0.067774000,0.043999000,6,6,11,24,False
300310,1,4,[1],"[2,1,2,3]",[[2]],FEASIBLE,FEASIBLE,null,0.005353000,0.013830000,1,1,7,6,False
300311,2,2,"[1,1]","[1,1]","[[1],[1]]",UNSAT,UNSAT,"[0,1]",0.008586000,0.024383000,1,2,6,6,False
300312,2,4,"[2,1]","[1,1,1,3]","[[0,3],[3]]",FEASIBLE,FEASIBLE,null,0.012230000,0.021226000,3,3,8,9,False
300313,1,1,[1],[3],[[0]],FEASIBLE,FEASIBLE,null,0.003147000,0.011379000,1,1,4,3,False
300314,3,1,"[1,1,1]",[1],"[[0],[0],[0]]",UNSAT,UNSAT,"[0,1]",0.007734000,0.027828000,1,3,6,7,False
300315,4,4,"[2,1,3,1]","[3,1,3,2]","[[0,1,2,3],[1,2,3],[0,1,2,3],[0,1,2]]",FEASIBLE,FEASIBLE,null,0.055365000,0.041731000,7,7,10,22,False
300316,4,6,"[1,1,1,1]","[3,2,1,2,3,2]","[[1,2,3,4,5],[3,4,5],[1,3,4],[0,3]]",FEASIBLE,FEASIBLE,null,0.078255000,0.034359000,4,4,12,23,False
300317,4,1,"[1,1,1,1]",[1],"[[0],[0],[0],[0]]",UNSAT,UNSAT,"[0,1]",0.008964000,0.034977000,1,4,7,9,False
300318,1,1,[1],[1],[[0]],FEASIBLE,FEASIBLE,null,0.003418000,0.011688000,1,1,4,3,False
300319,6,6,"[1,2,3,1,2,2]","[3,3,2,3,1,3]","[[0,1,2,3,5],[2,3,5],[0,1,2,3,4,5],[4],[3,5],[0,3,4,5]]",FEASIBLE,FEASIBLE,null,0.364004000,0.063183000,11,11,14,33,False
300320,1,6,[1],"[2,2,2,1,2,2]",[[2]],FEASIBLE,FEASIBLE,null,0.006536000,0.015322000,1,1,9,8,False
300321,1,6,[2],"[3,3,2,1,1,3]","[[0,1,2,3,4]]",FEASIBLE,FEASIBLE,null,0.006476000,0.023653000,2,2,9,12,False
300322,5,6,"[1,3,1,1,1]","[2,3,2,1,1,2]","[[1,2,5],[0,1,2,3,4,5],[0,4],[3],[0,1,2,3,4,5]]",FEASIBLE,FEASIBLE,null,0.260706000,0.046270000,7,7,13,29,False
300323,1,1,[1],[1],[[0]],FEASIBLE,FEASIBLE,null,0.003376000,0.011793000,1,1,4,3,False
300324,3,2,"[1,1,1]","[2,2]","[[0],[0,1],[0,1]]",FEASIBLE,FEASIBLE,null,0.017037000,0.023434000,3,3,7,10,False
300325,4,5,"[1,1,1,2]","[3,2,3,1,3]","[[3],[0],[1],[0,3,4]]",FEASIBLE,FEASIBLE,null,0.065909000,0.032145000,5,5,11,15,False
300326,3,6,"[2,1,3]","[1,3,2,2,1,2]","[[0,1,2,3,4],[3],[1,2,3,4,5]]",FEASIBLE,FEASIBLE,null,0.036090000,0.036200000,6,6,11,20,False
300327,1,3,[1],"[1,3,1]",[[0]],FEASIBLE,FEASIBLE,null,0.004656000,0.013056000,1,1,6,5,False
300328,4,5,"[1,1,2,2]","[1,1,2,2,2]","[[1,3,4],[1],[1,2,3],[0,1,2,3,4]]",FEASIBLE,FEASIBLE,null,0.066227000,0.050777000,6,6,11,21,False
300329,4,6,"[2,1,1,1]","[2,3,3,1,2,3]","[[1,2,3,4,5],[0,1,4,5],[0,4],[0]]",FEASIBLE,FEASIBLE,null,0.138478000,0.051471000,5,5,12,22,False
300330,4,4,"[3,1,1,1]","[2,1,3,2]","[[0,2,3],[1],[0,1,3],[0]]",FEASIBLE,FEASIBLE,null,0.055910000,0.046505000,6,6,10,16,False
300331,1,5,[3],"[3,1,1,2,2]","[[0,1,2,3,4]]",FEASIBLE,FEASIBLE,null,0.005784000,0.037466000,3,3,8,11,False
300332,6,3,"[2,3,3,2,3,1]","[2,2,3]","[[0,2],[0,1,2],[0,1,2],[1,2],[0,1,2],[0,2]]",UNSAT,UNSAT,"[0,1,2]",0.060666000,0.067093000,7,14,11,24,False
300333,1,5,[3],"[3,2,2,2,2]","[[0,2,3,4]]",FEASIBLE,FEASIBLE,null,0.005718000,0.021059000,3,3,8,10,False
300334,2,6,"[2,1]","[3,2,2,2,1,3]","[[0,1,2,3,4],[0]]",FEASIBLE,FEASIBLE,null,0.015528000,0.026256000,3,3,10,14,False
300335,2,1,"[1,1]",[1],"[[0],[0]]",UNSAT,UNSAT,"[0,1]",0.006372000,0.023224000,1,2,5,5,False
300336,5,5,"[2,3,1,3,1]","[3,1,3,1,3]","[[0,1],[0,1,2,3,4],[4],[1,2,4],[0,1,2,3,4]]",UNSAT,UNSAT,"[0,3]",0.033026000,0.151925000,9,10,12,26,False
300337,6,3,"[3,1,1,1,1,1]","[3,2,3]","[[0,1,2],[0,1,2],[0,2],[1],[0,2],[0,1]]",FEASIBLE,FEASIBLE,null,0.186313000,0.056986000,8,8,11,22,False
300338,6,6,"[3,1,2,1,2,1]","[3,3,2,2,3,2]","[[1,2,5],[0,1,2,3,4,5],[2,5],[5],[0,1,2,3,4,5],[4]]",UNSAT,UNSAT,"[0,2,3]",0.124965000,0.063552000,9,10,14,31,False
300339,2,3,"[1,2]","[2,2,3]","[[1],[0,2]]",FEASIBLE,FEASIBLE,null,0.010447000,0.040767000,3,3,7,8,False
300340,1,6,[3],"[2,1,1,3,2,2]","[[0,1,4]]",FEASIBLE,FEASIBLE,null,0.006607000,0.020701000,3,3,9,10,False
300341,4,5,"[1,3,1,1]","[2,1,2,3,2]","[[3],[0,1,2,3,4],[1],[2]]",FEASIBLE,FEASIBLE,null,0.063244000,0.044961000,6,6,11,17,False
300342,5,1,"[1,1,1,1,1]",[1],"[[0],[0],[0],[0],[0]]",UNSAT,UNSAT,"[0,1]",0.010387000,0.035071000,1,5,8,11,False
300343,3,1,"[1,1,1]",[3],"[[0],[0],[0]]",FEASIBLE,FEASIBLE,null,0.014798000,0.019802000,3,3,6,7,False
300344,6,6,"[3,2,1,1,1,3]","[2,3,1,1,2,3]","[[0,2,3,4],[1,2],[0,1,2,3,4,5],[4],[2,3,4],[0,1,2,3]]",UNSAT,UNSAT,"[0,1,5]",0.117845000,0.106947000,9,11,14,32,False
300345,6,4,"[2,1,1,2,1,1]","[2,1,3,2]","[[0,1,2,3],[1],[0,3],[0,2],[1],[1,3]]",UNSAT,UNSAT,"[1,4]",0.045987000,0.067629000,7,8,12,22,False
300346,2,5,"[2,1]","[1,1,3,2,2]","[[0,1,3],[0,4]]",FEASIBLE,FEASIBLE,null,0.013654000,0.022961000,3,3,9,12,False
300347,4,6,"[2,3,2,1]","[1,3,3,2,2,2]","[[0,1,3,4],[1,2,3,4,5],[1,3],[0,1,2,3,4]]",FEASIBLE,FEASIBLE,null,0.073302000,0.045976000,8,8,12,26,False
300348,4,2,"[1,1,2,1]","[1,1]","[[0,1],[0],[0,1],[0,1]]",UNSAT,UNSAT,"[0,2]",0.014024000,0.039576000,2,5,8,13,False
300349,2,4,"[1,1]","[1,1,2,1]","[[0,1,2,3],[0,1]]",FEASIBLE,FEASIBLE,null,0.011923000,0.111093000,2,2,8,12,False
300350,2,4,"[1,2]","[3,1,2,2]","[[1],[1,2]]",UNSAT,UNSAT,"[0,1]",0.011770000,0.027951000,2,3,8,9,False
300351,4,5,"[3,1,2,3]","[3,1,1,2,1]","[[0,1,2,4],[0,2,3,4],[1,2,3,4],[2,3,4]]",UNSAT,UNSAT,"[0,3]",0.028219000,0.056846000,7,9,11,24,False
300352,4,6,"[2,2,2,3]","[2,2,2,2,2,1]","[[0,1,2,3,4,5],[0,1,2,3,4,5],[0,1,2,4,5],[0,1,2,3]]",FEASIBLE,FEASIBLE,null,0.073024000,0.072975000,9,9,12,31,False
300353,5,1,"[1,1,1,1,1]",[3],"[[0],[0],[0],[0],[0]]",UNSAT,UNSAT,"[0,1,2,3]",0.037071000,0.036312000,3,5,8,11,False
300354,3,4,"[3,1,2]","[3,1,1,3]","[[0,1,2],[0,1,2,3],[0,1]]",UNSAT,UNSAT,"[0,2]",0.018181000,0.039680000,5,6,9,16,False
300355,6,1,"[1,1,1,1,1,1]",[1],"[[0],[0],[0],[0],[0],[0]]",UNSAT,UNSAT,"[0,1]",0.010683000,0.037525000,1,6,9,13,False
300356,5,6,"[1,1,3,1,1]","[3,1,2,2,3,1]","[[2],[3],[0,1,2,3,4,5],[0,1,2,3,5],[2,5]]",FEASIBLE,FEASIBLE,null,0.152714000,0.043206000,7,7,13,26,False
300357,1,2,[2],"[1,3]","[[0,1]]",FEASIBLE,FEASIBLE,null,0.003916000,0.021608000,2,2,5,5,False
300358,2,4,"[1,3]","[1,1,3,2]","[[1,2],[0,2,3]]",FEASIBLE,FEASIBLE,null,0.012036000,0.023410000,4,4,8,11,False
300359,5,1,"[1,1,1,1,1]",[2],"[[0],[0],[0],[0],[0]]",UNSAT,UNSAT,"[0,1,2]",0.022530000,0.034882000,2,5,8,11,False
300360,5,4,"[2,1,1,1,2]","[1,2,3,1]","[[0,3],[2,3],[3],[0,2],[0,1,2,3]]",UNSAT,UNSAT,"[0,2]",0.024496000,0.047774000,6,7,11,20,False
300361,5,5,"[3,3,1,2,1]","[3,3,2,2,2]","[[0,1,3],[1,2,3,4],[0,2],[0,3],[0,1,2,3,4]]",FEASIBLE,FEASIBLE,null,0.133863000,0.061425000,10,10,12,26,False
300362,2,3,"[1,2]","[2,2,3]","[[1],[0,1,2]]",FEASIBLE,FEASIBLE,null,0.010688000,0.020541000,3,3,7,9,False
300363,5,3,"[2,1,1,2,1]","[3,3,1]","[[0,2],[2],[0,1,2],[0,1],[1]]",UNSAT,UNSAT,"[0,1]",0.016818000,0.135624000,6,7,10,17,False
300364,1,1,[1],[2],[[0]],FEASIBLE,FEASIBLE,null,0.003150000,0.011197000,1,1,4,3,False
300365,3,1,"[1,1,1]",[1],"[[0],[0],[0]]",UNSAT,UNSAT,"[0,1]",0.007492000,0.027566000,1,3,6,7,False
300366,3,5,"[2,1,1]","[2,1,2,2,1]","[[0,3],[0,1,2,3,4],[1,2]]",FEASIBLE,FEASIBLE,null,0.029989000,0.028356000,4,4,10,17,False
300367,1,4,[1],"[2,3,2,3]",[[3]],FEASIBLE,FEASIBLE,null,0.005006000,0.012974000,1,1,7,6,False
300368,5,3,"[2,1,2,1,3]","[1,1,3]","[[0,2],[0,1],[0,1,2],[2],[0,1,2]]",UNSAT,UNSAT,"[0,4]",0.025230000,0.053134000,5,9,10,19,False
300369,4,4,"[1,2,2,2]","[3,2,2,2]","[[0,1,3],[0,2],[0,1,2,3],[1,2,3]]",FEASIBLE,FEASIBLE,null,0.054077000,0.041224000,7,7,10,20,False
300370,4,1,"[1,1,1,1]",[1],"[[0],[0],[0],[0]]",UNSAT,UNSAT,"[0,1]",0.008572000,0.030847000,1,4,7,9,False
300371,5,6,"[2,2,2,1,1]","[3,2,2,3,1,2]","[[4,5],[2,3,5],[2,3,4,5],[0,3,4],[0,1,2,3,4,5]]",FEASIBLE,FEASIBLE,null,0.155644000,0.046318000,8,8,13,29,False
300372,6,4,"[1,1,1,1,1,1]","[2,1,3,1]","[[3],[2],[1,2],[0,1,2,3],[1],[0,2,3]]",FEASIBLE,FEASIBLE,null,0.350752000,0.070800000,6,6,12,22,False
300373,6,5,"[1,1,1,1,2,1]","[2,3,1,3,3]","[[4],[0,1,2,3,4],[2],[0,1,2,3,4],[0,1,2,3,4],[1,2,3,4]]",FEASIBLE,FEASIBLE,null,0.287149000,0.051611000,7,7,13,32,False
300374,6,4,"[1,1,1,2,2,1]","[2,1,3,2]","[[0,1,2],[0],[3],[0,2,3],[0,1],[1,2]]",FEASIBLE,FEASIBLE,null,0.229079000,0.075948000,8,8,12,22,False
300375,1,2,[1],"[1,3]","[[0,1]]",FEASIBLE,FEASIBLE,null,0.004010000,0.013416000,1,1,5,5,False
300376,3,4,"[1,1,1]","[2,3,3,2]","[[1,2,3],[1],[0,1,2,3]]",FEASIBLE,FEASIBLE,null,0.025913000,0.026569000,3,3,9,15,False
300377,6,5,"[3,1,1,1,1,1]","[2,2,1,2,1]","[[0,1,2],[0,1,2,3,4],[0,1,2,3],[0,2,3,4],[3],[0,1,2,3,4]]",FEASIBLE,FEASIBLE,null,0.274723000,0.160162000,8,8,13,33,False
300378,4,3,"[1,1,2,1]","[2,1,3]","[[0,1],[1],[0,1,2],[0]]",UNSAT,UNSAT,"[0,1,2,3]",0.043437000,0.044313000,4,5,9,14,False
300379,3,5,"[2,2,1]","[3,2,3,1,2]","[[0,1,2,3,4],[0,1,2,3,4],[1]]",FEASIBLE,FEASIBLE,null,0.029999000,0.040798000,5,5,10,19,False
300380,6,2,"[2,1,1,2,1,1]","[2,2]","[[0,1],[1],[0,1],[0,1],[1],[1]]",UNSAT,UNSAT,"[0,1,3]",0.046314000,0.048840000,4,8,10,17,False
300381,3,5,"[1,2,1]","[2,1,1,2,1]","[[1,4],[3,4],[3]]",FEASIBLE,FEASIBLE,null,0.030168000,0.026166000,4,4,10,13,False
300382,3,6,"[1,1,1]","[3,3,2,2,1,1]","[[0,1,2,3,4,5],[0,1,2,3,4,5],[0,1,2,3,4,5]]",FEASIBLE,FEASIBLE,null,0.035279000,0.031221000,3,3,11,27,False
300383,5,4,"[2,1,3,3,3]","[3,1,2,3]","[[1,2,3],[0,1,2,3],[0,1,2,3],[0,2,3],[0,1,2,3]]",UNSAT,UNSAT,"[0,2,3,4]",0.101987000,0.068839000,9,12,11,27,False
300384,5,6,"[1,1,3,1,2]","[2,1,3,3,1,1]","[[0,4],[0,2,3,4],[0,3,4],[4],[0,1,2,3,4,5]]",UNSAT,UNSAT,"[2,3]",0.059982000,0.073033000,7,8,13,27,False
300385,2,6,"[3,2]","[1,1,1,2,1,2]","[[0,1,2,4,5],[0,1]]",FEASIBLE,FEASIBLE,null,0.016117000,0.038782000,5,5,10,15,False
300386,3,6,"[1,2,2]","[3,1,1,1,1,2]","[[5],[1,2],[0,1,2,3,4,5]]",FEASIBLE,FEASIBLE,null,0.034748000,0.032904000,5,5,11,18,False
300387,5,6,"[2,3,3,2,2]","[3,1,3,2,2,3]","[[0,3],[0,3,5],[0,1,4,5],[1,2,3,5],[0,3]]",UNSAT,UNSAT,"[0,1,4]",0.087064000,0.082106000,11,12,13,26,False
300388,3,6,"[3,2,1]","[1,3,3,1,1,2]","[[0,1,2,4,5],[0,1,2,3,4,5],[0,1,2,3,4]]",FEASIBLE,FEASIBLE,null,0.035566000,0.052929000,6,6,11,25,False
300389,3,6,"[2,1,2]","[3,3,3,2,1,2]","[[0,1],[0,1,2,3,5],[0,1,2,5]]",FEASIBLE,FEASIBLE,null,0.034994000,0.148399000,5,5,11,20,False
300390,5,6,"[2,1,1,1,2]","[3,2,2,3,3,1]","[[0,2,3,4,5],[2,5],[0,1,2,3,4,5],[0,5],[2,5]]",FEASIBLE,FEASIBLE,null,0.171965000,0.054067000,7,7,13,28,False
300391,1,6,[1],"[3,3,3,1,3,1]",[[1]],FEASIBLE,FEASIBLE,null,0.006461000,0.014409000,1,1,9,8,False
300392,1,3,[2],"[2,3,2]","[[0,1,2]]",FEASIBLE,FEASIBLE,null,0.005328000,0.017931000,2,2,6,7,False
300393,3,4,"[1,1,3]","[2,3,3,2]","[[3],[0,1,2,3],[0,1,2,3]]",FEASIBLE,FEASIBLE,null,0.025849000,0.030006000,5,5,9,16,False
300394,1,6,[3],"[1,2,3,2,2,1]","[[0,2,3,5]]",FEASIBLE,FEASIBLE,null,0.006218000,0.020332000,3,3,9,11,False
300395,3,4,"[1,2,1]","[2,3,3,2]","[[1],[0,1,2,3],[0,3]]",FEASIBLE,FEASIBLE,null,0.025098000,0.025438000,4,4,9,14,False
300396,5,4,"[2,3,3,2,1]","[3,2,2,1]","[[0,1,2,3],[0,1,3],[0,1,3],[1,2],[0,1,2,3]]",UNSAT,UNSAT,"[1,2]",0.033236000,0.063314000,8,11,11,25,False
300397,4,3,"[1,2,1,1]","[1,1,1]","[[2],[0,1,2],[0,1],[1]]",UNSAT,UNSAT,"[0,1,2]",0.030739000,0.039260000,3,5,9,14,False
300398,3,1,"[1,1,1]",[2],"[[0],[0],[0]]",UNSAT,UNSAT,"[0,1,2]",0.011376000,0.027090000,2,3,6,7,False
300399,1,2,[1],"[3,1]",[[1]],FEASIBLE,FEASIBLE,null,0.003806000,0.011614000,1,1,5,4,False
300400,1,3,[1],"[2,1,2]",[[2]],FEASIBLE,FEASIBLE,null,0.014240000,0.021406000,1,1,6,5,False
300401,2,5,"[2,2]","[3,2,2,3,1]","[[1,2,3,4],[0,1,2,3,4]]",FEASIBLE,FEASIBLE,null,0.017615000,0.034741000,4,4,9,16,False
300402,2,5,"[2,2]","[3,1,3,2,3]","[[0,1,2,4],[0,1]]",FEASIBLE,FEASIBLE,null,0.013794000,0.034697000,4,4,9,13,False
300403,1,1,[1],[1],[[0]],FEASIBLE,FEASIBLE,null,0.003021000,0.010913000,1,1,4,3,False
300404,3,4,"[2,3,1]","[1,2,2,2]","[[1,2],[0,1,2,3],[2]]",FEASIBLE,FEASIBLE,null,0.025354000,0.039461000,6,6,9,14,False
300405,3,3,"[1,2,1]","[2,3,2]","[[0],[0,1],[0,1,2]]",FEASIBLE,FEASIBLE,null,0.020267000,0.135661000,4,4,8,12,False
300406,1,2,[1],"[1,1]",[[0]],FEASIBLE,FEASIBLE,null,0.004036000,0.011484000,1,1,5,4,False
300407,6,4,"[1,1,1,3,1,1]","[1,1,2,2]","[[3],[1],[0,1,2,3],[0,1,2,3],[3],[3]]",UNSAT,UNSAT,"[0,4,5]",0.100605000,0.070606000,6,8,12,22,False
300408,3,1,"[1,1,1]",[3],"[[0],[0],[0]]",FEASIBLE,FEASIBLE,null,0.011624000,0.019269000,3,3,6,7,False
300409,6,1,"[1,1,1,1,1,1]",[2],"[[0],[0],[0],[0],[0],[0]]",UNSAT,UNSAT,"[0,1,2]",0.030089000,0.039264000,2,6,9,13,False
300410,5,5,"[2,1,1,1,1]","[3,2,1,2,3]","[[0,1,3,4],[1,4],[3,4],[0,1,2,3,4],[2]]",FEASIBLE,FEASIBLE,null,0.129352000,0.037312000,6,6,12,24,False
300411,3,1,"[1,1,1]",[1],"[[0],[0],[0]]",UNSAT,UNSAT,"[0,1]",0.010549000,0.030913000,1,3,6,7,False
300412,6,4,"[2,2,2,1,1,3]","[3,3,1,2]","[[0,1,2,3],[0,1,2,3],[0,1,3],[1],[0,1,3],[0,2,3]]",UNSAT,UNSAT,"[0,1,2,3,5]",0.219711000,0.070451000,9,11,12,28,False
300413,5,2,"[1,1,1,2,1]","[3,2]","[[0,1],[0],[0,1],[0,1],[1]]",UNSAT,UNSAT,"[0,1,2,3,4]",0.064905000,0.043283000,5,6,9,15,False
300414,3,2,"[1,1,1]","[2,1]","[[0],[0,1],[0]]",FEASIBLE,FEASIBLE,null,0.015956000,0.028130000,3,3,7,9,False
300415,1,4,[1],"[1,3,3,3]","[[0,1,3]]",FEASIBLE,FEASIBLE,null,0.007084000,0.014067000,1,1,7,8,False
300416,6,2,"[1,1,2,2,1,1]","[2,1]","[[1],[0],[0,1],[0,1],[0],[1]]",UNSAT,UNSAT,"[0,2]",0.016839000,0.043606000,3,8,10,16,False
300417,4,2,"[2,1,1,2]","[2,3]","[[0,1],[0,1],[1],[0,1]]",UNSAT,UNSAT,"[0,1,2,3]",0.031969000,0.039401000,5,6,8,13,False
300418,5,1,"[1,1,1,1,1]",[1],"[[0],[0],[0],[0],[0]]",UNSAT,UNSAT,"[0,1]",0.009577000,0.033431000,1,5,8,11,False
300419,6,5,"[2,1,1,3,3,2]","[3,3,1,3,1]","[[0,1,2,3,4],[0],[0],[1,2,4],[0,3,4],[2,3]]",UNSAT,UNSAT,"[3,4]",0.072981000,0.136966000,10,12,13,26,False
300420,6,2,"[1,1,1,1,1,2]","[2,1]","[[0],[1],[0],[0],[0,1],[0,1]]",UNSAT,UNSAT,"[1,5]",0.029934000,0.149921000,3,7,10,16,False
300421,5,3,"[1,1,3,2,1]","[1,2,3]","[[0,1,2],[0,2],[0,1,2],[0,1,2],[1,2]]",UNSAT,UNSAT,"[0,1,2,3]",0.069740000,0.052762000,6,8,10,21,False
300422,6,6,"[2,1,2,1,3,2]","[2,2,3,2,1,3]","[[0,1,2,4,5],[0,1,2,3,4,5],[0,1,2,3,5],[0,2,3,4],[0,3,5],[0,3]]",FEASIBLE,FEASIBLE,null,0.310404000,0.080058000,11,11,14,37,False
300423,1,6,[2],"[1,1,1,2,3,1]","[[0,1,2,3,4,5]]",FEASIBLE,FEASIBLE,null,0.006032000,0.019531000,2,2,9,13,False
300424,4,5,"[1,1,3,2]","[1,3,3,2,3]","[[0,2,4],[2],[0,1,3],[2,3,4]]",FEASIBLE,FEASIBLE,null,0.060158000,0.046020000,7,7,11,19,False
300425,2,6,"[3,3]","[3,2,2,3,3,1]","[[0,2,3,5],[0,2,4,5]]",FEASIBLE,FEASIBLE,null,0.014860000,0.029191000,6,6,10,16,False
300426,5,5,"[2,1,3,1,1]","[3,3,3,2,2]","[[0,1,2,3,4],[4],[0,1,2,4],[4],[2,3]]",FEASIBLE,FEASIBLE,null,0.124505000,0.039619000,8,8,12,23,False
300427,3,5,"[2,2,2]","[1,1,3,2,2]","[[0,2,4],[1,4],[1,2]]",UNSAT,UNSAT,"[1,2]",0.023511000,0.037678000,5,6,10,15,False
300428,1,6,[1],"[1,2,1,2,2,3]","[[1,2,5]]",FEASIBLE,FEASIBLE,null,0.006009000,0.014968000,1,1,9,10,False
300429,1,4,[3],"[1,2,3,3]","[[0,1,2,3]]",FEASIBLE,FEASIBLE,null,0.005097000,0.019454000,3,3,7,9,False
300430,4,3,"[2,1,1,1]","[2,1,1]","[[0,2],[2],[0],[0,2]]",UNSAT,UNSAT,"[0,1]",0.013955000,0.037839000,3,5,9,13,False
300431,5,5,"[1,1,1,2,1]","[1,2,2,1,2]","[[4],[0,2,3,4],[2,4],[2,4],[0,1,2]]",FEASIBLE,FEASIBLE,null,0.125846000,0.035613000,6,6,12,22,False
300432,2,4,"[1,1]","[3,1,1,3]","[[2],[3]]",FEASIBLE,FEASIBLE,null,0.011297000,0.016135000,2,2,8,8,False
300433,5,2,"[1,1,1,2,1]","[3,2]","[[0,1],[1],[0],[0,1],[0]]",UNSAT,UNSAT,"[0,1,2,3,4]",0.064046000,0.040537000,5,6,9,14,False
300434,3,1,"[1,1,1]",[1],"[[0],[0],[0]]",UNSAT,UNSAT,"[0,1]",0.007090000,0.117155000,1,3,6,7,False
300435,4,6,"[1,2,2,1]","[3,1,3,2,2,1]","[[0,1,2,3,4,5],[0,1,2,3,4,5],[0,2,3,4],[5]]",FEASIBLE,FEASIBLE,null,0.070199000,0.037141000,6,6,12,27,False
300436,3,2,"[1,1,1]","[3,1]","[[0,1],[0],[0,1]]",FEASIBLE,FEASIBLE,null,0.015454000,0.019555000,3,3,7,10,False
300437,2,1,"[1,1]",[3],"[[0],[0]]",FEASIBLE,FEASIBLE,null,0.006023000,0.014133000,2,2,5,5,False
300438,5,4,"[1,1,2,2,1]","[2,2,1,2]","[[0,1,2,3],[0],[0,1,2],[0,1,2],[0,1,3]]",FEASIBLE,FEASIBLE,null,0.105959000,0.053474000,7,7,11,23,False
300439,2,3,"[1,1]","[1,3,1]","[[2],[2]]",UNSAT,UNSAT,"[0,1]",0.009859000,0.022774000,1,2,7,7,False
300440,4,4,"[2,2,2,1]","[3,2,2,1]","[[0,1,3],[2,3],[0,1,2,3],[0,2]]",FEASIBLE,FEASIBLE,null,0.050780000,0.034248000,7,7,10,19,False
300441,1,4,[1],"[2,2,1,1]",[[0]],FEASIBLE,FEASIBLE,null,0.004740000,0.011925000,1,1,7,6,False
300442,2,1,"[1,1]",[3],"[[0],[0]]",FEASIBLE,FEASIBLE,null,0.005917000,0.014157000,2,2,5,5,False
300443,2,6,"[1,3]","[2,1,3,1,1,1]","[[5],[0,2,3,4]]",FEASIBLE,FEASIBLE,null,0.014797000,0.023281000,4,4,10,13,False
300444,3,5,"[2,1,1]","[1,3,1,2,1]","[[0,1],[1,2],[3]]",FEASIBLE,FEASIBLE,null,0.028528000,0.023952000,4,4,10,13,False
300445,2,1,"[1,1]",[2],"[[0],[0]]",FEASIBLE,FEASIBLE,null,0.005970000,0.013994000,2,2,5,5,False
300446,6,4,"[3,2,3,1,2,2]","[2,3,3,1]","[[0,1,2,3],[0,1,2],[0,2,3],[0,1],[0,1,2,3],[0,2]]",UNSAT,UNSAT,"[0,2,5]",0.089136000,0.082101000,9,13,12,28,False
300447,4,6,"[2,3,3,1]","[2,1,1,2,3,1]","[[0,2,3,4,5],[0,2,4,5],[0,1,2,3,4,5],[0,2,3,4,5]]",FEASIBLE,FEASIBLE,null,0.071252000,0.049299000,9,9,12,30,False
300448,2,6,"[2,1]","[2,2,1,1,1,1]","[[0,3,5],[1,4,5]]",FEASIBLE,FEASIBLE,null,0.014893000,0.027467000,3,3,10,14,False
300449,6,3,"[3,1,2,1,1,2]","[2,1,2]","[[0,1,2],[0],[0,1],[2],[2],[0,1,2]]",UNSAT,UNSAT,"[0,2]",0.021052000,0.134921000,5,10,11,20,False
300450,3,2,"[1,2,1]","[1,3]","[[0,1],[0,1],[1]]",FEASIBLE,FEASIBLE,null,0.017035000,0.031098000,4,4,7,10,False
300451,2,3,"[2,1]","[3,1,2]","[[0,1,2],[0,1,2]]",FEASIBLE,FEASIBLE,null,0.009679000,0.020375000,3,3,7,11,False
300452,6,6,"[1,3,2,3,2,1]","[3,2,3,1,2,3]","[[2,3,4],[0,2,3,4],[0,1,2,3,4,5],[0,1,2,3,4,5],[3,5],[0,1]]",FEASIBLE,FEASIBLE,null,0.321744000,0.078183000,12,12,14,35,False
300453,3,4,"[1,1,2]","[1,2,1,1]","[[2],[0,1,2,3],[0,1]]",FEASIBLE,FEASIBLE,null,0.025014000,0.033493000,4,4,9,14,False
300454,3,2,"[2,1,1]","[1,1]","[[0,1],[0,1],[1]]",UNSAT,UNSAT,"[0,1]",0.009542000,0.032186000,2,4,7,10,False
300455,1,3,[1],"[3,1,1]",[[1]],FEASIBLE,FEASIBLE,null,0.004301000,0.012166000,1,1,6,5,False
300456,2,6,"[2,1]","[1,2,3,2,2,2]","[[0,1,2,3],[0,1,2,3,4,5]]",FEASIBLE,FEASIBLE,null,0.015445000,0.026226000,3,3,10,18,False
300457,2,1,"[1,1]",[2],"[[0],[0]]",FEASIBLE,FEASIBLE,null,0.006394000,0.014827000,2,2,5,5,False
300458,6,6,"[3,3,2,2,1,2]","[3,1,3,2,2,1]","[[0,3,5],[0,1,2,3,4,5],[0,1,2,3,4,5],[2,3,4,5],[3],[1,3]]",UNSAT,UNSAT,"[0,4,5]",0.191261000,0.090900000,12,13,14,34,False
300459,6,5,"[1,1,1,1,2,2]","[3,2,2,3,2]","[[4],[0,1,2,3,4],[1],[0,1,2,3,4],[0,3,4],[0,4]]",FEASIBLE,FEASIBLE,null,0.287446000,0.061168000,8,8,13,28,False
300460,3,4,"[1,1,1]","[3,1,2,3]","[[0],[2],[0,1,2,3]]",FEASIBLE,FEASIBLE,null,0.024979000,0.027992000,3,3,9,13,False
300461,4,1,"[1,1,1,1]",[2],"[[0],[0],[0],[0]]",UNSAT,UNSAT,"[0,1,2]",0.021351000,0.038771000,2,4,7,9,False
300462,6,4,"[1,1,1,1,3,1]","[1,2,3,1]","[[0,1,2,3],[2],[2],[0,1],[0,1,2,3],[0,2]]",UNSAT,UNSAT,"[0,1,2,3,4,5]",0.237743000,0.072299000,7,8,12,24,False
300463,6,4,"[1,1,3,1,1,2]","[1,2,3,3]","[[2],[0,2,3],[0,1,3],[1,2],[0,2],[0,2,3]]",FEASIBLE,FEASIBLE,null,0.230881000,0.159195000,9,9,12,24,False
300464,1,5,[2],"[2,2,2,3,2]","[[1,2,3,4]]",FEASIBLE,FEASIBLE,null,0.010697000,0.017606000,2,2,8,10,False
300465,3,5,"[3,3,2]","[1,1,3,2,3]","[[0,3,4],[0,1,2,3,4],[0,2]]",UNSAT,UNSAT,"[0,2]",0.020215000,0.046897000,7,8,10,18,False
300466,1,2,[2],"[1,1]","[[0,1]]",FEASIBLE,FEASIBLE,null,0.003739000,0.014669000,2,2,5,5,False
300467,2,5,"[1,1]","[1,1,3,1,3]","[[1,2],[1,3,4]]",FEASIBLE,FEASIBLE,null,0.013584000,0.020085000,2,2,9,12,False
300468,5,5,"[1,3,2,2,2]","[3,3,1,3,3]","[[0,1,2,3,4],[0,1,2,3,4],[0,1,4],[0,2,4],[0,1,2]]",FEASIBLE,FEASIBLE,null,0.129450000,0.065584000,10,10,12,29,False
300469,5,3,"[1,1,1,1,2]","[1,1,3]","[[1],[0,1,2],[1,2],[2],[0,1,2]]",UNSAT,UNSAT,"[0,1,2,3,4]",0.107951000,0.050034000,5,6,10,18,False
300470,6,4,"[1,1,1,1,1,1]","[2,2,1,3]","[[0],[0,1],[0],[3],[0,1],[0,1,2,3]]",FEASIBLE,FEASIBLE,null,0.225024000,0.052102000,6,6,12,21,False
300471,3,4,"[2,1,2]","[3,1,3,1]","[[0,1,2,3],[0,3],[0,2]]",FEASIBLE,FEASIBLE,null,0.025873000,0.028323000,5,5,9,15,False
300472,2,6,"[2,3]","[2,2,2,1,3,3]","[[1,4],[0,2,3,4,5]]",FEASIBLE,FEASIBLE,null,0.015722000,0.033587000,5,5,10,15,False
300473,4,3,"[1,2,3,1]","[3,3,3]","[[0,1,2],[0,2],[0,1,2],[0]]",FEASIBLE,FEASIBLE,null,0.042388000,0.042319000,7,7,9,16,False
300474,2,1,"[1,1]",[2],"[[0],[0]]",FEASIBLE,FEASIBLE,null,0.006467000,0.015178000,2,2,5,5,False
300475,1,4,[1],"[2,1,2,2]","[[0,1,2]]",FEASIBLE,FEASIBLE,null,0.005061000,0.013982000,1,1,7,8,False
300476,4,4,"[1,1,1,3]","[1,2,3,2]","[[0,2],[0,2,3],[1,2],[0,1,2]]",FEASIBLE,FEASIBLE,null,0.052871000,0.044891000,6,6,10,18,False
300477,2,1,"[1,1]",[3],"[[0],[0]]",FEASIBLE,FEASIBLE,null,0.006205000,0.026531000,2,2,5,5,False
300478,4,3,"[2,2,2,3]","[1,1,3]","[[1,2],[0,1,2],[1,2],[0,1,2]]",UNSAT,UNSAT,"[0,2]",0.016991000,0.138076000,5,9,9,17,False
300479,3,2,"[1,1,1]","[3,1]","[[1],[0],[1]]",UNSAT,UNSAT,"[0,2]",0.012076000,0.027489000,2,3,7,8,False
300480,3,4,"[1,1,2]","[3,1,3,2]","[[2,3],[0],[1,2,3]]",FEASIBLE,FEASIBLE,null,0.026164000,0.024878000,4,4,9,13,False
300481,2,3,"[1,1]","[2,1,2]","[[0,1,2],[1]]",FEASIBLE,FEASIBLE,null,0.010527000,0.019003000,2,2,7,9,False
300482,5,1,"[1,1,1,1,1]",[2],"[[0],[0],[0],[0],[0]]",UNSAT,UNSAT,"[0,1,2]",0.023205000,0.035586000,2,5,8,11,False
300483,2,3,"[2,2]","[2,1,2]","[[0,1,2],[1,2]]",FEASIBLE,FEASIBLE,null,0.010318000,0.030699000,4,4,7,10,False
300484,5,3,"[1,1,1,2,2]","[2,1,2]","[[0],[1,2],[2],[1,2],[0,1,2]]",UNSAT,UNSAT,"[1,2,3]",0.061499000,0.046735000,5,7,10,17,False
300485,4,4,"[3,2,1,2]","[2,3,2,3]","[[0,1,2,3],[0,2,3],[0,3],[0,3]]",FEASIBLE,FEASIBLE,null,0.053832000,0.050818000,8,8,10,19,False
300486,2,2,"[1,2]","[1,2]","[[0,1],[0,1]]",FEASIBLE,FEASIBLE,null,0.008254000,0.026114000,3,3,6,8,False
300487,4,4,"[2,1,1,3]","[2,2,3,3]","[[0,3],[1,3],[0,1,2,3],[0,1,2,3]]",FEASIBLE,FEASIBLE,null,0.052999000,0.037383000,7,7,10,20,False
300488,2,2,"[1,1]","[2,1]","[[0,1],[1]]",FEASIBLE,FEASIBLE,null,0.008223000,0.016535000,2,2,6,7,False
300489,5,1,"[1,1,1,1,1]",[1],"[[0],[0],[0],[0],[0]]",UNSAT,UNSAT,"[0,1]",0.009631000,0.034297000,1,5,8,11,False
300490,6,3,"[1,1,1,2,1,2]","[1,1,3]","[[0],[0],[1,2],[1,2],[2],[0,1]]",UNSAT,UNSAT,"[0,1]",0.020940000,0.063221000,5,8,11,18,False
300491,6,5,"[1,1,1,2,2,2]","[1,1,2,3,1]","[[1],[4],[1,4],[0,1,2,3,4],[1,3],[0,1,3]]",UNSAT,UNSAT,"[0,4]",0.039199000,0.082274000,7,9,13,25,False
300492,1,4,[2],"[3,2,3,1]","[[0,1,2,3]]",FEASIBLE,FEASIBLE,null,0.005122000,0.018796000,2,2,7,9,False
300493,5,6,"[3,3,3,2,1]","[1,3,3,2,1,1]","[[0,2,3,5],[1,2,3,4,5],[0,2,5],[0,1,3,4],[1]]",UNSAT,UNSAT,"[0,2]",0.032477000,0.157337000,11,12,13,28,False
300494,6,2,"[1,1,1,2,1,1]","[2,2]","[[0,1],[0],[0],[0,1],[1],[0,1]]",UNSAT,UNSAT,"[1,2,3]",0.065813000,0.047760000,4,7,10,17,False
300495,4,5,"[3,2,1,2]","[1,3,3,2,3]","[[0,1,2,3],[0,1,2,3],[1],[0,2,3,4]]",FEASIBLE,FEASIBLE,null,0.062555000,0.041685000,8,8,11,22,False
300496,4,4,"[1,2,1,3]","[2,1,3,2]","[[1],[0,1],[0],[1,2,3]]",UNSAT,UNSAT,"[0,1]",0.017655000,0.041717000,5,7,10,15,False
300497,1,1,[1],[1],[[0]],FEASIBLE,FEASIBLE,null,0.003087000,0.011265000,1,1,4,3,False
300498,6,1,"[1,1,1,1,1,1]",[1],"[[0],[0],[0],[0],[0],[0]]",UNSAT,UNSAT,"[0,1]",0.010637000,0.037952000,1,6,9,13,False
300499,1,5,[2],"[3,2,1,3,2]","[[2,4]]",FEASIBLE,FEASIBLE,null,0.005558000,0.016371000,2,2,8,8,False
300500,6,1,"[1,1,1,1,1,1]",[3],"[[0],[0],[0],[0],[0],[0]]",UNSAT,UNSAT,"[0,1,2,3]",0.064248000,0.051649000,3,6,9,13,False
300501,6,5,"[3,3,2,1,2,1]","[1,1,1,2,2]","[[0,1,2,3,4],[0,1,3,4],[0,1,2,3,4],[3],[0,2,3,4],[0,1,2,3,4]]",UNSAT,UNSAT,"[0,1,2]",0.089662000,0.088345000,7,12,13,35,False
300502,2,5,"[2,2]","[2,2,2,2,1]","[[0,1,2,3,4],[1,2,3,4]]",FEASIBLE,FEASIBLE,null,0.014337000,0.027861000,4,4,9,16,False
300503,3,5,"[2,3,1]","[2,2,1,1,1]","[[0,1,2,3,4],[1,2,3,4],[3,4]]",FEASIBLE,FEASIBLE,null,0.030042000,0.035815000,6,6,10,19,False
300504,1,1,[1],[3],[[0]],FEASIBLE,FEASIBLE,null,0.003285000,0.011442000,1,1,4,3,False
300505,1,2,[2],"[2,1]","[[0,1]]",FEASIBLE,FEASIBLE,null,0.003681000,0.014893000,2,2,5,5,False
300506,4,4,"[1,1,2,2]","[1,2,3,1]","[[1],[1],[0,1,2],[0,1,3]]",UNSAT,UNSAT,"[0,1,2,3]",0.052532000,0.046357000,5,6,10,16,False
300507,6,2,"[1,1,1,1,1,1]","[3,3]","[[1],[0,1],[1],[1],[0,1],[0]]",FEASIBLE,FEASIBLE,null,0.136673000,0.038018000,6,6,10,16,False
300508,4,3,"[3,3,2,2]","[3,3,2]","[[0,1,2],[0,1,2],[1,2],[1,2]]",UNSAT,UNSAT,"[0,1,2]",0.030718000,0.162969000,7,10,9,17,False
300509,4,6,"[1,2,1,1]","[3,1,1,3,2,1]","[[2],[1,4,5],[5],[4,5]]",FEASIBLE,FEASIBLE,null,0.072534000,0.044307000,5,5,12,17,False
300510,3,5,"[1,1,2]","[1,1,2,3,2]","[[1,3],[2,4],[1,2,3,4]]",FEASIBLE,FEASIBLE,null,0.030025000,0.028152000,4,4,10,16,False
300511,2,3,"[1,1]","[3,2,2]","[[1,2],[0,1,2]]",FEASIBLE,FEASIBLE,null,0.032172000,0.019984000,2,2,7,10,False
300512,4,5,"[2,2,1,1]","[1,2,1,1,3]","[[0,2,3,4],[0,1,3],[1,4],[2]]",FEASIBLE,FEASIBLE,null,0.063576000,0.048133000,6,6,11,19,False
300513,4,6,"[2,2,1,1]","[3,2,1,3,2,1]","[[2,3],[0,1,2,3,4,5],[2],[0,2,3,5]]",UNSAT,UNSAT,"[0,2]",0.028196000,0.045912000,5,6,12,23,False
300514,6,3,"[3,2,2,1,1,3]","[2,2,2]","[[0,1,2],[0,2],[0,1],[0,2],[2],[0,1,2]]",UNSAT,UNSAT,"[0,1,2]",0.058104000,0.059357000,6,12,11,22,False
300515,6,5,"[2,2,1,2,2,1]","[2,1,1,3,1]","[[0,2],[1,4],[2],[1,4],[0,1,2,3,4],[0]]",UNSAT,UNSAT,"[0,2]",0.031243000,0.059529000,6,10,13,24,False
300516,4,3,"[1,2,1,2]","[3,2,1]","[[1],[0,1,2],[0,1,2],[1,2]]",UNSAT,UNSAT,"[0,1,3]",0.033452000,0.042760000,5,6,9,16,False
300517,2,1,"[1,1]",[2],"[[0],[0]]",FEASIBLE,FEASIBLE,null,0.006200000,0.015361000,2,2,5,5,False
300518,2,3,"[3,1]","[2,3,2]","[[0,1,2],[0]]",FEASIBLE,FEASIBLE,null,0.009461000,0.021705000,4,4,7,9,False
300519,1,3,[3],"[3,3,3]","[[0,1,2]]",FEASIBLE,FEASIBLE,null,0.004425000,0.017763000,3,3,6,7,False
300520,4,2,"[2,2,2,1]","[1,1]","[[0,1],[0,1],[0,1],[1]]",UNSAT,UNSAT,"[0,1]",0.011232000,0.037685000,2,7,8,13,False
300521,1,3,[1],"[1,3,1]","[[0,1,2]]",FEASIBLE,FEASIBLE,null,0.004539000,0.013839000,1,1,6,7,False
300522,4,3,"[1,1,1,1]","[2,1,2]","[[0,1],[0,1,2],[0],[1,2]]",FEASIBLE,FEASIBLE,null,0.043098000,0.041949000,4,4,9,15,False
300523,5,1,"[1,1,1,1,1]",[2],"[[0],[0],[0],[0],[0]]",UNSAT,UNSAT,"[0,1,2]",0.022382000,0.125252000,2,5,8,11,False
300524,5,2,"[1,2,2,1,1]","[2,1]","[[1],[0,1],[0,1],[0,1],[0,1]]",UNSAT,UNSAT,"[0,1]",0.013390000,0.044950000,3,7,9,16,False
300525,4,1,"[1,1,1,1]",[3],"[[0],[0],[0],[0]]",UNSAT,UNSAT,"[0,1,2,3]",0.022671000,0.031845000,3,4,7,9,False
300526,3,4,"[2,1,1]","[1,3,1,2]","[[0,1,3],[0,1,2,3],[0]]",FEASIBLE,FEASIBLE,null,0.025409000,0.035962000,4,4,9,15,False
300527,3,1,"[1,1,1]",[3],"[[0],[0],[0]]",FEASIBLE,FEASIBLE,null,0.011781000,0.019007000,3,3,6,7,False
300528,6,6,"[3,2,1,1,1,1]","[3,1,3,1,3,1]","[[0,1,2,3,4,5],[0,1,2,3,5],[3],[1],[1,3,4,5],[2]]",FEASIBLE,FEASIBLE,null,0.335582000,0.065644000,9,9,14,30,False
300529,2,6,"[1,1]","[1,1,2,1,2,1]","[[0,1,2,3,4,5],[0,1,2,3,4,5]]",FEASIBLE,FEASIBLE,null,0.015441000,0.025209000,2,2,10,20,False
300530,2,1,"[1,1]",[2],"[[0],[0]]",FEASIBLE,FEASIBLE,null,0.006340000,0.014553000,2,2,5,5,False
300531,1,1,[1],[3],[[0]],FEASIBLE,FEASIBLE,null,0.002885000,0.010375000,1,1,4,3,False
300532,2,3,"[2,2]","[2,1,2]","[[0,1,2],[0,1,2]]",FEASIBLE,FEASIBLE,null,0.009626000,0.023239000,4,4,7,11,False
300533,4,4,"[2,1,1,1]","[1,2,3,3]","[[0,1,2,3],[2],[2],[1]]",FEASIBLE,FEASIBLE,null,0.051351000,0.027678000,5,5,10,15,False
300534,5,6,"[1,2,2,2,1]","[1,2,1,1,2,3]","[[0,1,2,3,4],[1,3],[0,1,3,4,5],[0,1,2,3,5],[1,2,4,5]]",FEASIBLE,FEASIBLE,null,0.163666000,0.088415000,8,8,13,32,False
300535,1,3,[1],"[2,3,1]","[[1,2]]",FEASIBLE,FEASIBLE,null,0.004765000,0.016091000,1,1,6,6,False
300536,1,1,[1],[3],[[0]],FEASIBLE,FEASIBLE,null,0.002988000,0.010499000,1,1,4,3,False
300537,4,1,"[1,1,1,1]",[3],"[[0],[0],[0],[0]]",UNSAT,UNSAT,"[0,1,2,3]",0.021747000,0.031408000,3,4,7,9,False
300538,3,4,"[1,1,2]","[1,3,1,3]","[[2],[3],[0,1,2,3]]",FEASIBLE,FEASIBLE,null,0.024694000,0.025823000,4,4,9,13,False
300539,1,3,[2],"[2,2,1]","[[0,1]]",FEASIBLE,FEASIBLE,null,0.007566000,0.015680000,2,2,6,6,False
300540,6,5,"[3,1,1,1,1,1]","[3,3,1,3,3]","[[1,2,4],[3],[3],[1],[2],[0]]",UNSAT,UNSAT,"[0,4]",0.037876000,0.133998000,7,8,13,19,False
300541,4,5,"[3,3,1,2]","[1,1,1,2,2]","[[1,2,3,4],[0,1,2,3],[1,2,3],[0,1,2,3,4]]",UNSAT,UNSAT,"[0,1,2]",0.043998000,0.080145000,7,9,11,25,False
300542,1,5,[1],"[3,1,1,1,1]",[[4]],FEASIBLE,FEASIBLE,null,0.005357000,0.013393000,1,1,8,7,False
300543,2,2,"[1,1]","[2,3]","[[0],[0]]",FEASIBLE,FEASIBLE,null,0.007979000,0.014909000,2,2,6,6,False
300544,4,6,"[3,1,1,1]","[2,2,2,2,1,2]","[[1,2,3,4],[2,3,4,5],[0,1,2,3,4,5],[1,2,3,4,5]]",FEASIBLE,FEASIBLE,null,0.086716000,0.039925000,6,6,12,29,False
300545,3,2,"[1,2,1]","[1,3]","[[1],[0,1],[0,1]]",FEASIBLE,FEASIBLE,null,0.016255000,0.023252000,4,4,7,10,False
300546,1,1,[1],[3],[[0]],FEASIBLE,FEASIBLE,null,0.003040000,0.010377000,1,1,4,3,False
300547,1,4,[2],"[1,1,3,2]","[[1,2,3]]",FEASIBLE,FEASIBLE,null,0.004686000,0.015738000,2,2,7,8,False
300548,6,6,"[1,1,1,3,3,2]","[1,2,2,2,1,3]","[[1,2,3,4,5],[0,1,2,3,4,5],[2,3,5],[0,4,5],[1,3,4,5],[0,1,2,3,4]]",FEASIBLE,FEASIBLE,null,0.313096000,0.132207000,11,11,14,38,False
300549,4,3,"[3,1,1,1]","[2,3,3]","[[0,1,2],[2],[1,2],[2]]",FEASIBLE,FEASIBLE,null,0.041060000,0.029054000,6,6,9,14,False
300550,6,3,"[1,3,1,2,1,1]","[2,2,2]","[[0,2],[0,1,2],[1],[0,1],[0,1],[2]]",UNSAT,UNSAT,"[1,2,3]",0.081886000,0.051313000,6,9,11,20,False
300551,3,6,"[3,1,3]","[1,3,2,1,2,3]","[[0,1,2,4,5],[1,2,3,4,5],[1,2,3]]",FEASIBLE,FEASIBLE,null,0.033353000,0.037146000,7,7,11,22,False
300552,1,4,[2],"[3,3,1,3]","[[0,2]]",FEASIBLE,FEASIBLE,null,0.004879000,0.014927000,2,2,7,7,False
300553,1,4,[1],"[1,2,3,1]",[[3]],FEASIBLE,FEASIBLE,null,0.004435000,0.012906000,1,1,7,6,False
300554,5,3,"[1,1,1,1,1]","[1,3,2]","[[0],[2],[0],[1],[1,2]]",UNSAT,UNSAT,"[0,2]",0.018568000,0.036508000,4,5,10,14,False
300555,5,5,"[1,2,3,2,1]","[1,2,2,3,2]","[[0,1,2,3],[0,1,4],[0,1,2,4],[0,1,2,3,4],[4]]",FEASIBLE,FEASIBLE,null,0.124780000,0.149060000,9,9,12,27,False
300556,6,4,"[1,1,1,2,2,2]","[2,3,3,1]","[[0,2],[0,1,2,3],[1],[0,1,2,3],[0,1,2,3],[0,1,2]]",FEASIBLE,FEASIBLE,null,0.233057000,0.063727000,9,9,12,28,False
300557,2,5,"[1,1]","[3,3,1,3,3]","[[2],[2]]",UNSAT,UNSAT,"[0,1]",0.012871000,0.040211000,1,2,9,9,False
300558,6,2,"[2,1,2,1,1,1]","[1,2]","[[0,1],[1],[0,1],[0],[0],[1]]",UNSAT,UNSAT,"[0,2]",0.016331000,0.042716000,3,8,10,16,False
300559,6,4,"[1,3,1,1,2,2]","[3,2,3,3]","[[0],[0,1,2,3],[0,1,2,3],[1],[0,1,2,3],[0,2,3]]",FEASIBLE,FEASIBLE,null,0.215179000,0.049356000,10,10,12,27,False
300560,4,4,"[3,2,1,2]","[2,2,1,1]","[[0,1,2],[1,2,3],[0],[1,2,3]]",UNSAT,UNSAT,"[0,1,3]",0.040356000,0.047849000,6,8,10,18,False
300561,1,1,[1],[3],[[0]],FEASIBLE,FEASIBLE,null,0.003052000,0.010582000,1,1,4,3,False
300562,3,3,"[1,2,2]","[3,1,2]","[[2],[1,2],[0,1]]",UNSAT,UNSAT,"[1,2]",0.017039000,0.032989000,4,5,8,11,False
300563,4,6,"[2,3,3,3]","[1,3,2,1,1,1]","[[0,1,2,4,5],[1,2,3,5],[0,2,3,4,5],[0,1,2,3,4,5]]",UNSAT,UNSAT,"[1,2,3]",0.063905000,0.069854000,9,11,12,30,False
300564,1,6,[2],"[1,3,1,2,3,2]","[[0,1,2,3,4,5]]",FEASIBLE,FEASIBLE,null,0.006077000,0.019488000,2,2,9,13,False
300565,2,6,"[1,2]","[3,1,1,1,3,1]","[[4],[3,4]]",FEASIBLE,FEASIBLE,null,0.016410000,0.020356000,3,3,10,11,False
300566,5,4,"[2,1,3,2,1]","[3,2,1,3]","[[0,1,2,3],[0,2],[0,1,2,3],[2,3],[0]]",FEASIBLE,FEASIBLE,null,0.106614000,0.057350000,9,9,11,22,False
300567,4,4,"[2,2,2,1]","[3,3,3,3]","[[0,2],[0,2,3],[0,1,3],[0,1,2,3]]",FEASIBLE,FEASIBLE,null,0.051486000,0.037887000,7,7,10,20,False
300568,5,3,"[1,1,1,1,2]","[3,2,1]","[[0,1,2],[2],[2],[0,1,2],[1,2]]",UNSAT,UNSAT,"[1,2]",0.026425000,0.139184000,4,6,10,18,False
300569,6,5,"[2,1,3,1,2,1]","[1,1,1,1,2]","[[0,1,2,3,4],[2],[0,1,2,4],[0,1,3,4],[0,1,2,3,4],[0,3]]",UNSAT,UNSAT,"[0,2,4]",0.120142000,0.071366000,6,10,13,32,False
300570,5,5,"[3,1,1,2,1]","[1,1,2,2,1]","[[0,1,2,3,4],[0,2,3],[0,2],[0,1,2,3,4],[1,2,3,4]]",UNSAT,UNSAT,"[0,1,2,3,4]",0.130180000,0.065974000,7,8,12,29,False
300571,3,6,"[3,1,1]","[1,1,3,3,3,2]","[[1,3,5],[4],[1]]",UNSAT,UNSAT,"[0,2]",0.023526000,0.035179000,4,5,11,14,False
300572,3,5,"[1,1,1]","[3,3,1,1,1]","[[3],[0,1,2,3,4],[1,3,4]]",FEASIBLE,FEASIBLE,null,0.029261000,0.025191000,3,3,10,17,False
300573,5,6,"[1,1,3,2,1]","[2,1,3,3,2,2]","[[0],[4],[0,1,2,3,4,5],[0,5],[1,2,5]]",FEASIBLE,FEASIBLE,null,0.149572000,0.053538000,8,8,13,24,False
300574,4,6,"[2,2,2,1]","[1,2,1,2,3,3]","[[4,5],[0,1,2,3],[3,4,5],[0,1,4]]",FEASIBLE,FEASIBLE,null,0.072767000,0.038068000,7,7,12,22,False
300575,2,6,"[2,3]","[3,3,2,3,1,2]","[[2,5],[0,1,3,4]]",FEASIBLE,FEASIBLE,null,0.015201000,0.027012000,5,5,10,14,False
300576,5,4,"[1,1,2,1,1]","[2,2,1,1]","[[0],[0,1,3],[0,1],[0],[0]]",UNSAT,UNSAT,"[0,2,3]",0.061967000,0.053910000,4,6,11,17,False
300577,2,6,"[1,3]","[3,1,3,2,2,3]","[[0,2,4,5],[1,3,4,5]]",FEASIBLE,FEASIBLE,null,0.015305000,0.026213000,4,4,10,16,False
300578,4,6,"[1,1,1,1]","[3,3,3,3,2,1]","[[2],[2,5],[1,2,3,4,5],[2,3]]",FEASIBLE,FEASIBLE,null,0.070196000,0.029142000,4,4,12,20,False
300579,2,5,"[3,2]","[2,3,3,1,1]","[[0,1,3,4],[1,2]]",FEASIBLE,FEASIBLE,null,0.013190000,0.026134000,5,5,9,13,False
300580,3,2,"[1,1,1]","[3,3]","[[1],[1],[1]]",FEASIBLE,FEASIBLE,null,0.015697000,0.106790000,3,3,7,8,False
300581,2,6,"[1,1]","[2,1,2,1,2,1]","[[1,5],[0,1,2,5]]",FEASIBLE,FEASIBLE,null,0.015190000,0.021094000,2,2,10,14,False
300582,5,1,"[1,1,1,1,1]",[2],"[[0],[0],[0],[0],[0]]",UNSAT,UNSAT,"[0,1,2]",0.022812000,0.035131000,2,5,8,11,False
300583,6,3,"[2,1,1,1,2,1]","[3,2,3]","[[0,1],[0,1,2],[0,1],[1,2],[0,1],[0,1,2]]",FEASIBLE,FEASIBLE,null,0.195171000,0.064104000,8,8,11,23,False
300584,2,2,"[1,1]","[1,2]","[[0,1],[0,1]]",FEASIBLE,FEASIBLE,null,0.008335000,0.018879000,2,2,6,8,False
300585,1,3,[2],"[2,3,3]","[[1,2]]",FEASIBLE,FEASIBLE,null,0.004306000,0.015270000,2,2,6,6,False
300586,1,2,[1],"[1,1]",[[0]],FEASIBLE,FEASIBLE,null,0.003542000,0.011317000,1,1,5,4,False
300587,2,5,"[1,1]","[3,2,3,3,1]","[[3],[0,1,2,3,4]]",FEASIBLE,FEASIBLE,null,0.013138000,0.020134000,2,2,9,13,False
300588,2,4,"[2,1]","[1,3,1,2]","[[0,2],[0]]",UNSAT,UNSAT,"[0,1]",0.011535000,0.028756000,2,3,8,9,False
300589,1,4,[2],"[1,2,3,2]","[[1,2]]",FEASIBLE,FEASIBLE,null,0.005047000,0.015532000,2,2,7,7,False
300590,4,5,"[2,1,1,1]","[2,1,2,3,3]","[[2,3,4],[4],[2],[1,3,4]]",FEASIBLE,FEASIBLE,null,0.073954000,0.031918000,5,5,11,17,False
300591,2,5,"[2,1]","[3,1,2,2,2]","[[0,1,4],[0,1,3]]",FEASIBLE,FEASIBLE,null,0.013430000,0.022176000,3,3,9,13,False
300592,2,6,"[2,2]","[3,1,3,3,2,2]","[[2,4],[0,1,2,3,4]]",FEASIBLE,FEASIBLE,null,0.015146000,0.025912000,4,4,10,15,False
300593,6,4,"[1,1,3,3,3,3]","[1,1,1,2]","[[0,3],[3],[0,1,2,3],[1,2,3],[0,1,2,3],[0,1,2]]",UNSAT,UNSAT,"[2,3]",0.054310000,0.068018000,5,14,12,27,False
300594,5,4,"[2,1,1,1,1]","[2,1,1,3]","[[0,1,2,3],[3],[3],[1],[0]]",FEASIBLE,FEASIBLE,null,0.105597000,0.042041000,6,6,11,17,False
300595,2,2,"[2,1]","[1,3]","[[0,1],[0]]",UNSAT,UNSAT,"[0,1]",0.007907000,0.027497000,2,3,6,7,False
300596,1,1,[1],[3],[[0]],FEASIBLE,FEASIBLE,null,0.003119000,0.011115000,1,1,4,3,False
300597,6,5,"[1,1,2,1,3,3]","[1,1,2,1,2]","[[2,3],[1,3],[0,2],[0,1,2,3,4],[0,1,2,3,4],[0,1,2,3,4]]",UNSAT,UNSAT,"[2,4,5]",0.161703000,0.185964000,7,11,13,32,False
300598,3,2,"[2,1,1]","[3,1]","[[0,1],[1],[0]]",UNSAT,UNSAT,"[0,1]",0.010161000,0.030186000,3,4,7,9,False
300599,3,6,"[2,3,3]","[1,2,3,2,3,3]","[[2,4],[1,4,5],[0,1,2,3,5]]",FEASIBLE,FEASIBLE,null,0.033752000,0.036673000,8,8,11,19,False
300600,1,5,[2],"[3,3,2,2,1]","[[0,3]]",FEASIBLE,FEASIBLE,null,0.007420000,0.019227000,2,2,8,8,False
300601,1,4,[1],"[1,2,3,1]",[[1]],FEASIBLE,FEASIBLE,null,0.004786000,0.012012000,1,1,7,6,False
300602,5,2,"[2,2,1,1,2]","[2,2]","[[0,1],[0,1],[1],[0,1],[0,1]]",UNSAT,UNSAT,"[0,1,2]",0.030157000,0.049398000,4,8,9,16,False
300603,1,5,[1],"[2,2,1,2,3]","[[1,2,3,4]]",FEASIBLE,FEASIBLE,null,0.008040000,0.016862000,1,1,8,10,False
300604,4,6,"[3,2,1,3]","[1,1,2,3,1,2]","[[1,2,4,5],[2,4],[1],[0,1,3,4,5]]",UNSAT,UNSAT,"[0,1,2]",0.047246000,0.064396000,8,9,12,22,False
300605,5,3,"[1,1,1,1,1]","[2,3,2]","[[2],[2],[0,1],[2],[2]]",UNSAT,UNSAT,"[0,1,3]",0.041441000,0.034637000,3,5,10,14,False
300606,1,6,[1],"[2,2,3,2,1,3]","[[0,4]]",FEASIBLE,FEASIBLE,null,0.005671000,0.013461000,1,1,9,9,False
300607,5,5,"[1,2,1,1,3]","[1,3,1,3,2]","[[0],[0,1,2,3,4],[4],[1,2,3,4],[0,1,3]]",UNSAT,UNSAT,"[0,4]",0.032186000,0.052458000,7,8,12,24,False
300608,5,1,"[1,1,1,1,1]",[1],"[[0],[0],[0],[0],[0]]",UNSAT,UNSAT,"[0,1]",0.008624000,0.031019000,1,5,8,11,False
300609,4,1,"[1,1,1,1]",[2],"[[0],[0],[0],[0]]",UNSAT,UNSAT,"[0,1,2]",0.014782000,0.034803000,2,4,7,9,False
300610,3,6,"[1,2,2]","[2,3,2,3,3,1]","[[4],[0,1,4],[2,4]]",FEASIBLE,FEASIBLE,null,0.030675000,0.039401000,5,5,11,15,False
300611,6,3,"[1,2,2,1,2,3]","[1,2,3]","[[1],[0,2],[1,2],[1],[0,2],[0,1,2]]",UNSAT,UNSAT,"[1,4]",0.038950000,0.139135000,6,11,11,20,False
300612,5,5,"[1,2,1,2,2]","[1,3,1,3,1]","[[1],[0,2,3,4],[4],[0,1,2,3,4],[0,1,2,3,4]]",FEASIBLE,FEASIBLE,null,0.122730000,0.042666000,8,8,12,26,False
300613,1,5,[1],"[2,1,1,3,1]","[[0,1,2,3,4]]",FEASIBLE,FEASIBLE,null,0.005132000,0.015209000,1,1,8,11,False
300614,1,3,[1],"[3,3,3]",[[2]],FEASIBLE,FEASIBLE,null,0.003826000,0.010981000,1,1,6,5,False
300615,3,3,"[1,1,1]","[2,3,3]","[[0,2],[0,1,2],[0,2]]",FEASIBLE,FEASIBLE,null,0.035306000,0.023081000,3,3,8,13,False
300616,5,4,"[2,1,2,2,1]","[1,2,3,3]","[[0,1,2,3],[1,2,3],[1,2,3],[0,2],[3]]",FEASIBLE,FEASIBLE,null,0.098657000,0.051016000,8,8,11,22,False
300617,5,3,"[1,3,2,2,1]","[1,1,3]","[[2],[0,1,2],[1,2],[0,1,2],[1]]",UNSAT,UNSAT,"[1,2]",0.024904000,0.045812000,5,9,10,18,False
300618,2,6,"[1,2]","[2,3,3,1,1,3]","[[0],[1,2,5]]",FEASIBLE,FEASIBLE,null,0.014087000,0.019757000,3,3,10,12,False
300619,1,1,[1],[2],[[0]],FEASIBLE,FEASIBLE,null,0.002804000,0.009694000,1,1,4,3,False
300620,5,1,"[1,1,1,1,1]",[3],"[[0],[0],[0],[0],[0]]",UNSAT,UNSAT,"[0,1,2,3]",0.033123000,0.031996000,3,5,8,11,False
300621,4,5,"[3,2,1,1]","[2,3,3,3,1]","[[1,2,3,4],[2,3],[3],[0,1,3,4]]",FEASIBLE,FEASIBLE,null,0.057801000,0.033167000,7,7,11,20,False
300622,2,6,"[2,3]","[1,2,3,1,2,2]","[[0,1,4],[0,1,2,3,4,5]]",FEASIBLE,FEASIBLE,null,0.014132000,0.044584000,5,5,10,17,False
300623,4,1,"[1,1,1,1]",[1],"[[0],[0],[0],[0]]",UNSAT,UNSAT,"[0,1]",0.007856000,0.027036000,1,4,7,9,False
300624,3,3,"[1,1,1]","[3,3,2]","[[0,2],[0,1],[0,1,2]]",FEASIBLE,FEASIBLE,null,0.018702000,0.020205000,3,3,8,13,False
300625,4,1,"[1,1,1,1]",[2],"[[0],[0],[0],[0]]",UNSAT,UNSAT,"[0,1,2]",0.015885000,0.027827000,2,4,7,9,False
300626,6,1,"[1,1,1,1,1,1]",[1],"[[0],[0],[0],[0],[0],[0]]",UNSAT,UNSAT,"[0,1]",0.010036000,0.035551000,1,6,9,13,False
300627,6,2,"[1,1,1,1,1,1]","[3,2]","[[0,1],[0,1],[0],[1],[1],[0]]",UNSAT,UNSAT,"[0,1,2,3,4,5]",0.124460000,0.122072000,5,6,10,16,False
300628,4,4,"[3,3,1,1]","[1,3,3,2]","[[1,2,3],[1,2,3],[0],[0,1,2,3]]",FEASIBLE,FEASIBLE,null,0.048112000,0.034802000,8,8,10,19,False
300629,1,4,[2],"[1,1,3,2]","[[2,3]]",FEASIBLE,FEASIBLE,null,0.004500000,0.014579000,2,2,7,7,False
300630,4,4,"[1,2,1,1]","[1,1,3,3]","[[2],[0,2,3],[0],[3]]",FEASIBLE,FEASIBLE,null,0.047426000,0.033878000,5,5,10,14,False
300631,3,2,"[1,1,1]","[3,1]","[[0,1],[0,1],[0,1]]",FEASIBLE,FEASIBLE,null,0.014508000,0.019285000,3,3,7,11,False
300632,6,1,"[1,1,1,1,1,1]",[3],"[[0],[0],[0],[0],[0],[0]]",UNSAT,UNSAT,"[0,1,2,3]",0.051500000,0.035639000,3,6,9,13,False
300633,2,6,"[1,3]","[1,1,3,2,1,1]","[[4],[0,1,3,4,5]]",FEASIBLE,FEASIBLE,null,0.014686000,0.023673000,4,4,10,14,False
300634,1,4,[1],"[1,3,2,1]","[[0,1,2]]",FEASIBLE,FEASIBLE,null,0.004590000,0.012941000,1,1,7,8,False
300635,6,5,"[2,3,2,1,2,1]","[2,2,1,1,1]","[[0,1,2,3,4],[1,2,3,4],[3,4],[2],[0,2,4],[2]]",UNSAT,UNSAT,"[1,2]",0.044079000,0.057318000,7,11,13,27,False
300636,3,6,"[1,2,1]","[2,1,3,1,1,2]","[[0,2,3,4,5],[0,1,2,3,4,5],[0,1,2,4]]",FEASIBLE,FEASIBLE,null,0.031292000,0.030710000,4,4,11,24,False
300637,1,4,[1],"[1,1,2,3]",[[0]],FEASIBLE,FEASIBLE,null,0.004432000,0.011293000,1,1,7,6,False
300638,1,5,[1],"[3,1,2,1,1]","[[0,1,4]]",FEASIBLE,FEASIBLE,null,0.005016000,0.013141000,1,1,8,9,False
300639,2,1,"[1,1]",[3],"[[0],[0]]",FEASIBLE,FEASIBLE,null,0.005639000,0.013646000,2,2,5,5,False
300640,5,3,"[1,1,1,1,1]","[3,2,1]","[[0],[2],[0,1,2],[0],[1]]",FEASIBLE,FEASIBLE,null,0.080067000,0.026900000,5,5,10,15,False
300641,1,2,[1],"[1,2]",[[1]],FEASIBLE,FEASIBLE,null,0.003480000,0.010787000,1,1,5,4,False
300642,4,3,"[1,1,1,3]","[1,2,1]","[[0],[0],[0,1],[0,1,2]]",UNSAT,UNSAT,"[0,1]",0.013337000,0.037092000,4,6,9,14,False
300643,3,5,"[3,1,1]","[1,1,1,3,3]","[[0,1,2,3,4],[4],[2]]",FEASIBLE,FEASIBLE,null,0.027086000,0.113465000,5,5,10,15,False
300644,4,3,"[1,1,1,1]","[3,2,1]","[[0,2],[1,2],[0],[2]]",FEASIBLE,FEASIBLE,null,0.038464000,0.023318000,4,4,9,13,False
300645,3,3,"[2,1,1]","[2,1,2]","[[0,2],[0],[0,1]]",FEASIBLE,FEASIBLE,null,0.019241000,0.022083000,4,4,8,11,False
300646,6,6,"[2,1,3,1,3,1]","[1,3,2,1,2,3]","[[0,1,3,4,5],[0,1],[0,1,4],[5],[0,1,2,3,4,5],[1]]",FEASIBLE,FEASIBLE,null,0.311684000,0.084938000,11,11,14,30,False
300647,3,6,"[1,3,2]","[1,2,2,2,3,2]","[[0,1,2],[1,4,5],[1,3]]",FEASIBLE,FEASIBLE,null,0.031406000,0.029151000,6,6,11,17,False
300648,4,2,"[1,1,2,2]","[3,1]","[[0,1],[1],[0,1],[0,1]]",UNSAT,UNSAT,"[1,2]",0.015674000,0.034377000,4,6,8,13,False
300649,1,4,[1],"[2,3,2,1]","[[0,1,3]]",FEASIBLE,FEASIBLE,null,0.004574000,0.013198000,1,1,7,8,False
300650,2,5,"[1,1]","[1,2,1,1,3]","[[4],[4]]",FEASIBLE,FEASIBLE,null,0.012290000,0.015871000,2,2,9,9,False
300651,3,1,"[1,1,1]",[1],"[[0],[0],[0]]",UNSAT,UNSAT,"[0,1]",0.006671000,0.037319000,1,3,6,7,False
300652,5,2,"[1,1,2,1,1]","[3,3]","[[0,1],[0,1],[0,1],[0],[0,1]]",FEASIBLE,FEASIBLE,null,0.060139000,0.039555000,6,6,9,16,False
300653,6,3,"[1,2,1,2,1,1]","[1,2,3]","[[0,1,2],[0,1,2],[0,1],[0,2],[0],[0,1,2]]",UNSAT,UNSAT,"[3,4]",0.045100000,0.052549000,6,8,11,23,False
300654,1,6,[1],"[2,1,1,1,2,1]",[[2]],FEASIBLE,FEASIBLE,null,0.005559000,0.013018000,1,1,9,8,False
300655,4,3,"[2,1,2,2]","[3,1,3]","[[0,1],[0],[0,1],[0,1]]",UNSAT,UNSAT,"[0,2]",0.015904000,0.037088000,4,7,9,14,False
300656,1,3,[1],"[3,3,1]",[[2]],FEASIBLE,FEASIBLE,null,0.004136000,0.011203000,1,1,6,5,False
300657,5,5,"[1,1,2,1,1]","[2,1,3,3,2]","[[0,2,3,4],[0,1,2],[0,1,3,4],[1,3],[0,2,4]]",FEASIBLE,FEASIBLE,null,0.150405000,0.040426000,6,6,12,26,False
300658,1,1,[1],[1],[[0]],FEASIBLE,FEASIBLE,null,0.002924000,0.012544000,1,1,4,3,False
300659,4,6,"[2,1,2,1]","[3,1,1,3,1,3]","[[1,4,5],[2,3,4,5],[1,4,5],[1,4]]",UNSAT,UNSAT,"[0,2,3]",0.058821000,0.141735000,5,6,12,22,False
300660,1,5,[2],"[2,1,3,3,1]","[[1,2,4]]",FEASIBLE,FEASIBLE,null,0.005215000,0.015596000,2,2,8,9,False
300661,6,2,"[1,1,1,1,2,1]","[1,3]","[[0],[0,1],[0,1],[0,1],[0,1],[0]]",UNSAT,UNSAT,"[0,4]",0.018833000,0.044471000,4,7,10,18,False
300662,2,6,"[1,1]","[2,2,1,3,3,1]","[[4],[0,1,2,5]]",FEASIBLE,FEASIBLE,null,0.014276000,0.018536000,2,2,10,13,False
300663,4,5,"[2,1,1,2]","[2,2,2,2,2]","[[1,3],[3],[1,2,4],[0,1,2,3,4]]",FEASIBLE,FEASIBLE,null,0.056779000,0.034667000,6,6,11,20,False
300664,1,3,[2],"[2,2,3]","[[0,2]]",FEASIBLE,FEASIBLE,null,0.004187000,0.013678000,2,2,6,6,False
300665,6,1,"[1,1,1,1,1,1]",[1],"[[0],[0],[0],[0],[0],[0]]",UNSAT,UNSAT,"[0,1]",0.009679000,0.041857000,1,6,9,13,False
300666,3,2,"[1,1,1]","[1,1]","[[0,1],[0,1],[0,1]]",UNSAT,UNSAT,"[0,1,2]",0.014733000,0.030129000,2,3,7,11,False
300667,6,4,"[2,3,1,2,3,2]","[3,3,2,1]","[[0,2],[0,1,2,3],[0],[0,1,3],[0,1,2,3],[0,1,2,3]]",UNSAT,UNSAT,"[0,1,2,4]",0.132362000,0.084658000,9,13,12,28,False
300668,2,4,"[2,1]","[1,1,3,1]","[[0,2,3],[0,1,2,3]]",FEASIBLE,FEASIBLE,null,0.010867000,0.021341000,3,3,8,13,False
300669,5,6,"[3,1,3,1,3]","[3,2,2,2,1,2]","[[0,1,2,3,5],[0,2,3,4],[0,1,2,3,4,5],[0,2,3,4,5],[0,2,4,5]]",FEASIBLE,FEASIBLE,null,0.138700000,0.070235000,11,11,13,35,False
300670,4,1,"[1,1,1,1]",[3],"[[0],[0],[0],[0]]",UNSAT,UNSAT,"[0,1,2,3]",0.021161000,0.028881000,3,4,7,9,False
300671,5,4,"[2,1,2,2,1]","[2,2,1,1]","[[0,1,2,3],[0,2],[0,2],[1,2],[1]]",UNSAT,UNSAT,"[2,3]",0.039680000,0.066152000,6,8,11,20,False
300672,3,5,"[1,2,2]","[3,1,2,2,3]","[[0,1,2,3,4],[1,3],[1,2,3]]",FEASIBLE,FEASIBLE,null,0.028192000,0.028804000,5,5,10,18,False
300673,5,3,"[1,3,1,1,1]","[2,3,2]","[[0],[0,1,2],[0],[1,2],[1]]",UNSAT,UNSAT,"[0,1,2]",0.039023000,0.038986000,6,7,10,16,False
300674,6,4,"[2,2,2,2,1,1]","[2,3,1,1]","[[0,1],[0,1,3],[0,3],[0,1,2,3],[3],[1]]",UNSAT,UNSAT,"[2,4]",0.050390000,0.053654000,7,10,12,23,False
300675,2,3,"[1,1]","[1,3,3]","[[1],[0]]",FEASIBLE,FEASIBLE,null,0.020037000,0.015141000,2,2,7,7,False
300676,2,6,"[3,3]","[3,3,3,1,1,1]","[[0,1,2,3,4,5],[0,2,4,5]]",FEASIBLE,FEASIBLE,null,0.014132000,0.029249000,6,6,10,18,False
300677,2,4,"[3,1]","[3,1,2,3]","[[0,1,3],[1,2,3]]",FEASIBLE,FEASIBLE,null,0.010854000,0.030444000,4,4,8,12,False
300678,6,4,"[2,1,1,2,2,1]","[1,3,2,3]","[[0,2,3],[0,1,2],[0,1,2,3],[0,1,2,3],[2,3],[0]]",FEASIBLE,FEASIBLE,null,0.205829000,0.068916000,9,9,12,27,False
300679,2,6,"[2,1]","[2,1,1,1,1,2]","[[0,2,3,4,5],[1,2]]",FEASIBLE,FEASIBLE,null,0.014210000,0.021447000,3,3,10,15,False
300680,6,2,"[1,2,1,1,1,1]","[1,2]","[[1],[0,1],[1],[1],[1],[1]]",UNSAT,UNSAT,"[0,1,2]",0.039723000,0.038441000,3,7,10,15,False
300681,6,2,"[1,2,2,1,2,2]","[2,3]","[[0,1],[0,1],[0,1],[0,1],[0,1],[0,1]]",UNSAT,UNSAT,"[1,2,4]",0.072652000,0.049070000,5,10,10,20,False
300682,3,2,"[2,2,2]","[2,2]","[[0,1],[0,1],[0,1]]",UNSAT,UNSAT,"[0,1,2]",0.014373000,0.033567000,4,6,7,11,False
300683,1,1,[1],[1],[[0]],FEASIBLE,FEASIBLE,null,0.002844000,0.010222000,1,1,4,3,False
300684,6,3,"[2,1,1,3,1,3]","[3,1,3]","[[0,1],[0,2],[2],[0,1,2],[0],[0,1,2]]",UNSAT,UNSAT,"[0,3]",0.022426000,0.051731000,7,11,11,21,False
300685,2,6,"[3,2]","[2,3,1,3,2,2]","[[0,4,5],[0,4,5]]",FEASIBLE,FEASIBLE,null,0.013965000,0.024662000,5,5,10,14,False
300686,5,1,"[1,1,1,1,1]",[1],"[[0],[0],[0],[0],[0]]",UNSAT,UNSAT,"[0,1]",0.008945000,0.030675000,1,5,8,11,False
300687,1,6,[1],"[2,1,2,3,1,2]","[[2,3,5]]",FEASIBLE,FEASIBLE,null,0.005824000,0.095677000,1,1,9,10,False
300688,6,1,"[1,1,1,1,1,1]",[1],"[[0],[0],[0],[0],[0],[0]]",UNSAT,UNSAT,"[0,1]",0.009780000,0.033991000,1,6,9,13,False
300689,6,4,"[1,2,2,2,1,2]","[1,1,1,1]","[[1],[0,1,2,3],[1,3],[2,3],[0,1,3],[0,1,2,3]]",UNSAT,UNSAT,"[0,2]",0.023987000,0.055561000,4,10,12,26,False
300690,1,4,[3],"[1,2,3,1]","[[1,2,3]]",FEASIBLE,FEASIBLE,null,0.004540000,0.016817000,3,3,7,8,False
300691,4,2,"[1,1,1,1]","[3,3]","[[0],[0],[0],[1]]",FEASIBLE,FEASIBLE,null,0.029064000,0.020866000,4,4,8,10,False
300692,5,5,"[1,1,1,3,2]","[1,2,3,1,1]","[[0],[1],[0,1,2,3,4],[0,1,2,3,4],[2,4]]",FEASIBLE,FEASIBLE,null,0.118840000,0.054072000,8,8,12,24,False
300693,1,3,[1],"[1,1,3]","[[0,1,2]]",FEASIBLE,FEASIBLE,null,0.003948000,0.012620000,1,1,6,7,False
300694,6,2,"[1,1,1,1,1,2]","[3,2]","[[1],[0],[0],[0],[0],[0,1]]",UNSAT,UNSAT,"[1,2,3,4]",0.097012000,0.039396000,5,7,10,15,False
300695,3,1,"[1,1,1]",[2],"[[0],[0],[0]]",UNSAT,UNSAT,"[0,1,2]",0.010462000,0.024895000,2,3,6,7,False
300696,6,6,"[1,3,1,2,1,2]","[3,3,2,3,3,3]","[[0,1,2,3,4,5],[0,1,2,3,4,5],[3],[0,2,3,4,5],[2],[0,2,3,4,5]]",FEASIBLE,FEASIBLE,null,0.290017000,0.068343000,10,10,14,36,False
300697,3,1,"[1,1,1]",[3],"[[0],[0],[0]]",FEASIBLE,FEASIBLE,null,0.012211000,0.017852000,3,3,6,7,False
300698,6,1,"[1,1,1,1,1,1]",[3],"[[0],[0],[0],[0],[0],[0]]",UNSAT,UNSAT,"[0,1,2,3]",0.053809000,0.036375000,3,6,9,13,False
300699,3,2,"[1,1,1]","[2,1]","[[0,1],[0,1],[0,1]]",FEASIBLE,FEASIBLE,null,0.014851000,0.020485000,3,3,7,11,False
300700,4,2,"[1,2,2,1]","[2,2]","[[1],[0,1],[0,1],[1]]",UNSAT,UNSAT,"[0,1,2]",0.025000000,0.047922000,4,6,8,12,False
300701,1,2,[1],"[3,1]",[[0]],FEASIBLE,FEASIBLE,null,0.003964000,0.011670000,1,1,5,4,False
300702,1,5,[3],"[2,3,3,3,1]","[[0,1,2]]",FEASIBLE,FEASIBLE,null,0.005308000,0.019302000,3,3,8,9,False
300703,4,3,"[2,1,2,1]","[3,1,2]","[[0,1,2],[0,1,2],[0,2],[2]]",FEASIBLE,FEASIBLE,null,0.039996000,0.126203000,6,6,9,16,False
300704,2,1,"[1,1]",[3],"[[0],[0]]",FEASIBLE,FEASIBLE,null,0.006136000,0.014108000,2,2,5,5,False
300705,5,6,"[2,1,2,1,1]","[2,2,3,3,3,2]","[[0,1,2,3,4,5],[3,4,5],[0,1,2,3,4,5],[2,5],[0,1,2,3,4]]",FEASIBLE,FEASIBLE,null,0.144378000,0.044097000,7,7,13,33,False
300706,6,3,"[1,1,2,2,1,3]","[3,2,2]","[[0,1,2],[0],[0,1,2],[1,2],[1,2],[0,1,2]]",UNSAT,UNSAT,"[2,3,5]",0.098657000,0.055866000,7,10,11,23,False
300707,1,2,[1],"[1,3]",[[1]],FEASIBLE,FEASIBLE,null,0.003663000,0.011246000,1,1,5,4,False
300708,4,5,"[1,1,1,2]","[3,1,1,3,3]","[[2],[2,3,4],[0,2,3,4],[0,1,2,3,4]]",FEASIBLE,FEASIBLE,null,0.058405000,0.032790000,5,5,11,22,False
300709,2,1,"[1,1]",[1],"[[0],[0]]",UNSAT,UNSAT,"[0,1]",0.005811000,0.021298000,1,2,5,5,False
300710,6,2,"[1,2,1,2,1,1]","[3,3]","[[0],[0,1],[0,1],[0,1],[0,1],[1]]",UNSAT,UNSAT,"[0,1,2,3,4]",0.110458000,0.047614000,6,8,10,18,False
300711,3,1,"[1,1,1]",[1],"[[0],[0],[0]]",UNSAT,UNSAT,"[0,1]",0.007087000,0.024881000,1,3,6,7,False
300712,6,6,"[1,1,1,2,1,1]","[2,3,3,3,2,1]","[[0,1,2,3,4,5],[1,5],[0],[0,1,2,4,5],[1,2,5],[0,1,2,4]]",FEASIBLE,FEASIBLE,null,0.365327000,0.049944000,7,7,14,33,False
300713,5,6,"[3,3,2,1,1]","[2,3,1,2,2,1]","[[0,1,2,3,4,5],[1,2,5],[0,2,3],[0,2],[0,1,2,3,4,5]]",FEASIBLE,FEASIBLE,null,0.145158000,0.063366000,10,10,13,31,False
300714,1,1,[1],[1],[[0]],FEASIBLE,FEASIBLE,null,0.003151000,0.010746000,1,1,4,3,False
300715,5,3,"[2,3,2,3,2]","[1,2,1]","[[0,2],[0,1,2],[0,1,2],[0,1,2],[1,2]]",UNSAT,UNSAT,"[0,1]",0.015831000,0.056866000,4,12,10,21,False
300716,5,6,"[1,2,1,3,1]","[2,2,2,3,3,2]","[[2],[0,2,3,4],[4],[0,2,5],[3]]",FEASIBLE,FEASIBLE,null,0.143799000,0.134591000,8,8,13,21,False
300717,4,1,"[1,1,1,1]",[3],"[[0],[0],[0],[0]]",UNSAT,UNSAT,"[0,1,2,3]",0.021645000,0.030135000,3,4,7,9,False
300718,5,2,"[1,2,2,1,1]","[3,1]","[[0],[0,1],[0,1],[0,1],[1]]",UNSAT,UNSAT,"[1,2]",0.019903000,0.041034000,4,7,9,15,False
300719,6,3,"[2,1,3,2,1,2]","[1,3,3]","[[1,2],[0,1,2],[0,1,2],[0,1,2],[0,2],[0,1]]",UNSAT,UNSAT,"[2,5]",0.044245000,0.061064000,7,11,11,24,False
300720,2,6,"[1,1]","[2,1,3,3,3,2]","[[1],[0,4]]",FEASIBLE,FEASIBLE,null,0.014358000,0.017900000,2,2,10,11,False
300721,3,4,"[1,2,1]","[2,2,3,3]","[[0,1,2,3],[0,1],[0,1,2,3]]",FEASIBLE,FEASIBLE,null,0.023384000,0.026546000,4,4,9,17,False
300722,6,1,"[1,1,1,1,1,1]",[2],"[[0],[0],[0],[0],[0],[0]]",UNSAT,UNSAT,"[0,1,2]",0.028054000,0.035783000,2,6,9,13,False
300723,4,1,"[1,1,1,1]",[1],"[[0],[0],[0],[0]]",UNSAT,UNSAT,"[0,1]",0.007864000,0.027981000,1,4,7,9,False
300724,2,2,"[1,1]","[3,3]","[[0],[0,1]]",FEASIBLE,FEASIBLE,null,0.007818000,0.015366000,2,2,6,7,False
300725,2,5,"[3,2]","[2,2,3,2,1]","[[1,2,4],[1,2,3,4]]",FEASIBLE,FEASIBLE,null,0.013292000,0.026153000,5,5,9,14,False
300726,2,3,"[1,2]","[1,2,3]","[[0],[0,1]]",UNSAT,UNSAT,"[0,1]",0.009251000,0.025371000,2,3,7,8,False
300727,1,1,[1],[3],[[0]],FEASIBLE,FEASIBLE,null,0.003014000,0.010432000,1,1,4,3,False
300728,5,6,"[3,2,2,3,1]","[1,3,2,2,1,2]","[[0,1,3,4],[1,2,3,4],[0,1,3,4,5],[0,1,2,3,4,5],[2]]",FEASIBLE,FEASIBLE,null,0.145379000,0.067083000,11,11,13,31,False
300729,4,3,"[2,2,3,1]","[1,2,3]","[[0,1],[0,1,2],[0,1,2],[2]]",UNSAT,UNSAT,"[0,2]",0.016103000,0.042184000,6,8,9,16,False
300730,4,5,"[3,3,1,2]","[2,2,2,3,2]","[[0,1,2,3,4],[1,2,3],[2,3,4],[0,2,3,4]]",FEASIBLE,FEASIBLE,null,0.059260000,0.044855000,9,9,11,24,False
300731,6,1,"[1,1,1,1,1,1]",[3],"[[0],[0],[0],[0],[0],[0]]",UNSAT,UNSAT,"[0,1,2,3]",0.054412000,0.121142000,3,6,9,13,False
300732,6,4,"[1,1,2,1,1,3]","[1,1,1,3]","[[1],[0,1,2],[0,1,2],[1,3],[0,1,2,3],[1,2,3]]",UNSAT,UNSAT,"[0,5]",0.034497000,0.056422000,6,9,12,26,False
300733,2,2,"[1,1]","[3,2]","[[0,1],[0]]",FEASIBLE,FEASIBLE,null,0.007938000,0.015479000,2,2,6,7,False
300734,5,3,"[1,2,2,1,1]","[1,3,3]","[[2],[0,1,2],[0,2],[1,2],[1]]",FEASIBLE,FEASIBLE,null,0.082671000,0.057497000,7,7,10,17,False
300735,1,5,[3],"[1,1,3,1,1]","[[0,1,4]]",FEASIBLE,FEASIBLE,null,0.005429000,0.018387000,3,3,8,9,False
300736,2,3,"[2,1]","[3,3,2]","[[0,1,2],[1]]",FEASIBLE,FEASIBLE,null,0.009221000,0.018527000,3,3,7,9,False
300737,5,2,"[1,1,1,1,1]","[2,3]","[[1],[0],[0],[1],[0]]",UNSAT,UNSAT,"[1,2,4]",0.043915000,0.034191000,4,5,9,12,False
300738,4,3,"[3,3,2,1]","[2,2,1]","[[0,1,2],[0,1,2],[0,1,2],[2]]",UNSAT,UNSAT,"[0,1]",0.013773000,0.045187000,5,9,9,17,False
300739,2,5,"[1,2]","[1,1,1,2,1]","[[0,1,2,3,4],[2,3,4]]",FEASIBLE,FEASIBLE,null,0.012807000,0.022350000,3,3,9,15,False
300740,2,6,"[2,1]","[1,1,3,2,1,2]","[[0,1,2,3,4,5],[5]]",FEASIBLE,FEASIBLE,null,0.014272000,0.022452000,3,3,10,15,False
300741,6,4,"[2,3,2,3,1,2]","[2,1,3,3]","[[1,3],[0,1,2,3],[1,2],[0,2,3],[0,1,3],[2,3]]",UNSAT,UNSAT,"[0,2]",0.025054000,0.063506000,9,13,12,26,False
300742,3,6,"[2,3,3]","[1,2,2,1,2,3]","[[0,1,2,3,4,5],[2,4,5],[0,1,2,3,4,5]]",FEASIBLE,FEASIBLE,null,0.032672000,0.039656000,8,8,11,24,False
300743,1,6,[1],"[1,3,1,2,3,1]","[[0,1,2]]",FEASIBLE,FEASIBLE,null,0.005925000,0.014476000,1,1,9,10,False
300744,6,1,"[1,1,1,1,1,1]",[3],"[[0],[0],[0],[0],[0],[0]]",UNSAT,UNSAT,"[0,1,2,3]",0.054068000,0.037514000,3,6,9,13,False
300745,2,4,"[2,1]","[1,2,3,1]","[[0,1,3],[1,2]]",FEASIBLE,FEASIBLE,null,0.011145000,0.021414000,3,3,8,11,False
300746,4,2,"[1,2,1,2]","[1,2]","[[0,1],[0,1],[0,1],[0,1]]",UNSAT,UNSAT,"[1,3]",0.018866000,0.134630000,3,6,8,14,False
300747,3,2,"[1,1,2]","[1,2]","[[0],[0,1],[0,1]]",UNSAT,UNSAT,"[0,2]",0.011530000,0.030759000,3,4,7,10,False
300748,5,6,"[1,1,3,1,2]","[1,1,2,2,2,2]","[[0,1,2,4,5],[0,2,5],[0,1,2,3,4,5],[0,3],[0,1,4]]",FEASIBLE,FEASIBLE,null,0.146063000,0.060557000,8,8,13,30,False
300749,5,1,"[1,1,1,1,1]",[2],"[[0],[0],[0],[0],[0]]",UNSAT,UNSAT,"[0,1,2]",0.021677000,0.033202000,2,5,8,11,False
300750,3,3,"[2,2,1]","[2,1,2]","[[1,2],[0,1,2],[1,2]]",UNSAT,UNSAT,"[0,1,2]",0.019881000,0.036750000,4,5,8,13,False
300751,1,2,[2],"[1,1]","[[0,1]]",FEASIBLE,FEASIBLE,null,0.003576000,0.014122000,2,2,5,5,False
300752,5,1,"[1,1,1,1,1]",[2],"[[0],[0],[0],[0],[0]]",UNSAT,UNSAT,"[0,1,2]",0.021648000,0.033019000,2,5,8,11,False
300753,6,2,"[1,1,1,1,1,2]","[3,2]","[[0],[1],[0,1],[0],[0],[0,1]]",UNSAT,UNSAT,"[0,3,4,5]",0.102072000,0.044173000,5,7,10,16,False
300754,3,3,"[1,1,2]","[1,2,2]","[[1],[1],[0,2]]",FEASIBLE,FEASIBLE,null,0.020293000,0.022147000,4,4,8,10,False
300755,6,2,"[1,1,1,1,1,2]","[1,1]","[[1],[1],[0,1],[0],[0],[0,1]]",UNSAT,UNSAT,"[0,1]",0.014313000,0.040428000,2,7,10,16,False
300756,5,3,"[3,1,2,1,1]","[3,1,3]","[[0,1,2],[1],[0,2],[0,2],[0,2]]",UNSAT,UNSAT,"[0,1]",0.016131000,0.045300000,7,8,10,18,False
300757,3,4,"[2,2,2]","[3,3,3,2]","[[0,1,2,3],[2,3],[0,1,2]]",FEASIBLE,FEASIBLE,null,0.025184000,0.029942000,6,6,9,16,False
300758,5,3,"[3,2,1,2,3]","[3,3,3]","[[0,1,2],[0,1,2],[2],[0,1,2],[0,1,2]]",UNSAT,UNSAT,"[0,1,3,4]",0.087086000,0.058460000,9,11,10,21,False
300759,3,1,"[1,1,1]",[1],"[[0],[0],[0]]",UNSAT,UNSAT,"[0,1]",0.007377000,0.030280000,1,3,6,7,False
300760,1,6,[3],"[2,2,1,3,3,3]","[[0,1,2,3,4]]",FEASIBLE,FEASIBLE,null,0.006092000,0.020515000,3,3,9,12,False
300761,4,3,"[1,3,1,1]","[3,1,3]","[[0],[0,1,2],[0,1],[0,1,2]]",FEASIBLE,FEASIBLE,null,0.040893000,0.114363000,6,6,9,16,False
300762,6,3,"[2,1,2,1,1,1]","[1,1,3]","[[0,2],[0,2],[0,2],[0,1,2],[1,2],[0,1]]",UNSAT,UNSAT,"[0,2]",0.020982000,0.054010000,5,8,11,22,False
300763,4,3,"[2,2,3,1]","[2,1,2]","[[1,2],[0,1,2],[0,1,2],[1,2]]",UNSAT,UNSAT,"[0,2]",0.016766000,0.045069000,5,8,9,17,False
300764,2,1,"[1,1]",[3],"[[0],[0]]",FEASIBLE,FEASIBLE,null,0.006054000,0.026257000,2,2,5,5,False
300765,1,5,[2],"[1,3,3,1,3]","[[0,2]]",FEASIBLE,FEASIBLE,null,0.005239000,0.015707000,2,2,8,8,False
300766,6,2,"[2,1,1,1,1,2]","[3,1]","[[0,1],[1],[0,1],[1],[0],[0,1]]",UNSAT,UNSAT,"[0,1]",0.014189000,0.044886000,4,8,10,17,False
300767,2,5,"[2,2]","[1,1,2,1,1]","[[0,1,2,3,4],[1,2,3,4]]",FEASIBLE,FEASIBLE,null,0.013558000,0.027072000,4,4,9,16,False
300768,1,3,[1],"[2,3,3]",[[0]],FEASIBLE,FEASIBLE,null,0.004185000,0.011984000,1,1,6,5,False
300769,3,5,"[3,1,1]","[1,1,2,1,2]","[[0,1,2,3,4],[2,3],[4]]",FEASIBLE,FEASIBLE,null,0.028757000,0.027533000,5,5,10,16,False
300770,6,6,"[3,2,2,1,2,1]","[3,2,3,2,3,1]","[[0,1,2,4],[1,3,5],[0,1,2,3,4,5],[1],[0,5],[3]]",FEASIBLE,FEASIBLE,null,0.322214000,0.064882000,11,11,14,29,False
300771,6,3,"[2,1,3,2,1,1]","[1,3,1]","[[0,1,2],[2],[0,1,2],[0,1,2],[1],[0]]",UNSAT,UNSAT,"[0,2]",0.020437000,0.053693000,5,10,11,21,False
300772,2,2,"[1,2]","[2,3]","[[1],[0,1]]",FEASIBLE,FEASIBLE,null,0.007736000,0.017929000,3,3,6,7,False
300773,5,3,"[2,1,1,1,1]","[2,3,3]","[[0,2],[2],[0],[1,2],[1,2]]",FEASIBLE,FEASIBLE,null,0.101059000,0.031497000,6,6,10,16,False
300774,4,5,"[2,3,1,1]","[2,2,1,3,2]","[[0,1,2,3,4],[1,2,4],[0,1,2,3,4],[0,1,3,4]]",FEASIBLE,FEASIBLE,null,0.060660000,0.045622000,7,7,11,26,False
300775,2,5,"[3,3]","[1,2,3,1,3]","[[0,1,2,4],[0,1,3,4]]",FEASIBLE,FEASIBLE,null,0.012918000,0.038729000,6,6,9,15,False
300776,1,5,[1],"[3,1,2,3,2]","[[1,4]]",FEASIBLE,FEASIBLE,null,0.005343000,0.121637000,1,1,8,8,False
300777,6,1,"[1,1,1,1,1,1]",[3],"[[0],[0],[0],[0],[0],[0]]",UNSAT,UNSAT,"[0,1,2,3]",0.054719000,0.037414000,3,6,9,13,False
300778,4,4,"[1,2,1,2]","[1,1,2,2]","[[3],[0,1,2,3],[2],[0,1,2,3]]",FEASIBLE,FEASIBLE,null,0.050658000,0.033233000,6,6,10,18,False
300779,2,4,"[1,1]","[2,2,2,1]","[[0],[2,3]]",FEASIBLE,FEASIBLE,null,0.011322000,0.016931000,2,2,8,9,False
300780,2,6,"[2,3]","[1,3,1,1,2,3]","[[3,4],[0,1,5]]",FEASIBLE,FEASIBLE,null,0.014749000,0.025848000,5,5,10,13,False
300781,1,2,[1],"[3,3]",[[0]],FEASIBLE,FEASIBLE,null,0.003604000,0.010926000,1,1,5,4,False
300782,5,6,"[2,3,1,3,1]","[1,1,3,2,1,1]","[[0,4],[0,1,2,3,4],[2],[1,2,3,4,5],[2,3,5]]",UNSAT,UNSAT,"[0,1,2,3,4]",0.147642000,0.064710000,9,10,13,27,False
300783,3,6,"[1,2,1]","[1,3,1,1,1,3]","[[0,1,2,3,4,5],[1,2,3,4,5],[0,1,2,3,4,5]]",FEASIBLE,FEASIBLE,null,0.033025000,0.032404000,4,4,11,26,False
300784,5,5,"[3,1,2,1,2]","[1,3,2,1,3]","[[0,1,2,3,4],[1,3,4],[0,1,4],[4],[2,3,4]]",FEASIBLE,FEASIBLE,null,0.125171000,0.043040000,9,9,12,25,False
300785,6,2,"[1,2,1,1,1,1]","[3,3]","[[0],[0,1],[1],[1],[1],[0]]",UNSAT,UNSAT,"[1,2,3,4]",0.105681000,0.042676000,6,7,10,15,False
300786,3,6,"[1,1,2]","[1,3,1,3,3,3]","[[4],[4],[0,1,5]]",FEASIBLE,FEASIBLE,null,0.032740000,0.025110000,4,4,11,14,False
300787,4,3,"[1,1,1,1]","[1,3,2]","[[0],[2],[1],[0,1,2]]",FEASIBLE,FEASIBLE,null,0.040840000,0.025816000,4,4,9,13,False
300788,1,1,[1],[3],[[0]],FEASIBLE,FEASIBLE,null,0.003442000,0.011520000,1,1,4,3,False
300789,1,3,[2],"[2,1,1]","[[0,1]]",FEASIBLE,FEASIBLE,null,0.004342000,0.014810000,2,2,6,6,False
300790,4,1,"[1,1,1,1]",[3],"[[0],[0],[0],[0]]",UNSAT,UNSAT,"[0,1,2,3]",0.022822000,0.030804000,3,4,7,9,False
300791,6,5,"[3,2,1,1,3,1]","[3,3,3,2,3]","[[0,1,3,4],[1,2,3,4],[0,2,3],[1,2,3,4],[2,3,4],[0,1,2,3,4]]",FEASIBLE,FEASIBLE,null,0.271092000,0.144275000,11,11,13,34,False
300792,1,2,[2],"[1,3]","[[0,1]]",FEASIBLE,FEASIBLE,null,0.003659000,0.014384000,2,2,5,5,False
300793,5,5,"[2,1,1,2,1]","[3,1,2,3,2]","[[0,1,2,3],[0,1,2,3,4],[2],[0,1],[1,3,4]]",FEASIBLE,FEASIBLE,null,0.128515000,0.051905000,7,7,12,25,False
300794,3,5,"[1,2,1]","[3,1,2,2,3]","[[3],[0,1,2,3,4],[2,4]]",FEASIBLE,FEASIBLE,null,0.028508000,0.026674000,4,4,10,16,False
300795,3,1,"[1,1,1]",[3],"[[0],[0],[0]]",FEASIBLE,FEASIBLE,null,0.011900000,0.018021000,3,3,6,7,False
300796,4,4,"[1,1,1,2]","[2,1,1,1]","[[3],[0,1,2,3],[2],[0,1,2,3]]",FEASIBLE,FEASIBLE,null,0.052436000,0.030337000,5,5,10,18,False
300797,3,5,"[1,2,3]","[3,2,3,2,3]","[[4],[0,1,2,3,4],[0,1,2,3]]",FEASIBLE,FEASIBLE,null,0.028955000,0.031772000,6,6,10,18,False
300798,2,3,"[2,1]","[1,1,3]","[[0,1],[0]]",UNSAT,UNSAT,"[0,1]",0.009864000,0.025916000,2,3,7,8,False
300799,4,5,"[1,1,1,1]","[1,1,2,3,2]","[[3],[0,1,3,4],[1],[1]]",UNSAT,UNSAT,"[2,3]",0.039403000,0.034928000,3,4,11,16,False
300800,3,3,"[2,1,3]","[3,2,2]","[[0,1,2],[1],[0,1,2]]",FEASIBLE,FEASIBLE,null,0.025891000,0.046212000,6,6,8,13,False
300801,5,3,"[1,1,1,3,1]","[1,2,3]","[[0,1],[0],[1,2],[0,1,2],[2]]",UNSAT,UNSAT,"[1,3]",0.030300000,0.061748000,6,7,10,17,False
300802,5,5,"[3,2,1,1,1]","[2,3,3,2,3]","[[0,1,2,3,4],[1,3,4],[0,1,2,3],[0,1,2,3,4],[2]]",FEASIBLE,FEASIBLE,null,0.129830000,0.045668000,8,8,12,28,False
300803,1,4,[3],"[1,1,3,3]","[[0,1,2,3]]",FEASIBLE,FEASIBLE,null,0.005127000,0.020203000,3,3,7,9,False
300804,3,4,"[2,1,2]","[2,2,3,3]","[[1,3],[0,1,2,3],[0,2,3]]",FEASIBLE,FEASIBLE,null,0.025202000,0.030055000,5,5,9,16,False
300805,4,3,"[3,1,2,1]","[1,1,1]","[[0,1,2],[0],[1,2],[0,2]]",UNSAT,UNSAT,"[0,1]",0.014516000,0.147685000,3,7,9,15,False
300806,2,1,"[1,1]",[1],"[[0],[0]]",UNSAT,UNSAT,"[0,1]",0.006357000,0.022334000,1,2,5,5,False
300807,6,5,"[3,3,3,1,1,2]","[1,1,3,3,2]","[[0,1,4],[0,1,3,4],[0,1,2,3,4],[0,1,2,4],[0,1,2,4],[0,3]]",UNSAT,UNSAT,"[0,1]",0.026788000,0.074871000,10,13,13,33,False
300808,2,5,"[1,2]","[1,3,2,1,3]","[[1,2,3,4],[1,2,3,4]]",FEASIBLE,FEASIBLE,null,0.013804000,0.023907000,3,3,9,15,False
300809,4,6,"[2,3,1,1]","[3,1,2,2,2,2]","[[1,2,3],[1,3,4,5],[0,5],[0,1,3,4,5]]",FEASIBLE,FEASIBLE,null,0.072296000,0.039764000,7,7,12,24,False
300810,5,3,"[1,2,1,3,2]","[2,2,1]","[[1],[0,1],[1],[0,1,2],[0,1,2]]",UNSAT,UNSAT,"[0,1,2]",0.042110000,0.049952000,5,9,10,18,False
300811,1,4,[1],"[1,1,1,2]",[[3]],FEASIBLE,FEASIBLE,null,0.005042000,0.012677000,1,1,7,6,False
300812,1,4,[3],"[2,3,1,1]","[[0,1,2]]",FEASIBLE,FEASIBLE,null,0.004891000,0.018016000,3,3,7,8,False
300813,2,1,"[1,1]",[2],"[[0],[0]]",FEASIBLE,FEASIBLE,null,0.007645000,0.015888000,2,2,5,5,False
300814,3,5,"[1,2,2]","[2,2,3,2,3]","[[0,1,2,3,4],[0,1,2,3,4],[1,3]]",FEASIBLE,FEASIBLE,null,0.031832000,0.031213000,5,5,10,20,False
300815,6,3,"[1,1,1,1,3,3]","[1,2,2]","[[0,1,2],[1],[0,2],[2],[0,1,2],[0,1,2]]",UNSAT,UNSAT,"[4,5]",0.055739000,0.054280000,5,10,11,22,False
300816,6,5,"[2,3,3,1,2,3]","[1,1,3,3,3]","[[0,4],[0,1,2,3,4],[0,1,2,3,4],[3],[1,3],[0,1,2,3,4]]",UNSAT,UNSAT,"[0,1,2,3,4]",0.250723000,0.077522000,11,14,13,31,False
300817,4,1,"[1,1,1,1]",[1],"[[0],[0],[0],[0]]",UNSAT,UNSAT,"[0,1]",0.008787000,0.029640000,1,4,7,9,False
300818,3,3,"[3,2,1]","[2,3,1]","[[0,1,2],[0,1],[0]]",UNSAT,UNSAT,"[0,1,2]",0.020661000,0.038220000,5,6,8,12,False
300819,1,4,[3],"[3,1,1,2]","[[0,1,3]]",FEASIBLE,FEASIBLE,null,0.004997000,0.018210000,3,3,7,8,False
300820,1,2,[1],"[1,1]",[[0]],FEASIBLE,FEASIBLE,null,0.003764000,0.099726000,1,1,5,4,False
300821,3,4,"[3,2,1]","[2,1,1,1]","[[0,1,2],[0,1,2],[3]]",UNSAT,UNSAT,"[0,1]",0.014796000,0.039410000,5,6,9,14,False
300822,5,1,"[1,1,1,1,1]",[3],"[[0],[0],[0],[0],[0]]",UNSAT,UNSAT,"[0,1,2,3]",0.036809000,0.035247000,3,5,8,11,False
300823,6,1,"[1,1,1,1,1,1]",[2],"[[0],[0],[0],[0],[0],[0]]",UNSAT,UNSAT,"[0,1,2]",0.029096000,0.038063000,2,6,9,13,False
300824,4,4,"[2,1,1,3]","[3,1,2,3]","[[0,1,2,3],[2],[0,1,2,3],[1,2,3]]",FEASIBLE,FEASIBLE,null,0.051652000,0.049001000,7,7,10,20,False
300825,3,5,"[2,1,2]","[3,3,2,2,3]","[[0,1,2,3],[0],[0,1,3]]",FEASIBLE,FEASIBLE,null,0.028728000,0.028294000,5,5,10,16,False
300826,2,4,"[1,3]","[3,3,2,3]","[[2],[0,1,2,3]]",FEASIBLE,FEASIBLE,null,0.011565000,0.023071000,4,4,8,11,False
300827,4,2,"[1,1,1,1]","[3,2]","[[1],[0],[0,1],[0,1]]",FEASIBLE,FEASIBLE,null,0.031936000,0.024039000,4,4,8,12,False
300828,2,6,"[2,3]","[2,1,1,3,1,2]","[[0,4],[0,2,3,4]]",FEASIBLE,FEASIBLE,null,0.015083000,0.026749000,5,5,10,14,False
300829,1,2,[1],"[2,2]",[[1]],FEASIBLE,FEASIBLE,null,0.003683000,0.011148000,1,1,5,4,False
300830,4,2,"[2,2,1,2]","[2,3]","[[0,1],[0,1],[0,1],[0,1]]",UNSAT,UNSAT,"[0,1,3]",0.025074000,0.042577000,5,7,8,14,False
300831,3,2,"[1,1,2]","[2,2]","[[0],[0,1],[0,1]]",FEASIBLE,FEASIBLE,null,0.015918000,0.031411000,4,4,7,10,False
300832,3,3,"[2,1,1]","[1,1,3]","[[0,1],[0,2],[0]]",UNSAT,UNSAT,"[0,2]",0.014494000,0.031826000,3,4,8,11,False
300833,3,1,"[1,1,1]",[2],"[[0],[0],[0]]",UNSAT,UNSAT,"[0,1,2]",0.011742000,0.026616000,2,3,6,7,False
300834,5,3,"[1,2,2,1,2]","[2,2,3]","[[1,2],[0,1,2],[1,2],[2],[0,2]]",UNSAT,UNSAT,"[0,1,2,3,4]",0.088312000,0.048787000,7,8,10,18,False
300835,3,4,"[3,1,1]","[2,2,1,3]","[[1,2,3],[3],[3]]",FEASIBLE,FEASIBLE,null,0.024848000,0.027355000,5,5,9,12,False
300836,1,4,[2],"[3,1,1,2]","[[1,2,3]]",FEASIBLE,FEASIBLE,null,0.004920000,0.018034000,2,2,7,8,False
300837,6,6,"[2,3,2,1,1,2]","[3,3,3,3,1,2]","[[0,1,3,4,5],[0,1,2,3,4,5],[0,1,3,4,5],[0,1,3,5],[0,1,3,4],[0,2,3,4,5]]",FEASIBLE,FEASIBLE,null,0.316393000,0.159618000,11,11,14,41,False
300838,6,2,"[1,1,1,2,2,1]","[1,1]","[[0],[0,1],[0,1],[0,1],[0,1],[0,1]]",UNSAT,UNSAT,"[0,3]",0.018800000,0.048563000,2,8,10,19,False
300839,4,3,"[1,2,2,3]","[1,1,1]","[[0,1,2],[0,1,2],[0,1],[0,1,2]]",UNSAT,UNSAT,"[0,3]",0.019026000,0.045633000,3,8,9,18,False
300840,2,5,"[1,1]","[2,1,3,3,3]","[[1,4],[0,1,3]]",FEASIBLE,FEASIBLE,null,0.013638000,0.020119000,2,2,9,12,False
300841,2,5,"[1,3]","[3,2,2,1,1]","[[0,1,2,3,4],[0,1,2,3,4]]",FEASIBLE,FEASIBLE,null,0.013244000,0.026477000,4,4,9,17,False
300842,5,1,"[1,1,1,1,1]",[2],"[[0],[0],[0],[0],[0]]",UNSAT,UNSAT,"[0,1,2]",0.021949000,0.033984000,2,5,8,11,False
300843,5,6,"[1,3,2,1,2]","[3,3,1,3,1,2]","[[1,2,4,5],[2,3,4,5],[0,1,2,3,4,5],[0,3],[3,5]]",FEASIBLE,FEASIBLE,null,0.153802000,0.058765000,9,9,13,29,False
300844,4,5,"[1,1,1,2]","[3,1,3,3,2]","[[1,3,4],[0],[3],[0,1,2,3]]",FEASIBLE,FEASIBLE,null,0.062761000,0.031675000,5,5,11,18,False
300845,1,2,[1],"[3,2]",[[1]],FEASIBLE,FEASIBLE,null,0.003853000,0.011284000,1,1,5,4,False
300846,3,3,"[2,3,1]","[1,1,3]","[[0,1],[0,1,2],[2]]",UNSAT,UNSAT,"[0,1]",0.012217000,0.035737000,4,6,8,12,False
300847,4,6,"[1,1,3,2]","[2,1,3,1,2,2]","[[4],[3],[2,3,4],[0,1,2,3,5]]",UNSAT,UNSAT,"[1,2]",0.037562000,0.045728000,6,7,12,20,False
300848,4,5,"[2,2,1,1]","[2,3,2,2,1]","[[0,2],[0,2],[0,1,3,4],[0,1,2,3,4]]",FEASIBLE,FEASIBLE,null,0.062092000,0.053111000,6,6,11,22,False
300849,2,2,"[1,1]","[3,1]","[[0,1],[0,1]]",FEASIBLE,FEASIBLE,null,0.008307000,0.016916000,2,2,6,8,False
300850,5,3,"[1,1,1,1,2]","[3,3,2]","[[1],[1],[0],[2],[0,2]]",FEASIBLE,FEASIBLE,null,0.097439000,0.118060000,6,6,10,14,False
300851,6,4,"[1,3,2,3,2,2]","[2,1,1,2]","[[1],[1,2,3],[0,1,3],[0,1,3],[2,3],[2,3]]",UNSAT,UNSAT,"[0,1]",0.023466000,0.059925000,6,13,12,24,False
300852,3,5,"[2,1,2]","[2,1,3,1,2]","[[2,4],[3,4],[0,1,2,3,4]]",FEASIBLE,FEASIBLE,null,0.028875000,0.029903000,5,5,10,17,False
300853,4,5,"[1,1,1,1]","[2,2,2,3,2]","[[4],[3,4],[0,2],[2]]",FEASIBLE,FEASIBLE,null,0.061228000,0.026697000,4,4,11,15,False
300854,2,4,"[1,1]","[2,2,2,1]","[[0,2,3],[2]]",FEASIBLE,FEASIBLE,null,0.011480000,0.017925000,2,2,8,10,False
300855,5,6,"[1,1,1,3,1]","[3,1,1,3,3,2]","[[5],[0,2],[0,4],[0,1,2,3,4,5],[1,4]]",FEASIBLE,FEASIBLE,null,0.149404000,0.040820000,7,7,13,24,False
300856,2,4,"[1,1]","[2,1,2,1]","[[0,3],[0,3]]",FEASIBLE,FEASIBLE,null,0.011690000,0.017580000,2,2,8,10,False
300857,4,2,"[2,1,2,1]","[1,1]","[[0,1],[1],[0,1],[0,1]]",UNSAT,UNSAT,"[0,1]",0.011390000,0.036542000,2,6,8,13,False
300858,4,2,"[1,1,1,1]","[1,1]","[[1],[1],[0,1],[0]]",UNSAT,UNSAT,"[0,1]",0.012564000,0.032918000,2,4,8,11,False
300859,2,5,"[1,2]","[1,1,2,2,2]","[[3],[0,1,2,3,4]]",FEASIBLE,FEASIBLE,null,0.028814000,0.024055000,3,3,9,13,False
300860,3,2,"[1,1,1]","[3,2]","[[1],[0,1],[1]]",FEASIBLE,FEASIBLE,null,0.015957000,0.019764000,3,3,7,9,False
300861,4,4,"[3,1,2,2]","[2,1,3,1]","[[0,1,2,3],[3],[0,1,2,3],[2,3]]",UNSAT,UNSAT,"[1,3]",0.029920000,0.046705000,7,8,10,19,False
300862,4,6,"[2,3,3,2]","[2,1,3,3,3,2]","[[0,1,2,3,4,5],[0,2,3],[1,2,3,4,5],[0,1,3,5]]",FEASIBLE,FEASIBLE,null,0.073009000,0.050849000,10,10,12,28,False
300863,4,6,"[3,3,2,1]","[3,1,2,2,2,2]","[[0,2,3,4,5],[1,2,3,4],[0,2,3,4,5],[3,4]]",FEASIBLE,FEASIBLE,null,0.072296000,0.049676000,9,9,12,26,False
300864,5,3,"[1,2,1,1,1]","[1,2,2]","[[2],[0,1],[0],[1],[0]]",UNSAT,UNSAT,"[1,2]",0.026652000,0.130429000,4,6,10,14,False
300865,6,6,"[1,3,2,1,3,1]","[1,3,1,1,3,2]","[[2,3],[0,1,2,3,4,5],[0,1,2,3,4,5],[5],[0,1,2,3,4,5],[5]]",FEASIBLE,FEASIBLE,null,0.312216000,0.079853000,11,11,14,34,False
300866,6,5,"[1,1,3,2,1,1]","[2,1,3,1,1]","[[2],[1,2,3,4],[0,1,4],[0,1,2,3],[1],[0,1,2,3]]",UNSAT,UNSAT,"[2,4]",0.065204000,0.076647000,8,9,13,28,False
300867,5,3,"[1,3,1,1,1]","[3,1,3]","[[2],[0,1,2],[2],[1],[2]]",UNSAT,UNSAT,"[1,3]",0.028990000,0.043135000,5,7,10,15,False
300868,6,5,"[2,2,2,3,1,2]","[2,1,2,3,2]","[[0,3],[0,1,2,3,4],[0,1,2,3,4],[1,2,3],[1,2,3,4],[0,1,2,4]]",UNSAT,UNSAT,"[0,1,2,3,5]",0.530361000,0.087297000,10,12,13,34,False
300869,5,1,"[1,1,1,1,1]",[3],"[[0],[0],[0],[0],[0]]",UNSAT,UNSAT,"[0,1,2,3]",0.036603000,0.035744000,3,5,8,11,False
300870,3,5,"[1,2,1]","[2,1,2,3,2]","[[0],[0,4],[0,2]]",FEASIBLE,FEASIBLE,null,0.030140000,0.026352000,4,4,10,13,False
300871,4,6,"[1,1,1,2]","[1,2,3,2,2,1]","[[2,5],[1,2,3,4,5],[0,1,2,3,4,5],[1,2]]",FEASIBLE,FEASIBLE,null,0.076248000,0.036385000,5,5,12,25,False
300872,1,4,[2],"[2,3,3,1]","[[0,1,2]]",FEASIBLE,FEASIBLE,null,0.005201000,0.017159000,2,2,7,8,False
300873,1,1,[1],[3],[[0]],FEASIBLE,FEASIBLE,null,0.003213000,0.010964000,1,1,4,3,False
300874,6,2,"[2,1,1,2,1,1]","[2,3]","[[0,1],[0],[0,1],[0,1],[0],[0,1]]",UNSAT,UNSAT,"[0,1,3]",0.047131000,0.051241000,5,8,10,18,False
300875,3,5,"[2,2,1]","[2,2,1,2,1]","[[0,1,2,3],[0,2,3,4],[3]]",FEASIBLE,FEASIBLE,null,0.030898000,0.032215000,5,5,10,17,False
300876,3,5,"[2,1,3]","[3,1,1,1,1]","[[0,1,2,3,4],[0],[0,2,3,4]]",FEASIBLE,FEASIBLE,null,0.030087000,0.033607000,6,6,10,18,False
300877,6,1,"[1,1,1,1,1,1]",[1],"[[0],[0],[0],[0],[0],[0]]",UNSAT,UNSAT,"[0,1]",0.011403000,0.134833000,1,6,9,13,False
300878,3,4,"[2,2,1]","[3,2,2,2]","[[0,1,2,3],[0,1,2,3],[3]]",FEASIBLE,FEASIBLE,null,0.026212000,0.033206000,5,5,9,16,False
300879,2,3,"[2,1]","[1,2,3]","[[0,1,2],[0]]",FEASIBLE,FEASIBLE,null,0.010118000,0.027826000,3,3,7,9,False
300880,2,3,"[1,2]","[1,2,1]","[[0],[0,1,2]]",FEASIBLE,FEASIBLE,null,0.010013000,0.021117000,3,3,7,9,False
300881,3,4,"[3,1,3]","[3,3,3,3]","[[0,1,2,3],[0,3],[0,1,2,3]]",FEASIBLE,FEASIBLE,null,0.025631000,0.034376000,7,7,9,17,False
300882,4,3,"[1,1,3,1]","[2,3,3]","[[0,1,2],[0,2],[0,1,2],[1]]",FEASIBLE,FEASIBLE,null,0.043089000,0.041497000,6,6,9,16,False
300883,2,3,"[1,2]","[3,1,2]","[[1],[0,2]]",FEASIBLE,FEASIBLE,null,0.010041000,0.019123000,3,3,7,8,False
300884,6,1,"[1,1,1,1,1,1]",[2],"[[0],[0],[0],[0],[0],[0]]",UNSAT,UNSAT,"[0,1,2]",0.030036000,0.043839000,2,6,9,13,False
300885,2,3,"[3,3]","[1,3,3]","[[0,1,2],[0,1,2]]",UNSAT,UNSAT,"[0,1]",0.010130000,0.036078000,5,6,7,11,False
300886,2,6,"[1,1]","[1,2,1,2,1,3]","[[1],[0,2,3,5]]",FEASIBLE,FEASIBLE,null,0.016119000,0.020656000,2,2,10,13,False
300887,2,4,"[1,1]","[3,2,3,3]","[[1,2,3],[0,1,2,3]]",FEASIBLE,FEASIBLE,null,0.012399000,0.020401000,2,2,8,13,False
300888,2,1,"[1,1]",[3],"[[0],[0]]",FEASIBLE,FEASIBLE,null,0.006637000,0.015099000,2,2,5,5,False
300889,1,2,[1],"[3,2]",[[1]],FEASIBLE,FEASIBLE,null,0.003912000,0.011706000,1,1,5,4,False
300890,2,1,"[1,1]",[2],"[[0],[0]]",FEASIBLE,FEASIBLE,null,0.006518000,0.015045000,2,2,5,5,False
300891,3,1,"[1,1,1]",[1],"[[0],[0],[0]]",UNSAT,UNSAT,"[0,1]",0.007638000,0.026705000,1,3,6,7,False
300892,6,1,"[1,1,1,1,1,1]",[1],"[[0],[0],[0],[0],[0],[0]]",UNSAT,UNSAT,"[0,1]",0.010993000,0.037927000,1,6,9,13,False
300893,4,3,"[2,2,1,1]","[3,3,2]","[[0,1,2],[0,1,2],[1],[0]]",FEASIBLE,FEASIBLE,null,0.043099000,0.031401000,6,6,9,15,False
300894,1,2,[1],"[3,2]",[[1]],FEASIBLE,FEASIBLE,null,0.003919000,0.011832000,1,1,5,4,False
300895,1,2,[1],"[3,2]",[[1]],FEASIBLE,FEASIBLE,null,0.003576000,0.011250000,1,1,5,4,False
300896,1,5,[2],"[2,2,2,2,3]","[[0,1,2,3,4]]",FEASIBLE,FEASIBLE,null,0.095806000,0.020110000,2,2,8,11,False
300897,6,4,"[3,1,1,1,2,3]","[1,3,3,1]","[[0,1,2],[0],[2],[0,1,2,3],[0,2,3],[0,1,3]]",UNSAT,UNSAT,"[0,1]",0.024037000,0.060310000,8,11,12,25,False
300898,3,6,"[1,1,1]","[2,1,1,3,3,1]","[[0,1,5],[2],[4]]",FEASIBLE,FEASIBLE,null,0.034891000,0.024079000,3,3,11,14,False
300899,3,2,"[1,2,2]","[1,2]","[[0],[0,1],[0,1]]",UNSAT,UNSAT,"[0,1]",0.009923000,0.046942000,3,5,7,10,False
300900,3,3,"[1,3,3]","[3,1,2]","[[2],[0,1,2],[0,1,2]]",UNSAT,UNSAT,"[1,2]",0.037753000,0.052770000,5,7,8,13,False
300901,4,1,"[1,1,1,1]",[1],"[[0],[0],[0],[0]]",UNSAT,UNSAT,"[0,1]",0.008891000,0.031124000,1,4,7,9,False
300902,4,1,"[1,1,1,1]",[3],"[[0],[0],[0],[0]]",UNSAT,UNSAT,"[0,1,2,3]",0.022568000,0.033679000,3,4,7,9,False
300903,3,6,"[2,3,2]","[2,2,1,3,2,2]","[[0,1,2,4,5],[0,1,2,3,4,5],[0,1,2,3,4,5]]",FEASIBLE,FEASIBLE,null,0.039969000,0.054734000,7,7,11,26,False
300904,4,6,"[3,3,1,2]","[1,1,1,3,1,1]","[[0,1,2,3,4],[0,1,2],[5],[0,2,3,4,5]]",UNSAT,UNSAT,"[0,1]",0.023324000,0.077742000,7,9,12,24,False
300905,1,1,[1],[3],[[0]],FEASIBLE,FEASIBLE,null,0.003281000,0.011320000,1,1,4,3,False
300906,4,5,"[2,2,1,1]","[2,3,1,2,1]","[[0,1,2,4],[0,1],[2],[0]]",FEASIBLE,FEASIBLE,null,0.061863000,0.042763000,6,6,11,17,False
300907,3,5,"[1,1,1]","[2,2,2,2,1]","[[0,2,4],[1],[3]]",FEASIBLE,FEASIBLE,null,0.029179000,0.023077000,3,3,10,13,False
300908,2,2,"[2,1]","[2,1]","[[0,1],[0,1]]",FEASIBLE,FEASIBLE,null,0.012506000,0.019271000,3,3,6,8,False
300909,3,6,"[2,1,1]","[1,3,2,3,3,2]","[[2,3,4],[0,1,2,3,4,5],[0,1,3,4,5]]",FEASIBLE,FEASIBLE,null,0.034233000,0.034242000,4,4,11,23,False
300910,5,2,"[1,1,1,1,1]","[3,1]","[[0],[0],[0,1],[1],[1]]",UNSAT,UNSAT,"[3,4]",0.029903000,0.143093000,4,5,9,13,False
300911,6,2,"[1,1,1,1,1,1]","[3,2]","[[0,1],[0,1],[0],[0,1],[0,1],[0,1]]",UNSAT,UNSAT,"[0,1,2,3,4,5]",0.132681000,0.050473000,5,6,10,19,False
300912,3,2,"[1,1,1]","[3,3]","[[0],[1],[0]]",FEASIBLE,FEASIBLE,null,0.016898000,0.019911000,3,3,7,8,False
300913,2,2,"[1,2]","[3,3]","[[1],[0,1]]",FEASIBLE,FEASIBLE,null,0.008269000,0.018352000,3,3,6,7,False
300914,1,6,[3],"[3,1,3,3,1,1]","[[0,1,4,5]]",FEASIBLE,FEASIBLE,null,0.006061000,0.020198000,3,3,9,11,False
300915,2,2,"[1,1]","[3,3]","[[1],[1]]",FEASIBLE,FEASIBLE,null,0.008185000,0.015364000,2,2,6,6,False
300916,2,2,"[1,1]","[1,1]","[[0],[1]]",FEASIBLE,FEASIBLE,null,0.007961000,0.015343000,2,2,6,6,False
300917,2,1,"[1,1]",[1],"[[0],[0]]",UNSAT,UNSAT,"[0,1]",0.006139000,0.021950000,1,2,5,5,False
300918,2,4,"[1,2]","[3,1,1,2]","[[0],[0,3]]",FEASIBLE,FEASIBLE,null,0.011727000,0.019367000,3,3,8,9,False
300919,1,1,[1],[3],[[0]],FEASIBLE,FEASIBLE,null,0.002967000,0.010627000,1,1,4,3,False
300920,2,6,"[1,1]","[3,1,3,3,3,3]","[[2],[1]]",FEASIBLE,FEASIBLE,null,0.014782000,0.017590000,2,2,10,10,False
300921,1,3,[2],"[1,3,2]","[[0,1]]",FEASIBLE,FEASIBLE,null,0.006662000,0.014866000,2,2,6,6,False
300922,4,4,"[1,2,1,1]","[2,3,1,2]","[[0,1,2,3],[2,3],[0],[1]]",FEASIBLE,FEASIBLE,null,0.052516000,0.028972000,5,5,10,16,False
300923,4,5,"[1,1,3,3]","[1,3,3,3,1]","[[0,1,2,3,4],[4],[0,2,3,4],[0,1,2,3,4]]",FEASIBLE,FEASIBLE,null,0.062451000,0.054009000,8,8,11,24,False
300924,3,1,"[1,1,1]",[1],"[[0],[0],[0]]",UNSAT,UNSAT,"[0,1]",0.007241000,0.026126000,1,3,6,7,False
300925,1,5,[2],"[2,1,2,3,3]","[[0,2,3,4]]",FEASIBLE,FEASIBLE,null,0.005533000,0.017461000,2,2,8,10,False
300926,4,6,"[1,2,1,1]","[2,2,1,3,3,1]","[[0,1,4,5],[0,1,2,4,5],[5],[4]]",FEASIBLE,FEASIBLE,null,0.071853000,0.034545000,5,5,12,21,False
300927,4,3,"[1,1,1,1]","[3,1,3]","[[0],[0,1,2],[2],[2]]",FEASIBLE,FEASIBLE,null,0.042021000,0.025152000,4,4,9,13,False
300928,3,4,"[2,3,1]","[2,2,1,2]","[[0,2],[0,1,2,3],[3]]",FEASIBLE,FEASIBLE,null,0.024855000,0.126441000,6,6,9,14,False
300929,3,5,"[2,3,1]","[2,2,1,2,2]","[[1,2],[0,2,3],[0]]",UNSAT,UNSAT,"[0,1]",0.017079000,0.037941000,5,6,10,14,False
300930,2,6,"[2,2]","[1,3,3,2,2,2]","[[0,1,2,3,4,5],[0,1,2,3,4]]",FEASIBLE,FEASIBLE,null,0.015419000,0.029620000,4,4,10,19,False
300931,2,4,"[1,1]","[2,1,3,1]","[[3],[1,2]]",FEASIBLE,FEASIBLE,null,0.011885000,0.017719000,2,2,8,9,False
300932,4,6,"[3,2,1,3]","[1,1,1,3,2,3]","[[0,1,2,3,5],[0,1,2,4,5],[3],[1,2,3,5]]",FEASIBLE,FEASIBLE,null,0.072735000,0.057997000,9,9,12,25,False
300933,6,6,"[1,3,1,3,1,2]","[2,3,1,3,3,1]","[[1,5],[0,1,2,3,4,5],[3,4,5],[0,1,2,3,4,5],[3,4],[3,4]]",FEASIBLE,FEASIBLE,null,0.314816000,0.068222000,11,11,14,33,False
300934,1,6,[2],"[2,3,1,1,3,2]","[[1,4]]",FEASIBLE,FEASIBLE,null,0.006035000,0.016805000,2,2,9,9,False
300935,3,4,"[1,2,2]","[3,2,2,1]","[[0,1,2],[0,1,3],[0,1,2,3]]",FEASIBLE,FEASIBLE,null,0.025027000,0.029233000,5,5,9,17,False
300936,3,2,"[1,2,1]","[1,3]","[[0,1],[0,1],[1]]",FEASIBLE,FEASIBLE,null,0.016323000,0.031257000,4,4,7,10,False
300937,3,6,"[1,2,1]","[1,3,2,2,3,1]","[[0,4],[3,5],[3]]",FEASIBLE,FEASIBLE,null,0.033052000,0.025075000,4,4,11,14,False
300938,4,5,"[1,3,1,2]","[1,3,1,3,2]","[[2,3],[0,1,2,3,4],[3],[1,2]]",FEASIBLE,FEASIBLE,null,0.063090000,0.055935000,7,7,11,19,False
300939,5,5,"[1,1,1,3,1]","[3,2,1,1,2]","[[4],[0,1,2,3],[0,3],[0,2,3,4],[0,1,2,3,4]]",FEASIBLE,FEASIBLE,null,0.130349000,0.041568000,7,7,12,26,False
300940,5,6,"[1,3,1,2,2]","[2,1,1,1,2,2]","[[0,1,2,4,5],[1,2,3,4],[4],[0,3,5],[0,2,3,5]]",FEASIBLE,FEASIBLE,null,0.177004000,0.101691000,9,9,13,28,False
300941,6,6,"[2,1,1,1,3,2]","[2,1,1,1,1,3]","[[0,1,2,4,5],[1,4,5],[4],[1,2,3,4,5],[1,2,3,4,5],[1,2,3,4,5]]",UNSAT,UNSAT,"[0,1,2,4,5]",0.291934000,0.210337000,8,10,14,36,False
300942,2,1,"[1,1]",[1],"[[0],[0]]",UNSAT,UNSAT,"[0,1]",0.006417000,0.022731000,1,2,5,5,False
300943,2,6,"[1,2]","[1,3,1,3,1,1]","[[4],[0,1,2,3,4,5]]",FEASIBLE,FEASIBLE,null,0.015556000,0.024531000,3,3,10,15,False
300944,1,3,[1],"[3,1,1]","[[0,1]]",FEASIBLE,FEASIBLE,null,0.004506000,0.013269000,1,1,6,6,False
300945,2,2,"[2,2]","[1,3]","[[0,1],[0,1]]",UNSAT,UNSAT,"[0,1]",0.007938000,0.028556000,3,4,6,8,False
300946,6,5,"[1,1,2,1,2,3]","[2,2,3,3,1]","[[1,3,4],[1,2],[0,2,3,4],[1,2],[0,1,2],[0,1,2]]",FEASIBLE,FEASIBLE,null,0.272161000,0.066142000,10,10,13,28,False
300947,5,6,"[1,3,2,1,3]","[2,3,3,3,3,2]","[[1],[0,1,2,3,4],[0,1,4,5],[0,1,3,4,5],[0,1,2,3,4,5]]",FEASIBLE,FEASIBLE,null,0.173270000,0.053319000,10,10,13,32,False
300948,1,4,[1],"[2,2,1,2]",[[3]],FEASIBLE,FEASIBLE,null,0.004877000,0.012773000,1,1,7,6,False
300949,2,4,"[3,2]","[1,3,1,2]","[[0,2,3],[0,3]]",UNSAT,UNSAT,"[0,1]",0.011626000,0.032540000,4,5,8,11,False
300950,2,5,"[1,2]","[3,2,3,3,2]","[[1,2,3],[1,2]]",FEASIBLE,FEASIBLE,null,0.013416000,0.021457000,3,3,9,12,False
300951,5,6,"[2,1,3,2,1]","[2,1,3,1,2,3]","[[1,5],[1,4,5],[0,2,4,5],[0,1,2,3],[2,3,5]]",FEASIBLE,FEASIBLE,null,0.151993000,0.047530000,9,9,13,27,False
300952,4,6,"[1,2,2,1]","[1,1,3,3,3,1]","[[0,1,2,3,5],[2,5],[0,2,4,5],[1,4]]",FEASIBLE,FEASIBLE,null,0.073221000,0.036491000,6,6,12,23,False
300953,2,6,"[2,3]","[1,2,2,3,1,3]","[[0,1,2,3,4,5],[0,1,3,5]]",FEASIBLE,FEASIBLE,null,0.015298000,0.030854000,5,5,10,18,False
300954,1,4,[1],"[3,1,3,1]",[[2]],FEASIBLE,FEASIBLE,null,0.005137000,0.012523000,1,1,7,6,False
300955,5,3,"[1,1,1,2,2]","[2,3,2]","[[1],[0,2],[1,2],[0,1,2],[1,2]]",FEASIBLE,FEASIBLE,null,0.086891000,0.153432000,7,7,10,18,False
300956,4,3,"[2,3,2,1]","[2,3,1]","[[1,2],[0,1,2],[1,2],[2]]",UNSAT,UNSAT,"[0,1]",0.014808000,0.043704000,5,8,9,15,False
300957,4,6,"[2,1,1,1]","[2,1,2,1,3,2]","[[0,2,5],[0,1,2,3,5],[2],[0,3]]",FEASIBLE,FEASIBLE,null,0.074274000,0.035055000,5,5,12,21,False
300958,5,4,"[3,1,1,2,1]","[3,3,3,1]","[[1,2,3],[0],[0,2],[0,1,2,3],[2]]",FEASIBLE,FEASIBLE,null,0.124214000,0.038735000,8,8,11,20,False
300959,2,4,"[1,2]","[1,2,1,2]","[[2],[0,1,2,3]]",FEASIBLE,FEASIBLE,null,0.011742000,0.021131000,3,3,8,11,False
300960,6,6,"[3,1,3,2,2,2]","[2,3,1,3,3,1]","[[0,1,2,3,4,5],[3],[0,1,2,3,4,5],[1,2,4,5],[1,3,4,5],[4,5]]",FEASIBLE,FEASIBLE,null,0.323223000,0.061707000,13,13,14,35,False
300961,5,4,"[1,2,1,2,2]","[3,2,2,3]","[[0],[0,1,2,3],[0,3],[0,1,2,3],[1,2,3]]",FEASIBLE,FEASIBLE,null,0.107992000,0.042322000,8,8,11,23,False
300962,3,6,"[3,1,2]","[3,1,3,1,2,2]","[[0,1,2,5],[5],[1,4]]",FEASIBLE,FEASIBLE,null,0.035215000,0.041292000,6,6,11,16,False
300963,4,6,"[2,3,2,2]","[3,2,2,2,3,1]","[[0,2,4,5],[1,2,3,4,5],[1,5],[0,1,3,4,5]]",FEASIBLE,FEASIBLE,null,0.075533000,0.045657000,9,9,12,26,False
300964,2,6,"[3,3]","[2,2,1,3,1,3]","[[0,1,2,3,4,5],[0,1,2,3,4,5]]",FEASIBLE,FEASIBLE,null,0.015849000,0.034675000,6,6,10,20,False
300965,1,1,[1],[2],[[0]],FEASIBLE,FEASIBLE,null,0.003340000,0.010955000,1,1,4,3,False
300966,4,5,"[1,2,3,1]","[1,1,1,3,1]","[[2],[0,1,2,3,4],[0,1,2,3],[0,1,2,3,4]]",FEASIBLE,FEASIBLE,null,0.063638000,0.057200000,7,7,11,24,False
300967,3,2,"[1,1,1]","[2,2]","[[1],[1],[1]]",UNSAT,UNSAT,"[0,1,2]",0.016802000,0.030449000,2,3,7,8,False
300968,1,3,[1],"[3,2,2]",[[2]],FEASIBLE,FEASIBLE,null,0.004271000,0.107025000,1,1,6,5,False
300969,3,2,"[1,1,2]","[1,1]","[[0,1],[0],[0,1]]",UNSAT,UNSAT,"[0,2]",0.011807000,0.032449000,2,4,7,10,False
300970,3,4,"[1,2,3]","[2,3,3,3]","[[3],[0,1,2,3],[0,1,2,3]]",FEASIBLE,FEASIBLE,null,0.025248000,0.031676000,6,6,9,16,False
300971,4,6,"[3,2,3,2]","[1,2,1,2,1,3]","[[0,1,2,3,5],[3,4],[1,3,4,5],[3,4]]",UNSAT,UNSAT,"[1,3]",0.042568000,0.056301000,8,10,12,23,False
300972,6,6,"[1,2,3,3,2,1]","[1,1,2,3,1,2]","[[2,4],[1,2,4,5],[0,1,2,3,5],[0,1,2,3,5],[2,4],[2,3,5]]",UNSAT,UNSAT,"[1,2,3,4]",0.273522000,0.077952000,10,12,14,33,False
300973,3,6,"[2,3,2]","[1,3,1,3,3,3]","[[0,1,2,3,4,5],[0,2,3,5],[3,4]]",FEASIBLE,FEASIBLE,null,0.035207000,0.037736000,7,7,11,21,False
300974,4,3,"[1,1,2,2]","[2,3,2]","[[0,2],[1],[0,1],[0,1,2]]",FEASIBLE,FEASIBLE,null,0.044154000,0.031951000,6,6,9,15,False
300975,6,6,"[1,2,1,1,2,1]","[1,2,3,2,2,3]","[[0],[0,1,3,4],[0,1,2,3,5],[0,1,2,3,4,5],[0,1,2,3,4],[0,1,2,3,4,5]]",FEASIBLE,FEASIBLE,null,0.325904000,0.057377000,8,8,14,39,False
300976,3,6,"[2,1,1]","[1,3,3,3,3,1]","[[1,2,3,4],[4],[4,5]]",FEASIBLE,FEASIBLE,null,0.048536000,0.028234000,4,4,11,16,False
300977,1,1,[1],[2],[[0]],FEASIBLE,FEASIBLE,null,0.003187000,0.010967000,1,1,4,3,False
300978,3,1,"[1,1,1]",[1],"[[0],[0],[0]]",UNSAT,UNSAT,"[0,1]",0.007347000,0.026441000,1,3,6,7,False
300979,6,4,"[3,1,2,1,2,2]","[2,1,3,1]","[[0,1,2,3],[0,2],[0,3],[0,1,2,3],[0,1],[1,2]]",UNSAT,UNSAT,"[4,5]",0.069100000,0.064533000,7,11,12,26,False
300980,3,4,"[2,3,1]","[2,2,3,2]","[[0,1,2,3],[0,1,2,3],[0,1,2,3]]",FEASIBLE,FEASIBLE,null,0.025110000,0.040240000,6,6,9,19,False
300981,2,2,"[2,1]","[1,3]","[[0,1],[0,1]]",FEASIBLE,FEASIBLE,null,0.009700000,0.113277000,3,3,6,8,False
300982,2,1,"[1,1]",[1],"[[0],[0]]",UNSAT,UNSAT,"[0,1]",0.006410000,0.022566000,1,2,5,5,False
300983,2,2,"[1,1]","[3,3]","[[0,1],[1]]",FEASIBLE,FEASIBLE,null,0.008132000,0.016408000,2,2,6,7,False
300984,2,1,"[1,1]",[3],"[[0],[0]]",FEASIBLE,FEASIBLE,null,0.006103000,0.015010000,2,2,5,5,False
300985,3,6,"[1,1,1]","[3,3,1,1,1,2]","[[1,2],[0,1,3],[1,3]]",FEASIBLE,FEASIBLE,null,0.035004000,0.024627000,3,3,11,16,False
300986,4,3,"[1,1,1,1]","[2,3,3]","[[1],[1,2],[0,2],[0,1]]",FEASIBLE,FEASIBLE,null,0.044115000,0.026369000,4,4,9,14,False
300987,1,4,[3],"[3,1,1,1]","[[0,1,2,3]]",FEASIBLE,FEASIBLE,null,0.004998000,0.019448000,3,3,7,9,False
300988,1,3,[1],"[3,3,2]","[[0,2]]",FEASIBLE,FEASIBLE,null,0.004414000,0.012609000,1,1,6,6,False
300989,6,4,"[2,3,1,2,1,1]","[1,2,2,3]","[[0,2],[0,1,2,3],[1],[2,3],[0,3],[0,1,2]]",UNSAT,UNSAT,"[0,1,3]",0.077904000,0.061891000,8,10,12,24,False
300990,5,4,"[3,1,1,2,1]","[1,1,2,3]","[[0,1,2],[0,1,2,3],[1,3],[0,1,3],[0,1,2,3]]",UNSAT,UNSAT,"[0,3]",0.027616000,0.058276000,7,8,11,25,False
300991,3,3,"[1,1,1]","[2,1,1]","[[0,1],[1],[1,2]]",FEASIBLE,FEASIBLE,null,0.021129000,0.022980000,3,3,8,11,False
300992,6,2,"[2,1,2,1,1,2]","[1,2]","[[0,1],[1],[0,1],[0,1],[0,1],[0,1]]",UNSAT,UNSAT,"[0,2]",0.017178000,0.050509000,3,9,10,19,False
300993,4,3,"[2,2,1,1]","[3,1,2]","[[0,2],[1,2],[0,2],[0,1]]",FEASIBLE,FEASIBLE,null,0.043495000,0.031388000,6,6,9,15,False
300994,6,1,"[1,1,1,1,1,1]",[2],"[[0],[0],[0],[0],[0],[0]]",UNSAT,UNSAT,"[0,1,2]",0.030618000,0.039858000,2,6,9,13,False
300995,3,4,"[2,2,1]","[1,1,1,3]","[[0,2,3],[0,1,2,3],[0,1,3]]",FEASIBLE,FEASIBLE,null,0.025696000,0.036522000,5,5,9,17,False
300996,5,3,"[2,2,1,3,3]","[1,1,1]","[[0,1],[0,1],[0],[0,1,2],[0,1,2]]",UNSAT,UNSAT,"[0,1]",0.016845000,0.051918000,3,11,10,19,False
300997,5,1,"[1,1,1,1,1]",[2],"[[0],[0],[0],[0],[0]]",UNSAT,UNSAT,"[0,1,2]",0.023052000,0.127800000,2,5,8,11,False
300998,3,1,"[1,1,1]",[2],"[[0],[0],[0]]",UNSAT,UNSAT,"[0,1,2]",0.011725000,0.027484000,2,3,6,7,False
300999,2,1,"[1,1]",[2],"[[0],[0]]",FEASIBLE,FEASIBLE,null,0.006094000,0.015223000,2,2,5,5,False
